INFO 2026-05-23 16:46:18,662 autoreload 22404 28908 Watching for file changes with StatReloader
INFO 2026-05-23 16:46:18,662 autoreload 10544 34116 Watching for file changes with StatReloader
INFO 2026-05-23 16:46:31,112 autoreload 22404 28908 C:\Users\Taha\Desktop\CURSORAGRI - Copy\agri_dashboard\settings.py changed, reloading.
INFO 2026-05-23 16:46:31,123 autoreload 10544 34116 C:\Users\Taha\Desktop\CURSORAGRI - Copy\agri_dashboard\settings.py changed, reloading.
INFO 2026-05-23 16:46:31,524 autoreload 9188 9716 Watching for file changes with StatReloader
INFO 2026-05-23 16:46:31,526 autoreload 30412 37180 Watching for file changes with StatReloader
INFO 2026-05-23 16:51:37,139 autoreload 30412 37180 C:\Users\Taha\Desktop\CURSORAGRI - Copy\agri_dashboard\settings.py changed, reloading.
INFO 2026-05-23 16:51:37,513 autoreload 22204 26552 Watching for file changes with StatReloader
INFO 2026-05-23 16:52:10,198 autoreload 32712 15004 Watching for file changes with StatReloader
INFO 2026-05-23 17:10:29,869 autoreload 21744 14216 Watching for file changes with StatReloader
INFO 2026-05-23 21:46:09,720 autoreload 3084 2708 Watching for file changes with StatReloader
WARNING 2026-05-23 21:47:21,338 log 21744 32012 Not Found: /favicon.ico
WARNING 2026-05-23 21:49:04,456 log 21744 22316 Not Found: /favicon.ico
INFO 2026-05-23 22:12:35,590 autoreload 3084 2708 C:\Users\Taha\Desktop\CURSORAGRI - Copy\dashboard\views.py changed, reloading.
INFO 2026-05-23 22:12:36,537 autoreload 21744 14216 C:\Users\Taha\Desktop\CURSORAGRI - Copy\dashboard\views.py changed, reloading.
INFO 2026-05-23 22:12:37,137 autoreload 18272 29104 Watching for file changes with StatReloader
INFO 2026-05-23 22:12:38,300 autoreload 32420 32452 Watching for file changes with StatReloader
INFO 2026-05-23 22:13:34,081 autoreload 18272 29104 C:\Users\Taha\Desktop\CURSORAGRI - Copy\dashboard\urls.py changed, reloading.
INFO 2026-05-23 22:13:34,727 autoreload 32420 32452 C:\Users\Taha\Desktop\CURSORAGRI - Copy\dashboard\urls.py changed, reloading.
INFO 2026-05-23 22:13:35,659 autoreload 10360 35016 Watching for file changes with StatReloader
INFO 2026-05-23 22:13:36,419 autoreload 4844 27444 Watching for file changes with StatReloader
INFO 2026-05-23 22:14:03,995 autoreload 10360 35016 C:\Users\Taha\Desktop\CURSORAGRI - Copy\dashboard\urls.py changed, reloading.
INFO 2026-05-23 22:14:04,279 autoreload 4844 27444 C:\Users\Taha\Desktop\CURSORAGRI - Copy\dashboard\urls.py changed, reloading.
INFO 2026-05-23 22:14:05,649 autoreload 5888 5844 Watching for file changes with StatReloader
INFO 2026-05-23 22:14:05,988 autoreload 28612 32320 Watching for file changes with StatReloader
INFO 2026-05-23 22:15:30,413 autoreload 27288 30024 Watching for file changes with StatReloader
ERROR 2026-05-23 22:15:48,625 log 27288 26380 Internal Server Error: /data-ingestion/
Traceback (most recent call last):
  File "C:\Users\Taha\AppData\Local\Programs\Python\Python311\Lib\site-packages\django\core\handlers\exception.py", line 55, in inner
    response = get_response(request)
               ^^^^^^^^^^^^^^^^^^^^^
  File "C:\Users\Taha\AppData\Local\Programs\Python\Python311\Lib\site-packages\django\core\handlers\base.py", line 197, in _get_response
    response = wrapped_callback(request, *callback_args, **callback_kwargs)
               ^^^^^^^^^^^^^^^^^^^^^^^^^^^^^^^^^^^^^^^^^^^^^^^^^^^^^^^^^^^^
  File "C:\Users\Taha\AppData\Local\Programs\Python\Python311\Lib\contextlib.py", line 81, in inner
    return func(*args, **kwds)
           ^^^^^^^^^^^^^^^^^^^
  File "C:\Users\Taha\Desktop\CURSORAGRI - Copy\dashboard\views.py", line 287, in data_ingestion
    'recent_imports': DataImportLog.objects.select_related('created_by').order_by('-created_at')[:5],
                      ^^^^^^^^^^^^^^^^^^^^^^^^^^^^^^^^^^^^^^^^^^^^^^^^^^^^^^^^^^^^^^^^^^^^^^^^^^
  File "C:\Users\Taha\AppData\Local\Programs\Python\Python311\Lib\site-packages\django\db\models\query.py", line 1659, in order_by
    obj.query.add_ordering(*field_names)
  File "C:\Users\Taha\AppData\Local\Programs\Python\Python311\Lib\site-packages\django\db\models\sql\query.py", line 2174, in add_ordering
    self.names_to_path(item.split(LOOKUP_SEP), self.model._meta)
  File "C:\Users\Taha\AppData\Local\Programs\Python\Python311\Lib\site-packages\django\db\models\sql\query.py", line 1677, in names_to_path
    raise FieldError(
django.core.exceptions.FieldError: Cannot resolve keyword 'created_at' into field. Choices are: filename, id, import_date, imported_by, metric_type, notes, records_imported, source, status
INFO 2026-05-23 22:16:24,053 autoreload 5888 5844 C:\Users\Taha\Desktop\CURSORAGRI - Copy\dashboard\views.py changed, reloading.
INFO 2026-05-23 22:16:24,069 autoreload 28612 32320 C:\Users\Taha\Desktop\CURSORAGRI - Copy\dashboard\views.py changed, reloading.
INFO 2026-05-23 22:16:24,393 autoreload 27288 30024 C:\Users\Taha\Desktop\CURSORAGRI - Copy\dashboard\views.py changed, reloading.
INFO 2026-05-23 22:16:25,942 autoreload 35708 8156 Watching for file changes with StatReloader
INFO 2026-05-23 22:16:25,962 autoreload 20532 23812 Watching for file changes with StatReloader
INFO 2026-05-23 22:16:26,278 autoreload 18852 20844 Watching for file changes with StatReloader
INFO 2026-05-24 22:08:04,906 autoreload 15396 9744 Watching for file changes with StatReloader
WARNING 2026-05-24 22:08:38,211 log 15396 5920 Not Found: /favicon.ico
INFO 2026-05-24 23:11:38,658 autoreload 33228 27696 Watching for file changes with StatReloader
WARNING 2026-05-24 23:14:22,086 log 33228 18040 Not Found: /favicon.ico
WARNING 2026-05-24 23:19:35,075 log 33228 2032 Not Found: /favicon.ico
INFO 2026-05-24 23:25:07,124 autoreload 33228 27696 C:\Users\Taha\Desktop\CURSORAGRI - Copy\dashboard\models.py changed, reloading.
INFO 2026-05-24 23:25:08,254 autoreload 16936 21872 Watching for file changes with StatReloader
INFO 2026-05-24 23:26:08,777 autoreload 16936 21872 C:\Users\Taha\Desktop\CURSORAGRI - Copy\dashboard\urls.py changed, reloading.
INFO 2026-05-24 23:26:09,605 autoreload 19700 21788 Watching for file changes with StatReloader
INFO 2026-05-24 23:35:54,637 autoreload 19700 21788 C:\Users\Taha\Desktop\CURSORAGRI - Copy\dashboard\views.py changed, reloading.
INFO 2026-05-24 23:35:55,697 autoreload 35744 38264 Watching for file changes with StatReloader
WARNING 2026-05-24 23:39:14,098 log 35744 22060 Not Found: /metrics/
WARNING 2026-05-24 23:43:41,735 log 35744 30056 Not Found: /metrics/
WARNING 2026-05-24 23:43:42,640 log 35744 30056 Not Found: /metrics/
WARNING 2026-05-24 23:47:40,352 log 35744 13296 Not Found: /metrics/
ERROR 2026-05-25 00:00:13,632 log 35744 13296 Internal Server Error: /api/live-metrics/
Traceback (most recent call last):
  File "C:\Users\Taha\AppData\Local\Programs\Python\Python311\Lib\site-packages\django\core\handlers\exception.py", line 55, in inner
    response = get_response(request)
               ^^^^^^^^^^^^^^^^^^^^^
  File "C:\Users\Taha\AppData\Local\Programs\Python\Python311\Lib\site-packages\django\core\handlers\base.py", line 197, in _get_response
    response = wrapped_callback(request, *callback_args, **callback_kwargs)
               ^^^^^^^^^^^^^^^^^^^^^^^^^^^^^^^^^^^^^^^^^^^^^^^^^^^^^^^^^^^^
  File "C:\Users\Taha\AppData\Local\Programs\Python\Python311\Lib\contextlib.py", line 81, in inner
    return func(*args, **kwds)
           ^^^^^^^^^^^^^^^^^^^
  File "C:\Users\Taha\Desktop\CURSORAGRI - Copy\dashboard\views.py", line 188, in live_metrics_api
    with urlopen(api_url, timeout=10) as response:
         ^^^^^^^^^^^^^^^^^^^^^^^^^^^^
  File "C:\Users\Taha\AppData\Local\Programs\Python\Python311\Lib\urllib\request.py", line 216, in urlopen
    return opener.open(url, data, timeout)
           ^^^^^^^^^^^^^^^^^^^^^^^^^^^^^^^
  File "C:\Users\Taha\AppData\Local\Programs\Python\Python311\Lib\urllib\request.py", line 519, in open
    response = self._open(req, data)
               ^^^^^^^^^^^^^^^^^^^^^
  File "C:\Users\Taha\AppData\Local\Programs\Python\Python311\Lib\urllib\request.py", line 536, in _open
    result = self._call_chain(self.handle_open, protocol, protocol +
             ^^^^^^^^^^^^^^^^^^^^^^^^^^^^^^^^^^^^^^^^^^^^^^^^^^^^^^^
  File "C:\Users\Taha\AppData\Local\Programs\Python\Python311\Lib\urllib\request.py", line 496, in _call_chain
    result = func(*args)
             ^^^^^^^^^^^
  File "C:\Users\Taha\AppData\Local\Programs\Python\Python311\Lib\urllib\request.py", line 1391, in https_open
    return self.do_open(http.client.HTTPSConnection, req,
           ^^^^^^^^^^^^^^^^^^^^^^^^^^^^^^^^^^^^^^^^^^^^^^
  File "C:\Users\Taha\AppData\Local\Programs\Python\Python311\Lib\urllib\request.py", line 1352, in do_open
    r = h.getresponse()
        ^^^^^^^^^^^^^^^
  File "C:\Users\Taha\AppData\Local\Programs\Python\Python311\Lib\http\client.py", line 1378, in getresponse
    response.begin()
  File "C:\Users\Taha\AppData\Local\Programs\Python\Python311\Lib\http\client.py", line 318, in begin
    version, status, reason = self._read_status()
                              ^^^^^^^^^^^^^^^^^^^
  File "C:\Users\Taha\AppData\Local\Programs\Python\Python311\Lib\http\client.py", line 279, in _read_status
    line = str(self.fp.readline(_MAXLINE + 1), "iso-8859-1")
               ^^^^^^^^^^^^^^^^^^^^^^^^^^^^^^
  File "C:\Users\Taha\AppData\Local\Programs\Python\Python311\Lib\socket.py", line 706, in readinto
    return self._sock.recv_into(b)
           ^^^^^^^^^^^^^^^^^^^^^^^
  File "C:\Users\Taha\AppData\Local\Programs\Python\Python311\Lib\ssl.py", line 1311, in recv_into
    return self.read(nbytes, buffer)
           ^^^^^^^^^^^^^^^^^^^^^^^^^
  File "C:\Users\Taha\AppData\Local\Programs\Python\Python311\Lib\ssl.py", line 1167, in read
    return self._sslobj.read(len, buffer)
           ^^^^^^^^^^^^^^^^^^^^^^^^^^^^^^
TimeoutError: The read operation timed out
ERROR 2026-05-25 00:08:20,801 log 35744 13296 Bad Gateway: /api/live-metrics/
ERROR 2026-05-25 00:08:30,739 log 35744 17308 Bad Gateway: /api/live-metrics/
INFO 2026-05-25 09:12:51,311 autoreload 36572 35560 Watching for file changes with StatReloader
WARNING 2026-05-25 09:12:57,704 log 36572 34292 Not Found: /favicon.ico
WARNING 2026-05-25 09:24:01,593 log 36572 33432 Not Found: /metrics/
INFO 2026-05-25 09:39:47,449 autoreload 36572 35560 C:\Users\Taha\Desktop\CURSORAGRI - Copy\dashboard\views.py changed, reloading.
INFO 2026-05-25 09:39:48,392 autoreload 11840 2820 Watching for file changes with StatReloader
INFO 2026-05-25 09:40:16,530 autoreload 11840 2820 C:\Users\Taha\Desktop\CURSORAGRI - Copy\dashboard\urls.py changed, reloading.
INFO 2026-05-25 09:40:17,332 autoreload 15224 36916 Watching for file changes with StatReloader
INFO 2026-05-25 09:40:48,475 autoreload 15224 36916 C:\Users\Taha\Desktop\CURSORAGRI - Copy\dashboard\urls.py changed, reloading.
INFO 2026-05-25 09:40:49,284 autoreload 33828 6052 Watching for file changes with StatReloader
INFO 2026-05-25 19:08:02,611 autoreload 33828 6052 C:\Users\Taha\Desktop\CURSORAGRI - Copy\dashboard\urls.py changed, reloading.
INFO 2026-05-25 19:08:04,699 autoreload 33824 27996 Watching for file changes with StatReloader
WARNING 2026-05-25 19:12:33,795 log 33824 22216 Not Found: /metrics/
WARNING 2026-05-25 19:24:46,301 log 33824 39276 Not Found: /metrics/
INFO 2026-05-25 20:23:11,517 autoreload 33824 27996 C:\Users\Taha\Desktop\CURSORAGRI - Copy\dashboard\views.py changed, reloading.
INFO 2026-05-25 20:23:12,511 autoreload 16132 30620 Watching for file changes with StatReloader
INFO 2026-05-25 20:23:34,348 autoreload 16132 30620 C:\Users\Taha\Desktop\CURSORAGRI - Copy\dashboard\urls.py changed, reloading.
INFO 2026-05-25 20:23:35,203 autoreload 11924 28016 Watching for file changes with StatReloader
ERROR 2026-05-25 20:43:06,211 log 11924 12944 Bad Gateway: /api/live-metrics/
ERROR 2026-05-26 00:00:08,451 log 11924 19912 Bad Gateway: /api/live-metrics/
INFO 2026-05-26 00:08:42,330 autoreload 11924 28016 C:\Users\Taha\Desktop\CURSORAGRI - Copy\dashboard\urls.py changed, reloading.
INFO 2026-05-26 00:08:45,960 autoreload 10348 24556 Watching for file changes with StatReloader
ERROR 2026-05-26 00:14:36,174 log 10348 8184 Bad Gateway: /api/live-metrics/
INFO 2026-05-26 00:20:05,275 autoreload 27884 24704 Watching for file changes with StatReloader
ERROR 2026-05-26 00:28:05,206 log 27884 32064 Bad Gateway: /api/live-metrics/
ERROR 2026-05-26 00:29:09,122 log 27884 32064 Bad Gateway: /api/live-metrics/
ERROR 2026-05-26 00:30:10,695 log 27884 29944 Internal Server Error: /api/live-metrics/
Traceback (most recent call last):
  File "C:\Users\Taha\AppData\Local\Programs\Python\Python311\Lib\site-packages\django\core\handlers\exception.py", line 55, in inner
    response = get_response(request)
               ^^^^^^^^^^^^^^^^^^^^^
  File "C:\Users\Taha\AppData\Local\Programs\Python\Python311\Lib\site-packages\django\core\handlers\base.py", line 197, in _get_response
    response = wrapped_callback(request, *callback_args, **callback_kwargs)
               ^^^^^^^^^^^^^^^^^^^^^^^^^^^^^^^^^^^^^^^^^^^^^^^^^^^^^^^^^^^^
  File "C:\Users\Taha\AppData\Local\Programs\Python\Python311\Lib\contextlib.py", line 81, in inner
    return func(*args, **kwds)
           ^^^^^^^^^^^^^^^^^^^
  File "C:\Users\Taha\Desktop\CURSORAGRI - Copy\dashboard\views.py", line 188, in live_metrics_api
    with urlopen(api_url, timeout=10) as response:
         ^^^^^^^^^^^^^^^^^^^^^^^^^^^^
  File "C:\Users\Taha\AppData\Local\Programs\Python\Python311\Lib\urllib\request.py", line 216, in urlopen
    return opener.open(url, data, timeout)
           ^^^^^^^^^^^^^^^^^^^^^^^^^^^^^^^
  File "C:\Users\Taha\AppData\Local\Programs\Python\Python311\Lib\urllib\request.py", line 519, in open
    response = self._open(req, data)
               ^^^^^^^^^^^^^^^^^^^^^
  File "C:\Users\Taha\AppData\Local\Programs\Python\Python311\Lib\urllib\request.py", line 536, in _open
    result = self._call_chain(self.handle_open, protocol, protocol +
             ^^^^^^^^^^^^^^^^^^^^^^^^^^^^^^^^^^^^^^^^^^^^^^^^^^^^^^^
  File "C:\Users\Taha\AppData\Local\Programs\Python\Python311\Lib\urllib\request.py", line 496, in _call_chain
    result = func(*args)
             ^^^^^^^^^^^
  File "C:\Users\Taha\AppData\Local\Programs\Python\Python311\Lib\urllib\request.py", line 1391, in https_open
    return self.do_open(http.client.HTTPSConnection, req,
           ^^^^^^^^^^^^^^^^^^^^^^^^^^^^^^^^^^^^^^^^^^^^^^
  File "C:\Users\Taha\AppData\Local\Programs\Python\Python311\Lib\urllib\request.py", line 1352, in do_open
    r = h.getresponse()
        ^^^^^^^^^^^^^^^
  File "C:\Users\Taha\AppData\Local\Programs\Python\Python311\Lib\http\client.py", line 1378, in getresponse
    response.begin()
  File "C:\Users\Taha\AppData\Local\Programs\Python\Python311\Lib\http\client.py", line 318, in begin
    version, status, reason = self._read_status()
                              ^^^^^^^^^^^^^^^^^^^
  File "C:\Users\Taha\AppData\Local\Programs\Python\Python311\Lib\http\client.py", line 279, in _read_status
    line = str(self.fp.readline(_MAXLINE + 1), "iso-8859-1")
               ^^^^^^^^^^^^^^^^^^^^^^^^^^^^^^
  File "C:\Users\Taha\AppData\Local\Programs\Python\Python311\Lib\socket.py", line 706, in readinto
    return self._sock.recv_into(b)
           ^^^^^^^^^^^^^^^^^^^^^^^
  File "C:\Users\Taha\AppData\Local\Programs\Python\Python311\Lib\ssl.py", line 1311, in recv_into
    return self.read(nbytes, buffer)
           ^^^^^^^^^^^^^^^^^^^^^^^^^
  File "C:\Users\Taha\AppData\Local\Programs\Python\Python311\Lib\ssl.py", line 1167, in read
    return self._sslobj.read(len, buffer)
           ^^^^^^^^^^^^^^^^^^^^^^^^^^^^^^
TimeoutError: The read operation timed out
ERROR 2026-05-26 00:56:29,041 log 27884 17652 Internal Server Error: /data-ingestion/
Traceback (most recent call last):
  File "C:\Users\Taha\AppData\Local\Programs\Python\Python311\Lib\site-packages\django\template\base.py", line 505, in parse
    compile_func = self.tags[command]
                   ~~~~~~~~~^^^^^^^^^
KeyError: 'trans'

During handling of the above exception, another exception occurred:

Traceback (most recent call last):
  File "C:\Users\Taha\AppData\Local\Programs\Python\Python311\Lib\site-packages\django\core\handlers\exception.py", line 55, in inner
    response = get_response(request)
               ^^^^^^^^^^^^^^^^^^^^^
  File "C:\Users\Taha\AppData\Local\Programs\Python\Python311\Lib\site-packages\django\core\handlers\base.py", line 197, in _get_response
    response = wrapped_callback(request, *callback_args, **callback_kwargs)
               ^^^^^^^^^^^^^^^^^^^^^^^^^^^^^^^^^^^^^^^^^^^^^^^^^^^^^^^^^^^^
  File "C:\Users\Taha\AppData\Local\Programs\Python\Python311\Lib\contextlib.py", line 81, in inner
    return func(*args, **kwds)
           ^^^^^^^^^^^^^^^^^^^
  File "C:\Users\Taha\Desktop\CURSORAGRI - Copy\dashboard\views.py", line 273, in data_ingestion
    return render(request, 'dashboard/data_ingestion.html', context)
           ^^^^^^^^^^^^^^^^^^^^^^^^^^^^^^^^^^^^^^^^^^^^^^^^^^^^^^^^^
  File "C:\Users\Taha\AppData\Local\Programs\Python\Python311\Lib\site-packages\django\shortcuts.py", line 24, in render
    content = loader.render_to_string(template_name, context, request, using=using)
              ^^^^^^^^^^^^^^^^^^^^^^^^^^^^^^^^^^^^^^^^^^^^^^^^^^^^^^^^^^^^^^^^^^^^^
  File "C:\Users\Taha\AppData\Local\Programs\Python\Python311\Lib\site-packages\django\template\loader.py", line 61, in render_to_string
    template = get_template(template_name, using=using)
               ^^^^^^^^^^^^^^^^^^^^^^^^^^^^^^^^^^^^^^^^
  File "C:\Users\Taha\AppData\Local\Programs\Python\Python311\Lib\site-packages\django\template\loader.py", line 15, in get_template
    return engine.get_template(template_name)
           ^^^^^^^^^^^^^^^^^^^^^^^^^^^^^^^^^^
  File "C:\Users\Taha\AppData\Local\Programs\Python\Python311\Lib\site-packages\django\template\backends\django.py", line 33, in get_template
    return Template(self.engine.get_template(template_name), self)
                    ^^^^^^^^^^^^^^^^^^^^^^^^^^^^^^^^^^^^^^^
  File "C:\Users\Taha\AppData\Local\Programs\Python\Python311\Lib\site-packages\django\template\engine.py", line 175, in get_template
    template, origin = self.find_template(template_name)
                       ^^^^^^^^^^^^^^^^^^^^^^^^^^^^^^^^^
  File "C:\Users\Taha\AppData\Local\Programs\Python\Python311\Lib\site-packages\django\template\engine.py", line 157, in find_template
    template = loader.get_template(name, skip=skip)
               ^^^^^^^^^^^^^^^^^^^^^^^^^^^^^^^^^^^^
  File "C:\Users\Taha\AppData\Local\Programs\Python\Python311\Lib\site-packages\django\template\loaders\cached.py", line 57, in get_template
    template = super().get_template(template_name, skip)
               ^^^^^^^^^^^^^^^^^^^^^^^^^^^^^^^^^^^^^^^^^
  File "C:\Users\Taha\AppData\Local\Programs\Python\Python311\Lib\site-packages\django\template\loaders\base.py", line 28, in get_template
    return Template(
           ^^^^^^^^^
  File "C:\Users\Taha\AppData\Local\Programs\Python\Python311\Lib\site-packages\django\template\base.py", line 154, in __init__
    self.nodelist = self.compile_nodelist()
                    ^^^^^^^^^^^^^^^^^^^^^^^
  File "C:\Users\Taha\AppData\Local\Programs\Python\Python311\Lib\site-packages\django\template\base.py", line 200, in compile_nodelist
    return parser.parse()
           ^^^^^^^^^^^^^^
  File "C:\Users\Taha\AppData\Local\Programs\Python\Python311\Lib\site-packages\django\template\base.py", line 507, in parse
    self.invalid_block_tag(token, command, parse_until)
  File "C:\Users\Taha\AppData\Local\Programs\Python\Python311\Lib\site-packages\django\template\base.py", line 568, in invalid_block_tag
    raise self.error(
django.template.exceptions.TemplateSyntaxError: Invalid block tag on line 593: 'trans'. Did you forget to register or load this tag?
INFO 2026-05-26 08:42:51,694 autoreload 17356 22200 Watching for file changes with StatReloader
ERROR 2026-05-26 10:02:39,460 log 17356 29564 Internal Server Error: /
Traceback (most recent call last):
  File "C:\Users\Taha\AppData\Local\Programs\Python\Python311\Lib\site-packages\django\core\handlers\exception.py", line 55, in inner
    response = get_response(request)
               ^^^^^^^^^^^^^^^^^^^^^
  File "C:\Users\Taha\AppData\Local\Programs\Python\Python311\Lib\site-packages\django\core\handlers\base.py", line 197, in _get_response
    response = wrapped_callback(request, *callback_args, **callback_kwargs)
               ^^^^^^^^^^^^^^^^^^^^^^^^^^^^^^^^^^^^^^^^^^^^^^^^^^^^^^^^^^^^
  File "C:\Users\Taha\AppData\Local\Programs\Python\Python311\Lib\contextlib.py", line 81, in inner
    return func(*args, **kwds)
           ^^^^^^^^^^^^^^^^^^^
  File "C:\Users\Taha\Desktop\CURSORAGRI - Copy\dashboard\views.py", line 261, in dashboard_view
    return render(request, "dashboard/dashboard.html", context)
           ^^^^^^^^^^^^^^^^^^^^^^^^^^^^^^^^^^^^^^^^^^^^^^^^^^^^
  File "C:\Users\Taha\AppData\Local\Programs\Python\Python311\Lib\site-packages\django\shortcuts.py", line 24, in render
    content = loader.render_to_string(template_name, context, request, using=using)
              ^^^^^^^^^^^^^^^^^^^^^^^^^^^^^^^^^^^^^^^^^^^^^^^^^^^^^^^^^^^^^^^^^^^^^
  File "C:\Users\Taha\AppData\Local\Programs\Python\Python311\Lib\site-packages\django\template\loader.py", line 62, in render_to_string
    return template.render(context, request)
           ^^^^^^^^^^^^^^^^^^^^^^^^^^^^^^^^^
  File "C:\Users\Taha\AppData\Local\Programs\Python\Python311\Lib\site-packages\django\template\backends\django.py", line 61, in render
    return self.template.render(context)
           ^^^^^^^^^^^^^^^^^^^^^^^^^^^^^
  File "C:\Users\Taha\AppData\Local\Programs\Python\Python311\Lib\site-packages\django\template\base.py", line 175, in render
    return self._render(context)
           ^^^^^^^^^^^^^^^^^^^^^
  File "C:\Users\Taha\AppData\Local\Programs\Python\Python311\Lib\site-packages\django\template\base.py", line 167, in _render
    return self.nodelist.render(context)
           ^^^^^^^^^^^^^^^^^^^^^^^^^^^^^
  File "C:\Users\Taha\AppData\Local\Programs\Python\Python311\Lib\site-packages\django\template\base.py", line 1005, in render
    return SafeString("".join([node.render_annotated(context) for node in self]))
                              ^^^^^^^^^^^^^^^^^^^^^^^^^^^^^^^^^^^^^^^^^^^^^^^^^
  File "C:\Users\Taha\AppData\Local\Programs\Python\Python311\Lib\site-packages\django\template\base.py", line 1005, in <listcomp>
    return SafeString("".join([node.render_annotated(context) for node in self]))
                               ^^^^^^^^^^^^^^^^^^^^^^^^^^^^^^
  File "C:\Users\Taha\AppData\Local\Programs\Python\Python311\Lib\site-packages\django\template\base.py", line 966, in render_annotated
    return self.render(context)
           ^^^^^^^^^^^^^^^^^^^^
  File "C:\Users\Taha\AppData\Local\Programs\Python\Python311\Lib\site-packages\django\template\defaulttags.py", line 471, in render
    url = reverse(view_name, args=args, kwargs=kwargs, current_app=current_app)
          ^^^^^^^^^^^^^^^^^^^^^^^^^^^^^^^^^^^^^^^^^^^^^^^^^^^^^^^^^^^^^^^^^^^^^
  File "C:\Users\Taha\AppData\Local\Programs\Python\Python311\Lib\site-packages\django\urls\base.py", line 88, in reverse
    return resolver._reverse_with_prefix(view, prefix, *args, **kwargs)
           ^^^^^^^^^^^^^^^^^^^^^^^^^^^^^^^^^^^^^^^^^^^^^^^^^^^^^^^^^^^^
  File "C:\Users\Taha\AppData\Local\Programs\Python\Python311\Lib\site-packages\django\urls\resolvers.py", line 828, in _reverse_with_prefix
    raise NoReverseMatch(msg)
django.urls.exceptions.NoReverseMatch: Reverse for 'historical' not found. 'historical' is not a valid view function or pattern name.
ERROR 2026-05-26 10:02:41,054 log 17356 29564 Internal Server Error: /
Traceback (most recent call last):
  File "C:\Users\Taha\AppData\Local\Programs\Python\Python311\Lib\site-packages\django\core\handlers\exception.py", line 55, in inner
    response = get_response(request)
               ^^^^^^^^^^^^^^^^^^^^^
  File "C:\Users\Taha\AppData\Local\Programs\Python\Python311\Lib\site-packages\django\core\handlers\base.py", line 197, in _get_response
    response = wrapped_callback(request, *callback_args, **callback_kwargs)
               ^^^^^^^^^^^^^^^^^^^^^^^^^^^^^^^^^^^^^^^^^^^^^^^^^^^^^^^^^^^^
  File "C:\Users\Taha\AppData\Local\Programs\Python\Python311\Lib\contextlib.py", line 81, in inner
    return func(*args, **kwds)
           ^^^^^^^^^^^^^^^^^^^
  File "C:\Users\Taha\Desktop\CURSORAGRI - Copy\dashboard\views.py", line 261, in dashboard_view
    return render(request, "dashboard/dashboard.html", context)
           ^^^^^^^^^^^^^^^^^^^^^^^^^^^^^^^^^^^^^^^^^^^^^^^^^^^^
  File "C:\Users\Taha\AppData\Local\Programs\Python\Python311\Lib\site-packages\django\shortcuts.py", line 24, in render
    content = loader.render_to_string(template_name, context, request, using=using)
              ^^^^^^^^^^^^^^^^^^^^^^^^^^^^^^^^^^^^^^^^^^^^^^^^^^^^^^^^^^^^^^^^^^^^^
  File "C:\Users\Taha\AppData\Local\Programs\Python\Python311\Lib\site-packages\django\template\loader.py", line 62, in render_to_string
    return template.render(context, request)
           ^^^^^^^^^^^^^^^^^^^^^^^^^^^^^^^^^
  File "C:\Users\Taha\AppData\Local\Programs\Python\Python311\Lib\site-packages\django\template\backends\django.py", line 61, in render
    return self.template.render(context)
           ^^^^^^^^^^^^^^^^^^^^^^^^^^^^^
  File "C:\Users\Taha\AppData\Local\Programs\Python\Python311\Lib\site-packages\django\template\base.py", line 175, in render
    return self._render(context)
           ^^^^^^^^^^^^^^^^^^^^^
  File "C:\Users\Taha\AppData\Local\Programs\Python\Python311\Lib\site-packages\django\template\base.py", line 167, in _render
    return self.nodelist.render(context)
           ^^^^^^^^^^^^^^^^^^^^^^^^^^^^^
  File "C:\Users\Taha\AppData\Local\Programs\Python\Python311\Lib\site-packages\django\template\base.py", line 1005, in render
    return SafeString("".join([node.render_annotated(context) for node in self]))
                              ^^^^^^^^^^^^^^^^^^^^^^^^^^^^^^^^^^^^^^^^^^^^^^^^^
  File "C:\Users\Taha\AppData\Local\Programs\Python\Python311\Lib\site-packages\django\template\base.py", line 1005, in <listcomp>
    return SafeString("".join([node.render_annotated(context) for node in self]))
                               ^^^^^^^^^^^^^^^^^^^^^^^^^^^^^^
  File "C:\Users\Taha\AppData\Local\Programs\Python\Python311\Lib\site-packages\django\template\base.py", line 966, in render_annotated
    return self.render(context)
           ^^^^^^^^^^^^^^^^^^^^
  File "C:\Users\Taha\AppData\Local\Programs\Python\Python311\Lib\site-packages\django\template\defaulttags.py", line 471, in render
    url = reverse(view_name, args=args, kwargs=kwargs, current_app=current_app)
          ^^^^^^^^^^^^^^^^^^^^^^^^^^^^^^^^^^^^^^^^^^^^^^^^^^^^^^^^^^^^^^^^^^^^^
  File "C:\Users\Taha\AppData\Local\Programs\Python\Python311\Lib\site-packages\django\urls\base.py", line 88, in reverse
    return resolver._reverse_with_prefix(view, prefix, *args, **kwargs)
           ^^^^^^^^^^^^^^^^^^^^^^^^^^^^^^^^^^^^^^^^^^^^^^^^^^^^^^^^^^^^
  File "C:\Users\Taha\AppData\Local\Programs\Python\Python311\Lib\site-packages\django\urls\resolvers.py", line 828, in _reverse_with_prefix
    raise NoReverseMatch(msg)
django.urls.exceptions.NoReverseMatch: Reverse for 'historical' not found. 'historical' is not a valid view function or pattern name.
INFO 2026-05-26 10:04:11,940 autoreload 17356 22200 C:\Users\Taha\Desktop\CURSORAGRI - Copy\dashboard\views.py changed, reloading.
INFO 2026-05-26 10:04:12,855 autoreload 36044 13296 Watching for file changes with StatReloader
INFO 2026-05-26 10:04:24,148 autoreload 36044 13296 C:\Users\Taha\Desktop\CURSORAGRI - Copy\dashboard\urls.py changed, reloading.
INFO 2026-05-26 10:04:25,041 autoreload 4680 28156 Watching for file changes with StatReloader
INFO 2026-05-26 10:04:54,094 autoreload 4680 28156 C:\Users\Taha\Desktop\CURSORAGRI - Copy\dashboard\urls.py changed, reloading.
INFO 2026-05-26 10:04:54,952 autoreload 20984 10916 Watching for file changes with StatReloader
ERROR 2026-05-26 10:32:06,069 log 20984 37800 Internal Server Error: /historical/
Traceback (most recent call last):
  File "C:\Users\Taha\AppData\Local\Programs\Python\Python311\Lib\site-packages\django\core\handlers\exception.py", line 55, in inner
    response = get_response(request)
               ^^^^^^^^^^^^^^^^^^^^^
  File "C:\Users\Taha\AppData\Local\Programs\Python\Python311\Lib\site-packages\django\core\handlers\base.py", line 197, in _get_response
    response = wrapped_callback(request, *callback_args, **callback_kwargs)
               ^^^^^^^^^^^^^^^^^^^^^^^^^^^^^^^^^^^^^^^^^^^^^^^^^^^^^^^^^^^^
  File "C:\Users\Taha\AppData\Local\Programs\Python\Python311\Lib\contextlib.py", line 81, in inner
    return func(*args, **kwds)
           ^^^^^^^^^^^^^^^^^^^
  File "C:\Users\Taha\Desktop\CURSORAGRI - Copy\dashboard\views.py", line 771, in historical_view
    return render(request, 'dashboard/historical.html', context)
           ^^^^^^^^^^^^^^^^^^^^^^^^^^^^^^^^^^^^^^^^^^^^^^^^^^^^^
  File "C:\Users\Taha\AppData\Local\Programs\Python\Python311\Lib\site-packages\django\shortcuts.py", line 24, in render
    content = loader.render_to_string(template_name, context, request, using=using)
              ^^^^^^^^^^^^^^^^^^^^^^^^^^^^^^^^^^^^^^^^^^^^^^^^^^^^^^^^^^^^^^^^^^^^^
  File "C:\Users\Taha\AppData\Local\Programs\Python\Python311\Lib\site-packages\django\template\loader.py", line 61, in render_to_string
    template = get_template(template_name, using=using)
               ^^^^^^^^^^^^^^^^^^^^^^^^^^^^^^^^^^^^^^^^
  File "C:\Users\Taha\AppData\Local\Programs\Python\Python311\Lib\site-packages\django\template\loader.py", line 19, in get_template
    raise TemplateDoesNotExist(template_name, chain=chain)
django.template.exceptions.TemplateDoesNotExist: dashboard/historical.html
ERROR 2026-05-26 10:34:34,374 log 20984 8212 Internal Server Error: /historical/
Traceback (most recent call last):
  File "C:\Users\Taha\AppData\Local\Programs\Python\Python311\Lib\site-packages\django\core\handlers\exception.py", line 55, in inner
    response = get_response(request)
               ^^^^^^^^^^^^^^^^^^^^^
  File "C:\Users\Taha\AppData\Local\Programs\Python\Python311\Lib\site-packages\django\core\handlers\base.py", line 197, in _get_response
    response = wrapped_callback(request, *callback_args, **callback_kwargs)
               ^^^^^^^^^^^^^^^^^^^^^^^^^^^^^^^^^^^^^^^^^^^^^^^^^^^^^^^^^^^^
  File "C:\Users\Taha\AppData\Local\Programs\Python\Python311\Lib\contextlib.py", line 81, in inner
    return func(*args, **kwds)
           ^^^^^^^^^^^^^^^^^^^
  File "C:\Users\Taha\Desktop\CURSORAGRI - Copy\dashboard\views.py", line 771, in historical_view
    return render(request, 'dashboard/historical.html', context)
           ^^^^^^^^^^^^^^^^^^^^^^^^^^^^^^^^^^^^^^^^^^^^^^^^^^^^^
  File "C:\Users\Taha\AppData\Local\Programs\Python\Python311\Lib\site-packages\django\shortcuts.py", line 24, in render
    content = loader.render_to_string(template_name, context, request, using=using)
              ^^^^^^^^^^^^^^^^^^^^^^^^^^^^^^^^^^^^^^^^^^^^^^^^^^^^^^^^^^^^^^^^^^^^^
  File "C:\Users\Taha\AppData\Local\Programs\Python\Python311\Lib\site-packages\django\template\loader.py", line 61, in render_to_string
    template = get_template(template_name, using=using)
               ^^^^^^^^^^^^^^^^^^^^^^^^^^^^^^^^^^^^^^^^
  File "C:\Users\Taha\AppData\Local\Programs\Python\Python311\Lib\site-packages\django\template\loader.py", line 19, in get_template
    raise TemplateDoesNotExist(template_name, chain=chain)
django.template.exceptions.TemplateDoesNotExist: dashboard/historical.html
ERROR 2026-05-26 10:38:55,392 log 20984 8212 Internal Server Error: /historical/
Traceback (most recent call last):
  File "C:\Users\Taha\AppData\Local\Programs\Python\Python311\Lib\site-packages\django\template\backends\django.py", line 61, in render
    return self.template.render(context)
           ^^^^^^^^^^^^^^^^^^^^^^^^^^^^^
  File "C:\Users\Taha\AppData\Local\Programs\Python\Python311\Lib\site-packages\django\template\base.py", line 175, in render
    return self._render(context)
           ^^^^^^^^^^^^^^^^^^^^^
  File "C:\Users\Taha\AppData\Local\Programs\Python\Python311\Lib\site-packages\django\template\base.py", line 167, in _render
    return self.nodelist.render(context)
           ^^^^^^^^^^^^^^^^^^^^^^^^^^^^^
  File "C:\Users\Taha\AppData\Local\Programs\Python\Python311\Lib\site-packages\django\template\base.py", line 1005, in render
    return SafeString("".join([node.render_annotated(context) for node in self]))
                              ^^^^^^^^^^^^^^^^^^^^^^^^^^^^^^^^^^^^^^^^^^^^^^^^^
  File "C:\Users\Taha\AppData\Local\Programs\Python\Python311\Lib\site-packages\django\template\base.py", line 1005, in <listcomp>
    return SafeString("".join([node.render_annotated(context) for node in self]))
                               ^^^^^^^^^^^^^^^^^^^^^^^^^^^^^^
  File "C:\Users\Taha\AppData\Local\Programs\Python\Python311\Lib\site-packages\django\template\base.py", line 966, in render_annotated
    return self.render(context)
           ^^^^^^^^^^^^^^^^^^^^
  File "C:\Users\Taha\AppData\Local\Programs\Python\Python311\Lib\site-packages\django\template\loader_tags.py", line 132, in render
    compiled_parent = self.get_parent(context)
                      ^^^^^^^^^^^^^^^^^^^^^^^^
  File "C:\Users\Taha\AppData\Local\Programs\Python\Python311\Lib\site-packages\django\template\loader_tags.py", line 129, in get_parent
    return self.find_template(parent, context)
           ^^^^^^^^^^^^^^^^^^^^^^^^^^^^^^^^^^^
  File "C:\Users\Taha\AppData\Local\Programs\Python\Python311\Lib\site-packages\django\template\loader_tags.py", line 107, in find_template
    template, origin = context.template.engine.find_template(
                       ^^^^^^^^^^^^^^^^^^^^^^^^^^^^^^^^^^^^^^
  File "C:\Users\Taha\AppData\Local\Programs\Python\Python311\Lib\site-packages\django\template\engine.py", line 161, in find_template
    raise TemplateDoesNotExist(name, tried=tried)
django.template.exceptions.TemplateDoesNotExist: base.html

The above exception was the direct cause of the following exception:

Traceback (most recent call last):
  File "C:\Users\Taha\AppData\Local\Programs\Python\Python311\Lib\site-packages\django\core\handlers\exception.py", line 55, in inner
    response = get_response(request)
               ^^^^^^^^^^^^^^^^^^^^^
  File "C:\Users\Taha\AppData\Local\Programs\Python\Python311\Lib\site-packages\django\core\handlers\base.py", line 197, in _get_response
    response = wrapped_callback(request, *callback_args, **callback_kwargs)
               ^^^^^^^^^^^^^^^^^^^^^^^^^^^^^^^^^^^^^^^^^^^^^^^^^^^^^^^^^^^^
  File "C:\Users\Taha\AppData\Local\Programs\Python\Python311\Lib\contextlib.py", line 81, in inner
    return func(*args, **kwds)
           ^^^^^^^^^^^^^^^^^^^
  File "C:\Users\Taha\Desktop\CURSORAGRI - Copy\dashboard\views.py", line 771, in historical_view
    return render(request, 'dashboard/historical.html', context)
           ^^^^^^^^^^^^^^^^^^^^^^^^^^^^^^^^^^^^^^^^^^^^^^^^^^^^^
  File "C:\Users\Taha\AppData\Local\Programs\Python\Python311\Lib\site-packages\django\shortcuts.py", line 24, in render
    content = loader.render_to_string(template_name, context, request, using=using)
              ^^^^^^^^^^^^^^^^^^^^^^^^^^^^^^^^^^^^^^^^^^^^^^^^^^^^^^^^^^^^^^^^^^^^^
  File "C:\Users\Taha\AppData\Local\Programs\Python\Python311\Lib\site-packages\django\template\loader.py", line 62, in render_to_string
    return template.render(context, request)
           ^^^^^^^^^^^^^^^^^^^^^^^^^^^^^^^^^
  File "C:\Users\Taha\AppData\Local\Programs\Python\Python311\Lib\site-packages\django\template\backends\django.py", line 63, in render
    reraise(exc, self.backend)
  File "C:\Users\Taha\AppData\Local\Programs\Python\Python311\Lib\site-packages\django\template\backends\django.py", line 84, in reraise
    raise new from exc
django.template.exceptions.TemplateDoesNotExist: base.html
ERROR 2026-05-26 10:38:56,770 log 20984 8212 Internal Server Error: /historical/
Traceback (most recent call last):
  File "C:\Users\Taha\AppData\Local\Programs\Python\Python311\Lib\site-packages\django\template\backends\django.py", line 61, in render
    return self.template.render(context)
           ^^^^^^^^^^^^^^^^^^^^^^^^^^^^^
  File "C:\Users\Taha\AppData\Local\Programs\Python\Python311\Lib\site-packages\django\template\base.py", line 175, in render
    return self._render(context)
           ^^^^^^^^^^^^^^^^^^^^^
  File "C:\Users\Taha\AppData\Local\Programs\Python\Python311\Lib\site-packages\django\template\base.py", line 167, in _render
    return self.nodelist.render(context)
           ^^^^^^^^^^^^^^^^^^^^^^^^^^^^^
  File "C:\Users\Taha\AppData\Local\Programs\Python\Python311\Lib\site-packages\django\template\base.py", line 1005, in render
    return SafeString("".join([node.render_annotated(context) for node in self]))
                              ^^^^^^^^^^^^^^^^^^^^^^^^^^^^^^^^^^^^^^^^^^^^^^^^^
  File "C:\Users\Taha\AppData\Local\Programs\Python\Python311\Lib\site-packages\django\template\base.py", line 1005, in <listcomp>
    return SafeString("".join([node.render_annotated(context) for node in self]))
                               ^^^^^^^^^^^^^^^^^^^^^^^^^^^^^^
  File "C:\Users\Taha\AppData\Local\Programs\Python\Python311\Lib\site-packages\django\template\base.py", line 966, in render_annotated
    return self.render(context)
           ^^^^^^^^^^^^^^^^^^^^
  File "C:\Users\Taha\AppData\Local\Programs\Python\Python311\Lib\site-packages\django\template\loader_tags.py", line 132, in render
    compiled_parent = self.get_parent(context)
                      ^^^^^^^^^^^^^^^^^^^^^^^^
  File "C:\Users\Taha\AppData\Local\Programs\Python\Python311\Lib\site-packages\django\template\loader_tags.py", line 129, in get_parent
    return self.find_template(parent, context)
           ^^^^^^^^^^^^^^^^^^^^^^^^^^^^^^^^^^^
  File "C:\Users\Taha\AppData\Local\Programs\Python\Python311\Lib\site-packages\django\template\loader_tags.py", line 107, in find_template
    template, origin = context.template.engine.find_template(
                       ^^^^^^^^^^^^^^^^^^^^^^^^^^^^^^^^^^^^^^
  File "C:\Users\Taha\AppData\Local\Programs\Python\Python311\Lib\site-packages\django\template\engine.py", line 161, in find_template
    raise TemplateDoesNotExist(name, tried=tried)
django.template.exceptions.TemplateDoesNotExist: base.html

The above exception was the direct cause of the following exception:

Traceback (most recent call last):
  File "C:\Users\Taha\AppData\Local\Programs\Python\Python311\Lib\site-packages\django\core\handlers\exception.py", line 55, in inner
    response = get_response(request)
               ^^^^^^^^^^^^^^^^^^^^^
  File "C:\Users\Taha\AppData\Local\Programs\Python\Python311\Lib\site-packages\django\core\handlers\base.py", line 197, in _get_response
    response = wrapped_callback(request, *callback_args, **callback_kwargs)
               ^^^^^^^^^^^^^^^^^^^^^^^^^^^^^^^^^^^^^^^^^^^^^^^^^^^^^^^^^^^^
  File "C:\Users\Taha\AppData\Local\Programs\Python\Python311\Lib\contextlib.py", line 81, in inner
    return func(*args, **kwds)
           ^^^^^^^^^^^^^^^^^^^
  File "C:\Users\Taha\Desktop\CURSORAGRI - Copy\dashboard\views.py", line 771, in historical_view
    return render(request, 'dashboard/historical.html', context)
           ^^^^^^^^^^^^^^^^^^^^^^^^^^^^^^^^^^^^^^^^^^^^^^^^^^^^^
  File "C:\Users\Taha\AppData\Local\Programs\Python\Python311\Lib\site-packages\django\shortcuts.py", line 24, in render
    content = loader.render_to_string(template_name, context, request, using=using)
              ^^^^^^^^^^^^^^^^^^^^^^^^^^^^^^^^^^^^^^^^^^^^^^^^^^^^^^^^^^^^^^^^^^^^^
  File "C:\Users\Taha\AppData\Local\Programs\Python\Python311\Lib\site-packages\django\template\loader.py", line 62, in render_to_string
    return template.render(context, request)
           ^^^^^^^^^^^^^^^^^^^^^^^^^^^^^^^^^
  File "C:\Users\Taha\AppData\Local\Programs\Python\Python311\Lib\site-packages\django\template\backends\django.py", line 63, in render
    reraise(exc, self.backend)
  File "C:\Users\Taha\AppData\Local\Programs\Python\Python311\Lib\site-packages\django\template\backends\django.py", line 84, in reraise
    raise new from exc
django.template.exceptions.TemplateDoesNotExist: base.html
ERROR 2026-05-26 10:39:00,443 log 20984 8212 Internal Server Error: /historical/
Traceback (most recent call last):
  File "C:\Users\Taha\AppData\Local\Programs\Python\Python311\Lib\site-packages\django\template\backends\django.py", line 61, in render
    return self.template.render(context)
           ^^^^^^^^^^^^^^^^^^^^^^^^^^^^^
  File "C:\Users\Taha\AppData\Local\Programs\Python\Python311\Lib\site-packages\django\template\base.py", line 175, in render
    return self._render(context)
           ^^^^^^^^^^^^^^^^^^^^^
  File "C:\Users\Taha\AppData\Local\Programs\Python\Python311\Lib\site-packages\django\template\base.py", line 167, in _render
    return self.nodelist.render(context)
           ^^^^^^^^^^^^^^^^^^^^^^^^^^^^^
  File "C:\Users\Taha\AppData\Local\Programs\Python\Python311\Lib\site-packages\django\template\base.py", line 1005, in render
    return SafeString("".join([node.render_annotated(context) for node in self]))
                              ^^^^^^^^^^^^^^^^^^^^^^^^^^^^^^^^^^^^^^^^^^^^^^^^^
  File "C:\Users\Taha\AppData\Local\Programs\Python\Python311\Lib\site-packages\django\template\base.py", line 1005, in <listcomp>
    return SafeString("".join([node.render_annotated(context) for node in self]))
                               ^^^^^^^^^^^^^^^^^^^^^^^^^^^^^^
  File "C:\Users\Taha\AppData\Local\Programs\Python\Python311\Lib\site-packages\django\template\base.py", line 966, in render_annotated
    return self.render(context)
           ^^^^^^^^^^^^^^^^^^^^
  File "C:\Users\Taha\AppData\Local\Programs\Python\Python311\Lib\site-packages\django\template\loader_tags.py", line 132, in render
    compiled_parent = self.get_parent(context)
                      ^^^^^^^^^^^^^^^^^^^^^^^^
  File "C:\Users\Taha\AppData\Local\Programs\Python\Python311\Lib\site-packages\django\template\loader_tags.py", line 129, in get_parent
    return self.find_template(parent, context)
           ^^^^^^^^^^^^^^^^^^^^^^^^^^^^^^^^^^^
  File "C:\Users\Taha\AppData\Local\Programs\Python\Python311\Lib\site-packages\django\template\loader_tags.py", line 107, in find_template
    template, origin = context.template.engine.find_template(
                       ^^^^^^^^^^^^^^^^^^^^^^^^^^^^^^^^^^^^^^
  File "C:\Users\Taha\AppData\Local\Programs\Python\Python311\Lib\site-packages\django\template\engine.py", line 161, in find_template
    raise TemplateDoesNotExist(name, tried=tried)
django.template.exceptions.TemplateDoesNotExist: base.html

The above exception was the direct cause of the following exception:

Traceback (most recent call last):
  File "C:\Users\Taha\AppData\Local\Programs\Python\Python311\Lib\site-packages\django\core\handlers\exception.py", line 55, in inner
    response = get_response(request)
               ^^^^^^^^^^^^^^^^^^^^^
  File "C:\Users\Taha\AppData\Local\Programs\Python\Python311\Lib\site-packages\django\core\handlers\base.py", line 197, in _get_response
    response = wrapped_callback(request, *callback_args, **callback_kwargs)
               ^^^^^^^^^^^^^^^^^^^^^^^^^^^^^^^^^^^^^^^^^^^^^^^^^^^^^^^^^^^^
  File "C:\Users\Taha\AppData\Local\Programs\Python\Python311\Lib\contextlib.py", line 81, in inner
    return func(*args, **kwds)
           ^^^^^^^^^^^^^^^^^^^
  File "C:\Users\Taha\Desktop\CURSORAGRI - Copy\dashboard\views.py", line 771, in historical_view
    return render(request, 'dashboard/historical.html', context)
           ^^^^^^^^^^^^^^^^^^^^^^^^^^^^^^^^^^^^^^^^^^^^^^^^^^^^^
  File "C:\Users\Taha\AppData\Local\Programs\Python\Python311\Lib\site-packages\django\shortcuts.py", line 24, in render
    content = loader.render_to_string(template_name, context, request, using=using)
              ^^^^^^^^^^^^^^^^^^^^^^^^^^^^^^^^^^^^^^^^^^^^^^^^^^^^^^^^^^^^^^^^^^^^^
  File "C:\Users\Taha\AppData\Local\Programs\Python\Python311\Lib\site-packages\django\template\loader.py", line 62, in render_to_string
    return template.render(context, request)
           ^^^^^^^^^^^^^^^^^^^^^^^^^^^^^^^^^
  File "C:\Users\Taha\AppData\Local\Programs\Python\Python311\Lib\site-packages\django\template\backends\django.py", line 63, in render
    reraise(exc, self.backend)
  File "C:\Users\Taha\AppData\Local\Programs\Python\Python311\Lib\site-packages\django\template\backends\django.py", line 84, in reraise
    raise new from exc
django.template.exceptions.TemplateDoesNotExist: base.html
ERROR 2026-05-26 11:12:22,122 log 20984 14512 Internal Server Error: /historical/
Traceback (most recent call last):
  File "C:\Users\Taha\AppData\Local\Programs\Python\Python311\Lib\site-packages\django\core\handlers\exception.py", line 55, in inner
    response = get_response(request)
               ^^^^^^^^^^^^^^^^^^^^^
  File "C:\Users\Taha\AppData\Local\Programs\Python\Python311\Lib\site-packages\django\core\handlers\base.py", line 197, in _get_response
    response = wrapped_callback(request, *callback_args, **callback_kwargs)
               ^^^^^^^^^^^^^^^^^^^^^^^^^^^^^^^^^^^^^^^^^^^^^^^^^^^^^^^^^^^^
  File "C:\Users\Taha\AppData\Local\Programs\Python\Python311\Lib\contextlib.py", line 81, in inner
    return func(*args, **kwds)
           ^^^^^^^^^^^^^^^^^^^
  File "C:\Users\Taha\Desktop\CURSORAGRI - Copy\dashboard\views.py", line 771, in historical_view
    return render(request, 'dashboard/historical.html', context)
           ^^^^^^^^^^^^^^^^^^^^^^^^^^^^^^^^^^^^^^^^^^^^^^^^^^^^^
  File "C:\Users\Taha\AppData\Local\Programs\Python\Python311\Lib\site-packages\django\shortcuts.py", line 24, in render
    content = loader.render_to_string(template_name, context, request, using=using)
              ^^^^^^^^^^^^^^^^^^^^^^^^^^^^^^^^^^^^^^^^^^^^^^^^^^^^^^^^^^^^^^^^^^^^^
  File "C:\Users\Taha\AppData\Local\Programs\Python\Python311\Lib\site-packages\django\template\loader.py", line 62, in render_to_string
    return template.render(context, request)
           ^^^^^^^^^^^^^^^^^^^^^^^^^^^^^^^^^
  File "C:\Users\Taha\AppData\Local\Programs\Python\Python311\Lib\site-packages\django\template\backends\django.py", line 61, in render
    return self.template.render(context)
           ^^^^^^^^^^^^^^^^^^^^^^^^^^^^^
  File "C:\Users\Taha\AppData\Local\Programs\Python\Python311\Lib\site-packages\django\template\base.py", line 175, in render
    return self._render(context)
           ^^^^^^^^^^^^^^^^^^^^^
  File "C:\Users\Taha\AppData\Local\Programs\Python\Python311\Lib\site-packages\django\template\base.py", line 167, in _render
    return self.nodelist.render(context)
           ^^^^^^^^^^^^^^^^^^^^^^^^^^^^^
  File "C:\Users\Taha\AppData\Local\Programs\Python\Python311\Lib\site-packages\django\template\base.py", line 1005, in render
    return SafeString("".join([node.render_annotated(context) for node in self]))
                              ^^^^^^^^^^^^^^^^^^^^^^^^^^^^^^^^^^^^^^^^^^^^^^^^^
  File "C:\Users\Taha\AppData\Local\Programs\Python\Python311\Lib\site-packages\django\template\base.py", line 1005, in <listcomp>
    return SafeString("".join([node.render_annotated(context) for node in self]))
                               ^^^^^^^^^^^^^^^^^^^^^^^^^^^^^^
  File "C:\Users\Taha\AppData\Local\Programs\Python\Python311\Lib\site-packages\django\template\base.py", line 966, in render_annotated
    return self.render(context)
           ^^^^^^^^^^^^^^^^^^^^
  File "C:\Users\Taha\AppData\Local\Programs\Python\Python311\Lib\site-packages\django\template\defaulttags.py", line 471, in render
    url = reverse(view_name, args=args, kwargs=kwargs, current_app=current_app)
          ^^^^^^^^^^^^^^^^^^^^^^^^^^^^^^^^^^^^^^^^^^^^^^^^^^^^^^^^^^^^^^^^^^^^^
  File "C:\Users\Taha\AppData\Local\Programs\Python\Python311\Lib\site-packages\django\urls\base.py", line 88, in reverse
    return resolver._reverse_with_prefix(view, prefix, *args, **kwargs)
           ^^^^^^^^^^^^^^^^^^^^^^^^^^^^^^^^^^^^^^^^^^^^^^^^^^^^^^^^^^^^
  File "C:\Users\Taha\AppData\Local\Programs\Python\Python311\Lib\site-packages\django\urls\resolvers.py", line 828, in _reverse_with_prefix
    raise NoReverseMatch(msg)
django.urls.exceptions.NoReverseMatch: Reverse for 'dashboard' not found. 'dashboard' is not a valid view function or pattern name.
ERROR 2026-05-26 14:49:53,314 log 20984 37284 Bad Gateway: /api/live-metrics/
ERROR 2026-05-26 14:50:25,869 log 20984 37284 Bad Gateway: /api/live-metrics/
ERROR 2026-05-26 14:51:24,946 log 20984 37284 Bad Gateway: /api/live-metrics/
ERROR 2026-05-26 14:52:24,583 log 20984 37284 Bad Gateway: /api/live-metrics/
ERROR 2026-05-26 14:53:33,932 log 20984 37284 Bad Gateway: /api/live-metrics/
ERROR 2026-05-26 14:54:27,534 log 20984 37284 Bad Gateway: /api/live-metrics/
ERROR 2026-05-26 14:55:27,631 log 20984 37284 Bad Gateway: /api/live-metrics/
ERROR 2026-05-26 14:56:25,872 log 20984 37284 Bad Gateway: /api/live-metrics/
ERROR 2026-05-26 14:57:30,222 log 20984 37284 Bad Gateway: /api/live-metrics/
ERROR 2026-05-26 14:58:25,149 log 20984 37284 Bad Gateway: /api/live-metrics/
ERROR 2026-05-26 14:59:24,016 log 20984 37284 Bad Gateway: /api/live-metrics/
ERROR 2026-05-26 15:00:25,766 log 20984 37284 Bad Gateway: /api/live-metrics/
ERROR 2026-05-26 15:01:28,905 log 20984 37284 Bad Gateway: /api/live-metrics/
ERROR 2026-05-26 15:02:19,836 log 20984 37284 Bad Gateway: /api/live-metrics/
ERROR 2026-05-26 15:03:25,709 log 20984 37284 Bad Gateway: /api/live-metrics/
ERROR 2026-05-26 15:04:30,537 log 20984 37284 Internal Server Error: /api/live-metrics/
Traceback (most recent call last):
  File "C:\Users\Taha\AppData\Local\Programs\Python\Python311\Lib\site-packages\django\core\handlers\exception.py", line 55, in inner
    response = get_response(request)
               ^^^^^^^^^^^^^^^^^^^^^
  File "C:\Users\Taha\AppData\Local\Programs\Python\Python311\Lib\site-packages\django\core\handlers\base.py", line 197, in _get_response
    response = wrapped_callback(request, *callback_args, **callback_kwargs)
               ^^^^^^^^^^^^^^^^^^^^^^^^^^^^^^^^^^^^^^^^^^^^^^^^^^^^^^^^^^^^
  File "C:\Users\Taha\AppData\Local\Programs\Python\Python311\Lib\contextlib.py", line 81, in inner
    return func(*args, **kwds)
           ^^^^^^^^^^^^^^^^^^^
  File "C:\Users\Taha\Desktop\CURSORAGRI - Copy\dashboard\views.py", line 188, in live_metrics_api
    with urlopen(api_url, timeout=10) as response:
         ^^^^^^^^^^^^^^^^^^^^^^^^^^^^
  File "C:\Users\Taha\AppData\Local\Programs\Python\Python311\Lib\urllib\request.py", line 216, in urlopen
    return opener.open(url, data, timeout)
           ^^^^^^^^^^^^^^^^^^^^^^^^^^^^^^^
  File "C:\Users\Taha\AppData\Local\Programs\Python\Python311\Lib\urllib\request.py", line 519, in open
    response = self._open(req, data)
               ^^^^^^^^^^^^^^^^^^^^^
  File "C:\Users\Taha\AppData\Local\Programs\Python\Python311\Lib\urllib\request.py", line 536, in _open
    result = self._call_chain(self.handle_open, protocol, protocol +
             ^^^^^^^^^^^^^^^^^^^^^^^^^^^^^^^^^^^^^^^^^^^^^^^^^^^^^^^
  File "C:\Users\Taha\AppData\Local\Programs\Python\Python311\Lib\urllib\request.py", line 496, in _call_chain
    result = func(*args)
             ^^^^^^^^^^^
  File "C:\Users\Taha\AppData\Local\Programs\Python\Python311\Lib\urllib\request.py", line 1391, in https_open
    return self.do_open(http.client.HTTPSConnection, req,
           ^^^^^^^^^^^^^^^^^^^^^^^^^^^^^^^^^^^^^^^^^^^^^^
  File "C:\Users\Taha\AppData\Local\Programs\Python\Python311\Lib\urllib\request.py", line 1352, in do_open
    r = h.getresponse()
        ^^^^^^^^^^^^^^^
  File "C:\Users\Taha\AppData\Local\Programs\Python\Python311\Lib\http\client.py", line 1378, in getresponse
    response.begin()
  File "C:\Users\Taha\AppData\Local\Programs\Python\Python311\Lib\http\client.py", line 318, in begin
    version, status, reason = self._read_status()
                              ^^^^^^^^^^^^^^^^^^^
  File "C:\Users\Taha\AppData\Local\Programs\Python\Python311\Lib\http\client.py", line 279, in _read_status
    line = str(self.fp.readline(_MAXLINE + 1), "iso-8859-1")
               ^^^^^^^^^^^^^^^^^^^^^^^^^^^^^^
  File "C:\Users\Taha\AppData\Local\Programs\Python\Python311\Lib\socket.py", line 706, in readinto
    return self._sock.recv_into(b)
           ^^^^^^^^^^^^^^^^^^^^^^^
  File "C:\Users\Taha\AppData\Local\Programs\Python\Python311\Lib\ssl.py", line 1311, in recv_into
    return self.read(nbytes, buffer)
           ^^^^^^^^^^^^^^^^^^^^^^^^^
  File "C:\Users\Taha\AppData\Local\Programs\Python\Python311\Lib\ssl.py", line 1167, in read
    return self._sslobj.read(len, buffer)
           ^^^^^^^^^^^^^^^^^^^^^^^^^^^^^^
TimeoutError: The read operation timed out
ERROR 2026-05-26 15:05:27,217 log 20984 37284 Bad Gateway: /api/live-metrics/
ERROR 2026-05-26 15:06:29,462 log 20984 37284 Bad Gateway: /api/live-metrics/
ERROR 2026-05-26 15:07:22,868 log 20984 37284 Bad Gateway: /api/live-metrics/
ERROR 2026-05-26 15:08:25,381 log 20984 37284 Bad Gateway: /api/live-metrics/
ERROR 2026-05-26 15:09:29,323 log 20984 37284 Bad Gateway: /api/live-metrics/
ERROR 2026-05-26 15:10:19,845 log 20984 37284 Bad Gateway: /api/live-metrics/
ERROR 2026-05-26 15:11:27,833 log 20984 37284 Bad Gateway: /api/live-metrics/
ERROR 2026-05-26 15:12:24,245 log 20984 37284 Bad Gateway: /api/live-metrics/
ERROR 2026-05-26 15:13:28,130 log 20984 37284 Bad Gateway: /api/live-metrics/
ERROR 2026-05-26 15:14:27,420 log 20984 37284 Bad Gateway: /api/live-metrics/
ERROR 2026-05-26 15:15:25,817 log 20984 37284 Bad Gateway: /api/live-metrics/
ERROR 2026-05-26 15:16:28,373 log 20984 37284 Bad Gateway: /api/live-metrics/
ERROR 2026-05-26 15:17:29,533 log 20984 37284 Bad Gateway: /api/live-metrics/
ERROR 2026-05-26 15:18:26,161 log 20984 37284 Bad Gateway: /api/live-metrics/
ERROR 2026-05-26 15:19:27,620 log 20984 37284 Bad Gateway: /api/live-metrics/
ERROR 2026-05-26 15:20:29,240 log 20984 37284 Bad Gateway: /api/live-metrics/
ERROR 2026-05-26 15:21:29,626 log 20984 37284 Bad Gateway: /api/live-metrics/
ERROR 2026-05-26 15:22:28,206 log 20984 37284 Bad Gateway: /api/live-metrics/
ERROR 2026-05-26 15:23:26,012 log 20984 37284 Bad Gateway: /api/live-metrics/
ERROR 2026-05-26 15:24:22,421 log 20984 37284 Bad Gateway: /api/live-metrics/
ERROR 2026-05-26 15:25:25,109 log 20984 37284 Bad Gateway: /api/live-metrics/
ERROR 2026-05-26 15:26:29,399 log 20984 37284 Internal Server Error: /api/live-metrics/
Traceback (most recent call last):
  File "C:\Users\Taha\AppData\Local\Programs\Python\Python311\Lib\site-packages\django\core\handlers\exception.py", line 55, in inner
    response = get_response(request)
               ^^^^^^^^^^^^^^^^^^^^^
  File "C:\Users\Taha\AppData\Local\Programs\Python\Python311\Lib\site-packages\django\core\handlers\base.py", line 197, in _get_response
    response = wrapped_callback(request, *callback_args, **callback_kwargs)
               ^^^^^^^^^^^^^^^^^^^^^^^^^^^^^^^^^^^^^^^^^^^^^^^^^^^^^^^^^^^^
  File "C:\Users\Taha\AppData\Local\Programs\Python\Python311\Lib\contextlib.py", line 81, in inner
    return func(*args, **kwds)
           ^^^^^^^^^^^^^^^^^^^
  File "C:\Users\Taha\Desktop\CURSORAGRI - Copy\dashboard\views.py", line 188, in live_metrics_api
    with urlopen(api_url, timeout=10) as response:
         ^^^^^^^^^^^^^^^^^^^^^^^^^^^^
  File "C:\Users\Taha\AppData\Local\Programs\Python\Python311\Lib\urllib\request.py", line 216, in urlopen
    return opener.open(url, data, timeout)
           ^^^^^^^^^^^^^^^^^^^^^^^^^^^^^^^
  File "C:\Users\Taha\AppData\Local\Programs\Python\Python311\Lib\urllib\request.py", line 519, in open
    response = self._open(req, data)
               ^^^^^^^^^^^^^^^^^^^^^
  File "C:\Users\Taha\AppData\Local\Programs\Python\Python311\Lib\urllib\request.py", line 536, in _open
    result = self._call_chain(self.handle_open, protocol, protocol +
             ^^^^^^^^^^^^^^^^^^^^^^^^^^^^^^^^^^^^^^^^^^^^^^^^^^^^^^^
  File "C:\Users\Taha\AppData\Local\Programs\Python\Python311\Lib\urllib\request.py", line 496, in _call_chain
    result = func(*args)
             ^^^^^^^^^^^
  File "C:\Users\Taha\AppData\Local\Programs\Python\Python311\Lib\urllib\request.py", line 1391, in https_open
    return self.do_open(http.client.HTTPSConnection, req,
           ^^^^^^^^^^^^^^^^^^^^^^^^^^^^^^^^^^^^^^^^^^^^^^
  File "C:\Users\Taha\AppData\Local\Programs\Python\Python311\Lib\urllib\request.py", line 1352, in do_open
    r = h.getresponse()
        ^^^^^^^^^^^^^^^
  File "C:\Users\Taha\AppData\Local\Programs\Python\Python311\Lib\http\client.py", line 1378, in getresponse
    response.begin()
  File "C:\Users\Taha\AppData\Local\Programs\Python\Python311\Lib\http\client.py", line 318, in begin
    version, status, reason = self._read_status()
                              ^^^^^^^^^^^^^^^^^^^
  File "C:\Users\Taha\AppData\Local\Programs\Python\Python311\Lib\http\client.py", line 279, in _read_status
    line = str(self.fp.readline(_MAXLINE + 1), "iso-8859-1")
               ^^^^^^^^^^^^^^^^^^^^^^^^^^^^^^
  File "C:\Users\Taha\AppData\Local\Programs\Python\Python311\Lib\socket.py", line 706, in readinto
    return self._sock.recv_into(b)
           ^^^^^^^^^^^^^^^^^^^^^^^
  File "C:\Users\Taha\AppData\Local\Programs\Python\Python311\Lib\ssl.py", line 1311, in recv_into
    return self.read(nbytes, buffer)
           ^^^^^^^^^^^^^^^^^^^^^^^^^
  File "C:\Users\Taha\AppData\Local\Programs\Python\Python311\Lib\ssl.py", line 1167, in read
    return self._sslobj.read(len, buffer)
           ^^^^^^^^^^^^^^^^^^^^^^^^^^^^^^
TimeoutError: The read operation timed out
ERROR 2026-05-26 15:27:26,450 log 20984 37284 Bad Gateway: /api/live-metrics/
ERROR 2026-05-26 15:28:35,676 log 20984 37284 Internal Server Error: /api/live-metrics/
Traceback (most recent call last):
  File "C:\Users\Taha\AppData\Local\Programs\Python\Python311\Lib\site-packages\django\core\handlers\exception.py", line 55, in inner
    response = get_response(request)
               ^^^^^^^^^^^^^^^^^^^^^
  File "C:\Users\Taha\AppData\Local\Programs\Python\Python311\Lib\site-packages\django\core\handlers\base.py", line 197, in _get_response
    response = wrapped_callback(request, *callback_args, **callback_kwargs)
               ^^^^^^^^^^^^^^^^^^^^^^^^^^^^^^^^^^^^^^^^^^^^^^^^^^^^^^^^^^^^
  File "C:\Users\Taha\AppData\Local\Programs\Python\Python311\Lib\contextlib.py", line 81, in inner
    return func(*args, **kwds)
           ^^^^^^^^^^^^^^^^^^^
  File "C:\Users\Taha\Desktop\CURSORAGRI - Copy\dashboard\views.py", line 188, in live_metrics_api
    with urlopen(api_url, timeout=10) as response:
         ^^^^^^^^^^^^^^^^^^^^^^^^^^^^
  File "C:\Users\Taha\AppData\Local\Programs\Python\Python311\Lib\urllib\request.py", line 216, in urlopen
    return opener.open(url, data, timeout)
           ^^^^^^^^^^^^^^^^^^^^^^^^^^^^^^^
  File "C:\Users\Taha\AppData\Local\Programs\Python\Python311\Lib\urllib\request.py", line 519, in open
    response = self._open(req, data)
               ^^^^^^^^^^^^^^^^^^^^^
  File "C:\Users\Taha\AppData\Local\Programs\Python\Python311\Lib\urllib\request.py", line 536, in _open
    result = self._call_chain(self.handle_open, protocol, protocol +
             ^^^^^^^^^^^^^^^^^^^^^^^^^^^^^^^^^^^^^^^^^^^^^^^^^^^^^^^
  File "C:\Users\Taha\AppData\Local\Programs\Python\Python311\Lib\urllib\request.py", line 496, in _call_chain
    result = func(*args)
             ^^^^^^^^^^^
  File "C:\Users\Taha\AppData\Local\Programs\Python\Python311\Lib\urllib\request.py", line 1391, in https_open
    return self.do_open(http.client.HTTPSConnection, req,
           ^^^^^^^^^^^^^^^^^^^^^^^^^^^^^^^^^^^^^^^^^^^^^^
  File "C:\Users\Taha\AppData\Local\Programs\Python\Python311\Lib\urllib\request.py", line 1352, in do_open
    r = h.getresponse()
        ^^^^^^^^^^^^^^^
  File "C:\Users\Taha\AppData\Local\Programs\Python\Python311\Lib\http\client.py", line 1378, in getresponse
    response.begin()
  File "C:\Users\Taha\AppData\Local\Programs\Python\Python311\Lib\http\client.py", line 318, in begin
    version, status, reason = self._read_status()
                              ^^^^^^^^^^^^^^^^^^^
  File "C:\Users\Taha\AppData\Local\Programs\Python\Python311\Lib\http\client.py", line 279, in _read_status
    line = str(self.fp.readline(_MAXLINE + 1), "iso-8859-1")
               ^^^^^^^^^^^^^^^^^^^^^^^^^^^^^^
  File "C:\Users\Taha\AppData\Local\Programs\Python\Python311\Lib\socket.py", line 706, in readinto
    return self._sock.recv_into(b)
           ^^^^^^^^^^^^^^^^^^^^^^^
  File "C:\Users\Taha\AppData\Local\Programs\Python\Python311\Lib\ssl.py", line 1311, in recv_into
    return self.read(nbytes, buffer)
           ^^^^^^^^^^^^^^^^^^^^^^^^^
  File "C:\Users\Taha\AppData\Local\Programs\Python\Python311\Lib\ssl.py", line 1167, in read
    return self._sslobj.read(len, buffer)
           ^^^^^^^^^^^^^^^^^^^^^^^^^^^^^^
TimeoutError: The read operation timed out
ERROR 2026-05-26 15:29:22,406 log 20984 37284 Bad Gateway: /api/live-metrics/
ERROR 2026-05-26 15:30:27,213 log 20984 37284 Bad Gateway: /api/live-metrics/
ERROR 2026-05-26 15:31:18,656 log 20984 37284 Bad Gateway: /api/live-metrics/
ERROR 2026-05-26 15:32:28,526 log 20984 37284 Bad Gateway: /api/live-metrics/
ERROR 2026-05-26 15:33:28,017 log 20984 37284 Bad Gateway: /api/live-metrics/
ERROR 2026-05-26 15:34:28,190 log 20984 37284 Bad Gateway: /api/live-metrics/
ERROR 2026-05-26 15:35:23,266 log 20984 37284 Bad Gateway: /api/live-metrics/
ERROR 2026-05-26 15:36:26,814 log 20984 37284 Bad Gateway: /api/live-metrics/
ERROR 2026-05-26 15:37:32,843 log 20984 37284 Internal Server Error: /api/live-metrics/
Traceback (most recent call last):
  File "C:\Users\Taha\AppData\Local\Programs\Python\Python311\Lib\site-packages\django\core\handlers\exception.py", line 55, in inner
    response = get_response(request)
               ^^^^^^^^^^^^^^^^^^^^^
  File "C:\Users\Taha\AppData\Local\Programs\Python\Python311\Lib\site-packages\django\core\handlers\base.py", line 197, in _get_response
    response = wrapped_callback(request, *callback_args, **callback_kwargs)
               ^^^^^^^^^^^^^^^^^^^^^^^^^^^^^^^^^^^^^^^^^^^^^^^^^^^^^^^^^^^^
  File "C:\Users\Taha\AppData\Local\Programs\Python\Python311\Lib\contextlib.py", line 81, in inner
    return func(*args, **kwds)
           ^^^^^^^^^^^^^^^^^^^
  File "C:\Users\Taha\Desktop\CURSORAGRI - Copy\dashboard\views.py", line 188, in live_metrics_api
    with urlopen(api_url, timeout=10) as response:
         ^^^^^^^^^^^^^^^^^^^^^^^^^^^^
  File "C:\Users\Taha\AppData\Local\Programs\Python\Python311\Lib\urllib\request.py", line 216, in urlopen
    return opener.open(url, data, timeout)
           ^^^^^^^^^^^^^^^^^^^^^^^^^^^^^^^
  File "C:\Users\Taha\AppData\Local\Programs\Python\Python311\Lib\urllib\request.py", line 519, in open
    response = self._open(req, data)
               ^^^^^^^^^^^^^^^^^^^^^
  File "C:\Users\Taha\AppData\Local\Programs\Python\Python311\Lib\urllib\request.py", line 536, in _open
    result = self._call_chain(self.handle_open, protocol, protocol +
             ^^^^^^^^^^^^^^^^^^^^^^^^^^^^^^^^^^^^^^^^^^^^^^^^^^^^^^^
  File "C:\Users\Taha\AppData\Local\Programs\Python\Python311\Lib\urllib\request.py", line 496, in _call_chain
    result = func(*args)
             ^^^^^^^^^^^
  File "C:\Users\Taha\AppData\Local\Programs\Python\Python311\Lib\urllib\request.py", line 1391, in https_open
    return self.do_open(http.client.HTTPSConnection, req,
           ^^^^^^^^^^^^^^^^^^^^^^^^^^^^^^^^^^^^^^^^^^^^^^
  File "C:\Users\Taha\AppData\Local\Programs\Python\Python311\Lib\urllib\request.py", line 1352, in do_open
    r = h.getresponse()
        ^^^^^^^^^^^^^^^
  File "C:\Users\Taha\AppData\Local\Programs\Python\Python311\Lib\http\client.py", line 1378, in getresponse
    response.begin()
  File "C:\Users\Taha\AppData\Local\Programs\Python\Python311\Lib\http\client.py", line 318, in begin
    version, status, reason = self._read_status()
                              ^^^^^^^^^^^^^^^^^^^
  File "C:\Users\Taha\AppData\Local\Programs\Python\Python311\Lib\http\client.py", line 279, in _read_status
    line = str(self.fp.readline(_MAXLINE + 1), "iso-8859-1")
               ^^^^^^^^^^^^^^^^^^^^^^^^^^^^^^
  File "C:\Users\Taha\AppData\Local\Programs\Python\Python311\Lib\socket.py", line 706, in readinto
    return self._sock.recv_into(b)
           ^^^^^^^^^^^^^^^^^^^^^^^
  File "C:\Users\Taha\AppData\Local\Programs\Python\Python311\Lib\ssl.py", line 1311, in recv_into
    return self.read(nbytes, buffer)
           ^^^^^^^^^^^^^^^^^^^^^^^^^
  File "C:\Users\Taha\AppData\Local\Programs\Python\Python311\Lib\ssl.py", line 1167, in read
    return self._sslobj.read(len, buffer)
           ^^^^^^^^^^^^^^^^^^^^^^^^^^^^^^
TimeoutError: The read operation timed out
ERROR 2026-05-26 15:38:22,155 log 20984 37284 Bad Gateway: /api/live-metrics/
ERROR 2026-05-26 15:39:36,122 log 20984 37284 Internal Server Error: /api/live-metrics/
Traceback (most recent call last):
  File "C:\Users\Taha\AppData\Local\Programs\Python\Python311\Lib\site-packages\django\core\handlers\exception.py", line 55, in inner
    response = get_response(request)
               ^^^^^^^^^^^^^^^^^^^^^
  File "C:\Users\Taha\AppData\Local\Programs\Python\Python311\Lib\site-packages\django\core\handlers\base.py", line 197, in _get_response
    response = wrapped_callback(request, *callback_args, **callback_kwargs)
               ^^^^^^^^^^^^^^^^^^^^^^^^^^^^^^^^^^^^^^^^^^^^^^^^^^^^^^^^^^^^
  File "C:\Users\Taha\AppData\Local\Programs\Python\Python311\Lib\contextlib.py", line 81, in inner
    return func(*args, **kwds)
           ^^^^^^^^^^^^^^^^^^^
  File "C:\Users\Taha\Desktop\CURSORAGRI - Copy\dashboard\views.py", line 188, in live_metrics_api
    with urlopen(api_url, timeout=10) as response:
         ^^^^^^^^^^^^^^^^^^^^^^^^^^^^
  File "C:\Users\Taha\AppData\Local\Programs\Python\Python311\Lib\urllib\request.py", line 216, in urlopen
    return opener.open(url, data, timeout)
           ^^^^^^^^^^^^^^^^^^^^^^^^^^^^^^^
  File "C:\Users\Taha\AppData\Local\Programs\Python\Python311\Lib\urllib\request.py", line 519, in open
    response = self._open(req, data)
               ^^^^^^^^^^^^^^^^^^^^^
  File "C:\Users\Taha\AppData\Local\Programs\Python\Python311\Lib\urllib\request.py", line 536, in _open
    result = self._call_chain(self.handle_open, protocol, protocol +
             ^^^^^^^^^^^^^^^^^^^^^^^^^^^^^^^^^^^^^^^^^^^^^^^^^^^^^^^
  File "C:\Users\Taha\AppData\Local\Programs\Python\Python311\Lib\urllib\request.py", line 496, in _call_chain
    result = func(*args)
             ^^^^^^^^^^^
  File "C:\Users\Taha\AppData\Local\Programs\Python\Python311\Lib\urllib\request.py", line 1391, in https_open
    return self.do_open(http.client.HTTPSConnection, req,
           ^^^^^^^^^^^^^^^^^^^^^^^^^^^^^^^^^^^^^^^^^^^^^^
  File "C:\Users\Taha\AppData\Local\Programs\Python\Python311\Lib\urllib\request.py", line 1352, in do_open
    r = h.getresponse()
        ^^^^^^^^^^^^^^^
  File "C:\Users\Taha\AppData\Local\Programs\Python\Python311\Lib\http\client.py", line 1378, in getresponse
    response.begin()
  File "C:\Users\Taha\AppData\Local\Programs\Python\Python311\Lib\http\client.py", line 318, in begin
    version, status, reason = self._read_status()
                              ^^^^^^^^^^^^^^^^^^^
  File "C:\Users\Taha\AppData\Local\Programs\Python\Python311\Lib\http\client.py", line 279, in _read_status
    line = str(self.fp.readline(_MAXLINE + 1), "iso-8859-1")
               ^^^^^^^^^^^^^^^^^^^^^^^^^^^^^^
  File "C:\Users\Taha\AppData\Local\Programs\Python\Python311\Lib\socket.py", line 706, in readinto
    return self._sock.recv_into(b)
           ^^^^^^^^^^^^^^^^^^^^^^^
  File "C:\Users\Taha\AppData\Local\Programs\Python\Python311\Lib\ssl.py", line 1311, in recv_into
    return self.read(nbytes, buffer)
           ^^^^^^^^^^^^^^^^^^^^^^^^^
  File "C:\Users\Taha\AppData\Local\Programs\Python\Python311\Lib\ssl.py", line 1167, in read
    return self._sslobj.read(len, buffer)
           ^^^^^^^^^^^^^^^^^^^^^^^^^^^^^^
TimeoutError: The read operation timed out
ERROR 2026-05-26 15:40:28,878 log 20984 37284 Bad Gateway: /api/live-metrics/
ERROR 2026-05-26 15:41:28,203 log 20984 37284 Bad Gateway: /api/live-metrics/
ERROR 2026-05-26 15:42:26,594 log 20984 37284 Bad Gateway: /api/live-metrics/
ERROR 2026-05-26 15:43:33,376 log 20984 37284 Internal Server Error: /api/live-metrics/
Traceback (most recent call last):
  File "C:\Users\Taha\AppData\Local\Programs\Python\Python311\Lib\site-packages\django\core\handlers\exception.py", line 55, in inner
    response = get_response(request)
               ^^^^^^^^^^^^^^^^^^^^^
  File "C:\Users\Taha\AppData\Local\Programs\Python\Python311\Lib\site-packages\django\core\handlers\base.py", line 197, in _get_response
    response = wrapped_callback(request, *callback_args, **callback_kwargs)
               ^^^^^^^^^^^^^^^^^^^^^^^^^^^^^^^^^^^^^^^^^^^^^^^^^^^^^^^^^^^^
  File "C:\Users\Taha\AppData\Local\Programs\Python\Python311\Lib\contextlib.py", line 81, in inner
    return func(*args, **kwds)
           ^^^^^^^^^^^^^^^^^^^
  File "C:\Users\Taha\Desktop\CURSORAGRI - Copy\dashboard\views.py", line 188, in live_metrics_api
    with urlopen(api_url, timeout=10) as response:
         ^^^^^^^^^^^^^^^^^^^^^^^^^^^^
  File "C:\Users\Taha\AppData\Local\Programs\Python\Python311\Lib\urllib\request.py", line 216, in urlopen
    return opener.open(url, data, timeout)
           ^^^^^^^^^^^^^^^^^^^^^^^^^^^^^^^
  File "C:\Users\Taha\AppData\Local\Programs\Python\Python311\Lib\urllib\request.py", line 519, in open
    response = self._open(req, data)
               ^^^^^^^^^^^^^^^^^^^^^
  File "C:\Users\Taha\AppData\Local\Programs\Python\Python311\Lib\urllib\request.py", line 536, in _open
    result = self._call_chain(self.handle_open, protocol, protocol +
             ^^^^^^^^^^^^^^^^^^^^^^^^^^^^^^^^^^^^^^^^^^^^^^^^^^^^^^^
  File "C:\Users\Taha\AppData\Local\Programs\Python\Python311\Lib\urllib\request.py", line 496, in _call_chain
    result = func(*args)
             ^^^^^^^^^^^
  File "C:\Users\Taha\AppData\Local\Programs\Python\Python311\Lib\urllib\request.py", line 1391, in https_open
    return self.do_open(http.client.HTTPSConnection, req,
           ^^^^^^^^^^^^^^^^^^^^^^^^^^^^^^^^^^^^^^^^^^^^^^
  File "C:\Users\Taha\AppData\Local\Programs\Python\Python311\Lib\urllib\request.py", line 1352, in do_open
    r = h.getresponse()
        ^^^^^^^^^^^^^^^
  File "C:\Users\Taha\AppData\Local\Programs\Python\Python311\Lib\http\client.py", line 1378, in getresponse
    response.begin()
  File "C:\Users\Taha\AppData\Local\Programs\Python\Python311\Lib\http\client.py", line 318, in begin
    version, status, reason = self._read_status()
                              ^^^^^^^^^^^^^^^^^^^
  File "C:\Users\Taha\AppData\Local\Programs\Python\Python311\Lib\http\client.py", line 279, in _read_status
    line = str(self.fp.readline(_MAXLINE + 1), "iso-8859-1")
               ^^^^^^^^^^^^^^^^^^^^^^^^^^^^^^
  File "C:\Users\Taha\AppData\Local\Programs\Python\Python311\Lib\socket.py", line 706, in readinto
    return self._sock.recv_into(b)
           ^^^^^^^^^^^^^^^^^^^^^^^
  File "C:\Users\Taha\AppData\Local\Programs\Python\Python311\Lib\ssl.py", line 1311, in recv_into
    return self.read(nbytes, buffer)
           ^^^^^^^^^^^^^^^^^^^^^^^^^
  File "C:\Users\Taha\AppData\Local\Programs\Python\Python311\Lib\ssl.py", line 1167, in read
    return self._sslobj.read(len, buffer)
           ^^^^^^^^^^^^^^^^^^^^^^^^^^^^^^
TimeoutError: The read operation timed out
ERROR 2026-05-26 15:44:22,844 log 20984 37284 Bad Gateway: /api/live-metrics/
ERROR 2026-05-26 15:45:31,571 log 20984 37284 Internal Server Error: /api/live-metrics/
Traceback (most recent call last):
  File "C:\Users\Taha\AppData\Local\Programs\Python\Python311\Lib\site-packages\django\core\handlers\exception.py", line 55, in inner
    response = get_response(request)
               ^^^^^^^^^^^^^^^^^^^^^
  File "C:\Users\Taha\AppData\Local\Programs\Python\Python311\Lib\site-packages\django\core\handlers\base.py", line 197, in _get_response
    response = wrapped_callback(request, *callback_args, **callback_kwargs)
               ^^^^^^^^^^^^^^^^^^^^^^^^^^^^^^^^^^^^^^^^^^^^^^^^^^^^^^^^^^^^
  File "C:\Users\Taha\AppData\Local\Programs\Python\Python311\Lib\contextlib.py", line 81, in inner
    return func(*args, **kwds)
           ^^^^^^^^^^^^^^^^^^^
  File "C:\Users\Taha\Desktop\CURSORAGRI - Copy\dashboard\views.py", line 188, in live_metrics_api
    with urlopen(api_url, timeout=10) as response:
         ^^^^^^^^^^^^^^^^^^^^^^^^^^^^
  File "C:\Users\Taha\AppData\Local\Programs\Python\Python311\Lib\urllib\request.py", line 216, in urlopen
    return opener.open(url, data, timeout)
           ^^^^^^^^^^^^^^^^^^^^^^^^^^^^^^^
  File "C:\Users\Taha\AppData\Local\Programs\Python\Python311\Lib\urllib\request.py", line 519, in open
    response = self._open(req, data)
               ^^^^^^^^^^^^^^^^^^^^^
  File "C:\Users\Taha\AppData\Local\Programs\Python\Python311\Lib\urllib\request.py", line 536, in _open
    result = self._call_chain(self.handle_open, protocol, protocol +
             ^^^^^^^^^^^^^^^^^^^^^^^^^^^^^^^^^^^^^^^^^^^^^^^^^^^^^^^
  File "C:\Users\Taha\AppData\Local\Programs\Python\Python311\Lib\urllib\request.py", line 496, in _call_chain
    result = func(*args)
             ^^^^^^^^^^^
  File "C:\Users\Taha\AppData\Local\Programs\Python\Python311\Lib\urllib\request.py", line 1391, in https_open
    return self.do_open(http.client.HTTPSConnection, req,
           ^^^^^^^^^^^^^^^^^^^^^^^^^^^^^^^^^^^^^^^^^^^^^^
  File "C:\Users\Taha\AppData\Local\Programs\Python\Python311\Lib\urllib\request.py", line 1352, in do_open
    r = h.getresponse()
        ^^^^^^^^^^^^^^^
  File "C:\Users\Taha\AppData\Local\Programs\Python\Python311\Lib\http\client.py", line 1378, in getresponse
    response.begin()
  File "C:\Users\Taha\AppData\Local\Programs\Python\Python311\Lib\http\client.py", line 318, in begin
    version, status, reason = self._read_status()
                              ^^^^^^^^^^^^^^^^^^^
  File "C:\Users\Taha\AppData\Local\Programs\Python\Python311\Lib\http\client.py", line 279, in _read_status
    line = str(self.fp.readline(_MAXLINE + 1), "iso-8859-1")
               ^^^^^^^^^^^^^^^^^^^^^^^^^^^^^^
  File "C:\Users\Taha\AppData\Local\Programs\Python\Python311\Lib\socket.py", line 706, in readinto
    return self._sock.recv_into(b)
           ^^^^^^^^^^^^^^^^^^^^^^^
  File "C:\Users\Taha\AppData\Local\Programs\Python\Python311\Lib\ssl.py", line 1311, in recv_into
    return self.read(nbytes, buffer)
           ^^^^^^^^^^^^^^^^^^^^^^^^^
  File "C:\Users\Taha\AppData\Local\Programs\Python\Python311\Lib\ssl.py", line 1167, in read
    return self._sslobj.read(len, buffer)
           ^^^^^^^^^^^^^^^^^^^^^^^^^^^^^^
TimeoutError: The read operation timed out
ERROR 2026-05-26 15:46:25,878 log 20984 37284 Bad Gateway: /api/live-metrics/
ERROR 2026-05-26 15:47:25,130 log 20984 37284 Bad Gateway: /api/live-metrics/
ERROR 2026-05-26 15:48:20,371 log 20984 37284 Bad Gateway: /api/live-metrics/
ERROR 2026-05-26 15:49:30,801 log 20984 37284 Internal Server Error: /api/live-metrics/
Traceback (most recent call last):
  File "C:\Users\Taha\AppData\Local\Programs\Python\Python311\Lib\site-packages\django\core\handlers\exception.py", line 55, in inner
    response = get_response(request)
               ^^^^^^^^^^^^^^^^^^^^^
  File "C:\Users\Taha\AppData\Local\Programs\Python\Python311\Lib\site-packages\django\core\handlers\base.py", line 197, in _get_response
    response = wrapped_callback(request, *callback_args, **callback_kwargs)
               ^^^^^^^^^^^^^^^^^^^^^^^^^^^^^^^^^^^^^^^^^^^^^^^^^^^^^^^^^^^^
  File "C:\Users\Taha\AppData\Local\Programs\Python\Python311\Lib\contextlib.py", line 81, in inner
    return func(*args, **kwds)
           ^^^^^^^^^^^^^^^^^^^
  File "C:\Users\Taha\Desktop\CURSORAGRI - Copy\dashboard\views.py", line 188, in live_metrics_api
    with urlopen(api_url, timeout=10) as response:
         ^^^^^^^^^^^^^^^^^^^^^^^^^^^^
  File "C:\Users\Taha\AppData\Local\Programs\Python\Python311\Lib\urllib\request.py", line 216, in urlopen
    return opener.open(url, data, timeout)
           ^^^^^^^^^^^^^^^^^^^^^^^^^^^^^^^
  File "C:\Users\Taha\AppData\Local\Programs\Python\Python311\Lib\urllib\request.py", line 519, in open
    response = self._open(req, data)
               ^^^^^^^^^^^^^^^^^^^^^
  File "C:\Users\Taha\AppData\Local\Programs\Python\Python311\Lib\urllib\request.py", line 536, in _open
    result = self._call_chain(self.handle_open, protocol, protocol +
             ^^^^^^^^^^^^^^^^^^^^^^^^^^^^^^^^^^^^^^^^^^^^^^^^^^^^^^^
  File "C:\Users\Taha\AppData\Local\Programs\Python\Python311\Lib\urllib\request.py", line 496, in _call_chain
    result = func(*args)
             ^^^^^^^^^^^
  File "C:\Users\Taha\AppData\Local\Programs\Python\Python311\Lib\urllib\request.py", line 1391, in https_open
    return self.do_open(http.client.HTTPSConnection, req,
           ^^^^^^^^^^^^^^^^^^^^^^^^^^^^^^^^^^^^^^^^^^^^^^
  File "C:\Users\Taha\AppData\Local\Programs\Python\Python311\Lib\urllib\request.py", line 1352, in do_open
    r = h.getresponse()
        ^^^^^^^^^^^^^^^
  File "C:\Users\Taha\AppData\Local\Programs\Python\Python311\Lib\http\client.py", line 1378, in getresponse
    response.begin()
  File "C:\Users\Taha\AppData\Local\Programs\Python\Python311\Lib\http\client.py", line 318, in begin
    version, status, reason = self._read_status()
                              ^^^^^^^^^^^^^^^^^^^
  File "C:\Users\Taha\AppData\Local\Programs\Python\Python311\Lib\http\client.py", line 279, in _read_status
    line = str(self.fp.readline(_MAXLINE + 1), "iso-8859-1")
               ^^^^^^^^^^^^^^^^^^^^^^^^^^^^^^
  File "C:\Users\Taha\AppData\Local\Programs\Python\Python311\Lib\socket.py", line 706, in readinto
    return self._sock.recv_into(b)
           ^^^^^^^^^^^^^^^^^^^^^^^
  File "C:\Users\Taha\AppData\Local\Programs\Python\Python311\Lib\ssl.py", line 1311, in recv_into
    return self.read(nbytes, buffer)
           ^^^^^^^^^^^^^^^^^^^^^^^^^
  File "C:\Users\Taha\AppData\Local\Programs\Python\Python311\Lib\ssl.py", line 1167, in read
    return self._sslobj.read(len, buffer)
           ^^^^^^^^^^^^^^^^^^^^^^^^^^^^^^
TimeoutError: The read operation timed out
ERROR 2026-05-26 15:50:23,727 log 20984 37284 Bad Gateway: /api/live-metrics/
ERROR 2026-05-26 15:50:46,538 log 20984 17660 Bad Gateway: /api/live-metrics/
ERROR 2026-05-26 15:50:54,532 log 20984 35040 Bad Gateway: /api/live-metrics/
ERROR 2026-05-26 15:51:30,012 log 20984 37284 Bad Gateway: /api/live-metrics/
ERROR 2026-05-26 15:51:41,552 log 20984 35040 Bad Gateway: /api/live-metrics/
ERROR 2026-05-26 15:52:25,771 log 20984 37284 Bad Gateway: /api/live-metrics/
ERROR 2026-05-26 15:52:46,566 log 20984 35040 Bad Gateway: /api/live-metrics/
ERROR 2026-05-26 15:53:27,393 log 20984 37284 Bad Gateway: /api/live-metrics/
ERROR 2026-05-26 15:53:42,818 log 20984 35040 Bad Gateway: /api/live-metrics/
ERROR 2026-05-26 15:54:21,275 log 20984 37284 Bad Gateway: /api/live-metrics/
ERROR 2026-05-26 15:54:48,643 log 20984 35040 Bad Gateway: /api/live-metrics/
ERROR 2026-05-26 15:55:24,892 log 20984 37284 Bad Gateway: /api/live-metrics/
ERROR 2026-05-26 15:55:49,119 log 20984 35040 Bad Gateway: /api/live-metrics/
ERROR 2026-05-26 15:56:30,007 log 20984 37284 Internal Server Error: /api/live-metrics/
Traceback (most recent call last):
  File "C:\Users\Taha\AppData\Local\Programs\Python\Python311\Lib\site-packages\django\core\handlers\exception.py", line 55, in inner
    response = get_response(request)
               ^^^^^^^^^^^^^^^^^^^^^
  File "C:\Users\Taha\AppData\Local\Programs\Python\Python311\Lib\site-packages\django\core\handlers\base.py", line 197, in _get_response
    response = wrapped_callback(request, *callback_args, **callback_kwargs)
               ^^^^^^^^^^^^^^^^^^^^^^^^^^^^^^^^^^^^^^^^^^^^^^^^^^^^^^^^^^^^
  File "C:\Users\Taha\AppData\Local\Programs\Python\Python311\Lib\contextlib.py", line 81, in inner
    return func(*args, **kwds)
           ^^^^^^^^^^^^^^^^^^^
  File "C:\Users\Taha\Desktop\CURSORAGRI - Copy\dashboard\views.py", line 188, in live_metrics_api
    with urlopen(api_url, timeout=10) as response:
         ^^^^^^^^^^^^^^^^^^^^^^^^^^^^
  File "C:\Users\Taha\AppData\Local\Programs\Python\Python311\Lib\urllib\request.py", line 216, in urlopen
    return opener.open(url, data, timeout)
           ^^^^^^^^^^^^^^^^^^^^^^^^^^^^^^^
  File "C:\Users\Taha\AppData\Local\Programs\Python\Python311\Lib\urllib\request.py", line 519, in open
    response = self._open(req, data)
               ^^^^^^^^^^^^^^^^^^^^^
  File "C:\Users\Taha\AppData\Local\Programs\Python\Python311\Lib\urllib\request.py", line 536, in _open
    result = self._call_chain(self.handle_open, protocol, protocol +
             ^^^^^^^^^^^^^^^^^^^^^^^^^^^^^^^^^^^^^^^^^^^^^^^^^^^^^^^
  File "C:\Users\Taha\AppData\Local\Programs\Python\Python311\Lib\urllib\request.py", line 496, in _call_chain
    result = func(*args)
             ^^^^^^^^^^^
  File "C:\Users\Taha\AppData\Local\Programs\Python\Python311\Lib\urllib\request.py", line 1391, in https_open
    return self.do_open(http.client.HTTPSConnection, req,
           ^^^^^^^^^^^^^^^^^^^^^^^^^^^^^^^^^^^^^^^^^^^^^^
  File "C:\Users\Taha\AppData\Local\Programs\Python\Python311\Lib\urllib\request.py", line 1352, in do_open
    r = h.getresponse()
        ^^^^^^^^^^^^^^^
  File "C:\Users\Taha\AppData\Local\Programs\Python\Python311\Lib\http\client.py", line 1378, in getresponse
    response.begin()
  File "C:\Users\Taha\AppData\Local\Programs\Python\Python311\Lib\http\client.py", line 318, in begin
    version, status, reason = self._read_status()
                              ^^^^^^^^^^^^^^^^^^^
  File "C:\Users\Taha\AppData\Local\Programs\Python\Python311\Lib\http\client.py", line 279, in _read_status
    line = str(self.fp.readline(_MAXLINE + 1), "iso-8859-1")
               ^^^^^^^^^^^^^^^^^^^^^^^^^^^^^^
  File "C:\Users\Taha\AppData\Local\Programs\Python\Python311\Lib\socket.py", line 706, in readinto
    return self._sock.recv_into(b)
           ^^^^^^^^^^^^^^^^^^^^^^^
  File "C:\Users\Taha\AppData\Local\Programs\Python\Python311\Lib\ssl.py", line 1311, in recv_into
    return self.read(nbytes, buffer)
           ^^^^^^^^^^^^^^^^^^^^^^^^^
  File "C:\Users\Taha\AppData\Local\Programs\Python\Python311\Lib\ssl.py", line 1167, in read
    return self._sslobj.read(len, buffer)
           ^^^^^^^^^^^^^^^^^^^^^^^^^^^^^^
TimeoutError: The read operation timed out
ERROR 2026-05-26 15:56:51,917 log 20984 35040 Internal Server Error: /api/live-metrics/
Traceback (most recent call last):
  File "C:\Users\Taha\AppData\Local\Programs\Python\Python311\Lib\site-packages\django\core\handlers\exception.py", line 55, in inner
    response = get_response(request)
               ^^^^^^^^^^^^^^^^^^^^^
  File "C:\Users\Taha\AppData\Local\Programs\Python\Python311\Lib\site-packages\django\core\handlers\base.py", line 197, in _get_response
    response = wrapped_callback(request, *callback_args, **callback_kwargs)
               ^^^^^^^^^^^^^^^^^^^^^^^^^^^^^^^^^^^^^^^^^^^^^^^^^^^^^^^^^^^^
  File "C:\Users\Taha\AppData\Local\Programs\Python\Python311\Lib\contextlib.py", line 81, in inner
    return func(*args, **kwds)
           ^^^^^^^^^^^^^^^^^^^
  File "C:\Users\Taha\Desktop\CURSORAGRI - Copy\dashboard\views.py", line 188, in live_metrics_api
    with urlopen(api_url, timeout=10) as response:
         ^^^^^^^^^^^^^^^^^^^^^^^^^^^^
  File "C:\Users\Taha\AppData\Local\Programs\Python\Python311\Lib\urllib\request.py", line 216, in urlopen
    return opener.open(url, data, timeout)
           ^^^^^^^^^^^^^^^^^^^^^^^^^^^^^^^
  File "C:\Users\Taha\AppData\Local\Programs\Python\Python311\Lib\urllib\request.py", line 519, in open
    response = self._open(req, data)
               ^^^^^^^^^^^^^^^^^^^^^
  File "C:\Users\Taha\AppData\Local\Programs\Python\Python311\Lib\urllib\request.py", line 536, in _open
    result = self._call_chain(self.handle_open, protocol, protocol +
             ^^^^^^^^^^^^^^^^^^^^^^^^^^^^^^^^^^^^^^^^^^^^^^^^^^^^^^^
  File "C:\Users\Taha\AppData\Local\Programs\Python\Python311\Lib\urllib\request.py", line 496, in _call_chain
    result = func(*args)
             ^^^^^^^^^^^
  File "C:\Users\Taha\AppData\Local\Programs\Python\Python311\Lib\urllib\request.py", line 1391, in https_open
    return self.do_open(http.client.HTTPSConnection, req,
           ^^^^^^^^^^^^^^^^^^^^^^^^^^^^^^^^^^^^^^^^^^^^^^
  File "C:\Users\Taha\AppData\Local\Programs\Python\Python311\Lib\urllib\request.py", line 1352, in do_open
    r = h.getresponse()
        ^^^^^^^^^^^^^^^
  File "C:\Users\Taha\AppData\Local\Programs\Python\Python311\Lib\http\client.py", line 1378, in getresponse
    response.begin()
  File "C:\Users\Taha\AppData\Local\Programs\Python\Python311\Lib\http\client.py", line 318, in begin
    version, status, reason = self._read_status()
                              ^^^^^^^^^^^^^^^^^^^
  File "C:\Users\Taha\AppData\Local\Programs\Python\Python311\Lib\http\client.py", line 279, in _read_status
    line = str(self.fp.readline(_MAXLINE + 1), "iso-8859-1")
               ^^^^^^^^^^^^^^^^^^^^^^^^^^^^^^
  File "C:\Users\Taha\AppData\Local\Programs\Python\Python311\Lib\socket.py", line 706, in readinto
    return self._sock.recv_into(b)
           ^^^^^^^^^^^^^^^^^^^^^^^
  File "C:\Users\Taha\AppData\Local\Programs\Python\Python311\Lib\ssl.py", line 1311, in recv_into
    return self.read(nbytes, buffer)
           ^^^^^^^^^^^^^^^^^^^^^^^^^
  File "C:\Users\Taha\AppData\Local\Programs\Python\Python311\Lib\ssl.py", line 1167, in read
    return self._sslobj.read(len, buffer)
           ^^^^^^^^^^^^^^^^^^^^^^^^^^^^^^
TimeoutError: The read operation timed out
ERROR 2026-05-26 15:57:20,802 log 20984 37284 Bad Gateway: /api/live-metrics/
ERROR 2026-05-26 15:57:41,687 log 20984 35040 Bad Gateway: /api/live-metrics/
INFO 2026-05-26 16:03:54,945 autoreload 20984 10916 C:\Users\Taha\Desktop\CURSORAGRI - Copy\dashboard\urls.py changed, reloading.
INFO 2026-05-26 16:03:59,242 autoreload 26096 32440 Watching for file changes with StatReloader
WARNING 2026-05-26 17:16:00,566 log 26096 22772 Not Found: /login/
INFO 2026-05-26 17:17:50,016 autoreload 26096 32440 C:\Users\Taha\Desktop\CURSORAGRI - Copy\dashboard\views.py changed, reloading.
INFO 2026-05-26 17:17:53,254 autoreload 29128 3640 Watching for file changes with StatReloader
WARNING 2026-05-26 17:18:22,160 log 29128 2272 Not Found: /favicon.ico
INFO 2026-05-26 17:49:15,875 autoreload 29128 3640 C:\Users\Taha\Desktop\CURSORAGRI - Copy\dashboard\urls.py changed, reloading.
INFO 2026-05-26 17:49:16,803 autoreload 8484 19476 Watching for file changes with StatReloader
ERROR 2026-05-26 18:17:28,603 log 8484 19872 Bad Gateway: /api/live-metrics/
ERROR 2026-05-27 00:18:28,566 log 8484 19872 Bad Gateway: /api/live-metrics/
INFO 2026-05-27 10:55:16,214 autoreload 36220 26084 Watching for file changes with StatReloader
WARNING 2026-05-27 10:55:33,267 log 36220 34260 Not Found: /favicon.ico
INFO 2026-05-27 11:00:52,145 autoreload 36220 26084 C:\Users\Taha\Desktop\CURSORAGRI - Copy\dashboard\views.py changed, reloading.
INFO 2026-05-27 11:00:52,998 autoreload 30368 30084 Watching for file changes with StatReloader
INFO 2026-05-27 11:01:06,392 autoreload 30368 30084 C:\Users\Taha\Desktop\CURSORAGRI - Copy\dashboard\views.py changed, reloading.
INFO 2026-05-27 11:01:07,184 autoreload 31712 19244 Watching for file changes with StatReloader
INFO 2026-05-27 11:01:17,376 autoreload 31712 19244 C:\Users\Taha\Desktop\CURSORAGRI - Copy\dashboard\urls.py changed, reloading.
INFO 2026-05-27 11:01:18,156 autoreload 3080 22960 Watching for file changes with StatReloader
INFO 2026-05-27 11:01:25,217 autoreload 3080 22960 C:\Users\Taha\Desktop\CURSORAGRI - Copy\dashboard\urls.py changed, reloading.
INFO 2026-05-27 11:01:26,003 autoreload 15556 20688 Watching for file changes with StatReloader
ERROR 2026-05-27 11:04:08,401 log 15556 11060 Internal Server Error: /data-ingestion/
Traceback (most recent call last):
  File "C:\Users\Taha\AppData\Local\Programs\Python\Python311\Lib\site-packages\django\db\models\query.py", line 916, in get_or_create
    return self.get(**kwargs), False
           ^^^^^^^^^^^^^^^^^^
  File "C:\Users\Taha\AppData\Local\Programs\Python\Python311\Lib\site-packages\django\db\models\query.py", line 637, in get
    raise self.model.DoesNotExist(
dashboard.models.Region.DoesNotExist: Region matching query does not exist.

During handling of the above exception, another exception occurred:

Traceback (most recent call last):
  File "C:\Users\Taha\AppData\Local\Programs\Python\Python311\Lib\site-packages\django\core\handlers\exception.py", line 55, in inner
    response = get_response(request)
               ^^^^^^^^^^^^^^^^^^^^^
  File "C:\Users\Taha\AppData\Local\Programs\Python\Python311\Lib\site-packages\django\core\handlers\base.py", line 197, in _get_response
    response = wrapped_callback(request, *callback_args, **callback_kwargs)
               ^^^^^^^^^^^^^^^^^^^^^^^^^^^^^^^^^^^^^^^^^^^^^^^^^^^^^^^^^^^^
  File "C:\Users\Taha\AppData\Local\Programs\Python\Python311\Lib\contextlib.py", line 81, in inner
    return func(*args, **kwds)
           ^^^^^^^^^^^^^^^^^^^
  File "C:\Users\Taha\Desktop\CURSORAGRI - Copy\dashboard\views.py", line 270, in data_ingestion
    create_reference_data()
  File "C:\Users\Taha\Desktop\CURSORAGRI - Copy\dashboard\data_ingestion_utils.py", line 244, in create_reference_data
    Region.objects.get_or_create(name=name, defaults={'country': country})
  File "C:\Users\Taha\AppData\Local\Programs\Python\Python311\Lib\site-packages\django\db\models\manager.py", line 87, in manager_method
    return getattr(self.get_queryset(), name)(*args, **kwargs)
           ^^^^^^^^^^^^^^^^^^^^^^^^^^^^^^^^^^^^^^^^^^^^^^^^^^^
  File "C:\Users\Taha\AppData\Local\Programs\Python\Python311\Lib\site-packages\django\db\models\query.py", line 918, in get_or_create
    params = self._extract_model_params(defaults, **kwargs)
             ^^^^^^^^^^^^^^^^^^^^^^^^^^^^^^^^^^^^^^^^^^^^^^
  File "C:\Users\Taha\AppData\Local\Programs\Python\Python311\Lib\site-packages\django\db\models\query.py", line 999, in _extract_model_params
    raise exceptions.FieldError(
django.core.exceptions.FieldError: Invalid field name(s) for model Region: 'country'.
INFO 2026-05-27 11:04:35,851 autoreload 15556 20688 C:\Users\Taha\Desktop\CURSORAGRI - Copy\dashboard\data_ingestion_utils.py changed, reloading.
INFO 2026-05-27 11:04:36,717 autoreload 12024 27600 Watching for file changes with StatReloader
INFO 2026-05-27 11:25:24,147 autoreload 12024 27600 C:\Users\Taha\Desktop\CURSORAGRI - Copy\dashboard\views.py changed, reloading.
INFO 2026-05-27 11:25:25,049 autoreload 7356 38540 Watching for file changes with StatReloader
INFO 2026-05-27 11:44:18,629 autoreload 3500 12284 Watching for file changes with StatReloader
INFO 2026-05-27 11:58:05,349 autoreload 3500 12284 C:\Users\Taha\Desktop\CURSORAGRI - Copy\dashboard\models.py changed, reloading.
INFO 2026-05-27 11:58:06,448 autoreload 6120 22700 Watching for file changes with StatReloader
INFO 2026-05-27 11:58:28,094 autoreload 6120 22700 C:\Users\Taha\Desktop\CURSORAGRI - Copy\dashboard\views.py changed, reloading.
INFO 2026-05-27 11:58:29,047 autoreload 17312 24232 Watching for file changes with StatReloader
INFO 2026-05-27 11:58:41,021 autoreload 17312 24232 C:\Users\Taha\Desktop\CURSORAGRI - Copy\dashboard\urls.py changed, reloading.
INFO 2026-05-27 11:58:42,072 autoreload 31540 28772 Watching for file changes with StatReloader
WARNING 2026-05-27 12:26:48,540 log 31540 4964 Bad Request: /api/submit-metrics/
WARNING 2026-05-27 12:26:48,565 log 31540 4964 Bad Request: /api/submit-metrics/
WARNING 2026-05-27 12:26:48,580 log 31540 4964 Bad Request: /api/submit-metrics/
WARNING 2026-05-27 12:26:48,611 log 31540 4964 Bad Request: /api/submit-metrics/
WARNING 2026-05-27 12:26:48,626 log 31540 4964 Bad Request: /api/submit-metrics/
WARNING 2026-05-27 17:33:37,718 log 31540 14012 Bad Request: /api/submit-metrics/
WARNING 2026-05-27 17:33:37,742 log 31540 14012 Bad Request: /api/submit-metrics/
WARNING 2026-05-27 17:33:37,758 log 31540 14012 Bad Request: /api/submit-metrics/
WARNING 2026-05-27 17:33:37,793 log 31540 14012 Bad Request: /api/submit-metrics/
WARNING 2026-05-27 17:33:37,812 log 31540 14012 Bad Request: /api/submit-metrics/
WARNING 2026-05-27 17:39:05,939 log 31540 30776 Not Found: /favicon.ico
WARNING 2026-05-27 17:40:33,454 log 31540 30776 Bad Request: /api/submit-metrics/
WARNING 2026-05-27 17:40:33,481 log 31540 30776 Bad Request: /api/submit-metrics/
WARNING 2026-05-27 17:40:40,128 log 31540 30776 Bad Request: /api/submit-metrics/
WARNING 2026-05-27 17:40:40,153 log 31540 30776 Bad Request: /api/submit-metrics/
WARNING 2026-05-27 17:40:52,622 log 31540 30776 Bad Request: /api/submit-metrics/
WARNING 2026-05-27 17:40:52,636 log 31540 30776 Bad Request: /api/submit-metrics/
WARNING 2026-05-27 17:41:26,382 log 31540 30776 Bad Request: /api/submit-metrics/
WARNING 2026-05-27 17:41:33,758 log 31540 30776 Bad Request: /api/submit-metrics/
WARNING 2026-05-27 17:41:33,809 log 31540 30776 Bad Request: /api/submit-metrics/
WARNING 2026-05-27 17:44:50,163 log 31540 30776 Bad Request: /api/submit-metrics/
WARNING 2026-05-27 17:44:50,178 log 31540 30776 Bad Request: /api/submit-metrics/
WARNING 2026-05-27 17:45:00,003 log 31540 30776 Bad Request: /api/submit-metrics/
WARNING 2026-05-27 17:45:45,607 log 31540 30776 Bad Request: /api/submit-metrics/
WARNING 2026-05-27 17:50:11,495 log 31540 30776 Bad Request: /api/submit-metrics/
WARNING 2026-05-27 17:50:11,511 log 31540 30776 Bad Request: /api/submit-metrics/
WARNING 2026-05-27 17:50:23,807 log 31540 30776 Bad Request: /api/submit-metrics/
WARNING 2026-05-27 17:51:37,495 log 31540 30776 Bad Request: /api/submit-metrics/
WARNING 2026-05-27 17:51:37,521 log 31540 30776 Bad Request: /api/submit-metrics/
WARNING 2026-05-27 17:52:25,103 log 31540 30776 Bad Request: /api/submit-metrics/
WARNING 2026-05-27 17:52:25,119 log 31540 30776 Bad Request: /api/submit-metrics/
WARNING 2026-05-27 17:53:33,923 log 31540 30776 Bad Request: /api/submit-metrics/
WARNING 2026-05-27 17:53:33,938 log 31540 30776 Bad Request: /api/submit-metrics/
WARNING 2026-05-27 17:53:46,515 log 31540 30776 Bad Request: /api/submit-metrics/
WARNING 2026-05-27 17:53:46,532 log 31540 30776 Bad Request: /api/submit-metrics/
WARNING 2026-05-27 17:54:05,242 log 31540 30776 Bad Request: /api/submit-metrics/
WARNING 2026-05-27 17:55:22,146 log 31540 30776 Bad Request: /api/submit-metrics/
WARNING 2026-05-27 17:55:22,190 log 31540 30776 Bad Request: /api/submit-metrics/
WARNING 2026-05-27 18:06:05,189 log 31540 19652 Bad Request: /api/submit-metrics/
WARNING 2026-05-27 18:06:24,055 log 31540 19652 Bad Request: /api/submit-metrics/
ERROR 2026-05-27 18:06:31,581 log 31540 19652 Internal Server Error: /metrics/soil/
Traceback (most recent call last):
  File "C:\Users\Taha\AppData\Local\Programs\Python\Python311\Lib\site-packages\django\core\handlers\exception.py", line 55, in inner
    response = get_response(request)
               ^^^^^^^^^^^^^^^^^^^^^
  File "C:\Users\Taha\AppData\Local\Programs\Python\Python311\Lib\site-packages\django\core\handlers\base.py", line 197, in _get_response
    response = wrapped_callback(request, *callback_args, **callback_kwargs)
               ^^^^^^^^^^^^^^^^^^^^^^^^^^^^^^^^^^^^^^^^^^^^^^^^^^^^^^^^^^^^
  File "C:\Users\Taha\AppData\Local\Programs\Python\Python311\Lib\contextlib.py", line 81, in inner
    return func(*args, **kwds)
           ^^^^^^^^^^^^^^^^^^^
  File "C:\Users\Taha\Desktop\CURSORAGRI - Copy\dashboard\views.py", line 393, in soil_metrics_view
    return render(request, 'dashboard/metrics_list.html', context)
           ^^^^^^^^^^^^^^^^^^^^^^^^^^^^^^^^^^^^^^^^^^^^^^^^^^^^^^^
  File "C:\Users\Taha\AppData\Local\Programs\Python\Python311\Lib\site-packages\django\shortcuts.py", line 24, in render
    content = loader.render_to_string(template_name, context, request, using=using)
              ^^^^^^^^^^^^^^^^^^^^^^^^^^^^^^^^^^^^^^^^^^^^^^^^^^^^^^^^^^^^^^^^^^^^^
  File "C:\Users\Taha\AppData\Local\Programs\Python\Python311\Lib\site-packages\django\template\loader.py", line 61, in render_to_string
    template = get_template(template_name, using=using)
               ^^^^^^^^^^^^^^^^^^^^^^^^^^^^^^^^^^^^^^^^
  File "C:\Users\Taha\AppData\Local\Programs\Python\Python311\Lib\site-packages\django\template\loader.py", line 19, in get_template
    raise TemplateDoesNotExist(template_name, chain=chain)
django.template.exceptions.TemplateDoesNotExist: dashboard/metrics_list.html
INFO 2026-05-27 18:15:50,272 autoreload 31540 28772 C:\Users\Taha\Desktop\CURSORAGRI - Copy\dashboard\models.py changed, reloading.
INFO 2026-05-27 18:15:51,254 autoreload 33336 35060 Watching for file changes with StatReloader
INFO 2026-05-27 18:16:05,739 autoreload 33336 35060 C:\Users\Taha\Desktop\CURSORAGRI - Copy\dashboard\models.py changed, reloading.
INFO 2026-05-27 18:16:06,572 autoreload 35480 25932 Watching for file changes with StatReloader
INFO 2026-05-27 18:16:15,772 autoreload 35480 25932 C:\Users\Taha\Desktop\CURSORAGRI - Copy\dashboard\models.py changed, reloading.
INFO 2026-05-27 18:16:16,615 autoreload 9408 29712 Watching for file changes with StatReloader
INFO 2026-05-27 18:16:19,576 autoreload 9408 29712 C:\Users\Taha\Desktop\CURSORAGRI - Copy\dashboard\models.py changed, reloading.
INFO 2026-05-27 18:16:20,430 autoreload 13040 37020 Watching for file changes with StatReloader
INFO 2026-05-27 18:16:40,240 autoreload 13040 37020 C:\Users\Taha\Desktop\CURSORAGRI - Copy\dashboard\models.py changed, reloading.
INFO 2026-05-27 18:16:41,082 autoreload 35628 3508 Watching for file changes with StatReloader
INFO 2026-05-27 18:18:47,598 autoreload 35628 3508 C:\Users\Taha\Desktop\CURSORAGRI - Copy\dashboard\data_ingestion_utils.py changed, reloading.
INFO 2026-05-27 18:18:48,430 autoreload 28032 28048 Watching for file changes with StatReloader
INFO 2026-05-27 18:19:09,104 autoreload 28032 28048 C:\Users\Taha\Desktop\CURSORAGRI - Copy\dashboard\data_ingestion_utils.py changed, reloading.
INFO 2026-05-27 18:19:09,897 autoreload 12504 31696 Watching for file changes with StatReloader
INFO 2026-05-27 18:19:22,236 autoreload 12504 31696 C:\Users\Taha\Desktop\CURSORAGRI - Copy\dashboard\data_ingestion_utils.py changed, reloading.
INFO 2026-05-27 18:19:23,047 autoreload 5712 9520 Watching for file changes with StatReloader
INFO 2026-05-27 18:19:37,729 autoreload 5712 9520 C:\Users\Taha\Desktop\CURSORAGRI - Copy\dashboard\data_ingestion_utils.py changed, reloading.
INFO 2026-05-27 18:19:38,555 autoreload 33208 32864 Watching for file changes with StatReloader
INFO 2026-05-27 18:20:22,310 autoreload 33208 32864 C:\Users\Taha\Desktop\CURSORAGRI - Copy\dashboard\data_ingestion_utils.py changed, reloading.
INFO 2026-05-27 18:20:23,116 autoreload 28956 21460 Watching for file changes with StatReloader
INFO 2026-05-27 18:20:34,461 autoreload 28956 21460 C:\Users\Taha\Desktop\CURSORAGRI - Copy\dashboard\data_ingestion_utils.py changed, reloading.
INFO 2026-05-27 18:20:35,250 autoreload 12360 38092 Watching for file changes with StatReloader
INFO 2026-05-27 18:25:14,130 autoreload 32876 39328 Watching for file changes with StatReloader
WARNING 2026-05-27 18:29:43,139 log 32876 13364 Bad Request: /api/submit-metrics/
INFO 2026-05-27 18:30:21,651 autoreload 32876 39328 C:\Users\Taha\Desktop\CURSORAGRI - Copy\dashboard\data_ingestion_utils.py changed, reloading.
INFO 2026-05-27 18:30:22,462 autoreload 21456 39836 Watching for file changes with StatReloader
INFO 2026-05-27 18:32:26,258 autoreload 21456 39836 C:\Users\Taha\Desktop\CURSORAGRI - Copy\dashboard\data_ingestion_utils.py changed, reloading.
INFO 2026-05-27 18:32:27,051 autoreload 6956 6152 Watching for file changes with StatReloader
INFO 2026-05-27 18:33:44,507 autoreload 6956 6152 C:\Users\Taha\Desktop\CURSORAGRI - Copy\dashboard\data_ingestion_utils.py changed, reloading.
INFO 2026-05-27 18:33:45,300 autoreload 23068 8624 Watching for file changes with StatReloader
INFO 2026-05-27 18:33:49,289 autoreload 23068 8624 C:\Users\Taha\Desktop\CURSORAGRI - Copy\dashboard\views.py changed, reloading.
INFO 2026-05-27 18:33:50,104 autoreload 12140 29712 Watching for file changes with StatReloader
INFO 2026-05-27 18:37:12,053 autoreload 12140 29712 C:\Users\Taha\Desktop\CURSORAGRI - Copy\dashboard\views.py changed, reloading.
INFO 2026-05-27 18:37:12,879 autoreload 34344 10576 Watching for file changes with StatReloader
INFO 2026-05-27 18:37:26,546 autoreload 34344 10576 C:\Users\Taha\Desktop\CURSORAGRI - Copy\dashboard\views.py changed, reloading.
INFO 2026-05-27 18:37:27,378 autoreload 29764 36140 Watching for file changes with StatReloader
INFO 2026-05-27 18:37:36,573 autoreload 29764 36140 C:\Users\Taha\Desktop\CURSORAGRI - Copy\dashboard\views.py changed, reloading.
INFO 2026-05-27 18:37:37,431 autoreload 22732 15528 Watching for file changes with StatReloader
INFO 2026-05-27 18:37:47,732 autoreload 22732 15528 C:\Users\Taha\Desktop\CURSORAGRI - Copy\dashboard\views.py changed, reloading.
INFO 2026-05-27 18:37:48,531 autoreload 17384 15196 Watching for file changes with StatReloader
INFO 2026-05-27 18:37:57,706 autoreload 17384 15196 C:\Users\Taha\Desktop\CURSORAGRI - Copy\dashboard\views.py changed, reloading.
INFO 2026-05-27 18:37:58,495 autoreload 31956 29200 Watching for file changes with StatReloader
INFO 2026-05-27 18:38:11,950 autoreload 31956 29200 C:\Users\Taha\Desktop\CURSORAGRI - Copy\dashboard\views.py changed, reloading.
INFO 2026-05-27 18:38:12,802 autoreload 25404 24656 Watching for file changes with StatReloader
INFO 2026-05-27 18:38:47,578 autoreload 25404 24656 C:\Users\Taha\Desktop\CURSORAGRI - Copy\dashboard\views.py changed, reloading.
INFO 2026-05-27 18:38:48,401 autoreload 39672 13040 Watching for file changes with StatReloader
INFO 2026-05-27 23:03:09,766 autoreload 39672 13040 C:\Users\Taha\Desktop\CURSORAGRI - Copy\dashboard\models.py changed, reloading.
INFO 2026-05-27 23:03:11,868 autoreload 40764 25980 Watching for file changes with StatReloader
INFO 2026-05-27 23:07:04,286 autoreload 40764 25980 C:\Users\Taha\Desktop\CURSORAGRI - Copy\dashboard\models.py changed, reloading.
INFO 2026-05-27 23:07:06,103 autoreload 25504 33152 Watching for file changes with StatReloader
WARNING 2026-05-27 23:16:37,466 log 25504 25368 Bad Request: /api/submit-metrics/
ERROR 2026-05-27 23:16:48,639 log 25504 25368 Internal Server Error: /api/submit-metrics/
ERROR 2026-05-27 23:17:01,142 log 25504 25368 Internal Server Error: /api/submit-metrics/
WARNING 2026-05-27 23:34:32,630 log 25504 19700 Bad Request: /api/submit-metrics/
WARNING 2026-05-27 23:34:45,637 log 25504 19700 Bad Request: /api/submit-metrics/
WARNING 2026-05-27 23:37:01,862 log 25504 19700 Bad Request: /api/submit-metrics/
WARNING 2026-05-27 23:37:10,438 log 25504 19700 Bad Request: /api/submit-metrics/
WARNING 2026-05-27 23:37:19,315 log 25504 19700 Bad Request: /api/submit-metrics/
WARNING 2026-05-27 23:37:45,018 log 25504 19700 Bad Request: /api/submit-metrics/
WARNING 2026-05-28 00:02:55,467 log 25504 11784 Bad Request: /api/submit-metrics/
WARNING 2026-05-28 00:03:05,927 log 25504 11784 Bad Request: /api/submit-metrics/
WARNING 2026-05-28 00:03:07,134 log 25504 11784 Bad Request: /api/submit-metrics/
WARNING 2026-05-28 00:15:06,698 log 25504 31368 Bad Request: /api/submit-metrics/
WARNING 2026-05-28 00:15:18,226 log 25504 31368 Bad Request: /api/submit-metrics/
WARNING 2026-05-28 00:17:34,953 log 25504 31368 Bad Request: /api/submit-metrics/
INFO 2026-05-28 00:17:49,508 autoreload 25504 33152 C:\Users\Taha\Desktop\CURSORAGRI - Copy\dashboard\data_ingestion_utils.py changed, reloading.
INFO 2026-05-28 00:17:50,486 autoreload 21392 18584 Watching for file changes with StatReloader
INFO 2026-05-28 00:18:33,428 autoreload 21392 18584 C:\Users\Taha\Desktop\CURSORAGRI - Copy\dashboard\data_ingestion_utils.py changed, reloading.
INFO 2026-05-28 00:18:34,316 autoreload 7156 35228 Watching for file changes with StatReloader
INFO 2026-05-28 00:20:09,503 autoreload 7156 35228 C:\Users\Taha\Desktop\CURSORAGRI - Copy\dashboard\data_ingestion_utils.py changed, reloading.
INFO 2026-05-28 00:20:10,331 autoreload 34188 39580 Watching for file changes with StatReloader
INFO 2026-05-28 00:21:03,592 autoreload 34188 39580 C:\Users\Taha\Desktop\CURSORAGRI - Copy\dashboard\data_ingestion_utils.py changed, reloading.
INFO 2026-05-28 00:21:04,448 autoreload 1308 18476 Watching for file changes with StatReloader
INFO 2026-05-28 00:21:23,192 autoreload 1308 18476 C:\Users\Taha\Desktop\CURSORAGRI - Copy\dashboard\data_ingestion_utils.py changed, reloading.
INFO 2026-05-28 00:21:24,039 autoreload 34780 22368 Watching for file changes with StatReloader
ERROR 2026-05-28 00:24:26,849 log 34780 24016 Bad Gateway: /api/live-metrics/
ERROR 2026-05-28 00:40:05,059 log 34780 25784 Internal Server Error: /metrics/soil/
Traceback (most recent call last):
  File "C:\Users\Taha\AppData\Local\Programs\Python\Python311\Lib\site-packages\django\core\handlers\exception.py", line 55, in inner
    response = get_response(request)
               ^^^^^^^^^^^^^^^^^^^^^
  File "C:\Users\Taha\AppData\Local\Programs\Python\Python311\Lib\site-packages\django\core\handlers\base.py", line 197, in _get_response
    response = wrapped_callback(request, *callback_args, **callback_kwargs)
               ^^^^^^^^^^^^^^^^^^^^^^^^^^^^^^^^^^^^^^^^^^^^^^^^^^^^^^^^^^^^
  File "C:\Users\Taha\AppData\Local\Programs\Python\Python311\Lib\contextlib.py", line 81, in inner
    return func(*args, **kwds)
           ^^^^^^^^^^^^^^^^^^^
  File "C:\Users\Taha\Desktop\CURSORAGRI - Copy\dashboard\views.py", line 394, in soil_metrics_view
    return render(request, 'dashboard/metrics_list.html', context)
           ^^^^^^^^^^^^^^^^^^^^^^^^^^^^^^^^^^^^^^^^^^^^^^^^^^^^^^^
  File "C:\Users\Taha\AppData\Local\Programs\Python\Python311\Lib\site-packages\django\shortcuts.py", line 24, in render
    content = loader.render_to_string(template_name, context, request, using=using)
              ^^^^^^^^^^^^^^^^^^^^^^^^^^^^^^^^^^^^^^^^^^^^^^^^^^^^^^^^^^^^^^^^^^^^^
  File "C:\Users\Taha\AppData\Local\Programs\Python\Python311\Lib\site-packages\django\template\loader.py", line 61, in render_to_string
    template = get_template(template_name, using=using)
               ^^^^^^^^^^^^^^^^^^^^^^^^^^^^^^^^^^^^^^^^
  File "C:\Users\Taha\AppData\Local\Programs\Python\Python311\Lib\site-packages\django\template\loader.py", line 19, in get_template
    raise TemplateDoesNotExist(template_name, chain=chain)
django.template.exceptions.TemplateDoesNotExist: dashboard/metrics_list.html
ERROR 2026-05-28 00:40:05,086 log 34780 3332 Internal Server Error: /metrics/soil/
Traceback (most recent call last):
  File "C:\Users\Taha\AppData\Local\Programs\Python\Python311\Lib\site-packages\django\core\handlers\exception.py", line 55, in inner
    response = get_response(request)
               ^^^^^^^^^^^^^^^^^^^^^
  File "C:\Users\Taha\AppData\Local\Programs\Python\Python311\Lib\site-packages\django\core\handlers\base.py", line 197, in _get_response
    response = wrapped_callback(request, *callback_args, **callback_kwargs)
               ^^^^^^^^^^^^^^^^^^^^^^^^^^^^^^^^^^^^^^^^^^^^^^^^^^^^^^^^^^^^
  File "C:\Users\Taha\AppData\Local\Programs\Python\Python311\Lib\contextlib.py", line 81, in inner
    return func(*args, **kwds)
           ^^^^^^^^^^^^^^^^^^^
  File "C:\Users\Taha\Desktop\CURSORAGRI - Copy\dashboard\views.py", line 394, in soil_metrics_view
    return render(request, 'dashboard/metrics_list.html', context)
           ^^^^^^^^^^^^^^^^^^^^^^^^^^^^^^^^^^^^^^^^^^^^^^^^^^^^^^^
  File "C:\Users\Taha\AppData\Local\Programs\Python\Python311\Lib\site-packages\django\shortcuts.py", line 24, in render
    content = loader.render_to_string(template_name, context, request, using=using)
              ^^^^^^^^^^^^^^^^^^^^^^^^^^^^^^^^^^^^^^^^^^^^^^^^^^^^^^^^^^^^^^^^^^^^^
  File "C:\Users\Taha\AppData\Local\Programs\Python\Python311\Lib\site-packages\django\template\loader.py", line 61, in render_to_string
    template = get_template(template_name, using=using)
               ^^^^^^^^^^^^^^^^^^^^^^^^^^^^^^^^^^^^^^^^
  File "C:\Users\Taha\AppData\Local\Programs\Python\Python311\Lib\site-packages\django\template\loader.py", line 19, in get_template
    raise TemplateDoesNotExist(template_name, chain=chain)
django.template.exceptions.TemplateDoesNotExist: dashboard/metrics_list.html
INFO 2026-05-28 00:44:18,893 autoreload 34780 22368 C:\Users\Taha\Desktop\CURSORAGRI - Copy\dashboard\data_ingestion_utils.py changed, reloading.
INFO 2026-05-28 00:44:19,971 autoreload 24628 19292 Watching for file changes with StatReloader
INFO 2026-05-28 00:52:49,918 autoreload 24628 19292 C:\Users\Taha\Desktop\CURSORAGRI - Copy\dashboard\views.py changed, reloading.
INFO 2026-05-28 00:52:50,847 autoreload 11828 2160 Watching for file changes with StatReloader
INFO 2026-05-28 00:52:54,940 autoreload 11828 2160 C:\Users\Taha\Desktop\CURSORAGRI - Copy\dashboard\urls.py changed, reloading.
INFO 2026-05-28 00:52:55,849 autoreload 20568 22384 Watching for file changes with StatReloader
INFO 2026-05-28 00:56:01,435 autoreload 20568 22384 C:\Users\Taha\Desktop\CURSORAGRI - Copy\dashboard\views.py changed, reloading.
INFO 2026-05-28 00:56:02,296 autoreload 25504 3272 Watching for file changes with StatReloader
INFO 2026-05-28 00:57:18,701 autoreload 25504 3272 C:\Users\Taha\Desktop\CURSORAGRI - Copy\dashboard\views.py changed, reloading.
INFO 2026-05-28 00:57:19,523 autoreload 30884 33812 Watching for file changes with StatReloader
INFO 2026-05-28 00:58:24,321 autoreload 30884 33812 C:\Users\Taha\Desktop\CURSORAGRI - Copy\dashboard\views.py changed, reloading.
INFO 2026-05-28 00:58:25,156 autoreload 11228 19768 Watching for file changes with StatReloader
INFO 2026-05-28 09:55:40,223 autoreload 34732 10148 Watching for file changes with StatReloader
WARNING 2026-05-28 09:58:08,740 log 34732 17956 Not Found: /favicon.ico
INFO 2026-05-28 11:12:44,884 autoreload 34732 10148 C:\Users\Taha\Desktop\CURSORAGRI - Copy\dashboard\models.py changed, reloading.
INFO 2026-05-28 11:12:51,167 autoreload 31400 29712 Watching for file changes with StatReloader
INFO 2026-05-28 11:13:47,272 autoreload 31400 29712 C:\Users\Taha\Desktop\CURSORAGRI - Copy\dashboard\views.py changed, reloading.
INFO 2026-05-28 11:13:49,201 autoreload 19272 6292 Watching for file changes with StatReloader
INFO 2026-05-28 11:51:01,914 autoreload 19272 6292 C:\Users\Taha\Desktop\CURSORAGRI - Copy\dashboard\views.py changed, reloading.
INFO 2026-05-28 11:51:03,891 autoreload 31736 16060 Watching for file changes with StatReloader
INFO 2026-05-28 22:17:22,561 autoreload 30316 12876 Watching for file changes with StatReloader
WARNING 2026-05-28 22:17:35,010 log 30316 17928 Not Found: /favicon.ico
INFO 2026-05-30 10:26:39,481 autoreload 23960 15960 Watching for file changes with StatReloader
WARNING 2026-05-30 10:27:35,357 log 23960 5236 Not Found: /favicon.ico
INFO 2026-05-30 11:03:08,924 autoreload 18428 22116 Watching for file changes with StatReloader
INFO 2026-05-30 11:18:39,493 autoreload 18428 22116 C:\Users\Taha\Desktop\CURSORAGRI - Copy - Copy\dashboard\urls.py changed, reloading.
INFO 2026-05-30 11:18:40,307 autoreload 16516 28556 Watching for file changes with StatReloader
INFO 2026-05-30 11:18:47,439 autoreload 16516 28556 C:\Users\Taha\Desktop\CURSORAGRI - Copy - Copy\dashboard\urls.py changed, reloading.
INFO 2026-05-30 11:18:48,232 autoreload 12328 12612 Watching for file changes with StatReloader
INFO 2026-05-30 11:19:07,577 autoreload 12328 12612 C:\Users\Taha\Desktop\CURSORAGRI - Copy - Copy\dashboard\views.py changed, reloading.
INFO 2026-05-30 11:19:08,349 autoreload 16908 2844 Watching for file changes with StatReloader
INFO 2026-05-30 11:22:31,106 autoreload 16908 2844 C:\Users\Taha\Desktop\CURSORAGRI - Copy - Copy\dashboard\views.py changed, reloading.
INFO 2026-05-30 11:22:34,426 autoreload 29352 28420 Watching for file changes with StatReloader
INFO 2026-05-30 11:24:44,825 autoreload 29352 28420 C:\Users\Taha\Desktop\CURSORAGRI - Copy - Copy\dashboard\views.py changed, reloading.
INFO 2026-05-30 11:24:45,672 autoreload 29448 26896 Watching for file changes with StatReloader
INFO 2026-05-30 11:24:50,731 autoreload 29448 26896 C:\Users\Taha\Desktop\CURSORAGRI - Copy - Copy\dashboard\urls.py changed, reloading.
INFO 2026-05-30 11:24:51,512 autoreload 13948 2400 Watching for file changes with StatReloader
INFO 2026-05-30 11:50:31,729 autoreload 13948 2400 C:\Users\Taha\Desktop\CURSORAGRI - Copy - Copy\dashboard\urls.py changed, reloading.
INFO 2026-05-30 11:50:34,966 autoreload 29632 28644 Watching for file changes with StatReloader
INFO 2026-05-30 11:50:49,378 autoreload 29632 28644 C:\Users\Taha\Desktop\CURSORAGRI - Copy - Copy\dashboard\urls.py changed, reloading.
INFO 2026-05-30 11:50:50,202 autoreload 21140 22996 Watching for file changes with StatReloader
INFO 2026-05-30 11:52:00,673 autoreload 21140 22996 C:\Users\Taha\Desktop\CURSORAGRI - Copy - Copy\dashboard\views.py changed, reloading.
INFO 2026-05-30 11:52:01,469 autoreload 30680 7884 Watching for file changes with StatReloader
INFO 2026-05-30 12:05:42,285 autoreload 30680 7884 C:\Users\Taha\Desktop\CURSORAGRI - Copy - Copy\dashboard\urls.py changed, reloading.
INFO 2026-05-30 12:05:46,833 autoreload 22920 14956 Watching for file changes with StatReloader
ERROR 2026-05-30 12:15:26,172 log 22920 28880 Bad Gateway: /api/live-metrics/
INFO 2026-05-30 12:26:50,497 autoreload 22388 10328 Watching for file changes with StatReloader
ERROR 2026-05-30 14:20:26,288 log 22388 28300 Bad Gateway: /api/live-metrics/
ERROR 2026-05-30 14:26:26,287 log 22388 29224 Bad Gateway: /api/live-metrics/
INFO 2026-06-06 13:41:05,977 autoreload 26720 31024 Watching for file changes with StatReloader
WARNING 2026-06-06 13:41:34,537 log 26720 14348 Not Found: /favicon.ico
INFO 2026-06-06 14:31:06,856 autoreload 26720 31024 C:\Users\Taha\Desktop\CURSORAGRI - Copy - Copy\dashboard\views.py changed, reloading.
INFO 2026-06-06 14:31:07,660 autoreload 20024 8304 Watching for file changes with StatReloader
INFO 2026-06-06 14:55:59,744 autoreload 20024 8304 C:\Users\Taha\Desktop\CURSORAGRI - Copy - Copy\dashboard\views.py changed, reloading.
INFO 2026-06-06 14:56:00,539 autoreload 16048 11416 Watching for file changes with StatReloader
WARNING 2026-06-06 15:05:24,310 log 16048 23980 Forbidden (CSRF token from POST incorrect.): /login/
INFO 2026-06-06 15:05:38,196 autoreload 24484 2656 Watching for file changes with StatReloader
INFO 2026-06-06 15:08:36,465 autoreload 24484 2656 C:\Users\Taha\Desktop\CURSORAGRI - Copy - Copy\dashboard\views.py changed, reloading.
INFO 2026-06-06 15:08:37,258 autoreload 28420 33216 Watching for file changes with StatReloader
INFO 2026-06-06 15:09:56,730 autoreload 20800 17100 Watching for file changes with StatReloader
INFO 2026-06-06 15:11:04,610 autoreload 35788 27752 Watching for file changes with StatReloader
INFO 2026-06-06 15:11:35,644 autoreload 35788 27752 C:\Users\Taha\Desktop\CURSORAGRI - Copy - Copy\dashboard\views.py changed, reloading.
INFO 2026-06-06 15:11:35,783 autoreload 20800 17100 C:\Users\Taha\Desktop\CURSORAGRI - Copy - Copy\dashboard\views.py changed, reloading.
INFO 2026-06-06 15:11:36,460 autoreload 27844 13884 Watching for file changes with StatReloader
INFO 2026-06-06 15:11:36,586 autoreload 6708 7892 Watching for file changes with StatReloader
INFO 2026-06-06 15:11:41,530 autoreload 27844 13884 C:\Users\Taha\Desktop\CURSORAGRI - Copy - Copy\dashboard\urls.py changed, reloading.
INFO 2026-06-06 15:11:41,587 autoreload 6708 7892 C:\Users\Taha\Desktop\CURSORAGRI - Copy - Copy\dashboard\urls.py changed, reloading.
INFO 2026-06-06 15:11:42,352 autoreload 15708 20536 Watching for file changes with StatReloader
INFO 2026-06-06 15:11:42,392 autoreload 31052 24816 Watching for file changes with StatReloader
INFO 2026-06-06 15:15:55,382 autoreload 15708 20536 C:\Users\Taha\Desktop\CURSORAGRI - Copy - Copy\dashboard\urls.py changed, reloading.
INFO 2026-06-06 15:15:55,389 autoreload 31052 24816 C:\Users\Taha\Desktop\CURSORAGRI - Copy - Copy\dashboard\urls.py changed, reloading.
INFO 2026-06-06 15:15:56,203 autoreload 20876 32368 Watching for file changes with StatReloader
INFO 2026-06-06 15:15:56,204 autoreload 25812 23792 Watching for file changes with StatReloader
INFO 2026-06-06 15:19:05,056 autoreload 20876 32368 C:\Users\Taha\Desktop\CURSORAGRI - Copy - Copy\dashboard\models.py changed, reloading.
INFO 2026-06-06 15:19:05,063 autoreload 25812 23792 C:\Users\Taha\Desktop\CURSORAGRI - Copy - Copy\dashboard\data_ingestion_utils.py changed, reloading.
INFO 2026-06-06 15:19:05,935 autoreload 30640 33284 Watching for file changes with StatReloader
INFO 2026-06-06 15:19:05,936 autoreload 1000 4964 Watching for file changes with StatReloader
INFO 2026-06-06 15:19:26,875 autoreload 25588 16120 Watching for file changes with StatReloader
INFO 2026-06-06 15:22:41,876 autoreload 1000 4964 C:\Users\Taha\Desktop\CURSORAGRI - Copy - Copy\agri_dashboard\settings.py changed, reloading.
INFO 2026-06-06 15:22:41,994 autoreload 25588 16120 C:\Users\Taha\Desktop\CURSORAGRI - Copy - Copy\agri_dashboard\settings.py changed, reloading.
INFO 2026-06-06 15:22:42,704 autoreload 26412 24424 Watching for file changes with StatReloader
INFO 2026-06-06 15:22:42,765 autoreload 16248 17156 Watching for file changes with StatReloader
INFO 2026-06-06 15:23:44,464 autoreload 26412 24424 C:\Users\Taha\Desktop\CURSORAGRI - Copy - Copy\dashboard\views.py changed, reloading.
INFO 2026-06-06 15:23:44,469 autoreload 16248 17156 C:\Users\Taha\Desktop\CURSORAGRI - Copy - Copy\dashboard\views.py changed, reloading.
INFO 2026-06-06 15:23:45,235 autoreload 24696 13776 Watching for file changes with StatReloader
INFO 2026-06-06 15:23:45,235 autoreload 9716 10328 Watching for file changes with StatReloader
INFO 2026-06-06 15:26:31,462 autoreload 9716 10328 C:\Users\Taha\Desktop\CURSORAGRI - Copy - Copy\dashboard\views.py changed, reloading.
INFO 2026-06-06 15:26:31,468 autoreload 24696 13776 C:\Users\Taha\Desktop\CURSORAGRI - Copy - Copy\dashboard\views.py changed, reloading.
INFO 2026-06-06 15:26:32,283 autoreload 32644 32560 Watching for file changes with StatReloader
INFO 2026-06-06 15:26:32,327 autoreload 26448 30716 Watching for file changes with StatReloader
INFO 2026-06-06 15:26:49,994 autoreload 26448 30716 C:\Users\Taha\Desktop\CURSORAGRI - Copy - Copy\dashboard\views.py changed, reloading.
INFO 2026-06-06 15:26:49,998 autoreload 32644 32560 C:\Users\Taha\Desktop\CURSORAGRI - Copy - Copy\dashboard\views.py changed, reloading.
INFO 2026-06-06 15:26:50,825 autoreload 13608 6616 Watching for file changes with StatReloader
INFO 2026-06-06 15:26:50,825 autoreload 14716 27848 Watching for file changes with StatReloader
WARNING 2026-06-06 15:27:20,485 log 13608 5656 Not Found: /accounts/login/
INFO 2026-06-06 15:27:56,699 autoreload 14716 27848 C:\Users\Taha\Desktop\CURSORAGRI - Copy - Copy\dashboard\urls.py changed, reloading.
INFO 2026-06-06 15:27:56,891 autoreload 13608 6616 C:\Users\Taha\Desktop\CURSORAGRI - Copy - Copy\dashboard\urls.py changed, reloading.
INFO 2026-06-06 15:27:57,519 autoreload 6880 23864 Watching for file changes with StatReloader
INFO 2026-06-06 15:27:57,707 autoreload 20208 21728 Watching for file changes with StatReloader
INFO 2026-06-06 15:28:06,724 autoreload 6880 23864 C:\Users\Taha\Desktop\CURSORAGRI - Copy - Copy\dashboard\urls.py changed, reloading.
INFO 2026-06-06 15:28:06,874 autoreload 20208 21728 C:\Users\Taha\Desktop\CURSORAGRI - Copy - Copy\dashboard\urls.py changed, reloading.
INFO 2026-06-06 15:28:07,529 autoreload 19628 10804 Watching for file changes with StatReloader
INFO 2026-06-06 15:28:07,675 autoreload 28328 23892 Watching for file changes with StatReloader
WARNING 2026-06-06 15:28:20,548 log 28328 11432 Not Found: /accounts/login/
WARNING 2026-06-06 15:29:20,496 log 28328 11432 Not Found: /accounts/login/
WARNING 2026-06-06 15:30:20,517 log 28328 11432 Not Found: /accounts/login/
INFO 2026-06-06 15:31:13,047 autoreload 29348 24592 Watching for file changes with StatReloader
WARNING 2026-06-06 15:31:14,864 log 29348 18360 Not Found: /accounts/login/
WARNING 2026-06-06 15:31:20,480 log 29348 18360 Not Found: /accounts/login/
WARNING 2026-06-06 15:31:30,000 log 29348 31116 Not Found: /accounts/login/
INFO 2026-06-06 15:32:11,440 autoreload 19628 10804 C:\Users\Taha\Desktop\CURSORAGRI - Copy - Copy\agri_dashboard\settings.py changed, reloading.
INFO 2026-06-06 15:32:11,865 autoreload 29348 24592 C:\Users\Taha\Desktop\CURSORAGRI - Copy - Copy\agri_dashboard\settings.py changed, reloading.
INFO 2026-06-06 15:32:12,300 autoreload 1756 28768 Watching for file changes with StatReloader
INFO 2026-06-06 15:32:12,712 autoreload 24032 6416 Watching for file changes with StatReloader
INFO 2026-06-06 15:32:21,485 autoreload 1756 28768 C:\Users\Taha\Desktop\CURSORAGRI - Copy - Copy\dashboard\urls.py changed, reloading.
INFO 2026-06-06 15:32:22,036 autoreload 24032 6416 C:\Users\Taha\Desktop\CURSORAGRI - Copy - Copy\dashboard\urls.py changed, reloading.
INFO 2026-06-06 15:32:22,293 autoreload 27960 21612 Watching for file changes with StatReloader
INFO 2026-06-06 15:32:22,874 autoreload 14364 36628 Watching for file changes with StatReloader
INFO 2026-06-06 16:24:45,625 autoreload 2624 22008 Watching for file changes with StatReloader
INFO 2026-06-06 16:25:05,009 autoreload 21836 10652 Watching for file changes with StatReloader
WARNING 2026-06-06 16:26:10,125 log 21836 28572 Not Found: /favicon.ico
ERROR 2026-06-06 18:10:30,644 log 21836 17688 Bad Gateway: /api/live-metrics/
ERROR 2026-06-07 00:04:24,010 log 21836 36960 Bad Gateway: /api/live-metrics/
INFO 2026-06-10 11:31:45,926 autoreload 19876 4988 Watching for file changes with StatReloader
WARNING 2026-06-10 11:32:03,284 log 19876 36044 Not Found: /favicon.ico
ERROR 2026-06-10 12:10:28,042 log 19876 36044 Bad Gateway: /api/live-metrics/
INFO 2026-06-10 12:25:46,501 autoreload 17156 17092 Watching for file changes with StatReloader
WARNING 2026-06-10 12:42:32,446 log 17156 15948 Not Found: /favicon.ico
ERROR 2026-06-10 12:57:16,154 exception 39108 9764 Invalid HTTP_HOST header: 'testserver'. You may need to add 'testserver' to ALLOWED_HOSTS.
Traceback (most recent call last):
  File "C:\Users\Taha\AppData\Local\Programs\Python\Python311\Lib\site-packages\django\core\handlers\exception.py", line 55, in inner
    response = get_response(request)
               ^^^^^^^^^^^^^^^^^^^^^
  File "C:\Users\Taha\AppData\Local\Programs\Python\Python311\Lib\site-packages\django\utils\deprecation.py", line 133, in __call__
    response = self.process_request(request)
               ^^^^^^^^^^^^^^^^^^^^^^^^^^^^^
  File "C:\Users\Taha\AppData\Local\Programs\Python\Python311\Lib\site-packages\django\middleware\common.py", line 48, in process_request
    host = request.get_host()
           ^^^^^^^^^^^^^^^^^^
  File "C:\Users\Taha\AppData\Local\Programs\Python\Python311\Lib\site-packages\django\http\request.py", line 167, in get_host
    raise DisallowedHost(msg)
django.core.exceptions.DisallowedHost: Invalid HTTP_HOST header: 'testserver'. You may need to add 'testserver' to ALLOWED_HOSTS.
WARNING 2026-06-10 12:57:16,470 log 39108 9764 Bad Request: /
ERROR 2026-06-10 12:57:16,472 exception 39108 9764 Invalid HTTP_HOST header: 'testserver'. You may need to add 'testserver' to ALLOWED_HOSTS.
Traceback (most recent call last):
  File "C:\Users\Taha\AppData\Local\Programs\Python\Python311\Lib\site-packages\django\core\handlers\exception.py", line 55, in inner
    response = get_response(request)
               ^^^^^^^^^^^^^^^^^^^^^
  File "C:\Users\Taha\AppData\Local\Programs\Python\Python311\Lib\site-packages\django\utils\deprecation.py", line 133, in __call__
    response = self.process_request(request)
               ^^^^^^^^^^^^^^^^^^^^^^^^^^^^^
  File "C:\Users\Taha\AppData\Local\Programs\Python\Python311\Lib\site-packages\django\middleware\common.py", line 48, in process_request
    host = request.get_host()
           ^^^^^^^^^^^^^^^^^^
  File "C:\Users\Taha\AppData\Local\Programs\Python\Python311\Lib\site-packages\django\http\request.py", line 167, in get_host
    raise DisallowedHost(msg)
django.core.exceptions.DisallowedHost: Invalid HTTP_HOST header: 'testserver'. You may need to add 'testserver' to ALLOWED_HOSTS.
WARNING 2026-06-10 12:57:16,498 log 39108 9764 Bad Request: /
ERROR 2026-06-10 13:00:06,423 log 17156 5700 Bad Gateway: /api/live-metrics/
INFO 2026-06-10 13:05:11,810 autoreload 17156 17092 C:\Users\Taha\Desktop\CURSORAGRI - Copy - Copy\dashboard\urls.py changed, reloading.
INFO 2026-06-10 13:05:12,884 autoreload 15152 33024 Watching for file changes with StatReloader
INFO 2026-06-10 13:05:34,832 autoreload 15152 33024 C:\Users\Taha\Desktop\CURSORAGRI - Copy - Copy\dashboard\urls.py changed, reloading.
INFO 2026-06-10 13:05:35,824 autoreload 33620 29856 Watching for file changes with StatReloader
INFO 2026-06-10 13:05:38,849 autoreload 33620 29856 C:\Users\Taha\Desktop\CURSORAGRI - Copy - Copy\dashboard\views.py changed, reloading.
INFO 2026-06-10 13:05:39,863 autoreload 17652 24984 Watching for file changes with StatReloader
INFO 2026-06-10 13:07:31,745 autoreload 8728 11116 Watching for file changes with StatReloader
INFO 2026-06-10 13:10:46,503 autoreload 8728 11116 C:\Users\Taha\Desktop\CURSORAGRI - Copy - Copy\dashboard\views.py changed, reloading.
INFO 2026-06-10 13:10:47,719 autoreload 38004 30816 Watching for file changes with StatReloader
INFO 2026-06-10 13:10:54,192 autoreload 38004 30816 C:\Users\Taha\Desktop\CURSORAGRI - Copy - Copy\dashboard\urls.py changed, reloading.
INFO 2026-06-10 13:10:55,277 autoreload 33820 4100 Watching for file changes with StatReloader
INFO 2026-06-10 13:10:59,445 autoreload 33820 4100 C:\Users\Taha\Desktop\CURSORAGRI - Copy - Copy\dashboard\urls.py changed, reloading.
INFO 2026-06-10 13:11:00,564 autoreload 9912 27976 Watching for file changes with StatReloader
INFO 2026-06-10 13:11:09,033 autoreload 9912 27976 C:\Users\Taha\Desktop\CURSORAGRI - Copy - Copy\agri_dashboard\middleware.py changed, reloading.
INFO 2026-06-10 13:11:10,117 autoreload 22396 11848 Watching for file changes with StatReloader
INFO 2026-06-10 13:11:29,519 autoreload 22396 11848 C:\Users\Taha\Desktop\CURSORAGRI - Copy - Copy\agri_dashboard\middleware.py changed, reloading.
INFO 2026-06-10 13:11:30,624 autoreload 29224 15556 Watching for file changes with StatReloader
INFO 2026-06-10 13:12:52,899 autoreload 25056 9412 Watching for file changes with StatReloader
INFO 2026-06-10 13:18:22,880 autoreload 25056 9412 C:\Users\Taha\Desktop\CURSORAGRI - Copy - Copy\dashboard\models.py changed, reloading.
INFO 2026-06-10 13:18:23,710 autoreload 19168 12224 Watching for file changes with StatReloader
INFO 2026-06-10 13:18:32,974 autoreload 19168 12224 C:\Users\Taha\Desktop\CURSORAGRI - Copy - Copy\dashboard\models.py changed, reloading.
INFO 2026-06-10 13:18:33,742 autoreload 31076 20144 Watching for file changes with StatReloader
INFO 2026-06-10 13:19:19,439 autoreload 31076 20144 C:\Users\Taha\Desktop\CURSORAGRI - Copy - Copy\dashboard\forms.py changed, reloading.
INFO 2026-06-10 13:19:20,408 autoreload 27800 13208 Watching for file changes with StatReloader
INFO 2026-06-10 13:19:34,577 autoreload 27800 13208 C:\Users\Taha\Desktop\CURSORAGRI - Copy - Copy\dashboard\forms.py changed, reloading.
INFO 2026-06-10 13:19:35,968 autoreload 12684 39904 Watching for file changes with StatReloader
INFO 2026-06-10 13:19:43,294 autoreload 12684 39904 C:\Users\Taha\Desktop\CURSORAGRI - Copy - Copy\dashboard\forms.py changed, reloading.
INFO 2026-06-10 13:19:44,303 autoreload 30552 21464 Watching for file changes with StatReloader
INFO 2026-06-10 13:20:01,838 autoreload 30552 21464 C:\Users\Taha\Desktop\CURSORAGRI - Copy - Copy\dashboard\views.py changed, reloading.
INFO 2026-06-10 13:20:02,850 autoreload 20572 7144 Watching for file changes with StatReloader
INFO 2026-06-10 13:20:29,141 autoreload 20572 7144 C:\Users\Taha\Desktop\CURSORAGRI - Copy - Copy\dashboard\views.py changed, reloading.
INFO 2026-06-10 13:20:30,739 autoreload 9920 13952 Watching for file changes with StatReloader
INFO 2026-06-10 13:21:01,625 autoreload 9920 13952 C:\Users\Taha\Desktop\CURSORAGRI - Copy - Copy\dashboard\views.py changed, reloading.
INFO 2026-06-10 13:21:02,657 autoreload 26364 18968 Watching for file changes with StatReloader
INFO 2026-06-10 13:21:34,050 autoreload 26364 18968 C:\Users\Taha\Desktop\CURSORAGRI - Copy - Copy\dashboard\views.py changed, reloading.
INFO 2026-06-10 13:21:35,098 autoreload 13080 26472 Watching for file changes with StatReloader
INFO 2026-06-10 13:21:57,168 autoreload 13080 26472 C:\Users\Taha\Desktop\CURSORAGRI - Copy - Copy\dashboard\urls.py changed, reloading.
INFO 2026-06-10 13:21:58,213 autoreload 5560 20724 Watching for file changes with StatReloader
INFO 2026-06-10 13:22:06,267 autoreload 5560 20724 C:\Users\Taha\Desktop\CURSORAGRI - Copy - Copy\dashboard\urls.py changed, reloading.
INFO 2026-06-10 13:22:07,320 autoreload 29428 40312 Watching for file changes with StatReloader
INFO 2026-06-10 13:28:49,843 autoreload 29428 40312 C:\Users\Taha\Desktop\CURSORAGRI - Copy - Copy\dashboard\models.py changed, reloading.
INFO 2026-06-10 13:28:50,826 autoreload 27232 27200 Watching for file changes with StatReloader
INFO 2026-06-10 13:29:03,155 autoreload 27232 27200 C:\Users\Taha\Desktop\CURSORAGRI - Copy - Copy\dashboard\models.py changed, reloading.
INFO 2026-06-10 13:29:04,187 autoreload 11912 12156 Watching for file changes with StatReloader
INFO 2026-06-10 13:30:23,711 autoreload 11912 12156 C:\Users\Taha\Desktop\CURSORAGRI - Copy - Copy\dashboard\models.py changed, reloading.
INFO 2026-06-10 13:30:24,734 autoreload 38044 27896 Watching for file changes with StatReloader
INFO 2026-06-10 13:30:26,749 autoreload 38044 27896 C:\Users\Taha\Desktop\CURSORAGRI - Copy - Copy\dashboard\models.py changed, reloading.
INFO 2026-06-10 13:30:27,721 autoreload 5316 31036 Watching for file changes with StatReloader
INFO 2026-06-10 13:30:30,790 autoreload 5316 31036 C:\Users\Taha\Desktop\CURSORAGRI - Copy - Copy\dashboard\models.py changed, reloading.
INFO 2026-06-10 13:30:31,805 autoreload 14492 36996 Watching for file changes with StatReloader
INFO 2026-06-10 13:30:33,792 autoreload 14492 36996 C:\Users\Taha\Desktop\CURSORAGRI - Copy - Copy\dashboard\models.py changed, reloading.
INFO 2026-06-10 13:30:34,726 autoreload 16724 14144 Watching for file changes with StatReloader
INFO 2026-06-10 14:52:58,452 autoreload 16724 14144 C:\Users\Taha\Desktop\CURSORAGRI - Copy - Copy\dashboard\models.py changed, reloading.
INFO 2026-06-10 14:52:59,760 autoreload 13096 30348 Watching for file changes with StatReloader
WARNING 2026-06-10 15:07:32,679 log 13096 35684 Not Found: /admin/users/
WARNING 2026-06-10 15:07:57,510 log 13096 35684 Not Found: /admin/users/
INFO 2026-06-10 15:08:39,745 autoreload 13096 30348 C:\Users\Taha\Desktop\CURSORAGRI - Copy - Copy\dashboard\urls.py changed, reloading.
INFO 2026-06-10 15:08:41,094 autoreload 16708 1572 Watching for file changes with StatReloader
WARNING 2026-06-10 15:17:18,614 log 16708 16276 Not Found: /admin/users/
WARNING 2026-06-10 15:17:19,292 log 16708 16276 Not Found: /admin/users/
WARNING 2026-06-10 15:17:21,412 log 16708 16276 Not Found: /admin/users/
WARNING 2026-06-10 15:20:12,265 log 16708 16276 Not Found: /admin/users/
INFO 2026-06-10 15:33:02,822 autoreload 16708 1572 C:\Users\Taha\Desktop\CURSORAGRI - Copy - Copy\dashboard\forms.py changed, reloading.
INFO 2026-06-10 15:33:03,894 autoreload 19680 21444 Watching for file changes with StatReloader
INFO 2026-06-10 15:42:26,029 autoreload 19680 21444 C:\Users\Taha\Desktop\CURSORAGRI - Copy - Copy\dashboard\forms.py changed, reloading.
INFO 2026-06-10 15:42:27,327 autoreload 15900 31644 Watching for file changes with StatReloader
INFO 2026-06-10 15:44:19,143 autoreload 4392 10172 Watching for file changes with StatReloader
INFO 2026-06-10 15:44:53,255 autoreload 4392 10172 C:\Users\Taha\Desktop\CURSORAGRI - Copy - Copy\dashboard\forms.py changed, reloading.
INFO 2026-06-10 15:44:54,612 autoreload 17536 10652 Watching for file changes with StatReloader
INFO 2026-06-10 15:54:24,262 autoreload 17536 10652 C:\Users\Taha\Desktop\CURSORAGRI - Copy - Copy\dashboard\views.py changed, reloading.
INFO 2026-06-10 15:54:25,544 autoreload 17772 32348 Watching for file changes with StatReloader
INFO 2026-06-10 15:54:36,058 autoreload 17772 32348 C:\Users\Taha\Desktop\CURSORAGRI - Copy - Copy\dashboard\views.py changed, reloading.
INFO 2026-06-10 15:54:37,358 autoreload 31076 29512 Watching for file changes with StatReloader
INFO 2026-06-10 15:54:46,192 autoreload 31076 29512 C:\Users\Taha\Desktop\CURSORAGRI - Copy - Copy\dashboard\views.py changed, reloading.
INFO 2026-06-10 15:54:47,435 autoreload 10568 38824 Watching for file changes with StatReloader
INFO 2026-06-10 15:54:53,879 autoreload 10568 38824 C:\Users\Taha\Desktop\CURSORAGRI - Copy - Copy\dashboard\views.py changed, reloading.
INFO 2026-06-10 15:54:54,988 autoreload 37676 11560 Watching for file changes with StatReloader
INFO 2026-06-10 15:55:23,794 autoreload 37676 11560 C:\Users\Taha\Desktop\CURSORAGRI - Copy - Copy\dashboard\views.py changed, reloading.
INFO 2026-06-10 15:55:24,964 autoreload 35032 13476 Watching for file changes with StatReloader
INFO 2026-06-10 15:55:56,422 autoreload 35032 13476 C:\Users\Taha\Desktop\CURSORAGRI - Copy - Copy\dashboard\views.py changed, reloading.
INFO 2026-06-10 15:55:57,782 autoreload 40108 28024 Watching for file changes with StatReloader
INFO 2026-06-10 15:56:28,642 autoreload 40108 28024 C:\Users\Taha\Desktop\CURSORAGRI - Copy - Copy\dashboard\views.py changed, reloading.
INFO 2026-06-10 15:56:29,894 autoreload 32572 5456 Watching for file changes with StatReloader
INFO 2026-06-10 15:56:45,584 autoreload 32572 5456 C:\Users\Taha\Desktop\CURSORAGRI - Copy - Copy\dashboard\views.py changed, reloading.
INFO 2026-06-10 15:56:46,851 autoreload 26816 33476 Watching for file changes with StatReloader
ERROR 2026-06-10 16:05:51,934 log 26816 23568 Internal Server Error: /api/live-metrics/
Traceback (most recent call last):
  File "C:\Users\Taha\AppData\Local\Programs\Python\Python311\Lib\site-packages\django\core\handlers\exception.py", line 55, in inner
    response = get_response(request)
               ^^^^^^^^^^^^^^^^^^^^^
  File "C:\Users\Taha\AppData\Local\Programs\Python\Python311\Lib\site-packages\django\core\handlers\base.py", line 197, in _get_response
    response = wrapped_callback(request, *callback_args, **callback_kwargs)
               ^^^^^^^^^^^^^^^^^^^^^^^^^^^^^^^^^^^^^^^^^^^^^^^^^^^^^^^^^^^^
  File "C:\Users\Taha\AppData\Local\Programs\Python\Python311\Lib\contextlib.py", line 81, in inner
    return func(*args, **kwds)
           ^^^^^^^^^^^^^^^^^^^
  File "C:\Users\Taha\Desktop\CURSORAGRI - Copy - Copy\dashboard\views.py", line 428, in live_metrics_api
    with urlopen(api_url, timeout=10) as response:
         ^^^^^^^^^^^^^^^^^^^^^^^^^^^^
  File "C:\Users\Taha\AppData\Local\Programs\Python\Python311\Lib\urllib\request.py", line 216, in urlopen
    return opener.open(url, data, timeout)
           ^^^^^^^^^^^^^^^^^^^^^^^^^^^^^^^
  File "C:\Users\Taha\AppData\Local\Programs\Python\Python311\Lib\urllib\request.py", line 519, in open
    response = self._open(req, data)
               ^^^^^^^^^^^^^^^^^^^^^
  File "C:\Users\Taha\AppData\Local\Programs\Python\Python311\Lib\urllib\request.py", line 536, in _open
    result = self._call_chain(self.handle_open, protocol, protocol +
             ^^^^^^^^^^^^^^^^^^^^^^^^^^^^^^^^^^^^^^^^^^^^^^^^^^^^^^^
  File "C:\Users\Taha\AppData\Local\Programs\Python\Python311\Lib\urllib\request.py", line 496, in _call_chain
    result = func(*args)
             ^^^^^^^^^^^
  File "C:\Users\Taha\AppData\Local\Programs\Python\Python311\Lib\urllib\request.py", line 1391, in https_open
    return self.do_open(http.client.HTTPSConnection, req,
           ^^^^^^^^^^^^^^^^^^^^^^^^^^^^^^^^^^^^^^^^^^^^^^
  File "C:\Users\Taha\AppData\Local\Programs\Python\Python311\Lib\urllib\request.py", line 1352, in do_open
    r = h.getresponse()
        ^^^^^^^^^^^^^^^
  File "C:\Users\Taha\AppData\Local\Programs\Python\Python311\Lib\http\client.py", line 1378, in getresponse
    response.begin()
  File "C:\Users\Taha\AppData\Local\Programs\Python\Python311\Lib\http\client.py", line 318, in begin
    version, status, reason = self._read_status()
                              ^^^^^^^^^^^^^^^^^^^
  File "C:\Users\Taha\AppData\Local\Programs\Python\Python311\Lib\http\client.py", line 279, in _read_status
    line = str(self.fp.readline(_MAXLINE + 1), "iso-8859-1")
               ^^^^^^^^^^^^^^^^^^^^^^^^^^^^^^
  File "C:\Users\Taha\AppData\Local\Programs\Python\Python311\Lib\socket.py", line 706, in readinto
    return self._sock.recv_into(b)
           ^^^^^^^^^^^^^^^^^^^^^^^
  File "C:\Users\Taha\AppData\Local\Programs\Python\Python311\Lib\ssl.py", line 1311, in recv_into
    return self.read(nbytes, buffer)
           ^^^^^^^^^^^^^^^^^^^^^^^^^
  File "C:\Users\Taha\AppData\Local\Programs\Python\Python311\Lib\ssl.py", line 1167, in read
    return self._sslobj.read(len, buffer)
           ^^^^^^^^^^^^^^^^^^^^^^^^^^^^^^
TimeoutError: The read operation timed out
WARNING 2026-06-10 16:08:09,657 log 26816 22440 Forbidden: /api/submit-metrics/
INFO 2026-06-10 17:06:48,915 autoreload 26816 33476 C:\Users\Taha\Desktop\CURSORAGRI - Copy - Copy\dashboard\models.py changed, reloading.
INFO 2026-06-10 17:06:49,999 autoreload 37924 11812 Watching for file changes with StatReloader
INFO 2026-06-10 17:07:02,383 autoreload 37924 11812 C:\Users\Taha\Desktop\CURSORAGRI - Copy - Copy\dashboard\models.py changed, reloading.
INFO 2026-06-10 17:07:03,386 autoreload 26352 29428 Watching for file changes with StatReloader
INFO 2026-06-10 17:07:43,028 autoreload 26352 29428 C:\Users\Taha\Desktop\CURSORAGRI - Copy - Copy\dashboard\models.py changed, reloading.
INFO 2026-06-10 17:07:44,009 autoreload 30240 12228 Watching for file changes with StatReloader
INFO 2026-06-10 17:07:54,756 autoreload 30240 12228 C:\Users\Taha\Desktop\CURSORAGRI - Copy - Copy\dashboard\models.py changed, reloading.
INFO 2026-06-10 17:07:55,639 autoreload 27436 16724 Watching for file changes with StatReloader
INFO 2026-06-10 17:08:06,480 autoreload 27436 16724 C:\Users\Taha\Desktop\CURSORAGRI - Copy - Copy\dashboard\models.py changed, reloading.
INFO 2026-06-10 17:08:07,362 autoreload 12228 20176 Watching for file changes with StatReloader
INFO 2026-06-10 17:08:19,290 autoreload 12228 20176 C:\Users\Taha\Desktop\CURSORAGRI - Copy - Copy\dashboard\models.py changed, reloading.
INFO 2026-06-10 17:08:20,180 autoreload 33032 33492 Watching for file changes with StatReloader
INFO 2026-06-10 17:08:30,944 autoreload 33032 33492 C:\Users\Taha\Desktop\CURSORAGRI - Copy - Copy\dashboard\models.py changed, reloading.
INFO 2026-06-10 17:08:31,820 autoreload 36564 8440 Watching for file changes with StatReloader
INFO 2026-06-10 17:09:07,769 autoreload 36564 8440 C:\Users\Taha\Desktop\CURSORAGRI - Copy - Copy\dashboard\models.py changed, reloading.
INFO 2026-06-10 17:09:08,667 autoreload 18488 29428 Watching for file changes with StatReloader
INFO 2026-06-10 17:09:33,518 autoreload 18488 29428 C:\Users\Taha\Desktop\CURSORAGRI - Copy - Copy\dashboard\models.py changed, reloading.
INFO 2026-06-10 17:09:34,450 autoreload 21324 32588 Watching for file changes with StatReloader
INFO 2026-06-10 17:09:45,600 autoreload 21324 32588 C:\Users\Taha\Desktop\CURSORAGRI - Copy - Copy\dashboard\models.py changed, reloading.
INFO 2026-06-10 17:09:46,547 autoreload 9948 28524 Watching for file changes with StatReloader
INFO 2026-06-10 17:10:31,953 autoreload 9948 28524 C:\Users\Taha\Desktop\CURSORAGRI - Copy - Copy\dashboard\models.py changed, reloading.
INFO 2026-06-10 17:10:32,861 autoreload 4392 23212 Watching for file changes with StatReloader
INFO 2026-06-10 17:12:29,883 autoreload 4392 23212 C:\Users\Taha\Desktop\CURSORAGRI - Copy - Copy\dashboard\views.py changed, reloading.
INFO 2026-06-10 17:12:30,818 autoreload 34852 18892 Watching for file changes with StatReloader
INFO 2026-06-10 17:12:58,006 autoreload 34852 18892 C:\Users\Taha\Desktop\CURSORAGRI - Copy - Copy\dashboard\views.py changed, reloading.
INFO 2026-06-10 17:12:58,864 autoreload 41600 32112 Watching for file changes with StatReloader
INFO 2026-06-10 17:13:39,151 autoreload 41600 32112 C:\Users\Taha\Desktop\CURSORAGRI - Copy - Copy\dashboard\data_ingestion_utils.py changed, reloading.
INFO 2026-06-10 17:13:40,068 autoreload 33648 20596 Watching for file changes with StatReloader
INFO 2026-06-10 17:14:06,403 autoreload 33648 20596 C:\Users\Taha\Desktop\CURSORAGRI - Copy - Copy\dashboard\data_ingestion_utils.py changed, reloading.
INFO 2026-06-10 17:14:07,307 autoreload 28564 31068 Watching for file changes with StatReloader
ERROR 2026-06-10 18:14:03,051 log 28564 1452 Bad Gateway: /api/live-metrics/
INFO 2026-06-12 12:22:04,196 autoreload 10940 26640 Watching for file changes with StatReloader
WARNING 2026-06-12 12:22:27,355 log 10940 23832 Not Found: /favicon.ico
WARNING 2026-06-12 12:28:00,529 log 10940 25056 Bad Request: /api/submit-metrics/
ERROR 2026-06-12 12:44:46,783 log 10940 18604 Bad Gateway: /api/live-metrics/
ERROR 2026-06-12 13:24:18,951 log 10940 18604 Bad Gateway: /api/live-metrics/
ERROR 2026-06-12 13:25:17,635 log 10940 18604 Bad Gateway: /api/live-metrics/
ERROR 2026-06-12 13:30:17,639 log 10940 18604 Bad Gateway: /api/live-metrics/
ERROR 2026-06-12 14:46:49,076 log 10940 18604 Bad Gateway: /api/live-metrics/
WARNING 2026-06-12 16:52:47,920 log 10940 30424 Forbidden (CSRF cookie not set.): /login/
INFO 2026-06-12 16:52:58,617 autoreload 10940 26640 C:\Users\Taha\Desktop\CURSORAGRI - Copy - Copy\agri_dashboard\middleware.py changed, reloading.
INFO 2026-06-12 16:52:59,817 autoreload 36700 36612 Watching for file changes with StatReloader
INFO 2026-06-12 16:53:08,922 autoreload 36700 36612 C:\Users\Taha\Desktop\CURSORAGRI - Copy - Copy\agri_dashboard\middleware.py changed, reloading.
INFO 2026-06-12 16:53:09,922 autoreload 22228 19796 Watching for file changes with StatReloader
INFO 2026-06-12 16:54:59,257 autoreload 22228 19796 C:\Users\Taha\Desktop\CURSORAGRI - Copy - Copy\dashboard\views.py changed, reloading.
INFO 2026-06-12 16:55:00,250 autoreload 35396 34916 Watching for file changes with StatReloader
INFO 2026-06-12 16:56:04,907 autoreload 35396 34916 C:\Users\Taha\Desktop\CURSORAGRI - Copy - Copy\dashboard\views.py changed, reloading.
INFO 2026-06-12 16:56:05,890 autoreload 24192 26308 Watching for file changes with StatReloader
INFO 2026-06-12 16:56:22,228 autoreload 24192 26308 C:\Users\Taha\Desktop\CURSORAGRI - Copy - Copy\dashboard\views.py changed, reloading.
INFO 2026-06-12 16:56:23,250 autoreload 33468 9696 Watching for file changes with StatReloader
ERROR 2026-06-12 18:14:19,410 log 33468 8872 Bad Gateway: /api/live-metrics/
INFO 2026-06-17 11:39:59,068 autoreload 22884 42748 Watching for file changes with StatReloader
WARNING 2026-06-17 11:40:14,769 log 22884 46648 Not Found: /favicon.ico
INFO 2026-06-18 15:39:22,997 autoreload 12168 25252 Watching for file changes with StatReloader
INFO 2026-06-18 15:40:20,215 autoreload 21032 37044 Watching for file changes with StatReloader
WARNING 2026-06-18 15:40:27,717 log 21032 42512 Not Found: /favicon.ico
INFO 2026-06-18 15:56:42,441 autoreload 21032 37044 C:\Users\Taha\Desktop\CURSORAGRI - Copy - Copy\dashboard\views.py changed, reloading.
INFO 2026-06-18 15:56:43,587 autoreload 11236 18064 Watching for file changes with StatReloader
INFO 2026-06-18 15:57:31,709 autoreload 11236 18064 C:\Users\Taha\Desktop\CURSORAGRI - Copy - Copy\dashboard\views.py changed, reloading.
INFO 2026-06-18 15:57:32,920 autoreload 34736 45108 Watching for file changes with StatReloader
INFO 2026-06-18 15:58:21,342 autoreload 34736 45108 C:\Users\Taha\Desktop\CURSORAGRI - Copy - Copy\dashboard\views.py changed, reloading.
INFO 2026-06-18 15:58:22,551 autoreload 45092 9980 Watching for file changes with StatReloader
INFO 2026-06-18 15:59:07,655 autoreload 45092 9980 C:\Users\Taha\Desktop\CURSORAGRI - Copy - Copy\dashboard\views.py changed, reloading.
INFO 2026-06-18 15:59:08,882 autoreload 22108 15100 Watching for file changes with StatReloader
INFO 2026-06-18 15:59:24,269 autoreload 22108 15100 C:\Users\Taha\Desktop\CURSORAGRI - Copy - Copy\dashboard\views.py changed, reloading.
INFO 2026-06-18 15:59:25,623 autoreload 48304 10324 Watching for file changes with StatReloader
INFO 2026-06-18 16:00:05,128 autoreload 48304 10324 C:\Users\Taha\Desktop\CURSORAGRI - Copy - Copy\dashboard\views.py changed, reloading.
INFO 2026-06-18 16:00:06,394 autoreload 44336 33716 Watching for file changes with StatReloader
ERROR 2026-06-18 16:01:55,379 log 44336 5612 Internal Server Error: /api/upload-file/
ERROR 2026-06-18 16:02:23,535 log 44336 5612 Internal Server Error: /api/upload-file/
INFO 2026-06-18 16:04:50,593 autoreload 44336 33716 C:\Users\Taha\Desktop\CURSORAGRI - Copy - Copy\dashboard\views.py changed, reloading.
INFO 2026-06-18 16:04:51,816 autoreload 32776 10644 Watching for file changes with StatReloader
INFO 2026-06-18 16:05:07,937 autoreload 32776 10644 C:\Users\Taha\Desktop\CURSORAGRI - Copy - Copy\dashboard\views.py changed, reloading.
INFO 2026-06-18 16:05:09,196 autoreload 29004 11432 Watching for file changes with StatReloader
INFO 2026-06-18 16:05:20,707 autoreload 29004 11432 C:\Users\Taha\Desktop\CURSORAGRI - Copy - Copy\dashboard\views.py changed, reloading.
INFO 2026-06-18 16:05:21,919 autoreload 31220 46976 Watching for file changes with StatReloader
INFO 2026-06-18 16:05:31,023 autoreload 31220 46976 C:\Users\Taha\Desktop\CURSORAGRI - Copy - Copy\dashboard\views.py changed, reloading.
INFO 2026-06-18 16:05:32,194 autoreload 44900 30852 Watching for file changes with StatReloader
ERROR 2026-06-18 16:06:53,841 log 44900 46232 Internal Server Error: /api/upload-file/
ERROR 2026-06-18 16:07:26,318 log 44900 46232 Internal Server Error: /api/upload-file/
ERROR 2026-06-18 16:07:49,301 log 44900 46232 Internal Server Error: /api/upload-file/
ERROR 2026-06-18 16:09:07,809 log 44900 46232 Internal Server Error: /api/upload-file/
INFO 2026-06-18 16:10:49,861 autoreload 44900 30852 C:\Users\Taha\Desktop\CURSORAGRI - Copy - Copy\dashboard\views.py changed, reloading.
INFO 2026-06-18 16:10:51,154 autoreload 8460 13704 Watching for file changes with StatReloader
ERROR 2026-06-18 16:11:58,942 log 8460 41208 Internal Server Error: /api/upload-file/
INFO 2026-06-18 16:13:47,514 autoreload 8460 13704 C:\Users\Taha\Desktop\CURSORAGRI - Copy - Copy\dashboard\views.py changed, reloading.
INFO 2026-06-18 16:13:48,764 autoreload 39184 26064 Watching for file changes with StatReloader
INFO 2026-06-18 16:14:22,151 autoreload 39184 26064 C:\Users\Taha\Desktop\CURSORAGRI - Copy - Copy\dashboard\views.py changed, reloading.
INFO 2026-06-18 16:14:23,347 autoreload 45356 35552 Watching for file changes with StatReloader
INFO 2026-06-19 10:37:01,413 autoreload 5652 40136 Watching for file changes with StatReloader
WARNING 2026-06-19 10:37:19,327 log 5652 10360 Not Found: /favicon.ico
INFO 2026-06-19 11:09:34,692 autoreload 5652 40136 C:\Users\Taha\Desktop\CURSORAGRI - Copy - Copy\dashboard\views.py changed, reloading.
INFO 2026-06-19 11:09:38,010 autoreload 39668 37868 Watching for file changes with StatReloader
INFO 2026-06-19 11:09:51,231 autoreload 39668 37868 C:\Users\Taha\Desktop\CURSORAGRI - Copy - Copy\dashboard\urls.py changed, reloading.
INFO 2026-06-19 11:09:52,356 autoreload 43836 22268 Watching for file changes with StatReloader
INFO 2026-06-19 11:10:04,789 autoreload 43836 22268 C:\Users\Taha\Desktop\CURSORAGRI - Copy - Copy\dashboard\urls.py changed, reloading.
INFO 2026-06-19 11:10:05,838 autoreload 48936 44512 Watching for file changes with StatReloader
INFO 2026-06-19 11:18:21,308 autoreload 13804 2272 Watching for file changes with StatReloader
WARNING 2026-06-19 13:35:10,505 log 13804 40236 Not Found: /favicon.ico
INFO 2026-06-19 13:48:43,607 autoreload 13804 2272 C:\Users\Taha\Desktop\CURSORAGRI - Copy - Copy\dashboard\views.py changed, reloading.
INFO 2026-06-19 13:48:44,977 autoreload 44136 40476 Watching for file changes with StatReloader
INFO 2026-06-19 13:53:03,204 autoreload 44136 40476 C:\Users\Taha\Desktop\CURSORAGRI - Copy - Copy\dashboard\views.py changed, reloading.
INFO 2026-06-19 13:53:04,463 autoreload 45508 31768 Watching for file changes with StatReloader
INFO 2026-06-19 17:31:26,248 autoreload 37180 48800 Watching for file changes with StatReloader
WARNING 2026-06-19 17:31:57,565 log 37180 48704 Not Found: /favicon.ico
INFO 2026-06-19 17:36:46,492 autoreload 37180 48800 C:\Users\Taha\Desktop\CURSORAGRI - Copy - Copy\dashboard\views.py changed, reloading.
INFO 2026-06-19 17:36:47,584 autoreload 49384 25984 Watching for file changes with StatReloader
INFO 2026-06-20 22:10:11,129 autoreload 21256 37292 Watching for file changes with StatReloader
INFO 2026-06-20 22:14:37,248 autoreload 28652 27852 Watching for file changes with StatReloader
WARNING 2026-06-20 22:14:48,400 log 28652 1764 Not Found: /favicon.ico
INFO 2026-06-20 22:20:35,212 autoreload 28652 27852 C:\Users\Taha\Desktop\CURSORAGRI - Copy - Copy\dashboard\views.py changed, reloading.
INFO 2026-06-20 22:20:39,540 autoreload 34456 42340 Watching for file changes with StatReloader
INFO 2026-06-20 22:20:50,474 autoreload 34456 42340 C:\Users\Taha\Desktop\CURSORAGRI - Copy - Copy\dashboard\views.py changed, reloading.
INFO 2026-06-20 22:20:51,838 autoreload 17700 32740 Watching for file changes with StatReloader
ERROR 2026-06-20 22:22:54,501 log 17700 10072 Bad Gateway: /api/live-metrics/
ERROR 2026-06-20 22:26:54,508 log 17700 10072 Bad Gateway: /api/live-metrics/
ERROR 2026-06-20 22:27:54,494 log 17700 10072 Bad Gateway: /api/live-metrics/
ERROR 2026-06-20 22:28:54,510 log 17700 10072 Bad Gateway: /api/live-metrics/
INFO 2026-06-20 22:31:12,065 autoreload 17700 32740 C:\Users\Taha\Desktop\CURSORAGRI - Copy - Copy\dashboard\views.py changed, reloading.
INFO 2026-06-20 22:31:13,436 autoreload 45720 13568 Watching for file changes with StatReloader
INFO 2026-06-20 22:31:18,391 autoreload 45720 13568 C:\Users\Taha\Desktop\CURSORAGRI - Copy - Copy\dashboard\views.py changed, reloading.
INFO 2026-06-20 22:31:19,695 autoreload 1456 27136 Watching for file changes with StatReloader
INFO 2026-06-20 22:31:34,854 autoreload 1456 27136 C:\Users\Taha\Desktop\CURSORAGRI - Copy - Copy\dashboard\views.py changed, reloading.
INFO 2026-06-20 22:31:36,095 autoreload 48388 36620 Watching for file changes with StatReloader
ERROR 2026-06-20 22:32:31,287 log 48388 19556 Bad Gateway: /api/live-metrics/
ERROR 2026-06-20 22:33:16,101 log 48388 19556 Bad Gateway: /api/live-metrics/
INFO 2026-06-20 22:34:08,708 autoreload 48388 36620 C:\Users\Taha\Desktop\CURSORAGRI - Copy - Copy\dashboard\views.py changed, reloading.
INFO 2026-06-20 22:34:09,800 autoreload 38784 47740 Watching for file changes with StatReloader
INFO 2026-06-20 22:34:23,509 autoreload 38784 47740 C:\Users\Taha\Desktop\CURSORAGRI - Copy - Copy\dashboard\views.py changed, reloading.
INFO 2026-06-20 22:34:24,640 autoreload 3768 21760 Watching for file changes with StatReloader
INFO 2026-06-20 22:34:51,126 autoreload 3768 21760 C:\Users\Taha\Desktop\CURSORAGRI - Copy - Copy\dashboard\views.py changed, reloading.
INFO 2026-06-20 22:34:52,258 autoreload 28272 42280 Watching for file changes with StatReloader
INFO 2026-06-20 22:42:50,276 autoreload 28272 42280 C:\Users\Taha\Desktop\CURSORAGRI - Copy - Copy\dashboard\views.py changed, reloading.
INFO 2026-06-20 22:42:51,223 autoreload 29252 26384 Watching for file changes with StatReloader
INFO 2026-06-20 22:43:23,234 autoreload 29252 26384 C:\Users\Taha\Desktop\CURSORAGRI - Copy - Copy\dashboard\views.py changed, reloading.
INFO 2026-06-20 22:43:24,182 autoreload 4504 46384 Watching for file changes with StatReloader
INFO 2026-06-20 22:52:13,326 autoreload 4504 46384 C:\Users\Taha\Desktop\CURSORAGRI - Copy - Copy\dashboard\views.py changed, reloading.
INFO 2026-06-20 22:52:14,510 autoreload 30172 27496 Watching for file changes with StatReloader
INFO 2026-06-20 22:52:18,687 autoreload 30172 27496 C:\Users\Taha\Desktop\CURSORAGRI - Copy - Copy\dashboard\views.py changed, reloading.
INFO 2026-06-20 22:52:19,698 autoreload 26196 43696 Watching for file changes with StatReloader
INFO 2026-06-20 22:52:28,538 autoreload 26196 43696 C:\Users\Taha\Desktop\CURSORAGRI - Copy - Copy\dashboard\views.py changed, reloading.
INFO 2026-06-20 22:52:29,606 autoreload 4800 35172 Watching for file changes with StatReloader
INFO 2026-06-20 22:52:33,878 autoreload 4800 35172 C:\Users\Taha\Desktop\CURSORAGRI - Copy - Copy\dashboard\views.py changed, reloading.
INFO 2026-06-20 22:52:35,013 autoreload 44108 32860 Watching for file changes with StatReloader
INFO 2026-06-20 22:52:50,319 autoreload 44108 32860 C:\Users\Taha\Desktop\CURSORAGRI - Copy - Copy\dashboard\views.py changed, reloading.
INFO 2026-06-20 22:52:51,518 autoreload 40240 18136 Watching for file changes with StatReloader
INFO 2026-06-20 22:53:00,992 autoreload 40240 18136 C:\Users\Taha\Desktop\CURSORAGRI - Copy - Copy\dashboard\views.py changed, reloading.
INFO 2026-06-20 22:53:02,149 autoreload 38628 28308 Watching for file changes with StatReloader
INFO 2026-06-20 22:53:19,379 autoreload 38628 28308 C:\Users\Taha\Desktop\CURSORAGRI - Copy - Copy\dashboard\views.py changed, reloading.
INFO 2026-06-20 22:53:20,537 autoreload 47232 48720 Watching for file changes with StatReloader
INFO 2026-06-21 08:36:15,531 autoreload 23460 44184 Watching for file changes with StatReloader
WARNING 2026-06-21 08:36:58,410 log 23460 15876 Not Found: /favicon.ico
ERROR 2026-06-21 08:39:36,495 log 23460 40496 Internal Server Error: /api/drought-prediction/
ERROR 2026-06-21 08:39:56,175 log 23460 40496 Internal Server Error: /api/drought-prediction/
INFO 2026-06-21 08:42:14,394 autoreload 23460 44184 C:\Users\Taha\Desktop\CURSORAGRI - Copy - Copy\dashboard\views.py changed, reloading.
INFO 2026-06-21 08:42:15,826 autoreload 23664 16940 Watching for file changes with StatReloader
INFO 2026-06-21 08:42:22,241 autoreload 23664 16940 C:\Users\Taha\Desktop\CURSORAGRI - Copy - Copy\dashboard\urls.py changed, reloading.
INFO 2026-06-21 08:42:23,380 autoreload 45728 10248 Watching for file changes with StatReloader
INFO 2026-06-21 08:42:26,597 autoreload 45728 10248 C:\Users\Taha\Desktop\CURSORAGRI - Copy - Copy\dashboard\urls.py changed, reloading.
INFO 2026-06-21 08:42:27,833 autoreload 43160 49128 Watching for file changes with StatReloader
ERROR 2026-06-21 08:52:14,470 log 43160 34860 Internal Server Error: /api/drought-prediction/
INFO 2026-06-21 08:54:56,055 autoreload 43160 49128 C:\Users\Taha\Desktop\CURSORAGRI - Copy - Copy\dashboard\views.py changed, reloading.
INFO 2026-06-21 08:54:57,268 autoreload 38152 50092 Watching for file changes with StatReloader
INFO 2026-06-21 08:55:01,432 autoreload 38152 50092 C:\Users\Taha\Desktop\CURSORAGRI - Copy - Copy\dashboard\views.py changed, reloading.
INFO 2026-06-21 08:55:02,550 autoreload 24724 47796 Watching for file changes with StatReloader
INFO 2026-06-21 08:55:06,672 autoreload 24724 47796 C:\Users\Taha\Desktop\CURSORAGRI - Copy - Copy\dashboard\views.py changed, reloading.
INFO 2026-06-21 08:55:07,681 autoreload 35200 6644 Watching for file changes with StatReloader
INFO 2026-06-21 08:55:21,459 autoreload 35200 6644 C:\Users\Taha\Desktop\CURSORAGRI - Copy - Copy\dashboard\views.py changed, reloading.
INFO 2026-06-21 08:55:22,467 autoreload 31136 40772 Watching for file changes with StatReloader
INFO 2026-06-21 08:56:01,099 autoreload 31136 40772 C:\Users\Taha\Desktop\CURSORAGRI - Copy - Copy\dashboard\views.py changed, reloading.
INFO 2026-06-21 08:56:02,120 autoreload 25704 36804 Watching for file changes with StatReloader
INFO 2026-06-21 09:05:41,819 autoreload 25704 36804 C:\Users\Taha\Desktop\CURSORAGRI - Copy - Copy\dashboard\views.py changed, reloading.
INFO 2026-06-21 09:05:43,172 autoreload 26812 39220 Watching for file changes with StatReloader
INFO 2026-06-21 09:05:54,912 autoreload 26812 39220 C:\Users\Taha\Desktop\CURSORAGRI - Copy - Copy\dashboard\views.py changed, reloading.
INFO 2026-06-21 09:05:56,083 autoreload 30144 16804 Watching for file changes with StatReloader
INFO 2026-06-21 09:06:07,729 autoreload 30144 16804 C:\Users\Taha\Desktop\CURSORAGRI - Copy - Copy\dashboard\views.py changed, reloading.
INFO 2026-06-21 09:06:08,888 autoreload 6724 47044 Watching for file changes with StatReloader
INFO 2026-06-21 09:12:49,072 autoreload 6724 47044 C:\Users\Taha\Desktop\CURSORAGRI - Copy - Copy\dashboard\views.py changed, reloading.
INFO 2026-06-21 09:12:50,314 autoreload 4152 47396 Watching for file changes with StatReloader
INFO 2026-06-21 09:16:55,907 autoreload 4152 47396 C:\Users\Taha\Desktop\CURSORAGRI - Copy - Copy\dashboard\views.py changed, reloading.
INFO 2026-06-21 09:16:56,816 autoreload 10332 45568 Watching for file changes with StatReloader
INFO 2026-06-21 09:17:18,540 autoreload 10332 45568 C:\Users\Taha\Desktop\CURSORAGRI - Copy - Copy\dashboard\views.py changed, reloading.
INFO 2026-06-21 09:17:19,402 autoreload 13952 18696 Watching for file changes with StatReloader
INFO 2026-06-21 09:17:41,101 autoreload 13952 18696 C:\Users\Taha\Desktop\CURSORAGRI - Copy - Copy\dashboard\views.py changed, reloading.
INFO 2026-06-21 09:17:41,991 autoreload 16332 34796 Watching for file changes with StatReloader
INFO 2026-06-21 09:20:18,754 autoreload 16332 34796 C:\Users\Taha\Desktop\CURSORAGRI - Copy - Copy\dashboard\views.py changed, reloading.
INFO 2026-06-21 09:20:19,975 autoreload 48504 1928 Watching for file changes with StatReloader
INFO 2026-06-21 09:20:36,952 autoreload 48504 1928 C:\Users\Taha\Desktop\CURSORAGRI - Copy - Copy\dashboard\views.py changed, reloading.
INFO 2026-06-21 09:20:38,124 autoreload 10968 16804 Watching for file changes with StatReloader
INFO 2026-06-21 09:20:46,609 autoreload 10968 16804 C:\Users\Taha\Desktop\CURSORAGRI - Copy - Copy\dashboard\views.py changed, reloading.
INFO 2026-06-21 09:20:47,754 autoreload 25332 9316 Watching for file changes with StatReloader
INFO 2026-06-21 09:21:08,056 autoreload 25332 9316 C:\Users\Taha\Desktop\CURSORAGRI - Copy - Copy\dashboard\views.py changed, reloading.
INFO 2026-06-21 09:21:09,210 autoreload 26456 38244 Watching for file changes with StatReloader
INFO 2026-06-21 09:21:16,659 autoreload 26456 38244 C:\Users\Taha\Desktop\CURSORAGRI - Copy - Copy\dashboard\views.py changed, reloading.
INFO 2026-06-21 09:21:17,797 autoreload 980 13744 Watching for file changes with StatReloader
INFO 2026-06-21 09:21:28,423 autoreload 980 13744 C:\Users\Taha\Desktop\CURSORAGRI - Copy - Copy\dashboard\views.py changed, reloading.
INFO 2026-06-21 09:21:29,584 autoreload 42672 46260 Watching for file changes with StatReloader
INFO 2026-06-21 09:21:33,845 autoreload 42672 46260 C:\Users\Taha\Desktop\CURSORAGRI - Copy - Copy\dashboard\views.py changed, reloading.
INFO 2026-06-21 09:21:35,020 autoreload 47116 43812 Watching for file changes with StatReloader
INFO 2026-06-21 09:21:38,181 autoreload 47116 43812 C:\Users\Taha\Desktop\CURSORAGRI - Copy - Copy\dashboard\views.py changed, reloading.
INFO 2026-06-21 09:21:39,388 autoreload 17580 22472 Watching for file changes with StatReloader
INFO 2026-06-21 09:23:31,798 autoreload 17580 22472 C:\Users\Taha\Desktop\CURSORAGRI - Copy - Copy\dashboard\views.py changed, reloading.
INFO 2026-06-21 09:23:32,976 autoreload 24300 24116 Watching for file changes with StatReloader
INFO 2026-06-21 09:23:38,325 autoreload 24300 24116 C:\Users\Taha\Desktop\CURSORAGRI - Copy - Copy\dashboard\views.py changed, reloading.
INFO 2026-06-21 09:23:39,512 autoreload 6196 32424 Watching for file changes with StatReloader
INFO 2026-06-21 09:23:45,866 autoreload 6196 32424 C:\Users\Taha\Desktop\CURSORAGRI - Copy - Copy\dashboard\views.py changed, reloading.
INFO 2026-06-21 09:23:47,239 autoreload 26244 19664 Watching for file changes with StatReloader
INFO 2026-06-21 09:38:11,719 autoreload 26244 19664 C:\Users\Taha\Desktop\CURSORAGRI - Copy - Copy\dashboard\prediction_engine\pipeline.py changed, reloading.
INFO 2026-06-21 09:38:13,148 autoreload 17676 43104 Watching for file changes with StatReloader
INFO 2026-06-21 09:53:46,835 autoreload 17676 43104 C:\Users\Taha\Desktop\CURSORAGRI - Copy - Copy\dashboard\views.py changed, reloading.
INFO 2026-06-21 09:53:48,260 autoreload 6484 28276 Watching for file changes with StatReloader
INFO 2026-06-21 09:54:04,969 autoreload 6484 28276 C:\Users\Taha\Desktop\CURSORAGRI - Copy - Copy\dashboard\views.py changed, reloading.
INFO 2026-06-21 09:54:06,267 autoreload 41956 6180 Watching for file changes with StatReloader
INFO 2026-06-21 09:54:14,461 autoreload 41956 6180 C:\Users\Taha\Desktop\CURSORAGRI - Copy - Copy\dashboard\views.py changed, reloading.
INFO 2026-06-21 09:54:15,639 autoreload 23108 24968 Watching for file changes with StatReloader
INFO 2026-06-21 09:54:22,419 autoreload 23108 24968 C:\Users\Taha\Desktop\CURSORAGRI - Copy - Copy\dashboard\views.py changed, reloading.
INFO 2026-06-21 09:54:23,703 autoreload 36416 48864 Watching for file changes with StatReloader
INFO 2026-06-21 09:54:26,906 autoreload 36416 48864 C:\Users\Taha\Desktop\CURSORAGRI - Copy - Copy\dashboard\views.py changed, reloading.
INFO 2026-06-21 09:54:28,162 autoreload 48852 12196 Watching for file changes with StatReloader
INFO 2026-06-21 09:54:37,363 autoreload 48852 12196 C:\Users\Taha\Desktop\CURSORAGRI - Copy - Copy\dashboard\views.py changed, reloading.
INFO 2026-06-21 09:54:38,616 autoreload 45368 39468 Watching for file changes with StatReloader
INFO 2026-06-21 09:54:41,812 autoreload 45368 39468 C:\Users\Taha\Desktop\CURSORAGRI - Copy - Copy\dashboard\views.py changed, reloading.
INFO 2026-06-21 09:54:43,028 autoreload 32588 6160 Watching for file changes with StatReloader
INFO 2026-06-21 09:55:00,269 autoreload 32588 6160 C:\Users\Taha\Desktop\CURSORAGRI - Copy - Copy\dashboard\views.py changed, reloading.
INFO 2026-06-21 09:55:01,566 autoreload 1820 23048 Watching for file changes with StatReloader
INFO 2026-06-21 10:00:06,151 autoreload 1820 23048 C:\Users\Taha\Desktop\CURSORAGRI - Copy - Copy\dashboard\prediction_engine\pipeline.py changed, reloading.
INFO 2026-06-21 10:00:07,640 autoreload 35080 35040 Watching for file changes with StatReloader
ERROR 2026-06-21 10:02:55,531 log 35080 6920 Internal Server Error: /api/drought-prediction/
Traceback (most recent call last):
  File "C:\Users\Taha\AppData\Local\Programs\Python\Python311\Lib\site-packages\django\core\handlers\exception.py", line 55, in inner
    response = get_response(request)
               ^^^^^^^^^^^^^^^^^^^^^
  File "C:\Users\Taha\AppData\Local\Programs\Python\Python311\Lib\site-packages\django\core\handlers\base.py", line 197, in _get_response
    response = wrapped_callback(request, *callback_args, **callback_kwargs)
               ^^^^^^^^^^^^^^^^^^^^^^^^^^^^^^^^^^^^^^^^^^^^^^^^^^^^^^^^^^^^
  File "C:\Users\Taha\AppData\Local\Programs\Python\Python311\Lib\contextlib.py", line 81, in inner
    return func(*args, **kwds)
           ^^^^^^^^^^^^^^^^^^^
  File "C:\Users\Taha\AppData\Local\Programs\Python\Python311\Lib\site-packages\django\views\decorators\http.py", line 43, in inner
    return func(request, *args, **kwargs)
           ^^^^^^^^^^^^^^^^^^^^^^^^^^^^^^
  File "C:\Users\Taha\Desktop\CURSORAGRI - Copy - Copy\dashboard\views.py", line 2002, in drought_prediction_api
    heatmap_grid = pipe.generate_heatmap_grid(region, None, latest_prediction.drivers or {}, risk_scores['today'])
                   ^^^^^^^^^^^^^^^^^^^^^^^^^^^^^^^^^^^^^^^^^^^^^^^^^^^^^^^^^^^^^^^^^^^^^^^^^^^^^^^^^^^^^^^^^^^^^^^
  File "C:\Users\Taha\Desktop\CURSORAGRI - Copy - Copy\dashboard\prediction_engine\pipeline.py", line 509, in generate_heatmap_grid
    std_soil = std(prepared_df.get('soil_moisture_pct'), 5)
                   ^^^^^^^^^^^^^^^
AttributeError: 'NoneType' object has no attribute 'get'
ERROR 2026-06-21 10:03:02,291 log 35080 6920 Internal Server Error: /api/drought-prediction/
Traceback (most recent call last):
  File "C:\Users\Taha\AppData\Local\Programs\Python\Python311\Lib\site-packages\django\core\handlers\exception.py", line 55, in inner
    response = get_response(request)
               ^^^^^^^^^^^^^^^^^^^^^
  File "C:\Users\Taha\AppData\Local\Programs\Python\Python311\Lib\site-packages\django\core\handlers\base.py", line 197, in _get_response
    response = wrapped_callback(request, *callback_args, **callback_kwargs)
               ^^^^^^^^^^^^^^^^^^^^^^^^^^^^^^^^^^^^^^^^^^^^^^^^^^^^^^^^^^^^
  File "C:\Users\Taha\AppData\Local\Programs\Python\Python311\Lib\contextlib.py", line 81, in inner
    return func(*args, **kwds)
           ^^^^^^^^^^^^^^^^^^^
  File "C:\Users\Taha\AppData\Local\Programs\Python\Python311\Lib\site-packages\django\views\decorators\http.py", line 43, in inner
    return func(request, *args, **kwargs)
           ^^^^^^^^^^^^^^^^^^^^^^^^^^^^^^
  File "C:\Users\Taha\Desktop\CURSORAGRI - Copy - Copy\dashboard\views.py", line 2002, in drought_prediction_api
    heatmap_grid = pipe.generate_heatmap_grid(region, None, latest_prediction.drivers or {}, risk_scores['today'])
                   ^^^^^^^^^^^^^^^^^^^^^^^^^^^^^^^^^^^^^^^^^^^^^^^^^^^^^^^^^^^^^^^^^^^^^^^^^^^^^^^^^^^^^^^^^^^^^^^
  File "C:\Users\Taha\Desktop\CURSORAGRI - Copy - Copy\dashboard\prediction_engine\pipeline.py", line 509, in generate_heatmap_grid
    std_soil = std(prepared_df.get('soil_moisture_pct'), 5)
                   ^^^^^^^^^^^^^^^
AttributeError: 'NoneType' object has no attribute 'get'
ERROR 2026-06-21 10:03:12,499 log 35080 6920 Internal Server Error: /api/drought-prediction/
Traceback (most recent call last):
  File "C:\Users\Taha\AppData\Local\Programs\Python\Python311\Lib\site-packages\django\core\handlers\exception.py", line 55, in inner
    response = get_response(request)
               ^^^^^^^^^^^^^^^^^^^^^
  File "C:\Users\Taha\AppData\Local\Programs\Python\Python311\Lib\site-packages\django\core\handlers\base.py", line 197, in _get_response
    response = wrapped_callback(request, *callback_args, **callback_kwargs)
               ^^^^^^^^^^^^^^^^^^^^^^^^^^^^^^^^^^^^^^^^^^^^^^^^^^^^^^^^^^^^
  File "C:\Users\Taha\AppData\Local\Programs\Python\Python311\Lib\contextlib.py", line 81, in inner
    return func(*args, **kwds)
           ^^^^^^^^^^^^^^^^^^^
  File "C:\Users\Taha\AppData\Local\Programs\Python\Python311\Lib\site-packages\django\views\decorators\http.py", line 43, in inner
    return func(request, *args, **kwargs)
           ^^^^^^^^^^^^^^^^^^^^^^^^^^^^^^
  File "C:\Users\Taha\Desktop\CURSORAGRI - Copy - Copy\dashboard\views.py", line 2002, in drought_prediction_api
    heatmap_grid = pipe.generate_heatmap_grid(region, None, latest_prediction.drivers or {}, risk_scores['today'])
                   ^^^^^^^^^^^^^^^^^^^^^^^^^^^^^^^^^^^^^^^^^^^^^^^^^^^^^^^^^^^^^^^^^^^^^^^^^^^^^^^^^^^^^^^^^^^^^^^
  File "C:\Users\Taha\Desktop\CURSORAGRI - Copy - Copy\dashboard\prediction_engine\pipeline.py", line 509, in generate_heatmap_grid
    std_soil = std(prepared_df.get('soil_moisture_pct'), 5)
                   ^^^^^^^^^^^^^^^
AttributeError: 'NoneType' object has no attribute 'get'
ERROR 2026-06-21 10:03:43,541 log 35080 6920 Internal Server Error: /api/drought-prediction/
Traceback (most recent call last):
  File "C:\Users\Taha\AppData\Local\Programs\Python\Python311\Lib\site-packages\django\core\handlers\exception.py", line 55, in inner
    response = get_response(request)
               ^^^^^^^^^^^^^^^^^^^^^
  File "C:\Users\Taha\AppData\Local\Programs\Python\Python311\Lib\site-packages\django\core\handlers\base.py", line 197, in _get_response
    response = wrapped_callback(request, *callback_args, **callback_kwargs)
               ^^^^^^^^^^^^^^^^^^^^^^^^^^^^^^^^^^^^^^^^^^^^^^^^^^^^^^^^^^^^
  File "C:\Users\Taha\AppData\Local\Programs\Python\Python311\Lib\contextlib.py", line 81, in inner
    return func(*args, **kwds)
           ^^^^^^^^^^^^^^^^^^^
  File "C:\Users\Taha\AppData\Local\Programs\Python\Python311\Lib\site-packages\django\views\decorators\http.py", line 43, in inner
    return func(request, *args, **kwargs)
           ^^^^^^^^^^^^^^^^^^^^^^^^^^^^^^
  File "C:\Users\Taha\Desktop\CURSORAGRI - Copy - Copy\dashboard\views.py", line 2002, in drought_prediction_api
    heatmap_grid = pipe.generate_heatmap_grid(region, None, latest_prediction.drivers or {}, risk_scores['today'])
                   ^^^^^^^^^^^^^^^^^^^^^^^^^^^^^^^^^^^^^^^^^^^^^^^^^^^^^^^^^^^^^^^^^^^^^^^^^^^^^^^^^^^^^^^^^^^^^^^
  File "C:\Users\Taha\Desktop\CURSORAGRI - Copy - Copy\dashboard\prediction_engine\pipeline.py", line 509, in generate_heatmap_grid
    std_soil = std(prepared_df.get('soil_moisture_pct'), 5)
                   ^^^^^^^^^^^^^^^
AttributeError: 'NoneType' object has no attribute 'get'
INFO 2026-06-21 10:05:30,360 autoreload 10628 25808 Watching for file changes with StatReloader
INFO 2026-06-21 10:06:15,560 autoreload 35080 35040 C:\Users\Taha\Desktop\CURSORAGRI - Copy - Copy\dashboard\prediction_engine\pipeline.py changed, reloading.
INFO 2026-06-21 10:06:16,935 autoreload 19752 6908 Watching for file changes with StatReloader
INFO 2026-06-21 10:09:04,867 autoreload 19752 6908 C:\Users\Taha\Desktop\CURSORAGRI - Copy - Copy\dashboard\prediction_engine\pipeline.py changed, reloading.
INFO 2026-06-21 10:09:06,123 autoreload 3960 12716 Watching for file changes with StatReloader
INFO 2026-06-21 10:09:19,630 autoreload 10628 25808 C:\Users\Taha\Desktop\CURSORAGRI - Copy - Copy\dashboard\views.py changed, reloading.
INFO 2026-06-21 10:09:20,524 autoreload 3960 12716 C:\Users\Taha\Desktop\CURSORAGRI - Copy - Copy\dashboard\views.py changed, reloading.
INFO 2026-06-21 10:09:21,631 autoreload 29364 36972 Watching for file changes with StatReloader
INFO 2026-06-21 10:17:38,866 autoreload 29364 36972 C:\Users\Taha\Desktop\CURSORAGRI - Copy - Copy\dashboard\views.py changed, reloading.
INFO 2026-06-21 10:17:40,062 autoreload 41436 33456 Watching for file changes with StatReloader
INFO 2026-06-21 10:17:43,223 autoreload 41436 33456 C:\Users\Taha\Desktop\CURSORAGRI - Copy - Copy\dashboard\views.py changed, reloading.
INFO 2026-06-21 10:17:44,390 autoreload 35704 44304 Watching for file changes with StatReloader
INFO 2026-06-21 10:18:39,311 autoreload 35704 44304 C:\Users\Taha\Desktop\CURSORAGRI - Copy - Copy\dashboard\views.py changed, reloading.
INFO 2026-06-21 10:18:40,426 autoreload 39396 12180 Watching for file changes with StatReloader
INFO 2026-06-21 10:18:48,822 autoreload 39396 12180 C:\Users\Taha\Desktop\CURSORAGRI - Copy - Copy\dashboard\views.py changed, reloading.
INFO 2026-06-21 10:18:49,936 autoreload 31284 45536 Watching for file changes with StatReloader
INFO 2026-06-21 10:19:36,429 autoreload 31284 45536 C:\Users\Taha\Desktop\CURSORAGRI - Copy - Copy\dashboard\views.py changed, reloading.
INFO 2026-06-21 10:19:37,519 autoreload 28788 33052 Watching for file changes with StatReloader
INFO 2026-06-21 10:24:01,269 autoreload 28788 33052 C:\Users\Taha\Desktop\CURSORAGRI - Copy - Copy\dashboard\views.py changed, reloading.
INFO 2026-06-21 10:24:02,163 autoreload 44724 15228 Watching for file changes with StatReloader
INFO 2026-06-21 10:24:05,081 autoreload 44724 15228 C:\Users\Taha\Desktop\CURSORAGRI - Copy - Copy\dashboard\views.py changed, reloading.
INFO 2026-06-21 10:24:06,015 autoreload 41408 20692 Watching for file changes with StatReloader
INFO 2026-06-21 10:37:08,827 autoreload 41408 20692 C:\Users\Taha\Desktop\CURSORAGRI - Copy - Copy\dashboard\views.py changed, reloading.
INFO 2026-06-21 10:37:09,986 autoreload 30492 14376 Watching for file changes with StatReloader
INFO 2026-06-21 10:37:39,690 autoreload 30492 14376 C:\Users\Taha\Desktop\CURSORAGRI - Copy - Copy\dashboard\views.py changed, reloading.
INFO 2026-06-21 10:37:40,623 autoreload 19364 17044 Watching for file changes with StatReloader
INFO 2026-06-21 10:37:56,188 autoreload 19364 17044 C:\Users\Taha\Desktop\CURSORAGRI - Copy - Copy\dashboard\views.py changed, reloading.
INFO 2026-06-21 10:37:57,150 autoreload 11844 29488 Watching for file changes with StatReloader
INFO 2026-06-21 11:23:11,182 autoreload 11844 29488 C:\Users\Taha\Desktop\CURSORAGRI - Copy - Copy\dashboard\views.py changed, reloading.
INFO 2026-06-21 11:23:12,423 autoreload 24852 5916 Watching for file changes with StatReloader
INFO 2026-06-21 11:49:52,181 autoreload 29740 43592 Watching for file changes with StatReloader
ERROR 2026-06-21 11:52:28,720 log 29740 41532 Internal Server Error: /api/drought-prediction/
INFO 2026-06-21 11:52:53,815 autoreload 29740 43592 C:\Users\Taha\Desktop\CURSORAGRI - Copy - Copy\dashboard\prediction_engine\pipeline.py changed, reloading.
INFO 2026-06-21 11:53:21,874 autoreload 24852 5916 C:\Users\Taha\Desktop\CURSORAGRI - Copy - Copy\dashboard\views.py changed, reloading.
INFO 2026-06-21 11:53:23,070 autoreload 11572 27476 Watching for file changes with StatReloader
INFO 2026-06-21 11:53:29,632 autoreload 11572 27476 C:\Users\Taha\Desktop\CURSORAGRI - Copy - Copy\dashboard\views.py changed, reloading.
INFO 2026-06-21 11:53:30,746 autoreload 16124 24072 Watching for file changes with StatReloader
INFO 2026-06-21 11:53:45,305 autoreload 16124 24072 C:\Users\Taha\Desktop\CURSORAGRI - Copy - Copy\dashboard\views.py changed, reloading.
INFO 2026-06-21 11:53:46,434 autoreload 21984 2168 Watching for file changes with StatReloader
INFO 2026-06-21 11:54:05,638 autoreload 13916 10692 Watching for file changes with StatReloader
INFO 2026-06-21 12:01:48,703 autoreload 44084 18820 Watching for file changes with StatReloader
INFO 2026-06-21 18:12:06,559 autoreload 38900 20684 Watching for file changes with StatReloader
WARNING 2026-06-21 18:12:41,287 log 38900 47288 Not Found: /favicon.ico
INFO 2026-06-21 18:23:37,830 autoreload 38900 20684 C:\Users\Taha\Desktop\CURSORAGRI - Copy - Copy\dashboard\views.py changed, reloading.
INFO 2026-06-21 18:23:39,332 autoreload 7520 23436 Watching for file changes with StatReloader
INFO 2026-06-21 21:50:31,383 autoreload 22560 31400 Watching for file changes with StatReloader
INFO 2026-06-21 21:50:45,451 autoreload 33668 43512 Watching for file changes with StatReloader
INFO 2026-06-21 21:51:20,692 autoreload 33668 43512 C:\Users\Taha\Desktop\CURSORAGRI - Copy - Copy\agri_dashboard\settings.py changed, reloading.
INFO 2026-06-21 21:51:21,813 autoreload 28068 28208 Watching for file changes with StatReloader
WARNING 2026-06-21 21:51:58,391 log 28068 15744 Not Found: /favicon.ico
INFO 2026-06-21 22:06:32,196 autoreload 28068 28208 C:\Users\Taha\Desktop\CURSORAGRI - Copy - Copy\agri_dashboard\settings.py changed, reloading.
INFO 2026-06-21 22:06:33,547 autoreload 18852 28336 Watching for file changes with StatReloader
INFO 2026-06-21 22:08:29,478 autoreload 18852 28336 C:\Users\Taha\Desktop\CURSORAGRI - Copy - Copy\agri_dashboard\settings.py changed, reloading.
INFO 2026-06-21 22:08:30,632 autoreload 46336 33340 Watching for file changes with StatReloader
ERROR 2026-06-21 22:09:35,543 log 46336 27068 Internal Server Error: /metrics/import/excel/
Traceback (most recent call last):
  File "C:\Users\Taha\AppData\Local\Programs\Python\Python311\Lib\site-packages\django\core\handlers\exception.py", line 55, in inner
    response = get_response(request)
               ^^^^^^^^^^^^^^^^^^^^^
  File "C:\Users\Taha\AppData\Local\Programs\Python\Python311\Lib\site-packages\django\core\handlers\base.py", line 197, in _get_response
    response = wrapped_callback(request, *callback_args, **callback_kwargs)
               ^^^^^^^^^^^^^^^^^^^^^^^^^^^^^^^^^^^^^^^^^^^^^^^^^^^^^^^^^^^^
  File "C:\Users\Taha\AppData\Local\Programs\Python\Python311\Lib\contextlib.py", line 81, in inner
    return func(*args, **kwds)
           ^^^^^^^^^^^^^^^^^^^
  File "C:\Users\Taha\Desktop\CURSORAGRI - Copy - Copy\dashboard\views.py", line 1488, in import_excel_metrics
    return render(request, 'dashboard/excel_import.html', {'form': form})
           ^^^^^^^^^^^^^^^^^^^^^^^^^^^^^^^^^^^^^^^^^^^^^^^^^^^^^^^^^^^^^^
  File "C:\Users\Taha\AppData\Local\Programs\Python\Python311\Lib\site-packages\django\shortcuts.py", line 24, in render
    content = loader.render_to_string(template_name, context, request, using=using)
              ^^^^^^^^^^^^^^^^^^^^^^^^^^^^^^^^^^^^^^^^^^^^^^^^^^^^^^^^^^^^^^^^^^^^^
  File "C:\Users\Taha\AppData\Local\Programs\Python\Python311\Lib\site-packages\django\template\loader.py", line 61, in render_to_string
    template = get_template(template_name, using=using)
               ^^^^^^^^^^^^^^^^^^^^^^^^^^^^^^^^^^^^^^^^
  File "C:\Users\Taha\AppData\Local\Programs\Python\Python311\Lib\site-packages\django\template\loader.py", line 19, in get_template
    raise TemplateDoesNotExist(template_name, chain=chain)
django.template.exceptions.TemplateDoesNotExist: dashboard/excel_import.html
INFO 2026-06-21 23:14:30,577 autoreload 15712 43768 Watching for file changes with StatReloader
INFO 2026-06-22 10:50:07,869 autoreload 49684 47168 Watching for file changes with StatReloader
WARNING 2026-06-22 10:50:20,544 log 49684 17004 Not Found: /favicon.ico
INFO 2026-06-22 11:11:47,397 autoreload 49684 47168 C:\Users\Taha\Desktop\CURSORAGRI - Copy - Copy\agri_dashboard\settings.py changed, reloading.
INFO 2026-06-22 11:11:50,853 autoreload 47452 38532 Watching for file changes with StatReloader
INFO 2026-06-22 11:11:59,127 autoreload 47452 38532 C:\Users\Taha\Desktop\CURSORAGRI - Copy - Copy\agri_dashboard\settings.py changed, reloading.
INFO 2026-06-22 11:12:00,081 autoreload 38696 8520 Watching for file changes with StatReloader
INFO 2026-06-22 11:12:04,249 autoreload 38696 8520 C:\Users\Taha\Desktop\CURSORAGRI - Copy - Copy\agri_dashboard\settings.py changed, reloading.
INFO 2026-06-22 11:12:05,180 autoreload 30188 7212 Watching for file changes with StatReloader
INFO 2026-06-22 11:12:09,385 autoreload 30188 7212 C:\Users\Taha\Desktop\CURSORAGRI - Copy - Copy\agri_dashboard\settings.py changed, reloading.
INFO 2026-06-22 11:12:10,333 autoreload 39564 22108 Watching for file changes with StatReloader
INFO 2026-06-22 11:12:18,689 autoreload 39564 22108 C:\Users\Taha\Desktop\CURSORAGRI - Copy - Copy\agri_dashboard\middleware.py changed, reloading.
INFO 2026-06-22 11:12:19,598 autoreload 26308 13564 Watching for file changes with StatReloader
INFO 2026-06-22 11:12:40,667 autoreload 26308 13564 C:\Users\Taha\Desktop\CURSORAGRI - Copy - Copy\dashboard\apps.py changed, reloading.
INFO 2026-06-22 11:12:41,670 autoreload 8532 5188 Watching for file changes with StatReloader
INFO 2026-06-22 11:37:40,340 autoreload 8532 5188 C:\Users\Taha\Desktop\CURSORAGRI - Copy - Copy\dashboard\migrations\0009_seed_region_coordinates.py changed, reloading.
INFO 2026-06-22 11:37:41,333 autoreload 9288 16260 Watching for file changes with StatReloader
INFO 2026-06-22 11:37:45,702 autoreload 9288 16260 C:\Users\Taha\Desktop\CURSORAGRI - Copy - Copy\dashboard\migrations\0009_seed_region_coordinates.py changed, reloading.
INFO 2026-06-22 11:37:46,661 autoreload 10156 2584 Watching for file changes with StatReloader
