time,region_id,year_id,crop_id,growth_stage,crop_coefficient_kc,crop_water_requirement_mmday,yield_reduction_factor,irrigation_id,irrigation_efficiency_percent,water_applied_mm,leaf_temperature_c,stomatal_conductance,updated_at
2020-01-02,1,2020,1,Germination,0.71,4.67,0.433,1,63.0,1.63,29.3,0.448,2020-01-02 02:00:00
2020-01-03,1,2020,1,Germination,0.63,4.01,0.456,1,61.0,1.4,30.2,0.437,2020-01-03 02:00:00
2020-01-04,1,2020,1,Germination,0.62,3.66,0.461,1,56.0,1.28,28.8,0.467,2020-01-04 02:00:00
2020-01-05,1,2020,1,Germination,0.65,3.59,0.493,1,64.0,1.26,31.4,0.486,2020-01-05 02:00:00
2020-01-06,1,2020,1,Germination,0.67,4.59,0.467,1,54.0,1.61,30.1,0.467,2020-01-06 02:00:00
2020-01-07,1,2020,1,Germination,0.66,4.14,0.488,1,61.0,1.45,29.6,0.434,2020-01-07 02:00:00
2020-01-08,1,2020,1,Germination,0.64,4.11,0.486,1,62.0,1.44,30.5,0.433,2020-01-08 02:00:00
2020-01-09,1,2020,1,Germination,0.68,4.0,0.519,1,63.0,1.4,29.7,0.438,2020-01-09 02:00:00
2020-01-10,1,2020,1,Germination,0.71,4.91,0.554,1,73.0,1.72,30.0,0.442,2020-01-10 02:00:00
2020-01-11,1,2020,1,Germination,0.66,3.88,0.544,1,62.0,1.36,30.0,0.433,2020-01-11 02:00:00
2020-01-12,1,2020,1,Germination,0.66,3.98,0.577,1,61.0,1.39,31.4,0.411,2020-01-12 02:00:00
2020-01-13,1,2020,1,Germination,0.69,4.29,0.606,1,61.0,1.5,28.8,0.439,2020-01-13 02:00:00
2020-01-14,1,2020,1,Germination,0.67,4.26,0.565,1,73.0,1.49,31.3,0.432,2020-01-14 02:00:00
2020-01-15,1,2020,1,Germination,0.6,3.85,0.579,1,63.0,1.35,28.6,0.466,2020-01-15 02:00:00
2020-01-16,1,2020,1,Germination,0.66,4.0,0.611,1,56.0,1.4,30.0,0.435,2020-01-16 02:00:00
2020-01-17,1,2020,1,Germination,0.75,4.79,0.633,1,62.0,1.68,28.2,0.421,2020-01-17 02:00:00
2020-01-18,1,2020,1,Germination,0.7,4.23,0.633,1,63.0,1.48,29.1,0.459,2020-01-18 02:00:00
2020-01-19,1,2020,1,Germination,0.67,4.3,0.653,1,60.0,1.5,32.2,0.462,2020-01-19 02:00:00
2020-01-20,1,2020,1,Germination,0.66,3.83,0.675,1,62.0,1.34,29.7,0.435,2020-01-20 02:00:00
2020-01-21,1,2020,1,Germination,0.65,3.95,0.703,1,58.0,1.38,31.2,0.453,2020-01-21 02:00:00
2020-01-22,1,2020,1,Germination,0.71,4.58,0.698,1,61.0,1.6,31.2,0.433,2020-01-22 02:00:00
2020-01-23,1,2020,1,Germination,0.7,4.09,0.732,1,63.0,1.43,25.4,0.432,2020-01-23 02:00:00
2020-01-24,1,2020,1,Germination,0.67,4.16,0.746,1,70.0,1.46,30.6,0.472,2020-01-24 02:00:00
2020-01-25,1,2020,1,Germination,0.65,3.88,0.761,1,68.0,1.36,30.1,0.419,2020-01-25 02:00:00
2020-01-26,1,2020,1,Germination,0.68,4.51,0.666,1,58.0,9.75,26.5,0.411,2020-01-26 02:00:00
2020-01-27,1,2020,1,Germination,0.73,4.72,0.603,1,60.0,1.65,30.6,0.446,2020-01-27 02:00:00
2020-01-28,1,2020,1,Germination,0.71,4.54,0.564,1,66.0,1.59,31.1,0.445,2020-01-28 02:00:00
2020-01-29,1,2020,1,Germination,0.68,4.35,0.593,1,65.0,1.52,32.1,0.429,2020-01-29 02:00:00
2020-01-30,1,2020,1,Germination,0.61,3.59,0.612,1,68.0,1.26,29.9,0.436,2020-01-30 02:00:00
2020-01-31,1,2020,1,Germination,0.69,4.49,0.65,1,64.0,1.57,30.9,0.416,2020-01-31 02:00:00
2020-02-01,1,2020,1,Germination,0.7,4.3,0.681,1,62.0,1.5,28.8,0.452,2020-02-01 02:00:00
2020-02-02,1,2020,1,Germination,0.67,3.87,0.703,1,62.0,1.35,28.7,0.445,2020-02-02 02:00:00
2020-02-03,1,2020,1,Germination,0.66,4.21,0.729,1,57.0,1.47,29.7,0.469,2020-02-03 02:00:00
2020-02-04,1,2020,1,Germination,0.68,4.09,0.724,1,60.0,1.43,32.3,0.412,2020-02-04 02:00:00
2020-02-05,1,2020,1,Germination,0.64,4.05,0.738,1,61.0,1.42,30.5,0.455,2020-02-05 02:00:00
2020-02-06,1,2020,1,Germination,0.72,4.61,0.716,1,60.0,1.61,30.3,0.438,2020-02-06 02:00:00
2020-02-07,1,2020,1,Germination,0.74,4.77,0.749,1,64.0,1.67,29.7,0.397,2020-02-07 02:00:00
2020-02-08,1,2020,1,Germination,0.74,5.0,0.788,1,69.0,1.75,29.5,0.447,2020-02-08 02:00:00
2020-02-09,1,2020,1,Germination,0.73,4.85,0.7,1,60.0,7.66,31.1,0.429,2020-02-09 02:00:00
2020-02-10,1,2020,1,Germination,0.71,4.63,0.591,1,59.0,9.53,28.5,0.401,2020-02-10 02:00:00
2020-02-11,1,2020,1,Germination,0.69,4.27,0.608,1,69.0,1.49,29.0,0.435,2020-02-11 02:00:00
2020-02-12,1,2020,1,Germination,0.73,5.05,0.629,1,55.0,1.77,27.5,0.464,2020-02-12 02:00:00
2020-02-13,1,2020,1,Germination,0.71,4.66,0.663,1,68.0,1.63,29.9,0.39,2020-02-13 02:00:00
2020-02-14,1,2020,1,Germination,0.76,4.64,0.697,1,59.0,1.62,29.9,0.417,2020-02-14 02:00:00
2020-02-15,1,2020,1,Germination,0.73,4.71,0.727,1,57.0,1.65,30.9,0.44,2020-02-15 02:00:00
2020-02-16,1,2020,1,Germination,0.72,4.73,0.764,1,69.0,1.66,28.6,0.435,2020-02-16 02:00:00
2020-02-17,1,2020,1,Germination,0.71,4.52,0.793,1,63.0,1.58,30.1,0.422,2020-02-17 02:00:00
2020-02-18,1,2020,1,Germination,0.73,4.91,0.828,1,60.0,1.72,30.2,0.433,2020-02-18 02:00:00
2020-02-19,1,2020,1,Germination,0.76,5.27,0.856,1,65.0,1.84,31.4,0.48,2020-02-19 02:00:00
2020-02-20,1,2020,1,Germination,0.74,4.69,0.893,1,63.0,1.64,29.4,0.4,2020-02-20 02:00:00
2020-02-21,1,2020,1,Germination,0.72,4.87,0.917,1,64.0,1.7,31.0,0.433,2020-02-21 02:00:00
2020-02-22,1,2020,1,Germination,0.73,4.04,0.917,1,60.0,1.41,30.2,0.435,2020-02-22 02:00:00
2020-02-23,1,2020,1,Germination,0.71,4.73,0.917,1,71.0,1.66,29.6,0.452,2020-02-23 02:00:00
2020-02-24,1,2020,1,Germination,0.73,4.3,0.917,1,72.0,1.5,27.8,0.401,2020-02-24 02:00:00
2020-02-25,1,2020,1,Germination,0.78,5.26,0.917,1,64.0,1.84,31.3,0.399,2020-02-25 02:00:00
2020-02-26,1,2020,1,Germination,0.73,4.76,0.917,1,62.0,1.67,28.6,0.401,2020-02-26 02:00:00
2020-02-27,1,2020,1,Germination,0.69,4.44,0.814,1,63.0,9.72,31.4,0.447,2020-02-27 02:00:00
2020-02-28,1,2020,1,Germination,0.72,4.73,0.716,1,68.0,5.61,31.2,0.421,2020-02-28 02:00:00
2020-02-29,1,2020,1,Germination,0.67,4.34,0.754,1,68.0,1.52,29.8,0.425,2020-02-29 02:00:00
2020-03-01,1,2020,1,Germination,0.63,4.17,0.785,1,74.0,1.46,29.4,0.422,2020-03-01 02:00:00
2020-03-02,1,2020,1,Germination,0.72,4.36,0.803,1,64.0,1.53,31.4,0.411,2020-03-02 02:00:00
2020-03-03,1,2020,1,Germination,0.74,4.33,0.681,1,58.0,1.52,31.9,0.406,2020-03-03 02:00:00
2020-03-04,1,2020,1,Germination,0.71,4.6,0.709,1,65.0,1.61,28.9,0.411,2020-03-04 02:00:00
2020-03-05,1,2020,1,Germination,0.76,4.47,0.724,1,65.0,1.56,30.3,0.391,2020-03-05 02:00:00
2020-03-06,1,2020,1,Germination,0.7,4.52,0.627,1,62.0,1.58,29.0,0.389,2020-03-06 02:00:00
2020-03-07,1,2020,1,Germination,0.74,4.61,0.543,1,62.0,1.61,32.2,0.448,2020-03-07 02:00:00
2020-03-08,1,2020,1,Germination,0.75,5.24,0.568,1,61.0,1.83,29.3,0.409,2020-03-08 02:00:00
2020-03-09,1,2020,1,Germination,0.74,4.59,0.605,1,62.0,1.61,30.2,0.398,2020-03-09 02:00:00
2020-03-10,1,2020,1,Germination,0.76,4.7,0.629,1,64.0,1.64,30.8,0.42,2020-03-10 02:00:00
2020-03-11,1,2020,1,Germination,0.79,5.44,0.662,1,64.0,1.9,31.7,0.383,2020-03-11 02:00:00
2020-03-12,1,2020,1,Germination,0.75,4.61,0.659,1,59.0,1.61,31.4,0.407,2020-03-12 02:00:00
2020-03-13,1,2020,1,Germination,0.76,4.94,0.673,1,62.0,1.73,31.2,0.416,2020-03-13 02:00:00
2020-03-14,1,2020,1,Germination,0.71,4.9,0.698,1,66.0,1.72,29.7,0.433,2020-03-14 02:00:00
2020-03-15,1,2020,1,Vegetative,0.75,5.06,0.723,1,66.0,1.77,30.7,0.427,2020-03-15 02:00:00
2020-03-16,1,2020,1,Vegetative,0.72,4.24,0.734,1,66.0,1.48,29.4,0.432,2020-03-16 02:00:00
2020-03-17,1,2020,1,Vegetative,0.73,4.56,0.77,1,62.0,1.6,29.6,0.411,2020-03-17 02:00:00
2020-03-18,1,2020,1,Vegetative,0.74,5.07,0.797,1,71.0,1.77,32.5,0.388,2020-03-18 02:00:00
2020-03-19,1,2020,1,Vegetative,0.78,5.13,0.793,1,72.0,1.8,31.1,0.44,2020-03-19 02:00:00
2020-03-20,1,2020,1,Vegetative,0.76,5.35,0.835,1,61.0,1.87,32.7,0.387,2020-03-20 02:00:00
2020-03-21,1,2020,1,Vegetative,0.73,4.49,0.872,1,61.0,1.57,31.8,0.419,2020-03-21 02:00:00
2020-03-22,1,2020,1,Vegetative,0.77,5.12,0.883,1,66.0,1.79,32.2,0.416,2020-03-22 02:00:00
2020-03-23,1,2020,1,Vegetative,0.75,5.39,0.814,1,65.0,8.74,30.4,0.386,2020-03-23 02:00:00
2020-03-24,1,2020,1,Vegetative,0.8,5.25,0.844,1,68.0,1.84,31.3,0.415,2020-03-24 02:00:00
2020-03-25,1,2020,1,Vegetative,0.75,4.76,0.869,1,69.0,1.67,30.0,0.395,2020-03-25 02:00:00
2020-03-26,1,2020,1,Vegetative,0.78,5.15,0.906,1,65.0,1.8,29.5,0.427,2020-03-26 02:00:00
2020-03-27,1,2020,1,Vegetative,0.76,4.64,0.887,1,67.0,1.62,31.0,0.421,2020-03-27 02:00:00
2020-03-28,1,2020,1,Vegetative,0.73,5.03,0.917,1,65.0,1.76,33.9,0.425,2020-03-28 02:00:00
2020-03-29,1,2020,1,Vegetative,0.8,5.58,0.917,1,64.0,1.95,29.9,0.403,2020-03-29 02:00:00
2020-03-30,1,2020,1,Vegetative,0.74,4.44,0.917,1,65.0,1.55,29.8,0.396,2020-03-30 02:00:00
2020-03-31,1,2020,1,Vegetative,0.8,5.19,0.917,1,71.0,1.82,29.3,0.426,2020-03-31 02:00:00
2020-04-01,1,2020,1,Vegetative,0.78,5.27,0.917,1,72.0,1.84,31.1,0.367,2020-04-01 02:00:00
2020-04-02,1,2020,1,Vegetative,0.82,5.57,0.917,1,68.0,1.95,30.4,0.372,2020-04-02 02:00:00
2020-04-03,1,2020,1,Vegetative,0.78,5.08,0.914,1,67.0,1.78,31.0,0.394,2020-04-03 02:00:00
2020-04-04,1,2020,1,Vegetative,0.84,5.3,0.917,1,72.0,1.85,31.0,0.385,2020-04-04 02:00:00
2020-04-05,1,2020,1,Vegetative,0.72,4.36,0.87,1,71.0,5.59,30.5,0.375,2020-04-05 02:00:00
2020-04-06,1,2020,1,Vegetative,0.73,4.79,0.906,1,64.0,1.68,31.4,0.38,2020-04-06 02:00:00
2020-04-07,1,2020,1,Vegetative,0.79,5.11,0.917,1,66.0,1.79,30.5,0.419,2020-04-07 02:00:00
2020-04-08,1,2020,1,Vegetative,0.73,4.69,0.917,1,73.0,1.64,30.8,0.41,2020-04-08 02:00:00
2020-04-09,1,2020,1,Vegetative,0.79,5.12,0.903,1,73.0,1.79,28.6,0.386,2020-04-09 02:00:00
2020-04-10,1,2020,1,Vegetative,0.84,5.58,0.917,1,65.0,1.95,32.1,0.382,2020-04-10 02:00:00
2020-04-11,1,2020,1,Vegetative,0.77,5.3,0.917,1,67.0,1.85,32.0,0.369,2020-04-11 02:00:00
2020-04-12,1,2020,1,Vegetative,0.79,5.28,0.917,1,66.0,1.85,30.7,0.358,2020-04-12 02:00:00
2020-04-13,1,2020,1,Vegetative,0.82,5.08,0.917,1,66.0,1.78,27.9,0.372,2020-04-13 02:00:00
2020-04-14,1,2020,1,Vegetative,0.77,4.51,0.917,1,70.0,1.58,30.5,0.421,2020-04-14 02:00:00
2020-04-15,1,2020,1,Vegetative,0.79,5.02,0.917,1,70.0,1.76,31.1,0.393,2020-04-15 02:00:00
2020-04-16,1,2020,1,Vegetative,0.84,5.71,0.917,1,75.0,2.0,32.4,0.383,2020-04-16 02:00:00
2020-04-17,1,2020,1,Vegetative,0.78,4.95,0.917,1,71.0,1.73,32.7,0.375,2020-04-17 02:00:00
2020-04-18,1,2020,1,Vegetative,0.76,5.2,0.917,1,69.0,1.82,31.3,0.347,2020-04-18 02:00:00
2020-04-19,1,2020,1,Vegetative,0.79,5.1,0.917,1,58.0,1.78,32.1,0.377,2020-04-19 02:00:00
2020-04-20,1,2020,1,Vegetative,0.76,4.85,0.917,1,67.0,1.7,31.0,0.398,2020-04-20 02:00:00
2020-04-21,1,2020,1,Vegetative,0.84,6.05,0.913,1,68.0,2.12,32.1,0.387,2020-04-21 02:00:00
2020-04-22,1,2020,1,Vegetative,0.86,5.75,0.917,1,73.0,2.01,30.6,0.372,2020-04-22 02:00:00
2020-04-23,1,2020,1,Vegetative,0.79,4.97,0.874,1,77.0,7.07,30.2,0.394,2020-04-23 02:00:00
2020-04-24,1,2020,1,Vegetative,0.78,4.91,0.905,1,71.0,1.72,29.8,0.366,2020-04-24 02:00:00
2020-04-25,1,2020,1,Vegetative,0.81,5.22,0.917,1,70.0,1.83,31.5,0.377,2020-04-25 02:00:00
2020-04-26,1,2020,1,Vegetative,0.78,5.5,0.905,1,68.0,1.92,29.2,0.393,2020-04-26 02:00:00
2020-04-27,1,2020,1,Vegetative,0.75,5.45,0.909,1,68.0,1.91,34.5,0.381,2020-04-27 02:00:00
2020-04-28,1,2020,1,Vegetative,0.81,5.66,0.843,1,64.0,9.0,30.4,0.43,2020-04-28 02:00:00
2020-04-29,1,2020,1,Vegetative,0.89,5.49,0.807,1,69.0,1.92,30.9,0.371,2020-04-29 02:00:00
2020-04-30,1,2020,1,Vegetative,0.79,4.85,0.816,1,69.0,1.7,32.7,0.396,2020-04-30 02:00:00
2020-05-01,1,2020,1,Vegetative,0.81,5.28,0.814,1,65.0,1.85,30.1,0.383,2020-05-01 02:00:00
2020-05-02,1,2020,1,Flowering,0.82,5.66,0.836,1,69.0,1.98,33.3,0.374,2020-05-02 02:00:00
2020-05-03,1,2020,1,Flowering,0.83,5.88,0.856,1,74.0,2.06,30.1,0.361,2020-05-03 02:00:00
2020-05-04,1,2020,1,Flowering,0.85,5.03,0.892,1,68.0,1.76,31.0,0.361,2020-05-04 02:00:00
2020-05-05,1,2020,1,Flowering,0.76,5.17,0.874,1,69.0,1.81,32.7,0.389,2020-05-05 02:00:00
2020-05-06,1,2020,1,Flowering,0.84,5.1,0.834,1,69.0,5.68,28.9,0.406,2020-05-06 02:00:00
2020-05-07,1,2020,1,Flowering,0.83,4.97,0.817,1,63.0,3.79,32.0,0.386,2020-05-07 02:00:00
2020-05-08,1,2020,1,Flowering,0.78,5.34,0.847,1,67.0,1.87,32.7,0.398,2020-05-08 02:00:00
2020-05-09,1,2020,1,Flowering,0.84,5.97,0.886,1,71.0,2.09,30.8,0.395,2020-05-09 02:00:00
2020-05-10,1,2020,1,Flowering,0.78,5.08,0.916,1,65.0,1.78,30.5,0.383,2020-05-10 02:00:00
2020-05-11,1,2020,1,Flowering,0.8,5.2,0.845,1,70.0,8.65,29.4,0.381,2020-05-11 02:00:00
2020-05-12,1,2020,1,Flowering,0.79,5.26,0.882,1,70.0,1.84,28.9,0.409,2020-05-12 02:00:00
2020-05-13,1,2020,1,Flowering,0.82,5.74,0.891,1,67.0,2.01,31.7,0.384,2020-05-13 02:00:00
2020-05-14,1,2020,1,Flowering,0.8,5.26,0.867,1,73.0,1.84,31.4,0.362,2020-05-14 02:00:00
2020-05-15,1,2020,1,Flowering,0.84,6.11,0.909,1,65.0,2.14,32.3,0.333,2020-05-15 02:00:00
2020-05-16,1,2020,1,Flowering,0.84,5.9,0.825,1,66.0,8.83,31.8,0.356,2020-05-16 02:00:00
2020-05-17,1,2020,1,Flowering,0.84,5.83,0.709,1,60.0,10.07,32.5,0.336,2020-05-17 02:00:00
2020-05-18,1,2020,1,Flowering,0.86,5.73,0.748,1,75.0,2.01,31.9,0.372,2020-05-18 02:00:00
2020-05-19,1,2020,1,Flowering,0.84,5.4,0.705,1,74.0,1.89,32.0,0.4,2020-05-19 02:00:00
2020-05-20,1,2020,1,Flowering,0.89,6.33,0.736,1,68.0,2.22,31.4,0.384,2020-05-20 02:00:00
2020-05-21,1,2020,1,Flowering,0.89,6.15,0.615,1,70.0,8.82,31.5,0.344,2020-05-21 02:00:00
2020-05-22,1,2020,1,Flowering,0.8,5.87,0.506,1,77.0,9.95,31.2,0.351,2020-05-22 02:00:00
2020-05-23,1,2020,1,Flowering,0.91,6.19,0.513,1,68.0,2.17,30.0,0.36,2020-05-23 02:00:00
2020-05-24,1,2020,1,Flowering,0.87,5.77,0.469,1,66.0,2.02,30.2,0.364,2020-05-24 02:00:00
2020-05-25,1,2020,1,Flowering,0.82,5.66,0.508,1,76.0,1.98,32.4,0.382,2020-05-25 02:00:00
2020-05-26,1,2020,1,Flowering,0.86,5.46,0.509,1,84.0,1.91,30.5,0.342,2020-05-26 02:00:00
2020-05-27,1,2020,1,Flowering,0.89,5.82,0.544,1,76.0,2.04,31.9,0.331,2020-05-27 02:00:00
2020-05-28,1,2020,1,Flowering,0.82,5.09,0.517,1,78.0,1.78,29.0,0.339,2020-05-28 02:00:00
2020-05-29,1,2020,1,Flowering,0.84,5.87,0.558,1,73.0,2.05,31.5,0.358,2020-05-29 02:00:00
2020-05-30,1,2020,1,Flowering,0.82,5.64,0.586,1,70.0,1.97,31.1,0.39,2020-05-30 02:00:00
2020-05-31,1,2020,1,Flowering,0.87,5.7,0.573,1,68.0,2.0,30.7,0.399,2020-05-31 02:00:00
2020-06-01,1,2020,1,Flowering,0.85,5.8,0.466,1,71.0,11.61,32.1,0.389,2020-06-01 02:00:00
2020-06-02,1,2020,1,Flowering,0.87,5.79,0.437,1,70.0,2.03,29.9,0.362,2020-06-02 02:00:00
2020-06-03,1,2020,1,Flowering,0.89,5.83,0.373,1,69.0,6.65,31.8,0.384,2020-06-03 02:00:00
2020-06-04,1,2020,1,Flowering,0.84,6.01,0.277,1,78.0,11.31,31.8,0.383,2020-06-04 02:00:00
2020-06-05,1,2020,1,Flowering,0.88,6.14,0.25,1,69.0,10.53,31.1,0.365,2020-06-05 02:00:00
2020-06-06,1,2020,1,Flowering,0.88,6.23,0.291,1,78.0,2.18,31.1,0.35,2020-06-06 02:00:00
2020-06-07,1,2020,1,Flowering,0.82,6.05,0.33,1,72.0,2.12,32.9,0.395,2020-06-07 02:00:00
2020-06-08,1,2020,1,Flowering,0.95,6.88,0.334,1,79.0,2.41,34.1,0.337,2020-06-08 02:00:00
2020-06-09,1,2020,1,Flowering,0.91,6.22,0.365,1,71.0,2.18,31.2,0.397,2020-06-09 02:00:00
2020-06-10,1,2020,1,Flowering,0.87,6.0,0.407,1,72.0,2.1,32.4,0.369,2020-06-10 02:00:00
2020-06-11,1,2020,1,Flowering,0.89,5.75,0.446,1,62.0,2.01,32.1,0.333,2020-06-11 02:00:00
2020-06-12,1,2020,1,Flowering,0.89,5.87,0.464,1,67.0,2.05,31.8,0.329,2020-06-12 02:00:00
2020-06-13,1,2020,1,Flowering,0.88,5.79,0.5,1,72.0,2.03,31.1,0.37,2020-06-13 02:00:00
2020-06-14,1,2020,1,Flowering,0.9,5.98,0.503,1,75.0,2.09,32.5,0.324,2020-06-14 02:00:00
2020-06-15,1,2020,1,Flowering,0.91,6.76,0.479,1,79.0,2.37,32.3,0.366,2020-06-15 02:00:00
2020-06-16,1,2020,1,Flowering,0.88,6.01,0.52,1,73.0,2.1,32.3,0.344,2020-06-16 02:00:00
2020-06-17,1,2020,1,Flowering,0.86,5.71,0.556,1,67.0,2.0,32.2,0.358,2020-06-17 02:00:00
2020-06-18,1,2020,1,Flowering,0.87,5.88,0.529,1,71.0,2.06,31.5,0.33,2020-06-18 02:00:00
2020-06-19,1,2020,1,Flowering,0.88,5.82,0.555,1,78.0,2.04,32.4,0.325,2020-06-19 02:00:00
2020-06-20,1,2020,1,Flowering,0.82,4.81,0.592,1,77.0,1.68,32.0,0.361,2020-06-20 02:00:00
2020-06-21,1,2020,1,Flowering,0.88,5.91,0.632,1,79.0,2.07,32.6,0.358,2020-06-21 02:00:00
2020-06-22,1,2020,1,Flowering,0.88,6.11,0.666,1,66.0,2.14,32.9,0.37,2020-06-22 02:00:00
2020-06-23,1,2020,1,Flowering,0.96,6.43,0.706,1,69.0,2.25,32.9,0.357,2020-06-23 02:00:00
2020-06-24,1,2020,1,Flowering,0.9,5.88,0.721,1,75.0,2.06,32.3,0.351,2020-06-24 02:00:00
2020-06-25,1,2020,1,Flowering,0.9,6.29,0.736,1,76.0,2.2,30.4,0.352,2020-06-25 02:00:00
2020-06-26,1,2020,1,Flowering,0.88,6.19,0.742,1,68.0,2.17,32.3,0.358,2020-06-26 02:00:00
2020-06-27,1,2020,1,Flowering,0.96,6.62,0.777,1,76.0,2.32,33.0,0.368,2020-06-27 02:00:00
2020-06-28,1,2020,1,Flowering,0.87,6.21,0.781,1,73.0,2.17,33.4,0.329,2020-06-28 02:00:00
2020-06-29,1,2020,1,Flowering,0.92,5.9,0.789,1,74.0,2.06,31.5,0.341,2020-06-29 02:00:00
2020-06-30,1,2020,1,Flowering,0.92,6.01,0.778,1,76.0,2.1,34.5,0.37,2020-06-30 02:00:00
2020-07-01,1,2020,1,Flowering,0.92,6.8,0.78,1,64.0,2.38,30.9,0.36,2020-07-01 02:00:00
2020-07-02,1,2020,1,Grain Filling,0.89,5.7,0.81,1,74.0,2.0,32.3,0.329,2020-07-02 02:00:00
2020-07-03,1,2020,1,Grain Filling,0.91,6.35,0.852,1,72.0,2.22,32.9,0.328,2020-07-03 02:00:00
2020-07-04,1,2020,1,Grain Filling,0.92,6.03,0.885,1,71.0,2.11,35.1,0.325,2020-07-04 02:00:00
2020-07-05,1,2020,1,Grain Filling,0.88,5.87,0.9,1,71.0,2.05,34.3,0.342,2020-07-05 02:00:00
2020-07-06,1,2020,1,Grain Filling,0.84,6.12,0.912,1,71.0,2.14,30.3,0.299,2020-07-06 02:00:00
2020-07-07,1,2020,1,Grain Filling,0.86,5.73,0.878,1,76.0,6.83,33.1,0.333,2020-07-07 02:00:00
2020-07-08,1,2020,1,Grain Filling,0.95,6.68,0.853,1,80.0,5.4,31.7,0.341,2020-07-08 02:00:00
2020-07-09,1,2020,1,Grain Filling,0.9,6.32,0.893,1,71.0,2.21,29.3,0.354,2020-07-09 02:00:00
2020-07-10,1,2020,1,Grain Filling,0.88,6.26,0.917,1,72.0,2.19,32.9,0.324,2020-07-10 02:00:00
2020-07-11,1,2020,1,Grain Filling,0.93,6.59,0.917,1,79.0,2.31,30.2,0.313,2020-07-11 02:00:00
2020-07-12,1,2020,1,Grain Filling,0.93,6.18,0.901,1,76.0,2.16,33.2,0.296,2020-07-12 02:00:00
2020-07-13,1,2020,1,Grain Filling,0.98,6.8,0.917,1,76.0,2.38,33.0,0.333,2020-07-13 02:00:00
2020-07-14,1,2020,1,Grain Filling,0.91,6.2,0.917,1,70.0,2.17,32.1,0.324,2020-07-14 02:00:00
2020-07-15,1,2020,1,Grain Filling,0.92,6.17,0.884,1,72.0,6.75,31.2,0.34,2020-07-15 02:00:00
2020-07-16,1,2020,1,Grain Filling,0.91,6.04,0.917,1,72.0,2.11,33.2,0.319,2020-07-16 02:00:00
2020-07-17,1,2020,1,Grain Filling,0.89,6.43,0.917,1,78.0,2.25,33.2,0.32,2020-07-17 02:00:00
2020-07-18,1,2020,1,Grain Filling,0.93,6.68,0.917,1,75.0,2.34,32.3,0.338,2020-07-18 02:00:00
2020-07-19,1,2020,1,Grain Filling,0.94,6.82,0.916,1,74.0,2.39,31.7,0.326,2020-07-19 02:00:00
2020-07-20,1,2020,1,Grain Filling,0.95,7.17,0.917,1,71.0,2.51,32.9,0.343,2020-07-20 02:00:00
2020-07-21,1,2020,1,Grain Filling,0.9,6.11,0.902,1,78.0,2.14,32.9,0.347,2020-07-21 02:00:00
2020-07-22,1,2020,1,Grain Filling,0.9,6.96,0.861,1,78.0,6.74,34.3,0.313,2020-07-22 02:00:00
2020-07-23,1,2020,1,Grain Filling,0.92,7.0,0.904,1,73.0,2.45,31.4,0.336,2020-07-23 02:00:00
2020-07-24,1,2020,1,Grain Filling,0.9,6.59,0.917,1,80.0,2.31,30.9,0.321,2020-07-24 02:00:00
2020-07-25,1,2020,1,Grain Filling,0.91,7.1,0.917,1,70.0,2.48,33.7,0.328,2020-07-25 02:00:00
2020-07-26,1,2020,1,Grain Filling,0.94,6.85,0.917,1,77.0,2.4,31.8,0.302,2020-07-26 02:00:00
2020-07-27,1,2020,1,Grain Filling,0.89,6.12,0.895,1,74.0,2.14,32.6,0.317,2020-07-27 02:00:00
2020-07-28,1,2020,1,Grain Filling,0.91,6.55,0.893,1,82.0,2.29,33.6,0.347,2020-07-28 02:00:00
2020-07-29,1,2020,1,Grain Filling,0.95,6.87,0.745,1,74.0,8.64,34.3,0.342,2020-07-29 02:00:00
2020-07-30,1,2020,1,Grain Filling,0.89,6.35,0.756,1,76.0,2.22,33.1,0.367,2020-07-30 02:00:00
2020-07-31,1,2020,1,Grain Filling,0.92,6.35,0.79,1,76.0,2.22,31.8,0.32,2020-07-31 02:00:00
2020-08-01,1,2020,1,Grain Filling,0.93,6.37,0.826,1,75.0,2.23,33.4,0.302,2020-08-01 02:00:00
2020-08-02,1,2020,1,Grain Filling,0.89,6.06,0.857,1,73.0,2.12,31.7,0.314,2020-08-02 02:00:00
2020-08-03,1,2020,1,Grain Filling,1.01,6.99,0.844,1,73.0,2.45,31.4,0.354,2020-08-03 02:00:00
2020-08-04,1,2020,1,Grain Filling,0.95,6.74,0.886,1,73.0,2.36,32.0,0.329,2020-08-04 02:00:00
2020-08-05,1,2020,1,Grain Filling,0.92,6.04,0.917,1,73.0,2.11,32.3,0.33,2020-08-05 02:00:00
2020-08-06,1,2020,1,Grain Filling,0.91,6.41,0.917,1,74.0,2.24,33.5,0.345,2020-08-06 02:00:00
2020-08-07,1,2020,1,Grain Filling,0.98,6.55,0.917,1,74.0,2.29,35.4,0.318,2020-08-07 02:00:00
2020-08-08,1,2020,1,Grain Filling,0.94,6.68,0.872,1,76.0,2.34,32.0,0.356,2020-08-08 02:00:00
2020-08-09,1,2020,1,Grain Filling,0.96,7.32,0.893,1,72.0,2.56,32.3,0.288,2020-08-09 02:00:00
2020-08-10,1,2020,1,Grain Filling,0.97,6.79,0.91,1,70.0,2.38,34.1,0.312,2020-08-10 02:00:00
2020-08-11,1,2020,1,Grain Filling,0.97,7.04,0.917,1,79.0,2.46,35.1,0.355,2020-08-11 02:00:00
2020-08-12,1,2020,1,Grain Filling,0.95,6.67,0.917,1,75.0,2.33,32.8,0.318,2020-08-12 02:00:00
2020-08-13,1,2020,1,Grain Filling,0.95,6.57,0.917,1,71.0,2.3,31.8,0.308,2020-08-13 02:00:00
2020-08-14,1,2020,1,Grain Filling,0.97,6.72,0.916,1,73.0,2.35,32.3,0.326,2020-08-14 02:00:00
2020-08-15,1,2020,1,Grain Filling,0.95,6.53,0.917,1,68.0,2.29,31.3,0.314,2020-08-15 02:00:00
2020-08-16,1,2020,1,Grain Filling,1.0,7.33,0.917,1,84.0,2.57,32.6,0.321,2020-08-16 02:00:00
2020-08-17,1,2020,1,Grain Filling,0.93,7.02,0.917,1,78.0,2.46,32.1,0.295,2020-08-17 02:00:00
2020-08-18,1,2020,1,Grain Filling,0.95,7.19,0.917,1,79.0,2.52,33.3,0.351,2020-08-18 02:00:00
2020-08-19,1,2020,1,Grain Filling,1.01,7.16,0.917,1,75.0,2.51,32.0,0.332,2020-08-19 02:00:00
2020-08-20,1,2020,1,Grain Filling,0.94,6.68,0.917,1,74.0,2.34,32.3,0.342,2020-08-20 02:00:00
2020-08-21,1,2020,1,Grain Filling,0.95,6.66,0.917,1,76.0,2.33,34.2,0.347,2020-08-21 02:00:00
2020-08-22,1,2020,1,Grain Filling,0.97,6.66,0.782,1,80.0,11.94,32.0,0.348,2020-08-22 02:00:00
2020-08-23,1,2020,1,Grain Filling,0.99,7.02,0.807,1,76.0,2.46,32.3,0.306,2020-08-23 02:00:00
2020-08-24,1,2020,1,Grain Filling,1.0,7.1,0.805,1,75.0,2.48,32.7,0.345,2020-08-24 02:00:00
2020-08-25,1,2020,1,Grain Filling,1.04,7.08,0.83,1,75.0,2.48,32.4,0.283,2020-08-25 02:00:00
2020-08-26,1,2020,1,Grain Filling,0.97,7.05,0.872,1,72.0,2.47,31.5,0.293,2020-08-26 02:00:00
2020-08-27,1,2020,1,Grain Filling,0.97,7.46,0.907,1,71.0,2.61,33.2,0.341,2020-08-27 02:00:00
2020-08-28,1,2020,1,Grain Filling,0.95,6.39,0.905,1,85.0,2.24,34.8,0.267,2020-08-28 02:00:00
2020-08-29,1,2020,1,Grain Filling,1.02,7.67,0.917,1,74.0,2.68,34.4,0.289,2020-08-29 02:00:00
2020-08-30,1,2020,1,Grain Filling,0.97,7.42,0.917,1,78.0,2.6,32.1,0.273,2020-08-30 02:00:00
2020-08-31,1,2020,1,Grain Filling,1.0,6.83,0.917,1,80.0,2.39,32.6,0.278,2020-08-31 02:00:00
2020-09-01,1,2020,1,Grain Filling,1.02,7.06,0.904,1,77.0,2.47,33.2,0.275,2020-09-01 02:00:00
2020-09-02,1,2020,1,Grain Filling,0.97,6.88,0.917,1,79.0,2.41,31.4,0.31,2020-09-02 02:00:00
2020-09-03,1,2020,1,Grain Filling,0.96,6.68,0.907,1,77.0,2.34,30.8,0.303,2020-09-03 02:00:00
2020-09-04,1,2020,1,Grain Filling,1.05,7.36,0.917,1,69.0,2.58,35.0,0.298,2020-09-04 02:00:00
2020-09-05,1,2020,1,Grain Filling,0.96,6.67,0.917,1,76.0,2.33,32.9,0.326,2020-09-05 02:00:00
2020-09-06,1,2020,1,Grain Filling,0.99,7.25,0.914,1,78.0,2.54,32.7,0.259,2020-09-06 02:00:00
2020-09-07,1,2020,1,Grain Filling,1.02,7.02,0.917,1,78.0,2.46,31.0,0.305,2020-09-07 02:00:00
2020-09-08,1,2020,1,Grain Filling,0.97,6.47,0.917,1,73.0,2.26,31.5,0.3,2020-09-08 02:00:00
2020-09-09,1,2020,1,Grain Filling,0.97,6.51,0.917,1,76.0,2.28,32.6,0.28,2020-09-09 02:00:00
2020-09-10,1,2020,1,Grain Filling,1.02,7.3,0.917,1,75.0,2.55,34.0,0.283,2020-09-10 02:00:00
2020-09-11,1,2020,1,Grain Filling,1.04,7.83,0.917,1,73.0,2.74,33.4,0.304,2020-09-11 02:00:00
2020-09-12,1,2020,1,Grain Filling,1.03,8.31,0.917,1,79.0,2.91,33.7,0.297,2020-09-12 02:00:00
2020-09-13,1,2020,1,Grain Filling,1.0,6.9,0.917,1,73.0,2.42,29.7,0.277,2020-09-13 02:00:00
2020-09-14,1,2020,1,Grain Filling,1.04,7.84,0.917,1,77.0,2.74,31.8,0.295,2020-09-14 02:00:00
2020-09-15,1,2020,1,Grain Filling,1.03,7.26,0.917,1,75.0,2.54,35.0,0.283,2020-09-15 02:00:00
2020-09-16,1,2020,1,Grain Filling,1.04,7.71,0.917,1,72.0,2.7,32.8,0.292,2020-09-16 02:00:00
2020-09-17,1,2020,1,Grain Filling,0.99,6.83,0.846,1,75.0,9.8,32.0,0.302,2020-09-17 02:00:00
2020-09-18,1,2020,1,Grain Filling,1.06,7.67,0.882,1,78.0,2.68,31.6,0.248,2020-09-18 02:00:00
2020-09-19,1,2020,1,Grain Filling,1.02,7.39,0.914,1,81.0,2.59,32.7,0.326,2020-09-19 02:00:00
2020-09-20,1,2020,1,Grain Filling,0.99,7.26,0.917,1,78.0,2.54,32.0,0.3,2020-09-20 02:00:00
2020-09-21,1,2020,1,Grain Filling,1.01,7.57,0.917,1,74.0,2.65,33.1,0.304,2020-09-21 02:00:00
2020-09-22,1,2020,1,Grain Filling,1.03,7.8,0.858,1,78.0,9.24,33.3,0.252,2020-09-22 02:00:00
2020-09-23,1,2020,1,Grain Filling,1.0,7.11,0.899,1,82.0,2.49,35.3,0.291,2020-09-23 02:00:00
2020-09-24,1,2020,1,Grain Filling,1.03,7.46,0.917,1,82.0,2.61,33.6,0.276,2020-09-24 02:00:00
2020-09-25,1,2020,1,Grain Filling,1.03,7.94,0.917,1,83.0,2.78,32.0,0.247,2020-09-25 02:00:00
2020-09-26,1,2020,1,Grain Filling,1.04,8.01,0.917,1,83.0,2.8,34.6,0.286,2020-09-26 02:00:00
2020-09-27,1,2020,1,Grain Filling,1.02,7.79,0.917,1,74.0,2.73,33.0,0.301,2020-09-27 02:00:00
2020-09-28,1,2020,1,Grain Filling,1.05,7.78,0.917,1,84.0,2.72,31.9,0.314,2020-09-28 02:00:00
2020-09-29,1,2020,1,Grain Filling,1.03,7.62,0.917,1,86.0,2.67,33.9,0.267,2020-09-29 02:00:00
2020-09-30,1,2020,1,Grain Filling,1.02,7.22,0.917,1,75.0,2.53,33.3,0.281,2020-09-30 02:00:00
2020-10-01,1,2020,1,Grain Filling,1.02,7.74,0.917,1,76.0,2.71,32.4,0.344,2020-10-01 02:00:00
2020-10-02,1,2020,1,Grain Filling,1.0,6.82,0.846,1,73.0,2.39,34.2,0.267,2020-10-02 02:00:00
2020-10-03,1,2020,1,Grain Filling,1.03,8.21,0.852,1,78.0,2.87,34.1,0.287,2020-10-03 02:00:00
2020-10-04,1,2020,1,Grain Filling,1.02,7.46,0.892,1,75.0,2.61,32.0,0.277,2020-10-04 02:00:00
2020-10-05,1,2020,1,Grain Filling,1.06,7.95,0.917,1,80.0,2.78,33.8,0.263,2020-10-05 02:00:00
2020-10-06,1,2020,1,Grain Filling,1.02,7.67,0.917,1,81.0,2.68,34.6,0.305,2020-10-06 02:00:00
2020-10-07,1,2020,1,Grain Filling,1.03,7.34,0.917,1,79.0,2.57,31.4,0.251,2020-10-07 02:00:00
2020-10-08,1,2020,1,Grain Filling,1.05,7.97,0.917,1,74.0,2.79,34.5,0.281,2020-10-08 02:00:00
2020-10-09,1,2020,1,Grain Filling,1.01,7.49,0.917,1,72.0,2.62,34.0,0.259,2020-10-09 02:00:00
2020-10-10,1,2020,1,Grain Filling,1.06,7.68,0.917,1,71.0,2.69,33.2,0.299,2020-10-10 02:00:00
2020-10-11,1,2020,1,Grain Filling,1.04,8.52,0.917,1,80.0,2.98,34.8,0.255,2020-10-11 02:00:00
2020-10-12,1,2020,1,Grain Filling,1.06,7.65,0.917,1,78.0,2.68,34.8,0.288,2020-10-12 02:00:00
2020-10-13,1,2020,1,Grain Filling,1.12,7.8,0.892,1,79.0,2.73,32.0,0.277,2020-10-13 02:00:00
2020-10-14,1,2020,1,Grain Filling,1.05,7.88,0.915,1,79.0,2.76,35.4,0.286,2020-10-14 02:00:00
2020-10-15,1,2020,1,Grain Filling,1.06,7.72,0.906,1,78.0,2.7,32.2,0.279,2020-10-15 02:00:00
2020-10-16,1,2020,1,Grain Filling,1.07,8.2,0.917,1,77.0,2.87,32.8,0.281,2020-10-16 02:00:00
2020-10-17,1,2020,1,Grain Filling,1.09,7.49,0.917,1,78.0,2.62,33.0,0.287,2020-10-17 02:00:00
2020-10-18,1,2020,1,Grain Filling,1.06,7.76,0.894,1,82.0,2.72,32.6,0.302,2020-10-18 02:00:00
2020-10-19,1,2020,1,Grain Filling,1.08,7.97,0.917,1,74.0,2.79,34.9,0.262,2020-10-19 02:00:00
2020-10-20,1,2020,1,Maturity,1.0,7.23,0.917,1,90.0,2.53,32.1,0.24,2020-10-20 02:00:00
2020-10-21,1,2020,1,Maturity,1.04,7.9,0.917,1,81.0,2.76,33.8,0.293,2020-10-21 02:00:00
2020-10-22,1,2020,1,Maturity,1.12,8.78,0.904,1,83.0,3.07,34.8,0.257,2020-10-22 02:00:00
2020-10-23,1,2020,1,Maturity,1.08,7.55,0.808,1,78.0,9.52,34.3,0.233,2020-10-23 02:00:00
2020-10-24,1,2020,1,Maturity,1.12,8.04,0.846,1,87.0,2.81,33.1,0.302,2020-10-24 02:00:00
2020-10-25,1,2020,1,Maturity,1.06,7.94,0.81,1,77.0,2.78,33.7,0.298,2020-10-25 02:00:00
2020-10-26,1,2020,1,Maturity,1.03,7.57,0.854,1,77.0,2.65,34.1,0.286,2020-10-26 02:00:00
2020-10-27,1,2020,1,Maturity,1.1,8.57,0.9,1,77.0,3.0,34.9,0.257,2020-10-27 02:00:00
2020-10-28,1,2020,1,Maturity,1.02,7.95,0.838,1,81.0,8.93,33.4,0.26,2020-10-28 02:00:00
2020-10-29,1,2020,1,Maturity,1.05,8.11,0.835,1,79.0,2.84,33.4,0.266,2020-10-29 02:00:00
2020-10-30,1,2020,1,Maturity,1.04,8.17,0.765,1,80.0,2.86,34.3,0.285,2020-10-30 02:00:00
2020-10-31,1,2020,1,Maturity,1.06,7.98,0.805,1,78.0,2.79,34.9,0.258,2020-10-31 02:00:00
2020-11-01,1,2020,1,Maturity,1.07,8.26,0.823,1,78.0,2.89,34.0,0.285,2020-11-01 02:00:00
2020-11-02,1,2020,1,Maturity,1.02,7.66,0.867,1,77.0,2.68,32.9,0.266,2020-11-02 02:00:00
2020-11-03,1,2020,1,Maturity,1.05,8.65,0.915,1,85.0,3.03,34.7,0.255,2020-11-03 02:00:00
2020-11-04,1,2020,1,Maturity,1.12,8.9,0.917,1,78.0,3.12,33.2,0.285,2020-11-04 02:00:00
2020-11-05,1,2020,1,Maturity,1.03,7.91,0.883,1,79.0,2.77,33.1,0.274,2020-11-05 02:00:00
2020-11-06,1,2020,1,Maturity,1.09,8.27,0.893,1,75.0,2.89,34.2,0.242,2020-11-06 02:00:00
2020-11-07,1,2020,1,Maturity,1.07,7.92,0.917,1,75.0,2.77,35.3,0.248,2020-11-07 02:00:00
2020-11-08,1,2020,1,Maturity,1.07,8.59,0.917,1,81.0,3.01,34.3,0.274,2020-11-08 02:00:00
2020-11-09,1,2020,1,Maturity,1.16,8.66,0.917,1,82.0,3.03,34.6,0.238,2020-11-09 02:00:00
2020-11-10,1,2020,1,Maturity,1.14,8.55,0.917,1,84.0,2.99,31.6,0.26,2020-11-10 02:00:00
2020-11-11,1,2020,1,Maturity,1.02,7.47,0.917,1,80.0,2.61,34.8,0.279,2020-11-11 02:00:00
2020-11-12,1,2020,1,Maturity,1.12,8.61,0.827,1,80.0,3.01,33.7,0.201,2020-11-12 02:00:00
2020-11-13,1,2020,1,Maturity,1.09,8.63,0.841,1,79.0,3.02,35.0,0.28,2020-11-13 02:00:00
2020-11-14,1,2020,1,Maturity,1.11,7.37,0.881,1,81.0,2.58,32.6,0.291,2020-11-14 02:00:00
2020-11-15,1,2020,1,Maturity,1.03,7.03,0.91,1,85.0,2.46,34.5,0.248,2020-11-15 02:00:00
2020-11-16,1,2020,1,Maturity,1.06,7.94,0.917,1,82.0,2.78,35.3,0.275,2020-11-16 02:00:00
2020-11-17,1,2020,1,Maturity,1.08,8.25,0.837,1,80.0,10.74,33.6,0.228,2020-11-17 02:00:00
2020-11-18,1,2020,1,Maturity,1.08,8.03,0.882,1,89.0,2.81,34.3,0.269,2020-11-18 02:00:00
2020-11-19,1,2020,1,Maturity,1.08,7.12,0.894,1,80.0,2.49,32.8,0.279,2020-11-19 02:00:00
2020-11-20,1,2020,1,Maturity,1.14,8.18,0.857,1,74.0,2.86,31.7,0.264,2020-11-20 02:00:00
2020-11-21,1,2020,1,Maturity,1.14,9.16,0.903,1,78.0,3.21,34.8,0.234,2020-11-21 02:00:00
2020-11-22,1,2020,1,Maturity,1.1,7.8,0.899,1,86.0,2.73,35.1,0.243,2020-11-22 02:00:00
2020-11-23,1,2020,1,Maturity,1.08,8.11,0.917,1,84.0,2.84,32.5,0.248,2020-11-23 02:00:00
2020-11-24,1,2020,1,Maturity,1.17,8.78,0.917,1,79.0,3.07,35.3,0.252,2020-11-24 02:00:00
2020-11-25,1,2020,1,Maturity,1.14,9.21,0.917,1,86.0,3.22,33.3,0.235,2020-11-25 02:00:00
2020-11-26,1,2020,1,Maturity,1.08,8.17,0.917,1,81.0,2.86,35.9,0.255,2020-11-26 02:00:00
2020-11-27,1,2020,1,Maturity,1.1,8.9,0.917,1,82.0,3.12,35.0,0.223,2020-11-27 02:00:00
2020-11-28,1,2020,1,Maturity,1.12,7.93,0.917,1,82.0,2.78,33.8,0.287,2020-11-28 02:00:00
2020-11-29,1,2020,1,Maturity,1.1,8.16,0.917,1,82.0,2.86,34.3,0.245,2020-11-29 02:00:00
2020-11-30,1,2020,1,Maturity,1.13,8.87,0.917,1,80.0,3.1,35.5,0.227,2020-11-30 02:00:00
2020-12-01,1,2020,1,Maturity,1.13,8.63,0.917,1,80.0,3.02,35.4,0.249,2020-12-01 02:00:00
2020-12-02,1,2020,1,Maturity,1.1,8.16,0.917,1,81.0,2.86,33.1,0.223,2020-12-02 02:00:00
2020-12-03,1,2020,1,Maturity,1.15,9.16,0.917,1,81.0,3.21,34.3,0.252,2020-12-03 02:00:00
2020-12-04,1,2020,1,Maturity,1.07,8.33,0.85,1,83.0,2.92,34.0,0.241,2020-12-04 02:00:00
2020-12-05,1,2020,1,Maturity,1.13,8.68,0.773,1,86.0,5.73,35.1,0.23,2020-12-05 02:00:00
2020-12-06,1,2020,1,Maturity,1.09,8.06,0.78,1,83.0,2.82,35.7,0.259,2020-12-06 02:00:00
2020-12-07,1,2020,1,Maturity,1.07,8.77,0.711,1,82.0,3.07,35.5,0.232,2020-12-07 02:00:00
2020-12-08,1,2020,1,Maturity,1.11,8.76,0.757,1,77.0,3.07,34.9,0.262,2020-12-08 02:00:00
2020-12-09,1,2020,1,Maturity,1.15,8.76,0.802,1,81.0,3.07,33.0,0.248,2020-12-09 02:00:00
2020-12-10,1,2020,1,Maturity,1.13,8.08,0.846,1,86.0,2.83,34.9,0.255,2020-12-10 02:00:00
2020-12-11,1,2020,1,Maturity,1.11,8.62,0.892,1,81.0,3.02,33.4,0.231,2020-12-11 02:00:00
2020-12-12,1,2020,1,Maturity,1.13,8.73,0.917,1,80.0,3.06,33.4,0.268,2020-12-12 02:00:00
2020-12-13,1,2020,1,Maturity,1.11,8.29,0.917,1,80.0,2.9,34.9,0.23,2020-12-13 02:00:00
2020-12-14,1,2020,1,Maturity,1.14,9.28,0.847,1,85.0,11.07,34.6,0.218,2020-12-14 02:00:00
2020-12-15,1,2020,1,Maturity,1.17,8.86,0.892,1,91.0,3.1,34.8,0.233,2020-12-15 02:00:00
2020-12-16,1,2020,1,Maturity,1.14,8.85,0.895,1,92.0,3.1,34.7,0.243,2020-12-16 02:00:00
2020-12-17,1,2020,1,Maturity,1.12,8.46,0.917,1,74.0,2.96,35.0,0.24,2020-12-17 02:00:00
2020-12-18,1,2020,1,Maturity,1.19,9.09,0.917,1,86.0,3.18,34.5,0.195,2020-12-18 02:00:00
2020-12-19,1,2020,1,Maturity,1.11,8.59,0.917,1,77.0,3.01,33.9,0.249,2020-12-19 02:00:00
2020-12-20,1,2020,1,Maturity,1.11,8.18,0.917,1,88.0,2.86,34.4,0.225,2020-12-20 02:00:00
2020-12-21,1,2020,1,Maturity,1.16,9.19,0.917,1,84.0,3.22,34.8,0.231,2020-12-21 02:00:00
2020-12-22,1,2020,1,Maturity,1.18,9.03,0.917,1,87.0,3.16,33.3,0.219,2020-12-22 02:00:00
2020-12-23,1,2020,1,Maturity,1.12,8.22,0.893,1,83.0,2.88,34.2,0.241,2020-12-23 02:00:00
2020-12-24,1,2020,1,Maturity,1.14,8.43,0.917,1,85.0,2.95,33.8,0.22,2020-12-24 02:00:00
2020-12-25,1,2020,1,Maturity,1.15,8.68,0.917,1,83.0,3.04,35.6,0.236,2020-12-25 02:00:00
2020-12-26,1,2020,1,Maturity,1.1,8.46,0.917,1,85.0,2.96,33.3,0.243,2020-12-26 02:00:00
2020-12-27,1,2020,1,Maturity,1.16,8.68,0.842,1,87.0,6.53,33.8,0.251,2020-12-27 02:00:00
2020-12-28,1,2020,1,Maturity,1.13,8.9,0.883,1,83.0,3.12,36.2,0.266,2020-12-28 02:00:00
2020-12-29,1,2020,1,Maturity,1.14,8.97,0.917,1,78.0,3.14,34.7,0.264,2020-12-29 02:00:00
2020-12-30,1,2020,1,Maturity,1.15,8.52,0.905,1,86.0,2.98,33.3,0.233,2020-12-30 02:00:00
2020-12-31,1,2020,1,Maturity,1.14,8.71,0.917,1,84.0,3.05,33.3,0.259,2020-12-31 02:00:00
2021-01-01,1,2021,1,Germination,0.62,3.74,0.433,1,54.0,1.31,30.3,0.465,2021-01-01 02:00:00
2021-01-02,1,2021,1,Germination,0.65,4.15,0.314,1,62.0,8.74,30.3,0.431,2021-01-02 02:00:00
2021-01-03,1,2021,1,Germination,0.69,4.38,0.344,1,61.0,1.53,28.7,0.425,2021-01-03 02:00:00
2021-01-04,1,2021,1,Germination,0.66,4.06,0.294,1,56.0,5.8,27.9,0.418,2021-01-04 02:00:00
2021-01-05,1,2021,1,Germination,0.71,4.07,0.325,1,59.0,1.42,31.6,0.413,2021-01-05 02:00:00
2021-01-06,1,2021,1,Germination,0.6,3.68,0.354,1,62.0,1.29,30.4,0.438,2021-01-06 02:00:00
2021-01-07,1,2021,1,Germination,0.68,4.2,0.25,1,63.0,9.97,30.9,0.442,2021-01-07 02:00:00
2021-01-08,1,2021,1,Germination,0.69,4.43,0.269,1,66.0,1.55,29.2,0.448,2021-01-08 02:00:00
2021-01-09,1,2021,1,Germination,0.61,4.01,0.304,1,62.0,1.4,29.6,0.45,2021-01-09 02:00:00
2021-01-10,1,2021,1,Germination,0.58,3.45,0.259,1,61.0,1.21,29.9,0.426,2021-01-10 02:00:00
2021-01-11,1,2021,1,Germination,0.61,3.78,0.295,1,66.0,1.32,30.8,0.463,2021-01-11 02:00:00
2021-01-12,1,2021,1,Germination,0.69,4.02,0.299,1,62.0,1.41,29.1,0.449,2021-01-12 02:00:00
2021-01-13,1,2021,1,Germination,0.66,4.03,0.335,1,67.0,1.41,28.9,0.44,2021-01-13 02:00:00
2021-01-14,1,2021,1,Germination,0.65,4.0,0.366,1,76.0,1.4,30.9,0.474,2021-01-14 02:00:00
2021-01-15,1,2021,1,Germination,0.65,4.19,0.392,1,59.0,1.47,28.0,0.483,2021-01-15 02:00:00
2021-01-16,1,2021,1,Germination,0.65,3.93,0.343,1,67.0,1.38,30.6,0.45,2021-01-16 02:00:00
2021-01-17,1,2021,1,Germination,0.67,4.09,0.375,1,62.0,1.43,28.6,0.461,2021-01-17 02:00:00
2021-01-18,1,2021,1,Germination,0.69,4.08,0.267,1,63.0,1.43,29.4,0.45,2021-01-18 02:00:00
2021-01-19,1,2021,1,Germination,0.69,4.13,0.25,1,62.0,8.7,30.3,0.473,2021-01-19 02:00:00
2021-01-20,1,2021,1,Germination,0.66,4.29,0.285,1,51.0,1.5,27.6,0.419,2021-01-20 02:00:00
2021-01-21,1,2021,1,Germination,0.69,4.14,0.321,1,63.0,1.45,29.7,0.444,2021-01-21 02:00:00
2021-01-22,1,2021,1,Germination,0.71,4.7,0.358,1,60.0,1.64,29.7,0.452,2021-01-22 02:00:00
2021-01-23,1,2021,1,Germination,0.69,4.35,0.272,1,62.0,8.16,30.2,0.4,2021-01-23 02:00:00
2021-01-24,1,2021,1,Germination,0.68,4.13,0.25,1,68.0,1.45,30.1,0.448,2021-01-24 02:00:00
2021-01-25,1,2021,1,Germination,0.66,3.92,0.273,1,73.0,1.37,29.7,0.43,2021-01-25 02:00:00
2021-01-26,1,2021,1,Germination,0.66,4.26,0.25,1,68.0,5.9,29.8,0.438,2021-01-26 02:00:00
2021-01-27,1,2021,1,Germination,0.72,4.34,0.283,1,59.0,1.52,29.9,0.421,2021-01-27 02:00:00
2021-01-28,1,2021,1,Germination,0.74,4.83,0.301,1,62.0,1.69,29.3,0.387,2021-01-28 02:00:00
2021-01-29,1,2021,1,Germination,0.66,3.68,0.332,1,69.0,1.29,28.5,0.421,2021-01-29 02:00:00
2021-01-30,1,2021,1,Germination,0.64,4.02,0.366,1,63.0,1.41,29.1,0.456,2021-01-30 02:00:00
2021-01-31,1,2021,1,Germination,0.72,4.4,0.392,1,59.0,1.54,31.0,0.437,2021-01-31 02:00:00
2021-02-01,1,2021,1,Germination,0.71,4.64,0.403,1,71.0,1.62,30.0,0.428,2021-02-01 02:00:00
2021-02-02,1,2021,1,Germination,0.73,4.86,0.414,1,61.0,1.7,28.3,0.401,2021-02-02 02:00:00
2021-02-03,1,2021,1,Germination,0.71,4.36,0.445,1,53.0,1.53,29.2,0.471,2021-02-03 02:00:00
2021-02-04,1,2021,1,Germination,0.68,4.17,0.429,1,63.0,1.46,30.4,0.37,2021-02-04 02:00:00
2021-02-05,1,2021,1,Germination,0.68,4.21,0.437,1,62.0,1.47,30.5,0.449,2021-02-05 02:00:00
2021-02-06,1,2021,1,Germination,0.63,4.19,0.448,1,63.0,1.47,27.9,0.417,2021-02-06 02:00:00
2021-02-07,1,2021,1,Germination,0.74,4.73,0.449,1,69.0,1.66,30.2,0.439,2021-02-07 02:00:00
2021-02-08,1,2021,1,Germination,0.73,4.32,0.479,1,74.0,1.51,28.9,0.445,2021-02-08 02:00:00
2021-02-09,1,2021,1,Germination,0.72,4.45,0.486,1,63.0,1.56,29.0,0.413,2021-02-09 02:00:00
2021-02-10,1,2021,1,Germination,0.7,4.45,0.491,1,67.0,1.56,30.1,0.413,2021-02-10 02:00:00
2021-02-11,1,2021,1,Germination,0.67,4.42,0.459,1,66.0,1.55,27.6,0.42,2021-02-11 02:00:00
2021-02-12,1,2021,1,Germination,0.77,4.86,0.346,1,65.0,7.64,30.6,0.438,2021-02-12 02:00:00
2021-02-13,1,2021,1,Germination,0.72,4.28,0.381,1,71.0,1.5,30.9,0.436,2021-02-13 02:00:00
2021-02-14,1,2021,1,Germination,0.7,4.39,0.419,1,62.0,1.54,32.2,0.419,2021-02-14 02:00:00
2021-02-15,1,2021,1,Germination,0.72,4.78,0.458,1,54.0,1.67,30.3,0.416,2021-02-15 02:00:00
2021-02-16,1,2021,1,Germination,0.73,4.56,0.458,1,61.0,1.6,28.0,0.411,2021-02-16 02:00:00
2021-02-17,1,2021,1,Germination,0.72,4.39,0.493,1,67.0,1.54,30.3,0.416,2021-02-17 02:00:00
2021-02-18,1,2021,1,Germination,0.69,4.25,0.384,1,59.0,10.67,28.0,0.395,2021-02-18 02:00:00
2021-02-19,1,2021,1,Germination,0.73,4.98,0.383,1,65.0,1.74,31.1,0.414,2021-02-19 02:00:00
2021-02-20,1,2021,1,Germination,0.73,4.46,0.417,1,68.0,1.56,29.9,0.42,2021-02-20 02:00:00
2021-02-21,1,2021,1,Germination,0.66,4.05,0.4,1,72.0,1.42,30.4,0.428,2021-02-21 02:00:00
2021-02-22,1,2021,1,Germination,0.73,4.6,0.344,1,70.0,1.61,32.2,0.434,2021-02-22 02:00:00
2021-02-23,1,2021,1,Germination,0.72,4.63,0.364,1,70.0,1.62,31.5,0.429,2021-02-23 02:00:00
2021-02-24,1,2021,1,Germination,0.68,4.26,0.279,1,62.0,8.01,29.0,0.418,2021-02-24 02:00:00
2021-02-25,1,2021,1,Germination,0.73,4.56,0.25,1,58.0,1.6,31.3,0.431,2021-02-25 02:00:00
2021-02-26,1,2021,1,Germination,0.71,4.5,0.283,1,59.0,1.58,27.8,0.453,2021-02-26 02:00:00
2021-02-27,1,2021,1,Germination,0.71,4.47,0.25,1,64.0,1.56,30.5,0.42,2021-02-27 02:00:00
2021-02-28,1,2021,1,Germination,0.74,4.6,0.278,1,65.0,1.61,31.9,0.42,2021-02-28 02:00:00
2021-03-01,1,2021,1,Germination,0.71,4.11,0.301,1,70.0,1.44,29.9,0.452,2021-03-01 02:00:00
2021-03-02,1,2021,1,Germination,0.78,4.87,0.326,1,66.0,1.7,29.3,0.405,2021-03-02 02:00:00
2021-03-03,1,2021,1,Germination,0.74,4.75,0.345,1,56.0,1.66,31.3,0.435,2021-03-03 02:00:00
2021-03-04,1,2021,1,Germination,0.76,4.44,0.373,1,63.0,1.55,29.9,0.445,2021-03-04 02:00:00
2021-03-05,1,2021,1,Germination,0.75,4.64,0.318,1,66.0,7.06,31.2,0.398,2021-03-05 02:00:00
2021-03-06,1,2021,1,Germination,0.73,4.75,0.25,1,59.0,11.12,31.0,0.41,2021-03-06 02:00:00
2021-03-07,1,2021,1,Germination,0.73,4.3,0.25,1,62.0,1.5,28.3,0.398,2021-03-07 02:00:00
2021-03-08,1,2021,1,Germination,0.74,4.95,0.286,1,69.0,1.73,29.5,0.43,2021-03-08 02:00:00
2021-03-09,1,2021,1,Germination,0.74,4.83,0.317,1,68.0,1.69,29.9,0.383,2021-03-09 02:00:00
2021-03-10,1,2021,1,Germination,0.73,4.62,0.342,1,69.0,1.62,31.3,0.418,2021-03-10 02:00:00
2021-03-11,1,2021,1,Germination,0.8,5.32,0.381,1,71.0,1.86,29.5,0.401,2021-03-11 02:00:00
2021-03-12,1,2021,1,Germination,0.76,5.37,0.397,1,61.0,1.88,31.3,0.386,2021-03-12 02:00:00
2021-03-13,1,2021,1,Germination,0.73,4.79,0.418,1,66.0,1.68,32.2,0.399,2021-03-13 02:00:00
2021-03-14,1,2021,1,Germination,0.76,4.9,0.423,1,66.0,1.72,30.4,0.388,2021-03-14 02:00:00
2021-03-15,1,2021,1,Vegetative,0.72,4.57,0.457,1,70.0,1.6,29.4,0.372,2021-03-15 02:00:00
2021-03-16,1,2021,1,Vegetative,0.78,4.93,0.484,1,64.0,1.73,30.7,0.424,2021-03-16 02:00:00
2021-03-17,1,2021,1,Vegetative,0.77,5.44,0.517,1,71.0,1.9,31.8,0.413,2021-03-17 02:00:00
2021-03-18,1,2021,1,Vegetative,0.76,4.74,0.388,1,63.0,8.12,30.6,0.408,2021-03-18 02:00:00
2021-03-19,1,2021,1,Vegetative,0.73,5.15,0.363,1,65.0,1.8,30.0,0.406,2021-03-19 02:00:00
2021-03-20,1,2021,1,Vegetative,0.72,4.87,0.365,1,71.0,1.7,29.2,0.389,2021-03-20 02:00:00
2021-03-21,1,2021,1,Vegetative,0.72,4.32,0.401,1,62.0,1.51,29.0,0.378,2021-03-21 02:00:00
2021-03-22,1,2021,1,Vegetative,0.73,4.85,0.429,1,64.0,1.7,30.1,0.426,2021-03-22 02:00:00
2021-03-23,1,2021,1,Vegetative,0.75,4.94,0.468,1,72.0,1.73,33.0,0.398,2021-03-23 02:00:00
2021-03-24,1,2021,1,Vegetative,0.7,4.64,0.49,1,70.0,1.62,30.4,0.374,2021-03-24 02:00:00
2021-03-25,1,2021,1,Vegetative,0.74,4.7,0.525,1,67.0,1.64,30.3,0.367,2021-03-25 02:00:00
2021-03-26,1,2021,1,Vegetative,0.79,4.78,0.559,1,64.0,1.67,29.5,0.406,2021-03-26 02:00:00
2021-03-27,1,2021,1,Vegetative,0.79,4.78,0.556,1,69.0,1.67,30.9,0.347,2021-03-27 02:00:00
2021-03-28,1,2021,1,Vegetative,0.78,4.98,0.594,1,60.0,1.74,30.8,0.389,2021-03-28 02:00:00
2021-03-29,1,2021,1,Vegetative,0.74,4.97,0.584,1,71.0,1.74,30.5,0.412,2021-03-29 02:00:00
2021-03-30,1,2021,1,Vegetative,0.78,5.24,0.59,1,65.0,1.83,30.8,0.38,2021-03-30 02:00:00
2021-03-31,1,2021,1,Vegetative,0.75,4.47,0.62,1,68.0,1.56,29.6,0.381,2021-03-31 02:00:00
2021-04-01,1,2021,1,Vegetative,0.76,4.66,0.56,1,66.0,7.92,31.0,0.407,2021-04-01 02:00:00
2021-04-02,1,2021,1,Vegetative,0.8,4.86,0.554,1,73.0,1.7,30.3,0.415,2021-04-02 02:00:00
2021-04-03,1,2021,1,Vegetative,0.79,5.04,0.587,1,70.0,1.76,30.7,0.39,2021-04-03 02:00:00
2021-04-04,1,2021,1,Vegetative,0.73,4.59,0.55,1,64.0,1.61,30.0,0.384,2021-04-04 02:00:00
2021-04-05,1,2021,1,Vegetative,0.76,4.68,0.523,1,63.0,5.03,30.6,0.363,2021-04-05 02:00:00
2021-04-06,1,2021,1,Vegetative,0.81,4.99,0.559,1,67.0,1.75,31.0,0.4,2021-04-06 02:00:00
2021-04-07,1,2021,1,Vegetative,0.78,4.88,0.439,1,63.0,5.74,31.7,0.39,2021-04-07 02:00:00
2021-04-08,1,2021,1,Vegetative,0.8,4.97,0.471,1,77.0,1.74,29.1,0.375,2021-04-08 02:00:00
2021-04-09,1,2021,1,Vegetative,0.74,5.03,0.47,1,64.0,4.55,32.1,0.352,2021-04-09 02:00:00
2021-04-10,1,2021,1,Vegetative,0.79,4.79,0.406,1,67.0,6.32,31.0,0.396,2021-04-10 02:00:00
2021-04-11,1,2021,1,Vegetative,0.85,5.45,0.417,1,63.0,1.91,30.1,0.39,2021-04-11 02:00:00
2021-04-12,1,2021,1,Vegetative,0.77,5.09,0.39,1,66.0,1.78,31.8,0.389,2021-04-12 02:00:00
2021-04-13,1,2021,1,Vegetative,0.78,4.74,0.424,1,72.0,1.66,32.0,0.4,2021-04-13 02:00:00
2021-04-14,1,2021,1,Vegetative,0.82,5.5,0.457,1,72.0,1.92,32.5,0.398,2021-04-14 02:00:00
2021-04-15,1,2021,1,Vegetative,0.75,4.78,0.475,1,69.0,1.67,31.0,0.399,2021-04-15 02:00:00
2021-04-16,1,2021,1,Vegetative,0.78,5.09,0.505,1,66.0,1.78,32.5,0.381,2021-04-16 02:00:00
2021-04-17,1,2021,1,Vegetative,0.79,4.67,0.473,1,75.0,1.63,31.6,0.405,2021-04-17 02:00:00
2021-04-18,1,2021,1,Vegetative,0.79,5.39,0.499,1,71.0,1.89,31.2,0.359,2021-04-18 02:00:00
2021-04-19,1,2021,1,Vegetative,0.76,4.72,0.536,1,73.0,1.65,29.3,0.396,2021-04-19 02:00:00
2021-04-20,1,2021,1,Vegetative,0.78,4.69,0.456,1,67.0,7.96,28.6,0.375,2021-04-20 02:00:00
2021-04-21,1,2021,1,Vegetative,0.8,5.68,0.426,1,69.0,1.99,27.9,0.347,2021-04-21 02:00:00
2021-04-22,1,2021,1,Vegetative,0.84,5.23,0.465,1,72.0,1.83,32.1,0.386,2021-04-22 02:00:00
2021-04-23,1,2021,1,Vegetative,0.86,5.9,0.442,1,64.0,2.06,30.0,0.408,2021-04-23 02:00:00
2021-04-24,1,2021,1,Vegetative,0.76,4.77,0.439,1,67.0,1.67,32.4,0.36,2021-04-24 02:00:00
2021-04-25,1,2021,1,Vegetative,0.78,5.16,0.468,1,69.0,1.81,33.3,0.409,2021-04-25 02:00:00
2021-04-26,1,2021,1,Vegetative,0.79,5.38,0.502,1,75.0,1.88,29.3,0.393,2021-04-26 02:00:00
2021-04-27,1,2021,1,Vegetative,0.8,4.95,0.472,1,63.0,1.73,30.1,0.365,2021-04-27 02:00:00
2021-04-28,1,2021,1,Vegetative,0.84,5.38,0.51,1,72.0,1.88,30.5,0.365,2021-04-28 02:00:00
2021-04-29,1,2021,1,Vegetative,0.81,5.59,0.548,1,69.0,1.96,31.1,0.411,2021-04-29 02:00:00
2021-04-30,1,2021,1,Vegetative,0.85,5.68,0.56,1,70.0,1.99,33.1,0.381,2021-04-30 02:00:00
2021-05-01,1,2021,1,Vegetative,0.85,5.54,0.586,1,67.0,1.94,31.0,0.362,2021-05-01 02:00:00
2021-05-02,1,2021,1,Flowering,0.85,5.76,0.617,1,74.0,2.02,31.2,0.382,2021-05-02 02:00:00
2021-05-03,1,2021,1,Flowering,0.83,5.35,0.493,1,73.0,1.87,31.2,0.389,2021-05-03 02:00:00
2021-05-04,1,2021,1,Flowering,0.85,5.59,0.527,1,72.0,1.96,31.4,0.363,2021-05-04 02:00:00
2021-05-05,1,2021,1,Flowering,0.87,5.96,0.563,1,73.0,2.09,30.2,0.345,2021-05-05 02:00:00
2021-05-06,1,2021,1,Flowering,0.8,5.04,0.565,1,76.0,1.76,30.6,0.373,2021-05-06 02:00:00
2021-05-07,1,2021,1,Flowering,0.82,5.64,0.605,1,74.0,1.97,29.7,0.369,2021-05-07 02:00:00
2021-05-08,1,2021,1,Flowering,0.82,5.56,0.616,1,76.0,1.95,30.6,0.381,2021-05-08 02:00:00
2021-05-09,1,2021,1,Flowering,0.84,5.75,0.615,1,65.0,2.01,30.7,0.378,2021-05-09 02:00:00
2021-05-10,1,2021,1,Flowering,0.79,4.97,0.638,1,69.0,1.74,30.4,0.344,2021-05-10 02:00:00
2021-05-11,1,2021,1,Flowering,0.82,5.27,0.666,1,68.0,1.84,32.6,0.377,2021-05-11 02:00:00
2021-05-12,1,2021,1,Flowering,0.84,5.26,0.659,1,68.0,1.84,31.5,0.382,2021-05-12 02:00:00
2021-05-13,1,2021,1,Flowering,0.81,5.31,0.621,1,68.0,1.86,30.6,0.356,2021-05-13 02:00:00
2021-05-14,1,2021,1,Flowering,0.87,6.32,0.664,1,67.0,2.21,33.3,0.359,2021-05-14 02:00:00
2021-05-15,1,2021,1,Flowering,0.85,5.61,0.687,1,60.0,1.96,30.8,0.363,2021-05-15 02:00:00
2021-05-16,1,2021,1,Flowering,0.85,5.63,0.726,1,79.0,1.97,30.1,0.368,2021-05-16 02:00:00
2021-05-17,1,2021,1,Flowering,0.83,5.61,0.759,1,66.0,1.96,31.8,0.346,2021-05-17 02:00:00
2021-05-18,1,2021,1,Flowering,0.85,5.43,0.734,1,69.0,1.9,30.0,0.351,2021-05-18 02:00:00
2021-05-19,1,2021,1,Flowering,0.82,5.2,0.724,1,72.0,1.82,31.6,0.374,2021-05-19 02:00:00
2021-05-20,1,2021,1,Flowering,0.88,5.81,0.744,1,69.0,2.03,33.3,0.363,2021-05-20 02:00:00
2021-05-21,1,2021,1,Flowering,0.87,5.71,0.783,1,74.0,2.0,29.9,0.37,2021-05-21 02:00:00
2021-05-22,1,2021,1,Flowering,0.81,5.49,0.811,1,60.0,1.92,30.2,0.373,2021-05-22 02:00:00
2021-05-23,1,2021,1,Flowering,0.78,5.56,0.826,1,71.0,1.95,32.6,0.357,2021-05-23 02:00:00
2021-05-24,1,2021,1,Flowering,0.83,5.69,0.826,1,67.0,1.99,30.9,0.393,2021-05-24 02:00:00
2021-05-25,1,2021,1,Flowering,0.87,6.07,0.798,1,71.0,2.12,31.7,0.348,2021-05-25 02:00:00
2021-05-26,1,2021,1,Flowering,0.85,5.98,0.839,1,68.0,2.09,30.6,0.348,2021-05-26 02:00:00
2021-05-27,1,2021,1,Flowering,0.81,5.43,0.879,1,74.0,1.9,31.3,0.354,2021-05-27 02:00:00
2021-05-28,1,2021,1,Flowering,0.86,6.08,0.859,1,74.0,2.13,30.2,0.34,2021-05-28 02:00:00
2021-05-29,1,2021,1,Flowering,0.77,4.84,0.752,1,59.0,10.84,31.6,0.379,2021-05-29 02:00:00
2021-05-30,1,2021,1,Flowering,0.86,6.22,0.772,1,70.0,2.18,30.7,0.374,2021-05-30 02:00:00
2021-05-31,1,2021,1,Flowering,0.84,5.67,0.735,1,77.0,7.26,35.0,0.379,2021-05-31 02:00:00
2021-06-01,1,2021,1,Flowering,0.86,5.41,0.672,1,66.0,8.61,30.7,0.366,2021-06-01 02:00:00
2021-06-02,1,2021,1,Flowering,0.83,5.73,0.693,1,69.0,2.01,29.4,0.377,2021-06-02 02:00:00
2021-06-03,1,2021,1,Flowering,0.92,6.48,0.702,1,68.0,2.27,31.4,0.349,2021-06-03 02:00:00
2021-06-04,1,2021,1,Flowering,0.85,5.65,0.713,1,65.0,1.98,31.5,0.329,2021-06-04 02:00:00
2021-06-05,1,2021,1,Flowering,0.88,6.07,0.744,1,70.0,2.12,31.8,0.356,2021-06-05 02:00:00
2021-06-06,1,2021,1,Flowering,0.87,5.69,0.779,1,76.0,1.99,31.5,0.362,2021-06-06 02:00:00
2021-06-07,1,2021,1,Flowering,0.88,6.23,0.806,1,63.0,2.18,31.6,0.357,2021-06-07 02:00:00
2021-06-08,1,2021,1,Flowering,0.87,5.92,0.847,1,77.0,2.07,33.6,0.345,2021-06-08 02:00:00
2021-06-09,1,2021,1,Flowering,0.89,6.06,0.716,1,68.0,10.01,28.7,0.323,2021-06-09 02:00:00
2021-06-10,1,2021,1,Flowering,0.85,5.79,0.756,1,80.0,2.03,31.5,0.346,2021-06-10 02:00:00
2021-06-11,1,2021,1,Flowering,0.84,6.39,0.783,1,69.0,2.24,30.9,0.343,2021-06-11 02:00:00
2021-06-12,1,2021,1,Flowering,0.84,5.9,0.8,1,65.0,2.06,31.0,0.354,2021-06-12 02:00:00
2021-06-13,1,2021,1,Flowering,0.83,5.47,0.806,1,70.0,1.91,31.1,0.355,2021-06-13 02:00:00
2021-06-14,1,2021,1,Flowering,0.88,5.73,0.83,1,71.0,2.01,30.7,0.387,2021-06-14 02:00:00
2021-06-15,1,2021,1,Flowering,0.92,6.8,0.872,1,69.0,2.38,32.1,0.355,2021-06-15 02:00:00
2021-06-16,1,2021,1,Flowering,0.87,5.76,0.903,1,69.0,2.02,29.3,0.354,2021-06-16 02:00:00
2021-06-17,1,2021,1,Flowering,0.95,6.95,0.826,1,72.0,9.82,31.7,0.352,2021-06-17 02:00:00
2021-06-18,1,2021,1,Flowering,0.85,6.13,0.869,1,74.0,2.15,32.0,0.341,2021-06-18 02:00:00
2021-06-19,1,2021,1,Flowering,0.93,6.37,0.885,1,78.0,2.23,31.9,0.346,2021-06-19 02:00:00
2021-06-20,1,2021,1,Flowering,0.87,5.83,0.917,1,74.0,2.04,33.4,0.364,2021-06-20 02:00:00
2021-06-21,1,2021,1,Flowering,0.92,6.3,0.917,1,76.0,2.2,34.1,0.317,2021-06-21 02:00:00
2021-06-22,1,2021,1,Flowering,0.86,5.73,0.912,1,79.0,2.01,33.0,0.348,2021-06-22 02:00:00
2021-06-23,1,2021,1,Flowering,0.97,6.43,0.898,1,76.0,2.25,31.2,0.332,2021-06-23 02:00:00
2021-06-24,1,2021,1,Flowering,0.87,6.15,0.917,1,73.0,2.15,31.9,0.341,2021-06-24 02:00:00
2021-06-25,1,2021,1,Flowering,0.83,5.77,0.917,1,76.0,2.02,31.7,0.329,2021-06-25 02:00:00
2021-06-26,1,2021,1,Flowering,0.92,6.71,0.917,1,74.0,2.35,31.5,0.318,2021-06-26 02:00:00
2021-06-27,1,2021,1,Flowering,0.88,5.69,0.917,1,78.0,1.99,34.4,0.349,2021-06-27 02:00:00
2021-06-28,1,2021,1,Flowering,0.87,6.17,0.811,1,75.0,11.59,31.0,0.335,2021-06-28 02:00:00
2021-06-29,1,2021,1,Flowering,0.89,6.36,0.843,1,66.0,2.23,34.3,0.392,2021-06-29 02:00:00
2021-06-30,1,2021,1,Flowering,0.84,6.03,0.849,1,74.0,2.11,32.2,0.362,2021-06-30 02:00:00
2021-07-01,1,2021,1,Flowering,0.88,6.2,0.782,1,76.0,8.45,31.7,0.305,2021-07-01 02:00:00
2021-07-02,1,2021,1,Grain Filling,0.95,6.18,0.817,1,74.0,2.16,30.6,0.317,2021-07-02 02:00:00
2021-07-03,1,2021,1,Grain Filling,0.95,6.53,0.848,1,74.0,2.29,31.0,0.357,2021-07-03 02:00:00
2021-07-04,1,2021,1,Grain Filling,0.91,6.48,0.89,1,72.0,2.27,31.9,0.348,2021-07-04 02:00:00
2021-07-05,1,2021,1,Grain Filling,0.92,6.37,0.917,1,68.0,2.23,32.8,0.302,2021-07-05 02:00:00
2021-07-06,1,2021,1,Grain Filling,0.84,6.08,0.917,1,75.0,2.13,32.0,0.27,2021-07-06 02:00:00
2021-07-07,1,2021,1,Grain Filling,0.9,5.63,0.917,1,77.0,1.97,31.9,0.335,2021-07-07 02:00:00
2021-07-08,1,2021,1,Grain Filling,0.95,6.45,0.917,1,77.0,2.26,30.4,0.317,2021-07-08 02:00:00
2021-07-09,1,2021,1,Grain Filling,0.88,5.74,0.91,1,72.0,2.01,32.7,0.292,2021-07-09 02:00:00
2021-07-10,1,2021,1,Grain Filling,0.93,5.93,0.917,1,68.0,2.08,31.3,0.328,2021-07-10 02:00:00
2021-07-11,1,2021,1,Grain Filling,0.94,6.42,0.905,1,74.0,2.25,30.6,0.359,2021-07-11 02:00:00
2021-07-12,1,2021,1,Grain Filling,0.9,6.43,0.857,1,70.0,2.25,35.4,0.322,2021-07-12 02:00:00
2021-07-13,1,2021,1,Grain Filling,0.85,5.97,0.849,1,72.0,5.23,32.2,0.334,2021-07-13 02:00:00
2021-07-14,1,2021,1,Grain Filling,0.95,7.05,0.862,1,72.0,2.47,35.5,0.322,2021-07-14 02:00:00
2021-07-15,1,2021,1,Grain Filling,0.86,6.21,0.903,1,76.0,2.17,31.5,0.358,2021-07-15 02:00:00
2021-07-16,1,2021,1,Grain Filling,0.92,6.42,0.842,1,76.0,2.25,33.0,0.363,2021-07-16 02:00:00
2021-07-17,1,2021,1,Grain Filling,0.91,6.34,0.853,1,69.0,2.22,30.6,0.319,2021-07-17 02:00:00
2021-07-18,1,2021,1,Grain Filling,0.9,5.76,0.868,1,82.0,2.02,31.9,0.337,2021-07-18 02:00:00
2021-07-19,1,2021,1,Grain Filling,0.93,6.5,0.91,1,73.0,2.28,33.2,0.324,2021-07-19 02:00:00
2021-07-20,1,2021,1,Grain Filling,0.95,6.65,0.917,1,70.0,2.33,34.1,0.326,2021-07-20 02:00:00
2021-07-21,1,2021,1,Grain Filling,0.96,6.61,0.896,1,80.0,5.48,32.3,0.332,2021-07-21 02:00:00
2021-07-22,1,2021,1,Grain Filling,0.93,6.74,0.801,1,83.0,11.36,31.3,0.32,2021-07-22 02:00:00
2021-07-23,1,2021,1,Grain Filling,0.97,6.91,0.826,1,80.0,2.42,31.9,0.331,2021-07-23 02:00:00
2021-07-24,1,2021,1,Grain Filling,0.94,6.12,0.779,1,67.0,2.14,33.6,0.337,2021-07-24 02:00:00
2021-07-25,1,2021,1,Grain Filling,0.93,6.54,0.804,1,80.0,2.29,32.8,0.342,2021-07-25 02:00:00
2021-07-26,1,2021,1,Grain Filling,0.94,6.28,0.845,1,74.0,2.2,32.1,0.303,2021-07-26 02:00:00
2021-07-27,1,2021,1,Grain Filling,0.96,7.35,0.858,1,69.0,2.57,31.7,0.323,2021-07-27 02:00:00
2021-07-28,1,2021,1,Grain Filling,0.95,6.77,0.851,1,71.0,5.6,33.9,0.297,2021-07-28 02:00:00
2021-07-29,1,2021,1,Grain Filling,0.99,6.76,0.765,1,64.0,5.81,30.3,0.311,2021-07-29 02:00:00
2021-07-30,1,2021,1,Grain Filling,0.93,6.2,0.804,1,78.0,2.17,30.4,0.325,2021-07-30 02:00:00
2021-07-31,1,2021,1,Grain Filling,0.96,7.27,0.848,1,70.0,2.54,32.5,0.295,2021-07-31 02:00:00
2021-08-01,1,2021,1,Grain Filling,0.95,6.46,0.888,1,81.0,2.26,33.4,0.343,2021-08-01 02:00:00
2021-08-02,1,2021,1,Grain Filling,0.94,6.81,0.909,1,78.0,2.38,34.3,0.335,2021-08-02 02:00:00
2021-08-03,1,2021,1,Grain Filling,0.93,6.83,0.917,1,79.0,2.39,33.9,0.325,2021-08-03 02:00:00
2021-08-04,1,2021,1,Grain Filling,0.99,7.11,0.917,1,73.0,2.49,32.7,0.322,2021-08-04 02:00:00
2021-08-05,1,2021,1,Grain Filling,0.94,6.92,0.917,1,77.0,2.42,33.6,0.323,2021-08-05 02:00:00
2021-08-06,1,2021,1,Grain Filling,0.99,7.38,0.917,1,79.0,2.58,34.2,0.333,2021-08-06 02:00:00
2021-08-07,1,2021,1,Grain Filling,0.88,6.27,0.915,1,72.0,5.15,33.4,0.291,2021-08-07 02:00:00
2021-08-08,1,2021,1,Grain Filling,0.95,6.76,0.917,1,76.0,2.37,31.2,0.311,2021-08-08 02:00:00
2021-08-09,1,2021,1,Grain Filling,0.94,7.17,0.917,1,83.0,2.51,33.4,0.339,2021-08-09 02:00:00
2021-08-10,1,2021,1,Grain Filling,0.88,5.89,0.917,1,79.0,2.06,31.9,0.358,2021-08-10 02:00:00
2021-08-11,1,2021,1,Grain Filling,0.9,6.45,0.888,1,81.0,2.26,32.4,0.322,2021-08-11 02:00:00
2021-08-12,1,2021,1,Grain Filling,0.95,6.45,0.917,1,71.0,2.26,30.5,0.298,2021-08-12 02:00:00
2021-08-13,1,2021,1,Grain Filling,0.93,6.5,0.896,1,73.0,2.28,33.6,0.279,2021-08-13 02:00:00
2021-08-14,1,2021,1,Grain Filling,0.9,7.0,0.917,1,73.0,2.45,33.6,0.338,2021-08-14 02:00:00
2021-08-15,1,2021,1,Grain Filling,0.98,7.3,0.878,1,71.0,2.55,33.4,0.309,2021-08-15 02:00:00
2021-08-16,1,2021,1,Grain Filling,0.98,6.97,0.912,1,79.0,2.44,33.7,0.322,2021-08-16 02:00:00
2021-08-17,1,2021,1,Grain Filling,0.98,7.34,0.917,1,66.0,2.57,31.7,0.331,2021-08-17 02:00:00
2021-08-18,1,2021,1,Grain Filling,0.97,7.36,0.917,1,74.0,2.58,34.1,0.329,2021-08-18 02:00:00
2021-08-19,1,2021,1,Grain Filling,1.01,6.91,0.917,1,74.0,2.42,32.3,0.32,2021-08-19 02:00:00
2021-08-20,1,2021,1,Grain Filling,0.97,7.38,0.917,1,73.0,2.58,30.1,0.323,2021-08-20 02:00:00
2021-08-21,1,2021,1,Grain Filling,0.92,6.25,0.912,1,78.0,2.19,32.3,0.286,2021-08-21 02:00:00
2021-08-22,1,2021,1,Grain Filling,0.93,6.98,0.917,1,83.0,2.44,31.9,0.304,2021-08-22 02:00:00
2021-08-23,1,2021,1,Grain Filling,0.98,6.82,0.917,1,74.0,2.39,32.7,0.292,2021-08-23 02:00:00
2021-08-24,1,2021,1,Grain Filling,0.95,6.46,0.917,1,75.0,2.26,30.9,0.313,2021-08-24 02:00:00
2021-08-25,1,2021,1,Grain Filling,0.98,7.08,0.917,1,83.0,2.48,31.1,0.319,2021-08-25 02:00:00
2021-08-26,1,2021,1,Grain Filling,0.96,7.27,0.917,1,86.0,2.54,31.8,0.276,2021-08-26 02:00:00
2021-08-27,1,2021,1,Grain Filling,0.97,6.69,0.917,1,79.0,2.34,35.0,0.286,2021-08-27 02:00:00
2021-08-28,1,2021,1,Grain Filling,0.92,5.72,0.797,1,84.0,11.92,31.3,0.302,2021-08-28 02:00:00
2021-08-29,1,2021,1,Grain Filling,0.97,6.46,0.782,1,83.0,2.26,32.2,0.319,2021-08-29 02:00:00
2021-08-30,1,2021,1,Grain Filling,0.95,6.58,0.822,1,73.0,2.3,32.3,0.3,2021-08-30 02:00:00
2021-08-31,1,2021,1,Grain Filling,0.96,6.91,0.865,1,77.0,2.42,33.0,0.297,2021-08-31 02:00:00
2021-09-01,1,2021,1,Grain Filling,0.98,6.61,0.838,1,79.0,6.9,33.6,0.29,2021-09-01 02:00:00
2021-09-02,1,2021,1,Grain Filling,0.99,6.63,0.862,1,76.0,2.32,28.9,0.315,2021-09-02 02:00:00
2021-09-03,1,2021,1,Grain Filling,0.89,6.11,0.903,1,76.0,2.14,33.1,0.316,2021-09-03 02:00:00
2021-09-04,1,2021,1,Grain Filling,0.98,6.51,0.814,1,73.0,9.95,34.2,0.314,2021-09-04 02:00:00
2021-09-05,1,2021,1,Grain Filling,1.02,7.47,0.814,1,80.0,2.61,33.1,0.322,2021-09-05 02:00:00
2021-09-06,1,2021,1,Grain Filling,0.95,6.31,0.855,1,76.0,2.21,33.6,0.329,2021-09-06 02:00:00
2021-09-07,1,2021,1,Grain Filling,0.95,6.81,0.867,1,73.0,2.38,32.9,0.309,2021-09-07 02:00:00
2021-09-08,1,2021,1,Grain Filling,1.04,7.59,0.868,1,76.0,2.66,31.7,0.298,2021-09-08 02:00:00
2021-09-09,1,2021,1,Grain Filling,0.95,6.5,0.903,1,73.0,2.28,33.2,0.335,2021-09-09 02:00:00
2021-09-10,1,2021,1,Grain Filling,0.98,7.26,0.917,1,79.0,2.54,32.7,0.32,2021-09-10 02:00:00
2021-09-11,1,2021,1,Grain Filling,1.04,7.03,0.917,1,75.0,2.46,33.1,0.284,2021-09-11 02:00:00
2021-09-12,1,2021,1,Grain Filling,1.04,7.74,0.917,1,73.0,2.71,35.0,0.275,2021-09-12 02:00:00
2021-09-13,1,2021,1,Grain Filling,0.99,6.61,0.912,1,77.0,2.31,32.7,0.279,2021-09-13 02:00:00
2021-09-14,1,2021,1,Grain Filling,1.0,7.43,0.917,1,81.0,2.6,34.2,0.295,2021-09-14 02:00:00
2021-09-15,1,2021,1,Grain Filling,1.0,7.2,0.917,1,75.0,2.52,33.7,0.259,2021-09-15 02:00:00
2021-09-16,1,2021,1,Grain Filling,1.08,7.43,0.811,1,71.0,12.38,32.4,0.288,2021-09-16 02:00:00
2021-09-17,1,2021,1,Grain Filling,1.02,7.92,0.84,1,80.0,2.77,33.1,0.307,2021-09-17 02:00:00
2021-09-18,1,2021,1,Grain Filling,1.0,7.17,0.854,1,84.0,2.51,32.7,0.302,2021-09-18 02:00:00
2021-09-19,1,2021,1,Grain Filling,0.97,7.18,0.751,1,82.0,11.44,35.4,0.271,2021-09-19 02:00:00
2021-09-20,1,2021,1,Grain Filling,1.02,7.63,0.661,1,78.0,2.67,30.4,0.303,2021-09-20 02:00:00
2021-09-21,1,2021,1,Grain Filling,1.03,7.23,0.703,1,81.0,2.53,32.6,0.313,2021-09-21 02:00:00
2021-09-22,1,2021,1,Grain Filling,1.04,7.51,0.724,1,72.0,2.63,35.5,0.289,2021-09-22 02:00:00
2021-09-23,1,2021,1,Grain Filling,1.06,7.89,0.692,1,85.0,2.76,33.0,0.272,2021-09-23 02:00:00
2021-09-24,1,2021,1,Grain Filling,0.96,6.91,0.722,1,84.0,2.42,34.3,0.284,2021-09-24 02:00:00
2021-09-25,1,2021,1,Grain Filling,1.06,7.95,0.767,1,78.0,2.78,34.1,0.315,2021-09-25 02:00:00
2021-09-26,1,2021,1,Grain Filling,1.0,7.57,0.81,1,82.0,2.65,31.8,0.298,2021-09-26 02:00:00
2021-09-27,1,2021,1,Grain Filling,1.03,7.56,0.852,1,82.0,2.65,33.3,0.259,2021-09-27 02:00:00
2021-09-28,1,2021,1,Grain Filling,1.05,7.83,0.896,1,83.0,2.74,33.2,0.248,2021-09-28 02:00:00
2021-09-29,1,2021,1,Grain Filling,1.03,7.56,0.917,1,81.0,2.65,32.5,0.244,2021-09-29 02:00:00
2021-09-30,1,2021,1,Grain Filling,1.03,7.1,0.917,1,68.0,2.48,31.6,0.306,2021-09-30 02:00:00
2021-10-01,1,2021,1,Grain Filling,1.03,7.27,0.917,1,78.0,2.54,33.2,0.268,2021-10-01 02:00:00
2021-10-02,1,2021,1,Grain Filling,1.02,7.24,0.917,1,76.0,2.53,33.6,0.299,2021-10-02 02:00:00
2021-10-03,1,2021,1,Grain Filling,1.07,7.24,0.911,1,84.0,2.53,29.8,0.291,2021-10-03 02:00:00
2021-10-04,1,2021,1,Grain Filling,0.98,7.41,0.917,1,79.0,2.59,32.9,0.277,2021-10-04 02:00:00
2021-10-05,1,2021,1,Grain Filling,1.03,7.2,0.917,1,81.0,2.52,33.6,0.321,2021-10-05 02:00:00
2021-10-06,1,2021,1,Grain Filling,0.99,7.03,0.917,1,78.0,2.46,33.4,0.318,2021-10-06 02:00:00
2021-10-07,1,2021,1,Grain Filling,0.95,6.93,0.917,1,76.0,2.43,33.4,0.284,2021-10-07 02:00:00
2021-10-08,1,2021,1,Grain Filling,1.04,7.14,0.917,1,85.0,2.5,33.8,0.309,2021-10-08 02:00:00
2021-10-09,1,2021,1,Grain Filling,1.03,7.32,0.917,1,76.0,2.56,35.9,0.295,2021-10-09 02:00:00
2021-10-10,1,2021,1,Grain Filling,0.97,7.51,0.917,1,81.0,2.63,30.8,0.278,2021-10-10 02:00:00
2021-10-11,1,2021,1,Grain Filling,1.09,8.45,0.917,1,73.0,2.96,34.5,0.294,2021-10-11 02:00:00
2021-10-12,1,2021,1,Grain Filling,1.09,8.65,0.917,1,81.0,3.03,31.9,0.249,2021-10-12 02:00:00
2021-10-13,1,2021,1,Grain Filling,1.05,7.92,0.917,1,81.0,2.77,33.1,0.29,2021-10-13 02:00:00
2021-10-14,1,2021,1,Grain Filling,1.1,8.55,0.895,1,80.0,7.02,32.8,0.277,2021-10-14 02:00:00
2021-10-15,1,2021,1,Grain Filling,1.02,7.57,0.89,1,80.0,2.65,32.5,0.278,2021-10-15 02:00:00
2021-10-16,1,2021,1,Grain Filling,1.01,6.87,0.759,1,85.0,9.42,32.5,0.301,2021-10-16 02:00:00
2021-10-17,1,2021,1,Grain Filling,1.04,8.06,0.804,1,88.0,2.82,33.0,0.264,2021-10-17 02:00:00
2021-10-18,1,2021,1,Grain Filling,1.04,7.77,0.848,1,83.0,2.72,34.9,0.299,2021-10-18 02:00:00
2021-10-19,1,2021,1,Grain Filling,1.04,7.86,0.893,1,80.0,2.75,32.9,0.243,2021-10-19 02:00:00
2021-10-20,1,2021,1,Maturity,1.01,7.26,0.862,1,83.0,7.49,33.4,0.282,2021-10-20 02:00:00
2021-10-21,1,2021,1,Maturity,1.06,8.1,0.852,1,78.0,2.83,33.8,0.29,2021-10-21 02:00:00
2021-10-22,1,2021,1,Maturity,1.02,7.18,0.894,1,82.0,2.51,32.6,0.235,2021-10-22 02:00:00
2021-10-23,1,2021,1,Maturity,1.03,7.8,0.917,1,80.0,2.73,34.3,0.265,2021-10-23 02:00:00
2021-10-24,1,2021,1,Maturity,1.1,8.36,0.884,1,77.0,2.93,32.5,0.257,2021-10-24 02:00:00
2021-10-25,1,2021,1,Maturity,1.06,7.47,0.899,1,80.0,2.61,35.5,0.245,2021-10-25 02:00:00
2021-10-26,1,2021,1,Maturity,1.03,7.88,0.888,1,86.0,2.76,34.1,0.259,2021-10-26 02:00:00
2021-10-27,1,2021,1,Maturity,1.14,8.6,0.917,1,75.0,3.01,32.8,0.291,2021-10-27 02:00:00
2021-10-28,1,2021,1,Maturity,1.06,7.76,0.917,1,85.0,2.72,33.2,0.26,2021-10-28 02:00:00
2021-10-29,1,2021,1,Maturity,1.06,7.91,0.917,1,78.0,2.77,34.7,0.281,2021-10-29 02:00:00
2021-10-30,1,2021,1,Maturity,1.06,7.88,0.889,1,84.0,2.76,35.5,0.259,2021-10-30 02:00:00
2021-10-31,1,2021,1,Maturity,1.06,8.03,0.917,1,82.0,2.81,32.7,0.264,2021-10-31 02:00:00
2021-11-01,1,2021,1,Maturity,1.02,7.69,0.917,1,78.0,2.69,33.3,0.297,2021-11-01 02:00:00
2021-11-02,1,2021,1,Maturity,1.06,8.19,0.917,1,79.0,2.87,33.3,0.244,2021-11-02 02:00:00
2021-11-03,1,2021,1,Maturity,1.1,8.1,0.917,1,76.0,2.83,31.8,0.287,2021-11-03 02:00:00
2021-11-04,1,2021,1,Maturity,1.07,8.85,0.822,1,70.0,12.52,33.5,0.272,2021-11-04 02:00:00
2021-11-05,1,2021,1,Maturity,1.07,8.12,0.782,1,82.0,8.28,33.6,0.273,2021-11-05 02:00:00
2021-11-06,1,2021,1,Maturity,1.09,9.23,0.831,1,80.0,3.23,35.4,0.249,2021-11-06 02:00:00
2021-11-07,1,2021,1,Maturity,1.08,8.56,0.878,1,77.0,3.0,35.5,0.249,2021-11-07 02:00:00
2021-11-08,1,2021,1,Maturity,1.06,8.31,0.917,1,80.0,2.91,34.3,0.25,2021-11-08 02:00:00
2021-11-09,1,2021,1,Maturity,1.04,7.72,0.917,1,81.0,2.7,33.4,0.248,2021-11-09 02:00:00
2021-11-10,1,2021,1,Maturity,1.04,7.66,0.917,1,83.0,2.68,33.7,0.305,2021-11-10 02:00:00
2021-11-11,1,2021,1,Maturity,1.17,8.46,0.898,1,79.0,2.96,34.9,0.241,2021-11-11 02:00:00
2021-11-12,1,2021,1,Maturity,1.11,8.21,0.917,1,79.0,2.87,34.9,0.311,2021-11-12 02:00:00
2021-11-13,1,2021,1,Maturity,1.01,7.55,0.917,1,83.0,2.64,34.3,0.286,2021-11-13 02:00:00
2021-11-14,1,2021,1,Maturity,1.12,8.56,0.917,1,74.0,3.0,33.9,0.275,2021-11-14 02:00:00
2021-11-15,1,2021,1,Maturity,1.07,7.88,0.917,1,76.0,2.76,31.3,0.227,2021-11-15 02:00:00
2021-11-16,1,2021,1,Maturity,1.1,8.8,0.917,1,78.0,3.08,35.1,0.302,2021-11-16 02:00:00
2021-11-17,1,2021,1,Maturity,1.13,8.01,0.917,1,80.0,2.8,33.0,0.245,2021-11-17 02:00:00
2021-11-18,1,2021,1,Maturity,1.08,8.01,0.917,1,78.0,2.8,31.7,0.279,2021-11-18 02:00:00
2021-11-19,1,2021,1,Maturity,1.07,8.64,0.917,1,82.0,3.02,33.3,0.303,2021-11-19 02:00:00
2021-11-20,1,2021,1,Maturity,1.16,9.09,0.917,1,78.0,3.18,33.3,0.24,2021-11-20 02:00:00
2021-11-21,1,2021,1,Maturity,1.1,8.19,0.917,1,80.0,2.87,33.7,0.239,2021-11-21 02:00:00
2021-11-22,1,2021,1,Maturity,1.08,8.05,0.917,1,78.0,2.82,32.7,0.287,2021-11-22 02:00:00
2021-11-23,1,2021,1,Maturity,1.1,8.8,0.917,1,77.0,3.08,34.1,0.244,2021-11-23 02:00:00
2021-11-24,1,2021,1,Maturity,1.1,8.79,0.917,1,86.0,3.08,33.6,0.253,2021-11-24 02:00:00
2021-11-25,1,2021,1,Maturity,1.13,8.11,0.917,1,85.0,2.84,34.7,0.252,2021-11-25 02:00:00
2021-11-26,1,2021,1,Maturity,1.08,8.13,0.917,1,73.0,2.85,35.2,0.285,2021-11-26 02:00:00
2021-11-27,1,2021,1,Maturity,1.11,8.2,0.917,1,87.0,2.87,36.0,0.301,2021-11-27 02:00:00
2021-11-28,1,2021,1,Maturity,1.06,7.82,0.917,1,78.0,2.74,35.2,0.244,2021-11-28 02:00:00
2021-11-29,1,2021,1,Maturity,1.12,8.85,0.917,1,81.0,3.1,36.0,0.239,2021-11-29 02:00:00
2021-11-30,1,2021,1,Maturity,1.13,8.78,0.917,1,87.0,3.07,35.8,0.256,2021-11-30 02:00:00
2021-12-01,1,2021,1,Maturity,1.07,7.8,0.917,1,79.0,2.73,31.0,0.264,2021-12-01 02:00:00
2021-12-02,1,2021,1,Maturity,1.09,8.25,0.917,1,82.0,2.89,33.9,0.243,2021-12-02 02:00:00
2021-12-03,1,2021,1,Maturity,1.16,8.3,0.891,1,81.0,2.9,34.3,0.273,2021-12-03 02:00:00
2021-12-04,1,2021,1,Maturity,1.12,8.22,0.917,1,84.0,2.88,34.8,0.281,2021-12-04 02:00:00
2021-12-05,1,2021,1,Maturity,1.15,9.24,0.917,1,78.0,3.23,31.9,0.28,2021-12-05 02:00:00
2021-12-06,1,2021,1,Maturity,1.16,8.55,0.857,1,85.0,9.04,33.7,0.24,2021-12-06 02:00:00
2021-12-07,1,2021,1,Maturity,1.11,8.55,0.885,1,80.0,2.99,35.1,0.22,2021-12-07 02:00:00
2021-12-08,1,2021,1,Maturity,1.09,8.04,0.917,1,80.0,2.81,33.6,0.251,2021-12-08 02:00:00
2021-12-09,1,2021,1,Maturity,1.15,9.48,0.917,1,83.0,3.32,33.8,0.291,2021-12-09 02:00:00
2021-12-10,1,2021,1,Maturity,1.12,8.57,0.917,1,85.0,3.0,33.8,0.227,2021-12-10 02:00:00
2021-12-11,1,2021,1,Maturity,1.1,8.36,0.917,1,86.0,2.93,33.5,0.222,2021-12-11 02:00:00
2021-12-12,1,2021,1,Maturity,1.13,8.39,0.917,1,83.0,2.94,36.2,0.226,2021-12-12 02:00:00
2021-12-13,1,2021,1,Maturity,1.11,8.79,0.917,1,86.0,3.08,36.1,0.217,2021-12-13 02:00:00
2021-12-14,1,2021,1,Maturity,1.12,8.29,0.917,1,81.0,2.9,33.8,0.212,2021-12-14 02:00:00
2021-12-15,1,2021,1,Maturity,1.11,7.95,0.917,1,83.0,2.78,35.0,0.233,2021-12-15 02:00:00
2021-12-16,1,2021,1,Maturity,1.15,8.93,0.917,1,91.0,3.13,35.2,0.231,2021-12-16 02:00:00
2021-12-17,1,2021,1,Maturity,1.14,8.63,0.917,1,88.0,3.02,34.4,0.226,2021-12-17 02:00:00
2021-12-18,1,2021,1,Maturity,1.12,8.14,0.917,1,92.0,2.85,34.1,0.248,2021-12-18 02:00:00
2021-12-19,1,2021,1,Maturity,1.1,8.56,0.917,1,82.0,3.0,36.0,0.234,2021-12-19 02:00:00
2021-12-20,1,2021,1,Maturity,1.18,8.75,0.841,1,81.0,11.04,32.7,0.244,2021-12-20 02:00:00
2021-12-21,1,2021,1,Maturity,1.13,9.01,0.887,1,81.0,3.15,32.9,0.216,2021-12-21 02:00:00
2021-12-22,1,2021,1,Maturity,1.17,9.11,0.895,1,86.0,3.19,33.8,0.253,2021-12-22 02:00:00
2021-12-23,1,2021,1,Maturity,1.1,8.04,0.917,1,85.0,2.81,33.2,0.224,2021-12-23 02:00:00
2021-12-24,1,2021,1,Maturity,1.07,8.33,0.917,1,85.0,2.92,35.2,0.242,2021-12-24 02:00:00
2021-12-25,1,2021,1,Maturity,1.11,8.66,0.917,1,83.0,3.03,33.3,0.253,2021-12-25 02:00:00
2021-12-26,1,2021,1,Maturity,1.18,9.28,0.917,1,87.0,3.25,33.6,0.241,2021-12-26 02:00:00
2021-12-27,1,2021,1,Maturity,1.14,8.88,0.917,1,87.0,3.11,34.5,0.2,2021-12-27 02:00:00
2021-12-28,1,2021,1,Maturity,1.19,8.69,0.917,1,89.0,3.04,34.7,0.238,2021-12-28 02:00:00
2021-12-29,1,2021,1,Maturity,1.13,8.9,0.881,1,93.0,3.12,34.3,0.237,2021-12-29 02:00:00
2021-12-30,1,2021,1,Maturity,1.17,8.96,0.917,1,75.0,3.14,34.5,0.2,2021-12-30 02:00:00
2021-12-31,1,2021,1,Maturity,1.17,9.33,0.917,1,80.0,3.27,35.5,0.238,2021-12-31 02:00:00
2022-01-01,1,2022,1,Germination,0.65,4.08,0.433,1,61.0,7.99,32.2,0.462,2022-01-01 02:00:00
2022-01-02,1,2022,1,Germination,0.63,3.52,0.465,1,61.0,1.23,27.6,0.397,2022-01-02 02:00:00
2022-01-03,1,2022,1,Germination,0.61,3.53,0.492,1,62.0,1.24,30.0,0.486,2022-01-03 02:00:00
2022-01-04,1,2022,1,Germination,0.7,4.02,0.504,1,69.0,1.41,30.8,0.424,2022-01-04 02:00:00
2022-01-05,1,2022,1,Germination,0.67,4.01,0.507,1,60.0,1.4,30.2,0.434,2022-01-05 02:00:00
2022-01-06,1,2022,1,Germination,0.65,4.18,0.429,1,54.0,8.91,30.7,0.478,2022-01-06 02:00:00
2022-01-07,1,2022,1,Germination,0.67,4.58,0.433,1,61.0,1.6,28.3,0.432,2022-01-07 02:00:00
2022-01-08,1,2022,1,Germination,0.67,4.0,0.465,1,60.0,1.4,30.8,0.47,2022-01-08 02:00:00
2022-01-09,1,2022,1,Germination,0.64,3.67,0.485,1,62.0,1.28,30.3,0.457,2022-01-09 02:00:00
2022-01-10,1,2022,1,Germination,0.7,4.47,0.49,1,60.0,1.56,30.5,0.449,2022-01-10 02:00:00
2022-01-11,1,2022,1,Germination,0.64,3.71,0.487,1,61.0,1.3,27.2,0.456,2022-01-11 02:00:00
2022-01-12,1,2022,1,Germination,0.71,3.99,0.489,1,61.0,1.4,31.4,0.432,2022-01-12 02:00:00
2022-01-13,1,2022,1,Germination,0.73,4.7,0.522,1,52.0,1.64,31.2,0.464,2022-01-13 02:00:00
2022-01-14,1,2022,1,Germination,0.69,4.06,0.527,1,64.0,3.47,29.8,0.492,2022-01-14 02:00:00
2022-01-15,1,2022,1,Germination,0.7,4.41,0.521,1,68.0,1.54,32.3,0.453,2022-01-15 02:00:00
2022-01-16,1,2022,1,Germination,0.66,4.12,0.542,1,63.0,1.44,31.2,0.443,2022-01-16 02:00:00
2022-01-17,1,2022,1,Germination,0.68,4.24,0.55,1,58.0,1.48,32.1,0.429,2022-01-17 02:00:00
2022-01-18,1,2022,1,Germination,0.71,4.52,0.584,1,54.0,1.58,30.2,0.437,2022-01-18 02:00:00
2022-01-19,1,2022,1,Germination,0.65,3.88,0.614,1,64.0,1.36,28.5,0.465,2022-01-19 02:00:00
2022-01-20,1,2022,1,Germination,0.69,4.7,0.621,1,70.0,1.64,29.8,0.468,2022-01-20 02:00:00
2022-01-21,1,2022,1,Germination,0.62,3.8,0.592,1,66.0,1.33,30.2,0.443,2022-01-21 02:00:00
2022-01-22,1,2022,1,Germination,0.7,4.54,0.553,1,67.0,1.59,33.2,0.414,2022-01-22 02:00:00
2022-01-23,1,2022,1,Germination,0.67,3.9,0.557,1,65.0,1.36,29.2,0.424,2022-01-23 02:00:00
2022-01-24,1,2022,1,Germination,0.62,3.9,0.569,1,65.0,1.36,28.3,0.427,2022-01-24 02:00:00
2022-01-25,1,2022,1,Germination,0.7,4.17,0.6,1,68.0,1.46,29.9,0.465,2022-01-25 02:00:00
2022-01-26,1,2022,1,Germination,0.69,4.57,0.581,1,59.0,1.6,28.3,0.433,2022-01-26 02:00:00
2022-01-27,1,2022,1,Germination,0.73,4.58,0.606,1,65.0,1.6,28.6,0.416,2022-01-27 02:00:00
2022-01-28,1,2022,1,Germination,0.7,4.4,0.642,1,60.0,1.54,28.2,0.463,2022-01-28 02:00:00
2022-01-29,1,2022,1,Germination,0.63,4.1,0.56,1,59.0,6.26,29.4,0.433,2022-01-29 02:00:00
2022-01-30,1,2022,1,Germination,0.72,4.53,0.537,1,56.0,5.19,29.0,0.44,2022-01-30 02:00:00
2022-01-31,1,2022,1,Germination,0.7,4.37,0.557,1,66.0,1.53,31.1,0.408,2022-01-31 02:00:00
2022-02-01,1,2022,1,Germination,0.75,4.62,0.588,1,65.0,1.62,30.0,0.401,2022-02-01 02:00:00
2022-02-02,1,2022,1,Germination,0.68,4.08,0.551,1,71.0,1.43,31.7,0.461,2022-02-02 02:00:00
2022-02-03,1,2022,1,Germination,0.71,4.32,0.585,1,65.0,1.51,29.1,0.402,2022-02-03 02:00:00
2022-02-04,1,2022,1,Germination,0.72,4.65,0.612,1,65.0,1.63,30.6,0.435,2022-02-04 02:00:00
2022-02-05,1,2022,1,Germination,0.69,4.5,0.641,1,61.0,1.58,27.9,0.432,2022-02-05 02:00:00
2022-02-06,1,2022,1,Germination,0.68,4.09,0.677,1,69.0,1.43,28.5,0.463,2022-02-06 02:00:00
2022-02-07,1,2022,1,Germination,0.65,3.91,0.706,1,63.0,1.37,29.6,0.436,2022-02-07 02:00:00
2022-02-08,1,2022,1,Germination,0.69,4.33,0.726,1,58.0,1.52,29.3,0.432,2022-02-08 02:00:00
2022-02-09,1,2022,1,Germination,0.64,3.72,0.737,1,56.0,1.3,28.2,0.422,2022-02-09 02:00:00
2022-02-10,1,2022,1,Germination,0.7,4.08,0.772,1,67.0,1.43,31.1,0.435,2022-02-10 02:00:00
2022-02-11,1,2022,1,Germination,0.71,4.41,0.733,1,59.0,5.81,30.2,0.457,2022-02-11 02:00:00
2022-02-12,1,2022,1,Germination,0.67,4.32,0.744,1,66.0,1.51,31.3,0.413,2022-02-12 02:00:00
2022-02-13,1,2022,1,Germination,0.73,4.58,0.781,1,64.0,1.6,30.4,0.436,2022-02-13 02:00:00
2022-02-14,1,2022,1,Germination,0.7,4.36,0.809,1,64.0,1.53,30.1,0.463,2022-02-14 02:00:00
2022-02-15,1,2022,1,Germination,0.74,4.73,0.843,1,62.0,1.66,29.2,0.397,2022-02-15 02:00:00
2022-02-16,1,2022,1,Germination,0.72,4.41,0.831,1,64.0,1.54,30.2,0.419,2022-02-16 02:00:00
2022-02-17,1,2022,1,Germination,0.72,4.75,0.836,1,60.0,1.66,31.9,0.399,2022-02-17 02:00:00
2022-02-18,1,2022,1,Germination,0.73,5.1,0.876,1,66.0,1.78,28.7,0.405,2022-02-18 02:00:00
2022-02-19,1,2022,1,Germination,0.74,4.37,0.908,1,63.0,1.53,30.7,0.431,2022-02-19 02:00:00
2022-02-20,1,2022,1,Germination,0.74,4.3,0.917,1,65.0,1.5,31.1,0.376,2022-02-20 02:00:00
2022-02-21,1,2022,1,Germination,0.73,4.51,0.917,1,67.0,1.58,31.0,0.43,2022-02-21 02:00:00
2022-02-22,1,2022,1,Germination,0.71,4.28,0.917,1,72.0,1.5,31.5,0.418,2022-02-22 02:00:00
2022-02-23,1,2022,1,Germination,0.75,4.52,0.893,1,74.0,1.58,29.3,0.401,2022-02-23 02:00:00
2022-02-24,1,2022,1,Germination,0.76,4.53,0.835,1,63.0,1.59,29.7,0.421,2022-02-24 02:00:00
2022-02-25,1,2022,1,Germination,0.72,4.78,0.866,1,67.0,1.67,30.2,0.427,2022-02-25 02:00:00
2022-02-26,1,2022,1,Germination,0.71,4.45,0.9,1,60.0,1.56,27.4,0.42,2022-02-26 02:00:00
2022-02-27,1,2022,1,Germination,0.75,4.63,0.879,1,64.0,1.62,29.5,0.394,2022-02-27 02:00:00
2022-02-28,1,2022,1,Germination,0.69,4.32,0.803,1,65.0,6.45,29.9,0.441,2022-02-28 02:00:00
2022-03-01,1,2022,1,Germination,0.67,4.12,0.833,1,66.0,1.44,28.9,0.396,2022-03-01 02:00:00
2022-03-02,1,2022,1,Germination,0.71,4.67,0.842,1,69.0,1.63,31.2,0.452,2022-03-02 02:00:00
2022-03-03,1,2022,1,Germination,0.71,4.22,0.831,1,64.0,1.48,31.4,0.387,2022-03-03 02:00:00
2022-03-04,1,2022,1,Germination,0.76,5.02,0.846,1,60.0,1.76,33.0,0.416,2022-03-04 02:00:00
2022-03-05,1,2022,1,Germination,0.76,5.11,0.849,1,65.0,1.79,32.8,0.402,2022-03-05 02:00:00
2022-03-06,1,2022,1,Germination,0.79,4.88,0.887,1,62.0,1.71,31.8,0.415,2022-03-06 02:00:00
2022-03-07,1,2022,1,Germination,0.67,4.28,0.917,1,60.0,1.5,30.4,0.43,2022-03-07 02:00:00
2022-03-08,1,2022,1,Germination,0.72,4.51,0.917,1,67.0,1.58,30.5,0.438,2022-03-08 02:00:00
2022-03-09,1,2022,1,Germination,0.76,4.74,0.917,1,63.0,1.66,29.6,0.393,2022-03-09 02:00:00
2022-03-10,1,2022,1,Germination,0.75,4.98,0.917,1,68.0,1.74,32.3,0.409,2022-03-10 02:00:00
2022-03-11,1,2022,1,Germination,0.71,4.31,0.917,1,62.0,1.51,32.4,0.422,2022-03-11 02:00:00
2022-03-12,1,2022,1,Germination,0.72,4.15,0.917,1,67.0,1.45,28.2,0.406,2022-03-12 02:00:00
2022-03-13,1,2022,1,Germination,0.75,4.76,0.917,1,61.0,1.67,31.4,0.395,2022-03-13 02:00:00
2022-03-14,1,2022,1,Germination,0.74,5.03,0.917,1,67.0,1.76,29.3,0.408,2022-03-14 02:00:00
2022-03-15,1,2022,1,Vegetative,0.71,4.42,0.917,1,66.0,1.55,28.8,0.371,2022-03-15 02:00:00
2022-03-16,1,2022,1,Vegetative,0.77,5.05,0.917,1,65.0,1.77,31.2,0.432,2022-03-16 02:00:00
2022-03-17,1,2022,1,Vegetative,0.74,4.63,0.806,1,69.0,10.92,33.7,0.441,2022-03-17 02:00:00
2022-03-18,1,2022,1,Vegetative,0.77,5.32,0.847,1,67.0,1.86,29.1,0.398,2022-03-18 02:00:00
2022-03-19,1,2022,1,Vegetative,0.75,4.89,0.778,1,65.0,8.61,33.0,0.418,2022-03-19 02:00:00
2022-03-20,1,2022,1,Vegetative,0.79,5.26,0.804,1,74.0,1.84,30.3,0.41,2022-03-20 02:00:00
2022-03-21,1,2022,1,Vegetative,0.76,4.92,0.842,1,64.0,1.72,31.3,0.415,2022-03-21 02:00:00
2022-03-22,1,2022,1,Vegetative,0.74,4.68,0.878,1,73.0,1.64,28.8,0.412,2022-03-22 02:00:00
2022-03-23,1,2022,1,Vegetative,0.71,4.81,0.917,1,65.0,1.68,29.9,0.36,2022-03-23 02:00:00
2022-03-24,1,2022,1,Vegetative,0.77,4.39,0.917,1,67.0,1.54,31.5,0.337,2022-03-24 02:00:00
2022-03-25,1,2022,1,Vegetative,0.78,5.15,0.917,1,69.0,1.8,33.0,0.425,2022-03-25 02:00:00
2022-03-26,1,2022,1,Vegetative,0.8,4.42,0.917,1,66.0,1.55,28.2,0.4,2022-03-26 02:00:00
2022-03-27,1,2022,1,Vegetative,0.75,5.11,0.917,1,69.0,1.79,30.6,0.398,2022-03-27 02:00:00
2022-03-28,1,2022,1,Vegetative,0.74,4.93,0.917,1,66.0,1.73,32.5,0.395,2022-03-28 02:00:00
2022-03-29,1,2022,1,Vegetative,0.77,5.4,0.917,1,72.0,1.89,29.9,0.388,2022-03-29 02:00:00
2022-03-30,1,2022,1,Vegetative,0.77,5.08,0.917,1,63.0,1.78,31.8,0.384,2022-03-30 02:00:00
2022-03-31,1,2022,1,Vegetative,0.83,5.66,0.881,1,67.0,1.98,31.7,0.338,2022-03-31 02:00:00
2022-04-01,1,2022,1,Vegetative,0.78,5.1,0.899,1,60.0,1.78,31.1,0.4,2022-04-01 02:00:00
2022-04-02,1,2022,1,Vegetative,0.77,4.86,0.794,1,67.0,6.22,31.3,0.375,2022-04-02 02:00:00
2022-04-03,1,2022,1,Vegetative,0.75,4.42,0.745,1,62.0,1.55,29.2,0.4,2022-04-03 02:00:00
2022-04-04,1,2022,1,Vegetative,0.78,4.98,0.78,1,70.0,1.74,30.0,0.399,2022-04-04 02:00:00
2022-04-05,1,2022,1,Vegetative,0.75,4.75,0.663,1,65.0,1.66,31.7,0.402,2022-04-05 02:00:00
2022-04-06,1,2022,1,Vegetative,0.79,5.42,0.66,1,71.0,1.9,31.4,0.373,2022-04-06 02:00:00
2022-04-07,1,2022,1,Vegetative,0.78,4.87,0.697,1,63.0,1.7,31.2,0.407,2022-04-07 02:00:00
2022-04-08,1,2022,1,Vegetative,0.76,4.75,0.7,1,68.0,1.66,31.7,0.395,2022-04-08 02:00:00
2022-04-09,1,2022,1,Vegetative,0.84,5.79,0.694,1,67.0,2.03,30.8,0.422,2022-04-09 02:00:00
2022-04-10,1,2022,1,Vegetative,0.75,4.66,0.714,1,70.0,1.63,34.0,0.409,2022-04-10 02:00:00
2022-04-11,1,2022,1,Vegetative,0.78,5.14,0.724,1,69.0,1.8,31.6,0.405,2022-04-11 02:00:00
2022-04-12,1,2022,1,Vegetative,0.83,5.49,0.761,1,74.0,1.92,33.3,0.402,2022-04-12 02:00:00
2022-04-13,1,2022,1,Vegetative,0.78,5.15,0.795,1,64.0,1.8,31.7,0.377,2022-04-13 02:00:00
2022-04-14,1,2022,1,Vegetative,0.8,4.96,0.821,1,68.0,1.74,28.9,0.382,2022-04-14 02:00:00
2022-04-15,1,2022,1,Vegetative,0.76,5.09,0.86,1,72.0,1.78,31.5,0.421,2022-04-15 02:00:00
2022-04-16,1,2022,1,Vegetative,0.83,5.44,0.887,1,62.0,1.9,32.2,0.395,2022-04-16 02:00:00
2022-04-17,1,2022,1,Vegetative,0.78,4.84,0.857,1,71.0,1.69,30.6,0.367,2022-04-17 02:00:00
2022-04-18,1,2022,1,Vegetative,0.8,5.59,0.897,1,67.0,1.96,30.0,0.389,2022-04-18 02:00:00
2022-04-19,1,2022,1,Vegetative,0.78,5.01,0.822,1,68.0,9.08,32.2,0.402,2022-04-19 02:00:00
2022-04-20,1,2022,1,Vegetative,0.79,4.85,0.846,1,66.0,1.7,32.0,0.347,2022-04-20 02:00:00
2022-04-21,1,2022,1,Vegetative,0.82,5.34,0.821,1,61.0,1.87,30.4,0.393,2022-04-21 02:00:00
2022-04-22,1,2022,1,Vegetative,0.77,4.72,0.852,1,68.0,1.65,30.8,0.383,2022-04-22 02:00:00
2022-04-23,1,2022,1,Vegetative,0.8,5.07,0.89,1,69.0,1.77,31.9,0.39,2022-04-23 02:00:00
2022-04-24,1,2022,1,Vegetative,0.77,5.02,0.917,1,64.0,1.76,31.0,0.394,2022-04-24 02:00:00
2022-04-25,1,2022,1,Vegetative,0.79,5.31,0.917,1,69.0,1.86,32.2,0.409,2022-04-25 02:00:00
2022-04-26,1,2022,1,Vegetative,0.8,5.23,0.907,1,64.0,1.83,29.9,0.339,2022-04-26 02:00:00
2022-04-27,1,2022,1,Vegetative,0.82,5.43,0.838,1,71.0,1.9,30.7,0.35,2022-04-27 02:00:00
2022-04-28,1,2022,1,Vegetative,0.81,5.81,0.869,1,67.0,2.03,29.2,0.404,2022-04-28 02:00:00
2022-04-29,1,2022,1,Vegetative,0.84,5.56,0.908,1,65.0,1.95,28.9,0.416,2022-04-29 02:00:00
2022-04-30,1,2022,1,Vegetative,0.84,6.24,0.917,1,79.0,2.18,32.1,0.368,2022-04-30 02:00:00
2022-05-01,1,2022,1,Vegetative,0.8,5.02,0.917,1,70.0,1.76,31.9,0.385,2022-05-01 02:00:00
2022-05-02,1,2022,1,Flowering,0.73,4.59,0.917,1,73.0,1.61,32.6,0.376,2022-05-02 02:00:00
2022-05-03,1,2022,1,Flowering,0.78,5.39,0.917,1,69.0,1.89,31.3,0.416,2022-05-03 02:00:00
2022-05-04,1,2022,1,Flowering,0.76,4.94,0.884,1,63.0,1.73,30.7,0.386,2022-05-04 02:00:00
2022-05-05,1,2022,1,Flowering,0.8,5.64,0.892,1,74.0,1.97,28.5,0.377,2022-05-05 02:00:00
2022-05-06,1,2022,1,Flowering,0.81,5.47,0.917,1,71.0,1.91,31.7,0.346,2022-05-06 02:00:00
2022-05-07,1,2022,1,Flowering,0.82,5.5,0.891,1,77.0,1.92,28.8,0.372,2022-05-07 02:00:00
2022-05-08,1,2022,1,Flowering,0.84,5.72,0.891,1,70.0,2.0,32.3,0.359,2022-05-08 02:00:00
2022-05-09,1,2022,1,Flowering,0.85,5.55,0.906,1,70.0,1.94,28.8,0.398,2022-05-09 02:00:00
2022-05-10,1,2022,1,Flowering,0.8,5.11,0.917,1,71.0,1.79,28.9,0.348,2022-05-10 02:00:00
2022-05-11,1,2022,1,Flowering,0.8,5.61,0.917,1,71.0,1.96,30.8,0.389,2022-05-11 02:00:00
2022-05-12,1,2022,1,Flowering,0.79,4.66,0.917,1,69.0,1.63,29.7,0.377,2022-05-12 02:00:00
2022-05-13,1,2022,1,Flowering,0.85,5.32,0.917,1,77.0,1.86,29.9,0.375,2022-05-13 02:00:00
2022-05-14,1,2022,1,Flowering,0.87,5.17,0.917,1,73.0,1.81,32.4,0.37,2022-05-14 02:00:00
2022-05-15,1,2022,1,Flowering,0.88,5.68,0.917,1,71.0,1.99,31.8,0.355,2022-05-15 02:00:00
2022-05-16,1,2022,1,Flowering,0.85,5.69,0.917,1,66.0,1.99,32.2,0.331,2022-05-16 02:00:00
2022-05-17,1,2022,1,Flowering,0.81,5.7,0.917,1,70.0,2.0,30.8,0.352,2022-05-17 02:00:00
2022-05-18,1,2022,1,Flowering,0.88,6.23,0.917,1,72.0,2.18,32.9,0.368,2022-05-18 02:00:00
2022-05-19,1,2022,1,Flowering,0.79,5.27,0.894,1,70.0,1.84,30.9,0.404,2022-05-19 02:00:00
2022-05-20,1,2022,1,Flowering,0.84,5.09,0.917,1,62.0,1.78,32.7,0.334,2022-05-20 02:00:00
2022-05-21,1,2022,1,Flowering,0.8,5.15,0.917,1,69.0,1.8,30.8,0.363,2022-05-21 02:00:00
2022-05-22,1,2022,1,Flowering,0.84,5.36,0.865,1,70.0,4.77,33.4,0.386,2022-05-22 02:00:00
2022-05-23,1,2022,1,Flowering,0.83,5.4,0.857,1,75.0,5.1,30.4,0.383,2022-05-23 02:00:00
2022-05-24,1,2022,1,Flowering,0.88,6.09,0.873,1,69.0,2.13,30.0,0.321,2022-05-24 02:00:00
2022-05-25,1,2022,1,Flowering,0.85,6.08,0.806,1,76.0,8.29,31.1,0.343,2022-05-25 02:00:00
2022-05-26,1,2022,1,Flowering,0.78,4.94,0.839,1,67.0,1.73,32.4,0.365,2022-05-26 02:00:00
2022-05-27,1,2022,1,Flowering,0.87,5.54,0.829,1,70.0,1.94,31.6,0.368,2022-05-27 02:00:00
2022-05-28,1,2022,1,Flowering,0.86,5.44,0.867,1,70.0,1.9,30.9,0.377,2022-05-28 02:00:00
2022-05-29,1,2022,1,Flowering,0.86,5.41,0.891,1,69.0,1.89,30.1,0.34,2022-05-29 02:00:00
2022-05-30,1,2022,1,Flowering,0.85,5.55,0.917,1,69.0,1.94,31.9,0.35,2022-05-30 02:00:00
2022-05-31,1,2022,1,Flowering,0.88,5.84,0.889,1,72.0,2.04,30.0,0.376,2022-05-31 02:00:00
2022-06-01,1,2022,1,Flowering,0.84,5.96,0.821,1,73.0,6.46,34.5,0.365,2022-06-01 02:00:00
2022-06-02,1,2022,1,Flowering,0.86,5.63,0.829,1,69.0,1.97,30.6,0.352,2022-06-02 02:00:00
2022-06-03,1,2022,1,Flowering,0.87,5.6,0.867,1,71.0,1.96,30.5,0.348,2022-06-03 02:00:00
2022-06-04,1,2022,1,Flowering,0.88,5.79,0.897,1,75.0,2.03,33.0,0.353,2022-06-04 02:00:00
2022-06-05,1,2022,1,Flowering,0.82,5.65,0.885,1,73.0,1.98,31.7,0.343,2022-06-05 02:00:00
2022-06-06,1,2022,1,Flowering,0.82,5.54,0.917,1,71.0,1.94,34.0,0.352,2022-06-06 02:00:00
2022-06-07,1,2022,1,Flowering,0.9,5.94,0.917,1,74.0,2.08,31.9,0.34,2022-06-07 02:00:00
2022-06-08,1,2022,1,Flowering,0.86,6.05,0.917,1,72.0,2.12,29.7,0.343,2022-06-08 02:00:00
2022-06-09,1,2022,1,Flowering,0.89,5.86,0.837,1,64.0,7.75,30.8,0.36,2022-06-09 02:00:00
2022-06-10,1,2022,1,Flowering,0.87,5.75,0.752,1,74.0,7.26,31.7,0.347,2022-06-10 02:00:00
2022-06-11,1,2022,1,Flowering,0.84,5.51,0.792,1,65.0,1.93,30.5,0.321,2022-06-11 02:00:00
2022-06-12,1,2022,1,Flowering,0.84,5.71,0.798,1,69.0,4.3,32.4,0.368,2022-06-12 02:00:00
2022-06-13,1,2022,1,Flowering,0.89,6.23,0.823,1,71.0,2.18,30.6,0.347,2022-06-13 02:00:00
2022-06-14,1,2022,1,Flowering,0.84,5.99,0.855,1,71.0,2.1,33.5,0.374,2022-06-14 02:00:00
2022-06-15,1,2022,1,Flowering,0.91,5.89,0.836,1,74.0,2.06,34.2,0.336,2022-06-15 02:00:00
2022-06-16,1,2022,1,Flowering,0.85,5.82,0.837,1,72.0,4.36,31.8,0.358,2022-06-16 02:00:00
2022-06-17,1,2022,1,Flowering,0.83,5.88,0.863,1,67.0,2.06,31.7,0.339,2022-06-17 02:00:00
2022-06-18,1,2022,1,Flowering,0.89,6.09,0.904,1,70.0,2.13,31.8,0.328,2022-06-18 02:00:00
2022-06-19,1,2022,1,Flowering,0.85,6.04,0.917,1,79.0,2.11,30.6,0.344,2022-06-19 02:00:00
2022-06-20,1,2022,1,Flowering,0.88,6.28,0.909,1,80.0,2.2,32.4,0.333,2022-06-20 02:00:00
2022-06-21,1,2022,1,Flowering,0.86,5.93,0.917,1,73.0,2.08,33.9,0.318,2022-06-21 02:00:00
2022-06-22,1,2022,1,Flowering,0.84,5.86,0.917,1,66.0,2.05,31.0,0.362,2022-06-22 02:00:00
2022-06-23,1,2022,1,Flowering,0.92,6.09,0.917,1,73.0,2.13,30.5,0.356,2022-06-23 02:00:00
2022-06-24,1,2022,1,Flowering,0.93,6.61,0.904,1,72.0,5.33,29.1,0.324,2022-06-24 02:00:00
2022-06-25,1,2022,1,Flowering,0.86,6.1,0.917,1,77.0,2.13,31.6,0.35,2022-06-25 02:00:00
2022-06-26,1,2022,1,Flowering,0.88,6.25,0.832,1,74.0,9.53,33.3,0.367,2022-06-26 02:00:00
2022-06-27,1,2022,1,Flowering,0.95,6.79,0.874,1,73.0,2.38,32.9,0.331,2022-06-27 02:00:00
2022-06-28,1,2022,1,Flowering,0.9,6.18,0.911,1,75.0,2.16,33.4,0.336,2022-06-28 02:00:00
2022-06-29,1,2022,1,Flowering,0.92,6.23,0.917,1,73.0,2.18,30.9,0.327,2022-06-29 02:00:00
2022-06-30,1,2022,1,Flowering,0.93,6.59,0.917,1,72.0,2.31,33.3,0.334,2022-06-30 02:00:00
2022-07-01,1,2022,1,Flowering,0.9,5.87,0.917,1,70.0,2.05,33.0,0.36,2022-07-01 02:00:00
2022-07-02,1,2022,1,Grain Filling,0.94,6.61,0.917,1,66.0,2.31,32.5,0.324,2022-07-02 02:00:00
2022-07-03,1,2022,1,Grain Filling,0.86,6.15,0.908,1,73.0,2.15,31.9,0.347,2022-07-03 02:00:00
2022-07-04,1,2022,1,Grain Filling,0.88,6.08,0.917,1,72.0,2.13,31.0,0.35,2022-07-04 02:00:00
2022-07-05,1,2022,1,Grain Filling,0.89,6.04,0.917,1,72.0,2.11,32.7,0.355,2022-07-05 02:00:00
2022-07-06,1,2022,1,Grain Filling,0.83,5.31,0.881,1,75.0,1.86,31.4,0.337,2022-07-06 02:00:00
2022-07-07,1,2022,1,Grain Filling,0.94,6.21,0.917,1,75.0,2.17,32.9,0.303,2022-07-07 02:00:00
2022-07-08,1,2022,1,Grain Filling,0.93,6.11,0.917,1,70.0,2.14,32.6,0.344,2022-07-08 02:00:00
2022-07-09,1,2022,1,Grain Filling,0.86,5.59,0.917,1,71.0,1.96,31.0,0.33,2022-07-09 02:00:00
2022-07-10,1,2022,1,Grain Filling,0.9,6.35,0.917,1,69.0,2.22,33.5,0.334,2022-07-10 02:00:00
2022-07-11,1,2022,1,Grain Filling,0.94,6.15,0.885,1,79.0,2.15,30.4,0.359,2022-07-11 02:00:00
2022-07-12,1,2022,1,Grain Filling,0.91,6.08,0.917,1,67.0,2.13,31.1,0.325,2022-07-12 02:00:00
2022-07-13,1,2022,1,Grain Filling,0.88,6.29,0.917,1,75.0,2.2,32.3,0.342,2022-07-13 02:00:00
2022-07-14,1,2022,1,Grain Filling,0.92,6.4,0.917,1,71.0,2.24,33.4,0.347,2022-07-14 02:00:00
2022-07-15,1,2022,1,Grain Filling,0.89,6.4,0.917,1,74.0,2.24,33.2,0.339,2022-07-15 02:00:00
2022-07-16,1,2022,1,Grain Filling,0.95,6.39,0.917,1,74.0,2.24,32.6,0.329,2022-07-16 02:00:00
2022-07-17,1,2022,1,Grain Filling,0.92,6.7,0.917,1,78.0,2.34,32.6,0.376,2022-07-17 02:00:00
2022-07-18,1,2022,1,Grain Filling,0.89,6.34,0.917,1,75.0,2.22,32.5,0.318,2022-07-18 02:00:00
2022-07-19,1,2022,1,Grain Filling,0.97,6.69,0.917,1,75.0,2.34,33.3,0.322,2022-07-19 02:00:00
2022-07-20,1,2022,1,Grain Filling,0.87,6.3,0.917,1,78.0,2.2,33.7,0.336,2022-07-20 02:00:00
2022-07-21,1,2022,1,Grain Filling,0.97,6.52,0.898,1,72.0,2.28,33.0,0.327,2022-07-21 02:00:00
2022-07-22,1,2022,1,Grain Filling,0.98,7.15,0.917,1,71.0,2.5,30.5,0.305,2022-07-22 02:00:00
2022-07-23,1,2022,1,Grain Filling,0.99,6.76,0.917,1,76.0,2.37,30.7,0.34,2022-07-23 02:00:00
2022-07-24,1,2022,1,Grain Filling,0.96,6.7,0.917,1,70.0,2.34,34.8,0.333,2022-07-24 02:00:00
2022-07-25,1,2022,1,Grain Filling,0.92,6.82,0.917,1,72.0,2.39,30.9,0.333,2022-07-25 02:00:00
2022-07-26,1,2022,1,Grain Filling,0.97,6.51,0.917,1,74.0,2.28,31.4,0.339,2022-07-26 02:00:00
2022-07-27,1,2022,1,Grain Filling,0.93,6.17,0.787,1,69.0,9.95,31.8,0.298,2022-07-27 02:00:00
2022-07-28,1,2022,1,Grain Filling,0.96,6.74,0.826,1,76.0,2.36,33.0,0.288,2022-07-28 02:00:00
2022-07-29,1,2022,1,Grain Filling,0.93,6.41,0.862,1,73.0,2.24,32.9,0.303,2022-07-29 02:00:00
2022-07-30,1,2022,1,Grain Filling,0.95,6.31,0.826,1,74.0,2.21,32.9,0.291,2022-07-30 02:00:00
2022-07-31,1,2022,1,Grain Filling,0.95,6.69,0.867,1,74.0,2.34,33.5,0.28,2022-07-31 02:00:00
2022-08-01,1,2022,1,Grain Filling,0.92,6.7,0.801,1,73.0,2.34,32.6,0.332,2022-08-01 02:00:00
2022-08-02,1,2022,1,Grain Filling,0.93,6.58,0.706,1,74.0,10.79,33.6,0.319,2022-08-02 02:00:00
2022-08-03,1,2022,1,Grain Filling,0.92,6.98,0.724,1,70.0,2.44,30.0,0.331,2022-08-03 02:00:00
2022-08-04,1,2022,1,Grain Filling,0.9,6.39,0.695,1,81.0,6.89,31.6,0.333,2022-08-04 02:00:00
2022-08-05,1,2022,1,Grain Filling,0.94,6.15,0.735,1,72.0,2.15,32.0,0.325,2022-08-05 02:00:00
2022-08-06,1,2022,1,Grain Filling,1.0,6.77,0.775,1,71.0,2.37,31.6,0.331,2022-08-06 02:00:00
2022-08-07,1,2022,1,Grain Filling,0.89,6.39,0.818,1,76.0,2.24,33.6,0.309,2022-08-07 02:00:00
2022-08-08,1,2022,1,Grain Filling,0.97,7.09,0.859,1,74.0,2.48,32.7,0.325,2022-08-08 02:00:00
2022-08-09,1,2022,1,Grain Filling,0.96,7.03,0.895,1,74.0,2.46,35.1,0.312,2022-08-09 02:00:00
2022-08-10,1,2022,1,Grain Filling,0.97,6.6,0.917,1,77.0,2.31,32.7,0.337,2022-08-10 02:00:00
2022-08-11,1,2022,1,Grain Filling,0.95,6.76,0.917,1,80.0,2.37,31.7,0.292,2022-08-11 02:00:00
2022-08-12,1,2022,1,Grain Filling,0.98,6.84,0.917,1,71.0,2.39,31.2,0.338,2022-08-12 02:00:00
2022-08-13,1,2022,1,Grain Filling,0.97,5.98,0.917,1,70.0,2.09,32.8,0.279,2022-08-13 02:00:00
2022-08-14,1,2022,1,Grain Filling,0.89,6.65,0.917,1,77.0,2.33,33.6,0.286,2022-08-14 02:00:00
2022-08-15,1,2022,1,Grain Filling,0.94,6.33,0.887,1,70.0,2.22,31.8,0.317,2022-08-15 02:00:00
2022-08-16,1,2022,1,Grain Filling,0.98,7.0,0.917,1,74.0,2.45,31.5,0.278,2022-08-16 02:00:00
2022-08-17,1,2022,1,Grain Filling,0.97,7.09,0.917,1,80.0,2.48,33.5,0.278,2022-08-17 02:00:00
2022-08-18,1,2022,1,Grain Filling,0.97,6.41,0.917,1,78.0,2.24,31.2,0.325,2022-08-18 02:00:00
2022-08-19,1,2022,1,Grain Filling,1.0,7.35,0.917,1,77.0,2.57,31.5,0.331,2022-08-19 02:00:00
2022-08-20,1,2022,1,Grain Filling,0.96,6.83,0.814,1,79.0,12.05,32.6,0.279,2022-08-20 02:00:00
2022-08-21,1,2022,1,Grain Filling,1.01,7.22,0.856,1,76.0,2.53,32.5,0.319,2022-08-21 02:00:00
2022-08-22,1,2022,1,Grain Filling,0.95,6.34,0.896,1,75.0,2.22,33.1,0.298,2022-08-22 02:00:00
2022-08-23,1,2022,1,Grain Filling,0.98,6.6,0.917,1,74.0,2.31,31.8,0.336,2022-08-23 02:00:00
2022-08-24,1,2022,1,Grain Filling,0.96,6.48,0.917,1,73.0,2.27,31.3,0.27,2022-08-24 02:00:00
2022-08-25,1,2022,1,Grain Filling,1.02,7.77,0.917,1,85.0,2.72,32.3,0.333,2022-08-25 02:00:00
2022-08-26,1,2022,1,Grain Filling,1.01,7.25,0.908,1,79.0,2.54,31.8,0.273,2022-08-26 02:00:00
2022-08-27,1,2022,1,Grain Filling,0.99,7.3,0.917,1,80.0,2.55,32.5,0.305,2022-08-27 02:00:00
2022-08-28,1,2022,1,Grain Filling,0.99,7.34,0.917,1,78.0,2.57,33.4,0.29,2022-08-28 02:00:00
2022-08-29,1,2022,1,Grain Filling,0.99,6.98,0.917,1,77.0,2.44,32.9,0.289,2022-08-29 02:00:00
2022-08-30,1,2022,1,Grain Filling,0.97,6.8,0.864,1,68.0,8.67,33.6,0.296,2022-08-30 02:00:00
2022-08-31,1,2022,1,Grain Filling,1.01,6.77,0.807,1,73.0,8.85,31.2,0.304,2022-08-31 02:00:00
2022-09-01,1,2022,1,Grain Filling,0.99,7.15,0.829,1,73.0,2.5,31.3,0.308,2022-09-01 02:00:00
2022-09-02,1,2022,1,Grain Filling,1.02,7.36,0.866,1,76.0,2.58,34.1,0.309,2022-09-02 02:00:00
2022-09-03,1,2022,1,Grain Filling,1.0,6.62,0.906,1,71.0,2.32,32.8,0.33,2022-09-03 02:00:00
2022-09-04,1,2022,1,Grain Filling,1.01,6.98,0.917,1,72.0,2.44,33.2,0.308,2022-09-04 02:00:00
2022-09-05,1,2022,1,Grain Filling,0.96,6.77,0.917,1,74.0,2.37,33.1,0.321,2022-09-05 02:00:00
2022-09-06,1,2022,1,Grain Filling,0.98,6.54,0.917,1,82.0,2.29,31.9,0.286,2022-09-06 02:00:00
2022-09-07,1,2022,1,Grain Filling,0.96,7.19,0.917,1,78.0,2.52,33.9,0.304,2022-09-07 02:00:00
2022-09-08,1,2022,1,Grain Filling,1.01,7.33,0.917,1,72.0,2.57,34.7,0.3,2022-09-08 02:00:00
2022-09-09,1,2022,1,Grain Filling,1.04,7.35,0.877,1,73.0,2.57,34.4,0.267,2022-09-09 02:00:00
2022-09-10,1,2022,1,Grain Filling,1.0,6.97,0.917,1,80.0,2.44,32.5,0.289,2022-09-10 02:00:00
2022-09-11,1,2022,1,Grain Filling,0.98,7.48,0.917,1,74.0,2.62,32.3,0.32,2022-09-11 02:00:00
2022-09-12,1,2022,1,Grain Filling,0.99,7.19,0.889,1,75.0,6.64,30.5,0.354,2022-09-12 02:00:00
2022-09-13,1,2022,1,Grain Filling,0.94,6.83,0.848,1,81.0,7.24,32.0,0.299,2022-09-13 02:00:00
2022-09-14,1,2022,1,Grain Filling,1.01,7.49,0.891,1,79.0,2.62,30.5,0.337,2022-09-14 02:00:00
2022-09-15,1,2022,1,Grain Filling,0.97,6.76,0.912,1,83.0,2.37,32.5,0.279,2022-09-15 02:00:00
2022-09-16,1,2022,1,Grain Filling,1.05,7.86,0.858,1,80.0,2.75,35.7,0.29,2022-09-16 02:00:00
2022-09-17,1,2022,1,Grain Filling,0.99,7.25,0.815,1,80.0,2.54,32.1,0.276,2022-09-17 02:00:00
2022-09-18,1,2022,1,Grain Filling,1.0,7.41,0.854,1,77.0,2.59,33.0,0.307,2022-09-18 02:00:00
2022-09-19,1,2022,1,Grain Filling,0.96,7.07,0.817,1,78.0,2.47,34.5,0.298,2022-09-19 02:00:00
2022-09-20,1,2022,1,Grain Filling,1.03,7.47,0.798,1,79.0,2.61,36.6,0.281,2022-09-20 02:00:00
2022-09-21,1,2022,1,Grain Filling,1.01,7.24,0.834,1,82.0,2.53,34.4,0.283,2022-09-21 02:00:00
2022-09-22,1,2022,1,Grain Filling,1.06,7.65,0.862,1,81.0,2.68,31.0,0.286,2022-09-22 02:00:00
2022-09-23,1,2022,1,Grain Filling,1.06,8.22,0.83,1,80.0,8.1,33.9,0.315,2022-09-23 02:00:00
2022-09-24,1,2022,1,Grain Filling,0.97,7.14,0.813,1,79.0,6.52,33.3,0.272,2022-09-24 02:00:00
2022-09-25,1,2022,1,Grain Filling,1.02,7.96,0.827,1,78.0,2.79,32.8,0.288,2022-09-25 02:00:00
2022-09-26,1,2022,1,Grain Filling,1.05,8.0,0.823,1,78.0,2.8,33.6,0.285,2022-09-26 02:00:00
2022-09-27,1,2022,1,Grain Filling,1.04,7.68,0.858,1,84.0,2.69,33.8,0.277,2022-09-27 02:00:00
2022-09-28,1,2022,1,Grain Filling,1.1,8.09,0.793,1,72.0,2.83,32.3,0.257,2022-09-28 02:00:00
2022-09-29,1,2022,1,Grain Filling,1.0,7.4,0.824,1,80.0,2.59,33.2,0.255,2022-09-29 02:00:00
2022-09-30,1,2022,1,Grain Filling,0.98,7.05,0.853,1,80.0,2.47,34.3,0.273,2022-09-30 02:00:00
2022-10-01,1,2022,1,Grain Filling,1.02,7.78,0.893,1,75.0,2.72,35.0,0.321,2022-10-01 02:00:00
2022-10-02,1,2022,1,Grain Filling,1.0,8.03,0.829,1,75.0,10.23,34.6,0.289,2022-10-02 02:00:00
2022-10-03,1,2022,1,Grain Filling,1.02,7.38,0.848,1,82.0,2.58,31.3,0.286,2022-10-03 02:00:00
2022-10-04,1,2022,1,Grain Filling,0.99,7.83,0.894,1,80.0,2.74,32.6,0.278,2022-10-04 02:00:00
2022-10-05,1,2022,1,Grain Filling,1.01,7.35,0.803,1,80.0,11.16,31.8,0.243,2022-10-05 02:00:00
2022-10-06,1,2022,1,Grain Filling,1.0,7.16,0.805,1,77.0,4.84,32.5,0.271,2022-10-06 02:00:00
2022-10-07,1,2022,1,Grain Filling,0.99,7.31,0.729,1,85.0,10.02,32.5,0.272,2022-10-07 02:00:00
2022-10-08,1,2022,1,Grain Filling,1.05,7.49,0.662,1,77.0,8.32,31.3,0.286,2022-10-08 02:00:00
2022-10-09,1,2022,1,Grain Filling,1.04,7.59,0.663,1,77.0,2.66,31.7,0.284,2022-10-09 02:00:00
2022-10-10,1,2022,1,Grain Filling,1.06,7.79,0.701,1,77.0,2.73,32.8,0.308,2022-10-10 02:00:00
2022-10-11,1,2022,1,Grain Filling,1.03,7.86,0.745,1,85.0,2.75,33.4,0.28,2022-10-11 02:00:00
2022-10-12,1,2022,1,Grain Filling,1.06,7.98,0.785,1,85.0,2.79,36.1,0.259,2022-10-12 02:00:00
2022-10-13,1,2022,1,Grain Filling,1.08,8.13,0.805,1,81.0,2.85,34.0,0.3,2022-10-13 02:00:00
2022-10-14,1,2022,1,Grain Filling,1.06,8.08,0.83,1,76.0,2.83,33.7,0.244,2022-10-14 02:00:00
2022-10-15,1,2022,1,Grain Filling,1.06,7.63,0.851,1,87.0,2.67,33.3,0.281,2022-10-15 02:00:00
2022-10-16,1,2022,1,Grain Filling,1.06,7.88,0.84,1,79.0,2.76,36.4,0.255,2022-10-16 02:00:00
2022-10-17,1,2022,1,Grain Filling,1.05,7.77,0.875,1,76.0,2.72,32.8,0.254,2022-10-17 02:00:00
2022-10-18,1,2022,1,Grain Filling,1.04,6.97,0.911,1,85.0,2.44,30.3,0.271,2022-10-18 02:00:00
2022-10-19,1,2022,1,Grain Filling,1.04,7.96,0.917,1,78.0,2.79,34.7,0.243,2022-10-19 02:00:00
2022-10-20,1,2022,1,Maturity,1.08,7.73,0.917,1,76.0,2.71,33.6,0.244,2022-10-20 02:00:00
2022-10-21,1,2022,1,Maturity,1.06,7.73,0.917,1,79.0,2.71,33.9,0.306,2022-10-21 02:00:00
2022-10-22,1,2022,1,Maturity,1.08,7.51,0.917,1,82.0,2.63,33.5,0.279,2022-10-22 02:00:00
2022-10-23,1,2022,1,Maturity,1.04,8.32,0.917,1,77.0,2.91,33.9,0.276,2022-10-23 02:00:00
2022-10-24,1,2022,1,Maturity,1.05,8.3,0.917,1,79.0,2.9,33.8,0.256,2022-10-24 02:00:00
2022-10-25,1,2022,1,Maturity,1.06,7.36,0.917,1,75.0,2.58,32.3,0.271,2022-10-25 02:00:00
2022-10-26,1,2022,1,Maturity,1.09,8.09,0.917,1,80.0,2.83,32.4,0.248,2022-10-26 02:00:00
2022-10-27,1,2022,1,Maturity,1.04,8.2,0.917,1,78.0,2.87,35.9,0.301,2022-10-27 02:00:00
2022-10-28,1,2022,1,Maturity,1.07,7.93,0.868,1,80.0,2.78,32.7,0.261,2022-10-28 02:00:00
2022-10-29,1,2022,1,Maturity,1.09,8.24,0.822,1,79.0,2.88,32.9,0.272,2022-10-29 02:00:00
2022-10-30,1,2022,1,Maturity,1.05,7.13,0.745,1,82.0,2.5,34.7,0.291,2022-10-30 02:00:00
2022-10-31,1,2022,1,Maturity,1.08,7.89,0.773,1,74.0,2.76,32.7,0.29,2022-10-31 02:00:00
2022-11-01,1,2022,1,Maturity,1.1,8.12,0.802,1,85.0,2.84,31.7,0.273,2022-11-01 02:00:00
2022-11-02,1,2022,1,Maturity,1.05,7.84,0.826,1,76.0,2.74,35.2,0.26,2022-11-02 02:00:00
2022-11-03,1,2022,1,Maturity,1.08,7.64,0.852,1,81.0,2.67,34.9,0.274,2022-11-03 02:00:00
2022-11-04,1,2022,1,Maturity,1.07,7.81,0.894,1,82.0,2.73,34.3,0.217,2022-11-04 02:00:00
2022-11-05,1,2022,1,Maturity,1.09,8.08,0.917,1,87.0,2.83,35.8,0.272,2022-11-05 02:00:00
2022-11-06,1,2022,1,Maturity,1.1,8.68,0.917,1,85.0,3.04,35.3,0.225,2022-11-06 02:00:00
2022-11-07,1,2022,1,Maturity,1.06,8.17,0.917,1,83.0,2.86,32.7,0.28,2022-11-07 02:00:00
2022-11-08,1,2022,1,Maturity,1.04,8.19,0.917,1,80.0,2.87,36.5,0.293,2022-11-08 02:00:00
2022-11-09,1,2022,1,Maturity,1.11,8.24,0.917,1,79.0,2.88,35.5,0.266,2022-11-09 02:00:00
2022-11-10,1,2022,1,Maturity,1.06,7.37,0.85,1,80.0,6.94,33.8,0.234,2022-11-10 02:00:00
2022-11-11,1,2022,1,Maturity,1.02,8.0,0.856,1,76.0,2.8,36.3,0.261,2022-11-11 02:00:00
2022-11-12,1,2022,1,Maturity,1.08,8.74,0.866,1,80.0,3.06,34.1,0.214,2022-11-12 02:00:00
2022-11-13,1,2022,1,Maturity,1.03,7.68,0.91,1,80.0,2.69,32.5,0.259,2022-11-13 02:00:00
2022-11-14,1,2022,1,Maturity,1.08,7.48,0.917,1,75.0,2.62,34.1,0.264,2022-11-14 02:00:00
2022-11-15,1,2022,1,Maturity,1.1,8.5,0.917,1,80.0,2.97,34.8,0.264,2022-11-15 02:00:00
2022-11-16,1,2022,1,Maturity,1.08,8.23,0.804,1,83.0,11.41,34.0,0.275,2022-11-16 02:00:00
2022-11-17,1,2022,1,Maturity,1.06,7.77,0.816,1,80.0,2.72,35.7,0.268,2022-11-17 02:00:00
2022-11-18,1,2022,1,Maturity,1.06,8.07,0.814,1,77.0,2.82,34.3,0.271,2022-11-18 02:00:00
2022-11-19,1,2022,1,Maturity,1.09,8.43,0.846,1,85.0,2.95,35.4,0.233,2022-11-19 02:00:00
2022-11-20,1,2022,1,Maturity,1.04,7.23,0.888,1,79.0,2.53,32.5,0.271,2022-11-20 02:00:00
2022-11-21,1,2022,1,Maturity,1.09,8.21,0.917,1,83.0,2.87,34.9,0.259,2022-11-21 02:00:00
2022-11-22,1,2022,1,Maturity,1.12,8.33,0.917,1,81.0,2.92,36.2,0.263,2022-11-22 02:00:00
2022-11-23,1,2022,1,Maturity,1.07,7.86,0.917,1,83.0,2.75,34.1,0.234,2022-11-23 02:00:00
2022-11-24,1,2022,1,Maturity,1.05,7.76,0.917,1,80.0,2.72,33.6,0.298,2022-11-24 02:00:00
2022-11-25,1,2022,1,Maturity,1.1,8.48,0.916,1,83.0,2.97,35.9,0.244,2022-11-25 02:00:00
2022-11-26,1,2022,1,Maturity,1.11,8.59,0.917,1,79.0,3.01,33.9,0.261,2022-11-26 02:00:00
2022-11-27,1,2022,1,Maturity,1.13,8.57,0.827,1,86.0,11.86,32.4,0.261,2022-11-27 02:00:00
2022-11-28,1,2022,1,Maturity,1.11,8.2,0.873,1,80.0,2.87,35.2,0.296,2022-11-28 02:00:00
2022-11-29,1,2022,1,Maturity,1.12,8.91,0.916,1,86.0,3.12,32.6,0.207,2022-11-29 02:00:00
2022-11-30,1,2022,1,Maturity,1.11,8.36,0.917,1,78.0,2.93,32.8,0.237,2022-11-30 02:00:00
2022-12-01,1,2022,1,Maturity,1.11,8.89,0.917,1,88.0,3.11,31.9,0.271,2022-12-01 02:00:00
2022-12-02,1,2022,1,Maturity,1.08,8.62,0.917,1,75.0,3.02,35.5,0.26,2022-12-02 02:00:00
2022-12-03,1,2022,1,Maturity,1.14,8.84,0.917,1,82.0,3.09,32.3,0.23,2022-12-03 02:00:00
2022-12-04,1,2022,1,Maturity,1.15,8.58,0.917,1,82.0,3.0,33.7,0.268,2022-12-04 02:00:00
2022-12-05,1,2022,1,Maturity,1.08,7.77,0.917,1,85.0,2.72,31.0,0.226,2022-12-05 02:00:00
2022-12-06,1,2022,1,Maturity,1.14,8.61,0.917,1,85.0,3.01,32.4,0.265,2022-12-06 02:00:00
2022-12-07,1,2022,1,Maturity,1.12,8.03,0.839,1,80.0,10.92,35.9,0.228,2022-12-07 02:00:00
2022-12-08,1,2022,1,Maturity,1.13,8.37,0.806,1,86.0,7.8,34.5,0.249,2022-12-08 02:00:00
2022-12-09,1,2022,1,Maturity,1.11,8.77,0.824,1,86.0,3.07,32.8,0.236,2022-12-09 02:00:00
2022-12-10,1,2022,1,Maturity,1.15,8.74,0.745,1,86.0,10.04,32.6,0.218,2022-12-10 02:00:00
2022-12-11,1,2022,1,Maturity,1.13,9.12,0.688,1,80.0,3.19,34.1,0.257,2022-12-11 02:00:00
2022-12-12,1,2022,1,Maturity,1.13,8.69,0.712,1,84.0,3.04,34.1,0.237,2022-12-12 02:00:00
2022-12-13,1,2022,1,Maturity,1.13,9.3,0.559,1,81.0,11.18,33.8,0.252,2022-12-13 02:00:00
2022-12-14,1,2022,1,Maturity,1.15,8.85,0.604,1,84.0,3.1,34.9,0.224,2022-12-14 02:00:00
2022-12-15,1,2022,1,Maturity,1.15,8.9,0.649,1,83.0,3.12,32.8,0.244,2022-12-15 02:00:00
2022-12-16,1,2022,1,Maturity,1.15,9.06,0.594,1,77.0,3.17,34.6,0.215,2022-12-16 02:00:00
2022-12-17,1,2022,1,Maturity,1.09,8.38,0.64,1,85.0,2.93,35.9,0.25,2022-12-17 02:00:00
2022-12-18,1,2022,1,Maturity,1.17,9.84,0.689,1,85.0,3.44,35.6,0.242,2022-12-18 02:00:00
2022-12-19,1,2022,1,Maturity,1.16,9.07,0.728,1,92.0,3.17,35.7,0.257,2022-12-19 02:00:00
2022-12-20,1,2022,1,Maturity,1.12,8.45,0.773,1,82.0,2.96,34.1,0.235,2022-12-20 02:00:00
2022-12-21,1,2022,1,Maturity,1.12,9.38,0.823,1,82.0,3.28,37.0,0.248,2022-12-21 02:00:00
2022-12-22,1,2022,1,Maturity,1.08,7.97,0.858,1,76.0,2.79,32.5,0.229,2022-12-22 02:00:00
2022-12-23,1,2022,1,Maturity,1.15,8.83,0.873,1,84.0,3.09,34.4,0.232,2022-12-23 02:00:00
2022-12-24,1,2022,1,Maturity,1.14,8.99,0.917,1,82.0,3.15,33.8,0.217,2022-12-24 02:00:00
2022-12-25,1,2022,1,Maturity,1.18,9.52,0.917,1,83.0,3.33,34.9,0.286,2022-12-25 02:00:00
2022-12-26,1,2022,1,Maturity,1.15,8.92,0.917,1,90.0,3.12,36.1,0.248,2022-12-26 02:00:00
2022-12-27,1,2022,1,Maturity,1.13,8.87,0.884,1,84.0,3.1,34.5,0.257,2022-12-27 02:00:00
2022-12-28,1,2022,1,Maturity,1.17,9.72,0.917,1,87.0,3.4,34.4,0.25,2022-12-28 02:00:00
2022-12-29,1,2022,1,Maturity,1.15,9.07,0.917,1,92.0,3.17,35.2,0.199,2022-12-29 02:00:00
2022-12-30,1,2022,1,Maturity,1.17,8.45,0.904,1,83.0,2.96,35.8,0.235,2022-12-30 02:00:00
2022-12-31,1,2022,1,Maturity,1.16,9.78,0.917,1,84.0,3.42,36.0,0.23,2022-12-31 02:00:00
2020-01-02,2,2020,1,Germination,0.71,4.42,0.433,1,59.0,1.55,30.7,0.469,2020-01-02 02:00:00
2020-01-03,2,2020,1,Germination,0.66,4.03,0.461,1,55.0,1.41,30.0,0.409,2020-01-03 02:00:00
2020-01-04,2,2020,1,Germination,0.67,3.95,0.379,1,60.0,4.99,31.3,0.456,2020-01-04 02:00:00
2020-01-05,2,2020,1,Germination,0.67,3.81,0.411,1,66.0,1.33,27.5,0.437,2020-01-05 02:00:00
2020-01-06,2,2020,1,Germination,0.64,3.86,0.447,1,55.0,1.35,28.2,0.431,2020-01-06 02:00:00
2020-01-07,2,2020,1,Germination,0.62,3.62,0.474,1,65.0,1.27,27.8,0.414,2020-01-07 02:00:00
2020-01-08,2,2020,1,Germination,0.71,4.99,0.362,1,59.0,1.75,30.4,0.433,2020-01-08 02:00:00
2020-01-09,2,2020,1,Germination,0.67,4.3,0.363,1,64.0,1.5,31.2,0.426,2020-01-09 02:00:00
2020-01-10,2,2020,1,Germination,0.65,4.06,0.299,1,61.0,1.42,27.4,0.426,2020-01-10 02:00:00
2020-01-11,2,2020,1,Germination,0.67,4.26,0.333,1,58.0,1.49,30.7,0.479,2020-01-11 02:00:00
2020-01-12,2,2020,1,Germination,0.67,4.27,0.358,1,64.0,1.49,28.8,0.413,2020-01-12 02:00:00
2020-01-13,2,2020,1,Germination,0.67,4.27,0.379,1,65.0,1.49,30.2,0.443,2020-01-13 02:00:00
2020-01-14,2,2020,1,Germination,0.66,4.18,0.377,1,59.0,1.46,29.9,0.438,2020-01-14 02:00:00
2020-01-15,2,2020,1,Germination,0.67,4.37,0.414,1,67.0,1.53,28.0,0.429,2020-01-15 02:00:00
2020-01-16,2,2020,1,Germination,0.7,4.01,0.428,1,63.0,1.4,31.4,0.443,2020-01-16 02:00:00
2020-01-17,2,2020,1,Germination,0.69,4.32,0.451,1,58.0,1.51,31.2,0.474,2020-01-17 02:00:00
2020-01-18,2,2020,1,Germination,0.71,4.63,0.48,1,56.0,1.62,30.1,0.44,2020-01-18 02:00:00
2020-01-19,2,2020,1,Germination,0.61,4.01,0.471,1,71.0,1.4,29.8,0.478,2020-01-19 02:00:00
2020-01-20,2,2020,1,Germination,0.63,3.98,0.499,1,57.0,1.39,30.7,0.45,2020-01-20 02:00:00
2020-01-21,2,2020,1,Germination,0.73,4.63,0.379,1,58.0,7.81,30.0,0.4,2020-01-21 02:00:00
2020-01-22,2,2020,1,Germination,0.62,3.89,0.375,1,58.0,1.36,30.2,0.471,2020-01-22 02:00:00
2020-01-23,2,2020,1,Germination,0.67,4.22,0.407,1,59.0,1.48,28.9,0.452,2020-01-23 02:00:00
2020-01-24,2,2020,1,Germination,0.7,4.39,0.401,1,68.0,1.54,28.1,0.393,2020-01-24 02:00:00
2020-01-25,2,2020,1,Germination,0.76,5.13,0.415,1,64.0,1.8,29.8,0.436,2020-01-25 02:00:00
2020-01-26,2,2020,1,Germination,0.65,3.81,0.392,1,57.0,1.33,29.4,0.486,2020-01-26 02:00:00
2020-01-27,2,2020,1,Germination,0.68,4.04,0.4,1,65.0,1.41,27.4,0.428,2020-01-27 02:00:00
2020-01-28,2,2020,1,Germination,0.73,4.7,0.314,1,59.0,1.64,29.0,0.428,2020-01-28 02:00:00
2020-01-29,2,2020,1,Germination,0.69,4.26,0.314,1,66.0,1.49,30.0,0.427,2020-01-29 02:00:00
2020-01-30,2,2020,1,Germination,0.67,3.8,0.347,1,65.0,1.33,31.2,0.441,2020-01-30 02:00:00
2020-01-31,2,2020,1,Germination,0.73,4.36,0.265,1,63.0,4.35,32.2,0.415,2020-01-31 02:00:00
2020-02-01,2,2020,1,Germination,0.67,3.92,0.29,1,68.0,1.37,31.3,0.456,2020-02-01 02:00:00
2020-02-02,2,2020,1,Germination,0.71,4.32,0.281,1,66.0,1.51,28.7,0.447,2020-02-02 02:00:00
2020-02-03,2,2020,1,Germination,0.74,4.71,0.31,1,62.0,1.65,30.1,0.421,2020-02-03 02:00:00
2020-02-04,2,2020,1,Germination,0.68,4.29,0.338,1,63.0,1.5,30.2,0.4,2020-02-04 02:00:00
2020-02-05,2,2020,1,Germination,0.72,4.93,0.268,1,65.0,8.17,29.1,0.431,2020-02-05 02:00:00
2020-02-06,2,2020,1,Germination,0.69,4.81,0.309,1,64.0,1.68,30.4,0.422,2020-02-06 02:00:00
2020-02-07,2,2020,1,Germination,0.7,4.51,0.25,1,64.0,8.71,31.3,0.449,2020-02-07 02:00:00
2020-02-08,2,2020,1,Germination,0.73,4.64,0.25,1,62.0,8.69,31.4,0.42,2020-02-08 02:00:00
2020-02-09,2,2020,1,Germination,0.62,4.16,0.25,1,61.0,1.46,29.5,0.447,2020-02-09 02:00:00
2020-02-10,2,2020,1,Germination,0.65,4.21,0.25,1,65.0,5.66,30.2,0.434,2020-02-10 02:00:00
2020-02-11,2,2020,1,Germination,0.77,4.96,0.25,1,69.0,1.74,29.7,0.443,2020-02-11 02:00:00
2020-02-12,2,2020,1,Germination,0.72,4.49,0.279,1,67.0,1.57,28.2,0.467,2020-02-12 02:00:00
2020-02-13,2,2020,1,Germination,0.72,4.19,0.25,1,67.0,8.59,28.4,0.424,2020-02-13 02:00:00
2020-02-14,2,2020,1,Germination,0.71,4.47,0.284,1,67.0,1.56,30.5,0.412,2020-02-14 02:00:00
2020-02-15,2,2020,1,Germination,0.72,4.92,0.25,1,64.0,1.72,27.3,0.404,2020-02-15 02:00:00
2020-02-16,2,2020,1,Germination,0.72,4.47,0.266,1,64.0,1.56,30.5,0.429,2020-02-16 02:00:00
2020-02-17,2,2020,1,Germination,0.72,4.52,0.277,1,69.0,1.58,30.7,0.467,2020-02-17 02:00:00
2020-02-18,2,2020,1,Germination,0.71,4.36,0.298,1,67.0,1.53,30.1,0.429,2020-02-18 02:00:00
2020-02-19,2,2020,1,Germination,0.65,4.18,0.312,1,68.0,1.46,29.9,0.454,2020-02-19 02:00:00
2020-02-20,2,2020,1,Germination,0.8,5.08,0.33,1,66.0,1.78,29.1,0.426,2020-02-20 02:00:00
2020-02-21,2,2020,1,Germination,0.69,3.99,0.34,1,66.0,1.4,31.7,0.412,2020-02-21 02:00:00
2020-02-22,2,2020,1,Germination,0.76,4.8,0.34,1,70.0,1.68,30.2,0.375,2020-02-22 02:00:00
2020-02-23,2,2020,1,Germination,0.71,4.7,0.37,1,68.0,1.64,31.3,0.416,2020-02-23 02:00:00
2020-02-24,2,2020,1,Germination,0.74,5.03,0.411,1,61.0,1.76,31.1,0.419,2020-02-24 02:00:00
2020-02-25,2,2020,1,Germination,0.71,4.45,0.429,1,68.0,1.56,30.9,0.392,2020-02-25 02:00:00
2020-02-26,2,2020,1,Germination,0.7,4.43,0.437,1,64.0,1.55,28.5,0.382,2020-02-26 02:00:00
2020-02-27,2,2020,1,Germination,0.73,4.22,0.463,1,67.0,1.48,28.7,0.382,2020-02-27 02:00:00
2020-02-28,2,2020,1,Germination,0.72,4.58,0.468,1,61.0,1.6,30.5,0.448,2020-02-28 02:00:00
2020-02-29,2,2020,1,Germination,0.74,4.64,0.498,1,63.0,1.62,30.1,0.44,2020-02-29 02:00:00
2020-03-01,2,2020,1,Germination,0.73,4.81,0.52,1,72.0,1.68,31.4,0.412,2020-03-01 02:00:00
2020-03-02,2,2020,1,Germination,0.73,4.75,0.543,1,63.0,1.66,28.7,0.422,2020-03-02 02:00:00
2020-03-03,2,2020,1,Germination,0.76,4.97,0.581,1,64.0,1.74,29.9,0.421,2020-03-03 02:00:00
2020-03-04,2,2020,1,Germination,0.67,4.43,0.508,1,71.0,1.55,30.7,0.416,2020-03-04 02:00:00
2020-03-05,2,2020,1,Germination,0.7,4.4,0.512,1,69.0,1.54,30.7,0.424,2020-03-05 02:00:00
2020-03-06,2,2020,1,Germination,0.79,5.24,0.499,1,67.0,1.83,29.3,0.412,2020-03-06 02:00:00
2020-03-07,2,2020,1,Germination,0.68,4.25,0.536,1,64.0,1.49,31.3,0.448,2020-03-07 02:00:00
2020-03-08,2,2020,1,Germination,0.75,4.48,0.406,1,65.0,11.28,28.9,0.411,2020-03-08 02:00:00
2020-03-09,2,2020,1,Germination,0.79,4.5,0.436,1,71.0,1.58,29.5,0.428,2020-03-09 02:00:00
2020-03-10,2,2020,1,Germination,0.74,4.65,0.467,1,70.0,1.63,31.6,0.401,2020-03-10 02:00:00
2020-03-11,2,2020,1,Germination,0.73,4.29,0.503,1,63.0,1.5,30.9,0.42,2020-03-11 02:00:00
2020-03-12,2,2020,1,Germination,0.71,4.31,0.453,1,66.0,1.51,29.4,0.407,2020-03-12 02:00:00
2020-03-13,2,2020,1,Germination,0.79,5.07,0.483,1,64.0,1.77,32.8,0.39,2020-03-13 02:00:00
2020-03-14,2,2020,1,Germination,0.77,5.17,0.499,1,69.0,1.81,30.7,0.391,2020-03-14 02:00:00
2020-03-15,2,2020,1,Vegetative,0.75,4.58,0.513,1,71.0,1.6,29.3,0.405,2020-03-15 02:00:00
2020-03-16,2,2020,1,Vegetative,0.73,4.14,0.525,1,69.0,1.45,30.1,0.4,2020-03-16 02:00:00
2020-03-17,2,2020,1,Vegetative,0.73,4.78,0.424,1,62.0,1.67,28.8,0.409,2020-03-17 02:00:00
2020-03-18,2,2020,1,Vegetative,0.74,4.37,0.449,1,65.0,1.53,29.8,0.409,2020-03-18 02:00:00
2020-03-19,2,2020,1,Vegetative,0.77,4.9,0.485,1,65.0,1.72,30.2,0.377,2020-03-19 02:00:00
2020-03-20,2,2020,1,Vegetative,0.77,4.59,0.52,1,66.0,1.61,30.4,0.375,2020-03-20 02:00:00
2020-03-21,2,2020,1,Vegetative,0.8,5.11,0.536,1,65.0,1.79,31.0,0.421,2020-03-21 02:00:00
2020-03-22,2,2020,1,Vegetative,0.76,4.34,0.557,1,57.0,1.52,28.6,0.404,2020-03-22 02:00:00
2020-03-23,2,2020,1,Vegetative,0.76,4.81,0.589,1,72.0,1.68,32.3,0.379,2020-03-23 02:00:00
2020-03-24,2,2020,1,Vegetative,0.72,4.63,0.629,1,60.0,1.62,32.2,0.397,2020-03-24 02:00:00
2020-03-25,2,2020,1,Vegetative,0.78,5.01,0.666,1,66.0,1.75,28.3,0.383,2020-03-25 02:00:00
2020-03-26,2,2020,1,Vegetative,0.82,5.27,0.647,1,76.0,4.88,32.4,0.409,2020-03-26 02:00:00
2020-03-27,2,2020,1,Vegetative,0.81,5.19,0.687,1,64.0,1.82,32.9,0.352,2020-03-27 02:00:00
2020-03-28,2,2020,1,Vegetative,0.74,4.62,0.709,1,69.0,1.62,29.5,0.44,2020-03-28 02:00:00
2020-03-29,2,2020,1,Vegetative,0.81,5.2,0.745,1,63.0,1.82,29.9,0.438,2020-03-29 02:00:00
2020-03-30,2,2020,1,Vegetative,0.8,4.78,0.769,1,68.0,1.67,31.3,0.392,2020-03-30 02:00:00
2020-03-31,2,2020,1,Vegetative,0.78,4.85,0.807,1,69.0,1.7,32.8,0.408,2020-03-31 02:00:00
2020-04-01,2,2020,1,Vegetative,0.79,5.02,0.823,1,66.0,1.76,32.0,0.414,2020-04-01 02:00:00
2020-04-02,2,2020,1,Vegetative,0.77,4.66,0.861,1,72.0,1.63,31.5,0.369,2020-04-02 02:00:00
2020-04-03,2,2020,1,Vegetative,0.78,4.98,0.863,1,66.0,1.74,32.3,0.408,2020-04-03 02:00:00
2020-04-04,2,2020,1,Vegetative,0.82,4.71,0.764,1,70.0,9.32,28.2,0.394,2020-04-04 02:00:00
2020-04-05,2,2020,1,Vegetative,0.76,4.76,0.687,1,71.0,9.13,30.1,0.39,2020-04-05 02:00:00
2020-04-06,2,2020,1,Vegetative,0.78,5.1,0.726,1,73.0,1.78,31.9,0.38,2020-04-06 02:00:00
2020-04-07,2,2020,1,Vegetative,0.83,5.99,0.74,1,64.0,2.1,31.4,0.418,2020-04-07 02:00:00
2020-04-08,2,2020,1,Vegetative,0.71,4.75,0.775,1,63.0,1.66,31.4,0.416,2020-04-08 02:00:00
2020-04-09,2,2020,1,Vegetative,0.84,5.45,0.8,1,70.0,1.91,32.2,0.431,2020-04-09 02:00:00
2020-04-10,2,2020,1,Vegetative,0.77,5.49,0.832,1,68.0,1.92,32.1,0.373,2020-04-10 02:00:00
2020-04-11,2,2020,1,Vegetative,0.8,5.47,0.872,1,65.0,1.91,29.9,0.378,2020-04-11 02:00:00
2020-04-12,2,2020,1,Vegetative,0.77,4.81,0.903,1,67.0,1.68,30.4,0.351,2020-04-12 02:00:00
2020-04-13,2,2020,1,Vegetative,0.8,5.48,0.917,1,74.0,1.92,30.9,0.385,2020-04-13 02:00:00
2020-04-14,2,2020,1,Vegetative,0.82,5.28,0.803,1,68.0,8.83,31.3,0.412,2020-04-14 02:00:00
2020-04-15,2,2020,1,Vegetative,0.76,5.19,0.715,1,64.0,9.94,29.7,0.395,2020-04-15 02:00:00
2020-04-16,2,2020,1,Vegetative,0.8,5.03,0.753,1,63.0,1.76,31.1,0.408,2020-04-16 02:00:00
2020-04-17,2,2020,1,Vegetative,0.81,5.59,0.762,1,66.0,1.96,32.8,0.374,2020-04-17 02:00:00
2020-04-18,2,2020,1,Vegetative,0.78,5.33,0.802,1,63.0,1.87,31.5,0.354,2020-04-18 02:00:00
2020-04-19,2,2020,1,Vegetative,0.76,5.18,0.843,1,77.0,1.81,30.2,0.387,2020-04-19 02:00:00
2020-04-20,2,2020,1,Vegetative,0.8,5.29,0.831,1,69.0,1.85,32.6,0.41,2020-04-20 02:00:00
2020-04-21,2,2020,1,Vegetative,0.77,5.11,0.854,1,65.0,1.79,31.5,0.384,2020-04-21 02:00:00
2020-04-22,2,2020,1,Vegetative,0.82,5.51,0.874,1,75.0,1.93,30.5,0.395,2020-04-22 02:00:00
2020-04-23,2,2020,1,Vegetative,0.79,5.0,0.909,1,67.0,1.75,31.0,0.39,2020-04-23 02:00:00
2020-04-24,2,2020,1,Vegetative,0.82,5.34,0.799,1,66.0,1.87,31.6,0.389,2020-04-24 02:00:00
2020-04-25,2,2020,1,Vegetative,0.78,5.12,0.839,1,64.0,1.79,31.3,0.381,2020-04-25 02:00:00
2020-04-26,2,2020,1,Vegetative,0.76,5.35,0.852,1,77.0,1.87,32.3,0.4,2020-04-26 02:00:00
2020-04-27,2,2020,1,Vegetative,0.8,5.17,0.787,1,74.0,1.81,33.3,0.385,2020-04-27 02:00:00
2020-04-28,2,2020,1,Vegetative,0.77,5.01,0.787,1,68.0,1.75,30.8,0.353,2020-04-28 02:00:00
2020-04-29,2,2020,1,Vegetative,0.79,5.25,0.828,1,66.0,1.84,33.8,0.395,2020-04-29 02:00:00
2020-04-30,2,2020,1,Vegetative,0.81,5.15,0.818,1,74.0,1.8,29.5,0.38,2020-04-30 02:00:00
2020-05-01,2,2020,1,Vegetative,0.77,4.79,0.843,1,72.0,1.68,31.5,0.371,2020-05-01 02:00:00
2020-05-02,2,2020,1,Flowering,0.82,5.88,0.884,1,70.0,2.06,33.4,0.359,2020-05-02 02:00:00
2020-05-03,2,2020,1,Flowering,0.78,4.75,0.917,1,75.0,1.66,32.7,0.374,2020-05-03 02:00:00
2020-05-04,2,2020,1,Flowering,0.85,5.7,0.73,1,71.0,11.98,31.8,0.386,2020-05-04 02:00:00
2020-05-05,2,2020,1,Flowering,0.82,5.29,0.729,1,64.0,1.85,30.7,0.363,2020-05-05 02:00:00
2020-05-06,2,2020,1,Flowering,0.78,5.3,0.764,1,68.0,1.85,30.7,0.369,2020-05-06 02:00:00
2020-05-07,2,2020,1,Flowering,0.79,4.83,0.79,1,69.0,1.69,32.7,0.387,2020-05-07 02:00:00
2020-05-08,2,2020,1,Flowering,0.78,5.03,0.812,1,71.0,1.76,29.5,0.395,2020-05-08 02:00:00
2020-05-09,2,2020,1,Flowering,0.81,5.43,0.846,1,64.0,1.9,30.4,0.37,2020-05-09 02:00:00
2020-05-10,2,2020,1,Flowering,0.82,5.65,0.883,1,69.0,1.98,30.4,0.384,2020-05-10 02:00:00
2020-05-11,2,2020,1,Flowering,0.78,5.33,0.917,1,75.0,1.87,31.6,0.385,2020-05-11 02:00:00
2020-05-12,2,2020,1,Flowering,0.84,5.0,0.917,1,67.0,1.75,31.1,0.399,2020-05-12 02:00:00
2020-05-13,2,2020,1,Flowering,0.85,5.96,0.917,1,69.0,2.09,30.8,0.392,2020-05-13 02:00:00
2020-05-14,2,2020,1,Flowering,0.84,5.2,0.917,1,69.0,1.82,28.9,0.339,2020-05-14 02:00:00
2020-05-15,2,2020,1,Flowering,0.87,5.93,0.917,1,64.0,2.08,28.7,0.335,2020-05-15 02:00:00
2020-05-16,2,2020,1,Flowering,0.81,4.98,0.901,1,67.0,1.74,30.2,0.369,2020-05-16 02:00:00
2020-05-17,2,2020,1,Flowering,0.83,5.77,0.917,1,73.0,2.02,31.3,0.354,2020-05-17 02:00:00
2020-05-18,2,2020,1,Flowering,0.89,6.05,0.917,1,72.0,2.12,30.6,0.38,2020-05-18 02:00:00
2020-05-19,2,2020,1,Flowering,0.81,5.29,0.917,1,77.0,1.85,30.3,0.341,2020-05-19 02:00:00
2020-05-20,2,2020,1,Flowering,0.84,5.52,0.917,1,66.0,1.93,32.1,0.396,2020-05-20 02:00:00
2020-05-21,2,2020,1,Flowering,0.82,5.28,0.913,1,72.0,1.85,31.8,0.357,2020-05-21 02:00:00
2020-05-22,2,2020,1,Flowering,0.83,5.42,0.917,1,69.0,1.9,31.5,0.356,2020-05-22 02:00:00
2020-05-23,2,2020,1,Flowering,0.83,5.35,0.917,1,73.0,1.87,30.1,0.386,2020-05-23 02:00:00
2020-05-24,2,2020,1,Flowering,0.84,5.46,0.917,1,76.0,1.91,28.2,0.344,2020-05-24 02:00:00
2020-05-25,2,2020,1,Flowering,0.83,5.56,0.917,1,68.0,1.95,33.2,0.324,2020-05-25 02:00:00
2020-05-26,2,2020,1,Flowering,0.89,5.68,0.917,1,71.0,1.99,31.5,0.365,2020-05-26 02:00:00
2020-05-27,2,2020,1,Flowering,0.83,5.45,0.916,1,63.0,1.91,32.1,0.387,2020-05-27 02:00:00
2020-05-28,2,2020,1,Flowering,0.8,5.57,0.901,1,74.0,1.95,32.0,0.358,2020-05-28 02:00:00
2020-05-29,2,2020,1,Flowering,0.8,5.51,0.917,1,74.0,1.93,33.2,0.295,2020-05-29 02:00:00
2020-05-30,2,2020,1,Flowering,0.86,5.64,0.916,1,70.0,1.97,29.8,0.386,2020-05-30 02:00:00
2020-05-31,2,2020,1,Flowering,0.87,5.36,0.917,1,76.0,1.88,30.5,0.354,2020-05-31 02:00:00
2020-06-01,2,2020,1,Flowering,0.82,5.61,0.917,1,69.0,1.96,32.6,0.336,2020-06-01 02:00:00
2020-06-02,2,2020,1,Flowering,0.86,6.05,0.917,1,71.0,2.12,32.7,0.353,2020-06-02 02:00:00
2020-06-03,2,2020,1,Flowering,0.9,5.99,0.917,1,74.0,2.1,31.8,0.348,2020-06-03 02:00:00
2020-06-04,2,2020,1,Flowering,0.89,5.64,0.917,1,75.0,1.97,28.2,0.382,2020-06-04 02:00:00
2020-06-05,2,2020,1,Flowering,0.91,6.29,0.917,1,73.0,2.2,31.0,0.321,2020-06-05 02:00:00
2020-06-06,2,2020,1,Flowering,0.84,5.61,0.917,1,67.0,1.96,31.1,0.362,2020-06-06 02:00:00
2020-06-07,2,2020,1,Flowering,0.88,5.71,0.917,1,70.0,2.0,31.4,0.355,2020-06-07 02:00:00
2020-06-08,2,2020,1,Flowering,0.87,6.36,0.917,1,72.0,2.23,33.1,0.381,2020-06-08 02:00:00
2020-06-09,2,2020,1,Flowering,0.93,6.8,0.917,1,74.0,2.38,30.1,0.321,2020-06-09 02:00:00
2020-06-10,2,2020,1,Flowering,0.86,5.4,0.8,1,72.0,1.89,30.4,0.363,2020-06-10 02:00:00
2020-06-11,2,2020,1,Flowering,0.9,5.88,0.774,1,74.0,2.06,32.9,0.333,2020-06-11 02:00:00
2020-06-12,2,2020,1,Flowering,0.82,5.76,0.8,1,75.0,2.02,33.3,0.354,2020-06-12 02:00:00
2020-06-13,2,2020,1,Flowering,0.89,6.2,0.822,1,68.0,2.17,32.9,0.315,2020-06-13 02:00:00
2020-06-14,2,2020,1,Flowering,0.91,6.38,0.765,1,71.0,2.23,31.1,0.352,2020-06-14 02:00:00
2020-06-15,2,2020,1,Flowering,0.87,5.86,0.805,1,69.0,2.05,32.0,0.348,2020-06-15 02:00:00
2020-06-16,2,2020,1,Flowering,0.89,6.08,0.844,1,67.0,2.13,29.9,0.333,2020-06-16 02:00:00
2020-06-17,2,2020,1,Flowering,0.9,5.7,0.819,1,68.0,2.0,32.1,0.367,2020-06-17 02:00:00
2020-06-18,2,2020,1,Flowering,0.82,5.62,0.831,1,74.0,1.97,31.2,0.333,2020-06-18 02:00:00
2020-06-19,2,2020,1,Flowering,0.92,5.98,0.864,1,73.0,2.09,33.1,0.35,2020-06-19 02:00:00
2020-06-20,2,2020,1,Flowering,0.91,6.67,0.788,1,75.0,8.16,32.8,0.345,2020-06-20 02:00:00
2020-06-21,2,2020,1,Flowering,0.91,6.5,0.83,1,73.0,2.28,32.4,0.351,2020-06-21 02:00:00
2020-06-22,2,2020,1,Flowering,0.89,6.5,0.873,1,74.0,2.28,33.1,0.351,2020-06-22 02:00:00
2020-06-23,2,2020,1,Flowering,0.9,6.07,0.912,1,70.0,2.12,31.2,0.345,2020-06-23 02:00:00
2020-06-24,2,2020,1,Flowering,0.96,6.81,0.917,1,77.0,2.38,33.4,0.349,2020-06-24 02:00:00
2020-06-25,2,2020,1,Flowering,0.87,5.9,0.917,1,67.0,2.06,32.6,0.304,2020-06-25 02:00:00
2020-06-26,2,2020,1,Flowering,0.86,6.19,0.917,1,81.0,2.17,31.6,0.323,2020-06-26 02:00:00
2020-06-27,2,2020,1,Flowering,0.94,5.93,0.846,1,77.0,8.06,32.5,0.366,2020-06-27 02:00:00
2020-06-28,2,2020,1,Flowering,0.89,5.53,0.788,1,68.0,1.94,28.6,0.319,2020-06-28 02:00:00
2020-06-29,2,2020,1,Flowering,0.92,6.12,0.772,1,64.0,4.64,31.3,0.362,2020-06-29 02:00:00
2020-06-30,2,2020,1,Flowering,0.88,6.25,0.808,1,75.0,2.19,30.0,0.331,2020-06-30 02:00:00
2020-07-01,2,2020,1,Flowering,0.93,6.51,0.837,1,71.0,2.28,32.7,0.318,2020-07-01 02:00:00
2020-07-02,2,2020,1,Grain Filling,0.91,6.2,0.856,1,72.0,2.17,32.9,0.305,2020-07-02 02:00:00
2020-07-03,2,2020,1,Grain Filling,0.9,6.47,0.899,1,80.0,2.26,34.1,0.389,2020-07-03 02:00:00
2020-07-04,2,2020,1,Grain Filling,0.9,5.84,0.917,1,71.0,2.04,33.2,0.359,2020-07-04 02:00:00
2020-07-05,2,2020,1,Grain Filling,0.95,6.5,0.917,1,69.0,2.28,33.8,0.327,2020-07-05 02:00:00
2020-07-06,2,2020,1,Grain Filling,0.93,6.49,0.917,1,73.0,2.27,33.2,0.344,2020-07-06 02:00:00
2020-07-07,2,2020,1,Grain Filling,0.88,6.07,0.917,1,65.0,2.12,33.1,0.336,2020-07-07 02:00:00
2020-07-08,2,2020,1,Grain Filling,0.94,6.48,0.837,1,71.0,8.97,30.4,0.329,2020-07-08 02:00:00
2020-07-09,2,2020,1,Grain Filling,0.9,6.04,0.747,1,75.0,9.88,31.1,0.336,2020-07-09 02:00:00
2020-07-10,2,2020,1,Grain Filling,0.94,6.7,0.784,1,75.0,2.34,31.6,0.338,2020-07-10 02:00:00
2020-07-11,2,2020,1,Grain Filling,0.95,6.22,0.823,1,71.0,2.18,30.0,0.35,2020-07-11 02:00:00
2020-07-12,2,2020,1,Grain Filling,0.97,6.82,0.812,1,74.0,2.39,33.0,0.316,2020-07-12 02:00:00
2020-07-13,2,2020,1,Grain Filling,0.95,7.08,0.853,1,76.0,2.48,31.3,0.35,2020-07-13 02:00:00
2020-07-14,2,2020,1,Grain Filling,0.94,6.53,0.846,1,78.0,2.29,32.9,0.326,2020-07-14 02:00:00
2020-07-15,2,2020,1,Grain Filling,0.87,6.17,0.879,1,75.0,2.16,32.2,0.334,2020-07-15 02:00:00
2020-07-16,2,2020,1,Grain Filling,0.89,6.12,0.917,1,77.0,2.14,30.3,0.351,2020-07-16 02:00:00
2020-07-17,2,2020,1,Grain Filling,0.93,6.47,0.917,1,76.0,2.26,31.9,0.322,2020-07-17 02:00:00
2020-07-18,2,2020,1,Grain Filling,0.96,6.72,0.911,1,72.0,2.35,30.0,0.307,2020-07-18 02:00:00
2020-07-19,2,2020,1,Grain Filling,0.91,5.84,0.917,1,73.0,2.04,30.5,0.327,2020-07-19 02:00:00
2020-07-20,2,2020,1,Grain Filling,0.95,7.52,0.917,1,75.0,2.63,33.9,0.307,2020-07-20 02:00:00
2020-07-21,2,2020,1,Grain Filling,0.97,6.59,0.917,1,82.0,2.31,30.6,0.328,2020-07-21 02:00:00
2020-07-22,2,2020,1,Grain Filling,0.93,6.31,0.83,1,74.0,2.21,31.4,0.356,2020-07-22 02:00:00
2020-07-23,2,2020,1,Grain Filling,0.95,6.56,0.871,1,71.0,2.3,31.5,0.315,2020-07-23 02:00:00
2020-07-24,2,2020,1,Grain Filling,0.89,6.21,0.911,1,73.0,2.17,31.1,0.331,2020-07-24 02:00:00
2020-07-25,2,2020,1,Grain Filling,0.98,6.8,0.901,1,74.0,2.38,32.4,0.323,2020-07-25 02:00:00
2020-07-26,2,2020,1,Grain Filling,0.93,6.25,0.905,1,71.0,2.19,32.4,0.323,2020-07-26 02:00:00
2020-07-27,2,2020,1,Grain Filling,0.95,5.94,0.869,1,73.0,2.08,32.2,0.34,2020-07-27 02:00:00
2020-07-28,2,2020,1,Grain Filling,0.89,6.21,0.905,1,81.0,2.17,31.7,0.31,2020-07-28 02:00:00
2020-07-29,2,2020,1,Grain Filling,0.91,6.55,0.917,1,79.0,2.29,33.3,0.33,2020-07-29 02:00:00
2020-07-30,2,2020,1,Grain Filling,0.99,6.64,0.917,1,74.0,2.32,32.4,0.308,2020-07-30 02:00:00
2020-07-31,2,2020,1,Grain Filling,0.97,6.84,0.837,1,77.0,10.27,30.3,0.328,2020-07-31 02:00:00
2020-08-01,2,2020,1,Grain Filling,0.92,6.31,0.839,1,69.0,2.21,31.9,0.309,2020-08-01 02:00:00
2020-08-02,2,2020,1,Grain Filling,0.95,6.67,0.866,1,75.0,2.33,32.9,0.326,2020-08-02 02:00:00
2020-08-03,2,2020,1,Grain Filling,0.96,6.99,0.895,1,74.0,2.45,34.7,0.319,2020-08-03 02:00:00
2020-08-04,2,2020,1,Grain Filling,0.94,6.2,0.858,1,68.0,6.69,34.2,0.315,2020-08-04 02:00:00
2020-08-05,2,2020,1,Grain Filling,0.96,7.18,0.902,1,71.0,2.51,33.1,0.324,2020-08-05 02:00:00
2020-08-06,2,2020,1,Grain Filling,0.95,6.76,0.917,1,72.0,2.37,31.9,0.301,2020-08-06 02:00:00
2020-08-07,2,2020,1,Grain Filling,0.9,6.39,0.905,1,73.0,2.24,34.0,0.344,2020-08-07 02:00:00
2020-08-08,2,2020,1,Grain Filling,0.99,7.39,0.872,1,76.0,7.79,34.5,0.304,2020-08-08 02:00:00
2020-08-09,2,2020,1,Grain Filling,0.97,7.03,0.9,1,76.0,2.46,29.8,0.314,2020-08-09 02:00:00
2020-08-10,2,2020,1,Grain Filling,1.01,7.16,0.917,1,81.0,2.51,32.4,0.298,2020-08-10 02:00:00
2020-08-11,2,2020,1,Grain Filling,0.96,6.54,0.917,1,72.0,2.29,30.7,0.344,2020-08-11 02:00:00
2020-08-12,2,2020,1,Grain Filling,0.94,6.51,0.917,1,69.0,2.28,31.9,0.326,2020-08-12 02:00:00
2020-08-13,2,2020,1,Grain Filling,0.92,6.57,0.917,1,77.0,2.3,34.1,0.286,2020-08-13 02:00:00
2020-08-14,2,2020,1,Grain Filling,0.93,6.73,0.908,1,82.0,2.36,31.1,0.328,2020-08-14 02:00:00
2020-08-15,2,2020,1,Grain Filling,0.96,6.55,0.917,1,83.0,2.29,32.1,0.328,2020-08-15 02:00:00
2020-08-16,2,2020,1,Grain Filling,0.92,6.86,0.917,1,77.0,2.4,32.0,0.312,2020-08-16 02:00:00
2020-08-17,2,2020,1,Grain Filling,1.0,7.3,0.886,1,70.0,2.55,30.1,0.322,2020-08-17 02:00:00
2020-08-18,2,2020,1,Grain Filling,0.95,6.63,0.908,1,76.0,2.32,32.4,0.277,2020-08-18 02:00:00
2020-08-19,2,2020,1,Grain Filling,0.94,6.85,0.917,1,76.0,2.4,32.4,0.321,2020-08-19 02:00:00
2020-08-20,2,2020,1,Grain Filling,0.98,6.68,0.917,1,76.0,2.34,34.2,0.323,2020-08-20 02:00:00
2020-08-21,2,2020,1,Grain Filling,0.97,7.48,0.917,1,86.0,2.62,35.4,0.329,2020-08-21 02:00:00
2020-08-22,2,2020,1,Grain Filling,0.97,7.04,0.858,1,79.0,6.35,32.7,0.286,2020-08-22 02:00:00
2020-08-23,2,2020,1,Grain Filling,0.99,6.88,0.9,1,73.0,2.41,32.0,0.346,2020-08-23 02:00:00
2020-08-24,2,2020,1,Grain Filling,0.93,7.23,0.917,1,79.0,2.53,31.9,0.308,2020-08-24 02:00:00
2020-08-25,2,2020,1,Grain Filling,0.97,7.01,0.917,1,78.0,2.45,33.9,0.301,2020-08-25 02:00:00
2020-08-26,2,2020,1,Grain Filling,0.92,6.62,0.917,1,74.0,2.32,33.8,0.289,2020-08-26 02:00:00
2020-08-27,2,2020,1,Grain Filling,0.97,6.44,0.917,1,84.0,2.25,32.0,0.339,2020-08-27 02:00:00
2020-08-28,2,2020,1,Grain Filling,0.98,7.52,0.917,1,83.0,2.63,32.0,0.311,2020-08-28 02:00:00
2020-08-29,2,2020,1,Grain Filling,0.98,6.75,0.917,1,79.0,2.36,31.0,0.274,2020-08-29 02:00:00
2020-08-30,2,2020,1,Grain Filling,0.95,6.66,0.917,1,77.0,2.33,31.4,0.289,2020-08-30 02:00:00
2020-08-31,2,2020,1,Grain Filling,0.99,6.73,0.881,1,78.0,2.36,32.0,0.31,2020-08-31 02:00:00
2020-09-01,2,2020,1,Grain Filling,1.02,7.42,0.843,1,76.0,8.0,32.7,0.281,2020-09-01 02:00:00
2020-09-02,2,2020,1,Grain Filling,0.92,7.11,0.887,1,71.0,2.49,34.9,0.297,2020-09-02 02:00:00
2020-09-03,2,2020,1,Grain Filling,0.99,6.82,0.917,1,75.0,2.39,32.5,0.294,2020-09-03 02:00:00
2020-09-04,2,2020,1,Grain Filling,0.96,6.39,0.917,1,83.0,2.24,32.5,0.281,2020-09-04 02:00:00
2020-09-05,2,2020,1,Grain Filling,0.97,6.69,0.917,1,74.0,2.34,32.5,0.324,2020-09-05 02:00:00
2020-09-06,2,2020,1,Grain Filling,1.04,7.6,0.917,1,69.0,2.66,32.0,0.278,2020-09-06 02:00:00
2020-09-07,2,2020,1,Grain Filling,0.98,7.53,0.917,1,78.0,2.64,34.1,0.313,2020-09-07 02:00:00
2020-09-08,2,2020,1,Grain Filling,0.94,6.67,0.917,1,79.0,2.33,34.0,0.322,2020-09-08 02:00:00
2020-09-09,2,2020,1,Grain Filling,1.02,7.11,0.917,1,79.0,2.49,31.7,0.284,2020-09-09 02:00:00
2020-09-10,2,2020,1,Grain Filling,1.03,7.35,0.917,1,74.0,2.57,34.2,0.32,2020-09-10 02:00:00
2020-09-11,2,2020,1,Grain Filling,0.99,7.05,0.917,1,77.0,2.47,30.0,0.31,2020-09-11 02:00:00
2020-09-12,2,2020,1,Grain Filling,1.0,7.6,0.869,1,76.0,2.66,32.3,0.291,2020-09-12 02:00:00
2020-09-13,2,2020,1,Grain Filling,0.99,7.04,0.687,1,74.0,11.47,33.3,0.298,2020-09-13 02:00:00
2020-09-14,2,2020,1,Grain Filling,1.0,7.3,0.73,1,74.0,2.55,32.8,0.286,2020-09-14 02:00:00
2020-09-15,2,2020,1,Grain Filling,1.01,7.23,0.772,1,75.0,2.53,31.3,0.269,2020-09-15 02:00:00
2020-09-16,2,2020,1,Grain Filling,0.99,7.6,0.758,1,76.0,2.66,33.2,0.289,2020-09-16 02:00:00
2020-09-17,2,2020,1,Grain Filling,0.99,7.19,0.764,1,78.0,2.52,32.3,0.298,2020-09-17 02:00:00
2020-09-18,2,2020,1,Grain Filling,0.99,7.6,0.809,1,79.0,2.66,34.0,0.272,2020-09-18 02:00:00
2020-09-19,2,2020,1,Grain Filling,0.98,6.82,0.828,1,77.0,2.39,32.9,0.313,2020-09-19 02:00:00
2020-09-20,2,2020,1,Grain Filling,1.0,7.29,0.859,1,72.0,2.55,31.4,0.301,2020-09-20 02:00:00
2020-09-21,2,2020,1,Grain Filling,1.01,7.93,0.891,1,74.0,2.78,33.5,0.289,2020-09-21 02:00:00
2020-09-22,2,2020,1,Grain Filling,0.99,7.29,0.887,1,79.0,4.58,34.8,0.273,2020-09-22 02:00:00
2020-09-23,2,2020,1,Grain Filling,0.99,7.43,0.86,1,71.0,6.5,31.6,0.296,2020-09-23 02:00:00
2020-09-24,2,2020,1,Grain Filling,1.0,8.11,0.908,1,76.0,2.84,33.7,0.29,2020-09-24 02:00:00
2020-09-25,2,2020,1,Grain Filling,0.98,7.47,0.917,1,79.0,2.61,34.7,0.297,2020-09-25 02:00:00
2020-09-26,2,2020,1,Grain Filling,0.94,6.8,0.903,1,75.0,2.38,33.4,0.317,2020-09-26 02:00:00
2020-09-27,2,2020,1,Grain Filling,1.01,7.38,0.917,1,78.0,2.58,32.0,0.322,2020-09-27 02:00:00
2020-09-28,2,2020,1,Grain Filling,0.95,6.9,0.917,1,74.0,2.42,34.5,0.274,2020-09-28 02:00:00
2020-09-29,2,2020,1,Grain Filling,1.01,7.21,0.822,1,81.0,8.87,34.5,0.247,2020-09-29 02:00:00
2020-09-30,2,2020,1,Grain Filling,1.05,7.36,0.82,1,79.0,2.58,32.3,0.289,2020-09-30 02:00:00
2020-10-01,2,2020,1,Grain Filling,0.99,7.47,0.858,1,76.0,2.61,32.7,0.267,2020-10-01 02:00:00
2020-10-02,2,2020,1,Grain Filling,1.04,7.85,0.903,1,73.0,2.75,33.2,0.288,2020-10-02 02:00:00
2020-10-03,2,2020,1,Grain Filling,1.01,7.57,0.875,1,76.0,2.65,35.1,0.279,2020-10-03 02:00:00
2020-10-04,2,2020,1,Grain Filling,1.06,8.11,0.917,1,85.0,2.84,35.1,0.299,2020-10-04 02:00:00
2020-10-05,2,2020,1,Grain Filling,1.04,7.44,0.907,1,78.0,2.6,35.6,0.293,2020-10-05 02:00:00
2020-10-06,2,2020,1,Grain Filling,1.03,8.24,0.917,1,81.0,2.88,32.6,0.25,2020-10-06 02:00:00
2020-10-07,2,2020,1,Grain Filling,1.05,7.63,0.917,1,82.0,2.67,34.6,0.281,2020-10-07 02:00:00
2020-10-08,2,2020,1,Grain Filling,1.05,8.08,0.917,1,80.0,2.83,34.7,0.292,2020-10-08 02:00:00
2020-10-09,2,2020,1,Grain Filling,0.99,7.38,0.917,1,76.0,2.58,35.5,0.292,2020-10-09 02:00:00
2020-10-10,2,2020,1,Grain Filling,1.09,7.12,0.916,1,71.0,2.49,31.7,0.292,2020-10-10 02:00:00
2020-10-11,2,2020,1,Grain Filling,1.08,8.31,0.901,1,83.0,2.91,33.2,0.214,2020-10-11 02:00:00
2020-10-12,2,2020,1,Grain Filling,1.04,8.06,0.917,1,82.0,2.82,34.8,0.296,2020-10-12 02:00:00
2020-10-13,2,2020,1,Grain Filling,1.07,7.44,0.917,1,86.0,2.6,33.8,0.271,2020-10-13 02:00:00
2020-10-14,2,2020,1,Grain Filling,1.04,7.68,0.917,1,82.0,2.69,33.4,0.29,2020-10-14 02:00:00
2020-10-15,2,2020,1,Grain Filling,1.04,7.75,0.917,1,76.0,2.71,33.7,0.275,2020-10-15 02:00:00
2020-10-16,2,2020,1,Grain Filling,1.02,6.86,0.917,1,85.0,2.4,34.7,0.287,2020-10-16 02:00:00
2020-10-17,2,2020,1,Grain Filling,1.02,7.11,0.9,1,82.0,2.49,32.1,0.295,2020-10-17 02:00:00
2020-10-18,2,2020,1,Grain Filling,1.07,7.29,0.917,1,81.0,2.55,34.7,0.267,2020-10-18 02:00:00
2020-10-19,2,2020,1,Grain Filling,1.07,7.9,0.917,1,75.0,2.76,34.2,0.251,2020-10-19 02:00:00
2020-10-20,2,2020,1,Maturity,1.07,7.48,0.914,1,72.0,2.62,31.1,0.262,2020-10-20 02:00:00
2020-10-21,2,2020,1,Maturity,1.08,7.96,0.917,1,84.0,2.79,31.8,0.284,2020-10-21 02:00:00
2020-10-22,2,2020,1,Maturity,1.02,7.45,0.917,1,72.0,2.61,33.1,0.259,2020-10-22 02:00:00
2020-10-23,2,2020,1,Maturity,1.06,7.92,0.917,1,77.0,2.77,32.7,0.258,2020-10-23 02:00:00
2020-10-24,2,2020,1,Maturity,1.06,7.92,0.818,1,76.0,12.31,34.7,0.259,2020-10-24 02:00:00
2020-10-25,2,2020,1,Maturity,1.03,7.64,0.849,1,80.0,2.67,33.2,0.244,2020-10-25 02:00:00
2020-10-26,2,2020,1,Maturity,1.05,7.67,0.887,1,83.0,2.68,33.9,0.287,2020-10-26 02:00:00
2020-10-27,2,2020,1,Maturity,1.07,8.35,0.917,1,79.0,2.92,33.2,0.306,2020-10-27 02:00:00
2020-10-28,2,2020,1,Maturity,1.09,8.16,0.917,1,77.0,2.86,31.7,0.296,2020-10-28 02:00:00
2020-10-29,2,2020,1,Maturity,1.04,7.79,0.917,1,78.0,2.73,33.3,0.287,2020-10-29 02:00:00
2020-10-30,2,2020,1,Maturity,1.1,7.84,0.917,1,79.0,2.74,34.2,0.292,2020-10-30 02:00:00
2020-10-31,2,2020,1,Maturity,1.02,8.02,0.829,1,82.0,2.81,36.5,0.268,2020-10-31 02:00:00
2020-11-01,2,2020,1,Maturity,1.11,8.46,0.835,1,80.0,2.96,34.2,0.267,2020-11-01 02:00:00
2020-11-02,2,2020,1,Maturity,1.06,8.07,0.805,1,78.0,2.82,35.2,0.254,2020-11-02 02:00:00
2020-11-03,2,2020,1,Maturity,1.13,8.36,0.845,1,86.0,2.93,33.3,0.232,2020-11-03 02:00:00
2020-11-04,2,2020,1,Maturity,1.04,7.69,0.841,1,79.0,2.69,32.5,0.263,2020-11-04 02:00:00
2020-11-05,2,2020,1,Maturity,1.09,7.81,0.879,1,76.0,2.73,31.9,0.254,2020-11-05 02:00:00
2020-11-06,2,2020,1,Maturity,1.06,8.16,0.917,1,83.0,2.86,34.9,0.255,2020-11-06 02:00:00
2020-11-07,2,2020,1,Maturity,1.09,8.07,0.917,1,87.0,2.82,34.1,0.246,2020-11-07 02:00:00
2020-11-08,2,2020,1,Maturity,1.1,8.36,0.917,1,78.0,2.93,35.0,0.245,2020-11-08 02:00:00
2020-11-09,2,2020,1,Maturity,1.08,7.77,0.917,1,77.0,2.72,35.5,0.24,2020-11-09 02:00:00
2020-11-10,2,2020,1,Maturity,1.06,8.1,0.83,1,80.0,11.62,33.2,0.265,2020-11-10 02:00:00
2020-11-11,2,2020,1,Maturity,1.07,8.34,0.861,1,78.0,2.92,34.0,0.259,2020-11-11 02:00:00
2020-11-12,2,2020,1,Maturity,1.05,8.05,0.882,1,87.0,2.82,33.5,0.259,2020-11-12 02:00:00
2020-11-13,2,2020,1,Maturity,1.09,8.03,0.835,1,82.0,7.83,35.7,0.252,2020-11-13 02:00:00
2020-11-14,2,2020,1,Maturity,1.11,8.58,0.875,1,80.0,3.0,37.5,0.26,2020-11-14 02:00:00
2020-11-15,2,2020,1,Maturity,1.16,8.42,0.911,1,82.0,2.95,33.3,0.251,2020-11-15 02:00:00
2020-11-16,2,2020,1,Maturity,1.1,7.91,0.917,1,83.0,2.77,34.0,0.272,2020-11-16 02:00:00
2020-11-17,2,2020,1,Maturity,1.04,7.66,0.917,1,74.0,2.68,31.8,0.273,2020-11-17 02:00:00
2020-11-18,2,2020,1,Maturity,1.08,7.8,0.917,1,79.0,2.73,33.1,0.245,2020-11-18 02:00:00
2020-11-19,2,2020,1,Maturity,1.1,8.45,0.728,1,81.0,11.62,35.1,0.263,2020-11-19 02:00:00
2020-11-20,2,2020,1,Maturity,1.08,8.73,0.759,1,86.0,3.06,33.6,0.269,2020-11-20 02:00:00
2020-11-21,2,2020,1,Maturity,1.08,8.36,0.648,1,83.0,7.66,33.6,0.273,2020-11-21 02:00:00
2020-11-22,2,2020,1,Maturity,1.06,8.1,0.669,1,78.0,2.83,35.0,0.242,2020-11-22 02:00:00
2020-11-23,2,2020,1,Maturity,1.1,8.76,0.716,1,80.0,3.07,34.1,0.245,2020-11-23 02:00:00
2020-11-24,2,2020,1,Maturity,1.07,8.55,0.72,1,82.0,5.61,35.2,0.281,2020-11-24 02:00:00
2020-11-25,2,2020,1,Maturity,1.11,8.49,0.766,1,81.0,2.97,34.2,0.228,2020-11-25 02:00:00
2020-11-26,2,2020,1,Maturity,1.04,7.89,0.802,1,82.0,2.76,33.7,0.274,2020-11-26 02:00:00
2020-11-27,2,2020,1,Maturity,1.14,9.07,0.849,1,85.0,3.17,34.2,0.239,2020-11-27 02:00:00
2020-11-28,2,2020,1,Maturity,1.07,8.16,0.825,1,79.0,2.86,36.4,0.244,2020-11-28 02:00:00
2020-11-29,2,2020,1,Maturity,1.06,8.4,0.87,1,74.0,2.94,33.0,0.235,2020-11-29 02:00:00
2020-11-30,2,2020,1,Maturity,1.04,7.96,0.807,1,76.0,10.08,35.2,0.306,2020-11-30 02:00:00
2020-12-01,2,2020,1,Maturity,1.1,8.59,0.854,1,77.0,3.01,35.1,0.222,2020-12-01 02:00:00
2020-12-02,2,2020,1,Maturity,1.18,8.76,0.869,1,78.0,3.07,33.3,0.239,2020-12-02 02:00:00
2020-12-03,2,2020,1,Maturity,1.1,8.4,0.913,1,82.0,2.94,31.2,0.242,2020-12-03 02:00:00
2020-12-04,2,2020,1,Maturity,1.03,7.66,0.917,1,82.0,2.68,32.6,0.277,2020-12-04 02:00:00
2020-12-05,2,2020,1,Maturity,1.12,7.71,0.917,1,86.0,2.7,32.8,0.254,2020-12-05 02:00:00
2020-12-06,2,2020,1,Maturity,1.13,8.14,0.917,1,87.0,2.85,33.2,0.273,2020-12-06 02:00:00
2020-12-07,2,2020,1,Maturity,1.1,7.72,0.917,1,79.0,2.7,34.4,0.231,2020-12-07 02:00:00
2020-12-08,2,2020,1,Maturity,1.13,8.22,0.917,1,79.0,2.88,33.7,0.268,2020-12-08 02:00:00
2020-12-09,2,2020,1,Maturity,1.15,8.24,0.917,1,76.0,2.88,34.4,0.243,2020-12-09 02:00:00
2020-12-10,2,2020,1,Maturity,1.12,8.89,0.917,1,84.0,3.11,34.8,0.271,2020-12-10 02:00:00
2020-12-11,2,2020,1,Maturity,1.12,8.74,0.911,1,90.0,3.06,34.2,0.24,2020-12-11 02:00:00
2020-12-12,2,2020,1,Maturity,1.15,8.78,0.917,1,83.0,3.07,32.5,0.242,2020-12-12 02:00:00
2020-12-13,2,2020,1,Maturity,1.05,8.29,0.917,1,86.0,2.9,34.5,0.244,2020-12-13 02:00:00
2020-12-14,2,2020,1,Maturity,1.13,7.94,0.917,1,71.0,2.78,33.7,0.24,2020-12-14 02:00:00
2020-12-15,2,2020,1,Maturity,1.16,9.19,0.917,1,77.0,3.22,35.1,0.25,2020-12-15 02:00:00
2020-12-16,2,2020,1,Maturity,1.12,8.58,0.917,1,87.0,3.0,34.5,0.25,2020-12-16 02:00:00
2020-12-17,2,2020,1,Maturity,1.1,8.02,0.917,1,86.0,2.81,30.5,0.239,2020-12-17 02:00:00
2020-12-18,2,2020,1,Maturity,1.08,8.2,0.917,1,88.0,2.87,33.6,0.257,2020-12-18 02:00:00
2020-12-19,2,2020,1,Maturity,1.11,8.95,0.917,1,84.0,3.13,35.4,0.251,2020-12-19 02:00:00
2020-12-20,2,2020,1,Maturity,1.15,9.08,0.916,1,91.0,3.18,36.0,0.244,2020-12-20 02:00:00
2020-12-21,2,2020,1,Maturity,1.12,8.51,0.917,1,86.0,2.98,32.7,0.224,2020-12-21 02:00:00
2020-12-22,2,2020,1,Maturity,1.19,9.62,0.917,1,78.0,3.37,34.4,0.24,2020-12-22 02:00:00
2020-12-23,2,2020,1,Maturity,1.2,8.25,0.917,1,88.0,2.89,36.0,0.251,2020-12-23 02:00:00
2020-12-24,2,2020,1,Maturity,1.14,8.94,0.917,1,82.0,3.13,35.6,0.212,2020-12-24 02:00:00
2020-12-25,2,2020,1,Maturity,1.15,8.93,0.869,1,77.0,9.34,35.3,0.271,2020-12-25 02:00:00
2020-12-26,2,2020,1,Maturity,1.15,8.57,0.907,1,86.0,3.0,33.9,0.198,2020-12-26 02:00:00
2020-12-27,2,2020,1,Maturity,1.17,9.5,0.877,1,85.0,7.11,33.6,0.244,2020-12-27 02:00:00
2020-12-28,2,2020,1,Maturity,1.2,8.67,0.871,1,83.0,6.39,33.9,0.223,2020-12-28 02:00:00
2020-12-29,2,2020,1,Maturity,1.2,9.77,0.914,1,86.0,3.42,35.6,0.226,2020-12-29 02:00:00
2020-12-30,2,2020,1,Maturity,1.18,8.99,0.917,1,81.0,3.15,33.9,0.211,2020-12-30 02:00:00
2020-12-31,2,2020,1,Maturity,1.11,8.24,0.777,1,88.0,11.59,35.2,0.207,2020-12-31 02:00:00
2021-01-01,2,2021,1,Germination,0.68,4.19,0.433,1,53.0,1.47,31.4,0.448,2021-01-01 02:00:00
2021-01-02,2,2021,1,Germination,0.64,4.05,0.467,1,60.0,1.42,31.2,0.464,2021-01-02 02:00:00
2021-01-03,2,2021,1,Germination,0.64,3.67,0.469,1,72.0,1.28,26.3,0.436,2021-01-03 02:00:00
2021-01-04,2,2021,1,Germination,0.63,3.85,0.45,1,62.0,1.35,28.3,0.427,2021-01-04 02:00:00
2021-01-05,2,2021,1,Germination,0.66,4.29,0.381,1,64.0,1.5,30.4,0.461,2021-01-05 02:00:00
2021-01-06,2,2021,1,Germination,0.65,4.21,0.417,1,57.0,1.47,32.5,0.433,2021-01-06 02:00:00
2021-01-07,2,2021,1,Germination,0.64,3.75,0.444,1,58.0,1.31,29.6,0.451,2021-01-07 02:00:00
2021-01-08,2,2021,1,Germination,0.63,4.07,0.457,1,68.0,1.42,28.8,0.452,2021-01-08 02:00:00
2021-01-09,2,2021,1,Germination,0.7,3.92,0.46,1,59.0,1.37,27.7,0.412,2021-01-09 02:00:00
2021-01-10,2,2021,1,Germination,0.6,3.65,0.471,1,58.0,1.28,32.0,0.474,2021-01-10 02:00:00
2021-01-11,2,2021,1,Germination,0.63,3.85,0.504,1,58.0,1.35,30.9,0.433,2021-01-11 02:00:00
2021-01-12,2,2021,1,Germination,0.65,3.78,0.512,1,57.0,1.32,30.8,0.449,2021-01-12 02:00:00
2021-01-13,2,2021,1,Germination,0.68,4.22,0.549,1,52.0,1.48,30.9,0.426,2021-01-13 02:00:00
2021-01-14,2,2021,1,Germination,0.68,4.12,0.497,1,69.0,1.44,30.8,0.466,2021-01-14 02:00:00
2021-01-15,2,2021,1,Germination,0.68,4.17,0.534,1,64.0,1.46,30.3,0.439,2021-01-15 02:00:00
2021-01-16,2,2021,1,Germination,0.67,4.39,0.543,1,69.0,1.54,31.1,0.478,2021-01-16 02:00:00
2021-01-17,2,2021,1,Germination,0.72,4.78,0.555,1,62.0,1.67,31.6,0.48,2021-01-17 02:00:00
2021-01-18,2,2021,1,Germination,0.63,4.04,0.593,1,58.0,1.41,32.1,0.467,2021-01-18 02:00:00
2021-01-19,2,2021,1,Germination,0.66,4.22,0.565,1,67.0,1.48,29.3,0.419,2021-01-19 02:00:00
2021-01-20,2,2021,1,Germination,0.63,3.66,0.597,1,59.0,1.28,29.7,0.443,2021-01-20 02:00:00
2021-01-21,2,2021,1,Germination,0.7,4.74,0.619,1,66.0,1.66,29.6,0.432,2021-01-21 02:00:00
2021-01-22,2,2021,1,Germination,0.63,3.92,0.631,1,61.0,1.37,30.4,0.452,2021-01-22 02:00:00
2021-01-23,2,2021,1,Germination,0.68,4.17,0.658,1,60.0,1.46,30.1,0.447,2021-01-23 02:00:00
2021-01-24,2,2021,1,Germination,0.69,3.91,0.662,1,66.0,1.37,30.8,0.405,2021-01-24 02:00:00
2021-01-25,2,2021,1,Germination,0.72,4.77,0.681,1,64.0,1.67,29.9,0.437,2021-01-25 02:00:00
2021-01-26,2,2021,1,Germination,0.61,3.64,0.69,1,64.0,1.27,28.8,0.442,2021-01-26 02:00:00
2021-01-27,2,2021,1,Germination,0.71,4.32,0.677,1,64.0,4.49,28.2,0.438,2021-01-27 02:00:00
2021-01-28,2,2021,1,Germination,0.66,3.78,0.662,1,69.0,1.32,28.8,0.394,2021-01-28 02:00:00
2021-01-29,2,2021,1,Germination,0.7,4.12,0.694,1,61.0,1.44,28.9,0.419,2021-01-29 02:00:00
2021-01-30,2,2021,1,Germination,0.68,4.38,0.694,1,70.0,1.53,28.6,0.436,2021-01-30 02:00:00
2021-01-31,2,2021,1,Germination,0.67,4.22,0.718,1,70.0,1.48,29.5,0.423,2021-01-31 02:00:00
2021-02-01,2,2021,1,Germination,0.7,4.12,0.722,1,70.0,1.44,30.2,0.446,2021-02-01 02:00:00
2021-02-02,2,2021,1,Germination,0.71,4.38,0.739,1,64.0,1.53,27.5,0.465,2021-02-02 02:00:00
2021-02-03,2,2021,1,Germination,0.68,4.73,0.738,1,65.0,1.66,30.3,0.443,2021-02-03 02:00:00
2021-02-04,2,2021,1,Germination,0.69,4.52,0.772,1,68.0,1.58,29.9,0.407,2021-02-04 02:00:00
2021-02-05,2,2021,1,Germination,0.68,4.48,0.676,1,59.0,9.45,31.4,0.415,2021-02-05 02:00:00
2021-02-06,2,2021,1,Germination,0.71,4.31,0.571,1,60.0,10.74,30.5,0.44,2021-02-06 02:00:00
2021-02-07,2,2021,1,Germination,0.75,4.58,0.569,1,68.0,1.6,30.7,0.44,2021-02-07 02:00:00
2021-02-08,2,2021,1,Germination,0.72,4.53,0.594,1,61.0,1.59,27.3,0.474,2021-02-08 02:00:00
2021-02-09,2,2021,1,Germination,0.73,4.64,0.63,1,60.0,1.62,30.2,0.425,2021-02-09 02:00:00
2021-02-10,2,2021,1,Germination,0.69,4.5,0.644,1,62.0,1.58,32.9,0.405,2021-02-10 02:00:00
2021-02-11,2,2021,1,Germination,0.7,4.16,0.656,1,65.0,1.46,30.5,0.406,2021-02-11 02:00:00
2021-02-12,2,2021,1,Germination,0.7,4.06,0.685,1,66.0,1.42,28.4,0.403,2021-02-12 02:00:00
2021-02-13,2,2021,1,Germination,0.72,4.84,0.68,1,64.0,1.69,29.4,0.453,2021-02-13 02:00:00
2021-02-14,2,2021,1,Germination,0.75,4.49,0.642,1,67.0,1.57,28.4,0.405,2021-02-14 02:00:00
2021-02-15,2,2021,1,Germination,0.72,4.4,0.631,1,59.0,1.54,30.5,0.398,2021-02-15 02:00:00
2021-02-16,2,2021,1,Germination,0.71,4.28,0.667,1,64.0,1.5,29.5,0.422,2021-02-16 02:00:00
2021-02-17,2,2021,1,Germination,0.71,4.46,0.698,1,61.0,1.56,29.1,0.428,2021-02-17 02:00:00
2021-02-18,2,2021,1,Germination,0.68,3.97,0.722,1,70.0,1.39,31.0,0.431,2021-02-18 02:00:00
2021-02-19,2,2021,1,Germination,0.75,5.0,0.693,1,60.0,1.75,31.0,0.439,2021-02-19 02:00:00
2021-02-20,2,2021,1,Germination,0.67,4.58,0.733,1,69.0,1.6,32.1,0.415,2021-02-20 02:00:00
2021-02-21,2,2021,1,Germination,0.7,4.55,0.703,1,66.0,1.59,30.2,0.425,2021-02-21 02:00:00
2021-02-22,2,2021,1,Germination,0.71,4.79,0.705,1,59.0,1.68,32.6,0.404,2021-02-22 02:00:00
2021-02-23,2,2021,1,Germination,0.75,4.53,0.641,1,62.0,1.59,31.7,0.398,2021-02-23 02:00:00
2021-02-24,2,2021,1,Germination,0.74,4.57,0.533,1,67.0,10.46,31.0,0.431,2021-02-24 02:00:00
2021-02-25,2,2021,1,Germination,0.71,4.42,0.547,1,73.0,1.55,27.0,0.398,2021-02-25 02:00:00
2021-02-26,2,2021,1,Germination,0.68,4.62,0.563,1,66.0,1.62,30.3,0.416,2021-02-26 02:00:00
2021-02-27,2,2021,1,Germination,0.76,4.97,0.584,1,70.0,1.74,28.0,0.455,2021-02-27 02:00:00
2021-02-28,2,2021,1,Germination,0.74,4.58,0.61,1,75.0,1.6,28.6,0.389,2021-02-28 02:00:00
2021-03-01,2,2021,1,Germination,0.7,4.28,0.58,1,63.0,1.5,29.7,0.419,2021-03-01 02:00:00
2021-03-02,2,2021,1,Germination,0.7,4.73,0.619,1,68.0,1.66,29.1,0.412,2021-03-02 02:00:00
2021-03-03,2,2021,1,Germination,0.76,5.27,0.657,1,62.0,1.84,34.0,0.435,2021-03-03 02:00:00
2021-03-04,2,2021,1,Germination,0.72,4.39,0.695,1,67.0,1.54,33.2,0.43,2021-03-04 02:00:00
2021-03-05,2,2021,1,Germination,0.78,4.88,0.73,1,73.0,1.71,30.7,0.444,2021-03-05 02:00:00
2021-03-06,2,2021,1,Germination,0.79,4.93,0.767,1,65.0,1.73,29.9,0.429,2021-03-06 02:00:00
2021-03-07,2,2021,1,Germination,0.72,4.74,0.8,1,67.0,1.66,30.4,0.453,2021-03-07 02:00:00
2021-03-08,2,2021,1,Germination,0.75,5.09,0.83,1,69.0,1.78,31.1,0.386,2021-03-08 02:00:00
2021-03-09,2,2021,1,Germination,0.72,4.55,0.868,1,70.0,1.59,30.7,0.413,2021-03-09 02:00:00
2021-03-10,2,2021,1,Germination,0.82,5.52,0.845,1,70.0,1.93,30.2,0.437,2021-03-10 02:00:00
2021-03-11,2,2021,1,Germination,0.74,4.61,0.874,1,67.0,1.61,30.1,0.44,2021-03-11 02:00:00
2021-03-12,2,2021,1,Germination,0.69,4.37,0.877,1,60.0,1.53,32.5,0.429,2021-03-12 02:00:00
2021-03-13,2,2021,1,Germination,0.77,4.6,0.844,1,70.0,5.91,30.7,0.402,2021-03-13 02:00:00
2021-03-14,2,2021,1,Germination,0.72,4.67,0.864,1,61.0,1.63,31.1,0.384,2021-03-14 02:00:00
2021-03-15,2,2021,1,Vegetative,0.75,4.9,0.896,1,70.0,1.72,29.8,0.387,2021-03-15 02:00:00
2021-03-16,2,2021,1,Vegetative,0.7,4.53,0.917,1,75.0,1.59,30.0,0.382,2021-03-16 02:00:00
2021-03-17,2,2021,1,Vegetative,0.77,5.0,0.896,1,65.0,4.98,31.1,0.407,2021-03-17 02:00:00
2021-03-18,2,2021,1,Vegetative,0.68,4.62,0.917,1,72.0,1.62,28.3,0.44,2021-03-18 02:00:00
2021-03-19,2,2021,1,Vegetative,0.76,4.88,0.869,1,63.0,1.71,29.0,0.397,2021-03-19 02:00:00
2021-03-20,2,2021,1,Vegetative,0.75,4.53,0.802,1,60.0,7.9,30.7,0.377,2021-03-20 02:00:00
2021-03-21,2,2021,1,Vegetative,0.75,4.76,0.84,1,63.0,1.67,31.3,0.366,2021-03-21 02:00:00
2021-03-22,2,2021,1,Vegetative,0.77,5.04,0.875,1,65.0,1.76,31.1,0.388,2021-03-22 02:00:00
2021-03-23,2,2021,1,Vegetative,0.79,5.09,0.75,1,68.0,11.64,30.3,0.359,2021-03-23 02:00:00
2021-03-24,2,2021,1,Vegetative,0.72,4.85,0.785,1,66.0,1.7,30.7,0.411,2021-03-24 02:00:00
2021-03-25,2,2021,1,Vegetative,0.81,4.66,0.816,1,66.0,1.63,29.5,0.392,2021-03-25 02:00:00
2021-03-26,2,2021,1,Vegetative,0.69,4.29,0.852,1,63.0,1.5,31.1,0.378,2021-03-26 02:00:00
2021-03-27,2,2021,1,Vegetative,0.83,5.15,0.798,1,67.0,4.52,31.0,0.407,2021-03-27 02:00:00
2021-03-28,2,2021,1,Vegetative,0.79,4.98,0.831,1,67.0,1.74,31.7,0.377,2021-03-28 02:00:00
2021-03-29,2,2021,1,Vegetative,0.75,4.65,0.795,1,70.0,5.34,31.7,0.353,2021-03-29 02:00:00
2021-03-30,2,2021,1,Vegetative,0.81,5.17,0.833,1,68.0,1.81,31.6,0.43,2021-03-30 02:00:00
2021-03-31,2,2021,1,Vegetative,0.77,5.02,0.832,1,67.0,1.76,30.8,0.427,2021-03-31 02:00:00
2021-04-01,2,2021,1,Vegetative,0.65,4.19,0.865,1,71.0,1.47,29.6,0.384,2021-04-01 02:00:00
2021-04-02,2,2021,1,Vegetative,0.8,5.16,0.904,1,67.0,1.81,30.7,0.436,2021-04-02 02:00:00
2021-04-03,2,2021,1,Vegetative,0.77,4.77,0.917,1,65.0,1.67,30.4,0.401,2021-04-03 02:00:00
2021-04-04,2,2021,1,Vegetative,0.85,5.59,0.857,1,60.0,8.63,33.5,0.371,2021-04-04 02:00:00
2021-04-05,2,2021,1,Vegetative,0.8,5.58,0.897,1,64.0,1.95,30.8,0.378,2021-04-05 02:00:00
2021-04-06,2,2021,1,Vegetative,0.79,5.4,0.917,1,67.0,1.89,30.9,0.409,2021-04-06 02:00:00
2021-04-07,2,2021,1,Vegetative,0.8,5.15,0.904,1,65.0,3.87,32.3,0.424,2021-04-07 02:00:00
2021-04-08,2,2021,1,Vegetative,0.79,4.96,0.916,1,71.0,1.74,29.5,0.394,2021-04-08 02:00:00
2021-04-09,2,2021,1,Vegetative,0.75,5.07,0.819,1,78.0,1.77,30.4,0.387,2021-04-09 02:00:00
2021-04-10,2,2021,1,Vegetative,0.8,5.27,0.791,1,66.0,1.84,31.0,0.397,2021-04-10 02:00:00
2021-04-11,2,2021,1,Vegetative,0.81,5.51,0.831,1,65.0,1.93,30.3,0.392,2021-04-11 02:00:00
2021-04-12,2,2021,1,Vegetative,0.8,5.34,0.868,1,64.0,1.87,30.0,0.386,2021-04-12 02:00:00
2021-04-13,2,2021,1,Vegetative,0.79,5.02,0.9,1,68.0,1.76,32.5,0.379,2021-04-13 02:00:00
2021-04-14,2,2021,1,Vegetative,0.78,4.77,0.913,1,69.0,1.67,30.1,0.436,2021-04-14 02:00:00
2021-04-15,2,2021,1,Vegetative,0.81,5.18,0.917,1,60.0,1.81,32.3,0.353,2021-04-15 02:00:00
2021-04-16,2,2021,1,Vegetative,0.74,4.8,0.843,1,76.0,1.68,28.1,0.392,2021-04-16 02:00:00
2021-04-17,2,2021,1,Vegetative,0.79,5.32,0.732,1,71.0,1.86,31.5,0.384,2021-04-17 02:00:00
2021-04-18,2,2021,1,Vegetative,0.86,5.8,0.747,1,67.0,2.03,31.9,0.365,2021-04-18 02:00:00
2021-04-19,2,2021,1,Vegetative,0.8,5.09,0.748,1,74.0,1.78,29.9,0.382,2021-04-19 02:00:00
2021-04-20,2,2021,1,Vegetative,0.81,5.44,0.735,1,72.0,1.9,29.4,0.411,2021-04-20 02:00:00
2021-04-21,2,2021,1,Vegetative,0.8,5.27,0.773,1,69.0,1.84,30.6,0.397,2021-04-21 02:00:00
2021-04-22,2,2021,1,Vegetative,0.84,5.43,0.745,1,69.0,5.73,33.2,0.383,2021-04-22 02:00:00
2021-04-23,2,2021,1,Vegetative,0.83,5.68,0.785,1,72.0,1.99,34.3,0.358,2021-04-23 02:00:00
2021-04-24,2,2021,1,Vegetative,0.86,5.54,0.812,1,77.0,1.94,32.9,0.408,2021-04-24 02:00:00
2021-04-25,2,2021,1,Vegetative,0.79,5.1,0.846,1,72.0,1.78,31.4,0.36,2021-04-25 02:00:00
2021-04-26,2,2021,1,Vegetative,0.83,5.2,0.883,1,76.0,1.82,28.8,0.383,2021-04-26 02:00:00
2021-04-27,2,2021,1,Vegetative,0.85,5.61,0.917,1,66.0,1.96,32.7,0.355,2021-04-27 02:00:00
2021-04-28,2,2021,1,Vegetative,0.81,4.85,0.863,1,66.0,1.7,30.8,0.395,2021-04-28 02:00:00
2021-04-29,2,2021,1,Vegetative,0.79,5.12,0.902,1,69.0,1.79,31.4,0.414,2021-04-29 02:00:00
2021-04-30,2,2021,1,Vegetative,0.8,5.25,0.917,1,73.0,1.84,30.6,0.37,2021-04-30 02:00:00
2021-05-01,2,2021,1,Vegetative,0.81,5.47,0.917,1,68.0,1.91,33.1,0.384,2021-05-01 02:00:00
2021-05-02,2,2021,1,Flowering,0.81,5.38,0.917,1,67.0,1.88,30.4,0.366,2021-05-02 02:00:00
2021-05-03,2,2021,1,Flowering,0.84,5.81,0.917,1,70.0,2.03,29.8,0.395,2021-05-03 02:00:00
2021-05-04,2,2021,1,Flowering,0.79,5.37,0.917,1,70.0,1.88,31.3,0.378,2021-05-04 02:00:00
2021-05-05,2,2021,1,Flowering,0.85,5.52,0.917,1,65.0,1.93,30.4,0.356,2021-05-05 02:00:00
2021-05-06,2,2021,1,Flowering,0.84,5.5,0.894,1,69.0,4.08,30.1,0.348,2021-05-06 02:00:00
2021-05-07,2,2021,1,Flowering,0.85,5.45,0.917,1,72.0,1.91,30.9,0.351,2021-05-07 02:00:00
2021-05-08,2,2021,1,Flowering,0.86,5.89,0.917,1,66.0,2.06,30.4,0.374,2021-05-08 02:00:00
2021-05-09,2,2021,1,Flowering,0.81,5.5,0.906,1,72.0,1.92,30.7,0.38,2021-05-09 02:00:00
2021-05-10,2,2021,1,Flowering,0.88,5.63,0.917,1,70.0,1.97,31.4,0.372,2021-05-10 02:00:00
2021-05-11,2,2021,1,Flowering,0.81,5.34,0.917,1,62.0,1.87,35.2,0.392,2021-05-11 02:00:00
2021-05-12,2,2021,1,Flowering,0.82,5.3,0.917,1,67.0,1.85,30.1,0.384,2021-05-12 02:00:00
2021-05-13,2,2021,1,Flowering,0.87,5.6,0.863,1,69.0,1.96,30.8,0.368,2021-05-13 02:00:00
2021-05-14,2,2021,1,Flowering,0.83,5.5,0.854,1,71.0,1.92,28.9,0.361,2021-05-14 02:00:00
2021-05-15,2,2021,1,Flowering,0.79,5.45,0.88,1,77.0,1.91,32.3,0.367,2021-05-15 02:00:00
2021-05-16,2,2021,1,Flowering,0.84,5.47,0.907,1,65.0,1.91,29.2,0.336,2021-05-16 02:00:00
2021-05-17,2,2021,1,Flowering,0.83,5.34,0.917,1,66.0,1.87,32.7,0.398,2021-05-17 02:00:00
2021-05-18,2,2021,1,Flowering,0.85,5.56,0.917,1,75.0,1.95,31.2,0.378,2021-05-18 02:00:00
2021-05-19,2,2021,1,Flowering,0.82,5.69,0.917,1,71.0,1.99,32.5,0.377,2021-05-19 02:00:00
2021-05-20,2,2021,1,Flowering,0.85,5.86,0.874,1,70.0,2.05,31.2,0.404,2021-05-20 02:00:00
2021-05-21,2,2021,1,Flowering,0.88,5.88,0.908,1,69.0,2.06,30.4,0.37,2021-05-21 02:00:00
2021-05-22,2,2021,1,Flowering,0.8,5.07,0.734,1,66.0,10.75,31.3,0.362,2021-05-22 02:00:00
2021-05-23,2,2021,1,Flowering,0.85,5.87,0.597,1,71.0,9.33,31.2,0.381,2021-05-23 02:00:00
2021-05-24,2,2021,1,Flowering,0.79,5.28,0.612,1,66.0,1.85,31.6,0.36,2021-05-24 02:00:00
2021-05-25,2,2021,1,Flowering,0.87,6.03,0.654,1,79.0,2.11,34.1,0.358,2021-05-25 02:00:00
2021-05-26,2,2021,1,Flowering,0.88,6.48,0.658,1,72.0,2.27,34.3,0.366,2021-05-26 02:00:00
2021-05-27,2,2021,1,Flowering,0.88,5.48,0.689,1,69.0,1.92,29.5,0.357,2021-05-27 02:00:00
2021-05-28,2,2021,1,Flowering,0.87,6.44,0.733,1,68.0,2.25,31.5,0.324,2021-05-28 02:00:00
2021-05-29,2,2021,1,Flowering,0.85,5.88,0.753,1,65.0,2.06,32.7,0.356,2021-05-29 02:00:00
2021-05-30,2,2021,1,Flowering,0.89,5.51,0.791,1,68.0,1.93,30.0,0.346,2021-05-30 02:00:00
2021-05-31,2,2021,1,Flowering,0.89,5.84,0.796,1,77.0,2.04,30.8,0.376,2021-05-31 02:00:00
2021-06-01,2,2021,1,Flowering,0.82,5.69,0.836,1,71.0,1.99,33.8,0.377,2021-06-01 02:00:00
2021-06-02,2,2021,1,Flowering,0.79,5.41,0.841,1,67.0,1.89,33.3,0.378,2021-06-02 02:00:00
2021-06-03,2,2021,1,Flowering,0.88,5.64,0.879,1,72.0,1.97,31.9,0.375,2021-06-03 02:00:00
2021-06-04,2,2021,1,Flowering,0.82,5.46,0.882,1,76.0,1.91,31.7,0.353,2021-06-04 02:00:00
2021-06-05,2,2021,1,Flowering,0.86,5.61,0.839,1,76.0,1.96,30.8,0.382,2021-06-05 02:00:00
2021-06-06,2,2021,1,Flowering,0.85,5.78,0.853,1,72.0,2.02,29.3,0.333,2021-06-06 02:00:00
2021-06-07,2,2021,1,Flowering,0.88,5.76,0.803,1,68.0,2.02,29.9,0.364,2021-06-07 02:00:00
2021-06-08,2,2021,1,Flowering,0.9,6.03,0.803,1,69.0,2.11,31.9,0.383,2021-06-08 02:00:00
2021-06-09,2,2021,1,Flowering,0.91,5.88,0.818,1,69.0,2.06,32.9,0.319,2021-06-09 02:00:00
2021-06-10,2,2021,1,Flowering,0.89,6.25,0.846,1,66.0,2.19,32.1,0.347,2021-06-10 02:00:00
2021-06-11,2,2021,1,Flowering,0.86,5.72,0.743,1,69.0,9.76,32.2,0.343,2021-06-11 02:00:00
2021-06-12,2,2021,1,Flowering,0.83,5.99,0.784,1,65.0,2.1,31.9,0.358,2021-06-12 02:00:00
2021-06-13,2,2021,1,Flowering,0.88,6.37,0.754,1,61.0,6.33,33.5,0.348,2021-06-13 02:00:00
2021-06-14,2,2021,1,Flowering,0.87,5.82,0.794,1,70.0,2.04,31.9,0.36,2021-06-14 02:00:00
2021-06-15,2,2021,1,Flowering,0.91,6.28,0.816,1,74.0,2.2,30.9,0.393,2021-06-15 02:00:00
2021-06-16,2,2021,1,Flowering,0.92,6.25,0.84,1,71.0,2.19,31.7,0.344,2021-06-16 02:00:00
2021-06-17,2,2021,1,Flowering,0.88,5.93,0.879,1,73.0,2.08,31.7,0.323,2021-06-17 02:00:00
2021-06-18,2,2021,1,Flowering,0.94,6.38,0.912,1,78.0,2.23,32.1,0.356,2021-06-18 02:00:00
2021-06-19,2,2021,1,Flowering,0.88,5.95,0.917,1,68.0,2.08,32.9,0.354,2021-06-19 02:00:00
2021-06-20,2,2021,1,Flowering,0.85,5.6,0.917,1,73.0,1.96,32.9,0.319,2021-06-20 02:00:00
2021-06-21,2,2021,1,Flowering,0.89,5.98,0.917,1,74.0,2.09,31.3,0.341,2021-06-21 02:00:00
2021-06-22,2,2021,1,Flowering,0.9,6.26,0.917,1,73.0,2.19,31.3,0.343,2021-06-22 02:00:00
2021-06-23,2,2021,1,Flowering,0.9,6.0,0.917,1,69.0,2.1,32.5,0.344,2021-06-23 02:00:00
2021-06-24,2,2021,1,Flowering,0.87,5.71,0.917,1,70.0,2.0,30.9,0.355,2021-06-24 02:00:00
2021-06-25,2,2021,1,Flowering,0.9,6.12,0.917,1,67.0,2.14,31.4,0.377,2021-06-25 02:00:00
2021-06-26,2,2021,1,Flowering,0.87,6.12,0.917,1,75.0,2.14,32.1,0.34,2021-06-26 02:00:00
2021-06-27,2,2021,1,Flowering,0.89,6.61,0.917,1,73.0,2.31,32.5,0.326,2021-06-27 02:00:00
2021-06-28,2,2021,1,Flowering,0.95,6.35,0.82,1,83.0,10.7,31.3,0.344,2021-06-28 02:00:00
2021-06-29,2,2021,1,Flowering,0.93,5.74,0.808,1,79.0,2.01,30.4,0.317,2021-06-29 02:00:00
2021-06-30,2,2021,1,Flowering,0.86,5.94,0.818,1,76.0,2.08,32.2,0.368,2021-06-30 02:00:00
2021-07-01,2,2021,1,Flowering,0.91,6.01,0.815,1,73.0,2.1,31.3,0.353,2021-07-01 02:00:00
2021-07-02,2,2021,1,Grain Filling,0.88,6.02,0.846,1,75.0,2.11,33.2,0.327,2021-07-02 02:00:00
2021-07-03,2,2021,1,Grain Filling,0.91,6.57,0.884,1,82.0,2.3,30.4,0.362,2021-07-03 02:00:00
2021-07-04,2,2021,1,Grain Filling,0.94,6.46,0.915,1,74.0,2.26,32.1,0.334,2021-07-04 02:00:00
2021-07-05,2,2021,1,Grain Filling,0.92,6.49,0.917,1,67.0,2.27,32.8,0.356,2021-07-05 02:00:00
2021-07-06,2,2021,1,Grain Filling,0.94,5.97,0.835,1,73.0,9.85,31.4,0.334,2021-07-06 02:00:00
2021-07-07,2,2021,1,Grain Filling,0.9,6.39,0.779,1,77.0,5.15,31.9,0.289,2021-07-07 02:00:00
2021-07-08,2,2021,1,Grain Filling,0.91,6.37,0.821,1,79.0,2.23,33.0,0.324,2021-07-08 02:00:00
2021-07-09,2,2021,1,Grain Filling,0.9,6.31,0.719,1,73.0,2.21,29.3,0.36,2021-07-09 02:00:00
2021-07-10,2,2021,1,Grain Filling,0.9,6.04,0.701,1,74.0,6.05,32.6,0.369,2021-07-10 02:00:00
2021-07-11,2,2021,1,Grain Filling,0.92,6.41,0.742,1,78.0,2.24,32.1,0.284,2021-07-11 02:00:00
2021-07-12,2,2021,1,Grain Filling,0.9,6.31,0.783,1,76.0,2.21,31.4,0.348,2021-07-12 02:00:00
2021-07-13,2,2021,1,Grain Filling,0.86,6.24,0.73,1,65.0,8.57,31.8,0.328,2021-07-13 02:00:00
2021-07-14,2,2021,1,Grain Filling,0.95,6.59,0.754,1,68.0,2.31,32.5,0.302,2021-07-14 02:00:00
2021-07-15,2,2021,1,Grain Filling,0.95,6.34,0.795,1,80.0,2.22,33.0,0.313,2021-07-15 02:00:00
2021-07-16,2,2021,1,Grain Filling,0.9,5.6,0.826,1,69.0,1.96,30.5,0.34,2021-07-16 02:00:00
2021-07-17,2,2021,1,Grain Filling,0.96,6.75,0.869,1,70.0,2.36,34.0,0.302,2021-07-17 02:00:00
2021-07-18,2,2021,1,Grain Filling,0.89,6.19,0.889,1,74.0,2.17,31.5,0.329,2021-07-18 02:00:00
2021-07-19,2,2021,1,Grain Filling,0.91,6.1,0.917,1,73.0,2.13,33.3,0.312,2021-07-19 02:00:00
2021-07-20,2,2021,1,Grain Filling,0.98,6.71,0.917,1,74.0,2.35,33.1,0.315,2021-07-20 02:00:00
2021-07-21,2,2021,1,Grain Filling,0.97,6.47,0.917,1,79.0,2.26,31.2,0.322,2021-07-21 02:00:00
2021-07-22,2,2021,1,Grain Filling,0.95,5.93,0.917,1,72.0,2.08,32.5,0.326,2021-07-22 02:00:00
2021-07-23,2,2021,1,Grain Filling,0.88,6.37,0.917,1,76.0,2.23,33.3,0.344,2021-07-23 02:00:00
2021-07-24,2,2021,1,Grain Filling,0.88,5.97,0.917,1,77.0,2.09,30.8,0.352,2021-07-24 02:00:00
2021-07-25,2,2021,1,Grain Filling,0.97,6.78,0.903,1,80.0,5.44,33.4,0.333,2021-07-25 02:00:00
2021-07-26,2,2021,1,Grain Filling,0.94,6.64,0.908,1,71.0,2.32,32.0,0.329,2021-07-26 02:00:00
2021-07-27,2,2021,1,Grain Filling,0.99,6.91,0.898,1,69.0,2.42,33.7,0.322,2021-07-27 02:00:00
2021-07-28,2,2021,1,Grain Filling,0.9,6.05,0.917,1,70.0,2.12,33.9,0.324,2021-07-28 02:00:00
2021-07-29,2,2021,1,Grain Filling,0.87,5.61,0.917,1,77.0,1.96,31.9,0.337,2021-07-29 02:00:00
2021-07-30,2,2021,1,Grain Filling,0.98,7.07,0.917,1,78.0,2.47,32.3,0.352,2021-07-30 02:00:00
2021-07-31,2,2021,1,Grain Filling,0.88,6.03,0.909,1,69.0,2.11,31.7,0.297,2021-07-31 02:00:00
2021-08-01,2,2021,1,Grain Filling,0.9,6.37,0.888,1,82.0,6.1,30.7,0.293,2021-08-01 02:00:00
2021-08-02,2,2021,1,Grain Filling,0.94,6.57,0.847,1,76.0,2.3,32.0,0.366,2021-08-02 02:00:00
2021-08-03,2,2021,1,Grain Filling,0.92,6.38,0.674,1,80.0,9.43,33.1,0.313,2021-08-03 02:00:00
2021-08-04,2,2021,1,Grain Filling,0.96,6.81,0.67,1,78.0,2.38,32.5,0.301,2021-08-04 02:00:00
2021-08-05,2,2021,1,Grain Filling,0.93,6.47,0.712,1,70.0,2.26,33.1,0.304,2021-08-05 02:00:00
2021-08-06,2,2021,1,Grain Filling,0.91,7.09,0.758,1,75.0,2.48,34.5,0.333,2021-08-06 02:00:00
2021-08-07,2,2021,1,Grain Filling,0.95,6.16,0.666,1,71.0,10.73,31.6,0.318,2021-08-07 02:00:00
2021-08-08,2,2021,1,Grain Filling,0.94,6.33,0.688,1,79.0,2.22,31.1,0.289,2021-08-08 02:00:00
2021-08-09,2,2021,1,Grain Filling,0.96,6.42,0.674,1,72.0,2.25,33.3,0.337,2021-08-09 02:00:00
2021-08-10,2,2021,1,Grain Filling,0.99,7.2,0.709,1,83.0,2.52,32.5,0.297,2021-08-10 02:00:00
2021-08-11,2,2021,1,Grain Filling,0.93,6.71,0.747,1,74.0,2.35,32.8,0.296,2021-08-11 02:00:00
2021-08-12,2,2021,1,Grain Filling,0.93,6.49,0.708,1,79.0,7.72,34.1,0.284,2021-08-12 02:00:00
2021-08-13,2,2021,1,Grain Filling,0.94,6.49,0.745,1,80.0,2.27,32.1,0.31,2021-08-13 02:00:00
2021-08-14,2,2021,1,Grain Filling,0.95,6.18,0.784,1,83.0,2.16,31.2,0.316,2021-08-14 02:00:00
2021-08-15,2,2021,1,Grain Filling,0.95,6.63,0.824,1,79.0,2.32,32.7,0.319,2021-08-15 02:00:00
2021-08-16,2,2021,1,Grain Filling,0.94,6.84,0.862,1,79.0,2.39,31.4,0.295,2021-08-16 02:00:00
2021-08-17,2,2021,1,Grain Filling,0.94,6.51,0.9,1,78.0,2.28,34.5,0.311,2021-08-17 02:00:00
2021-08-18,2,2021,1,Grain Filling,0.98,7.08,0.917,1,74.0,2.48,33.1,0.323,2021-08-18 02:00:00
2021-08-19,2,2021,1,Grain Filling,0.95,6.49,0.911,1,78.0,2.27,32.3,0.308,2021-08-19 02:00:00
2021-08-20,2,2021,1,Grain Filling,0.94,7.02,0.917,1,78.0,2.46,32.8,0.333,2021-08-20 02:00:00
2021-08-21,2,2021,1,Grain Filling,0.99,7.04,0.917,1,80.0,2.46,34.5,0.315,2021-08-21 02:00:00
2021-08-22,2,2021,1,Grain Filling,1.03,7.15,0.851,1,81.0,2.5,34.6,0.312,2021-08-22 02:00:00
2021-08-23,2,2021,1,Grain Filling,0.93,6.21,0.887,1,75.0,2.17,31.9,0.304,2021-08-23 02:00:00
2021-08-24,2,2021,1,Grain Filling,0.95,6.7,0.917,1,77.0,2.34,34.6,0.325,2021-08-24 02:00:00
2021-08-25,2,2021,1,Grain Filling,0.95,6.87,0.917,1,72.0,2.4,32.3,0.268,2021-08-25 02:00:00
2021-08-26,2,2021,1,Grain Filling,0.93,6.84,0.818,1,85.0,11.84,33.8,0.324,2021-08-26 02:00:00
2021-08-27,2,2021,1,Grain Filling,1.01,7.93,0.863,1,75.0,2.78,32.2,0.338,2021-08-27 02:00:00
2021-08-28,2,2021,1,Grain Filling,0.99,7.03,0.906,1,68.0,2.46,34.9,0.317,2021-08-28 02:00:00
2021-08-29,2,2021,1,Grain Filling,1.0,7.22,0.917,1,79.0,2.53,33.4,0.332,2021-08-29 02:00:00
2021-08-30,2,2021,1,Grain Filling,1.0,7.9,0.877,1,78.0,2.76,33.5,0.332,2021-08-30 02:00:00
2021-08-31,2,2021,1,Grain Filling,0.97,7.45,0.917,1,86.0,2.61,32.9,0.295,2021-08-31 02:00:00
2021-09-01,2,2021,1,Grain Filling,1.02,7.08,0.917,1,74.0,2.48,35.5,0.295,2021-09-01 02:00:00
2021-09-02,2,2021,1,Grain Filling,0.98,7.18,0.917,1,79.0,2.51,32.2,0.339,2021-09-02 02:00:00
2021-09-03,2,2021,1,Grain Filling,1.0,7.31,0.889,1,67.0,2.56,34.8,0.285,2021-09-03 02:00:00
2021-09-04,2,2021,1,Grain Filling,0.97,7.34,0.917,1,81.0,2.57,32.4,0.265,2021-09-04 02:00:00
2021-09-05,2,2021,1,Grain Filling,0.97,6.53,0.917,1,75.0,2.29,31.5,0.286,2021-09-05 02:00:00
2021-09-06,2,2021,1,Grain Filling,1.01,7.15,0.836,1,80.0,10.1,31.2,0.316,2021-09-06 02:00:00
2021-09-07,2,2021,1,Grain Filling,1.05,8.09,0.874,1,75.0,2.83,30.7,0.314,2021-09-07 02:00:00
2021-09-08,2,2021,1,Grain Filling,0.99,7.0,0.886,1,73.0,2.45,33.7,0.289,2021-09-08 02:00:00
2021-09-09,2,2021,1,Grain Filling,0.93,6.85,0.917,1,80.0,2.4,33.9,0.322,2021-09-09 02:00:00
2021-09-10,2,2021,1,Grain Filling,1.02,7.46,0.896,1,72.0,2.61,30.9,0.306,2021-09-10 02:00:00
2021-09-11,2,2021,1,Grain Filling,1.0,7.41,0.917,1,80.0,2.59,33.4,0.304,2021-09-11 02:00:00
2021-09-12,2,2021,1,Grain Filling,1.0,7.35,0.902,1,76.0,5.01,32.4,0.291,2021-09-12 02:00:00
2021-09-13,2,2021,1,Grain Filling,1.03,8.19,0.917,1,71.0,2.87,31.8,0.265,2021-09-13 02:00:00
2021-09-14,2,2021,1,Grain Filling,0.96,7.15,0.917,1,78.0,2.5,33.7,0.292,2021-09-14 02:00:00
2021-09-15,2,2021,1,Grain Filling,0.99,7.3,0.917,1,81.0,2.55,34.6,0.317,2021-09-15 02:00:00
2021-09-16,2,2021,1,Grain Filling,1.03,6.96,0.888,1,76.0,2.44,32.2,0.288,2021-09-16 02:00:00
2021-09-17,2,2021,1,Grain Filling,0.98,6.94,0.912,1,78.0,2.43,32.1,0.308,2021-09-17 02:00:00
2021-09-18,2,2021,1,Grain Filling,0.97,6.98,0.904,1,77.0,2.44,32.5,0.32,2021-09-18 02:00:00
2021-09-19,2,2021,1,Grain Filling,0.99,7.52,0.917,1,81.0,2.63,33.5,0.285,2021-09-19 02:00:00
2021-09-20,2,2021,1,Grain Filling,1.06,7.97,0.917,1,70.0,2.79,33.5,0.295,2021-09-20 02:00:00
2021-09-21,2,2021,1,Grain Filling,0.98,7.01,0.917,1,74.0,2.45,31.9,0.291,2021-09-21 02:00:00
2021-09-22,2,2021,1,Grain Filling,1.04,7.26,0.917,1,77.0,2.54,31.0,0.29,2021-09-22 02:00:00
2021-09-23,2,2021,1,Grain Filling,1.05,7.77,0.917,1,77.0,2.72,32.7,0.312,2021-09-23 02:00:00
2021-09-24,2,2021,1,Grain Filling,1.02,7.56,0.885,1,77.0,2.65,32.5,0.295,2021-09-24 02:00:00
2021-09-25,2,2021,1,Grain Filling,0.98,6.89,0.917,1,79.0,2.41,34.5,0.292,2021-09-25 02:00:00
2021-09-26,2,2021,1,Grain Filling,1.04,7.37,0.917,1,67.0,2.58,31.5,0.314,2021-09-26 02:00:00
2021-09-27,2,2021,1,Grain Filling,0.98,7.47,0.917,1,84.0,2.61,34.0,0.303,2021-09-27 02:00:00
2021-09-28,2,2021,1,Grain Filling,1.03,7.46,0.814,1,75.0,10.3,30.6,0.294,2021-09-28 02:00:00
2021-09-29,2,2021,1,Grain Filling,1.03,7.38,0.857,1,72.0,2.58,33.1,0.31,2021-09-29 02:00:00
2021-09-30,2,2021,1,Grain Filling,1.04,7.45,0.899,1,81.0,2.61,33.8,0.342,2021-09-30 02:00:00
2021-10-01,2,2021,1,Grain Filling,1.04,7.37,0.917,1,79.0,2.58,35.4,0.278,2021-10-01 02:00:00
2021-10-02,2,2021,1,Grain Filling,1.02,7.53,0.903,1,88.0,2.64,34.8,0.297,2021-10-02 02:00:00
2021-10-03,2,2021,1,Grain Filling,1.04,7.9,0.917,1,78.0,2.76,36.6,0.259,2021-10-03 02:00:00
2021-10-04,2,2021,1,Grain Filling,1.02,7.39,0.917,1,82.0,2.59,34.4,0.26,2021-10-04 02:00:00
2021-10-05,2,2021,1,Grain Filling,1.0,7.46,0.917,1,82.0,2.61,30.1,0.277,2021-10-05 02:00:00
2021-10-06,2,2021,1,Grain Filling,0.97,7.9,0.917,1,80.0,2.76,34.6,0.242,2021-10-06 02:00:00
2021-10-07,2,2021,1,Grain Filling,1.02,7.99,0.917,1,81.0,2.8,31.1,0.25,2021-10-07 02:00:00
2021-10-08,2,2021,1,Grain Filling,1.01,7.09,0.897,1,77.0,6.51,29.6,0.256,2021-10-08 02:00:00
2021-10-09,2,2021,1,Grain Filling,0.99,6.92,0.845,1,76.0,2.42,32.1,0.275,2021-10-09 02:00:00
2021-10-10,2,2021,1,Grain Filling,1.05,7.66,0.88,1,75.0,2.68,33.9,0.262,2021-10-10 02:00:00
2021-10-11,2,2021,1,Grain Filling,0.97,7.17,0.917,1,84.0,2.51,34.1,0.265,2021-10-11 02:00:00
2021-10-12,2,2021,1,Grain Filling,0.99,7.21,0.917,1,83.0,2.52,33.9,0.252,2021-10-12 02:00:00
2021-10-13,2,2021,1,Grain Filling,1.05,7.71,0.917,1,72.0,2.7,35.8,0.266,2021-10-13 02:00:00
2021-10-14,2,2021,1,Grain Filling,1.04,7.19,0.917,1,77.0,2.52,35.0,0.314,2021-10-14 02:00:00
2021-10-15,2,2021,1,Grain Filling,1.04,7.03,0.917,1,83.0,2.46,33.0,0.249,2021-10-15 02:00:00
2021-10-16,2,2021,1,Grain Filling,1.08,8.38,0.917,1,76.0,2.93,33.9,0.316,2021-10-16 02:00:00
2021-10-17,2,2021,1,Grain Filling,1.07,7.78,0.917,1,76.0,2.72,35.3,0.285,2021-10-17 02:00:00
2021-10-18,2,2021,1,Grain Filling,1.03,7.13,0.917,1,81.0,2.5,34.8,0.273,2021-10-18 02:00:00
2021-10-19,2,2021,1,Grain Filling,1.0,7.53,0.917,1,81.0,2.64,33.0,0.297,2021-10-19 02:00:00
2021-10-20,2,2021,1,Maturity,1.05,8.2,0.901,1,79.0,2.87,33.3,0.261,2021-10-20 02:00:00
2021-10-21,2,2021,1,Maturity,1.09,8.0,0.917,1,82.0,2.8,32.5,0.285,2021-10-21 02:00:00
2021-10-22,2,2021,1,Maturity,1.04,7.44,0.917,1,88.0,2.6,32.7,0.279,2021-10-22 02:00:00
2021-10-23,2,2021,1,Maturity,1.06,8.48,0.917,1,76.0,2.97,33.8,0.295,2021-10-23 02:00:00
2021-10-24,2,2021,1,Maturity,1.09,8.36,0.917,1,76.0,2.93,32.4,0.277,2021-10-24 02:00:00
2021-10-25,2,2021,1,Maturity,1.05,7.56,0.917,1,73.0,2.65,35.7,0.294,2021-10-25 02:00:00
2021-10-26,2,2021,1,Maturity,1.06,8.5,0.917,1,74.0,2.97,32.9,0.298,2021-10-26 02:00:00
2021-10-27,2,2021,1,Maturity,1.04,7.71,0.917,1,75.0,2.7,34.2,0.257,2021-10-27 02:00:00
2021-10-28,2,2021,1,Maturity,1.08,7.86,0.902,1,75.0,2.75,31.2,0.286,2021-10-28 02:00:00
2021-10-29,2,2021,1,Maturity,1.08,8.47,0.917,1,80.0,2.96,34.1,0.289,2021-10-29 02:00:00
2021-10-30,2,2021,1,Maturity,1.08,8.09,0.85,1,75.0,2.83,32.9,0.242,2021-10-30 02:00:00
2021-10-31,2,2021,1,Maturity,1.06,8.16,0.864,1,92.0,2.86,34.4,0.26,2021-10-31 02:00:00
2021-11-01,2,2021,1,Maturity,1.06,7.69,0.907,1,82.0,2.69,32.7,0.264,2021-11-01 02:00:00
2021-11-02,2,2021,1,Maturity,0.99,6.78,0.917,1,80.0,2.37,33.6,0.28,2021-11-02 02:00:00
2021-11-03,2,2021,1,Maturity,1.04,7.59,0.833,1,74.0,6.85,30.5,0.244,2021-11-03 02:00:00
2021-11-04,2,2021,1,Maturity,1.12,8.25,0.848,1,81.0,2.89,35.1,0.269,2021-11-04 02:00:00
2021-11-05,2,2021,1,Maturity,1.03,7.49,0.891,1,76.0,2.62,32.7,0.235,2021-11-05 02:00:00
2021-11-06,2,2021,1,Maturity,1.09,8.56,0.894,1,77.0,3.0,35.4,0.289,2021-11-06 02:00:00
2021-11-07,2,2021,1,Maturity,1.11,8.68,0.827,1,81.0,3.04,34.1,0.238,2021-11-07 02:00:00
2021-11-08,2,2021,1,Maturity,1.12,7.92,0.868,1,84.0,2.77,32.9,0.238,2021-11-08 02:00:00
2021-11-09,2,2021,1,Maturity,1.06,8.31,0.904,1,88.0,2.91,35.5,0.231,2021-11-09 02:00:00
2021-11-10,2,2021,1,Maturity,1.1,8.4,0.904,1,80.0,2.94,35.9,0.271,2021-11-10 02:00:00
2021-11-11,2,2021,1,Maturity,1.07,8.3,0.787,1,86.0,2.9,35.8,0.289,2021-11-11 02:00:00
2021-11-12,2,2021,1,Maturity,1.1,7.98,0.815,1,89.0,2.79,34.2,0.273,2021-11-12 02:00:00
2021-11-13,2,2021,1,Maturity,1.11,8.16,0.858,1,82.0,2.86,36.0,0.259,2021-11-13 02:00:00
2021-11-14,2,2021,1,Maturity,1.07,8.04,0.887,1,79.0,2.81,32.4,0.238,2021-11-14 02:00:00
2021-11-15,2,2021,1,Maturity,1.11,7.59,0.916,1,86.0,2.66,36.1,0.284,2021-11-15 02:00:00
2021-11-16,2,2021,1,Maturity,1.06,8.13,0.91,1,84.0,2.85,34.0,0.3,2021-11-16 02:00:00
2021-11-17,2,2021,1,Maturity,1.12,8.3,0.917,1,73.0,2.9,32.5,0.263,2021-11-17 02:00:00
2021-11-18,2,2021,1,Maturity,1.06,8.04,0.917,1,80.0,2.81,33.2,0.206,2021-11-18 02:00:00
2021-11-19,2,2021,1,Maturity,1.08,8.6,0.917,1,75.0,3.01,35.1,0.255,2021-11-19 02:00:00
2021-11-20,2,2021,1,Maturity,1.12,7.93,0.882,1,90.0,7.42,31.0,0.269,2021-11-20 02:00:00
2021-11-21,2,2021,1,Maturity,1.15,8.38,0.917,1,83.0,2.93,32.2,0.246,2021-11-21 02:00:00
2021-11-22,2,2021,1,Maturity,1.14,9.35,0.917,1,78.0,3.27,33.6,0.237,2021-11-22 02:00:00
2021-11-23,2,2021,1,Maturity,1.09,8.33,0.917,1,75.0,2.92,35.1,0.258,2021-11-23 02:00:00
2021-11-24,2,2021,1,Maturity,1.07,8.11,0.882,1,83.0,7.1,34.1,0.264,2021-11-24 02:00:00
2021-11-25,2,2021,1,Maturity,1.12,8.26,0.917,1,81.0,2.89,34.8,0.229,2021-11-25 02:00:00
2021-11-26,2,2021,1,Maturity,1.09,8.21,0.917,1,84.0,2.87,34.6,0.245,2021-11-26 02:00:00
2021-11-27,2,2021,1,Maturity,1.13,8.47,0.917,1,88.0,2.96,35.6,0.263,2021-11-27 02:00:00
2021-11-28,2,2021,1,Maturity,1.2,8.63,0.917,1,86.0,3.02,33.6,0.219,2021-11-28 02:00:00
2021-11-29,2,2021,1,Maturity,1.12,8.42,0.917,1,81.0,2.95,32.3,0.216,2021-11-29 02:00:00
2021-11-30,2,2021,1,Maturity,1.1,8.6,0.917,1,80.0,3.01,34.1,0.229,2021-11-30 02:00:00
2021-12-01,2,2021,1,Maturity,1.18,8.87,0.917,1,83.0,3.1,36.1,0.238,2021-12-01 02:00:00
2021-12-02,2,2021,1,Maturity,1.14,9.51,0.917,1,82.0,3.33,33.9,0.225,2021-12-02 02:00:00
2021-12-03,2,2021,1,Maturity,1.14,8.81,0.917,1,87.0,3.08,33.0,0.221,2021-12-03 02:00:00
2021-12-04,2,2021,1,Maturity,1.11,8.2,0.917,1,78.0,2.87,31.0,0.234,2021-12-04 02:00:00
2021-12-05,2,2021,1,Maturity,1.15,8.91,0.913,1,88.0,3.12,34.5,0.241,2021-12-05 02:00:00
2021-12-06,2,2021,1,Maturity,1.1,8.43,0.833,1,77.0,11.34,34.0,0.253,2021-12-06 02:00:00
2021-12-07,2,2021,1,Maturity,1.13,9.01,0.88,1,83.0,3.15,35.3,0.246,2021-12-07 02:00:00
2021-12-08,2,2021,1,Maturity,1.11,8.93,0.917,1,86.0,3.13,35.0,0.257,2021-12-08 02:00:00
2021-12-09,2,2021,1,Maturity,1.18,8.73,0.917,1,87.0,3.06,32.1,0.247,2021-12-09 02:00:00
2021-12-10,2,2021,1,Maturity,1.14,8.54,0.917,1,75.0,2.99,34.9,0.263,2021-12-10 02:00:00
2021-12-11,2,2021,1,Maturity,1.12,8.25,0.914,1,82.0,2.89,32.0,0.255,2021-12-11 02:00:00
2021-12-12,2,2021,1,Maturity,1.12,8.77,0.917,1,82.0,3.07,34.8,0.202,2021-12-12 02:00:00
2021-12-13,2,2021,1,Maturity,1.15,8.96,0.917,1,82.0,3.14,34.3,0.216,2021-12-13 02:00:00
2021-12-14,2,2021,1,Maturity,1.15,9.56,0.917,1,79.0,3.35,34.1,0.205,2021-12-14 02:00:00
2021-12-15,2,2021,1,Maturity,1.14,8.95,0.899,1,76.0,3.13,35.5,0.259,2021-12-15 02:00:00
2021-12-16,2,2021,1,Maturity,1.12,9.21,0.917,1,88.0,3.22,34.6,0.229,2021-12-16 02:00:00
2021-12-17,2,2021,1,Maturity,1.19,9.36,0.917,1,78.0,3.28,32.9,0.235,2021-12-17 02:00:00
2021-12-18,2,2021,1,Maturity,1.13,8.1,0.917,1,83.0,2.83,35.2,0.215,2021-12-18 02:00:00
2021-12-19,2,2021,1,Maturity,1.16,7.98,0.917,1,85.0,2.79,33.9,0.255,2021-12-19 02:00:00
2021-12-20,2,2021,1,Maturity,1.15,8.24,0.917,1,77.0,2.88,34.1,0.252,2021-12-20 02:00:00
2021-12-21,2,2021,1,Maturity,1.16,9.31,0.917,1,76.0,3.26,35.6,0.255,2021-12-21 02:00:00
2021-12-22,2,2021,1,Maturity,1.11,8.3,0.917,1,86.0,2.9,33.6,0.223,2021-12-22 02:00:00
2021-12-23,2,2021,1,Maturity,1.18,9.28,0.917,1,86.0,3.25,35.2,0.221,2021-12-23 02:00:00
2021-12-24,2,2021,1,Maturity,1.16,9.31,0.917,1,85.0,3.26,37.0,0.221,2021-12-24 02:00:00
2021-12-25,2,2021,1,Maturity,1.18,9.32,0.917,1,81.0,3.26,33.8,0.224,2021-12-25 02:00:00
2021-12-26,2,2021,1,Maturity,1.12,8.93,0.917,1,84.0,3.13,34.5,0.235,2021-12-26 02:00:00
2021-12-27,2,2021,1,Maturity,1.13,8.81,0.917,1,87.0,3.08,34.1,0.209,2021-12-27 02:00:00
2021-12-28,2,2021,1,Maturity,1.2,9.72,0.917,1,87.0,3.4,34.5,0.236,2021-12-28 02:00:00
2021-12-29,2,2021,1,Maturity,1.12,9.02,0.917,1,82.0,3.16,33.8,0.283,2021-12-29 02:00:00
2021-12-30,2,2021,1,Maturity,1.12,9.38,0.917,1,88.0,3.28,36.6,0.222,2021-12-30 02:00:00
2021-12-31,2,2021,1,Maturity,1.18,9.36,0.917,1,89.0,3.28,35.3,0.254,2021-12-31 02:00:00
2022-01-01,2,2022,1,Germination,0.69,4.29,0.433,1,57.0,1.5,29.9,0.466,2022-01-01 02:00:00
2022-01-02,2,2022,1,Germination,0.65,4.45,0.427,1,54.0,1.56,29.8,0.45,2022-01-02 02:00:00
2022-01-03,2,2022,1,Germination,0.62,3.85,0.416,1,62.0,1.35,28.0,0.484,2022-01-03 02:00:00
2022-01-04,2,2022,1,Germination,0.64,3.61,0.437,1,56.0,1.26,28.4,0.495,2022-01-04 02:00:00
2022-01-05,2,2022,1,Germination,0.68,3.92,0.466,1,60.0,1.37,26.6,0.441,2022-01-05 02:00:00
2022-01-06,2,2022,1,Germination,0.67,4.23,0.495,1,63.0,1.48,28.2,0.456,2022-01-06 02:00:00
2022-01-07,2,2022,1,Germination,0.69,4.17,0.453,1,62.0,1.46,30.2,0.479,2022-01-07 02:00:00
2022-01-08,2,2022,1,Germination,0.65,4.04,0.437,1,65.0,1.41,28.3,0.438,2022-01-08 02:00:00
2022-01-09,2,2022,1,Germination,0.66,4.28,0.469,1,60.0,1.5,29.5,0.429,2022-01-09 02:00:00
2022-01-10,2,2022,1,Germination,0.65,3.64,0.503,1,56.0,1.27,29.2,0.458,2022-01-10 02:00:00
2022-01-11,2,2022,1,Germination,0.67,4.09,0.532,1,60.0,1.43,31.2,0.427,2022-01-11 02:00:00
2022-01-12,2,2022,1,Germination,0.65,4.06,0.567,1,59.0,1.42,31.6,0.458,2022-01-12 02:00:00
2022-01-13,2,2022,1,Germination,0.64,4.07,0.601,1,60.0,1.42,28.6,0.435,2022-01-13 02:00:00
2022-01-14,2,2022,1,Germination,0.71,4.43,0.639,1,66.0,1.55,29.6,0.433,2022-01-14 02:00:00
2022-01-15,2,2022,1,Germination,0.68,4.05,0.654,1,66.0,1.42,30.1,0.42,2022-01-15 02:00:00
2022-01-16,2,2022,1,Germination,0.63,3.68,0.66,1,64.0,1.29,29.5,0.446,2022-01-16 02:00:00
2022-01-17,2,2022,1,Germination,0.68,4.13,0.664,1,63.0,1.45,28.6,0.414,2022-01-17 02:00:00
2022-01-18,2,2022,1,Germination,0.72,4.52,0.634,1,62.0,1.58,29.5,0.462,2022-01-18 02:00:00
2022-01-19,2,2022,1,Germination,0.71,4.56,0.579,1,66.0,1.6,29.9,0.472,2022-01-19 02:00:00
2022-01-20,2,2022,1,Germination,0.71,4.63,0.596,1,60.0,1.62,29.1,0.446,2022-01-20 02:00:00
2022-01-21,2,2022,1,Germination,0.67,4.0,0.596,1,63.0,1.4,27.8,0.414,2022-01-21 02:00:00
2022-01-22,2,2022,1,Germination,0.7,4.31,0.592,1,62.0,1.51,28.4,0.439,2022-01-22 02:00:00
2022-01-23,2,2022,1,Germination,0.64,3.93,0.629,1,60.0,1.38,30.5,0.472,2022-01-23 02:00:00
2022-01-24,2,2022,1,Germination,0.71,4.26,0.667,1,64.0,1.49,32.0,0.452,2022-01-24 02:00:00
2022-01-25,2,2022,1,Germination,0.69,4.41,0.613,1,59.0,6.73,30.1,0.42,2022-01-25 02:00:00
2022-01-26,2,2022,1,Germination,0.68,4.27,0.646,1,57.0,1.49,29.8,0.428,2022-01-26 02:00:00
2022-01-27,2,2022,1,Germination,0.74,4.51,0.635,1,61.0,1.58,30.3,0.438,2022-01-27 02:00:00
2022-01-28,2,2022,1,Germination,0.7,4.56,0.609,1,60.0,1.6,28.4,0.461,2022-01-28 02:00:00
2022-01-29,2,2022,1,Germination,0.75,4.8,0.639,1,62.0,1.68,28.1,0.402,2022-01-29 02:00:00
2022-01-30,2,2022,1,Germination,0.69,4.43,0.626,1,64.0,1.55,32.3,0.44,2022-01-30 02:00:00
2022-01-31,2,2022,1,Germination,0.67,3.88,0.656,1,64.0,1.36,28.8,0.43,2022-01-31 02:00:00
2022-02-01,2,2022,1,Germination,0.67,4.03,0.652,1,67.0,1.41,30.9,0.408,2022-02-01 02:00:00
2022-02-02,2,2022,1,Germination,0.68,4.91,0.569,1,61.0,9.22,32.6,0.497,2022-02-02 02:00:00
2022-02-03,2,2022,1,Germination,0.71,4.41,0.602,1,57.0,1.54,29.9,0.455,2022-02-03 02:00:00
2022-02-04,2,2022,1,Germination,0.64,4.54,0.631,1,63.0,1.59,32.1,0.428,2022-02-04 02:00:00
2022-02-05,2,2022,1,Germination,0.66,4.25,0.589,1,61.0,1.49,27.7,0.445,2022-02-05 02:00:00
2022-02-06,2,2022,1,Germination,0.73,4.66,0.588,1,61.0,4.0,29.3,0.406,2022-02-06 02:00:00
2022-02-07,2,2022,1,Germination,0.7,4.45,0.616,1,66.0,1.56,30.0,0.445,2022-02-07 02:00:00
2022-02-08,2,2022,1,Germination,0.69,4.56,0.65,1,59.0,1.6,30.8,0.393,2022-02-08 02:00:00
2022-02-09,2,2022,1,Germination,0.76,4.57,0.655,1,68.0,1.6,31.9,0.44,2022-02-09 02:00:00
2022-02-10,2,2022,1,Germination,0.7,4.22,0.646,1,65.0,1.48,32.1,0.415,2022-02-10 02:00:00
2022-02-11,2,2022,1,Germination,0.73,5.02,0.671,1,66.0,1.76,31.0,0.398,2022-02-11 02:00:00
2022-02-12,2,2022,1,Germination,0.67,4.3,0.592,1,68.0,7.12,29.3,0.43,2022-02-12 02:00:00
2022-02-13,2,2022,1,Germination,0.69,4.16,0.499,1,66.0,10.0,28.8,0.418,2022-02-13 02:00:00
2022-02-14,2,2022,1,Germination,0.7,4.75,0.524,1,58.0,1.66,29.9,0.427,2022-02-14 02:00:00
2022-02-15,2,2022,1,Germination,0.64,4.16,0.554,1,67.0,1.46,30.8,0.435,2022-02-15 02:00:00
2022-02-16,2,2022,1,Germination,0.66,4.38,0.588,1,64.0,1.53,30.3,0.408,2022-02-16 02:00:00
2022-02-17,2,2022,1,Germination,0.73,4.4,0.586,1,66.0,1.54,32.0,0.406,2022-02-17 02:00:00
2022-02-18,2,2022,1,Germination,0.76,4.75,0.623,1,60.0,1.66,30.1,0.384,2022-02-18 02:00:00
2022-02-19,2,2022,1,Germination,0.73,4.46,0.657,1,62.0,1.56,31.1,0.431,2022-02-19 02:00:00
2022-02-20,2,2022,1,Germination,0.7,4.52,0.608,1,72.0,1.58,32.7,0.399,2022-02-20 02:00:00
2022-02-21,2,2022,1,Germination,0.7,4.61,0.64,1,64.0,1.61,28.9,0.424,2022-02-21 02:00:00
2022-02-22,2,2022,1,Germination,0.71,4.5,0.641,1,61.0,1.58,32.7,0.408,2022-02-22 02:00:00
2022-02-23,2,2022,1,Germination,0.73,4.99,0.674,1,68.0,1.75,29.6,0.441,2022-02-23 02:00:00
2022-02-24,2,2022,1,Germination,0.69,4.19,0.656,1,66.0,4.87,28.0,0.407,2022-02-24 02:00:00
2022-02-25,2,2022,1,Germination,0.78,5.11,0.689,1,71.0,1.79,31.4,0.41,2022-02-25 02:00:00
2022-02-26,2,2022,1,Germination,0.73,4.77,0.707,1,61.0,1.67,28.3,0.433,2022-02-26 02:00:00
2022-02-27,2,2022,1,Germination,0.75,4.99,0.731,1,64.0,1.75,31.0,0.442,2022-02-27 02:00:00
2022-02-28,2,2022,1,Germination,0.72,4.5,0.734,1,65.0,1.58,32.6,0.421,2022-02-28 02:00:00
2022-03-01,2,2022,1,Germination,0.77,4.76,0.703,1,68.0,1.67,30.8,0.42,2022-03-01 02:00:00
2022-03-02,2,2022,1,Germination,0.71,4.62,0.704,1,63.0,1.62,29.8,0.416,2022-03-02 02:00:00
2022-03-03,2,2022,1,Germination,0.77,5.01,0.741,1,65.0,1.75,28.5,0.409,2022-03-03 02:00:00
2022-03-04,2,2022,1,Germination,0.73,4.29,0.768,1,61.0,1.5,30.2,0.417,2022-03-04 02:00:00
2022-03-05,2,2022,1,Germination,0.79,5.28,0.747,1,70.0,1.85,29.4,0.426,2022-03-05 02:00:00
2022-03-06,2,2022,1,Germination,0.75,4.71,0.778,1,62.0,1.65,32.4,0.406,2022-03-06 02:00:00
2022-03-07,2,2022,1,Germination,0.75,4.49,0.648,1,70.0,10.35,29.4,0.403,2022-03-07 02:00:00
2022-03-08,2,2022,1,Germination,0.72,4.6,0.684,1,65.0,1.61,30.9,0.383,2022-03-08 02:00:00
2022-03-09,2,2022,1,Germination,0.75,4.83,0.723,1,63.0,1.69,32.4,0.374,2022-03-09 02:00:00
2022-03-10,2,2022,1,Germination,0.77,5.36,0.706,1,64.0,1.88,32.1,0.395,2022-03-10 02:00:00
2022-03-11,2,2022,1,Germination,0.71,4.36,0.731,1,73.0,1.53,30.3,0.399,2022-03-11 02:00:00
2022-03-12,2,2022,1,Germination,0.77,4.89,0.759,1,68.0,1.71,28.4,0.365,2022-03-12 02:00:00
2022-03-13,2,2022,1,Germination,0.75,4.03,0.755,1,65.0,1.41,27.9,0.393,2022-03-13 02:00:00
2022-03-14,2,2022,1,Germination,0.75,4.94,0.661,1,69.0,8.67,32.2,0.392,2022-03-14 02:00:00
2022-03-15,2,2022,1,Vegetative,0.77,4.79,0.512,1,68.0,9.04,29.0,0.363,2022-03-15 02:00:00
2022-03-16,2,2022,1,Vegetative,0.75,4.65,0.55,1,66.0,1.63,30.3,0.397,2022-03-16 02:00:00
2022-03-17,2,2022,1,Vegetative,0.75,4.9,0.587,1,62.0,1.72,32.2,0.395,2022-03-17 02:00:00
2022-03-18,2,2022,1,Vegetative,0.71,4.56,0.605,1,68.0,1.6,30.8,0.369,2022-03-18 02:00:00
2022-03-19,2,2022,1,Vegetative,0.72,4.71,0.598,1,65.0,1.65,29.3,0.388,2022-03-19 02:00:00
2022-03-20,2,2022,1,Vegetative,0.79,4.63,0.629,1,70.0,1.62,29.1,0.432,2022-03-20 02:00:00
2022-03-21,2,2022,1,Vegetative,0.79,5.09,0.665,1,67.0,1.78,31.6,0.403,2022-03-21 02:00:00
2022-03-22,2,2022,1,Vegetative,0.77,4.96,0.703,1,74.0,1.74,29.5,0.38,2022-03-22 02:00:00
2022-03-23,2,2022,1,Vegetative,0.78,5.18,0.733,1,67.0,1.81,30.8,0.379,2022-03-23 02:00:00
2022-03-24,2,2022,1,Vegetative,0.77,4.95,0.607,1,78.0,11.16,29.4,0.413,2022-03-24 02:00:00
2022-03-25,2,2022,1,Vegetative,0.75,5.03,0.543,1,66.0,7.27,29.6,0.36,2022-03-25 02:00:00
2022-03-26,2,2022,1,Vegetative,0.76,4.86,0.554,1,58.0,1.7,31.4,0.415,2022-03-26 02:00:00
2022-03-27,2,2022,1,Vegetative,0.79,5.24,0.57,1,76.0,1.83,29.5,0.421,2022-03-27 02:00:00
2022-03-28,2,2022,1,Vegetative,0.75,5.07,0.601,1,67.0,1.77,31.0,0.375,2022-03-28 02:00:00
2022-03-29,2,2022,1,Vegetative,0.75,5.02,0.544,1,66.0,7.54,31.5,0.401,2022-03-29 02:00:00
2022-03-30,2,2022,1,Vegetative,0.83,5.67,0.513,1,63.0,1.98,31.1,0.389,2022-03-30 02:00:00
2022-03-31,2,2022,1,Vegetative,0.78,5.01,0.551,1,66.0,1.75,31.6,0.402,2022-03-31 02:00:00
2022-04-01,2,2022,1,Vegetative,0.78,5.23,0.587,1,69.0,1.83,31.1,0.371,2022-04-01 02:00:00
2022-04-02,2,2022,1,Vegetative,0.77,5.57,0.473,1,67.0,11.25,27.3,0.405,2022-04-02 02:00:00
2022-04-03,2,2022,1,Vegetative,0.75,4.27,0.49,1,70.0,1.49,28.6,0.404,2022-04-03 02:00:00
2022-04-04,2,2022,1,Vegetative,0.81,5.33,0.496,1,71.0,1.87,32.9,0.416,2022-04-04 02:00:00
2022-04-05,2,2022,1,Vegetative,0.8,5.02,0.501,1,72.0,1.76,29.7,0.383,2022-04-05 02:00:00
2022-04-06,2,2022,1,Vegetative,0.71,4.5,0.538,1,57.0,1.58,30.9,0.391,2022-04-06 02:00:00
2022-04-07,2,2022,1,Vegetative,0.8,4.71,0.532,1,68.0,1.65,30.8,0.42,2022-04-07 02:00:00
2022-04-08,2,2022,1,Vegetative,0.77,4.97,0.545,1,64.0,1.74,30.7,0.387,2022-04-08 02:00:00
2022-04-09,2,2022,1,Vegetative,0.82,4.89,0.427,1,69.0,8.82,27.4,0.318,2022-04-09 02:00:00
2022-04-10,2,2022,1,Vegetative,0.82,5.33,0.453,1,64.0,1.87,32.9,0.38,2022-04-10 02:00:00
2022-04-11,2,2022,1,Vegetative,0.82,5.47,0.491,1,65.0,1.91,29.2,0.372,2022-04-11 02:00:00
2022-04-12,2,2022,1,Vegetative,0.78,5.52,0.467,1,67.0,1.93,32.8,0.385,2022-04-12 02:00:00
2022-04-13,2,2022,1,Vegetative,0.82,5.55,0.48,1,69.0,1.94,31.1,0.402,2022-04-13 02:00:00
2022-04-14,2,2022,1,Vegetative,0.78,5.37,0.519,1,74.0,1.88,30.5,0.361,2022-04-14 02:00:00
2022-04-15,2,2022,1,Vegetative,0.77,4.76,0.514,1,60.0,1.67,29.1,0.377,2022-04-15 02:00:00
2022-04-16,2,2022,1,Vegetative,0.79,5.35,0.547,1,72.0,1.87,32.0,0.382,2022-04-16 02:00:00
2022-04-17,2,2022,1,Vegetative,0.84,5.25,0.571,1,68.0,1.84,30.2,0.352,2022-04-17 02:00:00
2022-04-18,2,2022,1,Vegetative,0.83,5.04,0.556,1,65.0,5.1,30.6,0.398,2022-04-18 02:00:00
2022-04-19,2,2022,1,Vegetative,0.84,6.06,0.598,1,74.0,2.12,32.4,0.376,2022-04-19 02:00:00
2022-04-20,2,2022,1,Vegetative,0.84,5.28,0.539,1,62.0,1.85,28.2,0.411,2022-04-20 02:00:00
2022-04-21,2,2022,1,Vegetative,0.83,5.69,0.558,1,69.0,1.99,32.5,0.364,2022-04-21 02:00:00
2022-04-22,2,2022,1,Vegetative,0.8,4.9,0.46,1,71.0,10.12,30.6,0.371,2022-04-22 02:00:00
2022-04-23,2,2022,1,Vegetative,0.78,4.79,0.497,1,68.0,1.68,29.7,0.354,2022-04-23 02:00:00
2022-04-24,2,2022,1,Vegetative,0.86,5.37,0.435,1,72.0,5.08,31.9,0.396,2022-04-24 02:00:00
2022-04-25,2,2022,1,Vegetative,0.84,5.47,0.364,1,72.0,8.72,31.1,0.333,2022-04-25 02:00:00
2022-04-26,2,2022,1,Vegetative,0.8,5.41,0.405,1,69.0,1.89,30.8,0.381,2022-04-26 02:00:00
2022-04-27,2,2022,1,Vegetative,0.82,5.16,0.434,1,65.0,1.81,29.9,0.371,2022-04-27 02:00:00
2022-04-28,2,2022,1,Vegetative,0.83,5.9,0.473,1,72.0,2.06,31.4,0.366,2022-04-28 02:00:00
2022-04-29,2,2022,1,Vegetative,0.8,5.46,0.509,1,71.0,1.91,31.1,0.361,2022-04-29 02:00:00
2022-04-30,2,2022,1,Vegetative,0.9,5.9,0.537,1,69.0,2.06,30.6,0.464,2022-04-30 02:00:00
2022-05-01,2,2022,1,Vegetative,0.85,5.36,0.425,1,69.0,10.33,30.9,0.405,2022-05-01 02:00:00
2022-05-02,2,2022,1,Flowering,0.81,5.61,0.451,1,71.0,1.96,33.4,0.43,2022-05-02 02:00:00
2022-05-03,2,2022,1,Flowering,0.8,5.04,0.489,1,71.0,1.76,32.0,0.384,2022-05-03 02:00:00
2022-05-04,2,2022,1,Flowering,0.82,5.49,0.476,1,69.0,1.92,31.7,0.37,2022-05-04 02:00:00
2022-05-05,2,2022,1,Flowering,0.82,5.45,0.477,1,64.0,1.91,30.1,0.374,2022-05-05 02:00:00
2022-05-06,2,2022,1,Flowering,0.8,4.89,0.501,1,69.0,1.71,34.0,0.35,2022-05-06 02:00:00
2022-05-07,2,2022,1,Flowering,0.82,5.82,0.53,1,68.0,2.04,32.4,0.365,2022-05-07 02:00:00
2022-05-08,2,2022,1,Flowering,0.84,5.4,0.528,1,74.0,1.89,30.0,0.381,2022-05-08 02:00:00
2022-05-09,2,2022,1,Flowering,0.84,5.45,0.565,1,69.0,1.91,30.7,0.402,2022-05-09 02:00:00
2022-05-10,2,2022,1,Flowering,0.85,5.52,0.577,1,70.0,1.93,31.9,0.402,2022-05-10 02:00:00
2022-05-11,2,2022,1,Flowering,0.83,5.49,0.595,1,66.0,1.92,31.0,0.364,2022-05-11 02:00:00
2022-05-12,2,2022,1,Flowering,0.86,5.47,0.621,1,73.0,1.91,30.3,0.342,2022-05-12 02:00:00
2022-05-13,2,2022,1,Flowering,0.83,5.54,0.652,1,64.0,1.94,30.6,0.373,2022-05-13 02:00:00
2022-05-14,2,2022,1,Flowering,0.89,6.17,0.693,1,71.0,2.16,31.4,0.355,2022-05-14 02:00:00
2022-05-15,2,2022,1,Flowering,0.88,6.15,0.697,1,74.0,2.15,32.4,0.378,2022-05-15 02:00:00
2022-05-16,2,2022,1,Flowering,0.85,5.71,0.726,1,69.0,2.0,30.0,0.344,2022-05-16 02:00:00
2022-05-17,2,2022,1,Flowering,0.91,5.23,0.722,1,75.0,1.83,30.5,0.346,2022-05-17 02:00:00
2022-05-18,2,2022,1,Flowering,0.83,5.38,0.743,1,71.0,1.88,30.7,0.387,2022-05-18 02:00:00
2022-05-19,2,2022,1,Flowering,0.83,6.08,0.775,1,73.0,2.13,30.9,0.363,2022-05-19 02:00:00
2022-05-20,2,2022,1,Flowering,0.83,5.68,0.807,1,74.0,1.99,31.6,0.36,2022-05-20 02:00:00
2022-05-21,2,2022,1,Flowering,0.86,5.97,0.813,1,74.0,2.09,33.2,0.358,2022-05-21 02:00:00
2022-05-22,2,2022,1,Flowering,0.85,5.82,0.826,1,67.0,2.04,32.5,0.376,2022-05-22 02:00:00
2022-05-23,2,2022,1,Flowering,0.87,5.8,0.854,1,75.0,2.03,32.5,0.356,2022-05-23 02:00:00
2022-05-24,2,2022,1,Flowering,0.85,5.71,0.852,1,72.0,4.56,32.0,0.359,2022-05-24 02:00:00
2022-05-25,2,2022,1,Flowering,0.83,5.22,0.887,1,76.0,1.83,33.4,0.341,2022-05-25 02:00:00
2022-05-26,2,2022,1,Flowering,0.83,5.87,0.917,1,73.0,2.05,29.5,0.354,2022-05-26 02:00:00
2022-05-27,2,2022,1,Flowering,0.85,5.79,0.917,1,73.0,2.03,32.2,0.368,2022-05-27 02:00:00
2022-05-28,2,2022,1,Flowering,0.84,5.97,0.917,1,70.0,2.09,29.6,0.353,2022-05-28 02:00:00
2022-05-29,2,2022,1,Flowering,0.84,5.9,0.917,1,67.0,2.06,31.0,0.382,2022-05-29 02:00:00
2022-05-30,2,2022,1,Flowering,0.82,5.31,0.917,1,73.0,1.86,33.3,0.346,2022-05-30 02:00:00
2022-05-31,2,2022,1,Flowering,0.85,5.65,0.917,1,67.0,1.98,31.0,0.359,2022-05-31 02:00:00
2022-06-01,2,2022,1,Flowering,0.82,5.56,0.917,1,71.0,1.95,30.8,0.385,2022-06-01 02:00:00
2022-06-02,2,2022,1,Flowering,0.89,6.31,0.917,1,77.0,2.21,30.7,0.366,2022-06-02 02:00:00
2022-06-03,2,2022,1,Flowering,0.83,5.76,0.843,1,71.0,7.24,31.2,0.342,2022-06-03 02:00:00
2022-06-04,2,2022,1,Flowering,0.87,6.01,0.837,1,73.0,2.1,33.2,0.317,2022-06-04 02:00:00
2022-06-05,2,2022,1,Flowering,0.86,6.14,0.878,1,73.0,2.15,33.4,0.364,2022-06-05 02:00:00
2022-06-06,2,2022,1,Flowering,0.81,5.24,0.897,1,67.0,1.83,32.6,0.36,2022-06-06 02:00:00
2022-06-07,2,2022,1,Flowering,0.89,6.51,0.892,1,71.0,2.28,29.1,0.372,2022-06-07 02:00:00
2022-06-08,2,2022,1,Flowering,0.88,5.93,0.917,1,69.0,2.08,30.8,0.329,2022-06-08 02:00:00
2022-06-09,2,2022,1,Flowering,0.81,5.49,0.907,1,75.0,4.17,32.5,0.35,2022-06-09 02:00:00
2022-06-10,2,2022,1,Flowering,0.84,5.14,0.917,1,71.0,1.8,32.5,0.317,2022-06-10 02:00:00
2022-06-11,2,2022,1,Flowering,0.89,6.07,0.917,1,70.0,2.12,32.2,0.338,2022-06-11 02:00:00
2022-06-12,2,2022,1,Flowering,0.84,5.69,0.857,1,71.0,1.99,30.4,0.335,2022-06-12 02:00:00
2022-06-13,2,2022,1,Flowering,0.85,5.61,0.829,1,68.0,5.33,31.3,0.33,2022-06-13 02:00:00
2022-06-14,2,2022,1,Flowering,0.88,6.34,0.852,1,68.0,2.22,31.2,0.342,2022-06-14 02:00:00
2022-06-15,2,2022,1,Flowering,0.89,5.86,0.879,1,68.0,2.05,30.3,0.326,2022-06-15 02:00:00
2022-06-16,2,2022,1,Flowering,0.88,5.97,0.854,1,73.0,2.09,31.7,0.382,2022-06-16 02:00:00
2022-06-17,2,2022,1,Flowering,0.91,6.3,0.872,1,74.0,2.2,31.3,0.363,2022-06-17 02:00:00
2022-06-18,2,2022,1,Flowering,0.86,5.37,0.756,1,68.0,1.88,30.5,0.355,2022-06-18 02:00:00
2022-06-19,2,2022,1,Flowering,0.82,5.58,0.786,1,68.0,1.95,31.9,0.341,2022-06-19 02:00:00
2022-06-20,2,2022,1,Flowering,0.9,6.11,0.819,1,72.0,2.14,32.9,0.303,2022-06-20 02:00:00
2022-06-21,2,2022,1,Flowering,0.89,6.6,0.863,1,75.0,2.31,33.3,0.323,2022-06-21 02:00:00
2022-06-22,2,2022,1,Flowering,0.83,5.53,0.862,1,78.0,1.94,32.7,0.373,2022-06-22 02:00:00
2022-06-23,2,2022,1,Flowering,0.89,6.55,0.906,1,66.0,2.29,33.4,0.338,2022-06-23 02:00:00
2022-06-24,2,2022,1,Flowering,0.9,6.33,0.917,1,72.0,2.22,28.4,0.308,2022-06-24 02:00:00
2022-06-25,2,2022,1,Flowering,0.89,6.0,0.917,1,74.0,2.1,31.9,0.337,2022-06-25 02:00:00
2022-06-26,2,2022,1,Flowering,0.94,6.99,0.917,1,70.0,2.45,30.7,0.358,2022-06-26 02:00:00
2022-06-27,2,2022,1,Flowering,0.86,5.65,0.917,1,72.0,1.98,29.3,0.376,2022-06-27 02:00:00
2022-06-28,2,2022,1,Flowering,0.84,5.66,0.917,1,69.0,1.98,32.6,0.334,2022-06-28 02:00:00
2022-06-29,2,2022,1,Flowering,0.9,6.63,0.917,1,71.0,2.32,31.8,0.33,2022-06-29 02:00:00
2022-06-30,2,2022,1,Flowering,0.88,6.0,0.917,1,70.0,2.1,32.9,0.364,2022-06-30 02:00:00
2022-07-01,2,2022,1,Flowering,0.88,6.01,0.904,1,74.0,2.1,29.6,0.331,2022-07-01 02:00:00
2022-07-02,2,2022,1,Grain Filling,0.94,6.4,0.917,1,75.0,2.24,32.7,0.298,2022-07-02 02:00:00
2022-07-03,2,2022,1,Grain Filling,0.85,5.83,0.905,1,80.0,2.04,30.8,0.333,2022-07-03 02:00:00
2022-07-04,2,2022,1,Grain Filling,0.89,6.99,0.917,1,76.0,2.45,35.0,0.346,2022-07-04 02:00:00
2022-07-05,2,2022,1,Grain Filling,0.96,6.68,0.917,1,72.0,2.34,30.5,0.337,2022-07-05 02:00:00
2022-07-06,2,2022,1,Grain Filling,0.94,6.26,0.917,1,74.0,2.19,31.0,0.352,2022-07-06 02:00:00
2022-07-07,2,2022,1,Grain Filling,0.9,6.23,0.895,1,73.0,2.18,30.8,0.35,2022-07-07 02:00:00
2022-07-08,2,2022,1,Grain Filling,0.85,5.36,0.917,1,66.0,1.88,34.1,0.292,2022-07-08 02:00:00
2022-07-09,2,2022,1,Grain Filling,0.91,5.9,0.917,1,68.0,2.06,33.3,0.344,2022-07-09 02:00:00
2022-07-10,2,2022,1,Grain Filling,0.92,6.26,0.917,1,76.0,2.19,32.7,0.327,2022-07-10 02:00:00
2022-07-11,2,2022,1,Grain Filling,0.95,6.39,0.917,1,68.0,2.24,34.0,0.337,2022-07-11 02:00:00
2022-07-12,2,2022,1,Grain Filling,0.87,6.29,0.917,1,79.0,2.2,32.6,0.324,2022-07-12 02:00:00
2022-07-13,2,2022,1,Grain Filling,0.88,6.3,0.889,1,71.0,2.2,29.9,0.339,2022-07-13 02:00:00
2022-07-14,2,2022,1,Grain Filling,0.93,6.34,0.917,1,75.0,2.22,31.2,0.353,2022-07-14 02:00:00
2022-07-15,2,2022,1,Grain Filling,0.92,6.34,0.917,1,71.0,2.22,29.5,0.343,2022-07-15 02:00:00
2022-07-16,2,2022,1,Grain Filling,0.9,5.98,0.917,1,71.0,2.09,32.9,0.328,2022-07-16 02:00:00
2022-07-17,2,2022,1,Grain Filling,0.93,6.29,0.917,1,80.0,2.2,29.5,0.331,2022-07-17 02:00:00
2022-07-18,2,2022,1,Grain Filling,0.96,6.17,0.917,1,85.0,2.16,33.1,0.304,2022-07-18 02:00:00
2022-07-19,2,2022,1,Grain Filling,0.94,6.76,0.917,1,77.0,2.37,32.0,0.335,2022-07-19 02:00:00
2022-07-20,2,2022,1,Grain Filling,0.91,6.39,0.917,1,80.0,2.24,32.9,0.344,2022-07-20 02:00:00
2022-07-21,2,2022,1,Grain Filling,0.94,6.5,0.917,1,69.0,2.28,31.2,0.293,2022-07-21 02:00:00
2022-07-22,2,2022,1,Grain Filling,0.95,6.04,0.917,1,73.0,2.11,31.0,0.324,2022-07-22 02:00:00
2022-07-23,2,2022,1,Grain Filling,0.91,7.27,0.917,1,81.0,2.54,32.3,0.338,2022-07-23 02:00:00
2022-07-24,2,2022,1,Grain Filling,0.96,6.81,0.917,1,81.0,2.38,32.7,0.324,2022-07-24 02:00:00
2022-07-25,2,2022,1,Grain Filling,0.92,6.15,0.917,1,68.0,2.15,30.3,0.327,2022-07-25 02:00:00
2022-07-26,2,2022,1,Grain Filling,0.93,6.38,0.917,1,75.0,2.23,31.6,0.328,2022-07-26 02:00:00
2022-07-27,2,2022,1,Grain Filling,0.91,6.61,0.917,1,71.0,2.31,33.0,0.311,2022-07-27 02:00:00
2022-07-28,2,2022,1,Grain Filling,0.89,6.08,0.917,1,76.0,2.13,31.8,0.28,2022-07-28 02:00:00
2022-07-29,2,2022,1,Grain Filling,0.93,6.17,0.911,1,75.0,2.16,32.2,0.324,2022-07-29 02:00:00
2022-07-30,2,2022,1,Grain Filling,0.91,6.43,0.917,1,74.0,2.25,30.6,0.306,2022-07-30 02:00:00
2022-07-31,2,2022,1,Grain Filling,0.92,6.46,0.917,1,78.0,2.26,31.1,0.313,2022-07-31 02:00:00
2022-08-01,2,2022,1,Grain Filling,0.93,6.66,0.917,1,71.0,2.33,33.1,0.31,2022-08-01 02:00:00
2022-08-02,2,2022,1,Grain Filling,0.96,6.4,0.917,1,78.0,2.24,34.0,0.337,2022-08-02 02:00:00
2022-08-03,2,2022,1,Grain Filling,0.97,6.56,0.917,1,82.0,2.3,34.1,0.323,2022-08-03 02:00:00
2022-08-04,2,2022,1,Grain Filling,0.99,7.38,0.886,1,74.0,2.58,31.1,0.305,2022-08-04 02:00:00
2022-08-05,2,2022,1,Grain Filling,0.93,6.46,0.867,1,75.0,2.26,31.0,0.309,2022-08-05 02:00:00
2022-08-06,2,2022,1,Grain Filling,0.96,6.69,0.884,1,73.0,2.34,31.5,0.321,2022-08-06 02:00:00
2022-08-07,2,2022,1,Grain Filling,0.91,6.58,0.917,1,74.0,2.3,31.0,0.313,2022-08-07 02:00:00
2022-08-08,2,2022,1,Grain Filling,0.95,6.72,0.917,1,79.0,2.35,30.6,0.321,2022-08-08 02:00:00
2022-08-09,2,2022,1,Grain Filling,0.95,6.97,0.917,1,77.0,2.44,32.2,0.309,2022-08-09 02:00:00
2022-08-10,2,2022,1,Grain Filling,0.97,6.53,0.917,1,84.0,2.29,30.8,0.315,2022-08-10 02:00:00
2022-08-11,2,2022,1,Grain Filling,0.96,6.61,0.887,1,86.0,2.31,34.5,0.323,2022-08-11 02:00:00
2022-08-12,2,2022,1,Grain Filling,0.96,6.73,0.917,1,76.0,2.36,33.2,0.311,2022-08-12 02:00:00
2022-08-13,2,2022,1,Grain Filling,1.0,7.43,0.8,1,81.0,2.6,33.9,0.325,2022-08-13 02:00:00
2022-08-14,2,2022,1,Grain Filling,0.92,6.24,0.841,1,80.0,2.18,32.1,0.276,2022-08-14 02:00:00
2022-08-15,2,2022,1,Grain Filling,0.99,6.66,0.858,1,77.0,2.33,33.7,0.327,2022-08-15 02:00:00
2022-08-16,2,2022,1,Grain Filling,0.99,6.95,0.868,1,76.0,2.43,29.7,0.335,2022-08-16 02:00:00
2022-08-17,2,2022,1,Grain Filling,0.96,6.97,0.821,1,79.0,7.71,30.4,0.303,2022-08-17 02:00:00
2022-08-18,2,2022,1,Grain Filling,0.92,6.69,0.845,1,75.0,2.34,33.0,0.32,2022-08-18 02:00:00
2022-08-19,2,2022,1,Grain Filling,0.91,6.6,0.889,1,72.0,2.31,34.6,0.311,2022-08-19 02:00:00
2022-08-20,2,2022,1,Grain Filling,0.98,7.64,0.723,1,80.0,10.91,32.5,0.309,2022-08-20 02:00:00
2022-08-21,2,2022,1,Grain Filling,0.97,6.86,0.763,1,77.0,2.4,32.1,0.323,2022-08-21 02:00:00
2022-08-22,2,2022,1,Grain Filling,0.99,6.87,0.778,1,79.0,2.4,32.2,0.279,2022-08-22 02:00:00
2022-08-23,2,2022,1,Grain Filling,0.98,6.88,0.812,1,68.0,2.41,31.6,0.26,2022-08-23 02:00:00
2022-08-24,2,2022,1,Grain Filling,0.96,7.18,0.843,1,81.0,2.51,32.1,0.31,2022-08-24 02:00:00
2022-08-25,2,2022,1,Grain Filling,0.92,6.51,0.881,1,71.0,2.28,33.0,0.314,2022-08-25 02:00:00
2022-08-26,2,2022,1,Grain Filling,1.0,6.73,0.917,1,76.0,2.36,33.8,0.296,2022-08-26 02:00:00
2022-08-27,2,2022,1,Grain Filling,1.01,6.87,0.917,1,73.0,2.4,32.2,0.326,2022-08-27 02:00:00
2022-08-28,2,2022,1,Grain Filling,0.97,7.38,0.917,1,87.0,2.58,32.6,0.309,2022-08-28 02:00:00
2022-08-29,2,2022,1,Grain Filling,1.0,6.94,0.917,1,74.0,2.43,34.0,0.314,2022-08-29 02:00:00
2022-08-30,2,2022,1,Grain Filling,1.04,7.41,0.917,1,78.0,2.59,32.4,0.296,2022-08-30 02:00:00
2022-08-31,2,2022,1,Grain Filling,0.96,7.01,0.862,1,69.0,2.45,33.9,0.312,2022-08-31 02:00:00
2022-09-01,2,2022,1,Grain Filling,0.93,7.06,0.89,1,76.0,2.47,31.5,0.323,2022-09-01 02:00:00
2022-09-02,2,2022,1,Grain Filling,1.0,7.09,0.917,1,79.0,2.48,34.8,0.281,2022-09-02 02:00:00
2022-09-03,2,2022,1,Grain Filling,0.99,6.8,0.917,1,81.0,2.38,33.0,0.296,2022-09-03 02:00:00
2022-09-04,2,2022,1,Grain Filling,0.98,6.94,0.917,1,75.0,2.43,31.6,0.262,2022-09-04 02:00:00
2022-09-05,2,2022,1,Grain Filling,1.02,7.46,0.917,1,82.0,2.61,28.0,0.283,2022-09-05 02:00:00
2022-09-06,2,2022,1,Grain Filling,1.04,7.27,0.915,1,72.0,2.54,32.8,0.286,2022-09-06 02:00:00
2022-09-07,2,2022,1,Grain Filling,0.95,6.63,0.917,1,75.0,2.32,34.2,0.34,2022-09-07 02:00:00
2022-09-08,2,2022,1,Grain Filling,0.97,6.78,0.917,1,84.0,2.37,32.8,0.3,2022-09-08 02:00:00
2022-09-09,2,2022,1,Grain Filling,0.96,6.87,0.91,1,76.0,2.4,34.4,0.316,2022-09-09 02:00:00
2022-09-10,2,2022,1,Grain Filling,0.94,6.86,0.73,1,76.0,10.25,31.6,0.313,2022-09-10 02:00:00
2022-09-11,2,2022,1,Grain Filling,1.01,6.8,0.771,1,81.0,2.38,31.7,0.321,2022-09-11 02:00:00
2022-09-12,2,2022,1,Grain Filling,0.97,6.95,0.813,1,77.0,2.43,35.0,0.324,2022-09-12 02:00:00
2022-09-13,2,2022,1,Grain Filling,1.06,7.7,0.824,1,75.0,2.7,33.9,0.288,2022-09-13 02:00:00
2022-09-14,2,2022,1,Grain Filling,1.0,7.22,0.867,1,76.0,2.53,32.5,0.299,2022-09-14 02:00:00
2022-09-15,2,2022,1,Grain Filling,0.94,6.63,0.91,1,70.0,2.32,34.2,0.26,2022-09-15 02:00:00
2022-09-16,2,2022,1,Grain Filling,1.04,7.51,0.847,1,80.0,9.39,32.5,0.286,2022-09-16 02:00:00
2022-09-17,2,2022,1,Grain Filling,1.0,7.3,0.853,1,80.0,2.55,34.0,0.318,2022-09-17 02:00:00
2022-09-18,2,2022,1,Grain Filling,0.99,7.32,0.848,1,80.0,2.56,31.4,0.294,2022-09-18 02:00:00
2022-09-19,2,2022,1,Grain Filling,1.02,7.6,0.785,1,87.0,8.99,34.4,0.318,2022-09-19 02:00:00
2022-09-20,2,2022,1,Grain Filling,1.03,7.89,0.829,1,85.0,2.76,31.6,0.346,2022-09-20 02:00:00
2022-09-21,2,2022,1,Grain Filling,1.0,7.17,0.729,1,76.0,9.19,33.4,0.278,2022-09-21 02:00:00
2022-09-22,2,2022,1,Grain Filling,1.01,7.48,0.736,1,79.0,2.62,35.3,0.29,2022-09-22 02:00:00
2022-09-23,2,2022,1,Grain Filling,0.96,7.69,0.784,1,77.0,2.69,33.4,0.275,2022-09-23 02:00:00
2022-09-24,2,2022,1,Grain Filling,0.97,6.83,0.826,1,80.0,2.39,35.5,0.277,2022-09-24 02:00:00
2022-09-25,2,2022,1,Grain Filling,0.99,7.66,0.871,1,78.0,2.68,32.2,0.265,2022-09-25 02:00:00
2022-09-26,2,2022,1,Grain Filling,0.97,7.37,0.905,1,84.0,2.58,35.2,0.301,2022-09-26 02:00:00
2022-09-27,2,2022,1,Grain Filling,0.97,7.23,0.917,1,83.0,2.53,33.6,0.296,2022-09-27 02:00:00
2022-09-28,2,2022,1,Grain Filling,0.99,7.08,0.776,1,76.0,9.12,32.4,0.261,2022-09-28 02:00:00
2022-09-29,2,2022,1,Grain Filling,1.03,7.73,0.708,1,77.0,2.71,35.1,0.296,2022-09-29 02:00:00
2022-09-30,2,2022,1,Grain Filling,1.05,7.49,0.751,1,80.0,2.62,33.6,0.272,2022-09-30 02:00:00
2022-10-01,2,2022,1,Grain Filling,0.99,7.6,0.792,1,80.0,2.66,33.6,0.244,2022-10-01 02:00:00
2022-10-02,2,2022,1,Grain Filling,1.02,7.25,0.827,1,75.0,2.54,34.9,0.301,2022-10-02 02:00:00
2022-10-03,2,2022,1,Grain Filling,1.0,6.93,0.816,1,80.0,5.87,32.1,0.268,2022-10-03 02:00:00
2022-10-04,2,2022,1,Grain Filling,1.0,7.23,0.816,1,78.0,2.53,31.7,0.265,2022-10-04 02:00:00
2022-10-05,2,2022,1,Grain Filling,1.01,8.2,0.863,1,69.0,2.87,33.9,0.298,2022-10-05 02:00:00
2022-10-06,2,2022,1,Grain Filling,1.03,7.73,0.896,1,83.0,2.71,32.2,0.309,2022-10-06 02:00:00
2022-10-07,2,2022,1,Grain Filling,1.07,7.22,0.917,1,74.0,2.53,29.5,0.278,2022-10-07 02:00:00
2022-10-08,2,2022,1,Grain Filling,1.04,7.18,0.917,1,80.0,2.51,34.8,0.31,2022-10-08 02:00:00
2022-10-09,2,2022,1,Grain Filling,1.05,7.76,0.917,1,80.0,2.72,33.9,0.264,2022-10-09 02:00:00
2022-10-10,2,2022,1,Grain Filling,1.03,7.3,0.917,1,75.0,2.55,32.3,0.282,2022-10-10 02:00:00
2022-10-11,2,2022,1,Grain Filling,1.03,7.7,0.917,1,82.0,2.7,35.9,0.266,2022-10-11 02:00:00
2022-10-12,2,2022,1,Grain Filling,1.06,7.49,0.917,1,79.0,2.62,34.7,0.296,2022-10-12 02:00:00
2022-10-13,2,2022,1,Grain Filling,1.03,7.29,0.917,1,79.0,2.55,31.8,0.272,2022-10-13 02:00:00
2022-10-14,2,2022,1,Grain Filling,1.02,7.81,0.917,1,81.0,2.73,32.5,0.271,2022-10-14 02:00:00
2022-10-15,2,2022,1,Grain Filling,1.06,8.38,0.812,1,78.0,10.04,34.2,0.239,2022-10-15 02:00:00
2022-10-16,2,2022,1,Grain Filling,1.08,7.77,0.856,1,87.0,2.72,34.8,0.294,2022-10-16 02:00:00
2022-10-17,2,2022,1,Grain Filling,1.07,7.69,0.871,1,86.0,2.69,32.3,0.284,2022-10-17 02:00:00
2022-10-18,2,2022,1,Grain Filling,1.06,7.49,0.902,1,79.0,2.62,32.6,0.292,2022-10-18 02:00:00
2022-10-19,2,2022,1,Grain Filling,1.06,7.9,0.917,1,87.0,2.76,35.8,0.291,2022-10-19 02:00:00
2022-10-20,2,2022,1,Maturity,1.03,7.32,0.917,1,77.0,2.56,31.3,0.268,2022-10-20 02:00:00
2022-10-21,2,2022,1,Maturity,1.03,7.96,0.917,1,77.0,2.79,34.3,0.263,2022-10-21 02:00:00
2022-10-22,2,2022,1,Maturity,1.07,8.16,0.917,1,80.0,2.86,32.9,0.241,2022-10-22 02:00:00
2022-10-23,2,2022,1,Maturity,1.1,8.14,0.917,1,80.0,2.85,32.3,0.248,2022-10-23 02:00:00
2022-10-24,2,2022,1,Maturity,1.08,8.45,0.917,1,78.0,2.96,33.7,0.285,2022-10-24 02:00:00
2022-10-25,2,2022,1,Maturity,1.09,8.2,0.917,1,82.0,2.87,34.9,0.229,2022-10-25 02:00:00
2022-10-26,2,2022,1,Maturity,1.04,7.91,0.917,1,80.0,2.77,34.1,0.281,2022-10-26 02:00:00
2022-10-27,2,2022,1,Maturity,1.06,8.12,0.917,1,79.0,2.84,34.7,0.272,2022-10-27 02:00:00
2022-10-28,2,2022,1,Maturity,1.07,7.58,0.917,1,79.0,2.65,31.2,0.241,2022-10-28 02:00:00
2022-10-29,2,2022,1,Maturity,1.11,8.79,0.878,1,77.0,8.2,34.7,0.307,2022-10-29 02:00:00
2022-10-30,2,2022,1,Maturity,1.06,8.23,0.917,1,80.0,2.88,33.8,0.274,2022-10-30 02:00:00
2022-10-31,2,2022,1,Maturity,1.1,8.17,0.917,1,81.0,2.86,34.3,0.267,2022-10-31 02:00:00
2022-11-01,2,2022,1,Maturity,1.03,7.4,0.917,1,76.0,2.59,33.9,0.258,2022-11-01 02:00:00
2022-11-02,2,2022,1,Maturity,1.08,8.42,0.917,1,80.0,2.95,33.4,0.271,2022-11-02 02:00:00
2022-11-03,2,2022,1,Maturity,1.12,8.27,0.917,1,78.0,2.89,34.3,0.268,2022-11-03 02:00:00
2022-11-04,2,2022,1,Maturity,1.1,8.33,0.917,1,81.0,2.92,31.8,0.27,2022-11-04 02:00:00
2022-11-05,2,2022,1,Maturity,1.07,7.81,0.917,1,76.0,2.73,34.4,0.294,2022-11-05 02:00:00
2022-11-06,2,2022,1,Maturity,1.11,8.5,0.895,1,83.0,2.97,33.4,0.287,2022-11-06 02:00:00
2022-11-07,2,2022,1,Maturity,1.05,7.85,0.917,1,76.0,2.75,31.8,0.286,2022-11-07 02:00:00
2022-11-08,2,2022,1,Maturity,1.1,8.05,0.832,1,74.0,2.82,34.1,0.285,2022-11-08 02:00:00
2022-11-09,2,2022,1,Maturity,1.1,8.67,0.875,1,79.0,3.03,33.5,0.25,2022-11-09 02:00:00
2022-11-10,2,2022,1,Maturity,1.03,7.29,0.917,1,77.0,2.55,33.2,0.222,2022-11-10 02:00:00
2022-11-11,2,2022,1,Maturity,1.03,7.93,0.917,1,81.0,2.78,33.4,0.256,2022-11-11 02:00:00
2022-11-12,2,2022,1,Maturity,1.1,8.47,0.917,1,78.0,5.66,35.5,0.213,2022-11-12 02:00:00
2022-11-13,2,2022,1,Maturity,1.11,8.64,0.917,1,80.0,3.02,33.7,0.235,2022-11-13 02:00:00
2022-11-14,2,2022,1,Maturity,1.09,8.7,0.917,1,83.0,3.04,37.5,0.232,2022-11-14 02:00:00
2022-11-15,2,2022,1,Maturity,1.05,8.44,0.89,1,81.0,2.95,36.4,0.249,2022-11-15 02:00:00
2022-11-16,2,2022,1,Maturity,1.12,8.22,0.9,1,86.0,2.88,34.8,0.247,2022-11-16 02:00:00
2022-11-17,2,2022,1,Maturity,1.09,8.68,0.917,1,83.0,3.04,35.6,0.234,2022-11-17 02:00:00
2022-11-18,2,2022,1,Maturity,1.13,8.96,0.917,1,80.0,3.14,34.3,0.239,2022-11-18 02:00:00
2022-11-19,2,2022,1,Maturity,1.07,8.39,0.917,1,89.0,2.94,34.4,0.264,2022-11-19 02:00:00
2022-11-20,2,2022,1,Maturity,1.03,7.63,0.917,1,87.0,2.67,33.4,0.239,2022-11-20 02:00:00
2022-11-21,2,2022,1,Maturity,1.06,8.05,0.917,1,88.0,2.82,33.7,0.269,2022-11-21 02:00:00
2022-11-22,2,2022,1,Maturity,1.13,8.17,0.917,1,80.0,2.86,34.6,0.237,2022-11-22 02:00:00
2022-11-23,2,2022,1,Maturity,1.06,8.33,0.913,1,83.0,2.92,32.6,0.239,2022-11-23 02:00:00
2022-11-24,2,2022,1,Maturity,1.14,8.26,0.863,1,81.0,2.89,34.6,0.275,2022-11-24 02:00:00
2022-11-25,2,2022,1,Maturity,1.09,8.5,0.91,1,80.0,2.97,35.2,0.292,2022-11-25 02:00:00
2022-11-26,2,2022,1,Maturity,1.09,7.89,0.917,1,79.0,2.76,32.7,0.245,2022-11-26 02:00:00
2022-11-27,2,2022,1,Maturity,1.13,8.5,0.917,1,88.0,2.97,33.3,0.241,2022-11-27 02:00:00
2022-11-28,2,2022,1,Maturity,1.11,8.47,0.917,1,79.0,2.96,34.7,0.224,2022-11-28 02:00:00
2022-11-29,2,2022,1,Maturity,1.12,8.17,0.917,1,80.0,2.86,33.6,0.262,2022-11-29 02:00:00
2022-11-30,2,2022,1,Maturity,1.05,7.02,0.917,1,87.0,2.46,32.5,0.284,2022-11-30 02:00:00
2022-12-01,2,2022,1,Maturity,1.11,8.09,0.876,1,82.0,7.07,33.9,0.243,2022-12-01 02:00:00
2022-12-02,2,2022,1,Maturity,1.08,8.29,0.889,1,79.0,2.9,32.8,0.278,2022-12-02 02:00:00
2022-12-03,2,2022,1,Maturity,1.13,8.9,0.917,1,77.0,3.12,34.4,0.285,2022-12-03 02:00:00
2022-12-04,2,2022,1,Maturity,1.07,8.61,0.917,1,85.0,3.01,34.2,0.21,2022-12-04 02:00:00
2022-12-05,2,2022,1,Maturity,1.15,8.78,0.917,1,83.0,3.07,34.3,0.248,2022-12-05 02:00:00
2022-12-06,2,2022,1,Maturity,1.09,7.87,0.917,1,87.0,2.75,34.3,0.265,2022-12-06 02:00:00
2022-12-07,2,2022,1,Maturity,1.15,8.53,0.917,1,83.0,2.99,31.7,0.242,2022-12-07 02:00:00
2022-12-08,2,2022,1,Maturity,1.18,9.2,0.917,1,87.0,3.22,35.5,0.291,2022-12-08 02:00:00
2022-12-09,2,2022,1,Maturity,1.15,8.37,0.917,1,78.0,2.93,33.6,0.241,2022-12-09 02:00:00
2022-12-10,2,2022,1,Maturity,1.09,8.35,0.917,1,88.0,2.92,33.8,0.255,2022-12-10 02:00:00
2022-12-11,2,2022,1,Maturity,1.1,8.15,0.917,1,90.0,2.85,32.7,0.241,2022-12-11 02:00:00
2022-12-12,2,2022,1,Maturity,1.15,8.96,0.917,1,80.0,3.14,33.5,0.258,2022-12-12 02:00:00
2022-12-13,2,2022,1,Maturity,1.13,8.5,0.89,1,82.0,2.97,35.8,0.24,2022-12-13 02:00:00
2022-12-14,2,2022,1,Maturity,1.13,8.84,0.917,1,82.0,3.09,35.2,0.259,2022-12-14 02:00:00
2022-12-15,2,2022,1,Maturity,1.11,8.67,0.917,1,81.0,3.03,34.3,0.261,2022-12-15 02:00:00
2022-12-16,2,2022,1,Maturity,1.1,8.85,0.842,1,87.0,3.1,36.2,0.211,2022-12-16 02:00:00
2022-12-17,2,2022,1,Maturity,1.06,8.11,0.888,1,93.0,2.84,35.2,0.244,2022-12-17 02:00:00
2022-12-18,2,2022,1,Maturity,1.09,8.28,0.891,1,84.0,2.9,32.9,0.271,2022-12-18 02:00:00
2022-12-19,2,2022,1,Maturity,1.19,9.48,0.917,1,83.0,3.32,33.2,0.252,2022-12-19 02:00:00
2022-12-20,2,2022,1,Maturity,1.15,8.67,0.917,1,84.0,3.03,32.8,0.248,2022-12-20 02:00:00
2022-12-21,2,2022,1,Maturity,1.16,9.07,0.917,1,90.0,3.17,34.4,0.269,2022-12-21 02:00:00
2022-12-22,2,2022,1,Maturity,1.11,8.25,0.917,1,80.0,2.89,35.4,0.231,2022-12-22 02:00:00
2022-12-23,2,2022,1,Maturity,1.13,8.79,0.917,1,85.0,3.08,35.4,0.226,2022-12-23 02:00:00
2022-12-24,2,2022,1,Maturity,1.08,8.41,0.917,1,88.0,2.94,34.7,0.206,2022-12-24 02:00:00
2022-12-25,2,2022,1,Maturity,1.14,9.69,0.917,1,88.0,3.39,33.6,0.217,2022-12-25 02:00:00
2022-12-26,2,2022,1,Maturity,1.1,8.32,0.872,1,89.0,2.91,34.2,0.258,2022-12-26 02:00:00
2022-12-27,2,2022,1,Maturity,1.15,8.83,0.914,1,88.0,3.09,36.1,0.227,2022-12-27 02:00:00
2022-12-28,2,2022,1,Maturity,1.16,8.33,0.917,1,80.0,2.92,34.5,0.239,2022-12-28 02:00:00
2022-12-29,2,2022,1,Maturity,1.11,8.88,0.917,1,85.0,3.11,35.9,0.223,2022-12-29 02:00:00
2022-12-30,2,2022,1,Maturity,1.19,8.96,0.879,1,83.0,3.14,33.5,0.247,2022-12-30 02:00:00
2022-12-31,2,2022,1,Maturity,1.13,8.29,0.905,1,91.0,2.9,33.9,0.234,2022-12-31 02:00:00
2020-01-02,3,2020,1,Germination,0.65,4.03,0.433,1,57.0,4.7,30.9,0.48,2020-01-02 02:00:00
2020-01-03,3,2020,1,Germination,0.64,3.89,0.469,1,65.0,1.36,29.6,0.45,2020-01-03 02:00:00
2020-01-04,3,2020,1,Germination,0.63,3.37,0.429,1,62.0,1.18,31.0,0.438,2020-01-04 02:00:00
2020-01-05,3,2020,1,Germination,0.66,3.76,0.349,1,62.0,5.64,29.4,0.423,2020-01-05 02:00:00
2020-01-06,3,2020,1,Germination,0.68,4.14,0.367,1,60.0,1.45,28.5,0.479,2020-01-06 02:00:00
2020-01-07,3,2020,1,Germination,0.68,4.11,0.348,1,64.0,1.44,27.2,0.436,2020-01-07 02:00:00
2020-01-08,3,2020,1,Germination,0.67,3.86,0.379,1,56.0,1.35,29.2,0.425,2020-01-08 02:00:00
2020-01-09,3,2020,1,Germination,0.61,3.93,0.392,1,57.0,1.38,30.6,0.438,2020-01-09 02:00:00
2020-01-10,3,2020,1,Germination,0.69,4.18,0.415,1,64.0,1.46,32.3,0.451,2020-01-10 02:00:00
2020-01-11,3,2020,1,Germination,0.68,3.9,0.427,1,61.0,1.36,30.7,0.445,2020-01-11 02:00:00
2020-01-12,3,2020,1,Germination,0.61,3.78,0.442,1,63.0,1.32,33.2,0.44,2020-01-12 02:00:00
2020-01-13,3,2020,1,Germination,0.72,4.53,0.478,1,60.0,1.59,30.2,0.458,2020-01-13 02:00:00
2020-01-14,3,2020,1,Germination,0.68,4.0,0.502,1,60.0,1.4,30.8,0.426,2020-01-14 02:00:00
2020-01-15,3,2020,1,Germination,0.69,4.67,0.473,1,64.0,1.63,30.1,0.424,2020-01-15 02:00:00
2020-01-16,3,2020,1,Germination,0.69,4.08,0.444,1,65.0,1.43,30.2,0.473,2020-01-16 02:00:00
2020-01-17,3,2020,1,Germination,0.68,4.01,0.435,1,54.0,1.4,28.2,0.459,2020-01-17 02:00:00
2020-01-18,3,2020,1,Germination,0.69,4.03,0.39,1,62.0,1.41,28.6,0.454,2020-01-18 02:00:00
2020-01-19,3,2020,1,Germination,0.63,4.07,0.409,1,60.0,1.42,29.6,0.438,2020-01-19 02:00:00
2020-01-20,3,2020,1,Germination,0.64,4.06,0.418,1,69.0,1.42,30.4,0.442,2020-01-20 02:00:00
2020-01-21,3,2020,1,Germination,0.61,3.86,0.449,1,68.0,1.35,30.2,0.428,2020-01-21 02:00:00
2020-01-22,3,2020,1,Germination,0.7,4.14,0.431,1,63.0,1.45,30.5,0.436,2020-01-22 02:00:00
2020-01-23,3,2020,1,Germination,0.66,4.19,0.423,1,57.0,1.47,28.1,0.448,2020-01-23 02:00:00
2020-01-24,3,2020,1,Germination,0.68,4.39,0.461,1,66.0,1.54,28.9,0.445,2020-01-24 02:00:00
2020-01-25,3,2020,1,Germination,0.65,3.67,0.476,1,67.0,1.28,28.4,0.457,2020-01-25 02:00:00
2020-01-26,3,2020,1,Germination,0.69,4.63,0.402,1,67.0,1.62,27.9,0.453,2020-01-26 02:00:00
2020-01-27,3,2020,1,Germination,0.69,4.2,0.359,1,58.0,6.71,32.1,0.451,2020-01-27 02:00:00
2020-01-28,3,2020,1,Germination,0.67,4.29,0.25,1,63.0,10.3,29.8,0.414,2020-01-28 02:00:00
2020-01-29,3,2020,1,Germination,0.68,4.16,0.264,1,68.0,1.46,28.1,0.425,2020-01-29 02:00:00
2020-01-30,3,2020,1,Germination,0.65,4.17,0.289,1,63.0,1.46,29.8,0.394,2020-01-30 02:00:00
2020-01-31,3,2020,1,Germination,0.73,4.16,0.25,1,64.0,1.46,28.2,0.446,2020-01-31 02:00:00
2020-02-01,3,2020,1,Germination,0.68,4.28,0.267,1,69.0,1.5,28.9,0.466,2020-02-01 02:00:00
2020-02-02,3,2020,1,Germination,0.67,4.11,0.289,1,62.0,1.44,29.0,0.43,2020-02-02 02:00:00
2020-02-03,3,2020,1,Germination,0.68,4.19,0.277,1,64.0,1.47,29.9,0.417,2020-02-03 02:00:00
2020-02-04,3,2020,1,Germination,0.72,4.52,0.315,1,60.0,1.58,32.0,0.395,2020-02-04 02:00:00
2020-02-05,3,2020,1,Germination,0.72,4.32,0.351,1,51.0,1.51,29.0,0.393,2020-02-05 02:00:00
2020-02-06,3,2020,1,Germination,0.69,4.28,0.372,1,69.0,1.5,30.7,0.428,2020-02-06 02:00:00
2020-02-07,3,2020,1,Germination,0.77,4.76,0.385,1,64.0,1.67,27.9,0.452,2020-02-07 02:00:00
2020-02-08,3,2020,1,Germination,0.67,4.51,0.424,1,60.0,1.58,29.9,0.435,2020-02-08 02:00:00
2020-02-09,3,2020,1,Germination,0.73,4.88,0.405,1,63.0,1.71,31.0,0.421,2020-02-09 02:00:00
2020-02-10,3,2020,1,Germination,0.65,3.83,0.308,1,64.0,10.19,30.2,0.412,2020-02-10 02:00:00
2020-02-11,3,2020,1,Germination,0.71,4.23,0.336,1,65.0,1.48,30.1,0.446,2020-02-11 02:00:00
2020-02-12,3,2020,1,Germination,0.73,4.82,0.373,1,62.0,1.69,31.6,0.435,2020-02-12 02:00:00
2020-02-13,3,2020,1,Germination,0.78,4.87,0.399,1,62.0,1.7,29.7,0.425,2020-02-13 02:00:00
2020-02-14,3,2020,1,Germination,0.71,4.68,0.35,1,70.0,1.64,30.3,0.415,2020-02-14 02:00:00
2020-02-15,3,2020,1,Germination,0.72,4.55,0.364,1,67.0,1.59,31.4,0.396,2020-02-15 02:00:00
2020-02-16,3,2020,1,Germination,0.64,3.79,0.394,1,62.0,1.33,29.7,0.427,2020-02-16 02:00:00
2020-02-17,3,2020,1,Germination,0.71,4.44,0.43,1,65.0,1.55,28.5,0.456,2020-02-17 02:00:00
2020-02-18,3,2020,1,Germination,0.67,4.66,0.454,1,65.0,1.63,31.9,0.387,2020-02-18 02:00:00
2020-02-19,3,2020,1,Germination,0.7,4.53,0.47,1,66.0,1.59,28.6,0.414,2020-02-19 02:00:00
2020-02-20,3,2020,1,Germination,0.72,4.54,0.443,1,62.0,1.59,32.4,0.353,2020-02-20 02:00:00
2020-02-21,3,2020,1,Germination,0.7,4.47,0.316,1,60.0,9.63,29.6,0.408,2020-02-21 02:00:00
2020-02-22,3,2020,1,Germination,0.67,4.39,0.355,1,67.0,1.54,31.0,0.421,2020-02-22 02:00:00
2020-02-23,3,2020,1,Germination,0.68,4.08,0.391,1,62.0,1.43,33.2,0.419,2020-02-23 02:00:00
2020-02-24,3,2020,1,Germination,0.65,4.06,0.342,1,68.0,6.26,30.7,0.427,2020-02-24 02:00:00
2020-02-25,3,2020,1,Germination,0.67,4.59,0.38,1,65.0,1.61,30.2,0.392,2020-02-25 02:00:00
2020-02-26,3,2020,1,Germination,0.76,4.62,0.313,1,66.0,1.62,28.8,0.423,2020-02-26 02:00:00
2020-02-27,3,2020,1,Germination,0.74,4.44,0.256,1,67.0,7.69,30.9,0.422,2020-02-27 02:00:00
2020-02-28,3,2020,1,Germination,0.71,4.71,0.295,1,64.0,1.65,28.7,0.436,2020-02-28 02:00:00
2020-02-29,3,2020,1,Germination,0.73,4.41,0.325,1,61.0,1.54,27.9,0.434,2020-02-29 02:00:00
2020-03-01,3,2020,1,Germination,0.74,4.63,0.332,1,59.0,1.62,29.8,0.368,2020-03-01 02:00:00
2020-03-02,3,2020,1,Germination,0.72,4.73,0.284,1,66.0,1.66,28.6,0.414,2020-03-02 02:00:00
2020-03-03,3,2020,1,Germination,0.67,4.34,0.272,1,62.0,1.52,29.5,0.4,2020-03-03 02:00:00
2020-03-04,3,2020,1,Germination,0.72,4.52,0.303,1,66.0,1.58,31.8,0.42,2020-03-04 02:00:00
2020-03-05,3,2020,1,Germination,0.72,4.38,0.327,1,68.0,1.53,30.5,0.43,2020-03-05 02:00:00
2020-03-06,3,2020,1,Germination,0.76,5.2,0.368,1,62.0,1.82,31.0,0.414,2020-03-06 02:00:00
2020-03-07,3,2020,1,Germination,0.7,4.57,0.406,1,66.0,1.6,30.0,0.406,2020-03-07 02:00:00
2020-03-08,3,2020,1,Germination,0.75,4.42,0.441,1,66.0,1.55,32.1,0.412,2020-03-08 02:00:00
2020-03-09,3,2020,1,Germination,0.75,5.03,0.473,1,67.0,1.76,30.8,0.382,2020-03-09 02:00:00
2020-03-10,3,2020,1,Germination,0.72,4.53,0.473,1,74.0,1.59,29.8,0.409,2020-03-10 02:00:00
2020-03-11,3,2020,1,Germination,0.72,4.45,0.503,1,70.0,1.56,30.6,0.357,2020-03-11 02:00:00
2020-03-12,3,2020,1,Germination,0.74,4.98,0.534,1,59.0,1.74,27.7,0.394,2020-03-12 02:00:00
2020-03-13,3,2020,1,Germination,0.75,4.25,0.54,1,61.0,1.49,32.3,0.412,2020-03-13 02:00:00
2020-03-14,3,2020,1,Germination,0.8,5.33,0.578,1,64.0,1.87,29.4,0.4,2020-03-14 02:00:00
2020-03-15,3,2020,1,Vegetative,0.76,5.2,0.561,1,65.0,1.82,30.0,0.423,2020-03-15 02:00:00
2020-03-16,3,2020,1,Vegetative,0.79,5.23,0.583,1,64.0,1.83,31.4,0.422,2020-03-16 02:00:00
2020-03-17,3,2020,1,Vegetative,0.77,4.89,0.605,1,71.0,1.71,30.7,0.424,2020-03-17 02:00:00
2020-03-18,3,2020,1,Vegetative,0.76,4.92,0.638,1,70.0,1.72,32.7,0.398,2020-03-18 02:00:00
2020-03-19,3,2020,1,Vegetative,0.8,4.67,0.66,1,70.0,1.63,29.8,0.465,2020-03-19 02:00:00
2020-03-20,3,2020,1,Vegetative,0.75,4.57,0.631,1,63.0,1.6,29.1,0.435,2020-03-20 02:00:00
2020-03-21,3,2020,1,Vegetative,0.8,5.17,0.67,1,64.0,1.81,32.6,0.408,2020-03-21 02:00:00
2020-03-22,3,2020,1,Vegetative,0.76,4.97,0.578,1,61.0,9.02,30.0,0.429,2020-03-22 02:00:00
2020-03-23,3,2020,1,Vegetative,0.76,5.0,0.588,1,75.0,1.75,31.3,0.399,2020-03-23 02:00:00
2020-03-24,3,2020,1,Vegetative,0.74,4.7,0.613,1,65.0,1.64,28.8,0.417,2020-03-24 02:00:00
2020-03-25,3,2020,1,Vegetative,0.77,5.07,0.63,1,69.0,1.77,30.9,0.399,2020-03-25 02:00:00
2020-03-26,3,2020,1,Vegetative,0.73,4.7,0.664,1,65.0,1.64,31.3,0.414,2020-03-26 02:00:00
2020-03-27,3,2020,1,Vegetative,0.78,5.09,0.677,1,66.0,1.78,30.7,0.373,2020-03-27 02:00:00
2020-03-28,3,2020,1,Vegetative,0.78,5.11,0.699,1,64.0,1.79,30.6,0.388,2020-03-28 02:00:00
2020-03-29,3,2020,1,Vegetative,0.84,5.5,0.736,1,67.0,1.92,32.3,0.382,2020-03-29 02:00:00
2020-03-30,3,2020,1,Vegetative,0.82,5.14,0.755,1,69.0,1.8,30.2,0.375,2020-03-30 02:00:00
2020-03-31,3,2020,1,Vegetative,0.78,5.15,0.736,1,63.0,1.8,30.6,0.411,2020-03-31 02:00:00
2020-04-01,3,2020,1,Vegetative,0.76,4.63,0.686,1,65.0,6.24,30.1,0.375,2020-04-01 02:00:00
2020-04-02,3,2020,1,Vegetative,0.72,4.56,0.69,1,64.0,1.6,30.5,0.415,2020-04-02 02:00:00
2020-04-03,3,2020,1,Vegetative,0.79,5.06,0.661,1,63.0,4.26,30.1,0.398,2020-04-03 02:00:00
2020-04-04,3,2020,1,Vegetative,0.8,5.26,0.689,1,70.0,1.84,30.0,0.415,2020-04-04 02:00:00
2020-04-05,3,2020,1,Vegetative,0.77,5.07,0.695,1,69.0,1.77,31.9,0.408,2020-04-05 02:00:00
2020-04-06,3,2020,1,Vegetative,0.75,5.33,0.695,1,69.0,1.87,30.2,0.405,2020-04-06 02:00:00
2020-04-07,3,2020,1,Vegetative,0.74,4.79,0.644,1,67.0,1.68,31.9,0.372,2020-04-07 02:00:00
2020-04-08,3,2020,1,Vegetative,0.8,5.16,0.679,1,71.0,1.81,32.0,0.392,2020-04-08 02:00:00
2020-04-09,3,2020,1,Vegetative,0.77,5.22,0.713,1,63.0,1.83,29.9,0.361,2020-04-09 02:00:00
2020-04-10,3,2020,1,Vegetative,0.75,4.99,0.655,1,60.0,6.86,30.9,0.402,2020-04-10 02:00:00
2020-04-11,3,2020,1,Vegetative,0.76,5.28,0.695,1,71.0,1.85,31.5,0.364,2020-04-11 02:00:00
2020-04-12,3,2020,1,Vegetative,0.76,5.05,0.734,1,64.0,1.77,28.4,0.402,2020-04-12 02:00:00
2020-04-13,3,2020,1,Vegetative,0.81,5.81,0.776,1,66.0,2.03,33.2,0.369,2020-04-13 02:00:00
2020-04-14,3,2020,1,Vegetative,0.78,4.82,0.812,1,61.0,1.69,30.4,0.418,2020-04-14 02:00:00
2020-04-15,3,2020,1,Vegetative,0.79,4.96,0.85,1,65.0,1.74,31.7,0.386,2020-04-15 02:00:00
2020-04-16,3,2020,1,Vegetative,0.78,4.72,0.833,1,64.0,4.0,33.1,0.391,2020-04-16 02:00:00
2020-04-17,3,2020,1,Vegetative,0.82,5.21,0.869,1,62.0,1.82,29.8,0.411,2020-04-17 02:00:00
2020-04-18,3,2020,1,Vegetative,0.73,4.94,0.783,1,72.0,1.73,31.2,0.396,2020-04-18 02:00:00
2020-04-19,3,2020,1,Vegetative,0.8,5.52,0.824,1,66.0,1.93,31.0,0.367,2020-04-19 02:00:00
2020-04-20,3,2020,1,Vegetative,0.77,5.21,0.823,1,66.0,1.82,29.3,0.374,2020-04-20 02:00:00
2020-04-21,3,2020,1,Vegetative,0.82,5.82,0.854,1,70.0,2.04,30.8,0.364,2020-04-21 02:00:00
2020-04-22,3,2020,1,Vegetative,0.81,4.94,0.876,1,70.0,1.73,30.3,0.41,2020-04-22 02:00:00
2020-04-23,3,2020,1,Vegetative,0.8,5.15,0.914,1,65.0,1.8,30.0,0.36,2020-04-23 02:00:00
2020-04-24,3,2020,1,Vegetative,0.84,5.56,0.917,1,72.0,1.95,32.9,0.377,2020-04-24 02:00:00
2020-04-25,3,2020,1,Vegetative,0.86,5.74,0.89,1,63.0,2.01,30.9,0.409,2020-04-25 02:00:00
2020-04-26,3,2020,1,Vegetative,0.77,5.3,0.902,1,71.0,1.85,32.3,0.391,2020-04-26 02:00:00
2020-04-27,3,2020,1,Vegetative,0.81,5.3,0.9,1,74.0,1.85,34.2,0.349,2020-04-27 02:00:00
2020-04-28,3,2020,1,Vegetative,0.83,5.36,0.917,1,63.0,1.88,34.1,0.403,2020-04-28 02:00:00
2020-04-29,3,2020,1,Vegetative,0.78,5.34,0.765,1,78.0,1.87,32.6,0.406,2020-04-29 02:00:00
2020-04-30,3,2020,1,Vegetative,0.86,5.59,0.785,1,70.0,1.96,31.2,0.4,2020-04-30 02:00:00
2020-05-01,3,2020,1,Vegetative,0.78,4.85,0.69,1,76.0,10.5,29.9,0.373,2020-05-01 02:00:00
2020-05-02,3,2020,1,Flowering,0.82,5.51,0.723,1,69.0,1.93,29.7,0.367,2020-05-02 02:00:00
2020-05-03,3,2020,1,Flowering,0.78,5.32,0.558,1,76.0,10.87,29.2,0.403,2020-05-03 02:00:00
2020-05-04,3,2020,1,Flowering,0.83,5.27,0.511,1,64.0,1.84,30.4,0.392,2020-05-04 02:00:00
2020-05-05,3,2020,1,Flowering,0.82,5.34,0.543,1,68.0,1.87,31.4,0.365,2020-05-05 02:00:00
2020-05-06,3,2020,1,Flowering,0.8,5.36,0.583,1,72.0,1.88,31.6,0.346,2020-05-06 02:00:00
2020-05-07,3,2020,1,Flowering,0.87,6.26,0.606,1,65.0,2.19,30.5,0.348,2020-05-07 02:00:00
2020-05-08,3,2020,1,Flowering,0.86,6.27,0.648,1,74.0,2.19,31.6,0.383,2020-05-08 02:00:00
2020-05-09,3,2020,1,Flowering,0.84,5.68,0.684,1,66.0,1.99,33.8,0.346,2020-05-09 02:00:00
2020-05-10,3,2020,1,Flowering,0.77,4.92,0.631,1,75.0,5.06,32.3,0.386,2020-05-10 02:00:00
2020-05-11,3,2020,1,Flowering,0.8,5.28,0.626,1,73.0,1.85,32.5,0.365,2020-05-11 02:00:00
2020-05-12,3,2020,1,Flowering,0.85,5.65,0.636,1,70.0,1.98,29.7,0.382,2020-05-12 02:00:00
2020-05-13,3,2020,1,Flowering,0.81,5.73,0.678,1,69.0,2.01,32.3,0.408,2020-05-13 02:00:00
2020-05-14,3,2020,1,Flowering,0.81,5.4,0.718,1,58.0,1.89,32.5,0.37,2020-05-14 02:00:00
2020-05-15,3,2020,1,Flowering,0.84,5.61,0.735,1,71.0,1.96,30.3,0.374,2020-05-15 02:00:00
2020-05-16,3,2020,1,Flowering,0.85,5.8,0.769,1,73.0,2.03,32.0,0.363,2020-05-16 02:00:00
2020-05-17,3,2020,1,Flowering,0.81,5.24,0.798,1,75.0,1.83,33.2,0.396,2020-05-17 02:00:00
2020-05-18,3,2020,1,Flowering,0.75,4.96,0.835,1,70.0,1.74,29.0,0.371,2020-05-18 02:00:00
2020-05-19,3,2020,1,Flowering,0.83,5.5,0.844,1,64.0,1.92,29.9,0.377,2020-05-19 02:00:00
2020-05-20,3,2020,1,Flowering,0.88,5.61,0.881,1,74.0,1.96,29.8,0.368,2020-05-20 02:00:00
2020-05-21,3,2020,1,Flowering,0.79,5.6,0.813,1,70.0,1.96,29.9,0.375,2020-05-21 02:00:00
2020-05-22,3,2020,1,Flowering,0.81,5.45,0.795,1,75.0,1.91,30.4,0.371,2020-05-22 02:00:00
2020-05-23,3,2020,1,Flowering,0.88,6.17,0.836,1,71.0,2.16,33.9,0.362,2020-05-23 02:00:00
2020-05-24,3,2020,1,Flowering,0.86,5.81,0.871,1,70.0,2.03,30.9,0.359,2020-05-24 02:00:00
2020-05-25,3,2020,1,Flowering,0.85,5.54,0.71,1,77.0,1.94,33.6,0.361,2020-05-25 02:00:00
2020-05-26,3,2020,1,Flowering,0.82,5.61,0.698,1,83.0,1.96,32.2,0.32,2020-05-26 02:00:00
2020-05-27,3,2020,1,Flowering,0.91,6.45,0.729,1,72.0,2.26,31.6,0.368,2020-05-27 02:00:00
2020-05-28,3,2020,1,Flowering,0.83,5.5,0.763,1,77.0,1.92,32.1,0.36,2020-05-28 02:00:00
2020-05-29,3,2020,1,Flowering,0.9,5.88,0.647,1,76.0,10.11,30.8,0.351,2020-05-29 02:00:00
2020-05-30,3,2020,1,Flowering,0.92,6.3,0.669,1,70.0,2.2,33.4,0.355,2020-05-30 02:00:00
2020-05-31,3,2020,1,Flowering,0.82,5.84,0.7,1,73.0,2.04,32.6,0.378,2020-05-31 02:00:00
2020-06-01,3,2020,1,Flowering,0.86,5.84,0.623,1,79.0,9.82,32.2,0.381,2020-06-01 02:00:00
2020-06-02,3,2020,1,Flowering,0.94,6.16,0.661,1,67.0,2.16,32.1,0.349,2020-06-02 02:00:00
2020-06-03,3,2020,1,Flowering,0.89,6.74,0.653,1,64.0,5.88,32.1,0.371,2020-06-03 02:00:00
2020-06-04,3,2020,1,Flowering,0.87,5.69,0.604,1,77.0,6.52,31.2,0.375,2020-06-04 02:00:00
2020-06-05,3,2020,1,Flowering,0.9,6.38,0.646,1,72.0,2.23,30.9,0.35,2020-06-05 02:00:00
2020-06-06,3,2020,1,Flowering,0.84,5.41,0.578,1,66.0,4.83,30.6,0.346,2020-06-06 02:00:00
2020-06-07,3,2020,1,Flowering,0.85,5.62,0.526,1,79.0,6.34,30.9,0.339,2020-06-07 02:00:00
2020-06-08,3,2020,1,Flowering,0.89,5.7,0.566,1,64.0,2.0,31.9,0.355,2020-06-08 02:00:00
2020-06-09,3,2020,1,Flowering,0.84,5.81,0.532,1,74.0,2.03,33.1,0.35,2020-06-09 02:00:00
2020-06-10,3,2020,1,Flowering,0.85,6.58,0.427,1,78.0,12.22,33.3,0.339,2020-06-10 02:00:00
2020-06-11,3,2020,1,Flowering,0.89,5.73,0.433,1,69.0,2.01,31.7,0.355,2020-06-11 02:00:00
2020-06-12,3,2020,1,Flowering,0.84,5.83,0.365,1,72.0,2.04,31.7,0.373,2020-06-12 02:00:00
2020-06-13,3,2020,1,Flowering,0.89,6.18,0.343,1,71.0,2.16,31.0,0.34,2020-06-13 02:00:00
2020-06-14,3,2020,1,Flowering,0.85,5.34,0.379,1,72.0,1.87,30.4,0.317,2020-06-14 02:00:00
2020-06-15,3,2020,1,Flowering,0.89,5.83,0.409,1,72.0,2.04,30.5,0.33,2020-06-15 02:00:00
2020-06-16,3,2020,1,Flowering,0.88,6.59,0.408,1,67.0,2.31,31.7,0.343,2020-06-16 02:00:00
2020-06-17,3,2020,1,Flowering,0.86,5.99,0.333,1,77.0,5.31,32.6,0.34,2020-06-17 02:00:00
2020-06-18,3,2020,1,Flowering,0.84,5.92,0.317,1,76.0,2.07,31.9,0.361,2020-06-18 02:00:00
2020-06-19,3,2020,1,Flowering,0.92,6.59,0.275,1,76.0,2.31,34.5,0.373,2020-06-19 02:00:00
2020-06-20,3,2020,1,Flowering,0.89,5.54,0.288,1,68.0,1.94,33.4,0.365,2020-06-20 02:00:00
2020-06-21,3,2020,1,Flowering,0.89,5.91,0.329,1,70.0,2.07,32.2,0.33,2020-06-21 02:00:00
2020-06-22,3,2020,1,Flowering,0.88,6.07,0.323,1,69.0,2.12,31.6,0.353,2020-06-22 02:00:00
2020-06-23,3,2020,1,Flowering,0.83,5.18,0.343,1,70.0,1.81,31.1,0.33,2020-06-23 02:00:00
2020-06-24,3,2020,1,Flowering,0.91,6.3,0.385,1,75.0,2.2,33.7,0.369,2020-06-24 02:00:00
2020-06-25,3,2020,1,Flowering,0.88,6.4,0.338,1,71.0,2.24,31.1,0.332,2020-06-25 02:00:00
2020-06-26,3,2020,1,Flowering,0.86,5.77,0.378,1,72.0,2.02,32.7,0.297,2020-06-26 02:00:00
2020-06-27,3,2020,1,Flowering,0.88,5.83,0.302,1,75.0,9.14,30.4,0.365,2020-06-27 02:00:00
2020-06-28,3,2020,1,Flowering,0.95,6.34,0.334,1,74.0,2.22,32.4,0.352,2020-06-28 02:00:00
2020-06-29,3,2020,1,Flowering,0.88,5.68,0.347,1,71.0,1.99,33.9,0.363,2020-06-29 02:00:00
2020-06-30,3,2020,1,Flowering,0.91,6.36,0.389,1,73.0,2.23,32.0,0.333,2020-06-30 02:00:00
2020-07-01,3,2020,1,Flowering,0.87,5.71,0.423,1,66.0,2.0,31.5,0.303,2020-07-01 02:00:00
2020-07-02,3,2020,1,Grain Filling,0.91,6.19,0.44,1,71.0,2.17,29.5,0.356,2020-07-02 02:00:00
2020-07-03,3,2020,1,Grain Filling,0.89,6.22,0.467,1,73.0,2.18,30.0,0.299,2020-07-03 02:00:00
2020-07-04,3,2020,1,Grain Filling,0.91,6.3,0.461,1,80.0,2.2,30.7,0.343,2020-07-04 02:00:00
2020-07-05,3,2020,1,Grain Filling,0.92,6.39,0.292,1,75.0,10.74,32.0,0.354,2020-07-05 02:00:00
2020-07-06,3,2020,1,Grain Filling,0.88,5.92,0.296,1,76.0,2.07,32.3,0.345,2020-07-06 02:00:00
2020-07-07,3,2020,1,Grain Filling,0.92,6.28,0.328,1,69.0,2.2,31.7,0.358,2020-07-07 02:00:00
2020-07-08,3,2020,1,Grain Filling,0.89,6.29,0.366,1,70.0,2.2,32.4,0.335,2020-07-08 02:00:00
2020-07-09,3,2020,1,Grain Filling,0.94,6.6,0.402,1,72.0,2.31,31.2,0.329,2020-07-09 02:00:00
2020-07-10,3,2020,1,Grain Filling,0.9,6.35,0.437,1,75.0,2.22,34.4,0.346,2020-07-10 02:00:00
2020-07-11,3,2020,1,Grain Filling,0.87,5.78,0.43,1,70.0,2.02,32.6,0.362,2020-07-11 02:00:00
2020-07-12,3,2020,1,Grain Filling,0.96,6.9,0.445,1,71.0,2.42,30.6,0.369,2020-07-12 02:00:00
2020-07-13,3,2020,1,Grain Filling,0.89,6.13,0.486,1,81.0,2.15,32.0,0.302,2020-07-13 02:00:00
2020-07-14,3,2020,1,Grain Filling,0.87,6.32,0.527,1,70.0,2.21,31.4,0.343,2020-07-14 02:00:00
2020-07-15,3,2020,1,Grain Filling,0.94,7.11,0.567,1,76.0,2.49,32.3,0.345,2020-07-15 02:00:00
2020-07-16,3,2020,1,Grain Filling,0.94,6.18,0.586,1,74.0,2.16,32.3,0.289,2020-07-16 02:00:00
2020-07-17,3,2020,1,Grain Filling,0.91,5.99,0.621,1,75.0,2.1,33.2,0.345,2020-07-17 02:00:00
2020-07-18,3,2020,1,Grain Filling,0.89,6.02,0.632,1,72.0,2.11,32.4,0.326,2020-07-18 02:00:00
2020-07-19,3,2020,1,Grain Filling,0.93,6.55,0.674,1,79.0,2.29,33.0,0.291,2020-07-19 02:00:00
2020-07-20,3,2020,1,Grain Filling,0.96,7.03,0.71,1,79.0,2.46,32.0,0.353,2020-07-20 02:00:00
2020-07-21,3,2020,1,Grain Filling,0.91,6.12,0.748,1,73.0,2.14,30.9,0.317,2020-07-21 02:00:00
2020-07-22,3,2020,1,Grain Filling,0.92,6.66,0.774,1,76.0,2.33,34.4,0.301,2020-07-22 02:00:00
2020-07-23,3,2020,1,Grain Filling,0.94,6.59,0.791,1,75.0,2.31,31.4,0.338,2020-07-23 02:00:00
2020-07-24,3,2020,1,Grain Filling,0.96,6.32,0.801,1,70.0,2.21,33.7,0.328,2020-07-24 02:00:00
2020-07-25,3,2020,1,Grain Filling,0.93,6.65,0.788,1,71.0,2.33,30.5,0.328,2020-07-25 02:00:00
2020-07-26,3,2020,1,Grain Filling,0.92,6.39,0.83,1,71.0,2.24,32.3,0.314,2020-07-26 02:00:00
2020-07-27,3,2020,1,Grain Filling,0.9,6.23,0.871,1,77.0,2.18,32.2,0.343,2020-07-27 02:00:00
2020-07-28,3,2020,1,Grain Filling,0.91,6.41,0.766,1,75.0,11.5,29.6,0.329,2020-07-28 02:00:00
2020-07-29,3,2020,1,Grain Filling,0.92,6.07,0.726,1,76.0,2.12,32.2,0.335,2020-07-29 02:00:00
2020-07-30,3,2020,1,Grain Filling,0.94,6.86,0.768,1,74.0,2.4,32.9,0.331,2020-07-30 02:00:00
2020-07-31,3,2020,1,Grain Filling,0.91,6.79,0.812,1,75.0,2.38,33.9,0.301,2020-07-31 02:00:00
2020-08-01,3,2020,1,Grain Filling,1.0,7.15,0.813,1,71.0,2.5,34.1,0.356,2020-08-01 02:00:00
2020-08-02,3,2020,1,Grain Filling,0.96,6.77,0.838,1,67.0,2.37,32.7,0.318,2020-08-02 02:00:00
2020-08-03,3,2020,1,Grain Filling,0.93,6.47,0.864,1,77.0,2.26,32.5,0.348,2020-08-03 02:00:00
2020-08-04,3,2020,1,Grain Filling,0.92,6.14,0.903,1,78.0,2.15,32.1,0.339,2020-08-04 02:00:00
2020-08-05,3,2020,1,Grain Filling,0.95,6.88,0.917,1,72.0,2.41,33.3,0.369,2020-08-05 02:00:00
2020-08-06,3,2020,1,Grain Filling,0.96,6.51,0.917,1,74.0,2.28,32.3,0.317,2020-08-06 02:00:00
2020-08-07,3,2020,1,Grain Filling,0.96,7.0,0.917,1,71.0,2.45,34.2,0.344,2020-08-07 02:00:00
2020-08-08,3,2020,1,Grain Filling,1.0,6.92,0.917,1,75.0,2.42,34.8,0.317,2020-08-08 02:00:00
2020-08-09,3,2020,1,Grain Filling,0.97,7.14,0.917,1,77.0,2.5,32.7,0.277,2020-08-09 02:00:00
2020-08-10,3,2020,1,Grain Filling,0.97,7.08,0.908,1,75.0,2.48,31.2,0.312,2020-08-10 02:00:00
2020-08-11,3,2020,1,Grain Filling,0.97,7.19,0.917,1,70.0,2.52,32.2,0.312,2020-08-11 02:00:00
2020-08-12,3,2020,1,Grain Filling,0.9,6.56,0.917,1,73.0,2.3,31.5,0.313,2020-08-12 02:00:00
2020-08-13,3,2020,1,Grain Filling,0.94,6.73,0.819,1,74.0,10.65,31.8,0.31,2020-08-13 02:00:00
2020-08-14,3,2020,1,Grain Filling,0.98,6.43,0.857,1,81.0,2.25,34.1,0.33,2020-08-14 02:00:00
2020-08-15,3,2020,1,Grain Filling,0.97,6.63,0.878,1,79.0,2.32,33.7,0.298,2020-08-15 02:00:00
2020-08-16,3,2020,1,Grain Filling,0.9,6.53,0.913,1,74.0,2.29,31.8,0.313,2020-08-16 02:00:00
2020-08-17,3,2020,1,Grain Filling,0.95,6.79,0.917,1,75.0,2.38,32.3,0.315,2020-08-17 02:00:00
2020-08-18,3,2020,1,Grain Filling,0.98,7.0,0.841,1,74.0,2.45,34.7,0.312,2020-08-18 02:00:00
2020-08-19,3,2020,1,Grain Filling,1.02,7.59,0.859,1,79.0,2.66,32.5,0.288,2020-08-19 02:00:00
2020-08-20,3,2020,1,Grain Filling,0.98,7.04,0.886,1,76.0,2.46,32.8,0.298,2020-08-20 02:00:00
2020-08-21,3,2020,1,Grain Filling,0.94,6.63,0.917,1,77.0,2.32,32.7,0.339,2020-08-21 02:00:00
2020-08-22,3,2020,1,Grain Filling,0.96,7.04,0.917,1,76.0,2.46,32.7,0.326,2020-08-22 02:00:00
2020-08-23,3,2020,1,Grain Filling,0.99,6.86,0.909,1,80.0,5.07,32.5,0.309,2020-08-23 02:00:00
2020-08-24,3,2020,1,Grain Filling,1.0,6.78,0.917,1,73.0,2.37,33.8,0.323,2020-08-24 02:00:00
2020-08-25,3,2020,1,Grain Filling,0.95,6.4,0.904,1,74.0,2.24,35.7,0.345,2020-08-25 02:00:00
2020-08-26,3,2020,1,Grain Filling,0.98,7.1,0.917,1,84.0,2.48,33.3,0.303,2020-08-26 02:00:00
2020-08-27,3,2020,1,Grain Filling,1.0,7.2,0.917,1,79.0,2.52,34.4,0.282,2020-08-27 02:00:00
2020-08-28,3,2020,1,Grain Filling,0.93,7.22,0.916,1,79.0,2.53,33.3,0.307,2020-08-28 02:00:00
2020-08-29,3,2020,1,Grain Filling,0.94,6.12,0.917,1,79.0,2.14,34.2,0.298,2020-08-29 02:00:00
2020-08-30,3,2020,1,Grain Filling,0.92,6.62,0.917,1,85.0,2.32,32.8,0.285,2020-08-30 02:00:00
2020-08-31,3,2020,1,Grain Filling,0.97,7.07,0.917,1,77.0,2.47,34.5,0.297,2020-08-31 02:00:00
2020-09-01,3,2020,1,Grain Filling,0.97,6.39,0.912,1,77.0,2.24,31.1,0.277,2020-09-01 02:00:00
2020-09-02,3,2020,1,Grain Filling,0.97,7.36,0.917,1,77.0,2.58,33.3,0.287,2020-09-02 02:00:00
2020-09-03,3,2020,1,Grain Filling,1.01,7.23,0.917,1,75.0,2.53,32.6,0.263,2020-09-03 02:00:00
2020-09-04,3,2020,1,Grain Filling,1.0,7.41,0.912,1,79.0,5.84,33.9,0.308,2020-09-04 02:00:00
2020-09-05,3,2020,1,Grain Filling,0.99,7.14,0.917,1,73.0,2.5,33.5,0.297,2020-09-05 02:00:00
2020-09-06,3,2020,1,Grain Filling,0.98,7.83,0.917,1,81.0,2.74,33.0,0.329,2020-09-06 02:00:00
2020-09-07,3,2020,1,Grain Filling,1.02,7.27,0.917,1,78.0,2.54,33.0,0.291,2020-09-07 02:00:00
2020-09-08,3,2020,1,Grain Filling,1.0,7.33,0.896,1,78.0,2.57,33.8,0.328,2020-09-08 02:00:00
2020-09-09,3,2020,1,Grain Filling,0.95,7.31,0.917,1,75.0,2.56,33.1,0.298,2020-09-09 02:00:00
2020-09-10,3,2020,1,Grain Filling,0.97,7.23,0.917,1,73.0,2.53,32.9,0.3,2020-09-10 02:00:00
2020-09-11,3,2020,1,Grain Filling,0.95,6.72,0.917,1,81.0,2.35,32.9,0.311,2020-09-11 02:00:00
2020-09-12,3,2020,1,Grain Filling,1.04,7.57,0.847,1,78.0,6.68,30.1,0.293,2020-09-12 02:00:00
2020-09-13,3,2020,1,Grain Filling,0.99,6.67,0.885,1,75.0,2.33,34.0,0.339,2020-09-13 02:00:00
2020-09-14,3,2020,1,Grain Filling,0.96,7.25,0.916,1,82.0,2.54,33.2,0.262,2020-09-14 02:00:00
2020-09-15,3,2020,1,Grain Filling,0.99,6.77,0.917,1,75.0,2.37,33.9,0.302,2020-09-15 02:00:00
2020-09-16,3,2020,1,Grain Filling,1.05,7.68,0.917,1,77.0,2.69,34.8,0.33,2020-09-16 02:00:00
2020-09-17,3,2020,1,Grain Filling,1.03,7.87,0.917,1,75.0,2.75,34.0,0.327,2020-09-17 02:00:00
2020-09-18,3,2020,1,Grain Filling,1.05,7.92,0.917,1,80.0,2.77,34.2,0.298,2020-09-18 02:00:00
2020-09-19,3,2020,1,Grain Filling,1.02,7.42,0.917,1,73.0,2.6,32.3,0.311,2020-09-19 02:00:00
2020-09-20,3,2020,1,Grain Filling,0.99,7.15,0.916,1,82.0,2.5,35.2,0.306,2020-09-20 02:00:00
2020-09-21,3,2020,1,Grain Filling,0.98,7.36,0.882,1,77.0,7.84,33.8,0.268,2020-09-21 02:00:00
2020-09-22,3,2020,1,Grain Filling,0.99,7.15,0.828,1,75.0,6.33,33.1,0.263,2020-09-22 02:00:00
2020-09-23,3,2020,1,Grain Filling,1.01,6.94,0.742,1,82.0,8.62,31.3,0.316,2020-09-23 02:00:00
2020-09-24,3,2020,1,Grain Filling,1.02,7.82,0.787,1,80.0,2.74,34.6,0.282,2020-09-24 02:00:00
2020-09-25,3,2020,1,Grain Filling,0.96,7.04,0.829,1,78.0,2.46,31.7,0.3,2020-09-25 02:00:00
2020-09-26,3,2020,1,Grain Filling,1.05,8.01,0.87,1,79.0,2.8,34.4,0.277,2020-09-26 02:00:00
2020-09-27,3,2020,1,Grain Filling,1.09,8.28,0.86,1,76.0,2.9,34.0,0.279,2020-09-27 02:00:00
2020-09-28,3,2020,1,Grain Filling,0.97,7.09,0.903,1,79.0,2.48,31.9,0.314,2020-09-28 02:00:00
2020-09-29,3,2020,1,Grain Filling,1.03,7.83,0.891,1,76.0,2.74,31.0,0.249,2020-09-29 02:00:00
2020-09-30,3,2020,1,Grain Filling,1.03,7.79,0.817,1,78.0,10.4,33.9,0.294,2020-09-30 02:00:00
2020-10-01,3,2020,1,Grain Filling,1.09,7.55,0.775,1,78.0,2.64,33.5,0.266,2020-10-01 02:00:00
2020-10-02,3,2020,1,Grain Filling,0.96,7.17,0.819,1,74.0,2.51,34.6,0.278,2020-10-02 02:00:00
2020-10-03,3,2020,1,Grain Filling,1.01,7.19,0.845,1,75.0,2.52,31.6,0.289,2020-10-03 02:00:00
2020-10-04,3,2020,1,Grain Filling,1.05,8.07,0.839,1,81.0,5.94,34.5,0.299,2020-10-04 02:00:00
2020-10-05,3,2020,1,Grain Filling,1.03,7.63,0.824,1,76.0,2.67,34.6,0.299,2020-10-05 02:00:00
2020-10-06,3,2020,1,Grain Filling,1.02,7.21,0.761,1,75.0,9.6,33.4,0.29,2020-10-06 02:00:00
2020-10-07,3,2020,1,Grain Filling,1.0,8.03,0.784,1,88.0,2.81,33.0,0.326,2020-10-07 02:00:00
2020-10-08,3,2020,1,Grain Filling,1.06,7.52,0.828,1,81.0,2.63,33.5,0.303,2020-10-08 02:00:00
2020-10-09,3,2020,1,Grain Filling,1.01,6.7,0.863,1,76.0,2.34,32.7,0.278,2020-10-09 02:00:00
2020-10-10,3,2020,1,Grain Filling,1.02,7.65,0.907,1,77.0,2.68,32.0,0.323,2020-10-10 02:00:00
2020-10-11,3,2020,1,Grain Filling,1.04,7.17,0.816,1,78.0,9.44,32.4,0.31,2020-10-11 02:00:00
2020-10-12,3,2020,1,Grain Filling,1.02,8.18,0.86,1,80.0,2.86,34.5,0.286,2020-10-12 02:00:00
2020-10-13,3,2020,1,Grain Filling,1.06,7.23,0.851,1,77.0,2.53,30.9,0.338,2020-10-13 02:00:00
2020-10-14,3,2020,1,Grain Filling,1.01,7.6,0.711,1,83.0,11.62,33.5,0.26,2020-10-14 02:00:00
2020-10-15,3,2020,1,Grain Filling,1.05,8.42,0.739,1,81.0,2.95,33.7,0.292,2020-10-15 02:00:00
2020-10-16,3,2020,1,Grain Filling,1.03,7.61,0.783,1,73.0,2.66,34.8,0.283,2020-10-16 02:00:00
2020-10-17,3,2020,1,Grain Filling,1.03,8.2,0.799,1,80.0,2.87,34.2,0.285,2020-10-17 02:00:00
2020-10-18,3,2020,1,Grain Filling,1.11,7.94,0.784,1,74.0,2.78,32.9,0.283,2020-10-18 02:00:00
2020-10-19,3,2020,1,Grain Filling,1.05,7.97,0.705,1,79.0,2.79,32.8,0.286,2020-10-19 02:00:00
2020-10-20,3,2020,1,Maturity,1.05,8.26,0.726,1,87.0,2.89,31.7,0.305,2020-10-20 02:00:00
2020-10-21,3,2020,1,Maturity,1.05,7.85,0.652,1,82.0,2.75,34.9,0.282,2020-10-21 02:00:00
2020-10-22,3,2020,1,Maturity,1.04,7.32,0.577,1,75.0,9.85,31.8,0.302,2020-10-22 02:00:00
2020-10-23,3,2020,1,Maturity,1.05,8.13,0.616,1,85.0,2.85,35.0,0.238,2020-10-23 02:00:00
2020-10-24,3,2020,1,Maturity,1.03,7.88,0.624,1,81.0,2.76,33.8,0.304,2020-10-24 02:00:00
2020-10-25,3,2020,1,Maturity,1.05,8.12,0.602,1,81.0,2.84,33.8,0.29,2020-10-25 02:00:00
2020-10-26,3,2020,1,Maturity,1.08,7.84,0.635,1,81.0,2.74,34.1,0.274,2020-10-26 02:00:00
2020-10-27,3,2020,1,Maturity,1.07,7.76,0.608,1,82.0,7.5,36.6,0.29,2020-10-27 02:00:00
2020-10-28,3,2020,1,Maturity,1.08,8.05,0.603,1,77.0,6.13,33.6,0.255,2020-10-28 02:00:00
2020-10-29,3,2020,1,Maturity,1.09,8.62,0.648,1,81.0,3.02,30.6,0.244,2020-10-29 02:00:00
2020-10-30,3,2020,1,Maturity,1.07,8.52,0.52,1,77.0,12.75,34.1,0.28,2020-10-30 02:00:00
2020-10-31,3,2020,1,Maturity,1.04,7.8,0.559,1,83.0,2.73,34.4,0.289,2020-10-31 02:00:00
2020-11-01,3,2020,1,Maturity,1.04,8.47,0.573,1,82.0,2.96,33.3,0.243,2020-11-01 02:00:00
2020-11-02,3,2020,1,Maturity,1.07,7.78,0.565,1,76.0,2.72,31.6,0.279,2020-11-02 02:00:00
2020-11-03,3,2020,1,Maturity,1.11,8.7,0.611,1,82.0,3.04,33.7,0.267,2020-11-03 02:00:00
2020-11-04,3,2020,1,Maturity,1.09,7.84,0.655,1,80.0,2.74,34.5,0.266,2020-11-04 02:00:00
2020-11-05,3,2020,1,Maturity,1.06,8.01,0.7,1,72.0,2.8,33.7,0.285,2020-11-05 02:00:00
2020-11-06,3,2020,1,Maturity,1.02,7.06,0.707,1,82.0,2.47,34.0,0.273,2020-11-06 02:00:00
2020-11-07,3,2020,1,Maturity,1.08,8.44,0.694,1,78.0,6.88,33.4,0.27,2020-11-07 02:00:00
2020-11-08,3,2020,1,Maturity,1.05,7.55,0.737,1,79.0,2.64,34.8,0.249,2020-11-08 02:00:00
2020-11-09,3,2020,1,Maturity,1.12,8.91,0.783,1,86.0,3.12,34.3,0.257,2020-11-09 02:00:00
2020-11-10,3,2020,1,Maturity,0.98,7.48,0.768,1,73.0,2.62,31.6,0.252,2020-11-10 02:00:00
2020-11-11,3,2020,1,Maturity,1.11,8.58,0.813,1,82.0,3.0,33.3,0.284,2020-11-11 02:00:00
2020-11-12,3,2020,1,Maturity,1.09,8.63,0.841,1,78.0,3.02,36.1,0.257,2020-11-12 02:00:00
2020-11-13,3,2020,1,Maturity,1.07,8.33,0.772,1,79.0,2.92,34.4,0.27,2020-11-13 02:00:00
2020-11-14,3,2020,1,Maturity,1.09,7.81,0.767,1,81.0,2.73,34.8,0.26,2020-11-14 02:00:00
2020-11-15,3,2020,1,Maturity,1.08,7.61,0.809,1,89.0,2.66,32.4,0.262,2020-11-15 02:00:00
2020-11-16,3,2020,1,Maturity,1.03,7.68,0.839,1,83.0,2.69,33.6,0.218,2020-11-16 02:00:00
2020-11-17,3,2020,1,Maturity,1.08,8.13,0.878,1,81.0,2.85,34.9,0.243,2020-11-17 02:00:00
2020-11-18,3,2020,1,Maturity,1.1,7.84,0.908,1,76.0,2.74,37.4,0.278,2020-11-18 02:00:00
2020-11-19,3,2020,1,Maturity,1.07,7.77,0.917,1,80.0,2.72,32.1,0.248,2020-11-19 02:00:00
2020-11-20,3,2020,1,Maturity,1.09,7.89,0.917,1,75.0,2.76,34.6,0.272,2020-11-20 02:00:00
2020-11-21,3,2020,1,Maturity,1.14,8.54,0.808,1,80.0,2.99,35.0,0.277,2020-11-21 02:00:00
2020-11-22,3,2020,1,Maturity,1.12,8.49,0.854,1,89.0,2.97,35.4,0.26,2020-11-22 02:00:00
2020-11-23,3,2020,1,Maturity,1.1,9.2,0.904,1,79.0,3.22,37.1,0.206,2020-11-23 02:00:00
2020-11-24,3,2020,1,Maturity,1.1,8.55,0.911,1,74.0,2.99,34.3,0.236,2020-11-24 02:00:00
2020-11-25,3,2020,1,Maturity,1.11,8.07,0.868,1,80.0,7.86,33.1,0.24,2020-11-25 02:00:00
2020-11-26,3,2020,1,Maturity,1.1,7.67,0.91,1,83.0,2.68,32.2,0.28,2020-11-26 02:00:00
2020-11-27,3,2020,1,Maturity,1.11,8.0,0.917,1,89.0,2.8,34.2,0.242,2020-11-27 02:00:00
2020-11-28,3,2020,1,Maturity,1.12,7.92,0.886,1,82.0,7.69,34.2,0.242,2020-11-28 02:00:00
2020-11-29,3,2020,1,Maturity,1.16,8.35,0.917,1,84.0,2.92,31.7,0.279,2020-11-29 02:00:00
2020-11-30,3,2020,1,Maturity,1.11,8.98,0.917,1,81.0,3.14,31.6,0.231,2020-11-30 02:00:00
2020-12-01,3,2020,1,Maturity,1.12,7.47,0.917,1,88.0,2.61,32.3,0.303,2020-12-01 02:00:00
2020-12-02,3,2020,1,Maturity,1.12,8.03,0.917,1,75.0,2.81,33.3,0.24,2020-12-02 02:00:00
2020-12-03,3,2020,1,Maturity,1.11,8.8,0.916,1,88.0,3.08,35.6,0.265,2020-12-03 02:00:00
2020-12-04,3,2020,1,Maturity,1.12,8.25,0.917,1,77.0,2.89,30.9,0.249,2020-12-04 02:00:00
2020-12-05,3,2020,1,Maturity,1.07,7.56,0.917,1,78.0,2.65,33.3,0.242,2020-12-05 02:00:00
2020-12-06,3,2020,1,Maturity,1.11,9.05,0.917,1,80.0,3.17,34.9,0.24,2020-12-06 02:00:00
2020-12-07,3,2020,1,Maturity,1.11,8.54,0.917,1,87.0,2.99,37.2,0.281,2020-12-07 02:00:00
2020-12-08,3,2020,1,Maturity,1.08,7.81,0.917,1,84.0,2.73,33.8,0.276,2020-12-08 02:00:00
2020-12-09,3,2020,1,Maturity,1.15,8.53,0.917,1,83.0,2.99,34.5,0.254,2020-12-09 02:00:00
2020-12-10,3,2020,1,Maturity,1.12,8.53,0.917,1,87.0,2.99,34.3,0.237,2020-12-10 02:00:00
2020-12-11,3,2020,1,Maturity,1.14,8.71,0.917,1,83.0,3.05,33.7,0.236,2020-12-11 02:00:00
2020-12-12,3,2020,1,Maturity,1.17,9.83,0.914,1,81.0,3.44,33.8,0.229,2020-12-12 02:00:00
2020-12-13,3,2020,1,Maturity,1.07,8.59,0.917,1,85.0,3.01,35.8,0.265,2020-12-13 02:00:00
2020-12-14,3,2020,1,Maturity,1.14,8.9,0.917,1,84.0,3.12,32.6,0.27,2020-12-14 02:00:00
2020-12-15,3,2020,1,Maturity,1.14,7.91,0.917,1,88.0,2.77,33.6,0.207,2020-12-15 02:00:00
2020-12-16,3,2020,1,Maturity,1.08,8.58,0.917,1,77.0,3.0,34.2,0.242,2020-12-16 02:00:00
2020-12-17,3,2020,1,Maturity,1.11,8.49,0.86,1,85.0,2.97,32.5,0.266,2020-12-17 02:00:00
2020-12-18,3,2020,1,Maturity,1.13,8.25,0.779,1,87.0,2.89,31.6,0.246,2020-12-18 02:00:00
2020-12-19,3,2020,1,Maturity,1.18,8.69,0.825,1,83.0,3.04,36.5,0.211,2020-12-19 02:00:00
2020-12-20,3,2020,1,Maturity,1.08,8.48,0.871,1,88.0,2.97,33.7,0.24,2020-12-20 02:00:00
2020-12-21,3,2020,1,Maturity,1.18,8.68,0.913,1,86.0,3.04,36.2,0.241,2020-12-21 02:00:00
2020-12-22,3,2020,1,Maturity,1.14,9.13,0.859,1,87.0,5.44,34.5,0.189,2020-12-22 02:00:00
2020-12-23,3,2020,1,Maturity,1.11,9.34,0.861,1,82.0,3.27,36.4,0.217,2020-12-23 02:00:00
2020-12-24,3,2020,1,Maturity,1.14,8.29,0.795,1,78.0,9.84,35.1,0.21,2020-12-24 02:00:00
2020-12-25,3,2020,1,Maturity,1.14,8.27,0.824,1,86.0,2.89,35.4,0.241,2020-12-25 02:00:00
2020-12-26,3,2020,1,Maturity,1.09,7.86,0.859,1,81.0,2.75,35.3,0.202,2020-12-26 02:00:00
2020-12-27,3,2020,1,Maturity,1.14,8.55,0.835,1,86.0,7.2,34.3,0.23,2020-12-27 02:00:00
2020-12-28,3,2020,1,Maturity,1.15,8.92,0.877,1,90.0,3.12,33.5,0.254,2020-12-28 02:00:00
2020-12-29,3,2020,1,Maturity,1.15,9.09,0.867,1,85.0,3.18,36.8,0.204,2020-12-29 02:00:00
2020-12-30,3,2020,1,Maturity,1.15,8.71,0.851,1,90.0,3.05,34.4,0.212,2020-12-30 02:00:00
2020-12-31,3,2020,1,Maturity,1.19,9.55,0.845,1,77.0,6.89,36.5,0.238,2020-12-31 02:00:00
2021-01-01,3,2021,1,Germination,0.65,3.84,0.433,1,68.0,1.34,30.1,0.444,2021-01-01 02:00:00
2021-01-02,3,2021,1,Germination,0.63,3.77,0.466,1,57.0,1.32,28.8,0.456,2021-01-02 02:00:00
2021-01-03,3,2021,1,Germination,0.68,4.43,0.386,1,66.0,8.8,29.9,0.458,2021-01-03 02:00:00
2021-01-04,3,2021,1,Germination,0.61,3.74,0.368,1,57.0,1.31,30.5,0.45,2021-01-04 02:00:00
2021-01-05,3,2021,1,Germination,0.65,3.81,0.399,1,61.0,1.33,29.9,0.461,2021-01-05 02:00:00
2021-01-06,3,2021,1,Germination,0.63,3.82,0.415,1,58.0,1.34,29.1,0.446,2021-01-06 02:00:00
2021-01-07,3,2021,1,Germination,0.69,4.32,0.431,1,61.0,1.51,30.4,0.45,2021-01-07 02:00:00
2021-01-08,3,2021,1,Germination,0.62,3.48,0.44,1,59.0,1.22,31.4,0.443,2021-01-08 02:00:00
2021-01-09,3,2021,1,Germination,0.65,3.87,0.442,1,62.0,1.35,32.2,0.434,2021-01-09 02:00:00
2021-01-10,3,2021,1,Germination,0.67,4.36,0.48,1,61.0,1.53,27.7,0.461,2021-01-10 02:00:00
2021-01-11,3,2021,1,Germination,0.67,3.98,0.512,1,65.0,1.39,30.8,0.462,2021-01-11 02:00:00
2021-01-12,3,2021,1,Germination,0.71,3.92,0.532,1,62.0,1.37,27.2,0.443,2021-01-12 02:00:00
2021-01-13,3,2021,1,Germination,0.66,3.95,0.463,1,59.0,1.38,28.7,0.461,2021-01-13 02:00:00
2021-01-14,3,2021,1,Germination,0.67,4.31,0.468,1,70.0,1.51,28.5,0.434,2021-01-14 02:00:00
2021-01-15,3,2021,1,Germination,0.69,4.25,0.495,1,69.0,1.49,28.4,0.475,2021-01-15 02:00:00
2021-01-16,3,2021,1,Germination,0.74,4.53,0.478,1,61.0,1.59,31.1,0.435,2021-01-16 02:00:00
2021-01-17,3,2021,1,Germination,0.7,4.68,0.336,1,66.0,11.47,29.6,0.464,2021-01-17 02:00:00
2021-01-18,3,2021,1,Germination,0.67,4.35,0.372,1,67.0,1.52,30.6,0.452,2021-01-18 02:00:00
2021-01-19,3,2021,1,Germination,0.64,3.73,0.311,1,60.0,5.59,30.6,0.47,2021-01-19 02:00:00
2021-01-20,3,2021,1,Germination,0.7,4.6,0.25,1,66.0,6.05,30.1,0.429,2021-01-20 02:00:00
2021-01-21,3,2021,1,Germination,0.72,4.65,0.25,1,69.0,1.63,30.7,0.457,2021-01-21 02:00:00
2021-01-22,3,2021,1,Germination,0.61,3.57,0.268,1,63.0,1.25,29.4,0.472,2021-01-22 02:00:00
2021-01-23,3,2021,1,Germination,0.71,4.39,0.267,1,63.0,1.54,29.7,0.454,2021-01-23 02:00:00
2021-01-24,3,2021,1,Germination,0.66,3.75,0.25,1,76.0,8.48,28.7,0.437,2021-01-24 02:00:00
2021-01-25,3,2021,1,Germination,0.66,3.96,0.271,1,60.0,1.39,32.1,0.435,2021-01-25 02:00:00
2021-01-26,3,2021,1,Germination,0.68,4.6,0.288,1,63.0,1.61,30.2,0.394,2021-01-26 02:00:00
2021-01-27,3,2021,1,Germination,0.68,4.52,0.306,1,65.0,1.58,31.5,0.43,2021-01-27 02:00:00
2021-01-28,3,2021,1,Germination,0.68,4.18,0.343,1,58.0,1.46,30.1,0.445,2021-01-28 02:00:00
2021-01-29,3,2021,1,Germination,0.66,4.01,0.35,1,64.0,1.4,32.0,0.435,2021-01-29 02:00:00
2021-01-30,3,2021,1,Germination,0.72,4.69,0.362,1,60.0,1.64,30.8,0.411,2021-01-30 02:00:00
2021-01-31,3,2021,1,Germination,0.71,4.33,0.378,1,68.0,1.52,30.6,0.463,2021-01-31 02:00:00
2021-02-01,3,2021,1,Germination,0.61,3.67,0.411,1,64.0,1.28,29.3,0.449,2021-02-01 02:00:00
2021-02-02,3,2021,1,Germination,0.67,3.92,0.426,1,71.0,1.37,28.6,0.412,2021-02-02 02:00:00
2021-02-03,3,2021,1,Germination,0.74,5.14,0.45,1,65.0,1.8,29.6,0.436,2021-02-03 02:00:00
2021-02-04,3,2021,1,Germination,0.71,4.48,0.312,1,60.0,10.51,29.8,0.396,2021-02-04 02:00:00
2021-02-05,3,2021,1,Germination,0.68,3.88,0.346,1,68.0,1.36,27.9,0.408,2021-02-05 02:00:00
2021-02-06,3,2021,1,Germination,0.69,4.46,0.381,1,63.0,1.56,30.6,0.432,2021-02-06 02:00:00
2021-02-07,3,2021,1,Germination,0.68,4.67,0.38,1,61.0,1.63,28.8,0.406,2021-02-07 02:00:00
2021-02-08,3,2021,1,Germination,0.71,4.19,0.401,1,60.0,1.47,28.4,0.439,2021-02-08 02:00:00
2021-02-09,3,2021,1,Germination,0.73,4.75,0.434,1,65.0,1.66,28.8,0.442,2021-02-09 02:00:00
2021-02-10,3,2021,1,Germination,0.69,4.52,0.435,1,63.0,1.58,29.5,0.427,2021-02-10 02:00:00
2021-02-11,3,2021,1,Germination,0.68,3.76,0.451,1,63.0,1.32,29.3,0.427,2021-02-11 02:00:00
2021-02-12,3,2021,1,Germination,0.7,4.21,0.474,1,66.0,1.47,30.1,0.436,2021-02-12 02:00:00
2021-02-13,3,2021,1,Germination,0.7,4.47,0.478,1,67.0,1.56,29.1,0.441,2021-02-13 02:00:00
2021-02-14,3,2021,1,Germination,0.75,4.75,0.46,1,66.0,1.66,29.2,0.449,2021-02-14 02:00:00
2021-02-15,3,2021,1,Germination,0.76,4.61,0.46,1,60.0,1.61,31.8,0.407,2021-02-15 02:00:00
2021-02-16,3,2021,1,Germination,0.68,4.36,0.495,1,67.0,1.53,28.9,0.426,2021-02-16 02:00:00
2021-02-17,3,2021,1,Germination,0.73,4.42,0.519,1,68.0,1.55,29.6,0.43,2021-02-17 02:00:00
2021-02-18,3,2021,1,Germination,0.75,4.65,0.547,1,67.0,1.63,27.7,0.412,2021-02-18 02:00:00
2021-02-19,3,2021,1,Germination,0.74,4.53,0.449,1,70.0,9.28,31.2,0.427,2021-02-19 02:00:00
2021-02-20,3,2021,1,Germination,0.71,4.52,0.438,1,67.0,1.58,27.0,0.406,2021-02-20 02:00:00
2021-02-21,3,2021,1,Germination,0.74,4.33,0.454,1,60.0,1.52,30.9,0.422,2021-02-21 02:00:00
2021-02-22,3,2021,1,Germination,0.78,5.01,0.472,1,62.0,1.75,31.1,0.407,2021-02-22 02:00:00
2021-02-23,3,2021,1,Germination,0.72,4.79,0.486,1,65.0,1.68,32.2,0.456,2021-02-23 02:00:00
2021-02-24,3,2021,1,Germination,0.69,4.12,0.381,1,73.0,8.66,29.0,0.441,2021-02-24 02:00:00
2021-02-25,3,2021,1,Germination,0.75,4.75,0.369,1,65.0,1.66,30.4,0.414,2021-02-25 02:00:00
2021-02-26,3,2021,1,Germination,0.69,4.5,0.338,1,69.0,5.45,32.6,0.422,2021-02-26 02:00:00
2021-02-27,3,2021,1,Germination,0.73,4.36,0.375,1,63.0,1.53,29.8,0.434,2021-02-27 02:00:00
2021-02-28,3,2021,1,Germination,0.72,4.61,0.393,1,64.0,1.61,30.2,0.431,2021-02-28 02:00:00
2021-03-01,3,2021,1,Germination,0.72,4.62,0.415,1,70.0,1.62,31.3,0.427,2021-03-01 02:00:00
2021-03-02,3,2021,1,Germination,0.75,5.41,0.342,1,73.0,9.56,31.1,0.41,2021-03-02 02:00:00
2021-03-03,3,2021,1,Germination,0.75,4.34,0.305,1,65.0,1.52,30.6,0.421,2021-03-03 02:00:00
2021-03-04,3,2021,1,Germination,0.7,4.74,0.31,1,72.0,1.66,33.4,0.431,2021-03-04 02:00:00
2021-03-05,3,2021,1,Germination,0.73,4.77,0.306,1,66.0,1.67,31.4,0.45,2021-03-05 02:00:00
2021-03-06,3,2021,1,Germination,0.76,5.19,0.342,1,63.0,1.82,31.5,0.408,2021-03-06 02:00:00
2021-03-07,3,2021,1,Germination,0.76,4.97,0.376,1,65.0,1.74,30.1,0.395,2021-03-07 02:00:00
2021-03-08,3,2021,1,Germination,0.77,4.79,0.405,1,68.0,1.68,30.2,0.402,2021-03-08 02:00:00
2021-03-09,3,2021,1,Germination,0.75,5.1,0.438,1,69.0,1.78,29.0,0.399,2021-03-09 02:00:00
2021-03-10,3,2021,1,Germination,0.67,4.36,0.429,1,62.0,1.53,29.6,0.386,2021-03-10 02:00:00
2021-03-11,3,2021,1,Germination,0.72,4.57,0.412,1,70.0,1.6,32.3,0.412,2021-03-11 02:00:00
2021-03-12,3,2021,1,Germination,0.74,4.88,0.398,1,71.0,1.71,31.6,0.401,2021-03-12 02:00:00
2021-03-13,3,2021,1,Germination,0.82,5.22,0.436,1,70.0,1.83,30.6,0.378,2021-03-13 02:00:00
2021-03-14,3,2021,1,Germination,0.81,5.02,0.389,1,67.0,7.26,29.0,0.425,2021-03-14 02:00:00
2021-03-15,3,2021,1,Vegetative,0.73,4.45,0.421,1,65.0,1.56,30.2,0.444,2021-03-15 02:00:00
2021-03-16,3,2021,1,Vegetative,0.73,4.66,0.457,1,70.0,1.63,31.1,0.403,2021-03-16 02:00:00
2021-03-17,3,2021,1,Vegetative,0.8,5.07,0.459,1,64.0,1.77,30.0,0.413,2021-03-17 02:00:00
2021-03-18,3,2021,1,Vegetative,0.73,4.74,0.493,1,64.0,1.66,31.3,0.435,2021-03-18 02:00:00
2021-03-19,3,2021,1,Vegetative,0.73,4.75,0.519,1,72.0,1.66,31.1,0.414,2021-03-19 02:00:00
2021-03-20,3,2021,1,Vegetative,0.74,4.68,0.552,1,71.0,1.64,30.8,0.374,2021-03-20 02:00:00
2021-03-21,3,2021,1,Vegetative,0.78,5.33,0.592,1,71.0,1.87,30.4,0.364,2021-03-21 02:00:00
2021-03-22,3,2021,1,Vegetative,0.78,4.98,0.627,1,70.0,1.74,29.7,0.398,2021-03-22 02:00:00
2021-03-23,3,2021,1,Vegetative,0.73,4.82,0.638,1,63.0,1.69,28.7,0.422,2021-03-23 02:00:00
2021-03-24,3,2021,1,Vegetative,0.79,5.29,0.676,1,64.0,1.85,31.1,0.383,2021-03-24 02:00:00
2021-03-25,3,2021,1,Vegetative,0.74,4.82,0.703,1,65.0,1.69,30.7,0.41,2021-03-25 02:00:00
2021-03-26,3,2021,1,Vegetative,0.76,4.43,0.738,1,77.0,1.55,29.8,0.446,2021-03-26 02:00:00
2021-03-27,3,2021,1,Vegetative,0.73,4.72,0.775,1,66.0,1.65,28.8,0.381,2021-03-27 02:00:00
2021-03-28,3,2021,1,Vegetative,0.73,4.57,0.749,1,68.0,1.6,28.5,0.398,2021-03-28 02:00:00
2021-03-29,3,2021,1,Vegetative,0.79,4.97,0.76,1,71.0,1.74,31.0,0.376,2021-03-29 02:00:00
2021-03-30,3,2021,1,Vegetative,0.75,4.88,0.686,1,66.0,1.71,31.4,0.43,2021-03-30 02:00:00
2021-03-31,3,2021,1,Vegetative,0.8,5.21,0.724,1,61.0,1.82,29.0,0.361,2021-03-31 02:00:00
2021-04-01,3,2021,1,Vegetative,0.75,4.95,0.754,1,68.0,1.73,32.5,0.351,2021-04-01 02:00:00
2021-04-02,3,2021,1,Vegetative,0.73,4.25,0.671,1,62.0,8.08,27.9,0.361,2021-04-02 02:00:00
2021-04-03,3,2021,1,Vegetative,0.81,5.52,0.675,1,61.0,1.93,31.7,0.384,2021-04-03 02:00:00
2021-04-04,3,2021,1,Vegetative,0.75,5.03,0.708,1,73.0,1.76,31.7,0.395,2021-04-04 02:00:00
2021-04-05,3,2021,1,Vegetative,0.73,4.76,0.718,1,65.0,1.67,29.5,0.363,2021-04-05 02:00:00
2021-04-06,3,2021,1,Vegetative,0.8,5.08,0.752,1,75.0,1.78,30.1,0.363,2021-04-06 02:00:00
2021-04-07,3,2021,1,Vegetative,0.76,5.08,0.778,1,71.0,1.78,31.4,0.368,2021-04-07 02:00:00
2021-04-08,3,2021,1,Vegetative,0.73,4.48,0.809,1,72.0,1.57,29.6,0.362,2021-04-08 02:00:00
2021-04-09,3,2021,1,Vegetative,0.8,4.8,0.838,1,64.0,1.68,31.9,0.385,2021-04-09 02:00:00
2021-04-10,3,2021,1,Vegetative,0.79,5.46,0.804,1,69.0,1.91,30.7,0.388,2021-04-10 02:00:00
2021-04-11,3,2021,1,Vegetative,0.78,5.26,0.794,1,64.0,1.84,28.8,0.38,2021-04-11 02:00:00
2021-04-12,3,2021,1,Vegetative,0.81,5.34,0.809,1,69.0,1.87,30.1,0.316,2021-04-12 02:00:00
2021-04-13,3,2021,1,Vegetative,0.77,5.01,0.77,1,65.0,1.75,29.4,0.358,2021-04-13 02:00:00
2021-04-14,3,2021,1,Vegetative,0.82,5.35,0.798,1,72.0,1.87,29.7,0.38,2021-04-14 02:00:00
2021-04-15,3,2021,1,Vegetative,0.85,6.07,0.835,1,64.0,2.12,28.7,0.359,2021-04-15 02:00:00
2021-04-16,3,2021,1,Vegetative,0.8,4.91,0.828,1,70.0,1.72,31.6,0.392,2021-04-16 02:00:00
2021-04-17,3,2021,1,Vegetative,0.78,5.17,0.84,1,71.0,1.81,31.4,0.387,2021-04-17 02:00:00
2021-04-18,3,2021,1,Vegetative,0.77,5.13,0.877,1,70.0,1.8,29.4,0.386,2021-04-18 02:00:00
2021-04-19,3,2021,1,Vegetative,0.78,4.95,0.915,1,70.0,1.73,30.9,0.418,2021-04-19 02:00:00
2021-04-20,3,2021,1,Vegetative,0.82,5.36,0.816,1,74.0,11.08,31.3,0.374,2021-04-20 02:00:00
2021-04-21,3,2021,1,Vegetative,0.73,4.91,0.855,1,73.0,1.72,30.4,0.409,2021-04-21 02:00:00
2021-04-22,3,2021,1,Vegetative,0.76,5.24,0.813,1,66.0,4.91,30.1,0.401,2021-04-22 02:00:00
2021-04-23,3,2021,1,Vegetative,0.85,5.35,0.814,1,70.0,1.87,30.3,0.394,2021-04-23 02:00:00
2021-04-24,3,2021,1,Vegetative,0.85,5.66,0.688,1,70.0,1.98,30.1,0.41,2021-04-24 02:00:00
2021-04-25,3,2021,1,Vegetative,0.78,5.69,0.73,1,71.0,1.99,30.5,0.39,2021-04-25 02:00:00
2021-04-26,3,2021,1,Vegetative,0.75,5.16,0.662,1,70.0,1.81,30.8,0.36,2021-04-26 02:00:00
2021-04-27,3,2021,1,Vegetative,0.85,5.79,0.698,1,63.0,2.03,29.2,0.364,2021-04-27 02:00:00
2021-04-28,3,2021,1,Vegetative,0.81,5.74,0.684,1,71.0,2.01,32.2,0.39,2021-04-28 02:00:00
2021-04-29,3,2021,1,Vegetative,0.72,4.74,0.72,1,72.0,1.66,32.6,0.405,2021-04-29 02:00:00
2021-04-30,3,2021,1,Vegetative,0.82,5.47,0.759,1,73.0,1.91,30.0,0.368,2021-04-30 02:00:00
2021-05-01,3,2021,1,Vegetative,0.85,5.63,0.796,1,72.0,1.97,31.1,0.373,2021-05-01 02:00:00
2021-05-02,3,2021,1,Flowering,0.82,5.51,0.697,1,73.0,10.4,30.8,0.371,2021-05-02 02:00:00
2021-05-03,3,2021,1,Flowering,0.83,5.11,0.73,1,71.0,1.79,30.1,0.355,2021-05-03 02:00:00
2021-05-04,3,2021,1,Flowering,0.8,5.38,0.691,1,65.0,1.88,31.0,0.38,2021-05-04 02:00:00
2021-05-05,3,2021,1,Flowering,0.83,5.86,0.728,1,68.0,2.05,30.6,0.409,2021-05-05 02:00:00
2021-05-06,3,2021,1,Flowering,0.84,5.73,0.595,1,74.0,11.51,33.3,0.386,2021-05-06 02:00:00
2021-05-07,3,2021,1,Flowering,0.79,5.25,0.635,1,67.0,1.84,31.4,0.372,2021-05-07 02:00:00
2021-05-08,3,2021,1,Flowering,0.83,5.64,0.65,1,60.0,1.97,30.8,0.364,2021-05-08 02:00:00
2021-05-09,3,2021,1,Flowering,0.81,5.04,0.577,1,68.0,6.59,31.0,0.337,2021-05-09 02:00:00
2021-05-10,3,2021,1,Flowering,0.84,5.62,0.587,1,68.0,1.97,30.6,0.368,2021-05-10 02:00:00
2021-05-11,3,2021,1,Flowering,0.83,5.79,0.627,1,72.0,2.03,29.7,0.393,2021-05-11 02:00:00
2021-05-12,3,2021,1,Flowering,0.75,5.21,0.535,1,69.0,1.82,32.6,0.38,2021-05-12 02:00:00
2021-05-13,3,2021,1,Flowering,0.82,5.2,0.558,1,72.0,1.82,30.4,0.359,2021-05-13 02:00:00
2021-05-14,3,2021,1,Flowering,0.88,5.77,0.585,1,75.0,2.02,30.3,0.398,2021-05-14 02:00:00
2021-05-15,3,2021,1,Flowering,0.81,5.44,0.308,1,71.0,1.9,31.6,0.364,2021-05-15 02:00:00
2021-05-16,3,2021,1,Flowering,0.85,5.81,0.331,1,64.0,2.03,30.9,0.346,2021-05-16 02:00:00
2021-05-17,3,2021,1,Flowering,0.87,5.73,0.342,1,74.0,2.01,29.7,0.377,2021-05-17 02:00:00
2021-05-18,3,2021,1,Flowering,0.86,5.88,0.37,1,75.0,2.06,31.1,0.398,2021-05-18 02:00:00
2021-05-19,3,2021,1,Flowering,0.86,5.73,0.403,1,70.0,2.01,32.5,0.366,2021-05-19 02:00:00
2021-05-20,3,2021,1,Flowering,0.78,5.07,0.441,1,64.0,1.77,31.3,0.344,2021-05-20 02:00:00
2021-05-21,3,2021,1,Flowering,0.85,5.81,0.387,1,69.0,2.03,31.1,0.346,2021-05-21 02:00:00
2021-05-22,3,2021,1,Flowering,0.9,5.84,0.34,1,76.0,7.01,32.5,0.381,2021-05-22 02:00:00
2021-05-23,3,2021,1,Flowering,0.86,5.62,0.362,1,70.0,1.97,29.9,0.345,2021-05-23 02:00:00
2021-05-24,3,2021,1,Flowering,0.81,5.52,0.379,1,77.0,1.93,31.1,0.368,2021-05-24 02:00:00
2021-05-25,3,2021,1,Flowering,0.84,5.6,0.395,1,71.0,1.96,31.7,0.35,2021-05-25 02:00:00
2021-05-26,3,2021,1,Flowering,0.86,5.59,0.418,1,69.0,1.96,31.8,0.377,2021-05-26 02:00:00
2021-05-27,3,2021,1,Flowering,0.84,5.21,0.439,1,67.0,1.82,31.2,0.355,2021-05-27 02:00:00
2021-05-28,3,2021,1,Flowering,0.84,5.32,0.438,1,69.0,1.86,31.7,0.347,2021-05-28 02:00:00
2021-05-29,3,2021,1,Flowering,0.93,5.88,0.444,1,70.0,2.06,32.2,0.379,2021-05-29 02:00:00
2021-05-30,3,2021,1,Flowering,0.84,5.58,0.438,1,68.0,1.95,32.7,0.38,2021-05-30 02:00:00
2021-05-31,3,2021,1,Flowering,0.82,5.54,0.469,1,71.0,1.94,30.8,0.362,2021-05-31 02:00:00
2021-06-01,3,2021,1,Flowering,0.85,5.26,0.426,1,70.0,1.84,29.0,0.348,2021-06-01 02:00:00
2021-06-02,3,2021,1,Flowering,0.86,6.71,0.457,1,82.0,2.35,30.1,0.388,2021-06-02 02:00:00
2021-06-03,3,2021,1,Flowering,0.84,5.85,0.495,1,65.0,2.05,30.7,0.34,2021-06-03 02:00:00
2021-06-04,3,2021,1,Flowering,0.87,6.17,0.536,1,76.0,2.16,32.8,0.374,2021-06-04 02:00:00
2021-06-05,3,2021,1,Flowering,0.84,5.75,0.577,1,74.0,2.01,31.6,0.349,2021-06-05 02:00:00
2021-06-06,3,2021,1,Flowering,0.87,5.98,0.612,1,69.0,2.09,31.1,0.37,2021-06-06 02:00:00
2021-06-07,3,2021,1,Flowering,0.85,5.37,0.646,1,71.0,1.88,30.1,0.357,2021-06-07 02:00:00
2021-06-08,3,2021,1,Flowering,0.88,5.76,0.659,1,72.0,2.02,32.6,0.354,2021-06-08 02:00:00
2021-06-09,3,2021,1,Flowering,0.83,5.38,0.697,1,71.0,1.88,29.9,0.333,2021-06-09 02:00:00
2021-06-10,3,2021,1,Flowering,0.91,6.02,0.595,1,70.0,2.11,32.6,0.356,2021-06-10 02:00:00
2021-06-11,3,2021,1,Flowering,0.89,5.91,0.624,1,66.0,2.07,29.2,0.332,2021-06-11 02:00:00
2021-06-12,3,2021,1,Flowering,0.83,5.34,0.646,1,74.0,1.87,29.2,0.329,2021-06-12 02:00:00
2021-06-13,3,2021,1,Flowering,0.88,5.87,0.61,1,79.0,2.05,31.5,0.33,2021-06-13 02:00:00
2021-06-14,3,2021,1,Flowering,0.9,6.24,0.642,1,71.0,2.18,29.8,0.346,2021-06-14 02:00:00
2021-06-15,3,2021,1,Flowering,0.84,5.33,0.66,1,75.0,1.87,31.6,0.348,2021-06-15 02:00:00
2021-06-16,3,2021,1,Flowering,0.9,6.09,0.692,1,80.0,2.13,32.2,0.391,2021-06-16 02:00:00
2021-06-17,3,2021,1,Flowering,0.9,6.03,0.712,1,75.0,2.11,32.4,0.342,2021-06-17 02:00:00
2021-06-18,3,2021,1,Flowering,0.92,6.27,0.7,1,69.0,2.19,30.6,0.351,2021-06-18 02:00:00
2021-06-19,3,2021,1,Flowering,0.9,5.69,0.739,1,68.0,1.99,32.6,0.378,2021-06-19 02:00:00
2021-06-20,3,2021,1,Flowering,0.85,6.26,0.779,1,65.0,2.19,31.5,0.37,2021-06-20 02:00:00
2021-06-21,3,2021,1,Flowering,0.93,6.15,0.806,1,76.0,2.15,32.3,0.335,2021-06-21 02:00:00
2021-06-22,3,2021,1,Flowering,0.87,6.4,0.709,1,73.0,9.98,31.6,0.318,2021-06-22 02:00:00
2021-06-23,3,2021,1,Flowering,0.88,5.82,0.685,1,73.0,5.32,31.4,0.335,2021-06-23 02:00:00
2021-06-24,3,2021,1,Flowering,0.91,6.64,0.727,1,74.0,2.32,31.7,0.326,2021-06-24 02:00:00
2021-06-25,3,2021,1,Flowering,0.93,6.29,0.732,1,74.0,2.2,33.7,0.349,2021-06-25 02:00:00
2021-06-26,3,2021,1,Flowering,0.92,6.17,0.697,1,79.0,7.16,31.5,0.316,2021-06-26 02:00:00
2021-06-27,3,2021,1,Flowering,0.91,6.1,0.696,1,75.0,2.13,33.4,0.32,2021-06-27 02:00:00
2021-06-28,3,2021,1,Flowering,0.94,6.33,0.716,1,69.0,2.22,31.8,0.334,2021-06-28 02:00:00
2021-06-29,3,2021,1,Flowering,0.88,6.24,0.743,1,70.0,2.18,30.1,0.332,2021-06-29 02:00:00
2021-06-30,3,2021,1,Flowering,0.87,5.96,0.584,1,66.0,2.09,30.2,0.352,2021-06-30 02:00:00
2021-07-01,3,2021,1,Flowering,0.9,6.74,0.628,1,69.0,2.36,32.7,0.351,2021-07-01 02:00:00
2021-07-02,3,2021,1,Grain Filling,0.87,5.91,0.668,1,68.0,2.07,31.1,0.319,2021-07-02 02:00:00
2021-07-03,3,2021,1,Grain Filling,0.93,6.37,0.703,1,68.0,2.23,32.7,0.352,2021-07-03 02:00:00
2021-07-04,3,2021,1,Grain Filling,0.94,6.76,0.706,1,78.0,2.37,34.3,0.354,2021-07-04 02:00:00
2021-07-05,3,2021,1,Grain Filling,0.87,5.99,0.739,1,69.0,2.1,31.8,0.318,2021-07-05 02:00:00
2021-07-06,3,2021,1,Grain Filling,0.9,6.52,0.782,1,74.0,2.28,33.5,0.384,2021-07-06 02:00:00
2021-07-07,3,2021,1,Grain Filling,0.93,6.24,0.811,1,75.0,2.18,34.4,0.352,2021-07-07 02:00:00
2021-07-08,3,2021,1,Grain Filling,0.96,6.76,0.755,1,71.0,2.37,31.0,0.317,2021-07-08 02:00:00
2021-07-09,3,2021,1,Grain Filling,0.94,6.62,0.797,1,73.0,2.32,31.2,0.318,2021-07-09 02:00:00
2021-07-10,3,2021,1,Grain Filling,0.92,6.0,0.799,1,67.0,2.1,32.7,0.333,2021-07-10 02:00:00
2021-07-11,3,2021,1,Grain Filling,0.91,6.2,0.839,1,73.0,2.17,31.3,0.343,2021-07-11 02:00:00
2021-07-12,3,2021,1,Grain Filling,0.95,6.37,0.799,1,75.0,2.23,31.4,0.351,2021-07-12 02:00:00
2021-07-13,3,2021,1,Grain Filling,0.88,6.74,0.752,1,77.0,2.36,31.8,0.31,2021-07-13 02:00:00
2021-07-14,3,2021,1,Grain Filling,0.91,6.34,0.671,1,75.0,10.42,33.0,0.312,2021-07-14 02:00:00
2021-07-15,3,2021,1,Grain Filling,0.94,6.7,0.694,1,71.0,2.34,31.8,0.323,2021-07-15 02:00:00
2021-07-16,3,2021,1,Grain Filling,0.9,6.2,0.719,1,76.0,2.17,32.2,0.305,2021-07-16 02:00:00
2021-07-17,3,2021,1,Grain Filling,0.93,6.08,0.754,1,67.0,2.13,31.0,0.367,2021-07-17 02:00:00
2021-07-18,3,2021,1,Grain Filling,0.91,6.52,0.782,1,74.0,2.28,32.0,0.312,2021-07-18 02:00:00
2021-07-19,3,2021,1,Grain Filling,0.94,6.56,0.8,1,76.0,2.3,30.7,0.352,2021-07-19 02:00:00
2021-07-20,3,2021,1,Grain Filling,0.91,6.76,0.84,1,73.0,2.37,34.1,0.299,2021-07-20 02:00:00
2021-07-21,3,2021,1,Grain Filling,0.97,6.94,0.859,1,82.0,2.43,31.7,0.287,2021-07-21 02:00:00
2021-07-22,3,2021,1,Grain Filling,0.95,6.25,0.878,1,81.0,2.19,32.5,0.309,2021-07-22 02:00:00
2021-07-23,3,2021,1,Grain Filling,0.96,6.42,0.899,1,73.0,2.25,31.1,0.331,2021-07-23 02:00:00
2021-07-24,3,2021,1,Grain Filling,0.94,6.61,0.779,1,77.0,11.63,30.7,0.325,2021-07-24 02:00:00
2021-07-25,3,2021,1,Grain Filling,0.89,6.13,0.811,1,75.0,2.15,32.7,0.314,2021-07-25 02:00:00
2021-07-26,3,2021,1,Grain Filling,0.94,6.58,0.806,1,74.0,2.3,34.2,0.338,2021-07-26 02:00:00
2021-07-27,3,2021,1,Grain Filling,0.9,6.11,0.827,1,71.0,2.14,32.3,0.323,2021-07-27 02:00:00
2021-07-28,3,2021,1,Grain Filling,0.93,6.3,0.775,1,73.0,2.2,35.0,0.301,2021-07-28 02:00:00
2021-07-29,3,2021,1,Grain Filling,0.92,6.79,0.776,1,75.0,2.38,30.8,0.342,2021-07-29 02:00:00
2021-07-30,3,2021,1,Grain Filling,0.97,6.91,0.81,1,72.0,2.42,32.5,0.338,2021-07-30 02:00:00
2021-07-31,3,2021,1,Grain Filling,0.94,6.86,0.854,1,82.0,2.4,34.3,0.328,2021-07-31 02:00:00
2021-08-01,3,2021,1,Grain Filling,0.95,6.48,0.892,1,78.0,2.27,33.3,0.344,2021-08-01 02:00:00
2021-08-02,3,2021,1,Grain Filling,0.93,6.69,0.917,1,77.0,2.34,32.2,0.309,2021-08-02 02:00:00
2021-08-03,3,2021,1,Grain Filling,0.95,7.02,0.917,1,81.0,2.46,32.7,0.318,2021-08-03 02:00:00
2021-08-04,3,2021,1,Grain Filling,0.95,6.59,0.886,1,77.0,6.1,33.5,0.354,2021-08-04 02:00:00
2021-08-05,3,2021,1,Grain Filling,0.93,6.55,0.917,1,78.0,2.29,31.9,0.315,2021-08-05 02:00:00
2021-08-06,3,2021,1,Grain Filling,1.01,7.01,0.902,1,75.0,2.45,31.2,0.294,2021-08-06 02:00:00
2021-08-07,3,2021,1,Grain Filling,0.89,6.64,0.839,1,76.0,2.32,33.4,0.308,2021-08-07 02:00:00
2021-08-08,3,2021,1,Grain Filling,0.98,7.23,0.877,1,72.0,2.53,32.5,0.3,2021-08-08 02:00:00
2021-08-09,3,2021,1,Grain Filling,0.89,6.65,0.745,1,77.0,8.55,33.9,0.284,2021-08-09 02:00:00
2021-08-10,3,2021,1,Grain Filling,0.99,6.94,0.756,1,71.0,2.43,33.2,0.277,2021-08-10 02:00:00
2021-08-11,3,2021,1,Grain Filling,0.94,6.67,0.764,1,77.0,2.33,31.8,0.287,2021-08-11 02:00:00
2021-08-12,3,2021,1,Grain Filling,1.0,6.91,0.804,1,71.0,2.42,31.0,0.28,2021-08-12 02:00:00
2021-08-13,3,2021,1,Grain Filling,1.0,7.52,0.786,1,74.0,2.63,30.8,0.286,2021-08-13 02:00:00
2021-08-14,3,2021,1,Grain Filling,0.92,6.52,0.711,1,75.0,9.61,31.5,0.29,2021-08-14 02:00:00
2021-08-15,3,2021,1,Grain Filling,0.93,6.44,0.744,1,70.0,2.25,32.4,0.312,2021-08-15 02:00:00
2021-08-16,3,2021,1,Grain Filling,0.96,7.16,0.787,1,78.0,2.51,31.4,0.331,2021-08-16 02:00:00
2021-08-17,3,2021,1,Grain Filling,0.98,6.73,0.815,1,78.0,2.36,33.4,0.345,2021-08-17 02:00:00
2021-08-18,3,2021,1,Grain Filling,0.93,6.64,0.839,1,73.0,2.32,30.6,0.293,2021-08-18 02:00:00
2021-08-19,3,2021,1,Grain Filling,0.92,6.79,0.878,1,79.0,2.38,34.3,0.328,2021-08-19 02:00:00
2021-08-20,3,2021,1,Grain Filling,0.97,7.05,0.914,1,75.0,2.47,31.6,0.324,2021-08-20 02:00:00
2021-08-21,3,2021,1,Grain Filling,0.95,6.69,0.917,1,75.0,2.34,31.2,0.284,2021-08-21 02:00:00
2021-08-22,3,2021,1,Grain Filling,0.93,6.55,0.909,1,78.0,2.29,33.3,0.323,2021-08-22 02:00:00
2021-08-23,3,2021,1,Grain Filling,0.95,6.89,0.917,1,75.0,2.41,31.3,0.271,2021-08-23 02:00:00
2021-08-24,3,2021,1,Grain Filling,0.99,7.44,0.917,1,76.0,2.6,32.0,0.342,2021-08-24 02:00:00
2021-08-25,3,2021,1,Grain Filling,0.99,7.79,0.908,1,77.0,2.73,32.3,0.295,2021-08-25 02:00:00
2021-08-26,3,2021,1,Grain Filling,0.96,7.25,0.917,1,72.0,2.54,33.2,0.314,2021-08-26 02:00:00
2021-08-27,3,2021,1,Grain Filling,0.99,6.99,0.917,1,77.0,2.45,33.4,0.318,2021-08-27 02:00:00
2021-08-28,3,2021,1,Grain Filling,0.97,7.04,0.917,1,76.0,2.46,33.6,0.317,2021-08-28 02:00:00
2021-08-29,3,2021,1,Grain Filling,1.02,7.25,0.86,1,75.0,2.54,30.5,0.304,2021-08-29 02:00:00
2021-08-30,3,2021,1,Grain Filling,1.0,7.39,0.898,1,76.0,2.59,31.2,0.305,2021-08-30 02:00:00
2021-08-31,3,2021,1,Grain Filling,0.96,6.83,0.801,1,75.0,10.9,33.5,0.281,2021-08-31 02:00:00
2021-09-01,3,2021,1,Grain Filling,0.98,6.69,0.841,1,77.0,2.34,31.9,0.331,2021-09-01 02:00:00
2021-09-02,3,2021,1,Grain Filling,0.99,7.43,0.84,1,76.0,2.6,35.1,0.308,2021-09-02 02:00:00
2021-09-03,3,2021,1,Grain Filling,0.97,6.8,0.705,1,74.0,2.38,33.5,0.283,2021-09-03 02:00:00
2021-09-04,3,2021,1,Grain Filling,0.97,6.94,0.702,1,78.0,2.43,31.0,0.307,2021-09-04 02:00:00
2021-09-05,3,2021,1,Grain Filling,1.04,7.29,0.732,1,78.0,2.55,33.0,0.308,2021-09-05 02:00:00
2021-09-06,3,2021,1,Grain Filling,1.0,6.99,0.758,1,76.0,2.45,32.1,0.271,2021-09-06 02:00:00
2021-09-07,3,2021,1,Grain Filling,0.96,7.03,0.803,1,76.0,2.46,34.9,0.282,2021-09-07 02:00:00
2021-09-08,3,2021,1,Grain Filling,1.0,6.93,0.764,1,80.0,2.43,32.3,0.258,2021-09-08 02:00:00
2021-09-09,3,2021,1,Grain Filling,0.97,7.1,0.692,1,77.0,8.06,32.9,0.311,2021-09-09 02:00:00
2021-09-10,3,2021,1,Grain Filling,0.97,6.78,0.697,1,74.0,2.37,35.5,0.285,2021-09-10 02:00:00
2021-09-11,3,2021,1,Grain Filling,1.01,7.6,0.738,1,75.0,2.66,33.9,0.286,2021-09-11 02:00:00
2021-09-12,3,2021,1,Grain Filling,1.0,7.96,0.745,1,82.0,2.79,35.0,0.265,2021-09-12 02:00:00
2021-09-13,3,2021,1,Grain Filling,1.01,7.86,0.791,1,77.0,2.75,34.9,0.295,2021-09-13 02:00:00
2021-09-14,3,2021,1,Grain Filling,1.02,7.62,0.836,1,85.0,2.67,33.4,0.311,2021-09-14 02:00:00
2021-09-15,3,2021,1,Grain Filling,1.0,7.13,0.839,1,80.0,2.5,31.9,0.278,2021-09-15 02:00:00
2021-09-16,3,2021,1,Grain Filling,0.97,7.35,0.882,1,76.0,2.57,32.8,0.32,2021-09-16 02:00:00
2021-09-17,3,2021,1,Grain Filling,1.04,7.03,0.895,1,81.0,2.46,30.2,0.284,2021-09-17 02:00:00
2021-09-18,3,2021,1,Grain Filling,0.97,7.22,0.888,1,76.0,2.53,35.3,0.292,2021-09-18 02:00:00
2021-09-19,3,2021,1,Grain Filling,1.01,6.73,0.917,1,74.0,2.36,32.1,0.277,2021-09-19 02:00:00
2021-09-20,3,2021,1,Grain Filling,0.98,7.1,0.917,1,80.0,2.48,32.4,0.286,2021-09-20 02:00:00
2021-09-21,3,2021,1,Grain Filling,0.99,7.12,0.887,1,80.0,7.3,33.2,0.307,2021-09-21 02:00:00
2021-09-22,3,2021,1,Grain Filling,1.03,7.38,0.917,1,78.0,2.58,31.1,0.307,2021-09-22 02:00:00
2021-09-23,3,2021,1,Grain Filling,0.97,7.53,0.917,1,85.0,2.64,31.0,0.33,2021-09-23 02:00:00
2021-09-24,3,2021,1,Grain Filling,1.05,7.57,0.917,1,72.0,2.65,32.9,0.248,2021-09-24 02:00:00
2021-09-25,3,2021,1,Grain Filling,1.04,7.66,0.868,1,85.0,6.35,33.0,0.268,2021-09-25 02:00:00
2021-09-26,3,2021,1,Grain Filling,1.04,7.09,0.798,1,75.0,9.19,32.0,0.285,2021-09-26 02:00:00
2021-09-27,3,2021,1,Grain Filling,1.01,7.96,0.811,1,76.0,2.79,32.2,0.281,2021-09-27 02:00:00
2021-09-28,3,2021,1,Grain Filling,0.95,6.42,0.795,1,72.0,4.85,32.0,0.275,2021-09-28 02:00:00
2021-09-29,3,2021,1,Grain Filling,1.08,7.75,0.821,1,77.0,2.71,34.3,0.318,2021-09-29 02:00:00
2021-09-30,3,2021,1,Grain Filling,0.99,6.76,0.863,1,81.0,2.37,34.0,0.283,2021-09-30 02:00:00
2021-10-01,3,2021,1,Grain Filling,1.03,7.53,0.904,1,83.0,2.64,33.4,0.274,2021-10-01 02:00:00
2021-10-02,3,2021,1,Grain Filling,1.0,6.94,0.917,1,81.0,2.43,33.2,0.31,2021-10-02 02:00:00
2021-10-03,3,2021,1,Grain Filling,1.03,7.62,0.917,1,75.0,2.67,33.6,0.292,2021-10-03 02:00:00
2021-10-04,3,2021,1,Grain Filling,1.02,7.86,0.868,1,81.0,2.75,33.8,0.308,2021-10-04 02:00:00
2021-10-05,3,2021,1,Grain Filling,1.05,8.39,0.901,1,69.0,2.94,36.4,0.264,2021-10-05 02:00:00
2021-10-06,3,2021,1,Grain Filling,1.08,8.28,0.917,1,79.0,2.9,33.4,0.236,2021-10-06 02:00:00
2021-10-07,3,2021,1,Grain Filling,1.08,8.39,0.917,1,78.0,2.94,33.2,0.287,2021-10-07 02:00:00
2021-10-08,3,2021,1,Grain Filling,1.02,7.56,0.917,1,82.0,2.65,34.3,0.272,2021-10-08 02:00:00
2021-10-09,3,2021,1,Grain Filling,1.05,8.14,0.917,1,83.0,2.85,34.8,0.296,2021-10-09 02:00:00
2021-10-10,3,2021,1,Grain Filling,1.06,7.46,0.917,1,78.0,2.61,32.6,0.277,2021-10-10 02:00:00
2021-10-11,3,2021,1,Grain Filling,1.1,8.12,0.917,1,78.0,2.84,33.4,0.268,2021-10-11 02:00:00
2021-10-12,3,2021,1,Grain Filling,1.06,7.97,0.917,1,78.0,2.79,32.2,0.281,2021-10-12 02:00:00
2021-10-13,3,2021,1,Grain Filling,0.99,7.23,0.917,1,78.0,2.53,33.3,0.289,2021-10-13 02:00:00
2021-10-14,3,2021,1,Grain Filling,1.03,7.97,0.917,1,80.0,2.79,33.9,0.293,2021-10-14 02:00:00
2021-10-15,3,2021,1,Grain Filling,1.11,7.89,0.917,1,78.0,2.76,33.4,0.27,2021-10-15 02:00:00
2021-10-16,3,2021,1,Grain Filling,1.08,7.76,0.917,1,79.0,2.72,33.6,0.284,2021-10-16 02:00:00
2021-10-17,3,2021,1,Grain Filling,1.04,7.39,0.917,1,77.0,2.59,32.0,0.276,2021-10-17 02:00:00
2021-10-18,3,2021,1,Grain Filling,1.02,6.99,0.915,1,85.0,2.45,33.9,0.255,2021-10-18 02:00:00
2021-10-19,3,2021,1,Grain Filling,1.08,8.25,0.917,1,80.0,2.89,34.1,0.245,2021-10-19 02:00:00
2021-10-20,3,2021,1,Maturity,1.02,7.83,0.917,1,86.0,2.74,34.5,0.228,2021-10-20 02:00:00
2021-10-21,3,2021,1,Maturity,1.11,8.3,0.917,1,91.0,2.9,32.0,0.293,2021-10-21 02:00:00
2021-10-22,3,2021,1,Maturity,1.07,7.76,0.917,1,81.0,2.72,33.9,0.237,2021-10-22 02:00:00
2021-10-23,3,2021,1,Maturity,1.05,7.73,0.917,1,85.0,2.71,33.7,0.295,2021-10-23 02:00:00
2021-10-24,3,2021,1,Maturity,1.09,7.69,0.865,1,78.0,8.99,33.6,0.273,2021-10-24 02:00:00
2021-10-25,3,2021,1,Maturity,1.08,7.96,0.88,1,82.0,2.79,33.3,0.245,2021-10-25 02:00:00
2021-10-26,3,2021,1,Maturity,1.01,7.5,0.884,1,74.0,2.62,34.5,0.26,2021-10-26 02:00:00
2021-10-27,3,2021,1,Maturity,1.1,8.08,0.911,1,81.0,2.83,33.6,0.286,2021-10-27 02:00:00
2021-10-28,3,2021,1,Maturity,1.04,7.79,0.908,1,80.0,2.73,35.0,0.273,2021-10-28 02:00:00
2021-10-29,3,2021,1,Maturity,1.1,7.79,0.917,1,78.0,2.73,31.3,0.237,2021-10-29 02:00:00
2021-10-30,3,2021,1,Maturity,1.1,8.04,0.917,1,87.0,2.81,34.3,0.276,2021-10-30 02:00:00
2021-10-31,3,2021,1,Maturity,1.07,7.79,0.917,1,80.0,2.73,36.2,0.265,2021-10-31 02:00:00
2021-11-01,3,2021,1,Maturity,1.09,8.14,0.917,1,84.0,2.85,36.6,0.288,2021-11-01 02:00:00
2021-11-02,3,2021,1,Maturity,1.12,8.23,0.917,1,82.0,2.88,32.3,0.285,2021-11-02 02:00:00
2021-11-03,3,2021,1,Maturity,1.11,8.01,0.917,1,77.0,2.8,31.7,0.268,2021-11-03 02:00:00
2021-11-04,3,2021,1,Maturity,1.02,7.95,0.917,1,80.0,2.78,34.1,0.296,2021-11-04 02:00:00
2021-11-05,3,2021,1,Maturity,1.15,8.08,0.917,1,72.0,2.83,32.0,0.233,2021-11-05 02:00:00
2021-11-06,3,2021,1,Maturity,1.05,7.51,0.917,1,85.0,2.63,34.7,0.291,2021-11-06 02:00:00
2021-11-07,3,2021,1,Maturity,1.03,7.82,0.917,1,85.0,2.74,34.3,0.272,2021-11-07 02:00:00
2021-11-08,3,2021,1,Maturity,1.11,8.26,0.917,1,87.0,2.89,34.0,0.253,2021-11-08 02:00:00
2021-11-09,3,2021,1,Maturity,1.07,8.63,0.917,1,85.0,3.02,32.3,0.278,2021-11-09 02:00:00
2021-11-10,3,2021,1,Maturity,1.04,8.27,0.917,1,79.0,2.89,31.8,0.238,2021-11-10 02:00:00
2021-11-11,3,2021,1,Maturity,1.08,8.27,0.917,1,78.0,2.89,34.3,0.242,2021-11-11 02:00:00
2021-11-12,3,2021,1,Maturity,1.09,7.82,0.897,1,80.0,2.74,32.3,0.28,2021-11-12 02:00:00
2021-11-13,3,2021,1,Maturity,1.1,7.68,0.906,1,82.0,2.69,32.2,0.257,2021-11-13 02:00:00
2021-11-14,3,2021,1,Maturity,1.07,8.22,0.917,1,83.0,2.88,33.6,0.278,2021-11-14 02:00:00
2021-11-15,3,2021,1,Maturity,1.09,8.3,0.917,1,84.0,2.9,33.8,0.224,2021-11-15 02:00:00
2021-11-16,3,2021,1,Maturity,1.08,8.26,0.917,1,87.0,2.89,32.6,0.234,2021-11-16 02:00:00
2021-11-17,3,2021,1,Maturity,1.07,8.12,0.822,1,91.0,9.98,34.6,0.267,2021-11-17 02:00:00
2021-11-18,3,2021,1,Maturity,1.12,8.81,0.832,1,85.0,3.08,33.3,0.216,2021-11-18 02:00:00
2021-11-19,3,2021,1,Maturity,1.06,7.54,0.873,1,78.0,2.64,33.3,0.248,2021-11-19 02:00:00
2021-11-20,3,2021,1,Maturity,1.07,7.65,0.913,1,75.0,2.68,32.7,0.233,2021-11-20 02:00:00
2021-11-21,3,2021,1,Maturity,1.11,8.47,0.917,1,84.0,2.96,35.6,0.243,2021-11-21 02:00:00
2021-11-22,3,2021,1,Maturity,1.1,8.41,0.917,1,75.0,2.94,30.9,0.26,2021-11-22 02:00:00
2021-11-23,3,2021,1,Maturity,1.18,9.01,0.917,1,85.0,3.15,35.3,0.258,2021-11-23 02:00:00
2021-11-24,3,2021,1,Maturity,1.12,9.09,0.917,1,80.0,3.18,34.3,0.265,2021-11-24 02:00:00
2021-11-25,3,2021,1,Maturity,1.08,8.03,0.917,1,86.0,2.81,33.3,0.274,2021-11-25 02:00:00
2021-11-26,3,2021,1,Maturity,1.09,7.84,0.917,1,91.0,2.74,33.6,0.26,2021-11-26 02:00:00
2021-11-27,3,2021,1,Maturity,1.15,8.65,0.917,1,80.0,3.03,34.8,0.263,2021-11-27 02:00:00
2021-11-28,3,2021,1,Maturity,1.07,8.35,0.846,1,84.0,10.63,32.0,0.239,2021-11-28 02:00:00
2021-11-29,3,2021,1,Maturity,1.12,8.47,0.891,1,84.0,2.96,32.6,0.23,2021-11-29 02:00:00
2021-11-30,3,2021,1,Maturity,1.06,7.65,0.79,1,84.0,12.34,35.0,0.258,2021-11-30 02:00:00
2021-12-01,3,2021,1,Maturity,1.11,8.41,0.83,1,74.0,2.94,35.1,0.223,2021-12-01 02:00:00
2021-12-02,3,2021,1,Maturity,1.08,8.72,0.875,1,74.0,3.05,34.6,0.263,2021-12-02 02:00:00
2021-12-03,3,2021,1,Maturity,1.15,8.59,0.917,1,83.0,3.01,32.1,0.271,2021-12-03 02:00:00
2021-12-04,3,2021,1,Maturity,1.11,8.14,0.917,1,78.0,2.85,35.7,0.253,2021-12-04 02:00:00
2021-12-05,3,2021,1,Maturity,1.1,7.75,0.895,1,76.0,6.7,32.9,0.267,2021-12-05 02:00:00
2021-12-06,3,2021,1,Maturity,1.13,8.44,0.833,1,85.0,2.95,33.8,0.287,2021-12-06 02:00:00
2021-12-07,3,2021,1,Maturity,1.16,8.83,0.779,1,84.0,3.09,31.1,0.225,2021-12-07 02:00:00
2021-12-08,3,2021,1,Maturity,1.12,8.86,0.739,1,78.0,3.1,33.8,0.242,2021-12-08 02:00:00
2021-12-09,3,2021,1,Maturity,1.14,9.63,0.774,1,80.0,3.37,34.8,0.256,2021-12-09 02:00:00
2021-12-10,3,2021,1,Maturity,1.16,8.74,0.82,1,85.0,3.06,35.5,0.229,2021-12-10 02:00:00
2021-12-11,3,2021,1,Maturity,1.08,8.37,0.827,1,76.0,2.93,32.5,0.205,2021-12-11 02:00:00
2021-12-12,3,2021,1,Maturity,1.16,9.08,0.873,1,77.0,3.18,33.9,0.22,2021-12-12 02:00:00
2021-12-13,3,2021,1,Maturity,1.14,8.64,0.897,1,77.0,3.02,31.0,0.281,2021-12-13 02:00:00
2021-12-14,3,2021,1,Maturity,1.18,9.07,0.917,1,82.0,3.17,33.7,0.221,2021-12-14 02:00:00
2021-12-15,3,2021,1,Maturity,1.16,8.5,0.917,1,84.0,2.97,33.5,0.225,2021-12-15 02:00:00
2021-12-16,3,2021,1,Maturity,1.15,8.5,0.673,1,80.0,2.97,34.1,0.253,2021-12-16 02:00:00
2021-12-17,3,2021,1,Maturity,1.14,8.32,0.717,1,83.0,2.91,35.3,0.258,2021-12-17 02:00:00
2021-12-18,3,2021,1,Maturity,1.1,7.82,0.756,1,85.0,2.74,34.1,0.25,2021-12-18 02:00:00
2021-12-19,3,2021,1,Maturity,1.15,8.63,0.8,1,85.0,3.02,33.0,0.22,2021-12-19 02:00:00
2021-12-20,3,2021,1,Maturity,1.15,8.64,0.845,1,77.0,3.02,35.2,0.231,2021-12-20 02:00:00
2021-12-21,3,2021,1,Maturity,1.13,8.78,0.854,1,78.0,3.07,33.5,0.238,2021-12-21 02:00:00
2021-12-22,3,2021,1,Maturity,1.13,9.2,0.898,1,79.0,3.22,36.2,0.239,2021-12-22 02:00:00
2021-12-23,3,2021,1,Maturity,1.11,8.87,0.917,1,82.0,3.1,33.9,0.223,2021-12-23 02:00:00
2021-12-24,3,2021,1,Maturity,1.07,8.4,0.917,1,78.0,2.94,36.5,0.213,2021-12-24 02:00:00
2021-12-25,3,2021,1,Maturity,1.13,8.75,0.917,1,83.0,3.06,34.4,0.247,2021-12-25 02:00:00
2021-12-26,3,2021,1,Maturity,1.19,9.03,0.917,1,85.0,3.16,32.8,0.209,2021-12-26 02:00:00
2021-12-27,3,2021,1,Maturity,1.15,8.86,0.917,1,82.0,3.1,36.1,0.226,2021-12-27 02:00:00
2021-12-28,3,2021,1,Maturity,1.16,8.47,0.917,1,83.0,2.96,35.2,0.255,2021-12-28 02:00:00
2021-12-29,3,2021,1,Maturity,1.14,9.33,0.917,1,95.0,3.27,34.8,0.198,2021-12-29 02:00:00
2021-12-30,3,2021,1,Maturity,1.16,8.95,0.893,1,86.0,3.13,33.7,0.234,2021-12-30 02:00:00
2021-12-31,3,2021,1,Maturity,1.15,8.33,0.917,1,88.0,2.92,35.0,0.231,2021-12-31 02:00:00
2022-01-01,3,2022,1,Germination,0.67,4.28,0.433,1,67.0,1.5,30.4,0.433,2022-01-01 02:00:00
2022-01-02,3,2022,1,Germination,0.63,3.88,0.464,1,58.0,1.36,30.7,0.448,2022-01-02 02:00:00
2022-01-03,3,2022,1,Germination,0.66,3.94,0.476,1,64.0,1.38,29.2,0.457,2022-01-03 02:00:00
2022-01-04,3,2022,1,Germination,0.67,4.12,0.406,1,69.0,1.44,31.3,0.452,2022-01-04 02:00:00
2022-01-05,3,2022,1,Germination,0.64,3.75,0.295,1,67.0,11.05,28.4,0.469,2022-01-05 02:00:00
2022-01-06,3,2022,1,Germination,0.66,3.34,0.29,1,58.0,1.17,25.8,0.42,2022-01-06 02:00:00
2022-01-07,3,2022,1,Germination,0.66,4.12,0.313,1,61.0,1.44,28.1,0.414,2022-01-07 02:00:00
2022-01-08,3,2022,1,Germination,0.7,4.31,0.25,1,59.0,9.2,28.6,0.43,2022-01-08 02:00:00
2022-01-09,3,2022,1,Germination,0.63,3.75,0.254,1,62.0,1.31,31.3,0.406,2022-01-09 02:00:00
2022-01-10,3,2022,1,Germination,0.63,3.95,0.259,1,56.0,1.38,30.5,0.46,2022-01-10 02:00:00
2022-01-11,3,2022,1,Germination,0.71,4.42,0.25,1,60.0,1.55,29.4,0.452,2022-01-11 02:00:00
2022-01-12,3,2022,1,Germination,0.67,3.97,0.276,1,64.0,1.39,30.1,0.425,2022-01-12 02:00:00
2022-01-13,3,2022,1,Germination,0.62,3.78,0.276,1,64.0,1.32,29.7,0.451,2022-01-13 02:00:00
2022-01-14,3,2022,1,Germination,0.72,4.25,0.287,1,68.0,1.49,29.6,0.409,2022-01-14 02:00:00
2022-01-15,3,2022,1,Germination,0.68,4.3,0.292,1,63.0,1.5,30.7,0.407,2022-01-15 02:00:00
2022-01-16,3,2022,1,Germination,0.67,4.12,0.25,1,61.0,5.97,29.9,0.402,2022-01-16 02:00:00
2022-01-17,3,2022,1,Germination,0.65,4.06,0.25,1,63.0,1.42,30.1,0.449,2022-01-17 02:00:00
2022-01-18,3,2022,1,Germination,0.65,4.11,0.268,1,63.0,1.44,29.8,0.44,2022-01-18 02:00:00
2022-01-19,3,2022,1,Germination,0.66,4.44,0.273,1,58.0,1.55,29.5,0.459,2022-01-19 02:00:00
2022-01-20,3,2022,1,Germination,0.71,4.9,0.294,1,61.0,1.72,31.1,0.424,2022-01-20 02:00:00
2022-01-21,3,2022,1,Germination,0.67,4.23,0.25,1,60.0,9.84,28.4,0.437,2022-01-21 02:00:00
2022-01-22,3,2022,1,Germination,0.71,4.64,0.283,1,60.0,1.62,28.2,0.459,2022-01-22 02:00:00
2022-01-23,3,2022,1,Germination,0.68,4.42,0.294,1,61.0,1.55,29.4,0.48,2022-01-23 02:00:00
2022-01-24,3,2022,1,Germination,0.72,4.2,0.25,1,65.0,4.6,31.1,0.445,2022-01-24 02:00:00
2022-01-25,3,2022,1,Germination,0.65,4.35,0.262,1,60.0,1.52,29.5,0.466,2022-01-25 02:00:00
2022-01-26,3,2022,1,Germination,0.65,4.1,0.279,1,64.0,1.43,30.7,0.45,2022-01-26 02:00:00
2022-01-27,3,2022,1,Germination,0.69,4.38,0.316,1,60.0,1.53,27.9,0.453,2022-01-27 02:00:00
2022-01-28,3,2022,1,Germination,0.7,4.28,0.352,1,68.0,1.5,29.7,0.403,2022-01-28 02:00:00
2022-01-29,3,2022,1,Germination,0.68,4.48,0.372,1,67.0,1.57,29.9,0.437,2022-01-29 02:00:00
2022-01-30,3,2022,1,Germination,0.69,4.36,0.38,1,60.0,1.53,29.4,0.438,2022-01-30 02:00:00
2022-01-31,3,2022,1,Germination,0.66,4.37,0.396,1,55.0,1.53,30.9,0.442,2022-01-31 02:00:00
2022-02-01,3,2022,1,Germination,0.68,4.11,0.427,1,60.0,1.44,28.6,0.426,2022-02-01 02:00:00
2022-02-02,3,2022,1,Germination,0.7,4.56,0.465,1,64.0,1.6,30.3,0.455,2022-02-02 02:00:00
2022-02-03,3,2022,1,Germination,0.66,4.18,0.501,1,70.0,1.46,29.6,0.478,2022-02-03 02:00:00
2022-02-04,3,2022,1,Germination,0.74,4.28,0.532,1,68.0,1.5,26.7,0.439,2022-02-04 02:00:00
2022-02-05,3,2022,1,Germination,0.67,4.14,0.558,1,61.0,1.45,31.4,0.438,2022-02-05 02:00:00
2022-02-06,3,2022,1,Germination,0.63,4.12,0.558,1,59.0,1.44,29.1,0.421,2022-02-06 02:00:00
2022-02-07,3,2022,1,Germination,0.67,4.18,0.594,1,63.0,1.46,30.0,0.434,2022-02-07 02:00:00
2022-02-08,3,2022,1,Germination,0.71,4.3,0.623,1,68.0,1.5,29.0,0.424,2022-02-08 02:00:00
2022-02-09,3,2022,1,Germination,0.72,4.66,0.621,1,62.0,1.63,31.2,0.432,2022-02-09 02:00:00
2022-02-10,3,2022,1,Germination,0.72,4.6,0.517,1,64.0,10.34,32.1,0.411,2022-02-10 02:00:00
2022-02-11,3,2022,1,Germination,0.78,4.61,0.528,1,66.0,1.61,32.1,0.407,2022-02-11 02:00:00
2022-02-12,3,2022,1,Germination,0.77,4.71,0.544,1,63.0,1.65,30.3,0.418,2022-02-12 02:00:00
2022-02-13,3,2022,1,Germination,0.68,4.56,0.525,1,69.0,5.1,29.6,0.401,2022-02-13 02:00:00
2022-02-14,3,2022,1,Germination,0.69,4.21,0.548,1,65.0,1.47,31.2,0.386,2022-02-14 02:00:00
2022-02-15,3,2022,1,Germination,0.76,5.02,0.585,1,69.0,1.76,31.5,0.417,2022-02-15 02:00:00
2022-02-16,3,2022,1,Germination,0.69,4.01,0.573,1,65.0,1.4,32.1,0.403,2022-02-16 02:00:00
2022-02-17,3,2022,1,Germination,0.72,4.5,0.591,1,61.0,1.58,31.1,0.404,2022-02-17 02:00:00
2022-02-18,3,2022,1,Germination,0.68,4.11,0.627,1,68.0,1.44,30.2,0.43,2022-02-18 02:00:00
2022-02-19,3,2022,1,Germination,0.73,4.47,0.659,1,58.0,1.56,29.7,0.426,2022-02-19 02:00:00
2022-02-20,3,2022,1,Germination,0.71,4.47,0.622,1,67.0,4.42,31.0,0.441,2022-02-20 02:00:00
2022-02-21,3,2022,1,Germination,0.72,4.7,0.587,1,64.0,3.85,29.0,0.42,2022-02-21 02:00:00
2022-02-22,3,2022,1,Germination,0.73,4.49,0.616,1,65.0,1.57,29.2,0.402,2022-02-22 02:00:00
2022-02-23,3,2022,1,Germination,0.69,3.92,0.642,1,72.0,1.37,30.9,0.39,2022-02-23 02:00:00
2022-02-24,3,2022,1,Germination,0.74,4.39,0.617,1,66.0,1.54,31.1,0.44,2022-02-24 02:00:00
2022-02-25,3,2022,1,Germination,0.76,5.01,0.621,1,64.0,1.75,31.0,0.412,2022-02-25 02:00:00
2022-02-26,3,2022,1,Germination,0.78,4.82,0.569,1,70.0,1.69,28.8,0.416,2022-02-26 02:00:00
2022-02-27,3,2022,1,Germination,0.74,4.61,0.6,1,60.0,1.61,31.8,0.409,2022-02-27 02:00:00
2022-02-28,3,2022,1,Germination,0.69,4.34,0.636,1,63.0,1.52,28.1,0.421,2022-02-28 02:00:00
2022-03-01,3,2022,1,Germination,0.69,4.08,0.668,1,63.0,1.43,30.3,0.42,2022-03-01 02:00:00
2022-03-02,3,2022,1,Germination,0.73,4.57,0.648,1,73.0,1.6,32.4,0.42,2022-03-02 02:00:00
2022-03-03,3,2022,1,Germination,0.73,4.83,0.678,1,64.0,1.69,32.7,0.395,2022-03-03 02:00:00
2022-03-04,3,2022,1,Germination,0.69,4.41,0.715,1,59.0,1.54,29.3,0.429,2022-03-04 02:00:00
2022-03-05,3,2022,1,Germination,0.72,4.62,0.749,1,71.0,1.62,29.6,0.4,2022-03-05 02:00:00
2022-03-06,3,2022,1,Germination,0.7,4.43,0.777,1,64.0,1.55,29.4,0.44,2022-03-06 02:00:00
2022-03-07,3,2022,1,Germination,0.73,4.93,0.796,1,64.0,1.73,30.3,0.365,2022-03-07 02:00:00
2022-03-08,3,2022,1,Germination,0.74,4.93,0.818,1,54.0,1.73,30.6,0.438,2022-03-08 02:00:00
2022-03-09,3,2022,1,Germination,0.71,4.49,0.823,1,64.0,1.57,29.9,0.402,2022-03-09 02:00:00
2022-03-10,3,2022,1,Germination,0.68,4.22,0.827,1,66.0,1.48,29.8,0.416,2022-03-10 02:00:00
2022-03-11,3,2022,1,Germination,0.79,5.29,0.817,1,61.0,1.85,29.5,0.428,2022-03-11 02:00:00
2022-03-12,3,2022,1,Germination,0.76,4.73,0.793,1,70.0,1.66,29.8,0.41,2022-03-12 02:00:00
2022-03-13,3,2022,1,Germination,0.77,4.99,0.832,1,71.0,1.75,32.4,0.405,2022-03-13 02:00:00
2022-03-14,3,2022,1,Germination,0.73,4.73,0.853,1,63.0,1.66,30.4,0.372,2022-03-14 02:00:00
2022-03-15,3,2022,1,Vegetative,0.78,5.21,0.826,1,63.0,1.82,29.8,0.383,2022-03-15 02:00:00
2022-03-16,3,2022,1,Vegetative,0.72,4.51,0.841,1,60.0,1.58,29.7,0.379,2022-03-16 02:00:00
2022-03-17,3,2022,1,Vegetative,0.74,4.87,0.875,1,69.0,1.7,30.8,0.417,2022-03-17 02:00:00
2022-03-18,3,2022,1,Vegetative,0.71,4.27,0.889,1,73.0,1.49,29.9,0.411,2022-03-18 02:00:00
2022-03-19,3,2022,1,Vegetative,0.76,4.92,0.883,1,68.0,1.72,32.5,0.412,2022-03-19 02:00:00
2022-03-20,3,2022,1,Vegetative,0.75,4.81,0.907,1,59.0,1.68,30.4,0.383,2022-03-20 02:00:00
2022-03-21,3,2022,1,Vegetative,0.79,5.05,0.917,1,60.0,1.77,30.9,0.371,2022-03-21 02:00:00
2022-03-22,3,2022,1,Vegetative,0.73,5.0,0.917,1,61.0,1.75,30.2,0.454,2022-03-22 02:00:00
2022-03-23,3,2022,1,Vegetative,0.74,4.35,0.867,1,62.0,1.52,31.1,0.386,2022-03-23 02:00:00
2022-03-24,3,2022,1,Vegetative,0.71,4.27,0.895,1,64.0,1.49,32.3,0.403,2022-03-24 02:00:00
2022-03-25,3,2022,1,Vegetative,0.73,4.52,0.902,1,71.0,1.58,29.1,0.432,2022-03-25 02:00:00
2022-03-26,3,2022,1,Vegetative,0.76,4.62,0.917,1,61.0,1.62,31.0,0.354,2022-03-26 02:00:00
2022-03-27,3,2022,1,Vegetative,0.8,5.32,0.917,1,69.0,1.86,31.1,0.378,2022-03-27 02:00:00
2022-03-28,3,2022,1,Vegetative,0.76,4.97,0.917,1,69.0,1.74,29.4,0.434,2022-03-28 02:00:00
2022-03-29,3,2022,1,Vegetative,0.77,5.02,0.917,1,74.0,1.76,29.2,0.416,2022-03-29 02:00:00
2022-03-30,3,2022,1,Vegetative,0.79,5.25,0.917,1,70.0,1.84,32.7,0.413,2022-03-30 02:00:00
2022-03-31,3,2022,1,Vegetative,0.77,5.23,0.917,1,68.0,1.83,31.3,0.388,2022-03-31 02:00:00
2022-04-01,3,2022,1,Vegetative,0.75,5.22,0.917,1,67.0,1.83,30.9,0.396,2022-04-01 02:00:00
2022-04-02,3,2022,1,Vegetative,0.75,5.03,0.917,1,68.0,1.76,31.6,0.364,2022-04-02 02:00:00
2022-04-03,3,2022,1,Vegetative,0.78,5.34,0.89,1,70.0,1.87,29.0,0.413,2022-04-03 02:00:00
2022-04-04,3,2022,1,Vegetative,0.79,4.78,0.785,1,57.0,10.87,28.3,0.373,2022-04-04 02:00:00
2022-04-05,3,2022,1,Vegetative,0.78,5.0,0.794,1,63.0,1.75,30.9,0.4,2022-04-05 02:00:00
2022-04-06,3,2022,1,Vegetative,0.83,5.62,0.832,1,72.0,1.97,32.9,0.419,2022-04-06 02:00:00
2022-04-07,3,2022,1,Vegetative,0.77,4.65,0.869,1,74.0,1.63,32.8,0.384,2022-04-07 02:00:00
2022-04-08,3,2022,1,Vegetative,0.8,5.44,0.899,1,74.0,1.9,29.8,0.392,2022-04-08 02:00:00
2022-04-09,3,2022,1,Vegetative,0.76,5.16,0.917,1,71.0,1.81,30.8,0.357,2022-04-09 02:00:00
2022-04-10,3,2022,1,Vegetative,0.85,5.73,0.818,1,65.0,11.09,30.3,0.357,2022-04-10 02:00:00
2022-04-11,3,2022,1,Vegetative,0.76,4.92,0.856,1,65.0,1.72,29.9,0.413,2022-04-11 02:00:00
2022-04-12,3,2022,1,Vegetative,0.77,5.21,0.857,1,72.0,1.82,28.6,0.41,2022-04-12 02:00:00
2022-04-13,3,2022,1,Vegetative,0.79,5.09,0.895,1,66.0,1.78,30.0,0.418,2022-04-13 02:00:00
2022-04-14,3,2022,1,Vegetative,0.82,5.13,0.811,1,72.0,6.01,28.8,0.382,2022-04-14 02:00:00
2022-04-15,3,2022,1,Vegetative,0.76,4.88,0.747,1,67.0,1.71,29.0,0.413,2022-04-15 02:00:00
2022-04-16,3,2022,1,Vegetative,0.8,5.1,0.617,1,61.0,8.08,30.4,0.378,2022-04-16 02:00:00
2022-04-17,3,2022,1,Vegetative,0.8,5.27,0.633,1,72.0,1.84,31.0,0.352,2022-04-17 02:00:00
2022-04-18,3,2022,1,Vegetative,0.72,4.44,0.649,1,70.0,1.55,31.8,0.375,2022-04-18 02:00:00
2022-04-19,3,2022,1,Vegetative,0.82,5.47,0.668,1,69.0,1.91,30.2,0.386,2022-04-19 02:00:00
2022-04-20,3,2022,1,Vegetative,0.81,5.45,0.708,1,70.0,1.91,31.2,0.37,2022-04-20 02:00:00
2022-04-21,3,2022,1,Vegetative,0.85,5.52,0.675,1,62.0,6.15,31.7,0.379,2022-04-21 02:00:00
2022-04-22,3,2022,1,Vegetative,0.8,5.41,0.696,1,70.0,1.89,31.4,0.35,2022-04-22 02:00:00
2022-04-23,3,2022,1,Vegetative,0.83,5.48,0.722,1,71.0,1.92,29.2,0.414,2022-04-23 02:00:00
2022-04-24,3,2022,1,Vegetative,0.8,5.31,0.761,1,70.0,1.86,33.3,0.377,2022-04-24 02:00:00
2022-04-25,3,2022,1,Vegetative,0.86,5.61,0.793,1,68.0,1.96,30.4,0.356,2022-04-25 02:00:00
2022-04-26,3,2022,1,Vegetative,0.84,5.28,0.686,1,75.0,10.86,30.9,0.387,2022-04-26 02:00:00
2022-04-27,3,2022,1,Vegetative,0.83,5.5,0.717,1,72.0,1.92,33.3,0.401,2022-04-27 02:00:00
2022-04-28,3,2022,1,Vegetative,0.8,4.94,0.746,1,70.0,1.73,29.2,0.4,2022-04-28 02:00:00
2022-04-29,3,2022,1,Vegetative,0.8,5.07,0.779,1,68.0,1.77,31.5,0.408,2022-04-29 02:00:00
2022-04-30,3,2022,1,Vegetative,0.83,5.39,0.787,1,64.0,3.91,32.2,0.356,2022-04-30 02:00:00
2022-05-01,3,2022,1,Vegetative,0.82,4.96,0.809,1,71.0,1.74,28.9,0.38,2022-05-01 02:00:00
2022-05-02,3,2022,1,Flowering,0.8,5.72,0.84,1,70.0,2.0,30.3,0.378,2022-05-02 02:00:00
2022-05-03,3,2022,1,Flowering,0.84,5.61,0.866,1,67.0,1.96,30.5,0.403,2022-05-03 02:00:00
2022-05-04,3,2022,1,Flowering,0.79,5.39,0.895,1,63.0,1.89,30.0,0.415,2022-05-04 02:00:00
2022-05-05,3,2022,1,Flowering,0.8,5.26,0.917,1,69.0,1.84,31.1,0.403,2022-05-05 02:00:00
2022-05-06,3,2022,1,Flowering,0.82,5.64,0.842,1,67.0,8.27,31.5,0.379,2022-05-06 02:00:00
2022-05-07,3,2022,1,Flowering,0.84,5.5,0.877,1,68.0,1.92,32.8,0.364,2022-05-07 02:00:00
2022-05-08,3,2022,1,Flowering,0.84,5.65,0.907,1,69.0,1.98,31.5,0.332,2022-05-08 02:00:00
2022-05-09,3,2022,1,Flowering,0.83,5.45,0.917,1,78.0,1.91,28.8,0.388,2022-05-09 02:00:00
2022-05-10,3,2022,1,Flowering,0.83,5.48,0.917,1,69.0,1.92,33.4,0.403,2022-05-10 02:00:00
2022-05-11,3,2022,1,Flowering,0.85,5.93,0.917,1,69.0,2.08,31.8,0.351,2022-05-11 02:00:00
2022-05-12,3,2022,1,Flowering,0.84,5.65,0.916,1,75.0,1.98,32.0,0.361,2022-05-12 02:00:00
2022-05-13,3,2022,1,Flowering,0.84,5.8,0.873,1,74.0,6.38,31.5,0.362,2022-05-13 02:00:00
2022-05-14,3,2022,1,Flowering,0.83,6.1,0.902,1,72.0,2.13,29.6,0.389,2022-05-14 02:00:00
2022-05-15,3,2022,1,Flowering,0.85,5.35,0.917,1,76.0,1.87,31.0,0.366,2022-05-15 02:00:00
2022-05-16,3,2022,1,Flowering,0.88,5.35,0.78,1,64.0,1.87,34.1,0.392,2022-05-16 02:00:00
2022-05-17,3,2022,1,Flowering,0.84,5.51,0.678,1,71.0,10.07,29.9,0.363,2022-05-17 02:00:00
2022-05-18,3,2022,1,Flowering,0.87,5.96,0.7,1,64.0,2.09,28.7,0.381,2022-05-18 02:00:00
2022-05-19,3,2022,1,Flowering,0.84,5.63,0.699,1,75.0,1.97,32.0,0.357,2022-05-19 02:00:00
2022-05-20,3,2022,1,Flowering,0.86,5.43,0.676,1,73.0,1.9,32.4,0.369,2022-05-20 02:00:00
2022-05-21,3,2022,1,Flowering,0.81,5.42,0.692,1,68.0,1.9,28.7,0.356,2022-05-21 02:00:00
2022-05-22,3,2022,1,Flowering,0.82,5.47,0.68,1,71.0,4.08,31.1,0.378,2022-05-22 02:00:00
2022-05-23,3,2022,1,Flowering,0.85,6.01,0.697,1,72.0,2.1,33.9,0.398,2022-05-23 02:00:00
2022-05-24,3,2022,1,Flowering,0.84,5.61,0.659,1,75.0,1.96,32.6,0.373,2022-05-24 02:00:00
2022-05-25,3,2022,1,Flowering,0.88,6.02,0.695,1,77.0,2.11,32.6,0.387,2022-05-25 02:00:00
2022-05-26,3,2022,1,Flowering,0.87,5.55,0.668,1,66.0,1.94,32.5,0.379,2022-05-26 02:00:00
2022-05-27,3,2022,1,Flowering,0.86,5.91,0.627,1,70.0,2.07,30.7,0.372,2022-05-27 02:00:00
2022-05-28,3,2022,1,Flowering,0.87,6.07,0.669,1,76.0,2.12,32.5,0.38,2022-05-28 02:00:00
2022-05-29,3,2022,1,Flowering,0.85,5.45,0.562,1,75.0,9.48,33.6,0.332,2022-05-29 02:00:00
2022-05-30,3,2022,1,Flowering,0.88,5.75,0.602,1,68.0,2.01,32.4,0.317,2022-05-30 02:00:00
2022-05-31,3,2022,1,Flowering,0.79,5.45,0.624,1,75.0,1.91,30.6,0.373,2022-05-31 02:00:00
2022-06-01,3,2022,1,Flowering,0.87,6.08,0.588,1,68.0,2.13,31.3,0.324,2022-06-01 02:00:00
2022-06-02,3,2022,1,Flowering,0.85,5.99,0.629,1,77.0,2.1,32.3,0.34,2022-06-02 02:00:00
2022-06-03,3,2022,1,Flowering,0.83,5.6,0.608,1,73.0,1.96,30.8,0.363,2022-06-03 02:00:00
2022-06-04,3,2022,1,Flowering,0.88,5.64,0.544,1,76.0,1.97,31.2,0.337,2022-06-04 02:00:00
2022-06-05,3,2022,1,Flowering,0.84,5.68,0.493,1,65.0,6.04,33.0,0.358,2022-06-05 02:00:00
2022-06-06,3,2022,1,Flowering,0.9,5.66,0.53,1,74.0,1.98,31.5,0.352,2022-06-06 02:00:00
2022-06-07,3,2022,1,Flowering,0.86,6.01,0.569,1,77.0,2.1,32.4,0.35,2022-06-07 02:00:00
2022-06-08,3,2022,1,Flowering,0.84,5.78,0.446,1,73.0,10.45,32.8,0.359,2022-06-08 02:00:00
2022-06-09,3,2022,1,Flowering,0.87,5.72,0.475,1,76.0,2.0,31.4,0.36,2022-06-09 02:00:00
2022-06-10,3,2022,1,Flowering,0.9,6.18,0.506,1,73.0,2.16,34.5,0.39,2022-06-10 02:00:00
2022-06-11,3,2022,1,Flowering,0.85,5.84,0.547,1,67.0,2.04,33.1,0.341,2022-06-11 02:00:00
2022-06-12,3,2022,1,Flowering,0.86,6.06,0.56,1,78.0,2.12,32.2,0.38,2022-06-12 02:00:00
2022-06-13,3,2022,1,Flowering,0.94,6.77,0.603,1,67.0,2.37,31.8,0.343,2022-06-13 02:00:00
2022-06-14,3,2022,1,Flowering,0.89,6.48,0.635,1,67.0,2.27,32.1,0.37,2022-06-14 02:00:00
2022-06-15,3,2022,1,Flowering,0.82,5.22,0.611,1,75.0,1.83,31.0,0.343,2022-06-15 02:00:00
2022-06-16,3,2022,1,Flowering,0.9,6.2,0.637,1,76.0,2.17,31.9,0.352,2022-06-16 02:00:00
2022-06-17,3,2022,1,Flowering,0.86,5.84,0.677,1,78.0,2.04,30.3,0.345,2022-06-17 02:00:00
2022-06-18,3,2022,1,Flowering,0.88,6.56,0.708,1,69.0,2.3,31.0,0.315,2022-06-18 02:00:00
2022-06-19,3,2022,1,Flowering,0.88,5.88,0.749,1,78.0,2.06,33.7,0.313,2022-06-19 02:00:00
2022-06-20,3,2022,1,Flowering,0.84,5.91,0.784,1,69.0,2.07,31.6,0.346,2022-06-20 02:00:00
2022-06-21,3,2022,1,Flowering,0.91,6.52,0.815,1,72.0,2.28,31.9,0.332,2022-06-21 02:00:00
2022-06-22,3,2022,1,Flowering,0.92,6.41,0.858,1,74.0,2.24,34.8,0.351,2022-06-22 02:00:00
2022-06-23,3,2022,1,Flowering,0.87,5.84,0.897,1,74.0,2.04,31.8,0.343,2022-06-23 02:00:00
2022-06-24,3,2022,1,Flowering,0.93,5.87,0.917,1,74.0,2.05,31.4,0.353,2022-06-24 02:00:00
2022-06-25,3,2022,1,Flowering,0.86,6.41,0.917,1,76.0,2.24,33.7,0.344,2022-06-25 02:00:00
2022-06-26,3,2022,1,Flowering,0.87,6.12,0.862,1,73.0,6.29,32.0,0.353,2022-06-26 02:00:00
2022-06-27,3,2022,1,Flowering,0.89,6.1,0.878,1,72.0,2.13,31.1,0.339,2022-06-27 02:00:00
2022-06-28,3,2022,1,Flowering,0.92,6.48,0.915,1,67.0,2.27,31.6,0.355,2022-06-28 02:00:00
2022-06-29,3,2022,1,Flowering,0.92,6.42,0.917,1,82.0,2.25,31.5,0.328,2022-06-29 02:00:00
2022-06-30,3,2022,1,Flowering,0.88,6.06,0.917,1,74.0,2.12,32.2,0.348,2022-06-30 02:00:00
2022-07-01,3,2022,1,Flowering,0.88,6.2,0.917,1,72.0,2.17,31.0,0.333,2022-07-01 02:00:00
2022-07-02,3,2022,1,Grain Filling,0.86,6.14,0.917,1,76.0,2.15,32.0,0.351,2022-07-02 02:00:00
2022-07-03,3,2022,1,Grain Filling,0.89,5.92,0.917,1,69.0,2.07,31.6,0.312,2022-07-03 02:00:00
2022-07-04,3,2022,1,Grain Filling,0.93,6.58,0.917,1,77.0,2.3,32.4,0.362,2022-07-04 02:00:00
2022-07-05,3,2022,1,Grain Filling,0.93,6.49,0.815,1,76.0,11.25,33.3,0.336,2022-07-05 02:00:00
2022-07-06,3,2022,1,Grain Filling,0.88,6.39,0.843,1,74.0,2.24,31.9,0.347,2022-07-06 02:00:00
2022-07-07,3,2022,1,Grain Filling,0.9,6.35,0.875,1,72.0,2.22,31.2,0.335,2022-07-07 02:00:00
2022-07-08,3,2022,1,Grain Filling,0.9,6.26,0.911,1,76.0,2.19,31.3,0.353,2022-07-08 02:00:00
2022-07-09,3,2022,1,Grain Filling,0.91,6.5,0.82,1,78.0,2.28,33.1,0.339,2022-07-09 02:00:00
2022-07-10,3,2022,1,Grain Filling,0.83,5.49,0.858,1,68.0,1.92,31.8,0.346,2022-07-10 02:00:00
2022-07-11,3,2022,1,Grain Filling,0.93,6.48,0.856,1,73.0,2.27,30.3,0.313,2022-07-11 02:00:00
2022-07-12,3,2022,1,Grain Filling,0.93,6.23,0.769,1,67.0,10.78,32.6,0.328,2022-07-12 02:00:00
2022-07-13,3,2022,1,Grain Filling,0.93,6.4,0.809,1,77.0,2.24,32.0,0.319,2022-07-13 02:00:00
2022-07-14,3,2022,1,Grain Filling,0.92,6.62,0.852,1,72.0,2.32,33.1,0.35,2022-07-14 02:00:00
2022-07-15,3,2022,1,Grain Filling,0.95,6.68,0.894,1,84.0,2.34,32.2,0.339,2022-07-15 02:00:00
2022-07-16,3,2022,1,Grain Filling,0.9,6.6,0.891,1,79.0,2.31,33.1,0.313,2022-07-16 02:00:00
2022-07-17,3,2022,1,Grain Filling,0.86,5.72,0.891,1,76.0,2.0,32.2,0.308,2022-07-17 02:00:00
2022-07-18,3,2022,1,Grain Filling,0.96,5.96,0.867,1,73.0,2.09,30.8,0.359,2022-07-18 02:00:00
2022-07-19,3,2022,1,Grain Filling,0.9,6.38,0.907,1,71.0,2.23,30.6,0.338,2022-07-19 02:00:00
2022-07-20,3,2022,1,Grain Filling,0.93,6.13,0.917,1,79.0,2.15,30.8,0.367,2022-07-20 02:00:00
2022-07-21,3,2022,1,Grain Filling,0.88,5.57,0.887,1,69.0,1.95,32.5,0.328,2022-07-21 02:00:00
2022-07-22,3,2022,1,Grain Filling,1.01,6.93,0.917,1,76.0,2.43,31.6,0.315,2022-07-22 02:00:00
2022-07-23,3,2022,1,Grain Filling,0.94,6.55,0.917,1,69.0,2.29,32.2,0.304,2022-07-23 02:00:00
2022-07-24,3,2022,1,Grain Filling,0.95,6.71,0.917,1,81.0,2.35,32.4,0.302,2022-07-24 02:00:00
2022-07-25,3,2022,1,Grain Filling,0.9,6.3,0.917,1,75.0,2.2,31.2,0.341,2022-07-25 02:00:00
2022-07-26,3,2022,1,Grain Filling,0.92,6.21,0.917,1,84.0,2.17,33.6,0.287,2022-07-26 02:00:00
2022-07-27,3,2022,1,Grain Filling,0.9,6.04,0.917,1,76.0,2.11,32.0,0.337,2022-07-27 02:00:00
2022-07-28,3,2022,1,Grain Filling,0.96,6.88,0.917,1,76.0,2.41,33.6,0.323,2022-07-28 02:00:00
2022-07-29,3,2022,1,Grain Filling,1.0,7.12,0.84,1,69.0,2.49,29.5,0.325,2022-07-29 02:00:00
2022-07-30,3,2022,1,Grain Filling,0.93,6.46,0.857,1,74.0,2.26,32.0,0.305,2022-07-30 02:00:00
2022-07-31,3,2022,1,Grain Filling,0.94,7.16,0.841,1,80.0,2.51,31.0,0.297,2022-07-31 02:00:00
2022-08-01,3,2022,1,Grain Filling,0.96,6.41,0.852,1,78.0,2.24,30.9,0.335,2022-08-01 02:00:00
2022-08-02,3,2022,1,Grain Filling,0.91,5.91,0.871,1,78.0,2.07,32.5,0.331,2022-08-02 02:00:00
2022-08-03,3,2022,1,Grain Filling,0.92,6.39,0.912,1,71.0,2.24,29.9,0.313,2022-08-03 02:00:00
2022-08-04,3,2022,1,Grain Filling,0.91,6.27,0.801,1,71.0,10.32,30.4,0.335,2022-08-04 02:00:00
2022-08-05,3,2022,1,Grain Filling,0.88,6.71,0.696,1,67.0,12.34,31.3,0.345,2022-08-05 02:00:00
2022-08-06,3,2022,1,Grain Filling,1.01,6.93,0.686,1,78.0,2.43,32.9,0.315,2022-08-06 02:00:00
2022-08-07,3,2022,1,Grain Filling,0.98,7.0,0.656,1,66.0,2.45,29.8,0.338,2022-08-07 02:00:00
2022-08-08,3,2022,1,Grain Filling,1.0,7.36,0.646,1,73.0,2.58,33.3,0.329,2022-08-08 02:00:00
2022-08-09,3,2022,1,Grain Filling,0.94,6.66,0.67,1,75.0,2.33,32.4,0.314,2022-08-09 02:00:00
2022-08-10,3,2022,1,Grain Filling,0.94,6.38,0.711,1,70.0,2.23,33.9,0.327,2022-08-10 02:00:00
2022-08-11,3,2022,1,Grain Filling,0.92,6.43,0.752,1,77.0,2.25,32.0,0.332,2022-08-11 02:00:00
2022-08-12,3,2022,1,Grain Filling,0.97,6.85,0.749,1,77.0,5.12,30.9,0.344,2022-08-12 02:00:00
2022-08-13,3,2022,1,Grain Filling,0.96,6.94,0.783,1,77.0,2.43,32.2,0.34,2022-08-13 02:00:00
2022-08-14,3,2022,1,Grain Filling,0.91,6.43,0.766,1,81.0,2.25,33.6,0.294,2022-08-14 02:00:00
2022-08-15,3,2022,1,Grain Filling,0.98,6.92,0.723,1,73.0,8.1,32.9,0.32,2022-08-15 02:00:00
2022-08-16,3,2022,1,Grain Filling,0.93,6.54,0.765,1,79.0,2.29,33.5,0.308,2022-08-16 02:00:00
2022-08-17,3,2022,1,Grain Filling,0.96,6.98,0.792,1,76.0,2.44,31.3,0.337,2022-08-17 02:00:00
2022-08-18,3,2022,1,Grain Filling,0.96,7.36,0.83,1,74.0,2.58,33.3,0.331,2022-08-18 02:00:00
2022-08-19,3,2022,1,Grain Filling,0.98,6.96,0.872,1,81.0,2.44,33.3,0.32,2022-08-19 02:00:00
2022-08-20,3,2022,1,Grain Filling,0.94,6.71,0.915,1,78.0,2.35,33.4,0.337,2022-08-20 02:00:00
2022-08-21,3,2022,1,Grain Filling,1.0,6.41,0.917,1,77.0,2.24,32.3,0.31,2022-08-21 02:00:00
2022-08-22,3,2022,1,Grain Filling,1.01,7.29,0.917,1,70.0,2.55,32.3,0.321,2022-08-22 02:00:00
2022-08-23,3,2022,1,Grain Filling,0.93,7.0,0.917,1,78.0,2.45,34.0,0.31,2022-08-23 02:00:00
2022-08-24,3,2022,1,Grain Filling,1.0,7.31,0.917,1,83.0,2.56,31.8,0.318,2022-08-24 02:00:00
2022-08-25,3,2022,1,Grain Filling,1.01,7.03,0.917,1,71.0,2.46,33.8,0.319,2022-08-25 02:00:00
2022-08-26,3,2022,1,Grain Filling,1.05,7.65,0.917,1,70.0,2.68,34.5,0.331,2022-08-26 02:00:00
2022-08-27,3,2022,1,Grain Filling,0.97,7.34,0.917,1,84.0,2.57,32.4,0.317,2022-08-27 02:00:00
2022-08-28,3,2022,1,Grain Filling,0.98,7.4,0.917,1,78.0,2.59,34.2,0.289,2022-08-28 02:00:00
2022-08-29,3,2022,1,Grain Filling,1.0,7.27,0.917,1,78.0,2.54,33.6,0.314,2022-08-29 02:00:00
2022-08-30,3,2022,1,Grain Filling,0.95,6.69,0.917,1,82.0,2.34,34.2,0.305,2022-08-30 02:00:00
2022-08-31,3,2022,1,Grain Filling,0.97,6.18,0.917,1,75.0,2.16,33.6,0.321,2022-08-31 02:00:00
2022-09-01,3,2022,1,Grain Filling,0.98,6.92,0.917,1,82.0,2.42,34.5,0.323,2022-09-01 02:00:00
2022-09-02,3,2022,1,Grain Filling,1.02,7.36,0.917,1,79.0,2.58,34.8,0.282,2022-09-02 02:00:00
2022-09-03,3,2022,1,Grain Filling,0.96,7.23,0.917,1,72.0,2.53,32.6,0.342,2022-09-03 02:00:00
2022-09-04,3,2022,1,Grain Filling,0.99,6.72,0.917,1,72.0,2.35,30.8,0.292,2022-09-04 02:00:00
2022-09-05,3,2022,1,Grain Filling,0.97,6.89,0.917,1,90.0,2.41,32.3,0.287,2022-09-05 02:00:00
2022-09-06,3,2022,1,Grain Filling,0.97,7.11,0.917,1,70.0,2.49,33.2,0.278,2022-09-06 02:00:00
2022-09-07,3,2022,1,Grain Filling,1.0,7.37,0.917,1,79.0,2.58,34.3,0.336,2022-09-07 02:00:00
2022-09-08,3,2022,1,Grain Filling,1.06,7.14,0.917,1,79.0,2.5,32.7,0.264,2022-09-08 02:00:00
2022-09-09,3,2022,1,Grain Filling,0.95,6.74,0.912,1,83.0,2.36,30.8,0.309,2022-09-09 02:00:00
2022-09-10,3,2022,1,Grain Filling,1.03,7.08,0.917,1,83.0,2.48,30.1,0.317,2022-09-10 02:00:00
2022-09-11,3,2022,1,Grain Filling,0.96,6.53,0.917,1,78.0,2.29,34.8,0.261,2022-09-11 02:00:00
2022-09-12,3,2022,1,Grain Filling,0.97,6.77,0.917,1,79.0,2.37,31.4,0.27,2022-09-12 02:00:00
2022-09-13,3,2022,1,Grain Filling,0.94,6.73,0.917,1,74.0,2.36,31.4,0.297,2022-09-13 02:00:00
2022-09-14,3,2022,1,Grain Filling,1.0,7.19,0.917,1,80.0,2.52,31.0,0.304,2022-09-14 02:00:00
2022-09-15,3,2022,1,Grain Filling,0.98,7.06,0.917,1,79.0,2.47,32.4,0.286,2022-09-15 02:00:00
2022-09-16,3,2022,1,Grain Filling,1.02,7.45,0.917,1,80.0,2.61,33.7,0.305,2022-09-16 02:00:00
2022-09-17,3,2022,1,Grain Filling,0.97,6.63,0.869,1,83.0,8.29,33.7,0.291,2022-09-17 02:00:00
2022-09-18,3,2022,1,Grain Filling,1.01,7.53,0.912,1,78.0,2.64,31.2,0.3,2022-09-18 02:00:00
2022-09-19,3,2022,1,Grain Filling,0.97,6.95,0.917,1,73.0,2.43,31.8,0.32,2022-09-19 02:00:00
2022-09-20,3,2022,1,Grain Filling,1.03,8.0,0.917,1,76.0,2.8,35.2,0.307,2022-09-20 02:00:00
2022-09-21,3,2022,1,Grain Filling,1.01,6.8,0.917,1,72.0,4.79,34.2,0.325,2022-09-21 02:00:00
2022-09-22,3,2022,1,Grain Filling,1.0,7.66,0.917,1,76.0,2.68,34.4,0.27,2022-09-22 02:00:00
2022-09-23,3,2022,1,Grain Filling,1.03,7.64,0.917,1,79.0,2.67,30.9,0.305,2022-09-23 02:00:00
2022-09-24,3,2022,1,Grain Filling,1.02,7.11,0.869,1,85.0,2.49,31.5,0.321,2022-09-24 02:00:00
2022-09-25,3,2022,1,Grain Filling,0.97,7.18,0.907,1,76.0,2.51,32.3,0.28,2022-09-25 02:00:00
2022-09-26,3,2022,1,Grain Filling,1.0,7.66,0.917,1,80.0,2.68,37.5,0.268,2022-09-26 02:00:00
2022-09-27,3,2022,1,Grain Filling,1.06,8.5,0.917,1,76.0,2.97,31.4,0.286,2022-09-27 02:00:00
2022-09-28,3,2022,1,Grain Filling,1.0,7.44,0.808,1,79.0,12.49,32.8,0.303,2022-09-28 02:00:00
2022-09-29,3,2022,1,Grain Filling,1.03,7.78,0.789,1,85.0,2.72,32.4,0.279,2022-09-29 02:00:00
2022-09-30,3,2022,1,Grain Filling,1.02,7.7,0.833,1,78.0,2.7,32.8,0.303,2022-09-30 02:00:00
2022-10-01,3,2022,1,Grain Filling,1.04,7.72,0.84,1,79.0,2.7,33.3,0.27,2022-10-01 02:00:00
2022-10-02,3,2022,1,Grain Filling,1.0,7.79,0.874,1,85.0,2.73,33.8,0.254,2022-10-02 02:00:00
2022-10-03,3,2022,1,Grain Filling,1.07,7.62,0.902,1,77.0,2.67,31.7,0.33,2022-10-03 02:00:00
2022-10-04,3,2022,1,Grain Filling,1.01,7.57,0.912,1,77.0,2.65,29.0,0.289,2022-10-04 02:00:00
2022-10-05,3,2022,1,Grain Filling,1.03,7.32,0.917,1,72.0,2.56,33.3,0.283,2022-10-05 02:00:00
2022-10-06,3,2022,1,Grain Filling,1.06,8.58,0.917,1,75.0,3.0,32.0,0.264,2022-10-06 02:00:00
2022-10-07,3,2022,1,Grain Filling,1.03,7.06,0.917,1,79.0,2.47,34.2,0.289,2022-10-07 02:00:00
2022-10-08,3,2022,1,Grain Filling,1.04,7.46,0.917,1,78.0,2.61,33.1,0.28,2022-10-08 02:00:00
2022-10-09,3,2022,1,Grain Filling,1.06,7.86,0.917,1,77.0,2.75,34.4,0.331,2022-10-09 02:00:00
2022-10-10,3,2022,1,Grain Filling,1.05,7.87,0.917,1,75.0,2.75,35.3,0.299,2022-10-10 02:00:00
2022-10-11,3,2022,1,Grain Filling,1.06,7.36,0.917,1,80.0,2.58,31.4,0.286,2022-10-11 02:00:00
2022-10-12,3,2022,1,Grain Filling,1.07,8.36,0.917,1,83.0,2.93,35.7,0.252,2022-10-12 02:00:00
2022-10-13,3,2022,1,Grain Filling,1.03,7.61,0.895,1,74.0,6.96,33.7,0.307,2022-10-13 02:00:00
2022-10-14,3,2022,1,Grain Filling,1.01,7.42,0.917,1,77.0,2.6,34.7,0.288,2022-10-14 02:00:00
2022-10-15,3,2022,1,Grain Filling,0.99,7.34,0.917,1,78.0,2.57,32.1,0.264,2022-10-15 02:00:00
2022-10-16,3,2022,1,Grain Filling,1.1,7.79,0.903,1,77.0,2.73,35.9,0.289,2022-10-16 02:00:00
2022-10-17,3,2022,1,Grain Filling,1.07,8.26,0.917,1,80.0,2.89,35.3,0.267,2022-10-17 02:00:00
2022-10-18,3,2022,1,Grain Filling,1.12,8.05,0.917,1,87.0,2.82,34.4,0.262,2022-10-18 02:00:00
2022-10-19,3,2022,1,Grain Filling,1.05,8.23,0.917,1,81.0,2.88,35.0,0.273,2022-10-19 02:00:00
2022-10-20,3,2022,1,Maturity,1.09,7.91,0.917,1,84.0,2.77,35.1,0.27,2022-10-20 02:00:00
2022-10-21,3,2022,1,Maturity,1.07,8.43,0.862,1,88.0,9.68,33.7,0.273,2022-10-21 02:00:00
2022-10-22,3,2022,1,Maturity,1.07,7.82,0.905,1,80.0,2.74,31.4,0.272,2022-10-22 02:00:00
2022-10-23,3,2022,1,Maturity,1.07,8.36,0.917,1,92.0,2.93,33.8,0.26,2022-10-23 02:00:00
2022-10-24,3,2022,1,Maturity,1.06,8.3,0.917,1,84.0,2.9,34.7,0.265,2022-10-24 02:00:00
2022-10-25,3,2022,1,Maturity,1.06,8.19,0.917,1,87.0,2.87,33.4,0.312,2022-10-25 02:00:00
2022-10-26,3,2022,1,Maturity,1.02,7.53,0.917,1,86.0,2.64,35.2,0.26,2022-10-26 02:00:00
2022-10-27,3,2022,1,Maturity,1.06,7.95,0.917,1,86.0,2.78,35.0,0.227,2022-10-27 02:00:00
2022-10-28,3,2022,1,Maturity,1.05,7.82,0.917,1,78.0,2.74,33.0,0.249,2022-10-28 02:00:00
2022-10-29,3,2022,1,Maturity,1.09,7.76,0.917,1,79.0,2.72,34.2,0.235,2022-10-29 02:00:00
2022-10-30,3,2022,1,Maturity,1.05,8.09,0.917,1,75.0,2.83,33.0,0.276,2022-10-30 02:00:00
2022-10-31,3,2022,1,Maturity,1.09,7.47,0.917,1,83.0,2.61,32.6,0.261,2022-10-31 02:00:00
2022-11-01,3,2022,1,Maturity,1.1,7.95,0.917,1,85.0,2.78,34.6,0.269,2022-11-01 02:00:00
2022-11-02,3,2022,1,Maturity,1.02,7.63,0.917,1,81.0,2.67,33.7,0.243,2022-11-02 02:00:00
2022-11-03,3,2022,1,Maturity,1.03,7.39,0.917,1,89.0,2.59,33.9,0.266,2022-11-03 02:00:00
2022-11-04,3,2022,1,Maturity,1.08,7.83,0.824,1,80.0,8.91,33.2,0.288,2022-11-04 02:00:00
2022-11-05,3,2022,1,Maturity,1.08,8.05,0.867,1,83.0,2.82,32.2,0.268,2022-11-05 02:00:00
2022-11-06,3,2022,1,Maturity,1.08,7.92,0.89,1,80.0,2.77,33.9,0.283,2022-11-06 02:00:00
2022-11-07,3,2022,1,Maturity,1.08,7.49,0.879,1,75.0,2.62,31.0,0.24,2022-11-07 02:00:00
2022-11-08,3,2022,1,Maturity,1.08,7.89,0.917,1,79.0,2.76,35.5,0.269,2022-11-08 02:00:00
2022-11-09,3,2022,1,Maturity,1.09,8.66,0.917,1,81.0,3.03,34.0,0.261,2022-11-09 02:00:00
2022-11-10,3,2022,1,Maturity,1.08,8.15,0.917,1,81.0,2.85,31.8,0.206,2022-11-10 02:00:00
2022-11-11,3,2022,1,Maturity,1.08,8.22,0.917,1,79.0,2.88,33.6,0.216,2022-11-11 02:00:00
2022-11-12,3,2022,1,Maturity,1.04,7.3,0.917,1,89.0,2.55,32.0,0.214,2022-11-12 02:00:00
2022-11-13,3,2022,1,Maturity,1.08,7.94,0.917,1,83.0,2.78,32.1,0.247,2022-11-13 02:00:00
2022-11-14,3,2022,1,Maturity,1.11,8.26,0.893,1,75.0,2.89,32.5,0.285,2022-11-14 02:00:00
2022-11-15,3,2022,1,Maturity,1.1,7.95,0.917,1,77.0,2.78,36.0,0.274,2022-11-15 02:00:00
2022-11-16,3,2022,1,Maturity,1.09,8.36,0.845,1,79.0,9.68,34.9,0.292,2022-11-16 02:00:00
2022-11-17,3,2022,1,Maturity,1.08,7.53,0.781,1,80.0,2.64,35.2,0.224,2022-11-17 02:00:00
2022-11-18,3,2022,1,Maturity,1.14,9.05,0.779,1,78.0,3.17,32.4,0.261,2022-11-18 02:00:00
2022-11-19,3,2022,1,Maturity,1.11,7.86,0.8,1,79.0,2.75,32.3,0.252,2022-11-19 02:00:00
2022-11-20,3,2022,1,Maturity,1.08,8.22,0.826,1,79.0,2.88,35.2,0.28,2022-11-20 02:00:00
2022-11-21,3,2022,1,Maturity,1.14,8.66,0.852,1,79.0,3.03,34.2,0.272,2022-11-21 02:00:00
2022-11-22,3,2022,1,Maturity,1.13,8.36,0.877,1,84.0,2.93,35.2,0.263,2022-11-22 02:00:00
2022-11-23,3,2022,1,Maturity,1.13,8.23,0.848,1,83.0,2.88,34.8,0.236,2022-11-23 02:00:00
2022-11-24,3,2022,1,Maturity,1.13,7.94,0.884,1,80.0,2.78,34.5,0.259,2022-11-24 02:00:00
2022-11-25,3,2022,1,Maturity,1.16,8.69,0.916,1,80.0,3.04,32.7,0.263,2022-11-25 02:00:00
2022-11-26,3,2022,1,Maturity,1.11,8.65,0.917,1,80.0,3.03,32.2,0.253,2022-11-26 02:00:00
2022-11-27,3,2022,1,Maturity,1.1,8.27,0.917,1,90.0,2.89,32.8,0.23,2022-11-27 02:00:00
2022-11-28,3,2022,1,Maturity,1.12,8.25,0.917,1,83.0,2.89,32.7,0.261,2022-11-28 02:00:00
2022-11-29,3,2022,1,Maturity,1.12,8.05,0.917,1,89.0,2.82,33.6,0.239,2022-11-29 02:00:00
2022-11-30,3,2022,1,Maturity,1.12,8.68,0.917,1,85.0,3.04,35.4,0.281,2022-11-30 02:00:00
2022-12-01,3,2022,1,Maturity,1.15,8.86,0.916,1,71.0,3.1,32.9,0.287,2022-12-01 02:00:00
2022-12-02,3,2022,1,Maturity,1.05,8.16,0.917,1,92.0,2.86,36.3,0.262,2022-12-02 02:00:00
2022-12-03,3,2022,1,Maturity,1.14,9.18,0.917,1,83.0,3.21,35.2,0.255,2022-12-03 02:00:00
2022-12-04,3,2022,1,Maturity,1.09,7.91,0.917,1,80.0,2.77,36.3,0.246,2022-12-04 02:00:00
2022-12-05,3,2022,1,Maturity,1.17,9.22,0.917,1,80.0,3.23,33.6,0.264,2022-12-05 02:00:00
2022-12-06,3,2022,1,Maturity,1.11,8.57,0.917,1,86.0,3.0,34.6,0.247,2022-12-06 02:00:00
2022-12-07,3,2022,1,Maturity,1.1,8.63,0.909,1,82.0,3.02,33.4,0.258,2022-12-07 02:00:00
2022-12-08,3,2022,1,Maturity,1.06,7.7,0.824,1,89.0,11.25,32.7,0.24,2022-12-08 02:00:00
2022-12-09,3,2022,1,Maturity,1.13,8.79,0.744,1,82.0,11.4,32.9,0.251,2022-12-09 02:00:00
2022-12-10,3,2022,1,Maturity,1.15,9.07,0.787,1,84.0,3.17,34.6,0.242,2022-12-10 02:00:00
2022-12-11,3,2022,1,Maturity,1.1,8.74,0.834,1,78.0,3.06,34.0,0.23,2022-12-11 02:00:00
2022-12-12,3,2022,1,Maturity,1.1,8.43,0.673,1,83.0,8.53,33.5,0.236,2022-12-12 02:00:00
2022-12-13,3,2022,1,Maturity,1.17,8.86,0.566,1,82.0,12.79,33.5,0.225,2022-12-13 02:00:00
2022-12-14,3,2022,1,Maturity,1.12,8.07,0.563,1,76.0,2.82,34.4,0.23,2022-12-14 02:00:00
2022-12-15,3,2022,1,Maturity,1.06,7.86,0.593,1,81.0,2.75,33.5,0.228,2022-12-15 02:00:00
2022-12-16,3,2022,1,Maturity,1.17,8.63,0.616,1,76.0,3.02,34.5,0.265,2022-12-16 02:00:00
2022-12-17,3,2022,1,Maturity,1.13,8.55,0.571,1,89.0,2.99,31.7,0.212,2022-12-17 02:00:00
2022-12-18,3,2022,1,Maturity,1.18,8.55,0.615,1,88.0,2.99,34.2,0.263,2022-12-18 02:00:00
2022-12-19,3,2022,1,Maturity,1.13,8.26,0.606,1,85.0,2.89,33.7,0.224,2022-12-19 02:00:00
2022-12-20,3,2022,1,Maturity,1.11,8.4,0.631,1,83.0,2.94,34.2,0.252,2022-12-20 02:00:00
2022-12-21,3,2022,1,Maturity,1.13,8.02,0.67,1,90.0,2.81,35.9,0.242,2022-12-21 02:00:00
2022-12-22,3,2022,1,Maturity,1.12,8.33,0.715,1,84.0,2.92,36.4,0.231,2022-12-22 02:00:00
2022-12-23,3,2022,1,Maturity,1.2,9.05,0.751,1,86.0,3.17,34.1,0.229,2022-12-23 02:00:00
2022-12-24,3,2022,1,Maturity,1.09,8.53,0.783,1,79.0,2.99,35.3,0.206,2022-12-24 02:00:00
2022-12-25,3,2022,1,Maturity,1.16,9.63,0.822,1,89.0,3.37,36.8,0.21,2022-12-25 02:00:00
2022-12-26,3,2022,1,Maturity,1.18,9.27,0.842,1,83.0,3.24,34.2,0.254,2022-12-26 02:00:00
2022-12-27,3,2022,1,Maturity,1.15,8.87,0.796,1,79.0,3.1,34.0,0.191,2022-12-27 02:00:00
2022-12-28,3,2022,1,Maturity,1.16,9.28,0.844,1,81.0,3.25,37.2,0.25,2022-12-28 02:00:00
2022-12-29,3,2022,1,Maturity,1.13,8.72,0.867,1,78.0,3.05,34.8,0.246,2022-12-29 02:00:00
2022-12-30,3,2022,1,Maturity,1.22,9.45,0.889,1,83.0,3.31,35.6,0.218,2022-12-30 02:00:00
2022-12-31,3,2022,1,Maturity,1.16,9.36,0.917,1,80.0,3.28,36.7,0.252,2022-12-31 02:00:00
2020-01-02,4,2020,1,Germination,0.59,3.48,0.433,1,62.0,1.22,29.4,0.429,2020-01-02 02:00:00
2020-01-03,4,2020,1,Germination,0.59,3.77,0.414,1,66.0,1.32,30.7,0.48,2020-01-03 02:00:00
2020-01-04,4,2020,1,Germination,0.64,4.21,0.404,1,61.0,1.47,31.2,0.457,2020-01-04 02:00:00
2020-01-05,4,2020,1,Germination,0.71,4.02,0.404,1,64.0,1.41,29.4,0.433,2020-01-05 02:00:00
2020-01-06,4,2020,1,Germination,0.64,4.02,0.387,1,64.0,1.41,30.7,0.48,2020-01-06 02:00:00
2020-01-07,4,2020,1,Germination,0.61,3.89,0.415,1,60.0,1.36,29.9,0.418,2020-01-07 02:00:00
2020-01-08,4,2020,1,Germination,0.67,4.0,0.43,1,66.0,1.4,29.3,0.456,2020-01-08 02:00:00
2020-01-09,4,2020,1,Germination,0.68,3.8,0.402,1,61.0,1.33,27.9,0.451,2020-01-09 02:00:00
2020-01-10,4,2020,1,Germination,0.67,4.13,0.436,1,60.0,1.45,31.4,0.449,2020-01-10 02:00:00
2020-01-11,4,2020,1,Germination,0.64,3.81,0.459,1,64.0,1.33,29.2,0.427,2020-01-11 02:00:00
2020-01-12,4,2020,1,Germination,0.62,3.63,0.427,1,73.0,1.27,30.7,0.459,2020-01-12 02:00:00
2020-01-13,4,2020,1,Germination,0.63,3.77,0.453,1,72.0,1.32,29.3,0.414,2020-01-13 02:00:00
2020-01-14,4,2020,1,Germination,0.73,4.58,0.48,1,66.0,1.6,29.8,0.467,2020-01-14 02:00:00
2020-01-15,4,2020,1,Germination,0.59,3.73,0.499,1,63.0,1.31,30.1,0.39,2020-01-15 02:00:00
2020-01-16,4,2020,1,Germination,0.65,4.01,0.525,1,64.0,1.4,29.6,0.439,2020-01-16 02:00:00
2020-01-17,4,2020,1,Germination,0.65,4.35,0.486,1,68.0,1.52,30.6,0.446,2020-01-17 02:00:00
2020-01-18,4,2020,1,Germination,0.72,4.15,0.493,1,60.0,1.45,29.5,0.44,2020-01-18 02:00:00
2020-01-19,4,2020,1,Germination,0.69,4.26,0.522,1,62.0,1.49,29.5,0.431,2020-01-19 02:00:00
2020-01-20,4,2020,1,Germination,0.7,4.26,0.478,1,63.0,1.49,31.5,0.405,2020-01-20 02:00:00
2020-01-21,4,2020,1,Germination,0.66,3.97,0.494,1,61.0,1.39,29.1,0.467,2020-01-21 02:00:00
2020-01-22,4,2020,1,Germination,0.63,3.88,0.497,1,62.0,1.36,30.4,0.465,2020-01-22 02:00:00
2020-01-23,4,2020,1,Germination,0.64,3.79,0.489,1,63.0,1.33,30.0,0.425,2020-01-23 02:00:00
2020-01-24,4,2020,1,Germination,0.61,3.84,0.486,1,62.0,1.34,30.3,0.415,2020-01-24 02:00:00
2020-01-25,4,2020,1,Germination,0.67,3.88,0.518,1,60.0,1.36,28.2,0.433,2020-01-25 02:00:00
2020-01-26,4,2020,1,Germination,0.66,4.0,0.535,1,66.0,1.4,28.9,0.426,2020-01-26 02:00:00
2020-01-27,4,2020,1,Germination,0.72,4.75,0.541,1,64.0,1.66,31.8,0.443,2020-01-27 02:00:00
2020-01-28,4,2020,1,Germination,0.66,4.24,0.493,1,60.0,5.83,30.9,0.465,2020-01-28 02:00:00
2020-01-29,4,2020,1,Germination,0.68,4.07,0.376,1,65.0,10.11,28.9,0.458,2020-01-29 02:00:00
2020-01-30,4,2020,1,Germination,0.67,4.07,0.387,1,64.0,1.42,30.0,0.425,2020-01-30 02:00:00
2020-01-31,4,2020,1,Germination,0.72,4.57,0.337,1,68.0,4.46,29.6,0.429,2020-01-31 02:00:00
2020-02-01,4,2020,1,Germination,0.66,4.13,0.374,1,62.0,1.45,30.1,0.428,2020-02-01 02:00:00
2020-02-02,4,2020,1,Germination,0.68,4.41,0.38,1,58.0,1.54,29.7,0.399,2020-02-02 02:00:00
2020-02-03,4,2020,1,Germination,0.7,4.63,0.315,1,63.0,1.62,29.4,0.422,2020-02-03 02:00:00
2020-02-04,4,2020,1,Germination,0.66,4.42,0.271,1,71.0,1.55,28.8,0.439,2020-02-04 02:00:00
2020-02-05,4,2020,1,Germination,0.71,4.25,0.305,1,73.0,1.49,27.8,0.426,2020-02-05 02:00:00
2020-02-06,4,2020,1,Germination,0.65,3.69,0.296,1,64.0,1.29,27.9,0.412,2020-02-06 02:00:00
2020-02-07,4,2020,1,Germination,0.73,4.77,0.335,1,70.0,1.67,30.3,0.432,2020-02-07 02:00:00
2020-02-08,4,2020,1,Germination,0.71,4.08,0.338,1,62.0,1.43,29.2,0.416,2020-02-08 02:00:00
2020-02-09,4,2020,1,Germination,0.61,3.97,0.25,1,65.0,10.4,30.2,0.398,2020-02-09 02:00:00
2020-02-10,4,2020,1,Germination,0.73,4.58,0.288,1,56.0,1.6,34.4,0.424,2020-02-10 02:00:00
2020-02-11,4,2020,1,Germination,0.72,4.41,0.271,1,66.0,1.54,30.5,0.444,2020-02-11 02:00:00
2020-02-12,4,2020,1,Germination,0.76,4.64,0.308,1,59.0,1.62,31.2,0.424,2020-02-12 02:00:00
2020-02-13,4,2020,1,Germination,0.71,4.22,0.25,1,72.0,11.06,30.0,0.398,2020-02-13 02:00:00
2020-02-14,4,2020,1,Germination,0.71,4.36,0.262,1,63.0,1.53,31.7,0.43,2020-02-14 02:00:00
2020-02-15,4,2020,1,Germination,0.67,4.26,0.25,1,72.0,1.49,30.3,0.44,2020-02-15 02:00:00
2020-02-16,4,2020,1,Germination,0.69,4.41,0.25,1,63.0,1.54,30.6,0.419,2020-02-16 02:00:00
2020-02-17,4,2020,1,Germination,0.74,4.6,0.278,1,65.0,1.61,29.1,0.463,2020-02-17 02:00:00
2020-02-18,4,2020,1,Germination,0.7,4.6,0.315,1,57.0,1.61,28.2,0.384,2020-02-18 02:00:00
2020-02-19,4,2020,1,Germination,0.74,4.55,0.321,1,69.0,1.59,31.7,0.432,2020-02-19 02:00:00
2020-02-20,4,2020,1,Germination,0.71,4.4,0.25,1,61.0,10.88,28.9,0.405,2020-02-20 02:00:00
2020-02-21,4,2020,1,Germination,0.72,4.65,0.255,1,63.0,1.63,30.3,0.431,2020-02-21 02:00:00
2020-02-22,4,2020,1,Germination,0.71,4.39,0.274,1,63.0,1.54,29.5,0.458,2020-02-22 02:00:00
2020-02-23,4,2020,1,Germination,0.72,4.36,0.25,1,67.0,7.41,27.8,0.385,2020-02-23 02:00:00
2020-02-24,4,2020,1,Germination,0.75,5.0,0.287,1,65.0,1.75,30.6,0.404,2020-02-24 02:00:00
2020-02-25,4,2020,1,Germination,0.74,4.48,0.305,1,62.0,1.57,30.6,0.412,2020-02-25 02:00:00
2020-02-26,4,2020,1,Germination,0.7,4.68,0.336,1,69.0,1.64,31.4,0.43,2020-02-26 02:00:00
2020-02-27,4,2020,1,Germination,0.73,4.68,0.305,1,61.0,5.76,28.2,0.424,2020-02-27 02:00:00
2020-02-28,4,2020,1,Germination,0.72,5.12,0.345,1,64.0,1.79,30.3,0.438,2020-02-28 02:00:00
2020-02-29,4,2020,1,Germination,0.74,4.42,0.342,1,68.0,1.55,28.4,0.415,2020-02-29 02:00:00
2020-03-01,4,2020,1,Germination,0.72,4.38,0.352,1,63.0,1.53,29.8,0.437,2020-03-01 02:00:00
2020-03-02,4,2020,1,Germination,0.7,4.25,0.354,1,64.0,1.49,29.5,0.419,2020-03-02 02:00:00
2020-03-03,4,2020,1,Germination,0.7,4.5,0.388,1,68.0,1.58,30.4,0.413,2020-03-03 02:00:00
2020-03-04,4,2020,1,Germination,0.69,4.17,0.415,1,70.0,1.46,29.7,0.421,2020-03-04 02:00:00
2020-03-05,4,2020,1,Germination,0.77,4.48,0.44,1,69.0,1.57,31.2,0.396,2020-03-05 02:00:00
2020-03-06,4,2020,1,Germination,0.7,4.9,0.474,1,74.0,1.72,30.0,0.414,2020-03-06 02:00:00
2020-03-07,4,2020,1,Germination,0.75,4.5,0.495,1,70.0,1.58,31.6,0.428,2020-03-07 02:00:00
2020-03-08,4,2020,1,Germination,0.74,4.42,0.483,1,67.0,1.55,31.9,0.424,2020-03-08 02:00:00
2020-03-09,4,2020,1,Germination,0.77,4.85,0.461,1,63.0,5.69,31.1,0.423,2020-03-09 02:00:00
2020-03-10,4,2020,1,Germination,0.72,4.52,0.496,1,69.0,1.58,30.0,0.386,2020-03-10 02:00:00
2020-03-11,4,2020,1,Germination,0.75,4.44,0.524,1,67.0,1.55,30.5,0.38,2020-03-11 02:00:00
2020-03-12,4,2020,1,Germination,0.76,5.22,0.556,1,68.0,1.83,29.2,0.435,2020-03-12 02:00:00
2020-03-13,4,2020,1,Germination,0.75,5.09,0.588,1,63.0,1.78,30.3,0.395,2020-03-13 02:00:00
2020-03-14,4,2020,1,Germination,0.75,4.58,0.625,1,60.0,1.6,31.0,0.401,2020-03-14 02:00:00
2020-03-15,4,2020,1,Vegetative,0.77,4.97,0.597,1,72.0,1.74,30.2,0.41,2020-03-15 02:00:00
2020-03-16,4,2020,1,Vegetative,0.71,4.42,0.598,1,65.0,1.55,30.2,0.41,2020-03-16 02:00:00
2020-03-17,4,2020,1,Vegetative,0.79,5.45,0.633,1,61.0,1.91,29.5,0.42,2020-03-17 02:00:00
2020-03-18,4,2020,1,Vegetative,0.73,4.7,0.665,1,62.0,1.64,32.3,0.447,2020-03-18 02:00:00
2020-03-19,4,2020,1,Vegetative,0.75,4.79,0.578,1,60.0,9.78,31.2,0.398,2020-03-19 02:00:00
2020-03-20,4,2020,1,Vegetative,0.77,5.02,0.595,1,69.0,1.76,32.2,0.37,2020-03-20 02:00:00
2020-03-21,4,2020,1,Vegetative,0.74,4.78,0.618,1,63.0,1.67,29.2,0.406,2020-03-21 02:00:00
2020-03-22,4,2020,1,Vegetative,0.74,5.16,0.659,1,64.0,1.81,32.2,0.404,2020-03-22 02:00:00
2020-03-23,4,2020,1,Vegetative,0.73,4.59,0.593,1,66.0,1.61,30.2,0.387,2020-03-23 02:00:00
2020-03-24,4,2020,1,Vegetative,0.81,4.82,0.61,1,67.0,1.69,29.6,0.419,2020-03-24 02:00:00
2020-03-25,4,2020,1,Vegetative,0.83,5.63,0.583,1,61.0,1.97,28.6,0.396,2020-03-25 02:00:00
2020-03-26,4,2020,1,Vegetative,0.8,5.37,0.619,1,65.0,1.88,32.6,0.381,2020-03-26 02:00:00
2020-03-27,4,2020,1,Vegetative,0.83,5.13,0.609,1,68.0,4.27,31.6,0.394,2020-03-27 02:00:00
2020-03-28,4,2020,1,Vegetative,0.76,4.54,0.645,1,70.0,1.59,32.6,0.38,2020-03-28 02:00:00
2020-03-29,4,2020,1,Vegetative,0.78,4.98,0.676,1,67.0,1.74,31.9,0.406,2020-03-29 02:00:00
2020-03-30,4,2020,1,Vegetative,0.76,4.99,0.715,1,69.0,1.75,29.0,0.456,2020-03-30 02:00:00
2020-03-31,4,2020,1,Vegetative,0.75,5.38,0.747,1,67.0,1.88,30.5,0.398,2020-03-31 02:00:00
2020-04-01,4,2020,1,Vegetative,0.76,5.08,0.71,1,63.0,6.19,29.5,0.427,2020-04-01 02:00:00
2020-04-02,4,2020,1,Vegetative,0.8,5.09,0.571,1,70.0,9.05,28.6,0.37,2020-04-02 02:00:00
2020-04-03,4,2020,1,Vegetative,0.78,4.98,0.601,1,66.0,1.74,31.8,0.399,2020-04-03 02:00:00
2020-04-04,4,2020,1,Vegetative,0.76,5.0,0.537,1,66.0,5.37,32.2,0.402,2020-04-04 02:00:00
2020-04-05,4,2020,1,Vegetative,0.8,5.3,0.542,1,71.0,1.85,32.8,0.4,2020-04-05 02:00:00
2020-04-06,4,2020,1,Vegetative,0.75,4.71,0.552,1,67.0,1.65,31.0,0.438,2020-04-06 02:00:00
2020-04-07,4,2020,1,Vegetative,0.83,4.95,0.51,1,66.0,1.73,28.6,0.379,2020-04-07 02:00:00
2020-04-08,4,2020,1,Vegetative,0.82,5.29,0.49,1,76.0,1.85,29.4,0.385,2020-04-08 02:00:00
2020-04-09,4,2020,1,Vegetative,0.81,5.03,0.524,1,66.0,1.76,31.8,0.376,2020-04-09 02:00:00
2020-04-10,4,2020,1,Vegetative,0.8,5.11,0.551,1,71.0,1.79,32.7,0.4,2020-04-10 02:00:00
2020-04-11,4,2020,1,Vegetative,0.85,6.18,0.594,1,64.0,2.16,31.6,0.374,2020-04-11 02:00:00
2020-04-12,4,2020,1,Vegetative,0.79,5.07,0.558,1,71.0,1.77,32.4,0.381,2020-04-12 02:00:00
2020-04-13,4,2020,1,Vegetative,0.77,5.28,0.594,1,74.0,1.85,27.9,0.398,2020-04-13 02:00:00
2020-04-14,4,2020,1,Vegetative,0.79,5.15,0.589,1,61.0,1.8,32.0,0.398,2020-04-14 02:00:00
2020-04-15,4,2020,1,Vegetative,0.79,5.16,0.623,1,65.0,1.81,31.6,0.398,2020-04-15 02:00:00
2020-04-16,4,2020,1,Vegetative,0.8,5.1,0.653,1,59.0,1.78,32.6,0.385,2020-04-16 02:00:00
2020-04-17,4,2020,1,Vegetative,0.79,4.91,0.683,1,78.0,1.72,30.9,0.427,2020-04-17 02:00:00
2020-04-18,4,2020,1,Vegetative,0.82,5.08,0.645,1,64.0,6.66,29.7,0.39,2020-04-18 02:00:00
2020-04-19,4,2020,1,Vegetative,0.79,5.47,0.67,1,68.0,1.91,29.4,0.351,2020-04-19 02:00:00
2020-04-20,4,2020,1,Vegetative,0.79,4.59,0.652,1,67.0,1.61,31.6,0.377,2020-04-20 02:00:00
2020-04-21,4,2020,1,Vegetative,0.8,5.05,0.683,1,63.0,1.77,28.7,0.398,2020-04-21 02:00:00
2020-04-22,4,2020,1,Vegetative,0.81,5.02,0.72,1,64.0,1.76,30.3,0.393,2020-04-22 02:00:00
2020-04-23,4,2020,1,Vegetative,0.78,5.31,0.745,1,62.0,1.86,31.5,0.366,2020-04-23 02:00:00
2020-04-24,4,2020,1,Vegetative,0.78,5.42,0.633,1,63.0,11.45,32.4,0.387,2020-04-24 02:00:00
2020-04-25,4,2020,1,Vegetative,0.79,5.21,0.616,1,61.0,4.77,31.4,0.383,2020-04-25 02:00:00
2020-04-26,4,2020,1,Vegetative,0.8,5.41,0.596,1,66.0,1.89,32.5,0.369,2020-04-26 02:00:00
2020-04-27,4,2020,1,Vegetative,0.78,4.64,0.564,1,63.0,1.62,31.0,0.382,2020-04-27 02:00:00
2020-04-28,4,2020,1,Vegetative,0.84,5.16,0.566,1,68.0,1.81,30.2,0.351,2020-04-28 02:00:00
2020-04-29,4,2020,1,Vegetative,0.78,4.59,0.593,1,69.0,1.61,31.3,0.403,2020-04-29 02:00:00
2020-04-30,4,2020,1,Vegetative,0.88,5.7,0.631,1,65.0,2.0,32.0,0.378,2020-04-30 02:00:00
2020-05-01,4,2020,1,Vegetative,0.87,6.01,0.619,1,74.0,2.1,29.4,0.395,2020-05-01 02:00:00
2020-05-02,4,2020,1,Flowering,0.84,5.83,0.586,1,74.0,2.04,30.2,0.37,2020-05-02 02:00:00
2020-05-03,4,2020,1,Flowering,0.83,4.98,0.619,1,70.0,1.74,28.8,0.401,2020-05-03 02:00:00
2020-05-04,4,2020,1,Flowering,0.85,5.38,0.649,1,68.0,1.88,29.4,0.362,2020-05-04 02:00:00
2020-05-05,4,2020,1,Flowering,0.84,5.77,0.666,1,66.0,2.02,29.0,0.368,2020-05-05 02:00:00
2020-05-06,4,2020,1,Flowering,0.93,6.26,0.652,1,71.0,2.19,30.0,0.356,2020-05-06 02:00:00
2020-05-07,4,2020,1,Flowering,0.78,4.69,0.641,1,72.0,4.84,30.4,0.385,2020-05-07 02:00:00
2020-05-08,4,2020,1,Flowering,0.87,5.9,0.672,1,74.0,2.06,30.6,0.38,2020-05-08 02:00:00
2020-05-09,4,2020,1,Flowering,0.82,5.8,0.698,1,72.0,2.03,31.6,0.424,2020-05-09 02:00:00
2020-05-10,4,2020,1,Flowering,0.84,5.4,0.736,1,73.0,1.89,30.9,0.363,2020-05-10 02:00:00
2020-05-11,4,2020,1,Flowering,0.86,5.83,0.76,1,68.0,2.04,29.2,0.36,2020-05-11 02:00:00
2020-05-12,4,2020,1,Flowering,0.81,5.79,0.773,1,72.0,2.03,31.1,0.353,2020-05-12 02:00:00
2020-05-13,4,2020,1,Flowering,0.84,5.39,0.771,1,70.0,1.89,30.8,0.364,2020-05-13 02:00:00
2020-05-14,4,2020,1,Flowering,0.8,5.44,0.682,1,66.0,10.32,28.2,0.37,2020-05-14 02:00:00
2020-05-15,4,2020,1,Flowering,0.86,6.13,0.718,1,63.0,2.15,34.3,0.406,2020-05-15 02:00:00
2020-05-16,4,2020,1,Flowering,0.84,5.75,0.745,1,76.0,2.01,32.1,0.386,2020-05-16 02:00:00
2020-05-17,4,2020,1,Flowering,0.89,6.01,0.763,1,72.0,2.1,29.6,0.369,2020-05-17 02:00:00
2020-05-18,4,2020,1,Flowering,0.86,5.87,0.784,1,74.0,2.05,33.7,0.375,2020-05-18 02:00:00
2020-05-19,4,2020,1,Flowering,0.83,5.14,0.82,1,75.0,1.8,29.5,0.406,2020-05-19 02:00:00
2020-05-20,4,2020,1,Flowering,0.83,5.64,0.828,1,67.0,1.97,32.3,0.368,2020-05-20 02:00:00
2020-05-21,4,2020,1,Flowering,0.88,6.8,0.757,1,70.0,8.01,30.7,0.395,2020-05-21 02:00:00
2020-05-22,4,2020,1,Flowering,0.88,5.79,0.785,1,77.0,2.03,30.3,0.347,2020-05-22 02:00:00
2020-05-23,4,2020,1,Flowering,0.89,5.89,0.825,1,72.0,2.06,30.7,0.396,2020-05-23 02:00:00
2020-05-24,4,2020,1,Flowering,0.8,5.73,0.865,1,64.0,2.01,29.7,0.397,2020-05-24 02:00:00
2020-05-25,4,2020,1,Flowering,0.83,5.75,0.861,1,66.0,2.01,30.7,0.328,2020-05-25 02:00:00
2020-05-26,4,2020,1,Flowering,0.88,6.09,0.859,1,77.0,4.26,30.8,0.381,2020-05-26 02:00:00
2020-05-27,4,2020,1,Flowering,0.87,5.88,0.856,1,68.0,2.06,32.4,0.378,2020-05-27 02:00:00
2020-05-28,4,2020,1,Flowering,0.85,5.43,0.871,1,68.0,1.9,30.5,0.349,2020-05-28 02:00:00
2020-05-29,4,2020,1,Flowering,0.83,5.07,0.827,1,65.0,1.77,31.9,0.338,2020-05-29 02:00:00
2020-05-30,4,2020,1,Flowering,0.85,5.22,0.805,1,74.0,1.83,30.5,0.361,2020-05-30 02:00:00
2020-05-31,4,2020,1,Flowering,0.88,6.24,0.846,1,70.0,2.18,31.7,0.339,2020-05-31 02:00:00
2020-06-01,4,2020,1,Flowering,0.91,6.05,0.86,1,71.0,2.12,30.4,0.318,2020-06-01 02:00:00
2020-06-02,4,2020,1,Flowering,0.83,5.38,0.899,1,71.0,1.88,32.1,0.358,2020-06-02 02:00:00
2020-06-03,4,2020,1,Flowering,0.87,6.03,0.917,1,72.0,2.11,31.3,0.339,2020-06-03 02:00:00
2020-06-04,4,2020,1,Flowering,0.82,5.62,0.833,1,75.0,9.89,30.8,0.369,2020-06-04 02:00:00
2020-06-05,4,2020,1,Flowering,0.92,5.74,0.867,1,73.0,2.01,31.1,0.347,2020-06-05 02:00:00
2020-06-06,4,2020,1,Flowering,0.84,5.43,0.802,1,73.0,1.9,32.9,0.364,2020-06-06 02:00:00
2020-06-07,4,2020,1,Flowering,0.9,5.82,0.773,1,72.0,6.39,31.7,0.328,2020-06-07 02:00:00
2020-06-08,4,2020,1,Flowering,0.84,6.03,0.8,1,78.0,2.11,31.7,0.369,2020-06-08 02:00:00
2020-06-09,4,2020,1,Flowering,0.9,6.08,0.834,1,71.0,2.13,31.3,0.387,2020-06-09 02:00:00
2020-06-10,4,2020,1,Flowering,0.83,5.11,0.871,1,68.0,1.79,30.2,0.353,2020-06-10 02:00:00
2020-06-11,4,2020,1,Flowering,0.91,6.07,0.897,1,68.0,2.12,30.4,0.347,2020-06-11 02:00:00
2020-06-12,4,2020,1,Flowering,0.88,6.36,0.898,1,67.0,2.23,33.6,0.326,2020-06-12 02:00:00
2020-06-13,4,2020,1,Flowering,0.88,6.39,0.917,1,66.0,2.24,31.5,0.358,2020-06-13 02:00:00
2020-06-14,4,2020,1,Flowering,0.9,5.86,0.806,1,71.0,12.05,33.5,0.339,2020-06-14 02:00:00
2020-06-15,4,2020,1,Flowering,0.88,6.4,0.847,1,65.0,2.24,31.3,0.381,2020-06-15 02:00:00
2020-06-16,4,2020,1,Flowering,0.87,5.72,0.807,1,72.0,2.0,31.6,0.332,2020-06-16 02:00:00
2020-06-17,4,2020,1,Flowering,0.83,5.55,0.846,1,74.0,1.94,31.8,0.352,2020-06-17 02:00:00
2020-06-18,4,2020,1,Flowering,0.88,6.1,0.888,1,75.0,2.13,33.1,0.363,2020-06-18 02:00:00
2020-06-19,4,2020,1,Flowering,0.88,5.67,0.908,1,76.0,1.98,31.8,0.316,2020-06-19 02:00:00
2020-06-20,4,2020,1,Flowering,0.91,6.22,0.876,1,71.0,2.18,29.4,0.33,2020-06-20 02:00:00
2020-06-21,4,2020,1,Flowering,0.96,6.85,0.914,1,73.0,2.4,32.1,0.356,2020-06-21 02:00:00
2020-06-22,4,2020,1,Flowering,0.89,5.86,0.772,1,74.0,2.05,31.6,0.331,2020-06-22 02:00:00
2020-06-23,4,2020,1,Flowering,0.87,5.95,0.807,1,75.0,2.08,32.5,0.388,2020-06-23 02:00:00
2020-06-24,4,2020,1,Flowering,0.83,6.22,0.846,1,70.0,2.18,32.1,0.391,2020-06-24 02:00:00
2020-06-25,4,2020,1,Flowering,0.9,5.78,0.883,1,67.0,2.02,29.3,0.322,2020-06-25 02:00:00
2020-06-26,4,2020,1,Flowering,0.9,5.32,0.891,1,67.0,1.86,31.9,0.34,2020-06-26 02:00:00
2020-06-27,4,2020,1,Flowering,0.88,6.15,0.916,1,77.0,2.15,32.5,0.352,2020-06-27 02:00:00
2020-06-28,4,2020,1,Flowering,0.92,6.21,0.917,1,79.0,2.17,31.7,0.36,2020-06-28 02:00:00
2020-06-29,4,2020,1,Flowering,0.84,6.04,0.917,1,75.0,2.11,31.6,0.356,2020-06-29 02:00:00
2020-06-30,4,2020,1,Flowering,0.95,6.44,0.822,1,77.0,11.09,33.1,0.335,2020-06-30 02:00:00
2020-07-01,4,2020,1,Flowering,0.86,5.72,0.86,1,68.0,2.0,31.9,0.322,2020-07-01 02:00:00
2020-07-02,4,2020,1,Grain Filling,0.96,6.33,0.89,1,78.0,2.22,30.1,0.324,2020-07-02 02:00:00
2020-07-03,4,2020,1,Grain Filling,0.87,5.86,0.917,1,74.0,2.05,29.4,0.357,2020-07-03 02:00:00
2020-07-04,4,2020,1,Grain Filling,0.94,6.42,0.917,1,74.0,2.25,32.4,0.369,2020-07-04 02:00:00
2020-07-05,4,2020,1,Grain Filling,0.89,6.82,0.916,1,74.0,2.39,31.7,0.344,2020-07-05 02:00:00
2020-07-06,4,2020,1,Grain Filling,0.87,5.73,0.917,1,73.0,2.01,29.4,0.359,2020-07-06 02:00:00
2020-07-07,4,2020,1,Grain Filling,0.89,6.05,0.917,1,77.0,2.12,33.0,0.32,2020-07-07 02:00:00
2020-07-08,4,2020,1,Grain Filling,0.9,5.82,0.917,1,74.0,2.04,33.2,0.33,2020-07-08 02:00:00
2020-07-09,4,2020,1,Grain Filling,0.92,6.67,0.917,1,78.0,2.33,30.8,0.317,2020-07-09 02:00:00
2020-07-10,4,2020,1,Grain Filling,0.91,6.36,0.917,1,71.0,2.23,33.7,0.342,2020-07-10 02:00:00
2020-07-11,4,2020,1,Grain Filling,0.91,6.73,0.917,1,74.0,2.36,31.9,0.338,2020-07-11 02:00:00
2020-07-12,4,2020,1,Grain Filling,0.89,6.35,0.885,1,76.0,2.22,30.1,0.346,2020-07-12 02:00:00
2020-07-13,4,2020,1,Grain Filling,0.95,6.84,0.863,1,76.0,6.68,33.7,0.353,2020-07-13 02:00:00
2020-07-14,4,2020,1,Grain Filling,0.92,6.43,0.884,1,71.0,2.25,31.0,0.328,2020-07-14 02:00:00
2020-07-15,4,2020,1,Grain Filling,0.89,5.96,0.912,1,71.0,2.09,32.3,0.352,2020-07-15 02:00:00
2020-07-16,4,2020,1,Grain Filling,0.87,6.41,0.917,1,73.0,2.24,32.0,0.326,2020-07-16 02:00:00
2020-07-17,4,2020,1,Grain Filling,0.89,5.84,0.916,1,70.0,2.04,31.5,0.356,2020-07-17 02:00:00
2020-07-18,4,2020,1,Grain Filling,0.92,6.64,0.917,1,67.0,2.32,33.1,0.298,2020-07-18 02:00:00
2020-07-19,4,2020,1,Grain Filling,0.93,6.45,0.917,1,72.0,2.26,30.9,0.331,2020-07-19 02:00:00
2020-07-20,4,2020,1,Grain Filling,0.96,6.84,0.917,1,73.0,2.39,31.9,0.31,2020-07-20 02:00:00
2020-07-21,4,2020,1,Grain Filling,0.85,5.79,0.917,1,72.0,2.03,31.3,0.317,2020-07-21 02:00:00
2020-07-22,4,2020,1,Grain Filling,0.97,6.39,0.917,1,78.0,2.24,32.6,0.321,2020-07-22 02:00:00
2020-07-23,4,2020,1,Grain Filling,0.92,6.36,0.851,1,74.0,2.23,29.9,0.343,2020-07-23 02:00:00
2020-07-24,4,2020,1,Grain Filling,0.9,6.05,0.892,1,78.0,2.12,31.5,0.309,2020-07-24 02:00:00
2020-07-25,4,2020,1,Grain Filling,0.97,6.57,0.909,1,77.0,2.3,29.9,0.316,2020-07-25 02:00:00
2020-07-26,4,2020,1,Grain Filling,0.92,6.33,0.917,1,73.0,2.22,32.4,0.333,2020-07-26 02:00:00
2020-07-27,4,2020,1,Grain Filling,0.98,6.92,0.917,1,76.0,2.42,34.4,0.331,2020-07-27 02:00:00
2020-07-28,4,2020,1,Grain Filling,0.95,6.69,0.903,1,71.0,2.34,32.0,0.323,2020-07-28 02:00:00
2020-07-29,4,2020,1,Grain Filling,0.94,6.9,0.917,1,79.0,2.42,32.6,0.337,2020-07-29 02:00:00
2020-07-30,4,2020,1,Grain Filling,0.92,6.81,0.917,1,73.0,2.38,36.1,0.332,2020-07-30 02:00:00
2020-07-31,4,2020,1,Grain Filling,0.92,6.46,0.917,1,69.0,2.26,32.0,0.35,2020-07-31 02:00:00
2020-08-01,4,2020,1,Grain Filling,0.94,6.76,0.917,1,77.0,2.37,34.2,0.302,2020-08-01 02:00:00
2020-08-02,4,2020,1,Grain Filling,0.91,6.18,0.917,1,73.0,2.16,31.3,0.317,2020-08-02 02:00:00
2020-08-03,4,2020,1,Grain Filling,0.91,6.45,0.917,1,80.0,2.26,32.1,0.305,2020-08-03 02:00:00
2020-08-04,4,2020,1,Grain Filling,0.96,6.91,0.893,1,77.0,2.42,33.6,0.325,2020-08-04 02:00:00
2020-08-05,4,2020,1,Grain Filling,0.92,6.42,0.91,1,70.0,2.25,32.5,0.338,2020-08-05 02:00:00
2020-08-06,4,2020,1,Grain Filling,0.98,6.39,0.917,1,72.0,2.24,30.0,0.329,2020-08-06 02:00:00
2020-08-07,4,2020,1,Grain Filling,0.98,7.07,0.917,1,60.0,2.47,33.5,0.316,2020-08-07 02:00:00
2020-08-08,4,2020,1,Grain Filling,0.96,6.71,0.917,1,79.0,2.35,33.2,0.324,2020-08-08 02:00:00
2020-08-09,4,2020,1,Grain Filling,0.9,6.74,0.917,1,74.0,2.36,30.4,0.283,2020-08-09 02:00:00
2020-08-10,4,2020,1,Grain Filling,0.97,6.6,0.917,1,78.0,2.31,28.9,0.316,2020-08-10 02:00:00
2020-08-11,4,2020,1,Grain Filling,0.96,6.34,0.917,1,70.0,2.22,34.1,0.276,2020-08-11 02:00:00
2020-08-12,4,2020,1,Grain Filling,0.94,6.41,0.917,1,69.0,2.24,32.8,0.324,2020-08-12 02:00:00
2020-08-13,4,2020,1,Grain Filling,0.95,6.63,0.917,1,68.0,2.32,32.4,0.301,2020-08-13 02:00:00
2020-08-14,4,2020,1,Grain Filling,0.99,7.58,0.917,1,77.0,2.65,35.5,0.32,2020-08-14 02:00:00
2020-08-15,4,2020,1,Grain Filling,0.99,7.41,0.917,1,70.0,2.59,34.7,0.336,2020-08-15 02:00:00
2020-08-16,4,2020,1,Grain Filling,0.96,6.87,0.832,1,72.0,9.84,32.4,0.293,2020-08-16 02:00:00
2020-08-17,4,2020,1,Grain Filling,0.89,6.49,0.874,1,73.0,2.27,32.3,0.324,2020-08-17 02:00:00
2020-08-18,4,2020,1,Grain Filling,0.95,6.36,0.914,1,81.0,2.23,30.1,0.327,2020-08-18 02:00:00
2020-08-19,4,2020,1,Grain Filling,0.96,6.66,0.917,1,78.0,2.33,32.7,0.321,2020-08-19 02:00:00
2020-08-20,4,2020,1,Grain Filling,0.94,6.77,0.917,1,81.0,2.37,29.8,0.299,2020-08-20 02:00:00
2020-08-21,4,2020,1,Grain Filling,0.94,6.35,0.875,1,77.0,2.22,34.9,0.263,2020-08-21 02:00:00
2020-08-22,4,2020,1,Grain Filling,0.96,6.89,0.917,1,75.0,2.41,31.8,0.314,2020-08-22 02:00:00
2020-08-23,4,2020,1,Grain Filling,1.02,7.88,0.917,1,73.0,2.76,32.2,0.288,2020-08-23 02:00:00
2020-08-24,4,2020,1,Grain Filling,0.98,7.66,0.917,1,76.0,2.68,34.0,0.315,2020-08-24 02:00:00
2020-08-25,4,2020,1,Grain Filling,0.94,6.22,0.917,1,83.0,2.18,33.2,0.296,2020-08-25 02:00:00
2020-08-26,4,2020,1,Grain Filling,0.97,7.2,0.816,1,75.0,11.81,33.4,0.254,2020-08-26 02:00:00
2020-08-27,4,2020,1,Grain Filling,0.98,7.08,0.849,1,82.0,2.48,32.2,0.337,2020-08-27 02:00:00
2020-08-28,4,2020,1,Grain Filling,0.91,5.92,0.85,1,72.0,2.07,31.0,0.301,2020-08-28 02:00:00
2020-08-29,4,2020,1,Grain Filling,0.98,7.23,0.892,1,79.0,2.53,30.9,0.301,2020-08-29 02:00:00
2020-08-30,4,2020,1,Grain Filling,1.02,6.98,0.88,1,72.0,5.85,33.1,0.298,2020-08-30 02:00:00
2020-08-31,4,2020,1,Grain Filling,1.0,7.19,0.917,1,72.0,2.52,30.9,0.331,2020-08-31 02:00:00
2020-09-01,4,2020,1,Grain Filling,1.01,7.51,0.917,1,76.0,2.63,33.0,0.323,2020-09-01 02:00:00
2020-09-02,4,2020,1,Grain Filling,1.0,7.37,0.917,1,78.0,2.58,31.7,0.335,2020-09-02 02:00:00
2020-09-03,4,2020,1,Grain Filling,1.02,6.86,0.917,1,74.0,2.4,31.7,0.283,2020-09-03 02:00:00
2020-09-04,4,2020,1,Grain Filling,0.92,6.49,0.917,1,73.0,2.27,33.2,0.283,2020-09-04 02:00:00
2020-09-05,4,2020,1,Grain Filling,1.03,7.62,0.842,1,72.0,10.6,33.2,0.294,2020-09-05 02:00:00
2020-09-06,4,2020,1,Grain Filling,1.02,7.28,0.869,1,80.0,2.55,33.3,0.304,2020-09-06 02:00:00
2020-09-07,4,2020,1,Grain Filling,1.02,7.87,0.863,1,76.0,2.75,33.7,0.295,2020-09-07 02:00:00
2020-09-08,4,2020,1,Grain Filling,1.0,7.0,0.868,1,79.0,2.45,31.7,0.317,2020-09-08 02:00:00
2020-09-09,4,2020,1,Grain Filling,0.99,7.09,0.875,1,76.0,2.48,32.4,0.276,2020-09-09 02:00:00
2020-09-10,4,2020,1,Grain Filling,0.97,6.2,0.913,1,73.0,2.17,31.8,0.312,2020-09-10 02:00:00
2020-09-11,4,2020,1,Grain Filling,1.02,6.87,0.917,1,80.0,2.4,32.1,0.31,2020-09-11 02:00:00
2020-09-12,4,2020,1,Grain Filling,0.99,7.55,0.917,1,79.0,2.64,34.4,0.321,2020-09-12 02:00:00
2020-09-13,4,2020,1,Grain Filling,0.98,7.22,0.917,1,79.0,2.53,31.8,0.301,2020-09-13 02:00:00
2020-09-14,4,2020,1,Grain Filling,1.01,6.96,0.917,1,71.0,2.44,34.1,0.279,2020-09-14 02:00:00
2020-09-15,4,2020,1,Grain Filling,1.0,7.03,0.917,1,82.0,2.46,32.6,0.31,2020-09-15 02:00:00
2020-09-16,4,2020,1,Grain Filling,1.04,7.98,0.917,1,75.0,2.79,32.7,0.274,2020-09-16 02:00:00
2020-09-17,4,2020,1,Grain Filling,0.94,6.76,0.917,1,77.0,2.37,33.5,0.267,2020-09-17 02:00:00
2020-09-18,4,2020,1,Grain Filling,1.0,7.05,0.883,1,79.0,6.69,34.3,0.322,2020-09-18 02:00:00
2020-09-19,4,2020,1,Grain Filling,1.04,7.1,0.917,1,81.0,2.48,33.2,0.326,2020-09-19 02:00:00
2020-09-20,4,2020,1,Grain Filling,1.03,7.58,0.917,1,69.0,2.65,32.7,0.27,2020-09-20 02:00:00
2020-09-21,4,2020,1,Grain Filling,1.05,7.81,0.917,1,77.0,2.73,32.5,0.28,2020-09-21 02:00:00
2020-09-22,4,2020,1,Grain Filling,1.02,8.16,0.809,1,79.0,9.94,30.7,0.267,2020-09-22 02:00:00
2020-09-23,4,2020,1,Grain Filling,1.04,7.86,0.748,1,79.0,9.01,34.8,0.31,2020-09-23 02:00:00
2020-09-24,4,2020,1,Grain Filling,1.07,7.56,0.79,1,74.0,2.65,32.2,0.276,2020-09-24 02:00:00
2020-09-25,4,2020,1,Grain Filling,1.05,7.31,0.824,1,79.0,2.56,32.2,0.28,2020-09-25 02:00:00
2020-09-26,4,2020,1,Grain Filling,1.0,7.24,0.867,1,74.0,2.53,33.2,0.26,2020-09-26 02:00:00
2020-09-27,4,2020,1,Grain Filling,1.04,7.41,0.779,1,74.0,5.13,31.2,0.266,2020-09-27 02:00:00
2020-09-28,4,2020,1,Grain Filling,0.97,7.12,0.823,1,78.0,2.49,33.0,0.283,2020-09-28 02:00:00
2020-09-29,4,2020,1,Grain Filling,1.05,7.76,0.866,1,85.0,2.72,33.2,0.229,2020-09-29 02:00:00
2020-09-30,4,2020,1,Grain Filling,1.0,7.13,0.909,1,76.0,2.5,33.5,0.289,2020-09-30 02:00:00
2020-10-01,4,2020,1,Grain Filling,1.01,7.34,0.917,1,79.0,2.57,35.0,0.323,2020-10-01 02:00:00
2020-10-02,4,2020,1,Grain Filling,1.09,7.5,0.917,1,78.0,2.62,33.2,0.318,2020-10-02 02:00:00
2020-10-03,4,2020,1,Grain Filling,1.05,8.09,0.917,1,74.0,5.65,35.4,0.3,2020-10-03 02:00:00
2020-10-04,4,2020,1,Grain Filling,0.99,7.41,0.917,1,82.0,2.59,33.1,0.261,2020-10-04 02:00:00
2020-10-05,4,2020,1,Grain Filling,1.06,7.88,0.812,1,83.0,11.72,32.3,0.293,2020-10-05 02:00:00
2020-10-06,4,2020,1,Grain Filling,1.06,7.36,0.854,1,81.0,2.58,33.1,0.276,2020-10-06 02:00:00
2020-10-07,4,2020,1,Grain Filling,1.04,7.3,0.872,1,75.0,2.55,33.7,0.279,2020-10-07 02:00:00
2020-10-08,4,2020,1,Grain Filling,1.08,7.59,0.913,1,81.0,2.66,32.7,0.26,2020-10-08 02:00:00
2020-10-09,4,2020,1,Grain Filling,1.09,8.02,0.917,1,77.0,2.81,33.5,0.273,2020-10-09 02:00:00
2020-10-10,4,2020,1,Grain Filling,1.02,7.5,0.917,1,75.0,2.62,33.5,0.282,2020-10-10 02:00:00
2020-10-11,4,2020,1,Grain Filling,1.02,7.31,0.833,1,81.0,11.06,35.2,0.267,2020-10-11 02:00:00
2020-10-12,4,2020,1,Grain Filling,1.05,7.31,0.873,1,78.0,2.56,35.5,0.257,2020-10-12 02:00:00
2020-10-13,4,2020,1,Grain Filling,1.04,7.92,0.917,1,76.0,2.77,31.7,0.282,2020-10-13 02:00:00
2020-10-14,4,2020,1,Grain Filling,1.07,8.25,0.917,1,75.0,2.89,34.3,0.265,2020-10-14 02:00:00
2020-10-15,4,2020,1,Grain Filling,1.11,8.47,0.917,1,78.0,2.96,33.5,0.261,2020-10-15 02:00:00
2020-10-16,4,2020,1,Grain Filling,1.09,8.07,0.917,1,80.0,2.82,32.2,0.284,2020-10-16 02:00:00
2020-10-17,4,2020,1,Grain Filling,1.02,7.56,0.917,1,76.0,2.65,34.5,0.313,2020-10-17 02:00:00
2020-10-18,4,2020,1,Grain Filling,1.1,8.33,0.917,1,80.0,2.92,32.6,0.267,2020-10-18 02:00:00
2020-10-19,4,2020,1,Grain Filling,1.06,7.51,0.853,1,81.0,6.55,33.4,0.275,2020-10-19 02:00:00
2020-10-20,4,2020,1,Maturity,1.04,7.58,0.897,1,83.0,2.65,34.2,0.275,2020-10-20 02:00:00
2020-10-21,4,2020,1,Maturity,1.08,7.54,0.917,1,79.0,2.64,33.7,0.297,2020-10-21 02:00:00
2020-10-22,4,2020,1,Maturity,1.09,8.26,0.917,1,77.0,2.89,34.4,0.253,2020-10-22 02:00:00
2020-10-23,4,2020,1,Maturity,1.09,7.95,0.917,1,84.0,2.78,33.7,0.261,2020-10-23 02:00:00
2020-10-24,4,2020,1,Maturity,1.04,7.74,0.917,1,81.0,2.71,32.7,0.272,2020-10-24 02:00:00
2020-10-25,4,2020,1,Maturity,1.05,7.72,0.917,1,81.0,2.7,33.1,0.269,2020-10-25 02:00:00
2020-10-26,4,2020,1,Maturity,1.03,6.99,0.917,1,85.0,2.45,34.2,0.257,2020-10-26 02:00:00
2020-10-27,4,2020,1,Maturity,1.07,7.49,0.85,1,82.0,2.62,34.8,0.295,2020-10-27 02:00:00
2020-10-28,4,2020,1,Maturity,1.05,7.74,0.884,1,81.0,2.71,34.2,0.248,2020-10-28 02:00:00
2020-10-29,4,2020,1,Maturity,1.01,8.27,0.917,1,78.0,2.89,35.2,0.239,2020-10-29 02:00:00
2020-10-30,4,2020,1,Maturity,1.1,7.88,0.917,1,78.0,2.76,33.1,0.285,2020-10-30 02:00:00
2020-10-31,4,2020,1,Maturity,1.1,8.76,0.917,1,83.0,3.07,35.8,0.268,2020-10-31 02:00:00
2020-11-01,4,2020,1,Maturity,1.02,8.0,0.917,1,84.0,2.8,34.0,0.291,2020-11-01 02:00:00
2020-11-02,4,2020,1,Maturity,1.05,8.45,0.917,1,76.0,2.96,32.4,0.307,2020-11-02 02:00:00
2020-11-03,4,2020,1,Maturity,1.09,8.16,0.917,1,80.0,2.86,32.6,0.254,2020-11-03 02:00:00
2020-11-04,4,2020,1,Maturity,1.08,8.42,0.917,1,79.0,2.95,33.7,0.274,2020-11-04 02:00:00
2020-11-05,4,2020,1,Maturity,1.05,8.06,0.901,1,73.0,2.82,34.4,0.27,2020-11-05 02:00:00
2020-11-06,4,2020,1,Maturity,1.07,7.97,0.909,1,86.0,2.79,33.7,0.264,2020-11-06 02:00:00
2020-11-07,4,2020,1,Maturity,1.06,8.02,0.917,1,85.0,2.81,33.2,0.278,2020-11-07 02:00:00
2020-11-08,4,2020,1,Maturity,1.13,7.55,0.917,1,88.0,2.64,33.4,0.26,2020-11-08 02:00:00
2020-11-09,4,2020,1,Maturity,1.07,7.9,0.917,1,84.0,2.76,32.9,0.255,2020-11-09 02:00:00
2020-11-10,4,2020,1,Maturity,1.12,8.71,0.917,1,81.0,3.05,32.3,0.286,2020-11-10 02:00:00
2020-11-11,4,2020,1,Maturity,1.05,7.85,0.917,1,77.0,2.75,33.5,0.289,2020-11-11 02:00:00
2020-11-12,4,2020,1,Maturity,1.12,8.75,0.813,1,79.0,10.29,33.1,0.275,2020-11-12 02:00:00
2020-11-13,4,2020,1,Maturity,1.12,8.78,0.859,1,86.0,3.07,33.9,0.245,2020-11-13 02:00:00
2020-11-14,4,2020,1,Maturity,1.1,8.86,0.906,1,82.0,3.1,34.5,0.243,2020-11-14 02:00:00
2020-11-15,4,2020,1,Maturity,1.13,8.99,0.917,1,80.0,3.15,34.0,0.289,2020-11-15 02:00:00
2020-11-16,4,2020,1,Maturity,1.1,8.24,0.917,1,84.0,2.88,35.6,0.267,2020-11-16 02:00:00
2020-11-17,4,2020,1,Maturity,1.1,8.29,0.89,1,82.0,2.9,34.2,0.269,2020-11-17 02:00:00
2020-11-18,4,2020,1,Maturity,1.13,8.57,0.917,1,81.0,3.0,36.0,0.274,2020-11-18 02:00:00
2020-11-19,4,2020,1,Maturity,1.07,8.09,0.917,1,79.0,2.83,33.2,0.242,2020-11-19 02:00:00
2020-11-20,4,2020,1,Maturity,1.04,7.84,0.917,1,88.0,2.74,33.8,0.258,2020-11-20 02:00:00
2020-11-21,4,2020,1,Maturity,1.08,8.25,0.881,1,78.0,2.89,36.7,0.224,2020-11-21 02:00:00
2020-11-22,4,2020,1,Maturity,1.07,7.67,0.917,1,79.0,2.68,34.1,0.26,2020-11-22 02:00:00
2020-11-23,4,2020,1,Maturity,1.1,7.98,0.863,1,80.0,2.79,32.3,0.228,2020-11-23 02:00:00
2020-11-24,4,2020,1,Maturity,1.09,8.33,0.822,1,82.0,8.57,32.6,0.273,2020-11-24 02:00:00
2020-11-25,4,2020,1,Maturity,1.12,8.41,0.867,1,79.0,2.94,34.1,0.28,2020-11-25 02:00:00
2020-11-26,4,2020,1,Maturity,1.06,7.76,0.829,1,84.0,2.72,34.5,0.257,2020-11-26 02:00:00
2020-11-27,4,2020,1,Maturity,1.09,8.36,0.827,1,85.0,2.93,34.7,0.27,2020-11-27 02:00:00
2020-11-28,4,2020,1,Maturity,1.06,7.98,0.766,1,81.0,7.96,34.7,0.248,2020-11-28 02:00:00
2020-11-29,4,2020,1,Maturity,1.1,9.01,0.779,1,83.0,3.15,35.6,0.261,2020-11-29 02:00:00
2020-11-30,4,2020,1,Maturity,1.14,8.38,0.804,1,85.0,2.93,34.7,0.229,2020-11-30 02:00:00
2020-12-01,4,2020,1,Maturity,1.12,8.56,0.824,1,75.0,3.0,32.9,0.264,2020-12-01 02:00:00
2020-12-02,4,2020,1,Maturity,1.12,8.54,0.864,1,87.0,2.99,33.6,0.251,2020-12-02 02:00:00
2020-12-03,4,2020,1,Maturity,1.07,8.38,0.767,1,78.0,7.99,34.8,0.225,2020-12-03 02:00:00
2020-12-04,4,2020,1,Maturity,1.09,8.1,0.811,1,81.0,2.83,34.5,0.247,2020-12-04 02:00:00
2020-12-05,4,2020,1,Maturity,1.12,8.23,0.855,1,82.0,2.88,31.4,0.242,2020-12-05 02:00:00
2020-12-06,4,2020,1,Maturity,1.1,9.01,0.763,1,84.0,3.15,33.3,0.224,2020-12-06 02:00:00
2020-12-07,4,2020,1,Maturity,1.15,9.05,0.667,1,81.0,11.02,35.4,0.28,2020-12-07 02:00:00
2020-12-08,4,2020,1,Maturity,1.14,8.7,0.711,1,85.0,3.04,31.7,0.242,2020-12-08 02:00:00
2020-12-09,4,2020,1,Maturity,1.06,8.21,0.734,1,80.0,2.87,33.9,0.23,2020-12-09 02:00:00
2020-12-10,4,2020,1,Maturity,1.13,8.27,0.766,1,87.0,2.89,33.7,0.281,2020-12-10 02:00:00
2020-12-11,4,2020,1,Maturity,1.19,8.86,0.808,1,81.0,3.1,36.6,0.26,2020-12-11 02:00:00
2020-12-12,4,2020,1,Maturity,1.12,8.53,0.848,1,82.0,2.99,33.7,0.221,2020-12-12 02:00:00
2020-12-13,4,2020,1,Maturity,1.09,8.07,0.839,1,88.0,2.82,32.9,0.214,2020-12-13 02:00:00
2020-12-14,4,2020,1,Maturity,1.11,8.12,0.853,1,83.0,2.84,32.0,0.252,2020-12-14 02:00:00
2020-12-15,4,2020,1,Maturity,1.12,8.85,0.764,1,89.0,10.94,35.9,0.25,2020-12-15 02:00:00
2020-12-16,4,2020,1,Maturity,1.11,8.49,0.809,1,85.0,2.97,33.4,0.24,2020-12-16 02:00:00
2020-12-17,4,2020,1,Maturity,1.07,8.41,0.856,1,77.0,2.94,35.0,0.205,2020-12-17 02:00:00
2020-12-18,4,2020,1,Maturity,1.13,8.39,0.9,1,78.0,2.94,35.8,0.24,2020-12-18 02:00:00
2020-12-19,4,2020,1,Maturity,1.15,8.79,0.917,1,82.0,3.08,34.4,0.232,2020-12-19 02:00:00
2020-12-20,4,2020,1,Maturity,1.14,8.44,0.917,1,86.0,2.95,34.4,0.237,2020-12-20 02:00:00
2020-12-21,4,2020,1,Maturity,1.11,8.55,0.917,1,78.0,2.99,33.5,0.247,2020-12-21 02:00:00
2020-12-22,4,2020,1,Maturity,1.17,8.5,0.917,1,87.0,2.97,36.4,0.213,2020-12-22 02:00:00
2020-12-23,4,2020,1,Maturity,1.07,7.71,0.917,1,83.0,2.7,33.2,0.217,2020-12-23 02:00:00
2020-12-24,4,2020,1,Maturity,1.13,9.09,0.917,1,86.0,3.18,33.7,0.222,2020-12-24 02:00:00
2020-12-25,4,2020,1,Maturity,1.16,8.86,0.917,1,87.0,3.1,32.6,0.271,2020-12-25 02:00:00
2020-12-26,4,2020,1,Maturity,1.13,8.64,0.917,1,82.0,3.02,34.7,0.226,2020-12-26 02:00:00
2020-12-27,4,2020,1,Maturity,1.18,8.82,0.917,1,90.0,3.09,34.3,0.231,2020-12-27 02:00:00
2020-12-28,4,2020,1,Maturity,1.13,8.64,0.917,1,85.0,3.02,36.6,0.222,2020-12-28 02:00:00
2020-12-29,4,2020,1,Maturity,1.18,8.71,0.917,1,83.0,3.05,34.5,0.228,2020-12-29 02:00:00
2020-12-30,4,2020,1,Maturity,1.13,8.22,0.917,1,93.0,2.88,34.0,0.234,2020-12-30 02:00:00
2020-12-31,4,2020,1,Maturity,1.2,9.38,0.917,1,85.0,3.28,33.6,0.231,2020-12-31 02:00:00
2021-01-01,4,2021,1,Germination,0.65,3.49,0.433,1,59.0,1.22,29.8,0.456,2021-01-01 02:00:00
2021-01-02,4,2021,1,Germination,0.64,3.96,0.387,1,61.0,3.74,27.1,0.427,2021-01-02 02:00:00
2021-01-03,4,2021,1,Germination,0.64,4.29,0.41,1,57.0,1.5,29.8,0.461,2021-01-03 02:00:00
2021-01-04,4,2021,1,Germination,0.66,4.03,0.412,1,59.0,1.41,28.5,0.442,2021-01-04 02:00:00
2021-01-05,4,2021,1,Germination,0.68,4.28,0.426,1,63.0,1.5,29.0,0.431,2021-01-05 02:00:00
2021-01-06,4,2021,1,Germination,0.67,4.18,0.457,1,61.0,1.46,29.6,0.474,2021-01-06 02:00:00
2021-01-07,4,2021,1,Germination,0.67,3.97,0.37,1,67.0,9.44,27.2,0.497,2021-01-07 02:00:00
2021-01-08,4,2021,1,Germination,0.63,3.83,0.25,1,65.0,10.55,31.7,0.488,2021-01-08 02:00:00
2021-01-09,4,2021,1,Germination,0.65,4.14,0.27,1,60.0,1.45,29.6,0.383,2021-01-09 02:00:00
2021-01-10,4,2021,1,Germination,0.62,3.8,0.25,1,70.0,1.33,29.4,0.433,2021-01-10 02:00:00
2021-01-11,4,2021,1,Germination,0.63,3.92,0.288,1,62.0,1.37,30.5,0.43,2021-01-11 02:00:00
2021-01-12,4,2021,1,Germination,0.67,4.03,0.265,1,60.0,1.41,29.7,0.42,2021-01-12 02:00:00
2021-01-13,4,2021,1,Germination,0.68,3.87,0.276,1,62.0,1.35,29.6,0.453,2021-01-13 02:00:00
2021-01-14,4,2021,1,Germination,0.65,3.91,0.309,1,62.0,1.37,29.3,0.43,2021-01-14 02:00:00
2021-01-15,4,2021,1,Germination,0.72,4.71,0.307,1,61.0,1.65,29.9,0.463,2021-01-15 02:00:00
2021-01-16,4,2021,1,Germination,0.68,3.89,0.3,1,61.0,1.36,28.7,0.399,2021-01-16 02:00:00
2021-01-17,4,2021,1,Germination,0.66,4.11,0.25,1,55.0,9.86,31.5,0.437,2021-01-17 02:00:00
2021-01-18,4,2021,1,Germination,0.71,4.26,0.287,1,60.0,1.49,31.0,0.448,2021-01-18 02:00:00
2021-01-19,4,2021,1,Germination,0.66,4.28,0.304,1,60.0,1.5,29.8,0.455,2021-01-19 02:00:00
2021-01-20,4,2021,1,Germination,0.65,4.04,0.295,1,69.0,1.41,27.2,0.453,2021-01-20 02:00:00
2021-01-21,4,2021,1,Germination,0.66,3.98,0.276,1,65.0,1.39,29.1,0.423,2021-01-21 02:00:00
2021-01-22,4,2021,1,Germination,0.64,3.77,0.262,1,63.0,1.32,29.8,0.385,2021-01-22 02:00:00
2021-01-23,4,2021,1,Germination,0.71,4.82,0.29,1,61.0,1.69,33.4,0.427,2021-01-23 02:00:00
2021-01-24,4,2021,1,Germination,0.69,4.38,0.286,1,66.0,1.53,28.2,0.482,2021-01-24 02:00:00
2021-01-25,4,2021,1,Germination,0.65,4.17,0.284,1,68.0,3.92,30.5,0.398,2021-01-25 02:00:00
2021-01-26,4,2021,1,Germination,0.69,4.33,0.25,1,60.0,8.61,29.7,0.433,2021-01-26 02:00:00
2021-01-27,4,2021,1,Germination,0.66,4.09,0.25,1,72.0,1.43,30.6,0.462,2021-01-27 02:00:00
2021-01-28,4,2021,1,Germination,0.71,4.38,0.284,1,61.0,1.53,31.6,0.443,2021-01-28 02:00:00
2021-01-29,4,2021,1,Germination,0.67,4.48,0.323,1,59.0,1.57,31.7,0.438,2021-01-29 02:00:00
2021-01-30,4,2021,1,Germination,0.76,4.44,0.25,1,68.0,1.55,32.6,0.436,2021-01-30 02:00:00
2021-01-31,4,2021,1,Germination,0.65,3.76,0.25,1,61.0,8.54,29.6,0.419,2021-01-31 02:00:00
2021-02-01,4,2021,1,Germination,0.74,4.57,0.268,1,68.0,1.6,28.1,0.465,2021-02-01 02:00:00
2021-02-02,4,2021,1,Germination,0.73,5.03,0.296,1,66.0,1.76,30.3,0.4,2021-02-02 02:00:00
2021-02-03,4,2021,1,Germination,0.71,4.49,0.307,1,62.0,1.57,30.0,0.4,2021-02-03 02:00:00
2021-02-04,4,2021,1,Germination,0.72,4.31,0.331,1,70.0,1.51,28.5,0.433,2021-02-04 02:00:00
2021-02-05,4,2021,1,Germination,0.69,4.58,0.33,1,57.0,1.6,27.9,0.425,2021-02-05 02:00:00
2021-02-06,4,2021,1,Germination,0.67,4.43,0.367,1,66.0,1.55,31.3,0.41,2021-02-06 02:00:00
2021-02-07,4,2021,1,Germination,0.71,4.19,0.388,1,66.0,1.47,30.2,0.433,2021-02-07 02:00:00
2021-02-08,4,2021,1,Germination,0.67,3.93,0.326,1,66.0,6.74,31.6,0.424,2021-02-08 02:00:00
2021-02-09,4,2021,1,Germination,0.69,4.21,0.285,1,59.0,6.43,31.0,0.448,2021-02-09 02:00:00
2021-02-10,4,2021,1,Germination,0.67,3.8,0.302,1,66.0,1.33,29.4,0.411,2021-02-10 02:00:00
2021-02-11,4,2021,1,Germination,0.71,4.53,0.333,1,65.0,1.59,29.4,0.427,2021-02-11 02:00:00
2021-02-12,4,2021,1,Germination,0.69,4.41,0.352,1,64.0,1.54,29.4,0.429,2021-02-12 02:00:00
2021-02-13,4,2021,1,Germination,0.7,4.22,0.373,1,63.0,1.48,30.3,0.425,2021-02-13 02:00:00
2021-02-14,4,2021,1,Germination,0.69,4.35,0.402,1,65.0,1.52,29.2,0.433,2021-02-14 02:00:00
2021-02-15,4,2021,1,Germination,0.8,5.4,0.408,1,61.0,1.89,29.7,0.412,2021-02-15 02:00:00
2021-02-16,4,2021,1,Germination,0.71,3.95,0.25,1,66.0,8.53,33.8,0.452,2021-02-16 02:00:00
2021-02-17,4,2021,1,Germination,0.74,4.62,0.28,1,66.0,1.62,29.0,0.485,2021-02-17 02:00:00
2021-02-18,4,2021,1,Germination,0.66,4.1,0.25,1,65.0,4.73,30.2,0.432,2021-02-18 02:00:00
2021-02-19,4,2021,1,Germination,0.76,4.92,0.269,1,62.0,1.72,32.6,0.426,2021-02-19 02:00:00
2021-02-20,4,2021,1,Germination,0.69,4.29,0.26,1,59.0,1.5,29.2,0.412,2021-02-20 02:00:00
2021-02-21,4,2021,1,Germination,0.69,3.97,0.25,1,69.0,1.39,28.0,0.399,2021-02-21 02:00:00
2021-02-22,4,2021,1,Germination,0.71,4.36,0.25,1,64.0,1.53,27.7,0.455,2021-02-22 02:00:00
2021-02-23,4,2021,1,Germination,0.66,4.52,0.284,1,62.0,1.58,29.3,0.409,2021-02-23 02:00:00
2021-02-24,4,2021,1,Germination,0.72,4.65,0.319,1,71.0,1.63,31.3,0.427,2021-02-24 02:00:00
2021-02-25,4,2021,1,Germination,0.76,4.95,0.357,1,64.0,1.73,30.1,0.37,2021-02-25 02:00:00
2021-02-26,4,2021,1,Germination,0.68,3.99,0.375,1,74.0,1.4,28.9,0.427,2021-02-26 02:00:00
2021-02-27,4,2021,1,Germination,0.71,4.62,0.282,1,62.0,1.62,30.9,0.393,2021-02-27 02:00:00
2021-02-28,4,2021,1,Germination,0.74,5.03,0.3,1,66.0,1.76,30.0,0.416,2021-02-28 02:00:00
2021-03-01,4,2021,1,Germination,0.74,4.64,0.338,1,62.0,1.62,29.6,0.404,2021-03-01 02:00:00
2021-03-02,4,2021,1,Germination,0.71,4.64,0.345,1,64.0,1.62,30.0,0.457,2021-03-02 02:00:00
2021-03-03,4,2021,1,Germination,0.73,4.74,0.375,1,66.0,1.66,33.0,0.398,2021-03-03 02:00:00
2021-03-04,4,2021,1,Germination,0.75,5.08,0.409,1,68.0,1.78,32.4,0.391,2021-03-04 02:00:00
2021-03-05,4,2021,1,Germination,0.77,5.05,0.338,1,65.0,1.77,31.5,0.451,2021-03-05 02:00:00
2021-03-06,4,2021,1,Germination,0.69,4.12,0.25,1,63.0,8.49,29.4,0.432,2021-03-06 02:00:00
2021-03-07,4,2021,1,Germination,0.75,5.05,0.263,1,64.0,1.77,29.7,0.395,2021-03-07 02:00:00
2021-03-08,4,2021,1,Germination,0.69,3.94,0.295,1,60.0,1.38,30.3,0.398,2021-03-08 02:00:00
2021-03-09,4,2021,1,Germination,0.7,4.57,0.332,1,66.0,1.6,31.3,0.409,2021-03-09 02:00:00
2021-03-10,4,2021,1,Germination,0.71,4.34,0.369,1,68.0,1.52,29.9,0.429,2021-03-10 02:00:00
2021-03-11,4,2021,1,Germination,0.77,4.7,0.394,1,66.0,1.64,30.1,0.396,2021-03-11 02:00:00
2021-03-12,4,2021,1,Germination,0.77,5.06,0.396,1,66.0,1.77,30.4,0.396,2021-03-12 02:00:00
2021-03-13,4,2021,1,Germination,0.75,4.79,0.398,1,71.0,1.68,29.8,0.425,2021-03-13 02:00:00
2021-03-14,4,2021,1,Germination,0.77,5.34,0.4,1,72.0,1.87,30.8,0.352,2021-03-14 02:00:00
2021-03-15,4,2021,1,Vegetative,0.74,4.6,0.394,1,64.0,1.61,31.8,0.401,2021-03-15 02:00:00
2021-03-16,4,2021,1,Vegetative,0.75,5.09,0.405,1,67.0,1.78,30.8,0.39,2021-03-16 02:00:00
2021-03-17,4,2021,1,Vegetative,0.71,4.54,0.444,1,72.0,1.59,32.0,0.407,2021-03-17 02:00:00
2021-03-18,4,2021,1,Vegetative,0.76,4.81,0.481,1,65.0,1.68,31.4,0.388,2021-03-18 02:00:00
2021-03-19,4,2021,1,Vegetative,0.76,4.78,0.372,1,65.0,9.5,32.1,0.379,2021-03-19 02:00:00
2021-03-20,4,2021,1,Vegetative,0.77,5.0,0.374,1,68.0,1.75,30.4,0.412,2021-03-20 02:00:00
2021-03-21,4,2021,1,Vegetative,0.72,4.73,0.372,1,66.0,4.18,30.0,0.399,2021-03-21 02:00:00
2021-03-22,4,2021,1,Vegetative,0.79,5.18,0.395,1,75.0,1.81,30.3,0.395,2021-03-22 02:00:00
2021-03-23,4,2021,1,Vegetative,0.78,5.12,0.416,1,73.0,1.79,31.0,0.409,2021-03-23 02:00:00
2021-03-24,4,2021,1,Vegetative,0.72,4.82,0.455,1,64.0,1.69,29.8,0.393,2021-03-24 02:00:00
2021-03-25,4,2021,1,Vegetative,0.74,5.02,0.482,1,63.0,1.76,32.9,0.388,2021-03-25 02:00:00
2021-03-26,4,2021,1,Vegetative,0.75,5.3,0.501,1,69.0,1.85,33.6,0.358,2021-03-26 02:00:00
2021-03-27,4,2021,1,Vegetative,0.75,4.96,0.516,1,68.0,1.74,31.5,0.418,2021-03-27 02:00:00
2021-03-28,4,2021,1,Vegetative,0.75,4.76,0.458,1,70.0,5.83,30.7,0.376,2021-03-28 02:00:00
2021-03-29,4,2021,1,Vegetative,0.82,5.03,0.489,1,69.0,1.76,29.4,0.419,2021-03-29 02:00:00
2021-03-30,4,2021,1,Vegetative,0.77,5.14,0.514,1,71.0,1.8,32.6,0.385,2021-03-30 02:00:00
2021-03-31,4,2021,1,Vegetative,0.83,5.26,0.552,1,65.0,1.84,32.7,0.389,2021-03-31 02:00:00
2021-04-01,4,2021,1,Vegetative,0.77,4.96,0.576,1,72.0,1.74,30.6,0.4,2021-04-01 02:00:00
2021-04-02,4,2021,1,Vegetative,0.76,4.96,0.553,1,71.0,1.74,30.9,0.392,2021-04-02 02:00:00
2021-04-03,4,2021,1,Vegetative,0.75,4.73,0.555,1,75.0,1.66,30.3,0.437,2021-04-03 02:00:00
2021-04-04,4,2021,1,Vegetative,0.77,4.78,0.583,1,72.0,1.67,29.8,0.381,2021-04-04 02:00:00
2021-04-05,4,2021,1,Vegetative,0.77,5.29,0.623,1,70.0,1.85,32.4,0.38,2021-04-05 02:00:00
2021-04-06,4,2021,1,Vegetative,0.8,5.57,0.644,1,68.0,1.95,31.5,0.388,2021-04-06 02:00:00
2021-04-07,4,2021,1,Vegetative,0.78,5.44,0.598,1,63.0,1.9,30.7,0.388,2021-04-07 02:00:00
2021-04-08,4,2021,1,Vegetative,0.73,5.1,0.62,1,63.0,1.78,28.5,0.412,2021-04-08 02:00:00
2021-04-09,4,2021,1,Vegetative,0.79,5.47,0.639,1,63.0,1.91,29.3,0.379,2021-04-09 02:00:00
2021-04-10,4,2021,1,Vegetative,0.78,5.1,0.632,1,71.0,4.33,30.6,0.409,2021-04-10 02:00:00
2021-04-11,4,2021,1,Vegetative,0.83,5.18,0.645,1,71.0,1.81,32.7,0.409,2021-04-11 02:00:00
2021-04-12,4,2021,1,Vegetative,0.8,5.43,0.651,1,67.0,1.9,31.3,0.381,2021-04-12 02:00:00
2021-04-13,4,2021,1,Vegetative,0.78,4.88,0.593,1,66.0,1.71,28.8,0.406,2021-04-13 02:00:00
2021-04-14,4,2021,1,Vegetative,0.82,5.53,0.633,1,63.0,1.94,31.1,0.402,2021-04-14 02:00:00
2021-04-15,4,2021,1,Vegetative,0.8,5.25,0.671,1,65.0,1.84,29.4,0.393,2021-04-15 02:00:00
2021-04-16,4,2021,1,Vegetative,0.8,5.53,0.691,1,68.0,1.94,33.5,0.384,2021-04-16 02:00:00
2021-04-17,4,2021,1,Vegetative,0.82,5.53,0.699,1,65.0,1.94,31.6,0.371,2021-04-17 02:00:00
2021-04-18,4,2021,1,Vegetative,0.79,4.79,0.735,1,67.0,1.68,28.0,0.384,2021-04-18 02:00:00
2021-04-19,4,2021,1,Vegetative,0.76,4.97,0.747,1,73.0,1.74,31.4,0.394,2021-04-19 02:00:00
2021-04-20,4,2021,1,Vegetative,0.75,5.13,0.765,1,66.0,1.8,32.0,0.426,2021-04-20 02:00:00
2021-04-21,4,2021,1,Vegetative,0.78,5.06,0.783,1,68.0,1.77,32.3,0.403,2021-04-21 02:00:00
2021-04-22,4,2021,1,Vegetative,0.82,5.58,0.824,1,74.0,1.95,32.0,0.366,2021-04-22 02:00:00
2021-04-23,4,2021,1,Vegetative,0.79,5.36,0.802,1,74.0,1.88,29.5,0.396,2021-04-23 02:00:00
2021-04-24,4,2021,1,Vegetative,0.74,4.53,0.77,1,66.0,1.59,29.7,0.387,2021-04-24 02:00:00
2021-04-25,4,2021,1,Vegetative,0.82,5.19,0.804,1,69.0,1.82,31.5,0.399,2021-04-25 02:00:00
2021-04-26,4,2021,1,Vegetative,0.83,5.58,0.838,1,71.0,1.95,32.8,0.391,2021-04-26 02:00:00
2021-04-27,4,2021,1,Vegetative,0.82,5.84,0.871,1,68.0,2.04,32.8,0.384,2021-04-27 02:00:00
2021-04-28,4,2021,1,Vegetative,0.81,5.36,0.867,1,66.0,1.88,32.6,0.387,2021-04-28 02:00:00
2021-04-29,4,2021,1,Vegetative,0.85,5.46,0.905,1,68.0,1.91,30.0,0.378,2021-04-29 02:00:00
2021-04-30,4,2021,1,Vegetative,0.79,5.01,0.917,1,71.0,1.75,29.3,0.401,2021-04-30 02:00:00
2021-05-01,4,2021,1,Vegetative,0.83,5.28,0.917,1,66.0,1.85,31.0,0.399,2021-05-01 02:00:00
2021-05-02,4,2021,1,Flowering,0.82,5.63,0.917,1,73.0,1.97,32.3,0.369,2021-05-02 02:00:00
2021-05-03,4,2021,1,Flowering,0.8,5.07,0.917,1,69.0,1.77,30.2,0.398,2021-05-03 02:00:00
2021-05-04,4,2021,1,Flowering,0.81,5.2,0.916,1,70.0,1.82,32.2,0.356,2021-05-04 02:00:00
2021-05-05,4,2021,1,Flowering,0.85,5.59,0.845,1,72.0,7.02,31.8,0.391,2021-05-05 02:00:00
2021-05-06,4,2021,1,Flowering,0.8,5.43,0.818,1,75.0,1.9,29.9,0.319,2021-05-06 02:00:00
2021-05-07,4,2021,1,Flowering,0.86,5.95,0.725,1,62.0,10.2,31.6,0.362,2021-05-07 02:00:00
2021-05-08,4,2021,1,Flowering,0.8,5.51,0.745,1,72.0,1.93,29.0,0.425,2021-05-08 02:00:00
2021-05-09,4,2021,1,Flowering,0.85,5.46,0.75,1,67.0,1.91,29.7,0.377,2021-05-09 02:00:00
2021-05-10,4,2021,1,Flowering,0.81,5.73,0.695,1,63.0,2.01,30.3,0.344,2021-05-10 02:00:00
2021-05-11,4,2021,1,Flowering,0.81,5.77,0.709,1,67.0,2.02,31.3,0.361,2021-05-11 02:00:00
2021-05-12,4,2021,1,Flowering,0.8,5.59,0.732,1,74.0,1.96,33.1,0.372,2021-05-12 02:00:00
2021-05-13,4,2021,1,Flowering,0.85,5.66,0.764,1,67.0,1.98,31.3,0.35,2021-05-13 02:00:00
2021-05-14,4,2021,1,Flowering,0.84,5.81,0.804,1,68.0,2.03,30.0,0.334,2021-05-14 02:00:00
2021-05-15,4,2021,1,Flowering,0.88,6.12,0.709,1,69.0,10.97,32.0,0.368,2021-05-15 02:00:00
2021-05-16,4,2021,1,Flowering,0.83,5.61,0.536,1,65.0,4.72,29.7,0.361,2021-05-16 02:00:00
2021-05-17,4,2021,1,Flowering,0.82,5.73,0.568,1,68.0,2.01,29.4,0.362,2021-05-17 02:00:00
2021-05-18,4,2021,1,Flowering,0.87,6.38,0.584,1,75.0,2.23,30.3,0.347,2021-05-18 02:00:00
2021-05-19,4,2021,1,Flowering,0.82,5.54,0.613,1,63.0,1.94,31.0,0.385,2021-05-19 02:00:00
2021-05-20,4,2021,1,Flowering,0.89,6.18,0.641,1,75.0,2.16,33.8,0.333,2021-05-20 02:00:00
2021-05-21,4,2021,1,Flowering,0.85,5.94,0.668,1,66.0,2.08,33.5,0.355,2021-05-21 02:00:00
2021-05-22,4,2021,1,Flowering,0.84,5.37,0.656,1,71.0,1.88,34.2,0.364,2021-05-22 02:00:00
2021-05-23,4,2021,1,Flowering,0.85,5.92,0.669,1,73.0,2.07,33.9,0.378,2021-05-23 02:00:00
2021-05-24,4,2021,1,Flowering,0.87,5.65,0.625,1,67.0,6.56,31.3,0.388,2021-05-24 02:00:00
2021-05-25,4,2021,1,Flowering,0.86,5.53,0.661,1,71.0,1.94,28.4,0.404,2021-05-25 02:00:00
2021-05-26,4,2021,1,Flowering,0.81,4.82,0.684,1,71.0,1.69,29.5,0.372,2021-05-26 02:00:00
2021-05-27,4,2021,1,Flowering,0.87,5.69,0.703,1,68.0,1.99,32.3,0.334,2021-05-27 02:00:00
2021-05-28,4,2021,1,Flowering,0.89,6.21,0.718,1,70.0,2.17,31.5,0.39,2021-05-28 02:00:00
2021-05-29,4,2021,1,Flowering,0.87,6.16,0.717,1,67.0,2.16,29.9,0.364,2021-05-29 02:00:00
2021-05-30,4,2021,1,Flowering,0.88,6.09,0.748,1,78.0,2.13,32.5,0.357,2021-05-30 02:00:00
2021-05-31,4,2021,1,Flowering,0.89,5.58,0.762,1,73.0,1.95,29.6,0.374,2021-05-31 02:00:00
2021-06-01,4,2021,1,Flowering,0.85,5.75,0.742,1,74.0,6.02,30.6,0.38,2021-06-01 02:00:00
2021-06-02,4,2021,1,Flowering,0.86,5.55,0.781,1,71.0,1.94,33.2,0.362,2021-06-02 02:00:00
2021-06-03,4,2021,1,Flowering,0.82,5.81,0.759,1,71.0,2.03,32.3,0.338,2021-06-03 02:00:00
2021-06-04,4,2021,1,Flowering,0.82,5.49,0.753,1,64.0,1.92,32.7,0.341,2021-06-04 02:00:00
2021-06-05,4,2021,1,Flowering,0.92,6.32,0.794,1,72.0,2.21,31.9,0.355,2021-06-05 02:00:00
2021-06-06,4,2021,1,Flowering,0.81,5.74,0.836,1,74.0,2.01,32.1,0.404,2021-06-06 02:00:00
2021-06-07,4,2021,1,Flowering,0.88,5.79,0.87,1,78.0,2.03,32.6,0.364,2021-06-07 02:00:00
2021-06-08,4,2021,1,Flowering,0.87,5.95,0.89,1,74.0,2.08,31.1,0.363,2021-06-08 02:00:00
2021-06-09,4,2021,1,Flowering,0.8,5.56,0.917,1,70.0,1.95,32.2,0.304,2021-06-09 02:00:00
2021-06-10,4,2021,1,Flowering,0.87,6.04,0.917,1,75.0,2.11,30.3,0.371,2021-06-10 02:00:00
2021-06-11,4,2021,1,Flowering,0.87,5.75,0.917,1,78.0,2.01,31.0,0.352,2021-06-11 02:00:00
2021-06-12,4,2021,1,Flowering,0.86,5.79,0.917,1,69.0,2.03,32.7,0.313,2021-06-12 02:00:00
2021-06-13,4,2021,1,Flowering,0.88,5.59,0.917,1,73.0,1.96,31.7,0.359,2021-06-13 02:00:00
2021-06-14,4,2021,1,Flowering,0.94,6.53,0.898,1,72.0,2.29,31.8,0.339,2021-06-14 02:00:00
2021-06-15,4,2021,1,Flowering,0.85,5.51,0.908,1,73.0,1.93,31.0,0.354,2021-06-15 02:00:00
2021-06-16,4,2021,1,Flowering,0.81,5.53,0.917,1,77.0,1.94,31.7,0.33,2021-06-16 02:00:00
2021-06-17,4,2021,1,Flowering,0.83,5.55,0.917,1,74.0,1.94,29.8,0.367,2021-06-17 02:00:00
2021-06-18,4,2021,1,Flowering,0.89,5.8,0.917,1,79.0,2.03,31.8,0.318,2021-06-18 02:00:00
2021-06-19,4,2021,1,Flowering,0.89,5.87,0.917,1,71.0,2.05,33.4,0.341,2021-06-19 02:00:00
2021-06-20,4,2021,1,Flowering,0.87,5.93,0.917,1,74.0,2.08,30.8,0.345,2021-06-20 02:00:00
2021-06-21,4,2021,1,Flowering,0.8,5.83,0.895,1,75.0,2.04,30.0,0.33,2021-06-21 02:00:00
2021-06-22,4,2021,1,Flowering,0.94,6.38,0.917,1,74.0,2.23,30.8,0.328,2021-06-22 02:00:00
2021-06-23,4,2021,1,Flowering,0.92,5.86,0.907,1,76.0,2.05,31.8,0.372,2021-06-23 02:00:00
2021-06-24,4,2021,1,Flowering,0.94,6.76,0.917,1,80.0,2.37,31.8,0.338,2021-06-24 02:00:00
2021-06-25,4,2021,1,Flowering,0.91,6.78,0.793,1,74.0,12.29,29.2,0.386,2021-06-25 02:00:00
2021-06-26,4,2021,1,Flowering,0.91,6.08,0.833,1,66.0,2.13,31.7,0.345,2021-06-26 02:00:00
2021-06-27,4,2021,1,Flowering,0.87,6.61,0.837,1,76.0,2.31,32.4,0.37,2021-06-27 02:00:00
2021-06-28,4,2021,1,Flowering,0.92,5.79,0.876,1,74.0,2.03,32.7,0.34,2021-06-28 02:00:00
2021-06-29,4,2021,1,Flowering,0.91,5.98,0.899,1,78.0,2.09,29.2,0.353,2021-06-29 02:00:00
2021-06-30,4,2021,1,Flowering,0.89,6.37,0.852,1,76.0,2.23,32.1,0.327,2021-06-30 02:00:00
2021-07-01,4,2021,1,Flowering,0.87,6.3,0.868,1,75.0,2.2,29.9,0.357,2021-07-01 02:00:00
2021-07-02,4,2021,1,Grain Filling,0.91,6.34,0.774,1,79.0,10.51,31.7,0.317,2021-07-02 02:00:00
2021-07-03,4,2021,1,Grain Filling,0.92,6.5,0.706,1,71.0,9.6,32.8,0.342,2021-07-03 02:00:00
2021-07-04,4,2021,1,Grain Filling,0.92,5.85,0.744,1,75.0,2.05,31.1,0.337,2021-07-04 02:00:00
2021-07-05,4,2021,1,Grain Filling,0.89,6.77,0.766,1,75.0,2.37,30.7,0.343,2021-07-05 02:00:00
2021-07-06,4,2021,1,Grain Filling,0.86,6.02,0.808,1,70.0,2.11,30.9,0.327,2021-07-06 02:00:00
2021-07-07,4,2021,1,Grain Filling,0.89,5.92,0.833,1,81.0,2.07,30.6,0.315,2021-07-07 02:00:00
2021-07-08,4,2021,1,Grain Filling,0.91,6.44,0.867,1,68.0,2.25,33.0,0.339,2021-07-08 02:00:00
2021-07-09,4,2021,1,Grain Filling,0.97,7.3,0.895,1,73.0,2.55,34.8,0.373,2021-07-09 02:00:00
2021-07-10,4,2021,1,Grain Filling,0.92,5.74,0.915,1,78.0,2.01,30.5,0.31,2021-07-10 02:00:00
2021-07-11,4,2021,1,Grain Filling,0.89,6.23,0.917,1,86.0,2.18,33.2,0.356,2021-07-11 02:00:00
2021-07-12,4,2021,1,Grain Filling,0.92,6.77,0.914,1,77.0,2.37,34.3,0.347,2021-07-12 02:00:00
2021-07-13,4,2021,1,Grain Filling,0.93,6.41,0.825,1,77.0,10.66,30.0,0.325,2021-07-13 02:00:00
2021-07-14,4,2021,1,Grain Filling,0.9,5.93,0.811,1,76.0,2.08,30.5,0.324,2021-07-14 02:00:00
2021-07-15,4,2021,1,Grain Filling,0.93,6.75,0.852,1,77.0,2.36,30.0,0.322,2021-07-15 02:00:00
2021-07-16,4,2021,1,Grain Filling,0.91,6.82,0.897,1,66.0,2.39,33.0,0.342,2021-07-16 02:00:00
2021-07-17,4,2021,1,Grain Filling,0.9,5.74,0.883,1,73.0,2.01,31.5,0.365,2021-07-17 02:00:00
2021-07-18,4,2021,1,Grain Filling,0.89,6.66,0.917,1,76.0,2.33,33.5,0.31,2021-07-18 02:00:00
2021-07-19,4,2021,1,Grain Filling,0.91,6.7,0.917,1,75.0,2.34,33.3,0.357,2021-07-19 02:00:00
2021-07-20,4,2021,1,Grain Filling,0.9,5.66,0.83,1,71.0,1.98,29.7,0.299,2021-07-20 02:00:00
2021-07-21,4,2021,1,Grain Filling,0.92,6.35,0.8,1,76.0,2.22,34.4,0.324,2021-07-21 02:00:00
2021-07-22,4,2021,1,Grain Filling,0.96,6.42,0.764,1,70.0,6.17,30.7,0.324,2021-07-22 02:00:00
2021-07-23,4,2021,1,Grain Filling,0.93,6.63,0.805,1,79.0,2.32,33.9,0.342,2021-07-23 02:00:00
2021-07-24,4,2021,1,Grain Filling,0.96,7.07,0.848,1,80.0,2.47,32.4,0.331,2021-07-24 02:00:00
2021-07-25,4,2021,1,Grain Filling,0.96,6.98,0.881,1,73.0,2.44,31.9,0.314,2021-07-25 02:00:00
2021-07-26,4,2021,1,Grain Filling,0.94,5.78,0.897,1,74.0,2.02,31.7,0.336,2021-07-26 02:00:00
2021-07-27,4,2021,1,Grain Filling,0.95,6.05,0.895,1,75.0,2.12,32.7,0.351,2021-07-27 02:00:00
2021-07-28,4,2021,1,Grain Filling,0.93,6.31,0.917,1,74.0,2.21,31.2,0.33,2021-07-28 02:00:00
2021-07-29,4,2021,1,Grain Filling,0.96,6.53,0.917,1,73.0,2.29,31.9,0.338,2021-07-29 02:00:00
2021-07-30,4,2021,1,Grain Filling,0.95,6.42,0.917,1,71.0,2.25,33.8,0.326,2021-07-30 02:00:00
2021-07-31,4,2021,1,Grain Filling,0.95,6.3,0.917,1,78.0,2.2,32.9,0.289,2021-07-31 02:00:00
2021-08-01,4,2021,1,Grain Filling,0.94,6.74,0.917,1,69.0,2.36,32.5,0.339,2021-08-01 02:00:00
2021-08-02,4,2021,1,Grain Filling,0.92,6.48,0.824,1,68.0,10.12,32.6,0.327,2021-08-02 02:00:00
2021-08-03,4,2021,1,Grain Filling,0.92,6.64,0.867,1,75.0,2.32,32.8,0.334,2021-08-03 02:00:00
2021-08-04,4,2021,1,Grain Filling,0.92,7.03,0.89,1,75.0,2.46,33.0,0.331,2021-08-04 02:00:00
2021-08-05,4,2021,1,Grain Filling,0.93,6.84,0.867,1,81.0,6.03,33.3,0.321,2021-08-05 02:00:00
2021-08-06,4,2021,1,Grain Filling,0.92,6.64,0.862,1,80.0,2.32,31.2,0.334,2021-08-06 02:00:00
2021-08-07,4,2021,1,Grain Filling,0.99,7.4,0.806,1,79.0,7.15,31.0,0.308,2021-08-07 02:00:00
2021-08-08,4,2021,1,Grain Filling,0.93,6.68,0.818,1,73.0,2.34,31.9,0.357,2021-08-08 02:00:00
2021-08-09,4,2021,1,Grain Filling,0.95,6.34,0.815,1,73.0,2.22,31.5,0.305,2021-08-09 02:00:00
2021-08-10,4,2021,1,Grain Filling,0.97,7.09,0.845,1,70.0,2.48,33.9,0.328,2021-08-10 02:00:00
2021-08-11,4,2021,1,Grain Filling,0.97,7.1,0.854,1,79.0,2.48,31.5,0.31,2021-08-11 02:00:00
2021-08-12,4,2021,1,Grain Filling,0.97,6.24,0.89,1,67.0,2.18,32.1,0.31,2021-08-12 02:00:00
2021-08-13,4,2021,1,Grain Filling,0.92,6.53,0.917,1,70.0,2.29,33.2,0.258,2021-08-13 02:00:00
2021-08-14,4,2021,1,Grain Filling,0.99,6.9,0.917,1,78.0,2.42,32.9,0.348,2021-08-14 02:00:00
2021-08-15,4,2021,1,Grain Filling,0.95,6.68,0.917,1,75.0,2.34,32.9,0.307,2021-08-15 02:00:00
2021-08-16,4,2021,1,Grain Filling,0.96,6.74,0.917,1,73.0,2.36,31.8,0.292,2021-08-16 02:00:00
2021-08-17,4,2021,1,Grain Filling,0.98,6.24,0.917,1,73.0,2.18,32.5,0.309,2021-08-17 02:00:00
2021-08-18,4,2021,1,Grain Filling,0.97,7.02,0.917,1,73.0,2.46,32.9,0.285,2021-08-18 02:00:00
2021-08-19,4,2021,1,Grain Filling,0.98,6.7,0.917,1,75.0,2.34,31.0,0.342,2021-08-19 02:00:00
2021-08-20,4,2021,1,Grain Filling,0.96,7.08,0.917,1,78.0,2.48,32.2,0.33,2021-08-20 02:00:00
2021-08-21,4,2021,1,Grain Filling,1.03,7.09,0.917,1,79.0,2.48,31.5,0.328,2021-08-21 02:00:00
2021-08-22,4,2021,1,Grain Filling,0.98,7.53,0.904,1,75.0,2.64,32.6,0.294,2021-08-22 02:00:00
2021-08-23,4,2021,1,Grain Filling,0.99,6.8,0.917,1,72.0,2.38,31.7,0.316,2021-08-23 02:00:00
2021-08-24,4,2021,1,Grain Filling,0.96,6.85,0.917,1,80.0,2.4,34.2,0.294,2021-08-24 02:00:00
2021-08-25,4,2021,1,Grain Filling,1.0,7.13,0.917,1,74.0,2.5,34.1,0.3,2021-08-25 02:00:00
2021-08-26,4,2021,1,Grain Filling,1.01,7.53,0.915,1,79.0,2.64,32.4,0.308,2021-08-26 02:00:00
2021-08-27,4,2021,1,Grain Filling,1.01,7.35,0.866,1,79.0,2.57,32.6,0.299,2021-08-27 02:00:00
2021-08-28,4,2021,1,Grain Filling,1.02,6.97,0.908,1,77.0,2.44,32.0,0.297,2021-08-28 02:00:00
2021-08-29,4,2021,1,Grain Filling,0.98,7.19,0.917,1,70.0,2.52,31.6,0.31,2021-08-29 02:00:00
2021-08-30,4,2021,1,Grain Filling,1.04,7.07,0.815,1,76.0,11.89,33.5,0.283,2021-08-30 02:00:00
2021-08-31,4,2021,1,Grain Filling,0.98,7.49,0.85,1,75.0,2.62,34.3,0.262,2021-08-31 02:00:00
2021-09-01,4,2021,1,Grain Filling,0.91,6.33,0.892,1,76.0,2.22,32.8,0.3,2021-09-01 02:00:00
2021-09-02,4,2021,1,Grain Filling,0.95,6.16,0.784,1,80.0,7.85,31.4,0.339,2021-09-02 02:00:00
2021-09-03,4,2021,1,Grain Filling,0.89,6.52,0.828,1,73.0,2.28,33.0,0.299,2021-09-03 02:00:00
2021-09-04,4,2021,1,Grain Filling,1.01,6.88,0.856,1,84.0,2.41,34.3,0.283,2021-09-04 02:00:00
2021-09-05,4,2021,1,Grain Filling,0.96,6.85,0.889,1,74.0,2.4,32.8,0.294,2021-09-05 02:00:00
2021-09-06,4,2021,1,Grain Filling,1.01,7.56,0.917,1,78.0,2.65,35.4,0.301,2021-09-06 02:00:00
2021-09-07,4,2021,1,Grain Filling,1.0,7.17,0.917,1,83.0,2.51,34.0,0.3,2021-09-07 02:00:00
2021-09-08,4,2021,1,Grain Filling,0.94,7.01,0.917,1,75.0,2.45,31.4,0.339,2021-09-08 02:00:00
2021-09-09,4,2021,1,Grain Filling,1.03,7.45,0.897,1,69.0,2.61,33.2,0.317,2021-09-09 02:00:00
2021-09-10,4,2021,1,Grain Filling,1.03,7.4,0.876,1,80.0,6.88,32.3,0.285,2021-09-10 02:00:00
2021-09-11,4,2021,1,Grain Filling,0.97,7.0,0.826,1,75.0,2.45,32.0,0.307,2021-09-11 02:00:00
2021-09-12,4,2021,1,Grain Filling,1.0,7.38,0.84,1,80.0,2.58,33.4,0.306,2021-09-12 02:00:00
2021-09-13,4,2021,1,Grain Filling,1.0,7.51,0.712,1,82.0,11.18,32.2,0.285,2021-09-13 02:00:00
2021-09-14,4,2021,1,Grain Filling,0.99,7.07,0.743,1,78.0,2.47,31.4,0.3,2021-09-14 02:00:00
2021-09-15,4,2021,1,Grain Filling,1.01,7.45,0.773,1,78.0,2.61,33.3,0.323,2021-09-15 02:00:00
2021-09-16,4,2021,1,Grain Filling,0.99,7.45,0.807,1,78.0,2.61,33.4,0.274,2021-09-16 02:00:00
2021-09-17,4,2021,1,Grain Filling,0.99,7.26,0.781,1,69.0,2.54,32.3,0.288,2021-09-17 02:00:00
2021-09-18,4,2021,1,Grain Filling,1.0,7.28,0.814,1,80.0,2.55,32.7,0.29,2021-09-18 02:00:00
2021-09-19,4,2021,1,Grain Filling,1.05,7.93,0.809,1,75.0,2.78,32.8,0.279,2021-09-19 02:00:00
2021-09-20,4,2021,1,Grain Filling,1.02,6.98,0.793,1,81.0,2.44,32.9,0.292,2021-09-20 02:00:00
2021-09-21,4,2021,1,Grain Filling,1.0,7.17,0.829,1,71.0,2.51,31.2,0.317,2021-09-21 02:00:00
2021-09-22,4,2021,1,Grain Filling,0.98,6.55,0.757,1,76.0,9.66,32.6,0.317,2021-09-22 02:00:00
2021-09-23,4,2021,1,Grain Filling,0.96,6.55,0.718,1,74.0,7.7,34.4,0.289,2021-09-23 02:00:00
2021-09-24,4,2021,1,Grain Filling,1.01,7.79,0.711,1,76.0,2.73,33.5,0.291,2021-09-24 02:00:00
2021-09-25,4,2021,1,Grain Filling,1.06,7.57,0.638,1,76.0,2.65,32.8,0.284,2021-09-25 02:00:00
2021-09-26,4,2021,1,Grain Filling,0.99,6.85,0.611,1,78.0,2.4,33.0,0.266,2021-09-26 02:00:00
2021-09-27,4,2021,1,Grain Filling,1.05,7.32,0.598,1,69.0,2.56,33.1,0.278,2021-09-27 02:00:00
2021-09-28,4,2021,1,Grain Filling,1.0,7.17,0.63,1,74.0,2.51,33.5,0.286,2021-09-28 02:00:00
2021-09-29,4,2021,1,Grain Filling,1.02,7.54,0.675,1,78.0,2.64,36.5,0.32,2021-09-29 02:00:00
2021-09-30,4,2021,1,Grain Filling,1.09,8.12,0.72,1,74.0,2.84,34.6,0.286,2021-09-30 02:00:00
2021-10-01,4,2021,1,Grain Filling,1.0,7.96,0.75,1,82.0,2.79,31.9,0.28,2021-10-01 02:00:00
2021-10-02,4,2021,1,Grain Filling,1.05,7.81,0.794,1,76.0,2.73,32.8,0.266,2021-10-02 02:00:00
2021-10-03,4,2021,1,Grain Filling,1.06,7.89,0.632,1,74.0,12.5,32.7,0.285,2021-10-03 02:00:00
2021-10-04,4,2021,1,Grain Filling,1.05,7.87,0.637,1,72.0,2.75,33.6,0.325,2021-10-04 02:00:00
2021-10-05,4,2021,1,Grain Filling,1.04,7.47,0.667,1,77.0,2.61,34.5,0.3,2021-10-05 02:00:00
2021-10-06,4,2021,1,Grain Filling,1.0,7.27,0.711,1,76.0,2.54,33.1,0.294,2021-10-06 02:00:00
2021-10-07,4,2021,1,Grain Filling,1.05,7.44,0.747,1,80.0,2.6,33.6,0.242,2021-10-07 02:00:00
2021-10-08,4,2021,1,Grain Filling,1.06,7.99,0.792,1,76.0,2.8,34.4,0.275,2021-10-08 02:00:00
2021-10-09,4,2021,1,Grain Filling,1.04,7.72,0.836,1,81.0,2.7,34.7,0.295,2021-10-09 02:00:00
2021-10-10,4,2021,1,Grain Filling,1.04,7.17,0.878,1,79.0,2.51,32.1,0.273,2021-10-10 02:00:00
2021-10-11,4,2021,1,Grain Filling,1.02,7.36,0.917,1,87.0,2.58,33.7,0.267,2021-10-11 02:00:00
2021-10-12,4,2021,1,Grain Filling,1.01,7.53,0.917,1,75.0,2.64,33.7,0.271,2021-10-12 02:00:00
2021-10-13,4,2021,1,Grain Filling,1.04,7.47,0.917,1,78.0,2.61,31.5,0.315,2021-10-13 02:00:00
2021-10-14,4,2021,1,Grain Filling,1.02,7.03,0.917,1,78.0,2.46,35.1,0.273,2021-10-14 02:00:00
2021-10-15,4,2021,1,Grain Filling,1.0,7.87,0.809,1,78.0,10.93,33.1,0.289,2021-10-15 02:00:00
2021-10-16,4,2021,1,Grain Filling,1.08,8.27,0.837,1,84.0,2.89,32.8,0.297,2021-10-16 02:00:00
2021-10-17,4,2021,1,Grain Filling,1.06,8.0,0.747,1,78.0,8.47,34.0,0.269,2021-10-17 02:00:00
2021-10-18,4,2021,1,Grain Filling,1.07,8.51,0.768,1,79.0,2.98,30.8,0.255,2021-10-18 02:00:00
2021-10-19,4,2021,1,Grain Filling,1.06,8.03,0.764,1,76.0,2.81,31.3,0.275,2021-10-19 02:00:00
2021-10-20,4,2021,1,Maturity,1.06,8.16,0.745,1,79.0,7.13,32.6,0.294,2021-10-20 02:00:00
2021-10-21,4,2021,1,Maturity,1.07,7.78,0.779,1,78.0,2.72,35.3,0.261,2021-10-21 02:00:00
2021-10-22,4,2021,1,Maturity,1.07,8.02,0.819,1,86.0,2.81,33.7,0.278,2021-10-22 02:00:00
2021-10-23,4,2021,1,Maturity,1.01,8.16,0.771,1,83.0,2.86,35.0,0.243,2021-10-23 02:00:00
2021-10-24,4,2021,1,Maturity,1.08,7.63,0.808,1,82.0,2.67,32.8,0.304,2021-10-24 02:00:00
2021-10-25,4,2021,1,Maturity,1.02,7.07,0.85,1,78.0,2.47,33.4,0.306,2021-10-25 02:00:00
2021-10-26,4,2021,1,Maturity,1.07,8.4,0.789,1,78.0,8.19,32.4,0.292,2021-10-26 02:00:00
2021-10-27,4,2021,1,Maturity,1.11,8.77,0.835,1,80.0,3.07,33.4,0.23,2021-10-27 02:00:00
2021-10-28,4,2021,1,Maturity,1.05,7.28,0.866,1,74.0,2.55,32.4,0.275,2021-10-28 02:00:00
2021-10-29,4,2021,1,Maturity,1.03,7.96,0.912,1,79.0,2.79,33.7,0.289,2021-10-29 02:00:00
2021-10-30,4,2021,1,Maturity,1.05,7.27,0.902,1,79.0,2.54,32.8,0.243,2021-10-30 02:00:00
2021-10-31,4,2021,1,Maturity,1.12,8.5,0.849,1,76.0,7.48,34.7,0.25,2021-10-31 02:00:00
2021-11-01,4,2021,1,Maturity,1.03,7.63,0.875,1,83.0,2.67,32.9,0.244,2021-11-01 02:00:00
2021-11-02,4,2021,1,Maturity,1.1,8.11,0.817,1,84.0,9.53,31.8,0.232,2021-11-02 02:00:00
2021-11-03,4,2021,1,Maturity,1.12,8.51,0.818,1,86.0,2.98,34.3,0.251,2021-11-03 02:00:00
2021-11-04,4,2021,1,Maturity,1.06,7.69,0.856,1,92.0,2.69,33.0,0.22,2021-11-04 02:00:00
2021-11-05,4,2021,1,Maturity,1.11,8.79,0.782,1,80.0,3.08,34.3,0.266,2021-11-05 02:00:00
2021-11-06,4,2021,1,Maturity,1.07,8.59,0.828,1,80.0,3.01,32.5,0.23,2021-11-06 02:00:00
2021-11-07,4,2021,1,Maturity,1.07,8.72,0.876,1,85.0,3.05,34.2,0.261,2021-11-07 02:00:00
2021-11-08,4,2021,1,Maturity,1.11,7.95,0.916,1,79.0,2.78,33.8,0.29,2021-11-08 02:00:00
2021-11-09,4,2021,1,Maturity,1.07,8.54,0.917,1,81.0,2.99,32.0,0.258,2021-11-09 02:00:00
2021-11-10,4,2021,1,Maturity,1.04,7.49,0.917,1,84.0,2.62,35.3,0.255,2021-11-10 02:00:00
2021-11-11,4,2021,1,Maturity,1.06,8.36,0.917,1,73.0,2.93,32.5,0.237,2021-11-11 02:00:00
2021-11-12,4,2021,1,Maturity,1.07,8.27,0.917,1,77.0,2.89,32.6,0.283,2021-11-12 02:00:00
2021-11-13,4,2021,1,Maturity,1.05,8.19,0.917,1,84.0,2.87,37.4,0.255,2021-11-13 02:00:00
2021-11-14,4,2021,1,Maturity,1.07,8.47,0.917,1,81.0,2.96,34.8,0.261,2021-11-14 02:00:00
2021-11-15,4,2021,1,Maturity,1.11,8.62,0.917,1,79.0,3.02,33.2,0.248,2021-11-15 02:00:00
2021-11-16,4,2021,1,Maturity,1.05,7.86,0.917,1,80.0,2.75,34.5,0.248,2021-11-16 02:00:00
2021-11-17,4,2021,1,Maturity,1.09,8.45,0.917,1,78.0,2.96,34.1,0.222,2021-11-17 02:00:00
2021-11-18,4,2021,1,Maturity,1.07,7.49,0.917,1,78.0,2.62,34.5,0.261,2021-11-18 02:00:00
2021-11-19,4,2021,1,Maturity,1.1,8.58,0.917,1,67.0,3.0,34.3,0.252,2021-11-19 02:00:00
2021-11-20,4,2021,1,Maturity,1.07,7.26,0.917,1,78.0,2.54,31.4,0.238,2021-11-20 02:00:00
2021-11-21,4,2021,1,Maturity,1.1,8.16,0.917,1,83.0,2.86,33.1,0.281,2021-11-21 02:00:00
2021-11-22,4,2021,1,Maturity,1.14,8.51,0.907,1,82.0,2.98,30.5,0.256,2021-11-22 02:00:00
2021-11-23,4,2021,1,Maturity,1.07,7.77,0.898,1,81.0,2.72,31.6,0.268,2021-11-23 02:00:00
2021-11-24,4,2021,1,Maturity,1.08,8.58,0.917,1,77.0,3.0,33.8,0.254,2021-11-24 02:00:00
2021-11-25,4,2021,1,Maturity,1.12,7.84,0.917,1,82.0,2.74,32.8,0.271,2021-11-25 02:00:00
2021-11-26,4,2021,1,Maturity,1.02,7.88,0.917,1,77.0,2.76,33.6,0.28,2021-11-26 02:00:00
2021-11-27,4,2021,1,Maturity,1.13,8.12,0.917,1,75.0,2.84,35.4,0.234,2021-11-27 02:00:00
2021-11-28,4,2021,1,Maturity,1.12,8.51,0.915,1,76.0,2.98,33.5,0.247,2021-11-28 02:00:00
2021-11-29,4,2021,1,Maturity,1.06,8.25,0.854,1,82.0,10.09,36.7,0.27,2021-11-29 02:00:00
2021-11-30,4,2021,1,Maturity,1.06,8.14,0.882,1,83.0,2.85,35.4,0.258,2021-11-30 02:00:00
2021-12-01,4,2021,1,Maturity,1.08,8.15,0.783,1,78.0,11.91,33.1,0.219,2021-12-01 02:00:00
2021-12-02,4,2021,1,Maturity,1.12,8.37,0.827,1,81.0,2.93,34.3,0.242,2021-12-02 02:00:00
2021-12-03,4,2021,1,Maturity,1.16,8.91,0.827,1,93.0,3.12,33.4,0.251,2021-12-03 02:00:00
2021-12-04,4,2021,1,Maturity,1.07,7.78,0.858,1,80.0,2.72,35.0,0.254,2021-12-04 02:00:00
2021-12-05,4,2021,1,Maturity,1.05,7.63,0.886,1,85.0,2.67,35.2,0.292,2021-12-05 02:00:00
2021-12-06,4,2021,1,Maturity,1.13,8.37,0.917,1,81.0,2.93,33.7,0.272,2021-12-06 02:00:00
2021-12-07,4,2021,1,Maturity,1.14,9.11,0.917,1,75.0,3.19,35.7,0.295,2021-12-07 02:00:00
2021-12-08,4,2021,1,Maturity,1.14,8.61,0.917,1,82.0,3.01,33.1,0.276,2021-12-08 02:00:00
2021-12-09,4,2021,1,Maturity,1.13,8.22,0.815,1,78.0,9.3,32.4,0.273,2021-12-09 02:00:00
2021-12-10,4,2021,1,Maturity,1.19,9.2,0.861,1,77.0,3.22,33.9,0.246,2021-12-10 02:00:00
2021-12-11,4,2021,1,Maturity,1.14,8.72,0.805,1,83.0,3.05,32.8,0.243,2021-12-11 02:00:00
2021-12-12,4,2021,1,Maturity,1.11,8.41,0.85,1,86.0,2.94,35.1,0.259,2021-12-12 02:00:00
2021-12-13,4,2021,1,Maturity,1.13,8.79,0.868,1,73.0,3.08,33.4,0.224,2021-12-13 02:00:00
2021-12-14,4,2021,1,Maturity,1.11,7.9,0.877,1,80.0,2.76,34.7,0.235,2021-12-14 02:00:00
2021-12-15,4,2021,1,Maturity,1.13,8.88,0.912,1,83.0,3.11,32.8,0.197,2021-12-15 02:00:00
2021-12-16,4,2021,1,Maturity,1.12,8.44,0.917,1,85.0,2.95,35.6,0.233,2021-12-16 02:00:00
2021-12-17,4,2021,1,Maturity,1.18,9.62,0.917,1,85.0,3.37,34.6,0.231,2021-12-17 02:00:00
2021-12-18,4,2021,1,Maturity,1.12,8.26,0.917,1,90.0,2.89,35.8,0.269,2021-12-18 02:00:00
2021-12-19,4,2021,1,Maturity,1.13,8.92,0.902,1,76.0,3.12,35.7,0.249,2021-12-19 02:00:00
2021-12-20,4,2021,1,Maturity,1.12,8.7,0.901,1,87.0,3.04,33.9,0.253,2021-12-20 02:00:00
2021-12-21,4,2021,1,Maturity,1.16,8.53,0.893,1,86.0,2.99,35.7,0.263,2021-12-21 02:00:00
2021-12-22,4,2021,1,Maturity,1.15,8.88,0.889,1,86.0,3.11,33.2,0.215,2021-12-22 02:00:00
2021-12-23,4,2021,1,Maturity,1.19,8.97,0.917,1,78.0,3.14,33.4,0.267,2021-12-23 02:00:00
2021-12-24,4,2021,1,Maturity,1.16,8.95,0.917,1,78.0,3.13,35.9,0.241,2021-12-24 02:00:00
2021-12-25,4,2021,1,Maturity,1.14,9.05,0.917,1,91.0,3.17,34.1,0.239,2021-12-25 02:00:00
2021-12-26,4,2021,1,Maturity,1.16,8.73,0.917,1,79.0,3.06,34.6,0.221,2021-12-26 02:00:00
2021-12-27,4,2021,1,Maturity,1.13,8.48,0.917,1,76.0,2.97,35.7,0.214,2021-12-27 02:00:00
2021-12-28,4,2021,1,Maturity,1.14,9.57,0.917,1,91.0,6.07,34.5,0.267,2021-12-28 02:00:00
2021-12-29,4,2021,1,Maturity,1.14,8.01,0.917,1,80.0,2.8,35.0,0.231,2021-12-29 02:00:00
2021-12-30,4,2021,1,Maturity,1.12,9.26,0.917,1,84.0,3.24,36.5,0.213,2021-12-30 02:00:00
2021-12-31,4,2021,1,Maturity,1.08,8.53,0.917,1,89.0,2.99,35.0,0.24,2021-12-31 02:00:00
2022-01-01,4,2022,1,Germination,0.65,3.76,0.433,1,67.0,1.32,31.4,0.483,2022-01-01 02:00:00
2022-01-02,4,2022,1,Germination,0.68,4.29,0.439,1,58.0,1.5,30.8,0.465,2022-01-02 02:00:00
2022-01-03,4,2022,1,Germination,0.64,4.12,0.365,1,60.0,4.38,31.9,0.471,2022-01-03 02:00:00
2022-01-04,4,2022,1,Germination,0.69,4.27,0.353,1,62.0,1.49,30.5,0.451,2022-01-04 02:00:00
2022-01-05,4,2022,1,Germination,0.66,3.94,0.25,1,64.0,1.38,30.4,0.44,2022-01-05 02:00:00
2022-01-06,4,2022,1,Germination,0.68,4.18,0.25,1,61.0,8.75,31.1,0.471,2022-01-06 02:00:00
2022-01-07,4,2022,1,Germination,0.7,4.28,0.278,1,59.0,1.5,28.1,0.444,2022-01-07 02:00:00
2022-01-08,4,2022,1,Germination,0.66,3.98,0.304,1,64.0,1.39,28.8,0.456,2022-01-08 02:00:00
2022-01-09,4,2022,1,Germination,0.69,4.25,0.319,1,73.0,1.49,31.1,0.45,2022-01-09 02:00:00
2022-01-10,4,2022,1,Germination,0.72,4.64,0.347,1,71.0,1.62,29.2,0.431,2022-01-10 02:00:00
2022-01-11,4,2022,1,Germination,0.63,3.65,0.378,1,70.0,1.28,27.7,0.453,2022-01-11 02:00:00
2022-01-12,4,2022,1,Germination,0.65,3.99,0.413,1,70.0,1.4,29.6,0.443,2022-01-12 02:00:00
2022-01-13,4,2022,1,Germination,0.71,4.25,0.447,1,65.0,1.49,31.8,0.416,2022-01-13 02:00:00
2022-01-14,4,2022,1,Germination,0.64,4.1,0.479,1,60.0,1.43,31.7,0.466,2022-01-14 02:00:00
2022-01-15,4,2022,1,Germination,0.65,4.15,0.495,1,64.0,1.45,30.0,0.414,2022-01-15 02:00:00
2022-01-16,4,2022,1,Germination,0.66,4.24,0.506,1,68.0,1.48,28.5,0.444,2022-01-16 02:00:00
2022-01-17,4,2022,1,Germination,0.69,4.41,0.542,1,58.0,1.54,30.1,0.434,2022-01-17 02:00:00
2022-01-18,4,2022,1,Germination,0.6,4.05,0.555,1,61.0,1.42,30.5,0.415,2022-01-18 02:00:00
2022-01-19,4,2022,1,Germination,0.67,4.28,0.549,1,57.0,1.5,31.1,0.446,2022-01-19 02:00:00
2022-01-20,4,2022,1,Germination,0.67,3.99,0.567,1,58.0,1.4,30.1,0.44,2022-01-20 02:00:00
2022-01-21,4,2022,1,Germination,0.6,3.5,0.554,1,60.0,1.22,30.4,0.439,2022-01-21 02:00:00
2022-01-22,4,2022,1,Germination,0.68,4.11,0.574,1,60.0,1.44,31.4,0.427,2022-01-22 02:00:00
2022-01-23,4,2022,1,Germination,0.71,4.67,0.607,1,59.0,1.63,28.9,0.426,2022-01-23 02:00:00
2022-01-24,4,2022,1,Germination,0.68,4.4,0.622,1,63.0,1.54,29.0,0.399,2022-01-24 02:00:00
2022-01-25,4,2022,1,Germination,0.7,4.14,0.618,1,68.0,1.45,30.5,0.471,2022-01-25 02:00:00
2022-01-26,4,2022,1,Germination,0.65,3.99,0.648,1,65.0,1.4,30.0,0.455,2022-01-26 02:00:00
2022-01-27,4,2022,1,Germination,0.71,4.42,0.684,1,61.0,1.55,31.5,0.361,2022-01-27 02:00:00
2022-01-28,4,2022,1,Germination,0.67,4.18,0.719,1,71.0,1.46,26.6,0.415,2022-01-28 02:00:00
2022-01-29,4,2022,1,Germination,0.73,4.48,0.686,1,58.0,1.57,28.4,0.434,2022-01-29 02:00:00
2022-01-30,4,2022,1,Germination,0.69,4.49,0.704,1,64.0,1.57,29.4,0.408,2022-01-30 02:00:00
2022-01-31,4,2022,1,Germination,0.72,4.39,0.716,1,66.0,1.54,28.6,0.444,2022-01-31 02:00:00
2022-02-01,4,2022,1,Germination,0.71,4.52,0.728,1,62.0,1.58,31.9,0.446,2022-02-01 02:00:00
2022-02-02,4,2022,1,Germination,0.6,3.87,0.764,1,62.0,1.35,30.6,0.407,2022-02-02 02:00:00
2022-02-03,4,2022,1,Germination,0.68,4.26,0.775,1,60.0,1.49,29.9,0.424,2022-02-03 02:00:00
2022-02-04,4,2022,1,Germination,0.7,4.32,0.801,1,69.0,1.51,29.4,0.419,2022-02-04 02:00:00
2022-02-05,4,2022,1,Germination,0.69,4.48,0.823,1,67.0,1.57,32.6,0.406,2022-02-05 02:00:00
2022-02-06,4,2022,1,Germination,0.7,4.43,0.815,1,59.0,1.55,28.1,0.458,2022-02-06 02:00:00
2022-02-07,4,2022,1,Germination,0.67,4.13,0.834,1,66.0,1.45,32.0,0.385,2022-02-07 02:00:00
2022-02-08,4,2022,1,Germination,0.73,4.56,0.864,1,67.0,1.6,31.7,0.408,2022-02-08 02:00:00
2022-02-09,4,2022,1,Germination,0.67,3.89,0.846,1,61.0,1.36,28.8,0.376,2022-02-09 02:00:00
2022-02-10,4,2022,1,Germination,0.76,4.61,0.852,1,58.0,1.61,30.3,0.423,2022-02-10 02:00:00
2022-02-11,4,2022,1,Germination,0.74,4.36,0.838,1,59.0,1.53,30.4,0.43,2022-02-11 02:00:00
2022-02-12,4,2022,1,Germination,0.67,4.22,0.861,1,61.0,1.48,29.5,0.402,2022-02-12 02:00:00
2022-02-13,4,2022,1,Germination,0.68,4.24,0.897,1,65.0,1.48,28.8,0.423,2022-02-13 02:00:00
2022-02-14,4,2022,1,Germination,0.7,4.48,0.917,1,64.0,1.57,29.8,0.451,2022-02-14 02:00:00
2022-02-15,4,2022,1,Germination,0.69,4.6,0.917,1,54.0,1.61,30.7,0.416,2022-02-15 02:00:00
2022-02-16,4,2022,1,Germination,0.7,4.47,0.897,1,61.0,1.56,30.3,0.397,2022-02-16 02:00:00
2022-02-17,4,2022,1,Germination,0.73,4.82,0.893,1,64.0,4.14,29.6,0.398,2022-02-17 02:00:00
2022-02-18,4,2022,1,Germination,0.71,4.68,0.916,1,64.0,1.64,29.4,0.419,2022-02-18 02:00:00
2022-02-19,4,2022,1,Germination,0.71,4.69,0.917,1,65.0,1.64,29.1,0.421,2022-02-19 02:00:00
2022-02-20,4,2022,1,Germination,0.68,4.43,0.917,1,66.0,1.55,31.3,0.414,2022-02-20 02:00:00
2022-02-21,4,2022,1,Germination,0.7,4.58,0.839,1,62.0,7.02,30.6,0.401,2022-02-21 02:00:00
2022-02-22,4,2022,1,Germination,0.69,4.24,0.875,1,72.0,1.48,29.4,0.383,2022-02-22 02:00:00
2022-02-23,4,2022,1,Germination,0.75,4.99,0.866,1,60.0,1.75,29.3,0.418,2022-02-23 02:00:00
2022-02-24,4,2022,1,Germination,0.74,4.76,0.874,1,58.0,1.67,29.4,0.374,2022-02-24 02:00:00
2022-02-25,4,2022,1,Germination,0.74,4.39,0.901,1,66.0,1.54,30.5,0.418,2022-02-25 02:00:00
2022-02-26,4,2022,1,Germination,0.77,5.03,0.917,1,70.0,1.76,31.8,0.391,2022-02-26 02:00:00
2022-02-27,4,2022,1,Germination,0.68,4.5,0.879,1,68.0,1.58,32.2,0.413,2022-02-27 02:00:00
2022-02-28,4,2022,1,Germination,0.72,4.47,0.908,1,73.0,1.56,30.4,0.41,2022-02-28 02:00:00
2022-03-01,4,2022,1,Germination,0.75,4.42,0.917,1,58.0,1.55,30.6,0.409,2022-03-01 02:00:00
2022-03-02,4,2022,1,Germination,0.76,4.69,0.904,1,69.0,1.64,32.7,0.416,2022-03-02 02:00:00
2022-03-03,4,2022,1,Germination,0.68,4.11,0.889,1,61.0,4.61,31.5,0.422,2022-03-03 02:00:00
2022-03-04,4,2022,1,Germination,0.74,4.67,0.91,1,69.0,1.63,30.9,0.428,2022-03-04 02:00:00
2022-03-05,4,2022,1,Germination,0.71,4.71,0.917,1,65.0,1.65,33.0,0.408,2022-03-05 02:00:00
2022-03-06,4,2022,1,Germination,0.72,4.34,0.812,1,66.0,10.81,31.4,0.39,2022-03-06 02:00:00
2022-03-07,4,2022,1,Germination,0.71,4.67,0.73,1,65.0,1.63,30.7,0.426,2022-03-07 02:00:00
2022-03-08,4,2022,1,Germination,0.74,4.16,0.755,1,66.0,1.46,29.8,0.412,2022-03-08 02:00:00
2022-03-09,4,2022,1,Germination,0.77,5.22,0.781,1,68.0,1.83,33.1,0.402,2022-03-09 02:00:00
2022-03-10,4,2022,1,Germination,0.75,4.93,0.696,1,72.0,1.73,30.6,0.409,2022-03-10 02:00:00
2022-03-11,4,2022,1,Germination,0.75,4.63,0.541,1,63.0,11.55,29.9,0.401,2022-03-11 02:00:00
2022-03-12,4,2022,1,Germination,0.77,4.8,0.579,1,65.0,1.68,31.0,0.366,2022-03-12 02:00:00
2022-03-13,4,2022,1,Germination,0.74,4.65,0.536,1,68.0,1.63,28.8,0.378,2022-03-13 02:00:00
2022-03-14,4,2022,1,Germination,0.76,5.3,0.576,1,73.0,1.85,29.9,0.409,2022-03-14 02:00:00
2022-03-15,4,2022,1,Vegetative,0.73,4.95,0.613,1,71.0,1.73,32.8,0.423,2022-03-15 02:00:00
2022-03-16,4,2022,1,Vegetative,0.74,4.67,0.649,1,69.0,1.63,29.1,0.377,2022-03-16 02:00:00
2022-03-17,4,2022,1,Vegetative,0.75,4.76,0.664,1,62.0,1.67,31.1,0.442,2022-03-17 02:00:00
2022-03-18,4,2022,1,Vegetative,0.73,4.37,0.686,1,64.0,1.53,29.9,0.397,2022-03-18 02:00:00
2022-03-19,4,2022,1,Vegetative,0.78,5.27,0.686,1,60.0,1.84,30.3,0.38,2022-03-19 02:00:00
2022-03-20,4,2022,1,Vegetative,0.75,4.36,0.692,1,57.0,1.53,31.0,0.404,2022-03-20 02:00:00
2022-03-21,4,2022,1,Vegetative,0.79,4.83,0.628,1,60.0,6.31,31.3,0.38,2022-03-21 02:00:00
2022-03-22,4,2022,1,Vegetative,0.73,4.44,0.641,1,79.0,1.55,27.9,0.37,2022-03-22 02:00:00
2022-03-23,4,2022,1,Vegetative,0.78,4.89,0.673,1,61.0,1.71,30.7,0.409,2022-03-23 02:00:00
2022-03-24,4,2022,1,Vegetative,0.75,5.56,0.693,1,64.0,1.95,30.5,0.375,2022-03-24 02:00:00
2022-03-25,4,2022,1,Vegetative,0.81,5.27,0.707,1,69.0,1.84,30.8,0.392,2022-03-25 02:00:00
2022-03-26,4,2022,1,Vegetative,0.77,4.69,0.681,1,68.0,1.64,29.0,0.404,2022-03-26 02:00:00
2022-03-27,4,2022,1,Vegetative,0.78,5.27,0.718,1,66.0,1.84,32.9,0.386,2022-03-27 02:00:00
2022-03-28,4,2022,1,Vegetative,0.77,4.86,0.755,1,62.0,1.7,30.3,0.423,2022-03-28 02:00:00
2022-03-29,4,2022,1,Vegetative,0.73,4.72,0.711,1,65.0,1.65,31.8,0.426,2022-03-29 02:00:00
2022-03-30,4,2022,1,Vegetative,0.77,4.89,0.718,1,62.0,1.71,30.8,0.394,2022-03-30 02:00:00
2022-03-31,4,2022,1,Vegetative,0.83,5.7,0.754,1,68.0,2.0,30.5,0.388,2022-03-31 02:00:00
2022-04-01,4,2022,1,Vegetative,0.75,4.7,0.766,1,72.0,1.64,29.6,0.382,2022-04-01 02:00:00
2022-04-02,4,2022,1,Vegetative,0.79,5.05,0.734,1,66.0,1.77,30.2,0.378,2022-04-02 02:00:00
2022-04-03,4,2022,1,Vegetative,0.77,4.82,0.727,1,71.0,1.69,30.2,0.373,2022-04-03 02:00:00
2022-04-04,4,2022,1,Vegetative,0.76,4.59,0.755,1,64.0,1.61,30.3,0.389,2022-04-04 02:00:00
2022-04-05,4,2022,1,Vegetative,0.79,5.06,0.793,1,69.0,1.77,30.2,0.425,2022-04-05 02:00:00
2022-04-06,4,2022,1,Vegetative,0.83,5.76,0.823,1,62.0,2.02,29.5,0.403,2022-04-06 02:00:00
2022-04-07,4,2022,1,Vegetative,0.78,4.99,0.826,1,71.0,1.75,31.6,0.361,2022-04-07 02:00:00
2022-04-08,4,2022,1,Vegetative,0.79,5.75,0.726,1,69.0,9.02,32.8,0.405,2022-04-08 02:00:00
2022-04-09,4,2022,1,Vegetative,0.8,5.27,0.749,1,64.0,1.84,31.0,0.402,2022-04-09 02:00:00
2022-04-10,4,2022,1,Vegetative,0.81,5.55,0.723,1,64.0,1.94,31.4,0.361,2022-04-10 02:00:00
2022-04-11,4,2022,1,Vegetative,0.8,5.28,0.758,1,65.0,1.85,28.7,0.379,2022-04-11 02:00:00
2022-04-12,4,2022,1,Vegetative,0.79,5.42,0.787,1,67.0,1.9,31.3,0.419,2022-04-12 02:00:00
2022-04-13,4,2022,1,Vegetative,0.75,4.62,0.812,1,65.0,1.62,31.2,0.43,2022-04-13 02:00:00
2022-04-14,4,2022,1,Vegetative,0.81,5.52,0.8,1,69.0,1.93,31.3,0.395,2022-04-14 02:00:00
2022-04-15,4,2022,1,Vegetative,0.82,5.34,0.742,1,69.0,1.87,29.7,0.423,2022-04-15 02:00:00
2022-04-16,4,2022,1,Vegetative,0.76,4.91,0.779,1,68.0,1.72,32.6,0.379,2022-04-16 02:00:00
2022-04-17,4,2022,1,Vegetative,0.75,5.2,0.814,1,63.0,1.82,33.0,0.397,2022-04-17 02:00:00
2022-04-18,4,2022,1,Vegetative,0.74,4.6,0.8,1,68.0,1.61,31.3,0.402,2022-04-18 02:00:00
2022-04-19,4,2022,1,Vegetative,0.77,4.53,0.784,1,68.0,1.59,29.5,0.374,2022-04-19 02:00:00
2022-04-20,4,2022,1,Vegetative,0.85,5.78,0.772,1,70.0,2.02,32.5,0.383,2022-04-20 02:00:00
2022-04-21,4,2022,1,Vegetative,0.8,5.64,0.813,1,76.0,1.97,31.2,0.389,2022-04-21 02:00:00
2022-04-22,4,2022,1,Vegetative,0.81,5.42,0.838,1,69.0,1.9,30.4,0.372,2022-04-22 02:00:00
2022-04-23,4,2022,1,Vegetative,0.79,5.19,0.821,1,67.0,1.82,32.1,0.366,2022-04-23 02:00:00
2022-04-24,4,2022,1,Vegetative,0.74,4.64,0.834,1,73.0,1.62,29.5,0.365,2022-04-24 02:00:00
2022-04-25,4,2022,1,Vegetative,0.79,5.06,0.861,1,73.0,1.77,30.6,0.334,2022-04-25 02:00:00
2022-04-26,4,2022,1,Vegetative,0.8,5.84,0.902,1,69.0,2.04,30.8,0.352,2022-04-26 02:00:00
2022-04-27,4,2022,1,Vegetative,0.83,5.41,0.83,1,69.0,1.89,30.9,0.399,2022-04-27 02:00:00
2022-04-28,4,2022,1,Vegetative,0.78,5.52,0.798,1,69.0,6.45,29.9,0.421,2022-04-28 02:00:00
2022-04-29,4,2022,1,Vegetative,0.81,5.81,0.791,1,69.0,2.03,34.1,0.382,2022-04-29 02:00:00
2022-04-30,4,2022,1,Vegetative,0.8,5.41,0.824,1,66.0,1.89,31.3,0.368,2022-04-30 02:00:00
2022-05-01,4,2022,1,Vegetative,0.75,4.81,0.853,1,71.0,1.68,32.2,0.409,2022-05-01 02:00:00
2022-05-02,4,2022,1,Flowering,0.84,5.29,0.872,1,70.0,1.85,32.0,0.404,2022-05-02 02:00:00
2022-05-03,4,2022,1,Flowering,0.81,5.45,0.9,1,70.0,1.91,31.9,0.393,2022-05-03 02:00:00
2022-05-04,4,2022,1,Flowering,0.81,5.45,0.807,1,70.0,1.91,31.9,0.389,2022-05-04 02:00:00
2022-05-05,4,2022,1,Flowering,0.83,5.74,0.847,1,69.0,2.01,31.5,0.322,2022-05-05 02:00:00
2022-05-06,4,2022,1,Flowering,0.8,5.29,0.845,1,76.0,1.85,30.4,0.359,2022-05-06 02:00:00
2022-05-07,4,2022,1,Flowering,0.84,5.57,0.88,1,71.0,1.95,34.5,0.369,2022-05-07 02:00:00
2022-05-08,4,2022,1,Flowering,0.82,5.72,0.786,1,67.0,9.71,31.5,0.38,2022-05-08 02:00:00
2022-05-09,4,2022,1,Flowering,0.76,5.05,0.682,1,73.0,7.53,30.7,0.349,2022-05-09 02:00:00
2022-05-10,4,2022,1,Flowering,0.82,5.7,0.596,1,67.0,2.0,31.1,0.353,2022-05-10 02:00:00
2022-05-11,4,2022,1,Flowering,0.82,5.45,0.627,1,69.0,1.91,31.7,0.357,2022-05-11 02:00:00
2022-05-12,4,2022,1,Flowering,0.81,6.05,0.625,1,68.0,4.51,29.8,0.386,2022-05-12 02:00:00
2022-05-13,4,2022,1,Flowering,0.84,5.66,0.577,1,65.0,6.38,30.0,0.359,2022-05-13 02:00:00
2022-05-14,4,2022,1,Flowering,0.88,5.84,0.608,1,76.0,2.04,31.5,0.38,2022-05-14 02:00:00
2022-05-15,4,2022,1,Flowering,0.8,5.69,0.62,1,69.0,1.99,34.3,0.411,2022-05-15 02:00:00
2022-05-16,4,2022,1,Flowering,0.83,5.48,0.52,1,67.0,9.31,30.9,0.306,2022-05-16 02:00:00
2022-05-17,4,2022,1,Flowering,0.87,5.94,0.55,1,73.0,2.08,29.3,0.347,2022-05-17 02:00:00
2022-05-18,4,2022,1,Flowering,0.79,5.38,0.567,1,71.0,1.88,28.4,0.353,2022-05-18 02:00:00
2022-05-19,4,2022,1,Flowering,0.89,5.75,0.603,1,67.0,2.01,30.0,0.36,2022-05-19 02:00:00
2022-05-20,4,2022,1,Flowering,0.86,6.19,0.646,1,72.0,2.17,34.0,0.377,2022-05-20 02:00:00
2022-05-21,4,2022,1,Flowering,0.85,5.56,0.685,1,74.0,1.95,32.8,0.354,2022-05-21 02:00:00
2022-05-22,4,2022,1,Flowering,0.85,5.37,0.639,1,68.0,1.88,31.7,0.374,2022-05-22 02:00:00
2022-05-23,4,2022,1,Flowering,0.83,5.7,0.547,1,70.0,9.96,30.4,0.372,2022-05-23 02:00:00
2022-05-24,4,2022,1,Flowering,0.78,5.45,0.578,1,67.0,1.91,30.9,0.353,2022-05-24 02:00:00
2022-05-25,4,2022,1,Flowering,0.91,6.41,0.62,1,72.0,2.24,32.1,0.361,2022-05-25 02:00:00
2022-05-26,4,2022,1,Flowering,0.85,5.89,0.65,1,72.0,2.06,32.1,0.35,2022-05-26 02:00:00
2022-05-27,4,2022,1,Flowering,0.82,5.93,0.657,1,70.0,2.08,32.0,0.373,2022-05-27 02:00:00
2022-05-28,4,2022,1,Flowering,0.8,5.22,0.693,1,72.0,1.83,32.2,0.358,2022-05-28 02:00:00
2022-05-29,4,2022,1,Flowering,0.83,5.63,0.729,1,67.0,1.97,30.9,0.385,2022-05-29 02:00:00
2022-05-30,4,2022,1,Flowering,0.83,5.36,0.649,1,67.0,9.52,31.6,0.361,2022-05-30 02:00:00
2022-05-31,4,2022,1,Flowering,0.87,5.71,0.686,1,77.0,2.0,30.6,0.331,2022-05-31 02:00:00
2022-06-01,4,2022,1,Flowering,0.84,5.62,0.712,1,69.0,1.97,35.0,0.379,2022-06-01 02:00:00
2022-06-02,4,2022,1,Flowering,0.8,5.27,0.71,1,72.0,1.84,29.6,0.359,2022-06-02 02:00:00
2022-06-03,4,2022,1,Flowering,0.86,5.97,0.684,1,76.0,2.09,32.2,0.383,2022-06-03 02:00:00
2022-06-04,4,2022,1,Flowering,0.83,5.96,0.72,1,66.0,2.09,32.2,0.321,2022-06-04 02:00:00
2022-06-05,4,2022,1,Flowering,0.88,6.35,0.759,1,68.0,2.22,31.2,0.357,2022-06-05 02:00:00
2022-06-06,4,2022,1,Flowering,0.85,5.71,0.738,1,71.0,2.0,32.0,0.358,2022-06-06 02:00:00
2022-06-07,4,2022,1,Flowering,0.91,6.31,0.771,1,69.0,2.21,29.7,0.349,2022-06-07 02:00:00
2022-06-08,4,2022,1,Flowering,0.85,6.4,0.672,1,75.0,11.69,29.5,0.376,2022-06-08 02:00:00
2022-06-09,4,2022,1,Flowering,0.86,6.19,0.701,1,77.0,2.17,30.9,0.365,2022-06-09 02:00:00
2022-06-10,4,2022,1,Flowering,0.83,5.74,0.657,1,73.0,7.59,31.5,0.36,2022-06-10 02:00:00
2022-06-11,4,2022,1,Flowering,0.89,5.47,0.588,1,73.0,1.91,31.9,0.353,2022-06-11 02:00:00
2022-06-12,4,2022,1,Flowering,0.89,5.92,0.589,1,71.0,4.3,31.9,0.388,2022-06-12 02:00:00
2022-06-13,4,2022,1,Flowering,0.86,5.43,0.592,1,72.0,1.9,31.9,0.378,2022-06-13 02:00:00
2022-06-14,4,2022,1,Flowering,0.93,6.04,0.544,1,72.0,2.11,30.7,0.371,2022-06-14 02:00:00
2022-06-15,4,2022,1,Flowering,0.85,5.97,0.545,1,71.0,2.09,30.1,0.346,2022-06-15 02:00:00
2022-06-16,4,2022,1,Flowering,0.89,6.15,0.575,1,68.0,2.15,32.3,0.329,2022-06-16 02:00:00
2022-06-17,4,2022,1,Flowering,0.91,6.34,0.587,1,73.0,2.22,31.6,0.378,2022-06-17 02:00:00
2022-06-18,4,2022,1,Flowering,0.91,6.36,0.468,1,69.0,2.23,30.4,0.334,2022-06-18 02:00:00
2022-06-19,4,2022,1,Flowering,0.88,6.1,0.457,1,70.0,2.13,29.8,0.402,2022-06-19 02:00:00
2022-06-20,4,2022,1,Flowering,0.98,6.61,0.495,1,69.0,2.31,32.1,0.287,2022-06-20 02:00:00
2022-06-21,4,2022,1,Flowering,0.9,6.49,0.396,1,63.0,11.46,30.9,0.353,2022-06-21 02:00:00
2022-06-22,4,2022,1,Flowering,0.87,5.48,0.319,1,79.0,9.16,30.3,0.356,2022-06-22 02:00:00
2022-06-23,4,2022,1,Flowering,0.87,6.11,0.327,1,69.0,2.14,30.9,0.375,2022-06-23 02:00:00
2022-06-24,4,2022,1,Flowering,0.9,6.41,0.369,1,78.0,2.24,32.3,0.341,2022-06-24 02:00:00
2022-06-25,4,2022,1,Flowering,0.88,6.34,0.412,1,76.0,2.22,33.7,0.338,2022-06-25 02:00:00
2022-06-26,4,2022,1,Flowering,0.83,6.09,0.401,1,72.0,2.13,29.8,0.33,2022-06-26 02:00:00
2022-06-27,4,2022,1,Flowering,0.88,6.25,0.42,1,73.0,2.19,32.6,0.317,2022-06-27 02:00:00
2022-06-28,4,2022,1,Flowering,0.83,5.56,0.434,1,74.0,1.95,32.7,0.327,2022-06-28 02:00:00
2022-06-29,4,2022,1,Flowering,0.87,5.55,0.472,1,73.0,1.94,31.0,0.332,2022-06-29 02:00:00
2022-06-30,4,2022,1,Flowering,0.88,6.3,0.448,1,68.0,2.2,31.8,0.346,2022-06-30 02:00:00
2022-07-01,4,2022,1,Flowering,0.91,5.94,0.485,1,72.0,2.08,29.5,0.321,2022-07-01 02:00:00
2022-07-02,4,2022,1,Grain Filling,0.84,5.87,0.505,1,68.0,2.05,33.6,0.324,2022-07-02 02:00:00
2022-07-03,4,2022,1,Grain Filling,0.87,6.22,0.547,1,73.0,2.18,33.1,0.33,2022-07-03 02:00:00
2022-07-04,4,2022,1,Grain Filling,0.89,5.71,0.575,1,73.0,2.0,34.2,0.342,2022-07-04 02:00:00
2022-07-05,4,2022,1,Grain Filling,0.88,5.96,0.614,1,70.0,2.09,32.5,0.363,2022-07-05 02:00:00
2022-07-06,4,2022,1,Grain Filling,0.89,5.95,0.628,1,70.0,2.08,33.4,0.332,2022-07-06 02:00:00
2022-07-07,4,2022,1,Grain Filling,0.93,6.13,0.644,1,70.0,2.15,32.7,0.348,2022-07-07 02:00:00
2022-07-08,4,2022,1,Grain Filling,0.88,5.57,0.549,1,71.0,8.88,33.3,0.348,2022-07-08 02:00:00
2022-07-09,4,2022,1,Grain Filling,0.84,5.81,0.568,1,75.0,2.03,29.3,0.333,2022-07-09 02:00:00
2022-07-10,4,2022,1,Grain Filling,0.91,6.03,0.587,1,68.0,2.11,29.4,0.327,2022-07-10 02:00:00
2022-07-11,4,2022,1,Grain Filling,0.93,5.81,0.595,1,75.0,2.03,31.7,0.364,2022-07-11 02:00:00
2022-07-12,4,2022,1,Grain Filling,0.94,6.53,0.636,1,74.0,2.29,30.3,0.369,2022-07-12 02:00:00
2022-07-13,4,2022,1,Grain Filling,0.87,6.29,0.647,1,69.0,2.2,33.8,0.351,2022-07-13 02:00:00
2022-07-14,4,2022,1,Grain Filling,0.93,6.53,0.687,1,74.0,2.29,33.0,0.363,2022-07-14 02:00:00
2022-07-15,4,2022,1,Grain Filling,0.96,6.29,0.721,1,65.0,2.2,34.9,0.319,2022-07-15 02:00:00
2022-07-16,4,2022,1,Grain Filling,0.89,6.41,0.618,1,71.0,2.24,35.5,0.332,2022-07-16 02:00:00
2022-07-17,4,2022,1,Grain Filling,0.91,6.6,0.66,1,73.0,2.31,33.0,0.324,2022-07-17 02:00:00
2022-07-18,4,2022,1,Grain Filling,0.94,6.92,0.703,1,77.0,2.42,36.1,0.342,2022-07-18 02:00:00
2022-07-19,4,2022,1,Grain Filling,0.91,6.65,0.667,1,76.0,7.26,32.6,0.336,2022-07-19 02:00:00
2022-07-20,4,2022,1,Grain Filling,0.91,6.85,0.705,1,65.0,2.4,32.0,0.356,2022-07-20 02:00:00
2022-07-21,4,2022,1,Grain Filling,0.9,6.8,0.749,1,74.0,2.38,32.1,0.326,2022-07-21 02:00:00
2022-07-22,4,2022,1,Grain Filling,0.89,6.08,0.742,1,72.0,2.13,32.0,0.3,2022-07-22 02:00:00
2022-07-23,4,2022,1,Grain Filling,0.95,6.93,0.775,1,72.0,2.43,32.8,0.339,2022-07-23 02:00:00
2022-07-24,4,2022,1,Grain Filling,0.92,6.58,0.79,1,77.0,2.3,27.6,0.329,2022-07-24 02:00:00
2022-07-25,4,2022,1,Grain Filling,0.9,6.3,0.733,1,72.0,8.78,34.2,0.287,2022-07-25 02:00:00
2022-07-26,4,2022,1,Grain Filling,0.94,6.59,0.774,1,73.0,2.31,33.4,0.311,2022-07-26 02:00:00
2022-07-27,4,2022,1,Grain Filling,0.97,6.58,0.807,1,69.0,2.3,32.1,0.37,2022-07-27 02:00:00
2022-07-28,4,2022,1,Grain Filling,0.92,6.41,0.78,1,78.0,2.24,33.2,0.293,2022-07-28 02:00:00
2022-07-29,4,2022,1,Grain Filling,0.99,6.47,0.806,1,78.0,2.26,32.1,0.331,2022-07-29 02:00:00
2022-07-30,4,2022,1,Grain Filling,0.9,6.34,0.718,1,82.0,9.58,32.8,0.304,2022-07-30 02:00:00
2022-07-31,4,2022,1,Grain Filling,0.93,6.02,0.758,1,77.0,2.11,33.8,0.299,2022-07-31 02:00:00
2022-08-01,4,2022,1,Grain Filling,0.95,6.75,0.774,1,71.0,2.36,33.5,0.331,2022-08-01 02:00:00
2022-08-02,4,2022,1,Grain Filling,0.93,6.51,0.81,1,68.0,2.28,34.9,0.297,2022-08-02 02:00:00
2022-08-03,4,2022,1,Grain Filling,0.92,6.4,0.845,1,77.0,2.24,34.3,0.307,2022-08-03 02:00:00
2022-08-04,4,2022,1,Grain Filling,0.94,6.19,0.663,1,73.0,7.6,30.6,0.31,2022-08-04 02:00:00
2022-08-05,4,2022,1,Grain Filling,0.89,6.05,0.704,1,71.0,2.12,34.0,0.314,2022-08-05 02:00:00
2022-08-06,4,2022,1,Grain Filling,0.88,6.44,0.645,1,73.0,2.25,34.2,0.337,2022-08-06 02:00:00
2022-08-07,4,2022,1,Grain Filling,0.96,6.98,0.639,1,78.0,2.44,33.4,0.299,2022-08-07 02:00:00
2022-08-08,4,2022,1,Grain Filling,0.95,7.0,0.673,1,80.0,2.45,30.2,0.313,2022-08-08 02:00:00
2022-08-09,4,2022,1,Grain Filling,1.02,7.13,0.663,1,73.0,2.5,31.7,0.322,2022-08-09 02:00:00
2022-08-10,4,2022,1,Grain Filling,0.97,7.25,0.534,1,74.0,7.32,32.7,0.329,2022-08-10 02:00:00
2022-08-11,4,2022,1,Grain Filling,0.97,7.28,0.539,1,71.0,2.55,32.6,0.305,2022-08-11 02:00:00
2022-08-12,4,2022,1,Grain Filling,0.93,6.71,0.579,1,76.0,2.35,32.6,0.346,2022-08-12 02:00:00
2022-08-13,4,2022,1,Grain Filling,0.94,6.75,0.597,1,78.0,2.36,30.9,0.297,2022-08-13 02:00:00
2022-08-14,4,2022,1,Grain Filling,0.98,6.56,0.605,1,76.0,2.3,33.4,0.265,2022-08-14 02:00:00
2022-08-15,4,2022,1,Grain Filling,1.02,7.28,0.62,1,75.0,2.55,32.8,0.309,2022-08-15 02:00:00
2022-08-16,4,2022,1,Grain Filling,0.97,6.47,0.607,1,77.0,2.26,34.6,0.311,2022-08-16 02:00:00
2022-08-17,4,2022,1,Grain Filling,0.93,6.2,0.603,1,68.0,2.17,33.8,0.288,2022-08-17 02:00:00
2022-08-18,4,2022,1,Grain Filling,0.95,6.11,0.568,1,77.0,7.15,33.0,0.277,2022-08-18 02:00:00
2022-08-19,4,2022,1,Grain Filling,0.99,6.81,0.608,1,79.0,2.38,31.1,0.333,2022-08-19 02:00:00
2022-08-20,4,2022,1,Grain Filling,0.98,7.45,0.641,1,74.0,2.61,34.3,0.314,2022-08-20 02:00:00
2022-08-21,4,2022,1,Grain Filling,1.01,6.58,0.589,1,82.0,7.91,32.1,0.315,2022-08-21 02:00:00
2022-08-22,4,2022,1,Grain Filling,0.97,6.92,0.631,1,73.0,2.42,30.4,0.281,2022-08-22 02:00:00
2022-08-23,4,2022,1,Grain Filling,0.96,6.46,0.563,1,69.0,8.37,35.2,0.32,2022-08-23 02:00:00
2022-08-24,4,2022,1,Grain Filling,0.96,6.54,0.563,1,83.0,2.29,32.5,0.293,2022-08-24 02:00:00
2022-08-25,4,2022,1,Grain Filling,0.95,6.9,0.565,1,81.0,2.42,34.5,0.285,2022-08-25 02:00:00
2022-08-26,4,2022,1,Grain Filling,0.95,6.53,0.603,1,77.0,2.29,32.2,0.349,2022-08-26 02:00:00
2022-08-27,4,2022,1,Grain Filling,1.0,6.96,0.519,1,85.0,2.44,33.6,0.297,2022-08-27 02:00:00
2022-08-28,4,2022,1,Grain Filling,0.99,6.64,0.539,1,78.0,2.32,32.4,0.319,2022-08-28 02:00:00
2022-08-29,4,2022,1,Grain Filling,1.01,7.47,0.583,1,80.0,2.61,33.2,0.283,2022-08-29 02:00:00
2022-08-30,4,2022,1,Grain Filling,1.01,7.13,0.6,1,76.0,2.5,34.4,0.316,2022-08-30 02:00:00
2022-08-31,4,2022,1,Grain Filling,0.98,6.53,0.633,1,79.0,2.29,32.4,0.293,2022-08-31 02:00:00
2022-09-01,4,2022,1,Grain Filling,1.01,7.01,0.676,1,80.0,2.45,35.5,0.31,2022-09-01 02:00:00
2022-09-02,4,2022,1,Grain Filling,1.03,7.6,0.692,1,80.0,2.66,30.8,0.289,2022-09-02 02:00:00
2022-09-03,4,2022,1,Grain Filling,1.01,6.17,0.729,1,75.0,2.16,28.3,0.282,2022-09-03 02:00:00
2022-09-04,4,2022,1,Grain Filling,0.94,6.6,0.699,1,77.0,2.31,32.9,0.312,2022-09-04 02:00:00
2022-09-05,4,2022,1,Grain Filling,0.98,7.07,0.741,1,77.0,2.47,33.4,0.283,2022-09-05 02:00:00
2022-09-06,4,2022,1,Grain Filling,1.02,7.48,0.756,1,71.0,2.62,32.6,0.303,2022-09-06 02:00:00
2022-09-07,4,2022,1,Grain Filling,0.99,7.16,0.798,1,74.0,2.51,34.1,0.272,2022-09-07 02:00:00
2022-09-08,4,2022,1,Grain Filling,1.01,7.04,0.691,1,77.0,9.78,31.8,0.267,2022-09-08 02:00:00
2022-09-09,4,2022,1,Grain Filling,0.98,7.39,0.734,1,80.0,2.59,32.6,0.315,2022-09-09 02:00:00
2022-09-10,4,2022,1,Grain Filling,1.02,7.94,0.769,1,73.0,2.78,33.3,0.274,2022-09-10 02:00:00
2022-09-11,4,2022,1,Grain Filling,1.06,7.43,0.811,1,68.0,2.6,32.3,0.266,2022-09-11 02:00:00
2022-09-12,4,2022,1,Grain Filling,1.02,7.33,0.742,1,72.0,2.57,34.1,0.323,2022-09-12 02:00:00
2022-09-13,4,2022,1,Grain Filling,1.0,6.84,0.684,1,76.0,7.75,33.1,0.297,2022-09-13 02:00:00
2022-09-14,4,2022,1,Grain Filling,1.0,6.78,0.673,1,75.0,2.37,31.4,0.319,2022-09-14 02:00:00
2022-09-15,4,2022,1,Grain Filling,0.96,6.48,0.654,1,69.0,2.27,30.7,0.256,2022-09-15 02:00:00
2022-09-16,4,2022,1,Grain Filling,0.99,7.39,0.688,1,78.0,2.59,33.3,0.275,2022-09-16 02:00:00
2022-09-17,4,2022,1,Grain Filling,1.05,7.89,0.714,1,78.0,2.76,31.1,0.299,2022-09-17 02:00:00
2022-09-18,4,2022,1,Grain Filling,0.99,7.21,0.748,1,68.0,2.52,31.8,0.294,2022-09-18 02:00:00
2022-09-19,4,2022,1,Grain Filling,0.95,6.42,0.711,1,78.0,2.25,34.9,0.294,2022-09-19 02:00:00
2022-09-20,4,2022,1,Grain Filling,1.02,8.13,0.691,1,75.0,2.85,32.9,0.272,2022-09-20 02:00:00
2022-09-21,4,2022,1,Grain Filling,1.01,7.64,0.73,1,81.0,2.67,33.3,0.298,2022-09-21 02:00:00
2022-09-22,4,2022,1,Grain Filling,1.05,7.3,0.73,1,80.0,2.55,30.9,0.281,2022-09-22 02:00:00
2022-09-23,4,2022,1,Grain Filling,1.02,7.54,0.71,1,83.0,2.64,34.4,0.285,2022-09-23 02:00:00
2022-09-24,4,2022,1,Grain Filling,1.03,7.03,0.746,1,73.0,2.46,33.3,0.312,2022-09-24 02:00:00
2022-09-25,4,2022,1,Grain Filling,0.98,7.55,0.65,1,78.0,2.64,30.3,0.325,2022-09-25 02:00:00
2022-09-26,4,2022,1,Grain Filling,1.12,7.87,0.678,1,84.0,2.75,33.2,0.295,2022-09-26 02:00:00
2022-09-27,4,2022,1,Grain Filling,1.02,7.46,0.721,1,82.0,2.61,33.7,0.286,2022-09-27 02:00:00
2022-09-28,4,2022,1,Grain Filling,1.06,7.62,0.693,1,82.0,2.67,33.4,0.277,2022-09-28 02:00:00
2022-09-29,4,2022,1,Grain Filling,1.01,7.43,0.687,1,76.0,2.6,29.8,0.279,2022-09-29 02:00:00
2022-09-30,4,2022,1,Grain Filling,1.01,7.39,0.731,1,77.0,2.59,33.4,0.32,2022-09-30 02:00:00
2022-10-01,4,2022,1,Grain Filling,1.08,7.59,0.771,1,79.0,2.66,31.4,0.309,2022-10-01 02:00:00
2022-10-02,4,2022,1,Grain Filling,1.03,7.19,0.8,1,78.0,2.52,32.7,0.261,2022-10-02 02:00:00
2022-10-03,4,2022,1,Grain Filling,1.04,7.67,0.843,1,78.0,2.68,33.3,0.281,2022-10-03 02:00:00
2022-10-04,4,2022,1,Grain Filling,0.99,7.45,0.497,1,78.0,2.61,32.8,0.292,2022-10-04 02:00:00
2022-10-05,4,2022,1,Grain Filling,1.06,7.51,0.53,1,77.0,2.63,32.4,0.266,2022-10-05 02:00:00
2022-10-06,4,2022,1,Grain Filling,1.02,7.21,0.572,1,78.0,2.52,31.7,0.246,2022-10-06 02:00:00
2022-10-07,4,2022,1,Grain Filling,1.07,8.08,0.618,1,79.0,2.83,36.2,0.316,2022-10-07 02:00:00
2022-10-08,4,2022,1,Grain Filling,1.03,7.37,0.593,1,77.0,2.58,32.1,0.266,2022-10-08 02:00:00
2022-10-09,4,2022,1,Grain Filling,1.02,7.14,0.515,1,75.0,10.56,34.0,0.244,2022-10-09 02:00:00
2022-10-10,4,2022,1,Grain Filling,0.99,7.44,0.507,1,78.0,2.6,31.9,0.278,2022-10-10 02:00:00
2022-10-11,4,2022,1,Grain Filling,1.01,7.3,0.459,1,75.0,2.55,33.5,0.306,2022-10-11 02:00:00
2022-10-12,4,2022,1,Grain Filling,1.04,8.08,0.457,1,78.0,2.83,34.4,0.291,2022-10-12 02:00:00
2022-10-13,4,2022,1,Grain Filling,1.07,8.14,0.483,1,78.0,2.85,33.6,0.281,2022-10-13 02:00:00
2022-10-14,4,2022,1,Grain Filling,1.07,8.3,0.528,1,78.0,2.9,33.0,0.263,2022-10-14 02:00:00
2022-10-15,4,2022,1,Grain Filling,1.01,7.3,0.57,1,78.0,2.55,32.1,0.291,2022-10-15 02:00:00
2022-10-16,4,2022,1,Grain Filling,1.04,7.66,0.471,1,73.0,10.64,35.3,0.262,2022-10-16 02:00:00
2022-10-17,4,2022,1,Grain Filling,1.04,7.51,0.499,1,80.0,2.63,33.3,0.281,2022-10-17 02:00:00
2022-10-18,4,2022,1,Grain Filling,1.07,8.02,0.518,1,83.0,2.81,32.0,0.282,2022-10-18 02:00:00
2022-10-19,4,2022,1,Grain Filling,1.02,7.5,0.562,1,74.0,2.62,35.8,0.288,2022-10-19 02:00:00
2022-10-20,4,2022,1,Maturity,1.06,8.02,0.57,1,84.0,2.81,31.8,0.254,2022-10-20 02:00:00
2022-10-21,4,2022,1,Maturity,0.97,7.35,0.54,1,86.0,2.57,34.4,0.246,2022-10-21 02:00:00
2022-10-22,4,2022,1,Maturity,1.06,7.98,0.57,1,78.0,2.79,33.2,0.253,2022-10-22 02:00:00
2022-10-23,4,2022,1,Maturity,1.02,7.36,0.614,1,77.0,2.58,35.2,0.29,2022-10-23 02:00:00
2022-10-24,4,2022,1,Maturity,1.04,7.24,0.635,1,82.0,2.53,32.5,0.276,2022-10-24 02:00:00
2022-10-25,4,2022,1,Maturity,1.09,7.81,0.645,1,84.0,2.73,31.7,0.244,2022-10-25 02:00:00
2022-10-26,4,2022,1,Maturity,1.09,8.2,0.69,1,82.0,2.87,34.1,0.262,2022-10-26 02:00:00
2022-10-27,4,2022,1,Maturity,0.99,7.05,0.733,1,85.0,2.47,34.2,0.229,2022-10-27 02:00:00
2022-10-28,4,2022,1,Maturity,1.1,8.02,0.702,1,79.0,2.81,32.8,0.279,2022-10-28 02:00:00
2022-10-29,4,2022,1,Maturity,1.05,7.99,0.741,1,77.0,2.8,34.0,0.271,2022-10-29 02:00:00
2022-10-30,4,2022,1,Maturity,1.1,7.67,0.783,1,83.0,2.68,32.3,0.243,2022-10-30 02:00:00
2022-10-31,4,2022,1,Maturity,1.07,8.88,0.832,1,85.0,3.11,33.6,0.249,2022-10-31 02:00:00
2022-11-01,4,2022,1,Maturity,1.11,7.99,0.875,1,78.0,2.8,34.9,0.269,2022-11-01 02:00:00
2022-11-02,4,2022,1,Maturity,1.06,8.02,0.837,1,81.0,8.3,32.1,0.229,2022-11-02 02:00:00
2022-11-03,4,2022,1,Maturity,1.05,7.89,0.882,1,77.0,2.76,33.0,0.254,2022-11-03 02:00:00
2022-11-04,4,2022,1,Maturity,1.11,8.71,0.917,1,78.0,3.05,35.4,0.272,2022-11-04 02:00:00
2022-11-05,4,2022,1,Maturity,1.05,7.45,0.917,1,86.0,2.61,34.2,0.302,2022-11-05 02:00:00
2022-11-06,4,2022,1,Maturity,1.1,8.29,0.917,1,81.0,2.9,35.3,0.242,2022-11-06 02:00:00
2022-11-07,4,2022,1,Maturity,1.06,7.5,0.917,1,78.0,2.62,31.7,0.25,2022-11-07 02:00:00
2022-11-08,4,2022,1,Maturity,1.1,8.61,0.917,1,78.0,3.01,33.2,0.231,2022-11-08 02:00:00
2022-11-09,4,2022,1,Maturity,1.07,7.88,0.917,1,81.0,2.76,32.7,0.255,2022-11-09 02:00:00
2022-11-10,4,2022,1,Maturity,1.1,8.69,0.893,1,83.0,3.04,34.2,0.251,2022-11-10 02:00:00
2022-11-11,4,2022,1,Maturity,1.09,8.35,0.917,1,83.0,2.92,33.4,0.256,2022-11-11 02:00:00
2022-11-12,4,2022,1,Maturity,1.14,9.01,0.917,1,83.0,3.15,32.1,0.302,2022-11-12 02:00:00
2022-11-13,4,2022,1,Maturity,1.1,8.02,0.772,1,72.0,7.64,34.3,0.269,2022-11-13 02:00:00
2022-11-14,4,2022,1,Maturity,1.11,8.29,0.785,1,75.0,2.9,34.8,0.267,2022-11-14 02:00:00
2022-11-15,4,2022,1,Maturity,1.13,8.88,0.831,1,76.0,3.11,33.7,0.257,2022-11-15 02:00:00
2022-11-16,4,2022,1,Maturity,1.07,8.36,0.864,1,82.0,2.93,35.4,0.248,2022-11-16 02:00:00
2022-11-17,4,2022,1,Maturity,1.08,7.63,0.816,1,82.0,2.67,34.3,0.267,2022-11-17 02:00:00
2022-11-18,4,2022,1,Maturity,1.13,8.76,0.857,1,79.0,3.07,35.2,0.249,2022-11-18 02:00:00
2022-11-19,4,2022,1,Maturity,1.09,7.85,0.9,1,88.0,2.75,32.9,0.262,2022-11-19 02:00:00
2022-11-20,4,2022,1,Maturity,1.09,8.18,0.857,1,76.0,2.86,34.9,0.23,2022-11-20 02:00:00
2022-11-21,4,2022,1,Maturity,1.06,8.36,0.806,1,84.0,2.93,32.5,0.263,2022-11-21 02:00:00
2022-11-22,4,2022,1,Maturity,1.11,8.24,0.829,1,74.0,2.88,35.4,0.246,2022-11-22 02:00:00
2022-11-23,4,2022,1,Maturity,1.13,8.83,0.796,1,77.0,3.09,34.4,0.24,2022-11-23 02:00:00
2022-11-24,4,2022,1,Maturity,1.08,8.38,0.759,1,80.0,2.93,33.9,0.256,2022-11-24 02:00:00
2022-11-25,4,2022,1,Maturity,1.12,8.51,0.805,1,84.0,2.98,34.6,0.249,2022-11-25 02:00:00
2022-11-26,4,2022,1,Maturity,1.08,8.51,0.809,1,80.0,2.98,33.4,0.268,2022-11-26 02:00:00
2022-11-27,4,2022,1,Maturity,1.17,8.82,0.839,1,79.0,3.09,33.1,0.265,2022-11-27 02:00:00
2022-11-28,4,2022,1,Maturity,1.08,8.07,0.874,1,89.0,2.82,35.1,0.291,2022-11-28 02:00:00
2022-11-29,4,2022,1,Maturity,1.08,8.27,0.917,1,81.0,2.89,33.2,0.269,2022-11-29 02:00:00
2022-11-30,4,2022,1,Maturity,1.15,8.71,0.917,1,81.0,3.05,34.2,0.283,2022-11-30 02:00:00
2022-12-01,4,2022,1,Maturity,1.12,8.64,0.917,1,85.0,3.02,34.2,0.251,2022-12-01 02:00:00
2022-12-02,4,2022,1,Maturity,1.09,7.94,0.917,1,81.0,2.78,32.4,0.256,2022-12-02 02:00:00
2022-12-03,4,2022,1,Maturity,1.11,8.22,0.917,1,88.0,2.88,31.1,0.26,2022-12-03 02:00:00
2022-12-04,4,2022,1,Maturity,1.04,8.13,0.917,1,81.0,2.85,35.6,0.26,2022-12-04 02:00:00
2022-12-05,4,2022,1,Maturity,1.13,9.15,0.917,1,83.0,3.2,34.5,0.238,2022-12-05 02:00:00
2022-12-06,4,2022,1,Maturity,1.13,8.65,0.901,1,89.0,7.19,36.7,0.268,2022-12-06 02:00:00
2022-12-07,4,2022,1,Maturity,1.15,9.22,0.761,1,87.0,3.23,35.3,0.255,2022-12-07 02:00:00
2022-12-08,4,2022,1,Maturity,1.09,8.69,0.758,1,84.0,3.04,33.5,0.277,2022-12-08 02:00:00
2022-12-09,4,2022,1,Maturity,1.11,8.64,0.781,1,84.0,3.02,32.9,0.279,2022-12-09 02:00:00
2022-12-10,4,2022,1,Maturity,1.11,8.82,0.829,1,78.0,3.09,36.9,0.237,2022-12-10 02:00:00
2022-12-11,4,2022,1,Maturity,1.17,8.62,0.8,1,83.0,7.39,36.0,0.26,2022-12-11 02:00:00
2022-12-12,4,2022,1,Maturity,1.08,8.85,0.846,1,83.0,3.1,34.5,0.24,2022-12-12 02:00:00
2022-12-13,4,2022,1,Maturity,1.14,8.9,0.891,1,86.0,3.12,29.4,0.24,2022-12-13 02:00:00
2022-12-14,4,2022,1,Maturity,1.15,8.17,0.917,1,83.0,2.86,33.2,0.221,2022-12-14 02:00:00
2022-12-15,4,2022,1,Maturity,1.14,9.21,0.917,1,84.0,3.22,34.5,0.264,2022-12-15 02:00:00
2022-12-16,4,2022,1,Maturity,1.11,8.71,0.917,1,85.0,3.05,33.9,0.223,2022-12-16 02:00:00
2022-12-17,4,2022,1,Maturity,1.08,7.4,0.838,1,83.0,2.59,32.8,0.258,2022-12-17 02:00:00
2022-12-18,4,2022,1,Maturity,1.11,8.43,0.884,1,76.0,2.95,35.0,0.219,2022-12-18 02:00:00
2022-12-19,4,2022,1,Maturity,1.09,8.56,0.89,1,87.0,3.0,34.4,0.264,2022-12-19 02:00:00
2022-12-20,4,2022,1,Maturity,1.16,8.35,0.917,1,85.0,2.92,35.5,0.24,2022-12-20 02:00:00
2022-12-21,4,2022,1,Maturity,1.13,8.8,0.917,1,86.0,3.08,33.8,0.252,2022-12-21 02:00:00
2022-12-22,4,2022,1,Maturity,1.09,8.81,0.917,1,79.0,3.08,34.4,0.251,2022-12-22 02:00:00
2022-12-23,4,2022,1,Maturity,1.14,9.33,0.917,1,79.0,3.27,33.9,0.245,2022-12-23 02:00:00
2022-12-24,4,2022,1,Maturity,1.11,8.53,0.816,1,89.0,12.0,35.6,0.258,2022-12-24 02:00:00
2022-12-25,4,2022,1,Maturity,1.13,8.17,0.852,1,84.0,2.86,34.8,0.206,2022-12-25 02:00:00
2022-12-26,4,2022,1,Maturity,1.14,8.41,0.853,1,80.0,2.94,34.3,0.241,2022-12-26 02:00:00
2022-12-27,4,2022,1,Maturity,1.17,9.29,0.877,1,80.0,3.25,33.5,0.248,2022-12-27 02:00:00
2022-12-28,4,2022,1,Maturity,1.17,8.83,0.87,1,87.0,3.09,35.0,0.251,2022-12-28 02:00:00
2022-12-29,4,2022,1,Maturity,1.09,8.98,0.863,1,85.0,3.14,35.7,0.211,2022-12-29 02:00:00
2022-12-30,4,2022,1,Maturity,1.18,8.53,0.885,1,90.0,2.99,34.5,0.245,2022-12-30 02:00:00
2022-12-31,4,2022,1,Maturity,1.09,8.53,0.91,1,90.0,2.99,36.1,0.258,2022-12-31 02:00:00
2020-01-02,5,2020,1,Germination,0.68,4.22,0.433,1,64.0,1.48,28.8,0.476,2020-01-02 02:00:00
2020-01-03,5,2020,1,Germination,0.62,4.04,0.409,1,63.0,1.41,28.0,0.457,2020-01-03 02:00:00
2020-01-04,5,2020,1,Germination,0.67,4.6,0.366,1,63.0,5.62,27.8,0.431,2020-01-04 02:00:00
2020-01-05,5,2020,1,Germination,0.63,3.86,0.396,1,56.0,1.35,29.8,0.454,2020-01-05 02:00:00
2020-01-06,5,2020,1,Germination,0.69,4.21,0.322,1,63.0,7.82,30.0,0.465,2020-01-06 02:00:00
2020-01-07,5,2020,1,Germination,0.7,4.5,0.296,1,64.0,1.58,28.5,0.449,2020-01-07 02:00:00
2020-01-08,5,2020,1,Germination,0.67,4.16,0.327,1,63.0,1.46,30.4,0.487,2020-01-08 02:00:00
2020-01-09,5,2020,1,Germination,0.65,4.17,0.338,1,64.0,1.46,30.6,0.429,2020-01-09 02:00:00
2020-01-10,5,2020,1,Germination,0.61,3.87,0.363,1,58.0,1.35,31.2,0.486,2020-01-10 02:00:00
2020-01-11,5,2020,1,Germination,0.7,4.8,0.374,1,55.0,1.68,30.1,0.45,2020-01-11 02:00:00
2020-01-12,5,2020,1,Germination,0.65,3.73,0.408,1,63.0,1.31,29.4,0.47,2020-01-12 02:00:00
2020-01-13,5,2020,1,Germination,0.68,4.31,0.444,1,67.0,1.51,32.0,0.45,2020-01-13 02:00:00
2020-01-14,5,2020,1,Germination,0.65,4.22,0.483,1,73.0,1.48,30.3,0.47,2020-01-14 02:00:00
2020-01-15,5,2020,1,Germination,0.69,3.98,0.507,1,63.0,1.39,28.2,0.482,2020-01-15 02:00:00
2020-01-16,5,2020,1,Germination,0.69,4.03,0.537,1,60.0,1.41,30.7,0.456,2020-01-16 02:00:00
2020-01-17,5,2020,1,Germination,0.66,4.11,0.573,1,67.0,1.44,32.6,0.476,2020-01-17 02:00:00
2020-01-18,5,2020,1,Germination,0.63,3.68,0.581,1,60.0,1.29,28.6,0.421,2020-01-18 02:00:00
2020-01-19,5,2020,1,Germination,0.73,4.87,0.613,1,65.0,1.7,31.9,0.432,2020-01-19 02:00:00
2020-01-20,5,2020,1,Germination,0.66,4.07,0.511,1,66.0,4.89,30.6,0.44,2020-01-20 02:00:00
2020-01-21,5,2020,1,Germination,0.65,4.09,0.548,1,61.0,1.43,31.5,0.453,2020-01-21 02:00:00
2020-01-22,5,2020,1,Germination,0.76,4.41,0.568,1,63.0,1.54,30.3,0.464,2020-01-22 02:00:00
2020-01-23,5,2020,1,Germination,0.71,4.56,0.551,1,53.0,1.6,31.2,0.411,2020-01-23 02:00:00
2020-01-24,5,2020,1,Germination,0.64,4.13,0.558,1,66.0,1.45,29.7,0.459,2020-01-24 02:00:00
2020-01-25,5,2020,1,Germination,0.67,4.15,0.579,1,68.0,1.45,28.3,0.424,2020-01-25 02:00:00
2020-01-26,5,2020,1,Germination,0.72,4.5,0.482,1,63.0,1.58,29.5,0.45,2020-01-26 02:00:00
2020-01-27,5,2020,1,Germination,0.67,4.07,0.508,1,69.0,1.42,30.4,0.423,2020-01-27 02:00:00
2020-01-28,5,2020,1,Germination,0.75,4.65,0.537,1,60.0,1.63,28.3,0.392,2020-01-28 02:00:00
2020-01-29,5,2020,1,Germination,0.71,4.73,0.556,1,63.0,1.66,29.9,0.452,2020-01-29 02:00:00
2020-01-30,5,2020,1,Germination,0.68,3.96,0.486,1,65.0,7.9,30.8,0.418,2020-01-30 02:00:00
2020-01-31,5,2020,1,Germination,0.72,4.57,0.473,1,65.0,1.6,28.8,0.447,2020-01-31 02:00:00
2020-02-01,5,2020,1,Germination,0.77,4.65,0.508,1,66.0,1.63,30.6,0.435,2020-02-01 02:00:00
2020-02-02,5,2020,1,Germination,0.67,4.06,0.535,1,61.0,1.42,30.6,0.425,2020-02-02 02:00:00
2020-02-03,5,2020,1,Germination,0.65,4.41,0.522,1,71.0,1.54,27.5,0.428,2020-02-03 02:00:00
2020-02-04,5,2020,1,Germination,0.64,4.09,0.559,1,69.0,1.43,29.1,0.421,2020-02-04 02:00:00
2020-02-05,5,2020,1,Germination,0.74,4.44,0.542,1,62.0,1.55,30.7,0.436,2020-02-05 02:00:00
2020-02-06,5,2020,1,Germination,0.69,4.44,0.58,1,60.0,1.55,31.1,0.415,2020-02-06 02:00:00
2020-02-07,5,2020,1,Germination,0.74,4.89,0.523,1,60.0,1.71,31.5,0.42,2020-02-07 02:00:00
2020-02-08,5,2020,1,Germination,0.72,4.56,0.541,1,53.0,1.6,28.4,0.443,2020-02-08 02:00:00
2020-02-09,5,2020,1,Germination,0.7,4.65,0.56,1,59.0,1.63,29.2,0.414,2020-02-09 02:00:00
2020-02-10,5,2020,1,Germination,0.67,4.09,0.44,1,63.0,10.82,31.6,0.428,2020-02-10 02:00:00
2020-02-11,5,2020,1,Germination,0.76,4.91,0.333,1,60.0,8.56,27.4,0.434,2020-02-11 02:00:00
2020-02-12,5,2020,1,Germination,0.69,4.3,0.341,1,53.0,1.5,30.2,0.417,2020-02-12 02:00:00
2020-02-13,5,2020,1,Germination,0.65,3.93,0.36,1,68.0,1.38,27.9,0.382,2020-02-13 02:00:00
2020-02-14,5,2020,1,Germination,0.68,4.24,0.395,1,63.0,1.48,27.6,0.431,2020-02-14 02:00:00
2020-02-15,5,2020,1,Germination,0.67,3.91,0.293,1,69.0,8.23,28.7,0.449,2020-02-15 02:00:00
2020-02-16,5,2020,1,Germination,0.73,4.74,0.327,1,61.0,1.66,30.3,0.451,2020-02-16 02:00:00
2020-02-17,5,2020,1,Germination,0.72,4.84,0.319,1,64.0,1.69,30.1,0.396,2020-02-17 02:00:00
2020-02-18,5,2020,1,Germination,0.69,4.48,0.317,1,69.0,1.57,29.0,0.417,2020-02-18 02:00:00
2020-02-19,5,2020,1,Germination,0.69,4.4,0.336,1,64.0,1.54,30.7,0.422,2020-02-19 02:00:00
2020-02-20,5,2020,1,Germination,0.67,4.59,0.357,1,63.0,1.61,32.2,0.404,2020-02-20 02:00:00
2020-02-21,5,2020,1,Germination,0.64,4.25,0.372,1,66.0,1.49,33.3,0.427,2020-02-21 02:00:00
2020-02-22,5,2020,1,Germination,0.69,4.47,0.403,1,62.0,1.56,32.4,0.434,2020-02-22 02:00:00
2020-02-23,5,2020,1,Germination,0.76,5.07,0.404,1,64.0,1.77,29.9,0.4,2020-02-23 02:00:00
2020-02-24,5,2020,1,Germination,0.76,4.9,0.413,1,72.0,1.72,29.4,0.435,2020-02-24 02:00:00
2020-02-25,5,2020,1,Germination,0.73,4.88,0.396,1,66.0,1.71,30.4,0.407,2020-02-25 02:00:00
2020-02-26,5,2020,1,Germination,0.72,4.61,0.395,1,64.0,1.61,32.1,0.43,2020-02-26 02:00:00
2020-02-27,5,2020,1,Germination,0.76,4.54,0.41,1,68.0,1.59,30.3,0.397,2020-02-27 02:00:00
2020-02-28,5,2020,1,Germination,0.72,4.29,0.443,1,64.0,1.5,30.3,0.438,2020-02-28 02:00:00
2020-02-29,5,2020,1,Germination,0.74,4.43,0.479,1,70.0,1.55,32.3,0.419,2020-02-29 02:00:00
2020-03-01,5,2020,1,Germination,0.65,3.96,0.501,1,55.0,1.39,29.9,0.376,2020-03-01 02:00:00
2020-03-02,5,2020,1,Germination,0.74,4.32,0.401,1,66.0,8.99,31.4,0.455,2020-03-02 02:00:00
2020-03-03,5,2020,1,Germination,0.74,4.95,0.438,1,63.0,1.73,30.4,0.434,2020-03-03 02:00:00
2020-03-04,5,2020,1,Germination,0.75,5.07,0.459,1,67.0,1.77,29.9,0.427,2020-03-04 02:00:00
2020-03-05,5,2020,1,Germination,0.7,4.69,0.496,1,73.0,1.64,29.4,0.452,2020-03-05 02:00:00
2020-03-06,5,2020,1,Germination,0.69,4.27,0.533,1,70.0,1.49,29.8,0.383,2020-03-06 02:00:00
2020-03-07,5,2020,1,Germination,0.7,4.64,0.477,1,60.0,1.62,30.1,0.432,2020-03-07 02:00:00
2020-03-08,5,2020,1,Germination,0.78,4.84,0.497,1,69.0,1.69,31.0,0.427,2020-03-08 02:00:00
2020-03-09,5,2020,1,Germination,0.71,4.77,0.531,1,69.0,1.67,32.0,0.403,2020-03-09 02:00:00
2020-03-10,5,2020,1,Germination,0.74,4.7,0.553,1,67.0,1.64,30.1,0.421,2020-03-10 02:00:00
2020-03-11,5,2020,1,Germination,0.7,4.35,0.584,1,64.0,1.52,31.3,0.388,2020-03-11 02:00:00
2020-03-12,5,2020,1,Germination,0.75,4.7,0.565,1,65.0,1.64,31.1,0.416,2020-03-12 02:00:00
2020-03-13,5,2020,1,Germination,0.75,4.96,0.568,1,66.0,1.74,27.6,0.411,2020-03-13 02:00:00
2020-03-14,5,2020,1,Germination,0.76,4.6,0.599,1,76.0,1.61,30.4,0.386,2020-03-14 02:00:00
2020-03-15,5,2020,1,Vegetative,0.73,4.37,0.429,1,68.0,6.12,28.4,0.371,2020-03-15 02:00:00
2020-03-16,5,2020,1,Vegetative,0.72,4.53,0.444,1,64.0,1.59,32.3,0.404,2020-03-16 02:00:00
2020-03-17,5,2020,1,Vegetative,0.81,5.12,0.45,1,67.0,1.79,31.6,0.425,2020-03-17 02:00:00
2020-03-18,5,2020,1,Vegetative,0.73,4.51,0.466,1,66.0,1.58,29.2,0.404,2020-03-18 02:00:00
2020-03-19,5,2020,1,Vegetative,0.75,4.74,0.503,1,69.0,1.66,29.3,0.386,2020-03-19 02:00:00
2020-03-20,5,2020,1,Vegetative,0.75,4.56,0.516,1,72.0,1.6,31.7,0.427,2020-03-20 02:00:00
2020-03-21,5,2020,1,Vegetative,0.79,5.39,0.45,1,64.0,7.25,30.5,0.401,2020-03-21 02:00:00
2020-03-22,5,2020,1,Vegetative,0.78,4.89,0.348,1,72.0,10.81,30.5,0.404,2020-03-22 02:00:00
2020-03-23,5,2020,1,Vegetative,0.79,5.28,0.344,1,62.0,1.85,30.7,0.411,2020-03-23 02:00:00
2020-03-24,5,2020,1,Vegetative,0.71,4.66,0.31,1,60.0,1.63,31.0,0.379,2020-03-24 02:00:00
2020-03-25,5,2020,1,Vegetative,0.72,4.88,0.318,1,71.0,1.71,29.2,0.379,2020-03-25 02:00:00
2020-03-26,5,2020,1,Vegetative,0.75,4.73,0.319,1,66.0,1.66,30.7,0.384,2020-03-26 02:00:00
2020-03-27,5,2020,1,Vegetative,0.76,4.75,0.355,1,73.0,1.66,30.1,0.412,2020-03-27 02:00:00
2020-03-28,5,2020,1,Vegetative,0.79,5.25,0.347,1,70.0,4.99,31.7,0.433,2020-03-28 02:00:00
2020-03-29,5,2020,1,Vegetative,0.74,4.85,0.364,1,64.0,1.7,28.7,0.383,2020-03-29 02:00:00
2020-03-30,5,2020,1,Vegetative,0.84,5.34,0.366,1,68.0,1.87,28.2,0.41,2020-03-30 02:00:00
2020-03-31,5,2020,1,Vegetative,0.78,4.86,0.397,1,70.0,1.7,29.6,0.396,2020-03-31 02:00:00
2020-04-01,5,2020,1,Vegetative,0.77,5.04,0.415,1,66.0,1.76,31.3,0.382,2020-04-01 02:00:00
2020-04-02,5,2020,1,Vegetative,0.77,5.28,0.446,1,73.0,1.85,31.2,0.381,2020-04-02 02:00:00
2020-04-03,5,2020,1,Vegetative,0.79,5.07,0.48,1,70.0,1.77,27.8,0.396,2020-04-03 02:00:00
2020-04-04,5,2020,1,Vegetative,0.8,5.6,0.467,1,69.0,4.91,30.1,0.415,2020-04-04 02:00:00
2020-04-05,5,2020,1,Vegetative,0.8,5.09,0.479,1,74.0,1.78,31.0,0.354,2020-04-05 02:00:00
2020-04-06,5,2020,1,Vegetative,0.79,4.53,0.471,1,71.0,1.59,30.4,0.402,2020-04-06 02:00:00
2020-04-07,5,2020,1,Vegetative,0.8,5.03,0.479,1,65.0,1.76,27.0,0.389,2020-04-07 02:00:00
2020-04-08,5,2020,1,Vegetative,0.84,5.72,0.443,1,71.0,2.0,29.2,0.395,2020-04-08 02:00:00
2020-04-09,5,2020,1,Vegetative,0.76,5.24,0.433,1,70.0,1.83,30.7,0.407,2020-04-09 02:00:00
2020-04-10,5,2020,1,Vegetative,0.8,5.4,0.399,1,66.0,1.89,29.4,0.376,2020-04-10 02:00:00
2020-04-11,5,2020,1,Vegetative,0.77,5.27,0.299,1,74.0,11.05,28.2,0.366,2020-04-11 02:00:00
2020-04-12,5,2020,1,Vegetative,0.81,5.67,0.336,1,67.0,1.98,27.9,0.393,2020-04-12 02:00:00
2020-04-13,5,2020,1,Vegetative,0.8,5.36,0.375,1,63.0,1.88,32.3,0.358,2020-04-13 02:00:00
2020-04-14,5,2020,1,Vegetative,0.79,5.5,0.41,1,72.0,1.92,31.5,0.378,2020-04-14 02:00:00
2020-04-15,5,2020,1,Vegetative,0.71,4.56,0.433,1,71.0,1.6,30.9,0.38,2020-04-15 02:00:00
2020-04-16,5,2020,1,Vegetative,0.78,5.05,0.47,1,69.0,1.77,31.3,0.37,2020-04-16 02:00:00
2020-04-17,5,2020,1,Vegetative,0.82,5.59,0.511,1,71.0,1.96,31.5,0.391,2020-04-17 02:00:00
2020-04-18,5,2020,1,Vegetative,0.82,5.42,0.526,1,68.0,1.9,33.2,0.367,2020-04-18 02:00:00
2020-04-19,5,2020,1,Vegetative,0.84,5.51,0.437,1,71.0,8.53,31.6,0.396,2020-04-19 02:00:00
2020-04-20,5,2020,1,Vegetative,0.77,4.63,0.43,1,70.0,1.62,29.9,0.403,2020-04-20 02:00:00
2020-04-21,5,2020,1,Vegetative,0.83,5.29,0.403,1,64.0,1.85,29.9,0.413,2020-04-21 02:00:00
2020-04-22,5,2020,1,Vegetative,0.81,5.16,0.421,1,70.0,1.81,30.1,0.4,2020-04-22 02:00:00
2020-04-23,5,2020,1,Vegetative,0.82,5.41,0.438,1,67.0,1.89,31.1,0.369,2020-04-23 02:00:00
2020-04-24,5,2020,1,Vegetative,0.75,4.45,0.455,1,75.0,1.56,31.8,0.397,2020-04-24 02:00:00
2020-04-25,5,2020,1,Vegetative,0.78,5.18,0.467,1,67.0,1.81,31.3,0.373,2020-04-25 02:00:00
2020-04-26,5,2020,1,Vegetative,0.84,5.64,0.503,1,73.0,1.97,34.4,0.393,2020-04-26 02:00:00
2020-04-27,5,2020,1,Vegetative,0.82,5.36,0.513,1,74.0,1.88,32.1,0.401,2020-04-27 02:00:00
2020-04-28,5,2020,1,Vegetative,0.8,5.54,0.5,1,69.0,1.94,30.6,0.391,2020-04-28 02:00:00
2020-04-29,5,2020,1,Vegetative,0.83,6.18,0.371,1,71.0,11.74,30.6,0.366,2020-04-29 02:00:00
2020-04-30,5,2020,1,Vegetative,0.86,5.28,0.329,1,65.0,1.85,33.2,0.362,2020-04-30 02:00:00
2020-05-01,5,2020,1,Vegetative,0.82,5.34,0.25,1,75.0,9.48,32.1,0.394,2020-05-01 02:00:00
2020-05-02,5,2020,1,Flowering,0.83,5.41,0.289,1,74.0,1.89,30.5,0.361,2020-05-02 02:00:00
2020-05-03,5,2020,1,Flowering,0.83,5.63,0.273,1,64.0,1.97,31.2,0.32,2020-05-03 02:00:00
2020-05-04,5,2020,1,Flowering,0.87,5.84,0.313,1,67.0,2.04,32.2,0.387,2020-05-04 02:00:00
2020-05-05,5,2020,1,Flowering,0.85,5.96,0.354,1,72.0,2.09,32.1,0.406,2020-05-05 02:00:00
2020-05-06,5,2020,1,Flowering,0.8,5.16,0.252,1,69.0,6.34,32.1,0.364,2020-05-06 02:00:00
2020-05-07,5,2020,1,Flowering,0.82,5.62,0.293,1,71.0,1.97,34.2,0.358,2020-05-07 02:00:00
2020-05-08,5,2020,1,Flowering,0.79,5.18,0.327,1,68.0,1.81,28.8,0.377,2020-05-08 02:00:00
2020-05-09,5,2020,1,Flowering,0.84,5.67,0.368,1,73.0,1.98,32.5,0.359,2020-05-09 02:00:00
2020-05-10,5,2020,1,Flowering,0.8,5.34,0.395,1,66.0,1.87,31.0,0.389,2020-05-10 02:00:00
2020-05-11,5,2020,1,Flowering,0.81,5.53,0.436,1,72.0,1.94,31.0,0.371,2020-05-11 02:00:00
2020-05-12,5,2020,1,Flowering,0.83,5.7,0.471,1,61.0,2.0,30.5,0.357,2020-05-12 02:00:00
2020-05-13,5,2020,1,Flowering,0.79,5.09,0.473,1,65.0,4.08,32.4,0.415,2020-05-13 02:00:00
2020-05-14,5,2020,1,Flowering,0.82,5.53,0.475,1,66.0,1.94,31.2,0.348,2020-05-14 02:00:00
2020-05-15,5,2020,1,Flowering,0.91,6.28,0.512,1,66.0,2.2,34.4,0.381,2020-05-15 02:00:00
2020-05-16,5,2020,1,Flowering,0.85,6.04,0.55,1,72.0,2.11,34.0,0.379,2020-05-16 02:00:00
2020-05-17,5,2020,1,Flowering,0.83,5.87,0.586,1,66.0,2.05,30.0,0.355,2020-05-17 02:00:00
2020-05-18,5,2020,1,Flowering,0.85,5.73,0.626,1,75.0,2.01,32.8,0.383,2020-05-18 02:00:00
2020-05-19,5,2020,1,Flowering,0.79,4.85,0.638,1,70.0,1.7,31.2,0.343,2020-05-19 02:00:00
2020-05-20,5,2020,1,Flowering,0.86,4.94,0.665,1,78.0,1.73,27.8,0.356,2020-05-20 02:00:00
2020-05-21,5,2020,1,Flowering,0.85,6.03,0.642,1,77.0,6.39,32.0,0.354,2020-05-21 02:00:00
2020-05-22,5,2020,1,Flowering,0.8,5.41,0.625,1,77.0,1.89,29.2,0.353,2020-05-22 02:00:00
2020-05-23,5,2020,1,Flowering,0.84,5.97,0.616,1,71.0,2.09,31.7,0.321,2020-05-23 02:00:00
2020-05-24,5,2020,1,Flowering,0.8,5.73,0.408,1,71.0,2.01,32.2,0.366,2020-05-24 02:00:00
2020-05-25,5,2020,1,Flowering,0.86,6.16,0.451,1,76.0,2.16,32.5,0.352,2020-05-25 02:00:00
2020-05-26,5,2020,1,Flowering,0.83,6.14,0.475,1,63.0,2.15,32.0,0.385,2020-05-26 02:00:00
2020-05-27,5,2020,1,Flowering,0.8,5.17,0.514,1,68.0,1.81,30.7,0.371,2020-05-27 02:00:00
2020-05-28,5,2020,1,Flowering,0.86,5.88,0.516,1,68.0,2.06,31.0,0.4,2020-05-28 02:00:00
2020-05-29,5,2020,1,Flowering,0.83,5.53,0.513,1,75.0,1.94,33.9,0.369,2020-05-29 02:00:00
2020-05-30,5,2020,1,Flowering,0.88,5.44,0.51,1,64.0,1.9,30.7,0.37,2020-05-30 02:00:00
2020-05-31,5,2020,1,Flowering,0.84,5.38,0.513,1,71.0,1.88,32.5,0.357,2020-05-31 02:00:00
2020-06-01,5,2020,1,Flowering,0.82,5.11,0.495,1,67.0,1.79,31.8,0.347,2020-06-01 02:00:00
2020-06-02,5,2020,1,Flowering,0.88,6.26,0.538,1,68.0,2.19,32.7,0.368,2020-06-02 02:00:00
2020-06-03,5,2020,1,Flowering,0.86,5.94,0.549,1,71.0,2.08,33.2,0.369,2020-06-03 02:00:00
2020-06-04,5,2020,1,Flowering,0.83,5.84,0.59,1,64.0,2.04,30.9,0.369,2020-06-04 02:00:00
2020-06-05,5,2020,1,Flowering,0.82,5.31,0.587,1,62.0,1.86,31.5,0.366,2020-06-05 02:00:00
2020-06-06,5,2020,1,Flowering,0.84,5.84,0.625,1,68.0,2.04,31.4,0.375,2020-06-06 02:00:00
2020-06-07,5,2020,1,Flowering,0.89,6.04,0.517,1,71.0,11.92,28.7,0.34,2020-06-07 02:00:00
2020-06-08,5,2020,1,Flowering,0.85,5.92,0.559,1,75.0,2.07,31.9,0.346,2020-06-08 02:00:00
2020-06-09,5,2020,1,Flowering,0.91,6.44,0.6,1,74.0,2.25,30.3,0.305,2020-06-09 02:00:00
2020-06-10,5,2020,1,Flowering,0.8,5.41,0.613,1,72.0,1.89,31.8,0.315,2020-06-10 02:00:00
2020-06-11,5,2020,1,Flowering,0.83,5.96,0.637,1,73.0,2.09,28.6,0.328,2020-06-11 02:00:00
2020-06-12,5,2020,1,Flowering,0.89,6.17,0.665,1,72.0,2.16,31.5,0.339,2020-06-12 02:00:00
2020-06-13,5,2020,1,Flowering,0.84,5.64,0.705,1,72.0,1.97,30.6,0.349,2020-06-13 02:00:00
2020-06-14,5,2020,1,Flowering,0.92,6.03,0.744,1,72.0,2.11,32.9,0.326,2020-06-14 02:00:00
2020-06-15,5,2020,1,Flowering,0.92,6.34,0.737,1,77.0,2.22,31.5,0.319,2020-06-15 02:00:00
2020-06-16,5,2020,1,Flowering,0.89,6.42,0.653,1,68.0,10.66,30.5,0.331,2020-06-16 02:00:00
2020-06-17,5,2020,1,Flowering,0.89,6.08,0.632,1,69.0,2.13,32.3,0.343,2020-06-17 02:00:00
2020-06-18,5,2020,1,Flowering,0.94,6.33,0.668,1,70.0,2.22,31.3,0.34,2020-06-18 02:00:00
2020-06-19,5,2020,1,Flowering,0.89,6.33,0.532,1,68.0,11.29,32.1,0.343,2020-06-19 02:00:00
2020-06-20,5,2020,1,Flowering,0.86,6.46,0.552,1,61.0,2.26,31.9,0.368,2020-06-20 02:00:00
2020-06-21,5,2020,1,Flowering,0.86,6.1,0.553,1,72.0,2.13,30.7,0.364,2020-06-21 02:00:00
2020-06-22,5,2020,1,Flowering,0.89,5.96,0.543,1,69.0,2.09,30.7,0.372,2020-06-22 02:00:00
2020-06-23,5,2020,1,Flowering,0.82,5.54,0.568,1,71.0,1.94,32.0,0.319,2020-06-23 02:00:00
2020-06-24,5,2020,1,Flowering,0.85,6.34,0.579,1,77.0,2.22,31.8,0.36,2020-06-24 02:00:00
2020-06-25,5,2020,1,Flowering,0.89,6.28,0.608,1,70.0,2.2,31.9,0.343,2020-06-25 02:00:00
2020-06-26,5,2020,1,Flowering,0.92,6.03,0.642,1,76.0,2.11,30.4,0.34,2020-06-26 02:00:00
2020-06-27,5,2020,1,Flowering,0.89,5.81,0.664,1,71.0,2.03,32.5,0.331,2020-06-27 02:00:00
2020-06-28,5,2020,1,Flowering,0.82,5.07,0.676,1,68.0,1.77,30.8,0.361,2020-06-28 02:00:00
2020-06-29,5,2020,1,Flowering,0.84,5.61,0.716,1,80.0,1.96,31.1,0.323,2020-06-29 02:00:00
2020-06-30,5,2020,1,Flowering,0.89,5.9,0.673,1,76.0,7.61,33.3,0.353,2020-06-30 02:00:00
2020-07-01,5,2020,1,Flowering,0.94,6.34,0.714,1,67.0,2.22,34.4,0.34,2020-07-01 02:00:00
2020-07-02,5,2020,1,Grain Filling,0.96,6.73,0.743,1,72.0,2.36,34.2,0.355,2020-07-02 02:00:00
2020-07-03,5,2020,1,Grain Filling,0.89,5.86,0.781,1,71.0,2.05,31.4,0.345,2020-07-03 02:00:00
2020-07-04,5,2020,1,Grain Filling,0.89,5.74,0.817,1,74.0,2.01,31.3,0.337,2020-07-04 02:00:00
2020-07-05,5,2020,1,Grain Filling,0.91,6.7,0.783,1,73.0,6.44,33.4,0.334,2020-07-05 02:00:00
2020-07-06,5,2020,1,Grain Filling,0.92,6.34,0.746,1,77.0,2.22,32.1,0.347,2020-07-06 02:00:00
2020-07-07,5,2020,1,Grain Filling,0.92,5.61,0.686,1,75.0,8.53,35.0,0.345,2020-07-07 02:00:00
2020-07-08,5,2020,1,Grain Filling,0.92,6.41,0.691,1,71.0,2.24,32.0,0.328,2020-07-08 02:00:00
2020-07-09,5,2020,1,Grain Filling,0.87,6.02,0.731,1,74.0,2.11,30.8,0.311,2020-07-09 02:00:00
2020-07-10,5,2020,1,Grain Filling,0.94,6.43,0.773,1,70.0,2.25,32.5,0.326,2020-07-10 02:00:00
2020-07-11,5,2020,1,Grain Filling,0.98,6.48,0.783,1,79.0,2.27,29.8,0.326,2020-07-11 02:00:00
2020-07-12,5,2020,1,Grain Filling,0.87,6.1,0.797,1,77.0,2.13,30.7,0.34,2020-07-12 02:00:00
2020-07-13,5,2020,1,Grain Filling,0.87,5.81,0.837,1,70.0,2.03,31.6,0.329,2020-07-13 02:00:00
2020-07-14,5,2020,1,Grain Filling,0.91,6.35,0.879,1,80.0,2.22,34.5,0.323,2020-07-14 02:00:00
2020-07-15,5,2020,1,Grain Filling,0.92,6.58,0.899,1,78.0,2.3,31.2,0.347,2020-07-15 02:00:00
2020-07-16,5,2020,1,Grain Filling,0.93,6.32,0.917,1,74.0,2.21,33.7,0.344,2020-07-16 02:00:00
2020-07-17,5,2020,1,Grain Filling,0.9,6.42,0.917,1,72.0,2.25,33.8,0.354,2020-07-17 02:00:00
2020-07-18,5,2020,1,Grain Filling,0.89,6.59,0.917,1,78.0,2.31,34.0,0.321,2020-07-18 02:00:00
2020-07-19,5,2020,1,Grain Filling,0.9,6.34,0.916,1,79.0,2.22,30.0,0.317,2020-07-19 02:00:00
2020-07-20,5,2020,1,Grain Filling,0.94,6.92,0.815,1,70.0,11.97,33.7,0.326,2020-07-20 02:00:00
2020-07-21,5,2020,1,Grain Filling,0.95,6.68,0.815,1,83.0,2.34,31.0,0.349,2020-07-21 02:00:00
2020-07-22,5,2020,1,Grain Filling,0.96,7.07,0.836,1,72.0,2.47,33.4,0.344,2020-07-22 02:00:00
2020-07-23,5,2020,1,Grain Filling,0.95,6.22,0.876,1,76.0,2.18,33.6,0.335,2020-07-23 02:00:00
2020-07-24,5,2020,1,Grain Filling,0.96,6.11,0.739,1,75.0,11.11,32.6,0.295,2020-07-24 02:00:00
2020-07-25,5,2020,1,Grain Filling,0.93,6.47,0.781,1,73.0,2.26,33.0,0.298,2020-07-25 02:00:00
2020-07-26,5,2020,1,Grain Filling,0.97,6.94,0.823,1,67.0,2.43,31.4,0.331,2020-07-26 02:00:00
2020-07-27,5,2020,1,Grain Filling,0.95,6.36,0.864,1,75.0,2.23,33.7,0.338,2020-07-27 02:00:00
2020-07-28,5,2020,1,Grain Filling,0.98,6.84,0.858,1,72.0,2.39,32.0,0.343,2020-07-28 02:00:00
2020-07-29,5,2020,1,Grain Filling,0.98,6.92,0.859,1,72.0,2.42,32.1,0.333,2020-07-29 02:00:00
2020-07-30,5,2020,1,Grain Filling,0.95,6.93,0.778,1,77.0,10.37,31.8,0.307,2020-07-30 02:00:00
2020-07-31,5,2020,1,Grain Filling,0.92,5.82,0.817,1,69.0,2.04,31.6,0.299,2020-07-31 02:00:00
2020-08-01,5,2020,1,Grain Filling,0.97,7.1,0.859,1,75.0,2.48,30.5,0.362,2020-08-01 02:00:00
2020-08-02,5,2020,1,Grain Filling,0.94,7.23,0.904,1,75.0,2.53,33.7,0.323,2020-08-02 02:00:00
2020-08-03,5,2020,1,Grain Filling,0.99,6.72,0.917,1,73.0,2.35,34.0,0.32,2020-08-03 02:00:00
2020-08-04,5,2020,1,Grain Filling,0.98,6.75,0.916,1,73.0,2.36,33.0,0.332,2020-08-04 02:00:00
2020-08-05,5,2020,1,Grain Filling,0.98,6.89,0.917,1,73.0,2.41,32.3,0.326,2020-08-05 02:00:00
2020-08-06,5,2020,1,Grain Filling,0.97,7.08,0.909,1,74.0,2.48,33.7,0.331,2020-08-06 02:00:00
2020-08-07,5,2020,1,Grain Filling,0.95,6.96,0.917,1,75.0,2.44,30.4,0.317,2020-08-07 02:00:00
2020-08-08,5,2020,1,Grain Filling,0.95,6.26,0.825,1,74.0,9.82,32.8,0.359,2020-08-08 02:00:00
2020-08-09,5,2020,1,Grain Filling,1.0,6.95,0.727,1,74.0,2.43,31.6,0.32,2020-08-09 02:00:00
2020-08-10,5,2020,1,Grain Filling,0.99,7.28,0.748,1,75.0,2.55,33.1,0.288,2020-08-10 02:00:00
2020-08-11,5,2020,1,Grain Filling,0.93,6.11,0.75,1,79.0,2.14,33.2,0.328,2020-08-11 02:00:00
2020-08-12,5,2020,1,Grain Filling,0.94,6.4,0.773,1,73.0,2.24,34.5,0.327,2020-08-12 02:00:00
2020-08-13,5,2020,1,Grain Filling,0.93,5.98,0.805,1,78.0,2.09,32.8,0.316,2020-08-13 02:00:00
2020-08-14,5,2020,1,Grain Filling,0.99,7.04,0.764,1,76.0,2.46,33.4,0.313,2020-08-14 02:00:00
2020-08-15,5,2020,1,Grain Filling,0.95,6.57,0.675,1,74.0,11.01,34.3,0.31,2020-08-15 02:00:00
2020-08-16,5,2020,1,Grain Filling,0.91,6.29,0.709,1,78.0,2.2,33.2,0.313,2020-08-16 02:00:00
2020-08-17,5,2020,1,Grain Filling,0.96,7.09,0.674,1,72.0,7.67,32.9,0.331,2020-08-17 02:00:00
2020-08-18,5,2020,1,Grain Filling,1.01,7.14,0.699,1,79.0,2.5,32.9,0.29,2020-08-18 02:00:00
2020-08-19,5,2020,1,Grain Filling,0.97,6.95,0.707,1,75.0,2.43,32.9,0.331,2020-08-19 02:00:00
2020-08-20,5,2020,1,Grain Filling,0.97,6.71,0.703,1,70.0,2.35,34.5,0.319,2020-08-20 02:00:00
2020-08-21,5,2020,1,Grain Filling,1.02,6.89,0.711,1,79.0,2.41,31.8,0.307,2020-08-21 02:00:00
2020-08-22,5,2020,1,Grain Filling,1.01,6.78,0.703,1,77.0,2.37,31.3,0.311,2020-08-22 02:00:00
2020-08-23,5,2020,1,Grain Filling,0.91,6.1,0.735,1,70.0,2.13,33.6,0.295,2020-08-23 02:00:00
2020-08-24,5,2020,1,Grain Filling,0.98,6.95,0.659,1,78.0,2.43,30.8,0.309,2020-08-24 02:00:00
2020-08-25,5,2020,1,Grain Filling,0.96,6.81,0.701,1,74.0,2.38,30.6,0.331,2020-08-25 02:00:00
2020-08-26,5,2020,1,Grain Filling,0.98,6.77,0.671,1,74.0,2.37,35.2,0.293,2020-08-26 02:00:00
2020-08-27,5,2020,1,Grain Filling,0.97,6.58,0.711,1,75.0,2.3,31.3,0.286,2020-08-27 02:00:00
2020-08-28,5,2020,1,Grain Filling,1.0,7.02,0.641,1,76.0,9.54,33.4,0.295,2020-08-28 02:00:00
2020-08-29,5,2020,1,Grain Filling,0.97,6.92,0.575,1,72.0,8.94,33.1,0.343,2020-08-29 02:00:00
2020-08-30,5,2020,1,Grain Filling,0.97,6.67,0.615,1,78.0,2.33,31.0,0.293,2020-08-30 02:00:00
2020-08-31,5,2020,1,Grain Filling,1.03,7.38,0.657,1,76.0,2.58,31.9,0.316,2020-08-31 02:00:00
2020-09-01,5,2020,1,Grain Filling,0.97,6.7,0.649,1,80.0,2.34,32.6,0.32,2020-09-01 02:00:00
2020-09-02,5,2020,1,Grain Filling,0.95,6.91,0.693,1,75.0,2.42,34.0,0.311,2020-09-02 02:00:00
2020-09-03,5,2020,1,Grain Filling,1.02,7.5,0.728,1,74.0,2.62,34.0,0.287,2020-09-03 02:00:00
2020-09-04,5,2020,1,Grain Filling,0.99,6.91,0.732,1,72.0,2.42,31.9,0.31,2020-09-04 02:00:00
2020-09-05,5,2020,1,Grain Filling,1.03,7.37,0.725,1,79.0,5.91,33.2,0.315,2020-09-05 02:00:00
2020-09-06,5,2020,1,Grain Filling,1.02,7.23,0.767,1,79.0,2.53,31.9,0.33,2020-09-06 02:00:00
2020-09-07,5,2020,1,Grain Filling,1.03,7.34,0.795,1,78.0,2.57,33.7,0.318,2020-09-07 02:00:00
2020-09-08,5,2020,1,Grain Filling,0.96,6.99,0.836,1,78.0,2.45,33.4,0.326,2020-09-08 02:00:00
2020-09-09,5,2020,1,Grain Filling,1.01,7.3,0.822,1,83.0,2.55,30.9,0.265,2020-09-09 02:00:00
2020-09-10,5,2020,1,Grain Filling,0.98,6.3,0.851,1,80.0,2.2,36.3,0.321,2020-09-10 02:00:00
2020-09-11,5,2020,1,Grain Filling,1.01,6.43,0.775,1,86.0,9.87,31.6,0.293,2020-09-11 02:00:00
2020-09-12,5,2020,1,Grain Filling,1.01,7.13,0.809,1,84.0,2.5,31.3,0.278,2020-09-12 02:00:00
2020-09-13,5,2020,1,Grain Filling,0.93,6.7,0.752,1,70.0,2.34,34.4,0.284,2020-09-13 02:00:00
2020-09-14,5,2020,1,Grain Filling,0.98,6.86,0.767,1,80.0,2.4,31.6,0.302,2020-09-14 02:00:00
2020-09-15,5,2020,1,Grain Filling,1.02,7.57,0.811,1,78.0,2.65,33.1,0.293,2020-09-15 02:00:00
2020-09-16,5,2020,1,Grain Filling,0.97,6.95,0.804,1,81.0,2.43,34.5,0.299,2020-09-16 02:00:00
2020-09-17,5,2020,1,Grain Filling,1.04,7.95,0.848,1,76.0,2.78,33.8,0.304,2020-09-17 02:00:00
2020-09-18,5,2020,1,Grain Filling,0.98,6.84,0.845,1,71.0,2.39,31.8,0.31,2020-09-18 02:00:00
2020-09-19,5,2020,1,Grain Filling,1.04,7.61,0.848,1,78.0,2.66,32.4,0.268,2020-09-19 02:00:00
2020-09-20,5,2020,1,Grain Filling,0.99,7.44,0.892,1,75.0,2.6,32.8,0.284,2020-09-20 02:00:00
2020-09-21,5,2020,1,Grain Filling,1.0,7.25,0.799,1,75.0,2.54,34.1,0.303,2020-09-21 02:00:00
2020-09-22,5,2020,1,Grain Filling,1.01,7.68,0.839,1,76.0,2.69,32.0,0.283,2020-09-22 02:00:00
2020-09-23,5,2020,1,Grain Filling,1.0,7.14,0.758,1,84.0,6.55,33.4,0.323,2020-09-23 02:00:00
2020-09-24,5,2020,1,Grain Filling,1.05,7.15,0.796,1,86.0,2.5,33.1,0.318,2020-09-24 02:00:00
2020-09-25,5,2020,1,Grain Filling,1.05,7.45,0.751,1,73.0,5.48,32.7,0.304,2020-09-25 02:00:00
2020-09-26,5,2020,1,Grain Filling,1.01,6.75,0.791,1,80.0,2.36,33.5,0.287,2020-09-26 02:00:00
2020-09-27,5,2020,1,Grain Filling,1.02,7.5,0.823,1,68.0,2.62,33.3,0.271,2020-09-27 02:00:00
2020-09-28,5,2020,1,Grain Filling,1.06,7.62,0.865,1,84.0,2.67,32.0,0.264,2020-09-28 02:00:00
2020-09-29,5,2020,1,Grain Filling,1.01,7.12,0.908,1,70.0,2.49,34.3,0.305,2020-09-29 02:00:00
2020-09-30,5,2020,1,Grain Filling,1.05,7.93,0.917,1,78.0,2.78,30.7,0.303,2020-09-30 02:00:00
2020-10-01,5,2020,1,Grain Filling,1.05,7.65,0.917,1,71.0,2.68,32.6,0.25,2020-10-01 02:00:00
2020-10-02,5,2020,1,Grain Filling,0.99,7.42,0.917,1,80.0,2.6,34.5,0.276,2020-10-02 02:00:00
2020-10-03,5,2020,1,Grain Filling,1.06,7.74,0.861,1,74.0,7.72,33.9,0.289,2020-10-03 02:00:00
2020-10-04,5,2020,1,Grain Filling,0.98,6.96,0.823,1,85.0,4.47,34.4,0.262,2020-10-04 02:00:00
2020-10-05,5,2020,1,Grain Filling,1.08,7.46,0.852,1,71.0,2.61,32.5,0.274,2020-10-05 02:00:00
2020-10-06,5,2020,1,Grain Filling,1.01,7.16,0.852,1,82.0,2.51,33.5,0.273,2020-10-06 02:00:00
2020-10-07,5,2020,1,Grain Filling,1.03,6.96,0.871,1,82.0,2.44,32.8,0.265,2020-10-07 02:00:00
2020-10-08,5,2020,1,Grain Filling,1.06,7.91,0.7,1,84.0,10.22,32.4,0.285,2020-10-08 02:00:00
2020-10-09,5,2020,1,Grain Filling,1.01,7.48,0.708,1,76.0,2.62,32.5,0.299,2020-10-09 02:00:00
2020-10-10,5,2020,1,Grain Filling,1.09,7.32,0.749,1,88.0,2.56,32.9,0.237,2020-10-10 02:00:00
2020-10-11,5,2020,1,Grain Filling,1.03,7.91,0.76,1,78.0,2.77,35.2,0.27,2020-10-11 02:00:00
2020-10-12,5,2020,1,Grain Filling,1.02,7.2,0.791,1,83.0,2.52,32.4,0.244,2020-10-12 02:00:00
2020-10-13,5,2020,1,Grain Filling,1.07,7.54,0.834,1,79.0,2.64,34.4,0.239,2020-10-13 02:00:00
2020-10-14,5,2020,1,Grain Filling,0.96,7.07,0.717,1,77.0,8.48,34.8,0.29,2020-10-14 02:00:00
2020-10-15,5,2020,1,Grain Filling,1.04,7.85,0.747,1,76.0,2.75,33.4,0.287,2020-10-15 02:00:00
2020-10-16,5,2020,1,Grain Filling,1.09,7.24,0.764,1,80.0,2.53,31.1,0.3,2020-10-16 02:00:00
2020-10-17,5,2020,1,Grain Filling,1.07,7.66,0.774,1,85.0,2.68,33.3,0.24,2020-10-17 02:00:00
2020-10-18,5,2020,1,Grain Filling,1.02,7.18,0.815,1,82.0,2.51,30.8,0.291,2020-10-18 02:00:00
2020-10-19,5,2020,1,Grain Filling,1.09,7.92,0.858,1,74.0,2.77,34.7,0.279,2020-10-19 02:00:00
2020-10-20,5,2020,1,Maturity,1.1,7.57,0.899,1,84.0,2.65,32.4,0.266,2020-10-20 02:00:00
2020-10-21,5,2020,1,Maturity,1.11,8.03,0.917,1,78.0,2.81,34.5,0.29,2020-10-21 02:00:00
2020-10-22,5,2020,1,Maturity,1.04,7.88,0.916,1,79.0,2.76,34.8,0.256,2020-10-22 02:00:00
2020-10-23,5,2020,1,Maturity,0.99,7.28,0.917,1,79.0,2.55,33.9,0.277,2020-10-23 02:00:00
2020-10-24,5,2020,1,Maturity,1.08,8.44,0.917,1,77.0,2.95,31.7,0.289,2020-10-24 02:00:00
2020-10-25,5,2020,1,Maturity,1.06,7.65,0.917,1,81.0,2.68,34.1,0.279,2020-10-25 02:00:00
2020-10-26,5,2020,1,Maturity,1.09,8.02,0.917,1,73.0,2.81,34.7,0.242,2020-10-26 02:00:00
2020-10-27,5,2020,1,Maturity,1.07,7.67,0.888,1,84.0,2.68,32.8,0.276,2020-10-27 02:00:00
2020-10-28,5,2020,1,Maturity,1.04,7.54,0.871,1,80.0,2.64,33.2,0.265,2020-10-28 02:00:00
2020-10-29,5,2020,1,Maturity,1.04,7.16,0.899,1,83.0,2.51,34.1,0.317,2020-10-29 02:00:00
2020-10-30,5,2020,1,Maturity,1.11,8.41,0.917,1,82.0,2.94,33.7,0.28,2020-10-30 02:00:00
2020-10-31,5,2020,1,Maturity,1.07,7.91,0.917,1,77.0,2.77,32.7,0.274,2020-10-31 02:00:00
2020-11-01,5,2020,1,Maturity,1.07,7.32,0.86,1,76.0,2.56,32.6,0.285,2020-11-01 02:00:00
2020-11-02,5,2020,1,Maturity,1.07,8.16,0.89,1,87.0,2.86,34.4,0.278,2020-11-02 02:00:00
2020-11-03,5,2020,1,Maturity,1.07,7.9,0.917,1,85.0,2.76,36.0,0.273,2020-11-03 02:00:00
2020-11-04,5,2020,1,Maturity,1.13,8.19,0.917,1,83.0,2.87,33.6,0.26,2020-11-04 02:00:00
2020-11-05,5,2020,1,Maturity,1.05,6.81,0.917,1,83.0,2.38,34.8,0.279,2020-11-05 02:00:00
2020-11-06,5,2020,1,Maturity,1.03,7.6,0.917,1,80.0,2.66,33.1,0.263,2020-11-06 02:00:00
2020-11-07,5,2020,1,Maturity,1.08,7.63,0.917,1,74.0,2.67,34.1,0.267,2020-11-07 02:00:00
2020-11-08,5,2020,1,Maturity,1.05,7.59,0.917,1,80.0,2.66,33.0,0.279,2020-11-08 02:00:00
2020-11-09,5,2020,1,Maturity,1.08,7.67,0.917,1,76.0,2.68,31.1,0.272,2020-11-09 02:00:00
2020-11-10,5,2020,1,Maturity,1.1,7.67,0.917,1,83.0,2.68,33.6,0.234,2020-11-10 02:00:00
2020-11-11,5,2020,1,Maturity,1.13,8.39,0.917,1,76.0,2.94,34.5,0.262,2020-11-11 02:00:00
2020-11-12,5,2020,1,Maturity,1.14,8.88,0.917,1,82.0,3.11,32.0,0.278,2020-11-12 02:00:00
2020-11-13,5,2020,1,Maturity,1.1,8.16,0.917,1,78.0,2.86,33.9,0.257,2020-11-13 02:00:00
2020-11-14,5,2020,1,Maturity,1.06,8.13,0.917,1,84.0,2.85,34.0,0.249,2020-11-14 02:00:00
2020-11-15,5,2020,1,Maturity,1.06,8.1,0.863,1,81.0,8.54,32.4,0.264,2020-11-15 02:00:00
2020-11-16,5,2020,1,Maturity,1.07,8.29,0.908,1,86.0,2.9,33.9,0.233,2020-11-16 02:00:00
2020-11-17,5,2020,1,Maturity,1.1,8.59,0.917,1,85.0,3.01,34.8,0.257,2020-11-17 02:00:00
2020-11-18,5,2020,1,Maturity,1.1,8.77,0.917,1,81.0,3.07,34.3,0.248,2020-11-18 02:00:00
2020-11-19,5,2020,1,Maturity,1.09,7.77,0.917,1,80.0,2.72,33.9,0.277,2020-11-19 02:00:00
2020-11-20,5,2020,1,Maturity,1.12,8.73,0.917,1,76.0,3.06,35.4,0.258,2020-11-20 02:00:00
2020-11-21,5,2020,1,Maturity,1.06,7.87,0.917,1,77.0,2.75,33.1,0.245,2020-11-21 02:00:00
2020-11-22,5,2020,1,Maturity,1.07,7.61,0.917,1,83.0,2.66,33.9,0.28,2020-11-22 02:00:00
2020-11-23,5,2020,1,Maturity,1.09,8.03,0.917,1,81.0,2.81,35.3,0.277,2020-11-23 02:00:00
2020-11-24,5,2020,1,Maturity,1.09,8.15,0.917,1,83.0,2.85,32.4,0.284,2020-11-24 02:00:00
2020-11-25,5,2020,1,Maturity,1.11,8.27,0.809,1,82.0,2.89,34.5,0.27,2020-11-25 02:00:00
2020-11-26,5,2020,1,Maturity,1.1,9.05,0.857,1,86.0,3.17,33.7,0.28,2020-11-26 02:00:00
2020-11-27,5,2020,1,Maturity,1.09,8.65,0.878,1,77.0,3.03,33.9,0.232,2020-11-27 02:00:00
2020-11-28,5,2020,1,Maturity,1.14,8.75,0.883,1,89.0,3.06,35.2,0.252,2020-11-28 02:00:00
2020-11-29,5,2020,1,Maturity,1.12,8.61,0.917,1,77.0,3.01,34.4,0.227,2020-11-29 02:00:00
2020-11-30,5,2020,1,Maturity,1.14,8.77,0.838,1,74.0,10.78,33.5,0.271,2020-11-30 02:00:00
2020-12-01,5,2020,1,Maturity,1.11,8.98,0.813,1,82.0,7.98,34.6,0.247,2020-12-01 02:00:00
2020-12-02,5,2020,1,Maturity,1.14,7.76,0.839,1,90.0,2.72,34.4,0.259,2020-12-02 02:00:00
2020-12-03,5,2020,1,Maturity,1.15,8.28,0.879,1,93.0,2.9,33.6,0.234,2020-12-03 02:00:00
2020-12-04,5,2020,1,Maturity,1.12,8.45,0.899,1,78.0,2.96,34.3,0.237,2020-12-04 02:00:00
2020-12-05,5,2020,1,Maturity,1.08,8.63,0.917,1,86.0,3.02,34.7,0.266,2020-12-05 02:00:00
2020-12-06,5,2020,1,Maturity,1.13,8.93,0.917,1,72.0,3.13,33.4,0.232,2020-12-06 02:00:00
2020-12-07,5,2020,1,Maturity,1.13,8.64,0.917,1,84.0,3.02,33.3,0.272,2020-12-07 02:00:00
2020-12-08,5,2020,1,Maturity,1.17,9.3,0.917,1,82.0,3.26,37.2,0.253,2020-12-08 02:00:00
2020-12-09,5,2020,1,Maturity,1.12,8.93,0.917,1,95.0,3.13,34.5,0.244,2020-12-09 02:00:00
2020-12-10,5,2020,1,Maturity,1.19,10.11,0.917,1,91.0,3.54,37.0,0.199,2020-12-10 02:00:00
2020-12-11,5,2020,1,Maturity,1.1,8.44,0.917,1,87.0,2.95,33.1,0.261,2020-12-11 02:00:00
2020-12-12,5,2020,1,Maturity,1.13,7.91,0.917,1,90.0,2.77,34.9,0.269,2020-12-12 02:00:00
2020-12-13,5,2020,1,Maturity,1.1,8.83,0.892,1,83.0,3.09,35.3,0.223,2020-12-13 02:00:00
2020-12-14,5,2020,1,Maturity,1.13,9.1,0.915,1,79.0,3.18,35.9,0.238,2020-12-14 02:00:00
2020-12-15,5,2020,1,Maturity,1.17,9.47,0.912,1,82.0,3.31,34.2,0.224,2020-12-15 02:00:00
2020-12-16,5,2020,1,Maturity,1.19,8.89,0.917,1,79.0,3.11,33.6,0.218,2020-12-16 02:00:00
2020-12-17,5,2020,1,Maturity,1.12,8.37,0.917,1,86.0,2.93,36.3,0.238,2020-12-17 02:00:00
2020-12-18,5,2020,1,Maturity,1.15,8.75,0.917,1,81.0,3.06,31.7,0.246,2020-12-18 02:00:00
2020-12-19,5,2020,1,Maturity,1.12,8.49,0.917,1,85.0,2.97,34.0,0.213,2020-12-19 02:00:00
2020-12-20,5,2020,1,Maturity,1.22,8.52,0.917,1,80.0,2.98,33.5,0.267,2020-12-20 02:00:00
2020-12-21,5,2020,1,Maturity,1.17,8.82,0.917,1,89.0,3.09,33.8,0.239,2020-12-21 02:00:00
2020-12-22,5,2020,1,Maturity,1.15,8.65,0.917,1,87.0,3.03,35.4,0.237,2020-12-22 02:00:00
2020-12-23,5,2020,1,Maturity,1.09,8.24,0.917,1,87.0,2.88,33.5,0.227,2020-12-23 02:00:00
2020-12-24,5,2020,1,Maturity,1.13,8.94,0.917,1,87.0,3.13,34.3,0.221,2020-12-24 02:00:00
2020-12-25,5,2020,1,Maturity,1.15,9.08,0.917,1,75.0,3.18,36.1,0.231,2020-12-25 02:00:00
2020-12-26,5,2020,1,Maturity,1.08,8.55,0.917,1,82.0,2.99,35.3,0.228,2020-12-26 02:00:00
2020-12-27,5,2020,1,Maturity,1.13,8.77,0.917,1,79.0,3.07,36.5,0.221,2020-12-27 02:00:00
2020-12-28,5,2020,1,Maturity,1.22,9.2,0.917,1,89.0,3.22,34.8,0.24,2020-12-28 02:00:00
2020-12-29,5,2020,1,Maturity,1.1,8.71,0.917,1,81.0,3.05,33.0,0.265,2020-12-29 02:00:00
2020-12-30,5,2020,1,Maturity,1.18,9.36,0.901,1,84.0,3.28,32.6,0.239,2020-12-30 02:00:00
2020-12-31,5,2020,1,Maturity,1.12,8.72,0.917,1,86.0,3.05,33.5,0.237,2020-12-31 02:00:00
2021-01-01,5,2021,1,Germination,0.63,3.63,0.433,1,52.0,1.27,30.5,0.451,2021-01-01 02:00:00
2021-01-02,5,2021,1,Germination,0.64,4.0,0.42,1,59.0,1.4,26.8,0.44,2021-01-02 02:00:00
2021-01-03,5,2021,1,Germination,0.71,4.32,0.456,1,59.0,1.51,30.3,0.463,2021-01-03 02:00:00
2021-01-04,5,2021,1,Germination,0.65,3.88,0.404,1,64.0,1.36,29.2,0.435,2021-01-04 02:00:00
2021-01-05,5,2021,1,Germination,0.65,4.03,0.417,1,58.0,1.41,28.7,0.446,2021-01-05 02:00:00
2021-01-06,5,2021,1,Germination,0.7,4.62,0.441,1,66.0,1.62,29.6,0.479,2021-01-06 02:00:00
2021-01-07,5,2021,1,Germination,0.62,3.9,0.455,1,60.0,1.36,29.0,0.443,2021-01-07 02:00:00
2021-01-08,5,2021,1,Germination,0.72,4.22,0.489,1,61.0,1.48,30.3,0.471,2021-01-08 02:00:00
2021-01-09,5,2021,1,Germination,0.63,3.72,0.5,1,62.0,1.3,31.4,0.463,2021-01-09 02:00:00
2021-01-10,5,2021,1,Germination,0.66,4.29,0.532,1,65.0,1.5,32.5,0.443,2021-01-10 02:00:00
2021-01-11,5,2021,1,Germination,0.64,3.88,0.555,1,61.0,1.36,31.3,0.446,2021-01-11 02:00:00
2021-01-12,5,2021,1,Germination,0.65,3.81,0.575,1,57.0,1.33,28.8,0.437,2021-01-12 02:00:00
2021-01-13,5,2021,1,Germination,0.66,3.89,0.609,1,65.0,1.36,29.8,0.447,2021-01-13 02:00:00
2021-01-14,5,2021,1,Germination,0.64,4.2,0.631,1,64.0,1.47,29.8,0.439,2021-01-14 02:00:00
2021-01-15,5,2021,1,Germination,0.68,4.26,0.548,1,56.0,7.95,28.6,0.439,2021-01-15 02:00:00
2021-01-16,5,2021,1,Germination,0.63,3.92,0.554,1,65.0,1.37,30.6,0.432,2021-01-16 02:00:00
2021-01-17,5,2021,1,Germination,0.69,4.48,0.57,1,58.0,1.57,29.5,0.451,2021-01-17 02:00:00
2021-01-18,5,2021,1,Germination,0.61,3.92,0.591,1,60.0,1.37,29.7,0.441,2021-01-18 02:00:00
2021-01-19,5,2021,1,Germination,0.63,3.8,0.556,1,65.0,1.33,29.7,0.482,2021-01-19 02:00:00
2021-01-20,5,2021,1,Germination,0.69,4.17,0.586,1,63.0,1.46,28.0,0.41,2021-01-20 02:00:00
2021-01-21,5,2021,1,Germination,0.68,4.15,0.562,1,65.0,1.45,29.1,0.432,2021-01-21 02:00:00
2021-01-22,5,2021,1,Germination,0.66,3.95,0.523,1,59.0,1.38,29.5,0.458,2021-01-22 02:00:00
2021-01-23,5,2021,1,Germination,0.72,4.16,0.551,1,63.0,1.46,30.2,0.44,2021-01-23 02:00:00
2021-01-24,5,2021,1,Germination,0.66,4.06,0.577,1,60.0,1.42,29.2,0.451,2021-01-24 02:00:00
2021-01-25,5,2021,1,Germination,0.71,4.41,0.563,1,57.0,1.54,29.7,0.46,2021-01-25 02:00:00
2021-01-26,5,2021,1,Germination,0.66,3.86,0.589,1,60.0,1.35,28.3,0.459,2021-01-26 02:00:00
2021-01-27,5,2021,1,Germination,0.67,3.74,0.579,1,62.0,1.31,30.2,0.42,2021-01-27 02:00:00
2021-01-28,5,2021,1,Germination,0.71,3.94,0.564,1,62.0,1.38,29.3,0.43,2021-01-28 02:00:00
2021-01-29,5,2021,1,Germination,0.65,4.16,0.593,1,62.0,1.46,29.8,0.438,2021-01-29 02:00:00
2021-01-30,5,2021,1,Germination,0.7,4.56,0.613,1,62.0,1.6,28.9,0.416,2021-01-30 02:00:00
2021-01-31,5,2021,1,Germination,0.67,3.93,0.645,1,67.0,1.38,29.9,0.421,2021-01-31 02:00:00
2021-02-01,5,2021,1,Germination,0.7,4.38,0.655,1,62.0,1.53,28.6,0.447,2021-02-01 02:00:00
2021-02-02,5,2021,1,Germination,0.7,4.37,0.609,1,65.0,1.53,27.5,0.443,2021-02-02 02:00:00
2021-02-03,5,2021,1,Germination,0.74,4.19,0.617,1,62.0,1.47,30.2,0.449,2021-02-03 02:00:00
2021-02-04,5,2021,1,Germination,0.71,4.63,0.64,1,60.0,1.62,30.4,0.44,2021-02-04 02:00:00
2021-02-05,5,2021,1,Germination,0.68,4.36,0.675,1,64.0,1.53,30.4,0.42,2021-02-05 02:00:00
2021-02-06,5,2021,1,Germination,0.69,4.49,0.686,1,65.0,1.57,30.0,0.417,2021-02-06 02:00:00
2021-02-07,5,2021,1,Germination,0.73,4.74,0.67,1,65.0,1.66,29.4,0.441,2021-02-07 02:00:00
2021-02-08,5,2021,1,Germination,0.67,4.23,0.652,1,68.0,1.48,29.0,0.434,2021-02-08 02:00:00
2021-02-09,5,2021,1,Germination,0.64,3.7,0.679,1,67.0,1.3,29.6,0.462,2021-02-09 02:00:00
2021-02-10,5,2021,1,Germination,0.77,5.06,0.713,1,70.0,1.77,32.4,0.446,2021-02-10 02:00:00
2021-02-11,5,2021,1,Germination,0.67,4.1,0.673,1,65.0,1.43,30.2,0.436,2021-02-11 02:00:00
2021-02-12,5,2021,1,Germination,0.76,5.06,0.697,1,62.0,1.77,31.7,0.402,2021-02-12 02:00:00
2021-02-13,5,2021,1,Germination,0.75,4.51,0.716,1,64.0,1.58,29.3,0.408,2021-02-13 02:00:00
2021-02-14,5,2021,1,Germination,0.71,4.19,0.75,1,69.0,1.47,31.6,0.417,2021-02-14 02:00:00
2021-02-15,5,2021,1,Germination,0.72,4.39,0.781,1,67.0,1.54,31.7,0.453,2021-02-15 02:00:00
2021-02-16,5,2021,1,Germination,0.74,4.6,0.806,1,65.0,1.61,28.9,0.373,2021-02-16 02:00:00
2021-02-17,5,2021,1,Germination,0.68,4.17,0.821,1,67.0,1.46,30.0,0.394,2021-02-17 02:00:00
2021-02-18,5,2021,1,Germination,0.66,4.11,0.846,1,65.0,1.44,29.4,0.445,2021-02-18 02:00:00
2021-02-19,5,2021,1,Germination,0.74,4.63,0.834,1,60.0,1.62,30.5,0.459,2021-02-19 02:00:00
2021-02-20,5,2021,1,Germination,0.75,4.48,0.859,1,65.0,1.57,29.8,0.412,2021-02-20 02:00:00
2021-02-21,5,2021,1,Germination,0.69,4.17,0.707,1,65.0,11.31,30.0,0.419,2021-02-21 02:00:00
2021-02-22,5,2021,1,Germination,0.77,5.3,0.697,1,59.0,1.85,31.0,0.431,2021-02-22 02:00:00
2021-02-23,5,2021,1,Germination,0.74,4.91,0.717,1,69.0,1.72,29.5,0.435,2021-02-23 02:00:00
2021-02-24,5,2021,1,Germination,0.71,4.62,0.74,1,61.0,1.62,31.6,0.399,2021-02-24 02:00:00
2021-02-25,5,2021,1,Germination,0.7,4.57,0.77,1,74.0,1.6,31.4,0.413,2021-02-25 02:00:00
2021-02-26,5,2021,1,Germination,0.77,4.66,0.777,1,66.0,1.63,30.4,0.386,2021-02-26 02:00:00
2021-02-27,5,2021,1,Germination,0.7,4.21,0.802,1,67.0,1.47,30.9,0.44,2021-02-27 02:00:00
2021-02-28,5,2021,1,Germination,0.68,4.5,0.837,1,70.0,1.58,30.8,0.413,2021-02-28 02:00:00
2021-03-01,5,2021,1,Germination,0.73,4.57,0.872,1,67.0,1.6,30.6,0.409,2021-03-01 02:00:00
2021-03-02,5,2021,1,Germination,0.74,4.62,0.884,1,68.0,1.62,31.0,0.418,2021-03-02 02:00:00
2021-03-03,5,2021,1,Germination,0.72,4.8,0.917,1,68.0,1.68,32.8,0.418,2021-03-03 02:00:00
2021-03-04,5,2021,1,Germination,0.72,4.65,0.917,1,65.0,1.63,29.6,0.426,2021-03-04 02:00:00
2021-03-05,5,2021,1,Germination,0.7,4.54,0.911,1,61.0,1.59,28.5,0.386,2021-03-05 02:00:00
2021-03-06,5,2021,1,Germination,0.74,4.51,0.917,1,68.0,1.58,27.6,0.418,2021-03-06 02:00:00
2021-03-07,5,2021,1,Germination,0.74,4.83,0.917,1,64.0,1.69,30.8,0.434,2021-03-07 02:00:00
2021-03-08,5,2021,1,Germination,0.73,4.55,0.837,1,57.0,9.15,29.1,0.43,2021-03-08 02:00:00
2021-03-09,5,2021,1,Germination,0.73,4.85,0.877,1,66.0,1.7,31.1,0.424,2021-03-09 02:00:00
2021-03-10,5,2021,1,Germination,0.78,5.44,0.835,1,66.0,1.9,31.3,0.405,2021-03-10 02:00:00
2021-03-11,5,2021,1,Germination,0.75,4.99,0.844,1,66.0,1.75,29.1,0.441,2021-03-11 02:00:00
2021-03-12,5,2021,1,Germination,0.74,5.19,0.847,1,59.0,1.82,30.8,0.397,2021-03-12 02:00:00
2021-03-13,5,2021,1,Germination,0.76,5.2,0.835,1,62.0,1.82,32.5,0.442,2021-03-13 02:00:00
2021-03-14,5,2021,1,Germination,0.72,4.72,0.875,1,67.0,1.65,32.6,0.413,2021-03-14 02:00:00
2021-03-15,5,2021,1,Vegetative,0.74,4.65,0.899,1,67.0,1.63,28.9,0.4,2021-03-15 02:00:00
2021-03-16,5,2021,1,Vegetative,0.73,4.55,0.917,1,66.0,1.59,31.6,0.392,2021-03-16 02:00:00
2021-03-17,5,2021,1,Vegetative,0.76,4.54,0.917,1,66.0,1.59,29.7,0.378,2021-03-17 02:00:00
2021-03-18,5,2021,1,Vegetative,0.77,4.46,0.917,1,73.0,1.56,29.4,0.421,2021-03-18 02:00:00
2021-03-19,5,2021,1,Vegetative,0.77,4.79,0.917,1,68.0,1.68,28.6,0.414,2021-03-19 02:00:00
2021-03-20,5,2021,1,Vegetative,0.79,4.7,0.834,1,73.0,9.42,30.3,0.4,2021-03-20 02:00:00
2021-03-21,5,2021,1,Vegetative,0.77,5.29,0.863,1,64.0,1.85,32.0,0.398,2021-03-21 02:00:00
2021-03-22,5,2021,1,Vegetative,0.75,5.09,0.83,1,71.0,1.78,28.4,0.408,2021-03-22 02:00:00
2021-03-23,5,2021,1,Vegetative,0.76,5.11,0.742,1,67.0,8.81,33.2,0.426,2021-03-23 02:00:00
2021-03-24,5,2021,1,Vegetative,0.82,5.46,0.77,1,66.0,1.91,28.6,0.402,2021-03-24 02:00:00
2021-03-25,5,2021,1,Vegetative,0.74,5.15,0.708,1,78.0,8.05,27.7,0.401,2021-03-25 02:00:00
2021-03-26,5,2021,1,Vegetative,0.74,4.9,0.682,1,65.0,1.72,29.8,0.403,2021-03-26 02:00:00
2021-03-27,5,2021,1,Vegetative,0.73,4.48,0.563,1,65.0,9.15,31.0,0.355,2021-03-27 02:00:00
2021-03-28,5,2021,1,Vegetative,0.74,5.04,0.593,1,66.0,1.76,29.8,0.388,2021-03-28 02:00:00
2021-03-29,5,2021,1,Vegetative,0.77,4.74,0.525,1,68.0,8.54,31.2,0.403,2021-03-29 02:00:00
2021-03-30,5,2021,1,Vegetative,0.78,5.04,0.553,1,69.0,1.76,30.7,0.388,2021-03-30 02:00:00
2021-03-31,5,2021,1,Vegetative,0.75,5.01,0.59,1,67.0,1.75,31.4,0.412,2021-03-31 02:00:00
2021-04-01,5,2021,1,Vegetative,0.76,5.06,0.341,1,69.0,10.28,33.3,0.415,2021-04-01 02:00:00
2021-04-02,5,2021,1,Vegetative,0.82,5.45,0.25,1,67.0,1.91,31.1,0.38,2021-04-02 02:00:00
2021-04-03,5,2021,1,Vegetative,0.74,4.72,0.289,1,71.0,1.65,32.1,0.407,2021-04-03 02:00:00
2021-04-04,5,2021,1,Vegetative,0.8,5.64,0.25,1,70.0,8.67,31.7,0.36,2021-04-04 02:00:00
2021-04-05,5,2021,1,Vegetative,0.75,4.61,0.253,1,72.0,1.61,30.2,0.381,2021-04-05 02:00:00
2021-04-06,5,2021,1,Vegetative,0.77,5.32,0.25,1,63.0,7.05,33.0,0.384,2021-04-06 02:00:00
2021-04-07,5,2021,1,Vegetative,0.79,4.78,0.282,1,73.0,1.67,31.6,0.36,2021-04-07 02:00:00
2021-04-08,5,2021,1,Vegetative,0.78,4.96,0.321,1,74.0,1.74,33.5,0.398,2021-04-08 02:00:00
2021-04-09,5,2021,1,Vegetative,0.81,5.49,0.358,1,76.0,1.92,32.0,0.372,2021-04-09 02:00:00
2021-04-10,5,2021,1,Vegetative,0.76,5.0,0.356,1,65.0,1.75,31.9,0.368,2021-04-10 02:00:00
2021-04-11,5,2021,1,Vegetative,0.82,5.63,0.395,1,70.0,1.97,32.0,0.426,2021-04-11 02:00:00
2021-04-12,5,2021,1,Vegetative,0.78,5.29,0.434,1,65.0,1.85,28.5,0.379,2021-04-12 02:00:00
2021-04-13,5,2021,1,Vegetative,0.84,5.39,0.445,1,66.0,1.89,30.8,0.38,2021-04-13 02:00:00
2021-04-14,5,2021,1,Vegetative,0.79,4.93,0.483,1,73.0,1.73,32.0,0.383,2021-04-14 02:00:00
2021-04-15,5,2021,1,Vegetative,0.75,4.77,0.479,1,75.0,1.67,29.2,0.399,2021-04-15 02:00:00
2021-04-16,5,2021,1,Vegetative,0.84,5.36,0.517,1,68.0,1.88,31.4,0.38,2021-04-16 02:00:00
2021-04-17,5,2021,1,Vegetative,0.72,4.64,0.554,1,66.0,1.62,32.5,0.373,2021-04-17 02:00:00
2021-04-18,5,2021,1,Vegetative,0.79,5.34,0.594,1,74.0,1.87,34.5,0.386,2021-04-18 02:00:00
2021-04-19,5,2021,1,Vegetative,0.81,5.65,0.617,1,69.0,1.98,29.6,0.371,2021-04-19 02:00:00
2021-04-20,5,2021,1,Vegetative,0.79,5.16,0.639,1,65.0,1.81,31.0,0.365,2021-04-20 02:00:00
2021-04-21,5,2021,1,Vegetative,0.79,5.25,0.639,1,74.0,1.84,30.8,0.39,2021-04-21 02:00:00
2021-04-22,5,2021,1,Vegetative,0.77,5.53,0.679,1,66.0,1.94,31.4,0.333,2021-04-22 02:00:00
2021-04-23,5,2021,1,Vegetative,0.83,5.51,0.617,1,72.0,8.57,31.6,0.393,2021-04-23 02:00:00
2021-04-24,5,2021,1,Vegetative,0.79,5.49,0.622,1,70.0,1.92,30.7,0.372,2021-04-24 02:00:00
2021-04-25,5,2021,1,Vegetative,0.77,4.9,0.599,1,67.0,1.72,30.0,0.389,2021-04-25 02:00:00
2021-04-26,5,2021,1,Vegetative,0.86,5.63,0.637,1,73.0,1.97,29.5,0.399,2021-04-26 02:00:00
2021-04-27,5,2021,1,Vegetative,0.81,5.99,0.67,1,61.0,2.1,31.4,0.365,2021-04-27 02:00:00
2021-04-28,5,2021,1,Vegetative,0.78,5.35,0.695,1,67.0,1.87,29.7,0.401,2021-04-28 02:00:00
2021-04-29,5,2021,1,Vegetative,0.83,5.52,0.691,1,68.0,4.76,31.9,0.375,2021-04-29 02:00:00
2021-04-30,5,2021,1,Vegetative,0.78,4.99,0.726,1,68.0,1.75,31.7,0.398,2021-04-30 02:00:00
2021-05-01,5,2021,1,Vegetative,0.83,5.8,0.723,1,73.0,2.03,28.8,0.401,2021-05-01 02:00:00
2021-05-02,5,2021,1,Flowering,0.88,5.8,0.663,1,73.0,4.54,31.5,0.363,2021-05-02 02:00:00
2021-05-03,5,2021,1,Flowering,0.8,5.18,0.684,1,67.0,1.81,30.5,0.37,2021-05-03 02:00:00
2021-05-04,5,2021,1,Flowering,0.85,5.75,0.672,1,59.0,2.01,29.0,0.361,2021-05-04 02:00:00
2021-05-05,5,2021,1,Flowering,0.83,5.68,0.713,1,69.0,1.99,31.1,0.37,2021-05-05 02:00:00
2021-05-06,5,2021,1,Flowering,0.8,5.05,0.705,1,67.0,1.77,32.5,0.389,2021-05-06 02:00:00
2021-05-07,5,2021,1,Flowering,0.82,5.63,0.741,1,70.0,1.97,28.8,0.347,2021-05-07 02:00:00
2021-05-08,5,2021,1,Flowering,0.84,5.56,0.757,1,70.0,1.95,32.6,0.374,2021-05-08 02:00:00
2021-05-09,5,2021,1,Flowering,0.84,5.4,0.793,1,64.0,1.89,32.5,0.344,2021-05-09 02:00:00
2021-05-10,5,2021,1,Flowering,0.86,5.85,0.802,1,71.0,2.05,32.7,0.345,2021-05-10 02:00:00
2021-05-11,5,2021,1,Flowering,0.81,5.41,0.816,1,67.0,1.89,30.7,0.356,2021-05-11 02:00:00
2021-05-12,5,2021,1,Flowering,0.78,5.9,0.836,1,65.0,2.06,32.7,0.383,2021-05-12 02:00:00
2021-05-13,5,2021,1,Flowering,0.86,5.8,0.876,1,71.0,2.03,31.6,0.365,2021-05-13 02:00:00
2021-05-14,5,2021,1,Flowering,0.88,5.94,0.892,1,65.0,2.08,33.9,0.378,2021-05-14 02:00:00
2021-05-15,5,2021,1,Flowering,0.84,5.6,0.794,1,66.0,8.21,31.5,0.362,2021-05-15 02:00:00
2021-05-16,5,2021,1,Flowering,0.83,5.79,0.781,1,69.0,2.03,31.3,0.383,2021-05-16 02:00:00
2021-05-17,5,2021,1,Flowering,0.83,5.63,0.823,1,71.0,1.97,34.6,0.358,2021-05-17 02:00:00
2021-05-18,5,2021,1,Flowering,0.8,5.61,0.863,1,69.0,1.96,31.6,0.363,2021-05-18 02:00:00
2021-05-19,5,2021,1,Flowering,0.87,5.92,0.904,1,69.0,2.07,33.8,0.375,2021-05-19 02:00:00
2021-05-20,5,2021,1,Flowering,0.85,5.68,0.917,1,72.0,1.99,31.5,0.337,2021-05-20 02:00:00
2021-05-21,5,2021,1,Flowering,0.8,5.3,0.853,1,59.0,1.85,29.4,0.351,2021-05-21 02:00:00
2021-05-22,5,2021,1,Flowering,0.88,5.99,0.87,1,72.0,2.1,32.1,0.305,2021-05-22 02:00:00
2021-05-23,5,2021,1,Flowering,0.84,5.63,0.909,1,71.0,1.97,30.9,0.385,2021-05-23 02:00:00
2021-05-24,5,2021,1,Flowering,0.82,5.65,0.884,1,73.0,1.98,30.7,0.322,2021-05-24 02:00:00
2021-05-25,5,2021,1,Flowering,0.82,5.42,0.917,1,72.0,1.9,31.9,0.341,2021-05-25 02:00:00
2021-05-26,5,2021,1,Flowering,0.81,5.5,0.917,1,64.0,1.92,30.5,0.404,2021-05-26 02:00:00
2021-05-27,5,2021,1,Flowering,0.84,5.64,0.85,1,71.0,8.96,32.2,0.363,2021-05-27 02:00:00
2021-05-28,5,2021,1,Flowering,0.83,5.84,0.891,1,71.0,2.04,30.7,0.363,2021-05-28 02:00:00
2021-05-29,5,2021,1,Flowering,0.8,5.58,0.917,1,74.0,1.95,30.4,0.382,2021-05-29 02:00:00
2021-05-30,5,2021,1,Flowering,0.83,5.49,0.917,1,70.0,1.92,28.9,0.344,2021-05-30 02:00:00
2021-05-31,5,2021,1,Flowering,0.84,5.74,0.876,1,66.0,2.01,35.2,0.398,2021-05-31 02:00:00
2021-06-01,5,2021,1,Flowering,0.95,6.26,0.916,1,70.0,2.19,31.8,0.378,2021-06-01 02:00:00
2021-06-02,5,2021,1,Flowering,0.88,5.5,0.917,1,77.0,1.92,29.7,0.342,2021-06-02 02:00:00
2021-06-03,5,2021,1,Flowering,0.87,5.8,0.917,1,78.0,2.03,30.7,0.347,2021-06-03 02:00:00
2021-06-04,5,2021,1,Flowering,0.84,5.96,0.917,1,75.0,2.09,32.6,0.339,2021-06-04 02:00:00
2021-06-05,5,2021,1,Flowering,0.87,5.78,0.917,1,69.0,2.02,32.9,0.372,2021-06-05 02:00:00
2021-06-06,5,2021,1,Flowering,0.87,6.35,0.917,1,73.0,2.22,32.7,0.388,2021-06-06 02:00:00
2021-06-07,5,2021,1,Flowering,0.91,6.5,0.916,1,68.0,2.28,32.3,0.349,2021-06-07 02:00:00
2021-06-08,5,2021,1,Flowering,0.89,5.92,0.916,1,74.0,2.07,30.8,0.353,2021-06-08 02:00:00
2021-06-09,5,2021,1,Flowering,0.92,6.12,0.917,1,73.0,2.14,32.7,0.373,2021-06-09 02:00:00
2021-06-10,5,2021,1,Flowering,0.85,5.84,0.917,1,68.0,2.04,31.0,0.34,2021-06-10 02:00:00
2021-06-11,5,2021,1,Flowering,0.88,5.82,0.917,1,63.0,2.04,32.0,0.336,2021-06-11 02:00:00
2021-06-12,5,2021,1,Flowering,0.83,5.87,0.917,1,73.0,2.05,30.6,0.343,2021-06-12 02:00:00
2021-06-13,5,2021,1,Flowering,0.84,5.63,0.917,1,72.0,1.97,30.4,0.345,2021-06-13 02:00:00
2021-06-14,5,2021,1,Flowering,0.88,5.99,0.917,1,71.0,2.1,32.1,0.367,2021-06-14 02:00:00
2021-06-15,5,2021,1,Flowering,0.87,6.04,0.917,1,73.0,2.11,33.8,0.336,2021-06-15 02:00:00
2021-06-16,5,2021,1,Flowering,0.88,6.52,0.917,1,70.0,2.28,30.8,0.305,2021-06-16 02:00:00
2021-06-17,5,2021,1,Flowering,0.86,5.94,0.917,1,75.0,2.08,31.7,0.369,2021-06-17 02:00:00
2021-06-18,5,2021,1,Flowering,0.89,6.25,0.917,1,68.0,2.19,33.2,0.334,2021-06-18 02:00:00
2021-06-19,5,2021,1,Flowering,0.92,6.39,0.917,1,72.0,2.24,32.6,0.302,2021-06-19 02:00:00
2021-06-20,5,2021,1,Flowering,0.83,5.72,0.902,1,78.0,2.0,31.7,0.348,2021-06-20 02:00:00
2021-06-21,5,2021,1,Flowering,0.89,5.97,0.917,1,72.0,2.09,34.4,0.307,2021-06-21 02:00:00
2021-06-22,5,2021,1,Flowering,0.84,6.1,0.915,1,64.0,2.13,32.6,0.328,2021-06-22 02:00:00
2021-06-23,5,2021,1,Flowering,0.84,6.26,0.917,1,63.0,2.19,33.0,0.331,2021-06-23 02:00:00
2021-06-24,5,2021,1,Flowering,0.93,6.02,0.843,1,74.0,8.75,33.3,0.372,2021-06-24 02:00:00
2021-06-25,5,2021,1,Flowering,0.91,6.35,0.815,1,72.0,2.22,30.8,0.397,2021-06-25 02:00:00
2021-06-26,5,2021,1,Flowering,0.92,6.18,0.85,1,73.0,2.16,31.3,0.367,2021-06-26 02:00:00
2021-06-27,5,2021,1,Flowering,0.89,5.64,0.873,1,74.0,1.97,31.9,0.315,2021-06-27 02:00:00
2021-06-28,5,2021,1,Flowering,0.88,6.07,0.869,1,72.0,2.12,31.5,0.357,2021-06-28 02:00:00
2021-06-29,5,2021,1,Flowering,0.92,6.95,0.909,1,68.0,2.43,32.7,0.338,2021-06-29 02:00:00
2021-06-30,5,2021,1,Flowering,0.88,6.37,0.917,1,73.0,2.23,35.4,0.345,2021-06-30 02:00:00
2021-07-01,5,2021,1,Flowering,0.9,6.47,0.917,1,73.0,2.26,31.3,0.348,2021-07-01 02:00:00
2021-07-02,5,2021,1,Grain Filling,0.89,5.67,0.917,1,71.0,1.98,31.9,0.348,2021-07-02 02:00:00
2021-07-03,5,2021,1,Grain Filling,0.9,6.18,0.917,1,80.0,2.16,30.4,0.345,2021-07-03 02:00:00
2021-07-04,5,2021,1,Grain Filling,0.88,6.22,0.917,1,73.0,2.18,33.4,0.347,2021-07-04 02:00:00
2021-07-05,5,2021,1,Grain Filling,0.88,6.28,0.917,1,69.0,2.2,34.5,0.334,2021-07-05 02:00:00
2021-07-06,5,2021,1,Grain Filling,0.89,6.25,0.917,1,78.0,2.19,33.3,0.346,2021-07-06 02:00:00
2021-07-07,5,2021,1,Grain Filling,0.91,6.42,0.889,1,67.0,4.33,31.9,0.303,2021-07-07 02:00:00
2021-07-08,5,2021,1,Grain Filling,0.9,6.18,0.913,1,70.0,2.16,33.9,0.3,2021-07-08 02:00:00
2021-07-09,5,2021,1,Grain Filling,0.94,6.76,0.917,1,77.0,2.37,32.9,0.359,2021-07-09 02:00:00
2021-07-10,5,2021,1,Grain Filling,0.92,6.54,0.917,1,68.0,2.29,30.6,0.326,2021-07-10 02:00:00
2021-07-11,5,2021,1,Grain Filling,0.96,6.67,0.917,1,77.0,2.33,31.9,0.305,2021-07-11 02:00:00
2021-07-12,5,2021,1,Grain Filling,0.88,6.15,0.917,1,76.0,2.15,33.4,0.318,2021-07-12 02:00:00
2021-07-13,5,2021,1,Grain Filling,0.9,6.05,0.909,1,71.0,2.12,32.7,0.333,2021-07-13 02:00:00
2021-07-14,5,2021,1,Grain Filling,0.93,6.65,0.836,1,69.0,9.9,34.2,0.346,2021-07-14 02:00:00
2021-07-15,5,2021,1,Grain Filling,0.92,5.88,0.87,1,71.0,2.06,30.2,0.343,2021-07-15 02:00:00
2021-07-16,5,2021,1,Grain Filling,0.92,6.58,0.905,1,70.0,2.3,32.4,0.354,2021-07-16 02:00:00
2021-07-17,5,2021,1,Grain Filling,0.88,6.41,0.917,1,77.0,2.24,30.8,0.313,2021-07-17 02:00:00
2021-07-18,5,2021,1,Grain Filling,0.91,6.6,0.917,1,70.0,2.31,33.7,0.326,2021-07-18 02:00:00
2021-07-19,5,2021,1,Grain Filling,0.96,6.77,0.917,1,76.0,2.37,34.0,0.327,2021-07-19 02:00:00
2021-07-20,5,2021,1,Grain Filling,0.92,7.03,0.917,1,66.0,2.46,33.8,0.314,2021-07-20 02:00:00
2021-07-21,5,2021,1,Grain Filling,0.93,6.51,0.917,1,78.0,2.28,29.5,0.363,2021-07-21 02:00:00
2021-07-22,5,2021,1,Grain Filling,0.86,6.23,0.917,1,72.0,2.18,30.0,0.334,2021-07-22 02:00:00
2021-07-23,5,2021,1,Grain Filling,0.91,6.45,0.917,1,74.0,2.26,33.2,0.297,2021-07-23 02:00:00
2021-07-24,5,2021,1,Grain Filling,0.93,6.41,0.917,1,69.0,2.24,30.2,0.311,2021-07-24 02:00:00
2021-07-25,5,2021,1,Grain Filling,0.97,6.88,0.863,1,72.0,2.41,31.5,0.363,2021-07-25 02:00:00
2021-07-26,5,2021,1,Grain Filling,0.95,6.88,0.907,1,80.0,2.41,33.6,0.354,2021-07-26 02:00:00
2021-07-27,5,2021,1,Grain Filling,0.94,6.89,0.917,1,76.0,2.41,34.9,0.297,2021-07-27 02:00:00
2021-07-28,5,2021,1,Grain Filling,0.94,6.44,0.917,1,74.0,2.25,33.7,0.31,2021-07-28 02:00:00
2021-07-29,5,2021,1,Grain Filling,0.93,6.43,0.917,1,69.0,2.25,31.5,0.359,2021-07-29 02:00:00
2021-07-30,5,2021,1,Grain Filling,0.97,6.95,0.917,1,73.0,2.43,33.6,0.288,2021-07-30 02:00:00
2021-07-31,5,2021,1,Grain Filling,0.92,6.48,0.874,1,77.0,6.35,32.1,0.342,2021-07-31 02:00:00
2021-08-01,5,2021,1,Grain Filling,0.93,5.83,0.913,1,70.0,2.04,34.0,0.305,2021-08-01 02:00:00
2021-08-02,5,2021,1,Grain Filling,0.97,7.3,0.917,1,72.0,2.55,33.7,0.293,2021-08-02 02:00:00
2021-08-03,5,2021,1,Grain Filling,0.96,6.93,0.887,1,78.0,2.43,33.0,0.333,2021-08-03 02:00:00
2021-08-04,5,2021,1,Grain Filling,0.93,6.46,0.87,1,73.0,2.26,33.6,0.332,2021-08-04 02:00:00
2021-08-05,5,2021,1,Grain Filling,0.96,6.07,0.909,1,70.0,2.12,31.2,0.348,2021-08-05 02:00:00
2021-08-06,5,2021,1,Grain Filling,0.96,6.81,0.917,1,71.0,2.38,32.1,0.308,2021-08-06 02:00:00
2021-08-07,5,2021,1,Grain Filling,0.97,7.16,0.917,1,79.0,2.51,32.8,0.322,2021-08-07 02:00:00
2021-08-08,5,2021,1,Grain Filling,0.84,5.87,0.917,1,76.0,2.05,31.8,0.318,2021-08-08 02:00:00
2021-08-09,5,2021,1,Grain Filling,0.94,6.48,0.917,1,75.0,2.27,32.1,0.3,2021-08-09 02:00:00
2021-08-10,5,2021,1,Grain Filling,0.98,6.71,0.917,1,75.0,2.35,32.9,0.33,2021-08-10 02:00:00
2021-08-11,5,2021,1,Grain Filling,0.99,6.6,0.912,1,77.0,2.31,36.0,0.34,2021-08-11 02:00:00
2021-08-12,5,2021,1,Grain Filling,0.95,6.46,0.917,1,75.0,2.26,31.6,0.309,2021-08-12 02:00:00
2021-08-13,5,2021,1,Grain Filling,0.97,7.02,0.917,1,83.0,2.46,31.4,0.31,2021-08-13 02:00:00
2021-08-14,5,2021,1,Grain Filling,0.98,6.99,0.917,1,78.0,2.45,29.7,0.323,2021-08-14 02:00:00
2021-08-15,5,2021,1,Grain Filling,0.97,6.88,0.917,1,76.0,2.41,32.2,0.312,2021-08-15 02:00:00
2021-08-16,5,2021,1,Grain Filling,0.93,6.05,0.917,1,75.0,2.12,31.7,0.295,2021-08-16 02:00:00
2021-08-17,5,2021,1,Grain Filling,0.93,6.69,0.917,1,68.0,2.34,31.9,0.312,2021-08-17 02:00:00
2021-08-18,5,2021,1,Grain Filling,0.97,7.34,0.911,1,75.0,2.57,32.2,0.288,2021-08-18 02:00:00
2021-08-19,5,2021,1,Grain Filling,0.95,7.02,0.917,1,66.0,4.72,33.7,0.287,2021-08-19 02:00:00
2021-08-20,5,2021,1,Grain Filling,0.99,7.01,0.917,1,76.0,2.45,32.7,0.316,2021-08-20 02:00:00
2021-08-21,5,2021,1,Grain Filling,0.99,6.4,0.83,1,78.0,9.51,30.5,0.315,2021-08-21 02:00:00
2021-08-22,5,2021,1,Grain Filling,0.96,6.93,0.827,1,73.0,2.43,32.2,0.305,2021-08-22 02:00:00
2021-08-23,5,2021,1,Grain Filling,0.93,6.81,0.871,1,77.0,2.38,32.5,0.295,2021-08-23 02:00:00
2021-08-24,5,2021,1,Grain Filling,0.95,7.19,0.914,1,71.0,2.52,31.6,0.275,2021-08-24 02:00:00
2021-08-25,5,2021,1,Grain Filling,0.94,6.17,0.917,1,85.0,2.16,35.0,0.339,2021-08-25 02:00:00
2021-08-26,5,2021,1,Grain Filling,0.99,7.28,0.917,1,79.0,2.55,32.4,0.304,2021-08-26 02:00:00
2021-08-27,5,2021,1,Grain Filling,0.99,7.1,0.917,1,73.0,2.48,32.7,0.286,2021-08-27 02:00:00
2021-08-28,5,2021,1,Grain Filling,0.97,7.37,0.917,1,79.0,2.58,33.1,0.331,2021-08-28 02:00:00
2021-08-29,5,2021,1,Grain Filling,1.01,7.36,0.867,1,76.0,2.58,32.2,0.3,2021-08-29 02:00:00
2021-08-30,5,2021,1,Grain Filling,0.97,7.0,0.866,1,72.0,2.45,32.0,0.278,2021-08-30 02:00:00
2021-08-31,5,2021,1,Grain Filling,0.98,7.02,0.856,1,78.0,2.46,32.4,0.281,2021-08-31 02:00:00
2021-09-01,5,2021,1,Grain Filling,1.0,7.2,0.885,1,79.0,2.52,34.5,0.317,2021-09-01 02:00:00
2021-09-02,5,2021,1,Grain Filling,0.94,7.02,0.917,1,87.0,2.46,32.7,0.315,2021-09-02 02:00:00
2021-09-03,5,2021,1,Grain Filling,0.98,7.04,0.844,1,76.0,6.51,32.7,0.316,2021-09-03 02:00:00
2021-09-04,5,2021,1,Grain Filling,1.01,7.41,0.888,1,75.0,2.59,32.4,0.285,2021-09-04 02:00:00
2021-09-05,5,2021,1,Grain Filling,0.96,6.7,0.914,1,77.0,2.34,32.2,0.268,2021-09-05 02:00:00
2021-09-06,5,2021,1,Grain Filling,1.0,6.77,0.917,1,75.0,2.37,33.2,0.324,2021-09-06 02:00:00
2021-09-07,5,2021,1,Grain Filling,1.01,7.59,0.917,1,72.0,2.66,33.2,0.334,2021-09-07 02:00:00
2021-09-08,5,2021,1,Grain Filling,1.02,7.52,0.845,1,90.0,7.15,34.9,0.293,2021-09-08 02:00:00
2021-09-09,5,2021,1,Grain Filling,1.02,7.41,0.881,1,78.0,2.59,33.5,0.312,2021-09-09 02:00:00
2021-09-10,5,2021,1,Grain Filling,1.04,7.02,0.866,1,77.0,2.46,31.5,0.283,2021-09-10 02:00:00
2021-09-11,5,2021,1,Grain Filling,0.94,6.4,0.875,1,83.0,2.24,32.6,0.274,2021-09-11 02:00:00
2021-09-12,5,2021,1,Grain Filling,0.99,7.2,0.908,1,79.0,2.52,33.5,0.31,2021-09-12 02:00:00
2021-09-13,5,2021,1,Grain Filling,1.01,7.4,0.917,1,78.0,2.59,32.9,0.3,2021-09-13 02:00:00
2021-09-14,5,2021,1,Grain Filling,1.05,7.15,0.917,1,77.0,2.5,32.1,0.293,2021-09-14 02:00:00
2021-09-15,5,2021,1,Grain Filling,1.01,7.26,0.872,1,76.0,2.54,33.7,0.299,2021-09-15 02:00:00
2021-09-16,5,2021,1,Grain Filling,1.01,7.67,0.906,1,88.0,2.68,33.4,0.319,2021-09-16 02:00:00
2021-09-17,5,2021,1,Grain Filling,1.08,7.81,0.91,1,72.0,2.73,34.5,0.303,2021-09-17 02:00:00
2021-09-18,5,2021,1,Grain Filling,0.98,6.77,0.917,1,74.0,2.37,32.9,0.315,2021-09-18 02:00:00
2021-09-19,5,2021,1,Grain Filling,1.02,6.87,0.917,1,80.0,2.4,31.2,0.268,2021-09-19 02:00:00
2021-09-20,5,2021,1,Grain Filling,0.98,6.88,0.917,1,74.0,2.41,33.5,0.288,2021-09-20 02:00:00
2021-09-21,5,2021,1,Grain Filling,0.96,7.18,0.917,1,81.0,2.51,33.8,0.261,2021-09-21 02:00:00
2021-09-22,5,2021,1,Grain Filling,1.01,7.07,0.917,1,77.0,2.47,33.9,0.254,2021-09-22 02:00:00
2021-09-23,5,2021,1,Grain Filling,0.99,6.78,0.917,1,83.0,2.37,31.8,0.274,2021-09-23 02:00:00
2021-09-24,5,2021,1,Grain Filling,1.02,7.26,0.893,1,78.0,6.45,31.8,0.272,2021-09-24 02:00:00
2021-09-25,5,2021,1,Grain Filling,1.05,7.84,0.917,1,79.0,2.74,33.6,0.278,2021-09-25 02:00:00
2021-09-26,5,2021,1,Grain Filling,1.05,7.37,0.917,1,81.0,2.58,35.7,0.292,2021-09-26 02:00:00
2021-09-27,5,2021,1,Grain Filling,1.02,7.5,0.917,1,80.0,2.62,33.3,0.264,2021-09-27 02:00:00
2021-09-28,5,2021,1,Grain Filling,1.02,6.86,0.914,1,76.0,2.4,32.1,0.263,2021-09-28 02:00:00
2021-09-29,5,2021,1,Grain Filling,1.06,7.55,0.917,1,83.0,2.64,33.6,0.269,2021-09-29 02:00:00
2021-09-30,5,2021,1,Grain Filling,1.06,8.65,0.866,1,80.0,9.44,34.6,0.287,2021-09-30 02:00:00
2021-10-01,5,2021,1,Grain Filling,1.1,8.74,0.91,1,76.0,3.06,33.4,0.293,2021-10-01 02:00:00
2021-10-02,5,2021,1,Grain Filling,1.02,7.56,0.917,1,74.0,2.65,35.1,0.288,2021-10-02 02:00:00
2021-10-03,5,2021,1,Grain Filling,0.99,6.87,0.917,1,76.0,2.4,34.6,0.26,2021-10-03 02:00:00
2021-10-04,5,2021,1,Grain Filling,1.01,8.34,0.917,1,79.0,2.92,33.7,0.286,2021-10-04 02:00:00
2021-10-05,5,2021,1,Grain Filling,1.13,8.56,0.917,1,72.0,3.0,35.8,0.271,2021-10-05 02:00:00
2021-10-06,5,2021,1,Grain Filling,1.04,8.41,0.917,1,83.0,2.94,33.0,0.277,2021-10-06 02:00:00
2021-10-07,5,2021,1,Grain Filling,1.03,7.77,0.917,1,84.0,2.72,31.3,0.297,2021-10-07 02:00:00
2021-10-08,5,2021,1,Grain Filling,1.06,7.92,0.917,1,84.0,2.77,35.2,0.284,2021-10-08 02:00:00
2021-10-09,5,2021,1,Grain Filling,1.03,7.64,0.917,1,76.0,2.67,33.9,0.288,2021-10-09 02:00:00
2021-10-10,5,2021,1,Grain Filling,1.03,7.99,0.917,1,81.0,2.8,33.2,0.292,2021-10-10 02:00:00
2021-10-11,5,2021,1,Grain Filling,1.05,7.26,0.917,1,82.0,2.54,33.2,0.283,2021-10-11 02:00:00
2021-10-12,5,2021,1,Grain Filling,1.01,7.8,0.917,1,73.0,2.73,35.3,0.288,2021-10-12 02:00:00
2021-10-13,5,2021,1,Grain Filling,1.06,7.87,0.881,1,80.0,7.08,32.5,0.297,2021-10-13 02:00:00
2021-10-14,5,2021,1,Grain Filling,1.13,8.86,0.917,1,76.0,3.1,32.2,0.295,2021-10-14 02:00:00
2021-10-15,5,2021,1,Grain Filling,1.03,7.59,0.917,1,88.0,2.66,35.8,0.269,2021-10-15 02:00:00
2021-10-16,5,2021,1,Grain Filling,1.03,7.78,0.886,1,74.0,7.63,29.5,0.313,2021-10-16 02:00:00
2021-10-17,5,2021,1,Grain Filling,1.03,7.34,0.917,1,78.0,2.57,32.3,0.257,2021-10-17 02:00:00
2021-10-18,5,2021,1,Grain Filling,1.03,7.5,0.917,1,74.0,2.62,33.7,0.253,2021-10-18 02:00:00
2021-10-19,5,2021,1,Grain Filling,1.06,8.22,0.917,1,77.0,2.88,32.8,0.256,2021-10-19 02:00:00
2021-10-20,5,2021,1,Maturity,1.1,8.19,0.917,1,76.0,2.87,32.4,0.263,2021-10-20 02:00:00
2021-10-21,5,2021,1,Maturity,1.09,8.29,0.917,1,79.0,2.9,32.0,0.252,2021-10-21 02:00:00
2021-10-22,5,2021,1,Maturity,1.06,7.41,0.836,1,80.0,9.51,33.0,0.245,2021-10-22 02:00:00
2021-10-23,5,2021,1,Maturity,1.07,7.67,0.879,1,77.0,2.68,34.7,0.285,2021-10-23 02:00:00
2021-10-24,5,2021,1,Maturity,1.08,7.9,0.917,1,81.0,2.76,30.4,0.272,2021-10-24 02:00:00
2021-10-25,5,2021,1,Maturity,1.04,7.62,0.853,1,78.0,6.45,32.2,0.288,2021-10-25 02:00:00
2021-10-26,5,2021,1,Maturity,1.06,8.37,0.899,1,82.0,2.93,33.4,0.27,2021-10-26 02:00:00
2021-10-27,5,2021,1,Maturity,1.02,7.91,0.856,1,81.0,8.39,31.9,0.241,2021-10-27 02:00:00
2021-10-28,5,2021,1,Maturity,1.08,8.19,0.9,1,74.0,2.87,33.2,0.259,2021-10-28 02:00:00
2021-10-29,5,2021,1,Maturity,1.06,7.95,0.841,1,75.0,2.78,33.0,0.317,2021-10-29 02:00:00
2021-10-30,5,2021,1,Maturity,1.06,8.2,0.868,1,76.0,2.87,34.7,0.293,2021-10-30 02:00:00
2021-10-31,5,2021,1,Maturity,1.09,7.52,0.894,1,75.0,2.63,33.6,0.252,2021-10-31 02:00:00
2021-11-01,5,2021,1,Maturity,1.09,8.27,0.917,1,88.0,2.89,32.4,0.267,2021-11-01 02:00:00
2021-11-02,5,2021,1,Maturity,1.11,8.69,0.917,1,79.0,3.04,31.5,0.31,2021-11-02 02:00:00
2021-11-03,5,2021,1,Maturity,1.07,8.39,0.917,1,78.0,2.94,33.4,0.261,2021-11-03 02:00:00
2021-11-04,5,2021,1,Maturity,1.09,7.93,0.917,1,80.0,2.78,31.4,0.254,2021-11-04 02:00:00
2021-11-05,5,2021,1,Maturity,1.06,7.88,0.917,1,84.0,2.76,32.9,0.261,2021-11-05 02:00:00
2021-11-06,5,2021,1,Maturity,1.08,7.95,0.917,1,71.0,2.78,34.9,0.274,2021-11-06 02:00:00
2021-11-07,5,2021,1,Maturity,1.04,7.61,0.917,1,81.0,2.66,32.9,0.261,2021-11-07 02:00:00
2021-11-08,5,2021,1,Maturity,1.12,8.21,0.885,1,80.0,2.87,35.0,0.29,2021-11-08 02:00:00
2021-11-09,5,2021,1,Maturity,1.04,7.36,0.902,1,81.0,2.58,31.2,0.267,2021-11-09 02:00:00
2021-11-10,5,2021,1,Maturity,1.07,7.43,0.849,1,84.0,8.27,31.2,0.272,2021-11-10 02:00:00
2021-11-11,5,2021,1,Maturity,1.05,7.78,0.87,1,83.0,2.72,34.6,0.246,2021-11-11 02:00:00
2021-11-12,5,2021,1,Maturity,1.08,7.94,0.807,1,83.0,7.97,34.0,0.29,2021-11-12 02:00:00
2021-11-13,5,2021,1,Maturity,1.09,8.17,0.852,1,83.0,2.86,35.0,0.245,2021-11-13 02:00:00
2021-11-14,5,2021,1,Maturity,1.12,8.09,0.754,1,83.0,8.02,36.6,0.27,2021-11-14 02:00:00
2021-11-15,5,2021,1,Maturity,1.08,8.21,0.779,1,86.0,2.87,34.8,0.261,2021-11-15 02:00:00
2021-11-16,5,2021,1,Maturity,1.07,8.07,0.803,1,86.0,2.82,34.0,0.254,2021-11-16 02:00:00
2021-11-17,5,2021,1,Maturity,1.11,8.36,0.849,1,86.0,2.93,36.5,0.271,2021-11-17 02:00:00
2021-11-18,5,2021,1,Maturity,1.07,7.71,0.815,1,86.0,5.5,34.7,0.264,2021-11-18 02:00:00
2021-11-19,5,2021,1,Maturity,1.09,8.14,0.861,1,75.0,2.85,37.3,0.286,2021-11-19 02:00:00
2021-11-20,5,2021,1,Maturity,1.09,8.2,0.852,1,82.0,2.87,34.0,0.266,2021-11-20 02:00:00
2021-11-21,5,2021,1,Maturity,1.03,7.71,0.892,1,83.0,2.7,32.7,0.263,2021-11-21 02:00:00
2021-11-22,5,2021,1,Maturity,1.11,8.8,0.917,1,82.0,3.08,36.3,0.274,2021-11-22 02:00:00
2021-11-23,5,2021,1,Maturity,1.15,8.71,0.917,1,81.0,3.05,34.7,0.283,2021-11-23 02:00:00
2021-11-24,5,2021,1,Maturity,1.09,7.85,0.77,1,85.0,2.75,32.9,0.271,2021-11-24 02:00:00
2021-11-25,5,2021,1,Maturity,1.12,8.77,0.816,1,86.0,3.07,34.3,0.273,2021-11-25 02:00:00
2021-11-26,5,2021,1,Maturity,1.12,8.29,0.858,1,87.0,2.9,33.5,0.257,2021-11-26 02:00:00
2021-11-27,5,2021,1,Maturity,1.16,8.99,0.904,1,86.0,3.15,33.4,0.239,2021-11-27 02:00:00
2021-11-28,5,2021,1,Maturity,1.09,8.17,0.917,1,86.0,2.86,34.2,0.251,2021-11-28 02:00:00
2021-11-29,5,2021,1,Maturity,1.09,8.42,0.818,1,81.0,12.57,33.3,0.254,2021-11-29 02:00:00
2021-11-30,5,2021,1,Maturity,1.09,8.44,0.792,1,83.0,2.95,34.5,0.25,2021-11-30 02:00:00
2021-12-01,5,2021,1,Maturity,1.11,9.42,0.743,1,80.0,9.96,36.8,0.231,2021-12-01 02:00:00
2021-12-02,5,2021,1,Maturity,1.08,8.37,0.789,1,86.0,2.93,34.2,0.261,2021-12-02 02:00:00
2021-12-03,5,2021,1,Maturity,1.13,8.81,0.831,1,85.0,3.08,33.4,0.244,2021-12-03 02:00:00
2021-12-04,5,2021,1,Maturity,1.1,8.39,0.876,1,84.0,2.94,33.1,0.249,2021-12-04 02:00:00
2021-12-05,5,2021,1,Maturity,1.1,9.03,0.917,1,86.0,3.16,33.9,0.248,2021-12-05 02:00:00
2021-12-06,5,2021,1,Maturity,1.11,8.37,0.917,1,86.0,2.93,34.5,0.208,2021-12-06 02:00:00
2021-12-07,5,2021,1,Maturity,1.17,8.57,0.885,1,82.0,5.65,33.9,0.271,2021-12-07 02:00:00
2021-12-08,5,2021,1,Maturity,1.14,8.72,0.914,1,83.0,3.05,33.7,0.249,2021-12-08 02:00:00
2021-12-09,5,2021,1,Maturity,1.1,8.25,0.889,1,83.0,2.89,34.9,0.253,2021-12-09 02:00:00
2021-12-10,5,2021,1,Maturity,1.13,8.81,0.917,1,84.0,3.08,32.4,0.246,2021-12-10 02:00:00
2021-12-11,5,2021,1,Maturity,1.13,8.45,0.917,1,87.0,2.96,34.1,0.246,2021-12-11 02:00:00
2021-12-12,5,2021,1,Maturity,1.2,9.37,0.917,1,80.0,3.28,33.5,0.223,2021-12-12 02:00:00
2021-12-13,5,2021,1,Maturity,1.18,8.9,0.917,1,76.0,3.12,33.0,0.222,2021-12-13 02:00:00
2021-12-14,5,2021,1,Maturity,1.13,8.44,0.917,1,81.0,2.95,35.0,0.216,2021-12-14 02:00:00
2021-12-15,5,2021,1,Maturity,1.2,8.88,0.917,1,83.0,3.11,33.5,0.264,2021-12-15 02:00:00
2021-12-16,5,2021,1,Maturity,1.15,9.0,0.86,1,87.0,5.25,35.2,0.222,2021-12-16 02:00:00
2021-12-17,5,2021,1,Maturity,1.13,8.53,0.904,1,81.0,2.99,33.1,0.237,2021-12-17 02:00:00
2021-12-18,5,2021,1,Maturity,1.13,8.24,0.917,1,78.0,2.88,35.4,0.23,2021-12-18 02:00:00
2021-12-19,5,2021,1,Maturity,1.12,8.83,0.917,1,82.0,3.09,34.3,0.242,2021-12-19 02:00:00
2021-12-20,5,2021,1,Maturity,1.13,8.81,0.917,1,79.0,3.08,33.7,0.271,2021-12-20 02:00:00
2021-12-21,5,2021,1,Maturity,1.14,8.74,0.917,1,80.0,3.06,33.9,0.255,2021-12-21 02:00:00
2021-12-22,5,2021,1,Maturity,1.09,8.09,0.917,1,85.0,2.83,33.1,0.224,2021-12-22 02:00:00
2021-12-23,5,2021,1,Maturity,1.1,8.39,0.917,1,93.0,2.94,35.9,0.233,2021-12-23 02:00:00
2021-12-24,5,2021,1,Maturity,1.1,8.75,0.917,1,82.0,3.06,33.7,0.23,2021-12-24 02:00:00
2021-12-25,5,2021,1,Maturity,1.09,8.57,0.917,1,90.0,3.0,35.8,0.234,2021-12-25 02:00:00
2021-12-26,5,2021,1,Maturity,1.15,9.16,0.917,1,86.0,3.21,34.6,0.261,2021-12-26 02:00:00
2021-12-27,5,2021,1,Maturity,1.18,8.68,0.917,1,77.0,3.04,33.6,0.217,2021-12-27 02:00:00
2021-12-28,5,2021,1,Maturity,1.14,8.64,0.917,1,87.0,3.02,32.2,0.221,2021-12-28 02:00:00
2021-12-29,5,2021,1,Maturity,1.15,9.33,0.811,1,81.0,12.54,32.4,0.228,2021-12-29 02:00:00
2021-12-30,5,2021,1,Maturity,1.13,9.27,0.857,1,82.0,3.24,35.0,0.225,2021-12-30 02:00:00
2021-12-31,5,2021,1,Maturity,1.16,8.73,0.801,1,84.0,8.59,31.0,0.243,2021-12-31 02:00:00
2022-01-01,5,2022,1,Germination,0.67,4.32,0.433,1,59.0,1.51,31.2,0.455,2022-01-01 02:00:00
2022-01-02,5,2022,1,Germination,0.65,4.13,0.468,1,64.0,1.45,31.3,0.416,2022-01-02 02:00:00
2022-01-03,5,2022,1,Germination,0.59,3.96,0.507,1,65.0,1.39,31.6,0.471,2022-01-03 02:00:00
2022-01-04,5,2022,1,Germination,0.63,3.89,0.508,1,55.0,1.36,27.3,0.47,2022-01-04 02:00:00
2022-01-05,5,2022,1,Germination,0.64,4.25,0.544,1,58.0,1.49,31.3,0.463,2022-01-05 02:00:00
2022-01-06,5,2022,1,Germination,0.7,4.82,0.567,1,67.0,1.69,30.9,0.423,2022-01-06 02:00:00
2022-01-07,5,2022,1,Germination,0.7,4.11,0.595,1,65.0,1.44,27.5,0.431,2022-01-07 02:00:00
2022-01-08,5,2022,1,Germination,0.68,4.06,0.614,1,66.0,1.42,30.5,0.437,2022-01-08 02:00:00
2022-01-09,5,2022,1,Germination,0.67,4.27,0.564,1,61.0,6.81,28.7,0.461,2022-01-09 02:00:00
2022-01-10,5,2022,1,Germination,0.63,3.95,0.594,1,66.0,1.38,31.5,0.431,2022-01-10 02:00:00
2022-01-11,5,2022,1,Germination,0.66,3.87,0.615,1,61.0,1.35,28.0,0.429,2022-01-11 02:00:00
2022-01-12,5,2022,1,Germination,0.64,3.76,0.548,1,56.0,7.58,29.8,0.448,2022-01-12 02:00:00
2022-01-13,5,2022,1,Germination,0.68,3.83,0.536,1,69.0,1.34,29.1,0.446,2022-01-13 02:00:00
2022-01-14,5,2022,1,Germination,0.65,4.11,0.548,1,58.0,1.44,29.3,0.414,2022-01-14 02:00:00
2022-01-15,5,2022,1,Germination,0.62,3.86,0.571,1,58.0,1.35,30.8,0.433,2022-01-15 02:00:00
2022-01-16,5,2022,1,Germination,0.68,4.24,0.537,1,66.0,1.48,30.4,0.42,2022-01-16 02:00:00
2022-01-17,5,2022,1,Germination,0.68,4.4,0.571,1,60.0,1.54,30.5,0.421,2022-01-17 02:00:00
2022-01-18,5,2022,1,Germination,0.7,4.3,0.605,1,66.0,1.5,29.0,0.401,2022-01-18 02:00:00
2022-01-19,5,2022,1,Germination,0.71,4.52,0.607,1,67.0,1.58,29.9,0.449,2022-01-19 02:00:00
2022-01-20,5,2022,1,Germination,0.69,4.43,0.503,1,59.0,10.65,28.1,0.424,2022-01-20 02:00:00
2022-01-21,5,2022,1,Germination,0.71,4.26,0.501,1,63.0,1.49,29.1,0.418,2022-01-21 02:00:00
2022-01-22,5,2022,1,Germination,0.65,4.15,0.519,1,61.0,1.45,30.7,0.442,2022-01-22 02:00:00
2022-01-23,5,2022,1,Germination,0.71,4.97,0.539,1,62.0,1.74,29.4,0.432,2022-01-23 02:00:00
2022-01-24,5,2022,1,Germination,0.67,3.97,0.566,1,51.0,1.39,28.1,0.438,2022-01-24 02:00:00
2022-01-25,5,2022,1,Germination,0.66,3.84,0.53,1,52.0,1.34,28.4,0.423,2022-01-25 02:00:00
2022-01-26,5,2022,1,Germination,0.66,4.34,0.458,1,67.0,3.97,29.3,0.435,2022-01-26 02:00:00
2022-01-27,5,2022,1,Germination,0.67,4.39,0.439,1,67.0,1.54,30.5,0.421,2022-01-27 02:00:00
2022-01-28,5,2022,1,Germination,0.68,4.14,0.426,1,63.0,1.45,29.3,0.421,2022-01-28 02:00:00
2022-01-29,5,2022,1,Germination,0.68,4.44,0.439,1,58.0,1.55,31.3,0.409,2022-01-29 02:00:00
2022-01-30,5,2022,1,Germination,0.63,4.15,0.465,1,63.0,1.45,29.6,0.423,2022-01-30 02:00:00
2022-01-31,5,2022,1,Germination,0.67,4.11,0.495,1,60.0,1.44,32.1,0.419,2022-01-31 02:00:00
2022-02-01,5,2022,1,Germination,0.73,4.88,0.531,1,63.0,1.71,31.9,0.456,2022-02-01 02:00:00
2022-02-02,5,2022,1,Germination,0.7,3.99,0.554,1,66.0,1.4,30.6,0.407,2022-02-02 02:00:00
2022-02-03,5,2022,1,Germination,0.64,4.25,0.574,1,59.0,1.49,31.0,0.427,2022-02-03 02:00:00
2022-02-04,5,2022,1,Germination,0.7,4.06,0.609,1,70.0,1.42,30.6,0.436,2022-02-04 02:00:00
2022-02-05,5,2022,1,Germination,0.72,4.82,0.647,1,62.0,1.69,29.4,0.44,2022-02-05 02:00:00
2022-02-06,5,2022,1,Germination,0.75,4.58,0.669,1,59.0,1.6,29.9,0.438,2022-02-06 02:00:00
2022-02-07,5,2022,1,Germination,0.7,4.53,0.7,1,69.0,1.59,29.8,0.449,2022-02-07 02:00:00
2022-02-08,5,2022,1,Germination,0.66,4.39,0.731,1,65.0,1.54,29.4,0.425,2022-02-08 02:00:00
2022-02-09,5,2022,1,Germination,0.71,4.62,0.747,1,62.0,1.62,29.7,0.398,2022-02-09 02:00:00
2022-02-10,5,2022,1,Germination,0.7,4.4,0.784,1,62.0,1.54,29.3,0.444,2022-02-10 02:00:00
2022-02-11,5,2022,1,Germination,0.73,4.5,0.82,1,63.0,1.58,31.2,0.422,2022-02-11 02:00:00
2022-02-12,5,2022,1,Germination,0.69,4.03,0.852,1,69.0,1.41,29.9,0.4,2022-02-12 02:00:00
2022-02-13,5,2022,1,Germination,0.72,4.31,0.824,1,57.0,1.51,31.8,0.403,2022-02-13 02:00:00
2022-02-14,5,2022,1,Germination,0.71,4.49,0.809,1,63.0,1.57,30.9,0.431,2022-02-14 02:00:00
2022-02-15,5,2022,1,Germination,0.73,4.54,0.846,1,66.0,1.59,30.5,0.377,2022-02-15 02:00:00
2022-02-16,5,2022,1,Germination,0.71,4.58,0.884,1,67.0,1.6,31.5,0.401,2022-02-16 02:00:00
2022-02-17,5,2022,1,Germination,0.71,4.53,0.888,1,62.0,1.59,30.1,0.402,2022-02-17 02:00:00
2022-02-18,5,2022,1,Germination,0.69,4.27,0.915,1,60.0,1.49,31.0,0.421,2022-02-18 02:00:00
2022-02-19,5,2022,1,Germination,0.72,4.42,0.917,1,63.0,1.55,31.9,0.424,2022-02-19 02:00:00
2022-02-20,5,2022,1,Germination,0.72,4.62,0.917,1,67.0,1.62,28.9,0.447,2022-02-20 02:00:00
2022-02-21,5,2022,1,Germination,0.69,4.37,0.917,1,60.0,1.53,29.8,0.451,2022-02-21 02:00:00
2022-02-22,5,2022,1,Germination,0.75,4.67,0.917,1,62.0,1.63,31.3,0.386,2022-02-22 02:00:00
2022-02-23,5,2022,1,Germination,0.74,5.12,0.917,1,67.0,1.79,28.1,0.393,2022-02-23 02:00:00
2022-02-24,5,2022,1,Germination,0.7,4.63,0.917,1,61.0,1.62,31.3,0.435,2022-02-24 02:00:00
2022-02-25,5,2022,1,Germination,0.69,5.36,0.917,1,68.0,1.88,31.2,0.415,2022-02-25 02:00:00
2022-02-26,5,2022,1,Germination,0.74,4.65,0.879,1,62.0,1.63,27.6,0.408,2022-02-26 02:00:00
2022-02-27,5,2022,1,Germination,0.68,4.21,0.914,1,65.0,1.47,31.5,0.424,2022-02-27 02:00:00
2022-02-28,5,2022,1,Germination,0.77,4.87,0.917,1,64.0,1.7,31.2,0.414,2022-02-28 02:00:00
2022-03-01,5,2022,1,Germination,0.73,4.8,0.881,1,65.0,6.02,29.7,0.437,2022-03-01 02:00:00
2022-03-02,5,2022,1,Germination,0.8,5.24,0.721,1,64.0,9.57,30.5,0.394,2022-03-02 02:00:00
2022-03-03,5,2022,1,Germination,0.71,4.34,0.718,1,68.0,1.52,31.4,0.412,2022-03-03 02:00:00
2022-03-04,5,2022,1,Germination,0.7,4.9,0.758,1,74.0,1.72,28.5,0.416,2022-03-04 02:00:00
2022-03-05,5,2022,1,Germination,0.74,4.77,0.66,1,59.0,1.67,31.3,0.408,2022-03-05 02:00:00
2022-03-06,5,2022,1,Germination,0.72,4.23,0.696,1,63.0,1.48,31.7,0.377,2022-03-06 02:00:00
2022-03-07,5,2022,1,Germination,0.7,4.15,0.72,1,64.0,1.45,30.9,0.4,2022-03-07 02:00:00
2022-03-08,5,2022,1,Germination,0.74,4.75,0.759,1,78.0,1.66,33.4,0.39,2022-03-08 02:00:00
2022-03-09,5,2022,1,Germination,0.77,5.08,0.694,1,64.0,1.78,30.1,0.396,2022-03-09 02:00:00
2022-03-10,5,2022,1,Germination,0.78,5.22,0.694,1,71.0,1.83,30.4,0.423,2022-03-10 02:00:00
2022-03-11,5,2022,1,Germination,0.75,4.71,0.727,1,67.0,1.65,29.6,0.422,2022-03-11 02:00:00
2022-03-12,5,2022,1,Germination,0.73,4.69,0.76,1,68.0,1.64,30.5,0.374,2022-03-12 02:00:00
2022-03-13,5,2022,1,Germination,0.78,5.26,0.785,1,66.0,1.84,30.5,0.411,2022-03-13 02:00:00
2022-03-14,5,2022,1,Germination,0.74,4.79,0.811,1,63.0,1.68,30.4,0.414,2022-03-14 02:00:00
2022-03-15,5,2022,1,Vegetative,0.75,4.81,0.849,1,63.0,1.68,28.9,0.428,2022-03-15 02:00:00
2022-03-16,5,2022,1,Vegetative,0.78,4.89,0.867,1,67.0,1.71,28.7,0.391,2022-03-16 02:00:00
2022-03-17,5,2022,1,Vegetative,0.81,4.77,0.769,1,72.0,1.67,30.6,0.422,2022-03-17 02:00:00
2022-03-18,5,2022,1,Vegetative,0.77,4.86,0.805,1,61.0,1.7,28.7,0.41,2022-03-18 02:00:00
2022-03-19,5,2022,1,Vegetative,0.81,4.95,0.84,1,69.0,1.73,29.9,0.428,2022-03-19 02:00:00
2022-03-20,5,2022,1,Vegetative,0.8,4.87,0.823,1,68.0,1.7,30.0,0.395,2022-03-20 02:00:00
2022-03-21,5,2022,1,Vegetative,0.75,4.7,0.836,1,65.0,1.64,30.8,0.399,2022-03-21 02:00:00
2022-03-22,5,2022,1,Vegetative,0.71,4.28,0.863,1,68.0,1.5,29.8,0.406,2022-03-22 02:00:00
2022-03-23,5,2022,1,Vegetative,0.76,4.77,0.899,1,67.0,1.67,31.8,0.381,2022-03-23 02:00:00
2022-03-24,5,2022,1,Vegetative,0.77,4.89,0.864,1,69.0,1.71,28.1,0.402,2022-03-24 02:00:00
2022-03-25,5,2022,1,Vegetative,0.71,4.88,0.904,1,66.0,1.71,29.9,0.426,2022-03-25 02:00:00
2022-03-26,5,2022,1,Vegetative,0.71,4.47,0.917,1,70.0,1.56,29.9,0.381,2022-03-26 02:00:00
2022-03-27,5,2022,1,Vegetative,0.75,4.96,0.917,1,64.0,1.74,31.9,0.379,2022-03-27 02:00:00
2022-03-28,5,2022,1,Vegetative,0.78,5.19,0.908,1,68.0,1.82,28.8,0.395,2022-03-28 02:00:00
2022-03-29,5,2022,1,Vegetative,0.8,4.8,0.781,1,70.0,11.35,30.8,0.406,2022-03-29 02:00:00
2022-03-30,5,2022,1,Vegetative,0.8,5.43,0.782,1,71.0,1.9,31.6,0.428,2022-03-30 02:00:00
2022-03-31,5,2022,1,Vegetative,0.78,5.12,0.8,1,71.0,1.79,31.2,0.412,2022-03-31 02:00:00
2022-04-01,5,2022,1,Vegetative,0.78,5.42,0.84,1,74.0,1.9,30.2,0.415,2022-04-01 02:00:00
2022-04-02,5,2022,1,Vegetative,0.8,5.38,0.872,1,62.0,1.88,31.8,0.401,2022-04-02 02:00:00
2022-04-03,5,2022,1,Vegetative,0.76,5.17,0.886,1,66.0,1.81,28.2,0.404,2022-04-03 02:00:00
2022-04-04,5,2022,1,Vegetative,0.76,4.92,0.797,1,73.0,10.23,30.9,0.36,2022-04-04 02:00:00
2022-04-05,5,2022,1,Vegetative,0.76,4.98,0.821,1,70.0,1.74,29.9,0.385,2022-04-05 02:00:00
2022-04-06,5,2022,1,Vegetative,0.82,5.56,0.85,1,69.0,1.95,28.0,0.392,2022-04-06 02:00:00
2022-04-07,5,2022,1,Vegetative,0.82,5.48,0.775,1,70.0,9.39,32.2,0.385,2022-04-07 02:00:00
2022-04-08,5,2022,1,Vegetative,0.78,5.26,0.809,1,68.0,1.84,32.9,0.387,2022-04-08 02:00:00
2022-04-09,5,2022,1,Vegetative,0.76,5.13,0.848,1,68.0,1.8,30.3,0.379,2022-04-09 02:00:00
2022-04-10,5,2022,1,Vegetative,0.77,4.97,0.83,1,64.0,1.74,28.8,0.398,2022-04-10 02:00:00
2022-04-11,5,2022,1,Vegetative,0.81,5.35,0.853,1,73.0,1.87,28.7,0.4,2022-04-11 02:00:00
2022-04-12,5,2022,1,Vegetative,0.78,4.8,0.796,1,68.0,6.28,33.6,0.373,2022-04-12 02:00:00
2022-04-13,5,2022,1,Vegetative,0.78,5.11,0.789,1,70.0,1.79,31.6,0.378,2022-04-13 02:00:00
2022-04-14,5,2022,1,Vegetative,0.82,5.71,0.796,1,65.0,2.0,30.8,0.39,2022-04-14 02:00:00
2022-04-15,5,2022,1,Vegetative,0.86,5.67,0.759,1,71.0,5.28,32.7,0.366,2022-04-15 02:00:00
2022-04-16,5,2022,1,Vegetative,0.76,4.89,0.797,1,65.0,1.71,30.7,0.405,2022-04-16 02:00:00
2022-04-17,5,2022,1,Vegetative,0.82,5.02,0.818,1,71.0,1.76,29.5,0.383,2022-04-17 02:00:00
2022-04-18,5,2022,1,Vegetative,0.8,5.21,0.853,1,67.0,1.82,30.7,0.388,2022-04-18 02:00:00
2022-04-19,5,2022,1,Vegetative,0.88,5.78,0.87,1,62.0,2.02,30.8,0.418,2022-04-19 02:00:00
2022-04-20,5,2022,1,Vegetative,0.85,5.24,0.883,1,74.0,1.83,31.0,0.399,2022-04-20 02:00:00
2022-04-21,5,2022,1,Vegetative,0.82,5.23,0.917,1,68.0,1.83,30.9,0.366,2022-04-21 02:00:00
2022-04-22,5,2022,1,Vegetative,0.81,5.18,0.87,1,69.0,5.93,31.0,0.388,2022-04-22 02:00:00
2022-04-23,5,2022,1,Vegetative,0.77,5.03,0.903,1,73.0,1.76,29.7,0.358,2022-04-23 02:00:00
2022-04-24,5,2022,1,Vegetative,0.84,5.51,0.842,1,68.0,1.93,31.3,0.404,2022-04-24 02:00:00
2022-04-25,5,2022,1,Vegetative,0.78,5.26,0.836,1,73.0,1.84,30.4,0.419,2022-04-25 02:00:00
2022-04-26,5,2022,1,Vegetative,0.77,5.22,0.853,1,80.0,1.83,28.5,0.365,2022-04-26 02:00:00
2022-04-27,5,2022,1,Vegetative,0.79,5.4,0.89,1,73.0,1.89,33.8,0.412,2022-04-27 02:00:00
2022-04-28,5,2022,1,Vegetative,0.83,5.8,0.917,1,61.0,2.03,34.7,0.358,2022-04-28 02:00:00
2022-04-29,5,2022,1,Vegetative,0.79,5.62,0.878,1,63.0,1.97,31.0,0.41,2022-04-29 02:00:00
2022-04-30,5,2022,1,Vegetative,0.88,5.55,0.88,1,67.0,1.94,29.9,0.346,2022-04-30 02:00:00
2022-05-01,5,2022,1,Vegetative,0.81,5.36,0.871,1,70.0,1.88,31.7,0.391,2022-05-01 02:00:00
2022-05-02,5,2022,1,Flowering,0.85,5.58,0.911,1,70.0,1.95,32.3,0.413,2022-05-02 02:00:00
2022-05-03,5,2022,1,Flowering,0.84,5.43,0.917,1,71.0,1.9,32.1,0.349,2022-05-03 02:00:00
2022-05-04,5,2022,1,Flowering,0.86,5.24,0.894,1,72.0,1.83,31.1,0.38,2022-05-04 02:00:00
2022-05-05,5,2022,1,Flowering,0.8,5.21,0.917,1,65.0,1.82,29.2,0.378,2022-05-05 02:00:00
2022-05-06,5,2022,1,Flowering,0.78,5.47,0.916,1,70.0,1.91,30.9,0.376,2022-05-06 02:00:00
2022-05-07,5,2022,1,Flowering,0.85,5.47,0.917,1,66.0,1.91,31.8,0.39,2022-05-07 02:00:00
2022-05-08,5,2022,1,Flowering,0.8,5.33,0.917,1,71.0,1.87,29.9,0.361,2022-05-08 02:00:00
2022-05-09,5,2022,1,Flowering,0.83,5.55,0.917,1,68.0,1.94,28.2,0.391,2022-05-09 02:00:00
2022-05-10,5,2022,1,Flowering,0.83,5.81,0.917,1,69.0,2.03,28.1,0.367,2022-05-10 02:00:00
2022-05-11,5,2022,1,Flowering,0.87,5.96,0.917,1,66.0,2.09,31.9,0.369,2022-05-11 02:00:00
2022-05-12,5,2022,1,Flowering,0.86,5.96,0.738,1,65.0,11.04,31.3,0.365,2022-05-12 02:00:00
2022-05-13,5,2022,1,Flowering,0.87,5.92,0.777,1,68.0,2.07,29.4,0.35,2022-05-13 02:00:00
2022-05-14,5,2022,1,Flowering,0.79,5.1,0.778,1,66.0,4.08,32.9,0.372,2022-05-14 02:00:00
2022-05-15,5,2022,1,Flowering,0.84,4.86,0.815,1,76.0,1.7,32.0,0.363,2022-05-15 02:00:00
2022-05-16,5,2022,1,Flowering,0.83,5.74,0.825,1,63.0,2.01,28.9,0.353,2022-05-16 02:00:00
2022-05-17,5,2022,1,Flowering,0.82,5.43,0.863,1,76.0,1.9,30.9,0.353,2022-05-17 02:00:00
2022-05-18,5,2022,1,Flowering,0.83,5.51,0.893,1,70.0,1.93,30.5,0.359,2022-05-18 02:00:00
2022-05-19,5,2022,1,Flowering,0.85,5.45,0.911,1,71.0,1.91,31.1,0.398,2022-05-19 02:00:00
2022-05-20,5,2022,1,Flowering,0.8,5.27,0.917,1,63.0,1.84,32.9,0.38,2022-05-20 02:00:00
2022-05-21,5,2022,1,Flowering,0.87,5.85,0.917,1,73.0,2.05,32.5,0.366,2022-05-21 02:00:00
2022-05-22,5,2022,1,Flowering,0.85,5.49,0.917,1,65.0,1.92,33.0,0.339,2022-05-22 02:00:00
2022-05-23,5,2022,1,Flowering,0.92,5.57,0.89,1,75.0,4.43,32.1,0.365,2022-05-23 02:00:00
2022-05-24,5,2022,1,Flowering,0.89,6.24,0.917,1,69.0,2.18,32.4,0.355,2022-05-24 02:00:00
2022-05-25,5,2022,1,Flowering,0.84,6.05,0.862,1,70.0,2.12,33.5,0.365,2022-05-25 02:00:00
2022-05-26,5,2022,1,Flowering,0.89,5.9,0.875,1,71.0,2.06,32.4,0.349,2022-05-26 02:00:00
2022-05-27,5,2022,1,Flowering,0.86,5.96,0.901,1,65.0,2.09,31.7,0.381,2022-05-27 02:00:00
2022-05-28,5,2022,1,Flowering,0.89,5.84,0.917,1,69.0,2.04,32.7,0.377,2022-05-28 02:00:00
2022-05-29,5,2022,1,Flowering,0.84,5.96,0.917,1,64.0,2.09,33.0,0.36,2022-05-29 02:00:00
2022-05-30,5,2022,1,Flowering,0.86,5.73,0.917,1,70.0,2.01,30.9,0.332,2022-05-30 02:00:00
2022-05-31,5,2022,1,Flowering,0.84,6.26,0.917,1,76.0,2.19,31.6,0.349,2022-05-31 02:00:00
2022-06-01,5,2022,1,Flowering,0.83,5.43,0.917,1,78.0,1.9,32.1,0.356,2022-06-01 02:00:00
2022-06-02,5,2022,1,Flowering,0.83,5.79,0.917,1,68.0,2.03,30.3,0.367,2022-06-02 02:00:00
2022-06-03,5,2022,1,Flowering,0.83,5.7,0.917,1,66.0,2.0,30.3,0.392,2022-06-03 02:00:00
2022-06-04,5,2022,1,Flowering,0.84,5.61,0.892,1,69.0,1.96,31.2,0.358,2022-06-04 02:00:00
2022-06-05,5,2022,1,Flowering,0.86,6.26,0.883,1,72.0,2.19,31.4,0.383,2022-06-05 02:00:00
2022-06-06,5,2022,1,Flowering,0.85,5.74,0.892,1,74.0,2.01,29.6,0.36,2022-06-06 02:00:00
2022-06-07,5,2022,1,Flowering,0.9,6.69,0.912,1,76.0,2.34,32.9,0.343,2022-06-07 02:00:00
2022-06-08,5,2022,1,Flowering,0.85,5.81,0.904,1,66.0,2.03,29.8,0.341,2022-06-08 02:00:00
2022-06-09,5,2022,1,Flowering,0.89,5.74,0.917,1,70.0,2.01,31.8,0.367,2022-06-09 02:00:00
2022-06-10,5,2022,1,Flowering,0.85,5.91,0.917,1,71.0,2.07,31.7,0.376,2022-06-10 02:00:00
2022-06-11,5,2022,1,Flowering,0.88,5.87,0.866,1,73.0,7.37,28.6,0.351,2022-06-11 02:00:00
2022-06-12,5,2022,1,Flowering,0.87,5.8,0.739,1,76.0,8.48,31.2,0.324,2022-06-12 02:00:00
2022-06-13,5,2022,1,Flowering,0.89,6.32,0.781,1,70.0,2.21,33.4,0.394,2022-06-13 02:00:00
2022-06-14,5,2022,1,Flowering,0.86,5.68,0.798,1,75.0,1.99,31.3,0.383,2022-06-14 02:00:00
2022-06-15,5,2022,1,Flowering,0.86,6.09,0.752,1,67.0,2.13,31.4,0.376,2022-06-15 02:00:00
2022-06-16,5,2022,1,Flowering,0.9,6.06,0.792,1,65.0,2.12,31.8,0.359,2022-06-16 02:00:00
2022-06-17,5,2022,1,Flowering,0.93,6.49,0.833,1,67.0,2.27,32.7,0.358,2022-06-17 02:00:00
2022-06-18,5,2022,1,Flowering,0.86,6.12,0.854,1,66.0,2.14,31.9,0.37,2022-06-18 02:00:00
2022-06-19,5,2022,1,Flowering,0.91,6.14,0.884,1,73.0,2.15,31.3,0.353,2022-06-19 02:00:00
2022-06-20,5,2022,1,Flowering,0.88,5.45,0.907,1,74.0,1.91,32.3,0.336,2022-06-20 02:00:00
2022-06-21,5,2022,1,Flowering,0.88,5.86,0.917,1,71.0,2.05,30.0,0.336,2022-06-21 02:00:00
2022-06-22,5,2022,1,Flowering,0.88,5.77,0.897,1,77.0,2.02,31.5,0.376,2022-06-22 02:00:00
2022-06-23,5,2022,1,Flowering,0.92,6.45,0.897,1,73.0,2.26,31.5,0.358,2022-06-23 02:00:00
2022-06-24,5,2022,1,Flowering,0.89,6.21,0.917,1,79.0,2.17,30.6,0.342,2022-06-24 02:00:00
2022-06-25,5,2022,1,Flowering,0.88,6.12,0.917,1,71.0,2.14,31.0,0.318,2022-06-25 02:00:00
2022-06-26,5,2022,1,Flowering,0.89,5.91,0.917,1,68.0,2.07,31.4,0.325,2022-06-26 02:00:00
2022-06-27,5,2022,1,Flowering,0.9,6.13,0.917,1,78.0,2.15,33.1,0.347,2022-06-27 02:00:00
2022-06-28,5,2022,1,Flowering,0.84,5.78,0.917,1,69.0,2.02,33.0,0.363,2022-06-28 02:00:00
2022-06-29,5,2022,1,Flowering,0.91,6.07,0.917,1,73.0,2.12,31.4,0.34,2022-06-29 02:00:00
2022-06-30,5,2022,1,Flowering,0.9,6.05,0.898,1,66.0,2.12,33.2,0.366,2022-06-30 02:00:00
2022-07-01,5,2022,1,Flowering,0.92,6.63,0.896,1,62.0,2.32,31.5,0.335,2022-07-01 02:00:00
2022-07-02,5,2022,1,Grain Filling,0.87,6.16,0.802,1,70.0,10.04,32.3,0.358,2022-07-02 02:00:00
2022-07-03,5,2022,1,Grain Filling,0.91,5.98,0.843,1,74.0,2.09,34.5,0.342,2022-07-03 02:00:00
2022-07-04,5,2022,1,Grain Filling,0.91,6.63,0.873,1,67.0,2.32,31.3,0.35,2022-07-04 02:00:00
2022-07-05,5,2022,1,Grain Filling,0.95,6.03,0.912,1,83.0,2.11,30.9,0.33,2022-07-05 02:00:00
2022-07-06,5,2022,1,Grain Filling,0.97,6.97,0.917,1,66.0,2.44,29.6,0.374,2022-07-06 02:00:00
2022-07-07,5,2022,1,Grain Filling,0.86,5.74,0.917,1,73.0,2.01,32.2,0.307,2022-07-07 02:00:00
2022-07-08,5,2022,1,Grain Filling,0.92,6.52,0.917,1,79.0,2.28,34.4,0.355,2022-07-08 02:00:00
2022-07-09,5,2022,1,Grain Filling,0.9,6.13,0.783,1,77.0,11.96,33.3,0.319,2022-07-09 02:00:00
2022-07-10,5,2022,1,Grain Filling,0.91,6.24,0.802,1,75.0,2.18,32.3,0.38,2022-07-10 02:00:00
2022-07-11,5,2022,1,Grain Filling,0.89,6.65,0.825,1,76.0,2.33,34.2,0.328,2022-07-11 02:00:00
2022-07-12,5,2022,1,Grain Filling,0.88,5.59,0.786,1,77.0,6.92,31.3,0.305,2022-07-12 02:00:00
2022-07-13,5,2022,1,Grain Filling,0.91,6.26,0.814,1,73.0,2.19,31.3,0.339,2022-07-13 02:00:00
2022-07-14,5,2022,1,Grain Filling,0.89,6.01,0.852,1,80.0,2.1,34.9,0.338,2022-07-14 02:00:00
2022-07-15,5,2022,1,Grain Filling,0.93,6.36,0.889,1,73.0,2.23,34.5,0.333,2022-07-15 02:00:00
2022-07-16,5,2022,1,Grain Filling,0.91,6.56,0.917,1,75.0,2.3,32.4,0.321,2022-07-16 02:00:00
2022-07-17,5,2022,1,Grain Filling,0.92,6.19,0.917,1,75.0,2.17,31.2,0.34,2022-07-17 02:00:00
2022-07-18,5,2022,1,Grain Filling,0.91,6.41,0.882,1,76.0,2.24,32.5,0.35,2022-07-18 02:00:00
2022-07-19,5,2022,1,Grain Filling,0.95,6.59,0.912,1,76.0,2.31,30.3,0.319,2022-07-19 02:00:00
2022-07-20,5,2022,1,Grain Filling,0.91,5.88,0.917,1,73.0,2.06,29.9,0.331,2022-07-20 02:00:00
2022-07-21,5,2022,1,Grain Filling,1.0,6.97,0.917,1,75.0,2.44,31.3,0.352,2022-07-21 02:00:00
2022-07-22,5,2022,1,Grain Filling,0.9,6.08,0.917,1,70.0,2.13,33.6,0.34,2022-07-22 02:00:00
2022-07-23,5,2022,1,Grain Filling,0.93,6.34,0.917,1,73.0,2.22,30.7,0.334,2022-07-23 02:00:00
2022-07-24,5,2022,1,Grain Filling,0.92,6.73,0.917,1,77.0,2.36,34.6,0.312,2022-07-24 02:00:00
2022-07-25,5,2022,1,Grain Filling,0.93,6.66,0.917,1,75.0,2.33,31.7,0.339,2022-07-25 02:00:00
2022-07-26,5,2022,1,Grain Filling,0.91,6.41,0.886,1,74.0,2.24,30.0,0.311,2022-07-26 02:00:00
2022-07-27,5,2022,1,Grain Filling,0.93,7.1,0.917,1,77.0,2.48,32.5,0.338,2022-07-27 02:00:00
2022-07-28,5,2022,1,Grain Filling,0.98,6.78,0.917,1,75.0,2.37,30.7,0.324,2022-07-28 02:00:00
2022-07-29,5,2022,1,Grain Filling,0.99,6.96,0.917,1,76.0,2.44,31.5,0.324,2022-07-29 02:00:00
2022-07-30,5,2022,1,Grain Filling,0.93,6.45,0.917,1,72.0,2.26,34.1,0.306,2022-07-30 02:00:00
2022-07-31,5,2022,1,Grain Filling,0.97,7.17,0.917,1,79.0,2.51,31.4,0.342,2022-07-31 02:00:00
2022-08-01,5,2022,1,Grain Filling,1.01,6.71,0.917,1,68.0,2.35,31.5,0.311,2022-08-01 02:00:00
2022-08-02,5,2022,1,Grain Filling,0.95,6.35,0.917,1,73.0,2.22,30.9,0.318,2022-08-02 02:00:00
2022-08-03,5,2022,1,Grain Filling,0.92,7.02,0.917,1,75.0,2.46,33.1,0.302,2022-08-03 02:00:00
2022-08-04,5,2022,1,Grain Filling,0.92,6.18,0.917,1,70.0,2.16,33.5,0.304,2022-08-04 02:00:00
2022-08-05,5,2022,1,Grain Filling,0.96,7.43,0.917,1,64.0,2.6,32.5,0.335,2022-08-05 02:00:00
2022-08-06,5,2022,1,Grain Filling,0.99,6.9,0.917,1,76.0,2.42,32.8,0.32,2022-08-06 02:00:00
2022-08-07,5,2022,1,Grain Filling,0.98,6.68,0.917,1,73.0,2.34,32.8,0.315,2022-08-07 02:00:00
2022-08-08,5,2022,1,Grain Filling,0.95,7.07,0.917,1,74.0,2.47,29.8,0.287,2022-08-08 02:00:00
2022-08-09,5,2022,1,Grain Filling,0.9,5.92,0.897,1,79.0,2.07,32.1,0.323,2022-08-09 02:00:00
2022-08-10,5,2022,1,Grain Filling,0.93,6.77,0.905,1,70.0,2.37,35.0,0.327,2022-08-10 02:00:00
2022-08-11,5,2022,1,Grain Filling,0.93,6.12,0.917,1,72.0,2.14,32.0,0.327,2022-08-11 02:00:00
2022-08-12,5,2022,1,Grain Filling,0.96,7.13,0.917,1,78.0,2.5,34.1,0.306,2022-08-12 02:00:00
2022-08-13,5,2022,1,Grain Filling,0.98,6.66,0.917,1,73.0,2.33,32.2,0.292,2022-08-13 02:00:00
2022-08-14,5,2022,1,Grain Filling,0.99,7.37,0.917,1,75.0,2.58,31.8,0.337,2022-08-14 02:00:00
2022-08-15,5,2022,1,Grain Filling,0.97,6.92,0.892,1,70.0,2.42,34.1,0.337,2022-08-15 02:00:00
2022-08-16,5,2022,1,Grain Filling,0.98,7.62,0.917,1,74.0,2.67,32.7,0.318,2022-08-16 02:00:00
2022-08-17,5,2022,1,Grain Filling,0.95,6.71,0.917,1,79.0,2.35,31.0,0.331,2022-08-17 02:00:00
2022-08-18,5,2022,1,Grain Filling,0.91,6.51,0.909,1,73.0,2.28,31.9,0.31,2022-08-18 02:00:00
2022-08-19,5,2022,1,Grain Filling,0.93,6.42,0.917,1,74.0,2.25,33.6,0.347,2022-08-19 02:00:00
2022-08-20,5,2022,1,Grain Filling,0.99,7.15,0.87,1,82.0,2.5,31.7,0.271,2022-08-20 02:00:00
2022-08-21,5,2022,1,Grain Filling,0.97,6.55,0.91,1,69.0,2.29,33.2,0.318,2022-08-21 02:00:00
2022-08-22,5,2022,1,Grain Filling,0.95,6.87,0.917,1,77.0,2.4,31.1,0.3,2022-08-22 02:00:00
2022-08-23,5,2022,1,Grain Filling,0.99,6.97,0.917,1,78.0,2.44,31.3,0.264,2022-08-23 02:00:00
2022-08-24,5,2022,1,Grain Filling,0.96,6.76,0.917,1,72.0,2.37,33.7,0.326,2022-08-24 02:00:00
2022-08-25,5,2022,1,Grain Filling,0.99,6.99,0.917,1,80.0,2.45,32.0,0.315,2022-08-25 02:00:00
2022-08-26,5,2022,1,Grain Filling,0.96,7.34,0.917,1,82.0,2.57,32.7,0.31,2022-08-26 02:00:00
2022-08-27,5,2022,1,Grain Filling,0.98,7.12,0.917,1,77.0,2.49,33.3,0.299,2022-08-27 02:00:00
2022-08-28,5,2022,1,Grain Filling,1.01,7.21,0.917,1,74.0,2.52,32.1,0.262,2022-08-28 02:00:00
2022-08-29,5,2022,1,Grain Filling,0.99,7.29,0.91,1,80.0,2.55,31.2,0.297,2022-08-29 02:00:00
2022-08-30,5,2022,1,Grain Filling,1.01,7.47,0.917,1,73.0,2.61,34.1,0.273,2022-08-30 02:00:00
2022-08-31,5,2022,1,Grain Filling,0.96,6.54,0.917,1,80.0,2.29,33.8,0.316,2022-08-31 02:00:00
2022-09-01,5,2022,1,Grain Filling,0.99,7.33,0.917,1,73.0,2.57,33.3,0.305,2022-09-01 02:00:00
2022-09-02,5,2022,1,Grain Filling,0.97,7.19,0.917,1,80.0,2.52,35.5,0.304,2022-09-02 02:00:00
2022-09-03,5,2022,1,Grain Filling,0.98,7.19,0.917,1,81.0,2.52,30.5,0.288,2022-09-03 02:00:00
2022-09-04,5,2022,1,Grain Filling,0.99,6.7,0.917,1,74.0,2.34,35.7,0.308,2022-09-04 02:00:00
2022-09-05,5,2022,1,Grain Filling,1.01,6.61,0.917,1,90.0,2.31,30.2,0.286,2022-09-05 02:00:00
2022-09-06,5,2022,1,Grain Filling,1.04,8.17,0.901,1,77.0,2.86,31.4,0.317,2022-09-06 02:00:00
2022-09-07,5,2022,1,Grain Filling,0.95,6.53,0.82,1,81.0,10.04,33.0,0.276,2022-09-07 02:00:00
2022-09-08,5,2022,1,Grain Filling,1.01,7.78,0.864,1,75.0,2.72,34.8,0.297,2022-09-08 02:00:00
2022-09-09,5,2022,1,Grain Filling,0.98,6.35,0.902,1,72.0,2.22,32.9,0.325,2022-09-09 02:00:00
2022-09-10,5,2022,1,Grain Filling,0.96,7.33,0.917,1,81.0,2.57,33.3,0.304,2022-09-10 02:00:00
2022-09-11,5,2022,1,Grain Filling,1.06,8.13,0.917,1,76.0,2.85,33.7,0.299,2022-09-11 02:00:00
2022-09-12,5,2022,1,Grain Filling,1.05,6.89,0.917,1,74.0,2.41,32.5,0.291,2022-09-12 02:00:00
2022-09-13,5,2022,1,Grain Filling,0.94,6.72,0.917,1,85.0,2.35,31.7,0.299,2022-09-13 02:00:00
2022-09-14,5,2022,1,Grain Filling,0.99,7.16,0.89,1,82.0,4.93,33.2,0.31,2022-09-14 02:00:00
2022-09-15,5,2022,1,Grain Filling,0.96,6.31,0.917,1,78.0,2.21,32.3,0.318,2022-09-15 02:00:00
2022-09-16,5,2022,1,Grain Filling,1.01,7.37,0.917,1,72.0,2.58,32.1,0.29,2022-09-16 02:00:00
2022-09-17,5,2022,1,Grain Filling,1.01,7.19,0.908,1,77.0,2.52,32.9,0.309,2022-09-17 02:00:00
2022-09-18,5,2022,1,Grain Filling,1.0,7.34,0.917,1,77.0,2.57,32.1,0.298,2022-09-18 02:00:00
2022-09-19,5,2022,1,Grain Filling,1.0,6.8,0.799,1,73.0,10.89,34.0,0.31,2022-09-19 02:00:00
2022-09-20,5,2022,1,Grain Filling,0.95,6.64,0.832,1,83.0,2.32,34.0,0.289,2022-09-20 02:00:00
2022-09-21,5,2022,1,Grain Filling,1.02,6.72,0.867,1,78.0,2.35,32.4,0.307,2022-09-21 02:00:00
2022-09-22,5,2022,1,Grain Filling,0.96,7.0,0.889,1,79.0,2.45,31.1,0.282,2022-09-22 02:00:00
2022-09-23,5,2022,1,Grain Filling,0.97,7.25,0.908,1,78.0,2.54,32.6,0.29,2022-09-23 02:00:00
2022-09-24,5,2022,1,Grain Filling,1.03,7.54,0.917,1,89.0,2.64,33.0,0.262,2022-09-24 02:00:00
2022-09-25,5,2022,1,Grain Filling,1.02,7.86,0.917,1,79.0,2.75,31.7,0.305,2022-09-25 02:00:00
2022-09-26,5,2022,1,Grain Filling,1.01,7.7,0.908,1,73.0,5.71,30.8,0.277,2022-09-26 02:00:00
2022-09-27,5,2022,1,Grain Filling,0.99,7.23,0.903,1,85.0,2.53,33.2,0.287,2022-09-27 02:00:00
2022-09-28,5,2022,1,Grain Filling,1.0,7.56,0.917,1,83.0,2.65,33.8,0.284,2022-09-28 02:00:00
2022-09-29,5,2022,1,Grain Filling,1.09,7.57,0.917,1,81.0,2.65,33.0,0.263,2022-09-29 02:00:00
2022-09-30,5,2022,1,Grain Filling,1.04,7.26,0.917,1,81.0,2.54,33.4,0.291,2022-09-30 02:00:00
2022-10-01,5,2022,1,Grain Filling,0.96,6.88,0.917,1,68.0,2.41,34.2,0.272,2022-10-01 02:00:00
2022-10-02,5,2022,1,Grain Filling,1.02,7.38,0.917,1,75.0,2.58,33.1,0.27,2022-10-02 02:00:00
2022-10-03,5,2022,1,Grain Filling,1.04,7.54,0.917,1,77.0,2.64,34.4,0.305,2022-10-03 02:00:00
2022-10-04,5,2022,1,Grain Filling,1.02,7.44,0.917,1,79.0,2.6,32.7,0.3,2022-10-04 02:00:00
2022-10-05,5,2022,1,Grain Filling,1.01,7.82,0.917,1,80.0,2.74,34.3,0.281,2022-10-05 02:00:00
2022-10-06,5,2022,1,Grain Filling,1.06,8.03,0.917,1,77.0,2.81,33.0,0.287,2022-10-06 02:00:00
2022-10-07,5,2022,1,Grain Filling,1.01,7.61,0.917,1,77.0,2.66,32.7,0.291,2022-10-07 02:00:00
2022-10-08,5,2022,1,Grain Filling,1.02,7.37,0.917,1,81.0,2.58,33.1,0.245,2022-10-08 02:00:00
2022-10-09,5,2022,1,Grain Filling,1.05,8.54,0.917,1,79.0,2.99,33.8,0.288,2022-10-09 02:00:00
2022-10-10,5,2022,1,Grain Filling,1.06,7.75,0.917,1,74.0,2.71,33.8,0.295,2022-10-10 02:00:00
2022-10-11,5,2022,1,Grain Filling,1.01,7.7,0.915,1,81.0,2.7,35.5,0.268,2022-10-11 02:00:00
2022-10-12,5,2022,1,Grain Filling,1.04,8.04,0.917,1,86.0,2.81,36.2,0.284,2022-10-12 02:00:00
2022-10-13,5,2022,1,Grain Filling,1.07,8.16,0.906,1,78.0,2.86,32.4,0.295,2022-10-13 02:00:00
2022-10-14,5,2022,1,Grain Filling,0.99,6.44,0.917,1,82.0,2.25,34.0,0.303,2022-10-14 02:00:00
2022-10-15,5,2022,1,Grain Filling,1.03,7.1,0.917,1,76.0,2.48,36.9,0.282,2022-10-15 02:00:00
2022-10-16,5,2022,1,Grain Filling,1.08,7.49,0.913,1,71.0,2.62,31.0,0.284,2022-10-16 02:00:00
2022-10-17,5,2022,1,Grain Filling,1.07,7.48,0.917,1,78.0,2.62,34.9,0.254,2022-10-17 02:00:00
2022-10-18,5,2022,1,Grain Filling,1.09,7.5,0.917,1,81.0,2.62,34.1,0.29,2022-10-18 02:00:00
2022-10-19,5,2022,1,Grain Filling,1.03,7.78,0.917,1,71.0,2.72,35.3,0.31,2022-10-19 02:00:00
2022-10-20,5,2022,1,Maturity,1.06,7.06,0.917,1,74.0,2.47,34.5,0.276,2022-10-20 02:00:00
2022-10-21,5,2022,1,Maturity,1.1,7.5,0.917,1,77.0,2.62,34.7,0.276,2022-10-21 02:00:00
2022-10-22,5,2022,1,Maturity,1.07,7.83,0.917,1,81.0,2.74,31.2,0.278,2022-10-22 02:00:00
2022-10-23,5,2022,1,Maturity,1.03,7.84,0.917,1,73.0,2.74,31.2,0.257,2022-10-23 02:00:00
2022-10-24,5,2022,1,Maturity,1.03,7.49,0.877,1,78.0,5.36,34.1,0.274,2022-10-24 02:00:00
2022-10-25,5,2022,1,Maturity,1.07,8.32,0.906,1,82.0,2.91,33.7,0.249,2022-10-25 02:00:00
2022-10-26,5,2022,1,Maturity,1.05,7.74,0.917,1,82.0,2.71,33.3,0.275,2022-10-26 02:00:00
2022-10-27,5,2022,1,Maturity,1.09,7.83,0.917,1,86.0,2.74,34.5,0.271,2022-10-27 02:00:00
2022-10-28,5,2022,1,Maturity,1.04,8.06,0.906,1,80.0,2.82,33.9,0.257,2022-10-28 02:00:00
2022-10-29,5,2022,1,Maturity,1.08,8.28,0.854,1,74.0,2.9,36.1,0.263,2022-10-29 02:00:00
2022-10-30,5,2022,1,Maturity,1.1,7.48,0.886,1,81.0,2.62,34.8,0.238,2022-10-30 02:00:00
2022-10-31,5,2022,1,Maturity,1.04,8.08,0.917,1,77.0,2.83,33.0,0.261,2022-10-31 02:00:00
2022-11-01,5,2022,1,Maturity,1.02,7.77,0.917,1,83.0,2.72,32.8,0.248,2022-11-01 02:00:00
2022-11-02,5,2022,1,Maturity,1.08,7.93,0.872,1,80.0,2.78,33.7,0.298,2022-11-02 02:00:00
2022-11-03,5,2022,1,Maturity,1.09,8.26,0.85,1,84.0,5.12,34.3,0.261,2022-11-03 02:00:00
2022-11-04,5,2022,1,Maturity,1.1,8.17,0.894,1,81.0,2.86,33.1,0.264,2022-11-04 02:00:00
2022-11-05,5,2022,1,Maturity,1.1,9.14,0.917,1,85.0,3.2,34.3,0.262,2022-11-05 02:00:00
2022-11-06,5,2022,1,Maturity,1.06,8.09,0.917,1,81.0,2.83,36.3,0.279,2022-11-06 02:00:00
2022-11-07,5,2022,1,Maturity,1.06,8.01,0.917,1,74.0,2.8,33.0,0.233,2022-11-07 02:00:00
2022-11-08,5,2022,1,Maturity,1.09,8.95,0.917,1,78.0,3.13,35.8,0.292,2022-11-08 02:00:00
2022-11-09,5,2022,1,Maturity,1.03,7.22,0.917,1,81.0,2.53,33.9,0.279,2022-11-09 02:00:00
2022-11-10,5,2022,1,Maturity,1.07,8.13,0.917,1,82.0,2.85,34.4,0.254,2022-11-10 02:00:00
2022-11-11,5,2022,1,Maturity,1.04,7.68,0.917,1,81.0,2.69,34.0,0.239,2022-11-11 02:00:00
2022-11-12,5,2022,1,Maturity,1.13,8.35,0.917,1,78.0,2.92,32.5,0.265,2022-11-12 02:00:00
2022-11-13,5,2022,1,Maturity,1.09,8.11,0.86,1,80.0,2.84,33.6,0.272,2022-11-13 02:00:00
2022-11-14,5,2022,1,Maturity,1.05,7.75,0.848,1,72.0,2.71,34.9,0.263,2022-11-14 02:00:00
2022-11-15,5,2022,1,Maturity,1.1,7.9,0.867,1,82.0,2.76,35.5,0.241,2022-11-15 02:00:00
2022-11-16,5,2022,1,Maturity,1.06,8.11,0.912,1,81.0,2.84,33.0,0.281,2022-11-16 02:00:00
2022-11-17,5,2022,1,Maturity,1.08,8.32,0.917,1,83.0,2.91,33.3,0.244,2022-11-17 02:00:00
2022-11-18,5,2022,1,Maturity,1.12,8.39,0.917,1,83.0,2.94,35.3,0.266,2022-11-18 02:00:00
2022-11-19,5,2022,1,Maturity,1.08,8.74,0.834,1,81.0,11.73,35.1,0.222,2022-11-19 02:00:00
2022-11-20,5,2022,1,Maturity,1.09,8.2,0.879,1,84.0,2.87,32.5,0.237,2022-11-20 02:00:00
2022-11-21,5,2022,1,Maturity,1.08,8.27,0.778,1,77.0,12.73,36.6,0.32,2022-11-21 02:00:00
2022-11-22,5,2022,1,Maturity,1.11,9.51,0.819,1,80.0,3.33,35.4,0.248,2022-11-22 02:00:00
2022-11-23,5,2022,1,Maturity,1.07,7.79,0.863,1,80.0,2.73,35.3,0.254,2022-11-23 02:00:00
2022-11-24,5,2022,1,Maturity,1.08,7.84,0.815,1,74.0,2.74,33.9,0.244,2022-11-24 02:00:00
2022-11-25,5,2022,1,Maturity,1.06,7.29,0.845,1,83.0,2.55,32.2,0.271,2022-11-25 02:00:00
2022-11-26,5,2022,1,Maturity,1.08,7.38,0.886,1,79.0,2.58,32.8,0.296,2022-11-26 02:00:00
2022-11-27,5,2022,1,Maturity,1.12,8.28,0.917,1,80.0,2.9,32.5,0.256,2022-11-27 02:00:00
2022-11-28,5,2022,1,Maturity,1.16,8.85,0.917,1,77.0,3.1,32.9,0.234,2022-11-28 02:00:00
2022-11-29,5,2022,1,Maturity,1.14,9.44,0.723,1,78.0,3.3,35.3,0.274,2022-11-29 02:00:00
2022-11-30,5,2022,1,Maturity,1.16,8.42,0.767,1,77.0,2.95,34.9,0.232,2022-11-30 02:00:00
2022-12-01,5,2022,1,Maturity,1.07,7.8,0.765,1,76.0,2.73,33.0,0.26,2022-12-01 02:00:00
2022-12-02,5,2022,1,Maturity,1.09,7.4,0.8,1,84.0,2.59,33.1,0.266,2022-12-02 02:00:00
2022-12-03,5,2022,1,Maturity,1.16,8.96,0.845,1,79.0,3.14,33.0,0.248,2022-12-03 02:00:00
2022-12-04,5,2022,1,Maturity,1.13,9.13,0.792,1,82.0,9.83,34.4,0.194,2022-12-04 02:00:00
2022-12-05,5,2022,1,Maturity,1.08,8.53,0.722,1,80.0,10.7,32.5,0.272,2022-12-05 02:00:00
2022-12-06,5,2022,1,Maturity,1.07,8.37,0.752,1,87.0,2.93,33.4,0.231,2022-12-06 02:00:00
2022-12-07,5,2022,1,Maturity,1.11,8.43,0.767,1,75.0,2.95,33.4,0.243,2022-12-07 02:00:00
2022-12-08,5,2022,1,Maturity,1.14,8.32,0.621,1,87.0,11.56,32.4,0.273,2022-12-08 02:00:00
2022-12-09,5,2022,1,Maturity,1.11,8.2,0.479,1,77.0,12.21,33.5,0.209,2022-12-09 02:00:00
2022-12-10,5,2022,1,Maturity,1.16,8.66,0.514,1,86.0,3.03,34.6,0.195,2022-12-10 02:00:00
2022-12-11,5,2022,1,Maturity,1.12,8.97,0.558,1,81.0,3.14,31.9,0.252,2022-12-11 02:00:00
2022-12-12,5,2022,1,Maturity,1.12,8.74,0.605,1,85.0,3.06,34.8,0.265,2022-12-12 02:00:00
2022-12-13,5,2022,1,Maturity,1.16,9.26,0.539,1,86.0,10.84,35.5,0.254,2022-12-13 02:00:00
2022-12-14,5,2022,1,Maturity,1.15,8.16,0.582,1,84.0,2.86,33.5,0.228,2022-12-14 02:00:00
2022-12-15,5,2022,1,Maturity,1.13,9.1,0.619,1,83.0,3.18,35.3,0.23,2022-12-15 02:00:00
2022-12-16,5,2022,1,Maturity,1.09,8.36,0.542,1,89.0,11.12,34.1,0.228,2022-12-16 02:00:00
2022-12-17,5,2022,1,Maturity,1.1,7.87,0.509,1,89.0,2.75,36.2,0.241,2022-12-17 02:00:00
2022-12-18,5,2022,1,Maturity,1.13,8.76,0.452,1,84.0,8.91,37.5,0.227,2022-12-18 02:00:00
2022-12-19,5,2022,1,Maturity,1.16,8.81,0.497,1,88.0,3.08,34.5,0.242,2022-12-19 02:00:00
2022-12-20,5,2022,1,Maturity,1.09,8.75,0.47,1,89.0,3.06,35.4,0.215,2022-12-20 02:00:00
2022-12-21,5,2022,1,Maturity,1.14,8.57,0.513,1,84.0,3.0,30.5,0.276,2022-12-21 02:00:00
2022-12-22,5,2022,1,Maturity,1.1,8.78,0.56,1,82.0,3.07,34.6,0.223,2022-12-22 02:00:00
2022-12-23,5,2022,1,Maturity,1.12,8.1,0.597,1,76.0,2.83,32.1,0.26,2022-12-23 02:00:00
2022-12-24,5,2022,1,Maturity,1.1,7.88,0.474,1,79.0,11.7,32.9,0.232,2022-12-24 02:00:00
2022-12-25,5,2022,1,Maturity,1.13,8.6,0.52,1,89.0,3.01,35.5,0.246,2022-12-25 02:00:00
2022-12-26,5,2022,1,Maturity,1.09,8.51,0.521,1,88.0,2.98,34.1,0.266,2022-12-26 02:00:00
2022-12-27,5,2022,1,Maturity,1.11,8.03,0.565,1,89.0,2.81,34.3,0.245,2022-12-27 02:00:00
2022-12-28,5,2022,1,Maturity,1.15,8.3,0.603,1,90.0,2.9,35.1,0.238,2022-12-28 02:00:00
2022-12-29,5,2022,1,Maturity,1.07,8.28,0.649,1,89.0,2.9,34.5,0.253,2022-12-29 02:00:00
2022-12-30,5,2022,1,Maturity,1.11,9.03,0.631,1,87.0,3.16,34.5,0.218,2022-12-30 02:00:00
2022-12-31,5,2022,1,Maturity,1.12,8.92,0.678,1,85.0,3.12,35.5,0.218,2022-12-31 02:00:00
