time,region_id,year_id,rainfall_mm,seasonal_rainfall_variability,temperature_max_c,temperature_min_c,temperature_mean_c,relative_humidity_percent,wind_speed_ms,solar_radiation_mjm2day,evapotranspiration_et0_mmday,evapotranspiration_etc_mmday,updated_at
2020-01-02,1,2020,11.5,Low,27.9,15.9,21.9,78.0,3.12,22.48,6.58,6.58,2020-01-02 02:00:00
2020-01-03,1,2020,1.1,Low,28.4,15.6,22.0,69.0,2.4,21.63,6.37,6.37,2020-01-03 02:00:00
2020-01-04,1,2020,2.0,Low,27.1,17.0,22.0,74.0,2.98,20.02,5.9,5.9,2020-01-04 02:00:00
2020-01-05,1,2020,0.2,Low,29.2,15.8,22.5,74.0,3.49,18.51,5.52,5.52,2020-01-05 02:00:00
2020-01-06,1,2020,4.5,Low,27.7,15.8,21.8,66.0,3.13,23.25,6.85,6.85,2020-01-06 02:00:00
2020-01-07,1,2020,1.1,Low,28.5,15.2,21.8,67.0,3.23,21.23,6.28,6.28,2020-01-07 02:00:00
2020-01-08,1,2020,2.9,Low,30.5,16.8,23.7,75.0,2.43,21.37,6.43,6.43,2020-01-08 02:00:00
2020-01-09,1,2020,0.1,Low,27.3,17.5,22.4,71.0,2.97,19.81,5.89,5.89,2020-01-09 02:00:00
2020-01-10,1,2020,0.3,Low,28.1,15.6,21.8,66.0,2.14,23.58,6.91,6.91,2020-01-10 02:00:00
2020-01-11,1,2020,3.1,Low,27.9,15.5,21.7,71.0,3.69,19.92,5.88,5.88,2020-01-11 02:00:00
2020-01-12,1,2020,0.3,Low,29.0,16.1,22.5,70.0,3.76,20.15,6.03,6.03,2020-01-12 02:00:00
2020-01-13,1,2020,0.5,Low,27.0,16.5,21.7,67.0,3.28,21.07,6.22,6.22,2020-01-13 02:00:00
2020-01-14,1,2020,5.5,Low,29.3,16.1,22.7,76.0,2.75,21.46,6.36,6.36,2020-01-14 02:00:00
2020-01-15,1,2020,1.6,Low,26.5,17.6,22.0,72.0,3.08,21.75,6.41,6.41,2020-01-15 02:00:00
2020-01-16,1,2020,0.3,Low,28.9,15.5,22.2,72.0,2.79,20.49,6.05,6.05,2020-01-16 02:00:00
2020-01-17,1,2020,1.0,Low,27.6,16.2,21.9,69.0,2.91,21.66,6.39,6.39,2020-01-17 02:00:00
2020-01-18,1,2020,2.5,Low,27.4,16.4,21.9,72.0,3.15,20.49,6.04,6.04,2020-01-18 02:00:00
2020-01-19,1,2020,1.3,Low,30.1,17.3,23.7,76.0,3.24,21.28,6.42,6.42,2020-01-19 02:00:00
2020-01-20,1,2020,0.9,Low,28.7,15.2,22.0,70.0,3.05,19.61,5.8,5.8,2020-01-20 02:00:00
2020-01-21,1,2020,0.7,Low,29.3,14.8,22.1,72.0,2.7,20.64,6.08,6.08,2020-01-21 02:00:00
2020-01-22,1,2020,3.0,Low,28.9,14.9,21.9,73.0,2.51,21.99,6.45,6.45,2020-01-22 02:00:00
2020-01-23,1,2020,0.0,Low,25.1,16.1,20.6,73.0,2.77,20.3,5.85,5.85,2020-01-23 02:00:00
2020-01-24,1,2020,1.6,Low,30.3,16.0,23.2,69.0,2.85,20.67,6.22,6.22,2020-01-24 02:00:00
2020-01-25,1,2020,1.5,Low,27.9,14.9,21.4,73.0,3.19,20.44,5.97,5.97,2020-01-25 02:00:00
2020-01-26,1,2020,0.7,Low,25.8,16.5,21.2,79.0,2.86,23.0,6.64,6.64,2020-01-26 02:00:00
2020-01-27,1,2020,7.0,Low,28.6,16.2,22.4,70.0,3.02,21.79,6.47,6.47,2020-01-27 02:00:00
2020-01-28,1,2020,5.3,Low,29.0,17.5,23.2,68.0,3.5,21.12,6.39,6.39,2020-01-28 02:00:00
2020-01-29,1,2020,0.6,Low,29.6,15.4,22.5,73.0,3.0,21.55,6.39,6.39,2020-01-29 02:00:00
2020-01-30,1,2020,1.2,Low,28.1,14.5,21.3,74.0,3.3,20.16,5.88,5.88,2020-01-30 02:00:00
2020-01-31,1,2020,0.0,Low,28.4,14.6,21.5,67.0,3.04,22.18,6.51,6.51,2020-01-31 02:00:00
2020-02-01,1,2020,0.4,Low,27.9,15.9,21.9,80.0,2.87,21.02,6.14,6.14,2020-02-01 02:00:00
2020-02-02,1,2020,0.9,Low,27.1,16.5,21.8,74.0,2.81,19.68,5.78,5.78,2020-02-02 02:00:00
2020-02-03,1,2020,0.8,Low,28.5,15.8,22.1,81.0,3.44,21.72,6.37,6.37,2020-02-03 02:00:00
2020-02-04,1,2020,2.9,Low,30.6,15.6,23.1,74.0,3.18,20.04,6.01,6.01,2020-02-04 02:00:00
2020-02-05,1,2020,1.7,Low,29.8,16.9,23.3,73.0,3.45,21.0,6.33,6.33,2020-02-05 02:00:00
2020-02-06,1,2020,4.2,Low,28.1,16.7,22.4,68.0,3.85,21.4,6.4,6.4,2020-02-06 02:00:00
2020-02-07,1,2020,0.3,Low,28.3,16.3,22.3,73.0,3.74,21.73,6.45,6.45,2020-02-07 02:00:00
2020-02-08,1,2020,0.0,Low,28.9,16.8,22.9,73.0,3.11,22.66,6.76,6.76,2020-02-08 02:00:00
2020-02-09,1,2020,2.6,Low,28.2,17.6,22.9,73.0,2.7,22.31,6.65,6.65,2020-02-09 02:00:00
2020-02-10,1,2020,1.9,Low,26.8,15.7,21.3,73.0,3.15,22.4,6.52,6.52,2020-02-10 02:00:00
2020-02-11,1,2020,1.3,Low,27.1,17.4,22.3,72.0,3.12,20.87,6.18,6.18,2020-02-11 02:00:00
2020-02-12,1,2020,1.3,Low,26.9,17.1,22.0,70.0,3.47,23.46,6.92,6.92,2020-02-12 02:00:00
2020-02-13,1,2020,0.2,Low,27.5,16.5,22.0,73.0,2.63,22.34,6.56,6.56,2020-02-13 02:00:00
2020-02-14,1,2020,0.2,Low,28.0,15.7,21.8,66.0,2.88,20.69,6.11,6.11,2020-02-14 02:00:00
2020-02-15,1,2020,0.5,Low,28.3,16.1,22.2,71.0,2.84,21.82,6.45,6.45,2020-02-15 02:00:00
2020-02-16,1,2020,0.0,Low,26.6,15.9,21.3,72.0,3.06,22.6,6.57,6.57,2020-02-16 02:00:00
2020-02-17,1,2020,0.6,Low,27.8,15.5,21.7,72.0,3.53,21.64,6.36,6.36,2020-02-17 02:00:00
2020-02-18,1,2020,0.3,Low,29.0,15.5,22.2,71.0,3.28,22.73,6.73,6.73,2020-02-18 02:00:00
2020-02-19,1,2020,0.9,Low,30.6,15.9,23.2,71.0,2.93,23.1,6.93,6.93,2020-02-19 02:00:00
2020-02-20,1,2020,0.0,Low,27.6,17.0,22.3,72.0,3.11,21.39,6.34,6.34,2020-02-20 02:00:00
2020-02-21,1,2020,0.4,Low,28.7,15.8,22.3,69.0,3.18,22.81,6.76,6.76,2020-02-21 02:00:00
2020-02-22,1,2020,0.0,Low,29.1,16.6,22.8,71.0,2.52,18.5,5.53,5.53,2020-02-22 02:00:00
2020-02-23,1,2020,0.7,Low,27.8,16.5,22.1,73.0,3.06,22.62,6.67,6.67,2020-02-23 02:00:00
2020-02-24,1,2020,1.6,Low,27.4,16.4,21.9,72.0,3.17,19.99,5.89,5.89,2020-02-24 02:00:00
2020-02-25,1,2020,1.0,Low,29.3,15.9,22.6,70.0,3.39,22.62,6.75,6.75,2020-02-25 02:00:00
2020-02-26,1,2020,0.0,Low,27.6,16.6,22.1,65.0,2.76,21.99,6.51,6.51,2020-02-26 02:00:00
2020-02-27,1,2020,1.3,Low,29.9,15.3,22.6,68.0,2.75,21.59,6.43,6.43,2020-02-27 02:00:00
2020-02-28,1,2020,5.4,Low,30.3,16.6,23.4,71.0,2.84,21.85,6.58,6.58,2020-02-28 02:00:00
2020-02-29,1,2020,0.0,Low,27.8,16.0,21.9,72.0,2.81,22.04,6.48,6.48,2020-02-29 02:00:00
2020-03-01,1,2020,0.6,Low,28.9,16.2,22.5,68.0,2.97,22.22,6.62,6.62,2020-03-01 02:00:00
2020-03-02,1,2020,1.3,Low,29.8,16.5,23.1,72.0,3.87,20.07,6.06,6.06,2020-03-02 02:00:00
2020-03-03,1,2020,11.0,Low,30.4,16.0,23.2,71.0,2.89,19.45,5.86,5.86,2020-03-03 02:00:00
2020-03-04,1,2020,0.7,Low,27.5,16.9,22.2,74.0,3.15,21.94,6.48,6.48,2020-03-04 02:00:00
2020-03-05,1,2020,1.4,Low,28.8,16.2,22.5,71.0,2.89,19.74,5.88,5.88,2020-03-05 02:00:00
2020-03-06,1,2020,9.4,Low,28.8,16.4,22.6,74.0,3.87,21.69,6.46,6.46,2020-03-06 02:00:00
2020-03-07,1,2020,8.5,Low,30.5,15.9,23.2,71.0,2.19,20.8,6.23,6.23,2020-03-07 02:00:00
2020-03-08,1,2020,1.0,Low,27.1,15.9,21.5,72.0,2.78,23.99,6.98,6.98,2020-03-08 02:00:00
2020-03-09,1,2020,0.0,Low,28.6,16.3,22.5,67.0,3.75,20.73,6.21,6.21,2020-03-09 02:00:00
2020-03-10,1,2020,0.9,Low,29.2,16.4,22.8,63.0,2.43,20.65,6.19,6.19,2020-03-10 02:00:00
2020-03-11,1,2020,0.5,Low,29.6,15.1,22.3,72.0,3.01,23.28,6.88,6.88,2020-03-11 02:00:00
2020-03-12,1,2020,2.8,Low,29.4,16.2,22.8,74.0,3.53,20.58,6.15,6.15,2020-03-12 02:00:00
2020-03-13,1,2020,1.7,Low,29.3,16.3,22.8,72.0,2.84,21.82,6.5,6.5,2020-03-13 02:00:00
2020-03-14,1,2020,1.1,Low,28.9,16.1,22.5,74.0,2.26,23.38,6.9,6.9,2020-03-14 02:00:00
2020-03-15,1,2020,1.0,Low,28.8,16.8,22.8,70.0,2.77,22.64,6.75,6.75,2020-03-15 02:00:00
2020-03-16,1,2020,1.7,Low,28.4,16.1,22.3,67.0,2.43,19.86,5.89,5.89,2020-03-16 02:00:00
2020-03-17,1,2020,0.0,Low,28.2,17.0,22.6,71.0,3.39,20.92,6.24,6.24,2020-03-17 02:00:00
2020-03-18,1,2020,1.0,Low,31.0,14.6,22.8,65.0,3.08,22.86,6.85,6.85,2020-03-18 02:00:00
2020-03-19,1,2020,3.0,Low,29.8,16.4,23.1,70.0,3.0,21.94,6.58,6.58,2020-03-19 02:00:00
2020-03-20,1,2020,0.0,Low,31.8,16.6,24.2,70.0,3.31,23.07,7.04,7.04,2020-03-20 02:00:00
2020-03-21,1,2020,0.1,Low,30.2,17.1,23.6,68.0,2.63,20.29,6.15,6.15,2020-03-21 02:00:00
2020-03-22,1,2020,2.0,Low,30.6,16.4,23.5,68.0,2.87,22.01,6.65,6.65,2020-03-22 02:00:00
2020-03-23,1,2020,0.6,Low,30.1,17.0,23.5,66.0,3.46,23.74,7.19,7.19,2020-03-23 02:00:00
2020-03-24,1,2020,0.7,Low,30.0,16.9,23.4,67.0,2.95,21.7,6.56,6.56,2020-03-24 02:00:00
2020-03-25,1,2020,0.8,Low,29.3,16.6,22.9,64.0,2.74,21.09,6.34,6.34,2020-03-25 02:00:00
2020-03-26,1,2020,0.2,Low,29.2,16.5,22.8,66.0,3.02,22.02,6.61,6.61,2020-03-26 02:00:00
2020-03-27,1,2020,3.9,Low,29.2,16.9,23.0,71.0,3.05,20.33,6.11,6.11,2020-03-27 02:00:00
2020-03-28,1,2020,0.4,Low,31.4,16.0,23.7,68.0,3.35,22.7,6.89,6.89,2020-03-28 02:00:00
2020-03-29,1,2020,0.0,Low,27.8,17.5,22.6,73.0,2.69,23.55,6.98,6.98,2020-03-29 02:00:00
2020-03-30,1,2020,1.4,Low,29.3,15.3,22.3,65.0,3.32,20.08,6.0,6.0,2020-03-30 02:00:00
2020-03-31,1,2020,2.0,Low,27.3,16.5,21.9,64.0,3.04,21.93,6.49,6.49,2020-03-31 02:00:00
2020-04-01,1,2020,2.3,Low,29.8,16.3,23.1,70.0,2.95,22.54,6.75,6.75,2020-04-01 02:00:00
2020-04-02,1,2020,0.1,Low,30.0,16.8,23.4,70.0,3.62,22.49,6.8,6.8,2020-04-02 02:00:00
2020-04-03,1,2020,2.9,Low,29.2,17.0,23.1,69.0,3.13,21.65,6.51,6.51,2020-04-03 02:00:00
2020-04-04,1,2020,1.9,Low,29.6,17.0,23.3,77.0,3.26,21.03,6.3,6.3,2020-04-04 02:00:00
2020-04-05,1,2020,1.6,Low,28.6,16.4,22.5,67.0,3.04,20.3,6.06,6.06,2020-04-05 02:00:00
2020-04-06,1,2020,0.2,Low,29.3,16.0,22.6,68.0,3.32,21.95,6.56,6.56,2020-04-06 02:00:00
2020-04-07,1,2020,0.3,Low,28.7,17.1,22.9,70.0,3.03,21.6,6.47,6.47,2020-04-07 02:00:00
2020-04-08,1,2020,0.7,Low,28.8,16.5,22.6,69.0,2.21,21.6,6.42,6.42,2020-04-08 02:00:00
2020-04-09,1,2020,3.6,Low,27.5,16.1,21.8,66.0,3.2,21.95,6.48,6.48,2020-04-09 02:00:00
2020-04-10,1,2020,0.0,Low,29.4,17.7,23.6,71.0,3.38,21.95,6.64,6.64,2020-04-10 02:00:00
2020-04-11,1,2020,0.0,Low,30.3,19.3,24.8,71.0,2.91,22.44,6.89,6.89,2020-04-11 02:00:00
2020-04-12,1,2020,0.0,Low,27.9,16.3,22.1,68.0,2.87,22.61,6.68,6.68,2020-04-12 02:00:00
2020-04-13,1,2020,1.0,Low,28.0,17.2,22.6,66.0,2.94,20.71,6.2,6.2,2020-04-13 02:00:00
2020-04-14,1,2020,1.1,Low,29.0,16.3,22.6,70.0,2.49,19.66,5.86,5.86,2020-04-14 02:00:00
2020-04-15,1,2020,1.4,Low,28.8,15.8,22.3,64.0,3.15,21.3,6.36,6.36,2020-04-15 02:00:00
2020-04-16,1,2020,1.8,Low,31.2,16.8,24.0,70.0,3.32,22.3,6.79,6.79,2020-04-16 02:00:00
2020-04-17,1,2020,0.6,Low,31.3,16.2,23.8,72.0,2.95,20.96,6.35,6.35,2020-04-17 02:00:00
2020-04-18,1,2020,0.0,Low,30.2,17.2,23.7,66.0,3.13,22.54,6.85,6.85,2020-04-18 02:00:00
2020-04-19,1,2020,2.2,Low,30.5,15.4,22.9,71.0,2.87,21.58,6.45,6.45,2020-04-19 02:00:00
2020-04-20,1,2020,1.3,Low,30.3,16.3,23.3,68.0,3.28,21.09,6.38,6.38,2020-04-20 02:00:00
2020-04-21,1,2020,3.2,Low,30.4,17.5,24.0,68.0,2.52,23.76,7.2,7.2,2020-04-21 02:00:00
2020-04-22,1,2020,0.0,Low,29.6,17.1,23.3,68.0,2.59,22.21,6.68,6.68,2020-04-22 02:00:00
2020-04-23,1,2020,0.0,Low,28.5,17.3,22.9,68.0,2.58,20.99,6.29,6.29,2020-04-23 02:00:00
2020-04-24,1,2020,0.4,Low,28.5,16.9,22.7,66.0,2.44,21.07,6.29,6.29,2020-04-24 02:00:00
2020-04-25,1,2020,1.0,Low,29.3,16.4,22.8,74.0,3.59,21.57,6.44,6.44,2020-04-25 02:00:00
2020-04-26,1,2020,3.6,Low,28.6,16.6,22.6,71.0,3.54,23.66,7.05,7.05,2020-04-26 02:00:00
2020-04-27,1,2020,2.8,Low,32.1,17.4,24.8,63.0,3.03,23.54,7.27,7.27,2020-04-27 02:00:00
2020-04-28,1,2020,0.1,Low,29.7,17.3,23.5,69.0,3.88,23.07,6.99,6.99,2020-04-28 02:00:00
2020-04-29,1,2020,5.1,Low,28.9,15.9,22.4,67.0,3.19,20.66,6.17,6.17,2020-04-29 02:00:00
2020-04-30,1,2020,1.9,Low,29.1,16.0,22.5,65.0,4.06,20.36,6.14,6.14,2020-04-30 02:00:00
2020-05-01,1,2020,2.8,Low,28.9,15.9,22.4,64.0,2.24,21.95,6.52,6.52,2020-05-01 02:00:00
2020-05-02,1,2020,1.3,Moderate,32.2,16.9,24.5,69.0,2.95,22.51,6.9,6.9,2020-05-02 02:00:00
2020-05-03,1,2020,1.5,Moderate,29.4,17.0,23.2,67.0,3.83,23.43,7.08,7.08,2020-05-03 02:00:00
2020-05-04,1,2020,0.0,Moderate,28.8,17.4,23.1,69.0,3.0,19.64,5.92,5.92,2020-05-04 02:00:00
2020-05-05,1,2020,4.1,Moderate,30.3,17.6,24.0,67.0,3.15,22.34,6.81,6.81,2020-05-05 02:00:00
2020-05-06,1,2020,1.2,Moderate,27.9,17.0,22.5,67.0,2.79,20.38,6.07,6.07,2020-05-06 02:00:00
2020-05-07,1,2020,1.6,Moderate,30.4,16.7,23.5,73.0,2.27,19.91,5.99,5.99,2020-05-07 02:00:00
2020-05-08,1,2020,0.8,Moderate,30.7,15.8,23.2,73.0,3.66,22.76,6.84,6.84,2020-05-08 02:00:00
2020-05-09,1,2020,0.3,Moderate,31.1,18.1,24.6,66.0,2.8,23.14,7.11,7.11,2020-05-09 02:00:00
2020-05-10,1,2020,0.6,Moderate,29.0,16.4,22.7,72.0,3.1,21.85,6.51,6.51,2020-05-10 02:00:00
2020-05-11,1,2020,0.4,Moderate,28.3,18.2,23.2,64.0,3.31,21.44,6.5,6.5,2020-05-11 02:00:00
2020-05-12,1,2020,0.1,Moderate,27.2,16.7,22.0,70.0,3.53,22.53,6.66,6.66,2020-05-12 02:00:00
2020-05-13,1,2020,2.2,Moderate,30.5,17.3,23.9,69.0,3.14,23.03,7.0,7.0,2020-05-13 02:00:00
2020-05-14,1,2020,4.4,Moderate,29.2,15.9,22.5,63.0,2.58,22.02,6.57,6.57,2020-05-14 02:00:00
2020-05-15,1,2020,0.0,Moderate,30.5,17.7,24.1,70.0,3.19,23.94,7.28,7.28,2020-05-15 02:00:00
2020-05-16,1,2020,1.7,Moderate,30.8,17.5,24.1,65.0,2.2,23.09,7.02,7.02,2020-05-16 02:00:00
2020-05-17,1,2020,2.5,Moderate,31.8,15.4,23.6,70.0,2.96,22.99,6.94,6.94,2020-05-17 02:00:00
2020-05-18,1,2020,0.1,Moderate,30.2,16.5,23.3,62.0,2.53,22.07,6.67,6.67,2020-05-18 02:00:00
2020-05-19,1,2020,5.7,Moderate,31.0,16.9,24.0,65.0,2.79,21.09,6.43,6.43,2020-05-19 02:00:00
2020-05-20,1,2020,0.7,Moderate,30.1,16.3,23.2,72.0,2.75,23.79,7.12,7.12,2020-05-20 02:00:00
2020-05-21,1,2020,4.3,Moderate,29.8,14.9,22.4,62.0,3.01,23.19,6.91,6.91,2020-05-21 02:00:00
2020-05-22,1,2020,2.3,Moderate,30.1,16.3,23.2,64.0,3.81,24.27,7.34,7.34,2020-05-22 02:00:00
2020-05-23,1,2020,2.2,Moderate,28.5,16.7,22.6,67.0,2.41,22.87,6.8,6.8,2020-05-23 02:00:00
2020-05-24,1,2020,5.7,Moderate,28.9,17.7,23.3,72.0,2.62,22.09,6.63,6.63,2020-05-24 02:00:00
2020-05-25,1,2020,0.2,Moderate,30.4,16.9,23.7,65.0,3.15,22.72,6.91,6.91,2020-05-25 02:00:00
2020-05-26,1,2020,2.5,Moderate,29.1,15.7,22.4,70.0,3.04,21.38,6.35,6.35,2020-05-26 02:00:00
2020-05-27,1,2020,0.3,Moderate,30.3,17.3,23.8,64.0,3.08,21.43,6.53,6.53,2020-05-27 02:00:00
2020-05-28,1,2020,4.4,Moderate,27.0,16.2,21.6,75.0,2.99,21.27,6.21,6.21,2020-05-28 02:00:00
2020-05-29,1,2020,0.0,Moderate,30.3,16.4,23.3,62.0,2.6,23.16,6.99,6.99,2020-05-29 02:00:00
2020-05-30,1,2020,0.8,Moderate,29.8,17.5,23.6,64.0,2.24,22.77,6.88,6.88,2020-05-30 02:00:00
2020-05-31,1,2020,3.6,Moderate,30.4,16.4,23.4,64.0,2.86,21.65,6.55,6.55,2020-05-31 02:00:00
2020-06-01,1,2020,0.3,Moderate,31.2,18.0,24.6,66.0,3.45,22.13,6.82,6.82,2020-06-01 02:00:00
2020-06-02,1,2020,4.7,Moderate,28.3,16.7,22.5,65.0,1.48,22.52,6.66,6.66,2020-06-02 02:00:00
2020-06-03,1,2020,2.3,Moderate,30.2,16.2,23.2,68.0,2.85,21.77,6.55,6.55,2020-06-03 02:00:00
2020-06-04,1,2020,0.0,Moderate,29.3,17.8,23.5,64.0,2.8,23.64,7.15,7.15,2020-06-04 02:00:00
2020-06-05,1,2020,0.0,Moderate,30.0,15.5,22.7,74.0,3.16,23.47,6.98,6.98,2020-06-05 02:00:00
2020-06-06,1,2020,0.0,Moderate,29.7,18.4,24.0,66.0,2.6,23.31,7.08,7.08,2020-06-06 02:00:00
2020-06-07,1,2020,0.3,Moderate,32.0,16.7,24.3,70.0,2.71,24.24,7.38,7.38,2020-06-07 02:00:00
2020-06-08,1,2020,2.7,Moderate,32.4,15.8,24.1,68.0,3.15,23.79,7.24,7.24,2020-06-08 02:00:00
2020-06-09,1,2020,0.7,Moderate,30.4,16.9,23.7,66.0,3.18,22.51,6.83,6.83,2020-06-09 02:00:00
2020-06-10,1,2020,0.0,Moderate,30.9,18.6,24.8,67.0,3.09,22.41,6.9,6.9,2020-06-10 02:00:00
2020-06-11,1,2020,0.0,Moderate,31.0,14.7,22.8,69.0,3.47,21.53,6.46,6.46,2020-06-11 02:00:00
2020-06-12,1,2020,1.6,Moderate,31.0,15.8,23.4,71.0,2.69,21.92,6.59,6.59,2020-06-12 02:00:00
2020-06-13,1,2020,0.2,Moderate,29.2,15.8,22.5,67.0,3.4,22.01,6.57,6.57,2020-06-13 02:00:00
2020-06-14,1,2020,2.5,Moderate,30.5,16.0,23.3,65.0,3.31,21.96,6.64,6.64,2020-06-14 02:00:00
2020-06-15,1,2020,4.7,Moderate,31.4,16.2,23.8,61.0,3.6,24.31,7.43,7.43,2020-06-15 02:00:00
2020-06-16,1,2020,0.0,Moderate,30.6,16.1,23.4,71.0,3.11,22.7,6.83,6.83,2020-06-16 02:00:00
2020-06-17,1,2020,0.3,Moderate,30.1,17.5,23.8,70.0,3.24,21.85,6.64,6.64,2020-06-17 02:00:00
2020-06-18,1,2020,4.6,Moderate,29.7,15.7,22.7,69.0,2.96,22.69,6.76,6.76,2020-06-18 02:00:00
2020-06-19,1,2020,1.0,Moderate,31.3,16.4,23.8,68.0,2.94,21.78,6.61,6.61,2020-06-19 02:00:00
2020-06-20,1,2020,0.0,Moderate,30.1,16.7,23.4,67.0,2.9,19.36,5.87,5.87,2020-06-20 02:00:00
2020-06-21,1,2020,0.0,Moderate,30.4,17.3,23.9,67.0,2.93,22.08,6.72,6.72,2020-06-21 02:00:00
2020-06-22,1,2020,0.6,Moderate,32.3,15.2,23.8,64.0,3.58,22.73,6.94,6.94,2020-06-22 02:00:00
2020-06-23,1,2020,0.0,Moderate,31.1,18.0,24.5,68.0,2.81,21.83,6.69,6.69,2020-06-23 02:00:00
2020-06-24,1,2020,1.7,Moderate,30.8,18.4,24.6,63.0,2.33,21.23,6.53,6.53,2020-06-24 02:00:00
2020-06-25,1,2020,1.8,Moderate,30.0,17.3,23.7,64.0,2.63,23.07,6.99,6.99,2020-06-25 02:00:00
2020-06-26,1,2020,2.4,Moderate,30.2,16.8,23.5,67.0,3.38,23.25,7.03,7.03,2020-06-26 02:00:00
2020-06-27,1,2020,0.5,Moderate,31.2,17.7,24.5,66.0,3.82,22.36,6.9,6.9,2020-06-27 02:00:00
2020-06-28,1,2020,2.7,Moderate,31.5,16.6,24.0,70.0,3.58,23.44,7.13,7.13,2020-06-28 02:00:00
2020-06-29,1,2020,2.1,Moderate,30.7,17.4,24.1,67.0,2.83,20.99,6.41,6.41,2020-06-29 02:00:00
2020-06-30,1,2020,3.6,Moderate,32.3,16.8,24.5,65.0,2.97,21.21,6.53,6.53,2020-06-30 02:00:00
2020-07-01,1,2020,2.8,Moderate,29.0,16.5,22.8,70.0,2.91,24.84,7.4,7.4,2020-07-01 02:00:00
2020-07-02,1,2020,0.6,Moderate,30.7,16.1,23.4,68.0,3.08,21.19,6.41,6.41,2020-07-02 02:00:00
2020-07-03,1,2020,0.0,Moderate,31.2,16.6,23.9,65.0,3.14,22.9,6.98,6.98,2020-07-03 02:00:00
2020-07-04,1,2020,0.5,Moderate,32.3,17.8,25.0,64.0,3.32,21.06,6.55,6.55,2020-07-04 02:00:00
2020-07-05,1,2020,1.7,Moderate,31.5,17.4,24.4,71.0,2.84,21.82,6.67,6.67,2020-07-05 02:00:00
2020-07-06,1,2020,2.1,Moderate,29.9,16.9,23.4,67.0,3.02,24.15,7.28,7.28,2020-07-06 02:00:00
2020-07-07,1,2020,0.1,Moderate,30.8,16.1,23.4,64.0,2.9,22.01,6.67,6.67,2020-07-07 02:00:00
2020-07-08,1,2020,1.5,Moderate,30.5,15.6,23.1,63.0,3.12,23.33,7.03,7.03,2020-07-08 02:00:00
2020-07-09,1,2020,0.0,Moderate,29.1,17.4,23.3,63.0,2.96,23.28,7.03,7.03,2020-07-09 02:00:00
2020-07-10,1,2020,0.4,Moderate,31.1,16.7,23.9,64.0,2.94,23.36,7.11,7.11,2020-07-10 02:00:00
2020-07-11,1,2020,0.5,Moderate,29.3,17.8,23.6,67.0,3.29,23.41,7.09,7.09,2020-07-11 02:00:00
2020-07-12,1,2020,3.9,Moderate,31.0,18.9,25.0,69.0,3.17,21.51,6.65,6.65,2020-07-12 02:00:00
2020-07-13,1,2020,0.5,Moderate,31.1,17.7,24.4,63.0,3.35,22.5,6.93,6.93,2020-07-13 02:00:00
2020-07-14,1,2020,2.5,Moderate,30.6,17.5,24.0,62.0,2.67,22.28,6.81,6.81,2020-07-14 02:00:00
2020-07-15,1,2020,0.2,Moderate,29.2,17.2,23.2,68.0,2.97,22.29,6.71,6.71,2020-07-15 02:00:00
2020-07-16,1,2020,0.0,Moderate,30.7,16.0,23.4,66.0,2.92,21.97,6.64,6.64,2020-07-16 02:00:00
2020-07-17,1,2020,0.0,Moderate,30.9,17.5,24.2,71.0,2.91,23.76,7.23,7.23,2020-07-17 02:00:00
2020-07-18,1,2020,2.6,Moderate,29.9,16.8,23.4,69.0,3.0,23.86,7.18,7.18,2020-07-18 02:00:00
2020-07-19,1,2020,3.0,Moderate,30.9,16.2,23.5,63.0,2.8,23.99,7.26,7.26,2020-07-19 02:00:00
2020-07-20,1,2020,0.3,Moderate,30.8,16.9,23.9,68.0,3.7,24.82,7.55,7.55,2020-07-20 02:00:00
2020-07-21,1,2020,3.9,Moderate,31.4,16.2,23.8,68.0,3.73,22.27,6.79,6.79,2020-07-21 02:00:00
2020-07-22,1,2020,1.5,Moderate,33.0,17.0,25.0,63.0,3.04,25.03,7.74,7.74,2020-07-22 02:00:00
2020-07-23,1,2020,0.1,Moderate,29.7,19.3,24.5,64.0,3.05,24.78,7.61,7.61,2020-07-23 02:00:00
2020-07-24,1,2020,0.0,Moderate,30.2,16.4,23.3,64.0,3.08,24.27,7.32,7.32,2020-07-24 02:00:00
2020-07-25,1,2020,1.8,Moderate,31.6,17.4,24.5,61.0,2.91,25.42,7.8,7.8,2020-07-25 02:00:00
2020-07-26,1,2020,0.0,Moderate,30.8,17.8,24.3,66.0,2.89,23.86,7.29,7.29,2020-07-26 02:00:00
2020-07-27,1,2020,4.3,Moderate,30.8,18.2,24.5,63.0,1.99,22.5,6.88,6.88,2020-07-27 02:00:00
2020-07-28,1,2020,3.2,Moderate,31.3,16.8,24.0,60.0,3.28,23.48,7.2,7.2,2020-07-28 02:00:00
2020-07-29,1,2020,6.7,Moderate,31.6,18.1,24.9,65.0,2.61,23.47,7.23,7.23,2020-07-29 02:00:00
2020-07-30,1,2020,2.1,Moderate,30.9,16.5,23.7,64.0,2.78,23.54,7.14,7.14,2020-07-30 02:00:00
2020-07-31,1,2020,0.5,Moderate,29.7,17.4,23.6,73.0,3.15,22.92,6.91,6.91,2020-07-31 02:00:00
2020-08-01,1,2020,0.4,Moderate,31.3,16.0,23.6,69.0,3.31,22.63,6.85,6.85,2020-08-01 02:00:00
2020-08-02,1,2020,0.6,Moderate,29.4,16.9,23.1,65.0,2.74,22.66,6.81,6.81,2020-08-02 02:00:00
2020-08-03,1,2020,3.8,Moderate,30.0,16.6,23.3,64.0,2.77,22.93,6.92,6.92,2020-08-03 02:00:00
2020-08-04,1,2020,0.0,Moderate,31.1,17.9,24.5,66.0,2.93,23.14,7.09,7.09,2020-08-04 02:00:00
2020-08-05,1,2020,0.6,Moderate,31.2,15.3,23.2,67.0,3.39,21.73,6.56,6.56,2020-08-05 02:00:00
2020-08-06,1,2020,0.0,Moderate,32.3,17.6,25.0,64.0,3.2,22.74,7.04,7.04,2020-08-06 02:00:00
2020-08-07,1,2020,0.0,Moderate,32.4,17.4,24.9,68.0,2.38,21.73,6.68,6.68,2020-08-07 02:00:00
2020-08-08,1,2020,6.0,Moderate,30.4,17.2,23.8,66.0,3.27,23.37,7.11,7.11,2020-08-08 02:00:00
2020-08-09,1,2020,1.6,Moderate,30.5,16.9,23.7,63.0,2.87,25.19,7.63,7.63,2020-08-09 02:00:00
2020-08-10,1,2020,1.8,Moderate,32.3,18.6,25.5,59.0,2.71,22.41,7.0,7.0,2020-08-10 02:00:00
2020-08-11,1,2020,2.0,Moderate,33.2,19.3,26.2,62.0,3.03,23.01,7.26,7.26,2020-08-11 02:00:00
2020-08-12,1,2020,0.0,Moderate,31.3,17.3,24.3,61.0,3.11,22.81,7.02,7.02,2020-08-12 02:00:00
2020-08-13,1,2020,0.0,Moderate,30.8,18.3,24.5,65.0,2.5,22.55,6.91,6.91,2020-08-13 02:00:00
2020-08-14,1,2020,2.9,Moderate,30.3,17.6,23.9,64.0,2.44,22.82,6.93,6.93,2020-08-14 02:00:00
2020-08-15,1,2020,0.0,Moderate,29.6,17.5,23.6,69.0,3.83,22.64,6.87,6.87,2020-08-15 02:00:00
2020-08-16,1,2020,2.2,Moderate,31.0,17.2,24.1,64.0,2.55,24.09,7.33,7.33,2020-08-16 02:00:00
2020-08-17,1,2020,0.5,Moderate,30.0,18.4,24.2,64.0,3.11,24.71,7.55,7.55,2020-08-17 02:00:00
2020-08-18,1,2020,1.0,Moderate,31.8,17.9,24.8,66.0,2.43,24.67,7.57,7.57,2020-08-18 02:00:00
2020-08-19,1,2020,0.0,Moderate,28.8,18.2,23.5,68.0,2.57,23.55,7.09,7.09,2020-08-19 02:00:00
2020-08-20,1,2020,0.7,Moderate,31.9,16.2,24.0,61.0,2.63,23.28,7.11,7.11,2020-08-20 02:00:00
2020-08-21,1,2020,1.4,Moderate,32.0,18.0,25.0,70.0,3.87,22.64,7.01,7.01,2020-08-21 02:00:00
2020-08-22,1,2020,2.2,Moderate,30.6,17.6,24.1,70.0,3.54,22.49,6.86,6.86,2020-08-22 02:00:00
2020-08-23,1,2020,1.1,Moderate,31.0,17.1,24.0,65.0,3.67,23.13,7.09,7.09,2020-08-23 02:00:00
2020-08-24,1,2020,3.1,Moderate,31.4,17.9,24.6,66.0,3.31,23.05,7.1,7.1,2020-08-24 02:00:00
2020-08-25,1,2020,1.1,Moderate,31.0,17.5,24.2,59.0,2.95,22.14,6.81,6.81,2020-08-25 02:00:00
2020-08-26,1,2020,0.0,Moderate,29.6,17.6,23.6,62.0,2.7,23.97,7.26,7.26,2020-08-26 02:00:00
2020-08-27,1,2020,0.6,Moderate,31.7,17.9,24.8,65.0,2.87,25.01,7.69,7.69,2020-08-27 02:00:00
2020-08-28,1,2020,3.1,Moderate,33.8,17.7,25.7,68.0,3.08,21.53,6.73,6.73,2020-08-28 02:00:00
2020-08-29,1,2020,0.0,Moderate,33.0,18.5,25.8,63.0,3.04,24.04,7.52,7.52,2020-08-29 02:00:00
2020-08-30,1,2020,1.2,High,31.3,18.5,24.9,63.0,2.53,24.84,7.64,7.64,2020-08-30 02:00:00
2020-08-31,1,2020,0.0,High,31.2,17.0,24.1,64.0,3.66,22.23,6.83,6.83,2020-08-31 02:00:00
2020-09-01,1,2020,3.8,High,32.1,18.2,25.2,63.0,3.08,22.24,6.92,6.92,2020-09-01 02:00:00
2020-09-02,1,2020,0.0,High,30.3,17.7,24.0,66.0,3.19,23.25,7.09,7.09,2020-09-02 02:00:00
2020-09-03,1,2020,3.5,High,30.0,17.4,23.7,62.0,3.2,22.85,6.96,6.96,2020-09-03 02:00:00
2020-09-04,1,2020,0.3,High,32.4,18.0,25.2,60.0,3.03,22.5,7.01,7.01,2020-09-04 02:00:00
2020-09-05,1,2020,0.0,High,31.2,19.2,25.2,61.0,3.22,22.28,6.95,6.95,2020-09-05 02:00:00
2020-09-06,1,2020,3.2,High,31.5,16.8,24.2,62.0,2.33,24.02,7.32,7.32,2020-09-06 02:00:00
2020-09-07,1,2020,0.8,High,29.9,17.5,23.7,61.0,3.23,22.57,6.89,6.89,2020-09-07 02:00:00
2020-09-08,1,2020,0.1,High,30.9,18.3,24.6,64.0,2.46,21.7,6.67,6.67,2020-09-08 02:00:00
2020-09-09,1,2020,0.1,High,30.4,18.6,24.5,63.0,2.42,21.86,6.71,6.71,2020-09-09 02:00:00
2020-09-10,1,2020,1.2,High,32.2,17.8,25.0,60.0,2.54,23.13,7.16,7.16,2020-09-10 02:00:00
2020-09-11,1,2020,1.6,High,32.3,17.1,24.7,62.0,3.82,24.34,7.53,7.53,2020-09-11 02:00:00
2020-09-12,1,2020,0.0,High,32.0,19.3,25.6,60.0,2.9,25.86,8.07,8.07,2020-09-12 02:00:00
2020-09-13,1,2020,2.2,High,28.9,17.8,23.3,59.0,2.5,22.79,6.9,6.9,2020-09-13 02:00:00
2020-09-14,1,2020,1.1,High,31.0,19.6,25.3,60.0,2.22,24.33,7.53,7.53,2020-09-14 02:00:00
2020-09-15,1,2020,0.0,High,33.0,18.0,25.5,57.0,3.14,22.45,7.05,7.05,2020-09-15 02:00:00
2020-09-16,1,2020,2.2,High,32.1,17.5,24.8,64.0,2.69,24.09,7.41,7.41,2020-09-16 02:00:00
2020-09-17,1,2020,0.0,High,30.4,17.6,24.0,66.0,2.85,22.66,6.9,6.9,2020-09-17 02:00:00
2020-09-18,1,2020,0.5,High,31.3,18.8,25.0,65.0,3.61,23.31,7.24,7.24,2020-09-18 02:00:00
2020-09-19,1,2020,0.8,High,31.7,18.4,25.0,65.0,2.84,23.46,7.25,7.25,2020-09-19 02:00:00
2020-09-20,1,2020,0.3,High,31.9,17.8,24.8,59.0,3.55,23.58,7.33,7.33,2020-09-20 02:00:00
2020-09-21,1,2020,0.0,High,31.1,18.6,24.9,60.0,3.73,24.1,7.49,7.49,2020-09-21 02:00:00
2020-09-22,1,2020,0.4,High,31.9,17.1,24.5,65.0,2.66,24.75,7.57,7.57,2020-09-22 02:00:00
2020-09-23,1,2020,0.2,High,33.0,16.8,24.9,64.0,2.82,23.01,7.11,7.11,2020-09-23 02:00:00
2020-09-24,1,2020,0.0,High,31.6,17.6,24.6,60.0,2.85,23.51,7.25,7.25,2020-09-24 02:00:00
2020-09-25,1,2020,0.0,High,30.7,17.9,24.3,60.0,3.85,25.02,7.71,7.71,2020-09-25 02:00:00
2020-09-26,1,2020,0.0,High,33.2,17.6,25.4,65.0,3.05,24.81,7.7,7.7,2020-09-26 02:00:00
2020-09-27,1,2020,0.7,High,31.1,17.6,24.3,64.0,2.97,24.99,7.64,7.64,2020-09-27 02:00:00
2020-09-28,1,2020,1.1,High,31.5,18.0,24.7,60.0,3.17,23.96,7.41,7.41,2020-09-28 02:00:00
2020-09-29,1,2020,0.0,High,32.4,17.2,24.8,63.0,3.52,23.9,7.4,7.4,2020-09-29 02:00:00
2020-09-30,1,2020,0.0,High,32.9,18.5,25.7,61.0,3.53,22.48,7.08,7.08,2020-09-30 02:00:00
2020-10-01,1,2020,0.0,High,31.1,18.2,24.6,62.0,3.16,24.6,7.58,7.58,2020-10-01 02:00:00
2020-10-02,1,2020,7.8,High,32.3,18.5,25.4,67.0,3.24,21.91,6.82,6.82,2020-10-02 02:00:00
2020-10-03,1,2020,2.8,High,32.6,17.8,25.2,63.0,3.35,25.7,7.97,7.97,2020-10-03 02:00:00
2020-10-04,1,2020,0.2,High,30.7,19.2,25.0,65.0,2.88,23.69,7.31,7.31,2020-10-04 02:00:00
2020-10-05,1,2020,0.0,High,32.5,16.4,24.4,60.0,2.75,24.45,7.5,7.5,2020-10-05 02:00:00
2020-10-06,1,2020,1.5,High,32.2,17.5,24.9,60.0,2.99,24.3,7.52,7.52,2020-10-06 02:00:00
2020-10-07,1,2020,0.0,High,31.2,17.6,24.4,65.0,2.66,23.28,7.12,7.12,2020-10-07 02:00:00
2020-10-08,1,2020,0.0,High,32.8,18.2,25.5,67.0,2.26,24.55,7.59,7.59,2020-10-08 02:00:00
2020-10-09,1,2020,1.8,High,32.3,19.1,25.7,65.0,3.42,23.7,7.41,7.41,2020-10-09 02:00:00
2020-10-10,1,2020,1.6,High,32.2,17.3,24.7,67.0,3.0,23.57,7.25,7.25,2020-10-10 02:00:00
2020-10-11,1,2020,1.7,High,33.3,19.7,26.5,66.0,3.07,26.05,8.19,8.19,2020-10-11 02:00:00
2020-10-12,1,2020,0.0,High,32.0,18.4,25.2,68.0,3.29,23.28,7.21,7.21,2020-10-12 02:00:00
2020-10-13,1,2020,4.5,High,29.9,19.0,24.5,64.0,3.41,22.6,6.96,6.96,2020-10-13 02:00:00
2020-10-14,1,2020,1.6,High,33.6,17.3,25.4,63.0,2.5,24.18,7.5,7.5,2020-10-14 02:00:00
2020-10-15,1,2020,3.6,High,31.0,17.0,24.0,63.0,2.83,23.91,7.29,7.29,2020-10-15 02:00:00
2020-10-16,1,2020,0.7,High,30.9,17.5,24.2,66.0,2.58,25.19,7.66,7.66,2020-10-16 02:00:00
2020-10-17,1,2020,1.0,High,31.3,18.3,24.8,68.0,3.3,22.27,6.87,6.87,2020-10-17 02:00:00
2020-10-18,1,2020,4.6,High,31.2,17.2,24.2,63.0,2.81,23.94,7.32,7.32,2020-10-18 02:00:00
2020-10-19,1,2020,0.6,High,32.2,16.9,24.5,61.0,3.46,23.89,7.38,7.38,2020-10-19 02:00:00
2020-10-20,1,2020,0.0,High,30.7,19.1,24.9,62.0,2.7,23.41,7.23,7.23,2020-10-20 02:00:00
2020-10-21,1,2020,0.0,High,31.2,17.3,24.2,57.0,3.35,24.67,7.6,7.6,2020-10-21 02:00:00
2020-10-22,1,2020,4.0,High,32.4,16.8,24.6,63.0,2.04,25.65,7.84,7.84,2020-10-22 02:00:00
2020-10-23,1,2020,2.5,High,32.3,17.1,24.7,61.0,2.82,22.64,6.99,6.99,2020-10-23 02:00:00
2020-10-24,1,2020,0.3,High,31.4,18.6,25.0,58.0,2.12,23.25,7.18,7.18,2020-10-24 02:00:00
2020-10-25,1,2020,5.6,High,32.1,18.2,25.2,63.0,2.91,24.17,7.49,7.49,2020-10-25 02:00:00
2020-10-26,1,2020,0.0,High,32.7,17.0,24.9,66.0,3.66,23.76,7.35,7.35,2020-10-26 02:00:00
2020-10-27,1,2020,0.0,High,32.4,20.1,26.2,58.0,2.26,24.81,7.79,7.79,2020-10-27 02:00:00
2020-10-28,1,2020,1.1,High,32.0,16.5,24.3,63.0,2.86,25.51,7.79,7.79,2020-10-28 02:00:00
2020-10-29,1,2020,3.4,High,32.7,17.9,25.3,61.0,3.19,24.82,7.72,7.72,2020-10-29 02:00:00
2020-10-30,1,2020,8.1,High,33.8,18.0,25.9,60.0,3.32,25.01,7.86,7.86,2020-10-30 02:00:00
2020-10-31,1,2020,0.4,High,33.2,18.6,25.9,60.0,2.81,24.02,7.53,7.53,2020-10-31 02:00:00
2020-11-01,1,2020,2.0,High,33.4,18.0,25.7,68.0,3.07,24.82,7.72,7.72,2020-11-01 02:00:00
2020-11-02,1,2020,0.0,High,32.0,17.2,24.6,59.0,3.13,24.31,7.51,7.51,2020-11-02 02:00:00
2020-11-03,1,2020,0.0,High,32.5,17.3,24.9,66.0,3.15,26.76,8.23,8.23,2020-11-03 02:00:00
2020-11-04,1,2020,1.2,High,31.3,17.0,24.2,57.0,2.95,25.94,7.95,7.95,2020-11-04 02:00:00
2020-11-05,1,2020,5.5,High,32.8,19.7,26.2,63.0,3.45,24.38,7.68,7.68,2020-11-05 02:00:00
2020-11-06,1,2020,2.4,High,32.9,16.9,24.9,58.0,2.85,24.5,7.59,7.59,2020-11-06 02:00:00
2020-11-07,1,2020,0.3,High,33.9,16.2,25.0,63.0,3.67,23.8,7.4,7.4,2020-11-07 02:00:00
2020-11-08,1,2020,0.0,High,33.0,17.4,25.2,64.0,3.22,25.91,8.03,8.03,2020-11-08 02:00:00
2020-11-09,1,2020,0.0,High,33.8,17.6,25.7,64.0,2.69,23.94,7.46,7.46,2020-11-09 02:00:00
2020-11-10,1,2020,2.3,High,31.3,17.4,24.3,62.0,3.25,24.43,7.5,7.5,2020-11-10 02:00:00
2020-11-11,1,2020,0.0,High,33.0,17.6,25.3,61.0,2.93,23.55,7.33,7.33,2020-11-11 02:00:00
2020-11-12,1,2020,9.4,High,32.8,18.4,25.6,64.0,2.52,24.75,7.69,7.69,2020-11-12 02:00:00
2020-11-13,1,2020,2.4,High,33.7,19.0,26.4,55.0,3.6,24.91,7.92,7.92,2020-11-13 02:00:00
2020-11-14,1,2020,0.0,High,31.4,17.1,24.2,64.0,2.91,21.67,6.64,6.64,2020-11-14 02:00:00
2020-11-15,1,2020,0.9,High,32.9,18.7,25.8,59.0,3.23,21.65,6.83,6.83,2020-11-15 02:00:00
2020-11-16,1,2020,1.8,High,32.9,17.1,25.0,68.0,3.23,24.27,7.49,7.49,2020-11-16 02:00:00
2020-11-17,1,2020,0.5,High,32.5,17.1,24.8,58.0,2.37,24.79,7.64,7.64,2020-11-17 02:00:00
2020-11-18,1,2020,0.0,High,32.1,18.2,25.2,69.0,2.63,24.14,7.44,7.44,2020-11-18 02:00:00
2020-11-19,1,2020,2.0,High,32.3,17.8,25.0,64.0,2.61,21.3,6.6,6.6,2020-11-19 02:00:00
2020-11-20,1,2020,5.5,High,31.1,18.2,24.7,58.0,2.88,23.23,7.18,7.18,2020-11-20 02:00:00
2020-11-21,1,2020,0.0,High,32.9,18.6,25.7,58.0,3.42,25.6,8.03,8.03,2020-11-21 02:00:00
2020-11-22,1,2020,3.3,High,33.0,17.6,25.3,61.0,2.56,22.81,7.09,7.09,2020-11-22 02:00:00
2020-11-23,1,2020,0.0,High,31.2,18.7,24.9,57.0,2.25,24.31,7.51,7.51,2020-11-23 02:00:00
2020-11-24,1,2020,0.1,High,33.3,17.8,25.6,58.0,3.2,23.93,7.5,7.5,2020-11-24 02:00:00
2020-11-25,1,2020,2.0,High,32.4,18.1,25.2,61.0,2.65,26.1,8.08,8.08,2020-11-25 02:00:00
2020-11-26,1,2020,1.1,High,34.3,18.4,26.4,65.0,3.21,24.02,7.56,7.56,2020-11-26 02:00:00
2020-11-27,1,2020,0.6,High,33.7,18.6,26.1,60.0,3.04,25.74,8.09,8.09,2020-11-27 02:00:00
2020-11-28,1,2020,0.0,High,31.4,17.6,24.5,61.0,2.68,23.03,7.08,7.08,2020-11-28 02:00:00
2020-11-29,1,2020,0.0,High,32.9,18.4,25.7,63.0,2.67,23.79,7.42,7.42,2020-11-29 02:00:00
2020-11-30,1,2020,0.7,High,33.4,17.2,25.3,64.0,3.39,25.27,7.85,7.85,2020-11-30 02:00:00
2020-12-01,1,2020,0.4,High,34.2,18.6,26.4,64.0,3.15,24.23,7.64,7.64,2020-12-01 02:00:00
2020-12-02,1,2020,3.0,High,31.9,18.6,25.3,59.0,3.01,23.81,7.42,7.42,2020-12-02 02:00:00
2020-12-03,1,2020,0.0,High,33.0,18.5,25.7,62.0,3.36,25.46,7.97,7.97,2020-12-03 02:00:00
2020-12-04,1,2020,7.8,High,33.3,17.8,25.5,61.0,2.83,25.01,7.79,7.79,2020-12-04 02:00:00
2020-12-05,1,2020,5.7,High,32.9,19.1,26.0,59.0,3.23,24.39,7.68,7.68,2020-12-05 02:00:00
2020-12-06,1,2020,2.6,High,34.2,18.5,26.3,61.0,3.11,23.4,7.39,7.39,2020-12-06 02:00:00
2020-12-07,1,2020,8.2,High,33.4,18.4,25.9,56.0,2.88,26.11,8.19,8.19,2020-12-07 02:00:00
2020-12-08,1,2020,0.0,High,33.3,16.8,25.1,57.0,2.63,25.47,7.89,7.89,2020-12-08 02:00:00
2020-12-09,1,2020,0.0,High,32.2,17.6,24.9,59.0,3.06,24.57,7.61,7.61,2020-12-09 02:00:00
2020-12-10,1,2020,0.0,High,33.1,19.5,26.3,64.0,3.0,22.69,7.15,7.15,2020-12-10 02:00:00
2020-12-11,1,2020,0.0,High,32.5,18.9,25.7,58.0,2.81,24.81,7.76,7.76,2020-12-11 02:00:00
2020-12-12,1,2020,1.4,High,32.3,18.1,25.2,62.0,2.54,24.97,7.73,7.73,2020-12-12 02:00:00
2020-12-13,1,2020,0.0,High,32.4,18.9,25.6,64.0,2.69,23.99,7.47,7.47,2020-12-13 02:00:00
2020-12-14,1,2020,0.0,High,32.3,17.8,25.1,57.0,3.35,26.16,8.14,8.14,2020-12-14 02:00:00
2020-12-15,1,2020,0.0,High,33.2,17.5,25.3,61.0,3.55,24.26,7.58,7.58,2020-12-15 02:00:00
2020-12-16,1,2020,3.0,High,33.5,18.0,25.7,55.0,2.89,24.72,7.76,7.76,2020-12-16 02:00:00
2020-12-17,1,2020,0.4,High,34.0,18.2,26.1,59.0,2.8,24.01,7.56,7.56,2020-12-17 02:00:00
2020-12-18,1,2020,0.0,High,33.7,18.4,26.0,59.0,2.75,24.32,7.64,7.64,2020-12-18 02:00:00
2020-12-19,1,2020,0.0,High,32.7,18.0,25.3,59.0,2.81,24.86,7.73,7.73,2020-12-19 02:00:00
2020-12-20,1,2020,2.9,High,32.1,18.8,25.4,61.0,3.25,23.57,7.36,7.36,2020-12-20 02:00:00
2020-12-21,1,2020,0.0,High,34.4,19.0,26.7,58.0,3.3,24.93,7.92,7.92,2020-12-21 02:00:00
2020-12-22,1,2020,0.0,High,32.4,18.2,25.3,62.0,2.9,24.62,7.65,7.65,2020-12-22 02:00:00
2020-12-23,1,2020,4.7,High,32.2,18.3,25.3,64.0,3.08,23.62,7.34,7.34,2020-12-23 02:00:00
2020-12-24,1,2020,0.0,High,32.5,18.6,25.6,59.0,3.0,23.63,7.39,7.39,2020-12-24 02:00:00
2020-12-25,1,2020,3.0,High,34.5,18.4,26.4,65.0,3.07,23.95,7.55,7.55,2020-12-25 02:00:00
2020-12-26,1,2020,0.1,High,31.7,19.4,25.6,66.0,3.07,24.71,7.69,7.69,2020-12-26 02:00:00
2020-12-27,1,2020,4.6,High,32.2,18.8,25.5,58.0,3.39,23.88,7.48,7.48,2020-12-27 02:00:00
2020-12-28,1,2020,0.4,High,33.9,19.1,26.5,57.0,3.56,24.78,7.88,7.88,2020-12-28 02:00:00
2020-12-29,1,2020,0.6,High,33.9,18.1,26.0,62.0,2.52,25.16,7.87,7.87,2020-12-29 02:00:00
2020-12-30,1,2020,3.9,High,32.4,17.9,25.2,57.0,2.97,23.79,7.41,7.41,2020-12-30 02:00:00
2020-12-31,1,2020,0.0,High,32.4,16.8,24.6,64.0,3.16,24.85,7.64,7.64,2020-12-31 02:00:00
2021-01-01,1,2021,0.6,Low,28.4,14.6,21.5,72.0,2.99,20.61,6.04,6.04,2021-01-01 02:00:00
2021-01-02,1,2021,3.3,Low,27.8,15.7,21.8,69.0,2.1,21.82,6.39,6.39,2021-01-02 02:00:00
2021-01-03,1,2021,0.5,Low,27.0,15.2,21.1,66.0,3.07,21.77,6.35,6.35,2021-01-03 02:00:00
2021-01-04,1,2021,1.4,Low,26.4,16.5,21.5,66.0,2.92,20.94,6.15,6.15,2021-01-04 02:00:00
2021-01-05,1,2021,0.3,Low,29.8,15.8,22.8,75.0,1.95,19.32,5.74,5.74,2021-01-05 02:00:00
2021-01-06,1,2021,0.5,Low,28.8,17.8,23.3,72.0,3.3,20.35,6.13,6.13,2021-01-06 02:00:00
2021-01-07,1,2021,1.2,Low,29.0,16.7,22.8,75.0,2.93,20.73,6.18,6.18,2021-01-07 02:00:00
2021-01-08,1,2021,1.3,Low,28.3,15.7,22.0,71.0,2.95,21.79,6.42,6.42,2021-01-08 02:00:00
2021-01-09,1,2021,0.2,Low,28.2,16.7,22.4,75.0,2.52,22.25,6.57,6.57,2021-01-09 02:00:00
2021-01-10,1,2021,5.6,Low,29.3,15.4,22.3,76.0,2.89,20.15,5.95,5.95,2021-01-10 02:00:00
2021-01-11,1,2021,0.1,Low,29.3,17.9,23.6,73.0,3.46,20.48,6.2,6.2,2021-01-11 02:00:00
2021-01-12,1,2021,2.1,Low,27.6,16.9,22.3,72.0,3.07,19.63,5.82,5.82,2021-01-12 02:00:00
2021-01-13,1,2021,0.0,Low,27.2,16.4,21.8,71.0,3.19,20.73,6.1,6.1,2021-01-13 02:00:00
2021-01-14,1,2021,0.4,Low,29.1,16.0,22.6,67.0,3.15,20.58,6.15,6.15,2021-01-14 02:00:00
2021-01-15,1,2021,0.7,Low,26.4,16.9,21.6,71.0,2.54,22.04,6.44,6.44,2021-01-15 02:00:00
2021-01-16,1,2021,6.0,Low,29.0,15.8,22.4,70.0,2.3,20.41,6.04,6.04,2021-01-16 02:00:00
2021-01-17,1,2021,0.2,Low,27.2,16.4,21.8,75.0,2.93,20.85,6.11,6.11,2021-01-17 02:00:00
2021-01-18,1,2021,10.0,Low,27.0,16.3,21.6,71.0,2.82,20.16,5.91,5.91,2021-01-18 02:00:00
2021-01-19,1,2021,2.0,Low,28.2,16.8,22.5,74.0,3.34,20.11,5.98,5.98,2021-01-19 02:00:00
2021-01-20,1,2021,0.1,Low,26.5,15.7,21.1,72.0,2.8,22.41,6.5,6.5,2021-01-20 02:00:00
2021-01-21,1,2021,0.0,Low,27.8,16.0,21.9,73.0,3.04,20.36,6.0,6.0,2021-01-21 02:00:00
2021-01-22,1,2021,0.1,Low,28.2,17.9,23.1,66.0,2.67,22.03,6.61,6.61,2021-01-22 02:00:00
2021-01-23,1,2021,1.7,Low,29.2,16.9,23.1,70.0,2.29,21.08,6.3,6.3,2021-01-23 02:00:00
2021-01-24,1,2021,5.2,Low,28.6,17.1,22.9,66.0,3.02,20.21,6.08,6.08,2021-01-24 02:00:00
2021-01-25,1,2021,0.8,Low,27.2,16.0,21.6,75.0,3.2,20.27,5.94,5.94,2021-01-25 02:00:00
2021-01-26,1,2021,1.6,Low,27.1,17.1,22.1,79.0,2.75,22.03,6.46,6.46,2021-01-26 02:00:00
2021-01-27,1,2021,0.2,Low,28.5,16.2,22.4,72.0,2.51,20.35,6.03,6.03,2021-01-27 02:00:00
2021-01-28,1,2021,1.3,Low,27.3,16.1,21.7,71.0,2.69,22.27,6.52,6.52,2021-01-28 02:00:00
2021-01-29,1,2021,0.2,Low,27.6,17.4,22.5,70.0,2.53,18.75,5.58,5.58,2021-01-29 02:00:00
2021-01-30,1,2021,0.3,Low,28.8,15.8,22.3,65.0,2.94,21.09,6.28,6.28,2021-01-30 02:00:00
2021-01-31,1,2021,0.7,Low,28.1,16.3,22.2,68.0,3.05,20.57,6.11,6.11,2021-01-31 02:00:00
2021-02-01,1,2021,1.9,Low,28.9,17.3,23.1,68.0,3.14,21.7,6.53,6.53,2021-02-01 02:00:00
2021-02-02,1,2021,1.9,Low,26.1,16.6,21.3,64.0,2.99,22.73,6.66,6.66,2021-02-02 02:00:00
2021-02-03,1,2021,0.4,Low,27.1,15.1,21.1,70.0,2.97,21.09,6.14,6.14,2021-02-03 02:00:00
2021-02-04,1,2021,3.6,Low,28.6,17.8,23.2,78.0,3.61,20.44,6.13,6.13,2021-02-04 02:00:00
2021-02-05,1,2021,2.0,Low,28.5,16.9,22.7,78.0,3.33,20.85,6.19,6.19,2021-02-05 02:00:00
2021-02-06,1,2021,1.9,Low,26.4,15.1,20.7,71.0,3.0,23.06,6.65,6.65,2021-02-06 02:00:00
2021-02-07,1,2021,2.5,Low,28.7,16.3,22.5,70.0,2.89,21.46,6.39,6.39,2021-02-07 02:00:00
2021-02-08,1,2021,0.3,Low,26.7,16.8,21.8,70.0,3.06,20.09,5.92,5.92,2021-02-08 02:00:00
2021-02-09,1,2021,2.0,Low,26.6,17.2,21.9,70.0,3.86,20.88,6.18,6.18,2021-02-09 02:00:00
2021-02-10,1,2021,2.3,Low,29.3,16.8,23.0,71.0,2.61,21.27,6.36,6.36,2021-02-10 02:00:00
2021-02-11,1,2021,4.8,Low,27.7,17.3,22.5,66.0,3.44,22.07,6.6,6.6,2021-02-11 02:00:00
2021-02-12,1,2021,4.3,Low,29.2,16.3,22.8,74.0,2.89,21.21,6.32,6.32,2021-02-12 02:00:00
2021-02-13,1,2021,0.1,Low,28.2,16.5,22.3,69.0,3.79,19.87,5.94,5.94,2021-02-13 02:00:00
2021-02-14,1,2021,0.0,Low,31.1,16.9,24.0,69.0,3.2,20.56,6.27,6.27,2021-02-14 02:00:00
2021-02-15,1,2021,0.0,Low,29.4,16.4,22.9,74.0,2.7,22.27,6.63,6.63,2021-02-15 02:00:00
2021-02-16,1,2021,2.6,Low,27.8,17.8,22.8,72.0,2.49,20.98,6.25,6.25,2021-02-16 02:00:00
2021-02-17,1,2021,0.1,Low,29.1,16.2,22.6,74.0,3.29,20.48,6.1,6.1,2021-02-17 02:00:00
2021-02-18,1,2021,0.5,Low,26.9,17.2,22.0,66.0,3.12,20.76,6.16,6.16,2021-02-18 02:00:00
2021-02-19,1,2021,2.9,Low,29.5,17.4,23.5,64.0,3.01,22.53,6.83,6.83,2021-02-19 02:00:00
2021-02-20,1,2021,0.1,Low,27.4,16.9,22.2,68.0,2.96,20.56,6.1,6.1,2021-02-20 02:00:00
2021-02-21,1,2021,3.7,Low,28.1,16.4,22.3,76.0,3.39,20.74,6.14,6.14,2021-02-21 02:00:00
2021-02-22,1,2021,6.5,Low,30.2,15.7,23.0,66.0,3.15,20.96,6.31,6.31,2021-02-22 02:00:00
2021-02-23,1,2021,1.2,Low,29.4,16.1,22.7,68.0,3.61,21.41,6.43,6.43,2021-02-23 02:00:00
2021-02-24,1,2021,1.7,Low,27.2,16.3,21.8,69.0,3.17,21.26,6.26,6.26,2021-02-24 02:00:00
2021-02-25,1,2021,10.3,Low,30.0,15.7,22.8,70.0,2.71,20.89,6.24,6.24,2021-02-25 02:00:00
2021-02-26,1,2021,0.3,Low,26.1,17.1,21.6,71.0,2.68,21.65,6.34,6.34,2021-02-26 02:00:00
2021-02-27,1,2021,5.9,Low,29.6,16.0,22.8,76.0,3.52,21.12,6.29,6.29,2021-02-27 02:00:00
2021-02-28,1,2021,0.7,Low,30.3,16.7,23.5,71.0,3.22,20.57,6.22,6.22,2021-02-28 02:00:00
2021-03-01,1,2021,0.9,Low,29.1,16.2,22.7,67.0,3.07,19.32,5.79,5.79,2021-03-01 02:00:00
2021-03-02,1,2021,0.9,Low,28.6,15.4,22.0,71.0,2.67,21.19,6.24,6.24,2021-03-02 02:00:00
2021-03-03,1,2021,1.4,Low,30.8,16.9,23.8,66.0,2.39,21.13,6.42,6.42,2021-03-03 02:00:00
2021-03-04,1,2021,0.5,Low,29.5,16.3,22.9,68.0,2.95,19.44,5.84,5.84,2021-03-04 02:00:00
2021-03-05,1,2021,0.8,Low,29.6,16.9,23.2,73.0,2.87,20.63,6.19,6.19,2021-03-05 02:00:00
2021-03-06,1,2021,3.6,Low,27.7,16.1,21.9,74.0,2.76,22.22,6.51,6.51,2021-03-06 02:00:00
2021-03-07,1,2021,3.0,Low,27.4,16.4,21.9,77.0,3.25,20.08,5.9,5.9,2021-03-07 02:00:00
2021-03-08,1,2021,0.2,Low,28.5,16.5,22.5,71.0,2.44,22.59,6.69,6.69,2021-03-08 02:00:00
2021-03-09,1,2021,0.5,Low,28.1,17.7,22.9,71.0,2.82,21.85,6.53,6.53,2021-03-09 02:00:00
2021-03-10,1,2021,0.9,Low,28.9,16.4,22.7,69.0,3.19,21.18,6.33,6.33,2021-03-10 02:00:00
2021-03-11,1,2021,0.0,Low,28.4,16.5,22.4,72.0,3.11,22.44,6.65,6.65,2021-03-11 02:00:00
2021-03-12,1,2021,1.8,Low,29.9,16.2,23.0,66.0,3.37,23.5,7.07,7.07,2021-03-12 02:00:00
2021-03-13,1,2021,1.3,Low,30.9,16.5,23.7,69.0,3.29,21.65,6.57,6.57,2021-03-13 02:00:00
2021-03-14,1,2021,2.3,Low,29.0,17.0,23.0,72.0,2.79,21.6,6.45,6.45,2021-03-14 02:00:00
2021-03-15,1,2021,0.2,Low,27.7,15.8,21.8,66.0,3.11,21.5,6.35,6.35,2021-03-15 02:00:00
2021-03-16,1,2021,0.8,Low,30.0,16.9,23.4,66.0,2.86,20.89,6.32,6.32,2021-03-16 02:00:00
2021-03-17,1,2021,0.6,Low,30.7,17.9,24.3,66.0,3.71,23.01,7.06,7.06,2021-03-17 02:00:00
2021-03-18,1,2021,4.8,Low,29.0,16.9,22.9,69.0,2.96,20.81,6.24,6.24,2021-03-18 02:00:00
2021-03-19,1,2021,4.5,Low,28.4,17.8,23.1,73.0,2.99,23.59,7.05,7.05,2021-03-19 02:00:00
2021-03-20,1,2021,2.6,Low,28.3,15.6,21.9,71.0,2.89,23.0,6.76,6.76,2021-03-20 02:00:00
2021-03-21,1,2021,0.0,Low,27.5,17.6,22.5,70.0,2.34,20.2,6.0,6.0,2021-03-21 02:00:00
2021-03-22,1,2021,0.8,Low,29.1,16.3,22.7,68.0,2.94,22.26,6.64,6.64,2021-03-22 02:00:00
2021-03-23,1,2021,0.0,Low,30.4,16.2,23.3,67.0,3.25,21.77,6.58,6.58,2021-03-23 02:00:00
2021-03-24,1,2021,1.2,Low,29.1,18.0,23.6,64.0,3.78,21.7,6.62,6.62,2021-03-24 02:00:00
2021-03-25,1,2021,0.1,Low,28.3,15.7,22.0,70.0,2.69,21.55,6.35,6.35,2021-03-25 02:00:00
2021-03-26,1,2021,0.2,Low,28.5,17.7,23.1,72.0,2.88,20.15,6.05,6.05,2021-03-26 02:00:00
2021-03-27,1,2021,2.8,Low,29.5,15.9,22.7,71.0,3.35,20.21,6.05,6.05,2021-03-27 02:00:00
2021-03-28,1,2021,0.0,Low,29.2,14.9,22.1,73.0,3.22,21.67,6.39,6.39,2021-03-28 02:00:00
2021-03-29,1,2021,3.4,Low,29.1,15.5,22.3,72.0,3.04,22.71,6.72,6.72,2021-03-29 02:00:00
2021-03-30,1,2021,2.2,Low,28.2,18.0,23.1,73.0,3.3,22.43,6.72,6.72,2021-03-30 02:00:00
2021-03-31,1,2021,0.4,Low,28.8,16.8,22.8,70.0,2.52,19.95,5.96,5.96,2021-03-31 02:00:00
2021-04-01,1,2021,0.2,Low,28.5,16.4,22.5,69.0,2.2,20.67,6.13,6.13,2021-04-01 02:00:00
2021-04-02,1,2021,2.9,Low,28.0,15.7,21.8,68.0,2.42,20.64,6.07,6.07,2021-04-02 02:00:00
2021-04-03,1,2021,0.4,Low,29.8,16.8,23.3,72.0,2.96,21.2,6.38,6.38,2021-04-03 02:00:00
2021-04-04,1,2021,5.1,Low,29.1,14.6,21.8,69.0,2.34,21.42,6.29,6.29,2021-04-04 02:00:00
2021-04-05,1,2021,0.9,Low,29.3,16.5,22.9,71.0,2.91,20.59,6.16,6.16,2021-04-05 02:00:00
2021-04-06,1,2021,0.1,Low,28.9,16.5,22.7,71.0,3.09,20.66,6.17,6.17,2021-04-06 02:00:00
2021-04-07,1,2021,6.8,Low,31.0,16.2,23.6,67.0,3.35,20.55,6.25,6.25,2021-04-07 02:00:00
2021-04-08,1,2021,0.3,Low,28.0,17.9,23.0,71.0,3.25,20.71,6.22,6.22,2021-04-08 02:00:00
2021-04-09,1,2021,0.0,Low,30.4,17.5,23.9,68.0,3.15,22.35,6.8,6.8,2021-04-09 02:00:00
2021-04-10,1,2021,2.2,Low,29.5,14.9,22.2,69.0,2.99,20.43,6.06,6.06,2021-04-10 02:00:00
2021-04-11,1,2021,1.8,Low,28.1,17.9,23.0,64.0,3.71,21.16,6.41,6.41,2021-04-11 02:00:00
2021-04-12,1,2021,4.6,Low,30.2,18.8,24.5,69.0,2.89,21.57,6.61,6.61,2021-04-12 02:00:00
2021-04-13,1,2021,0.3,Low,30.1,16.7,23.4,69.0,2.78,20.12,6.07,6.07,2021-04-13 02:00:00
2021-04-14,1,2021,0.5,Low,30.1,15.8,23.0,70.0,2.69,22.45,6.71,6.71,2021-04-14 02:00:00
2021-04-15,1,2021,1.4,Low,29.4,16.0,22.7,68.0,2.98,21.33,6.37,6.37,2021-04-15 02:00:00
2021-04-16,1,2021,0.7,Low,30.8,17.3,24.1,72.0,2.69,21.52,6.53,6.53,2021-04-16 02:00:00
2021-04-17,1,2021,4.8,Low,30.7,16.8,23.8,68.0,3.15,19.37,5.91,5.91,2021-04-17 02:00:00
2021-04-18,1,2021,1.0,Low,30.1,16.1,23.1,63.0,3.49,22.57,6.83,6.83,2021-04-18 02:00:00
2021-04-19,1,2021,0.0,Low,28.1,16.9,22.5,64.0,2.58,20.8,6.21,6.21,2021-04-19 02:00:00
2021-04-20,1,2021,1.5,Low,28.6,15.7,22.2,72.0,3.66,20.24,6.01,6.01,2021-04-20 02:00:00
2021-04-21,1,2021,4.9,Low,26.6,17.2,21.9,62.0,3.43,23.97,7.1,7.1,2021-04-21 02:00:00
2021-04-22,1,2021,0.0,Low,31.2,17.3,24.3,67.0,3.05,20.28,6.22,6.22,2021-04-22 02:00:00
2021-04-23,1,2021,4.3,Low,29.7,14.9,22.3,63.0,1.67,23.24,6.87,6.87,2021-04-23 02:00:00
2021-04-24,1,2021,2.9,Low,30.1,16.7,23.4,65.0,3.03,20.68,6.27,6.27,2021-04-24 02:00:00
2021-04-25,1,2021,0.8,Low,31.4,16.5,23.9,71.0,2.49,21.84,6.61,6.61,2021-04-25 02:00:00
2021-04-26,1,2021,0.3,Low,28.0,17.3,22.6,65.0,2.47,22.87,6.82,6.82,2021-04-26 02:00:00
2021-04-27,1,2021,4.7,Low,29.6,17.4,23.5,67.0,2.65,20.47,6.19,6.19,2021-04-27 02:00:00
2021-04-28,1,2021,0.0,Low,29.8,17.7,23.8,66.0,3.4,20.96,6.4,6.4,2021-04-28 02:00:00
2021-04-29,1,2021,0.2,Low,29.1,15.8,22.5,63.0,2.86,23.12,6.9,6.9,2021-04-29 02:00:00
2021-04-30,1,2021,2.0,Low,30.4,18.9,24.7,75.0,3.38,21.82,6.68,6.68,2021-04-30 02:00:00
2021-05-01,1,2021,0.8,Low,28.3,16.7,22.5,72.0,2.82,21.99,6.52,6.52,2021-05-01 02:00:00
2021-05-02,1,2021,0.7,Moderate,29.8,16.6,23.2,72.0,2.72,22.64,6.78,6.78,2021-05-02 02:00:00
2021-05-03,1,2021,11.3,Moderate,29.4,15.6,22.5,67.0,3.13,21.6,6.44,6.44,2021-05-03 02:00:00
2021-05-04,1,2021,0.4,Moderate,30.2,15.5,22.8,63.0,3.06,21.88,6.58,6.58,2021-05-04 02:00:00
2021-05-05,1,2021,0.3,Moderate,28.4,17.5,22.9,74.0,3.4,22.93,6.85,6.85,2021-05-05 02:00:00
2021-05-06,1,2021,2.5,Moderate,29.4,16.4,22.9,75.0,2.73,21.14,6.3,6.3,2021-05-06 02:00:00
2021-05-07,1,2021,0.0,Moderate,29.5,17.3,23.4,65.0,3.54,22.7,6.88,6.88,2021-05-07 02:00:00
2021-05-08,1,2021,2.1,Moderate,30.3,15.5,22.9,67.0,3.1,22.63,6.78,6.78,2021-05-08 02:00:00
2021-05-09,1,2021,2.8,Moderate,29.0,17.8,23.4,71.0,2.92,22.76,6.84,6.84,2021-05-09 02:00:00
2021-05-10,1,2021,1.0,Moderate,29.5,17.6,23.6,68.0,3.61,20.66,6.29,6.29,2021-05-10 02:00:00
2021-05-11,1,2021,0.8,Moderate,30.3,17.2,23.7,66.0,3.36,21.1,6.43,6.43,2021-05-11 02:00:00
2021-05-12,1,2021,3.1,Moderate,30.4,15.9,23.1,71.0,3.0,20.86,6.26,6.26,2021-05-12 02:00:00
2021-05-13,1,2021,5.3,Moderate,27.8,17.9,22.8,69.0,2.15,22.02,6.56,6.56,2021-05-13 02:00:00
2021-05-14,1,2021,0.0,Moderate,30.3,17.7,24.0,73.0,2.86,24.01,7.26,7.26,2021-05-14 02:00:00
2021-05-15,1,2021,1.1,Moderate,29.4,17.3,23.3,70.0,2.88,21.94,6.6,6.6,2021-05-15 02:00:00
2021-05-16,1,2021,0.0,Moderate,29.4,16.7,23.0,72.0,2.33,22.21,6.63,6.63,2021-05-16 02:00:00
2021-05-17,1,2021,0.5,Moderate,29.4,16.0,22.7,67.0,2.39,22.72,6.76,6.76,2021-05-17 02:00:00
2021-05-18,1,2021,4.3,Moderate,28.4,15.6,22.0,65.0,3.48,21.47,6.38,6.38,2021-05-18 02:00:00
2021-05-19,1,2021,3.4,Moderate,29.9,16.6,23.2,69.0,2.89,21.06,6.34,6.34,2021-05-19 02:00:00
2021-05-20,1,2021,1.4,Moderate,30.9,17.4,24.1,71.0,2.7,21.7,6.6,6.6,2021-05-20 02:00:00
2021-05-21,1,2021,0.0,Moderate,29.2,17.2,23.2,73.0,3.88,21.8,6.57,6.57,2021-05-21 02:00:00
2021-05-22,1,2021,0.8,Moderate,28.3,16.0,22.1,65.0,2.97,22.85,6.77,6.77,2021-05-22 02:00:00
2021-05-23,1,2021,1.9,Moderate,31.3,16.0,23.7,66.0,3.14,23.52,7.13,7.13,2021-05-23 02:00:00
2021-05-24,1,2021,2.8,Moderate,29.9,16.7,23.3,67.0,3.6,22.65,6.85,6.85,2021-05-24 02:00:00
2021-05-25,1,2021,4.8,Moderate,29.9,17.6,23.8,68.0,3.22,22.99,6.98,6.98,2021-05-25 02:00:00
2021-05-26,1,2021,0.0,Moderate,29.5,17.9,23.7,68.0,3.47,23.15,7.03,7.03,2021-05-26 02:00:00
2021-05-27,1,2021,0.0,Moderate,30.6,17.2,23.9,67.0,2.49,22.07,6.7,6.7,2021-05-27 02:00:00
2021-05-28,1,2021,4.3,Moderate,29.7,16.8,23.2,61.0,3.28,23.34,7.07,7.07,2021-05-28 02:00:00
2021-05-29,1,2021,0.5,Moderate,29.8,16.4,23.1,64.0,2.88,20.84,6.29,6.29,2021-05-29 02:00:00
2021-05-30,1,2021,1.5,Moderate,30.2,16.9,23.6,64.0,2.65,23.93,7.23,7.23,2021-05-30 02:00:00
2021-05-31,1,2021,0.0,Moderate,34.0,18.6,26.3,67.0,2.87,21.45,6.75,6.75,2021-05-31 02:00:00
2021-06-01,1,2021,0.0,Moderate,29.2,17.9,23.6,68.0,3.1,20.75,6.3,6.3,2021-06-01 02:00:00
2021-06-02,1,2021,1.4,Moderate,28.9,17.6,23.2,64.0,2.89,22.91,6.91,6.91,2021-06-02 02:00:00
2021-06-03,1,2021,2.3,Moderate,30.6,16.1,23.4,65.0,2.69,23.36,7.04,7.04,2021-06-03 02:00:00
2021-06-04,1,2021,2.0,Moderate,29.9,16.3,23.1,69.0,3.08,22.15,6.65,6.65,2021-06-04 02:00:00
2021-06-05,1,2021,0.7,Moderate,30.1,16.3,23.2,71.0,3.09,22.99,6.9,6.9,2021-06-05 02:00:00
2021-06-06,1,2021,0.3,Moderate,30.3,17.3,23.8,66.0,3.21,21.48,6.55,6.55,2021-06-06 02:00:00
2021-06-07,1,2021,1.0,Moderate,30.0,17.0,23.5,68.0,2.93,23.47,7.09,7.09,2021-06-07 02:00:00
2021-06-08,1,2021,0.0,Moderate,31.7,16.2,24.0,68.0,3.08,22.33,6.8,6.8,2021-06-08 02:00:00
2021-06-09,1,2021,3.6,Moderate,28.3,16.0,22.2,64.0,3.27,22.91,6.81,6.81,2021-06-09 02:00:00
2021-06-10,1,2021,0.0,Moderate,29.8,16.7,23.3,67.0,2.53,22.66,6.81,6.81,2021-06-10 02:00:00
2021-06-11,1,2021,1.1,Moderate,28.8,17.5,23.2,68.0,3.24,25.35,7.61,7.61,2021-06-11 02:00:00
2021-06-12,1,2021,1.7,Moderate,30.2,17.2,23.7,63.0,3.01,23.11,7.02,7.02,2021-06-12 02:00:00
2021-06-13,1,2021,2.3,Moderate,30.3,16.6,23.4,68.0,3.56,21.73,6.59,6.59,2021-06-13 02:00:00
2021-06-14,1,2021,1.0,Moderate,29.9,17.5,23.7,67.0,2.53,21.49,6.51,6.51,2021-06-14 02:00:00
2021-06-15,1,2021,0.1,Moderate,30.3,15.6,22.9,67.0,2.62,24.77,7.39,7.39,2021-06-15 02:00:00
2021-06-16,1,2021,0.6,Moderate,28.5,16.8,22.6,65.0,3.0,22.14,6.62,6.62,2021-06-16 02:00:00
2021-06-17,1,2021,0.6,Moderate,30.1,18.1,24.1,70.0,2.49,24.12,7.31,7.31,2021-06-17 02:00:00
2021-06-18,1,2021,0.0,Moderate,30.5,16.7,23.6,64.0,2.86,23.82,7.22,7.22,2021-06-18 02:00:00
2021-06-19,1,2021,1.7,Moderate,30.5,16.2,23.3,65.0,2.51,22.74,6.85,6.85,2021-06-19 02:00:00
2021-06-20,1,2021,0.6,Moderate,31.9,16.5,24.2,66.0,3.46,21.83,6.7,6.7,2021-06-20 02:00:00
2021-06-21,1,2021,0.0,Moderate,32.7,16.6,24.7,66.0,3.4,22.19,6.85,6.85,2021-06-21 02:00:00
2021-06-22,1,2021,3.1,Moderate,31.1,15.5,23.3,66.0,3.2,22.06,6.67,6.67,2021-06-22 02:00:00
2021-06-23,1,2021,3.7,Moderate,30.0,16.0,23.0,66.0,3.06,22.04,6.62,6.62,2021-06-23 02:00:00
2021-06-24,1,2021,1.4,Moderate,30.4,15.7,23.1,65.0,2.82,23.52,7.07,7.07,2021-06-24 02:00:00
2021-06-25,1,2021,0.7,Moderate,30.4,15.4,22.9,65.0,3.01,23.16,6.95,6.95,2021-06-25 02:00:00
2021-06-26,1,2021,1.6,Moderate,31.0,17.0,24.0,67.0,3.51,23.92,7.29,7.29,2021-06-26 02:00:00
2021-06-27,1,2021,0.1,Moderate,31.4,17.7,24.6,71.0,1.82,21.23,6.47,6.47,2021-06-27 02:00:00
2021-06-28,1,2021,0.3,Moderate,29.5,16.7,23.1,72.0,3.17,23.72,7.1,7.1,2021-06-28 02:00:00
2021-06-29,1,2021,0.8,Moderate,32.4,16.5,24.5,66.0,2.97,23.3,7.14,7.14,2021-06-29 02:00:00
2021-06-30,1,2021,2.5,Moderate,29.6,17.3,23.4,68.0,3.74,23.69,7.17,7.17,2021-06-30 02:00:00
2021-07-01,1,2021,1.0,Moderate,31.1,17.6,24.4,71.0,2.78,23.13,7.05,7.05,2021-07-01 02:00:00
2021-07-02,1,2021,0.3,Moderate,29.7,16.7,23.2,68.0,2.48,21.67,6.51,6.51,2021-07-02 02:00:00
2021-07-03,1,2021,0.6,Moderate,29.6,17.0,23.3,66.0,3.04,22.79,6.88,6.88,2021-07-03 02:00:00
2021-07-04,1,2021,0.0,Moderate,30.3,16.9,23.6,59.0,2.74,23.43,7.12,7.12,2021-07-04 02:00:00
2021-07-05,1,2021,0.9,Moderate,30.8,17.2,24.0,64.0,3.38,22.62,6.92,6.92,2021-07-05 02:00:00
2021-07-06,1,2021,0.0,Moderate,30.1,17.5,23.8,68.0,3.28,23.86,7.24,7.24,2021-07-06 02:00:00
2021-07-07,1,2021,0.6,Moderate,29.2,16.0,22.6,66.0,3.19,20.91,6.26,6.26,2021-07-07 02:00:00
2021-07-08,1,2021,0.0,Moderate,29.0,16.5,22.8,59.0,3.96,22.4,6.79,6.79,2021-07-08 02:00:00
2021-07-09,1,2021,3.3,Moderate,31.5,18.1,24.8,62.0,2.91,21.07,6.52,6.52,2021-07-09 02:00:00
2021-07-10,1,2021,0.6,Moderate,30.0,17.1,23.6,65.0,3.06,20.98,6.38,6.38,2021-07-10 02:00:00
2021-07-11,1,2021,3.6,Moderate,29.4,15.8,22.6,65.0,3.02,22.87,6.83,6.83,2021-07-11 02:00:00
2021-07-12,1,2021,6.3,Moderate,32.7,16.7,24.7,63.0,2.71,23.2,7.15,7.15,2021-07-12 02:00:00
2021-07-13,1,2021,0.2,Moderate,31.5,18.1,24.8,69.0,3.27,22.81,7.03,7.03,2021-07-13 02:00:00
2021-07-14,1,2021,2.3,Moderate,34.2,17.2,25.7,65.0,3.83,23.68,7.42,7.42,2021-07-14 02:00:00
2021-07-15,1,2021,0.0,Moderate,29.9,17.0,23.4,65.0,2.48,23.96,7.22,7.22,2021-07-15 02:00:00
2021-07-16,1,2021,7.2,Moderate,31.0,17.4,24.2,69.0,2.89,22.89,6.97,6.97,2021-07-16 02:00:00
2021-07-17,1,2021,2.1,Moderate,30.2,16.8,23.5,62.0,3.7,22.86,6.97,6.97,2021-07-17 02:00:00
2021-07-18,1,2021,1.6,Moderate,30.3,18.1,24.2,64.0,2.87,20.88,6.41,6.41,2021-07-18 02:00:00
2021-07-19,1,2021,0.0,Moderate,31.6,18.7,25.1,65.0,2.86,22.54,6.98,6.98,2021-07-19 02:00:00
2021-07-20,1,2021,0.0,Moderate,32.6,17.1,24.9,65.0,4.03,22.51,7.0,7.0,2021-07-20 02:00:00
2021-07-21,1,2021,1.0,Moderate,31.0,16.4,23.7,64.0,2.38,22.74,6.88,6.88,2021-07-21 02:00:00
2021-07-22,1,2021,0.2,Moderate,30.6,16.9,23.7,67.0,3.21,23.9,7.25,7.25,2021-07-22 02:00:00
2021-07-23,1,2021,1.2,Moderate,29.8,17.4,23.6,61.0,3.65,23.37,7.13,7.13,2021-07-23 02:00:00
2021-07-24,1,2021,6.0,Moderate,32.0,17.0,24.5,58.0,2.37,21.12,6.51,6.51,2021-07-24 02:00:00
2021-07-25,1,2021,1.2,Moderate,31.4,16.3,23.9,64.0,3.0,23.09,7.03,7.03,2021-07-25 02:00:00
2021-07-26,1,2021,0.0,Moderate,31.1,17.6,24.3,65.0,3.9,21.67,6.68,6.68,2021-07-26 02:00:00
2021-07-27,1,2021,2.2,Moderate,30.6,17.8,24.2,65.0,3.48,25.03,7.66,7.66,2021-07-27 02:00:00
2021-07-28,1,2021,0.0,Moderate,30.8,18.0,24.4,68.0,2.63,23.33,7.13,7.13,2021-07-28 02:00:00
2021-07-29,1,2021,5.2,Moderate,29.3,17.0,23.1,64.0,3.1,22.64,6.83,6.83,2021-07-29 02:00:00
2021-07-30,1,2021,0.0,Moderate,29.3,17.2,23.2,61.0,3.28,21.97,6.67,6.67,2021-07-30 02:00:00
2021-07-31,1,2021,0.0,Moderate,31.0,18.2,24.6,60.0,2.98,24.6,7.58,7.58,2021-07-31 02:00:00
2021-08-01,1,2021,0.1,Moderate,30.9,17.3,24.1,62.0,2.96,22.18,6.8,6.8,2021-08-01 02:00:00
2021-08-02,1,2021,1.5,Moderate,32.3,18.0,25.2,70.0,3.72,23.4,7.25,7.25,2021-08-02 02:00:00
2021-08-03,1,2021,0.0,Moderate,31.6,16.9,24.3,65.0,3.01,24.02,7.34,7.34,2021-08-03 02:00:00
2021-08-04,1,2021,2.3,Moderate,31.0,17.8,24.4,64.0,3.79,23.32,7.18,7.18,2021-08-04 02:00:00
2021-08-05,1,2021,0.0,Moderate,32.1,18.8,25.5,69.0,3.36,23.7,7.36,7.36,2021-08-05 02:00:00
2021-08-06,1,2021,1.2,Moderate,32.3,15.5,23.9,66.0,2.98,24.56,7.46,7.46,2021-08-06 02:00:00
2021-08-07,1,2021,0.0,Moderate,31.6,17.2,24.4,65.0,2.97,23.25,7.13,7.13,2021-08-07 02:00:00
2021-08-08,1,2021,2.7,Moderate,29.9,17.0,23.5,65.0,3.05,23.52,7.11,7.11,2021-08-08 02:00:00
2021-08-09,1,2021,0.7,Moderate,31.8,18.3,25.0,61.0,3.31,24.57,7.62,7.62,2021-08-09 02:00:00
2021-08-10,1,2021,2.5,Moderate,31.2,17.4,24.3,66.0,2.66,21.89,6.69,6.69,2021-08-10 02:00:00
2021-08-11,1,2021,4.9,Moderate,31.2,17.2,24.2,68.0,3.39,23.47,7.17,7.17,2021-08-11 02:00:00
2021-08-12,1,2021,0.0,Moderate,29.6,18.0,23.8,63.0,3.02,22.25,6.79,6.79,2021-08-12 02:00:00
2021-08-13,1,2021,4.3,Moderate,30.8,17.5,24.2,65.0,2.92,22.87,6.99,6.99,2021-08-13 02:00:00
2021-08-14,1,2021,0.0,Moderate,32.6,17.3,24.9,68.0,2.79,25.32,7.78,7.78,2021-08-14 02:00:00
2021-08-15,1,2021,5.7,Moderate,31.1,18.1,24.6,71.0,2.76,24.41,7.45,7.45,2021-08-15 02:00:00
2021-08-16,1,2021,0.6,Moderate,31.7,16.7,24.2,64.0,3.46,23.19,7.12,7.12,2021-08-16 02:00:00
2021-08-17,1,2021,0.0,Moderate,30.7,17.5,24.1,64.0,2.52,24.61,7.49,7.49,2021-08-17 02:00:00
2021-08-18,1,2021,1.2,Moderate,32.1,18.8,25.4,64.0,3.32,24.37,7.59,7.59,2021-08-18 02:00:00
2021-08-19,1,2021,2.0,Moderate,31.2,17.6,24.4,68.0,2.9,22.34,6.84,6.84,2021-08-19 02:00:00
2021-08-20,1,2021,0.1,Moderate,28.8,16.9,22.9,64.0,3.35,25.38,7.61,7.61,2021-08-20 02:00:00
2021-08-21,1,2021,3.2,Moderate,31.5,18.4,25.0,66.0,2.31,22.06,6.79,6.79,2021-08-21 02:00:00
2021-08-22,1,2021,1.6,Moderate,30.9,17.7,24.3,64.0,3.31,24.48,7.51,7.51,2021-08-22 02:00:00
2021-08-23,1,2021,2.1,Moderate,31.8,16.0,23.9,66.0,2.89,22.89,6.96,6.96,2021-08-23 02:00:00
2021-08-24,1,2021,0.0,Moderate,29.5,17.8,23.7,68.0,3.14,22.45,6.8,6.8,2021-08-24 02:00:00
2021-08-25,1,2021,0.0,Moderate,29.9,17.8,23.8,60.0,2.59,23.72,7.22,7.22,2021-08-25 02:00:00
2021-08-26,1,2021,1.8,Moderate,31.9,16.9,24.4,61.0,2.75,24.7,7.57,7.57,2021-08-26 02:00:00
2021-08-27,1,2021,0.6,Moderate,33.0,18.1,25.6,64.0,3.13,22.06,6.9,6.9,2021-08-27 02:00:00
2021-08-28,1,2021,0.6,Moderate,30.1,17.7,23.9,63.0,2.66,20.33,6.21,6.21,2021-08-28 02:00:00
2021-08-29,1,2021,3.8,Moderate,31.0,17.8,24.4,62.0,2.89,21.63,6.66,6.66,2021-08-29 02:00:00
2021-08-30,1,2021,0.1,High,30.5,18.4,24.5,62.0,3.26,22.44,6.92,6.92,2021-08-30 02:00:00
2021-08-31,1,2021,0.0,High,32.3,17.9,25.1,64.0,2.65,23.29,7.2,7.2,2021-08-31 02:00:00
2021-09-01,1,2021,0.0,High,32.1,16.9,24.5,62.0,2.66,21.91,6.74,6.74,2021-09-01 02:00:00
2021-09-02,1,2021,1.1,High,29.0,17.7,23.3,67.0,3.36,22.15,6.7,6.7,2021-09-02 02:00:00
2021-09-03,1,2021,0.0,High,30.4,17.3,23.9,68.0,2.96,22.6,6.87,6.87,2021-09-03 02:00:00
2021-09-04,1,2021,1.0,High,32.2,17.8,25.0,63.0,2.81,21.45,6.65,6.65,2021-09-04 02:00:00
2021-09-05,1,2021,3.0,High,31.1,17.5,24.3,60.0,2.47,23.95,7.33,7.33,2021-09-05 02:00:00
2021-09-06,1,2021,0.0,High,31.4,16.8,24.1,67.0,3.4,21.69,6.64,6.64,2021-09-06 02:00:00
2021-09-07,1,2021,2.1,High,32.3,18.0,25.2,66.0,2.74,23.16,7.17,7.17,2021-09-07 02:00:00
2021-09-08,1,2021,2.9,High,31.1,17.4,24.2,61.0,3.25,23.77,7.3,7.3,2021-09-08 02:00:00
2021-09-09,1,2021,0.5,High,32.5,18.7,25.6,61.0,2.63,21.86,6.84,6.84,2021-09-09 02:00:00
2021-09-10,1,2021,0.1,High,31.1,16.5,23.8,62.0,2.37,24.45,7.41,7.41,2021-09-10 02:00:00
2021-09-11,1,2021,0.0,High,32.0,18.3,25.2,65.0,3.09,21.77,6.76,6.76,2021-09-11 02:00:00
2021-09-12,1,2021,1.4,High,32.4,18.5,25.5,58.0,3.25,23.76,7.44,7.44,2021-09-12 02:00:00
2021-09-13,1,2021,3.2,High,32.2,17.1,24.6,62.0,2.61,21.66,6.68,6.68,2021-09-13 02:00:00
2021-09-14,1,2021,0.7,High,31.6,18.0,24.8,64.0,2.69,24.16,7.43,7.43,2021-09-14 02:00:00
2021-09-15,1,2021,0.5,High,31.8,17.0,24.4,59.0,2.42,23.47,7.2,7.2,2021-09-15 02:00:00
2021-09-16,1,2021,0.0,High,31.1,16.8,24.0,62.0,2.56,22.56,6.88,6.88,2021-09-16 02:00:00
2021-09-17,1,2021,1.2,High,32.2,18.1,25.2,61.0,2.89,25.03,7.76,7.76,2021-09-17 02:00:00
2021-09-18,1,2021,2.0,High,30.9,19.2,25.0,60.0,3.01,23.06,7.17,7.17,2021-09-18 02:00:00
2021-09-19,1,2021,0.9,High,33.1,18.4,25.8,62.0,3.26,23.62,7.41,7.41,2021-09-19 02:00:00
2021-09-20,1,2021,9.2,High,30.0,17.5,23.7,66.0,3.03,24.68,7.48,7.48,2021-09-20 02:00:00
2021-09-21,1,2021,0.0,High,31.2,17.8,24.5,66.0,2.96,22.85,7.02,7.02,2021-09-21 02:00:00
2021-09-22,1,2021,1.7,High,33.9,18.1,26.0,62.0,2.87,22.99,7.22,7.22,2021-09-22 02:00:00
2021-09-23,1,2021,5.2,High,31.3,18.2,24.7,67.0,2.3,24.3,7.44,7.44,2021-09-23 02:00:00
2021-09-24,1,2021,0.9,High,32.8,18.2,25.5,66.0,2.88,23.15,7.2,7.2,2021-09-24 02:00:00
2021-09-25,1,2021,0.0,High,32.2,18.7,25.4,61.0,2.55,24.11,7.5,7.5,2021-09-25 02:00:00
2021-09-26,1,2021,0.0,High,30.9,18.0,24.4,63.0,3.36,24.63,7.57,7.57,2021-09-26 02:00:00
2021-09-27,1,2021,0.1,High,31.7,17.5,24.6,64.0,3.4,23.83,7.34,7.34,2021-09-27 02:00:00
2021-09-28,1,2021,0.0,High,31.2,18.6,24.9,66.0,3.32,24.13,7.45,7.45,2021-09-28 02:00:00
2021-09-29,1,2021,0.0,High,31.2,18.3,24.7,63.0,3.04,23.8,7.34,7.34,2021-09-29 02:00:00
2021-09-30,1,2021,2.6,High,31.2,16.9,24.0,65.0,3.72,22.48,6.89,6.89,2021-09-30 02:00:00
2021-10-01,1,2021,2.2,High,30.9,19.0,25.0,66.0,3.19,22.84,7.06,7.06,2021-10-01 02:00:00
2021-10-02,1,2021,2.9,High,33.5,18.3,25.9,65.0,2.65,22.72,7.1,7.1,2021-10-02 02:00:00
2021-10-03,1,2021,3.2,High,30.0,18.1,24.1,64.0,2.55,22.18,6.76,6.76,2021-10-03 02:00:00
2021-10-04,1,2021,2.1,High,31.8,17.6,24.7,61.0,2.33,24.61,7.56,7.56,2021-10-04 02:00:00
2021-10-05,1,2021,0.0,High,32.4,17.4,24.9,62.0,3.04,22.56,6.99,6.99,2021-10-05 02:00:00
2021-10-06,1,2021,2.4,High,31.4,18.3,24.8,63.0,2.5,23.04,7.1,7.1,2021-10-06 02:00:00
2021-10-07,1,2021,1.1,High,31.7,17.6,24.6,59.0,2.96,23.62,7.3,7.3,2021-10-07 02:00:00
2021-10-08,1,2021,0.0,High,32.3,17.1,24.7,65.0,2.4,22.33,6.86,6.86,2021-10-08 02:00:00
2021-10-09,1,2021,0.0,High,34.3,19.4,26.8,64.0,2.74,22.43,7.11,7.11,2021-10-09 02:00:00
2021-10-10,1,2021,0.0,High,31.0,18.2,24.6,55.0,2.25,25.17,7.74,7.74,2021-10-10 02:00:00
2021-10-11,1,2021,1.5,High,33.9,16.8,25.3,62.0,2.74,24.98,7.75,7.75,2021-10-11 02:00:00
2021-10-12,1,2021,0.9,High,30.4,18.6,24.5,67.0,2.49,26.02,7.93,7.93,2021-10-12 02:00:00
2021-10-13,1,2021,0.8,High,31.4,17.6,24.5,63.0,2.87,24.6,7.55,7.55,2021-10-13 02:00:00
2021-10-14,1,2021,0.4,High,32.2,18.4,25.3,61.0,2.22,25.13,7.77,7.77,2021-10-14 02:00:00
2021-10-15,1,2021,3.4,High,30.6,17.5,24.0,59.0,3.18,24.21,7.42,7.42,2021-10-15 02:00:00
2021-10-16,1,2021,4.6,High,31.8,18.2,25.0,63.0,2.92,21.91,6.8,6.8,2021-10-16 02:00:00
2021-10-17,1,2021,0.0,High,31.0,18.5,24.8,60.0,3.65,25.0,7.75,7.75,2021-10-17 02:00:00
2021-10-18,1,2021,0.0,High,31.9,19.2,25.5,71.0,3.71,24.05,7.47,7.47,2021-10-18 02:00:00
2021-10-19,1,2021,0.0,High,32.3,18.1,25.2,60.0,2.58,24.37,7.56,7.56,2021-10-19 02:00:00
2021-10-20,1,2021,0.0,High,32.4,17.3,24.9,64.0,3.26,23.22,7.19,7.19,2021-10-20 02:00:00
2021-10-21,1,2021,3.8,High,32.4,18.4,25.4,62.0,2.58,24.61,7.64,7.64,2021-10-21 02:00:00
2021-10-22,1,2021,0.0,High,30.8,18.4,24.6,60.0,3.01,22.79,7.04,7.04,2021-10-22 02:00:00
2021-10-23,1,2021,0.0,High,32.4,18.0,25.2,62.0,3.05,24.4,7.57,7.57,2021-10-23 02:00:00
2021-10-24,1,2021,5.3,High,31.7,17.7,24.7,60.0,2.34,24.75,7.6,7.6,2021-10-24 02:00:00
2021-10-25,1,2021,2.0,High,33.8,17.4,25.6,61.0,3.53,22.43,7.05,7.05,2021-10-25 02:00:00
2021-10-26,1,2021,4.0,High,33.3,17.1,25.2,59.0,3.58,24.49,7.65,7.65,2021-10-26 02:00:00
2021-10-27,1,2021,0.0,High,31.3,17.1,24.2,60.0,2.99,24.62,7.54,7.54,2021-10-27 02:00:00
2021-10-28,1,2021,0.0,High,31.5,19.6,25.5,59.0,2.75,23.42,7.32,7.32,2021-10-28 02:00:00
2021-10-29,1,2021,0.3,High,32.2,18.3,25.3,67.0,2.57,24.17,7.47,7.47,2021-10-29 02:00:00
2021-10-30,1,2021,5.0,High,32.8,18.5,25.7,63.0,2.65,23.86,7.43,7.43,2021-10-30 02:00:00
2021-10-31,1,2021,0.4,High,31.7,16.6,24.2,60.0,2.74,24.76,7.57,7.57,2021-10-31 02:00:00
2021-11-01,1,2021,0.9,High,31.9,18.2,25.1,64.0,2.65,24.43,7.54,7.54,2021-11-01 02:00:00
2021-11-02,1,2021,0.0,High,32.1,17.4,24.7,60.0,2.69,25.09,7.72,7.72,2021-11-02 02:00:00
2021-11-03,1,2021,0.5,High,30.4,18.1,24.2,57.0,2.25,24.08,7.36,7.36,2021-11-03 02:00:00
2021-11-04,1,2021,0.1,High,31.4,19.0,25.2,64.0,2.75,26.78,8.27,8.27,2021-11-04 02:00:00
2021-11-05,1,2021,0.3,High,33.0,17.4,25.2,67.0,2.65,24.62,7.59,7.59,2021-11-05 02:00:00
2021-11-06,1,2021,0.0,High,34.2,19.1,26.7,58.0,2.91,26.76,8.47,8.47,2021-11-06 02:00:00
2021-11-07,1,2021,0.0,High,32.9,17.5,25.2,64.0,3.09,25.61,7.92,7.92,2021-11-07 02:00:00
2021-11-08,1,2021,0.0,High,32.4,17.3,24.9,65.0,2.84,25.5,7.84,7.84,2021-11-08 02:00:00
2021-11-09,1,2021,1.5,High,31.6,17.2,24.4,61.0,2.91,24.17,7.42,7.42,2021-11-09 02:00:00
2021-11-10,1,2021,0.1,High,32.3,18.7,25.5,63.0,3.06,23.62,7.37,7.37,2021-11-10 02:00:00
2021-11-11,1,2021,4.4,High,32.9,17.9,25.4,61.0,3.1,23.18,7.23,7.23,2021-11-11 02:00:00
2021-11-12,1,2021,1.2,High,33.6,17.4,25.5,61.0,2.06,23.82,7.39,7.39,2021-11-12 02:00:00
2021-11-13,1,2021,0.9,High,32.9,18.1,25.5,58.0,2.79,23.92,7.47,7.47,2021-11-13 02:00:00
2021-11-14,1,2021,0.6,High,32.9,18.3,25.6,62.0,2.21,24.62,7.65,7.65,2021-11-14 02:00:00
2021-11-15,1,2021,0.0,High,30.3,17.3,23.8,59.0,2.91,24.16,7.36,7.36,2021-11-15 02:00:00
2021-11-16,1,2021,0.0,High,34.1,18.4,26.3,63.0,3.15,25.44,8.0,8.0,2021-11-16 02:00:00
2021-11-17,1,2021,0.6,High,31.6,16.6,24.1,62.0,3.36,23.09,7.08,7.08,2021-11-17 02:00:00
2021-11-18,1,2021,1.2,High,30.9,18.5,24.7,63.0,2.2,24.2,7.42,7.42,2021-11-18 02:00:00
2021-11-19,1,2021,0.3,High,30.1,19.7,24.9,60.0,3.34,26.07,8.07,8.07,2021-11-19 02:00:00
2021-11-20,1,2021,0.4,High,32.1,17.6,24.8,63.0,2.79,25.46,7.84,7.84,2021-11-20 02:00:00
2021-11-21,1,2021,1.4,High,32.4,19.5,26.0,61.0,3.49,23.61,7.44,7.44,2021-11-21 02:00:00
2021-11-22,1,2021,0.0,High,31.0,19.0,25.0,62.0,3.21,24.05,7.46,7.46,2021-11-22 02:00:00
2021-11-23,1,2021,0.0,High,33.5,17.1,25.3,61.0,2.73,25.79,8.0,8.0,2021-11-23 02:00:00
2021-11-24,1,2021,0.0,High,32.0,18.6,25.3,55.0,3.09,25.62,7.99,7.99,2021-11-24 02:00:00
2021-11-25,1,2021,0.0,High,33.2,19.1,26.1,61.0,3.22,22.74,7.18,7.18,2021-11-25 02:00:00
2021-11-26,1,2021,0.8,High,34.0,17.7,25.9,65.0,3.0,24.09,7.53,7.53,2021-11-26 02:00:00
2021-11-27,1,2021,0.6,High,32.8,17.0,24.9,65.0,4.16,23.78,7.39,7.39,2021-11-27 02:00:00
2021-11-28,1,2021,1.6,High,33.5,19.3,26.4,60.0,3.35,23.28,7.38,7.38,2021-11-28 02:00:00
2021-11-29,1,2021,1.5,High,34.5,17.3,25.9,60.0,3.54,25.14,7.91,7.91,2021-11-29 02:00:00
2021-11-30,1,2021,1.1,High,34.5,19.4,27.0,57.0,3.51,24.29,7.77,7.77,2021-11-30 02:00:00
2021-12-01,1,2021,1.5,High,30.5,17.4,23.9,61.0,3.41,23.83,7.29,7.29,2021-12-01 02:00:00
2021-12-02,1,2021,1.5,High,31.2,18.6,24.9,63.0,2.62,24.55,7.57,7.57,2021-12-02 02:00:00
2021-12-03,1,2021,4.8,High,32.9,18.9,25.9,64.0,3.55,22.74,7.15,7.15,2021-12-03 02:00:00
2021-12-04,1,2021,0.1,High,34.1,17.8,25.9,62.0,3.58,23.31,7.34,7.34,2021-12-04 02:00:00
2021-12-05,1,2021,0.6,High,31.5,17.9,24.7,58.0,2.99,26.04,8.04,8.04,2021-12-05 02:00:00
2021-12-06,1,2021,0.9,High,32.5,17.6,25.1,55.0,2.61,23.71,7.37,7.37,2021-12-06 02:00:00
2021-12-07,1,2021,1.3,High,33.9,18.5,26.2,65.0,3.8,24.43,7.71,7.71,2021-12-07 02:00:00
2021-12-08,1,2021,0.4,High,33.0,18.0,25.5,66.0,3.28,23.68,7.38,7.38,2021-12-08 02:00:00
2021-12-09,1,2021,1.0,High,32.6,18.4,25.5,67.0,2.81,26.63,8.25,8.25,2021-12-09 02:00:00
2021-12-10,1,2021,0.0,High,32.3,19.4,25.9,60.0,2.99,24.39,7.65,7.65,2021-12-10 02:00:00
2021-12-11,1,2021,0.3,High,31.4,17.0,24.2,60.0,2.68,24.86,7.6,7.6,2021-12-11 02:00:00
2021-12-12,1,2021,0.0,High,33.5,18.9,26.2,68.0,2.47,23.78,7.43,7.43,2021-12-12 02:00:00
2021-12-13,1,2021,3.1,High,35.2,18.4,26.8,65.0,2.72,25.09,7.92,7.92,2021-12-13 02:00:00
2021-12-14,1,2021,0.6,High,32.4,16.7,24.6,59.0,3.74,23.86,7.4,7.4,2021-12-14 02:00:00
2021-12-15,1,2021,0.0,High,33.2,19.3,26.2,63.0,3.02,22.74,7.17,7.17,2021-12-15 02:00:00
2021-12-16,1,2021,0.0,High,33.7,19.4,26.5,62.0,2.86,24.61,7.76,7.76,2021-12-16 02:00:00
2021-12-17,1,2021,0.0,High,33.4,18.3,25.9,64.0,3.08,24.2,7.57,7.57,2021-12-17 02:00:00
2021-12-18,1,2021,0.1,High,32.5,19.2,25.9,54.0,3.33,22.96,7.27,7.27,2021-12-18 02:00:00
2021-12-19,1,2021,0.7,High,34.0,18.7,26.3,61.0,2.7,24.74,7.78,7.78,2021-12-19 02:00:00
2021-12-20,1,2021,0.0,High,31.2,18.8,25.0,58.0,2.07,24.02,7.41,7.41,2021-12-20 02:00:00
2021-12-21,1,2021,0.0,High,31.3,18.8,25.1,65.0,2.79,25.87,7.97,7.97,2021-12-21 02:00:00
2021-12-22,1,2021,2.6,High,32.2,19.7,25.9,59.0,3.1,24.79,7.79,7.79,2021-12-22 02:00:00
2021-12-23,1,2021,1.2,High,32.0,19.1,25.6,59.0,3.03,23.35,7.31,7.31,2021-12-23 02:00:00
2021-12-24,1,2021,0.8,High,33.4,17.4,25.4,60.0,2.68,25.06,7.79,7.79,2021-12-24 02:00:00
2021-12-25,1,2021,0.0,High,32.4,19.9,26.2,64.0,3.21,24.84,7.81,7.81,2021-12-25 02:00:00
2021-12-26,1,2021,2.6,High,31.0,18.8,24.9,61.0,2.67,25.49,7.86,7.86,2021-12-26 02:00:00
2021-12-27,1,2021,0.0,High,32.7,16.5,24.6,59.0,2.86,25.32,7.79,7.79,2021-12-27 02:00:00
2021-12-28,1,2021,1.1,High,33.0,17.3,25.2,58.0,2.84,23.48,7.31,7.31,2021-12-28 02:00:00
2021-12-29,1,2021,5.7,High,32.3,18.3,25.3,60.0,2.9,25.34,7.88,7.88,2021-12-29 02:00:00
2021-12-30,1,2021,0.0,High,32.7,18.7,25.7,58.0,2.84,24.47,7.66,7.66,2021-12-30 02:00:00
2021-12-31,1,2021,2.9,High,34.5,18.9,26.7,60.0,3.1,25.14,7.97,7.97,2021-12-31 02:00:00
2022-01-01,1,2022,2.9,Low,30.4,15.3,22.8,71.0,2.96,20.98,6.27,6.27,2022-01-01 02:00:00
2022-01-02,1,2022,0.1,Low,27.2,14.3,20.7,73.0,3.43,19.29,5.59,5.59,2022-01-02 02:00:00
2022-01-03,1,2022,0.5,Low,27.7,15.8,21.7,71.0,3.16,19.65,5.79,5.79,2022-01-03 02:00:00
2022-01-04,1,2022,1.6,Low,28.3,15.2,21.7,72.0,2.63,19.55,5.74,5.74,2022-01-04 02:00:00
2022-01-05,1,2022,2.3,Low,27.4,17.0,22.2,72.0,2.56,20.28,5.99,5.99,2022-01-05 02:00:00
2022-01-06,1,2022,0.3,Low,29.0,13.9,21.4,71.0,2.4,22.09,6.43,6.43,2022-01-06 02:00:00
2022-01-07,1,2022,2.4,Low,26.4,16.0,21.2,70.0,3.58,23.46,6.84,6.84,2022-01-07 02:00:00
2022-01-08,1,2022,0.3,Low,29.1,15.0,22.0,70.0,3.07,20.16,5.97,5.97,2022-01-08 02:00:00
2022-01-09,1,2022,1.0,Low,28.1,17.5,22.8,66.0,2.98,19.05,5.74,5.74,2022-01-09 02:00:00
2022-01-10,1,2022,2.3,Low,29.2,15.3,22.2,74.0,3.2,21.63,6.39,6.39,2022-01-10 02:00:00
2022-01-11,1,2022,2.5,Low,25.3,16.4,20.9,76.0,2.44,20.13,5.8,5.8,2022-01-11 02:00:00
2022-01-12,1,2022,2.3,Low,28.6,15.7,22.2,67.0,2.79,18.89,5.62,5.62,2022-01-12 02:00:00
2022-01-13,1,2022,0.3,Low,29.2,14.9,22.1,76.0,2.65,21.92,6.43,6.43,2022-01-13 02:00:00
2022-01-14,1,2022,0.0,Low,28.3,16.2,22.3,79.0,2.64,20.0,5.88,5.88,2022-01-14 02:00:00
2022-01-15,1,2022,3.1,Low,29.6,16.2,22.9,68.0,2.46,21.07,6.3,6.3,2022-01-15 02:00:00
2022-01-16,1,2022,1.1,Low,28.3,15.3,21.8,69.0,2.54,21.23,6.24,6.24,2022-01-16 02:00:00
2022-01-17,1,2022,2.0,Low,29.7,17.3,23.5,77.0,3.49,20.71,6.24,6.24,2022-01-17 02:00:00
2022-01-18,1,2022,0.3,Low,28.2,16.2,22.2,76.0,2.84,21.61,6.36,6.36,2022-01-18 02:00:00
2022-01-19,1,2022,0.4,Low,28.4,16.0,22.2,69.0,2.96,20.09,5.97,5.97,2022-01-19 02:00:00
2022-01-20,1,2022,2.2,Low,28.1,15.9,22.0,70.0,2.67,23.17,6.82,6.82,2022-01-20 02:00:00
2022-01-21,1,2022,4.6,Low,28.8,16.1,22.5,78.0,3.37,20.74,6.14,6.14,2022-01-21 02:00:00
2022-01-22,1,2022,5.5,Low,31.7,17.3,24.5,70.0,2.54,21.23,6.49,6.49,2022-01-22 02:00:00
2022-01-23,1,2022,2.1,Low,27.5,15.3,21.4,72.0,3.0,19.9,5.82,5.82,2022-01-23 02:00:00
2022-01-24,1,2022,1.7,Low,27.1,16.5,21.8,76.0,2.6,21.53,6.29,6.29,2022-01-24 02:00:00
2022-01-25,1,2022,0.4,Low,29.0,15.3,22.2,78.0,1.87,20.36,5.96,5.96,2022-01-25 02:00:00
2022-01-26,1,2022,4.0,Low,27.7,16.9,22.3,71.0,2.7,22.39,6.62,6.62,2022-01-26 02:00:00
2022-01-27,1,2022,0.8,Low,26.1,15.6,20.8,64.0,3.2,21.53,6.27,6.27,2022-01-27 02:00:00
2022-01-28,1,2022,0.0,Low,27.6,16.5,22.0,76.0,2.64,21.43,6.29,6.29,2022-01-28 02:00:00
2022-01-29,1,2022,3.3,Low,28.0,16.9,22.4,70.0,2.64,21.97,6.51,6.51,2022-01-29 02:00:00
2022-01-30,1,2022,0.4,Low,28.2,16.6,22.4,71.0,2.73,21.2,6.29,6.29,2022-01-30 02:00:00
2022-01-31,1,2022,1.2,Low,29.3,17.5,23.4,74.0,3.12,20.76,6.25,6.25,2022-01-31 02:00:00
2022-02-01,1,2022,0.4,Low,28.1,15.4,21.8,69.0,2.95,20.93,6.16,6.16,2022-02-01 02:00:00
2022-02-02,1,2022,5.1,Low,31.4,15.9,23.7,73.0,2.81,19.87,6.01,6.01,2022-02-02 02:00:00
2022-02-03,1,2022,0.2,Low,28.3,15.7,22.0,74.0,2.48,20.72,6.08,6.08,2022-02-03 02:00:00
2022-02-04,1,2022,0.8,Low,29.5,17.2,23.4,74.0,3.12,21.5,6.46,6.46,2022-02-04 02:00:00
2022-02-05,1,2022,0.6,Low,26.9,16.5,21.7,76.0,2.25,22.41,6.53,6.53,2022-02-05 02:00:00
2022-02-06,1,2022,0.0,Low,27.1,17.3,22.2,72.0,3.78,20.24,6.02,6.02,2022-02-06 02:00:00
2022-02-07,1,2022,0.5,Low,28.5,16.5,22.5,74.0,2.52,20.32,6.02,6.02,2022-02-07 02:00:00
2022-02-08,1,2022,1.2,Low,28.1,15.2,21.7,66.0,2.27,21.39,6.27,6.27,2022-02-08 02:00:00
2022-02-09,1,2022,1.6,Low,26.8,16.7,21.7,76.0,2.97,19.86,5.81,5.81,2022-02-09 02:00:00
2022-02-10,1,2022,0.1,Low,28.5,16.2,22.4,74.0,2.78,19.68,5.83,5.83,2022-02-10 02:00:00
2022-02-11,1,2022,0.8,Low,28.0,16.0,22.0,74.0,2.8,21.14,6.22,6.22,2022-02-11 02:00:00
2022-02-12,1,2022,1.9,Low,28.5,15.7,22.1,66.0,2.85,21.77,6.45,6.45,2022-02-12 02:00:00
2022-02-13,1,2022,0.0,Low,29.1,16.5,22.8,70.0,2.41,21.03,6.27,6.27,2022-02-13 02:00:00
2022-02-14,1,2022,0.7,Low,28.6,16.6,22.6,77.0,3.32,21.0,6.23,6.23,2022-02-14 02:00:00
2022-02-15,1,2022,0.2,Low,28.0,16.6,22.3,75.0,3.04,21.66,6.4,6.4,2022-02-15 02:00:00
2022-02-16,1,2022,3.3,Low,28.6,15.1,21.8,70.0,3.13,20.76,6.12,6.12,2022-02-16 02:00:00
2022-02-17,1,2022,2.4,Low,30.1,15.7,22.9,69.0,3.45,21.98,6.59,6.59,2022-02-17 02:00:00
2022-02-18,1,2022,0.0,Low,29.1,18.2,23.7,70.0,2.65,23.16,6.99,6.99,2022-02-18 02:00:00
2022-02-19,1,2022,0.3,Low,29.9,16.9,23.4,70.0,3.05,19.51,5.9,5.9,2022-02-19 02:00:00
2022-02-20,1,2022,0.5,Low,28.5,16.6,22.5,66.0,2.16,19.5,5.81,5.81,2022-02-20 02:00:00
2022-02-21,1,2022,2.4,Low,29.6,15.3,22.4,72.0,2.97,20.81,6.18,6.18,2022-02-21 02:00:00
2022-02-22,1,2022,0.2,Low,29.6,16.1,22.8,70.0,3.54,20.07,6.03,6.03,2022-02-22 02:00:00
2022-02-23,1,2022,4.1,Low,28.0,16.9,22.4,71.0,3.29,20.26,6.03,6.03,2022-02-23 02:00:00
2022-02-24,1,2022,6.4,Low,27.2,15.1,21.1,68.0,2.76,20.44,5.96,5.96,2022-02-24 02:00:00
2022-02-25,1,2022,0.6,Low,29.4,17.5,23.5,67.0,2.89,21.98,6.65,6.65,2022-02-25 02:00:00
2022-02-26,1,2022,0.2,Low,26.4,16.8,21.6,71.0,3.14,21.4,6.27,6.27,2022-02-26 02:00:00
2022-02-27,1,2022,4.0,Low,28.4,16.3,22.3,68.0,2.15,20.85,6.17,6.17,2022-02-27 02:00:00
2022-02-28,1,2022,2.7,Low,28.6,16.1,22.4,70.0,2.69,21.11,6.26,6.26,2022-02-28 02:00:00
2022-03-01,1,2022,0.5,Low,27.9,16.9,22.4,74.0,3.19,20.71,6.15,6.15,2022-03-01 02:00:00
2022-03-02,1,2022,2.1,Low,29.6,16.2,22.9,69.0,2.98,21.96,6.58,6.58,2022-03-02 02:00:00
2022-03-03,1,2022,3.2,Low,28.8,17.1,22.9,67.0,2.76,19.8,5.95,5.95,2022-03-03 02:00:00
2022-03-04,1,2022,1.8,Low,30.6,17.2,23.9,68.0,2.77,21.76,6.61,6.61,2022-03-04 02:00:00
2022-03-05,1,2022,2.5,Low,30.5,16.4,23.5,69.0,2.98,22.29,6.73,6.73,2022-03-05 02:00:00
2022-03-06,1,2022,0.0,Low,29.7,16.1,22.9,67.0,3.13,20.56,6.18,6.18,2022-03-06 02:00:00
2022-03-07,1,2022,0.2,Low,29.0,16.2,22.6,68.0,2.7,21.42,6.38,6.38,2022-03-07 02:00:00
2022-03-08,1,2022,1.8,Low,29.2,17.5,23.4,69.0,2.62,20.8,6.27,6.27,2022-03-08 02:00:00
2022-03-09,1,2022,1.6,Low,29.1,16.5,22.8,71.0,3.78,20.78,6.24,6.24,2022-03-09 02:00:00
2022-03-10,1,2022,1.7,Low,30.7,16.1,23.4,71.0,2.92,22.04,6.64,6.64,2022-03-10 02:00:00
2022-03-11,1,2022,0.6,Low,30.5,16.4,23.4,74.0,3.0,20.17,6.08,6.08,2022-03-11 02:00:00
2022-03-12,1,2022,1.2,Low,27.0,16.1,21.5,70.0,2.88,19.64,5.76,5.76,2022-03-12 02:00:00
2022-03-13,1,2022,0.8,Low,29.7,15.9,22.8,65.0,3.11,21.14,6.35,6.35,2022-03-13 02:00:00
2022-03-14,1,2022,1.4,Low,28.9,17.5,23.2,71.0,2.87,22.66,6.79,6.79,2022-03-14 02:00:00
2022-03-15,1,2022,2.1,Low,27.1,15.2,21.2,69.0,2.62,21.41,6.22,6.22,2022-03-15 02:00:00
2022-03-16,1,2022,0.0,Low,29.8,16.0,22.9,67.0,3.61,21.81,6.56,6.56,2022-03-16 02:00:00
2022-03-17,1,2022,0.7,Low,31.5,15.9,23.7,70.0,3.11,20.6,6.25,6.25,2022-03-17 02:00:00
2022-03-18,1,2022,0.0,Low,28.8,17.6,23.2,70.0,3.1,22.99,6.91,6.91,2022-03-18 02:00:00
2022-03-19,1,2022,0.3,Low,30.5,15.2,22.8,70.0,2.16,21.91,6.52,6.52,2022-03-19 02:00:00
2022-03-20,1,2022,0.9,Low,28.2,17.1,22.6,70.0,2.93,22.38,6.66,6.66,2022-03-20 02:00:00
2022-03-21,1,2022,0.1,Low,29.6,15.9,22.7,68.0,2.27,21.72,6.47,6.47,2022-03-21 02:00:00
2022-03-22,1,2022,0.1,Low,28.7,15.6,22.2,71.0,2.74,21.4,6.32,6.32,2022-03-22 02:00:00
2022-03-23,1,2022,0.0,Low,27.6,18.0,22.8,72.0,3.14,22.7,6.77,6.77,2022-03-23 02:00:00
2022-03-24,1,2022,0.0,Low,28.9,17.1,23.0,68.0,3.29,18.89,5.7,5.7,2022-03-24 02:00:00
2022-03-25,1,2022,0.7,Low,30.5,18.3,24.4,70.0,2.11,21.72,6.61,6.61,2022-03-25 02:00:00
2022-03-26,1,2022,0.0,Low,27.4,16.5,21.9,76.0,3.35,18.73,5.52,5.52,2022-03-26 02:00:00
2022-03-27,1,2022,0.1,Low,28.8,17.4,23.1,67.0,3.08,22.65,6.81,6.81,2022-03-27 02:00:00
2022-03-28,1,2022,0.7,Low,30.6,16.2,23.4,66.0,2.32,22.14,6.67,6.67,2022-03-28 02:00:00
2022-03-29,1,2022,0.2,Low,28.6,17.9,23.3,70.0,3.69,23.29,7.02,7.02,2022-03-29 02:00:00
2022-03-30,1,2022,0.4,Low,30.5,15.6,23.1,67.0,2.28,22.05,6.6,6.6,2022-03-30 02:00:00
2022-03-31,1,2022,5.2,Low,28.6,16.8,22.7,65.0,2.74,22.84,6.82,6.82,2022-03-31 02:00:00
2022-04-01,1,2022,1.4,Low,28.8,18.0,23.4,69.0,2.87,21.7,6.54,6.54,2022-04-01 02:00:00
2022-04-02,1,2022,5.2,Low,29.6,16.5,23.0,69.0,3.0,21.02,6.31,6.31,2022-04-02 02:00:00
2022-04-03,1,2022,5.9,Low,27.9,16.7,22.3,76.0,2.28,19.99,5.89,5.89,2022-04-03 02:00:00
2022-04-04,1,2022,0.2,Low,28.6,16.4,22.5,68.0,2.84,21.44,6.38,6.38,2022-04-04 02:00:00
2022-04-05,1,2022,10.8,Low,30.4,16.3,23.4,68.0,2.98,20.98,6.34,6.34,2022-04-05 02:00:00
2022-04-06,1,2022,3.0,Low,28.9,17.4,23.2,67.0,3.25,22.8,6.87,6.87,2022-04-06 02:00:00
2022-04-07,1,2022,0.0,Low,29.3,17.1,23.2,70.0,3.23,20.72,6.25,6.25,2022-04-07 02:00:00
2022-04-08,1,2022,2.4,Low,30.4,18.1,24.2,62.0,2.64,20.37,6.25,6.25,2022-04-08 02:00:00
2022-04-09,1,2022,3.2,Low,29.3,18.1,23.7,69.0,2.95,22.79,6.89,6.89,2022-04-09 02:00:00
2022-04-10,1,2022,1.3,Low,31.7,15.7,23.7,69.0,3.24,20.46,6.22,6.22,2022-04-10 02:00:00
2022-04-11,1,2022,2.0,Low,29.8,16.5,23.1,70.0,3.45,21.91,6.59,6.59,2022-04-11 02:00:00
2022-04-12,1,2022,0.2,Low,31.5,15.3,23.4,70.0,3.15,21.93,6.62,6.62,2022-04-12 02:00:00
2022-04-13,1,2022,0.4,Low,29.7,17.7,23.7,67.0,2.74,21.77,6.6,6.6,2022-04-13 02:00:00
2022-04-14,1,2022,0.7,Low,28.4,17.1,22.8,72.0,2.68,20.8,6.2,6.2,2022-04-14 02:00:00
2022-04-15,1,2022,0.0,Low,29.3,17.0,23.1,69.0,3.1,22.27,6.69,6.69,2022-04-15 02:00:00
2022-04-16,1,2022,0.9,Low,31.3,16.3,23.8,71.0,2.65,21.68,6.56,6.56,2022-04-16 02:00:00
2022-04-17,1,2022,4.7,Low,29.8,16.1,23.0,68.0,3.25,20.6,6.2,6.2,2022-04-17 02:00:00
2022-04-18,1,2022,0.0,Low,28.9,16.3,22.6,73.0,2.89,23.55,6.99,6.99,2022-04-18 02:00:00
2022-04-19,1,2022,0.2,Low,30.1,17.4,23.8,70.0,3.0,21.2,6.43,6.43,2022-04-19 02:00:00
2022-04-20,1,2022,1.0,Low,30.5,17.3,23.9,64.0,2.49,20.13,6.14,6.14,2022-04-20 02:00:00
2022-04-21,1,2022,4.4,Low,29.6,15.6,22.6,70.0,2.72,21.88,6.51,6.51,2022-04-21 02:00:00
2022-04-22,1,2022,0.4,Low,29.3,16.6,23.0,65.0,3.67,20.23,6.13,6.13,2022-04-22 02:00:00
2022-04-23,1,2022,0.0,Low,29.0,17.1,23.0,74.0,3.66,21.12,6.34,6.34,2022-04-23 02:00:00
2022-04-24,1,2022,0.3,Low,29.8,16.7,23.2,67.0,3.49,21.57,6.52,6.52,2022-04-24 02:00:00
2022-04-25,1,2022,0.5,Low,30.5,16.3,23.4,69.0,3.0,22.29,6.72,6.72,2022-04-25 02:00:00
2022-04-26,1,2022,3.3,Low,27.4,17.0,22.2,70.0,2.96,22.11,6.54,6.54,2022-04-26 02:00:00
2022-04-27,1,2022,7.5,Low,29.4,17.2,23.3,69.0,2.95,21.98,6.62,6.62,2022-04-27 02:00:00
2022-04-28,1,2022,0.7,Low,29.1,17.1,23.1,65.0,2.72,23.9,7.17,7.17,2022-04-28 02:00:00
2022-04-29,1,2022,0.0,Low,28.2,16.5,22.3,69.0,2.73,22.37,6.62,6.62,2022-04-29 02:00:00
2022-04-30,1,2022,0.0,Low,31.7,16.2,24.0,60.0,3.34,24.28,7.43,7.43,2022-04-30 02:00:00
2022-05-01,1,2022,0.2,Low,30.0,16.4,23.2,69.0,2.97,20.86,6.28,6.28,2022-05-01 02:00:00
2022-05-02,1,2022,0.5,Moderate,30.7,16.4,23.5,67.0,2.75,20.74,6.28,6.28,2022-05-02 02:00:00
2022-05-03,1,2022,0.0,Moderate,29.9,17.9,23.9,67.0,2.62,22.74,6.9,6.9,2022-05-03 02:00:00
2022-05-04,1,2022,4.9,Moderate,29.2,16.5,22.9,63.0,2.47,21.69,6.5,6.5,2022-05-04 02:00:00
2022-05-05,1,2022,2.3,Moderate,27.6,17.9,22.8,72.0,2.78,23.74,7.05,7.05,2022-05-05 02:00:00
2022-05-06,1,2022,0.0,Moderate,30.2,18.3,24.2,69.0,3.11,22.1,6.75,6.75,2022-05-06 02:00:00
2022-05-07,1,2022,4.5,Moderate,27.7,16.2,22.0,68.0,3.05,22.72,6.71,6.71,2022-05-07 02:00:00
2022-05-08,1,2022,2.8,Moderate,29.8,16.4,23.1,64.0,3.03,22.62,6.82,6.82,2022-05-08 02:00:00
2022-05-09,1,2022,1.6,Moderate,28.5,16.9,22.7,70.0,3.17,21.85,6.52,6.52,2022-05-09 02:00:00
2022-05-10,1,2022,1.3,Moderate,28.1,16.3,22.2,66.0,2.86,21.51,6.38,6.38,2022-05-10 02:00:00
2022-05-11,1,2022,0.0,Moderate,29.6,18.2,23.9,62.0,2.9,22.98,7.01,7.01,2022-05-11 02:00:00
2022-05-12,1,2022,1.9,Moderate,28.5,16.7,22.6,69.0,3.07,19.73,5.9,5.9,2022-05-12 02:00:00
2022-05-13,1,2022,0.2,Moderate,29.9,16.4,23.2,65.0,2.83,20.74,6.26,6.26,2022-05-13 02:00:00
2022-05-14,1,2022,0.0,Moderate,30.1,17.0,23.6,71.0,3.42,19.56,5.94,5.94,2022-05-14 02:00:00
2022-05-15,1,2022,0.3,Moderate,30.0,17.9,24.0,66.0,3.42,21.1,6.46,6.46,2022-05-15 02:00:00
2022-05-16,1,2022,0.0,Moderate,30.4,18.1,24.3,68.0,2.84,21.92,6.7,6.7,2022-05-16 02:00:00
2022-05-17,1,2022,1.7,Moderate,31.1,17.2,24.2,65.0,3.6,22.97,7.04,7.04,2022-05-17 02:00:00
2022-05-18,1,2022,0.0,Moderate,30.5,16.5,23.5,68.0,2.99,23.49,7.08,7.08,2022-05-18 02:00:00
2022-05-19,1,2022,4.3,Moderate,29.6,18.0,23.8,67.0,3.17,21.94,6.68,6.68,2022-05-19 02:00:00
2022-05-20,1,2022,0.1,Moderate,30.8,16.4,23.6,68.0,2.83,19.98,6.06,6.06,2022-05-20 02:00:00
2022-05-21,1,2022,1.3,Moderate,30.0,19.1,24.5,70.0,3.44,20.93,6.44,6.44,2022-05-21 02:00:00
2022-05-22,1,2022,3.2,Moderate,30.5,16.8,23.7,64.0,2.22,21.05,6.38,6.38,2022-05-22 02:00:00
2022-05-23,1,2022,0.0,Moderate,30.2,17.0,23.6,67.0,2.93,21.45,6.5,6.5,2022-05-23 02:00:00
2022-05-24,1,2022,1.6,Moderate,27.7,17.7,22.7,68.0,2.61,23.25,6.92,6.92,2022-05-24 02:00:00
2022-05-25,1,2022,1.1,Moderate,29.0,17.4,23.2,71.0,3.35,23.87,7.16,7.16,2022-05-25 02:00:00
2022-05-26,1,2022,0.4,Moderate,31.6,16.1,23.9,68.0,2.92,20.81,6.33,6.33,2022-05-26 02:00:00
2022-05-27,1,2022,3.4,Moderate,30.5,17.8,24.1,68.0,2.78,20.84,6.36,6.36,2022-05-27 02:00:00
2022-05-28,1,2022,0.0,Moderate,29.4,17.5,23.5,67.0,2.88,20.91,6.33,6.33,2022-05-28 02:00:00
2022-05-29,1,2022,1.0,Moderate,30.1,16.4,23.3,67.0,3.11,20.82,6.29,6.29,2022-05-29 02:00:00
2022-05-30,1,2022,0.6,Moderate,30.3,18.3,24.3,65.0,3.17,21.25,6.53,6.53,2022-05-30 02:00:00
2022-05-31,1,2022,4.6,Moderate,28.2,16.5,22.3,64.0,3.4,22.21,6.63,6.63,2022-05-31 02:00:00
2022-06-01,1,2022,3.1,Moderate,31.6,17.5,24.6,65.0,2.79,23.13,7.1,7.1,2022-06-01 02:00:00
2022-06-02,1,2022,2.1,Moderate,29.9,18.0,23.9,63.0,2.71,21.46,6.55,6.55,2022-06-02 02:00:00
2022-06-03,1,2022,0.0,Moderate,28.9,17.0,22.9,66.0,2.85,21.44,6.43,6.43,2022-06-03 02:00:00
2022-06-04,1,2022,0.8,Moderate,31.3,16.4,23.8,59.0,2.67,21.52,6.58,6.58,2022-06-04 02:00:00
2022-06-05,1,2022,3.6,Moderate,31.0,16.9,23.9,72.0,2.93,22.76,6.89,6.89,2022-06-05 02:00:00
2022-06-06,1,2022,0.0,Moderate,31.6,16.5,24.1,64.0,3.55,22.0,6.76,6.76,2022-06-06 02:00:00
2022-06-07,1,2022,0.9,Moderate,30.0,17.2,23.6,69.0,2.86,21.83,6.6,6.6,2022-06-07 02:00:00
2022-06-08,1,2022,1.4,Moderate,28.2,17.7,23.0,69.0,2.89,23.55,7.04,7.04,2022-06-08 02:00:00
2022-06-09,1,2022,2.3,Moderate,29.1,16.8,22.9,66.0,3.74,21.84,6.58,6.58,2022-06-09 02:00:00
2022-06-10,1,2022,3.2,Moderate,30.1,16.6,23.3,70.0,2.41,22.01,6.61,6.61,2022-06-10 02:00:00
2022-06-11,1,2022,0.0,Moderate,30.0,16.9,23.4,66.0,3.18,21.64,6.56,6.56,2022-06-11 02:00:00
2022-06-12,1,2022,0.0,Moderate,30.4,16.9,23.6,64.0,3.04,22.38,6.8,6.8,2022-06-12 02:00:00
2022-06-13,1,2022,1.1,Moderate,29.8,18.5,24.1,68.0,2.81,23.0,7.0,7.0,2022-06-13 02:00:00
2022-06-14,1,2022,0.7,Moderate,32.1,16.8,24.4,71.0,2.92,23.36,7.13,7.13,2022-06-14 02:00:00
2022-06-15,1,2022,4.1,Moderate,32.5,16.2,24.3,67.0,2.99,21.12,6.48,6.48,2022-06-15 02:00:00
2022-06-16,1,2022,0.4,Moderate,31.1,18.0,24.6,67.0,2.96,22.3,6.85,6.85,2022-06-16 02:00:00
2022-06-17,1,2022,1.1,Moderate,30.5,16.9,23.7,70.0,2.72,23.48,7.09,7.09,2022-06-17 02:00:00
2022-06-18,1,2022,0.0,Moderate,30.5,17.0,23.7,65.0,3.03,22.51,6.84,6.84,2022-06-18 02:00:00
2022-06-19,1,2022,0.8,Moderate,29.5,16.2,22.9,67.0,3.06,23.78,7.11,7.11,2022-06-19 02:00:00
2022-06-20,1,2022,3.5,Moderate,30.8,17.6,24.2,64.0,2.97,23.34,7.14,7.14,2022-06-20 02:00:00
2022-06-21,1,2022,0.0,Moderate,31.8,18.0,24.9,61.0,3.3,22.18,6.89,6.89,2022-06-21 02:00:00
2022-06-22,1,2022,2.4,Moderate,29.8,17.7,23.7,65.0,3.13,22.94,6.97,6.97,2022-06-22 02:00:00
2022-06-23,1,2022,1.9,Moderate,28.7,16.6,22.7,68.0,3.19,22.18,6.62,6.62,2022-06-23 02:00:00
2022-06-24,1,2022,0.5,Moderate,27.6,16.8,22.2,69.0,2.82,24.07,7.11,7.11,2022-06-24 02:00:00
2022-06-25,1,2022,0.1,Moderate,30.1,18.0,24.1,67.0,2.77,23.33,7.09,7.09,2022-06-25 02:00:00
2022-06-26,1,2022,1.1,Moderate,30.7,16.8,23.8,71.0,2.24,23.59,7.1,7.1,2022-06-26 02:00:00
2022-06-27,1,2022,0.1,Moderate,31.3,18.0,24.6,64.0,2.81,23.23,7.15,7.15,2022-06-27 02:00:00
2022-06-28,1,2022,0.3,Moderate,31.7,17.1,24.4,65.0,3.36,22.31,6.86,6.86,2022-06-28 02:00:00
2022-06-29,1,2022,0.0,Moderate,29.8,17.4,23.6,68.0,2.47,22.46,6.77,6.77,2022-06-29 02:00:00
2022-06-30,1,2022,0.7,Moderate,30.9,17.7,24.3,67.0,2.77,23.2,7.08,7.08,2022-06-30 02:00:00
2022-07-01,1,2022,2.0,Moderate,31.1,16.6,23.8,68.0,2.83,21.47,6.52,6.52,2022-07-01 02:00:00
2022-07-02,1,2022,0.0,Moderate,30.5,16.9,23.7,61.0,2.42,23.19,7.03,7.03,2022-07-02 02:00:00
2022-07-03,1,2022,3.5,Moderate,29.9,16.2,23.0,63.0,3.3,23.73,7.15,7.15,2022-07-03 02:00:00
2022-07-04,1,2022,0.0,Moderate,29.7,16.9,23.3,67.0,3.33,22.88,6.9,6.9,2022-07-04 02:00:00
2022-07-05,1,2022,0.6,Moderate,31.2,16.0,23.6,69.0,3.3,22.39,6.78,6.78,2022-07-05 02:00:00
2022-07-06,1,2022,5.2,Moderate,30.8,16.7,23.8,63.0,3.3,20.89,6.39,6.39,2022-07-06 02:00:00
2022-07-07,1,2022,0.0,Moderate,30.5,17.3,23.9,69.0,3.14,21.71,6.6,6.6,2022-07-07 02:00:00
2022-07-08,1,2022,2.0,Moderate,30.7,18.8,24.8,65.0,3.01,21.24,6.57,6.57,2022-07-08 02:00:00
2022-07-09,1,2022,1.3,Moderate,29.7,16.0,22.8,66.0,2.86,21.68,6.5,6.5,2022-07-09 02:00:00
2022-07-10,1,2022,0.0,Moderate,32.0,16.9,24.5,65.0,2.95,22.99,7.06,7.06,2022-07-10 02:00:00
2022-07-11,1,2022,4.9,Moderate,29.4,17.6,23.5,65.0,2.94,21.57,6.54,6.54,2022-07-11 02:00:00
2022-07-12,1,2022,0.0,Moderate,30.3,17.4,23.9,65.0,2.75,21.98,6.68,6.68,2022-07-12 02:00:00
2022-07-13,1,2022,0.0,Moderate,30.9,19.2,25.0,65.0,2.99,23.12,7.15,7.15,2022-07-13 02:00:00
2022-07-14,1,2022,2.4,Moderate,30.2,18.4,24.3,61.0,2.65,22.66,6.95,6.95,2022-07-14 02:00:00
2022-07-15,1,2022,0.0,Moderate,30.1,18.6,24.4,72.0,3.19,23.59,7.19,7.19,2022-07-15 02:00:00
2022-07-16,1,2022,0.9,Moderate,30.9,17.8,24.3,66.0,3.06,21.94,6.73,6.73,2022-07-16 02:00:00
2022-07-17,1,2022,0.0,Moderate,32.1,16.6,24.4,68.0,2.8,23.86,7.28,7.28,2022-07-17 02:00:00
2022-07-18,1,2022,1.4,Moderate,30.0,17.6,23.8,63.0,3.0,23.42,7.13,7.13,2022-07-18 02:00:00
2022-07-19,1,2022,0.2,Moderate,30.7,17.3,24.0,61.0,2.27,22.64,6.9,6.9,2022-07-19 02:00:00
2022-07-20,1,2022,2.8,Moderate,31.5,16.4,24.0,71.0,3.1,23.87,7.24,7.24,2022-07-20 02:00:00
2022-07-21,1,2022,4.1,Moderate,30.8,17.8,24.3,63.0,2.71,21.92,6.72,6.72,2022-07-21 02:00:00
2022-07-22,1,2022,0.9,Moderate,28.6,17.3,22.9,64.0,3.03,24.3,7.29,7.29,2022-07-22 02:00:00
2022-07-23,1,2022,0.0,Moderate,28.2,17.2,22.7,64.0,3.21,22.78,6.83,6.83,2022-07-23 02:00:00
2022-07-24,1,2022,1.4,Moderate,32.0,19.2,25.6,62.0,2.62,22.34,6.97,6.97,2022-07-24 02:00:00
2022-07-25,1,2022,0.5,Moderate,30.0,18.2,24.1,65.0,3.41,24.24,7.41,7.41,2022-07-25 02:00:00
2022-07-26,1,2022,0.3,Moderate,30.3,17.0,23.6,67.0,3.17,22.12,6.71,6.71,2022-07-26 02:00:00
2022-07-27,1,2022,3.6,Moderate,29.3,17.3,23.3,65.0,2.65,22.0,6.63,6.63,2022-07-27 02:00:00
2022-07-28,1,2022,0.2,Moderate,31.1,16.4,23.7,71.0,3.33,23.2,7.02,7.02,2022-07-28 02:00:00
2022-07-29,1,2022,0.4,Moderate,31.3,15.3,23.3,65.0,3.39,22.76,6.89,6.89,2022-07-29 02:00:00
2022-07-30,1,2022,5.3,Moderate,31.0,15.9,23.5,62.0,3.33,21.83,6.64,6.64,2022-07-30 02:00:00
2022-07-31,1,2022,0.0,Moderate,30.8,18.0,24.4,66.0,2.91,23.0,7.04,7.04,2022-07-31 02:00:00
2022-08-01,1,2022,7.5,Moderate,30.6,16.3,23.5,63.0,2.97,24.08,7.29,7.29,2022-08-01 02:00:00
2022-08-02,1,2022,0.8,Moderate,32.0,18.2,25.1,68.0,3.83,22.81,7.08,7.08,2022-08-02 02:00:00
2022-08-03,1,2022,1.8,Moderate,29.3,16.6,23.0,66.0,3.0,25.33,7.58,7.58,2022-08-03 02:00:00
2022-08-04,1,2022,0.0,Moderate,29.8,18.0,23.9,70.0,2.72,23.45,7.1,7.1,2022-08-04 02:00:00
2022-08-05,1,2022,0.0,Moderate,30.8,16.1,23.4,69.0,3.04,21.65,6.54,6.54,2022-08-05 02:00:00
2022-08-06,1,2022,0.0,Moderate,30.0,19.4,24.7,69.0,3.1,22.02,6.77,6.77,2022-08-06 02:00:00
2022-08-07,1,2022,0.0,Moderate,32.1,16.5,24.3,59.0,2.73,23.37,7.18,7.18,2022-08-07 02:00:00
2022-08-08,1,2022,0.2,Moderate,31.9,18.0,24.9,62.0,3.28,23.59,7.31,7.31,2022-08-08 02:00:00
2022-08-09,1,2022,0.6,Moderate,32.7,18.7,25.7,66.0,2.82,23.5,7.32,7.32,2022-08-09 02:00:00
2022-08-10,1,2022,0.0,Moderate,31.7,17.2,24.5,64.0,2.76,22.16,6.81,6.81,2022-08-10 02:00:00
2022-08-11,1,2022,0.0,Moderate,30.7,18.0,24.4,68.0,3.49,23.23,7.12,7.12,2022-08-11 02:00:00
2022-08-12,1,2022,0.8,Moderate,30.2,15.8,23.0,68.0,2.23,23.38,6.98,6.98,2022-08-12 02:00:00
2022-08-13,1,2022,0.0,Moderate,31.6,16.2,23.9,68.0,3.31,20.18,6.17,6.17,2022-08-13 02:00:00
2022-08-14,1,2022,0.9,Moderate,31.8,16.9,24.3,68.0,3.54,24.41,7.47,7.47,2022-08-14 02:00:00
2022-08-15,1,2022,4.8,Moderate,29.4,18.0,23.7,63.0,2.98,22.13,6.73,6.73,2022-08-15 02:00:00
2022-08-16,1,2022,0.5,Moderate,30.0,17.0,23.5,62.0,2.16,23.7,7.15,7.15,2022-08-16 02:00:00
2022-08-17,1,2022,0.8,Moderate,32.2,18.7,25.5,62.0,3.01,23.45,7.31,7.31,2022-08-17 02:00:00
2022-08-18,1,2022,1.1,Moderate,29.0,16.9,22.9,62.0,2.84,21.97,6.61,6.61,2022-08-18 02:00:00
2022-08-19,1,2022,0.3,Moderate,30.1,18.5,24.3,66.0,3.26,24.02,7.35,7.35,2022-08-19 02:00:00
2022-08-20,1,2022,0.0,Moderate,30.6,17.5,24.0,59.0,2.59,23.27,7.11,7.11,2022-08-20 02:00:00
2022-08-21,1,2022,0.0,Moderate,31.3,18.1,24.7,67.0,2.86,23.27,7.15,7.15,2022-08-21 02:00:00
2022-08-22,1,2022,0.0,Moderate,30.8,17.0,23.9,68.0,2.85,21.96,6.67,6.67,2022-08-22 02:00:00
2022-08-23,1,2022,0.0,Moderate,30.7,16.5,23.6,59.0,2.75,22.1,6.73,6.73,2022-08-23 02:00:00
2022-08-24,1,2022,0.6,Moderate,29.9,18.4,24.2,64.0,2.76,22.07,6.75,6.75,2022-08-24 02:00:00
2022-08-25,1,2022,1.5,Moderate,32.3,17.7,25.0,69.0,3.19,24.73,7.62,7.62,2022-08-25 02:00:00
2022-08-26,1,2022,3.5,Moderate,30.6,17.4,24.0,67.0,3.7,23.49,7.18,7.18,2022-08-26 02:00:00
2022-08-27,1,2022,0.6,Moderate,31.8,17.7,24.8,65.0,3.2,23.91,7.37,7.37,2022-08-27 02:00:00
2022-08-28,1,2022,2.3,Moderate,32.1,17.2,24.7,65.0,3.06,24.1,7.41,7.41,2022-08-28 02:00:00
2022-08-29,1,2022,2.0,Moderate,31.1,17.5,24.3,62.0,3.73,22.86,7.05,7.05,2022-08-29 02:00:00
2022-08-30,1,2022,0.0,High,31.3,17.0,24.2,60.0,2.7,22.91,7.01,7.01,2022-08-30 02:00:00
2022-08-31,1,2022,0.0,High,30.0,16.7,23.3,63.0,2.68,22.18,6.7,6.7,2022-08-31 02:00:00
2022-09-01,1,2022,1.4,High,29.9,16.6,23.3,68.0,3.07,24.0,7.22,7.22,2022-09-01 02:00:00
2022-09-02,1,2022,0.5,High,32.6,17.7,25.1,62.0,2.66,23.29,7.22,7.22,2022-09-02 02:00:00
2022-09-03,1,2022,0.0,High,31.1,19.0,25.1,60.0,2.68,21.28,6.62,6.62,2022-09-03 02:00:00
2022-09-04,1,2022,1.6,High,30.9,18.1,24.5,62.0,2.81,22.45,6.91,6.91,2022-09-04 02:00:00
2022-09-05,1,2022,0.0,High,31.9,17.6,24.7,62.0,2.79,22.86,7.05,7.05,2022-09-05 02:00:00
2022-09-06,1,2022,0.0,High,30.3,18.1,24.2,62.0,2.64,21.77,6.67,6.67,2022-09-06 02:00:00
2022-09-07,1,2022,0.0,High,32.5,18.1,25.3,66.0,2.82,24.2,7.49,7.49,2022-09-07 02:00:00
2022-09-08,1,2022,0.4,High,34.0,16.7,25.4,64.0,3.34,23.31,7.26,7.26,2022-09-08 02:00:00
2022-09-09,1,2022,5.7,High,32.7,18.0,25.3,61.0,3.11,22.66,7.07,7.07,2022-09-09 02:00:00
2022-09-10,1,2022,0.0,High,31.8,17.0,24.4,62.0,2.75,22.68,6.97,6.97,2022-09-10 02:00:00
2022-09-11,1,2022,2.6,High,30.3,18.5,24.4,62.0,3.05,24.84,7.63,7.63,2022-09-11 02:00:00
2022-09-12,1,2022,0.6,High,30.9,16.2,23.5,68.0,2.96,24.06,7.26,7.26,2022-09-12 02:00:00
2022-09-13,1,2022,0.7,High,30.1,17.0,23.5,64.0,3.11,23.98,7.26,7.26,2022-09-13 02:00:00
2022-09-14,1,2022,0.0,High,29.6,18.0,23.8,65.0,3.28,24.4,7.42,7.42,2022-09-14 02:00:00
2022-09-15,1,2022,1.4,High,31.0,19.0,25.0,68.0,3.29,22.53,6.97,6.97,2022-09-15 02:00:00
2022-09-16,1,2022,6.9,High,34.4,18.0,26.2,68.0,3.52,23.84,7.49,7.49,2022-09-16 02:00:00
2022-09-17,1,2022,6.1,High,31.9,18.5,25.2,59.0,2.85,23.53,7.32,7.32,2022-09-17 02:00:00
2022-09-18,1,2022,0.3,High,30.8,16.8,23.8,65.0,3.19,24.38,7.41,7.41,2022-09-18 02:00:00
2022-09-19,1,2022,5.7,High,32.1,16.7,24.4,57.0,3.01,23.89,7.36,7.36,2022-09-19 02:00:00
2022-09-20,1,2022,4.4,High,34.4,16.8,25.6,65.0,2.74,23.3,7.25,7.25,2022-09-20 02:00:00
2022-09-21,1,2022,0.5,High,33.1,17.1,25.1,62.0,3.42,23.01,7.17,7.17,2022-09-21 02:00:00
2022-09-22,1,2022,1.0,High,30.9,20.1,25.5,64.0,3.02,23.16,7.22,7.22,2022-09-22 02:00:00
2022-09-23,1,2022,0.0,High,32.9,18.8,25.8,64.0,2.76,24.85,7.76,7.76,2022-09-23 02:00:00
2022-09-24,1,2022,0.0,High,32.0,17.7,24.9,62.0,3.11,23.77,7.36,7.36,2022-09-24 02:00:00
2022-09-25,1,2022,2.2,High,31.5,19.0,25.3,65.0,3.16,25.18,7.8,7.8,2022-09-25 02:00:00
2022-09-26,1,2022,3.5,High,32.8,18.1,25.4,65.0,3.49,24.47,7.62,7.62,2022-09-26 02:00:00
2022-09-27,1,2022,0.6,High,31.8,16.6,24.2,67.0,3.36,24.18,7.39,7.39,2022-09-27 02:00:00
2022-09-28,1,2022,7.5,High,31.5,18.3,24.9,64.0,2.84,23.82,7.35,7.35,2022-09-28 02:00:00
2022-09-29,1,2022,0.9,High,31.8,16.9,24.4,63.0,3.14,24.1,7.4,7.4,2022-09-29 02:00:00
2022-09-30,1,2022,1.0,High,32.2,17.5,24.9,62.0,2.61,23.31,7.19,7.19,2022-09-30 02:00:00
2022-10-01,1,2022,0.4,High,33.0,18.2,25.6,63.0,3.21,24.42,7.63,7.63,2022-10-01 02:00:00
2022-10-02,1,2022,0.0,High,33.1,18.1,25.6,64.0,3.6,25.72,8.03,8.03,2022-10-02 02:00:00
2022-10-03,1,2022,1.6,High,29.8,18.6,24.2,63.0,2.8,23.67,7.24,7.24,2022-10-03 02:00:00
2022-10-04,1,2022,0.0,High,31.9,17.8,24.8,68.0,2.61,25.81,7.91,7.91,2022-10-04 02:00:00
2022-10-05,1,2022,0.3,High,29.9,17.5,23.7,60.0,2.81,23.93,7.28,7.28,2022-10-05 02:00:00
2022-10-06,1,2022,0.4,High,31.2,17.9,24.5,63.0,3.04,23.27,7.16,7.16,2022-10-06 02:00:00
2022-10-07,1,2022,0.5,High,31.0,16.9,23.9,63.0,2.95,24.24,7.38,7.38,2022-10-07 02:00:00
2022-10-08,1,2022,1.6,High,30.2,18.0,24.1,56.0,3.13,23.18,7.13,7.13,2022-10-08 02:00:00
2022-10-09,1,2022,2.9,High,30.2,18.9,24.5,56.0,3.68,23.47,7.3,7.3,2022-10-09 02:00:00
2022-10-10,1,2022,0.4,High,32.1,18.1,25.1,60.0,2.83,23.66,7.35,7.35,2022-10-10 02:00:00
2022-10-11,1,2022,0.1,High,32.9,19.6,26.2,62.0,3.34,24.2,7.63,7.63,2022-10-11 02:00:00
2022-10-12,1,2022,0.5,High,34.7,17.4,26.0,63.0,3.12,23.98,7.53,7.53,2022-10-12 02:00:00
2022-10-13,1,2022,1.7,High,32.2,17.4,24.8,62.0,2.75,24.43,7.53,7.53,2022-10-13 02:00:00
2022-10-14,1,2022,1.3,High,31.2,18.0,24.6,62.0,3.32,24.73,7.62,7.62,2022-10-14 02:00:00
2022-10-15,1,2022,1.6,High,33.1,18.6,25.8,61.0,3.14,22.91,7.2,7.2,2022-10-15 02:00:00
2022-10-16,1,2022,3.9,High,34.4,17.9,26.1,59.0,2.8,23.61,7.43,7.43,2022-10-16 02:00:00
2022-10-17,1,2022,0.6,High,31.2,17.2,24.2,67.0,3.66,24.21,7.4,7.4,2022-10-17 02:00:00
2022-10-18,1,2022,0.2,High,28.7,18.8,23.7,63.0,3.24,21.95,6.7,6.7,2022-10-18 02:00:00
2022-10-19,1,2022,1.8,High,33.5,18.0,25.8,63.0,3.24,24.45,7.65,7.65,2022-10-19 02:00:00
2022-10-20,1,2022,0.1,High,31.3,18.2,24.7,64.0,2.25,23.3,7.15,7.15,2022-10-20 02:00:00
2022-10-21,1,2022,0.0,High,31.0,18.6,24.8,68.0,2.03,23.85,7.29,7.29,2022-10-21 02:00:00
2022-10-22,1,2022,0.7,High,31.5,17.3,24.4,57.0,2.75,22.57,6.96,6.96,2022-10-22 02:00:00
2022-10-23,1,2022,1.0,High,32.9,19.6,26.3,64.0,2.94,25.49,8.0,8.0,2022-10-23 02:00:00
2022-10-24,1,2022,1.0,High,32.3,17.5,24.9,61.0,3.36,25.55,7.91,7.91,2022-10-24 02:00:00
2022-10-25,1,2022,0.6,High,30.8,16.5,23.6,65.0,2.99,22.89,6.94,6.94,2022-10-25 02:00:00
2022-10-26,1,2022,2.2,High,31.1,16.9,24.0,64.0,2.71,24.4,7.42,7.42,2022-10-26 02:00:00
2022-10-27,1,2022,0.2,High,33.3,17.2,25.3,62.0,2.82,25.45,7.89,7.89,2022-10-27 02:00:00
2022-10-28,1,2022,6.5,High,32.3,19.1,25.7,67.0,2.35,23.87,7.41,7.41,2022-10-28 02:00:00
2022-10-29,1,2022,6.3,High,32.6,17.6,25.1,64.0,2.87,24.44,7.56,7.56,2022-10-29 02:00:00
2022-10-30,1,2022,8.3,High,33.0,17.6,25.3,65.0,2.91,21.85,6.79,6.79,2022-10-30 02:00:00
2022-10-31,1,2022,1.1,High,32.9,17.3,25.1,57.0,2.93,23.46,7.3,7.3,2022-10-31 02:00:00
2022-11-01,1,2022,1.0,High,31.1,17.8,24.4,57.0,2.28,24.05,7.38,7.38,2022-11-01 02:00:00
2022-11-02,1,2022,1.4,High,32.5,17.8,25.2,65.0,2.86,24.14,7.47,7.47,2022-11-02 02:00:00
2022-11-03,1,2022,1.3,High,33.2,17.9,25.5,62.0,3.2,22.6,7.07,7.07,2022-11-03 02:00:00
2022-11-04,1,2022,0.1,High,32.7,18.7,25.7,60.0,3.01,23.28,7.3,7.3,2022-11-04 02:00:00
2022-11-05,1,2022,0.9,High,32.9,18.5,25.7,62.0,3.4,23.62,7.41,7.41,2022-11-05 02:00:00
2022-11-06,1,2022,0.0,High,33.8,16.6,25.2,62.0,2.85,25.48,7.89,7.89,2022-11-06 02:00:00
2022-11-07,1,2022,1.7,High,32.9,18.7,25.8,59.0,3.09,24.56,7.71,7.71,2022-11-07 02:00:00
2022-11-08,1,2022,1.1,High,35.0,18.8,26.9,62.0,2.72,24.86,7.87,7.87,2022-11-08 02:00:00
2022-11-09,1,2022,0.7,High,33.2,17.9,25.5,62.0,3.62,23.68,7.42,7.42,2022-11-09 02:00:00
2022-11-10,1,2022,3.0,High,32.3,17.7,25.0,64.0,2.49,22.51,6.95,6.95,2022-11-10 02:00:00
2022-11-11,1,2022,2.9,High,34.6,18.3,26.4,66.0,2.71,24.97,7.84,7.84,2022-11-11 02:00:00
2022-11-12,1,2022,2.6,High,34.1,19.1,26.6,63.0,2.31,25.76,8.1,8.1,2022-11-12 02:00:00
2022-11-13,1,2022,0.0,High,31.8,18.6,25.2,59.0,3.27,23.93,7.46,7.46,2022-11-13 02:00:00
2022-11-14,1,2022,1.7,High,32.7,17.7,25.2,64.0,3.32,22.25,6.92,6.92,2022-11-14 02:00:00
2022-11-15,1,2022,1.0,High,32.5,19.6,26.1,65.0,3.56,24.57,7.73,7.73,2022-11-15 02:00:00
2022-11-16,1,2022,2.1,High,32.9,18.9,25.9,59.0,3.18,24.24,7.62,7.62,2022-11-16 02:00:00
2022-11-17,1,2022,2.3,High,34.0,18.5,26.2,60.0,3.62,23.13,7.33,7.33,2022-11-17 02:00:00
2022-11-18,1,2022,3.3,High,32.3,17.9,25.1,63.0,2.95,24.61,7.62,7.62,2022-11-18 02:00:00
2022-11-19,1,2022,1.0,High,33.9,17.7,25.8,60.0,2.23,24.83,7.74,7.74,2022-11-19 02:00:00
2022-11-20,1,2022,0.0,High,31.5,18.3,24.9,63.0,3.13,22.43,6.95,6.95,2022-11-20 02:00:00
2022-11-21,1,2022,0.6,High,33.7,19.1,26.4,59.0,2.49,23.88,7.53,7.53,2022-11-21 02:00:00
2022-11-22,1,2022,0.5,High,33.8,18.6,26.2,65.0,3.45,23.61,7.44,7.44,2022-11-22 02:00:00
2022-11-23,1,2022,0.6,High,32.6,17.3,24.9,63.0,2.61,23.82,7.35,7.35,2022-11-23 02:00:00
2022-11-24,1,2022,0.0,High,33.5,18.4,26.0,59.0,3.21,23.46,7.39,7.39,2022-11-24 02:00:00
2022-11-25,1,2022,3.3,High,33.4,18.0,25.7,58.0,3.13,24.58,7.71,7.71,2022-11-25 02:00:00
2022-11-26,1,2022,0.0,High,32.6,19.3,26.0,65.0,2.8,24.77,7.74,7.74,2022-11-26 02:00:00
2022-11-27,1,2022,0.1,High,32.6,18.0,25.3,60.0,2.66,24.42,7.59,7.59,2022-11-27 02:00:00
2022-11-28,1,2022,0.0,High,34.7,19.0,26.9,58.0,3.1,23.16,7.39,7.39,2022-11-28 02:00:00
2022-11-29,1,2022,0.2,High,31.6,17.6,24.6,61.0,2.4,25.98,7.96,7.96,2022-11-29 02:00:00
2022-11-30,1,2022,0.0,High,31.9,18.8,25.4,64.0,3.38,24.17,7.53,7.53,2022-11-30 02:00:00
2022-12-01,1,2022,0.7,High,31.2,19.3,25.3,60.0,2.76,25.82,8.01,8.01,2022-12-01 02:00:00
2022-12-02,1,2022,0.0,High,34.2,18.4,26.3,62.0,3.27,25.33,7.98,7.98,2022-12-02 02:00:00
2022-12-03,1,2022,0.0,High,31.0,18.4,24.7,62.0,3.02,25.17,7.75,7.75,2022-12-03 02:00:00
2022-12-04,1,2022,0.0,High,33.0,18.4,25.7,63.0,2.93,23.9,7.46,7.46,2022-12-04 02:00:00
2022-12-05,1,2022,0.0,High,30.7,17.8,24.2,62.0,2.51,23.54,7.19,7.19,2022-12-05 02:00:00
2022-12-06,1,2022,0.0,High,32.2,18.9,25.5,60.0,3.89,24.05,7.55,7.55,2022-12-06 02:00:00
2022-12-07,1,2022,0.0,High,33.0,18.2,25.6,62.0,3.4,22.86,7.17,7.17,2022-12-07 02:00:00
2022-12-08,1,2022,0.3,High,33.1,17.7,25.4,61.0,2.89,23.78,7.41,7.41,2022-12-08 02:00:00
2022-12-09,1,2022,1.9,High,30.9,18.1,24.5,62.0,3.67,25.66,7.9,7.9,2022-12-09 02:00:00
2022-12-10,1,2022,1.3,High,31.6,19.0,25.3,58.0,2.28,24.49,7.6,7.6,2022-12-10 02:00:00
2022-12-11,1,2022,7.2,High,33.2,18.9,26.1,62.0,2.74,25.78,8.07,8.07,2022-12-11 02:00:00
2022-12-12,1,2022,1.5,High,31.9,18.3,25.1,61.0,3.43,24.74,7.69,7.69,2022-12-12 02:00:00
2022-12-13,1,2022,5.7,High,33.1,18.9,26.0,58.0,3.3,26.17,8.23,8.23,2022-12-13 02:00:00
2022-12-14,1,2022,0.0,High,31.9,19.2,25.6,61.0,2.56,24.72,7.7,7.7,2022-12-14 02:00:00
2022-12-15,1,2022,0.0,High,32.1,17.8,24.9,66.0,2.62,25.17,7.74,7.74,2022-12-15 02:00:00
2022-12-16,1,2022,7.1,High,32.8,18.0,25.4,65.0,3.13,25.37,7.88,7.88,2022-12-16 02:00:00
2022-12-17,1,2022,0.0,High,34.7,18.3,26.5,61.0,2.75,24.37,7.69,7.69,2022-12-17 02:00:00
2022-12-18,1,2022,0.0,High,33.6,18.4,26.0,60.0,4.15,26.67,8.41,8.41,2022-12-18 02:00:00
2022-12-19,1,2022,0.6,High,34.4,18.5,26.4,63.0,3.03,24.79,7.82,7.82,2022-12-19 02:00:00
2022-12-20,1,2022,0.0,High,32.4,18.3,25.4,65.0,3.12,24.28,7.54,7.54,2022-12-20 02:00:00
2022-12-21,1,2022,0.0,High,35.0,19.2,27.1,57.0,2.17,26.43,8.38,8.38,2022-12-21 02:00:00
2022-12-22,1,2022,0.6,High,31.6,18.7,25.2,58.0,2.67,23.74,7.38,7.38,2022-12-22 02:00:00
2022-12-23,1,2022,2.1,High,33.6,18.4,26.0,63.0,3.1,24.51,7.68,7.68,2022-12-23 02:00:00
2022-12-24,1,2022,0.0,High,32.8,18.3,25.6,59.0,2.67,25.31,7.89,7.89,2022-12-24 02:00:00
2022-12-25,1,2022,1.7,High,33.5,17.9,25.7,59.0,2.98,25.81,8.07,8.07,2022-12-25 02:00:00
2022-12-26,1,2022,0.2,High,33.7,18.2,25.9,59.0,2.56,24.77,7.76,7.76,2022-12-26 02:00:00
2022-12-27,1,2022,5.5,High,32.7,17.8,25.3,60.0,3.09,25.23,7.85,7.85,2022-12-27 02:00:00
2022-12-28,1,2022,0.3,High,33.0,17.8,25.4,59.0,2.71,26.76,8.31,8.31,2022-12-28 02:00:00
2022-12-29,1,2022,0.2,High,32.8,17.6,25.2,57.0,2.75,25.39,7.89,7.89,2022-12-29 02:00:00
2022-12-30,1,2022,4.0,High,34.6,19.7,27.1,60.0,2.8,22.64,7.22,7.22,2022-12-30 02:00:00
2022-12-31,1,2022,0.1,High,34.4,20.4,27.4,62.0,3.28,26.42,8.43,8.43,2022-12-31 02:00:00
2020-01-02,2,2020,0.8,Low,28.6,15.7,22.1,70.0,3.06,21.01,6.22,6.22,2020-01-02 02:00:00
2020-01-03,2,2020,0.6,Low,28.2,16.8,22.5,71.0,3.08,20.54,6.11,6.11,2020-01-03 02:00:00
2020-01-04,2,2020,4.4,Low,28.6,15.8,22.2,70.0,3.19,19.87,5.9,5.9,2020-01-04 02:00:00
2020-01-05,2,2020,0.1,Low,26.7,15.9,21.3,68.0,3.24,19.39,5.69,5.69,2020-01-05 02:00:00
2020-01-06,2,2020,0.0,Low,28.1,15.9,22.0,74.0,3.18,20.46,6.03,6.03,2020-01-06 02:00:00
2020-01-07,2,2020,0.5,Low,27.0,15.7,21.4,70.0,3.27,19.92,5.84,5.84,2020-01-07 02:00:00
2020-01-08,2,2020,10.6,Low,28.5,16.1,22.3,75.0,2.78,23.89,7.03,7.03,2020-01-08 02:00:00
2020-01-09,2,2020,2.6,Low,29.9,15.4,22.6,65.0,2.91,21.45,6.42,6.42,2020-01-09 02:00:00
2020-01-10,2,2020,7.0,Low,27.2,16.1,21.6,72.0,3.6,21.26,6.25,6.25,2020-01-10 02:00:00
2020-01-11,2,2020,0.3,Low,28.3,15.8,22.1,73.0,2.95,21.56,6.35,6.35,2020-01-11 02:00:00
2020-01-12,2,2020,0.8,Low,27.6,17.6,22.6,73.0,3.56,21.39,6.37,6.37,2020-01-12 02:00:00
2020-01-13,2,2020,1.2,Low,29.2,15.5,22.3,75.0,2.82,21.58,6.37,6.37,2020-01-13 02:00:00
2020-01-14,2,2020,2.7,Low,27.8,15.0,21.4,67.0,2.33,21.71,6.33,6.33,2020-01-14 02:00:00
2020-01-15,2,2020,0.0,Low,27.0,15.5,21.2,71.0,2.44,22.49,6.53,6.53,2020-01-15 02:00:00
2020-01-16,2,2020,1.5,Low,30.5,16.9,23.7,74.0,3.39,18.9,5.74,5.74,2020-01-16 02:00:00
2020-01-17,2,2020,1.0,Low,29.2,16.0,22.6,76.0,3.25,21.06,6.26,6.26,2020-01-17 02:00:00
2020-01-18,2,2020,0.6,Low,29.2,16.8,23.0,72.0,1.82,21.9,6.51,6.51,2020-01-18 02:00:00
2020-01-19,2,2020,3.3,Low,27.9,17.5,22.7,72.0,3.16,22.05,6.57,6.57,2020-01-19 02:00:00
2020-01-20,2,2020,0.7,Low,28.7,15.9,22.3,76.0,3.0,21.38,6.31,6.31,2020-01-20 02:00:00
2020-01-21,2,2020,4.5,Low,28.1,16.9,22.5,64.0,3.2,21.19,6.34,6.34,2020-01-21 02:00:00
2020-01-22,2,2020,2.8,Low,28.7,16.3,22.5,71.0,3.35,21.09,6.28,6.28,2020-01-22 02:00:00
2020-01-23,2,2020,0.4,Low,28.2,14.7,21.4,71.0,2.75,21.57,6.3,6.3,2020-01-23 02:00:00
2020-01-24,2,2020,2.9,Low,27.6,15.2,21.4,75.0,3.02,21.56,6.27,6.27,2020-01-24 02:00:00
2020-01-25,2,2020,1.8,Low,29.2,16.8,23.0,68.0,3.34,22.45,6.75,6.75,2020-01-25 02:00:00
2020-01-26,2,2020,4.0,Low,28.4,16.2,22.3,75.0,2.56,19.84,5.86,5.86,2020-01-26 02:00:00
2020-01-27,2,2020,1.9,Low,27.0,16.0,21.5,70.0,3.22,20.25,5.94,5.94,2020-01-27 02:00:00
2020-01-28,2,2020,8.7,Low,29.0,17.2,23.1,65.0,3.56,21.28,6.44,6.44,2020-01-28 02:00:00
2020-01-29,2,2020,2.6,Low,29.2,17.2,23.2,69.0,3.14,20.47,6.17,6.17,2020-01-29 02:00:00
2020-01-30,2,2020,0.2,Low,29.5,15.1,22.3,75.0,2.78,19.18,5.67,5.67,2020-01-30 02:00:00
2020-01-31,2,2020,5.3,Low,30.4,15.1,22.8,72.0,2.55,20.05,5.97,5.97,2020-01-31 02:00:00
2020-02-01,2,2020,0.7,Low,28.3,15.3,21.8,71.0,3.1,19.84,5.84,5.84,2020-02-01 02:00:00
2020-02-02,2,2020,3.1,Low,27.6,15.3,21.5,73.0,2.49,20.87,6.08,6.08,2020-02-02 02:00:00
2020-02-03,2,2020,0.6,Low,28.3,15.2,21.8,69.0,3.43,21.58,6.37,6.37,2020-02-03 02:00:00
2020-02-04,2,2020,0.7,Low,28.4,14.8,21.6,74.0,2.58,21.64,6.31,6.31,2020-02-04 02:00:00
2020-02-05,2,2020,0.8,Low,27.2,16.7,21.9,72.0,2.78,23.34,6.85,6.85,2020-02-05 02:00:00
2020-02-06,2,2020,0.0,Low,28.8,16.4,22.6,64.0,3.02,23.36,6.97,6.97,2020-02-06 02:00:00
2020-02-07,2,2020,0.4,Low,28.3,16.0,22.2,68.0,2.66,21.81,6.45,6.45,2020-02-07 02:00:00
2020-02-08,2,2020,0.0,Low,30.2,16.0,23.1,68.0,3.36,21.09,6.36,6.36,2020-02-08 02:00:00
2020-02-09,2,2020,2.9,Low,28.1,16.7,22.4,73.0,3.3,22.64,6.7,6.7,2020-02-09 02:00:00
2020-02-10,2,2020,1.0,Low,29.1,16.9,23.0,62.0,2.77,21.47,6.47,6.47,2020-02-10 02:00:00
2020-02-11,2,2020,2.7,Low,28.5,16.1,22.3,69.0,3.49,21.65,6.44,6.44,2020-02-11 02:00:00
2020-02-12,2,2020,0.5,Low,27.0,17.0,22.0,72.0,3.24,21.12,6.24,6.24,2020-02-12 02:00:00
2020-02-13,2,2020,4.1,Low,27.3,17.2,22.2,73.0,3.08,19.65,5.82,5.82,2020-02-13 02:00:00
2020-02-14,2,2020,0.2,Low,28.0,17.4,22.7,65.0,2.57,21.06,6.3,6.3,2020-02-14 02:00:00
2020-02-15,2,2020,8.3,Low,26.3,15.6,21.0,70.0,3.1,23.58,6.83,6.83,2020-02-15 02:00:00
2020-02-16,2,2020,1.5,Low,28.0,15.8,21.9,72.0,3.12,21.11,6.21,6.21,2020-02-16 02:00:00
2020-02-17,2,2020,1.8,Low,28.6,16.9,22.7,68.0,2.93,20.99,6.28,6.28,2020-02-17 02:00:00
2020-02-18,2,2020,1.1,Low,27.9,16.9,22.4,71.0,2.83,20.7,6.14,6.14,2020-02-18 02:00:00
2020-02-19,2,2020,1.7,Low,28.0,16.5,22.3,65.0,3.22,21.62,6.44,6.44,2020-02-19 02:00:00
2020-02-20,2,2020,1.3,Low,27.5,15.1,21.3,72.0,3.14,21.8,6.35,6.35,2020-02-20 02:00:00
2020-02-21,2,2020,1.8,Low,29.0,17.0,23.0,70.0,2.74,19.25,5.78,5.78,2020-02-21 02:00:00
2020-02-22,2,2020,2.6,Low,29.5,15.9,22.7,70.0,3.94,21.05,6.31,6.31,2020-02-22 02:00:00
2020-02-23,2,2020,0.6,Low,29.6,15.3,22.5,68.0,3.28,22.22,6.62,6.62,2020-02-23 02:00:00
2020-02-24,2,2020,0.0,Low,30.1,16.6,23.4,74.0,3.03,22.65,6.79,6.79,2020-02-24 02:00:00
2020-02-25,2,2020,1.3,Low,28.7,17.0,22.8,71.0,3.57,20.89,6.26,6.26,2020-02-25 02:00:00
2020-02-26,2,2020,2.0,Low,27.6,15.1,21.3,70.0,3.32,21.63,6.32,6.32,2020-02-26 02:00:00
2020-02-27,2,2020,0.6,Low,26.7,15.4,21.0,75.0,2.7,20.0,5.79,5.79,2020-02-27 02:00:00
2020-02-28,2,2020,2.3,Low,29.1,17.2,23.2,75.0,2.34,21.34,6.37,6.37,2020-02-28 02:00:00
2020-02-29,2,2020,0.5,Low,28.4,15.8,22.1,69.0,3.58,21.13,6.28,6.28,2020-02-29 02:00:00
2020-03-01,2,2020,1.2,Low,29.6,16.7,23.1,73.0,2.43,22.08,6.59,6.59,2020-03-01 02:00:00
2020-03-02,2,2020,1.0,Low,27.9,16.0,22.0,74.0,3.19,22.11,6.5,6.5,2020-03-02 02:00:00
2020-03-03,2,2020,0.0,Low,28.7,16.7,22.7,70.0,2.65,21.95,6.54,6.54,2020-03-03 02:00:00
2020-03-04,2,2020,7.8,Low,30.2,15.9,23.0,74.0,2.46,22.21,6.62,6.62,2020-03-04 02:00:00
2020-03-05,2,2020,2.3,Low,28.5,17.1,22.8,70.0,3.08,20.99,6.28,6.28,2020-03-05 02:00:00
2020-03-06,2,2020,3.6,Low,27.9,15.1,21.5,75.0,2.74,22.76,6.63,6.63,2020-03-06 02:00:00
2020-03-07,2,2020,0.0,Low,30.1,15.3,22.7,65.0,2.94,20.87,6.26,6.26,2020-03-07 02:00:00
2020-03-08,2,2020,1.4,Low,27.2,17.2,22.2,63.0,2.67,20.09,5.98,5.98,2020-03-08 02:00:00
2020-03-09,2,2020,0.3,Low,28.3,15.8,22.1,73.0,3.05,19.31,5.7,5.7,2020-03-09 02:00:00
2020-03-10,2,2020,0.4,Low,29.8,16.3,23.1,64.0,2.92,20.83,6.29,6.29,2020-03-10 02:00:00
2020-03-11,2,2020,0.0,Low,28.9,15.9,22.4,74.0,3.81,19.76,5.88,5.88,2020-03-11 02:00:00
2020-03-12,2,2020,5.9,Low,27.4,16.5,22.0,71.0,2.74,20.6,6.07,6.07,2020-03-12 02:00:00
2020-03-13,2,2020,0.6,Low,30.5,17.0,23.8,67.0,2.74,21.11,6.41,6.41,2020-03-13 02:00:00
2020-03-14,2,2020,1.6,Low,28.5,17.2,22.8,66.0,3.32,22.38,6.72,6.72,2020-03-14 02:00:00
2020-03-15,2,2020,1.6,Low,29.1,15.6,22.4,67.0,3.4,20.44,6.11,6.11,2020-03-15 02:00:00
2020-03-16,2,2020,1.5,Low,28.3,15.1,21.7,71.0,3.06,19.27,5.67,5.67,2020-03-16 02:00:00
2020-03-17,2,2020,9.7,Low,27.8,16.0,21.9,68.0,2.83,22.24,6.55,6.55,2020-03-17 02:00:00
2020-03-18,2,2020,0.7,Low,28.7,16.3,22.5,69.0,2.31,19.88,5.9,5.9,2020-03-18 02:00:00
2020-03-19,2,2020,0.1,Low,28.7,16.4,22.6,71.0,2.49,21.43,6.36,6.36,2020-03-19 02:00:00
2020-03-20,2,2020,0.1,Low,28.8,15.4,22.1,67.0,3.94,19.97,5.97,5.97,2020-03-20 02:00:00
2020-03-21,2,2020,1.6,Low,29.8,17.3,23.6,71.0,2.37,21.21,6.39,6.39,2020-03-21 02:00:00
2020-03-22,2,2020,0.9,Low,27.8,16.4,22.1,69.0,3.14,19.25,5.71,5.71,2020-03-22 02:00:00
2020-03-23,2,2020,0.4,Low,29.0,16.0,22.5,72.0,3.6,21.25,6.33,6.33,2020-03-23 02:00:00
2020-03-24,2,2020,0.0,Low,30.5,15.7,23.1,70.0,3.11,21.37,6.42,6.42,2020-03-24 02:00:00
2020-03-25,2,2020,0.0,Low,27.8,17.1,22.4,67.0,3.28,21.5,6.42,6.42,2020-03-25 02:00:00
2020-03-26,2,2020,0.8,Low,29.9,17.0,23.5,69.0,4.11,21.15,6.43,6.43,2020-03-26 02:00:00
2020-03-27,2,2020,0.0,Low,31.4,17.4,24.4,70.0,3.49,20.9,6.41,6.41,2020-03-27 02:00:00
2020-03-28,2,2020,1.0,Low,28.8,16.8,22.8,73.0,2.77,20.97,6.25,6.25,2020-03-28 02:00:00
2020-03-29,2,2020,0.1,Low,29.7,16.3,23.0,68.0,3.06,21.38,6.42,6.42,2020-03-29 02:00:00
2020-03-30,2,2020,0.9,Low,28.9,15.4,22.1,68.0,2.43,20.22,5.98,5.98,2020-03-30 02:00:00
2020-03-31,2,2020,0.0,Low,29.8,16.8,23.3,74.0,3.06,20.7,6.22,6.22,2020-03-31 02:00:00
2020-04-01,2,2020,1.5,Low,30.6,16.2,23.4,69.0,2.35,21.14,6.36,6.36,2020-04-01 02:00:00
2020-04-02,2,2020,0.0,Low,30.7,17.1,23.9,71.0,2.98,19.9,6.05,6.05,2020-04-02 02:00:00
2020-04-03,2,2020,2.6,Low,30.4,16.8,23.6,68.0,3.03,21.04,6.38,6.38,2020-04-03 02:00:00
2020-04-04,2,2020,1.2,Low,27.2,17.0,22.1,67.0,2.94,19.33,5.74,5.74,2020-04-04 02:00:00
2020-04-05,2,2020,0.2,Low,28.9,16.4,22.6,69.0,2.26,21.06,6.26,6.26,2020-04-05 02:00:00
2020-04-06,2,2020,0.0,Low,29.8,16.5,23.2,69.0,3.27,21.7,6.54,6.54,2020-04-06 02:00:00
2020-04-07,2,2020,2.0,Low,31.1,16.5,23.8,66.0,2.44,23.83,7.21,7.21,2020-04-07 02:00:00
2020-04-08,2,2020,0.4,Low,30.4,17.4,23.9,74.0,3.46,22.04,6.69,6.69,2020-04-08 02:00:00
2020-04-09,2,2020,1.0,Low,31.0,17.1,24.0,68.0,3.01,21.27,6.49,6.49,2020-04-09 02:00:00
2020-04-10,2,2020,0.7,Low,31.2,16.9,24.0,67.0,2.69,23.48,7.13,7.13,2020-04-10 02:00:00
2020-04-11,2,2020,0.0,Low,29.5,16.3,22.9,65.0,3.6,22.69,6.83,6.83,2020-04-11 02:00:00
2020-04-12,2,2020,0.4,Low,28.1,17.1,22.6,66.0,4.02,20.77,6.25,6.25,2020-04-12 02:00:00
2020-04-13,2,2020,0.2,Low,28.9,16.3,22.6,62.0,3.19,22.87,6.85,6.85,2020-04-13 02:00:00
2020-04-14,2,2020,3.3,Low,29.7,16.5,23.1,69.0,2.83,21.47,6.44,6.44,2020-04-14 02:00:00
2020-04-15,2,2020,0.4,Low,27.9,16.9,22.4,70.0,2.63,23.09,6.83,6.83,2020-04-15 02:00:00
2020-04-16,2,2020,0.0,Low,28.9,17.0,23.0,64.0,3.46,20.79,6.29,6.29,2020-04-16 02:00:00
2020-04-17,2,2020,2.2,Low,29.9,17.2,23.6,68.0,2.75,22.83,6.9,6.9,2020-04-17 02:00:00
2020-04-18,2,2020,0.0,Low,29.6,16.7,23.1,67.0,2.7,22.79,6.84,6.84,2020-04-18 02:00:00
2020-04-19,2,2020,0.0,Low,29.8,17.0,23.4,66.0,3.3,22.51,6.81,6.81,2020-04-19 02:00:00
2020-04-20,2,2020,3.6,Low,30.7,16.7,23.7,70.0,2.98,21.83,6.61,6.61,2020-04-20 02:00:00
2020-04-21,2,2020,1.1,Low,28.9,16.6,22.8,72.0,2.97,22.3,6.64,6.64,2020-04-21 02:00:00
2020-04-22,2,2020,1.4,Low,28.8,17.3,23.1,67.0,2.71,22.41,6.72,6.72,2020-04-22 02:00:00
2020-04-23,2,2020,0.2,Low,29.1,17.4,23.2,73.0,2.35,21.15,6.33,6.33,2020-04-23 02:00:00
2020-04-24,2,2020,10.3,Low,30.0,17.3,23.7,70.0,2.81,21.54,6.52,6.52,2020-04-24 02:00:00
2020-04-25,2,2020,0.0,Low,30.7,17.9,24.3,72.0,3.44,21.46,6.56,6.56,2020-04-25 02:00:00
2020-04-26,2,2020,2.0,Low,30.6,16.9,23.7,65.0,2.75,23.21,7.04,7.04,2020-04-26 02:00:00
2020-04-27,2,2020,7.2,Low,31.1,16.9,24.0,71.0,3.58,21.17,6.46,6.46,2020-04-27 02:00:00
2020-04-28,2,2020,2.7,Low,28.4,17.5,22.9,65.0,3.58,21.58,6.51,6.51,2020-04-28 02:00:00
2020-04-29,2,2020,0.0,Low,32.5,16.3,24.4,70.0,3.23,21.7,6.65,6.65,2020-04-29 02:00:00
2020-04-30,2,2020,3.3,Low,28.6,17.7,23.1,67.0,2.96,21.1,6.35,6.35,2020-04-30 02:00:00
2020-05-01,2,2020,0.9,Low,29.7,15.5,22.6,64.0,3.26,20.7,6.21,6.21,2020-05-01 02:00:00
2020-05-02,2,2020,0.1,Moderate,31.1,16.1,23.6,69.0,2.86,23.76,7.17,7.17,2020-05-02 02:00:00
2020-05-03,2,2020,0.0,Moderate,29.8,16.5,23.1,69.0,2.95,20.25,6.09,6.09,2020-05-03 02:00:00
2020-05-04,2,2020,5.3,Moderate,30.4,17.9,24.2,71.0,3.15,22.01,6.71,6.71,2020-05-04 02:00:00
2020-05-05,2,2020,2.8,Moderate,30.4,18.0,24.2,70.0,3.28,21.1,6.45,6.45,2020-05-05 02:00:00
2020-05-06,2,2020,0.3,Moderate,29.5,16.5,23.0,72.0,3.52,22.69,6.8,6.8,2020-05-06 02:00:00
2020-05-07,2,2020,0.9,Moderate,31.0,17.1,24.0,67.0,3.32,19.98,6.12,6.12,2020-05-07 02:00:00
2020-05-08,2,2020,1.1,Moderate,27.8,17.1,22.4,69.0,3.59,21.61,6.45,6.45,2020-05-08 02:00:00
2020-05-09,2,2020,0.4,Moderate,28.8,16.8,22.8,72.0,2.39,22.57,6.71,6.71,2020-05-09 02:00:00
2020-05-10,2,2020,0.2,Moderate,28.8,18.8,23.8,64.0,2.74,22.66,6.89,6.89,2020-05-10 02:00:00
2020-05-11,2,2020,0.2,Moderate,30.3,17.4,23.8,69.0,2.69,22.54,6.83,6.83,2020-05-11 02:00:00
2020-05-12,2,2020,0.0,Moderate,28.9,16.7,22.8,73.0,2.72,19.96,5.95,5.95,2020-05-12 02:00:00
2020-05-13,2,2020,0.9,Moderate,30.0,19.2,24.6,67.0,3.53,22.78,7.01,7.01,2020-05-13 02:00:00
2020-05-14,2,2020,0.0,Moderate,27.4,16.9,22.1,72.0,3.07,20.93,6.19,6.19,2020-05-14 02:00:00
2020-05-15,2,2020,0.0,Moderate,26.8,16.3,21.5,67.0,3.3,23.21,6.81,6.81,2020-05-15 02:00:00
2020-05-16,2,2020,3.7,Moderate,29.1,17.7,23.4,71.0,2.78,20.4,6.14,6.14,2020-05-16 02:00:00
2020-05-17,2,2020,0.1,Moderate,30.9,17.2,24.1,67.0,2.5,22.88,6.95,6.95,2020-05-17 02:00:00
2020-05-18,2,2020,0.0,Moderate,29.0,16.7,22.9,67.0,2.89,22.74,6.8,6.8,2020-05-18 02:00:00
2020-05-19,2,2020,2.2,Moderate,29.2,18.4,23.8,70.0,2.95,21.54,6.53,6.53,2020-05-19 02:00:00
2020-05-20,2,2020,0.5,Moderate,30.9,17.0,23.9,64.0,2.82,21.54,6.57,6.57,2020-05-20 02:00:00
2020-05-21,2,2020,2.9,Moderate,30.0,15.8,22.9,67.0,2.51,21.5,6.43,6.43,2020-05-21 02:00:00
2020-05-22,2,2020,2.4,Moderate,30.3,15.4,22.9,61.0,2.43,21.77,6.53,6.53,2020-05-22 02:00:00
2020-05-23,2,2020,0.2,Moderate,29.2,15.9,22.5,68.0,3.53,21.56,6.45,6.45,2020-05-23 02:00:00
2020-05-24,2,2020,0.7,Moderate,27.6,16.8,22.2,62.0,3.22,21.8,6.5,6.5,2020-05-24 02:00:00
2020-05-25,2,2020,1.2,Moderate,31.5,16.9,24.2,72.0,3.83,21.93,6.7,6.7,2020-05-25 02:00:00
2020-05-26,2,2020,0.5,Moderate,30.1,16.3,23.2,65.0,3.73,21.02,6.38,6.38,2020-05-26 02:00:00
2020-05-27,2,2020,2.8,Moderate,30.5,16.1,23.3,67.0,3.81,21.67,6.57,6.57,2020-05-27 02:00:00
2020-05-28,2,2020,3.9,Moderate,29.8,16.4,23.1,69.0,3.25,23.2,6.97,6.97,2020-05-28 02:00:00
2020-05-29,2,2020,1.1,Moderate,30.7,18.6,24.6,73.0,3.1,22.52,6.89,6.89,2020-05-29 02:00:00
2020-05-30,2,2020,2.7,Moderate,28.8,17.0,22.9,64.0,3.26,21.79,6.56,6.56,2020-05-30 02:00:00
2020-05-31,2,2020,1.6,Moderate,28.8,16.9,22.8,65.0,2.64,20.55,6.16,6.16,2020-05-31 02:00:00
2020-06-01,2,2020,0.0,Moderate,30.7,15.7,23.2,69.0,2.7,22.82,6.85,6.85,2020-06-01 02:00:00
2020-06-02,2,2020,0.7,Moderate,31.3,17.2,24.2,68.0,3.41,23.01,7.04,7.04,2020-06-02 02:00:00
2020-06-03,2,2020,0.9,Moderate,30.8,18.1,24.5,70.0,3.29,21.69,6.65,6.65,2020-06-03 02:00:00
2020-06-04,2,2020,0.2,Moderate,28.0,18.2,23.1,65.0,3.05,21.0,6.34,6.34,2020-06-04 02:00:00
2020-06-05,2,2020,0.0,Moderate,29.8,17.2,23.5,71.0,2.48,22.98,6.91,6.91,2020-06-05 02:00:00
2020-06-06,2,2020,0.0,Moderate,29.6,18.1,23.8,75.0,2.95,22.1,6.67,6.67,2020-06-06 02:00:00
2020-06-07,2,2020,1.9,Moderate,29.7,16.7,23.2,67.0,3.16,21.53,6.49,6.49,2020-06-07 02:00:00
2020-06-08,2,2020,0.0,Moderate,31.0,16.7,23.8,61.0,2.4,24.08,7.31,7.31,2020-06-08 02:00:00
2020-06-09,2,2020,1.0,Moderate,28.5,18.1,23.3,67.0,2.88,24.31,7.31,7.31,2020-06-09 02:00:00
2020-06-10,2,2020,10.7,Moderate,29.5,16.8,23.1,72.0,3.35,20.89,6.28,6.28,2020-06-10 02:00:00
2020-06-11,2,2020,4.5,Moderate,31.2,17.3,24.2,66.0,2.28,21.44,6.54,6.54,2020-06-11 02:00:00
2020-06-12,2,2020,1.1,Moderate,31.0,18.0,24.5,74.0,2.32,23.08,7.02,7.02,2020-06-12 02:00:00
2020-06-13,2,2020,1.3,Moderate,30.6,17.6,24.1,66.0,2.6,22.91,6.97,6.97,2020-06-13 02:00:00
2020-06-14,2,2020,6.8,Moderate,29.4,17.1,23.2,71.0,3.02,23.36,7.01,7.01,2020-06-14 02:00:00
2020-06-15,2,2020,0.0,Moderate,29.8,16.1,23.0,67.0,3.3,22.41,6.74,6.74,2020-06-15 02:00:00
2020-06-16,2,2020,0.0,Moderate,27.9,17.8,22.8,69.0,3.1,22.85,6.83,6.83,2020-06-16 02:00:00
2020-06-17,2,2020,4.4,Moderate,31.1,18.1,24.6,69.0,2.53,20.63,6.33,6.33,2020-06-17 02:00:00
2020-06-18,2,2020,2.0,Moderate,30.3,17.2,23.7,63.0,3.85,22.37,6.85,6.85,2020-06-18 02:00:00
2020-06-19,2,2020,0.5,Moderate,30.9,16.2,23.5,65.0,3.35,21.37,6.5,6.5,2020-06-19 02:00:00
2020-06-20,2,2020,2.3,Moderate,32.1,17.4,24.8,66.0,3.3,23.79,7.33,7.33,2020-06-20 02:00:00
2020-06-21,2,2020,0.0,Moderate,30.7,17.2,23.9,68.0,3.7,23.43,7.15,7.15,2020-06-21 02:00:00
2020-06-22,2,2020,0.0,Moderate,30.8,17.0,23.9,66.0,3.21,24.03,7.31,7.31,2020-06-22 02:00:00
2020-06-23,2,2020,0.1,Moderate,29.9,16.1,23.0,64.0,3.27,22.39,6.75,6.75,2020-06-23 02:00:00
2020-06-24,2,2020,2.2,Moderate,32.9,18.3,25.6,68.0,1.91,22.95,7.1,7.1,2020-06-24 02:00:00
2020-06-25,2,2020,2.6,Moderate,30.1,17.8,23.9,72.0,2.76,22.4,6.78,6.78,2020-06-25 02:00:00
2020-06-26,2,2020,0.0,Moderate,30.5,18.0,24.2,67.0,2.24,23.66,7.19,7.19,2020-06-26 02:00:00
2020-06-27,2,2020,1.4,Moderate,30.7,16.3,23.5,72.0,3.4,20.87,6.31,6.31,2020-06-27 02:00:00
2020-06-28,2,2020,6.5,Moderate,27.6,17.1,22.3,70.0,2.96,20.94,6.21,6.21,2020-06-28 02:00:00
2020-06-29,2,2020,1.3,Moderate,29.8,16.2,23.0,61.0,3.02,22.05,6.65,6.65,2020-06-29 02:00:00
2020-06-30,2,2020,0.3,Moderate,28.7,17.2,22.9,65.0,3.04,23.69,7.11,7.11,2020-06-30 02:00:00
2020-07-01,2,2020,0.9,Moderate,31.3,18.1,24.7,67.0,2.72,22.79,7.0,7.0,2020-07-01 02:00:00
2020-07-02,2,2020,1.6,Moderate,31.9,16.8,24.4,68.0,3.9,22.14,6.81,6.81,2020-07-02 02:00:00
2020-07-03,2,2020,0.0,Moderate,32.2,16.4,24.3,73.0,2.63,23.68,7.19,7.19,2020-07-03 02:00:00
2020-07-04,2,2020,0.0,Moderate,31.3,17.8,24.6,64.0,2.77,21.08,6.49,6.49,2020-07-04 02:00:00
2020-07-05,2,2020,1.6,Moderate,31.4,17.3,24.3,66.0,3.04,22.33,6.84,6.84,2020-07-05 02:00:00
2020-07-06,2,2020,0.3,Moderate,31.5,17.0,24.3,61.0,2.73,22.75,6.98,6.98,2020-07-06 02:00:00
2020-07-07,2,2020,0.7,Moderate,30.0,17.1,23.6,66.0,2.66,22.82,6.9,6.9,2020-07-07 02:00:00
2020-07-08,2,2020,1.3,Moderate,28.7,18.6,23.6,60.0,2.75,22.67,6.89,6.89,2020-07-08 02:00:00
2020-07-09,2,2020,1.0,Moderate,30.5,17.2,23.9,61.0,3.02,21.93,6.71,6.71,2020-07-09 02:00:00
2020-07-10,2,2020,0.4,Moderate,30.8,17.4,24.1,66.0,3.08,23.36,7.13,7.13,2020-07-10 02:00:00
2020-07-11,2,2020,0.0,Moderate,29.2,18.7,24.0,71.0,2.81,21.56,6.54,6.54,2020-07-11 02:00:00
2020-07-12,2,2020,3.6,Moderate,30.3,18.0,24.2,66.0,2.98,23.02,7.03,7.03,2020-07-12 02:00:00
2020-07-13,2,2020,0.1,Moderate,29.8,18.0,23.9,64.0,2.7,24.54,7.45,7.45,2020-07-13 02:00:00
2020-07-14,2,2020,3.4,Moderate,30.9,17.6,24.3,66.0,3.25,22.67,6.95,6.95,2020-07-14 02:00:00
2020-07-15,2,2020,0.6,Moderate,30.6,17.2,23.9,64.0,2.38,23.35,7.09,7.09,2020-07-15 02:00:00
2020-07-16,2,2020,0.0,Moderate,29.2,19.6,24.4,65.0,3.1,22.4,6.88,6.88,2020-07-16 02:00:00
2020-07-17,2,2020,0.7,Moderate,31.1,18.7,24.9,64.0,2.98,22.48,6.95,6.95,2020-07-17 02:00:00
2020-07-18,2,2020,3.2,Moderate,29.1,17.9,23.5,64.0,3.16,23.1,7.0,7.0,2020-07-18 02:00:00
2020-07-19,2,2020,0.4,Moderate,30.3,17.8,24.1,69.0,3.54,20.98,6.42,6.42,2020-07-19 02:00:00
2020-07-20,2,2020,2.8,Moderate,32.2,18.3,25.2,62.0,3.12,25.52,7.92,7.92,2020-07-20 02:00:00
2020-07-21,2,2020,2.3,Moderate,29.2,17.1,23.2,63.0,1.87,22.68,6.8,6.8,2020-07-21 02:00:00
2020-07-22,2,2020,8.8,Moderate,29.5,17.0,23.2,66.0,2.91,22.52,6.78,6.78,2020-07-22 02:00:00
2020-07-23,2,2020,0.0,Moderate,30.2,18.6,24.4,62.0,3.48,22.39,6.91,6.91,2020-07-23 02:00:00
2020-07-24,2,2020,0.0,Moderate,29.5,18.7,24.1,68.0,3.07,22.89,6.98,6.98,2020-07-24 02:00:00
2020-07-25,2,2020,3.6,Moderate,30.7,18.3,24.5,67.0,2.61,22.66,6.94,6.94,2020-07-25 02:00:00
2020-07-26,2,2020,2.6,Moderate,31.6,17.7,24.7,64.0,2.92,21.77,6.72,6.72,2020-07-26 02:00:00
2020-07-27,2,2020,5.1,Moderate,30.0,17.3,23.7,65.0,2.93,20.54,6.25,6.25,2020-07-27 02:00:00
2020-07-28,2,2020,0.4,Moderate,30.0,17.0,23.5,66.0,3.15,23.04,6.97,6.97,2020-07-28 02:00:00
2020-07-29,2,2020,0.7,Moderate,31.7,17.0,24.4,64.0,3.2,23.47,7.2,7.2,2020-07-29 02:00:00
2020-07-30,2,2020,1.4,Moderate,31.1,15.6,23.4,64.0,2.81,22.16,6.7,6.7,2020-07-30 02:00:00
2020-07-31,2,2020,0.1,Moderate,28.5,16.6,22.6,63.0,2.79,23.62,7.05,7.05,2020-07-31 02:00:00
2020-08-01,2,2020,2.7,Moderate,30.7,18.3,24.5,67.0,2.95,22.36,6.86,6.86,2020-08-01 02:00:00
2020-08-02,2,2020,1.0,Moderate,30.2,16.9,23.5,68.0,2.77,23.28,7.02,7.02,2020-08-02 02:00:00
2020-08-03,2,2020,1.0,Moderate,31.4,18.8,25.1,62.0,2.74,23.48,7.28,7.28,2020-08-03 02:00:00
2020-08-04,2,2020,0.7,Moderate,32.3,16.7,24.5,67.0,3.24,21.45,6.6,6.6,2020-08-04 02:00:00
2020-08-05,2,2020,0.0,Moderate,31.1,16.5,23.8,69.0,3.24,24.68,7.48,7.48,2020-08-05 02:00:00
2020-08-06,2,2020,1.4,Moderate,30.6,18.9,24.7,68.0,3.11,23.12,7.11,7.11,2020-08-06 02:00:00
2020-08-07,2,2020,3.8,Moderate,32.8,17.9,25.3,64.0,2.98,22.81,7.1,7.1,2020-08-07 02:00:00
2020-08-08,2,2020,0.0,Moderate,32.4,19.2,25.8,66.0,2.57,23.95,7.46,7.46,2020-08-08 02:00:00
2020-08-09,2,2020,0.9,Moderate,28.9,17.3,23.1,62.0,3.02,24.06,7.25,7.25,2020-08-09 02:00:00
2020-08-10,2,2020,0.1,Moderate,31.7,17.2,24.5,67.0,3.47,23.06,7.09,7.09,2020-08-10 02:00:00
2020-08-11,2,2020,1.3,Moderate,29.7,17.2,23.4,64.0,3.13,22.48,6.81,6.81,2020-08-11 02:00:00
2020-08-12,2,2020,0.0,Moderate,29.8,17.3,23.6,66.0,3.89,22.76,6.92,6.92,2020-08-12 02:00:00
2020-08-13,2,2020,0.8,Moderate,32.5,18.4,25.5,70.0,3.11,23.03,7.14,7.14,2020-08-13 02:00:00
2020-08-14,2,2020,3.5,Moderate,30.0,19.1,24.6,65.0,3.26,23.51,7.23,7.23,2020-08-14 02:00:00
2020-08-15,2,2020,1.0,Moderate,30.5,17.3,23.9,65.0,2.42,22.49,6.83,6.83,2020-08-15 02:00:00
2020-08-16,2,2020,2.9,Moderate,31.5,17.1,24.3,67.0,2.82,24.45,7.46,7.46,2020-08-16 02:00:00
2020-08-17,2,2020,5.0,Moderate,29.2,18.4,23.8,63.0,3.24,23.97,7.3,7.3,2020-08-17 02:00:00
2020-08-18,2,2020,1.4,Moderate,31.3,16.6,24.0,68.0,2.81,22.99,6.98,6.98,2020-08-18 02:00:00
2020-08-19,2,2020,2.2,Moderate,30.5,17.6,24.1,65.0,3.57,23.84,7.29,7.29,2020-08-19 02:00:00
2020-08-20,2,2020,0.8,Moderate,31.8,16.9,24.4,66.0,3.59,22.17,6.82,6.82,2020-08-20 02:00:00
2020-08-21,2,2020,0.0,Moderate,33.0,18.7,25.8,63.0,2.54,24.7,7.71,7.71,2020-08-21 02:00:00
2020-08-22,2,2020,3.0,Moderate,32.0,17.2,24.6,57.0,2.61,23.55,7.26,7.26,2020-08-22 02:00:00
2020-08-23,2,2020,0.0,Moderate,31.8,18.0,24.9,62.0,2.89,22.46,6.95,6.95,2020-08-23 02:00:00
2020-08-24,2,2020,0.0,Moderate,31.6,17.7,24.6,60.0,2.77,25.27,7.77,7.77,2020-08-24 02:00:00
2020-08-25,2,2020,0.0,Moderate,32.6,16.5,24.6,63.0,3.29,23.47,7.23,7.23,2020-08-25 02:00:00
2020-08-26,2,2020,0.7,Moderate,32.8,17.1,24.9,61.0,2.8,23.22,7.19,7.19,2020-08-26 02:00:00
2020-08-27,2,2020,0.8,Moderate,30.5,17.6,24.0,62.0,3.53,21.6,6.64,6.64,2020-08-27 02:00:00
2020-08-28,2,2020,2.6,Moderate,31.2,19.3,25.3,60.0,3.12,24.67,7.68,7.68,2020-08-28 02:00:00
2020-08-29,2,2020,0.0,Moderate,29.3,18.0,23.7,63.0,2.13,22.79,6.89,6.89,2020-08-29 02:00:00
2020-08-30,2,2020,0.3,High,30.9,15.6,23.2,64.0,3.2,23.21,7.01,7.01,2020-08-30 02:00:00
2020-08-31,2,2020,5.3,High,31.5,17.6,24.5,64.0,3.12,22.09,6.8,6.8,2020-08-31 02:00:00
2020-09-01,2,2020,0.0,High,30.7,16.4,23.6,67.0,2.28,24.15,7.27,7.27,2020-09-01 02:00:00
2020-09-02,2,2020,0.1,High,32.9,16.9,24.9,63.0,3.74,24.93,7.73,7.73,2020-09-02 02:00:00
2020-09-03,2,2020,0.0,High,31.9,17.9,24.9,62.0,3.3,22.17,6.89,6.89,2020-09-03 02:00:00
2020-09-04,2,2020,1.4,High,31.0,17.6,24.3,58.0,2.74,21.62,6.66,6.66,2020-09-04 02:00:00
2020-09-05,2,2020,0.2,High,32.1,18.0,25.0,63.0,3.37,22.17,6.89,6.89,2020-09-05 02:00:00
2020-09-06,2,2020,0.0,High,31.3,18.7,25.0,65.0,3.33,23.59,7.31,7.31,2020-09-06 02:00:00
2020-09-07,2,2020,0.0,High,32.2,15.9,24.0,61.0,2.89,25.2,7.68,7.68,2020-09-07 02:00:00
2020-09-08,2,2020,0.4,High,31.7,16.9,24.3,63.0,3.22,23.1,7.1,7.1,2020-09-08 02:00:00
2020-09-09,2,2020,0.0,High,30.9,16.5,23.7,64.0,3.07,22.91,6.97,6.97,2020-09-09 02:00:00
2020-09-10,2,2020,0.0,High,31.0,16.4,23.7,65.0,4.05,23.39,7.14,7.14,2020-09-10 02:00:00
2020-09-11,2,2020,0.6,High,29.8,17.0,23.4,60.0,3.05,23.5,7.12,7.12,2020-09-11 02:00:00
2020-09-12,2,2020,6.4,High,31.4,18.5,24.9,64.0,2.7,24.67,7.6,7.6,2020-09-12 02:00:00
2020-09-13,2,2020,6.2,High,32.1,17.8,25.0,66.0,3.45,22.99,7.11,7.11,2020-09-13 02:00:00
2020-09-14,2,2020,0.0,High,31.4,16.9,24.2,61.0,2.43,23.91,7.3,7.3,2020-09-14 02:00:00
2020-09-15,2,2020,0.1,High,31.3,17.3,24.3,67.0,3.28,23.38,7.16,7.16,2020-09-15 02:00:00
2020-09-16,2,2020,4.1,High,31.7,18.0,24.9,64.0,2.41,24.99,7.68,7.68,2020-09-16 02:00:00
2020-09-17,2,2020,2.5,High,30.0,17.4,23.7,61.0,2.26,23.98,7.26,7.26,2020-09-17 02:00:00
2020-09-18,2,2020,0.0,High,31.8,18.5,25.2,64.0,2.76,24.81,7.67,7.67,2020-09-18 02:00:00
2020-09-19,2,2020,1.5,High,30.7,18.1,24.4,61.0,2.82,22.62,6.96,6.96,2020-09-19 02:00:00
2020-09-20,2,2020,0.8,High,30.7,17.8,24.2,65.0,3.77,23.74,7.29,7.29,2020-09-20 02:00:00
2020-09-21,2,2020,1.0,High,32.6,17.7,25.1,63.0,3.1,25.36,7.85,7.85,2020-09-21 02:00:00
2020-09-22,2,2020,1.3,High,33.0,18.3,25.7,65.0,2.74,23.64,7.36,7.36,2020-09-22 02:00:00
2020-09-23,2,2020,0.8,High,30.5,17.1,23.8,64.0,2.41,24.81,7.51,7.51,2020-09-23 02:00:00
2020-09-24,2,2020,0.0,High,32.7,19.0,25.9,61.0,3.69,25.83,8.11,8.11,2020-09-24 02:00:00
2020-09-25,2,2020,0.3,High,32.9,17.1,25.0,63.0,3.27,24.63,7.62,7.62,2020-09-25 02:00:00
2020-09-26,2,2020,4.0,High,32.6,18.9,25.7,58.0,3.02,23.0,7.23,7.23,2020-09-26 02:00:00
2020-09-27,2,2020,1.0,High,30.6,16.4,23.5,62.0,3.58,24.02,7.3,7.3,2020-09-27 02:00:00
2020-09-28,2,2020,0.0,High,33.2,18.0,25.6,63.0,3.16,23.22,7.26,7.26,2020-09-28 02:00:00
2020-09-29,2,2020,3.0,High,33.2,17.5,25.3,64.0,3.08,22.94,7.14,7.14,2020-09-29 02:00:00
2020-09-30,2,2020,3.0,High,31.0,17.4,24.2,62.0,3.02,22.84,7.01,7.01,2020-09-30 02:00:00
2020-10-01,2,2020,0.4,High,31.1,18.6,24.9,61.0,3.12,24.39,7.55,7.55,2020-10-01 02:00:00
2020-10-02,2,2020,0.0,High,32.6,18.1,25.3,64.0,4.19,24.13,7.55,7.55,2020-10-02 02:00:00
2020-10-03,2,2020,5.1,High,33.8,17.2,25.5,58.0,3.0,23.96,7.49,7.49,2020-10-03 02:00:00
2020-10-04,2,2020,0.0,High,33.9,18.2,26.1,64.0,2.83,24.45,7.65,7.65,2020-10-04 02:00:00
2020-10-05,2,2020,3.7,High,33.9,17.0,25.5,62.0,2.89,22.96,7.16,7.16,2020-10-05 02:00:00
2020-10-06,2,2020,0.2,High,31.0,18.0,24.5,62.0,2.95,26.07,8.0,8.0,2020-10-06 02:00:00
2020-10-07,2,2020,0.0,High,34.2,18.5,26.4,61.0,2.47,23.08,7.27,7.27,2020-10-07 02:00:00
2020-10-08,2,2020,0.2,High,33.8,17.3,25.5,60.0,2.72,24.69,7.69,7.69,2020-10-08 02:00:00
2020-10-09,2,2020,0.5,High,32.8,17.6,25.2,64.0,3.66,23.95,7.45,7.45,2020-10-09 02:00:00
2020-10-10,2,2020,2.8,High,31.0,19.7,25.4,63.0,2.71,20.95,6.53,6.53,2020-10-10 02:00:00
2020-10-11,2,2020,4.2,High,32.1,19.0,25.5,60.0,3.42,24.61,7.7,7.7,2020-10-11 02:00:00
2020-10-12,2,2020,0.2,High,32.3,17.9,25.1,69.0,3.14,25.13,7.75,7.75,2020-10-12 02:00:00
2020-10-13,2,2020,1.2,High,32.4,17.3,24.8,62.0,3.2,22.44,6.96,6.96,2020-10-13 02:00:00
2020-10-14,2,2020,0.0,High,32.5,17.3,24.9,65.0,3.05,23.92,7.38,7.38,2020-10-14 02:00:00
2020-10-15,2,2020,2.6,High,32.4,17.3,24.9,61.0,3.13,24.08,7.45,7.45,2020-10-15 02:00:00
2020-10-16,2,2020,0.2,High,33.2,17.9,25.5,66.0,3.54,21.48,6.72,6.72,2020-10-16 02:00:00
2020-10-17,2,2020,4.1,High,31.5,17.9,24.7,66.0,2.66,22.72,6.97,6.97,2020-10-17 02:00:00
2020-10-18,2,2020,0.0,High,32.5,16.5,24.5,58.0,3.06,22.02,6.81,6.81,2020-10-18 02:00:00
2020-10-19,2,2020,0.0,High,31.9,18.3,25.1,65.0,3.08,23.86,7.38,7.38,2020-10-19 02:00:00
2020-10-20,2,2020,3.0,High,29.9,19.7,24.8,68.0,3.7,22.63,6.99,6.99,2020-10-20 02:00:00
2020-10-21,2,2020,0.0,High,30.8,17.7,24.3,64.0,3.33,24.06,7.37,7.37,2020-10-21 02:00:00
2020-10-22,2,2020,1.8,High,31.6,17.7,24.6,64.0,4.15,23.59,7.31,7.31,2020-10-22 02:00:00
2020-10-23,2,2020,0.0,High,31.1,18.9,25.0,60.0,2.26,24.24,7.47,7.47,2020-10-23 02:00:00
2020-10-24,2,2020,0.0,High,32.3,18.4,25.4,60.0,2.23,24.09,7.47,7.47,2020-10-24 02:00:00
2020-10-25,2,2020,0.9,High,31.7,16.8,24.2,66.0,2.71,24.34,7.42,7.42,2020-10-25 02:00:00
2020-10-26,2,2020,0.5,High,33.0,17.4,25.2,68.0,3.97,23.51,7.31,7.31,2020-10-26 02:00:00
2020-10-27,2,2020,0.0,High,31.2,16.7,23.9,56.0,2.6,25.58,7.8,7.8,2020-10-27 02:00:00
2020-10-28,2,2020,0.4,High,30.7,17.7,24.2,67.0,3.37,24.53,7.49,7.49,2020-10-28 02:00:00
2020-10-29,2,2020,2.5,High,31.6,18.4,25.0,59.0,2.83,24.16,7.49,7.49,2020-10-29 02:00:00
2020-10-30,2,2020,1.0,High,32.7,17.6,25.2,67.0,3.24,23.01,7.13,7.13,2020-10-30 02:00:00
2020-10-31,2,2020,9.4,High,33.8,19.1,26.5,66.0,2.74,25.03,7.86,7.86,2020-10-31 02:00:00
2020-11-01,2,2020,2.7,High,33.1,17.9,25.5,58.0,3.6,24.28,7.62,7.62,2020-11-01 02:00:00
2020-11-02,2,2020,5.2,High,33.1,17.1,25.1,59.0,2.81,24.56,7.62,7.62,2020-11-02 02:00:00
2020-11-03,2,2020,0.3,High,31.6,17.7,24.7,61.0,3.32,23.94,7.4,7.4,2020-11-03 02:00:00
2020-11-04,2,2020,3.3,High,30.7,18.2,24.5,67.0,3.68,24.07,7.4,7.4,2020-11-04 02:00:00
2020-11-05,2,2020,0.3,High,31.1,17.7,24.4,66.0,3.33,23.36,7.17,7.17,2020-11-05 02:00:00
2020-11-06,2,2020,0.1,High,33.4,18.8,26.1,60.0,2.77,24.49,7.7,7.7,2020-11-06 02:00:00
2020-11-07,2,2020,0.1,High,32.7,18.5,25.6,56.0,3.31,23.54,7.4,7.4,2020-11-07 02:00:00
2020-11-08,2,2020,1.6,High,32.7,17.3,25.0,61.0,3.21,24.5,7.6,7.6,2020-11-08 02:00:00
2020-11-09,2,2020,0.0,High,32.9,17.4,25.2,62.0,3.36,23.1,7.2,7.2,2020-11-09 02:00:00
2020-11-10,2,2020,0.0,High,32.0,18.0,25.0,61.0,3.48,24.6,7.64,7.64,2020-11-10 02:00:00
2020-11-11,2,2020,1.0,High,30.5,18.6,24.6,54.0,3.19,25.2,7.8,7.8,2020-11-11 02:00:00
2020-11-12,2,2020,1.7,High,32.2,18.1,25.2,58.0,2.09,24.79,7.66,7.66,2020-11-12 02:00:00
2020-11-13,2,2020,1.1,High,33.7,17.8,25.7,59.0,2.97,23.48,7.37,7.37,2020-11-13 02:00:00
2020-11-14,2,2020,0.5,High,35.6,18.2,26.9,62.0,3.5,24.29,7.73,7.73,2020-11-14 02:00:00
2020-11-15,2,2020,0.5,High,32.2,17.7,24.9,59.0,2.9,23.41,7.26,7.26,2020-11-15 02:00:00
2020-11-16,2,2020,0.0,High,32.9,18.4,25.6,62.0,2.74,23.04,7.19,7.19,2020-11-16 02:00:00
2020-11-17,2,2020,0.8,High,31.5,17.5,24.5,63.0,3.38,23.94,7.37,7.37,2020-11-17 02:00:00
2020-11-18,2,2020,3.0,High,32.4,18.6,25.5,69.0,3.39,23.22,7.22,7.22,2020-11-18 02:00:00
2020-11-19,2,2020,7.3,High,34.7,17.9,26.3,60.0,2.77,24.39,7.68,7.68,2020-11-19 02:00:00
2020-11-20,2,2020,1.1,High,32.9,17.4,25.2,63.0,2.82,26.15,8.08,8.08,2020-11-20 02:00:00
2020-11-21,2,2020,5.9,High,31.2,18.5,24.8,62.0,2.92,25.09,7.74,7.74,2020-11-21 02:00:00
2020-11-22,2,2020,1.7,High,33.6,17.9,25.7,60.0,3.02,24.4,7.64,7.64,2020-11-22 02:00:00
2020-11-23,2,2020,0.0,High,32.1,19.1,25.6,61.0,3.86,25.38,7.96,7.96,2020-11-23 02:00:00
2020-11-24,2,2020,0.3,High,33.5,18.8,26.1,64.0,2.89,25.52,7.99,7.99,2020-11-24 02:00:00
2020-11-25,2,2020,0.0,High,32.8,18.3,25.6,56.0,2.36,24.53,7.65,7.65,2020-11-25 02:00:00
2020-11-26,2,2020,0.6,High,33.3,18.0,25.7,61.0,3.55,24.19,7.59,7.59,2020-11-26 02:00:00
2020-11-27,2,2020,0.0,High,32.4,18.5,25.4,65.0,3.41,25.59,7.96,7.96,2020-11-27 02:00:00
2020-11-28,2,2020,4.9,High,34.1,17.9,26.0,62.0,2.84,24.34,7.63,7.63,2020-11-28 02:00:00
2020-11-29,2,2020,0.0,High,30.8,17.3,24.1,60.0,3.28,25.92,7.93,7.93,2020-11-29 02:00:00
2020-11-30,2,2020,0.0,High,32.9,18.4,25.6,67.0,2.98,24.61,7.66,7.66,2020-11-30 02:00:00
2020-12-01,2,2020,0.0,High,34.1,17.2,25.6,63.0,3.35,25.0,7.81,7.81,2020-12-01 02:00:00
2020-12-02,2,2020,2.0,High,32.5,19.0,25.7,62.0,3.17,23.71,7.42,7.42,2020-12-02 02:00:00
2020-12-03,2,2020,0.0,High,29.6,19.4,24.5,60.0,2.97,24.82,7.64,7.64,2020-12-03 02:00:00
2020-12-04,2,2020,0.0,High,30.7,20.0,25.4,60.0,3.48,23.8,7.44,7.44,2020-12-04 02:00:00
2020-12-05,2,2020,0.8,High,31.0,18.2,24.6,64.0,3.35,22.29,6.89,6.89,2020-12-05 02:00:00
2020-12-06,2,2020,0.0,High,32.5,17.9,25.2,64.0,2.58,23.26,7.2,7.2,2020-12-06 02:00:00
2020-12-07,2,2020,0.0,High,32.2,17.9,25.0,63.0,2.24,22.75,7.02,7.02,2020-12-07 02:00:00
2020-12-08,2,2020,1.1,High,32.3,18.3,25.3,64.0,2.63,23.48,7.27,7.27,2020-12-08 02:00:00
2020-12-09,2,2020,0.0,High,33.5,19.2,26.3,61.0,2.55,22.74,7.17,7.17,2020-12-09 02:00:00
2020-12-10,2,2020,0.9,High,33.5,17.5,25.5,58.0,2.57,25.51,7.94,7.94,2020-12-10 02:00:00
2020-12-11,2,2020,3.6,High,33.5,19.9,26.7,65.0,3.06,24.7,7.8,7.8,2020-12-11 02:00:00
2020-12-12,2,2020,2.6,High,31.6,19.1,25.3,65.0,3.08,24.58,7.63,7.63,2020-12-12 02:00:00
2020-12-13,2,2020,0.0,High,32.4,17.5,25.0,62.0,2.81,25.58,7.89,7.89,2020-12-13 02:00:00
2020-12-14,2,2020,2.9,High,31.7,19.0,25.4,64.0,2.4,22.65,7.03,7.03,2020-12-14 02:00:00
2020-12-15,2,2020,2.1,High,33.8,18.9,26.3,61.0,2.99,25.14,7.92,7.92,2020-12-15 02:00:00
2020-12-16,2,2020,0.5,High,34.0,18.2,26.1,63.0,2.97,24.4,7.66,7.66,2020-12-16 02:00:00
2020-12-17,2,2020,1.4,High,30.6,18.6,24.6,62.0,2.4,23.77,7.29,7.29,2020-12-17 02:00:00
2020-12-18,2,2020,0.0,High,32.6,17.1,24.9,64.0,3.39,24.55,7.59,7.59,2020-12-18 02:00:00
2020-12-19,2,2020,0.0,High,33.3,19.7,26.5,63.0,2.76,25.61,8.06,8.06,2020-12-19 02:00:00
2020-12-20,2,2020,3.3,High,33.1,18.3,25.7,61.0,2.81,25.3,7.89,7.89,2020-12-20 02:00:00
2020-12-21,2,2020,0.0,High,30.9,18.1,24.5,57.0,3.1,24.6,7.6,7.6,2020-12-21 02:00:00
2020-12-22,2,2020,2.6,High,33.0,17.6,25.3,56.0,3.79,25.81,8.08,8.08,2020-12-22 02:00:00
2020-12-23,2,2020,0.0,High,33.7,18.9,26.3,57.0,2.98,21.64,6.87,6.87,2020-12-23 02:00:00
2020-12-24,2,2020,0.6,High,34.3,18.3,26.3,62.0,2.86,24.93,7.84,7.84,2020-12-24 02:00:00
2020-12-25,2,2020,0.0,High,32.8,16.7,24.7,64.0,2.91,25.26,7.77,7.77,2020-12-25 02:00:00
2020-12-26,2,2020,0.5,High,32.2,18.2,25.2,61.0,2.19,24.11,7.46,7.46,2020-12-26 02:00:00
2020-12-27,2,2020,1.4,High,32.8,18.2,25.5,59.0,3.52,25.96,8.12,8.12,2020-12-27 02:00:00
2020-12-28,2,2020,0.0,High,33.2,18.9,26.1,59.0,3.27,22.88,7.23,7.23,2020-12-28 02:00:00
2020-12-29,2,2020,0.3,High,33.5,18.6,26.0,62.0,3.36,25.93,8.14,8.14,2020-12-29 02:00:00
2020-12-30,2,2020,0.0,High,33.5,17.5,25.5,58.0,2.79,24.42,7.62,7.62,2020-12-30 02:00:00
2020-12-31,2,2020,3.7,High,33.4,19.6,26.5,58.0,3.08,23.39,7.42,7.42,2020-12-31 02:00:00
2021-01-01,2,2021,2.7,Low,30.0,16.4,23.2,72.0,3.06,20.49,6.16,6.16,2021-01-01 02:00:00
2021-01-02,2,2021,0.3,Low,29.0,16.5,22.8,74.0,2.52,21.3,6.33,6.33,2021-01-02 02:00:00
2021-01-03,2,2021,2.2,Low,25.9,16.6,21.2,71.0,2.63,19.69,5.74,5.74,2021-01-03 02:00:00
2021-01-04,2,2021,3.9,Low,27.8,17.2,22.5,73.0,3.02,20.57,6.11,6.11,2021-01-04 02:00:00
2021-01-05,2,2021,7.4,Low,28.2,14.2,21.2,73.0,2.7,22.38,6.49,6.49,2021-01-05 02:00:00
2021-01-06,2,2021,0.2,Low,29.2,16.9,23.0,72.0,2.62,21.68,6.48,6.48,2021-01-06 02:00:00
2021-01-07,2,2021,0.5,Low,28.3,15.9,22.1,70.0,2.99,19.81,5.87,5.87,2021-01-07 02:00:00
2021-01-08,2,2021,1.8,Low,28.1,16.9,22.5,71.0,3.25,21.71,6.46,6.46,2021-01-08 02:00:00
2021-01-09,2,2021,2.1,Low,26.6,16.6,21.6,67.0,1.8,19.15,5.61,5.61,2021-01-09 02:00:00
2021-01-10,2,2021,1.8,Low,29.9,15.3,22.6,72.0,3.18,20.41,6.09,6.09,2021-01-10 02:00:00
2021-01-11,2,2021,0.3,Low,29.5,17.5,23.5,70.0,2.75,20.2,6.11,6.11,2021-01-11 02:00:00
2021-01-12,2,2021,1.9,Low,29.1,15.8,22.4,73.0,3.27,19.57,5.82,5.82,2021-01-12 02:00:00
2021-01-13,2,2021,0.0,Low,29.2,15.9,22.6,70.0,3.21,20.79,6.2,6.2,2021-01-13 02:00:00
2021-01-14,2,2021,6.1,Low,27.9,16.2,22.1,71.0,3.11,20.49,6.06,6.06,2021-01-14 02:00:00
2021-01-15,2,2021,0.0,Low,29.5,16.2,22.8,71.0,3.6,20.41,6.13,6.13,2021-01-15 02:00:00
2021-01-16,2,2021,2.1,Low,30.3,16.6,23.4,75.0,2.58,21.89,6.56,6.56,2021-01-16 02:00:00
2021-01-17,2,2021,1.9,Low,29.7,17.4,23.6,67.0,3.03,21.91,6.64,6.64,2021-01-17 02:00:00
2021-01-18,2,2021,0.1,Low,29.8,13.1,21.4,66.0,3.05,21.88,6.42,6.42,2021-01-18 02:00:00
2021-01-19,2,2021,4.5,Low,27.8,15.4,21.6,68.0,2.84,21.83,6.4,6.4,2021-01-19 02:00:00
2021-01-20,2,2021,0.3,Low,28.9,16.1,22.5,70.0,2.8,19.51,5.81,5.81,2021-01-20 02:00:00
2021-01-21,2,2021,1.2,Low,27.8,17.5,22.6,69.0,4.05,22.63,6.78,6.78,2021-01-21 02:00:00
2021-01-22,2,2021,1.8,Low,29.5,15.7,22.6,72.0,3.33,20.9,6.23,6.23,2021-01-22 02:00:00
2021-01-23,2,2021,0.6,Low,27.8,18.2,23.0,67.0,2.95,20.38,6.13,6.13,2021-01-23 02:00:00
2021-01-24,2,2021,2.2,Low,29.7,15.6,22.6,75.0,2.34,19.09,5.66,5.66,2021-01-24 02:00:00
2021-01-25,2,2021,1.4,Low,29.0,15.9,22.5,73.0,3.04,22.34,6.62,6.62,2021-01-25 02:00:00
2021-01-26,2,2021,1.9,Low,28.1,15.2,21.6,73.0,3.1,20.33,5.96,5.96,2021-01-26 02:00:00
2021-01-27,2,2021,0.2,Low,27.0,15.2,21.1,73.0,3.18,20.97,6.09,6.09,2021-01-27 02:00:00
2021-01-28,2,2021,3.5,Low,27.1,14.7,20.9,74.0,3.21,19.78,5.73,5.73,2021-01-28 02:00:00
2021-01-29,2,2021,0.2,Low,26.8,15.5,21.2,71.0,3.09,20.17,5.88,5.88,2021-01-29 02:00:00
2021-01-30,2,2021,2.6,Low,27.5,15.3,21.4,73.0,2.52,22.13,6.44,6.44,2021-01-30 02:00:00
2021-01-31,2,2021,0.9,Low,28.1,15.7,21.9,75.0,3.24,21.46,6.3,6.3,2021-01-31 02:00:00
2021-02-01,2,2021,2.1,Low,27.8,16.8,22.3,71.0,3.49,19.79,5.89,5.89,2021-02-01 02:00:00
2021-02-02,2,2021,1.4,Low,27.9,15.6,21.8,72.0,3.23,20.99,6.17,6.17,2021-02-02 02:00:00
2021-02-03,2,2021,2.8,Low,29.2,15.4,22.3,70.0,2.59,23.53,6.95,6.95,2021-02-03 02:00:00
2021-02-04,2,2021,0.3,Low,28.3,15.4,21.9,73.0,2.55,22.35,6.55,6.55,2021-02-04 02:00:00
2021-02-05,2,2021,1.2,Low,29.1,17.8,23.4,73.0,2.49,21.94,6.59,6.59,2021-02-05 02:00:00
2021-02-06,2,2021,0.2,Low,28.6,16.9,22.8,71.0,2.5,20.35,6.07,6.07,2021-02-06 02:00:00
2021-02-07,2,2021,2.7,Low,29.5,16.8,23.1,66.0,3.04,20.23,6.11,6.11,2021-02-07 02:00:00
2021-02-08,2,2021,0.8,Low,26.0,18.8,22.4,71.0,2.68,21.22,6.29,6.29,2021-02-08 02:00:00
2021-02-09,2,2021,0.1,Low,28.8,16.9,22.8,76.0,3.67,21.29,6.35,6.35,2021-02-09 02:00:00
2021-02-10,2,2021,1.7,Low,30.1,16.4,23.2,69.0,2.59,21.7,6.52,6.52,2021-02-10 02:00:00
2021-02-11,2,2021,1.7,Low,29.7,14.9,22.3,71.0,2.88,20.05,5.95,5.95,2021-02-11 02:00:00
2021-02-12,2,2021,0.4,Low,26.8,16.5,21.6,71.0,2.57,19.8,5.8,5.8,2021-02-12 02:00:00
2021-02-13,2,2021,3.0,Low,27.5,16.2,21.9,71.0,3.32,22.87,6.73,6.73,2021-02-13 02:00:00
2021-02-14,2,2021,5.0,Low,26.9,16.0,21.4,68.0,3.37,20.36,5.99,5.99,2021-02-14 02:00:00
2021-02-15,2,2021,3.3,Low,28.0,16.2,22.1,70.0,2.83,20.69,6.11,6.11,2021-02-15 02:00:00
2021-02-16,2,2021,0.0,Low,28.3,15.3,21.8,70.0,2.58,20.53,6.03,6.03,2021-02-16 02:00:00
2021-02-17,2,2021,0.5,Low,28.8,13.8,21.3,70.0,3.34,21.47,6.28,6.28,2021-02-17 02:00:00
2021-02-18,2,2021,0.8,Low,29.9,15.4,22.6,69.0,3.5,19.45,5.83,5.83,2021-02-18 02:00:00
2021-02-19,2,2021,4.7,Low,28.1,14.8,21.5,75.0,3.25,22.91,6.67,6.67,2021-02-19 02:00:00
2021-02-20,2,2021,0.0,Low,29.5,16.9,23.2,66.0,3.21,22.66,6.83,6.83,2021-02-20 02:00:00
2021-02-21,2,2021,4.7,Low,29.1,17.2,23.1,71.0,3.26,21.64,6.5,6.5,2021-02-21 02:00:00
2021-02-22,2,2021,2.7,Low,30.9,15.9,23.4,73.0,3.04,22.45,6.75,6.75,2021-02-22 02:00:00
2021-02-23,2,2021,7.0,Low,29.5,16.8,23.1,72.0,3.21,20.07,6.04,6.04,2021-02-23 02:00:00
2021-02-24,2,2021,0.9,Low,29.7,16.1,22.9,68.0,3.04,20.59,6.18,6.18,2021-02-24 02:00:00
2021-02-25,2,2021,1.5,Low,26.4,15.9,21.1,72.0,3.01,21.41,6.22,6.22,2021-02-25 02:00:00
2021-02-26,2,2021,1.6,Low,28.6,16.0,22.3,73.0,2.48,23.05,6.79,6.79,2021-02-26 02:00:00
2021-02-27,2,2021,1.1,Low,26.8,17.6,22.2,70.0,2.87,22.14,6.54,6.54,2021-02-27 02:00:00
2021-02-28,2,2021,0.8,Low,27.7,15.6,21.7,75.0,2.3,21.25,6.19,6.19,2021-02-28 02:00:00
2021-03-01,2,2021,4.7,Low,29.2,15.8,22.5,70.0,2.72,20.56,6.12,6.12,2021-03-01 02:00:00
2021-03-02,2,2021,0.0,Low,28.8,15.0,21.9,76.0,3.47,23.03,6.76,6.76,2021-03-02 02:00:00
2021-03-03,2,2021,0.3,Low,32.2,15.7,24.0,73.0,2.98,22.9,6.94,6.94,2021-03-03 02:00:00
2021-03-04,2,2021,0.0,Low,31.1,16.0,23.5,67.0,2.39,20.15,6.09,6.09,2021-03-04 02:00:00
2021-03-05,2,2021,0.2,Low,29.2,15.0,22.1,73.0,2.32,21.25,6.25,6.25,2021-03-05 02:00:00
2021-03-06,2,2021,0.0,Low,28.5,17.0,22.8,70.0,2.61,20.92,6.24,6.24,2021-03-06 02:00:00
2021-03-07,2,2021,0.4,Low,28.6,16.8,22.7,66.0,2.99,22.0,6.58,6.58,2021-03-07 02:00:00
2021-03-08,2,2021,0.7,Low,29.6,17.1,23.4,68.0,2.59,22.55,6.79,6.79,2021-03-08 02:00:00
2021-03-09,2,2021,0.0,Low,29.0,14.9,21.9,66.0,3.61,21.26,6.31,6.31,2021-03-09 02:00:00
2021-03-10,2,2021,4.3,Low,27.3,17.7,22.5,68.0,3.43,22.56,6.73,6.73,2021-03-10 02:00:00
2021-03-11,2,2021,0.6,Low,29.1,16.5,22.8,75.0,2.26,21.02,6.24,6.24,2021-03-11 02:00:00
2021-03-12,2,2021,2.5,Low,30.7,17.1,23.9,63.0,3.07,20.7,6.34,6.34,2021-03-12 02:00:00
2021-03-13,2,2021,0.3,Low,28.3,16.7,22.5,65.0,2.64,20.0,5.98,5.98,2021-03-13 02:00:00
2021-03-14,2,2021,1.2,Low,28.5,15.9,22.2,67.0,3.2,21.87,6.49,6.49,2021-03-14 02:00:00
2021-03-15,2,2021,0.4,Low,27.9,15.8,21.8,68.0,3.25,22.17,6.54,6.54,2021-03-15 02:00:00
2021-03-16,2,2021,0.8,Low,27.9,16.5,22.2,73.0,2.68,21.97,6.48,6.48,2021-03-16 02:00:00
2021-03-17,2,2021,0.7,Low,29.2,16.9,23.1,71.0,3.18,21.62,6.49,6.49,2021-03-17 02:00:00
2021-03-18,2,2021,0.0,Low,26.7,15.5,21.1,69.0,3.06,23.37,6.79,6.79,2021-03-18 02:00:00
2021-03-19,2,2021,5.9,Low,28.6,15.4,22.0,74.0,3.44,21.79,6.42,6.42,2021-03-19 02:00:00
2021-03-20,2,2021,0.6,Low,28.8,16.5,22.7,68.0,2.55,20.26,6.05,6.05,2021-03-20 02:00:00
2021-03-21,2,2021,0.0,Low,30.3,16.9,23.6,73.0,3.44,20.98,6.34,6.34,2021-03-21 02:00:00
2021-03-22,2,2021,0.3,Low,29.2,17.0,23.1,66.0,3.59,21.64,6.54,6.54,2021-03-22 02:00:00
2021-03-23,2,2021,1.0,Low,28.4,16.7,22.5,70.0,3.13,21.63,6.44,6.44,2021-03-23 02:00:00
2021-03-24,2,2021,0.3,Low,29.3,16.4,22.9,71.0,2.61,22.61,6.74,6.74,2021-03-24 02:00:00
2021-03-25,2,2021,0.2,Low,28.0,15.4,21.7,69.0,2.27,19.62,5.76,5.76,2021-03-25 02:00:00
2021-03-26,2,2021,0.1,Low,29.0,18.3,23.7,71.0,3.19,20.51,6.22,6.22,2021-03-26 02:00:00
2021-03-27,2,2021,3.5,Low,29.4,19.0,24.2,71.0,3.32,20.28,6.2,6.2,2021-03-27 02:00:00
2021-03-28,2,2021,0.4,Low,29.4,15.8,22.6,71.0,3.71,21.06,6.3,6.3,2021-03-28 02:00:00
2021-03-29,2,2021,1.2,Low,30.5,15.8,23.1,69.0,2.82,20.63,6.2,6.2,2021-03-29 02:00:00
2021-03-30,2,2021,0.0,Low,29.5,16.7,23.1,72.0,2.7,21.35,6.39,6.39,2021-03-30 02:00:00
2021-03-31,2,2021,2.8,Low,29.2,17.7,23.4,71.0,3.27,21.6,6.52,6.52,2021-03-31 02:00:00
2021-04-01,2,2021,0.3,Low,29.0,18.3,23.6,65.0,2.97,21.18,6.44,6.44,2021-04-01 02:00:00
2021-04-02,2,2021,0.0,Low,28.8,15.5,22.1,72.0,4.39,21.73,6.45,6.45,2021-04-02 02:00:00
2021-04-03,2,2021,0.0,Low,28.4,16.7,22.6,71.0,3.74,20.72,6.19,6.19,2021-04-03 02:00:00
2021-04-04,2,2021,0.0,Low,31.4,16.6,24.0,70.0,3.08,21.63,6.58,6.58,2021-04-04 02:00:00
2021-04-05,2,2021,0.0,Low,28.7,17.2,22.9,71.0,2.41,23.43,6.98,6.98,2021-04-05 02:00:00
2021-04-06,2,2021,0.2,Low,30.4,16.1,23.2,70.0,2.65,22.82,6.84,6.84,2021-04-06 02:00:00
2021-04-07,2,2021,1.4,Low,29.6,17.0,23.3,66.0,2.23,21.37,6.43,6.43,2021-04-07 02:00:00
2021-04-08,2,2021,1.7,Low,27.7,16.7,22.2,71.0,2.94,21.2,6.27,6.27,2021-04-08 02:00:00
2021-04-09,2,2021,9.4,Low,28.6,18.1,23.3,69.0,3.05,22.46,6.76,6.76,2021-04-09 02:00:00
2021-04-10,2,2021,4.6,Low,29.4,17.7,23.5,65.0,2.42,21.76,6.58,6.58,2021-04-10 02:00:00
2021-04-11,2,2021,0.0,Low,29.3,17.0,23.2,66.0,2.51,22.65,6.8,6.8,2021-04-11 02:00:00
2021-04-12,2,2021,0.1,Low,28.3,16.6,22.4,67.0,3.01,22.44,6.68,6.68,2021-04-12 02:00:00
2021-04-13,2,2021,0.5,Low,30.4,14.8,22.6,72.0,2.46,21.44,6.36,6.36,2021-04-13 02:00:00
2021-04-14,2,2021,1.7,Low,29.0,17.1,23.0,66.0,2.8,20.32,6.12,6.12,2021-04-14 02:00:00
2021-04-15,2,2021,0.0,Low,29.4,16.0,22.7,73.0,2.79,21.53,6.4,6.4,2021-04-15 02:00:00
2021-04-16,2,2021,7.7,Low,27.0,18.1,22.5,66.0,2.26,21.83,6.49,6.49,2021-04-16 02:00:00
2021-04-17,2,2021,10.4,Low,30.1,15.3,22.7,65.0,2.58,22.54,6.73,6.73,2021-04-17 02:00:00
2021-04-18,2,2021,1.8,Low,30.2,16.5,23.3,66.0,3.06,22.31,6.74,6.74,2021-04-18 02:00:00
2021-04-19,2,2021,2.5,Low,27.4,16.8,22.1,70.0,3.35,21.51,6.37,6.37,2021-04-19 02:00:00
2021-04-20,2,2021,3.6,Low,29.2,17.4,23.3,72.0,2.18,22.44,6.72,6.72,2021-04-20 02:00:00
2021-04-21,2,2021,0.1,Low,29.5,15.7,22.6,67.0,2.8,22.1,6.59,6.59,2021-04-21 02:00:00
2021-04-22,2,2021,0.7,Low,30.0,17.1,23.5,70.0,3.25,21.36,6.46,6.46,2021-04-22 02:00:00
2021-04-23,2,2021,0.2,Low,32.1,16.9,24.5,76.0,2.23,22.5,6.84,6.84,2021-04-23 02:00:00
2021-04-24,2,2021,0.9,Low,31.3,18.2,24.8,71.0,2.89,20.95,6.44,6.44,2021-04-24 02:00:00
2021-04-25,2,2021,0.3,Low,29.5,16.3,22.9,65.0,3.32,21.47,6.46,6.46,2021-04-25 02:00:00
2021-04-26,2,2021,0.0,Low,28.7,17.7,23.2,72.0,2.91,20.9,6.27,6.27,2021-04-26 02:00:00
2021-04-27,2,2021,0.0,Low,31.1,16.2,23.7,74.0,2.99,21.9,6.6,6.6,2021-04-27 02:00:00
2021-04-28,2,2021,6.2,Low,28.1,17.1,22.6,70.0,3.37,20.0,5.99,5.99,2021-04-28 02:00:00
2021-04-29,2,2021,0.0,Low,30.6,16.7,23.6,70.0,3.69,21.32,6.48,6.48,2021-04-29 02:00:00
2021-04-30,2,2021,0.8,Low,28.3,16.1,22.2,67.0,3.2,22.1,6.56,6.56,2021-04-30 02:00:00
2021-05-01,2,2021,0.7,Low,30.4,16.2,23.3,69.0,2.89,22.46,6.75,6.75,2021-05-01 02:00:00
2021-05-02,2,2021,0.8,Moderate,29.5,17.2,23.4,70.0,3.62,21.97,6.64,6.64,2021-05-02 02:00:00
2021-05-03,2,2021,1.3,Moderate,28.5,16.5,22.5,67.0,2.64,23.31,6.92,6.92,2021-05-03 02:00:00
2021-05-04,2,2021,0.1,Moderate,29.9,17.6,23.8,64.0,3.5,22.24,6.79,6.79,2021-05-04 02:00:00
2021-05-05,2,2021,0.9,Moderate,29.0,16.8,22.9,68.0,2.98,21.68,6.49,6.49,2021-05-05 02:00:00
2021-05-06,2,2021,2.0,Moderate,29.5,16.4,23.0,69.0,2.78,21.89,6.55,6.55,2021-05-06 02:00:00
2021-05-07,2,2021,0.8,Moderate,30.2,16.3,23.2,68.0,3.99,21.14,6.41,6.41,2021-05-07 02:00:00
2021-05-08,2,2021,0.0,Moderate,28.4,18.0,23.2,67.0,4.02,22.64,6.85,6.85,2021-05-08 02:00:00
2021-05-09,2,2021,3.5,Moderate,30.3,16.5,23.4,63.0,3.08,22.4,6.79,6.79,2021-05-09 02:00:00
2021-05-10,2,2021,0.1,Moderate,30.9,17.1,24.0,71.0,3.27,21.0,6.39,6.39,2021-05-10 02:00:00
2021-05-11,2,2021,1.0,Moderate,33.3,15.4,24.4,69.0,3.32,21.5,6.6,6.6,2021-05-11 02:00:00
2021-05-12,2,2021,0.3,Moderate,28.4,15.7,22.0,62.0,2.49,21.84,6.47,6.47,2021-05-12 02:00:00
2021-05-13,2,2021,6.4,Moderate,29.4,16.0,22.7,71.0,2.87,21.62,6.44,6.44,2021-05-13 02:00:00
2021-05-14,2,2021,3.3,Moderate,27.3,15.7,21.5,68.0,2.62,22.66,6.62,6.62,2021-05-14 02:00:00
2021-05-15,2,2021,1.0,Moderate,29.9,16.6,23.3,67.0,3.32,22.85,6.9,6.9,2021-05-15 02:00:00
2021-05-16,2,2021,0.8,Moderate,28.6,17.5,23.0,67.0,2.47,21.73,6.51,6.51,2021-05-16 02:00:00
2021-05-17,2,2021,0.0,Moderate,30.9,17.3,24.1,66.0,3.44,20.97,6.43,6.43,2021-05-17 02:00:00
2021-05-18,2,2021,1.9,Moderate,29.6,17.2,23.4,67.0,3.69,21.57,6.55,6.55,2021-05-18 02:00:00
2021-05-19,2,2021,0.8,Moderate,30.7,17.5,24.1,62.0,3.14,22.61,6.93,6.93,2021-05-19 02:00:00
2021-05-20,2,2021,5.8,Moderate,29.8,17.2,23.5,68.0,3.52,22.76,6.89,6.89,2021-05-20 02:00:00
2021-05-21,2,2021,0.4,Moderate,29.2,17.3,23.3,68.0,3.41,22.12,6.68,6.68,2021-05-21 02:00:00
2021-05-22,2,2021,5.4,Moderate,30.1,15.9,23.0,65.0,3.56,20.97,6.34,6.34,2021-05-22 02:00:00
2021-05-23,2,2021,4.8,Moderate,30.0,17.0,23.5,65.0,3.3,22.76,6.9,6.9,2021-05-23 02:00:00
2021-05-24,2,2021,1.7,Moderate,29.7,17.1,23.4,67.0,2.98,22.11,6.68,6.68,2021-05-24 02:00:00
2021-05-25,2,2021,0.0,Moderate,32.7,15.6,24.1,71.0,2.97,22.8,6.93,6.93,2021-05-25 02:00:00
2021-05-26,2,2021,2.8,Moderate,32.4,17.3,24.9,70.0,3.24,23.96,7.37,7.37,2021-05-26 02:00:00
2021-05-27,2,2021,0.4,Moderate,28.6,15.4,22.0,68.0,3.22,21.02,6.22,6.22,2021-05-27 02:00:00
2021-05-28,2,2021,0.0,Moderate,31.1,17.2,24.1,64.0,3.46,24.17,7.4,7.4,2021-05-28 02:00:00
2021-05-29,2,2021,1.5,Moderate,31.0,17.6,24.3,74.0,2.79,22.77,6.92,6.92,2021-05-29 02:00:00
2021-05-30,2,2021,0.0,Moderate,29.7,16.0,22.8,69.0,2.76,20.68,6.19,6.19,2021-05-30 02:00:00
2021-05-31,2,2021,2.3,Moderate,28.8,17.4,23.1,67.0,3.28,21.78,6.56,6.56,2021-05-31 02:00:00
2021-06-01,2,2021,0.1,Moderate,31.7,16.2,24.0,66.0,2.7,22.8,6.93,6.93,2021-06-01 02:00:00
2021-06-02,2,2021,2.5,Moderate,31.2,17.1,24.2,71.0,2.89,22.5,6.85,6.85,2021-06-02 02:00:00
2021-06-03,2,2021,0.0,Moderate,29.2,15.7,22.5,70.0,3.21,21.53,6.41,6.41,2021-06-03 02:00:00
2021-06-04,2,2021,2.6,Moderate,31.0,17.8,24.4,67.0,3.27,21.67,6.66,6.66,2021-06-04 02:00:00
2021-06-05,2,2021,5.7,Moderate,29.5,18.2,23.9,68.0,2.48,21.53,6.53,6.53,2021-06-05 02:00:00
2021-06-06,2,2021,1.7,Moderate,28.0,17.2,22.6,62.0,3.05,22.71,6.8,6.8,2021-06-06 02:00:00
2021-06-07,2,2021,6.2,Moderate,30.0,18.0,24.0,64.0,2.49,21.47,6.55,6.55,2021-06-07 02:00:00
2021-06-08,2,2021,2.8,Moderate,29.2,15.8,22.5,70.0,2.21,22.66,6.7,6.7,2021-06-08 02:00:00
2021-06-09,2,2021,1.7,Moderate,31.1,19.4,25.2,65.0,3.23,20.73,6.46,6.46,2021-06-09 02:00:00
2021-06-10,2,2021,0.9,Moderate,29.4,17.6,23.5,65.0,3.27,23.16,7.02,7.02,2021-06-10 02:00:00
2021-06-11,2,2021,1.9,Moderate,31.8,16.9,24.3,60.0,3.0,21.58,6.65,6.65,2021-06-11 02:00:00
2021-06-12,2,2021,0.1,Moderate,31.3,18.3,24.8,67.0,2.53,23.51,7.22,7.22,2021-06-12 02:00:00
2021-06-13,2,2021,0.8,Moderate,31.3,16.9,24.1,68.0,2.9,23.8,7.24,7.24,2021-06-13 02:00:00
2021-06-14,2,2021,0.0,Moderate,29.6,17.4,23.5,69.0,2.93,22.16,6.69,6.69,2021-06-14 02:00:00
2021-06-15,2,2021,1.3,Moderate,29.1,17.9,23.5,67.0,2.91,22.85,6.9,6.9,2021-06-15 02:00:00
2021-06-16,2,2021,1.1,Moderate,30.0,18.1,24.1,69.0,3.83,22.21,6.79,6.79,2021-06-16 02:00:00
2021-06-17,2,2021,0.1,Moderate,31.2,17.3,24.2,61.0,2.56,21.98,6.73,6.73,2021-06-17 02:00:00
2021-06-18,2,2021,0.6,Moderate,30.7,17.4,24.1,66.0,3.1,22.21,6.78,6.78,2021-06-18 02:00:00
2021-06-19,2,2021,0.6,Moderate,31.2,16.4,23.8,68.0,3.23,22.28,6.77,6.77,2021-06-19 02:00:00
2021-06-20,2,2021,0.6,Moderate,31.1,16.7,23.9,78.0,2.6,21.9,6.59,6.59,2021-06-20 02:00:00
2021-06-21,2,2021,0.0,Moderate,29.6,17.7,23.7,69.0,2.44,22.24,6.71,6.71,2021-06-21 02:00:00
2021-06-22,2,2021,0.0,Moderate,29.2,16.2,22.7,70.0,2.53,23.42,6.96,6.96,2021-06-22 02:00:00
2021-06-23,2,2021,0.0,Moderate,30.8,16.9,23.9,68.0,2.51,22.01,6.67,6.67,2021-06-23 02:00:00
2021-06-24,2,2021,1.0,Moderate,30.9,16.8,23.9,69.0,2.96,21.59,6.56,6.56,2021-06-24 02:00:00
2021-06-25,2,2021,1.0,Moderate,30.4,17.4,23.9,67.0,3.11,22.33,6.8,6.8,2021-06-25 02:00:00
2021-06-26,2,2021,0.0,Moderate,31.0,15.5,23.3,63.0,2.55,23.37,7.04,7.04,2021-06-26 02:00:00
2021-06-27,2,2021,0.0,Moderate,31.2,18.4,24.8,73.0,2.63,24.28,7.42,7.42,2021-06-27 02:00:00
2021-06-28,2,2021,0.6,Moderate,29.6,16.3,23.0,66.0,1.83,22.4,6.68,6.68,2021-06-28 02:00:00
2021-06-29,2,2021,3.4,Moderate,28.5,17.0,22.7,66.0,2.85,20.58,6.17,6.17,2021-06-29 02:00:00
2021-06-30,2,2021,2.2,Moderate,30.3,17.0,23.6,66.0,3.24,22.75,6.91,6.91,2021-06-30 02:00:00
2021-07-01,2,2021,2.9,Moderate,29.4,14.9,22.2,69.0,3.88,22.2,6.6,6.6,2021-07-01 02:00:00
2021-07-02,2,2021,0.7,Moderate,31.6,16.2,23.9,71.0,3.37,22.52,6.84,6.84,2021-07-02 02:00:00
2021-07-03,2,2021,0.3,Moderate,30.0,16.9,23.5,65.0,3.11,23.87,7.22,7.22,2021-07-03 02:00:00
2021-07-04,2,2021,0.7,Moderate,30.9,17.9,24.4,64.0,3.48,22.32,6.87,6.87,2021-07-04 02:00:00
2021-07-05,2,2021,0.0,Moderate,31.3,17.7,24.5,72.0,3.67,23.04,7.06,7.06,2021-07-05 02:00:00
2021-07-06,2,2021,0.2,Moderate,29.5,16.9,23.2,64.0,3.15,20.97,6.35,6.35,2021-07-06 02:00:00
2021-07-07,2,2021,3.7,Moderate,30.1,16.7,23.4,67.0,3.59,23.45,7.1,7.1,2021-07-07 02:00:00
2021-07-08,2,2021,0.1,Moderate,32.5,18.7,25.6,60.0,2.79,22.35,7.0,7.0,2021-07-08 02:00:00
2021-07-09,2,2021,9.9,Moderate,28.6,17.8,23.2,65.0,3.17,23.24,7.01,7.01,2021-07-09 02:00:00
2021-07-10,2,2021,0.0,Moderate,31.2,17.1,24.1,62.0,3.15,21.87,6.72,6.72,2021-07-10 02:00:00
2021-07-11,2,2021,0.0,Moderate,30.1,17.2,23.7,65.0,2.91,22.97,6.96,6.96,2021-07-11 02:00:00
2021-07-12,2,2021,0.0,Moderate,29.5,17.6,23.5,65.0,2.86,23.17,7.01,7.01,2021-07-12 02:00:00
2021-07-13,2,2021,0.0,Moderate,30.8,16.9,23.9,70.0,2.37,24.03,7.26,7.26,2021-07-13 02:00:00
2021-07-14,2,2021,1.1,Moderate,30.2,16.6,23.4,62.0,3.45,22.82,6.94,6.94,2021-07-14 02:00:00
2021-07-15,2,2021,0.0,Moderate,31.7,16.0,23.8,63.0,3.19,21.82,6.67,6.67,2021-07-15 02:00:00
2021-07-16,2,2021,0.4,Moderate,29.9,15.6,22.7,67.0,3.1,20.75,6.22,6.22,2021-07-16 02:00:00
2021-07-17,2,2021,0.0,Moderate,31.9,17.2,24.5,69.0,2.99,22.96,7.04,7.04,2021-07-17 02:00:00
2021-07-18,2,2021,1.5,Moderate,30.8,17.3,24.1,67.0,2.89,22.83,6.96,6.96,2021-07-18 02:00:00
2021-07-19,2,2021,0.1,Moderate,30.6,16.9,23.7,64.0,3.01,22.01,6.7,6.7,2021-07-19 02:00:00
2021-07-20,2,2021,2.4,Moderate,31.3,17.0,24.2,70.0,3.04,22.49,6.85,6.85,2021-07-20 02:00:00
2021-07-21,2,2021,0.7,Moderate,30.2,17.5,23.8,65.0,2.89,21.9,6.67,6.67,2021-07-21 02:00:00
2021-07-22,2,2021,0.7,Moderate,30.2,18.1,24.1,63.0,2.63,20.38,6.25,6.25,2021-07-22 02:00:00
2021-07-23,2,2021,0.7,Moderate,32.2,18.3,25.3,67.0,3.06,23.37,7.24,7.24,2021-07-23 02:00:00
2021-07-24,2,2021,0.0,Moderate,29.4,18.2,23.8,67.0,3.23,22.28,6.78,6.78,2021-07-24 02:00:00
2021-07-25,2,2021,0.7,Moderate,31.9,16.9,24.4,65.0,2.36,22.88,6.99,6.99,2021-07-25 02:00:00
2021-07-26,2,2021,2.5,Moderate,30.5,18.2,24.4,64.0,2.97,23.03,7.06,7.06,2021-07-26 02:00:00
2021-07-27,2,2021,3.7,Moderate,32.0,17.0,24.5,64.0,2.81,22.73,6.98,6.98,2021-07-27 02:00:00
2021-07-28,2,2021,0.1,Moderate,33.2,17.5,25.4,67.0,3.19,21.59,6.72,6.72,2021-07-28 02:00:00
2021-07-29,2,2021,0.0,Moderate,29.7,18.8,24.3,68.0,2.87,21.07,6.44,6.44,2021-07-29 02:00:00
2021-07-30,2,2021,1.2,Moderate,29.9,19.3,24.6,67.0,3.11,23.46,7.21,7.21,2021-07-30 02:00:00
2021-07-31,2,2021,3.3,Moderate,30.1,17.5,23.8,66.0,2.64,22.58,6.85,6.85,2021-07-31 02:00:00
2021-08-01,2,2021,0.3,Moderate,29.3,17.6,23.5,62.0,2.66,23.4,7.08,7.08,2021-08-01 02:00:00
2021-08-02,2,2021,5.8,Moderate,30.7,17.5,24.1,67.0,3.14,22.91,6.99,6.99,2021-08-02 02:00:00
2021-08-03,2,2021,7.4,Moderate,31.9,17.6,24.8,65.0,3.36,22.45,6.94,6.94,2021-08-03 02:00:00
2021-08-04,2,2021,3.2,Moderate,30.6,17.1,23.9,68.0,3.03,23.4,7.1,7.1,2021-08-04 02:00:00
2021-08-05,2,2021,0.0,Moderate,31.2,17.6,24.4,64.0,2.13,22.78,6.96,6.96,2021-08-05 02:00:00
2021-08-06,2,2021,0.0,Moderate,32.3,19.4,25.8,63.0,3.2,24.87,7.79,7.79,2021-08-06 02:00:00
2021-08-07,2,2021,0.1,Moderate,30.1,17.0,23.6,68.0,2.34,21.5,6.49,6.49,2021-08-07 02:00:00
2021-08-08,2,2021,1.3,Moderate,30.3,18.8,24.5,65.0,2.73,21.93,6.74,6.74,2021-08-08 02:00:00
2021-08-09,2,2021,3.8,Moderate,31.2,18.0,24.6,67.0,2.85,21.77,6.69,6.69,2021-08-09 02:00:00
2021-08-10,2,2021,0.5,Moderate,29.8,16.0,22.9,66.0,2.17,24.39,7.27,7.27,2021-08-10 02:00:00
2021-08-11,2,2021,0.3,Moderate,30.5,16.3,23.4,59.0,2.7,23.83,7.21,7.21,2021-08-11 02:00:00
2021-08-12,2,2021,0.0,Moderate,32.8,17.5,25.1,64.0,2.33,22.58,6.98,6.98,2021-08-12 02:00:00
2021-08-13,2,2021,0.3,Moderate,31.3,17.3,24.3,64.0,3.16,22.52,6.91,6.91,2021-08-13 02:00:00
2021-08-14,2,2021,0.0,Moderate,29.5,17.8,23.6,65.0,2.88,21.43,6.51,6.51,2021-08-14 02:00:00
2021-08-15,2,2021,0.1,Moderate,31.1,17.3,24.2,72.0,3.07,22.96,6.98,6.98,2021-08-15 02:00:00
2021-08-16,2,2021,0.3,Moderate,30.3,19.0,24.6,64.0,2.9,23.66,7.28,7.28,2021-08-16 02:00:00
2021-08-17,2,2021,0.3,Moderate,33.7,17.5,25.6,69.0,3.46,22.21,6.93,6.93,2021-08-17 02:00:00
2021-08-18,2,2021,0.6,Moderate,31.6,17.0,24.3,59.0,3.6,23.4,7.22,7.22,2021-08-18 02:00:00
2021-08-19,2,2021,3.2,Moderate,29.9,17.9,23.9,62.0,3.13,22.36,6.84,6.84,2021-08-19 02:00:00
2021-08-20,2,2021,0.2,Moderate,30.8,17.2,24.0,65.0,2.82,24.58,7.47,7.47,2021-08-20 02:00:00
2021-08-21,2,2021,0.0,Moderate,32.8,18.2,25.5,62.0,3.0,22.76,7.11,7.11,2021-08-21 02:00:00
2021-08-22,2,2021,7.5,Moderate,32.6,16.3,24.4,66.0,2.73,22.68,6.94,6.94,2021-08-22 02:00:00
2021-08-23,2,2021,0.3,Moderate,30.8,17.5,24.1,64.0,2.88,21.83,6.68,6.68,2021-08-23 02:00:00
2021-08-24,2,2021,0.0,Moderate,32.9,17.2,25.1,62.0,2.84,22.74,7.05,7.05,2021-08-24 02:00:00
2021-08-25,2,2021,2.2,Moderate,31.0,17.7,24.3,65.0,2.88,23.62,7.23,7.23,2021-08-25 02:00:00
2021-08-26,2,2021,0.0,Moderate,31.1,17.9,24.5,64.0,3.38,23.87,7.35,7.35,2021-08-26 02:00:00
2021-08-27,2,2021,0.0,Moderate,30.5,18.2,24.4,54.0,3.08,25.47,7.85,7.85,2021-08-27 02:00:00
2021-08-28,2,2021,0.0,Moderate,32.5,16.5,24.5,61.0,3.35,22.99,7.1,7.1,2021-08-28 02:00:00
2021-08-29,2,2021,0.0,Moderate,32.1,17.3,24.7,70.0,3.42,23.49,7.22,7.22,2021-08-29 02:00:00
2021-08-30,2,2021,5.9,High,31.6,17.3,24.4,65.0,3.88,25.71,7.9,7.9,2021-08-30 02:00:00
2021-08-31,2,2021,0.2,High,31.2,19.5,25.4,63.0,2.84,24.76,7.68,7.68,2021-08-31 02:00:00
2021-09-01,2,2021,0.2,High,32.8,18.1,25.4,69.0,2.56,22.41,6.94,6.94,2021-09-01 02:00:00
2021-09-02,2,2021,0.0,High,31.4,18.2,24.8,65.0,2.81,23.8,7.33,7.33,2021-09-02 02:00:00
2021-09-03,2,2021,5.0,High,32.8,16.6,24.7,65.0,2.64,23.8,7.31,7.31,2021-09-03 02:00:00
2021-09-04,2,2021,0.9,High,30.9,18.9,24.9,68.0,4.06,24.46,7.56,7.56,2021-09-04 02:00:00
2021-09-05,2,2021,1.1,High,30.7,17.2,24.0,68.0,2.45,22.17,6.73,6.73,2021-09-05 02:00:00
2021-09-06,2,2021,0.5,High,29.6,17.1,23.4,63.0,2.84,23.44,7.08,7.08,2021-09-06 02:00:00
2021-09-07,2,2021,0.5,High,30.8,18.0,24.4,65.0,3.22,25.16,7.71,7.71,2021-09-07 02:00:00
2021-09-08,2,2021,2.1,High,32.6,17.3,24.9,66.0,2.12,23.01,7.07,7.07,2021-09-08 02:00:00
2021-09-09,2,2021,0.4,High,32.2,17.1,24.6,63.0,2.56,24.0,7.37,7.37,2021-09-09 02:00:00
2021-09-10,2,2021,4.4,High,30.1,17.9,24.0,65.0,2.39,24.09,7.31,7.31,2021-09-10 02:00:00
2021-09-11,2,2021,0.1,High,31.0,16.4,23.7,62.0,2.56,24.47,7.41,7.41,2021-09-11 02:00:00
2021-09-12,2,2021,1.5,High,30.5,17.2,23.9,60.0,2.69,24.13,7.35,7.35,2021-09-12 02:00:00
2021-09-13,2,2021,0.5,High,30.3,18.7,24.5,62.0,2.45,26.0,7.95,7.95,2021-09-13 02:00:00
2021-09-14,2,2021,1.7,High,31.0,18.3,24.6,60.0,3.74,24.04,7.45,7.45,2021-09-14 02:00:00
2021-09-15,2,2021,0.4,High,33.1,19.6,26.4,63.0,2.46,23.48,7.38,7.38,2021-09-15 02:00:00
2021-09-16,2,2021,4.8,High,30.9,17.4,24.2,61.0,3.24,21.98,6.76,6.76,2021-09-16 02:00:00
2021-09-17,2,2021,1.2,High,29.9,18.3,24.1,65.0,2.31,23.29,7.08,7.08,2021-09-17 02:00:00
2021-09-18,2,2021,3.6,High,31.5,17.9,24.7,62.0,3.12,23.31,7.2,7.2,2021-09-18 02:00:00
2021-09-19,2,2021,0.9,High,32.4,16.7,24.6,66.0,1.95,24.91,7.6,7.6,2021-09-19 02:00:00
2021-09-20,2,2021,0.3,High,31.5,18.2,24.9,66.0,2.89,24.44,7.52,7.52,2021-09-20 02:00:00
2021-09-21,2,2021,0.9,High,31.7,19.2,25.4,69.0,2.91,23.08,7.16,7.16,2021-09-21 02:00:00
2021-09-22,2,2021,0.0,High,32.1,18.7,25.4,59.0,3.2,22.27,6.98,6.98,2021-09-22 02:00:00
2021-09-23,2,2021,1.8,High,30.6,16.7,23.7,65.0,2.94,24.43,7.4,7.4,2021-09-23 02:00:00
2021-09-24,2,2021,5.2,High,31.1,17.6,24.3,66.0,2.87,24.26,7.41,7.41,2021-09-24 02:00:00
2021-09-25,2,2021,0.0,High,33.1,19.5,26.3,64.0,3.19,22.26,7.03,7.03,2021-09-25 02:00:00
2021-09-26,2,2021,0.0,High,30.5,17.8,24.2,67.0,2.43,23.29,7.09,7.09,2021-09-26 02:00:00
2021-09-27,2,2021,0.4,High,32.3,18.1,25.2,61.0,3.2,24.54,7.63,7.63,2021-09-27 02:00:00
2021-09-28,2,2021,2.1,High,30.7,19.2,25.0,66.0,2.99,23.47,7.24,7.24,2021-09-28 02:00:00
2021-09-29,2,2021,0.0,High,31.6,17.7,24.7,65.0,3.5,23.19,7.16,7.16,2021-09-29 02:00:00
2021-09-30,2,2021,0.0,High,31.4,16.9,24.2,63.0,2.29,23.5,7.16,7.16,2021-09-30 02:00:00
2021-10-01,2,2021,0.6,High,33.1,16.4,24.7,64.0,3.35,22.94,7.09,7.09,2021-10-01 02:00:00
2021-10-02,2,2021,4.1,High,34.0,16.8,25.4,61.0,2.82,23.69,7.38,7.38,2021-10-02 02:00:00
2021-10-03,2,2021,0.3,High,34.6,18.4,26.5,64.0,2.68,24.14,7.6,7.6,2021-10-03 02:00:00
2021-10-04,2,2021,2.9,High,33.2,18.3,25.8,60.0,2.76,23.11,7.24,7.24,2021-10-04 02:00:00
2021-10-05,2,2021,0.0,High,29.6,17.5,23.6,63.0,3.48,24.56,7.46,7.46,2021-10-05 02:00:00
2021-10-06,2,2021,1.4,High,33.1,18.3,25.7,61.0,2.65,26.15,8.15,8.15,2021-10-06 02:00:00
2021-10-07,2,2021,1.5,High,30.8,18.7,24.8,60.0,3.51,25.31,7.84,7.84,2021-10-07 02:00:00
2021-10-08,2,2021,0.0,High,29.2,17.7,23.5,66.0,2.86,23.26,7.02,7.02,2021-10-08 02:00:00
2021-10-09,2,2021,6.5,High,30.2,18.3,24.3,62.0,2.64,22.84,6.99,6.99,2021-10-09 02:00:00
2021-10-10,2,2021,0.6,High,32.1,18.4,25.2,64.0,3.07,23.51,7.3,7.3,2021-10-10 02:00:00
2021-10-11,2,2021,0.0,High,32.1,17.6,24.9,65.0,3.14,23.95,7.39,7.39,2021-10-11 02:00:00
2021-10-12,2,2021,2.6,High,32.1,18.1,25.1,62.0,3.17,23.44,7.28,7.28,2021-10-12 02:00:00
2021-10-13,2,2021,2.3,High,32.8,18.5,25.7,60.0,3.25,23.43,7.35,7.35,2021-10-13 02:00:00
2021-10-14,2,2021,0.3,High,34.0,19.5,26.7,57.0,2.9,21.68,6.92,6.92,2021-10-14 02:00:00
2021-10-15,2,2021,0.9,High,30.9,18.0,24.4,64.0,2.75,22.01,6.76,6.76,2021-10-15 02:00:00
2021-10-16,2,2021,0.0,High,31.3,17.6,24.5,63.0,3.16,25.27,7.76,7.76,2021-10-16 02:00:00
2021-10-17,2,2021,1.7,High,34.3,16.8,25.5,60.0,2.37,23.35,7.27,7.27,2021-10-17 02:00:00
2021-10-18,2,2021,2.2,High,33.7,18.1,25.9,57.0,3.61,21.82,6.92,6.92,2021-10-18 02:00:00
2021-10-19,2,2021,0.4,High,31.2,18.9,25.0,66.0,3.16,24.37,7.53,7.53,2021-10-19 02:00:00
2021-10-20,2,2021,4.2,High,31.7,16.9,24.3,63.0,2.96,25.53,7.81,7.81,2021-10-20 02:00:00
2021-10-21,2,2021,0.2,High,32.1,18.5,25.3,65.0,2.96,23.66,7.34,7.34,2021-10-21 02:00:00
2021-10-22,2,2021,0.0,High,31.4,19.1,25.3,61.0,3.33,22.92,7.16,7.16,2021-10-22 02:00:00
2021-10-23,2,2021,0.0,High,32.3,17.5,24.9,62.0,3.45,25.88,8.0,8.0,2021-10-23 02:00:00
2021-10-24,2,2021,0.0,High,31.7,18.5,25.1,60.0,3.07,24.73,7.67,7.67,2021-10-24 02:00:00
2021-10-25,2,2021,0.5,High,33.8,17.7,25.7,65.0,3.3,23.0,7.2,7.2,2021-10-25 02:00:00
2021-10-26,2,2021,1.0,High,31.3,19.1,25.2,61.0,3.02,25.86,8.02,8.02,2021-10-26 02:00:00
2021-10-27,2,2021,1.4,High,32.7,17.5,25.1,64.0,2.73,23.98,7.41,7.41,2021-10-27 02:00:00
2021-10-28,2,2021,3.9,High,30.3,17.3,23.8,61.0,2.58,23.94,7.27,7.27,2021-10-28 02:00:00
2021-10-29,2,2021,0.5,High,32.6,17.2,24.9,65.0,3.26,25.44,7.85,7.85,2021-10-29 02:00:00
2021-10-30,2,2021,7.6,High,30.5,18.1,24.3,63.0,2.86,24.49,7.49,7.49,2021-10-30 02:00:00
2021-10-31,2,2021,2.2,High,32.4,18.7,25.6,60.0,2.83,24.67,7.7,7.7,2021-10-31 02:00:00
2021-11-01,2,2021,0.0,High,31.5,17.9,24.7,58.0,3.18,23.41,7.26,7.26,2021-11-01 02:00:00
2021-11-02,2,2021,2.0,High,32.5,19.4,25.9,68.0,3.34,21.84,6.85,6.85,2021-11-02 02:00:00
2021-11-03,2,2021,4.4,High,30.5,18.2,24.3,63.0,3.14,23.77,7.3,7.3,2021-11-03 02:00:00
2021-11-04,2,2021,2.1,High,33.8,18.6,26.2,64.0,2.66,23.49,7.37,7.37,2021-11-04 02:00:00
2021-11-05,2,2021,0.0,High,31.7,19.1,25.4,60.0,3.03,23.32,7.27,7.27,2021-11-05 02:00:00
2021-11-06,2,2021,3.1,High,33.9,17.3,25.6,59.0,3.67,25.03,7.85,7.85,2021-11-06 02:00:00
2021-11-07,2,2021,7.8,High,33.8,17.7,25.7,59.0,2.75,25.02,7.82,7.82,2021-11-07 02:00:00
2021-11-08,2,2021,0.2,High,31.9,18.5,25.2,59.0,3.29,22.62,7.07,7.07,2021-11-08 02:00:00
2021-11-09,2,2021,0.7,High,33.7,19.8,26.7,60.0,3.15,24.69,7.84,7.84,2021-11-09 02:00:00
2021-11-10,2,2021,3.2,High,33.5,18.4,26.0,65.0,3.29,24.36,7.63,7.63,2021-11-10 02:00:00
2021-11-11,2,2021,11.3,High,32.8,19.7,26.3,60.0,2.74,24.65,7.76,7.76,2021-11-11 02:00:00
2021-11-12,2,2021,1.1,High,33.2,18.0,25.6,57.0,2.62,23.19,7.26,7.26,2021-11-12 02:00:00
2021-11-13,2,2021,0.1,High,33.1,20.1,26.6,62.0,2.95,23.23,7.35,7.35,2021-11-13 02:00:00
2021-11-14,2,2021,1.1,High,30.6,19.4,25.0,64.0,2.76,24.36,7.52,7.52,2021-11-14 02:00:00
2021-11-15,2,2021,0.9,High,33.7,17.5,25.6,58.0,2.79,21.81,6.84,6.84,2021-11-15 02:00:00
2021-11-16,2,2021,3.5,High,31.8,19.0,25.4,61.0,3.81,24.52,7.67,7.67,2021-11-16 02:00:00
2021-11-17,2,2021,1.0,High,30.4,19.9,25.1,60.0,3.95,23.7,7.41,7.41,2021-11-17 02:00:00
2021-11-18,2,2021,1.8,High,31.7,16.7,24.2,62.0,2.5,24.86,7.58,7.58,2021-11-18 02:00:00
2021-11-19,2,2021,3.1,High,32.7,18.7,25.7,64.0,3.54,25.47,7.97,7.97,2021-11-19 02:00:00
2021-11-20,2,2021,0.5,High,29.9,18.4,24.2,60.0,3.5,23.0,7.08,7.08,2021-11-20 02:00:00
2021-11-21,2,2021,0.2,High,30.7,18.3,24.5,62.0,2.6,23.75,7.29,7.29,2021-11-21 02:00:00
2021-11-22,2,2021,1.9,High,32.3,18.0,25.1,61.0,3.29,26.44,8.2,8.2,2021-11-22 02:00:00
2021-11-23,2,2021,1.2,High,33.4,18.3,25.9,58.0,3.25,24.29,7.64,7.64,2021-11-23 02:00:00
2021-11-24,2,2021,1.1,High,33.4,18.8,26.1,62.0,2.47,24.2,7.58,7.58,2021-11-24 02:00:00
2021-11-25,2,2021,0.4,High,33.7,17.8,25.8,58.0,2.27,23.62,7.38,7.38,2021-11-25 02:00:00
2021-11-26,2,2021,1.2,High,33.0,19.6,26.3,61.0,3.38,23.82,7.53,7.53,2021-11-26 02:00:00
2021-11-27,2,2021,0.0,High,33.0,18.4,25.7,64.0,3.62,23.91,7.49,7.49,2021-11-27 02:00:00
2021-11-28,2,2021,0.0,High,31.7,17.6,24.6,61.0,2.31,23.4,7.19,7.19,2021-11-28 02:00:00
2021-11-29,2,2021,0.0,High,32.1,17.3,24.7,61.0,3.11,24.37,7.52,7.52,2021-11-29 02:00:00
2021-11-30,2,2021,0.0,High,32.8,17.9,25.3,64.0,2.1,25.33,7.82,7.82,2021-11-30 02:00:00
2021-12-01,2,2021,0.0,High,35.3,18.3,26.8,62.0,2.8,23.72,7.52,7.52,2021-12-01 02:00:00
2021-12-02,2,2021,0.5,High,32.8,17.9,25.3,63.0,3.8,26.78,8.34,8.34,2021-12-02 02:00:00
2021-12-03,2,2021,0.0,High,32.0,17.8,24.9,61.0,2.58,25.06,7.73,7.73,2021-12-03 02:00:00
2021-12-04,2,2021,0.6,High,29.6,18.2,23.9,60.0,2.83,24.23,7.38,7.38,2021-12-04 02:00:00
2021-12-05,2,2021,3.4,High,33.3,18.2,25.7,61.0,2.97,24.78,7.74,7.74,2021-12-05 02:00:00
2021-12-06,2,2021,0.0,High,33.1,17.2,25.2,64.0,3.33,24.72,7.67,7.67,2021-12-06 02:00:00
2021-12-07,2,2021,0.0,High,32.5,18.9,25.7,56.0,2.72,25.48,7.97,7.97,2021-12-07 02:00:00
2021-12-08,2,2021,0.0,High,32.7,19.4,26.1,59.0,2.98,25.6,8.04,8.04,2021-12-08 02:00:00
2021-12-09,2,2021,0.0,High,30.8,18.7,24.8,60.0,2.98,23.94,7.39,7.39,2021-12-09 02:00:00
2021-12-10,2,2021,0.1,High,32.9,20.0,26.5,59.0,2.95,23.65,7.49,7.49,2021-12-10 02:00:00
2021-12-11,2,2021,3.2,High,30.7,16.2,23.4,60.0,3.22,24.27,7.36,7.36,2021-12-11 02:00:00
2021-12-12,2,2021,1.1,High,32.9,17.6,25.2,57.0,2.99,25.16,7.83,7.83,2021-12-12 02:00:00
2021-12-13,2,2021,0.0,High,32.3,19.9,26.1,64.0,3.52,24.77,7.79,7.79,2021-12-13 02:00:00
2021-12-14,2,2021,0.0,High,32.2,17.3,24.8,60.0,3.31,26.93,8.31,8.31,2021-12-14 02:00:00
2021-12-15,2,2021,4.5,High,33.3,19.5,26.4,58.0,3.35,24.77,7.85,7.85,2021-12-15 02:00:00
2021-12-16,2,2021,0.0,High,34.0,18.6,26.3,64.0,2.83,26.24,8.23,8.23,2021-12-16 02:00:00
2021-12-17,2,2021,0.0,High,31.6,18.6,25.1,59.0,2.99,25.34,7.86,7.86,2021-12-17 02:00:00
2021-12-18,2,2021,0.0,High,32.6,19.4,26.0,61.0,2.26,22.91,7.17,7.17,2021-12-18 02:00:00
2021-12-19,2,2021,2.8,High,31.5,19.0,25.3,58.0,3.08,21.98,6.88,6.88,2021-12-19 02:00:00
2021-12-20,2,2021,0.8,High,32.3,18.7,25.5,61.0,2.91,22.94,7.16,7.16,2021-12-20 02:00:00
2021-12-21,2,2021,0.0,High,33.6,18.1,25.8,59.0,2.49,25.71,8.03,8.03,2021-12-21 02:00:00
2021-12-22,2,2021,0.0,High,32.0,18.5,25.2,62.0,3.46,24.03,7.48,7.48,2021-12-22 02:00:00
2021-12-23,2,2021,0.4,High,34.5,18.7,26.6,53.0,2.89,24.73,7.86,7.86,2021-12-23 02:00:00
2021-12-24,2,2021,0.9,High,33.8,17.4,25.6,64.0,3.11,25.81,8.03,8.03,2021-12-24 02:00:00
2021-12-25,2,2021,0.0,High,31.9,17.9,24.9,63.0,2.72,25.65,7.9,7.9,2021-12-25 02:00:00
2021-12-26,2,2021,1.6,High,33.2,18.8,26.0,60.0,2.89,25.43,7.97,7.97,2021-12-26 02:00:00
2021-12-27,2,2021,2.7,High,32.6,18.4,25.5,60.0,2.52,25.08,7.8,7.8,2021-12-27 02:00:00
2021-12-28,2,2021,0.0,High,33.1,18.8,26.0,63.0,3.21,25.86,8.1,8.1,2021-12-28 02:00:00
2021-12-29,2,2021,0.0,High,32.7,19.4,26.1,57.0,2.7,25.64,8.06,8.06,2021-12-29 02:00:00
2021-12-30,2,2021,0.0,High,34.0,18.3,26.2,57.0,2.91,26.62,8.37,8.37,2021-12-30 02:00:00
2021-12-31,2,2021,0.2,High,33.2,18.6,25.9,58.0,3.35,25.22,7.93,7.93,2021-12-31 02:00:00
2022-01-01,2,2022,0.3,Low,29.4,16.8,23.1,74.0,2.9,20.79,6.22,6.22,2022-01-01 02:00:00
2022-01-02,2,2022,3.2,Low,27.8,16.8,22.3,74.0,2.68,23.21,6.84,6.84,2022-01-02 02:00:00
2022-01-03,2,2022,3.3,Low,26.9,17.5,22.2,76.0,2.75,21.07,6.2,6.2,2022-01-03 02:00:00
2022-01-04,2,2022,0.9,Low,26.8,15.7,21.3,72.0,3.4,19.28,5.64,5.64,2022-01-04 02:00:00
2022-01-05,2,2022,0.3,Low,26.0,15.7,20.9,77.0,2.47,20.02,5.76,5.76,2022-01-05 02:00:00
2022-01-06,2,2022,0.6,Low,27.8,17.2,22.5,73.0,2.73,21.27,6.31,6.31,2022-01-06 02:00:00
2022-01-07,2,2022,5.4,Low,28.3,17.6,23.0,73.0,2.75,20.23,6.05,6.05,2022-01-07 02:00:00
2022-01-08,2,2022,3.7,Low,27.6,14.7,21.1,72.0,3.36,21.36,6.22,6.22,2022-01-08 02:00:00
2022-01-09,2,2022,0.4,Low,27.9,16.4,22.1,73.0,1.87,22.13,6.49,6.49,2022-01-09 02:00:00
2022-01-10,2,2022,0.0,Low,27.8,15.5,21.6,66.0,3.03,18.96,5.61,5.61,2022-01-10 02:00:00
2022-01-11,2,2022,0.6,Low,28.9,14.8,21.8,78.0,3.19,20.83,6.1,6.1,2022-01-11 02:00:00
2022-01-12,2,2022,0.2,Low,29.4,15.8,22.6,73.0,2.9,21.03,6.25,6.25,2022-01-12 02:00:00
2022-01-13,2,2022,0.2,Low,27.6,16.2,21.9,68.0,3.25,21.51,6.35,6.35,2022-01-13 02:00:00
2022-01-14,2,2022,0.0,Low,29.3,16.2,22.8,67.0,3.13,20.83,6.24,6.24,2022-01-14 02:00:00
2022-01-15,2,2022,1.4,Low,28.3,15.7,22.0,72.0,2.81,20.21,5.96,5.96,2022-01-15 02:00:00
2022-01-16,2,2022,2.0,Low,27.2,16.0,21.6,71.0,3.14,19.91,5.85,5.85,2022-01-16 02:00:00
2022-01-17,2,2022,2.2,Low,27.5,16.2,21.8,72.0,2.89,20.66,6.07,6.07,2022-01-17 02:00:00
2022-01-18,2,2022,4.6,Low,27.8,16.2,22.0,67.0,2.9,21.22,6.28,6.28,2022-01-18 02:00:00
2022-01-19,2,2022,6.5,Low,28.5,17.2,22.9,76.0,3.5,21.55,6.43,6.43,2022-01-19 02:00:00
2022-01-20,2,2022,1.4,Low,27.3,16.8,22.1,69.0,2.86,22.07,6.52,6.52,2022-01-20 02:00:00
2022-01-21,2,2022,2.5,Low,27.7,17.0,22.4,68.0,2.32,20.13,5.97,5.97,2022-01-21 02:00:00
2022-01-22,2,2022,2.7,Low,26.9,15.7,21.3,68.0,2.57,21.08,6.15,6.15,2022-01-22 02:00:00
2022-01-23,2,2022,0.0,Low,29.0,17.0,23.0,72.0,2.28,20.6,6.14,6.14,2022-01-23 02:00:00
2022-01-24,2,2022,0.0,Low,30.1,16.2,23.1,69.0,2.45,20.0,6.0,6.0,2022-01-24 02:00:00
2022-01-25,2,2022,1.0,Low,28.9,15.6,22.2,70.0,3.06,21.58,6.39,6.39,2022-01-25 02:00:00
2022-01-26,2,2022,0.3,Low,27.6,16.1,21.9,74.0,3.64,21.35,6.28,6.28,2022-01-26 02:00:00
2022-01-27,2,2022,3.3,Low,28.7,15.2,21.9,72.0,3.4,20.63,6.09,6.09,2022-01-27 02:00:00
2022-01-28,2,2022,4.4,Low,27.5,17.7,22.6,71.0,3.04,21.92,6.52,6.52,2022-01-28 02:00:00
2022-01-29,2,2022,0.5,Low,27.1,16.6,21.8,71.0,3.65,21.72,6.4,6.4,2022-01-29 02:00:00
2022-01-30,2,2022,3.5,Low,29.7,15.1,22.4,70.0,3.25,21.57,6.41,6.41,2022-01-30 02:00:00
2022-01-31,2,2022,0.3,Low,26.8,15.6,21.2,73.0,3.25,19.87,5.79,5.79,2022-01-31 02:00:00
2022-02-01,2,2022,2.8,Low,29.5,16.3,22.9,73.0,2.7,20.14,6.01,6.01,2022-02-01 02:00:00
2022-02-02,2,2022,0.9,Low,30.5,15.7,23.1,70.0,2.77,24.15,7.22,7.22,2022-02-02 02:00:00
2022-02-03,2,2022,0.3,Low,28.7,16.3,22.5,75.0,3.11,20.97,6.22,6.22,2022-02-03 02:00:00
2022-02-04,2,2022,0.9,Low,29.4,15.7,22.6,66.0,3.48,23.78,7.1,7.1,2022-02-04 02:00:00
2022-02-05,2,2022,5.5,Low,27.2,17.7,22.4,70.0,2.66,21.7,6.44,6.44,2022-02-05 02:00:00
2022-02-06,2,2022,0.2,Low,27.8,16.2,22.0,70.0,2.72,21.65,6.38,6.38,2022-02-06 02:00:00
2022-02-07,2,2022,0.7,Low,28.8,16.8,22.8,73.0,2.7,21.35,6.36,6.36,2022-02-07 02:00:00
2022-02-08,2,2022,0.3,Low,28.0,16.0,22.0,71.0,2.47,22.47,6.61,6.61,2022-02-08 02:00:00
2022-02-09,2,2022,2.2,Low,29.1,17.8,23.4,71.0,3.84,19.8,6.01,6.01,2022-02-09 02:00:00
2022-02-10,2,2022,3.2,Low,29.9,15.3,22.6,67.0,3.11,20.12,6.03,6.03,2022-02-10 02:00:00
2022-02-11,2,2022,1.1,Low,29.2,16.4,22.8,71.0,2.13,23.17,6.88,6.88,2022-02-11 02:00:00
2022-02-12,2,2022,2.2,Low,27.5,16.2,21.8,69.0,2.64,21.86,6.42,6.42,2022-02-12 02:00:00
2022-02-13,2,2022,0.0,Low,26.5,15.5,21.0,72.0,3.23,20.74,6.03,6.03,2022-02-13 02:00:00
2022-02-14,2,2022,1.0,Low,28.0,16.0,22.0,70.0,2.79,23.04,6.79,6.79,2022-02-14 02:00:00
2022-02-15,2,2022,0.6,Low,28.3,17.2,22.8,68.0,2.47,21.83,6.51,6.51,2022-02-15 02:00:00
2022-02-16,2,2022,0.3,Low,28.8,17.3,23.1,76.0,3.27,22.23,6.64,6.64,2022-02-16 02:00:00
2022-02-17,2,2022,2.7,Low,29.4,17.1,23.3,70.0,3.45,19.95,6.03,6.03,2022-02-17 02:00:00
2022-02-18,2,2022,0.0,Low,28.2,15.8,22.0,73.0,3.36,21.18,6.25,6.25,2022-02-18 02:00:00
2022-02-19,2,2022,0.2,Low,28.9,16.5,22.7,67.0,2.74,20.4,6.1,6.1,2022-02-19 02:00:00
2022-02-20,2,2022,6.1,Low,30.6,15.2,22.9,64.0,3.44,21.41,6.46,6.46,2022-02-20 02:00:00
2022-02-21,2,2022,0.4,Low,28.0,15.0,21.5,70.0,2.99,22.54,6.59,6.59,2022-02-21 02:00:00
2022-02-22,2,2022,2.7,Low,30.4,17.0,23.7,69.0,3.08,20.92,6.34,6.34,2022-02-22 02:00:00
2022-02-23,2,2022,0.4,Low,27.5,17.1,22.3,75.0,2.85,23.19,6.84,6.84,2022-02-23 02:00:00
2022-02-24,2,2022,0.1,Low,26.4,16.7,21.6,70.0,3.18,20.67,6.07,6.07,2022-02-24 02:00:00
2022-02-25,2,2022,0.4,Low,29.2,15.7,22.4,70.0,2.86,22.06,6.55,6.55,2022-02-25 02:00:00
2022-02-26,2,2022,1.4,Low,27.8,16.5,22.1,66.0,2.69,22.1,6.54,6.54,2022-02-26 02:00:00
2022-02-27,2,2022,1.0,Low,29.4,16.1,22.7,73.0,3.22,22.36,6.66,6.66,2022-02-27 02:00:00
2022-02-28,2,2022,2.5,Low,30.4,15.0,22.7,69.0,2.99,20.92,6.25,6.25,2022-02-28 02:00:00
2022-03-01,2,2022,4.7,Low,28.7,14.7,21.7,72.0,3.88,20.97,6.18,6.18,2022-03-01 02:00:00
2022-03-02,2,2022,2.6,Low,29.2,16.5,22.9,63.0,3.06,21.62,6.5,6.5,2022-03-02 02:00:00
2022-03-03,2,2022,0.0,Low,28.0,16.3,22.1,67.0,2.56,22.02,6.51,6.51,2022-03-03 02:00:00
2022-03-04,2,2022,0.5,Low,27.7,16.7,22.2,75.0,3.13,19.86,5.87,5.87,2022-03-04 02:00:00
2022-03-05,2,2022,4.2,Low,28.9,15.5,22.2,70.0,3.08,22.59,6.68,6.68,2022-03-05 02:00:00
2022-03-06,2,2022,0.5,Low,30.1,15.6,22.9,71.0,2.97,21.02,6.28,6.28,2022-03-06 02:00:00
2022-03-07,2,2022,2.3,Low,27.7,17.4,22.6,74.0,2.98,20.17,5.99,5.99,2022-03-07 02:00:00
2022-03-08,2,2022,0.2,Low,29.7,17.0,23.4,68.0,2.67,21.2,6.39,6.39,2022-03-08 02:00:00
2022-03-09,2,2022,0.0,Low,31.1,13.8,22.5,70.0,2.68,21.69,6.43,6.43,2022-03-09 02:00:00
2022-03-10,2,2022,4.0,Low,30.3,15.8,23.0,73.0,2.04,23.41,6.96,6.96,2022-03-10 02:00:00
2022-03-11,2,2022,0.8,Low,28.0,16.5,22.2,73.0,3.19,20.74,6.14,6.14,2022-03-11 02:00:00
2022-03-12,2,2022,0.7,Low,27.9,16.6,22.2,70.0,3.81,21.34,6.35,6.35,2022-03-12 02:00:00
2022-03-13,2,2022,2.5,Low,26.9,16.4,21.6,72.0,2.14,18.37,5.38,5.38,2022-03-13 02:00:00
2022-03-14,2,2022,2.1,Low,30.8,16.9,23.9,68.0,3.48,21.58,6.58,6.58,2022-03-14 02:00:00
2022-03-15,2,2022,5.2,Low,26.9,16.7,21.8,72.0,2.49,21.2,6.22,6.22,2022-03-15 02:00:00
2022-03-16,2,2022,0.0,Low,28.9,16.6,22.8,69.0,3.02,20.71,6.2,6.2,2022-03-16 02:00:00
2022-03-17,2,2022,0.2,Low,32.1,17.5,24.8,75.0,3.1,21.29,6.53,6.53,2022-03-17 02:00:00
2022-03-18,2,2022,1.4,Low,29.6,15.9,22.8,70.0,2.78,21.51,6.42,6.42,2022-03-18 02:00:00
2022-03-19,2,2022,3.1,Low,28.3,16.7,22.5,69.0,3.23,21.95,6.54,6.54,2022-03-19 02:00:00
2022-03-20,2,2022,0.3,Low,28.7,16.1,22.4,70.0,2.37,19.75,5.86,5.86,2022-03-20 02:00:00
2022-03-21,2,2022,0.2,Low,29.8,16.4,23.1,72.0,2.96,21.5,6.44,6.44,2022-03-21 02:00:00
2022-03-22,2,2022,0.0,Low,28.3,16.3,22.3,69.0,3.06,21.69,6.44,6.44,2022-03-22 02:00:00
2022-03-23,2,2022,0.6,Low,28.8,17.7,23.2,70.0,3.53,22.03,6.64,6.64,2022-03-23 02:00:00
2022-03-24,2,2022,1.6,Low,29.0,17.0,23.0,75.0,2.83,21.52,6.42,6.42,2022-03-24 02:00:00
2022-03-25,2,2022,1.4,Low,27.9,15.9,21.9,73.0,3.49,22.79,6.71,6.71,2022-03-25 02:00:00
2022-03-26,2,2022,1.9,Low,30.0,17.0,23.5,73.0,3.15,21.22,6.4,6.4,2022-03-26 02:00:00
2022-03-27,2,2022,1.6,Low,28.9,14.4,21.7,69.0,2.77,22.63,6.63,6.63,2022-03-27 02:00:00
2022-03-28,2,2022,0.6,Low,29.5,17.0,23.2,72.0,3.52,22.5,6.77,6.77,2022-03-28 02:00:00
2022-03-29,2,2022,0.7,Low,29.7,17.1,23.4,70.0,3.12,22.21,6.7,6.7,2022-03-29 02:00:00
2022-03-30,2,2022,5.0,Low,29.2,16.1,22.7,70.0,2.52,22.98,6.83,6.83,2022-03-30 02:00:00
2022-03-31,2,2022,0.0,Low,29.0,16.3,22.7,74.0,3.07,21.62,6.43,6.43,2022-03-31 02:00:00
2022-04-01,2,2022,0.3,Low,30.5,17.1,23.8,69.0,3.08,22.1,6.71,6.71,2022-04-01 02:00:00
2022-04-02,2,2022,1.0,Low,26.9,18.0,22.5,66.0,3.3,24.28,7.23,7.23,2022-04-02 02:00:00
2022-04-03,2,2022,1.2,Low,26.8,17.7,22.3,71.0,2.89,19.18,5.69,5.69,2022-04-03 02:00:00
2022-04-04,2,2022,2.3,Low,31.5,17.0,24.2,69.0,2.46,21.6,6.58,6.58,2022-04-04 02:00:00
2022-04-05,2,2022,2.3,Low,29.2,16.4,22.8,72.0,3.03,21.04,6.28,6.28,2022-04-05 02:00:00
2022-04-06,2,2022,0.1,Low,28.6,16.3,22.4,70.0,3.06,21.34,6.34,6.34,2022-04-06 02:00:00
2022-04-07,2,2022,2.9,Low,28.8,16.6,22.7,71.0,2.87,19.73,5.89,5.89,2022-04-07 02:00:00
2022-04-08,2,2022,1.7,Low,29.5,17.2,23.3,70.0,2.82,21.44,6.45,6.45,2022-04-08 02:00:00
2022-04-09,2,2022,3.2,Low,27.1,17.9,22.5,67.0,2.86,19.97,5.96,5.96,2022-04-09 02:00:00
2022-04-10,2,2022,1.0,Low,31.4,16.7,24.1,72.0,3.02,21.4,6.5,6.5,2022-04-10 02:00:00
2022-04-11,2,2022,0.0,Low,27.7,16.8,22.3,67.0,3.08,22.47,6.67,6.67,2022-04-11 02:00:00
2022-04-12,2,2022,4.6,Low,30.8,16.3,23.6,66.0,2.93,23.39,7.08,7.08,2022-04-12 02:00:00
2022-04-13,2,2022,1.8,Low,29.8,17.0,23.4,69.0,3.7,22.38,6.77,6.77,2022-04-13 02:00:00
2022-04-14,2,2022,0.1,Low,28.6,17.8,23.2,63.0,2.07,22.94,6.89,6.89,2022-04-14 02:00:00
2022-04-15,2,2022,2.9,Low,28.3,16.1,22.2,65.0,3.46,20.74,6.19,6.19,2022-04-15 02:00:00
2022-04-16,2,2022,0.5,Low,30.1,16.1,23.1,71.0,2.62,22.65,6.77,6.77,2022-04-16 02:00:00
2022-04-17,2,2022,1.0,Low,28.6,16.5,22.6,67.0,3.03,20.92,6.25,6.25,2022-04-17 02:00:00
2022-04-18,2,2022,0.1,Low,29.5,18.1,23.8,72.0,2.91,20.03,6.08,6.08,2022-04-18 02:00:00
2022-04-19,2,2022,0.0,Low,30.2,17.8,24.0,74.0,2.26,23.92,7.21,7.21,2022-04-19 02:00:00
2022-04-20,2,2022,6.7,Low,27.3,16.7,22.0,72.0,2.57,21.36,6.28,6.28,2022-04-20 02:00:00
2022-04-21,2,2022,1.5,Low,29.8,16.4,23.1,68.0,2.69,22.83,6.85,6.85,2022-04-21 02:00:00
2022-04-22,2,2022,0.6,Low,29.4,14.9,22.1,64.0,3.06,20.56,6.12,6.12,2022-04-22 02:00:00
2022-04-23,2,2022,0.0,Low,28.2,17.0,22.6,66.0,3.29,20.46,6.14,6.14,2022-04-23 02:00:00
2022-04-24,2,2022,3.6,Low,30.2,17.3,23.7,72.0,2.75,20.65,6.24,6.24,2022-04-24 02:00:00
2022-04-25,2,2022,0.5,Low,29.8,16.0,22.9,66.0,2.92,21.72,6.52,6.52,2022-04-25 02:00:00
2022-04-26,2,2022,0.0,Low,30.0,16.9,23.4,63.0,2.59,22.36,6.76,6.76,2022-04-26 02:00:00
2022-04-27,2,2022,0.5,Low,28.3,16.7,22.5,73.0,2.93,21.2,6.29,6.29,2022-04-27 02:00:00
2022-04-28,2,2022,0.2,Low,29.8,15.3,22.6,69.0,2.68,23.96,7.11,7.11,2022-04-28 02:00:00
2022-04-29,2,2022,0.3,Low,29.6,15.1,22.3,68.0,2.92,23.01,6.82,6.82,2022-04-29 02:00:00
2022-04-30,2,2022,0.8,Low,29.8,16.8,23.3,66.0,2.8,21.71,6.55,6.55,2022-04-30 02:00:00
2022-05-01,2,2022,1.6,Low,29.7,17.5,23.6,68.0,3.14,20.78,6.31,6.31,2022-05-01 02:00:00
2022-05-02,2,2022,1.1,Moderate,31.5,16.5,24.0,64.0,3.82,22.59,6.93,6.93,2022-05-02 02:00:00
2022-05-03,2,2022,0.0,Moderate,30.6,17.2,23.9,66.0,3.04,20.64,6.31,6.31,2022-05-03 02:00:00
2022-05-04,2,2022,3.7,Moderate,30.0,16.7,23.4,68.0,2.9,22.18,6.69,6.69,2022-05-04 02:00:00
2022-05-05,2,2022,2.7,Moderate,29.2,17.5,23.4,70.0,3.43,22.02,6.65,6.65,2022-05-05 02:00:00
2022-05-06,2,2022,1.0,Moderate,32.3,17.6,24.9,67.0,3.25,19.68,6.11,6.11,2022-05-06 02:00:00
2022-05-07,2,2022,0.9,Moderate,30.7,17.1,23.9,66.0,3.07,23.34,7.1,7.1,2022-05-07 02:00:00
2022-05-08,2,2022,2.8,Moderate,28.2,16.5,22.3,71.0,3.01,21.7,6.43,6.43,2022-05-08 02:00:00
2022-05-09,2,2022,0.1,Moderate,29.0,16.5,22.7,63.0,3.3,21.56,6.49,6.49,2022-05-09 02:00:00
2022-05-10,2,2022,1.9,Moderate,31.0,16.8,23.9,68.0,2.82,21.35,6.49,6.49,2022-05-10 02:00:00
2022-05-11,2,2022,1.5,Moderate,29.4,16.8,23.1,71.0,3.26,22.04,6.62,6.62,2022-05-11 02:00:00
2022-05-12,2,2022,0.8,Moderate,29.8,17.0,23.4,70.0,2.95,21.08,6.36,6.36,2022-05-12 02:00:00
2022-05-13,2,2022,0.6,Moderate,29.4,16.7,23.0,71.0,2.98,22.29,6.67,6.67,2022-05-13 02:00:00
2022-05-14,2,2022,0.0,Moderate,30.5,16.8,23.6,69.0,3.36,22.89,6.93,6.93,2022-05-14 02:00:00
2022-05-15,2,2022,2.7,Moderate,31.1,18.4,24.7,70.0,3.31,22.74,6.99,6.99,2022-05-15 02:00:00
2022-05-16,2,2022,0.7,Moderate,29.0,16.8,22.9,66.0,2.64,22.45,6.72,6.72,2022-05-16 02:00:00
2022-05-17,2,2022,2.7,Moderate,29.0,16.3,22.6,66.0,2.5,19.22,5.75,5.75,2022-05-17 02:00:00
2022-05-18,2,2022,1.2,Moderate,28.3,15.8,22.1,72.0,3.38,21.93,6.48,6.48,2022-05-18 02:00:00
2022-05-19,2,2022,0.6,Moderate,29.1,18.5,23.8,67.0,3.29,24.14,7.32,7.32,2022-05-19 02:00:00
2022-05-20,2,2022,0.6,Moderate,30.7,18.0,24.4,65.0,2.78,22.34,6.85,6.85,2022-05-20 02:00:00
2022-05-21,2,2022,2.6,Moderate,31.9,14.9,23.4,63.0,2.94,22.96,6.94,6.94,2022-05-21 02:00:00
2022-05-22,2,2022,2.0,Moderate,31.3,17.2,24.3,60.0,2.27,22.39,6.85,6.85,2022-05-22 02:00:00
2022-05-23,2,2022,0.8,Moderate,30.3,17.9,24.1,65.0,4.2,21.64,6.66,6.66,2022-05-23 02:00:00
2022-05-24,2,2022,0.3,Moderate,30.3,17.2,23.7,67.0,2.55,22.19,6.72,6.72,2022-05-24 02:00:00
2022-05-25,2,2022,0.2,Moderate,30.3,17.6,23.9,70.0,2.92,20.69,6.29,6.29,2022-05-25 02:00:00
2022-05-26,2,2022,0.0,Moderate,28.8,18.2,23.5,68.0,2.65,23.49,7.08,7.08,2022-05-26 02:00:00
2022-05-27,2,2022,0.7,Moderate,30.7,16.3,23.5,72.0,2.57,22.67,6.81,6.81,2022-05-27 02:00:00
2022-05-28,2,2022,0.5,Moderate,27.7,18.3,23.0,70.0,3.19,23.75,7.11,7.11,2022-05-28 02:00:00
2022-05-29,2,2022,1.5,Moderate,29.3,16.2,22.8,70.0,3.07,23.56,7.03,7.03,2022-05-29 02:00:00
2022-05-30,2,2022,0.9,Moderate,31.3,17.7,24.5,65.0,3.54,20.96,6.48,6.48,2022-05-30 02:00:00
2022-05-31,2,2022,0.0,Moderate,29.9,17.9,23.9,68.0,3.74,21.79,6.65,6.65,2022-05-31 02:00:00
2022-06-01,2,2022,0.9,Moderate,30.3,16.9,23.6,60.0,2.75,22.29,6.78,6.78,2022-06-01 02:00:00
2022-06-02,2,2022,0.8,Moderate,30.6,16.3,23.4,70.0,3.34,23.52,7.09,7.09,2022-06-02 02:00:00
2022-06-03,2,2022,2.5,Moderate,30.2,17.7,24.0,63.0,3.04,22.71,6.94,6.94,2022-06-03 02:00:00
2022-06-04,2,2022,3.3,Moderate,30.9,17.0,24.0,67.0,3.07,22.68,6.9,6.9,2022-06-04 02:00:00
2022-06-05,2,2022,0.1,Moderate,31.5,17.6,24.5,70.0,2.93,23.35,7.14,7.14,2022-06-05 02:00:00
2022-06-06,2,2022,1.4,Moderate,29.6,17.4,23.5,70.0,2.84,21.46,6.47,6.47,2022-06-06 02:00:00
2022-06-07,2,2022,3.2,Moderate,28.2,17.2,22.7,65.0,2.8,24.54,7.32,7.32,2022-06-07 02:00:00
2022-06-08,2,2022,0.0,Moderate,29.6,16.2,22.9,67.0,3.26,22.44,6.74,6.74,2022-06-08 02:00:00
2022-06-09,2,2022,1.1,Moderate,30.9,17.6,24.2,73.0,2.97,22.26,6.77,6.77,2022-06-09 02:00:00
2022-06-10,2,2022,1.1,Moderate,30.5,17.2,23.8,68.0,3.03,20.08,6.12,6.12,2022-06-10 02:00:00
2022-06-11,2,2022,1.7,Moderate,30.6,18.1,24.4,71.0,3.0,22.33,6.82,6.82,2022-06-11 02:00:00
2022-06-12,2,2022,6.9,Moderate,29.1,17.0,23.0,67.0,3.13,22.52,6.77,6.77,2022-06-12 02:00:00
2022-06-13,2,2022,1.2,Moderate,30.1,17.1,23.6,76.0,2.36,21.99,6.6,6.6,2022-06-13 02:00:00
2022-06-14,2,2022,1.3,Moderate,30.8,18.8,24.8,68.0,2.87,23.45,7.21,7.21,2022-06-14 02:00:00
2022-06-15,2,2022,0.8,Moderate,28.2,16.1,22.2,67.0,2.47,22.28,6.58,6.58,2022-06-15 02:00:00
2022-06-16,2,2022,4.5,Moderate,30.0,16.6,23.3,66.0,2.65,22.51,6.78,6.78,2022-06-16 02:00:00
2022-06-17,2,2022,1.5,Moderate,29.5,17.3,23.4,65.0,2.61,22.97,6.92,6.92,2022-06-17 02:00:00
2022-06-18,2,2022,10.6,Moderate,29.4,18.5,24.0,67.0,3.89,20.34,6.25,6.25,2022-06-18 02:00:00
2022-06-19,2,2022,0.8,Moderate,30.6,16.3,23.5,68.0,2.61,22.58,6.81,6.81,2022-06-19 02:00:00
2022-06-20,2,2022,0.5,Moderate,30.5,17.4,23.9,62.0,2.4,22.29,6.79,6.79,2022-06-20 02:00:00
2022-06-21,2,2022,0.0,Moderate,31.8,18.7,25.3,76.0,2.59,24.15,7.41,7.41,2022-06-21 02:00:00
2022-06-22,2,2022,2.9,Moderate,31.4,16.6,24.0,64.0,2.87,21.81,6.66,6.66,2022-06-22 02:00:00
2022-06-23,2,2022,0.0,Moderate,32.0,17.2,24.6,68.0,3.33,24.0,7.36,7.36,2022-06-23 02:00:00
2022-06-24,2,2022,0.0,Moderate,28.4,15.9,22.1,65.0,3.02,23.74,7.03,7.03,2022-06-24 02:00:00
2022-06-25,2,2022,0.9,Moderate,30.1,18.5,24.3,61.0,3.52,21.85,6.74,6.74,2022-06-25 02:00:00
2022-06-26,2,2022,0.9,Moderate,29.9,17.0,23.5,66.0,3.4,24.58,7.44,7.44,2022-06-26 02:00:00
2022-06-27,2,2022,0.7,Moderate,28.2,16.7,22.4,65.0,2.96,22.04,6.57,6.57,2022-06-27 02:00:00
2022-06-28,2,2022,0.0,Moderate,30.8,17.3,24.0,68.0,3.94,21.99,6.73,6.73,2022-06-28 02:00:00
2022-06-29,2,2022,2.9,Moderate,31.3,17.8,24.5,69.0,2.8,24.1,7.37,7.37,2022-06-29 02:00:00
2022-06-30,2,2022,0.0,Moderate,31.0,19.0,25.0,69.0,4.14,21.96,6.82,6.82,2022-06-30 02:00:00
2022-07-01,2,2022,3.6,Moderate,29.0,16.7,22.8,67.0,2.69,22.83,6.82,6.82,2022-07-01 02:00:00
2022-07-02,2,2022,0.0,Moderate,31.2,18.9,25.1,73.0,2.4,22.17,6.8,6.8,2022-07-02 02:00:00
2022-07-03,2,2022,3.6,Moderate,30.3,16.5,23.4,69.0,3.11,22.74,6.86,6.86,2022-07-03 02:00:00
2022-07-04,2,2022,1.5,Moderate,33.2,17.3,25.2,66.0,3.08,25.4,7.86,7.86,2022-07-04 02:00:00
2022-07-05,2,2022,1.3,Moderate,29.2,18.0,23.6,67.0,2.89,23.01,6.96,6.96,2022-07-05 02:00:00
2022-07-06,2,2022,0.0,Moderate,29.9,17.4,23.6,64.0,3.0,21.89,6.66,6.66,2022-07-06 02:00:00
2022-07-07,2,2022,4.3,Moderate,30.0,16.4,23.2,69.0,3.92,22.95,6.93,6.93,2022-07-07 02:00:00
2022-07-08,2,2022,0.0,Moderate,31.6,17.0,24.3,63.0,2.3,20.58,6.3,6.3,2022-07-08 02:00:00
2022-07-09,2,2022,0.0,Moderate,31.7,16.4,24.0,69.0,2.93,21.29,6.48,6.48,2022-07-09 02:00:00
2022-07-10,2,2022,2.8,Moderate,31.4,19.0,25.2,68.0,3.48,21.91,6.81,6.81,2022-07-10 02:00:00
2022-07-11,2,2022,0.0,Moderate,32.9,18.1,25.5,67.0,2.87,21.61,6.72,6.72,2022-07-11 02:00:00
2022-07-12,2,2022,0.5,Moderate,31.5,15.3,23.4,61.0,2.94,23.89,7.23,7.23,2022-07-12 02:00:00
2022-07-13,2,2022,4.8,Moderate,28.6,18.8,23.7,67.0,3.02,23.63,7.16,7.16,2022-07-13 02:00:00
2022-07-14,2,2022,0.0,Moderate,29.3,16.3,22.8,71.0,3.55,22.79,6.81,6.81,2022-07-14 02:00:00
2022-07-15,2,2022,0.7,Moderate,28.0,18.1,23.1,71.0,2.96,23.02,6.89,6.89,2022-07-15 02:00:00
2022-07-16,2,2022,0.0,Moderate,31.0,16.5,23.8,69.0,2.83,21.91,6.64,6.64,2022-07-16 02:00:00
2022-07-17,2,2022,0.8,Moderate,28.9,17.6,23.3,60.0,3.33,22.24,6.76,6.76,2022-07-17 02:00:00
2022-07-18,2,2022,1.6,Moderate,30.7,17.5,24.1,68.0,2.36,21.12,6.42,6.42,2022-07-18 02:00:00
2022-07-19,2,2022,0.3,Moderate,29.9,17.4,23.7,64.0,2.54,23.77,7.19,7.19,2022-07-19 02:00:00
2022-07-20,2,2022,0.2,Moderate,30.8,17.3,24.0,65.0,3.48,22.95,7.02,7.02,2022-07-20 02:00:00
2022-07-21,2,2022,0.0,Moderate,30.6,18.3,24.4,67.0,2.82,22.58,6.91,6.91,2022-07-21 02:00:00
2022-07-22,2,2022,1.5,Moderate,29.6,18.3,23.9,65.0,3.07,20.81,6.36,6.36,2022-07-22 02:00:00
2022-07-23,2,2022,0.4,Moderate,30.5,18.9,24.7,65.0,2.73,26.05,7.99,7.99,2022-07-23 02:00:00
2022-07-24,2,2022,0.3,Moderate,31.0,17.7,24.3,65.0,3.04,23.14,7.09,7.09,2022-07-24 02:00:00
2022-07-25,2,2022,0.0,Moderate,28.9,16.6,22.7,63.0,2.75,22.31,6.68,6.68,2022-07-25 02:00:00
2022-07-26,2,2022,1.5,Moderate,30.4,17.7,24.0,68.0,3.06,22.53,6.86,6.86,2022-07-26 02:00:00
2022-07-27,2,2022,1.2,Moderate,32.9,17.6,25.3,71.0,3.06,23.51,7.26,7.26,2022-07-27 02:00:00
2022-07-28,2,2022,1.3,Moderate,30.6,16.8,23.7,66.0,3.24,22.48,6.83,6.83,2022-07-28 02:00:00
2022-07-29,2,2022,3.2,Moderate,30.6,17.6,24.1,67.0,3.43,21.68,6.64,6.64,2022-07-29 02:00:00
2022-07-30,2,2022,0.0,Moderate,29.9,17.4,23.6,67.0,2.96,23.35,7.07,7.07,2022-07-30 02:00:00
2022-07-31,2,2022,0.0,Moderate,29.7,17.1,23.4,59.0,2.54,23.19,7.02,7.02,2022-07-31 02:00:00
2022-08-01,2,2022,0.0,Moderate,30.9,17.4,24.1,67.0,2.92,23.51,7.16,7.16,2022-08-01 02:00:00
2022-08-02,2,2022,0.6,Moderate,31.2,16.8,24.0,63.0,3.46,21.73,6.67,6.67,2022-08-02 02:00:00
2022-08-03,2,2022,0.8,Moderate,33.2,16.7,24.9,63.0,2.94,21.84,6.77,6.77,2022-08-03 02:00:00
2022-08-04,2,2022,5.1,Moderate,30.3,16.2,23.2,63.0,3.07,24.71,7.45,7.45,2022-08-04 02:00:00
2022-08-05,2,2022,4.2,Moderate,30.7,18.1,24.4,71.0,3.77,22.65,6.95,6.95,2022-08-05 02:00:00
2022-08-06,2,2022,1.7,Moderate,30.6,18.1,24.4,69.0,3.72,22.72,6.97,6.97,2022-08-06 02:00:00
2022-08-07,2,2022,0.0,Moderate,28.7,17.3,23.0,68.0,3.28,24.12,7.23,7.23,2022-08-07 02:00:00
2022-08-08,2,2022,0.3,Moderate,30.0,17.9,24.0,66.0,3.24,23.22,7.08,7.08,2022-08-08 02:00:00
2022-08-09,2,2022,0.0,Moderate,30.9,17.9,24.4,67.0,2.75,24.02,7.34,7.34,2022-08-09 02:00:00
2022-08-10,2,2022,0.8,Moderate,31.1,16.6,23.8,64.0,3.03,22.07,6.73,6.73,2022-08-10 02:00:00
2022-08-11,2,2022,4.9,Moderate,32.3,17.0,24.6,64.0,3.41,22.28,6.89,6.89,2022-08-11 02:00:00
2022-08-12,2,2022,0.0,Moderate,31.6,17.1,24.3,61.0,3.78,22.69,7.01,7.01,2022-08-12 02:00:00
2022-08-13,2,2022,11.1,Moderate,32.1,18.6,25.4,64.0,2.73,23.94,7.43,7.43,2022-08-13 02:00:00
2022-08-14,2,2022,0.0,Moderate,30.0,17.2,23.6,67.0,2.91,22.42,6.78,6.78,2022-08-14 02:00:00
2022-08-15,2,2022,1.6,Moderate,31.0,16.8,23.9,67.0,2.87,22.11,6.72,6.72,2022-08-15 02:00:00
2022-08-16,2,2022,2.1,Moderate,29.2,18.3,23.8,65.0,3.06,23.06,7.02,7.02,2022-08-16 02:00:00
2022-08-17,2,2022,0.6,Moderate,29.0,17.8,23.4,60.0,2.81,23.98,7.26,7.26,2022-08-17 02:00:00
2022-08-18,2,2022,1.3,Moderate,30.8,16.4,23.6,67.0,2.9,24.07,7.27,7.27,2022-08-18 02:00:00
2022-08-19,2,2022,0.0,Moderate,33.1,16.3,24.7,66.0,2.79,23.62,7.26,7.26,2022-08-19 02:00:00
2022-08-20,2,2022,6.1,Moderate,32.3,16.1,24.2,59.0,3.58,25.38,7.8,7.8,2022-08-20 02:00:00
2022-08-21,2,2022,0.2,Moderate,31.3,17.0,24.2,63.0,3.34,23.05,7.07,7.07,2022-08-21 02:00:00
2022-08-22,2,2022,1.8,Moderate,31.6,16.0,23.8,69.0,3.09,22.9,6.94,6.94,2022-08-22 02:00:00
2022-08-23,2,2022,0.6,Moderate,30.6,18.3,24.4,61.0,2.51,22.87,7.02,7.02,2022-08-23 02:00:00
2022-08-24,2,2022,0.9,Moderate,31.5,18.2,24.9,65.0,3.57,24.18,7.47,7.47,2022-08-24 02:00:00
2022-08-25,2,2022,0.3,Moderate,31.4,17.7,24.6,67.0,2.11,23.19,7.08,7.08,2022-08-25 02:00:00
2022-08-26,2,2022,0.0,Moderate,31.7,17.4,24.6,66.0,2.86,21.9,6.73,6.73,2022-08-26 02:00:00
2022-08-27,2,2022,0.1,Moderate,30.9,16.5,23.7,64.0,2.95,22.4,6.81,6.81,2022-08-27 02:00:00
2022-08-28,2,2022,0.0,Moderate,31.3,18.3,24.8,65.0,3.03,24.72,7.6,7.6,2022-08-28 02:00:00
2022-08-29,2,2022,1.0,Moderate,31.7,17.4,24.5,68.0,2.46,22.69,6.94,6.94,2022-08-29 02:00:00
2022-08-30,2,2022,0.8,High,31.1,16.4,23.8,60.0,2.52,23.44,7.13,7.13,2022-08-30 02:00:00
2022-08-31,2,2022,6.8,High,32.0,16.5,24.3,59.0,2.6,23.81,7.3,7.3,2022-08-31 02:00:00
2022-09-01,2,2022,1.2,High,31.3,18.4,24.8,69.0,3.41,24.69,7.59,7.59,2022-09-01 02:00:00
2022-09-02,2,2022,0.0,High,33.3,17.1,25.2,65.0,2.52,22.9,7.09,7.09,2022-09-02 02:00:00
2022-09-03,2,2022,0.0,High,30.5,17.3,23.9,71.0,2.36,22.73,6.87,6.87,2022-09-03 02:00:00
2022-09-04,2,2022,0.0,High,30.0,17.5,23.7,61.0,2.59,23.32,7.08,7.08,2022-09-04 02:00:00
2022-09-05,2,2022,0.0,High,29.0,16.6,22.8,66.0,2.93,24.5,7.32,7.32,2022-09-05 02:00:00
2022-09-06,2,2022,3.0,High,31.2,16.4,23.8,61.0,3.35,22.84,6.99,6.99,2022-09-06 02:00:00
2022-09-07,2,2022,0.3,High,32.8,17.3,25.1,63.0,3.24,22.46,6.98,6.98,2022-09-07 02:00:00
2022-09-08,2,2022,0.3,High,30.1,18.2,24.2,63.0,3.48,22.77,6.99,6.99,2022-09-08 02:00:00
2022-09-09,2,2022,3.4,High,31.7,17.8,24.8,61.0,2.91,23.15,7.15,7.15,2022-09-09 02:00:00
2022-09-10,2,2022,7.3,High,30.8,19.0,24.9,67.0,3.04,23.68,7.3,7.3,2022-09-10 02:00:00
2022-09-11,2,2022,0.0,High,30.6,19.4,25.0,63.0,2.52,21.76,6.73,6.73,2022-09-11 02:00:00
2022-09-12,2,2022,0.1,High,33.0,18.5,25.8,64.0,2.71,22.95,7.17,7.17,2022-09-12 02:00:00
2022-09-13,2,2022,2.3,High,32.5,18.2,25.3,71.0,3.62,23.44,7.27,7.27,2022-09-13 02:00:00
2022-09-14,2,2022,0.0,High,31.4,19.0,25.2,65.0,2.72,23.35,7.22,7.22,2022-09-14 02:00:00
2022-09-15,2,2022,0.0,High,32.3,17.8,25.1,61.0,3.13,22.69,7.05,7.05,2022-09-15 02:00:00
2022-09-16,2,2022,0.3,High,29.6,18.1,23.9,57.0,2.73,23.64,7.22,7.22,2022-09-16 02:00:00
2022-09-17,2,2022,2.6,High,31.8,16.8,24.3,68.0,3.36,23.86,7.3,7.3,2022-09-17 02:00:00
2022-09-18,2,2022,3.3,High,30.5,16.7,23.6,67.0,3.27,24.45,7.4,7.4,2022-09-18 02:00:00
2022-09-19,2,2022,0.9,High,33.0,18.2,25.6,59.0,2.85,23.85,7.46,7.46,2022-09-19 02:00:00
2022-09-20,2,2022,0.0,High,30.1,17.7,23.9,63.0,4.37,24.96,7.66,7.66,2022-09-20 02:00:00
2022-09-21,2,2022,3.0,High,31.7,17.6,24.7,60.0,3.34,23.16,7.17,7.17,2022-09-21 02:00:00
2022-09-22,2,2022,2.6,High,33.4,16.9,25.2,63.0,2.5,23.95,7.41,7.41,2022-09-22 02:00:00
2022-09-23,2,2022,0.0,High,33.1,17.6,25.4,60.0,3.48,25.67,8.01,8.01,2022-09-23 02:00:00
2022-09-24,2,2022,0.0,High,32.8,19.4,26.1,58.0,2.78,22.31,7.04,7.04,2022-09-24 02:00:00
2022-09-25,2,2022,0.0,High,31.2,19.2,25.2,62.0,3.21,24.93,7.73,7.73,2022-09-25 02:00:00
2022-09-26,2,2022,0.8,High,33.4,17.7,25.5,64.0,2.75,24.43,7.6,7.6,2022-09-26 02:00:00
2022-09-27,2,2022,1.7,High,31.0,18.7,24.9,59.0,2.35,24.15,7.45,7.45,2022-09-27 02:00:00
2022-09-28,2,2022,5.8,High,31.8,18.8,25.3,68.0,3.35,23.04,7.15,7.15,2022-09-28 02:00:00
2022-09-29,2,2022,7.8,High,33.4,18.0,25.7,66.0,2.56,24.13,7.5,7.5,2022-09-29 02:00:00
2022-09-30,2,2022,0.0,High,32.0,17.6,24.8,60.0,3.23,23.01,7.14,7.14,2022-09-30 02:00:00
2022-10-01,2,2022,0.3,High,32.1,17.0,24.5,58.0,2.56,24.99,7.68,7.68,2022-10-01 02:00:00
2022-10-02,2,2022,0.6,High,32.9,17.4,25.2,64.0,3.17,22.89,7.11,7.11,2022-10-02 02:00:00
2022-10-03,2,2022,0.0,High,30.5,17.5,24.0,62.0,3.1,22.65,6.93,6.93,2022-10-03 02:00:00
2022-10-04,2,2022,2.9,High,30.6,16.8,23.7,65.0,3.01,23.83,7.23,7.23,2022-10-04 02:00:00
2022-10-05,2,2022,0.0,High,31.7,17.9,24.8,57.0,2.98,26.28,8.12,8.12,2022-10-05 02:00:00
2022-10-06,2,2022,0.7,High,30.9,18.4,24.7,65.0,3.03,24.41,7.51,7.51,2022-10-06 02:00:00
2022-10-07,2,2022,0.0,High,28.9,17.4,23.1,66.0,2.22,22.52,6.75,6.75,2022-10-07 02:00:00
2022-10-08,2,2022,0.0,High,33.6,17.3,25.4,65.0,2.44,22.23,6.9,6.9,2022-10-08 02:00:00
2022-10-09,2,2022,0.0,High,31.4,18.5,24.9,58.0,3.11,23.8,7.39,7.39,2022-10-09 02:00:00
2022-10-10,2,2022,0.0,High,30.2,17.8,24.0,60.0,2.67,23.18,7.08,7.08,2022-10-10 02:00:00
2022-10-11,2,2022,0.0,High,33.7,18.4,26.1,63.0,3.42,23.76,7.48,7.48,2022-10-11 02:00:00
2022-10-12,2,2022,1.1,High,32.4,18.0,25.2,65.0,3.33,22.76,7.07,7.07,2022-10-12 02:00:00
2022-10-13,2,2022,0.4,High,31.5,18.4,24.9,65.0,2.67,22.93,7.08,7.08,2022-10-13 02:00:00
2022-10-14,2,2022,0.0,High,30.2,17.7,24.0,62.0,2.79,25.16,7.66,7.66,2022-10-14 02:00:00
2022-10-15,2,2022,3.1,High,32.7,17.0,24.9,56.0,2.86,25.54,7.91,7.91,2022-10-15 02:00:00
2022-10-16,2,2022,0.0,High,33.0,18.4,25.7,66.0,3.06,23.06,7.2,7.2,2022-10-16 02:00:00
2022-10-17,2,2022,1.9,High,30.5,17.9,24.2,58.0,3.36,23.32,7.19,7.19,2022-10-17 02:00:00
2022-10-18,2,2022,0.8,High,31.8,18.1,24.9,65.0,2.42,22.95,7.07,7.07,2022-10-18 02:00:00
2022-10-19,2,2022,0.4,High,34.8,18.6,26.7,66.0,2.76,23.59,7.45,7.45,2022-10-19 02:00:00
2022-10-20,2,2022,1.1,High,30.1,17.9,24.0,68.0,2.9,23.39,7.11,7.11,2022-10-20 02:00:00
2022-10-21,2,2022,1.3,High,32.7,18.1,25.4,63.0,3.16,24.85,7.73,7.73,2022-10-21 02:00:00
2022-10-22,2,2022,0.0,High,32.0,18.2,25.1,59.0,3.18,24.56,7.63,7.63,2022-10-22 02:00:00
2022-10-23,2,2022,2.1,High,31.3,17.5,24.4,57.0,2.9,24.02,7.4,7.4,2022-10-23 02:00:00
2022-10-24,2,2022,0.4,High,31.5,17.7,24.6,58.0,3.0,25.4,7.83,7.83,2022-10-24 02:00:00
2022-10-25,2,2022,0.0,High,33.1,17.2,25.1,56.0,2.52,24.24,7.53,7.53,2022-10-25 02:00:00
2022-10-26,2,2022,0.0,High,33.3,18.4,25.8,63.0,3.04,24.32,7.61,7.61,2022-10-26 02:00:00
2022-10-27,2,2022,0.1,High,33.1,18.0,25.5,61.0,2.63,24.61,7.66,7.66,2022-10-27 02:00:00
2022-10-28,2,2022,2.2,High,30.1,16.9,23.5,56.0,3.13,23.23,7.09,7.09,2022-10-28 02:00:00
2022-10-29,2,2022,0.6,High,32.7,18.0,25.4,58.0,2.68,25.45,7.91,7.91,2022-10-29 02:00:00
2022-10-30,2,2022,0.1,High,32.1,18.2,25.1,61.0,2.95,25.04,7.76,7.76,2022-10-30 02:00:00
2022-10-31,2,2022,2.4,High,32.0,17.8,24.9,62.0,3.66,23.93,7.43,7.43,2022-10-31 02:00:00
2022-11-01,2,2022,1.0,High,32.3,18.1,25.2,64.0,2.34,23.25,7.19,7.19,2022-11-01 02:00:00
2022-11-02,2,2022,1.1,High,32.0,18.2,25.1,64.0,2.65,25.25,7.8,7.8,2022-11-02 02:00:00
2022-11-03,2,2022,1.3,High,32.4,16.8,24.6,59.0,3.33,23.88,7.38,7.38,2022-11-03 02:00:00
2022-11-04,2,2022,0.5,High,30.7,19.3,25.0,59.0,3.05,24.39,7.58,7.58,2022-11-04 02:00:00
2022-11-05,2,2022,1.4,High,32.2,16.1,24.1,61.0,3.17,23.83,7.3,7.3,2022-11-05 02:00:00
2022-11-06,2,2022,4.7,High,32.8,17.4,25.1,67.0,3.35,24.77,7.66,7.66,2022-11-06 02:00:00
2022-11-07,2,2022,0.0,High,30.8,19.2,25.0,62.0,2.87,24.18,7.48,7.48,2022-11-07 02:00:00
2022-11-08,2,2022,8.9,High,32.8,17.9,25.4,61.0,3.4,23.43,7.32,7.32,2022-11-08 02:00:00
2022-11-09,2,2022,0.3,High,33.9,17.0,25.4,60.0,3.09,25.31,7.89,7.89,2022-11-09 02:00:00
2022-11-10,2,2022,0.1,High,32.6,17.1,24.8,54.0,2.49,22.8,7.07,7.07,2022-11-10 02:00:00
2022-11-11,2,2022,1.7,High,32.5,18.7,25.6,58.0,2.82,24.64,7.7,7.7,2022-11-11 02:00:00
2022-11-12,2,2022,0.1,High,33.2,18.0,25.6,59.0,3.25,24.59,7.7,7.7,2022-11-12 02:00:00
2022-11-13,2,2022,0.8,High,32.7,18.2,25.4,65.0,3.57,24.97,7.78,7.78,2022-11-13 02:00:00
2022-11-14,2,2022,0.1,High,35.1,17.8,26.4,59.0,2.78,25.29,7.98,7.98,2022-11-14 02:00:00
2022-11-15,2,2022,5.2,High,34.9,17.9,26.4,56.0,3.05,25.37,8.03,8.03,2022-11-15 02:00:00
2022-11-16,2,2022,2.4,High,33.4,18.3,25.9,63.0,3.32,23.4,7.34,7.34,2022-11-16 02:00:00
2022-11-17,2,2022,0.1,High,34.5,17.7,26.1,58.0,3.4,25.25,7.97,7.97,2022-11-17 02:00:00
2022-11-18,2,2022,0.0,High,32.5,18.5,25.5,66.0,3.96,25.41,7.93,7.93,2022-11-18 02:00:00
2022-11-19,2,2022,1.3,High,32.5,18.8,25.6,61.0,3.31,25.06,7.84,7.84,2022-11-19 02:00:00
2022-11-20,2,2022,1.1,High,32.0,18.4,25.2,61.0,2.75,23.89,7.41,7.41,2022-11-20 02:00:00
2022-11-21,2,2022,0.0,High,32.9,18.6,25.7,62.0,3.25,24.25,7.59,7.59,2022-11-21 02:00:00
2022-11-22,2,2022,0.0,High,31.0,18.9,25.0,62.0,2.89,23.37,7.23,7.23,2022-11-22 02:00:00
2022-11-23,2,2022,3.4,High,31.4,18.5,25.0,64.0,3.58,25.39,7.86,7.86,2022-11-23 02:00:00
2022-11-24,2,2022,6.5,High,33.4,18.4,25.9,58.0,3.07,22.99,7.24,7.24,2022-11-24 02:00:00
2022-11-25,2,2022,0.0,High,33.8,17.8,25.8,61.0,3.34,24.89,7.8,7.8,2022-11-25 02:00:00
2022-11-26,2,2022,1.4,High,31.2,16.4,23.8,60.0,2.56,23.81,7.24,7.24,2022-11-26 02:00:00
2022-11-27,2,2022,0.3,High,31.7,18.7,25.2,64.0,2.31,24.38,7.52,7.52,2022-11-27 02:00:00
2022-11-28,2,2022,0.5,High,32.2,17.9,25.1,60.0,2.6,24.67,7.63,7.63,2022-11-28 02:00:00
2022-11-29,2,2022,0.5,High,32.0,18.8,25.4,63.0,3.04,23.43,7.29,7.29,2022-11-29 02:00:00
2022-11-30,2,2022,0.0,High,31.7,19.2,25.5,62.0,2.78,21.41,6.69,6.69,2022-11-30 02:00:00
2022-12-01,2,2022,1.5,High,32.3,18.2,25.2,57.0,2.33,23.46,7.29,7.29,2022-12-01 02:00:00
2022-12-02,2,2022,2.2,High,31.5,19.2,25.4,59.0,3.25,24.57,7.67,7.67,2022-12-02 02:00:00
2022-12-03,2,2022,0.0,High,34.1,17.5,25.8,60.0,3.11,25.15,7.88,7.88,2022-12-03 02:00:00
2022-12-04,2,2022,0.0,High,31.3,18.4,24.8,58.0,3.05,26.02,8.05,8.05,2022-12-04 02:00:00
2022-12-05,2,2022,0.0,High,32.3,16.9,24.6,61.0,2.91,24.83,7.63,7.63,2022-12-05 02:00:00
2022-12-06,2,2022,0.5,High,32.8,16.7,24.7,58.0,3.13,23.3,7.22,7.22,2022-12-06 02:00:00
2022-12-07,2,2022,0.5,High,30.5,18.7,24.6,62.0,2.75,24.12,7.41,7.41,2022-12-07 02:00:00
2022-12-08,2,2022,0.0,High,34.1,18.9,26.5,61.0,3.12,24.65,7.79,7.79,2022-12-08 02:00:00
2022-12-09,2,2022,0.0,High,32.5,18.7,25.6,62.0,2.91,23.28,7.27,7.27,2022-12-09 02:00:00
2022-12-10,2,2022,0.1,High,32.7,17.4,25.0,62.0,2.66,24.78,7.66,7.66,2022-12-10 02:00:00
2022-12-11,2,2022,0.2,High,31.4,19.3,25.3,61.0,2.92,23.81,7.41,7.41,2022-12-11 02:00:00
2022-12-12,2,2022,0.0,High,33.2,17.9,25.6,62.0,2.05,25.14,7.79,7.79,2022-12-12 02:00:00
2022-12-13,2,2022,5.0,High,34.1,18.7,26.4,57.0,3.09,23.71,7.52,7.52,2022-12-13 02:00:00
2022-12-14,2,2022,0.3,High,33.5,19.6,26.5,57.0,3.53,24.59,7.83,7.83,2022-12-14 02:00:00
2022-12-15,2,2022,1.1,High,32.8,17.1,25.0,63.0,2.87,25.31,7.81,7.81,2022-12-15 02:00:00
2022-12-16,2,2022,8.5,High,33.7,17.7,25.7,56.0,2.68,25.73,8.05,8.05,2022-12-16 02:00:00
2022-12-17,2,2022,0.0,High,33.0,18.0,25.5,61.0,2.42,24.62,7.65,7.65,2022-12-17 02:00:00
2022-12-18,2,2022,2.9,High,32.0,18.2,25.1,61.0,2.57,24.56,7.59,7.59,2022-12-18 02:00:00
2022-12-19,2,2022,0.0,High,31.9,17.4,24.7,59.0,2.46,25.93,7.96,7.96,2022-12-19 02:00:00
2022-12-20,2,2022,0.0,High,32.0,18.2,25.1,58.0,1.95,24.42,7.54,7.54,2022-12-20 02:00:00
2022-12-21,2,2022,0.8,High,33.8,20.0,26.9,59.0,2.06,24.75,7.82,7.82,2022-12-21 02:00:00
2022-12-22,2,2022,1.9,High,33.4,18.5,26.0,61.0,3.25,23.62,7.43,7.43,2022-12-22 02:00:00
2022-12-23,2,2022,1.5,High,35.0,20.1,27.5,55.0,3.39,24.09,7.78,7.78,2022-12-23 02:00:00
2022-12-24,2,2022,1.3,High,31.9,19.2,25.5,60.0,3.13,24.94,7.79,7.79,2022-12-24 02:00:00
2022-12-25,2,2022,0.7,High,32.6,18.7,25.6,63.0,2.06,27.46,8.5,8.5,2022-12-25 02:00:00
2022-12-26,2,2022,6.2,High,32.5,20.2,26.4,56.0,3.21,23.85,7.57,7.57,2022-12-26 02:00:00
2022-12-27,2,2022,0.3,High,34.7,18.9,26.8,62.0,3.43,24.16,7.68,7.68,2022-12-27 02:00:00
2022-12-28,2,2022,0.4,High,32.6,18.3,25.4,60.0,1.9,23.15,7.18,7.18,2022-12-28 02:00:00
2022-12-29,2,2022,0.0,High,33.8,16.6,25.2,60.0,3.23,25.76,8.0,8.0,2022-12-29 02:00:00
2022-12-30,2,2022,5.7,High,32.5,17.3,24.9,57.0,3.25,24.25,7.53,7.53,2022-12-30 02:00:00
2022-12-31,2,2022,1.2,High,31.9,18.3,25.1,59.0,2.6,23.68,7.34,7.34,2022-12-31 02:00:00
2020-01-02,3,2020,2.1,Low,28.8,15.4,22.1,72.0,3.33,20.98,6.21,6.21,2020-01-02 02:00:00
2020-01-03,3,2020,0.1,Low,28.2,16.1,22.1,71.0,3.88,20.46,6.08,6.08,2020-01-03 02:00:00
2020-01-04,3,2020,5.1,Low,29.6,15.1,22.4,68.0,3.06,17.92,5.36,5.36,2020-01-04 02:00:00
2020-01-05,3,2020,3.5,Low,28.3,16.0,22.1,69.0,2.88,19.21,5.7,5.7,2020-01-05 02:00:00
2020-01-06,3,2020,1.3,Low,27.0,15.2,21.1,77.0,2.68,21.06,6.09,6.09,2020-01-06 02:00:00
2020-01-07,3,2020,3.7,Low,27.0,15.1,21.1,75.0,3.4,20.86,6.05,6.05,2020-01-07 02:00:00
2020-01-08,3,2020,0.3,Low,27.4,14.3,20.9,74.0,3.72,19.84,5.76,5.76,2020-01-08 02:00:00
2020-01-09,3,2020,1.8,Low,29.9,17.2,23.5,73.0,3.37,21.34,6.44,6.44,2020-01-09 02:00:00
2020-01-10,3,2020,1.0,Low,30.3,15.9,23.1,71.0,3.3,20.16,6.06,6.06,2020-01-10 02:00:00
2020-01-11,3,2020,1.6,Low,28.4,17.0,22.7,72.0,2.53,19.27,5.74,5.74,2020-01-11 02:00:00
2020-01-12,3,2020,1.6,Low,30.2,16.2,23.2,73.0,2.53,20.68,6.2,6.2,2020-01-12 02:00:00
2020-01-13,3,2020,0.1,Low,29.4,15.6,22.5,72.0,3.44,21.13,6.29,6.29,2020-01-13 02:00:00
2020-01-14,3,2020,0.8,Low,28.9,16.9,22.9,74.0,3.62,19.62,5.88,5.88,2020-01-14 02:00:00
2020-01-15,3,2020,4.8,Low,28.8,15.6,22.2,71.0,3.13,22.92,6.77,6.77,2020-01-15 02:00:00
2020-01-16,3,2020,4.5,Low,29.5,15.7,22.6,73.0,3.31,19.82,5.91,5.91,2020-01-16 02:00:00
2020-01-17,3,2020,3.1,Low,27.1,16.3,21.7,79.0,2.45,20.24,5.9,5.9,2020-01-17 02:00:00
2020-01-18,3,2020,5.5,Low,27.2,15.2,21.2,71.0,2.53,20.04,5.83,5.83,2020-01-18 02:00:00
2020-01-19,3,2020,1.3,Low,28.2,16.9,22.6,74.0,2.76,21.83,6.47,6.47,2020-01-19 02:00:00
2020-01-20,3,2020,2.0,Low,29.2,17.7,23.4,68.0,3.54,20.93,6.35,6.35,2020-01-20 02:00:00
2020-01-21,3,2020,0.4,Low,28.0,15.5,21.7,71.0,3.34,21.5,6.33,6.33,2020-01-21 02:00:00
2020-01-22,3,2020,3.8,Low,28.4,15.2,21.8,70.0,2.73,20.08,5.91,5.91,2020-01-22 02:00:00
2020-01-23,3,2020,3.1,Low,27.1,16.5,21.8,77.0,3.18,21.69,6.34,6.34,2020-01-23 02:00:00
2020-01-24,3,2020,0.0,Low,27.4,15.2,21.3,72.0,2.89,22.17,6.45,6.45,2020-01-24 02:00:00
2020-01-25,3,2020,1.3,Low,27.2,16.1,21.7,68.0,2.87,19.18,5.65,5.65,2020-01-25 02:00:00
2020-01-26,3,2020,7.7,Low,26.5,16.6,21.5,74.0,2.75,23.06,6.71,6.71,2020-01-26 02:00:00
2020-01-27,3,2020,0.2,Low,29.6,15.3,22.4,71.0,3.05,20.45,6.08,6.08,2020-01-27 02:00:00
2020-01-28,3,2020,1.7,Low,27.6,17.6,22.6,72.0,2.07,21.61,6.4,6.4,2020-01-28 02:00:00
2020-01-29,3,2020,1.5,Low,27.6,15.1,21.3,69.0,2.72,20.97,6.12,6.12,2020-01-29 02:00:00
2020-01-30,3,2020,0.9,Low,28.3,16.5,22.4,70.0,2.91,21.6,6.41,6.41,2020-01-30 02:00:00
2020-01-31,3,2020,6.9,Low,27.2,15.1,21.1,70.0,3.49,19.49,5.7,5.7,2020-01-31 02:00:00
2020-02-01,3,2020,1.4,Low,26.9,17.1,22.0,66.0,3.06,21.26,6.3,6.3,2020-02-01 02:00:00
2020-02-02,3,2020,1.0,Low,27.5,15.6,21.6,69.0,3.43,20.87,6.14,6.14,2020-02-02 02:00:00
2020-02-03,3,2020,3.4,Low,28.9,15.5,22.2,72.0,2.68,20.85,6.16,6.16,2020-02-03 02:00:00
2020-02-04,3,2020,0.0,Low,29.9,16.9,23.4,71.0,3.22,20.78,6.27,6.27,2020-02-04 02:00:00
2020-02-05,3,2020,0.0,Low,27.9,16.6,22.3,70.0,2.8,20.23,6.0,6.0,2020-02-05 02:00:00
2020-02-06,3,2020,1.1,Low,28.9,17.9,23.4,73.0,3.42,20.55,6.2,6.2,2020-02-06 02:00:00
2020-02-07,3,2020,1.6,Low,26.8,17.2,22.0,73.0,2.67,21.03,6.19,6.19,2020-02-07 02:00:00
2020-02-08,3,2020,0.0,Low,27.5,15.7,21.6,73.0,2.84,23.1,6.74,6.74,2020-02-08 02:00:00
2020-02-09,3,2020,4.0,Low,29.0,17.2,23.1,70.0,2.82,22.31,6.69,6.69,2020-02-09 02:00:00
2020-02-10,3,2020,0.0,Low,28.4,16.3,22.4,74.0,3.46,19.83,5.89,5.89,2020-02-10 02:00:00
2020-02-11,3,2020,0.6,Low,28.5,15.9,22.2,72.0,2.93,20.11,5.95,5.95,2020-02-11 02:00:00
2020-02-12,3,2020,0.1,Low,29.6,16.6,23.1,67.0,3.02,21.94,6.6,6.6,2020-02-12 02:00:00
2020-02-13,3,2020,0.8,Low,28.1,15.8,21.9,73.0,3.26,21.19,6.24,6.24,2020-02-13 02:00:00
2020-02-14,3,2020,6.1,Low,28.2,16.8,22.5,71.0,2.56,22.25,6.59,6.59,2020-02-14 02:00:00
2020-02-15,3,2020,1.6,Low,29.2,16.2,22.7,75.0,3.13,21.27,6.32,6.32,2020-02-15 02:00:00
2020-02-16,3,2020,0.4,Low,27.3,16.3,21.8,71.0,3.63,20.03,5.92,5.92,2020-02-16 02:00:00
2020-02-17,3,2020,0.0,Low,26.0,16.5,21.2,71.0,3.14,21.44,6.25,6.25,2020-02-17 02:00:00
2020-02-18,3,2020,1.2,Low,30.1,15.9,23.0,73.0,3.42,23.26,6.96,6.96,2020-02-18 02:00:00
2020-02-19,3,2020,1.5,Low,27.7,15.4,21.6,79.0,3.04,22.27,6.48,6.48,2020-02-19 02:00:00
2020-02-20,3,2020,4.6,Low,30.4,16.2,23.3,69.0,3.81,20.81,6.3,6.3,2020-02-20 02:00:00
2020-02-21,3,2020,3.0,Low,28.4,16.8,22.6,71.0,2.92,21.46,6.39,6.39,2020-02-21 02:00:00
2020-02-22,3,2020,0.0,Low,29.9,16.0,22.9,69.0,3.09,21.85,6.55,6.55,2020-02-22 02:00:00
2020-02-23,3,2020,0.1,Low,31.4,15.9,23.6,70.0,2.21,19.87,6.0,6.0,2020-02-23 02:00:00
2020-02-24,3,2020,1.0,Low,28.3,15.8,22.0,67.0,3.13,21.08,6.25,6.25,2020-02-24 02:00:00
2020-02-25,3,2020,0.1,Low,28.7,18.9,23.8,71.0,1.97,22.75,6.85,6.85,2020-02-25 02:00:00
2020-02-26,3,2020,7.2,Low,28.2,16.6,22.4,71.0,2.73,20.48,6.07,6.07,2020-02-26 02:00:00
2020-02-27,3,2020,0.1,Low,29.1,16.4,22.7,75.0,2.57,20.17,5.99,5.99,2020-02-27 02:00:00
2020-02-28,3,2020,0.0,Low,27.9,16.8,22.3,73.0,3.14,22.41,6.63,6.63,2020-02-28 02:00:00
2020-02-29,3,2020,0.3,Low,27.1,16.9,22.0,69.0,2.31,20.5,6.04,6.04,2020-02-29 02:00:00
2020-03-01,3,2020,2.1,Low,28.4,16.0,22.2,71.0,2.87,21.15,6.26,6.26,2020-03-01 02:00:00
2020-03-02,3,2020,6.0,Low,27.6,15.7,21.6,72.0,3.09,22.44,6.57,6.57,2020-03-02 02:00:00
2020-03-03,3,2020,3.4,Low,27.9,16.2,22.1,68.0,3.09,21.89,6.48,6.48,2020-03-03 02:00:00
2020-03-04,3,2020,0.5,Low,30.1,17.5,23.8,68.0,3.19,20.63,6.28,6.28,2020-03-04 02:00:00
2020-03-05,3,2020,0.9,Low,28.0,16.1,22.1,68.0,2.53,20.57,6.08,6.08,2020-03-05 02:00:00
2020-03-06,3,2020,0.0,Low,30.2,18.3,24.2,68.0,2.74,22.44,6.85,6.85,2020-03-06 02:00:00
2020-03-07,3,2020,0.0,Low,28.1,16.7,22.4,71.0,2.51,22.06,6.53,6.53,2020-03-07 02:00:00
2020-03-08,3,2020,0.1,Low,29.9,16.1,23.0,74.0,3.47,19.66,5.9,5.9,2020-03-08 02:00:00
2020-03-09,3,2020,0.5,Low,29.2,16.3,22.7,69.0,3.12,22.47,6.71,6.71,2020-03-09 02:00:00
2020-03-10,3,2020,2.7,Low,29.1,16.0,22.6,71.0,2.76,21.2,6.3,6.3,2020-03-10 02:00:00
2020-03-11,3,2020,0.4,Low,28.5,17.6,23.1,72.0,2.94,20.62,6.18,6.18,2020-03-11 02:00:00
2020-03-12,3,2020,0.5,Low,26.2,17.5,21.8,73.0,3.4,22.95,6.74,6.74,2020-03-12 02:00:00
2020-03-13,3,2020,2.1,Low,29.9,16.5,23.2,63.0,3.04,18.65,5.66,5.66,2020-03-13 02:00:00
2020-03-14,3,2020,0.0,Low,27.7,17.8,22.8,67.0,2.82,22.28,6.66,6.66,2020-03-14 02:00:00
2020-03-15,3,2020,3.9,Low,28.1,15.9,22.0,73.0,2.16,23.39,6.85,6.85,2020-03-15 02:00:00
2020-03-16,3,2020,1.1,Low,29.1,15.3,22.2,69.0,2.69,22.43,6.62,6.62,2020-03-16 02:00:00
2020-03-17,3,2020,1.1,Low,28.9,17.3,23.1,73.0,3.14,21.18,6.35,6.35,2020-03-17 02:00:00
2020-03-18,3,2020,0.4,Low,30.5,16.5,23.5,66.0,2.5,21.41,6.47,6.47,2020-03-18 02:00:00
2020-03-19,3,2020,0.9,Low,28.2,16.7,22.5,70.0,3.14,19.56,5.83,5.83,2020-03-19 02:00:00
2020-03-20,3,2020,4.5,Low,26.9,16.0,21.4,64.0,3.37,20.65,6.09,6.09,2020-03-20 02:00:00
2020-03-21,3,2020,0.0,Low,30.1,15.3,22.7,70.0,2.63,21.72,6.47,6.47,2020-03-21 02:00:00
2020-03-22,3,2020,1.5,Low,29.6,16.3,23.0,70.0,3.63,21.77,6.54,6.54,2020-03-22 02:00:00
2020-03-23,3,2020,2.0,Low,29.7,14.1,21.9,68.0,2.72,22.33,6.57,6.57,2020-03-23 02:00:00
2020-03-24,3,2020,0.9,Low,28.5,17.7,23.1,75.0,3.42,21.22,6.35,6.35,2020-03-24 02:00:00
2020-03-25,3,2020,1.5,Low,29.1,17.2,23.1,65.0,2.73,21.9,6.59,6.59,2020-03-25 02:00:00
2020-03-26,3,2020,0.3,Low,29.1,17.0,23.0,74.0,2.87,21.57,6.44,6.44,2020-03-26 02:00:00
2020-03-27,3,2020,1.8,Low,28.6,17.4,23.0,73.0,3.09,21.82,6.52,6.52,2020-03-27 02:00:00
2020-03-28,3,2020,1.1,Low,29.1,16.9,23.0,68.0,2.25,21.92,6.55,6.55,2020-03-28 02:00:00
2020-03-29,3,2020,0.2,Low,30.1,16.4,23.2,72.0,2.91,21.85,6.55,6.55,2020-03-29 02:00:00
2020-03-30,3,2020,1.2,Low,28.6,18.7,23.6,73.0,2.44,20.83,6.27,6.27,2020-03-30 02:00:00
2020-03-31,3,2020,4.0,Low,29.4,17.1,23.2,70.0,2.87,22.0,6.61,6.61,2020-03-31 02:00:00
2020-04-01,3,2020,1.2,Low,27.8,16.4,22.1,66.0,3.1,20.53,6.1,6.1,2020-04-01 02:00:00
2020-04-02,3,2020,2.4,Low,28.7,16.4,22.6,75.0,3.5,21.3,6.33,6.33,2020-04-02 02:00:00
2020-04-03,3,2020,2.1,Low,29.2,16.5,22.8,62.0,2.96,21.28,6.41,6.41,2020-04-03 02:00:00
2020-04-04,3,2020,0.7,Low,28.2,16.5,22.3,66.0,2.88,22.13,6.58,6.58,2020-04-04 02:00:00
2020-04-05,3,2020,2.3,Low,29.1,16.1,22.6,69.0,3.23,22.09,6.59,6.59,2020-04-05 02:00:00
2020-04-06,3,2020,2.8,Low,29.1,17.8,23.4,71.0,3.14,23.6,7.1,7.1,2020-04-06 02:00:00
2020-04-07,3,2020,6.3,Low,29.9,15.4,22.6,69.0,3.06,21.7,6.48,6.48,2020-04-07 02:00:00
2020-04-08,3,2020,0.2,Low,29.6,17.7,23.6,75.0,3.76,21.31,6.45,6.45,2020-04-08 02:00:00
2020-04-09,3,2020,0.4,Low,29.6,18.2,23.9,71.0,2.72,22.4,6.78,6.78,2020-04-09 02:00:00
2020-04-10,3,2020,1.5,Low,29.5,16.2,22.9,71.0,2.26,22.34,6.65,6.65,2020-04-10 02:00:00
2020-04-11,3,2020,0.0,Low,29.5,16.3,22.9,73.0,2.98,23.28,6.94,6.94,2020-04-11 02:00:00
2020-04-12,3,2020,0.0,Low,28.2,17.7,23.0,74.0,3.77,22.19,6.64,6.64,2020-04-12 02:00:00
2020-04-13,3,2020,0.0,Low,31.2,16.6,23.9,71.0,3.2,23.64,7.17,7.17,2020-04-13 02:00:00
2020-04-14,3,2020,0.2,Low,29.5,15.8,22.7,64.0,3.52,20.54,6.18,6.18,2020-04-14 02:00:00
2020-04-15,3,2020,0.0,Low,30.4,15.6,23.0,71.0,3.05,20.95,6.28,6.28,2020-04-15 02:00:00
2020-04-16,3,2020,1.3,Low,30.9,18.2,24.6,67.0,2.41,19.71,6.05,6.05,2020-04-16 02:00:00
2020-04-17,3,2020,0.1,Low,28.3,15.4,21.8,62.0,2.69,21.5,6.36,6.36,2020-04-17 02:00:00
2020-04-18,3,2020,8.7,Low,29.7,16.5,23.1,66.0,3.58,22.45,6.77,6.77,2020-04-18 02:00:00
2020-04-19,3,2020,0.0,Low,30.1,17.0,23.6,64.0,2.82,22.79,6.9,6.9,2020-04-19 02:00:00
2020-04-20,3,2020,2.8,Low,28.3,15.5,21.9,66.0,3.12,22.89,6.76,6.76,2020-04-20 02:00:00
2020-04-21,3,2020,0.7,Low,29.0,16.3,22.7,68.0,2.78,23.86,7.1,7.1,2020-04-21 02:00:00
2020-04-22,3,2020,1.0,Low,28.6,16.4,22.5,66.0,3.46,20.34,6.1,6.1,2020-04-22 02:00:00
2020-04-23,3,2020,0.0,Low,29.1,17.5,23.3,68.0,2.53,21.41,6.44,6.44,2020-04-23 02:00:00
2020-04-24,3,2020,0.7,Low,30.9,16.2,23.6,68.0,2.98,21.87,6.62,6.62,2020-04-24 02:00:00
2020-04-25,3,2020,4.6,Low,28.6,17.0,22.8,67.0,3.26,22.25,6.67,6.67,2020-04-25 02:00:00
2020-04-26,3,2020,2.0,Low,29.9,16.9,23.4,66.0,1.67,22.97,6.89,6.89,2020-04-26 02:00:00
2020-04-27,3,2020,2.9,Low,32.1,16.7,24.4,65.0,3.07,21.28,6.55,6.55,2020-04-27 02:00:00
2020-04-28,3,2020,0.0,Low,31.2,17.2,24.2,69.0,3.34,21.09,6.45,6.45,2020-04-28 02:00:00
2020-04-29,3,2020,13.5,Low,31.7,17.4,24.6,68.0,3.46,22.26,6.85,6.85,2020-04-29 02:00:00
2020-04-30,3,2020,1.2,Low,28.9,18.3,23.6,67.0,3.57,21.34,6.5,6.5,2020-04-30 02:00:00
2020-05-01,3,2020,0.1,Low,29.4,17.0,23.2,67.0,2.69,20.65,6.22,6.22,2020-05-01 02:00:00
2020-05-02,3,2020,0.4,Moderate,29.6,16.0,22.8,72.0,2.96,22.55,6.71,6.71,2020-05-02 02:00:00
2020-05-03,3,2020,4.8,Moderate,28.1,15.7,21.9,68.0,2.86,23.16,6.82,6.82,2020-05-03 02:00:00
2020-05-04,3,2020,5.9,Moderate,29.6,18.1,23.8,68.0,2.9,20.87,6.34,6.34,2020-05-04 02:00:00
2020-05-05,3,2020,0.5,Moderate,29.7,16.1,22.9,73.0,3.33,21.77,6.51,6.51,2020-05-05 02:00:00
2020-05-06,3,2020,0.0,Moderate,30.1,16.6,23.4,66.0,3.12,22.17,6.7,6.7,2020-05-06 02:00:00
2020-05-07,3,2020,1.3,Moderate,28.5,17.2,22.9,69.0,3.77,24.02,7.19,7.19,2020-05-07 02:00:00
2020-05-08,3,2020,0.0,Moderate,30.5,17.9,24.2,66.0,3.6,23.8,7.29,7.29,2020-05-08 02:00:00
2020-05-09,3,2020,0.3,Moderate,30.8,17.2,24.0,65.0,3.7,22.05,6.76,6.76,2020-05-09 02:00:00
2020-05-10,3,2020,2.9,Moderate,30.6,15.6,23.1,65.0,3.27,21.12,6.38,6.38,2020-05-10 02:00:00
2020-05-11,3,2020,3.1,Moderate,29.7,16.4,23.0,68.0,3.81,21.88,6.6,6.6,2020-05-11 02:00:00
2020-05-12,3,2020,2.0,Moderate,27.7,16.8,22.3,61.0,2.73,22.35,6.65,6.65,2020-05-12 02:00:00
2020-05-13,3,2020,0.0,Moderate,30.9,15.9,23.4,71.0,4.14,23.39,7.07,7.07,2020-05-13 02:00:00
2020-05-14,3,2020,0.0,Moderate,30.3,17.5,23.9,66.0,2.89,21.91,6.67,6.67,2020-05-14 02:00:00
2020-05-15,3,2020,1.5,Moderate,28.8,17.0,22.9,64.0,2.81,22.22,6.67,6.67,2020-05-15 02:00:00
2020-05-16,3,2020,0.4,Moderate,29.8,18.1,23.9,67.0,3.55,22.34,6.82,6.82,2020-05-16 02:00:00
2020-05-17,3,2020,0.7,Moderate,30.9,16.7,23.8,65.0,2.82,21.25,6.47,6.47,2020-05-17 02:00:00
2020-05-18,3,2020,0.1,Moderate,28.0,15.9,21.9,64.0,2.54,22.38,6.61,6.61,2020-05-18 02:00:00
2020-05-19,3,2020,2.1,Moderate,28.5,17.9,23.2,68.0,3.41,21.97,6.62,6.62,2020-05-19 02:00:00
2020-05-20,3,2020,0.0,Moderate,28.1,17.0,22.5,72.0,3.7,21.36,6.37,6.37,2020-05-20 02:00:00
2020-05-21,3,2020,7.5,Moderate,29.0,17.4,23.2,71.0,3.02,23.63,7.08,7.08,2020-05-21 02:00:00
2020-05-22,3,2020,4.0,Moderate,28.2,16.6,22.4,70.0,3.39,22.63,6.73,6.73,2020-05-22 02:00:00
2020-05-23,3,2020,0.1,Moderate,32.6,17.0,24.8,69.0,3.09,22.79,7.01,7.01,2020-05-23 02:00:00
2020-05-24,3,2020,0.4,Moderate,29.9,16.3,23.1,63.0,3.08,22.41,6.76,6.76,2020-05-24 02:00:00
2020-05-25,3,2020,14.1,Moderate,31.6,17.2,24.4,66.0,2.83,21.25,6.52,6.52,2020-05-25 02:00:00
2020-05-26,3,2020,3.7,Moderate,30.2,17.9,24.0,70.0,2.72,22.51,6.84,6.84,2020-05-26 02:00:00
2020-05-27,3,2020,0.7,Moderate,29.5,16.8,23.2,61.0,2.92,23.47,7.08,7.08,2020-05-27 02:00:00
2020-05-28,3,2020,0.5,Moderate,30.8,16.6,23.7,63.0,3.46,21.7,6.63,6.63,2020-05-28 02:00:00
2020-05-29,3,2020,2.4,Moderate,29.9,16.8,23.4,67.0,3.6,21.55,6.54,6.54,2020-05-29 02:00:00
2020-05-30,3,2020,1.3,Moderate,31.9,18.3,25.1,65.0,2.65,22.13,6.85,6.85,2020-05-30 02:00:00
2020-05-31,3,2020,0.8,Moderate,31.1,16.9,24.0,65.0,2.94,23.35,7.12,7.12,2020-05-31 02:00:00
2020-06-01,3,2020,0.1,Moderate,30.9,16.0,23.5,69.0,2.77,22.56,6.8,6.8,2020-06-01 02:00:00
2020-06-02,3,2020,0.1,Moderate,30.2,17.3,23.8,63.0,2.99,21.51,6.56,6.56,2020-06-02 02:00:00
2020-06-03,3,2020,0.0,Moderate,30.9,16.6,23.7,63.0,3.84,24.83,7.57,7.57,2020-06-03 02:00:00
2020-06-04,3,2020,1.3,Moderate,29.8,15.6,22.7,70.0,2.36,21.99,6.54,6.54,2020-06-04 02:00:00
2020-06-05,3,2020,0.0,Moderate,29.2,17.3,23.2,67.0,3.65,23.5,7.09,7.09,2020-06-05 02:00:00
2020-06-06,3,2020,4.3,Moderate,29.1,17.3,23.2,64.0,2.65,21.35,6.44,6.44,2020-06-06 02:00:00
2020-06-07,3,2020,1.8,Moderate,30.1,17.6,23.8,68.0,2.91,21.76,6.61,6.61,2020-06-07 02:00:00
2020-06-08,3,2020,0.0,Moderate,30.9,16.3,23.6,66.0,2.68,21.12,6.4,6.4,2020-06-08 02:00:00
2020-06-09,3,2020,5.2,Moderate,31.7,16.9,24.3,68.0,2.96,22.65,6.92,6.92,2020-06-09 02:00:00
2020-06-10,3,2020,0.1,Moderate,31.5,16.8,24.1,61.0,3.37,25.26,7.74,7.74,2020-06-10 02:00:00
2020-06-11,3,2020,2.3,Moderate,29.7,16.9,23.3,69.0,2.43,21.43,6.44,6.44,2020-06-11 02:00:00
2020-06-12,3,2020,7.6,Moderate,30.8,16.4,23.6,67.0,3.3,22.9,6.94,6.94,2020-06-12 02:00:00
2020-06-13,3,2020,4.3,Moderate,30.0,16.1,23.1,69.0,3.28,23.15,6.95,6.95,2020-06-13 02:00:00
2020-06-14,3,2020,0.1,Moderate,29.3,16.5,22.9,64.0,2.89,20.89,6.29,6.29,2020-06-14 02:00:00
2020-06-15,3,2020,0.7,Moderate,30.0,16.6,23.3,72.0,3.05,21.79,6.55,6.55,2020-06-15 02:00:00
2020-06-16,3,2020,3.0,Moderate,30.3,16.1,23.2,59.0,2.73,24.84,7.49,7.49,2020-06-16 02:00:00
2020-06-17,3,2020,4.8,Moderate,30.6,17.5,24.0,67.0,2.28,22.94,6.96,6.96,2020-06-17 02:00:00
2020-06-18,3,2020,4.0,Moderate,31.1,17.1,24.1,65.0,2.96,23.07,7.04,7.04,2020-06-18 02:00:00
2020-06-19,3,2020,5.9,Moderate,32.4,18.4,25.4,69.0,3.04,23.11,7.17,7.17,2020-06-19 02:00:00
2020-06-20,3,2020,1.8,Moderate,31.4,17.8,24.6,68.0,3.22,20.17,6.22,6.22,2020-06-20 02:00:00
2020-06-21,3,2020,0.0,Moderate,31.3,17.5,24.4,70.0,2.41,21.75,6.64,6.64,2020-06-21 02:00:00
2020-06-22,3,2020,3.2,Moderate,29.1,16.4,22.7,66.0,2.73,23.11,6.9,6.9,2020-06-22 02:00:00
2020-06-23,3,2020,1.3,Moderate,29.2,16.1,22.6,69.0,2.28,20.99,6.24,6.24,2020-06-23 02:00:00
2020-06-24,3,2020,0.0,Moderate,31.8,16.3,24.0,66.0,3.35,22.68,6.93,6.93,2020-06-24 02:00:00
2020-06-25,3,2020,6.2,Moderate,30.6,17.0,23.8,65.0,2.92,23.95,7.27,7.27,2020-06-25 02:00:00
2020-06-26,3,2020,0.0,Moderate,30.4,17.0,23.7,69.0,2.13,22.25,6.71,6.71,2020-06-26 02:00:00
2020-06-27,3,2020,0.6,Moderate,29.4,17.3,23.4,61.0,3.53,21.73,6.62,6.62,2020-06-27 02:00:00
2020-06-28,3,2020,0.6,Moderate,31.4,17.8,24.6,66.0,3.78,21.57,6.67,6.67,2020-06-28 02:00:00
2020-06-29,3,2020,1.8,Moderate,30.1,17.4,23.8,65.0,2.65,21.23,6.45,6.45,2020-06-29 02:00:00
2020-06-30,3,2020,0.0,Moderate,30.9,17.6,24.2,69.0,3.13,22.91,6.99,6.99,2020-06-30 02:00:00
2020-07-01,3,2020,0.4,Moderate,30.5,16.7,23.6,67.0,3.41,21.62,6.56,6.56,2020-07-01 02:00:00
2020-07-02,3,2020,1.5,Moderate,27.5,16.4,21.9,66.0,2.68,23.08,6.8,6.8,2020-07-02 02:00:00
2020-07-03,3,2020,1.0,Moderate,29.7,17.1,23.4,67.0,2.97,23.17,6.99,6.99,2020-07-03 02:00:00
2020-07-04,3,2020,3.2,Moderate,28.6,16.9,22.8,69.0,2.86,23.21,6.92,6.92,2020-07-04 02:00:00
2020-07-05,3,2020,5.7,Moderate,30.1,17.2,23.6,69.0,2.8,22.99,6.95,6.95,2020-07-05 02:00:00
2020-07-06,3,2020,2.5,Moderate,29.8,17.7,23.8,64.0,3.62,22.01,6.73,6.73,2020-07-06 02:00:00
2020-07-07,3,2020,0.6,Moderate,30.3,16.4,23.4,66.0,2.87,22.62,6.83,6.83,2020-07-07 02:00:00
2020-07-08,3,2020,0.3,Moderate,30.7,16.7,23.7,63.0,3.05,23.27,7.07,7.07,2020-07-08 02:00:00
2020-07-09,3,2020,0.4,Moderate,29.8,16.2,23.0,67.0,3.18,23.41,7.02,7.02,2020-07-09 02:00:00
2020-07-10,3,2020,0.5,Moderate,32.8,18.2,25.5,64.0,3.15,22.63,7.06,7.06,2020-07-10 02:00:00
2020-07-11,3,2020,3.3,Moderate,31.0,17.8,24.4,67.0,3.59,21.58,6.64,6.64,2020-07-11 02:00:00
2020-07-12,3,2020,1.8,Moderate,29.9,16.9,23.4,65.0,2.38,23.88,7.19,7.19,2020-07-12 02:00:00
2020-07-13,3,2020,0.0,Moderate,30.1,17.6,23.8,66.0,3.44,22.61,6.89,6.89,2020-07-13 02:00:00
2020-07-14,3,2020,0.0,Moderate,28.6,17.4,23.0,65.0,3.21,24.2,7.27,7.27,2020-07-14 02:00:00
2020-07-15,3,2020,0.3,Moderate,31.1,16.2,23.7,67.0,3.36,24.97,7.56,7.56,2020-07-15 02:00:00
2020-07-16,3,2020,1.4,Moderate,30.6,17.2,23.9,70.0,3.26,21.61,6.57,6.57,2020-07-16 02:00:00
2020-07-17,3,2020,0.3,Moderate,31.2,17.3,24.2,67.0,3.15,21.48,6.58,6.58,2020-07-17 02:00:00
2020-07-18,3,2020,2.0,Moderate,29.8,17.1,23.5,67.0,3.14,22.34,6.76,6.76,2020-07-18 02:00:00
2020-07-19,3,2020,0.0,Moderate,30.3,16.7,23.5,65.0,2.39,23.35,7.04,7.04,2020-07-19 02:00:00
2020-07-20,3,2020,0.5,Moderate,30.0,17.6,23.8,70.0,3.51,24.14,7.32,7.32,2020-07-20 02:00:00
2020-07-21,3,2020,0.1,Moderate,31.1,15.7,23.4,65.0,3.6,22.14,6.72,6.72,2020-07-21 02:00:00
2020-07-22,3,2020,1.2,Moderate,32.4,18.5,25.5,62.0,2.59,23.26,7.23,7.23,2020-07-22 02:00:00
2020-07-23,3,2020,1.7,Moderate,29.7,17.2,23.5,66.0,3.08,23.17,7.01,7.01,2020-07-23 02:00:00
2020-07-24,3,2020,2.1,Moderate,30.9,17.7,24.3,69.0,3.16,21.52,6.59,6.59,2020-07-24 02:00:00
2020-07-25,3,2020,3.7,Moderate,29.4,19.3,24.4,63.0,2.78,23.32,7.15,7.15,2020-07-25 02:00:00
2020-07-26,3,2020,0.0,Moderate,30.8,18.5,24.7,69.0,2.78,22.65,6.95,6.95,2020-07-26 02:00:00
2020-07-27,3,2020,0.1,Moderate,31.2,16.8,24.0,70.0,3.76,22.72,6.93,6.93,2020-07-27 02:00:00
2020-07-28,3,2020,0.4,Moderate,28.3,16.9,22.6,67.0,3.2,23.62,7.04,7.04,2020-07-28 02:00:00
2020-07-29,3,2020,5.6,Moderate,31.1,17.0,24.1,68.0,3.49,21.59,6.6,6.6,2020-07-29 02:00:00
2020-07-30,3,2020,0.0,Moderate,30.8,16.4,23.6,58.0,2.38,24.05,7.29,7.29,2020-07-30 02:00:00
2020-07-31,3,2020,0.1,Moderate,32.1,18.2,25.1,64.0,3.39,24.03,7.46,7.46,2020-07-31 02:00:00
2020-08-01,3,2020,2.8,Moderate,31.2,17.4,24.3,66.0,2.89,23.4,7.15,7.15,2020-08-01 02:00:00
2020-08-02,3,2020,1.2,Moderate,30.3,18.7,24.5,69.0,3.06,23.02,7.05,7.05,2020-08-02 02:00:00
2020-08-03,3,2020,1.1,Moderate,31.4,17.9,24.7,65.0,2.61,22.63,6.95,6.95,2020-08-03 02:00:00
2020-08-04,3,2020,0.1,Moderate,31.3,16.9,24.1,65.0,3.17,21.8,6.68,6.68,2020-08-04 02:00:00
2020-08-05,3,2020,0.0,Moderate,31.2,17.2,24.2,68.0,3.04,23.75,7.24,7.24,2020-08-05 02:00:00
2020-08-06,3,2020,0.4,Moderate,31.4,17.9,24.6,63.0,3.44,21.9,6.78,6.78,2020-08-06 02:00:00
2020-08-07,3,2020,0.0,Moderate,31.6,16.9,24.3,64.0,3.0,23.82,7.29,7.29,2020-08-07 02:00:00
2020-08-08,3,2020,0.1,Moderate,32.9,17.1,25.0,61.0,3.04,22.27,6.92,6.92,2020-08-08 02:00:00
2020-08-09,3,2020,0.0,Moderate,29.7,18.0,23.8,65.0,3.23,24.19,7.36,7.36,2020-08-09 02:00:00
2020-08-10,3,2020,3.6,Moderate,30.6,17.4,24.0,66.0,2.9,23.98,7.3,7.3,2020-08-10 02:00:00
2020-08-11,3,2020,0.3,Moderate,31.0,17.2,24.1,62.0,2.95,24.27,7.41,7.41,2020-08-11 02:00:00
2020-08-12,3,2020,1.2,Moderate,30.2,18.2,24.2,60.0,3.36,23.71,7.29,7.29,2020-08-12 02:00:00
2020-08-13,3,2020,1.1,Moderate,30.7,18.3,24.5,66.0,2.43,23.41,7.16,7.16,2020-08-13 02:00:00
2020-08-14,3,2020,0.2,Moderate,31.4,17.4,24.4,66.0,2.93,21.38,6.56,6.56,2020-08-14 02:00:00
2020-08-15,3,2020,1.4,Moderate,30.2,18.1,24.1,60.0,3.29,22.24,6.84,6.84,2020-08-15 02:00:00
2020-08-16,3,2020,0.5,Moderate,29.9,17.8,23.9,63.0,2.87,23.86,7.26,7.26,2020-08-16 02:00:00
2020-08-17,3,2020,0.9,Moderate,30.4,18.5,24.5,66.0,3.07,23.31,7.15,7.15,2020-08-17 02:00:00
2020-08-18,3,2020,8.3,Moderate,33.3,17.3,25.3,66.0,2.29,23.12,7.14,7.14,2020-08-18 02:00:00
2020-08-19,3,2020,1.8,Moderate,32.0,17.5,24.7,64.0,3.45,24.11,7.44,7.44,2020-08-19 02:00:00
2020-08-20,3,2020,1.1,Moderate,30.1,17.5,23.8,63.0,2.49,23.67,7.18,7.18,2020-08-20 02:00:00
2020-08-21,3,2020,0.0,Moderate,29.9,17.3,23.6,64.0,3.16,23.25,7.06,7.06,2020-08-21 02:00:00
2020-08-22,3,2020,0.0,Moderate,31.9,19.7,25.8,65.0,3.48,23.39,7.33,7.33,2020-08-22 02:00:00
2020-08-23,3,2020,0.6,Moderate,32.0,18.0,25.0,67.0,3.58,22.35,6.93,6.93,2020-08-23 02:00:00
2020-08-24,3,2020,1.3,Moderate,31.9,17.6,24.7,56.0,2.83,21.82,6.78,6.78,2020-08-24 02:00:00
2020-08-25,3,2020,3.8,Moderate,33.4,18.0,25.7,65.0,3.34,21.51,6.74,6.74,2020-08-25 02:00:00
2020-08-26,3,2020,0.0,Moderate,31.8,16.8,24.3,65.0,2.81,23.7,7.25,7.25,2020-08-26 02:00:00
2020-08-27,3,2020,0.4,Moderate,32.3,18.2,25.3,67.0,3.28,23.19,7.2,7.2,2020-08-27 02:00:00
2020-08-28,3,2020,3.2,Moderate,31.7,18.2,25.0,65.0,2.74,25.2,7.76,7.76,2020-08-28 02:00:00
2020-08-29,3,2020,0.9,Moderate,32.2,16.9,24.5,66.0,2.79,21.17,6.51,6.51,2020-08-29 02:00:00
2020-08-30,3,2020,0.3,High,32.9,18.0,25.4,68.0,3.3,23.16,7.2,7.2,2020-08-30 02:00:00
2020-08-31,3,2020,0.0,High,32.1,17.8,24.9,63.0,3.7,23.46,7.28,7.28,2020-08-31 02:00:00
2020-09-01,3,2020,3.1,High,30.3,18.1,24.2,63.0,2.62,21.54,6.59,6.59,2020-09-01 02:00:00
2020-09-02,3,2020,0.0,High,31.6,18.0,24.8,60.0,3.19,24.52,7.59,7.59,2020-09-02 02:00:00
2020-09-03,3,2020,0.0,High,30.7,15.4,23.1,62.0,3.71,23.66,7.16,7.16,2020-09-03 02:00:00
2020-09-04,3,2020,0.0,High,31.4,16.9,24.1,59.0,2.75,24.21,7.41,7.41,2020-09-04 02:00:00
2020-09-05,3,2020,1.4,High,31.9,17.6,24.8,66.0,2.99,23.42,7.21,7.21,2020-09-05 02:00:00
2020-09-06,3,2020,1.3,High,32.1,17.9,25.0,66.0,3.22,25.9,7.99,7.99,2020-09-06 02:00:00
2020-09-07,3,2020,0.0,High,32.1,17.1,24.6,67.0,2.38,23.27,7.12,7.12,2020-09-07 02:00:00
2020-09-08,3,2020,4.4,High,31.5,18.7,25.1,65.0,2.41,23.76,7.33,7.33,2020-09-08 02:00:00
2020-09-09,3,2020,0.2,High,31.9,17.9,24.9,59.0,2.57,24.94,7.7,7.7,2020-09-09 02:00:00
2020-09-10,3,2020,1.0,High,31.0,18.5,24.7,62.0,2.37,24.24,7.45,7.45,2020-09-10 02:00:00
2020-09-11,3,2020,0.2,High,31.4,17.4,24.4,62.0,3.04,23.0,7.07,7.07,2020-09-11 02:00:00
2020-09-12,3,2020,3.6,High,28.7,17.2,23.0,60.0,3.23,24.14,7.28,7.28,2020-09-12 02:00:00
2020-09-13,3,2020,0.2,High,31.8,17.4,24.6,62.0,2.91,21.85,6.74,6.74,2020-09-13 02:00:00
2020-09-14,3,2020,0.9,High,31.2,18.0,24.6,65.0,2.58,24.66,7.55,7.55,2020-09-14 02:00:00
2020-09-15,3,2020,0.0,High,32.0,17.0,24.5,55.0,2.37,22.18,6.84,6.84,2020-09-15 02:00:00
2020-09-16,3,2020,0.9,High,32.3,18.1,25.2,64.0,2.8,23.62,7.32,7.32,2020-09-16 02:00:00
2020-09-17,3,2020,0.1,High,32.0,18.0,25.0,62.0,3.51,24.6,7.64,7.64,2020-09-17 02:00:00
2020-09-18,3,2020,0.7,High,33.5,16.2,24.9,68.0,3.49,24.47,7.55,7.55,2020-09-18 02:00:00
2020-09-19,3,2020,0.0,High,31.3,16.9,24.1,60.0,3.16,23.75,7.28,7.28,2020-09-19 02:00:00
2020-09-20,3,2020,3.1,High,33.3,16.3,24.8,66.0,2.93,23.43,7.22,7.22,2020-09-20 02:00:00
2020-09-21,3,2020,0.0,High,31.9,17.7,24.8,58.0,2.65,24.33,7.51,7.51,2020-09-21 02:00:00
2020-09-22,3,2020,2.7,High,32.0,18.6,25.3,64.0,2.56,23.31,7.22,7.22,2020-09-22 02:00:00
2020-09-23,3,2020,2.4,High,30.5,18.0,24.3,63.0,3.17,22.35,6.87,6.87,2020-09-23 02:00:00
2020-09-24,3,2020,0.0,High,32.2,19.0,25.6,56.0,3.04,24.46,7.67,7.67,2020-09-24 02:00:00
2020-09-25,3,2020,0.1,High,30.7,19.1,24.9,61.0,2.76,23.73,7.33,7.33,2020-09-25 02:00:00
2020-09-26,3,2020,0.3,High,32.5,17.5,25.0,66.0,2.78,24.78,7.63,7.63,2020-09-26 02:00:00
2020-09-27,3,2020,3.8,High,31.7,18.5,25.1,62.0,2.73,24.56,7.6,7.6,2020-09-27 02:00:00
2020-09-28,3,2020,0.0,High,30.9,17.5,24.2,66.0,2.99,23.97,7.31,7.31,2020-09-28 02:00:00
2020-09-29,3,2020,3.9,High,30.3,17.9,24.1,69.0,3.21,25.02,7.61,7.61,2020-09-29 02:00:00
2020-09-30,3,2020,0.2,High,32.1,18.0,25.0,60.0,2.95,24.38,7.56,7.56,2020-09-30 02:00:00
2020-10-01,3,2020,5.8,High,31.7,18.1,24.9,58.0,3.1,22.26,6.93,6.93,2020-10-01 02:00:00
2020-10-02,3,2020,0.0,High,32.4,17.5,24.9,63.0,3.84,24.06,7.47,7.47,2020-10-02 02:00:00
2020-10-03,3,2020,1.1,High,29.8,17.3,23.6,64.0,2.66,23.55,7.12,7.12,2020-10-03 02:00:00
2020-10-04,3,2020,0.3,High,33.0,18.4,25.7,64.0,3.29,24.59,7.68,7.68,2020-10-04 02:00:00
2020-10-05,3,2020,4.1,High,32.7,16.4,24.6,62.0,2.77,24.12,7.41,7.41,2020-10-05 02:00:00
2020-10-06,3,2020,0.0,High,31.9,17.5,24.7,62.0,2.66,22.96,7.07,7.07,2020-10-06 02:00:00
2020-10-07,3,2020,1.6,High,31.8,17.3,24.6,61.0,2.39,26.23,8.03,8.03,2020-10-07 02:00:00
2020-10-08,3,2020,0.0,High,32.6,17.8,25.2,60.0,2.51,22.86,7.1,7.1,2020-10-08 02:00:00
2020-10-09,3,2020,0.3,High,31.7,17.5,24.6,66.0,2.91,21.56,6.63,6.63,2020-10-09 02:00:00
2020-10-10,3,2020,0.0,High,30.9,18.4,24.7,66.0,3.35,24.39,7.5,7.5,2020-10-10 02:00:00
2020-10-11,3,2020,2.0,High,31.2,18.2,24.7,62.0,2.69,22.37,6.9,6.9,2020-10-11 02:00:00
2020-10-12,3,2020,0.2,High,32.4,18.4,25.4,66.0,3.02,25.89,8.02,8.02,2020-10-12 02:00:00
2020-10-13,3,2020,3.5,High,31.4,18.2,24.8,61.0,3.31,21.97,6.82,6.82,2020-10-13 02:00:00
2020-10-14,3,2020,3.5,High,32.3,18.4,25.4,66.0,2.14,24.38,7.53,7.53,2020-10-14 02:00:00
2020-10-15,3,2020,1.3,High,32.2,18.4,25.3,57.0,2.99,25.76,8.02,8.02,2020-10-15 02:00:00
2020-10-16,3,2020,0.0,High,33.1,17.6,25.4,66.0,3.09,23.77,7.38,7.38,2020-10-16 02:00:00
2020-10-17,3,2020,2.2,High,33.0,18.7,25.9,63.0,2.4,25.54,7.96,7.96,2020-10-17 02:00:00
2020-10-18,3,2020,4.0,High,31.1,18.7,24.9,61.0,3.19,23.08,7.15,7.15,2020-10-18 02:00:00
2020-10-19,3,2020,8.5,High,31.6,18.0,24.8,60.0,2.8,24.58,7.59,7.59,2020-10-19 02:00:00
2020-10-20,3,2020,1.7,High,30.3,18.2,24.2,60.0,2.18,25.82,7.87,7.87,2020-10-20 02:00:00
2020-10-21,3,2020,8.3,High,33.9,18.4,26.1,65.0,3.59,23.75,7.48,7.48,2020-10-21 02:00:00
2020-10-22,3,2020,0.5,High,30.9,18.0,24.4,66.0,3.06,22.97,7.04,7.04,2020-10-22 02:00:00
2020-10-23,3,2020,0.5,High,31.7,18.6,25.2,63.0,2.99,24.99,7.74,7.74,2020-10-23 02:00:00
2020-10-24,3,2020,2.5,High,32.0,17.7,24.8,63.0,3.55,24.73,7.65,7.65,2020-10-24 02:00:00
2020-10-25,3,2020,4.7,High,32.5,18.1,25.3,63.0,3.06,24.91,7.73,7.73,2020-10-25 02:00:00
2020-10-26,3,2020,0.7,High,32.1,17.6,24.8,60.0,3.56,23.36,7.26,7.26,2020-10-26 02:00:00
2020-10-27,3,2020,0.0,High,34.6,17.0,25.8,64.0,2.18,23.3,7.26,7.26,2020-10-27 02:00:00
2020-10-28,3,2020,0.0,High,32.0,17.4,24.7,62.0,2.35,24.27,7.46,7.46,2020-10-28 02:00:00
2020-10-29,3,2020,0.0,High,29.9,18.8,24.3,63.0,3.28,25.79,7.9,7.9,2020-10-29 02:00:00
2020-10-30,3,2020,1.9,High,32.0,19.2,25.6,60.0,2.79,25.57,7.96,7.96,2020-10-30 02:00:00
2020-10-31,3,2020,0.4,High,33.3,18.4,25.8,57.0,2.36,23.95,7.5,7.5,2020-10-31 02:00:00
2020-11-01,3,2020,2.4,High,32.4,19.2,25.8,64.0,2.77,26.14,8.14,8.14,2020-11-01 02:00:00
2020-11-02,3,2020,3.5,High,31.1,18.3,24.7,65.0,2.92,23.63,7.27,7.27,2020-11-02 02:00:00
2020-11-03,3,2020,0.0,High,32.2,18.1,25.1,68.0,3.21,25.38,7.84,7.84,2020-11-03 02:00:00
2020-11-04,3,2020,0.0,High,32.5,18.3,25.4,61.0,3.07,23.05,7.2,7.2,2020-11-04 02:00:00
2020-11-05,3,2020,0.0,High,32.7,19.4,26.1,62.0,3.54,23.98,7.56,7.56,2020-11-05 02:00:00
2020-11-06,3,2020,2.4,High,32.0,17.1,24.6,63.0,3.11,22.43,6.92,6.92,2020-11-06 02:00:00
2020-11-07,3,2020,0.0,High,31.3,17.3,24.3,67.0,2.9,25.62,7.81,7.81,2020-11-07 02:00:00
2020-11-08,3,2020,0.1,High,33.3,18.5,25.9,64.0,2.29,23.04,7.19,7.19,2020-11-08 02:00:00
2020-11-09,3,2020,0.0,High,32.5,19.1,25.8,66.0,3.79,25.42,7.96,7.96,2020-11-09 02:00:00
2020-11-10,3,2020,4.2,High,31.4,17.3,24.4,59.0,2.38,24.93,7.63,7.63,2020-11-10 02:00:00
2020-11-11,3,2020,0.0,High,31.8,18.9,25.3,63.0,2.79,24.9,7.73,7.73,2020-11-11 02:00:00
2020-11-12,3,2020,1.3,High,33.9,18.2,26.0,60.0,2.71,25.26,7.92,7.92,2020-11-12 02:00:00
2020-11-13,3,2020,8.0,High,33.2,17.7,25.5,59.0,2.62,25.03,7.79,7.79,2020-11-13 02:00:00
2020-11-14,3,2020,3.4,High,33.9,16.8,25.3,63.0,3.1,23.0,7.16,7.16,2020-11-14 02:00:00
2020-11-15,3,2020,0.0,High,32.1,19.2,25.6,59.0,3.31,22.4,7.05,7.05,2020-11-15 02:00:00
2020-11-16,3,2020,1.0,High,31.8,18.8,25.3,61.0,2.07,24.11,7.46,7.46,2020-11-16 02:00:00
2020-11-17,3,2020,0.4,High,32.4,18.6,25.5,59.0,3.14,24.06,7.53,7.53,2020-11-17 02:00:00
2020-11-18,3,2020,1.0,High,34.4,17.9,26.2,61.0,3.29,22.56,7.13,7.13,2020-11-18 02:00:00
2020-11-19,3,2020,0.4,High,31.7,18.9,25.3,63.0,2.93,23.38,7.26,7.26,2020-11-19 02:00:00
2020-11-20,3,2020,0.0,High,32.7,18.8,25.7,61.0,2.85,23.13,7.24,7.24,2020-11-20 02:00:00
2020-11-21,3,2020,10.7,High,34.0,17.3,25.6,64.0,2.48,24.09,7.49,7.49,2020-11-21 02:00:00
2020-11-22,3,2020,0.0,High,33.7,18.6,26.1,61.0,3.06,24.08,7.58,7.58,2020-11-22 02:00:00
2020-11-23,3,2020,0.0,High,35.1,16.7,25.9,62.0,2.76,26.77,8.36,8.36,2020-11-23 02:00:00
2020-11-24,3,2020,2.7,High,32.4,17.4,24.9,62.0,3.27,25.13,7.77,7.77,2020-11-24 02:00:00
2020-11-25,3,2020,0.8,High,32.0,18.4,25.2,57.0,2.81,23.35,7.27,7.27,2020-11-25 02:00:00
2020-11-26,3,2020,0.0,High,31.2,19.1,25.1,58.0,3.15,22.33,6.97,6.97,2020-11-26 02:00:00
2020-11-27,3,2020,0.8,High,33.0,18.4,25.7,62.0,3.46,22.96,7.21,7.21,2020-11-27 02:00:00
2020-11-28,3,2020,0.0,High,32.7,17.3,25.0,62.0,3.04,22.78,7.07,7.07,2020-11-28 02:00:00
2020-11-29,3,2020,0.3,High,31.3,17.2,24.3,64.0,1.91,23.65,7.2,7.2,2020-11-29 02:00:00
2020-11-30,3,2020,1.2,High,30.7,18.0,24.3,60.0,2.86,26.43,8.09,8.09,2020-11-30 02:00:00
2020-12-01,3,2020,2.0,High,30.3,18.8,24.5,59.0,3.39,21.51,6.67,6.67,2020-12-01 02:00:00
2020-12-02,3,2020,1.3,High,31.4,18.5,24.9,65.0,3.49,23.14,7.17,7.17,2020-12-02 02:00:00
2020-12-03,3,2020,3.3,High,34.0,18.9,26.4,61.0,2.82,25.16,7.93,7.93,2020-12-03 02:00:00
2020-12-04,3,2020,0.5,High,30.1,19.3,24.7,62.0,2.8,23.9,7.36,7.36,2020-12-04 02:00:00
2020-12-05,3,2020,1.0,High,31.3,18.6,24.9,64.0,2.7,22.86,7.06,7.06,2020-12-05 02:00:00
2020-12-06,3,2020,3.1,High,33.6,19.0,26.3,63.0,3.34,25.9,8.15,8.15,2020-12-06 02:00:00
2020-12-07,3,2020,0.0,High,34.9,17.4,26.2,59.0,3.08,24.42,7.7,7.7,2020-12-07 02:00:00
2020-12-08,3,2020,1.1,High,32.8,18.7,25.7,59.0,2.1,23.19,7.24,7.24,2020-12-08 02:00:00
2020-12-09,3,2020,0.6,High,32.6,17.4,25.0,64.0,3.36,23.93,7.41,7.41,2020-12-09 02:00:00
2020-12-10,3,2020,0.1,High,33.0,18.7,25.9,60.0,3.09,24.26,7.61,7.61,2020-12-10 02:00:00
2020-12-11,3,2020,1.6,High,32.9,18.2,25.6,62.0,3.27,24.46,7.64,7.64,2020-12-11 02:00:00
2020-12-12,3,2020,3.5,High,31.3,17.9,24.6,64.0,3.57,27.34,8.4,8.4,2020-12-12 02:00:00
2020-12-13,3,2020,0.1,High,34.4,18.1,26.3,60.0,2.85,25.5,8.03,8.03,2020-12-13 02:00:00
2020-12-14,3,2020,2.0,High,31.4,18.1,24.8,63.0,3.22,25.33,7.81,7.81,2020-12-14 02:00:00
2020-12-15,3,2020,0.0,High,32.7,17.6,25.2,56.0,2.56,22.28,6.94,6.94,2020-12-15 02:00:00
2020-12-16,3,2020,0.0,High,32.5,18.9,25.7,61.0,3.39,25.38,7.95,7.95,2020-12-16 02:00:00
2020-12-17,3,2020,7.0,High,30.8,19.3,25.0,61.0,3.55,24.6,7.64,7.64,2020-12-17 02:00:00
2020-12-18,3,2020,8.6,High,30.6,17.6,24.1,56.0,2.89,23.77,7.3,7.3,2020-12-18 02:00:00
2020-12-19,3,2020,0.0,High,35.3,18.9,27.1,61.0,2.25,23.2,7.37,7.37,2020-12-19 02:00:00
2020-12-20,3,2020,0.0,High,32.7,17.6,25.2,65.0,3.03,25.4,7.85,7.85,2020-12-20 02:00:00
2020-12-21,3,2020,0.2,High,34.6,19.7,27.1,67.0,2.67,23.2,7.35,7.35,2020-12-21 02:00:00
2020-12-22,3,2020,4.6,High,32.6,18.3,25.5,62.0,3.36,25.69,8.01,8.01,2020-12-22 02:00:00
2020-12-23,3,2020,3.4,High,35.4,19.4,27.4,57.0,2.83,26.34,8.42,8.42,2020-12-23 02:00:00
2020-12-24,3,2020,0.4,High,33.1,18.5,25.8,59.0,3.3,23.09,7.27,7.27,2020-12-24 02:00:00
2020-12-25,3,2020,1.1,High,33.1,17.0,25.1,55.0,3.55,23.17,7.26,7.26,2020-12-25 02:00:00
2020-12-26,3,2020,0.7,High,34.9,17.8,26.4,63.0,3.81,22.72,7.21,7.21,2020-12-26 02:00:00
2020-12-27,3,2020,0.4,High,33.2,18.8,26.0,62.0,2.83,23.9,7.5,7.5,2020-12-27 02:00:00
2020-12-28,3,2020,0.3,High,32.2,17.6,24.9,64.0,2.33,25.22,7.75,7.75,2020-12-28 02:00:00
2020-12-29,3,2020,3.9,High,34.2,18.3,26.2,58.0,2.93,25.07,7.9,7.9,2020-12-29 02:00:00
2020-12-30,3,2020,4.3,High,32.2,19.5,25.8,63.0,3.15,24.19,7.57,7.57,2020-12-30 02:00:00
2020-12-31,3,2020,0.0,High,34.3,20.2,27.3,63.0,4.02,25.05,8.02,8.02,2020-12-31 02:00:00
2021-01-01,3,2021,0.4,Low,28.8,15.7,22.3,75.0,3.22,19.98,5.91,5.91,2021-01-01 02:00:00
2021-01-02,3,2021,0.2,Low,27.6,16.3,21.9,73.0,2.82,20.36,5.99,5.99,2021-01-02 02:00:00
2021-01-03,3,2021,0.7,Low,28.3,15.3,21.8,69.0,3.51,22.11,6.52,6.52,2021-01-03 02:00:00
2021-01-04,3,2021,3.8,Low,28.6,15.4,22.0,72.0,2.62,20.83,6.13,6.13,2021-01-04 02:00:00
2021-01-05,3,2021,0.3,Low,28.2,16.4,22.3,66.0,2.53,19.74,5.87,5.87,2021-01-05 02:00:00
2021-01-06,3,2021,1.4,Low,26.9,16.9,21.9,75.0,1.88,20.75,6.06,6.06,2021-01-06 02:00:00
2021-01-07,3,2021,1.5,Low,29.4,15.6,22.5,69.0,2.46,21.11,6.27,6.27,2021-01-07 02:00:00
2021-01-08,3,2021,1.8,Low,29.4,16.5,22.9,70.0,3.61,18.62,5.62,5.62,2021-01-08 02:00:00
2021-01-09,3,2021,2.4,Low,29.7,16.5,23.1,78.0,2.4,20.0,5.96,5.96,2021-01-09 02:00:00
2021-01-10,3,2021,0.0,Low,27.4,16.8,22.1,69.0,2.62,22.07,6.51,6.51,2021-01-10 02:00:00
2021-01-11,3,2021,0.3,Low,29.0,14.9,21.9,74.0,3.14,20.19,5.94,5.94,2021-01-11 02:00:00
2021-01-12,3,2021,0.8,Low,25.0,15.0,20.0,70.0,3.08,19.24,5.51,5.51,2021-01-12 02:00:00
2021-01-13,3,2021,7.2,Low,26.3,15.1,20.7,69.0,2.97,20.68,5.98,5.98,2021-01-13 02:00:00
2021-01-14,3,2021,2.3,Low,27.2,16.7,22.0,76.0,2.66,21.97,6.44,6.44,2021-01-14 02:00:00
2021-01-15,3,2021,0.6,Low,26.8,16.7,21.8,78.0,3.34,21.08,6.17,6.17,2021-01-15 02:00:00
2021-01-16,3,2021,3.7,Low,27.9,15.8,21.9,71.0,2.99,20.77,6.12,6.12,2021-01-16 02:00:00
2021-01-17,3,2021,2.3,Low,28.5,16.5,22.5,68.0,2.71,22.48,6.68,6.68,2021-01-17 02:00:00
2021-01-18,3,2021,0.2,Low,29.7,14.9,22.3,67.0,3.08,21.85,6.5,6.5,2021-01-18 02:00:00
2021-01-19,3,2021,2.2,Low,28.6,15.4,22.0,70.0,2.91,19.74,5.83,5.83,2021-01-19 02:00:00
2021-01-20,3,2021,3.2,Low,28.0,16.3,22.2,66.0,2.77,22.22,6.58,6.58,2021-01-20 02:00:00
2021-01-21,3,2021,7.3,Low,29.1,16.9,23.0,75.0,2.82,21.65,6.46,6.46,2021-01-21 02:00:00
2021-01-22,3,2021,1.1,Low,26.5,15.0,20.8,72.0,2.84,20.24,5.85,5.85,2021-01-22 02:00:00
2021-01-23,3,2021,2.6,Low,28.3,15.5,21.9,72.0,2.47,21.08,6.19,6.19,2021-01-23 02:00:00
2021-01-24,3,2021,2.1,Low,27.5,14.9,21.2,70.0,2.7,19.51,5.68,5.68,2021-01-24 02:00:00
2021-01-25,3,2021,1.2,Low,30.9,18.0,24.5,68.0,2.52,19.57,6.0,6.0,2021-01-25 02:00:00
2021-01-26,3,2021,1.5,Low,28.9,15.7,22.3,72.0,3.13,22.89,6.76,6.76,2021-01-26 02:00:00
2021-01-27,3,2021,1.5,Low,30.2,18.2,24.2,67.0,2.57,21.77,6.64,6.64,2021-01-27 02:00:00
2021-01-28,3,2021,0.0,Low,28.8,16.7,22.8,72.0,2.69,20.59,6.14,6.14,2021-01-28 02:00:00
2021-01-29,3,2021,2.1,Low,30.0,16.4,23.2,77.0,3.15,20.29,6.08,6.08,2021-01-29 02:00:00
2021-01-30,3,2021,1.9,Low,29.2,17.0,23.1,71.0,3.03,21.73,6.52,6.52,2021-01-30 02:00:00
2021-01-31,3,2021,1.5,Low,28.9,17.2,23.1,73.0,3.33,20.31,6.1,6.1,2021-01-31 02:00:00
2021-02-01,3,2021,0.2,Low,27.6,16.7,22.2,71.0,2.71,20.34,6.01,6.01,2021-02-01 02:00:00
2021-02-02,3,2021,1.4,Low,27.0,14.9,21.0,71.0,2.85,20.17,5.85,5.85,2021-02-02 02:00:00
2021-02-03,3,2021,1.1,Low,28.6,15.2,21.9,70.0,3.8,23.54,6.95,6.95,2021-02-03 02:00:00
2021-02-04,3,2021,2.9,Low,28.1,17.0,22.5,72.0,2.86,21.23,6.31,6.31,2021-02-04 02:00:00
2021-02-05,3,2021,0.0,Low,27.0,15.2,21.1,71.0,3.11,19.58,5.71,5.71,2021-02-05 02:00:00
2021-02-06,3,2021,0.2,Low,28.7,17.6,23.2,72.0,3.31,21.52,6.47,6.47,2021-02-06 02:00:00
2021-02-07,3,2021,2.8,Low,27.6,17.3,22.5,74.0,2.68,23.25,6.87,6.87,2021-02-07 02:00:00
2021-02-08,3,2021,1.0,Low,28.7,16.4,22.6,71.0,2.49,19.83,5.89,5.89,2021-02-08 02:00:00
2021-02-09,3,2021,0.3,Low,26.9,15.3,21.1,68.0,3.54,22.31,6.51,6.51,2021-02-09 02:00:00
2021-02-10,3,2021,2.6,Low,28.3,15.6,22.0,74.0,2.81,22.31,6.55,6.55,2021-02-10 02:00:00
2021-02-11,3,2021,1.2,Low,27.9,16.3,22.1,72.0,3.15,18.64,5.53,5.53,2021-02-11 02:00:00
2021-02-12,3,2021,0.9,Low,27.7,16.5,22.1,73.0,3.12,20.37,6.02,6.02,2021-02-12 02:00:00
2021-02-13,3,2021,2.3,Low,28.7,17.1,22.9,73.0,3.38,21.36,6.39,6.39,2021-02-13 02:00:00
2021-02-14,3,2021,3.9,Low,30.0,17.2,23.6,71.0,3.23,20.91,6.33,6.33,2021-02-14 02:00:00
2021-02-15,3,2021,2.6,Low,30.0,17.1,23.6,71.0,2.04,20.16,6.07,6.07,2021-02-15 02:00:00
2021-02-16,3,2021,0.2,Low,28.4,17.1,22.7,70.0,2.88,21.48,6.41,6.41,2021-02-16 02:00:00
2021-02-17,3,2021,0.9,Low,28.4,16.6,22.5,77.0,3.52,20.42,6.06,6.06,2021-02-17 02:00:00
2021-02-18,3,2021,0.5,Low,26.5,16.1,21.3,76.0,3.26,21.32,6.2,6.2,2021-02-18 02:00:00
2021-02-19,3,2021,1.4,Low,29.2,16.3,22.8,67.0,2.77,20.46,6.12,6.12,2021-02-19 02:00:00
2021-02-20,3,2021,3.3,Low,26.6,15.1,20.9,74.0,3.26,22.02,6.36,6.36,2021-02-20 02:00:00
2021-02-21,3,2021,1.4,Low,29.3,16.4,22.9,75.0,3.06,19.59,5.85,5.85,2021-02-21 02:00:00
2021-02-22,3,2021,1.4,Low,29.1,16.4,22.7,63.0,1.91,21.54,6.43,6.43,2021-02-22 02:00:00
2021-02-23,3,2021,1.9,Low,31.5,17.2,24.4,67.0,3.1,21.69,6.66,6.66,2021-02-23 02:00:00
2021-02-24,3,2021,2.2,Low,28.3,15.4,21.9,74.0,4.03,20.23,5.98,5.98,2021-02-24 02:00:00
2021-02-25,3,2021,3.5,Low,30.4,15.9,23.1,74.0,3.61,21.1,6.34,6.34,2021-02-25 02:00:00
2021-02-26,3,2021,0.8,Low,30.8,16.0,23.4,66.0,2.93,21.57,6.52,6.52,2021-02-26 02:00:00
2021-02-27,3,2021,0.0,Low,29.2,16.5,22.8,70.0,2.54,20.0,5.97,5.97,2021-02-27 02:00:00
2021-02-28,3,2021,1.3,Low,28.7,16.9,22.8,64.0,2.45,21.37,6.4,6.4,2021-02-28 02:00:00
2021-03-01,3,2021,1.2,Low,30.0,17.5,23.8,75.0,1.87,21.34,6.41,6.41,2021-03-01 02:00:00
2021-03-02,3,2021,0.0,Low,28.9,16.7,22.8,72.0,3.1,24.2,7.21,7.21,2021-03-02 02:00:00
2021-03-03,3,2021,5.0,Low,29.1,16.6,22.8,73.0,2.42,19.39,5.78,5.78,2021-03-03 02:00:00
2021-03-04,3,2021,2.5,Low,32.0,18.0,25.0,71.0,2.79,22.01,6.77,6.77,2021-03-04 02:00:00
2021-03-05,3,2021,3.0,Low,29.1,16.8,23.0,68.0,2.85,21.78,6.53,6.53,2021-03-05 02:00:00
2021-03-06,3,2021,0.3,Low,29.0,15.8,22.4,68.0,2.61,23.05,6.83,6.83,2021-03-06 02:00:00
2021-03-07,3,2021,0.3,Low,28.3,16.9,22.6,69.0,3.54,21.89,6.54,6.54,2021-03-07 02:00:00
2021-03-08,3,2021,0.5,Low,28.8,18.1,23.4,72.0,2.94,20.62,6.21,6.21,2021-03-08 02:00:00
2021-03-09,3,2021,0.5,Low,28.3,17.7,23.0,72.0,2.92,22.75,6.8,6.8,2021-03-09 02:00:00
2021-03-10,3,2021,3.3,Low,28.2,15.2,21.7,72.0,2.22,22.29,6.51,6.51,2021-03-10 02:00:00
2021-03-11,3,2021,3.9,Low,30.8,15.8,23.3,67.0,2.89,21.02,6.34,6.34,2021-03-11 02:00:00
2021-03-12,3,2021,3.7,Low,30.0,15.1,22.5,65.0,3.16,22.07,6.6,6.6,2021-03-12 02:00:00
2021-03-13,3,2021,0.0,Low,28.4,17.0,22.7,67.0,2.54,21.34,6.37,6.37,2021-03-13 02:00:00
2021-03-14,3,2021,0.1,Low,27.9,16.9,22.4,67.0,2.3,20.88,6.2,6.2,2021-03-14 02:00:00
2021-03-15,3,2021,0.3,Low,29.5,17.2,23.3,72.0,3.64,20.15,6.09,6.09,2021-03-15 02:00:00
2021-03-16,3,2021,0.2,Low,29.4,18.3,23.8,70.0,2.88,21.02,6.38,6.38,2021-03-16 02:00:00
2021-03-17,3,2021,2.5,Low,28.5,16.8,22.7,70.0,2.92,21.23,6.33,6.33,2021-03-17 02:00:00
2021-03-18,3,2021,0.3,Low,29.6,16.5,23.0,67.0,2.98,21.62,6.5,6.5,2021-03-18 02:00:00
2021-03-19,3,2021,0.9,Low,28.9,16.2,22.6,73.0,3.38,21.89,6.51,6.51,2021-03-19 02:00:00
2021-03-20,3,2021,0.3,Low,28.3,16.0,22.1,70.0,3.15,21.38,6.33,6.33,2021-03-20 02:00:00
2021-03-21,3,2021,0.0,Low,29.0,14.4,21.7,64.0,2.68,23.23,6.83,6.83,2021-03-21 02:00:00
2021-03-22,3,2021,0.2,Low,29.3,15.9,22.6,72.0,2.99,21.46,6.38,6.38,2021-03-22 02:00:00
2021-03-23,3,2021,1.9,Low,27.3,16.7,22.0,72.0,3.53,22.38,6.6,6.6,2021-03-23 02:00:00
2021-03-24,3,2021,0.1,Low,28.9,15.9,22.4,72.0,3.2,22.59,6.7,6.7,2021-03-24 02:00:00
2021-03-25,3,2021,0.8,Low,29.5,16.6,23.0,69.0,3.06,21.72,6.52,6.52,2021-03-25 02:00:00
2021-03-26,3,2021,0.0,Low,28.5,15.7,22.1,71.0,3.18,19.67,5.83,5.83,2021-03-26 02:00:00
2021-03-27,3,2021,0.0,Low,27.0,17.5,22.3,72.0,2.38,21.94,6.47,6.47,2021-03-27 02:00:00
2021-03-28,3,2021,4.4,Low,27.4,16.6,22.0,71.0,2.93,21.24,6.26,6.26,2021-03-28 02:00:00
2021-03-29,3,2021,1.9,Low,29.4,18.3,23.9,70.0,2.96,20.68,6.29,6.29,2021-03-29 02:00:00
2021-03-30,3,2021,7.8,Low,29.2,17.4,23.3,74.0,3.56,21.61,6.5,6.5,2021-03-30 02:00:00
2021-03-31,3,2021,0.0,Low,28.0,17.2,22.6,70.0,3.01,21.86,6.51,6.51,2021-03-31 02:00:00
2021-04-01,3,2021,0.6,Low,29.0,17.4,23.2,71.0,3.49,21.95,6.6,6.6,2021-04-01 02:00:00
2021-04-02,3,2021,1.3,Low,28.4,15.7,22.0,67.0,3.27,19.58,5.83,5.83,2021-04-02 02:00:00
2021-04-03,3,2021,2.5,Low,30.2,16.8,23.5,72.0,3.71,22.56,6.82,6.82,2021-04-03 02:00:00
2021-04-04,3,2021,0.5,Low,30.6,17.4,24.0,67.0,2.74,22.07,6.71,6.71,2021-04-04 02:00:00
2021-04-05,3,2021,2.0,Low,28.2,17.6,22.9,72.0,3.34,21.79,6.52,6.52,2021-04-05 02:00:00
2021-04-06,3,2021,0.2,Low,28.3,16.9,22.6,66.0,3.15,21.24,6.35,6.35,2021-04-06 02:00:00
2021-04-07,3,2021,0.9,Low,29.9,17.5,23.7,68.0,3.32,21.98,6.68,6.68,2021-04-07 02:00:00
2021-04-08,3,2021,0.4,Low,27.8,16.2,22.0,69.0,3.62,20.66,6.13,6.13,2021-04-08 02:00:00
2021-04-09,3,2021,0.6,Low,30.4,16.9,23.7,64.0,3.09,19.64,5.99,5.99,2021-04-09 02:00:00
2021-04-10,3,2021,5.1,Low,29.8,17.5,23.6,67.0,2.91,22.8,6.91,6.91,2021-04-10 02:00:00
2021-04-11,3,2021,3.4,Low,28.2,16.6,22.4,66.0,2.72,22.69,6.74,6.74,2021-04-11 02:00:00
2021-04-12,3,2021,1.7,Low,28.4,16.8,22.6,63.0,3.39,21.99,6.59,6.59,2021-04-12 02:00:00
2021-04-13,3,2021,5.4,Low,30.2,16.4,23.3,68.0,2.8,21.6,6.5,6.5,2021-04-13 02:00:00
2021-04-14,3,2021,0.7,Low,28.3,17.0,22.6,67.0,3.8,21.73,6.52,6.52,2021-04-14 02:00:00
2021-04-15,3,2021,0.3,Low,28.6,17.4,23.0,66.0,3.11,23.81,7.14,7.14,2021-04-15 02:00:00
2021-04-16,3,2021,3.1,Low,30.2,16.1,23.1,73.0,3.14,20.45,6.14,6.14,2021-04-16 02:00:00
2021-04-17,3,2021,1.9,Low,29.5,16.5,23.0,72.0,2.73,22.21,6.63,6.63,2021-04-17 02:00:00
2021-04-18,3,2021,0.1,Low,28.0,18.0,23.0,74.0,3.62,22.25,6.66,6.66,2021-04-18 02:00:00
2021-04-19,3,2021,0.0,Low,30.0,16.6,23.3,68.0,3.25,20.97,6.34,6.34,2021-04-19 02:00:00
2021-04-20,3,2021,0.0,Low,28.3,16.0,22.1,67.0,3.1,22.05,6.54,6.54,2021-04-20 02:00:00
2021-04-21,3,2021,0.1,Low,30.2,17.2,23.7,69.0,3.0,22.22,6.73,6.73,2021-04-21 02:00:00
2021-04-22,3,2021,2.5,Low,29.1,16.7,22.9,66.0,3.02,23.01,6.9,6.9,2021-04-22 02:00:00
2021-04-23,3,2021,2.5,Low,28.6,17.0,22.8,70.0,3.17,21.06,6.3,6.3,2021-04-23 02:00:00
2021-04-24,3,2021,11.5,Low,28.6,16.8,22.7,72.0,2.78,22.4,6.66,6.66,2021-04-24 02:00:00
2021-04-25,3,2021,0.0,Low,29.6,14.9,22.3,69.0,2.55,24.72,7.29,7.29,2021-04-25 02:00:00
2021-04-26,3,2021,7.5,Low,28.6,16.1,22.4,72.0,3.0,23.25,6.87,6.87,2021-04-26 02:00:00
2021-04-27,3,2021,0.2,Low,28.5,17.3,22.9,72.0,2.38,22.91,6.81,6.81,2021-04-27 02:00:00
2021-04-28,3,2021,3.9,Low,30.8,16.1,23.5,68.0,2.85,23.52,7.09,7.09,2021-04-28 02:00:00
2021-04-29,3,2021,0.3,Low,30.7,15.4,23.0,61.0,3.17,21.75,6.58,6.58,2021-04-29 02:00:00
2021-04-30,3,2021,0.0,Low,28.9,16.3,22.6,65.0,2.89,22.33,6.67,6.67,2021-04-30 02:00:00
2021-05-01,3,2021,0.1,Low,29.0,16.9,22.9,67.0,3.39,22.05,6.63,6.63,2021-05-01 02:00:00
2021-05-02,3,2021,0.9,Moderate,30.6,17.9,24.3,65.0,3.31,21.89,6.72,6.72,2021-05-02 02:00:00
2021-05-03,3,2021,0.3,Moderate,29.1,16.4,22.7,64.0,2.22,20.58,6.15,6.15,2021-05-03 02:00:00
2021-05-04,3,2021,5.4,Moderate,28.4,16.7,22.6,69.0,2.99,22.59,6.72,6.72,2021-05-04 02:00:00
2021-05-05,3,2021,0.3,Moderate,28.8,16.8,22.8,66.0,2.6,23.66,7.06,7.06,2021-05-05 02:00:00
2021-05-06,3,2021,2.1,Moderate,30.1,17.4,23.8,70.0,3.12,22.5,6.82,6.82,2021-05-06 02:00:00
2021-05-07,3,2021,0.0,Moderate,30.8,16.0,23.4,65.0,2.69,21.98,6.64,6.64,2021-05-07 02:00:00
2021-05-08,3,2021,1.8,Moderate,30.1,17.0,23.5,65.0,2.91,22.42,6.79,6.79,2021-05-08 02:00:00
2021-05-09,3,2021,2.6,Moderate,29.1,16.6,22.8,69.0,2.63,20.83,6.23,6.23,2021-05-09 02:00:00
2021-05-10,3,2021,2.1,Moderate,29.7,16.7,23.2,70.0,2.27,22.36,6.69,6.69,2021-05-10 02:00:00
2021-05-11,3,2021,0.0,Moderate,29.0,17.5,23.2,66.0,2.94,23.15,6.97,6.97,2021-05-11 02:00:00
2021-05-12,3,2021,9.3,Moderate,31.5,15.9,23.7,75.0,3.81,22.96,6.94,6.94,2021-05-12 02:00:00
2021-05-13,3,2021,1.0,Moderate,29.2,15.3,22.2,70.0,2.99,21.4,6.34,6.34,2021-05-13 02:00:00
2021-05-14,3,2021,0.9,Moderate,29.7,17.0,23.4,67.0,3.73,21.61,6.55,6.55,2021-05-14 02:00:00
2021-05-15,3,2021,22.9,Moderate,30.4,15.9,23.1,60.0,2.75,22.25,6.72,6.72,2021-05-15 02:00:00
2021-05-16,3,2021,1.2,Moderate,29.2,17.1,23.1,68.0,2.98,22.74,6.83,6.83,2021-05-16 02:00:00
2021-05-17,3,2021,1.9,Moderate,29.4,16.6,23.0,67.0,2.62,21.99,6.59,6.59,2021-05-17 02:00:00
2021-05-18,3,2021,0.9,Moderate,29.5,15.8,22.6,72.0,3.41,22.97,6.84,6.84,2021-05-18 02:00:00
2021-05-19,3,2021,0.5,Moderate,30.0,17.3,23.7,69.0,2.76,22.03,6.66,6.66,2021-05-19 02:00:00
2021-05-20,3,2021,0.0,Moderate,29.5,16.0,22.8,65.0,2.68,21.74,6.5,6.5,2021-05-20 02:00:00
2021-05-21,3,2021,6.6,Moderate,28.9,17.0,22.9,68.0,2.78,22.84,6.83,6.83,2021-05-21 02:00:00
2021-05-22,3,2021,0.8,Moderate,30.5,16.3,23.4,63.0,2.8,21.4,6.49,6.49,2021-05-22 02:00:00
2021-05-23,3,2021,1.2,Moderate,28.9,16.7,22.8,71.0,2.9,21.93,6.54,6.54,2021-05-23 02:00:00
2021-05-24,3,2021,1.6,Moderate,29.5,16.0,22.8,66.0,2.06,22.91,6.82,6.82,2021-05-24 02:00:00
2021-05-25,3,2021,1.7,Moderate,30.6,16.8,23.7,64.0,2.34,22.01,6.67,6.67,2021-05-25 02:00:00
2021-05-26,3,2021,1.1,Moderate,31.0,17.8,24.4,64.0,2.58,21.18,6.51,6.51,2021-05-26 02:00:00
2021-05-27,3,2021,1.2,Moderate,29.5,17.6,23.6,68.0,3.16,20.43,6.2,6.2,2021-05-27 02:00:00
2021-05-28,3,2021,2.8,Moderate,30.0,18.1,24.0,66.0,3.01,20.71,6.33,6.33,2021-05-28 02:00:00
2021-05-29,3,2021,2.3,Moderate,30.7,17.8,24.3,66.0,2.45,20.67,6.32,6.32,2021-05-29 02:00:00
2021-05-30,3,2021,3.2,Moderate,31.2,15.5,23.4,64.0,3.03,21.96,6.65,6.65,2021-05-30 02:00:00
2021-05-31,3,2021,0.6,Moderate,29.7,17.8,23.8,74.0,3.45,22.35,6.76,6.76,2021-05-31 02:00:00
2021-06-01,3,2021,5.5,Moderate,28.0,16.4,22.2,69.0,2.96,20.86,6.19,6.19,2021-06-01 02:00:00
2021-06-02,3,2021,0.9,Moderate,29.3,17.2,23.3,69.0,2.72,26.06,7.8,7.8,2021-06-02 02:00:00
2021-06-03,3,2021,0.2,Moderate,29.0,17.1,23.0,65.0,2.89,23.2,6.97,6.97,2021-06-03 02:00:00
2021-06-04,3,2021,0.0,Moderate,30.2,17.4,23.8,65.0,2.98,23.32,7.09,7.09,2021-06-04 02:00:00
2021-06-05,3,2021,0.0,Moderate,29.6,16.3,23.0,71.0,3.25,22.85,6.84,6.84,2021-06-05 02:00:00
2021-06-06,3,2021,0.4,Moderate,30.2,17.2,23.7,65.0,2.68,22.68,6.87,6.87,2021-06-06 02:00:00
2021-06-07,3,2021,0.3,Moderate,28.6,18.1,23.4,63.0,3.22,20.76,6.32,6.32,2021-06-07 02:00:00
2021-06-08,3,2021,1.8,Moderate,30.5,18.2,24.3,65.0,3.11,21.3,6.55,6.55,2021-06-08 02:00:00
2021-06-09,3,2021,0.0,Moderate,28.6,17.0,22.8,69.0,2.5,21.72,6.48,6.48,2021-06-09 02:00:00
2021-06-10,3,2021,9.9,Moderate,30.8,16.5,23.7,67.0,2.96,21.82,6.62,6.62,2021-06-10 02:00:00
2021-06-11,3,2021,0.7,Moderate,28.7,17.4,23.0,67.0,2.96,22.13,6.65,6.65,2021-06-11 02:00:00
2021-06-12,3,2021,1.1,Moderate,28.8,18.6,23.7,65.0,2.72,21.17,6.43,6.43,2021-06-12 02:00:00
2021-06-13,3,2021,5.3,Moderate,30.4,16.7,23.6,65.0,2.2,22.1,6.67,6.67,2021-06-13 02:00:00
2021-06-14,3,2021,0.5,Moderate,28.2,17.1,22.7,65.0,3.53,23.12,6.93,6.93,2021-06-14 02:00:00
2021-06-15,3,2021,1.4,Moderate,29.9,16.9,23.4,64.0,2.66,20.95,6.34,6.34,2021-06-15 02:00:00
2021-06-16,3,2021,0.7,Moderate,31.0,17.5,24.2,64.0,3.15,22.04,6.76,6.76,2021-06-16 02:00:00
2021-06-17,3,2021,1.4,Moderate,29.7,16.1,22.9,68.0,2.97,22.36,6.7,6.7,2021-06-17 02:00:00
2021-06-18,3,2021,3.6,Moderate,30.2,17.5,23.9,68.0,3.47,22.39,6.82,6.82,2021-06-18 02:00:00
2021-06-19,3,2021,0.0,Moderate,30.8,17.0,23.9,66.0,3.73,20.61,6.32,6.32,2021-06-19 02:00:00
2021-06-20,3,2021,0.2,Moderate,29.5,17.1,23.3,60.0,2.97,24.34,7.36,7.36,2021-06-20 02:00:00
2021-06-21,3,2021,0.9,Moderate,31.1,17.9,24.5,67.0,3.8,21.43,6.61,6.61,2021-06-21 02:00:00
2021-06-22,3,2021,1.7,Moderate,29.8,17.6,23.7,66.0,2.89,24.31,7.36,7.36,2021-06-22 02:00:00
2021-06-23,3,2021,1.0,Moderate,29.6,17.3,23.4,62.0,2.83,21.79,6.61,6.61,2021-06-23 02:00:00
2021-06-24,3,2021,0.0,Moderate,30.4,18.4,24.4,65.0,3.18,23.78,7.3,7.3,2021-06-24 02:00:00
2021-06-25,3,2021,2.5,Moderate,31.1,17.7,24.4,70.0,2.88,22.16,6.77,6.77,2021-06-25 02:00:00
2021-06-26,3,2021,0.0,Moderate,29.6,17.3,23.4,71.0,2.96,22.28,6.71,6.71,2021-06-26 02:00:00
2021-06-27,3,2021,2.9,Moderate,32.3,16.5,24.4,68.0,2.55,21.96,6.71,6.71,2021-06-27 02:00:00
2021-06-28,3,2021,1.4,Moderate,31.2,17.1,24.2,68.0,2.87,22.08,6.73,6.73,2021-06-28 02:00:00
2021-06-29,3,2021,1.0,Moderate,29.8,15.9,22.8,71.0,3.0,23.78,7.09,7.09,2021-06-29 02:00:00
2021-06-30,3,2021,14.1,Moderate,28.6,17.5,23.1,63.0,2.5,22.82,6.86,6.86,2021-06-30 02:00:00
2021-07-01,3,2021,0.0,Moderate,31.4,18.1,24.7,61.0,2.77,24.3,7.49,7.49,2021-07-01 02:00:00
2021-07-02,3,2021,0.0,Moderate,29.2,18.2,23.7,65.0,2.76,22.38,6.79,6.79,2021-07-02 02:00:00
2021-07-03,3,2021,0.5,Moderate,32.3,16.9,24.6,69.0,2.63,22.37,6.85,6.85,2021-07-03 02:00:00
2021-07-04,3,2021,2.8,Moderate,32.6,17.4,25.0,64.0,2.77,23.26,7.19,7.19,2021-07-04 02:00:00
2021-07-05,3,2021,0.5,Moderate,30.5,16.0,23.2,69.0,2.08,23.0,6.88,6.88,2021-07-05 02:00:00
2021-07-06,3,2021,0.0,Moderate,31.4,17.7,24.5,65.0,2.73,23.63,7.24,7.24,2021-07-06 02:00:00
2021-07-07,3,2021,0.8,Moderate,32.4,18.0,25.2,66.0,2.7,21.63,6.7,6.7,2021-07-07 02:00:00
2021-07-08,3,2021,6.8,Moderate,30.1,17.0,23.6,68.0,2.94,23.32,7.04,7.04,2021-07-08 02:00:00
2021-07-09,3,2021,0.0,Moderate,30.1,18.8,24.4,61.0,2.6,22.93,7.04,7.04,2021-07-09 02:00:00
2021-07-10,3,2021,2.7,Moderate,31.3,17.7,24.5,63.0,3.53,21.07,6.52,6.52,2021-07-10 02:00:00
2021-07-11,3,2021,0.0,Moderate,30.1,16.6,23.3,67.0,3.01,22.62,6.82,6.82,2021-07-11 02:00:00
2021-07-12,3,2021,5.6,Moderate,30.0,17.6,23.8,67.0,3.38,22.01,6.71,6.71,2021-07-12 02:00:00
2021-07-13,3,2021,6.3,Moderate,30.8,18.4,24.6,63.0,2.8,24.95,7.66,7.66,2021-07-13 02:00:00
2021-07-14,3,2021,0.0,Moderate,31.6,18.3,25.0,65.0,3.17,22.51,6.97,6.97,2021-07-14 02:00:00
2021-07-15,3,2021,1.3,Moderate,30.2,18.4,24.3,70.0,3.65,23.29,7.12,7.12,2021-07-15 02:00:00
2021-07-16,3,2021,1.2,Moderate,30.9,17.9,24.4,65.0,3.02,22.44,6.89,6.89,2021-07-16 02:00:00
2021-07-17,3,2021,0.2,Moderate,29.6,17.2,23.4,61.0,3.61,21.43,6.54,6.54,2021-07-17 02:00:00
2021-07-18,3,2021,1.0,Moderate,30.9,16.6,23.8,69.0,2.81,23.7,7.17,7.17,2021-07-18 02:00:00
2021-07-19,3,2021,1.6,Moderate,29.9,17.4,23.6,57.0,3.07,22.84,6.98,6.98,2021-07-19 02:00:00
2021-07-20,3,2021,0.3,Moderate,32.0,16.2,24.1,73.0,3.52,24.47,7.43,7.43,2021-07-20 02:00:00
2021-07-21,3,2021,1.6,Moderate,30.3,16.8,23.5,69.0,3.32,23.69,7.15,7.15,2021-07-21 02:00:00
2021-07-22,3,2021,1.5,Moderate,32.6,17.1,24.9,64.0,2.89,21.25,6.57,6.57,2021-07-22 02:00:00
2021-07-23,3,2021,1.3,Moderate,28.9,16.7,22.8,70.0,2.67,22.44,6.69,6.69,2021-07-23 02:00:00
2021-07-24,3,2021,1.5,Moderate,29.6,17.8,23.7,65.0,2.62,23.22,7.03,7.03,2021-07-24 02:00:00
2021-07-25,3,2021,0.6,Moderate,31.0,17.2,24.1,66.0,2.44,22.64,6.89,6.89,2021-07-25 02:00:00
2021-07-26,3,2021,3.3,Moderate,33.3,17.5,25.4,72.0,2.73,22.66,7.0,7.0,2021-07-26 02:00:00
2021-07-27,3,2021,1.3,Moderate,30.6,16.6,23.6,63.0,2.61,22.4,6.79,6.79,2021-07-27 02:00:00
2021-07-28,3,2021,6.5,Moderate,32.9,15.5,24.2,64.0,3.01,22.11,6.78,6.78,2021-07-28 02:00:00
2021-07-29,3,2021,3.0,Moderate,30.1,16.7,23.4,64.0,2.61,24.49,7.38,7.38,2021-07-29 02:00:00
2021-07-30,3,2021,0.6,Moderate,31.8,17.9,24.9,67.0,3.17,23.09,7.12,7.12,2021-07-30 02:00:00
2021-07-31,3,2021,0.0,Moderate,32.7,18.0,25.3,69.0,2.92,23.6,7.3,7.3,2021-07-31 02:00:00
2021-08-01,3,2021,0.2,Moderate,31.0,16.7,23.9,65.0,2.82,22.4,6.82,6.82,2021-08-01 02:00:00
2021-08-02,3,2021,0.1,Moderate,30.3,17.3,23.8,66.0,3.49,23.65,7.2,7.2,2021-08-02 02:00:00
2021-08-03,3,2021,0.1,Moderate,31.8,17.8,24.8,60.0,3.58,23.8,7.39,7.39,2021-08-03 02:00:00
2021-08-04,3,2021,1.1,Moderate,32.4,17.7,25.0,68.0,2.29,22.53,6.93,6.93,2021-08-04 02:00:00
2021-08-05,3,2021,0.5,Moderate,29.8,16.8,23.3,70.0,3.45,23.39,7.04,7.04,2021-08-05 02:00:00
2021-08-06,3,2021,3.9,Moderate,30.2,18.5,24.3,68.0,3.21,22.68,6.94,6.94,2021-08-06 02:00:00
2021-08-07,3,2021,7.5,Moderate,31.8,19.1,25.5,64.0,3.1,23.96,7.46,7.46,2021-08-07 02:00:00
2021-08-08,3,2021,0.3,Moderate,30.3,17.3,23.8,61.0,2.61,24.27,7.37,7.37,2021-08-08 02:00:00
2021-08-09,3,2021,5.7,Moderate,31.2,17.7,24.4,68.0,3.13,24.44,7.47,7.47,2021-08-09 02:00:00
2021-08-10,3,2021,2.2,Moderate,31.4,16.8,24.1,67.0,2.42,23.06,7.01,7.01,2021-08-10 02:00:00
2021-08-11,3,2021,2.3,Moderate,30.2,18.2,24.2,66.0,3.03,23.23,7.1,7.1,2021-08-11 02:00:00
2021-08-12,3,2021,0.0,Moderate,29.8,18.7,24.2,64.0,2.37,22.64,6.91,6.91,2021-08-12 02:00:00
2021-08-13,3,2021,4.3,Moderate,29.9,18.9,24.4,63.0,2.63,24.56,7.52,7.52,2021-08-13 02:00:00
2021-08-14,3,2021,0.5,Moderate,30.3,18.0,24.1,63.0,2.84,23.2,7.09,7.09,2021-08-14 02:00:00
2021-08-15,3,2021,0.6,Moderate,31.4,16.2,23.8,66.0,2.39,22.88,6.93,6.93,2021-08-15 02:00:00
2021-08-16,3,2021,0.0,Moderate,30.9,17.9,24.4,68.0,3.46,24.35,7.46,7.46,2021-08-16 02:00:00
2021-08-17,3,2021,1.0,Moderate,31.8,17.4,24.6,61.0,3.15,22.2,6.86,6.86,2021-08-17 02:00:00
2021-08-18,3,2021,1.2,Moderate,30.5,18.8,24.6,66.0,2.58,23.27,7.14,7.14,2021-08-18 02:00:00
2021-08-19,3,2021,0.3,Moderate,31.9,18.6,25.2,63.0,3.64,23.66,7.38,7.38,2021-08-19 02:00:00
2021-08-20,3,2021,0.5,Moderate,31.3,18.3,24.8,63.0,1.82,23.7,7.27,7.27,2021-08-20 02:00:00
2021-08-21,3,2021,1.1,Moderate,30.6,18.3,24.5,56.0,3.8,22.63,7.04,7.04,2021-08-21 02:00:00
2021-08-22,3,2021,3.5,Moderate,30.8,17.8,24.3,63.0,2.91,22.97,7.04,7.04,2021-08-22 02:00:00
2021-08-23,3,2021,0.0,Moderate,30.4,19.0,24.7,68.0,3.46,23.56,7.25,7.25,2021-08-23 02:00:00
2021-08-24,3,2021,0.0,Moderate,30.3,18.5,24.4,64.0,3.18,24.52,7.52,7.52,2021-08-24 02:00:00
2021-08-25,3,2021,3.7,Moderate,30.5,17.2,23.8,65.0,2.67,26.0,7.87,7.87,2021-08-25 02:00:00
2021-08-26,3,2021,1.6,Moderate,31.8,16.5,24.1,67.0,3.18,24.76,7.55,7.55,2021-08-26 02:00:00
2021-08-27,3,2021,0.0,Moderate,32.2,17.5,24.9,64.0,2.97,22.86,7.06,7.06,2021-08-27 02:00:00
2021-08-28,3,2021,0.0,Moderate,31.5,16.9,24.2,61.0,3.15,23.66,7.26,7.26,2021-08-28 02:00:00
2021-08-29,3,2021,6.8,Moderate,30.4,18.9,24.6,60.0,3.15,22.98,7.11,7.11,2021-08-29 02:00:00
2021-08-30,3,2021,0.3,High,29.3,17.1,23.2,65.0,2.64,24.6,7.39,7.39,2021-08-30 02:00:00
2021-08-31,3,2021,0.8,High,31.4,17.2,24.3,66.0,3.12,23.25,7.12,7.12,2021-08-31 02:00:00
2021-09-01,3,2021,0.0,High,30.0,17.5,23.7,66.0,2.57,22.52,6.82,6.82,2021-09-01 02:00:00
2021-09-02,3,2021,3.3,High,33.1,16.8,25.0,65.0,3.6,24.24,7.5,7.5,2021-09-02 02:00:00
2021-09-03,3,2021,12.3,High,32.9,18.3,25.6,64.0,3.46,22.36,7.01,7.01,2021-09-03 02:00:00
2021-09-04,3,2021,3.1,High,29.1,18.0,23.6,65.0,2.58,23.7,7.16,7.16,2021-09-04 02:00:00
2021-09-05,3,2021,0.8,High,30.8,15.4,23.1,72.0,3.12,23.42,7.01,7.01,2021-09-05 02:00:00
2021-09-06,3,2021,1.0,High,30.2,18.4,24.3,65.0,3.04,22.79,6.99,6.99,2021-09-06 02:00:00
2021-09-07,3,2021,0.0,High,33.6,16.5,25.1,66.0,3.42,23.63,7.32,7.32,2021-09-07 02:00:00
2021-09-08,3,2021,5.6,High,31.3,16.9,24.1,61.0,2.47,22.69,6.93,6.93,2021-09-08 02:00:00
2021-09-09,3,2021,2.2,High,30.5,16.7,23.6,67.0,3.01,24.19,7.32,7.32,2021-09-09 02:00:00
2021-09-10,3,2021,2.6,High,34.4,18.9,26.7,63.0,2.63,22.09,6.99,6.99,2021-09-10 02:00:00
2021-09-11,3,2021,0.3,High,32.0,17.9,25.0,63.0,2.69,24.4,7.53,7.53,2021-09-11 02:00:00
2021-09-12,3,2021,2.7,High,33.0,17.5,25.3,65.0,3.72,25.59,7.96,7.96,2021-09-12 02:00:00
2021-09-13,3,2021,0.0,High,32.9,17.4,25.1,61.0,3.38,25.05,7.79,7.79,2021-09-13 02:00:00
2021-09-14,3,2021,0.0,High,32.0,18.1,25.1,68.0,2.87,24.23,7.47,7.47,2021-09-14 02:00:00
2021-09-15,3,2021,2.7,High,31.2,17.7,24.5,62.0,3.72,23.07,7.13,7.13,2021-09-15 02:00:00
2021-09-16,3,2021,0.0,High,30.4,17.5,23.9,60.0,3.83,24.7,7.57,7.57,2021-09-16 02:00:00
2021-09-17,3,2021,1.9,High,29.4,18.7,24.0,64.0,3.01,22.13,6.76,6.76,2021-09-17 02:00:00
2021-09-18,3,2021,3.6,High,32.8,17.3,25.1,59.0,3.52,23.87,7.44,7.44,2021-09-18 02:00:00
2021-09-19,3,2021,0.0,High,31.4,17.7,24.5,65.0,2.5,21.72,6.67,6.67,2021-09-19 02:00:00
2021-09-20,3,2021,2.5,High,31.6,16.6,24.1,67.0,2.04,23.93,7.25,7.25,2021-09-20 02:00:00
2021-09-21,3,2021,0.0,High,30.6,18.4,24.5,66.0,2.37,23.51,7.19,7.19,2021-09-21 02:00:00
2021-09-22,3,2021,0.0,High,30.9,18.3,24.6,59.0,2.67,23.22,7.16,7.16,2021-09-22 02:00:00
2021-09-23,3,2021,0.6,High,30.5,16.4,23.4,64.0,3.24,25.72,7.76,7.76,2021-09-23 02:00:00
2021-09-24,3,2021,0.7,High,30.6,19.1,24.8,62.0,3.28,23.27,7.21,7.21,2021-09-24 02:00:00
2021-09-25,3,2021,2.6,High,31.2,18.6,24.9,66.0,2.95,23.91,7.37,7.37,2021-09-25 02:00:00
2021-09-26,3,2021,0.7,High,30.7,18.7,24.7,55.0,2.79,21.99,6.82,6.82,2021-09-26 02:00:00
2021-09-27,3,2021,2.3,High,31.6,18.3,25.0,60.0,2.55,25.54,7.88,7.88,2021-09-27 02:00:00
2021-09-28,3,2021,1.2,High,29.6,17.5,23.5,67.0,2.96,22.34,6.75,6.75,2021-09-28 02:00:00
2021-09-29,3,2021,1.2,High,31.8,17.8,24.8,64.0,2.62,23.28,7.17,7.17,2021-09-29 02:00:00
2021-09-30,3,2021,0.0,High,32.1,16.5,24.3,58.0,3.08,22.12,6.83,6.83,2021-09-30 02:00:00
2021-10-01,3,2021,0.2,High,32.7,17.5,25.1,60.0,2.48,23.6,7.31,7.31,2021-10-01 02:00:00
2021-10-02,3,2021,1.5,High,32.9,17.3,25.1,59.0,2.58,22.33,6.94,6.94,2021-10-02 02:00:00
2021-10-03,3,2021,0.3,High,31.4,17.6,24.5,66.0,3.75,24.05,7.4,7.4,2021-10-03 02:00:00
2021-10-04,3,2021,6.5,High,32.0,17.1,24.6,64.0,3.15,25.08,7.71,7.71,2021-10-04 02:00:00
2021-10-05,3,2021,1.0,High,34.2,18.9,26.6,62.0,3.37,25.25,7.99,7.99,2021-10-05 02:00:00
2021-10-06,3,2021,1.8,High,31.9,18.5,25.2,63.0,3.25,24.69,7.66,7.66,2021-10-06 02:00:00
2021-10-07,3,2021,0.0,High,30.3,18.9,24.6,66.0,3.26,25.3,7.77,7.77,2021-10-07 02:00:00
2021-10-08,3,2021,3.0,High,32.2,18.2,25.2,61.0,2.78,23.87,7.41,7.41,2021-10-08 02:00:00
2021-10-09,3,2021,0.1,High,31.8,17.3,24.6,57.0,2.63,25.2,7.76,7.76,2021-10-09 02:00:00
2021-10-10,3,2021,0.0,High,30.0,16.9,23.5,69.0,3.39,23.28,7.03,7.03,2021-10-10 02:00:00
2021-10-11,3,2021,0.6,High,32.0,17.7,24.8,61.0,2.6,23.95,7.38,7.38,2021-10-11 02:00:00
2021-10-12,3,2021,0.0,High,30.7,18.8,24.7,59.0,2.28,24.45,7.52,7.52,2021-10-12 02:00:00
2021-10-13,3,2021,0.8,High,32.0,18.1,25.1,57.0,2.41,23.55,7.3,7.3,2021-10-13 02:00:00
2021-10-14,3,2021,3.0,High,31.9,17.2,24.6,63.0,2.49,25.26,7.74,7.74,2021-10-14 02:00:00
2021-10-15,3,2021,0.0,High,33.3,17.8,25.5,62.0,3.27,22.71,7.11,7.11,2021-10-15 02:00:00
2021-10-16,3,2021,0.7,High,31.7,19.1,25.4,63.0,3.11,23.04,7.18,7.18,2021-10-16 02:00:00
2021-10-17,3,2021,0.9,High,31.9,17.1,24.5,59.0,2.83,23.05,7.1,7.1,2021-10-17 02:00:00
2021-10-18,3,2021,3.0,High,32.4,17.8,25.1,63.0,2.29,22.17,6.86,6.86,2021-10-18 02:00:00
2021-10-19,3,2021,0.5,High,33.1,18.7,25.9,57.0,2.72,24.33,7.64,7.64,2021-10-19 02:00:00
2021-10-20,3,2021,0.0,High,32.6,18.3,25.5,59.0,2.55,24.69,7.68,7.68,2021-10-20 02:00:00
2021-10-21,3,2021,0.2,High,30.7,18.8,24.8,62.0,3.17,24.2,7.48,7.48,2021-10-21 02:00:00
2021-10-22,3,2021,2.2,High,31.6,18.9,25.3,67.0,2.94,23.39,7.25,7.25,2021-10-22 02:00:00
2021-10-23,3,2021,1.6,High,31.8,17.8,24.8,59.0,2.64,23.85,7.37,7.37,2021-10-23 02:00:00
2021-10-24,3,2021,0.0,High,32.5,19.0,25.8,68.0,3.18,22.61,7.06,7.06,2021-10-24 02:00:00
2021-10-25,3,2021,2.0,High,31.1,17.1,24.1,66.0,3.34,24.16,7.37,7.37,2021-10-25 02:00:00
2021-10-26,3,2021,2.8,High,32.3,19.1,25.7,57.0,3.98,23.49,7.43,7.43,2021-10-26 02:00:00
2021-10-27,3,2021,1.2,High,32.5,17.7,25.1,70.0,2.9,23.85,7.35,7.35,2021-10-27 02:00:00
2021-10-28,3,2021,3.4,High,33.0,17.6,25.3,62.0,3.83,23.96,7.49,7.49,2021-10-28 02:00:00
2021-10-29,3,2021,0.0,High,30.7,18.8,24.8,64.0,3.37,22.9,7.08,7.08,2021-10-29 02:00:00
2021-10-30,3,2021,0.0,High,32.8,18.3,25.5,59.0,3.08,23.35,7.31,7.31,2021-10-30 02:00:00
2021-10-31,3,2021,0.0,High,33.9,19.0,26.5,55.0,2.31,23.0,7.28,7.28,2021-10-31 02:00:00
2021-11-01,3,2021,1.1,High,33.9,15.9,24.9,58.0,2.82,24.11,7.47,7.47,2021-11-01 02:00:00
2021-11-02,3,2021,1.3,High,30.7,18.3,24.5,61.0,3.46,23.79,7.34,7.34,2021-11-02 02:00:00
2021-11-03,3,2021,1.9,High,30.8,17.9,24.4,63.0,3.52,23.46,7.22,7.22,2021-11-03 02:00:00
2021-11-04,3,2021,0.2,High,32.9,18.6,25.7,61.0,3.54,24.85,7.8,7.8,2021-11-04 02:00:00
2021-11-05,3,2021,0.3,High,30.1,20.1,25.1,63.0,2.67,22.68,7.03,7.03,2021-11-05 02:00:00
2021-11-06,3,2021,1.9,High,32.4,17.7,25.1,64.0,2.2,23.19,7.15,7.15,2021-11-06 02:00:00
2021-11-07,3,2021,1.2,High,32.5,18.1,25.3,66.0,3.23,24.49,7.59,7.59,2021-11-07 02:00:00
2021-11-08,3,2021,0.0,High,32.6,18.4,25.5,65.0,2.74,23.95,7.44,7.44,2021-11-08 02:00:00
2021-11-09,3,2021,0.0,High,31.4,17.0,24.2,63.0,3.1,26.44,8.07,8.07,2021-11-09 02:00:00
2021-11-10,3,2021,0.2,High,31.4,18.5,24.9,63.0,2.53,25.82,7.95,7.95,2021-11-10 02:00:00
2021-11-11,3,2021,0.5,High,33.4,19.4,26.4,59.0,4.17,24.04,7.66,7.66,2021-11-11 02:00:00
2021-11-12,3,2021,4.3,High,30.9,18.4,24.7,55.0,3.18,23.1,7.18,7.18,2021-11-12 02:00:00
2021-11-13,3,2021,2.2,High,31.0,16.9,24.0,61.0,3.54,22.74,6.98,6.98,2021-11-13 02:00:00
2021-11-14,3,2021,1.9,High,31.6,17.9,24.7,66.0,3.53,24.92,7.68,7.68,2021-11-14 02:00:00
2021-11-15,3,2021,0.0,High,32.6,18.1,25.3,62.0,2.71,24.53,7.62,7.62,2021-11-15 02:00:00
2021-11-16,3,2021,1.6,High,31.2,18.3,24.7,56.0,3.41,24.61,7.64,7.64,2021-11-16 02:00:00
2021-11-17,3,2021,2.2,High,32.2,18.5,25.4,66.0,2.98,24.47,7.59,7.59,2021-11-17 02:00:00
2021-11-18,3,2021,2.5,High,33.1,18.1,25.6,61.0,2.43,25.33,7.87,7.87,2021-11-18 02:00:00
2021-11-19,3,2021,0.1,High,31.4,18.5,24.9,63.0,2.96,22.98,7.11,7.11,2021-11-19 02:00:00
2021-11-20,3,2021,0.1,High,30.6,18.1,24.3,61.0,3.5,23.2,7.15,7.15,2021-11-20 02:00:00
2021-11-21,3,2021,1.3,High,33.6,18.9,26.3,62.0,2.76,24.29,7.63,7.63,2021-11-21 02:00:00
2021-11-22,3,2021,0.0,High,30.5,19.0,24.8,63.0,3.1,24.81,7.64,7.64,2021-11-22 02:00:00
2021-11-23,3,2021,1.6,High,33.5,19.3,26.4,66.0,2.47,24.36,7.63,7.63,2021-11-23 02:00:00
2021-11-24,3,2021,0.7,High,33.4,18.1,25.8,57.0,3.19,25.88,8.12,8.12,2021-11-24 02:00:00
2021-11-25,3,2021,1.2,High,31.2,17.7,24.5,60.0,3.0,24.15,7.43,7.43,2021-11-25 02:00:00
2021-11-26,3,2021,1.3,High,32.2,18.7,25.4,61.0,2.88,23.05,7.19,7.19,2021-11-26 02:00:00
2021-11-27,3,2021,1.2,High,34.0,17.9,25.9,63.0,3.14,24.0,7.52,7.52,2021-11-27 02:00:00
2021-11-28,3,2021,0.0,High,31.6,18.7,25.1,61.0,3.03,25.17,7.8,7.8,2021-11-28 02:00:00
2021-11-29,3,2021,0.0,High,32.5,17.2,24.9,65.0,2.78,24.57,7.56,7.56,2021-11-29 02:00:00
2021-11-30,3,2021,0.0,High,32.3,17.3,24.8,57.0,2.9,23.29,7.22,7.22,2021-11-30 02:00:00
2021-12-01,3,2021,0.3,High,33.2,19.7,26.4,62.0,2.77,24.04,7.58,7.58,2021-12-01 02:00:00
2021-12-02,3,2021,0.2,High,33.4,19.3,26.4,59.0,2.78,25.61,8.07,8.07,2021-12-02 02:00:00
2021-12-03,3,2021,0.1,High,30.9,17.2,24.1,60.0,2.9,24.43,7.47,7.47,2021-12-03 02:00:00
2021-12-04,3,2021,0.3,High,35.5,16.9,26.2,62.0,2.61,23.33,7.33,7.33,2021-12-04 02:00:00
2021-12-05,3,2021,0.3,High,32.6,19.1,25.9,64.0,2.47,22.55,7.04,7.04,2021-12-05 02:00:00
2021-12-06,3,2021,7.3,High,30.6,17.6,24.1,57.0,2.49,24.43,7.47,7.47,2021-12-06 02:00:00
2021-12-07,3,2021,6.9,High,31.0,18.7,24.8,63.0,3.31,24.62,7.61,7.61,2021-12-07 02:00:00
2021-12-08,3,2021,6.0,High,32.7,17.9,25.3,59.0,3.1,25.4,7.91,7.91,2021-12-08 02:00:00
2021-12-09,3,2021,1.0,High,32.9,18.9,25.9,61.0,3.85,26.87,8.44,8.44,2021-12-09 02:00:00
2021-12-10,3,2021,0.0,High,34.1,19.1,26.6,63.0,2.87,23.85,7.54,7.54,2021-12-10 02:00:00
2021-12-11,3,2021,2.6,High,31.1,18.0,24.6,57.0,2.68,25.16,7.75,7.75,2021-12-11 02:00:00
2021-12-12,3,2021,0.0,High,32.5,18.9,25.7,58.0,2.79,25.04,7.83,7.83,2021-12-12 02:00:00
2021-12-13,3,2021,1.4,High,30.0,18.7,24.4,55.0,2.96,24.59,7.58,7.58,2021-12-13 02:00:00
2021-12-14,3,2021,0.4,High,33.0,19.6,26.3,59.0,3.44,24.28,7.69,7.69,2021-12-14 02:00:00
2021-12-15,3,2021,1.4,High,31.5,18.8,25.2,58.0,3.15,23.48,7.32,7.32,2021-12-15 02:00:00
2021-12-16,3,2021,20.6,High,32.7,18.6,25.6,57.0,3.2,23.53,7.39,7.39,2021-12-16 02:00:00
2021-12-17,3,2021,0.0,High,33.9,17.4,25.7,68.0,3.16,23.42,7.3,7.3,2021-12-17 02:00:00
2021-12-18,3,2021,0.3,High,32.0,17.3,24.6,58.0,2.79,23.01,7.11,7.11,2021-12-18 02:00:00
2021-12-19,3,2021,0.0,High,31.9,19.2,25.5,57.0,3.24,23.92,7.5,7.5,2021-12-19 02:00:00
2021-12-20,3,2021,0.0,High,33.4,18.9,26.1,65.0,3.64,23.86,7.51,7.51,2021-12-20 02:00:00
2021-12-21,3,2021,2.6,High,33.1,17.9,25.5,57.0,3.09,24.83,7.77,7.77,2021-12-21 02:00:00
2021-12-22,3,2021,0.3,High,34.8,18.5,26.6,55.0,3.09,25.62,8.14,8.14,2021-12-22 02:00:00
2021-12-23,3,2021,0.0,High,33.5,19.0,26.3,60.0,3.03,25.38,7.99,7.99,2021-12-23 02:00:00
2021-12-24,3,2021,0.0,High,35.9,19.6,27.7,57.0,2.52,24.45,7.85,7.85,2021-12-24 02:00:00
2021-12-25,3,2021,0.0,High,33.4,18.9,26.2,61.0,3.36,24.56,7.74,7.74,2021-12-25 02:00:00
2021-12-26,3,2021,0.5,High,30.7,18.8,24.8,65.0,3.68,24.57,7.59,7.59,2021-12-26 02:00:00
2021-12-27,3,2021,3.2,High,34.3,17.1,25.7,58.0,2.92,24.61,7.7,7.7,2021-12-27 02:00:00
2021-12-28,3,2021,2.0,High,33.7,18.8,26.3,59.0,3.18,23.08,7.3,7.3,2021-12-28 02:00:00
2021-12-29,3,2021,0.0,High,33.7,18.5,26.1,60.0,2.65,26.1,8.18,8.18,2021-12-29 02:00:00
2021-12-30,3,2021,4.8,High,32.9,19.3,26.1,61.0,3.22,24.53,7.72,7.72,2021-12-30 02:00:00
2021-12-31,3,2021,1.2,High,32.5,17.4,25.0,63.0,2.63,23.45,7.24,7.24,2021-12-31 02:00:00
2022-01-01,3,2022,0.3,Low,28.8,15.3,22.1,72.0,2.95,21.67,6.39,6.39,2022-01-01 02:00:00
2022-01-02,3,2022,0.4,Low,28.6,15.8,22.2,73.0,3.3,20.81,6.16,6.16,2022-01-02 02:00:00
2022-01-03,3,2022,1.6,Low,27.9,16.2,22.1,77.0,2.83,20.32,5.97,5.97,2022-01-03 02:00:00
2022-01-04,3,2022,7.4,Low,29.0,17.0,23.0,73.0,3.1,20.54,6.15,6.15,2022-01-04 02:00:00
2022-01-05,3,2022,0.0,Low,27.2,15.6,21.4,74.0,3.43,20.04,5.86,5.86,2022-01-05 02:00:00
2022-01-06,3,2022,2.4,Low,25.2,16.9,21.1,72.0,2.77,17.35,5.06,5.06,2022-01-06 02:00:00
2022-01-07,3,2022,1.0,Low,27.1,16.3,21.7,72.0,2.54,21.31,6.24,6.24,2022-01-07 02:00:00
2022-01-08,3,2022,0.3,Low,27.2,15.9,21.6,70.0,3.36,20.97,6.16,6.16,2022-01-08 02:00:00
2022-01-09,3,2022,2.3,Low,30.5,15.1,22.8,74.0,3.24,19.91,5.95,5.95,2022-01-09 02:00:00
2022-01-10,3,2022,2.3,Low,29.1,16.2,22.6,71.0,3.39,20.97,6.26,6.26,2022-01-10 02:00:00
2022-01-11,3,2022,3.6,Low,28.2,16.9,22.6,72.0,2.66,20.99,6.23,6.23,2022-01-11 02:00:00
2022-01-12,3,2022,0.7,Low,28.9,15.4,22.1,62.0,3.02,19.85,5.93,5.93,2022-01-12 02:00:00
2022-01-13,3,2022,2.5,Low,27.7,15.6,21.7,69.0,2.77,20.76,6.1,6.1,2022-01-13 02:00:00
2022-01-14,3,2022,1.7,Low,28.4,15.5,22.0,74.0,3.44,20.0,5.9,5.9,2022-01-14 02:00:00
2022-01-15,3,2022,2.3,Low,28.5,17.3,22.9,63.0,2.39,21.07,6.32,6.32,2022-01-15 02:00:00
2022-01-16,3,2022,2.9,Low,28.7,16.5,22.6,70.0,3.53,20.56,6.15,6.15,2022-01-16 02:00:00
2022-01-17,3,2022,3.8,Low,27.9,15.8,21.9,71.0,2.75,21.26,6.25,6.25,2022-01-17 02:00:00
2022-01-18,3,2022,1.3,Low,28.2,15.4,21.8,71.0,2.69,21.52,6.32,6.32,2022-01-18 02:00:00
2022-01-19,3,2022,2.4,Low,29.5,16.5,23.0,77.0,3.3,22.56,6.73,6.73,2022-01-19 02:00:00
2022-01-20,3,2022,1.4,Low,29.4,15.4,22.4,70.0,2.91,23.32,6.9,6.9,2022-01-20 02:00:00
2022-01-21,3,2022,2.4,Low,26.0,16.4,21.2,68.0,2.87,21.64,6.31,6.31,2022-01-21 02:00:00
2022-01-22,3,2022,0.4,Low,27.5,16.7,22.1,69.0,2.96,22.11,6.54,6.54,2022-01-22 02:00:00
2022-01-23,3,2022,1.8,Low,28.4,16.4,22.4,71.0,2.69,21.95,6.5,6.5,2022-01-23 02:00:00
2022-01-24,3,2022,3.2,Low,29.8,16.2,23.0,69.0,2.97,19.4,5.83,5.83,2022-01-24 02:00:00
2022-01-25,3,2022,1.9,Low,29.6,16.7,23.1,72.0,2.84,22.34,6.69,6.69,2022-01-25 02:00:00
2022-01-26,3,2022,1.5,Low,29.9,15.4,22.7,74.0,3.06,21.23,6.31,6.31,2022-01-26 02:00:00
2022-01-27,3,2022,0.0,Low,27.3,15.3,21.3,70.0,2.27,21.87,6.35,6.35,2022-01-27 02:00:00
2022-01-28,3,2022,0.0,Low,28.8,16.3,22.6,72.0,2.59,20.59,6.12,6.12,2022-01-28 02:00:00
2022-01-29,3,2022,1.3,Low,28.8,14.9,21.8,74.0,2.06,22.55,6.58,6.58,2022-01-29 02:00:00
2022-01-30,3,2022,2.0,Low,28.1,17.5,22.8,71.0,2.99,21.15,6.31,6.31,2022-01-30 02:00:00
2022-01-31,3,2022,1.6,Low,29.8,15.5,22.7,69.0,2.9,22.24,6.63,6.63,2022-01-31 02:00:00
2022-02-01,3,2022,0.3,Low,28.0,14.7,21.3,75.0,2.66,20.83,6.05,6.05,2022-02-01 02:00:00
2022-02-02,3,2022,0.1,Low,28.1,16.0,22.1,72.0,3.27,22.07,6.51,6.51,2022-02-02 02:00:00
2022-02-03,3,2022,0.0,Low,27.2,15.9,21.6,68.0,2.69,21.61,6.34,6.34,2022-02-03 02:00:00
2022-02-04,3,2022,0.3,Low,26.6,16.4,21.5,68.0,2.89,19.67,5.78,5.78,2022-02-04 02:00:00
2022-02-05,3,2022,0.8,Low,28.9,16.2,22.5,70.0,2.95,20.72,6.17,6.17,2022-02-05 02:00:00
2022-02-06,3,2022,2.6,Low,27.4,15.6,21.5,70.0,3.54,22.31,6.54,6.54,2022-02-06 02:00:00
2022-02-07,3,2022,0.1,Low,28.9,16.6,22.7,69.0,3.76,20.78,6.24,6.24,2022-02-07 02:00:00
2022-02-08,3,2022,0.5,Low,27.5,15.2,21.3,61.0,2.91,20.6,6.06,6.06,2022-02-08 02:00:00
2022-02-09,3,2022,2.9,Low,30.2,17.4,23.8,68.0,2.87,21.29,6.47,6.47,2022-02-09 02:00:00
2022-02-10,3,2022,0.8,Low,29.9,18.6,24.3,74.0,3.09,20.97,6.39,6.39,2022-02-10 02:00:00
2022-02-11,3,2022,1.8,Low,30.7,15.4,23.1,76.0,3.29,19.75,5.91,5.91,2022-02-11 02:00:00
2022-02-12,3,2022,1.4,Low,28.2,17.7,22.9,69.0,1.97,20.48,6.11,6.11,2022-02-12 02:00:00
2022-02-13,3,2022,0.4,Low,27.9,16.2,22.1,69.0,3.45,22.67,6.71,6.71,2022-02-13 02:00:00
2022-02-14,3,2022,1.0,Low,29.0,14.6,21.8,70.0,3.12,20.68,6.1,6.1,2022-02-14 02:00:00
2022-02-15,3,2022,0.1,Low,29.0,17.1,23.1,74.0,2.89,22.1,6.6,6.6,2022-02-15 02:00:00
2022-02-16,3,2022,3.3,Low,29.6,17.0,23.3,72.0,2.5,19.33,5.81,5.81,2022-02-16 02:00:00
2022-02-17,3,2022,1.4,Low,29.7,16.4,23.0,71.0,4.18,20.69,6.24,6.24,2022-02-17 02:00:00
2022-02-18,3,2022,0.1,Low,29.2,16.2,22.7,68.0,3.03,20.16,6.04,6.04,2022-02-18 02:00:00
2022-02-19,3,2022,0.3,Low,27.1,16.7,21.9,74.0,2.56,20.87,6.12,6.12,2022-02-19 02:00:00
2022-02-20,3,2022,2.2,Low,29.1,15.2,22.1,71.0,2.29,21.39,6.3,6.3,2022-02-20 02:00:00
2022-02-21,3,2022,2.7,Low,27.9,16.6,22.2,70.0,3.01,22.02,6.52,6.52,2022-02-21 02:00:00
2022-02-22,3,2022,0.6,Low,28.2,16.9,22.5,69.0,3.23,20.58,6.15,6.15,2022-02-22 02:00:00
2022-02-23,3,2022,0.6,Low,29.3,15.4,22.3,69.0,2.97,19.07,5.68,5.68,2022-02-23 02:00:00
2022-02-24,3,2022,4.2,Low,29.0,15.9,22.4,69.0,2.6,19.94,5.93,5.93,2022-02-24 02:00:00
2022-02-25,3,2022,2.5,Low,29.8,15.7,22.7,65.0,2.95,22.03,6.6,6.6,2022-02-25 02:00:00
2022-02-26,3,2022,6.2,Low,27.5,16.1,21.8,72.0,2.72,21.07,6.19,6.19,2022-02-26 02:00:00
2022-02-27,3,2022,0.5,Low,30.9,16.6,23.7,69.0,3.44,20.48,6.24,6.24,2022-02-27 02:00:00
2022-02-28,3,2022,0.0,Low,26.8,15.8,21.3,74.0,2.6,21.66,6.28,6.28,2022-02-28 02:00:00
2022-03-01,3,2022,0.3,Low,28.7,15.8,22.3,73.0,3.45,19.9,5.91,5.91,2022-03-01 02:00:00
2022-03-02,3,2022,4.0,Low,30.0,16.6,23.3,76.0,2.96,20.9,6.26,6.26,2022-03-02 02:00:00
2022-03-03,3,2022,0.7,Low,31.5,16.1,23.8,67.0,2.85,21.8,6.62,6.62,2022-03-03 02:00:00
2022-03-04,3,2022,0.0,Low,27.9,16.8,22.3,68.0,3.2,21.47,6.39,6.39,2022-03-04 02:00:00
2022-03-05,3,2022,0.3,Low,28.0,15.0,21.5,67.0,2.73,21.91,6.42,6.42,2022-03-05 02:00:00
2022-03-06,3,2022,0.6,Low,28.8,17.9,23.3,67.0,3.29,20.9,6.33,6.33,2022-03-06 02:00:00
2022-03-07,3,2022,1.5,Low,28.6,16.1,22.4,70.0,3.1,22.78,6.76,6.76,2022-03-07 02:00:00
2022-03-08,3,2022,1.2,Low,29.5,16.8,23.1,66.0,3.07,22.13,6.67,6.67,2022-03-08 02:00:00
2022-03-09,3,2022,2.2,Low,29.2,16.9,23.1,65.0,2.5,21.05,6.33,6.33,2022-03-09 02:00:00
2022-03-10,3,2022,2.4,Low,28.7,14.9,21.8,71.0,3.04,21.08,6.2,6.2,2022-03-10 02:00:00
2022-03-11,3,2022,3.3,Low,27.8,16.4,22.1,70.0,3.06,22.7,6.7,6.7,2022-03-11 02:00:00
2022-03-12,3,2022,4.2,Low,27.9,17.5,22.7,68.0,2.59,20.87,6.23,6.23,2022-03-12 02:00:00
2022-03-13,3,2022,0.0,Low,30.5,16.3,23.4,75.0,2.48,21.64,6.48,6.48,2022-03-13 02:00:00
2022-03-14,3,2022,1.2,Low,28.8,14.8,21.8,74.0,3.41,22.08,6.48,6.48,2022-03-14 02:00:00
2022-03-15,3,2022,4.6,Low,28.5,16.4,22.5,65.0,3.16,22.36,6.67,6.67,2022-03-15 02:00:00
2022-03-16,3,2022,1.6,Low,28.8,17.7,23.3,73.0,3.27,20.84,6.27,6.27,2022-03-16 02:00:00
2022-03-17,3,2022,0.4,Low,29.7,15.7,22.7,71.0,2.45,22.18,6.59,6.59,2022-03-17 02:00:00
2022-03-18,3,2022,1.6,Low,28.1,16.5,22.3,72.0,3.6,20.25,6.02,6.02,2022-03-18 02:00:00
2022-03-19,3,2022,3.2,Low,31.6,15.4,23.5,72.0,3.23,21.44,6.47,6.47,2022-03-19 02:00:00
2022-03-20,3,2022,0.9,Low,27.5,17.1,22.3,72.0,2.73,21.66,6.41,6.41,2022-03-20 02:00:00
2022-03-21,3,2022,0.0,Low,29.0,17.3,23.1,72.0,3.15,21.29,6.39,6.39,2022-03-21 02:00:00
2022-03-22,3,2022,0.8,Low,28.8,15.5,22.2,71.0,2.81,23.22,6.85,6.85,2022-03-22 02:00:00
2022-03-23,3,2022,6.0,Low,29.1,16.9,23.0,70.0,3.35,19.51,5.88,5.88,2022-03-23 02:00:00
2022-03-24,3,2022,0.6,Low,28.8,15.7,22.3,66.0,3.46,20.11,6.01,6.01,2022-03-24 02:00:00
2022-03-25,3,2022,2.1,Low,28.6,15.5,22.1,63.0,3.23,20.76,6.19,6.19,2022-03-25 02:00:00
2022-03-26,3,2022,0.2,Low,30.2,16.5,23.4,69.0,2.8,20.15,6.08,6.08,2022-03-26 02:00:00
2022-03-27,3,2022,2.4,Low,29.4,16.4,22.9,67.0,2.48,22.25,6.65,6.65,2022-03-27 02:00:00
2022-03-28,3,2022,0.8,Low,28.5,16.3,22.4,73.0,3.19,22.06,6.54,6.54,2022-03-28 02:00:00
2022-03-29,3,2022,0.7,Low,28.0,17.2,22.6,66.0,2.41,21.89,6.52,6.52,2022-03-29 02:00:00
2022-03-30,3,2022,0.6,Low,31.5,15.1,23.3,70.0,3.23,22.08,6.65,6.65,2022-03-30 02:00:00
2022-03-31,3,2022,0.6,Low,28.8,17.1,23.0,69.0,3.18,22.67,6.79,6.79,2022-03-31 02:00:00
2022-04-01,3,2022,0.5,Low,29.9,16.6,23.3,75.0,2.49,23.32,6.96,6.96,2022-04-01 02:00:00
2022-04-02,3,2022,2.2,Low,29.9,16.4,23.1,72.0,3.76,22.32,6.7,6.7,2022-04-02 02:00:00
2022-04-03,3,2022,4.6,Low,28.0,16.3,22.2,72.0,3.13,23.19,6.84,6.84,2022-04-03 02:00:00
2022-04-04,3,2022,0.2,Low,28.0,16.7,22.3,68.0,2.17,20.45,6.06,6.06,2022-04-04 02:00:00
2022-04-05,3,2022,2.1,Low,29.3,16.3,22.8,72.0,3.62,21.39,6.41,6.41,2022-04-05 02:00:00
2022-04-06,3,2022,0.2,Low,31.3,16.8,24.0,68.0,3.74,22.16,6.78,6.78,2022-04-06 02:00:00
2022-04-07,3,2022,0.0,Low,30.0,15.6,22.8,69.0,2.61,20.21,6.04,6.04,2022-04-07 02:00:00
2022-04-08,3,2022,0.7,Low,28.5,17.7,23.1,62.0,2.23,22.62,6.8,6.8,2022-04-08 02:00:00
2022-04-09,3,2022,0.5,Low,28.4,17.5,23.0,70.0,3.36,22.63,6.79,6.79,2022-04-09 02:00:00
2022-04-10,3,2022,0.1,Low,28.2,16.3,22.2,70.0,3.33,22.73,6.74,6.74,2022-04-10 02:00:00
2022-04-11,3,2022,0.0,Low,28.7,15.6,22.1,64.0,2.66,21.85,6.48,6.48,2022-04-11 02:00:00
2022-04-12,3,2022,2.6,Low,27.7,17.2,22.4,65.0,3.53,22.65,6.77,6.77,2022-04-12 02:00:00
2022-04-13,3,2022,0.0,Low,28.0,16.3,22.1,67.0,2.99,21.74,6.45,6.45,2022-04-13 02:00:00
2022-04-14,3,2022,4.0,Low,27.4,16.9,22.2,66.0,2.52,21.13,6.26,6.26,2022-04-14 02:00:00
2022-04-15,3,2022,7.0,Low,28.6,16.3,22.4,69.0,3.41,21.55,6.43,6.43,2022-04-15 02:00:00
2022-04-16,3,2022,5.1,Low,29.6,15.8,22.7,66.0,3.86,21.17,6.37,6.37,2022-04-16 02:00:00
2022-04-17,3,2022,1.6,Low,29.5,16.9,23.2,67.0,3.5,21.81,6.59,6.59,2022-04-17 02:00:00
2022-04-18,3,2022,1.4,Low,29.0,15.0,22.0,65.0,3.78,20.67,6.16,6.16,2022-04-18 02:00:00
2022-04-19,3,2022,1.4,Low,29.1,17.5,23.3,62.0,2.83,22.05,6.67,6.67,2022-04-19 02:00:00
2022-04-20,3,2022,0.0,Low,29.1,16.9,23.0,69.0,2.93,22.47,6.73,6.73,2022-04-20 02:00:00
2022-04-21,3,2022,0.6,Low,30.4,17.0,23.7,64.0,3.16,21.29,6.49,6.49,2022-04-21 02:00:00
2022-04-22,3,2022,1.3,Low,30.5,16.7,23.6,74.0,2.91,22.47,6.76,6.76,2022-04-22 02:00:00
2022-04-23,3,2022,0.9,Low,28.6,16.0,22.3,72.0,2.99,22.31,6.6,6.6,2022-04-23 02:00:00
2022-04-24,3,2022,0.1,Low,30.8,15.4,23.1,70.0,2.92,22.16,6.64,6.64,2022-04-24 02:00:00
2022-04-25,3,2022,0.4,Low,29.2,18.0,23.6,68.0,3.03,21.54,6.53,6.53,2022-04-25 02:00:00
2022-04-26,3,2022,0.6,Low,28.3,16.1,22.2,68.0,2.27,21.3,6.29,6.29,2022-04-26 02:00:00
2022-04-27,3,2022,0.7,Low,31.2,17.2,24.2,70.0,2.66,21.75,6.62,6.62,2022-04-27 02:00:00
2022-04-28,3,2022,0.5,Low,28.1,16.5,22.3,66.0,3.04,20.74,6.17,6.17,2022-04-28 02:00:00
2022-04-29,3,2022,0.4,Low,30.5,16.4,23.5,61.0,3.17,20.81,6.34,6.34,2022-04-29 02:00:00
2022-04-30,3,2022,0.1,Low,30.1,15.5,22.8,69.0,3.16,21.69,6.5,6.5,2022-04-30 02:00:00
2022-05-01,3,2022,1.0,Low,28.1,16.6,22.3,67.0,2.54,20.36,6.05,6.05,2022-05-01 02:00:00
2022-05-02,3,2022,0.7,Moderate,28.7,17.4,23.1,66.0,3.14,23.81,7.15,7.15,2022-05-02 02:00:00
2022-05-03,3,2022,0.9,Moderate,28.7,16.7,22.7,67.0,2.84,22.39,6.68,6.68,2022-05-03 02:00:00
2022-05-04,3,2022,0.8,Moderate,29.1,16.5,22.8,66.0,3.4,22.73,6.82,6.82,2022-05-04 02:00:00
2022-05-05,3,2022,0.6,Moderate,29.3,16.7,23.0,62.0,3.33,21.74,6.57,6.57,2022-05-05 02:00:00
2022-05-06,3,2022,1.4,Moderate,29.8,16.1,22.9,72.0,3.15,23.02,6.87,6.87,2022-05-06 02:00:00
2022-05-07,3,2022,0.4,Moderate,31.5,15.4,23.4,65.0,3.33,21.56,6.54,6.54,2022-05-07 02:00:00
2022-05-08,3,2022,0.7,Moderate,30.5,15.1,22.8,67.0,3.28,22.45,6.73,6.73,2022-05-08 02:00:00
2022-05-09,3,2022,0.8,Moderate,27.7,17.2,22.5,68.0,3.26,22.02,6.56,6.56,2022-05-09 02:00:00
2022-05-10,3,2022,1.8,Moderate,30.7,17.6,24.1,67.0,2.55,21.67,6.61,6.61,2022-05-10 02:00:00
2022-05-11,3,2022,0.0,Moderate,30.0,17.0,23.5,67.0,3.57,23.02,6.98,6.98,2022-05-11 02:00:00
2022-05-12,3,2022,2.9,Moderate,30.6,18.7,24.7,65.0,3.14,21.8,6.73,6.73,2022-05-12 02:00:00
2022-05-13,3,2022,1.2,Moderate,30.0,15.7,22.9,64.0,2.64,23.09,6.91,6.91,2022-05-13 02:00:00
2022-05-14,3,2022,0.9,Moderate,29.1,16.5,22.8,65.0,3.19,24.57,7.35,7.35,2022-05-14 02:00:00
2022-05-15,3,2022,0.9,Moderate,28.8,17.1,23.0,65.0,2.82,20.93,6.29,6.29,2022-05-15 02:00:00
2022-05-16,3,2022,12.2,Moderate,32.7,17.1,24.9,69.0,3.05,19.67,6.08,6.08,2022-05-16 02:00:00
2022-05-17,3,2022,1.3,Moderate,29.3,17.3,23.3,71.0,3.28,21.76,6.55,6.55,2022-05-17 02:00:00
2022-05-18,3,2022,1.2,Moderate,27.4,16.5,22.0,69.0,3.02,23.26,6.85,6.85,2022-05-18 02:00:00
2022-05-19,3,2022,2.9,Moderate,30.5,17.5,24.0,72.0,3.33,22.05,6.71,6.71,2022-05-19 02:00:00
2022-05-20,3,2022,4.3,Moderate,30.3,16.1,23.2,70.0,2.63,21.01,6.31,6.31,2022-05-20 02:00:00
2022-05-21,3,2022,1.6,Moderate,28.0,17.0,22.5,71.0,3.21,22.51,6.69,6.69,2022-05-21 02:00:00
2022-05-22,3,2022,1.3,Moderate,29.7,17.0,23.3,69.0,3.06,22.13,6.67,6.67,2022-05-22 02:00:00
2022-05-23,3,2022,1.7,Moderate,30.0,16.1,23.0,70.0,2.54,23.7,7.08,7.08,2022-05-23 02:00:00
2022-05-24,3,2022,5.4,Moderate,31.4,15.9,23.7,65.0,2.95,22.01,6.68,6.68,2022-05-24 02:00:00
2022-05-25,3,2022,0.4,Moderate,31.3,17.5,24.4,68.0,3.52,22.3,6.85,6.85,2022-05-25 02:00:00
2022-05-26,3,2022,4.6,Moderate,30.0,17.8,23.9,74.0,3.05,21.08,6.38,6.38,2022-05-26 02:00:00
2022-05-27,3,2022,5.7,Moderate,30.7,17.2,24.0,66.0,3.55,22.47,6.87,6.87,2022-05-27 02:00:00
2022-05-28,3,2022,0.0,Moderate,30.8,18.1,24.5,63.0,2.69,22.73,6.98,6.98,2022-05-28 02:00:00
2022-05-29,3,2022,2.2,Moderate,30.4,16.2,23.3,68.0,3.3,21.23,6.42,6.42,2022-05-29 02:00:00
2022-05-30,3,2022,0.0,Moderate,31.0,16.9,24.0,64.0,2.56,21.43,6.53,6.53,2022-05-30 02:00:00
2022-05-31,3,2022,1.2,Moderate,28.6,17.5,23.0,68.0,2.29,23.1,6.9,6.9,2022-05-31 02:00:00
2022-06-01,3,2022,5.3,Moderate,29.3,17.9,23.6,65.0,3.07,23.05,6.99,6.99,2022-06-01 02:00:00
2022-06-02,3,2022,0.0,Moderate,30.1,15.5,22.8,70.0,3.25,23.62,7.05,7.05,2022-06-02 02:00:00
2022-06-03,3,2022,4.2,Moderate,28.9,17.2,23.1,70.0,2.95,22.52,6.75,6.75,2022-06-03 02:00:00
2022-06-04,3,2022,7.2,Moderate,29.9,16.4,23.1,68.0,3.65,21.23,6.41,6.41,2022-06-04 02:00:00
2022-06-05,3,2022,2.1,Moderate,30.6,14.3,22.4,66.0,2.47,22.78,6.76,6.76,2022-06-05 02:00:00
2022-06-06,3,2022,0.0,Moderate,29.2,16.8,23.0,68.0,2.48,21.01,6.29,6.29,2022-06-06 02:00:00
2022-06-07,3,2022,0.1,Moderate,29.8,17.3,23.6,69.0,2.57,23.19,6.99,6.99,2022-06-07 02:00:00
2022-06-08,3,2022,2.6,Moderate,29.7,17.6,23.7,63.0,2.34,22.74,6.88,6.88,2022-06-08 02:00:00
2022-06-09,3,2022,0.7,Moderate,29.1,17.0,23.1,70.0,3.26,21.89,6.58,6.58,2022-06-09 02:00:00
2022-06-10,3,2022,0.8,Moderate,31.7,17.6,24.6,66.0,3.28,22.28,6.87,6.87,2022-06-10 02:00:00
2022-06-11,3,2022,0.0,Moderate,30.7,17.9,24.3,64.0,2.9,22.4,6.86,6.86,2022-06-11 02:00:00
2022-06-12,3,2022,1.9,Moderate,30.4,16.7,23.6,67.0,3.32,23.25,7.05,7.05,2022-06-12 02:00:00
2022-06-13,3,2022,0.0,Moderate,30.8,17.8,24.3,67.0,2.94,23.57,7.2,7.2,2022-06-13 02:00:00
2022-06-14,3,2022,0.7,Moderate,30.4,18.1,24.2,71.0,2.85,23.96,7.28,7.28,2022-06-14 02:00:00
2022-06-15,3,2022,4.3,Moderate,30.4,16.2,23.3,66.0,2.74,21.1,6.36,6.36,2022-06-15 02:00:00
2022-06-16,3,2022,1.0,Moderate,31.1,17.1,24.1,68.0,3.4,22.56,6.89,6.89,2022-06-16 02:00:00
2022-06-17,3,2022,0.0,Moderate,29.5,16.7,23.1,70.0,2.34,22.71,6.79,6.79,2022-06-17 02:00:00
2022-06-18,3,2022,0.8,Moderate,30.1,18.3,24.2,71.0,2.97,24.54,7.46,7.46,2022-06-18 02:00:00
2022-06-19,3,2022,0.0,Moderate,31.2,17.5,24.4,62.0,2.63,21.75,6.68,6.68,2022-06-19 02:00:00
2022-06-20,3,2022,0.5,Moderate,30.4,18.3,24.3,66.0,2.43,23.04,7.03,7.03,2022-06-20 02:00:00
2022-06-21,3,2022,0.7,Moderate,30.2,18.7,24.5,71.0,2.61,23.5,7.16,7.16,2022-06-21 02:00:00
2022-06-22,3,2022,0.0,Moderate,32.5,16.7,24.6,66.0,3.25,22.64,6.97,6.97,2022-06-22 02:00:00
2022-06-23,3,2022,0.1,Moderate,30.9,17.3,24.1,66.0,2.81,21.99,6.71,6.71,2022-06-23 02:00:00
2022-06-24,3,2022,0.5,Moderate,30.0,17.7,23.8,64.0,3.48,20.59,6.31,6.31,2022-06-24 02:00:00
2022-06-25,3,2022,1.8,Moderate,30.7,17.1,23.9,66.0,3.03,24.55,7.45,7.45,2022-06-25 02:00:00
2022-06-26,3,2022,2.4,Moderate,30.2,18.0,24.1,68.0,2.79,23.12,7.04,7.04,2022-06-26 02:00:00
2022-06-27,3,2022,1.7,Moderate,30.1,15.6,22.8,67.0,3.18,22.87,6.85,6.85,2022-06-27 02:00:00
2022-06-28,3,2022,0.3,Moderate,30.7,18.6,24.6,68.0,3.52,22.88,7.04,7.04,2022-06-28 02:00:00
2022-06-29,3,2022,2.3,Moderate,30.2,16.4,23.3,70.0,2.74,23.22,6.97,6.97,2022-06-29 02:00:00
2022-06-30,3,2022,2.0,Moderate,31.7,17.0,24.3,64.0,2.82,22.47,6.89,6.89,2022-06-30 02:00:00
2022-07-01,3,2022,0.1,Moderate,29.2,16.6,22.9,72.0,3.14,23.62,7.04,7.04,2022-07-01 02:00:00
2022-07-02,3,2022,0.0,Moderate,31.1,17.8,24.5,71.0,3.49,23.31,7.14,7.14,2022-07-02 02:00:00
2022-07-03,3,2022,0.1,Moderate,30.4,16.3,23.4,72.0,2.43,22.17,6.65,6.65,2022-07-03 02:00:00
2022-07-04,3,2022,1.5,Moderate,30.8,18.0,24.4,64.0,3.08,23.04,7.07,7.07,2022-07-04 02:00:00
2022-07-05,3,2022,0.6,Moderate,31.6,18.7,25.1,64.0,2.7,22.53,6.98,6.98,2022-07-05 02:00:00
2022-07-06,3,2022,1.0,Moderate,30.2,17.9,24.0,60.0,3.64,23.61,7.26,7.26,2022-07-06 02:00:00
2022-07-07,3,2022,0.7,Moderate,30.8,16.7,23.7,65.0,3.01,23.24,7.06,7.06,2022-07-07 02:00:00
2022-07-08,3,2022,0.3,Moderate,29.6,16.9,23.3,65.0,3.23,23.04,6.96,6.96,2022-07-08 02:00:00
2022-07-09,3,2022,9.2,Moderate,30.5,16.4,23.5,67.0,2.8,23.69,7.15,7.15,2022-07-09 02:00:00
2022-07-10,3,2022,0.2,Moderate,31.0,17.7,24.4,62.0,2.98,21.47,6.61,6.61,2022-07-10 02:00:00
2022-07-11,3,2022,2.9,Moderate,29.7,16.8,23.3,69.0,3.03,23.16,6.96,6.96,2022-07-11 02:00:00
2022-07-12,3,2022,0.0,Moderate,31.9,18.5,25.2,72.0,3.7,21.64,6.7,6.7,2022-07-12 02:00:00
2022-07-13,3,2022,0.0,Moderate,29.9,17.8,23.9,68.0,3.18,22.64,6.88,6.88,2022-07-13 02:00:00
2022-07-14,3,2022,0.0,Moderate,31.2,15.5,23.4,66.0,2.39,23.95,7.2,7.2,2022-07-14 02:00:00
2022-07-15,3,2022,0.0,Moderate,31.1,19.6,25.3,68.0,3.19,22.64,7.03,7.03,2022-07-15 02:00:00
2022-07-16,3,2022,3.3,Moderate,32.2,17.0,24.6,64.0,2.94,23.86,7.33,7.33,2022-07-16 02:00:00
2022-07-17,3,2022,2.8,Moderate,30.7,17.0,23.8,67.0,3.28,21.83,6.65,6.65,2022-07-17 02:00:00
2022-07-18,3,2022,4.2,Moderate,29.9,18.2,24.1,67.0,3.67,20.22,6.21,6.21,2022-07-18 02:00:00
2022-07-19,3,2022,0.1,Moderate,29.4,16.8,23.1,65.0,3.25,23.55,7.09,7.09,2022-07-19 02:00:00
2022-07-20,3,2022,0.0,Moderate,29.7,17.2,23.5,64.0,3.57,21.67,6.6,6.6,2022-07-20 02:00:00
2022-07-21,3,2022,4.7,Moderate,30.9,17.0,24.0,69.0,2.98,20.8,6.33,6.33,2022-07-21 02:00:00
2022-07-22,3,2022,0.0,Moderate,29.1,17.2,23.2,65.0,3.79,22.68,6.87,6.87,2022-07-22 02:00:00
2022-07-23,3,2022,0.7,Moderate,30.4,17.9,24.2,68.0,2.61,22.9,6.97,6.97,2022-07-23 02:00:00
2022-07-24,3,2022,1.7,Moderate,31.3,18.3,24.8,67.0,2.93,22.93,7.06,7.06,2022-07-24 02:00:00
2022-07-25,3,2022,0.0,Moderate,29.7,16.9,23.3,69.0,3.62,23.23,7.0,7.0,2022-07-25 02:00:00
2022-07-26,3,2022,0.9,Moderate,32.0,17.5,24.7,65.0,3.1,21.88,6.75,6.75,2022-07-26 02:00:00
2022-07-27,3,2022,0.5,Moderate,30.0,17.4,23.7,63.0,3.04,22.04,6.71,6.71,2022-07-27 02:00:00
2022-07-28,3,2022,0.0,Moderate,32.9,17.2,25.1,62.0,2.85,23.13,7.17,7.17,2022-07-28 02:00:00
2022-07-29,3,2022,8.1,Moderate,28.4,16.9,22.7,67.0,3.14,23.87,7.12,7.12,2022-07-29 02:00:00
2022-07-30,3,2022,1.7,Moderate,30.0,17.4,23.7,69.0,3.28,22.94,6.95,6.95,2022-07-30 02:00:00
2022-07-31,3,2022,4.1,Moderate,29.3,17.8,23.5,67.0,3.25,25.21,7.62,7.62,2022-07-31 02:00:00
2022-08-01,3,2022,2.0,Moderate,30.0,17.1,23.6,69.0,3.37,22.05,6.68,6.68,2022-08-01 02:00:00
2022-08-02,3,2022,1.4,Moderate,31.6,16.3,24.0,72.0,2.94,21.38,6.49,6.49,2022-08-02 02:00:00
2022-08-03,3,2022,0.0,Moderate,29.3,18.7,24.0,64.0,3.13,22.73,6.94,6.94,2022-08-03 02:00:00
2022-08-04,3,2022,2.0,Moderate,29.2,18.4,23.8,63.0,2.99,22.62,6.89,6.89,2022-08-04 02:00:00
2022-08-05,3,2022,0.0,Moderate,30.5,18.2,24.4,65.0,3.18,24.89,7.62,7.62,2022-08-05 02:00:00
2022-08-06,3,2022,3.6,Moderate,31.7,17.9,24.8,63.0,3.07,22.16,6.86,6.86,2022-08-06 02:00:00
2022-08-07,3,2022,4.9,Moderate,29.3,17.8,23.5,67.0,3.26,23.61,7.14,7.14,2022-08-07 02:00:00
2022-08-08,3,2022,3.8,Moderate,31.6,17.3,24.4,67.0,3.35,24.0,7.36,7.36,2022-08-08 02:00:00
2022-08-09,3,2022,1.3,Moderate,31.6,17.2,24.4,59.0,3.7,22.85,7.08,7.08,2022-08-09 02:00:00
2022-08-10,3,2022,0.0,Moderate,31.3,16.6,24.0,70.0,2.67,22.36,6.78,6.78,2022-08-10 02:00:00
2022-08-11,3,2022,0.0,Moderate,30.4,17.1,23.7,67.0,3.62,22.99,6.99,6.99,2022-08-11 02:00:00
2022-08-12,3,2022,0.3,Moderate,30.7,18.4,24.6,67.0,3.57,22.94,7.06,7.06,2022-08-12 02:00:00
2022-08-13,3,2022,0.6,Moderate,31.0,17.1,24.0,68.0,2.85,23.81,7.23,7.23,2022-08-13 02:00:00
2022-08-14,3,2022,4.2,Moderate,32.2,17.6,24.9,65.0,2.97,22.9,7.07,7.07,2022-08-14 02:00:00
2022-08-15,3,2022,0.0,Moderate,31.5,19.0,25.3,67.0,2.67,22.82,7.06,7.06,2022-08-15 02:00:00
2022-08-16,3,2022,0.1,Moderate,31.3,19.1,25.2,65.0,3.22,22.61,7.03,7.03,2022-08-16 02:00:00
2022-08-17,3,2022,1.0,Moderate,28.7,16.5,22.6,60.0,3.14,24.27,7.27,7.27,2022-08-17 02:00:00
2022-08-18,3,2022,0.5,Moderate,31.3,18.0,24.6,60.0,2.78,24.92,7.67,7.67,2022-08-18 02:00:00
2022-08-19,3,2022,0.0,Moderate,31.4,18.2,24.8,62.0,2.83,23.02,7.11,7.11,2022-08-19 02:00:00
2022-08-20,3,2022,0.0,Moderate,32.0,17.3,24.7,64.0,3.52,23.08,7.14,7.14,2022-08-20 02:00:00
2022-08-21,3,2022,2.0,Moderate,30.3,15.5,22.9,67.0,2.33,21.46,6.41,6.41,2022-08-21 02:00:00
2022-08-22,3,2022,0.9,Moderate,31.3,18.1,24.7,59.0,3.6,23.23,7.22,7.22,2022-08-22 02:00:00
2022-08-23,3,2022,1.2,Moderate,32.6,16.9,24.8,64.0,4.17,24.26,7.52,7.52,2022-08-23 02:00:00
2022-08-24,3,2022,0.0,Moderate,30.9,17.4,24.2,63.0,2.93,23.93,7.31,7.31,2022-08-24 02:00:00
2022-08-25,3,2022,0.8,Moderate,32.7,17.8,25.2,67.0,2.89,22.47,6.97,6.97,2022-08-25 02:00:00
2022-08-26,3,2022,0.0,Moderate,32.5,18.0,25.2,61.0,2.66,23.49,7.29,7.29,2022-08-26 02:00:00
2022-08-27,3,2022,0.5,Moderate,30.5,17.8,24.1,61.0,2.88,24.77,7.57,7.57,2022-08-27 02:00:00
2022-08-28,3,2022,1.0,Moderate,31.7,18.8,25.2,65.0,3.91,24.27,7.56,7.56,2022-08-28 02:00:00
2022-08-29,3,2022,0.4,Moderate,32.5,18.4,25.4,63.0,3.01,23.32,7.27,7.27,2022-08-29 02:00:00
2022-08-30,3,2022,2.8,High,31.7,18.6,25.1,58.0,2.45,22.68,7.05,7.05,2022-08-30 02:00:00
2022-08-31,3,2022,0.1,High,31.0,16.7,23.8,64.0,3.38,20.82,6.38,6.38,2022-08-31 02:00:00
2022-09-01,3,2022,0.0,High,32.4,17.3,24.9,69.0,2.78,22.97,7.06,7.06,2022-09-01 02:00:00
2022-09-02,3,2022,1.8,High,33.0,16.4,24.7,61.0,3.01,23.35,7.21,7.21,2022-09-02 02:00:00
2022-09-03,3,2022,0.6,High,31.4,18.5,25.0,64.0,3.13,24.35,7.53,7.53,2022-09-03 02:00:00
2022-09-04,3,2022,1.7,High,29.7,18.0,23.8,60.0,2.63,22.26,6.79,6.79,2022-09-04 02:00:00
2022-09-05,3,2022,0.0,High,31.9,17.2,24.5,67.0,3.44,23.08,7.1,7.1,2022-09-05 02:00:00
2022-09-06,3,2022,2.4,High,31.9,18.0,25.0,66.0,3.11,23.73,7.33,7.33,2022-09-06 02:00:00
2022-09-07,3,2022,0.0,High,32.0,17.9,24.9,69.0,3.12,23.94,7.37,7.37,2022-09-07 02:00:00
2022-09-08,3,2022,0.0,High,30.2,16.6,23.4,65.0,3.4,22.21,6.74,6.74,2022-09-08 02:00:00
2022-09-09,3,2022,3.1,High,28.8,17.7,23.3,66.0,3.03,23.55,7.09,7.09,2022-09-09 02:00:00
2022-09-10,3,2022,1.6,High,29.3,17.4,23.4,66.0,3.07,22.75,6.87,6.87,2022-09-10 02:00:00
2022-09-11,3,2022,0.0,High,32.1,16.6,24.3,61.0,2.06,22.25,6.8,6.8,2022-09-11 02:00:00
2022-09-12,3,2022,0.0,High,30.9,17.4,24.2,62.0,3.12,22.74,6.98,6.98,2022-09-12 02:00:00
2022-09-13,3,2022,0.0,High,30.2,18.3,24.3,59.0,3.36,23.22,7.16,7.16,2022-09-13 02:00:00
2022-09-14,3,2022,0.0,High,31.1,17.8,24.4,63.0,2.67,23.44,7.19,7.19,2022-09-14 02:00:00
2022-09-15,3,2022,0.0,High,31.4,17.8,24.6,66.0,3.28,23.42,7.21,7.21,2022-09-15 02:00:00
2022-09-16,3,2022,0.0,High,32.9,17.4,25.2,64.0,2.73,23.59,7.3,7.3,2022-09-16 02:00:00
2022-09-17,3,2022,0.0,High,32.1,18.2,25.2,64.0,2.59,22.08,6.84,6.84,2022-09-17 02:00:00
2022-09-18,3,2022,0.0,High,31.0,18.8,24.9,64.0,3.08,24.16,7.45,7.45,2022-09-18 02:00:00
2022-09-19,3,2022,1.2,High,31.4,18.3,24.9,64.0,3.0,23.19,7.16,7.16,2022-09-19 02:00:00
2022-09-20,3,2022,0.5,High,34.0,17.6,25.8,67.0,2.97,24.93,7.76,7.76,2022-09-20 02:00:00
2022-09-21,3,2022,0.0,High,32.0,17.5,24.8,65.0,3.29,21.76,6.73,6.73,2022-09-21 02:00:00
2022-09-22,3,2022,1.8,High,33.1,18.1,25.6,63.0,2.69,24.6,7.66,7.66,2022-09-22 02:00:00
2022-09-23,3,2022,1.0,High,30.1,18.7,24.4,61.0,2.98,24.17,7.42,7.42,2022-09-23 02:00:00
2022-09-24,3,2022,6.2,High,31.1,18.5,24.8,66.0,2.64,22.67,6.97,6.97,2022-09-24 02:00:00
2022-09-25,3,2022,0.4,High,31.3,18.0,24.7,63.0,2.85,24.06,7.4,7.4,2022-09-25 02:00:00
2022-09-26,3,2022,0.4,High,34.9,20.4,27.6,64.0,3.23,23.9,7.66,7.66,2022-09-26 02:00:00
2022-09-27,3,2022,0.6,High,29.7,17.4,23.5,57.0,3.41,26.36,8.02,8.02,2022-09-27 02:00:00
2022-09-28,3,2022,0.3,High,31.6,16.5,24.0,62.0,3.71,24.28,7.44,7.44,2022-09-28 02:00:00
2022-09-29,3,2022,4.3,High,30.3,17.5,23.9,61.0,2.89,24.82,7.55,7.55,2022-09-29 02:00:00
2022-09-30,3,2022,0.0,High,31.0,17.2,24.1,68.0,3.12,24.78,7.55,7.55,2022-09-30 02:00:00
2022-10-01,3,2022,2.6,High,32.2,17.5,24.8,64.0,3.0,24.06,7.42,7.42,2022-10-01 02:00:00
2022-10-02,3,2022,0.8,High,32.1,18.0,25.0,58.0,3.07,25.07,7.79,7.79,2022-10-02 02:00:00
2022-10-03,3,2022,1.0,High,30.4,18.7,24.5,59.0,3.08,23.05,7.12,7.12,2022-10-03 02:00:00
2022-10-04,3,2022,2.2,High,28.5,18.5,23.5,66.0,3.91,24.72,7.5,7.5,2022-10-04 02:00:00
2022-10-05,3,2022,0.1,High,31.9,16.8,24.3,64.0,2.69,23.23,7.11,7.11,2022-10-05 02:00:00
2022-10-06,3,2022,1.0,High,31.8,20.1,25.9,62.0,2.91,25.88,8.1,8.1,2022-10-06 02:00:00
2022-10-07,3,2022,0.0,High,32.3,16.7,24.5,65.0,2.97,22.3,6.85,6.85,2022-10-07 02:00:00
2022-10-08,3,2022,0.3,High,30.7,18.2,24.4,62.0,3.23,23.29,7.17,7.17,2022-10-08 02:00:00
2022-10-09,3,2022,0.2,High,32.3,17.7,25.0,68.0,3.73,23.97,7.41,7.41,2022-10-09 02:00:00
2022-10-10,3,2022,1.4,High,33.3,17.2,25.3,58.0,2.97,24.03,7.49,7.49,2022-10-10 02:00:00
2022-10-11,3,2022,0.0,High,30.5,19.1,24.8,60.0,2.9,22.44,6.95,6.95,2022-10-11 02:00:00
2022-10-12,3,2022,0.0,High,33.2,18.0,25.6,65.0,2.43,25.17,7.81,7.81,2022-10-12 02:00:00
2022-10-13,3,2022,0.1,High,32.0,18.0,25.0,64.0,2.89,23.94,7.39,7.39,2022-10-13 02:00:00
2022-10-14,3,2022,0.0,High,32.1,18.0,25.1,63.0,2.64,23.75,7.34,7.34,2022-10-14 02:00:00
2022-10-15,3,2022,2.1,High,31.9,17.4,24.6,56.0,2.79,24.0,7.42,7.42,2022-10-15 02:00:00
2022-10-16,3,2022,4.0,High,33.9,17.6,25.8,58.0,3.48,22.44,7.08,7.08,2022-10-16 02:00:00
2022-10-17,3,2022,0.9,High,33.8,16.9,25.3,58.0,2.95,24.77,7.72,7.72,2022-10-17 02:00:00
2022-10-18,3,2022,0.0,High,32.4,16.5,24.4,63.0,2.51,23.48,7.19,7.19,2022-10-18 02:00:00
2022-10-19,3,2022,0.0,High,33.9,18.6,26.2,62.0,3.58,24.82,7.84,7.84,2022-10-19 02:00:00
2022-10-20,3,2022,2.3,High,31.9,17.8,24.9,68.0,2.27,23.67,7.26,7.26,2022-10-20 02:00:00
2022-10-21,3,2022,0.0,High,32.7,17.9,25.3,60.0,3.25,25.3,7.88,7.88,2022-10-21 02:00:00
2022-10-22,3,2022,0.0,High,30.6,17.1,23.9,63.0,2.7,24.06,7.31,7.31,2022-10-22 02:00:00
2022-10-23,3,2022,0.9,High,32.2,17.6,24.9,66.0,2.92,25.38,7.81,7.81,2022-10-23 02:00:00
2022-10-24,3,2022,0.5,High,32.7,17.2,24.9,64.0,2.33,25.5,7.83,7.83,2022-10-24 02:00:00
2022-10-25,3,2022,0.7,High,31.5,18.4,24.9,60.0,3.44,24.93,7.73,7.73,2022-10-25 02:00:00
2022-10-26,3,2022,0.0,High,32.7,18.5,25.6,60.0,2.24,23.72,7.38,7.38,2022-10-26 02:00:00
2022-10-27,3,2022,0.0,High,32.9,18.1,25.5,63.0,2.31,24.19,7.5,7.5,2022-10-27 02:00:00
2022-10-28,3,2022,0.1,High,30.7,17.6,24.1,62.0,3.0,24.38,7.45,7.45,2022-10-28 02:00:00
2022-10-29,3,2022,1.2,High,32.4,19.0,25.7,63.0,2.93,22.76,7.12,7.12,2022-10-29 02:00:00
2022-10-30,3,2022,1.2,High,31.0,17.7,24.4,58.0,3.03,25.06,7.7,7.7,2022-10-30 02:00:00
2022-10-31,3,2022,1.4,High,31.6,18.9,25.2,60.0,2.63,22.03,6.85,6.85,2022-10-31 02:00:00
2022-11-01,3,2022,0.6,High,33.8,17.3,25.5,60.0,3.71,23.0,7.23,7.23,2022-11-01 02:00:00
2022-11-02,3,2022,0.0,High,33.0,19.2,26.1,63.0,2.57,23.86,7.48,7.48,2022-11-02 02:00:00
2022-11-03,3,2022,0.8,High,31.9,18.1,25.0,62.0,3.19,23.1,7.17,7.17,2022-11-03 02:00:00
2022-11-04,3,2022,3.0,High,31.7,18.9,25.3,66.0,3.53,23.31,7.25,7.25,2022-11-04 02:00:00
2022-11-05,3,2022,0.0,High,30.9,19.1,25.0,64.0,3.69,24.01,7.46,7.46,2022-11-05 02:00:00
2022-11-06,3,2022,1.5,High,33.3,18.5,25.9,65.0,3.37,23.39,7.34,7.34,2022-11-06 02:00:00
2022-11-07,3,2022,3.6,High,29.6,16.7,23.2,61.0,2.18,23.06,6.94,6.94,2022-11-07 02:00:00
2022-11-08,3,2022,0.0,High,33.0,18.8,25.9,60.0,2.79,23.28,7.3,7.3,2022-11-08 02:00:00
2022-11-09,3,2022,0.0,High,32.8,19.7,26.3,56.0,2.37,25.26,7.95,7.95,2022-11-09 02:00:00
2022-11-10,3,2022,1.4,High,30.4,18.2,24.3,65.0,3.17,24.67,7.55,7.55,2022-11-10 02:00:00
2022-11-11,3,2022,0.0,High,31.8,18.0,24.9,62.0,2.46,24.73,7.61,7.61,2022-11-11 02:00:00
2022-11-12,3,2022,0.2,High,30.9,18.9,24.9,58.0,2.68,22.63,7.02,7.02,2022-11-12 02:00:00
2022-11-13,3,2022,2.1,High,30.5,19.0,24.7,67.0,3.07,23.91,7.35,7.35,2022-11-13 02:00:00
2022-11-14,3,2022,4.7,High,32.0,18.3,25.2,63.0,2.43,24.08,7.44,7.44,2022-11-14 02:00:00
2022-11-15,3,2022,0.0,High,34.5,19.4,26.9,60.0,3.16,22.63,7.22,7.22,2022-11-15 02:00:00
2022-11-16,3,2022,1.1,High,33.2,17.3,25.2,63.0,3.15,24.71,7.67,7.67,2022-11-16 02:00:00
2022-11-17,3,2022,7.4,High,33.6,17.8,25.7,61.0,3.04,22.21,6.97,6.97,2022-11-17 02:00:00
2022-11-18,3,2022,3.3,High,30.9,17.9,24.4,59.0,3.41,25.79,7.94,7.94,2022-11-18 02:00:00
2022-11-19,3,2022,1.4,High,31.7,18.1,24.9,58.0,2.65,22.87,7.08,7.08,2022-11-19 02:00:00
2022-11-20,3,2022,1.4,High,33.9,18.6,26.3,67.0,2.92,24.28,7.62,7.62,2022-11-20 02:00:00
2022-11-21,3,2022,1.3,High,32.5,18.7,25.6,56.0,2.65,24.28,7.6,7.6,2022-11-21 02:00:00
2022-11-22,3,2022,1.4,High,33.6,17.1,25.3,57.0,2.64,23.74,7.4,7.4,2022-11-22 02:00:00
2022-11-23,3,2022,5.1,High,33.1,18.1,25.6,58.0,2.4,23.35,7.29,7.29,2022-11-23 02:00:00
2022-11-24,3,2022,0.5,High,32.4,17.6,25.0,62.0,2.61,22.72,7.03,7.03,2022-11-24 02:00:00
2022-11-25,3,2022,0.8,High,30.6,18.7,24.6,62.0,3.05,24.32,7.49,7.49,2022-11-25 02:00:00
2022-11-26,3,2022,1.7,High,31.1,17.8,24.4,55.0,2.72,25.33,7.79,7.79,2022-11-26 02:00:00
2022-11-27,3,2022,2.9,High,31.4,18.2,24.8,59.0,2.6,24.37,7.52,7.52,2022-11-27 02:00:00
2022-11-28,3,2022,2.5,High,30.7,18.2,24.5,70.0,2.68,24.14,7.36,7.36,2022-11-28 02:00:00
2022-11-29,3,2022,0.9,High,31.8,18.4,25.1,61.0,2.88,23.13,7.19,7.19,2022-11-29 02:00:00
2022-11-30,3,2022,1.9,High,33.4,17.9,25.7,66.0,2.97,24.89,7.75,7.75,2022-11-30 02:00:00
2022-12-01,3,2022,3.2,High,32.0,17.2,24.6,59.0,3.54,24.91,7.7,7.7,2022-12-01 02:00:00
2022-12-02,3,2022,0.2,High,34.4,18.9,26.6,62.0,3.38,24.5,7.77,7.77,2022-12-02 02:00:00
2022-12-03,3,2022,0.0,High,32.8,17.5,25.2,61.0,2.96,26.0,8.06,8.06,2022-12-03 02:00:00
2022-12-04,3,2022,0.6,High,34.5,17.5,26.0,63.0,3.35,23.07,7.26,7.26,2022-12-04 02:00:00
2022-12-05,3,2022,1.2,High,32.7,18.3,25.5,66.0,2.84,25.43,7.88,7.88,2022-12-05 02:00:00
2022-12-06,3,2022,0.0,High,33.7,18.6,26.1,57.0,3.09,24.48,7.72,7.72,2022-12-06 02:00:00
2022-12-07,3,2022,3.7,High,31.6,18.5,25.0,57.0,2.56,25.33,7.84,7.84,2022-12-07 02:00:00
2022-12-08,3,2022,0.0,High,31.4,18.7,25.1,61.0,3.35,23.34,7.26,7.26,2022-12-08 02:00:00
2022-12-09,3,2022,0.0,High,32.1,17.9,25.0,58.0,3.31,25.05,7.78,7.78,2022-12-09 02:00:00
2022-12-10,3,2022,0.3,High,32.6,18.3,25.4,59.0,3.7,25.18,7.89,7.89,2022-12-10 02:00:00
2022-12-11,3,2022,0.0,High,32.9,19.1,26.0,62.0,2.88,25.37,7.95,7.95,2022-12-11 02:00:00
2022-12-12,3,2022,8.4,High,31.6,17.7,24.7,61.0,3.46,24.79,7.66,7.66,2022-12-12 02:00:00
2022-12-13,3,2022,0.5,High,32.3,18.3,25.3,61.0,2.68,24.4,7.57,7.57,2022-12-13 02:00:00
2022-12-14,3,2022,3.3,High,33.3,17.1,25.2,60.0,2.61,23.21,7.21,7.21,2022-12-14 02:00:00
2022-12-15,3,2022,0.9,High,30.9,19.4,25.2,60.0,3.14,23.82,7.41,7.41,2022-12-15 02:00:00
2022-12-16,3,2022,1.4,High,32.5,18.5,25.5,54.0,2.77,23.53,7.37,7.37,2022-12-16 02:00:00
2022-12-17,3,2022,6.2,High,30.6,19.5,25.1,59.0,2.78,24.4,7.57,7.57,2022-12-17 02:00:00
2022-12-18,3,2022,0.0,High,32.8,17.7,25.2,60.0,3.32,23.2,7.24,7.24,2022-12-18 02:00:00
2022-12-19,3,2022,3.6,High,32.4,17.8,25.1,59.0,2.81,23.51,7.31,7.31,2022-12-19 02:00:00
2022-12-20,3,2022,1.5,High,33.5,18.3,25.9,56.0,2.29,24.14,7.56,7.56,2022-12-20 02:00:00
2022-12-21,3,2022,0.3,High,33.8,18.0,25.9,61.0,3.11,22.57,7.1,7.1,2022-12-21 02:00:00
2022-12-22,3,2022,0.0,High,34.2,19.3,26.8,59.0,3.82,23.27,7.44,7.44,2022-12-22 02:00:00
2022-12-23,3,2022,0.6,High,31.9,17.3,24.6,64.0,2.59,24.59,7.54,7.54,2022-12-23 02:00:00
2022-12-24,3,2022,1.0,High,32.5,18.9,25.7,61.0,3.28,24.99,7.82,7.82,2022-12-24 02:00:00
2022-12-25,3,2022,0.7,High,35.1,18.5,26.8,55.0,3.43,26.04,8.31,8.31,2022-12-25 02:00:00
2022-12-26,3,2022,1.8,High,32.4,17.8,25.1,59.0,3.16,25.29,7.86,7.86,2022-12-26 02:00:00
2022-12-27,3,2022,6.4,High,32.5,19.4,26.0,60.0,3.1,24.54,7.71,7.71,2022-12-27 02:00:00
2022-12-28,3,2022,0.0,High,35.3,17.7,26.5,59.0,3.01,25.31,8.0,8.0,2022-12-28 02:00:00
2022-12-29,3,2022,1.6,High,32.3,17.5,24.9,64.0,2.79,25.07,7.72,7.72,2022-12-29 02:00:00
2022-12-30,3,2022,1.6,High,34.0,18.3,26.2,60.0,3.13,24.59,7.75,7.75,2022-12-30 02:00:00
2022-12-31,3,2022,0.0,High,34.4,18.9,26.7,56.0,3.87,25.27,8.07,8.07,2022-12-31 02:00:00
2020-01-02,4,2020,0.8,Low,29.5,15.7,22.6,75.0,2.35,19.92,5.9,5.9,2020-01-02 02:00:00
2020-01-03,4,2020,4.0,Low,28.8,17.5,23.1,74.0,2.88,21.33,6.39,6.39,2020-01-03 02:00:00
2020-01-04,4,2020,3.4,Low,29.5,17.6,23.5,72.0,4.1,21.72,6.59,6.59,2020-01-04 02:00:00
2020-01-05,4,2020,2.3,Low,27.7,16.2,21.9,73.0,3.51,19.14,5.66,5.66,2020-01-05 02:00:00
2020-01-06,4,2020,3.8,Low,28.8,16.7,22.7,71.0,3.25,21.05,6.29,6.29,2020-01-06 02:00:00
2020-01-07,4,2020,0.7,Low,28.6,16.5,22.6,76.0,2.58,21.56,6.38,6.38,2020-01-07 02:00:00
2020-01-08,4,2020,1.4,Low,27.2,16.5,21.9,76.0,2.88,20.36,5.97,5.97,2020-01-08 02:00:00
2020-01-09,4,2020,4.3,Low,27.0,15.2,21.1,74.0,3.32,19.21,5.59,5.59,2020-01-09 02:00:00
2020-01-10,4,2020,0.2,Low,28.9,16.0,22.4,70.0,3.49,20.69,6.17,6.17,2020-01-10 02:00:00
2020-01-11,4,2020,0.8,Low,27.1,15.4,21.3,69.0,3.45,20.32,5.96,5.96,2020-01-11 02:00:00
2020-01-12,4,2020,4.7,Low,28.4,16.4,22.4,70.0,3.2,19.63,5.85,5.85,2020-01-12 02:00:00
2020-01-13,4,2020,0.7,Low,27.4,17.5,22.5,73.0,2.91,20.18,5.99,5.99,2020-01-13 02:00:00
2020-01-14,4,2020,0.8,Low,29.6,17.8,23.7,75.0,3.22,20.78,6.28,6.28,2020-01-14 02:00:00
2020-01-15,4,2020,1.3,Low,29.1,17.6,23.4,69.0,2.92,20.96,6.32,6.32,2020-01-15 02:00:00
2020-01-16,4,2020,0.7,Low,28.5,16.9,22.7,77.0,2.89,20.8,6.17,6.17,2020-01-16 02:00:00
2020-01-17,4,2020,5.4,Low,28.2,16.8,22.5,74.0,2.94,22.61,6.7,6.7,2020-01-17 02:00:00
2020-01-18,4,2020,1.9,Low,28.0,15.4,21.7,73.0,2.76,19.63,5.76,5.76,2020-01-18 02:00:00
2020-01-19,4,2020,0.5,Low,28.1,16.5,22.3,71.0,3.06,20.81,6.17,6.17,2020-01-19 02:00:00
2020-01-20,4,2020,5.6,Low,29.5,16.5,23.0,74.0,3.26,20.32,6.08,6.08,2020-01-20 02:00:00
2020-01-21,4,2020,1.4,Low,27.8,15.4,21.6,68.0,3.2,20.46,6.02,6.02,2020-01-21 02:00:00
2020-01-22,4,2020,2.4,Low,28.8,17.1,22.9,70.0,2.89,20.56,6.16,6.16,2020-01-22 02:00:00
2020-01-23,4,2020,3.0,Low,28.2,17.2,22.7,69.0,2.58,19.81,5.92,5.92,2020-01-23 02:00:00
2020-01-24,4,2020,2.8,Low,28.4,15.6,22.0,70.0,2.3,21.41,6.3,6.3,2020-01-24 02:00:00
2020-01-25,4,2020,0.2,Low,27.3,15.9,21.6,71.0,3.51,19.63,5.78,5.78,2020-01-25 02:00:00
2020-01-26,4,2020,1.2,Low,26.8,16.8,21.8,70.0,2.98,20.57,6.06,6.06,2020-01-26 02:00:00
2020-01-27,4,2020,2.4,Low,29.9,16.2,23.1,71.0,2.27,22.07,6.59,6.59,2020-01-27 02:00:00
2020-01-28,4,2020,1.5,Low,30.1,15.6,22.8,67.0,2.96,21.43,6.42,6.42,2020-01-28 02:00:00
2020-01-29,4,2020,1.5,Low,28.0,14.8,21.4,71.0,3.08,20.45,5.98,5.98,2020-01-29 02:00:00
2020-01-30,4,2020,1.8,Low,29.0,17.0,23.0,76.0,2.6,20.4,6.08,6.08,2020-01-30 02:00:00
2020-01-31,4,2020,3.1,Low,29.0,16.0,22.5,70.0,3.42,21.27,6.35,6.35,2020-01-31 02:00:00
2020-02-01,4,2020,0.0,Low,28.3,15.7,22.0,69.0,3.27,21.16,6.26,6.26,2020-02-01 02:00:00
2020-02-02,4,2020,2.2,Low,28.2,15.9,22.0,70.0,4.44,21.84,6.49,6.49,2020-02-02 02:00:00
2020-02-03,4,2020,7.2,Low,29.0,17.6,23.3,72.0,3.16,22.0,6.62,6.62,2020-02-03 02:00:00
2020-02-04,4,2020,5.8,Low,27.8,15.9,21.8,73.0,2.91,22.86,6.7,6.7,2020-02-04 02:00:00
2020-02-05,4,2020,0.1,Low,27.1,17.9,22.5,74.0,3.2,20.13,5.98,5.98,2020-02-05 02:00:00
2020-02-06,4,2020,2.9,Low,26.5,15.4,20.9,69.0,3.32,19.46,5.67,5.67,2020-02-06 02:00:00
2020-02-07,4,2020,0.0,Low,28.9,16.5,22.7,68.0,3.49,21.81,6.54,6.54,2020-02-07 02:00:00
2020-02-08,4,2020,2.2,Low,27.5,16.2,21.8,69.0,2.81,19.49,5.75,5.75,2020-02-08 02:00:00
2020-02-09,4,2020,0.4,Low,30.5,16.3,23.4,67.0,2.57,21.59,6.51,6.51,2020-02-09 02:00:00
2020-02-10,4,2020,0.1,Low,32.3,16.8,24.5,66.0,3.23,20.33,6.28,6.28,2020-02-10 02:00:00
2020-02-11,4,2020,3.7,Low,28.5,16.8,22.7,71.0,3.1,20.51,6.12,6.12,2020-02-11 02:00:00
2020-02-12,4,2020,0.0,Low,29.6,16.8,23.2,69.0,2.26,20.34,6.1,6.1,2020-02-12 02:00:00
2020-02-13,4,2020,0.6,Low,27.6,15.5,21.5,72.0,2.94,20.3,5.94,5.94,2020-02-13 02:00:00
2020-02-14,4,2020,1.8,Low,30.5,16.1,23.3,73.0,2.14,20.53,6.14,6.14,2020-02-14 02:00:00
2020-02-15,4,2020,6.5,Low,28.9,15.1,22.0,73.0,3.99,21.46,6.35,6.35,2020-02-15 02:00:00
2020-02-16,4,2020,4.0,Low,29.3,16.3,22.8,65.0,3.25,21.27,6.4,6.4,2020-02-16 02:00:00
2020-02-17,4,2020,0.6,Low,28.4,16.5,22.4,70.0,2.8,20.94,6.22,6.22,2020-02-17 02:00:00
2020-02-18,4,2020,0.0,Low,27.4,16.7,22.1,78.0,2.9,22.44,6.58,6.58,2020-02-18 02:00:00
2020-02-19,4,2020,2.2,Low,29.5,16.0,22.7,77.0,3.44,20.68,6.15,6.15,2020-02-19 02:00:00
2020-02-20,4,2020,2.6,Low,27.5,14.5,21.0,79.0,3.48,21.43,6.19,6.19,2020-02-20 02:00:00
2020-02-21,4,2020,2.3,Low,28.4,16.3,22.4,65.0,3.22,21.66,6.46,6.46,2020-02-21 02:00:00
2020-02-22,4,2020,1.2,Low,28.9,16.7,22.8,73.0,3.04,20.71,6.18,6.18,2020-02-22 02:00:00
2020-02-23,4,2020,0.9,Low,25.9,15.7,20.8,73.0,3.04,20.97,6.06,6.06,2020-02-23 02:00:00
2020-02-24,4,2020,0.1,Low,28.7,16.0,22.4,73.0,3.01,22.52,6.66,6.66,2020-02-24 02:00:00
2020-02-25,4,2020,1.3,Low,28.9,16.0,22.5,70.0,3.51,20.28,6.06,6.06,2020-02-25 02:00:00
2020-02-26,4,2020,0.6,Low,29.9,15.2,22.5,70.0,2.49,22.55,6.69,6.69,2020-02-26 02:00:00
2020-02-27,4,2020,0.5,Low,27.7,16.5,22.1,66.0,3.07,21.6,6.41,6.41,2020-02-27 02:00:00
2020-02-28,4,2020,0.0,Low,27.6,17.5,22.6,70.0,3.14,23.94,7.12,7.12,2020-02-28 02:00:00
2020-02-29,4,2020,2.6,Low,26.2,17.3,21.7,66.0,3.18,20.19,5.97,5.97,2020-02-29 02:00:00
2020-03-01,4,2020,1.8,Low,28.5,16.3,22.4,66.0,3.04,20.37,6.08,6.08,2020-03-01 02:00:00
2020-03-02,4,2020,2.4,Low,28.3,16.4,22.4,77.0,3.25,20.52,6.07,6.07,2020-03-02 02:00:00
2020-03-03,4,2020,0.3,Low,28.1,17.0,22.6,70.0,2.93,21.59,6.42,6.42,2020-03-03 02:00:00
2020-03-04,4,2020,0.6,Low,29.0,16.7,22.9,68.0,3.04,20.12,6.04,6.04,2020-03-04 02:00:00
2020-03-05,4,2020,0.8,Low,29.2,16.8,23.0,72.0,2.98,19.41,5.82,5.82,2020-03-05 02:00:00
2020-03-06,4,2020,0.5,Low,28.6,17.9,23.2,69.0,2.68,23.35,7.0,7.0,2020-03-06 02:00:00
2020-03-07,4,2020,1.0,Low,29.5,16.2,22.9,75.0,2.78,20.12,6.0,6.0,2020-03-07 02:00:00
2020-03-08,4,2020,3.4,Low,28.8,15.0,21.9,71.0,3.26,20.25,5.97,5.97,2020-03-08 02:00:00
2020-03-09,4,2020,0.0,Low,29.7,18.0,23.8,68.0,2.94,20.71,6.3,6.3,2020-03-09 02:00:00
2020-03-10,4,2020,0.1,Low,27.7,16.9,22.3,70.0,3.04,21.18,6.28,6.28,2020-03-10 02:00:00
2020-03-11,4,2020,0.6,Low,28.0,16.9,22.4,70.0,3.47,19.81,5.92,5.92,2020-03-11 02:00:00
2020-03-12,4,2020,0.4,Low,27.4,15.9,21.6,63.0,3.06,23.34,6.87,6.87,2020-03-12 02:00:00
2020-03-13,4,2020,0.6,Low,29.8,17.0,23.4,69.0,3.17,22.5,6.79,6.79,2020-03-13 02:00:00
2020-03-14,4,2020,0.0,Low,29.2,16.4,22.8,69.0,2.4,20.43,6.1,6.1,2020-03-14 02:00:00
2020-03-15,4,2020,4.6,Low,28.8,17.5,23.2,77.0,2.58,21.63,6.45,6.45,2020-03-15 02:00:00
2020-03-16,4,2020,2.5,Low,28.9,16.9,22.9,70.0,3.44,20.73,6.23,6.23,2020-03-16 02:00:00
2020-03-17,4,2020,0.4,Low,29.2,16.8,23.0,71.0,3.12,23.07,6.9,6.9,2020-03-17 02:00:00
2020-03-18,4,2020,0.5,Low,29.9,17.9,23.9,65.0,2.81,21.11,6.44,6.44,2020-03-18 02:00:00
2020-03-19,4,2020,0.3,Low,29.4,18.2,23.8,67.0,2.9,20.99,6.38,6.38,2020-03-19 02:00:00
2020-03-20,4,2020,1.6,Low,31.2,17.4,24.3,72.0,2.64,21.43,6.53,6.53,2020-03-20 02:00:00
2020-03-21,4,2020,1.0,Low,28.4,16.8,22.6,72.0,2.52,21.76,6.46,6.46,2020-03-21 02:00:00
2020-03-22,4,2020,0.0,Low,30.6,18.1,24.3,70.0,2.98,22.85,6.97,6.97,2020-03-22 02:00:00
2020-03-23,4,2020,7.2,Low,28.5,16.8,22.7,77.0,3.09,21.19,6.29,6.29,2020-03-23 02:00:00
2020-03-24,4,2020,1.3,Low,28.5,15.8,22.2,68.0,3.41,19.98,5.95,5.95,2020-03-24 02:00:00
2020-03-25,4,2020,4.6,Low,28.2,17.0,22.6,72.0,2.24,22.91,6.78,6.78,2020-03-25 02:00:00
2020-03-26,4,2020,0.3,Low,30.1,14.9,22.5,69.0,2.93,22.56,6.71,6.71,2020-03-26 02:00:00
2020-03-27,4,2020,0.7,Low,30.7,16.4,23.5,72.0,2.45,20.52,6.18,6.18,2020-03-27 02:00:00
2020-03-28,4,2020,0.0,Low,29.2,16.9,23.0,70.0,2.89,19.89,5.97,5.97,2020-03-28 02:00:00
2020-03-29,4,2020,0.5,Low,29.7,16.1,22.9,67.0,2.81,21.31,6.39,6.39,2020-03-29 02:00:00
2020-03-30,4,2020,0.0,Low,28.5,15.5,22.0,71.0,3.9,22.16,6.56,6.56,2020-03-30 02:00:00
2020-03-31,4,2020,0.6,Low,29.0,17.8,23.4,64.0,3.75,23.62,7.17,7.17,2020-03-31 02:00:00
2020-04-01,4,2020,0.6,Low,28.2,15.9,22.1,66.0,2.94,22.61,6.69,6.69,2020-04-01 02:00:00
2020-04-02,4,2020,4.7,Low,26.9,16.8,21.8,68.0,3.8,21.49,6.37,6.37,2020-04-02 02:00:00
2020-04-03,4,2020,0.5,Low,29.8,15.2,22.5,70.0,3.76,21.37,6.38,6.38,2020-04-03 02:00:00
2020-04-04,4,2020,3.4,Low,29.5,17.5,23.5,64.0,3.22,21.64,6.58,6.58,2020-04-04 02:00:00
2020-04-05,4,2020,2.3,Low,29.5,15.8,22.6,68.0,2.97,22.22,6.63,6.63,2020-04-05 02:00:00
2020-04-06,4,2020,2.0,Low,30.1,15.7,22.9,68.0,2.83,20.94,6.28,6.28,2020-04-06 02:00:00
2020-04-07,4,2020,5.4,Low,28.1,15.5,21.8,68.0,2.66,20.24,5.96,5.96,2020-04-07 02:00:00
2020-04-08,4,2020,4.1,Low,28.7,17.1,22.9,70.0,3.25,21.53,6.45,6.45,2020-04-08 02:00:00
2020-04-09,4,2020,0.4,Low,31.3,17.6,24.5,68.0,2.53,20.24,6.21,6.21,2020-04-09 02:00:00
2020-04-10,4,2020,0.8,Low,30.5,15.9,23.2,67.0,2.57,21.22,6.38,6.38,2020-04-10 02:00:00
2020-04-11,4,2020,0.0,Low,31.3,17.4,24.4,70.0,2.5,23.88,7.27,7.27,2020-04-11 02:00:00
2020-04-12,4,2020,5.2,Low,30.0,15.6,22.8,70.0,3.4,21.41,6.41,6.41,2020-04-12 02:00:00
2020-04-13,4,2020,0.2,Low,27.3,18.2,22.7,75.0,3.98,23.01,6.86,6.86,2020-04-13 02:00:00
2020-04-14,4,2020,3.1,Low,31.1,17.5,24.3,63.0,2.19,21.31,6.52,6.52,2020-04-14 02:00:00
2020-04-15,4,2020,0.3,Low,29.7,15.9,22.8,68.0,3.11,21.79,6.53,6.53,2020-04-15 02:00:00
2020-04-16,4,2020,0.6,Low,31.1,17.0,24.1,74.0,2.74,21.02,6.37,6.37,2020-04-16 02:00:00
2020-04-17,4,2020,0.6,Low,30.0,17.5,23.8,66.0,3.19,20.38,6.21,6.21,2020-04-17 02:00:00
2020-04-18,4,2020,0.1,Low,28.3,17.0,22.7,63.0,2.83,20.65,6.19,6.19,2020-04-18 02:00:00
2020-04-19,4,2020,1.0,Low,28.7,17.8,23.2,77.0,3.41,23.14,6.92,6.92,2020-04-19 02:00:00
2020-04-20,4,2020,3.8,Low,29.4,16.5,23.0,72.0,3.16,19.38,5.81,5.81,2020-04-20 02:00:00
2020-04-21,4,2020,0.4,Low,28.0,17.2,22.6,69.0,3.09,21.13,6.31,6.31,2020-04-21 02:00:00
2020-04-22,4,2020,0.0,Low,29.8,17.1,23.4,70.0,3.07,20.49,6.2,6.2,2020-04-22 02:00:00
2020-04-23,4,2020,1.0,Low,29.0,18.1,23.5,65.0,3.52,22.42,6.81,6.81,2020-04-23 02:00:00
2020-04-24,4,2020,0.7,Low,30.4,18.7,24.5,67.0,2.87,22.64,6.94,6.94,2020-04-24 02:00:00
2020-04-25,4,2020,0.8,Low,29.8,15.0,22.4,68.0,3.72,22.1,6.6,6.6,2020-04-25 02:00:00
2020-04-26,4,2020,4.2,Low,30.9,16.6,23.8,73.0,3.07,22.37,6.76,6.76,2020-04-26 02:00:00
2020-04-27,4,2020,4.8,Low,30.5,16.5,23.5,71.0,3.15,19.62,5.94,5.94,2020-04-27 02:00:00
2020-04-28,4,2020,2.4,Low,29.1,16.1,22.6,69.0,3.44,20.55,6.15,6.15,2020-04-28 02:00:00
2020-04-29,4,2020,0.6,Low,28.6,17.9,23.3,69.0,2.43,19.57,5.89,5.89,2020-04-29 02:00:00
2020-04-30,4,2020,0.0,Low,29.9,16.8,23.3,67.0,3.14,21.45,6.48,6.48,2020-04-30 02:00:00
2020-05-01,4,2020,3.6,Low,28.5,17.9,23.2,73.0,2.63,23.14,6.91,6.91,2020-05-01 02:00:00
2020-05-02,4,2020,5.1,Moderate,29.4,16.3,22.8,71.0,2.36,23.35,6.94,6.94,2020-05-02 02:00:00
2020-05-03,4,2020,0.1,Moderate,27.0,16.0,21.5,71.0,3.3,20.43,5.99,5.99,2020-05-03 02:00:00
2020-05-04,4,2020,0.5,Moderate,28.3,17.3,22.8,66.0,3.15,21.07,6.33,6.33,2020-05-04 02:00:00
2020-05-05,4,2020,1.6,Moderate,28.7,16.9,22.8,70.0,3.02,23.04,6.87,6.87,2020-05-05 02:00:00
2020-05-06,4,2020,3.7,Moderate,29.6,18.1,23.8,65.0,2.87,22.11,6.73,6.73,2020-05-06 02:00:00
2020-05-07,4,2020,0.0,Moderate,28.6,16.9,22.7,64.0,3.3,19.95,6.01,6.01,2020-05-07 02:00:00
2020-05-08,4,2020,0.6,Moderate,30.1,16.8,23.4,67.0,2.67,22.48,6.78,6.78,2020-05-08 02:00:00
2020-05-09,4,2020,1.1,Moderate,30.0,16.4,23.2,70.0,3.13,23.56,7.07,7.07,2020-05-09 02:00:00
2020-05-10,4,2020,0.1,Moderate,29.8,15.8,22.8,65.0,2.95,21.42,6.43,6.43,2020-05-10 02:00:00
2020-05-11,4,2020,1.1,Moderate,28.3,16.7,22.5,67.0,2.89,22.78,6.78,6.78,2020-05-11 02:00:00
2020-05-12,4,2020,2.0,Moderate,29.6,16.7,23.1,68.0,2.88,23.82,7.14,7.14,2020-05-12 02:00:00
2020-05-13,4,2020,2.8,Moderate,30.2,17.2,23.7,66.0,3.13,21.08,6.41,6.41,2020-05-13 02:00:00
2020-05-14,4,2020,0.2,Moderate,27.5,16.8,22.2,65.0,3.13,22.92,6.8,6.8,2020-05-14 02:00:00
2020-05-15,4,2020,0.4,Moderate,32.3,18.0,25.1,65.0,3.69,22.91,7.13,7.13,2020-05-15 02:00:00
2020-05-16,4,2020,1.0,Moderate,29.7,15.3,22.5,67.0,3.47,22.91,6.84,6.84,2020-05-16 02:00:00
2020-05-17,4,2020,1.5,Moderate,28.8,16.3,22.6,62.0,3.82,22.44,6.76,6.76,2020-05-17 02:00:00
2020-05-18,4,2020,1.5,Moderate,32.8,16.2,24.5,67.0,3.07,22.23,6.83,6.83,2020-05-18 02:00:00
2020-05-19,4,2020,0.0,Moderate,28.2,16.4,22.3,65.0,2.5,20.85,6.2,6.2,2020-05-19 02:00:00
2020-05-20,4,2020,2.2,Moderate,29.3,17.3,23.3,67.0,3.26,22.53,6.8,6.8,2020-05-20 02:00:00
2020-05-21,4,2020,2.2,Moderate,31.4,16.1,23.8,68.0,2.81,25.59,7.73,7.73,2020-05-21 02:00:00
2020-05-22,4,2020,0.7,Moderate,28.8,17.6,23.2,73.0,2.97,21.96,6.58,6.58,2020-05-22 02:00:00
2020-05-23,4,2020,0.0,Moderate,29.3,17.5,23.4,63.0,2.6,21.9,6.62,6.62,2020-05-23 02:00:00
2020-05-24,4,2020,0.0,Moderate,28.4,17.7,23.1,64.0,3.47,23.76,7.17,7.17,2020-05-24 02:00:00
2020-05-25,4,2020,3.1,Moderate,28.9,16.4,22.6,64.0,2.68,23.22,6.93,6.93,2020-05-25 02:00:00
2020-05-26,4,2020,0.7,Moderate,29.6,17.0,23.3,68.0,3.42,22.92,6.92,6.92,2020-05-26 02:00:00
2020-05-27,4,2020,3.0,Moderate,31.1,16.2,23.6,68.0,3.45,22.29,6.76,6.76,2020-05-27 02:00:00
2020-05-28,4,2020,1.6,Moderate,29.0,16.4,22.7,68.0,2.36,21.44,6.38,6.38,2020-05-28 02:00:00
2020-05-29,4,2020,5.7,Moderate,30.5,16.4,23.4,64.0,3.05,20.07,6.1,6.1,2020-05-29 02:00:00
2020-05-30,4,2020,4.1,Moderate,28.9,17.9,23.4,72.0,2.4,20.44,6.14,6.14,2020-05-30 02:00:00
2020-05-31,4,2020,0.0,Moderate,30.4,17.2,23.8,64.0,3.91,23.19,7.09,7.09,2020-05-31 02:00:00
2020-06-01,4,2020,1.7,Moderate,28.8,16.5,22.7,69.0,3.32,22.27,6.65,6.65,2020-06-01 02:00:00
2020-06-02,4,2020,0.0,Moderate,29.8,15.9,22.8,64.0,3.29,21.54,6.48,6.48,2020-06-02 02:00:00
2020-06-03,4,2020,0.0,Moderate,29.9,17.1,23.5,69.0,3.34,22.93,6.93,6.93,2020-06-03 02:00:00
2020-06-04,4,2020,0.3,Moderate,29.8,15.0,22.4,65.0,3.69,22.95,6.86,6.86,2020-06-04 02:00:00
2020-06-05,4,2020,0.3,Moderate,29.6,16.3,22.9,73.0,2.27,20.96,6.24,6.24,2020-06-05 02:00:00
2020-06-06,4,2020,7.3,Moderate,31.5,17.0,24.2,65.0,3.3,21.03,6.46,6.46,2020-06-06 02:00:00
2020-06-07,4,2020,0.2,Moderate,30.0,16.5,23.3,69.0,2.72,21.52,6.47,6.47,2020-06-07 02:00:00
2020-06-08,4,2020,1.1,Moderate,30.7,16.9,23.8,71.0,2.97,23.72,7.17,7.17,2020-06-08 02:00:00
2020-06-09,4,2020,0.4,Moderate,30.0,18.8,24.4,68.0,3.05,22.06,6.76,6.76,2020-06-09 02:00:00
2020-06-10,4,2020,0.0,Moderate,27.7,18.3,23.0,70.0,3.01,20.51,6.16,6.16,2020-06-10 02:00:00
2020-06-11,4,2020,0.8,Moderate,28.4,17.2,22.8,67.0,3.17,22.26,6.67,6.67,2020-06-11 02:00:00
2020-06-12,4,2020,2.9,Moderate,30.9,15.3,23.1,66.0,2.9,24.06,7.22,7.22,2020-06-12 02:00:00
2020-06-13,4,2020,0.2,Moderate,29.8,16.9,23.4,68.0,2.97,24.1,7.26,7.26,2020-06-13 02:00:00
2020-06-14,4,2020,0.0,Moderate,30.8,17.7,24.3,69.0,2.07,21.4,6.51,6.51,2020-06-14 02:00:00
2020-06-15,4,2020,0.0,Moderate,29.8,17.7,23.7,65.0,2.46,24.03,7.27,7.27,2020-06-15 02:00:00
2020-06-16,4,2020,5.5,Moderate,30.3,16.7,23.5,64.0,2.73,21.68,6.57,6.57,2020-06-16 02:00:00
2020-06-17,4,2020,0.2,Moderate,31.8,17.0,24.4,67.0,3.38,21.74,6.68,6.68,2020-06-17 02:00:00
2020-06-18,4,2020,0.0,Moderate,31.9,16.9,24.4,71.0,2.55,22.77,6.94,6.94,2020-06-18 02:00:00
2020-06-19,4,2020,1.3,Moderate,30.0,17.4,23.7,74.0,3.44,21.32,6.45,6.45,2020-06-19 02:00:00
2020-06-20,4,2020,4.9,Moderate,27.9,17.4,22.7,67.0,2.76,22.93,6.84,6.84,2020-06-20 02:00:00
2020-06-21,4,2020,0.3,Moderate,30.3,16.9,23.6,72.0,2.75,23.69,7.13,7.13,2020-06-21 02:00:00
2020-06-22,4,2020,12.7,Moderate,30.8,17.7,24.3,65.0,2.61,21.52,6.58,6.58,2020-06-22 02:00:00
2020-06-23,4,2020,0.5,Moderate,30.9,17.3,24.1,67.0,3.16,22.41,6.84,6.84,2020-06-23 02:00:00
2020-06-24,4,2020,0.3,Moderate,30.7,17.9,24.3,72.0,2.92,24.63,7.49,7.49,2020-06-24 02:00:00
2020-06-25,4,2020,0.0,Moderate,28.2,16.4,22.3,64.0,2.87,21.58,6.42,6.42,2020-06-25 02:00:00
2020-06-26,4,2020,2.1,Moderate,30.6,15.8,23.2,70.0,3.36,19.56,5.91,5.91,2020-06-26 02:00:00
2020-06-27,4,2020,1.1,Moderate,31.3,17.2,24.2,66.0,2.9,22.85,6.98,6.98,2020-06-27 02:00:00
2020-06-28,4,2020,0.0,Moderate,30.7,16.8,23.8,64.0,3.83,22.05,6.75,6.75,2020-06-28 02:00:00
2020-06-29,4,2020,0.7,Moderate,30.3,17.9,24.1,63.0,3.1,23.53,7.19,7.19,2020-06-29 02:00:00
2020-06-30,4,2020,0.2,Moderate,31.3,18.6,24.9,68.0,2.8,22.0,6.78,6.78,2020-06-30 02:00:00
2020-07-01,4,2020,0.2,Moderate,30.3,18.0,24.2,62.0,3.17,21.64,6.65,6.65,2020-07-01 02:00:00
2020-07-02,4,2020,0.6,Moderate,30.3,16.4,23.4,67.0,3.28,21.81,6.6,6.6,2020-07-02 02:00:00
2020-07-03,4,2020,0.0,Moderate,29.3,17.3,23.3,67.0,3.73,22.24,6.74,6.74,2020-07-03 02:00:00
2020-07-04,4,2020,0.1,Moderate,30.8,17.1,23.9,64.0,3.49,22.32,6.83,6.83,2020-07-04 02:00:00
2020-07-05,4,2020,3.1,Moderate,30.1,17.6,23.8,64.0,2.41,25.33,7.66,7.66,2020-07-05 02:00:00
2020-07-06,4,2020,0.1,Moderate,28.1,17.3,22.7,70.0,2.89,22.1,6.58,6.58,2020-07-06 02:00:00
2020-07-07,4,2020,1.3,Moderate,31.2,16.8,24.0,65.0,3.21,22.24,6.8,6.8,2020-07-07 02:00:00
2020-07-08,4,2020,0.0,Moderate,31.4,15.9,23.7,65.0,2.23,21.38,6.47,6.47,2020-07-08 02:00:00
2020-07-09,4,2020,1.6,Moderate,29.3,17.6,23.5,61.0,3.42,23.84,7.25,7.25,2020-07-09 02:00:00
2020-07-10,4,2020,0.1,Moderate,32.4,16.4,24.4,63.0,3.77,22.64,6.99,6.99,2020-07-10 02:00:00
2020-07-11,4,2020,0.4,Moderate,31.0,16.2,23.6,64.0,2.95,24.44,7.4,7.4,2020-07-11 02:00:00
2020-07-12,4,2020,5.1,Moderate,29.8,18.2,24.0,68.0,3.5,23.38,7.13,7.13,2020-07-12 02:00:00
2020-07-13,4,2020,0.1,Moderate,32.1,17.0,24.6,60.0,3.79,23.2,7.2,7.2,2020-07-13 02:00:00
2020-07-14,4,2020,1.4,Moderate,30.3,15.4,22.9,67.0,2.55,23.44,6.99,6.99,2020-07-14 02:00:00
2020-07-15,4,2020,0.9,Moderate,30.1,17.2,23.6,67.0,2.9,22.09,6.69,6.69,2020-07-15 02:00:00
2020-07-16,4,2020,1.1,Moderate,31.0,16.4,23.7,63.0,3.39,24.22,7.37,7.37,2020-07-16 02:00:00
2020-07-17,4,2020,2.8,Moderate,30.9,16.8,23.8,64.0,3.36,21.45,6.56,6.56,2020-07-17 02:00:00
2020-07-18,4,2020,0.4,Moderate,31.5,19.4,25.4,63.0,3.25,23.13,7.22,7.22,2020-07-18 02:00:00
2020-07-19,4,2020,0.3,Moderate,30.7,18.8,24.7,67.0,2.83,22.54,6.93,6.93,2020-07-19 02:00:00
2020-07-20,4,2020,0.6,Moderate,29.6,17.8,23.7,64.0,2.96,23.47,7.13,7.13,2020-07-20 02:00:00
2020-07-21,4,2020,1.1,Moderate,30.9,16.8,23.8,62.0,3.3,22.28,6.81,6.81,2020-07-21 02:00:00
2020-07-22,4,2020,2.4,Moderate,29.9,17.0,23.5,62.0,3.46,21.62,6.59,6.59,2020-07-22 02:00:00
2020-07-23,4,2020,7.3,Moderate,29.1,15.9,22.5,68.0,3.06,23.25,6.91,6.91,2020-07-23 02:00:00
2020-07-24,4,2020,0.0,Moderate,30.8,16.5,23.7,67.0,3.3,22.13,6.72,6.72,2020-07-24 02:00:00
2020-07-25,4,2020,1.5,Moderate,29.2,17.4,23.3,69.0,3.01,22.48,6.77,6.77,2020-07-25 02:00:00
2020-07-26,4,2020,1.7,Moderate,31.1,16.6,23.9,67.0,2.98,22.66,6.89,6.89,2020-07-26 02:00:00
2020-07-27,4,2020,0.3,Moderate,32.0,17.9,25.0,66.0,2.69,22.88,7.06,7.06,2020-07-27 02:00:00
2020-07-28,4,2020,3.9,Moderate,30.1,18.2,24.2,68.0,3.47,23.05,7.05,7.05,2020-07-28 02:00:00
2020-07-29,4,2020,1.6,Moderate,31.7,16.8,24.2,67.0,2.97,24.03,7.34,7.34,2020-07-29 02:00:00
2020-07-30,4,2020,0.0,Moderate,34.2,17.4,25.8,71.0,3.65,23.76,7.41,7.41,2020-07-30 02:00:00
2020-07-31,4,2020,0.0,Moderate,32.1,16.6,24.4,66.0,3.49,22.85,7.02,7.02,2020-07-31 02:00:00
2020-08-01,4,2020,1.1,Moderate,32.2,17.6,24.9,60.0,3.24,23.16,7.19,7.19,2020-08-01 02:00:00
2020-08-02,4,2020,0.0,Moderate,30.7,18.2,24.5,68.0,3.62,22.06,6.79,6.79,2020-08-02 02:00:00
2020-08-03,4,2020,0.0,Moderate,31.7,17.3,24.5,58.0,3.27,22.91,7.09,7.09,2020-08-03 02:00:00
2020-08-04,4,2020,4.6,Moderate,31.5,16.5,24.0,63.0,3.22,23.55,7.2,7.2,2020-08-04 02:00:00
2020-08-05,4,2020,1.7,Moderate,30.6,16.5,23.5,61.0,3.17,22.95,6.98,6.98,2020-08-05 02:00:00
2020-08-06,4,2020,0.0,Moderate,29.0,16.3,22.6,65.0,3.2,21.76,6.52,6.52,2020-08-06 02:00:00
2020-08-07,4,2020,0.6,Moderate,32.3,17.9,25.1,65.0,2.95,23.32,7.22,7.22,2020-08-07 02:00:00
2020-08-08,4,2020,1.2,Moderate,31.1,16.2,23.6,66.0,2.89,23.07,6.98,6.98,2020-08-08 02:00:00
2020-08-09,4,2020,1.1,Moderate,29.0,17.7,23.4,69.0,2.57,24.98,7.49,7.49,2020-08-09 02:00:00
2020-08-10,4,2020,0.1,Moderate,29.8,18.1,23.9,65.0,3.56,22.25,6.81,6.81,2020-08-10 02:00:00
2020-08-11,4,2020,0.0,Moderate,32.3,17.9,25.1,66.0,2.67,21.34,6.6,6.6,2020-08-11 02:00:00
2020-08-12,4,2020,2.8,Moderate,31.5,17.1,24.3,63.0,3.39,22.15,6.82,6.82,2020-08-12 02:00:00
2020-08-13,4,2020,0.0,Moderate,31.5,17.4,24.4,64.0,2.6,22.78,6.98,6.98,2020-08-13 02:00:00
2020-08-14,4,2020,0.0,Moderate,32.6,18.3,25.4,64.0,2.72,24.68,7.66,7.66,2020-08-14 02:00:00
2020-08-15,4,2020,0.6,Moderate,33.2,17.6,25.4,66.0,3.01,24.09,7.48,7.48,2020-08-15 02:00:00
2020-08-16,4,2020,1.1,Moderate,30.6,17.3,23.9,64.0,3.12,23.47,7.15,7.15,2020-08-16 02:00:00
2020-08-17,4,2020,0.0,Moderate,30.8,17.9,24.4,62.0,2.53,23.83,7.29,7.29,2020-08-17 02:00:00
2020-08-18,4,2020,0.0,Moderate,29.0,18.5,23.7,70.0,2.98,22.11,6.7,6.7,2020-08-18 02:00:00
2020-08-19,4,2020,0.4,Moderate,30.6,16.8,23.7,65.0,4.1,22.72,6.94,6.94,2020-08-19 02:00:00
2020-08-20,4,2020,0.1,Moderate,29.7,18.1,23.9,61.0,2.78,23.64,7.2,7.2,2020-08-20 02:00:00
2020-08-21,4,2020,5.8,Moderate,31.9,17.5,24.7,68.0,2.95,21.94,6.75,6.75,2020-08-21 02:00:00
2020-08-22,4,2020,0.0,Moderate,31.0,18.8,24.9,64.0,3.48,23.17,7.18,7.18,2020-08-22 02:00:00
2020-08-23,4,2020,0.4,Moderate,31.2,18.4,24.8,70.0,3.02,25.18,7.72,7.72,2020-08-23 02:00:00
2020-08-24,4,2020,0.0,Moderate,32.6,18.5,25.6,66.0,3.62,25.07,7.82,7.82,2020-08-24 02:00:00
2020-08-25,4,2020,0.0,Moderate,32.2,18.2,25.2,65.0,3.18,21.25,6.61,6.61,2020-08-25 02:00:00
2020-08-26,4,2020,0.3,Moderate,31.0,18.3,24.7,63.0,3.71,24.0,7.42,7.42,2020-08-26 02:00:00
2020-08-27,4,2020,0.7,Moderate,31.0,17.1,24.0,63.0,3.8,23.53,7.22,7.22,2020-08-27 02:00:00
2020-08-28,4,2020,2.6,Moderate,30.0,16.7,23.3,63.0,3.12,21.45,6.51,6.51,2020-08-28 02:00:00
2020-08-29,4,2020,0.1,Moderate,31.0,17.2,24.1,64.0,3.33,24.15,7.38,7.38,2020-08-29 02:00:00
2020-08-30,4,2020,0.2,High,31.0,17.0,24.0,70.0,3.01,22.51,6.84,6.84,2020-08-30 02:00:00
2020-08-31,4,2020,0.0,High,30.4,18.5,24.5,61.0,3.57,23.27,7.19,7.19,2020-08-31 02:00:00
2020-09-01,4,2020,0.0,High,32.6,16.8,24.7,65.0,3.48,24.1,7.43,7.43,2020-09-01 02:00:00
2020-09-02,4,2020,0.7,High,30.1,18.7,24.4,62.0,2.58,24.07,7.37,7.37,2020-09-02 02:00:00
2020-09-03,4,2020,0.0,High,30.6,16.2,23.4,64.0,2.89,22.21,6.72,6.72,2020-09-03 02:00:00
2020-09-04,4,2020,2.5,High,31.5,17.3,24.4,63.0,2.99,22.97,7.05,7.05,2020-09-04 02:00:00
2020-09-05,4,2020,0.0,High,31.8,17.0,24.4,61.0,3.2,24.04,7.39,7.39,2020-09-05 02:00:00
2020-09-06,4,2020,1.0,High,30.9,18.6,24.8,61.0,3.66,22.98,7.14,7.14,2020-09-06 02:00:00
2020-09-07,4,2020,3.6,High,32.4,20.1,26.2,61.0,2.77,24.54,7.72,7.72,2020-09-07 02:00:00
2020-09-08,4,2020,2.5,High,30.5,17.9,24.2,60.0,3.59,22.73,7.0,7.0,2020-09-08 02:00:00
2020-09-09,4,2020,2.5,High,31.7,18.8,25.2,60.0,3.23,22.96,7.16,7.16,2020-09-09 02:00:00
2020-09-10,4,2020,0.1,High,30.5,18.6,24.5,58.0,2.16,20.76,6.39,6.39,2020-09-10 02:00:00
2020-09-11,4,2020,0.0,High,30.9,17.1,24.0,61.0,3.01,21.99,6.73,6.73,2020-09-11 02:00:00
2020-09-12,4,2020,0.6,High,31.2,17.9,24.5,66.0,3.83,24.79,7.63,7.63,2020-09-12 02:00:00
2020-09-13,4,2020,2.9,High,31.3,18.3,24.8,62.0,3.69,23.77,7.37,7.37,2020-09-13 02:00:00
2020-09-14,4,2020,0.0,High,31.2,17.0,24.1,66.0,3.01,22.59,6.89,6.89,2020-09-14 02:00:00
2020-09-15,4,2020,0.0,High,31.5,17.1,24.3,64.0,3.5,22.86,7.03,7.03,2020-09-15 02:00:00
2020-09-16,4,2020,0.0,High,31.2,19.0,25.1,64.0,2.51,24.86,7.67,7.67,2020-09-16 02:00:00
2020-09-17,4,2020,0.0,High,32.4,19.9,26.1,65.0,3.32,22.84,7.19,7.19,2020-09-17 02:00:00
2020-09-18,4,2020,0.9,High,32.7,17.9,25.3,62.0,3.49,22.55,7.05,7.05,2020-09-18 02:00:00
2020-09-19,4,2020,0.0,High,31.6,17.9,24.8,64.0,2.85,22.12,6.83,6.83,2020-09-19 02:00:00
2020-09-20,4,2020,0.1,High,31.4,17.3,24.4,63.0,3.46,23.93,7.36,7.36,2020-09-20 02:00:00
2020-09-21,4,2020,1.4,High,29.9,18.6,24.2,62.0,2.01,24.45,7.44,7.44,2020-09-21 02:00:00
2020-09-22,4,2020,3.2,High,30.2,18.2,24.2,63.0,3.16,26.21,8.0,8.0,2020-09-22 02:00:00
2020-09-23,4,2020,0.9,High,33.0,17.8,25.4,61.0,3.05,24.25,7.55,7.55,2020-09-23 02:00:00
2020-09-24,4,2020,0.0,High,30.7,17.4,24.0,69.0,3.01,23.22,7.06,7.06,2020-09-24 02:00:00
2020-09-25,4,2020,0.5,High,30.9,17.3,24.1,63.0,2.39,22.86,6.97,6.97,2020-09-25 02:00:00
2020-09-26,4,2020,0.0,High,31.8,17.4,24.6,66.0,2.94,23.59,7.24,7.24,2020-09-26 02:00:00
2020-09-27,4,2020,6.4,High,30.2,17.2,23.7,62.0,2.45,23.52,7.13,7.13,2020-09-27 02:00:00
2020-09-28,4,2020,0.0,High,32.0,17.1,24.6,63.0,3.03,23.86,7.34,7.34,2020-09-28 02:00:00
2020-09-29,4,2020,0.0,High,31.2,17.6,24.4,64.0,3.45,24.06,7.39,7.39,2020-09-29 02:00:00
2020-09-30,4,2020,0.0,High,31.1,18.7,24.9,63.0,3.01,23.05,7.13,7.13,2020-09-30 02:00:00
2020-10-01,4,2020,0.4,High,33.0,17.8,25.4,65.0,2.22,23.5,7.27,7.27,2020-10-01 02:00:00
2020-10-02,4,2020,2.3,High,31.3,16.7,24.0,61.0,3.14,22.45,6.88,6.88,2020-10-02 02:00:00
2020-10-03,4,2020,0.0,High,32.9,17.1,25.0,63.0,2.48,25.0,7.71,7.71,2020-10-03 02:00:00
2020-10-04,4,2020,0.0,High,31.3,17.7,24.5,60.0,3.02,24.33,7.49,7.49,2020-10-04 02:00:00
2020-10-05,4,2020,0.9,High,31.3,18.1,24.7,62.0,2.9,24.14,7.43,7.43,2020-10-05 02:00:00
2020-10-06,4,2020,0.0,High,31.0,17.7,24.3,62.0,2.63,22.67,6.95,6.95,2020-10-06 02:00:00
2020-10-07,4,2020,1.7,High,32.3,19.6,25.9,65.0,2.77,22.42,7.02,7.02,2020-10-07 02:00:00
2020-10-08,4,2020,0.0,High,30.8,17.6,24.2,60.0,2.61,22.95,7.03,7.03,2020-10-08 02:00:00
2020-10-09,4,2020,1.4,High,32.7,17.8,25.2,58.0,2.66,23.66,7.36,7.36,2020-10-09 02:00:00
2020-10-10,4,2020,2.5,High,31.9,17.3,24.6,61.0,3.17,23.83,7.36,7.36,2020-10-10 02:00:00
2020-10-11,4,2020,0.0,High,34.2,18.3,26.2,60.0,2.42,22.8,7.17,7.17,2020-10-11 02:00:00
2020-10-12,4,2020,0.2,High,34.1,18.9,26.5,65.0,2.76,22.08,6.96,6.96,2020-10-12 02:00:00
2020-10-13,4,2020,0.0,High,31.0,18.1,24.5,60.0,2.91,24.76,7.62,7.62,2020-10-13 02:00:00
2020-10-14,4,2020,0.8,High,32.5,18.0,25.2,61.0,3.24,24.8,7.71,7.71,2020-10-14 02:00:00
2020-10-15,4,2020,3.1,High,33.4,17.3,25.4,57.0,2.12,24.59,7.63,7.63,2020-10-15 02:00:00
2020-10-16,4,2020,1.5,High,31.0,18.2,24.6,62.0,3.52,23.97,7.4,7.4,2020-10-16 02:00:00
2020-10-17,4,2020,0.3,High,33.2,18.1,25.6,66.0,2.98,23.81,7.41,7.41,2020-10-17 02:00:00
2020-10-18,4,2020,0.0,High,31.7,18.8,25.2,63.0,3.0,24.42,7.57,7.57,2020-10-18 02:00:00
2020-10-19,4,2020,3.3,High,31.8,18.8,25.3,65.0,2.52,22.86,7.09,7.09,2020-10-19 02:00:00
2020-10-20,4,2020,0.0,High,33.1,17.8,25.5,62.0,3.08,23.33,7.29,7.29,2020-10-20 02:00:00
2020-10-21,4,2020,1.2,High,33.2,17.8,25.5,65.0,2.3,22.5,6.98,6.98,2020-10-21 02:00:00
2020-10-22,4,2020,2.7,High,32.8,18.1,25.5,64.0,2.39,24.47,7.58,7.58,2020-10-22 02:00:00
2020-10-23,4,2020,0.1,High,32.6,17.8,25.2,64.0,2.93,23.5,7.29,7.29,2020-10-23 02:00:00
2020-10-24,4,2020,0.0,High,30.8,17.3,24.1,61.0,3.11,24.33,7.44,7.44,2020-10-24 02:00:00
2020-10-25,4,2020,0.0,High,31.6,19.5,25.5,63.0,2.43,23.66,7.35,7.35,2020-10-25 02:00:00
2020-10-26,4,2020,0.1,High,32.7,17.1,24.9,62.0,3.15,21.86,6.78,6.78,2020-10-26 02:00:00
2020-10-27,4,2020,7.6,High,33.2,17.7,25.5,60.0,3.37,22.33,7.0,7.0,2020-10-27 02:00:00
2020-10-28,4,2020,0.6,High,32.0,17.5,24.7,63.0,2.84,23.93,7.37,7.37,2020-10-28 02:00:00
2020-10-29,4,2020,0.0,High,32.9,18.1,25.5,60.0,2.8,26.3,8.18,8.18,2020-10-29 02:00:00
2020-10-30,4,2020,0.0,High,31.1,18.4,24.8,65.0,2.52,23.32,7.17,7.17,2020-10-30 02:00:00
2020-10-31,4,2020,1.4,High,34.3,18.1,26.2,62.0,3.46,25.28,7.97,7.97,2020-10-31 02:00:00
2020-11-01,4,2020,0.6,High,32.0,18.6,25.3,58.0,3.26,25.13,7.84,7.84,2020-11-01 02:00:00
2020-11-02,4,2020,0.0,High,30.6,18.0,24.3,58.0,2.2,26.38,8.05,8.05,2020-11-02 02:00:00
2020-11-03,4,2020,2.8,High,31.9,17.2,24.6,62.0,4.18,24.18,7.49,7.49,2020-11-03 02:00:00
2020-11-04,4,2020,0.5,High,32.3,18.5,25.4,62.0,2.27,25.17,7.8,7.8,2020-11-04 02:00:00
2020-11-05,4,2020,4.2,High,32.1,18.6,25.3,60.0,3.43,24.61,7.68,7.68,2020-11-05 02:00:00
2020-11-06,4,2020,2.6,High,32.1,18.0,25.1,57.0,3.01,23.94,7.45,7.45,2020-11-06 02:00:00
2020-11-07,4,2020,2.2,High,31.5,18.2,24.9,59.0,2.45,24.53,7.57,7.57,2020-11-07 02:00:00
2020-11-08,4,2020,0.0,High,31.1,18.4,24.7,66.0,3.22,21.63,6.68,6.68,2020-11-08 02:00:00
2020-11-09,4,2020,1.1,High,32.1,19.3,25.7,61.0,2.61,23.65,7.38,7.38,2020-11-09 02:00:00
2020-11-10,4,2020,2.9,High,32.1,18.6,25.3,63.0,3.05,25.05,7.78,7.78,2020-11-10 02:00:00
2020-11-11,4,2020,1.2,High,31.9,18.2,25.1,63.0,2.77,24.16,7.47,7.47,2020-11-11 02:00:00
2020-11-12,4,2020,2.8,High,31.7,16.9,24.3,54.0,2.26,25.51,7.81,7.81,2020-11-12 02:00:00
2020-11-13,4,2020,0.0,High,32.2,18.5,25.3,62.0,2.62,25.29,7.84,7.84,2020-11-13 02:00:00
2020-11-14,4,2020,0.0,High,33.0,19.0,26.0,58.0,2.74,25.68,8.06,8.06,2020-11-14 02:00:00
2020-11-15,4,2020,0.0,High,33.4,18.2,25.8,63.0,3.08,25.47,7.96,7.96,2020-11-15 02:00:00
2020-11-16,4,2020,1.8,High,34.3,19.5,26.9,63.0,3.02,23.6,7.49,7.49,2020-11-16 02:00:00
2020-11-17,4,2020,5.0,High,33.3,18.7,26.0,63.0,2.55,24.08,7.54,7.54,2020-11-17 02:00:00
2020-11-18,4,2020,0.3,High,34.0,19.0,26.5,56.0,3.34,23.84,7.59,7.59,2020-11-18 02:00:00
2020-11-19,4,2020,0.0,High,32.3,18.8,25.5,64.0,3.53,24.2,7.56,7.56,2020-11-19 02:00:00
2020-11-20,4,2020,1.3,High,32.9,18.2,25.6,61.0,2.14,24.27,7.54,7.54,2020-11-20 02:00:00
2020-11-21,4,2020,5.7,High,35.1,17.6,26.4,58.0,2.58,24.23,7.64,7.64,2020-11-21 02:00:00
2020-11-22,4,2020,0.0,High,32.4,16.5,24.5,56.0,3.35,23.14,7.17,7.17,2020-11-22 02:00:00
2020-11-23,4,2020,6.7,High,31.8,17.6,24.7,64.0,3.37,23.49,7.25,7.25,2020-11-23 02:00:00
2020-11-24,4,2020,0.0,High,31.7,16.9,24.3,63.0,2.96,24.99,7.64,7.64,2020-11-24 02:00:00
2020-11-25,4,2020,0.0,High,31.8,19.1,25.5,57.0,2.75,24.04,7.51,7.51,2020-11-25 02:00:00
2020-11-26,4,2020,5.7,High,32.6,18.7,25.6,57.0,2.87,23.34,7.32,7.32,2020-11-26 02:00:00
2020-11-27,4,2020,3.3,High,31.7,19.0,25.3,64.0,3.02,24.72,7.67,7.67,2020-11-27 02:00:00
2020-11-28,4,2020,2.0,High,33.0,18.6,25.8,65.0,2.59,24.16,7.53,7.53,2020-11-28 02:00:00
2020-11-29,4,2020,2.4,High,33.4,17.9,25.6,59.0,3.28,26.19,8.19,8.19,2020-11-29 02:00:00
2020-11-30,4,2020,1.3,High,33.0,19.1,26.0,60.0,2.9,23.36,7.35,7.35,2020-11-30 02:00:00
2020-12-01,4,2020,1.8,High,32.3,17.5,24.9,62.0,3.2,24.73,7.64,7.64,2020-12-01 02:00:00
2020-12-02,4,2020,0.4,High,31.8,18.7,25.3,65.0,2.77,24.63,7.62,7.62,2020-12-02 02:00:00
2020-12-03,4,2020,4.7,High,33.4,19.9,26.6,59.0,2.36,24.82,7.83,7.83,2020-12-03 02:00:00
2020-12-04,4,2020,0.0,High,32.9,18.8,25.8,66.0,2.91,23.8,7.43,7.43,2020-12-04 02:00:00
2020-12-05,4,2020,0.0,High,31.1,18.3,24.7,61.0,2.93,23.81,7.35,7.35,2020-12-05 02:00:00
2020-12-06,4,2020,9.6,High,31.5,18.5,25.0,63.0,3.24,26.5,8.19,8.19,2020-12-06 02:00:00
2020-12-07,4,2020,1.8,High,34.4,18.2,26.3,59.0,2.85,24.97,7.87,7.87,2020-12-07 02:00:00
2020-12-08,4,2020,0.0,High,31.2,17.5,24.4,63.0,3.17,24.87,7.63,7.63,2020-12-08 02:00:00
2020-12-09,4,2020,1.6,High,33.2,18.1,25.6,60.0,2.78,24.81,7.74,7.74,2020-12-09 02:00:00
2020-12-10,4,2020,0.8,High,32.8,18.6,25.7,64.0,2.94,23.43,7.32,7.32,2020-12-10 02:00:00
2020-12-11,4,2020,0.3,High,34.4,18.0,26.2,62.0,2.7,23.68,7.44,7.44,2020-12-11 02:00:00
2020-12-12,4,2020,0.3,High,31.9,18.2,25.1,61.0,3.12,24.55,7.61,7.61,2020-12-12 02:00:00
2020-12-13,4,2020,3.6,High,30.4,17.1,23.8,62.0,2.92,24.35,7.4,7.4,2020-12-13 02:00:00
2020-12-14,4,2020,2.1,High,31.4,16.9,24.1,62.0,2.41,24.01,7.31,7.31,2020-12-14 02:00:00
2020-12-15,4,2020,1.3,High,33.7,18.5,26.1,55.0,2.96,25.05,7.9,7.9,2020-12-15 02:00:00
2020-12-16,4,2020,0.0,High,32.3,18.7,25.5,60.0,3.29,24.46,7.65,7.65,2020-12-16 02:00:00
2020-12-17,4,2020,0.0,High,33.9,18.5,26.2,59.0,2.87,24.97,7.86,7.86,2020-12-17 02:00:00
2020-12-18,4,2020,0.1,High,34.0,18.9,26.4,60.0,2.82,23.48,7.42,7.42,2020-12-18 02:00:00
2020-12-19,4,2020,0.0,High,31.4,19.3,25.3,63.0,2.36,24.69,7.64,7.64,2020-12-19 02:00:00
2020-12-20,4,2020,1.4,High,32.5,19.3,25.9,59.0,2.85,23.57,7.4,7.4,2020-12-20 02:00:00
2020-12-21,4,2020,0.0,High,32.7,18.8,25.7,62.0,2.28,24.75,7.7,7.7,2020-12-21 02:00:00
2020-12-22,4,2020,1.0,High,33.8,17.5,25.7,62.0,3.42,23.17,7.27,7.27,2020-12-22 02:00:00
2020-12-23,4,2020,0.0,High,32.4,18.4,25.4,57.0,3.43,22.97,7.21,7.21,2020-12-23 02:00:00
2020-12-24,4,2020,0.7,High,32.9,19.2,26.0,59.0,2.83,25.63,8.04,8.04,2020-12-24 02:00:00
2020-12-25,4,2020,1.0,High,31.4,17.5,24.5,60.0,3.09,24.84,7.64,7.64,2020-12-25 02:00:00
2020-12-26,4,2020,2.0,High,32.7,18.2,25.4,58.0,4.0,24.31,7.65,7.65,2020-12-26 02:00:00
2020-12-27,4,2020,0.0,High,32.5,17.8,25.1,63.0,2.83,24.15,7.48,7.48,2020-12-27 02:00:00
2020-12-28,4,2020,0.0,High,35.2,18.5,26.8,60.0,2.54,24.13,7.64,7.64,2020-12-28 02:00:00
2020-12-29,4,2020,0.5,High,32.2,19.0,25.6,62.0,2.83,23.65,7.38,7.38,2020-12-29 02:00:00
2020-12-30,4,2020,0.0,High,31.7,18.8,25.3,61.0,2.83,23.41,7.28,7.28,2020-12-30 02:00:00
2020-12-31,4,2020,0.0,High,32.3,19.2,25.7,63.0,2.69,25.07,7.81,7.81,2020-12-31 02:00:00
2021-01-01,4,2021,0.2,Low,28.6,15.3,21.9,71.0,3.32,18.11,5.37,5.37,2021-01-01 02:00:00
2021-01-02,4,2021,3.3,Low,26.6,15.6,21.1,72.0,2.86,21.28,6.18,6.18,2021-01-02 02:00:00
2021-01-03,4,2021,1.1,Low,28.6,17.0,22.8,71.0,3.05,22.46,6.7,6.7,2021-01-03 02:00:00
2021-01-04,4,2021,2.4,Low,27.3,14.5,20.9,64.0,2.56,21.0,6.11,6.11,2021-01-04 02:00:00
2021-01-05,4,2021,1.6,Low,27.3,16.4,21.9,73.0,2.59,21.45,6.29,6.29,2021-01-05 02:00:00
2021-01-06,4,2021,0.4,Low,28.4,17.1,22.7,69.0,3.1,20.86,6.24,6.24,2021-01-06 02:00:00
2021-01-07,4,2021,0.1,Low,27.0,15.9,21.4,70.0,2.24,20.33,5.93,5.93,2021-01-07 02:00:00
2021-01-08,4,2021,3.1,Low,30.0,14.5,22.2,72.0,2.97,20.56,6.08,6.08,2021-01-08 02:00:00
2021-01-09,4,2021,1.2,Low,28.3,16.8,22.5,74.0,3.03,21.45,6.36,6.36,2021-01-09 02:00:00
2021-01-10,4,2021,4.0,Low,26.9,15.6,21.2,70.0,3.53,20.97,6.14,6.14,2021-01-10 02:00:00
2021-01-11,4,2021,0.0,Low,29.4,15.4,22.4,68.0,3.18,20.84,6.22,6.22,2021-01-11 02:00:00
2021-01-12,4,2021,4.0,Low,27.6,16.2,21.9,75.0,3.06,20.47,6.02,6.02,2021-01-12 02:00:00
2021-01-13,4,2021,1.6,Low,27.5,17.2,22.3,72.0,3.26,19.11,5.68,5.68,2021-01-13 02:00:00
2021-01-14,4,2021,0.2,Low,28.4,16.2,22.3,72.0,3.59,20.22,6.01,6.01,2021-01-14 02:00:00
2021-01-15,4,2021,2.7,Low,27.5,15.8,21.7,67.0,3.21,22.21,6.54,6.54,2021-01-15 02:00:00
2021-01-16,4,2021,2.9,Low,26.5,15.8,21.2,68.0,2.8,19.56,5.71,5.71,2021-01-16 02:00:00
2021-01-17,4,2021,3.4,Low,28.5,16.5,22.5,73.0,3.07,20.98,6.23,6.23,2021-01-17 02:00:00
2021-01-18,4,2021,0.0,Low,29.4,15.7,22.5,67.0,2.78,20.08,5.99,5.99,2021-01-18 02:00:00
2021-01-19,4,2021,1.4,Low,28.3,16.8,22.6,70.0,3.3,21.76,6.49,6.49,2021-01-19 02:00:00
2021-01-20,4,2021,3.1,Low,26.0,16.1,21.0,79.0,3.09,21.54,6.21,6.21,2021-01-20 02:00:00
2021-01-21,4,2021,3.8,Low,27.8,16.1,22.0,67.0,3.39,20.3,6.03,6.03,2021-01-21 02:00:00
2021-01-22,4,2021,3.5,Low,27.8,17.8,22.8,76.0,2.96,19.77,5.89,5.89,2021-01-22 02:00:00
2021-01-23,4,2021,0.8,Low,30.6,17.0,23.8,73.0,2.97,22.47,6.79,6.79,2021-01-23 02:00:00
2021-01-24,4,2021,2.8,Low,27.4,15.3,21.3,70.0,2.66,21.77,6.35,6.35,2021-01-24 02:00:00
2021-01-25,4,2021,0.3,Low,28.8,15.3,22.0,71.0,3.66,21.69,6.42,6.42,2021-01-25 02:00:00
2021-01-26,4,2021,3.7,Low,28.4,16.1,22.2,75.0,3.11,21.24,6.27,6.27,2021-01-26 02:00:00
2021-01-27,4,2021,3.8,Low,28.8,13.8,21.3,73.0,2.83,21.31,6.2,6.2,2021-01-27 02:00:00
2021-01-28,4,2021,0.3,Low,29.4,15.8,22.6,71.0,2.26,20.8,6.18,6.18,2021-01-28 02:00:00
2021-01-29,4,2021,0.0,Low,30.0,16.1,23.0,73.0,2.38,22.42,6.68,6.68,2021-01-29 02:00:00
2021-01-30,4,2021,10.3,Low,30.0,17.3,23.6,69.0,2.41,19.29,5.84,5.84,2021-01-30 02:00:00
2021-01-31,4,2021,1.4,Low,27.7,15.4,21.5,75.0,3.01,19.76,5.78,5.78,2021-01-31 02:00:00
2021-02-01,4,2021,1.3,Low,27.0,14.8,20.9,72.0,3.09,21.34,6.18,6.18,2021-02-01 02:00:00
2021-02-02,4,2021,0.8,Low,28.7,17.2,22.9,69.0,2.95,23.04,6.89,6.89,2021-02-02 02:00:00
2021-02-03,4,2021,1.8,Low,28.7,15.9,22.3,74.0,3.37,21.37,6.33,6.33,2021-02-03 02:00:00
2021-02-04,4,2021,0.8,Low,28.0,16.8,22.4,67.0,2.7,20.09,5.98,5.98,2021-02-04 02:00:00
2021-02-05,4,2021,2.7,Low,27.2,17.6,22.4,66.0,3.22,22.27,6.64,6.64,2021-02-05 02:00:00
2021-02-06,4,2021,0.1,Low,28.7,15.9,22.3,70.0,2.93,22.32,6.61,6.61,2021-02-06 02:00:00
2021-02-07,4,2021,1.0,Low,28.4,16.5,22.5,68.0,3.0,19.76,5.9,5.9,2021-02-07 02:00:00
2021-02-08,4,2021,1.2,Low,30.3,17.2,23.7,71.0,3.3,19.28,5.87,5.87,2021-02-08 02:00:00
2021-02-09,4,2021,0.2,Low,28.4,16.2,22.3,74.0,2.6,20.67,6.11,6.11,2021-02-09 02:00:00
2021-02-10,4,2021,1.3,Low,28.2,17.2,22.7,67.0,3.26,18.89,5.68,5.68,2021-02-10 02:00:00
2021-02-11,4,2021,0.4,Low,28.0,16.1,22.0,72.0,2.88,21.63,6.37,6.37,2021-02-11 02:00:00
2021-02-12,4,2021,1.3,Low,27.8,14.8,21.3,68.0,2.74,21.9,6.39,6.39,2021-02-12 02:00:00
2021-02-13,4,2021,1.1,Low,28.7,17.1,22.9,71.0,3.17,20.11,6.03,6.03,2021-02-13 02:00:00
2021-02-14,4,2021,0.5,Low,27.6,17.6,22.6,69.0,2.64,21.16,6.3,6.3,2021-02-14 02:00:00
2021-02-15,4,2021,2.3,Low,27.9,15.7,21.8,72.0,2.54,23.05,6.75,6.75,2021-02-15 02:00:00
2021-02-16,4,2021,6.2,Low,30.6,14.7,22.7,65.0,3.0,18.5,5.57,5.57,2021-02-16 02:00:00
2021-02-17,4,2021,0.5,Low,28.8,15.7,22.2,71.0,2.81,21.13,6.25,6.25,2021-02-17 02:00:00
2021-02-18,4,2021,1.7,Low,28.1,15.9,22.0,71.0,2.87,21.06,6.21,6.21,2021-02-18 02:00:00
2021-02-19,4,2021,1.4,Low,30.3,16.2,23.3,68.0,3.25,21.44,6.47,6.47,2021-02-19 02:00:00
2021-02-20,4,2021,3.2,Low,28.0,16.7,22.4,70.0,2.94,20.93,6.21,6.21,2021-02-20 02:00:00
2021-02-21,4,2021,4.0,Low,28.0,16.7,22.3,75.0,3.65,19.38,5.75,5.75,2021-02-21 02:00:00
2021-02-22,4,2021,3.8,Low,27.3,16.7,22.0,65.0,3.3,20.63,6.13,6.13,2021-02-22 02:00:00
2021-02-23,4,2021,0.4,Low,28.5,16.1,22.3,67.0,2.46,23.14,6.84,6.84,2021-02-23 02:00:00
2021-02-24,4,2021,0.3,Low,30.0,16.0,23.0,64.0,2.81,21.47,6.46,6.46,2021-02-24 02:00:00
2021-02-25,4,2021,0.0,Low,29.1,17.4,23.2,71.0,3.34,21.65,6.52,6.52,2021-02-25 02:00:00
2021-02-26,4,2021,1.2,Low,27.9,17.0,22.4,70.0,3.32,19.64,5.86,5.86,2021-02-26 02:00:00
2021-02-27,4,2021,9.2,Low,29.7,15.7,22.7,71.0,2.73,21.87,6.51,6.51,2021-02-27 02:00:00
2021-02-28,4,2021,1.5,Low,28.7,17.2,23.0,70.0,2.66,22.75,6.8,6.8,2021-02-28 02:00:00
2021-03-01,4,2021,0.0,Low,28.5,17.2,22.8,70.0,3.54,20.89,6.27,6.27,2021-03-01 02:00:00
2021-03-02,4,2021,2.1,Low,28.2,16.4,22.3,72.0,2.89,22.1,6.54,6.54,2021-03-02 02:00:00
2021-03-03,4,2021,0.6,Low,30.7,14.9,22.8,69.0,2.28,21.82,6.5,6.5,2021-03-03 02:00:00
2021-03-04,4,2021,0.4,Low,29.5,18.9,24.2,71.0,3.01,22.24,6.77,6.77,2021-03-04 02:00:00
2021-03-05,4,2021,7.6,Low,29.5,17.9,23.7,68.0,2.58,21.68,6.56,6.56,2021-03-05 02:00:00
2021-03-06,4,2021,8.8,Low,27.9,15.9,21.9,73.0,2.53,20.32,5.97,5.97,2021-03-06 02:00:00
2021-03-07,4,2021,1.8,Low,28.2,17.9,23.0,68.0,2.41,22.51,6.73,6.73,2021-03-07 02:00:00
2021-03-08,4,2021,0.2,Low,28.3,16.8,22.5,75.0,2.79,19.23,5.7,5.7,2021-03-08 02:00:00
2021-03-09,4,2021,0.2,Low,30.0,14.8,22.4,70.0,3.07,21.98,6.53,6.53,2021-03-09 02:00:00
2021-03-10,4,2021,0.0,Low,29.7,15.5,22.6,70.0,2.5,20.54,6.11,6.11,2021-03-10 02:00:00
2021-03-11,4,2021,0.8,Low,29.1,16.6,22.9,69.0,3.0,20.37,6.11,6.11,2021-03-11 02:00:00
2021-03-12,4,2021,2.6,Low,29.0,17.9,23.4,71.0,3.27,21.75,6.57,6.57,2021-03-12 02:00:00
2021-03-13,4,2021,2.5,Low,28.3,16.2,22.2,65.0,3.08,21.46,6.39,6.39,2021-03-13 02:00:00
2021-03-14,4,2021,2.6,Low,29.4,16.3,22.9,71.0,2.76,23.29,6.94,6.94,2021-03-14 02:00:00
2021-03-15,4,2021,3.0,Low,29.6,15.3,22.5,72.0,2.73,20.97,6.22,6.22,2021-03-15 02:00:00
2021-03-16,4,2021,2.0,Low,29.6,17.3,23.4,73.0,3.1,22.57,6.79,6.79,2021-03-16 02:00:00
2021-03-17,4,2021,0.0,Low,29.9,15.7,22.8,68.0,1.67,21.53,6.4,6.4,2021-03-17 02:00:00
2021-03-18,4,2021,0.0,Low,28.6,16.0,22.3,68.0,3.33,21.24,6.32,6.32,2021-03-18 02:00:00
2021-03-19,4,2021,2.1,Low,30.5,16.5,23.5,71.0,2.73,20.87,6.29,6.29,2021-03-19 02:00:00
2021-03-20,4,2021,2.5,Low,28.5,15.7,22.1,68.0,3.2,21.95,6.5,6.5,2021-03-20 02:00:00
2021-03-21,4,2021,0.2,Low,28.8,14.9,21.9,70.0,2.91,22.34,6.57,6.57,2021-03-21 02:00:00
2021-03-22,4,2021,1.1,Low,28.0,16.2,22.1,64.0,3.05,22.1,6.56,6.56,2021-03-22 02:00:00
2021-03-23,4,2021,1.2,Low,29.4,18.0,23.7,72.0,3.19,21.71,6.57,6.57,2021-03-23 02:00:00
2021-03-24,4,2021,0.0,Low,29.0,15.1,22.0,68.0,3.08,22.63,6.69,6.69,2021-03-24 02:00:00
2021-03-25,4,2021,1.0,Low,30.5,16.2,23.3,66.0,2.99,22.49,6.79,6.79,2021-03-25 02:00:00
2021-03-26,4,2021,1.6,Low,31.0,16.8,23.9,66.0,3.38,23.17,7.07,7.07,2021-03-26 02:00:00
2021-03-27,4,2021,1.6,Low,28.9,16.8,22.9,70.0,2.7,22.15,6.61,6.61,2021-03-27 02:00:00
2021-03-28,4,2021,2.3,Low,29.2,17.5,23.3,69.0,2.87,21.08,6.35,6.35,2021-03-28 02:00:00
2021-03-29,4,2021,0.4,Low,27.6,16.2,21.9,67.0,3.49,20.66,6.13,6.13,2021-03-29 02:00:00
2021-03-30,4,2021,1.0,Low,30.4,16.9,23.6,71.0,2.88,22.1,6.67,6.67,2021-03-30 02:00:00
2021-03-31,4,2021,0.1,Low,31.3,16.9,24.1,73.0,2.68,20.87,6.34,6.34,2021-03-31 02:00:00
2021-04-01,4,2021,1.0,Low,29.4,18.0,23.7,74.0,2.75,21.38,6.45,6.45,2021-04-01 02:00:00
2021-04-02,4,2021,4.3,Low,30.3,15.7,23.0,68.0,2.92,21.75,6.53,6.53,2021-04-02 02:00:00
2021-04-03,4,2021,2.4,Low,27.8,16.7,22.2,73.0,3.05,21.31,6.3,6.3,2021-04-03 02:00:00
2021-04-04,4,2021,0.6,Low,28.6,15.4,22.0,74.0,3.01,21.1,6.21,6.21,2021-04-04 02:00:00
2021-04-05,4,2021,0.0,Low,29.9,17.2,23.5,72.0,3.18,22.78,6.87,6.87,2021-04-05 02:00:00
2021-04-06,4,2021,1.4,Low,28.9,16.4,22.7,71.0,2.89,23.42,6.96,6.96,2021-04-06 02:00:00
2021-04-07,4,2021,6.0,Low,29.6,16.1,22.8,69.0,2.83,23.37,6.97,6.97,2021-04-07 02:00:00
2021-04-08,4,2021,1.3,Low,28.0,16.6,22.3,67.0,2.38,23.65,6.99,6.99,2021-04-08 02:00:00
2021-04-09,4,2021,1.4,Low,28.2,17.2,22.7,68.0,3.25,23.15,6.92,6.92,2021-04-09 02:00:00
2021-04-10,4,2021,0.5,Low,28.2,16.5,22.4,67.0,2.86,21.99,6.53,6.53,2021-04-10 02:00:00
2021-04-11,4,2021,1.7,Low,30.2,16.5,23.4,69.0,3.5,20.63,6.25,6.25,2021-04-11 02:00:00
2021-04-12,4,2021,2.4,Low,29.7,16.7,23.2,67.0,3.07,22.53,6.79,6.79,2021-04-12 02:00:00
2021-04-13,4,2021,6.6,Low,27.8,15.4,21.6,66.0,3.82,21.18,6.26,6.26,2021-04-13 02:00:00
2021-04-14,4,2021,0.0,Low,30.0,14.5,22.3,66.0,3.01,22.69,6.74,6.74,2021-04-14 02:00:00
2021-04-15,4,2021,0.0,Low,28.8,16.3,22.5,66.0,2.83,22.01,6.56,6.56,2021-04-15 02:00:00
2021-04-16,4,2021,1.6,Low,32.2,16.8,24.5,70.0,3.03,22.57,6.91,6.91,2021-04-16 02:00:00
2021-04-17,4,2021,2.2,Low,29.9,16.9,23.4,68.0,3.02,22.35,6.74,6.74,2021-04-17 02:00:00
2021-04-18,4,2021,0.0,Low,27.4,16.3,21.9,66.0,2.85,20.53,6.07,6.07,2021-04-18 02:00:00
2021-04-19,4,2021,1.9,Low,29.6,16.5,23.0,73.0,2.84,21.89,6.54,6.54,2021-04-19 02:00:00
2021-04-20,4,2021,1.6,Low,30.5,17.3,23.9,63.0,3.61,22.35,6.85,6.85,2021-04-20 02:00:00
2021-04-21,4,2021,1.4,Low,29.9,15.2,22.5,66.0,3.18,21.7,6.48,6.48,2021-04-21 02:00:00
2021-04-22,4,2021,0.0,Low,30.2,16.8,23.5,70.0,3.12,22.54,6.81,6.81,2021-04-22 02:00:00
2021-04-23,4,2021,4.3,Low,29.6,16.0,22.8,68.0,2.69,22.75,6.79,6.79,2021-04-23 02:00:00
2021-04-24,4,2021,4.8,Low,29.2,17.7,23.4,67.0,3.11,20.17,6.12,6.12,2021-04-24 02:00:00
2021-04-25,4,2021,0.3,Low,30.9,16.9,23.9,67.0,3.1,20.74,6.32,6.32,2021-04-25 02:00:00
2021-04-26,4,2021,0.5,Low,30.4,15.0,22.7,64.0,3.03,22.43,6.72,6.72,2021-04-26 02:00:00
2021-04-27,4,2021,0.6,Low,31.5,16.6,24.0,66.0,2.79,23.38,7.12,7.12,2021-04-27 02:00:00
2021-04-28,4,2021,3.1,Low,30.4,17.3,23.9,65.0,2.83,21.73,6.62,6.62,2021-04-28 02:00:00
2021-04-29,4,2021,0.0,Low,28.9,17.2,23.1,69.0,2.65,21.43,6.42,6.42,2021-04-29 02:00:00
2021-04-30,4,2021,0.0,Low,28.4,16.7,22.5,70.0,3.23,21.3,6.35,6.35,2021-04-30 02:00:00
2021-05-01,4,2021,1.1,Low,29.7,16.4,23.0,71.0,2.48,21.29,6.36,6.36,2021-05-01 02:00:00
2021-05-02,4,2021,0.1,Moderate,29.8,16.2,23.0,67.0,3.43,22.85,6.87,6.87,2021-05-02 02:00:00
2021-05-03,4,2021,1.7,Moderate,29.4,17.4,23.4,70.0,3.38,20.95,6.33,6.33,2021-05-03 02:00:00
2021-05-04,4,2021,2.7,Moderate,29.6,16.3,23.0,69.0,3.28,21.4,6.42,6.42,2021-05-04 02:00:00
2021-05-05,4,2021,2.4,Moderate,29.9,15.9,22.9,69.0,3.07,21.96,6.57,6.57,2021-05-05 02:00:00
2021-05-06,4,2021,4.6,Moderate,28.5,16.2,22.4,69.0,2.5,22.95,6.79,6.79,2021-05-06 02:00:00
2021-05-07,4,2021,0.8,Moderate,29.3,15.8,22.5,65.0,2.55,23.28,6.92,6.92,2021-05-07 02:00:00
2021-05-08,4,2021,1.4,Moderate,28.9,17.1,23.0,66.0,3.8,22.84,6.89,6.89,2021-05-08 02:00:00
2021-05-09,4,2021,2.2,Moderate,28.2,16.7,22.4,66.0,3.06,21.53,6.42,6.42,2021-05-09 02:00:00
2021-05-10,4,2021,6.7,Moderate,29.0,16.3,22.7,72.0,3.5,23.77,7.07,7.07,2021-05-10 02:00:00
2021-05-11,4,2021,1.9,Moderate,29.5,16.9,23.2,66.0,3.3,23.62,7.12,7.12,2021-05-11 02:00:00
2021-05-12,4,2021,1.4,Moderate,32.2,17.7,25.0,66.0,2.13,22.72,6.98,6.98,2021-05-12 02:00:00
2021-05-13,4,2021,0.5,Moderate,30.0,16.7,23.3,72.0,2.81,22.17,6.66,6.66,2021-05-13 02:00:00
2021-05-14,4,2021,0.0,Moderate,28.0,17.8,22.9,66.0,2.81,23.08,6.91,6.91,2021-05-14 02:00:00
2021-05-15,4,2021,0.3,Moderate,30.4,16.2,23.3,72.0,3.36,23.13,6.96,6.96,2021-05-15 02:00:00
2021-05-16,4,2021,12.0,Moderate,30.0,17.2,23.6,67.0,3.38,22.23,6.75,6.75,2021-05-16 02:00:00
2021-05-17,4,2021,0.5,Moderate,27.9,18.0,22.9,69.0,2.54,23.41,6.98,6.98,2021-05-17 02:00:00
2021-05-18,4,2021,1.8,Moderate,29.4,15.9,22.6,69.0,3.22,24.64,7.33,7.33,2021-05-18 02:00:00
2021-05-19,4,2021,0.8,Moderate,29.7,17.8,23.8,65.0,2.33,22.31,6.76,6.76,2021-05-19 02:00:00
2021-05-20,4,2021,1.0,Moderate,32.8,18.0,25.4,70.0,3.5,22.34,6.94,6.94,2021-05-20 02:00:00
2021-05-21,4,2021,1.0,Moderate,30.8,17.4,24.1,66.0,3.32,22.86,6.99,6.99,2021-05-21 02:00:00
2021-05-22,4,2021,3.6,Moderate,32.2,16.2,24.2,68.0,2.84,20.94,6.4,6.4,2021-05-22 02:00:00
2021-05-23,4,2021,2.0,Moderate,31.4,17.9,24.7,66.0,3.45,22.59,6.97,6.97,2021-05-23 02:00:00
2021-05-24,4,2021,0.9,Moderate,28.9,16.4,22.7,73.0,2.76,21.87,6.49,6.49,2021-05-24 02:00:00
2021-05-25,4,2021,0.2,Moderate,28.7,17.1,22.9,69.0,2.89,21.48,6.43,6.43,2021-05-25 02:00:00
2021-05-26,4,2021,0.8,Moderate,27.1,15.5,21.3,62.0,3.48,20.16,5.95,5.95,2021-05-26 02:00:00
2021-05-27,4,2021,1.4,Moderate,30.5,17.5,24.0,65.0,2.32,21.48,6.54,6.54,2021-05-27 02:00:00
2021-05-28,4,2021,1.8,Moderate,30.4,17.1,23.8,69.0,2.78,23.09,6.98,6.98,2021-05-28 02:00:00
2021-05-29,4,2021,2.9,Moderate,29.5,16.1,22.8,69.0,3.26,23.68,7.08,7.08,2021-05-29 02:00:00
2021-05-30,4,2021,0.7,Moderate,30.7,16.9,23.8,66.0,3.05,22.76,6.92,6.92,2021-05-30 02:00:00
2021-05-31,4,2021,1.6,Moderate,28.7,15.6,22.1,60.0,2.69,21.05,6.27,6.27,2021-05-31 02:00:00
2021-06-01,4,2021,0.0,Moderate,29.8,15.8,22.8,63.0,3.33,22.5,6.77,6.77,2021-06-01 02:00:00
2021-06-02,4,2021,0.0,Moderate,31.2,17.6,24.4,65.0,3.16,20.97,6.45,6.45,2021-06-02 02:00:00
2021-06-03,4,2021,4.5,Moderate,31.3,17.1,24.2,64.0,3.17,23.15,7.09,7.09,2021-06-03 02:00:00
2021-06-04,4,2021,3.2,Moderate,30.1,15.6,22.9,70.0,2.93,22.41,6.7,6.7,2021-06-04 02:00:00
2021-06-05,4,2021,0.0,Moderate,30.9,16.9,23.9,66.0,3.36,22.53,6.87,6.87,2021-06-05 02:00:00
2021-06-06,4,2021,0.0,Moderate,30.9,18.1,24.5,69.0,2.63,23.2,7.08,7.08,2021-06-06 02:00:00
2021-06-07,4,2021,0.5,Moderate,31.9,16.0,24.0,66.0,3.16,21.52,6.57,6.57,2021-06-07 02:00:00
2021-06-08,4,2021,1.4,Moderate,29.7,17.0,23.4,70.0,3.43,22.66,6.83,6.83,2021-06-08 02:00:00
2021-06-09,4,2021,0.0,Moderate,30.7,17.6,24.1,67.0,3.09,22.76,6.95,6.95,2021-06-09 02:00:00
2021-06-10,4,2021,0.0,Moderate,29.8,17.0,23.4,65.0,3.31,22.94,6.95,6.95,2021-06-10 02:00:00
2021-06-11,4,2021,2.3,Moderate,29.4,16.5,23.0,69.0,3.21,22.02,6.61,6.61,2021-06-11 02:00:00
2021-06-12,4,2021,0.2,Moderate,31.6,16.8,24.2,65.0,3.08,21.99,6.74,6.74,2021-06-12 02:00:00
2021-06-13,4,2021,0.0,Moderate,29.5,17.2,23.3,64.0,2.58,21.02,6.35,6.35,2021-06-13 02:00:00
2021-06-14,4,2021,4.2,Moderate,30.4,18.3,24.4,64.0,3.17,22.61,6.95,6.95,2021-06-14 02:00:00
2021-06-15,4,2021,2.0,Moderate,29.6,17.3,23.5,69.0,2.46,21.53,6.49,6.49,2021-06-15 02:00:00
2021-06-16,4,2021,0.0,Moderate,30.6,18.5,24.5,70.0,3.28,22.25,6.83,6.83,2021-06-16 02:00:00
2021-06-17,4,2021,1.5,Moderate,28.5,17.3,22.9,66.0,3.18,22.27,6.69,6.69,2021-06-17 02:00:00
2021-06-18,4,2021,0.5,Moderate,30.2,17.2,23.7,65.0,3.22,21.39,6.52,6.52,2021-06-18 02:00:00
2021-06-19,4,2021,0.0,Moderate,31.7,16.6,24.2,67.0,2.44,21.67,6.6,6.6,2021-06-19 02:00:00
2021-06-20,4,2021,0.0,Moderate,28.8,17.7,23.3,68.0,2.66,22.7,6.82,6.82,2021-06-20 02:00:00
2021-06-21,4,2021,4.4,Moderate,29.7,16.9,23.3,71.0,2.68,24.32,7.28,7.28,2021-06-21 02:00:00
2021-06-22,4,2021,0.0,Moderate,30.1,18.5,24.3,70.0,2.68,22.29,6.79,6.79,2021-06-22 02:00:00
2021-06-23,4,2021,3.4,Moderate,30.7,15.8,23.2,67.0,3.2,21.1,6.37,6.37,2021-06-23 02:00:00
2021-06-24,4,2021,0.0,Moderate,30.1,17.1,23.6,63.0,3.15,23.69,7.19,7.19,2021-06-24 02:00:00
2021-06-25,4,2021,1.1,Moderate,27.0,19.3,23.2,66.0,3.71,24.73,7.45,7.45,2021-06-25 02:00:00
2021-06-26,4,2021,0.0,Moderate,30.5,18.6,24.6,63.0,3.16,21.63,6.68,6.68,2021-06-26 02:00:00
2021-06-27,4,2021,2.8,Moderate,30.7,17.6,24.1,68.0,3.08,24.95,7.59,7.59,2021-06-27 02:00:00
2021-06-28,4,2021,0.0,Moderate,31.6,16.4,24.0,67.0,3.2,20.59,6.3,6.3,2021-06-28 02:00:00
2021-06-29,4,2021,1.1,Moderate,28.3,17.6,22.9,58.0,2.47,21.82,6.58,6.58,2021-06-29 02:00:00
2021-06-30,4,2021,6.2,Moderate,30.0,16.4,23.2,63.0,3.35,23.65,7.15,7.15,2021-06-30 02:00:00
2021-07-01,4,2021,1.8,Moderate,29.0,17.1,23.1,66.0,3.07,24.14,7.25,7.25,2021-07-01 02:00:00
2021-07-02,4,2021,0.7,Moderate,29.5,17.1,23.3,65.0,2.77,23.11,6.97,6.97,2021-07-02 02:00:00
2021-07-03,4,2021,0.0,Moderate,31.0,16.7,23.8,68.0,2.56,23.32,7.06,7.06,2021-07-03 02:00:00
2021-07-04,4,2021,0.0,Moderate,29.8,17.5,23.7,63.0,2.13,20.97,6.36,6.36,2021-07-04 02:00:00
2021-07-05,4,2021,1.5,Moderate,30.0,16.8,23.4,66.0,2.33,25.34,7.61,7.61,2021-07-05 02:00:00
2021-07-06,4,2021,0.0,Moderate,30.3,17.6,23.9,69.0,2.75,23.07,7.0,7.0,2021-07-06 02:00:00
2021-07-07,4,2021,0.9,Moderate,28.2,16.9,22.6,67.0,3.27,22.26,6.65,6.65,2021-07-07 02:00:00
2021-07-08,4,2021,0.6,Moderate,32.0,16.9,24.4,65.0,2.64,23.11,7.07,7.07,2021-07-08 02:00:00
2021-07-09,4,2021,1.2,Moderate,33.1,18.5,25.8,67.0,3.32,24.08,7.53,7.53,2021-07-09 02:00:00
2021-07-10,4,2021,1.2,Moderate,28.9,17.6,23.3,64.0,3.6,20.51,6.24,6.24,2021-07-10 02:00:00
2021-07-11,4,2021,0.0,Moderate,31.3,17.2,24.3,69.0,2.97,22.93,7.0,7.0,2021-07-11 02:00:00
2021-07-12,4,2021,3.2,Moderate,32.1,18.3,25.2,69.0,2.5,23.87,7.35,7.35,2021-07-12 02:00:00
2021-07-13,4,2021,0.3,Moderate,29.8,16.8,23.3,66.0,3.56,22.76,6.89,6.89,2021-07-13 02:00:00
2021-07-14,4,2021,3.7,Moderate,29.3,16.7,23.0,68.0,3.45,21.87,6.58,6.58,2021-07-14 02:00:00
2021-07-15,4,2021,0.0,Moderate,29.1,17.4,23.3,67.0,2.67,24.17,7.26,7.26,2021-07-15 02:00:00
2021-07-16,4,2021,0.0,Moderate,32.1,18.0,25.0,62.0,3.11,24.19,7.5,7.5,2021-07-16 02:00:00
2021-07-17,4,2021,3.6,Moderate,30.7,15.8,23.3,68.0,3.04,21.15,6.38,6.38,2021-07-17 02:00:00
2021-07-18,4,2021,0.4,Moderate,32.0,18.1,25.1,61.0,3.2,24.09,7.48,7.48,2021-07-18 02:00:00
2021-07-19,4,2021,1.9,Moderate,31.7,16.1,23.9,60.0,3.16,24.09,7.36,7.36,2021-07-19 02:00:00
2021-07-20,4,2021,8.6,Moderate,28.5,17.1,22.8,67.0,2.45,21.04,6.29,6.29,2021-07-20 02:00:00
2021-07-21,4,2021,5.0,Moderate,32.7,16.5,24.6,56.0,2.51,22.33,6.9,6.9,2021-07-21 02:00:00
2021-07-22,4,2021,1.2,Moderate,30.6,16.6,23.6,62.0,3.36,21.94,6.69,6.69,2021-07-22 02:00:00
2021-07-23,4,2021,0.2,Moderate,31.7,18.5,25.1,69.0,2.44,23.16,7.13,7.13,2021-07-23 02:00:00
2021-07-24,4,2021,0.0,Moderate,31.2,17.0,24.1,62.0,2.43,24.18,7.36,7.36,2021-07-24 02:00:00
2021-07-25,4,2021,0.6,Moderate,30.4,17.5,23.9,61.0,1.97,23.96,7.27,7.27,2021-07-25 02:00:00
2021-07-26,4,2021,1.5,Moderate,30.7,17.4,24.1,57.0,2.49,20.01,6.15,6.15,2021-07-26 02:00:00
2021-07-27,4,2021,2.9,Moderate,31.9,17.5,24.7,66.0,2.71,20.66,6.37,6.37,2021-07-27 02:00:00
2021-07-28,4,2021,0.5,Moderate,29.3,17.0,23.2,69.0,2.86,22.61,6.79,6.79,2021-07-28 02:00:00
2021-07-29,4,2021,2.1,Moderate,30.4,17.8,24.1,67.0,3.76,22.23,6.81,6.81,2021-07-29 02:00:00
2021-07-30,4,2021,0.4,Moderate,30.8,17.7,24.2,60.0,2.54,22.05,6.76,6.76,2021-07-30 02:00:00
2021-07-31,4,2021,0.2,Moderate,29.7,17.6,23.6,68.0,3.34,21.86,6.63,6.63,2021-07-31 02:00:00
2021-08-01,4,2021,0.3,Moderate,31.1,17.7,24.4,72.0,2.84,23.53,7.17,7.17,2021-08-01 02:00:00
2021-08-02,4,2021,1.2,Moderate,31.6,17.1,24.4,66.0,3.63,22.92,7.05,7.05,2021-08-02 02:00:00
2021-08-03,4,2021,0.0,Moderate,31.3,18.4,24.8,64.0,3.08,23.36,7.22,7.22,2021-08-03 02:00:00
2021-08-04,4,2021,1.5,Moderate,32.0,18.0,25.0,65.0,1.94,24.9,7.64,7.64,2021-08-04 02:00:00
2021-08-05,4,2021,0.8,Moderate,31.2,18.6,24.9,69.0,2.1,24.03,7.36,7.36,2021-08-05 02:00:00
2021-08-06,4,2021,3.3,Moderate,30.3,16.6,23.5,67.0,2.54,24.0,7.22,7.22,2021-08-06 02:00:00
2021-08-07,4,2021,2.1,Moderate,30.6,16.5,23.6,69.0,2.77,24.81,7.47,7.47,2021-08-07 02:00:00
2021-08-08,4,2021,2.0,Moderate,30.2,18.7,24.5,68.0,2.72,23.51,7.19,7.19,2021-08-08 02:00:00
2021-08-09,4,2021,3.1,Moderate,31.1,16.7,23.9,67.0,3.0,21.93,6.67,6.67,2021-08-09 02:00:00
2021-08-10,4,2021,0.9,Moderate,30.6,17.0,23.8,64.0,3.25,24.01,7.31,7.31,2021-08-10 02:00:00
2021-08-11,4,2021,2.3,Moderate,30.2,17.5,23.9,67.0,3.32,24.1,7.32,7.32,2021-08-11 02:00:00
2021-08-12,4,2021,0.3,Moderate,30.5,17.2,23.9,69.0,3.59,21.08,6.43,6.43,2021-08-12 02:00:00
2021-08-13,4,2021,0.1,Moderate,31.0,17.6,24.3,64.0,2.86,23.18,7.1,7.1,2021-08-13 02:00:00
2021-08-14,4,2021,1.4,Moderate,31.9,19.0,25.4,67.0,2.81,22.44,6.97,6.97,2021-08-14 02:00:00
2021-08-15,4,2021,2.3,Moderate,31.3,17.3,24.3,63.0,3.26,22.89,7.03,7.03,2021-08-15 02:00:00
2021-08-16,4,2021,0.0,Moderate,30.1,16.8,23.5,65.0,2.66,23.27,7.03,7.03,2021-08-16 02:00:00
2021-08-17,4,2021,0.1,Moderate,30.7,17.1,23.9,61.0,2.37,20.89,6.37,6.37,2021-08-17 02:00:00
2021-08-18,4,2021,0.3,Moderate,31.3,17.1,24.2,62.0,2.88,23.66,7.24,7.24,2021-08-18 02:00:00
2021-08-19,4,2021,0.0,Moderate,30.9,17.7,24.3,67.0,3.2,22.34,6.84,6.84,2021-08-19 02:00:00
2021-08-20,4,2021,1.4,Moderate,31.4,17.5,24.4,64.0,2.95,24.04,7.37,7.37,2021-08-20 02:00:00
2021-08-21,4,2021,0.1,Moderate,30.5,16.0,23.2,64.0,3.76,22.72,6.89,6.89,2021-08-21 02:00:00
2021-08-22,4,2021,4.0,Moderate,31.1,18.6,24.8,65.0,3.19,24.94,7.69,7.69,2021-08-22 02:00:00
2021-08-23,4,2021,0.5,Moderate,30.0,16.5,23.3,68.0,3.2,22.79,6.87,6.87,2021-08-23 02:00:00
2021-08-24,4,2021,0.5,Moderate,31.5,18.1,24.8,63.0,2.89,23.13,7.14,7.14,2021-08-24 02:00:00
2021-08-25,4,2021,0.6,Moderate,32.1,18.4,25.3,62.0,3.1,22.88,7.13,7.13,2021-08-25 02:00:00
2021-08-26,4,2021,3.1,Moderate,30.5,18.9,24.7,65.0,3.45,24.19,7.46,7.46,2021-08-26 02:00:00
2021-08-27,4,2021,6.4,Moderate,31.2,17.8,24.5,64.0,3.11,23.67,7.28,7.28,2021-08-27 02:00:00
2021-08-28,4,2021,0.0,Moderate,31.5,17.2,24.4,64.0,3.28,22.21,6.83,6.83,2021-08-28 02:00:00
2021-08-29,4,2021,0.0,Moderate,30.2,18.3,24.3,62.0,3.57,23.85,7.34,7.34,2021-08-29 02:00:00
2021-08-30,4,2021,0.1,High,32.0,17.4,24.7,64.0,3.08,22.02,6.8,6.8,2021-08-30 02:00:00
2021-08-31,4,2021,0.7,High,32.5,16.6,24.6,66.0,2.92,24.93,7.64,7.64,2021-08-31 02:00:00
2021-09-01,4,2021,0.0,High,31.8,17.8,24.8,67.0,3.42,22.53,6.96,6.96,2021-09-01 02:00:00
2021-09-02,4,2021,4.2,High,29.4,18.8,24.1,63.0,2.94,21.13,6.48,6.48,2021-09-02 02:00:00
2021-09-03,4,2021,0.0,High,32.3,17.5,24.9,63.0,2.85,23.72,7.33,7.33,2021-09-03 02:00:00
2021-09-04,4,2021,1.0,High,31.7,17.4,24.6,71.0,2.6,22.29,6.81,6.81,2021-09-04 02:00:00
2021-09-05,4,2021,0.7,High,31.8,16.9,24.3,67.0,2.69,23.38,7.14,7.14,2021-09-05 02:00:00
2021-09-06,4,2021,0.0,High,32.0,18.0,25.0,66.0,2.79,24.26,7.48,7.48,2021-09-06 02:00:00
2021-09-07,4,2021,0.0,High,32.3,18.8,25.6,66.0,2.82,23.04,7.17,7.17,2021-09-07 02:00:00
2021-09-08,4,2021,0.9,High,31.2,17.7,24.5,62.0,3.1,24.25,7.45,7.45,2021-09-08 02:00:00
2021-09-09,4,2021,4.3,High,31.2,18.5,24.8,65.0,3.21,23.43,7.24,7.24,2021-09-09 02:00:00
2021-09-10,4,2021,0.0,High,31.3,18.7,25.0,62.0,2.8,23.22,7.19,7.19,2021-09-10 02:00:00
2021-09-11,4,2021,6.4,High,30.2,18.4,24.3,58.0,3.37,23.38,7.21,7.21,2021-09-11 02:00:00
2021-09-12,4,2021,2.1,High,31.9,17.2,24.6,64.0,2.75,24.05,7.38,7.38,2021-09-12 02:00:00
2021-09-13,4,2021,3.0,High,31.0,19.0,25.0,59.0,2.6,24.28,7.51,7.51,2021-09-13 02:00:00
2021-09-14,4,2021,0.7,High,30.2,17.3,23.8,65.0,3.27,23.48,7.14,7.14,2021-09-14 02:00:00
2021-09-15,4,2021,1.0,High,31.2,17.5,24.3,59.0,3.2,23.96,7.37,7.37,2021-09-15 02:00:00
2021-09-16,4,2021,0.6,High,30.8,17.7,24.3,64.0,2.8,24.66,7.53,7.53,2021-09-16 02:00:00
2021-09-17,4,2021,4.8,High,30.5,17.3,23.9,64.0,3.23,24.04,7.33,7.33,2021-09-17 02:00:00
2021-09-18,4,2021,0.7,High,30.8,17.1,23.9,71.0,2.93,24.03,7.28,7.28,2021-09-18 02:00:00
2021-09-19,4,2021,3.4,High,31.2,17.3,24.2,62.0,2.74,24.73,7.56,7.56,2021-09-19 02:00:00
2021-09-20,4,2021,4.0,High,32.0,17.5,24.7,59.0,2.86,22.1,6.84,6.84,2021-09-20 02:00:00
2021-09-21,4,2021,0.4,High,29.3,17.2,23.3,66.0,2.38,23.91,7.17,7.17,2021-09-21 02:00:00
2021-09-22,4,2021,0.2,High,31.5,18.3,24.9,61.0,3.38,21.46,6.68,6.68,2021-09-22 02:00:00
2021-09-23,4,2021,0.0,High,32.5,18.5,25.5,64.0,2.87,21.9,6.83,6.83,2021-09-23 02:00:00
2021-09-24,4,2021,3.6,High,31.5,19.0,25.2,62.0,2.39,24.95,7.72,7.72,2021-09-24 02:00:00
2021-09-25,4,2021,8.0,High,31.4,17.9,24.7,64.0,3.42,23.14,7.14,7.14,2021-09-25 02:00:00
2021-09-26,4,2021,4.8,High,32.1,17.1,24.6,63.0,3.89,22.32,6.92,6.92,2021-09-26 02:00:00
2021-09-27,4,2021,3.8,High,31.6,17.2,24.4,66.0,3.09,22.75,6.97,6.97,2021-09-27 02:00:00
2021-09-28,4,2021,0.7,High,31.6,19.0,25.3,64.0,1.98,23.21,7.17,7.17,2021-09-28 02:00:00
2021-09-29,4,2021,0.0,High,33.8,17.3,25.6,62.0,2.99,23.67,7.39,7.39,2021-09-29 02:00:00
2021-09-30,4,2021,0.0,High,33.0,17.9,25.5,65.0,2.92,23.98,7.45,7.45,2021-09-30 02:00:00
2021-10-01,4,2021,1.1,High,31.1,17.9,24.5,64.0,3.24,25.93,7.96,7.96,2021-10-01 02:00:00
2021-10-02,4,2021,0.0,High,31.4,17.8,24.6,60.0,2.86,24.14,7.44,7.44,2021-10-02 02:00:00
2021-10-03,4,2021,4.2,High,31.4,18.7,25.0,64.0,3.13,24.04,7.44,7.44,2021-10-03 02:00:00
2021-10-04,4,2021,2.7,High,32.2,19.2,25.7,61.0,3.42,23.9,7.5,7.5,2021-10-04 02:00:00
2021-10-05,4,2021,0.9,High,32.6,18.2,25.4,68.0,3.15,23.12,7.18,7.18,2021-10-05 02:00:00
2021-10-06,4,2021,0.0,High,32.4,17.9,25.2,67.0,3.01,23.52,7.27,7.27,2021-10-06 02:00:00
2021-10-07,4,2021,0.4,High,31.3,19.3,25.3,66.0,2.47,22.87,7.08,7.08,2021-10-07 02:00:00
2021-10-08,4,2021,0.0,High,32.3,18.1,25.2,65.0,3.34,24.31,7.54,7.54,2021-10-08 02:00:00
2021-10-09,4,2021,0.0,High,32.5,17.1,24.8,64.0,2.64,24.13,7.43,7.43,2021-10-09 02:00:00
2021-10-10,4,2021,0.0,High,32.3,18.2,25.2,61.0,2.87,22.15,6.9,6.9,2021-10-10 02:00:00
2021-10-11,4,2021,0.0,High,31.7,18.7,25.2,65.0,3.39,23.2,7.21,7.21,2021-10-11 02:00:00
2021-10-12,4,2021,0.0,High,32.9,18.0,25.5,67.0,2.98,23.99,7.45,7.45,2021-10-12 02:00:00
2021-10-13,4,2021,0.0,High,30.2,16.6,23.4,64.0,2.55,23.82,7.18,7.18,2021-10-13 02:00:00
2021-10-14,4,2021,1.0,High,33.3,19.4,26.3,63.0,2.83,21.84,6.89,6.89,2021-10-14 02:00:00
2021-10-15,4,2021,2.1,High,31.4,18.7,25.1,67.0,3.29,25.5,7.87,7.87,2021-10-15 02:00:00
2021-10-16,4,2021,1.1,High,30.5,18.0,24.3,65.0,3.08,25.05,7.66,7.66,2021-10-16 02:00:00
2021-10-17,4,2021,3.5,High,32.8,18.1,25.4,65.0,2.89,24.31,7.55,7.55,2021-10-17 02:00:00
2021-10-18,4,2021,1.7,High,28.8,20.2,24.5,57.0,3.05,25.82,7.96,7.96,2021-10-18 02:00:00
2021-10-19,4,2021,3.3,High,30.8,17.2,24.0,63.0,3.12,24.81,7.57,7.57,2021-10-19 02:00:00
2021-10-20,4,2021,0.0,High,32.0,18.5,25.2,61.0,2.08,24.92,7.7,7.7,2021-10-20 02:00:00
2021-10-21,4,2021,0.8,High,33.9,18.6,26.3,61.0,2.83,23.08,7.27,7.27,2021-10-21 02:00:00
2021-10-22,4,2021,0.3,High,32.3,19.1,25.7,63.0,3.75,23.88,7.49,7.49,2021-10-22 02:00:00
2021-10-23,4,2021,6.6,High,32.0,18.0,25.0,62.0,3.98,26.03,8.08,8.08,2021-10-23 02:00:00
2021-10-24,4,2021,0.4,High,32.3,17.2,24.7,58.0,3.16,22.79,7.07,7.07,2021-10-24 02:00:00
2021-10-25,4,2021,0.0,High,31.7,17.5,24.6,63.0,3.6,22.4,6.93,6.93,2021-10-25 02:00:00
2021-10-26,4,2021,1.9,High,30.0,18.2,24.1,61.0,3.23,25.67,7.85,7.85,2021-10-26 02:00:00
2021-10-27,4,2021,0.0,High,32.7,19.1,25.9,64.0,2.3,25.39,7.9,7.9,2021-10-27 02:00:00
2021-10-28,4,2021,0.7,High,30.5,18.4,24.5,59.0,3.53,22.37,6.93,6.93,2021-10-28 02:00:00
2021-10-29,4,2021,0.0,High,31.6,17.3,24.4,69.0,3.57,25.27,7.73,7.73,2021-10-29 02:00:00
2021-10-30,4,2021,3.6,High,30.6,17.2,23.9,63.0,3.25,22.64,6.92,6.92,2021-10-30 02:00:00
2021-10-31,4,2021,2.0,High,31.4,18.6,25.0,64.0,3.12,24.56,7.59,7.59,2021-10-31 02:00:00
2021-11-01,4,2021,1.3,High,32.2,16.6,24.4,57.0,3.36,23.98,7.41,7.41,2021-11-01 02:00:00
2021-11-02,4,2021,0.0,High,30.3,19.1,24.7,63.0,3.1,23.93,7.38,7.38,2021-11-02 02:00:00
2021-11-03,4,2021,3.1,High,33.0,17.6,25.3,63.0,2.66,24.5,7.59,7.59,2021-11-03 02:00:00
2021-11-04,4,2021,0.4,High,32.8,18.3,25.5,64.0,3.29,23.22,7.25,7.25,2021-11-04 02:00:00
2021-11-05,4,2021,8.3,High,31.6,17.1,24.4,66.0,2.88,25.94,7.92,7.92,2021-11-05 02:00:00
2021-11-06,4,2021,0.0,High,31.5,18.1,24.8,62.0,3.08,26.05,8.03,8.03,2021-11-06 02:00:00
2021-11-07,4,2021,0.0,High,33.4,19.5,26.4,57.0,2.55,25.86,8.15,8.15,2021-11-07 02:00:00
2021-11-08,4,2021,0.3,High,32.1,16.9,24.5,61.0,3.31,23.2,7.16,7.16,2021-11-08 02:00:00
2021-11-09,4,2021,0.0,High,31.3,17.5,24.4,59.0,2.91,26.02,7.98,7.98,2021-11-09 02:00:00
2021-11-10,4,2021,0.0,High,33.5,17.2,25.4,60.0,2.99,23.07,7.2,7.2,2021-11-10 02:00:00
2021-11-11,4,2021,0.4,High,31.8,18.9,25.3,62.0,2.91,25.39,7.88,7.88,2021-11-11 02:00:00
2021-11-12,4,2021,0.0,High,31.6,19.6,25.6,60.0,2.6,24.81,7.73,7.73,2021-11-12 02:00:00
2021-11-13,4,2021,0.0,High,34.9,17.3,26.1,64.0,2.65,24.9,7.8,7.8,2021-11-13 02:00:00
2021-11-14,4,2021,0.3,High,32.9,18.6,25.7,58.0,3.05,25.29,7.92,7.92,2021-11-14 02:00:00
2021-11-15,4,2021,0.0,High,32.1,20.3,26.2,62.0,2.68,24.76,7.77,7.77,2021-11-15 02:00:00
2021-11-16,4,2021,2.7,High,33.4,18.1,25.7,64.0,3.13,23.94,7.48,7.48,2021-11-16 02:00:00
2021-11-17,4,2021,1.3,High,32.6,18.0,25.3,60.0,3.35,24.86,7.75,7.75,2021-11-17 02:00:00
2021-11-18,4,2021,0.0,High,32.8,19.2,26.0,61.0,2.76,22.25,7.0,7.0,2021-11-18 02:00:00
2021-11-19,4,2021,0.0,High,32.9,16.9,24.9,64.0,2.5,25.39,7.8,7.8,2021-11-19 02:00:00
2021-11-20,4,2021,0.0,High,30.6,18.5,24.6,65.0,2.88,22.08,6.79,6.79,2021-11-20 02:00:00
2021-11-21,4,2021,0.0,High,31.9,18.1,25.0,62.0,3.13,23.93,7.42,7.42,2021-11-21 02:00:00
2021-11-22,4,2021,3.6,High,29.6,19.3,24.5,55.0,2.43,24.26,7.46,7.46,2021-11-22 02:00:00
2021-11-23,4,2021,3.5,High,29.4,18.7,24.0,57.0,3.38,23.6,7.26,7.26,2021-11-23 02:00:00
2021-11-24,4,2021,0.3,High,31.9,18.5,25.2,65.0,2.95,25.69,7.94,7.94,2021-11-24 02:00:00
2021-11-25,4,2021,0.7,High,31.2,18.3,24.8,65.0,3.05,22.67,7.0,7.0,2021-11-25 02:00:00
2021-11-26,4,2021,1.7,High,32.0,18.6,25.3,63.0,2.84,24.93,7.73,7.73,2021-11-26 02:00:00
2021-11-27,4,2021,0.5,High,32.5,17.2,24.8,58.0,3.31,23.13,7.19,7.19,2021-11-27 02:00:00
2021-11-28,4,2021,3.2,High,32.0,18.2,25.1,56.0,3.13,24.37,7.6,7.6,2021-11-28 02:00:00
2021-11-29,4,2021,0.0,High,34.5,19.7,27.1,62.0,3.29,24.42,7.78,7.78,2021-11-29 02:00:00
2021-11-30,4,2021,1.3,High,33.4,17.8,25.6,67.0,3.54,24.64,7.68,7.68,2021-11-30 02:00:00
2021-12-01,4,2021,0.6,High,32.3,17.4,24.8,61.0,3.62,24.34,7.55,7.55,2021-12-01 02:00:00
2021-12-02,4,2021,0.0,High,31.9,17.8,24.9,57.0,3.03,24.09,7.47,7.47,2021-12-02 02:00:00
2021-12-03,4,2021,3.1,High,32.3,18.4,25.4,58.0,3.2,24.6,7.68,7.68,2021-12-03 02:00:00
2021-12-04,4,2021,0.9,High,32.8,17.5,25.2,59.0,2.87,23.36,7.27,7.27,2021-12-04 02:00:00
2021-12-05,4,2021,1.1,High,33.4,18.5,26.0,59.0,2.28,23.19,7.26,7.26,2021-12-05 02:00:00
2021-12-06,4,2021,0.8,High,31.8,18.0,24.9,60.0,3.6,23.82,7.41,7.41,2021-12-06 02:00:00
2021-12-07,4,2021,2.1,High,34.3,17.9,26.1,59.0,3.07,25.39,7.99,7.99,2021-12-07 02:00:00
2021-12-08,4,2021,0.0,High,32.4,18.1,25.2,60.0,2.89,24.32,7.56,7.56,2021-12-08 02:00:00
2021-12-09,4,2021,3.3,High,29.9,18.1,24.0,59.0,2.99,23.75,7.27,7.27,2021-12-09 02:00:00
2021-12-10,4,2021,0.0,High,32.8,17.9,25.3,63.0,2.74,24.94,7.73,7.73,2021-12-10 02:00:00
2021-12-11,4,2021,7.0,High,31.1,18.6,24.9,59.0,2.88,24.73,7.65,7.65,2021-12-11 02:00:00
2021-12-12,4,2021,0.0,High,33.6,19.2,26.4,61.0,3.93,23.84,7.58,7.58,2021-12-12 02:00:00
2021-12-13,4,2021,2.0,High,32.5,18.4,25.5,62.0,2.61,25.05,7.78,7.78,2021-12-13 02:00:00
2021-12-14,4,2021,2.4,High,33.4,19.6,26.5,60.0,2.12,22.59,7.12,7.12,2021-12-14 02:00:00
2021-12-15,4,2021,0.8,High,31.9,17.1,24.5,60.0,2.88,25.56,7.86,7.86,2021-12-15 02:00:00
2021-12-16,4,2021,0.6,High,33.0,20.1,26.5,60.0,2.47,23.89,7.54,7.54,2021-12-16 02:00:00
2021-12-17,4,2021,0.2,High,33.2,18.6,25.9,61.0,3.92,25.89,8.15,8.15,2021-12-17 02:00:00
2021-12-18,4,2021,0.2,High,33.0,18.2,25.6,62.0,2.93,23.62,7.37,7.37,2021-12-18 02:00:00
2021-12-19,4,2021,4.3,High,33.9,17.6,25.7,62.0,3.02,25.26,7.89,7.89,2021-12-19 02:00:00
2021-12-20,4,2021,3.2,High,31.4,18.8,25.1,62.0,2.57,25.15,7.77,7.77,2021-12-20 02:00:00
2021-12-21,4,2021,3.6,High,33.4,18.0,25.7,59.0,3.59,23.36,7.36,7.36,2021-12-21 02:00:00
2021-12-22,4,2021,3.4,High,32.3,19.7,26.0,61.0,3.02,24.59,7.72,7.72,2021-12-22 02:00:00
2021-12-23,4,2021,0.0,High,32.9,19.9,26.4,63.0,2.38,24.0,7.54,7.54,2021-12-23 02:00:00
2021-12-24,4,2021,0.3,High,33.4,18.4,25.9,65.0,2.66,24.75,7.72,7.72,2021-12-24 02:00:00
2021-12-25,4,2021,0.3,High,33.2,18.6,25.9,62.0,3.33,25.33,7.94,7.94,2021-12-25 02:00:00
2021-12-26,4,2021,0.0,High,33.9,18.2,26.1,63.0,3.31,23.95,7.53,7.53,2021-12-26 02:00:00
2021-12-27,4,2021,0.2,High,34.8,18.5,26.7,63.0,3.42,23.65,7.51,7.51,2021-12-27 02:00:00
2021-12-28,4,2021,0.0,High,33.4,17.9,25.6,58.0,2.79,26.91,8.39,8.39,2021-12-28 02:00:00
2021-12-29,4,2021,0.0,High,32.9,19.6,26.2,63.0,3.2,22.25,7.02,7.02,2021-12-29 02:00:00
2021-12-30,4,2021,1.1,High,34.1,18.1,26.1,58.0,3.2,26.29,8.27,8.27,2021-12-30 02:00:00
2021-12-31,4,2021,0.0,High,33.1,19.0,26.1,62.0,3.09,25.17,7.9,7.9,2021-12-31 02:00:00
2022-01-01,4,2022,0.8,Low,28.9,14.9,21.9,70.0,2.66,19.65,5.79,5.79,2022-01-01 02:00:00
2022-01-02,4,2022,2.2,Low,28.7,15.8,22.3,75.0,2.93,21.37,6.31,6.31,2022-01-02 02:00:00
2022-01-03,4,2022,4.8,Low,30.7,16.1,23.4,74.0,2.61,21.45,6.44,6.44,2022-01-03 02:00:00
2022-01-04,4,2022,3.4,Low,28.7,16.2,22.5,75.0,2.7,20.9,6.18,6.18,2022-01-04 02:00:00
2022-01-05,4,2022,12.4,Low,28.6,15.2,21.9,68.0,3.14,20.17,5.97,5.97,2022-01-05 02:00:00
2022-01-06,4,2022,0.7,Low,28.9,16.0,22.5,74.0,2.39,20.78,6.14,6.14,2022-01-06 02:00:00
2022-01-07,4,2022,0.5,Low,26.4,16.6,21.5,71.0,2.93,20.92,6.12,6.12,2022-01-07 02:00:00
2022-01-08,4,2022,0.7,Low,28.1,17.4,22.7,70.0,3.22,20.17,6.04,6.04,2022-01-08 02:00:00
2022-01-09,4,2022,1.5,Low,29.4,16.1,22.7,73.0,3.2,20.64,6.16,6.16,2022-01-09 02:00:00
2022-01-10,4,2022,0.7,Low,26.9,15.5,21.2,75.0,2.24,22.32,6.45,6.45,2022-01-10 02:00:00
2022-01-11,4,2022,0.2,Low,26.9,15.0,20.9,75.0,2.78,20.07,5.8,5.8,2022-01-11 02:00:00
2022-01-12,4,2022,0.2,Low,28.6,16.2,22.4,69.0,3.05,20.62,6.13,6.13,2022-01-12 02:00:00
2022-01-13,4,2022,0.2,Low,31.1,16.2,23.6,68.0,3.56,19.62,5.99,5.99,2022-01-13 02:00:00
2022-01-14,4,2022,0.5,Low,29.9,15.7,22.8,73.0,2.63,21.5,6.4,6.4,2022-01-14 02:00:00
2022-01-15,4,2022,1.5,Low,28.8,17.1,23.0,73.0,3.22,21.33,6.38,6.38,2022-01-15 02:00:00
2022-01-16,4,2022,1.8,Low,26.7,16.0,21.4,74.0,2.61,22.1,6.42,6.42,2022-01-16 02:00:00
2022-01-17,4,2022,0.1,Low,28.2,17.5,22.8,69.0,2.76,21.38,6.39,6.39,2022-01-17 02:00:00
2022-01-18,4,2022,1.9,Low,29.6,17.1,23.4,68.0,2.85,22.41,6.75,6.75,2022-01-18 02:00:00
2022-01-19,4,2022,3.0,Low,29.1,15.9,22.5,68.0,3.34,21.38,6.38,6.38,2022-01-19 02:00:00
2022-01-20,4,2022,1.2,Low,28.2,16.1,22.1,70.0,3.14,20.1,5.96,5.96,2022-01-20 02:00:00
2022-01-21,4,2022,3.3,Low,28.0,17.0,22.5,69.0,2.68,19.62,5.84,5.84,2022-01-21 02:00:00
2022-01-22,4,2022,1.2,Low,30.0,15.3,22.6,74.0,2.49,20.37,6.04,6.04,2022-01-22 02:00:00
2022-01-23,4,2022,0.4,Low,27.9,16.6,22.2,66.0,3.38,22.11,6.58,6.58,2022-01-23 02:00:00
2022-01-24,4,2022,1.6,Low,27.9,15.3,21.6,68.0,2.67,22.09,6.47,6.47,2022-01-24 02:00:00
2022-01-25,4,2022,2.8,Low,29.4,17.3,23.3,72.0,2.05,19.72,5.91,5.91,2022-01-25 02:00:00
2022-01-26,4,2022,0.5,Low,29.3,15.5,22.4,68.0,2.4,20.71,6.15,6.15,2022-01-26 02:00:00
2022-01-27,4,2022,0.1,Low,29.3,16.1,22.7,70.0,2.94,20.86,6.22,6.22,2022-01-27 02:00:00
2022-01-28,4,2022,0.1,Low,26.0,16.5,21.2,77.0,3.53,21.48,6.24,6.24,2022-01-28 02:00:00
2022-01-29,4,2022,4.8,Low,28.3,16.8,22.5,75.0,3.2,20.69,6.14,6.14,2022-01-29 02:00:00
2022-01-30,4,2022,1.5,Low,28.7,16.2,22.5,71.0,3.11,21.91,6.51,6.51,2022-01-30 02:00:00
2022-01-31,4,2022,1.7,Low,28.0,17.2,22.6,73.0,3.03,20.53,6.1,6.1,2022-01-31 02:00:00
2022-02-01,4,2022,1.8,Low,30.1,14.6,22.4,70.0,2.68,21.48,6.37,6.37,2022-02-01 02:00:00
2022-02-02,4,2022,0.2,Low,29.1,17.7,23.4,69.0,2.85,21.36,6.45,6.45,2022-02-02 02:00:00
2022-02-03,4,2022,1.8,Low,27.9,16.9,22.4,69.0,2.94,21.09,6.27,6.27,2022-02-03 02:00:00
2022-02-04,4,2022,0.7,Low,28.2,16.2,22.2,66.0,3.32,20.71,6.17,6.17,2022-02-04 02:00:00
2022-02-05,4,2022,1.2,Low,29.8,17.2,23.5,70.0,2.38,21.58,6.5,6.5,2022-02-05 02:00:00
2022-02-06,4,2022,3.1,Low,26.8,15.6,21.2,72.0,3.39,21.71,6.33,6.33,2022-02-06 02:00:00
2022-02-07,4,2022,1.3,Low,31.1,17.2,24.1,72.0,3.36,20.2,6.17,6.17,2022-02-07 02:00:00
2022-02-08,4,2022,0.6,Low,30.0,16.9,23.4,75.0,2.87,20.79,6.25,6.25,2022-02-08 02:00:00
2022-02-09,4,2022,3.6,Low,27.7,17.1,22.4,75.0,2.32,19.65,5.81,5.81,2022-02-09 02:00:00
2022-02-10,4,2022,2.1,Low,28.2,15.6,21.9,74.0,3.16,20.6,6.06,6.06,2022-02-10 02:00:00
2022-02-11,4,2022,3.5,Low,29.1,17.9,23.5,69.0,2.74,19.48,5.89,5.89,2022-02-11 02:00:00
2022-02-12,4,2022,1.0,Low,28.0,15.9,22.0,70.0,3.1,21.36,6.3,6.3,2022-02-12 02:00:00
2022-02-13,4,2022,0.0,Low,27.9,16.4,22.2,75.0,2.92,21.17,6.24,6.24,2022-02-13 02:00:00
2022-02-14,4,2022,0.5,Low,29.1,15.9,22.5,69.0,2.31,21.58,6.4,6.4,2022-02-14 02:00:00
2022-02-15,4,2022,1.0,Low,29.6,15.3,22.5,69.0,3.12,22.4,6.66,6.66,2022-02-15 02:00:00
2022-02-16,4,2022,4.0,Low,28.8,16.9,22.9,73.0,3.06,21.38,6.38,6.38,2022-02-16 02:00:00
2022-02-17,4,2022,0.4,Low,27.9,18.0,23.0,73.0,2.86,22.1,6.6,6.6,2022-02-17 02:00:00
2022-02-18,4,2022,1.1,Low,28.0,17.1,22.5,70.0,3.54,22.1,6.59,6.59,2022-02-18 02:00:00
2022-02-19,4,2022,1.0,Low,27.7,16.4,22.0,67.0,2.87,22.34,6.6,6.6,2022-02-19 02:00:00
2022-02-20,4,2022,0.4,Low,29.8,16.0,22.9,71.0,3.0,21.81,6.52,6.52,2022-02-20 02:00:00
2022-02-21,4,2022,2.5,Low,30.0,17.2,23.6,67.0,3.06,21.59,6.55,6.55,2022-02-21 02:00:00
2022-02-22,4,2022,0.0,Low,27.6,16.2,21.9,64.0,2.6,20.8,6.15,6.15,2022-02-22 02:00:00
2022-02-23,4,2022,3.4,Low,28.5,14.6,21.5,64.0,3.31,22.61,6.66,6.66,2022-02-23 02:00:00
2022-02-24,4,2022,2.1,Low,27.8,18.7,23.2,67.0,2.3,21.43,6.44,6.44,2022-02-24 02:00:00
2022-02-25,4,2022,0.6,Low,29.2,16.7,23.0,75.0,3.0,19.84,5.93,5.93,2022-02-25 02:00:00
2022-02-26,4,2022,0.0,Low,28.6,17.4,23.0,73.0,3.05,21.86,6.53,6.53,2022-02-26 02:00:00
2022-02-27,4,2022,5.3,Low,29.5,16.7,23.1,71.0,2.47,22.11,6.61,6.61,2022-02-27 02:00:00
2022-02-28,4,2022,0.6,Low,29.1,17.0,23.0,75.0,2.66,20.82,6.21,6.21,2022-02-28 02:00:00
2022-03-01,4,2022,0.6,Low,29.2,16.1,22.6,70.0,3.19,19.7,5.89,5.89,2022-03-01 02:00:00
2022-03-02,4,2022,3.6,Low,31.3,17.0,24.1,72.0,3.5,20.22,6.18,6.18,2022-03-02 02:00:00
2022-03-03,4,2022,0.3,Low,29.4,16.7,23.0,70.0,2.4,20.18,6.04,6.04,2022-03-03 02:00:00
2022-03-04,4,2022,1.2,Low,28.5,17.1,22.8,71.0,3.34,21.07,6.3,6.3,2022-03-04 02:00:00
2022-03-05,4,2022,0.3,Low,30.9,16.2,23.6,75.0,2.9,22.07,6.63,6.63,2022-03-05 02:00:00
2022-03-06,4,2022,0.2,Low,30.1,15.2,22.6,74.0,3.02,20.24,6.02,6.02,2022-03-06 02:00:00
2022-03-07,4,2022,8.4,Low,28.7,14.7,21.7,80.0,3.3,22.57,6.58,6.58,2022-03-07 02:00:00
2022-03-08,4,2022,0.7,Low,29.7,16.7,23.2,70.0,2.63,18.66,5.62,5.62,2022-03-08 02:00:00
2022-03-09,4,2022,1.1,Low,31.1,17.0,24.0,76.0,3.05,22.42,6.78,6.78,2022-03-09 02:00:00
2022-03-10,4,2022,8.6,Low,29.3,15.8,22.6,70.0,3.4,22.06,6.58,6.58,2022-03-10 02:00:00
2022-03-11,4,2022,2.9,Low,28.4,15.9,22.1,68.0,3.41,20.78,6.17,6.17,2022-03-11 02:00:00
2022-03-12,4,2022,0.0,Low,29.2,16.4,22.8,65.0,3.19,20.72,6.23,6.23,2022-03-12 02:00:00
2022-03-13,4,2022,5.5,Low,28.0,15.9,21.9,70.0,3.03,21.32,6.29,6.29,2022-03-13 02:00:00
2022-03-14,4,2022,0.0,Low,27.8,16.6,22.2,68.0,2.28,23.64,6.97,6.97,2022-03-14 02:00:00
2022-03-15,4,2022,0.2,Low,30.7,16.5,23.6,69.0,2.54,22.49,6.78,6.78,2022-03-15 02:00:00
2022-03-16,4,2022,0.0,Low,27.4,14.8,21.1,68.0,3.88,21.56,6.31,6.31,2022-03-16 02:00:00
2022-03-17,4,2022,1.6,Low,29.0,17.2,23.1,64.0,3.27,20.99,6.35,6.35,2022-03-17 02:00:00
2022-03-18,4,2022,0.9,Low,27.6,17.3,22.5,72.0,2.86,20.16,5.99,5.99,2022-03-18 02:00:00
2022-03-19,4,2022,2.8,Low,29.1,17.0,23.1,71.0,2.77,22.58,6.75,6.75,2022-03-19 02:00:00
2022-03-20,4,2022,2.0,Low,27.9,15.0,21.5,67.0,3.18,19.72,5.81,5.81,2022-03-20 02:00:00
2022-03-21,4,2022,2.3,Low,30.6,15.2,22.9,68.0,2.68,20.42,6.12,6.12,2022-03-21 02:00:00
2022-03-22,4,2022,1.6,Low,26.8,17.6,22.2,73.0,3.07,20.55,6.08,6.08,2022-03-22 02:00:00
2022-03-23,4,2022,0.4,Low,29.0,16.2,22.6,68.0,2.61,21.05,6.28,6.28,2022-03-23 02:00:00
2022-03-24,4,2022,1.5,Low,28.8,17.0,22.9,70.0,2.74,24.89,7.41,7.41,2022-03-24 02:00:00
2022-03-25,4,2022,1.7,Low,29.9,15.3,22.6,60.0,2.4,21.76,6.51,6.51,2022-03-25 02:00:00
2022-03-26,4,2022,4.2,Low,27.2,16.6,21.9,65.0,2.89,20.56,6.09,6.09,2022-03-26 02:00:00
2022-03-27,4,2022,0.3,Low,31.0,16.3,23.7,68.0,2.95,22.32,6.76,6.76,2022-03-27 02:00:00
2022-03-28,4,2022,0.0,Low,28.3,15.6,21.9,67.0,2.32,21.44,6.31,6.31,2022-03-28 02:00:00
2022-03-29,4,2022,5.7,Low,29.5,16.9,23.2,71.0,2.55,21.58,6.47,6.47,2022-03-29 02:00:00
2022-03-30,4,2022,2.1,Low,29.1,16.1,22.6,66.0,3.35,21.22,6.35,6.35,2022-03-30 02:00:00
2022-03-31,4,2022,0.3,Low,30.0,16.1,23.1,72.0,2.93,22.97,6.87,6.87,2022-03-31 02:00:00
2022-04-01,4,2022,1.7,Low,28.8,16.5,22.7,70.0,2.96,20.99,6.26,6.26,2022-04-01 02:00:00
2022-04-02,4,2022,4.9,Low,28.5,16.2,22.4,71.0,3.42,21.49,6.39,6.39,2022-04-02 02:00:00
2022-04-03,4,2022,3.0,Low,28.8,16.3,22.5,67.0,3.1,20.95,6.26,6.26,2022-04-03 02:00:00
2022-04-04,4,2022,0.6,Low,28.2,16.6,22.4,68.0,2.97,20.28,6.04,6.04,2022-04-04 02:00:00
2022-04-05,4,2022,0.0,Low,28.4,16.4,22.4,65.0,2.74,21.53,6.41,6.41,2022-04-05 02:00:00
2022-04-06,4,2022,0.7,Low,28.0,16.5,22.2,69.0,3.31,23.42,6.93,6.93,2022-04-06 02:00:00
2022-04-07,4,2022,2.5,Low,29.6,16.7,23.1,68.0,2.7,21.28,6.39,6.39,2022-04-07 02:00:00
2022-04-08,4,2022,2.6,Low,30.5,15.3,22.9,63.0,2.6,24.34,7.28,7.28,2022-04-08 02:00:00
2022-04-09,4,2022,1.2,Low,30.8,17.8,24.3,63.0,2.35,21.5,6.58,6.58,2022-04-09 02:00:00
2022-04-10,4,2022,4.6,Low,30.8,16.7,23.8,65.0,3.12,22.51,6.85,6.85,2022-04-10 02:00:00
2022-04-11,4,2022,0.2,Low,27.3,16.4,21.8,70.0,3.21,22.42,6.6,6.6,2022-04-11 02:00:00
2022-04-12,4,2022,0.7,Low,28.3,16.7,22.5,69.0,3.53,23.04,6.87,6.87,2022-04-12 02:00:00
2022-04-13,4,2022,0.9,Low,29.4,18.0,23.7,63.0,3.19,20.17,6.16,6.16,2022-04-13 02:00:00
2022-04-14,4,2022,3.7,Low,30.3,17.8,24.0,68.0,2.44,22.47,6.82,6.82,2022-04-14 02:00:00
2022-04-15,4,2022,6.7,Low,28.6,16.9,22.7,66.0,3.24,21.71,6.51,6.51,2022-04-15 02:00:00
2022-04-16,4,2022,0.1,Low,31.0,17.1,24.1,63.0,2.58,21.13,6.46,6.46,2022-04-16 02:00:00
2022-04-17,4,2022,0.5,Low,31.1,14.9,23.0,72.0,3.62,23.16,6.94,6.94,2022-04-17 02:00:00
2022-04-18,4,2022,3.6,Low,30.0,17.4,23.7,73.0,3.45,20.52,6.22,6.22,2022-04-18 02:00:00
2022-04-19,4,2022,3.6,Low,27.6,15.9,21.7,69.0,3.25,19.94,5.88,5.88,2022-04-19 02:00:00
2022-04-20,4,2022,3.6,Low,30.0,16.4,23.2,67.0,2.29,22.66,6.8,6.8,2022-04-20 02:00:00
2022-04-21,4,2022,0.0,Low,29.7,17.0,23.3,67.0,3.18,23.36,7.05,7.05,2022-04-21 02:00:00
2022-04-22,4,2022,1.0,Low,28.8,17.9,23.3,68.0,3.17,22.18,6.69,6.69,2022-04-22 02:00:00
2022-04-23,4,2022,3.9,Low,30.4,16.4,23.4,71.0,1.92,21.95,6.57,6.57,2022-04-23 02:00:00
2022-04-24,4,2022,1.7,Low,28.4,17.5,22.9,66.0,3.16,20.84,6.28,6.28,2022-04-24 02:00:00
2022-04-25,4,2022,0.7,Low,28.9,17.4,23.2,73.0,3.02,21.36,6.4,6.4,2022-04-25 02:00:00
2022-04-26,4,2022,0.0,Low,29.1,15.7,22.4,70.0,3.36,24.61,7.3,7.3,2022-04-26 02:00:00
2022-04-27,4,2022,7.8,Low,30.0,15.2,22.6,69.0,2.8,21.88,6.51,6.51,2022-04-27 02:00:00
2022-04-28,4,2022,0.4,Low,29.9,17.4,23.7,69.0,3.02,23.4,7.07,7.07,2022-04-28 02:00:00
2022-04-29,4,2022,3.4,Low,31.3,17.4,24.3,73.0,3.01,23.57,7.18,7.18,2022-04-29 02:00:00
2022-04-30,4,2022,0.5,Low,28.9,18.6,23.8,69.0,2.81,22.33,6.77,6.77,2022-04-30 02:00:00
2022-05-01,4,2022,0.7,Low,30.3,16.5,23.4,71.0,2.83,21.29,6.41,6.41,2022-05-01 02:00:00
2022-05-02,4,2022,1.3,Moderate,29.9,17.0,23.5,69.0,3.03,20.83,6.3,6.3,2022-05-02 02:00:00
2022-05-03,4,2022,0.8,Moderate,30.3,17.1,23.7,63.0,2.51,22.2,6.73,6.73,2022-05-03 02:00:00
2022-05-04,4,2022,9.3,Moderate,30.0,17.3,23.6,67.0,2.45,22.25,6.72,6.72,2022-05-04 02:00:00
2022-05-05,4,2022,0.0,Moderate,29.6,15.9,22.8,68.0,2.83,23.15,6.91,6.91,2022-05-05 02:00:00
2022-05-06,4,2022,2.9,Moderate,29.3,18.3,23.8,73.0,3.44,21.82,6.62,6.62,2022-05-06 02:00:00
2022-05-07,4,2022,0.3,Moderate,31.3,18.4,24.9,67.0,2.72,21.5,6.63,6.63,2022-05-07 02:00:00
2022-05-08,4,2022,1.4,Moderate,30.2,17.3,23.7,71.0,2.89,23.09,6.97,6.97,2022-05-08 02:00:00
2022-05-09,4,2022,3.9,Moderate,29.1,16.2,22.6,72.0,3.64,22.26,6.64,6.64,2022-05-09 02:00:00
2022-05-10,4,2022,8.8,Moderate,30.4,17.0,23.7,69.0,3.69,22.9,6.95,6.95,2022-05-10 02:00:00
2022-05-11,4,2022,0.6,Moderate,30.3,17.2,23.7,69.0,2.81,21.94,6.64,6.64,2022-05-11 02:00:00
2022-05-12,4,2022,0.6,Moderate,28.8,17.2,23.0,61.0,2.98,24.84,7.47,7.47,2022-05-12 02:00:00
2022-05-13,4,2022,1.6,Moderate,29.5,16.6,23.1,60.0,3.19,22.28,6.74,6.74,2022-05-13 02:00:00
2022-05-14,4,2022,0.6,Moderate,29.9,16.8,23.4,65.0,2.8,21.96,6.63,6.63,2022-05-14 02:00:00
2022-05-15,4,2022,2.1,Moderate,32.6,16.7,24.7,62.0,2.58,23.14,7.12,7.12,2022-05-15 02:00:00
2022-05-16,4,2022,1.9,Moderate,28.6,16.3,22.4,68.0,3.69,22.13,6.61,6.61,2022-05-16 02:00:00
2022-05-17,4,2022,0.7,Moderate,28.0,18.0,23.0,72.0,2.74,22.88,6.82,6.82,2022-05-17 02:00:00
2022-05-18,4,2022,1.5,Moderate,28.2,17.5,22.9,68.0,1.77,22.94,6.82,6.82,2022-05-18 02:00:00
2022-05-19,4,2022,0.1,Moderate,28.1,15.9,22.0,65.0,3.09,21.79,6.46,6.46,2022-05-19 02:00:00
2022-05-20,4,2022,0.0,Moderate,30.7,17.0,23.8,69.0,2.84,23.76,7.2,7.2,2022-05-20 02:00:00
2022-05-21,4,2022,0.0,Moderate,30.1,16.3,23.2,64.0,2.25,21.76,6.55,6.55,2022-05-21 02:00:00
2022-05-22,4,2022,5.8,Moderate,30.4,16.4,23.4,65.0,2.43,20.91,6.32,6.32,2022-05-22 02:00:00
2022-05-23,4,2022,1.0,Moderate,30.1,16.9,23.5,73.0,3.1,22.81,6.86,6.86,2022-05-23 02:00:00
2022-05-24,4,2022,0.7,Moderate,29.8,17.9,23.8,67.0,3.27,22.97,6.99,6.99,2022-05-24 02:00:00
2022-05-25,4,2022,0.0,Moderate,30.0,18.2,24.1,69.0,3.12,23.13,7.04,7.04,2022-05-25 02:00:00
2022-05-26,4,2022,0.7,Moderate,30.2,16.9,23.5,67.0,2.34,23.0,6.93,6.93,2022-05-26 02:00:00
2022-05-27,4,2022,2.5,Moderate,30.4,17.3,23.8,65.0,2.45,23.85,7.23,7.23,2022-05-27 02:00:00
2022-05-28,4,2022,0.3,Moderate,30.8,15.4,23.1,68.0,2.76,21.74,6.53,6.53,2022-05-28 02:00:00
2022-05-29,4,2022,0.3,Moderate,30.4,16.9,23.7,64.0,3.08,22.29,6.78,6.78,2022-05-29 02:00:00
2022-05-30,4,2022,0.2,Moderate,29.1,16.3,22.7,66.0,2.13,21.7,6.46,6.46,2022-05-30 02:00:00
2022-05-31,4,2022,0.1,Moderate,29.2,17.3,23.2,71.0,3.02,21.83,6.56,6.56,2022-05-31 02:00:00
2022-06-01,4,2022,1.1,Moderate,31.7,16.8,24.3,66.0,2.86,21.86,6.69,6.69,2022-06-01 02:00:00
2022-06-02,4,2022,2.9,Moderate,29.9,18.0,23.9,64.0,3.69,21.5,6.59,6.59,2022-06-02 02:00:00
2022-06-03,4,2022,4.7,Moderate,31.2,17.1,24.1,68.0,3.53,22.69,6.94,6.94,2022-06-03 02:00:00
2022-06-04,4,2022,0.5,Moderate,31.2,18.1,24.7,71.0,2.46,23.5,7.18,7.18,2022-06-04 02:00:00
2022-06-05,4,2022,0.2,Moderate,30.8,17.7,24.2,63.0,2.97,23.57,7.22,7.22,2022-06-05 02:00:00
2022-06-06,4,2022,4.3,Moderate,31.0,17.1,24.0,68.0,3.3,22.03,6.72,6.72,2022-06-06 02:00:00
2022-06-07,4,2022,0.5,Moderate,28.3,17.2,22.8,73.0,2.74,23.34,6.93,6.93,2022-06-07 02:00:00
2022-06-08,4,2022,0.0,Moderate,29.3,17.1,23.2,67.0,3.7,24.98,7.53,7.53,2022-06-08 02:00:00
2022-06-09,4,2022,0.8,Moderate,28.9,16.1,22.5,64.0,3.9,24.03,7.2,7.2,2022-06-09 02:00:00
2022-06-10,4,2022,0.1,Moderate,30.3,17.0,23.6,73.0,3.39,22.88,6.91,6.91,2022-06-10 02:00:00
2022-06-11,4,2022,7.4,Moderate,29.5,16.0,22.7,68.0,2.94,20.51,6.14,6.14,2022-06-11 02:00:00
2022-06-12,4,2022,0.4,Moderate,30.9,17.8,24.4,70.0,4.12,21.6,6.65,6.65,2022-06-12 02:00:00
2022-06-13,4,2022,2.4,Moderate,30.1,17.1,23.6,65.0,3.83,20.66,6.31,6.31,2022-06-13 02:00:00
2022-06-14,4,2022,6.0,Moderate,30.4,15.5,22.9,66.0,2.82,21.66,6.5,6.5,2022-06-14 02:00:00
2022-06-15,4,2022,2.8,Moderate,29.7,15.9,22.8,66.0,2.7,23.5,7.02,7.02,2022-06-15 02:00:00
2022-06-16,4,2022,0.8,Moderate,30.6,17.5,24.0,61.0,3.05,22.55,6.91,6.91,2022-06-16 02:00:00
2022-06-17,4,2022,2.0,Moderate,30.4,16.8,23.6,69.0,3.36,23.0,6.96,6.96,2022-06-17 02:00:00
2022-06-18,4,2022,11.1,Moderate,29.6,16.4,23.0,64.0,3.78,23.14,6.99,6.99,2022-06-18 02:00:00
2022-06-19,4,2022,3.5,Moderate,29.0,18.5,23.7,71.0,2.96,22.91,6.93,6.93,2022-06-19 02:00:00
2022-06-20,4,2022,0.2,Moderate,30.9,15.8,23.4,66.0,2.95,22.33,6.74,6.74,2022-06-20 02:00:00
2022-06-21,4,2022,0.1,Moderate,29.0,16.0,22.5,66.0,3.2,24.19,7.21,7.21,2022-06-21 02:00:00
2022-06-22,4,2022,0.4,Moderate,28.5,16.1,22.3,68.0,2.94,21.19,6.29,6.29,2022-06-22 02:00:00
2022-06-23,4,2022,2.3,Moderate,30.0,17.1,23.6,66.0,3.08,23.19,7.02,7.02,2022-06-23 02:00:00
2022-06-24,4,2022,0.0,Moderate,30.0,19.6,24.8,71.0,3.09,23.18,7.12,7.12,2022-06-24 02:00:00
2022-06-25,4,2022,0.0,Moderate,31.5,18.4,25.0,71.0,3.36,23.38,7.2,7.2,2022-06-25 02:00:00
2022-06-26,4,2022,3.6,Moderate,28.1,17.4,22.8,69.0,2.84,24.66,7.34,7.34,2022-06-26 02:00:00
2022-06-27,4,2022,1.6,Moderate,31.7,16.8,24.2,65.0,3.51,23.16,7.1,7.1,2022-06-27 02:00:00
2022-06-28,4,2022,1.8,Moderate,29.9,15.1,22.5,67.0,2.93,22.52,6.7,6.7,2022-06-28 02:00:00
2022-06-29,4,2022,0.0,Moderate,29.8,16.5,23.2,66.0,2.67,21.2,6.38,6.38,2022-06-29 02:00:00
2022-06-30,4,2022,4.6,Moderate,30.4,16.7,23.6,64.0,3.73,23.53,7.16,7.16,2022-06-30 02:00:00
2022-07-01,4,2022,0.0,Moderate,27.9,15.9,21.9,65.0,2.77,22.1,6.52,6.52,2022-07-01 02:00:00
2022-07-02,4,2022,1.6,Moderate,30.8,18.2,24.5,63.0,3.18,22.67,6.99,6.99,2022-07-02 02:00:00
2022-07-03,4,2022,0.0,Moderate,31.1,17.9,24.5,69.0,3.24,23.35,7.15,7.15,2022-07-03 02:00:00
2022-07-04,4,2022,0.8,Moderate,31.6,17.0,24.3,63.0,3.02,20.86,6.42,6.42,2022-07-04 02:00:00
2022-07-05,4,2022,0.1,Moderate,30.6,16.9,23.8,66.0,3.57,22.23,6.78,6.78,2022-07-05 02:00:00
2022-07-06,4,2022,1.9,Moderate,31.5,17.4,24.4,71.0,2.81,21.87,6.68,6.68,2022-07-06 02:00:00
2022-07-07,4,2022,1.6,Moderate,29.9,17.4,23.6,64.0,3.01,21.68,6.59,6.59,2022-07-07 02:00:00
2022-07-08,4,2022,2.1,Moderate,31.0,16.7,23.8,70.0,3.37,20.8,6.33,6.33,2022-07-08 02:00:00
2022-07-09,4,2022,1.5,Moderate,28.4,16.8,22.6,63.0,3.05,23.13,6.92,6.92,2022-07-09 02:00:00
2022-07-10,4,2022,1.4,Moderate,28.7,17.6,23.2,65.0,3.01,21.97,6.63,6.63,2022-07-10 02:00:00
2022-07-11,4,2022,2.1,Moderate,30.4,16.8,23.6,61.0,3.28,20.4,6.24,6.24,2022-07-11 02:00:00
2022-07-12,4,2022,0.0,Moderate,29.0,19.0,24.0,72.0,2.98,22.92,6.95,6.95,2022-07-12 02:00:00
2022-07-13,4,2022,2.2,Moderate,31.7,17.0,24.4,64.0,3.49,23.52,7.23,7.23,2022-07-13 02:00:00
2022-07-14,4,2022,0.1,Moderate,31.3,17.1,24.2,65.0,2.53,23.03,7.02,7.02,2022-07-14 02:00:00
2022-07-15,4,2022,0.5,Moderate,33.2,19.1,26.2,65.0,2.55,20.85,6.55,6.55,2022-07-15 02:00:00
2022-07-16,4,2022,10.2,Moderate,33.4,16.4,24.9,64.0,2.78,23.33,7.2,7.2,2022-07-16 02:00:00
2022-07-17,4,2022,0.0,Moderate,30.8,16.3,23.6,61.0,2.81,23.92,7.25,7.25,2022-07-17 02:00:00
2022-07-18,4,2022,0.1,Moderate,33.3,17.2,25.2,66.0,3.06,23.75,7.36,7.36,2022-07-18 02:00:00
2022-07-19,4,2022,0.3,Moderate,30.9,17.7,24.3,63.0,2.84,23.86,7.31,7.31,2022-07-19 02:00:00
2022-07-20,4,2022,0.4,Moderate,30.3,18.4,24.4,70.0,2.77,24.72,7.52,7.52,2022-07-20 02:00:00
2022-07-21,4,2022,0.0,Moderate,31.5,17.9,24.7,64.0,3.4,24.49,7.55,7.55,2022-07-21 02:00:00
2022-07-22,4,2022,3.3,Moderate,29.8,17.0,23.4,64.0,3.02,22.56,6.83,6.83,2022-07-22 02:00:00
2022-07-23,4,2022,0.7,Moderate,31.3,17.8,24.5,63.0,3.25,23.71,7.3,7.3,2022-07-23 02:00:00
2022-07-24,4,2022,1.8,Moderate,27.6,16.7,22.1,65.0,2.71,24.18,7.15,7.15,2022-07-24 02:00:00
2022-07-25,4,2022,0.0,Moderate,31.5,17.7,24.6,67.0,3.02,22.79,7.0,7.0,2022-07-25 02:00:00
2022-07-26,4,2022,0.1,Moderate,31.4,17.2,24.3,69.0,3.21,22.96,7.01,7.01,2022-07-26 02:00:00
2022-07-27,4,2022,0.5,Moderate,30.0,18.2,24.1,67.0,3.66,22.14,6.79,6.79,2022-07-27 02:00:00
2022-07-28,4,2022,4.8,Moderate,32.0,18.3,25.1,74.0,3.37,22.59,6.96,6.96,2022-07-28 02:00:00
2022-07-29,4,2022,0.9,Moderate,29.8,16.8,23.3,69.0,3.05,21.69,6.54,6.54,2022-07-29 02:00:00
2022-07-30,4,2022,1.3,Moderate,30.7,17.2,24.0,67.0,3.09,23.15,7.05,7.05,2022-07-30 02:00:00
2022-07-31,4,2022,0.0,Moderate,32.0,16.7,24.3,63.0,2.46,21.1,6.47,6.47,2022-07-31 02:00:00
2022-08-01,4,2022,1.9,Moderate,32.3,18.7,25.5,69.0,3.62,22.81,7.1,7.1,2022-08-01 02:00:00
2022-08-02,4,2022,0.4,Moderate,31.9,15.1,23.5,66.0,2.53,23.2,7.0,7.0,2022-08-02 02:00:00
2022-08-03,4,2022,0.5,Moderate,31.9,17.5,24.7,65.0,3.08,22.57,6.96,6.96,2022-08-03 02:00:00
2022-08-04,4,2022,9.7,Moderate,29.8,18.3,24.1,65.0,3.08,21.53,6.58,6.58,2022-08-04 02:00:00
2022-08-05,4,2022,0.0,Moderate,32.4,17.2,24.8,66.0,1.97,22.17,6.8,6.8,2022-08-05 02:00:00
2022-08-06,4,2022,7.1,Moderate,31.4,17.4,24.4,64.0,2.9,23.87,7.32,7.32,2022-08-06 02:00:00
2022-08-07,4,2022,3.4,Moderate,31.6,17.6,24.6,64.0,2.23,23.74,7.27,7.27,2022-08-07 02:00:00
2022-08-08,4,2022,0.6,Moderate,28.8,17.4,23.1,64.0,3.14,24.46,7.37,7.37,2022-08-08 02:00:00
2022-08-09,4,2022,3.5,Moderate,30.1,15.5,22.8,68.0,2.58,23.44,6.99,6.99,2022-08-09 02:00:00
2022-08-10,4,2022,7.0,Moderate,31.0,17.3,24.1,61.0,3.71,24.31,7.47,7.47,2022-08-10 02:00:00
2022-08-11,4,2022,2.8,Moderate,31.4,18.9,25.2,63.0,3.07,24.21,7.51,7.51,2022-08-11 02:00:00
2022-08-12,4,2022,0.1,Moderate,30.7,17.7,24.2,66.0,3.35,23.58,7.21,7.21,2022-08-12 02:00:00
2022-08-13,4,2022,1.7,Moderate,29.7,17.5,23.6,64.0,3.73,23.58,7.18,7.18,2022-08-13 02:00:00
2022-08-14,4,2022,2.3,Moderate,31.2,16.2,23.7,65.0,2.66,22.06,6.69,6.69,2022-08-14 02:00:00
2022-08-15,4,2022,1.8,Moderate,30.9,17.8,24.3,59.0,3.37,23.15,7.14,7.14,2022-08-15 02:00:00
2022-08-16,4,2022,3.8,Moderate,32.5,17.3,24.9,65.0,3.3,21.49,6.67,6.67,2022-08-16 02:00:00
2022-08-17,4,2022,3.1,Moderate,32.2,18.8,25.5,64.0,2.88,21.35,6.66,6.66,2022-08-17 02:00:00
2022-08-18,4,2022,0.0,Moderate,31.7,17.3,24.5,70.0,2.57,21.03,6.43,6.43,2022-08-18 02:00:00
2022-08-19,4,2022,0.0,Moderate,29.5,16.3,22.9,63.0,3.19,22.86,6.88,6.88,2022-08-19 02:00:00
2022-08-20,4,2022,0.9,Moderate,32.4,17.8,25.1,60.0,3.3,24.46,7.61,7.61,2022-08-20 02:00:00
2022-08-21,4,2022,0.5,Moderate,30.0,17.3,23.7,66.0,3.26,21.42,6.52,6.52,2022-08-21 02:00:00
2022-08-22,4,2022,0.0,Moderate,30.2,17.5,23.8,62.0,3.13,23.39,7.13,7.13,2022-08-22 02:00:00
2022-08-23,4,2022,1.2,Moderate,33.2,17.4,25.3,60.0,2.97,21.56,6.73,6.73,2022-08-23 02:00:00
2022-08-24,4,2022,2.9,Moderate,30.5,17.7,24.1,69.0,2.4,22.44,6.81,6.81,2022-08-24 02:00:00
2022-08-25,4,2022,2.8,Moderate,32.4,18.1,25.2,65.0,3.31,23.38,7.26,7.26,2022-08-25 02:00:00
2022-08-26,4,2022,0.2,Moderate,30.5,18.9,24.7,65.0,2.23,22.39,6.87,6.87,2022-08-26 02:00:00
2022-08-27,4,2022,8.8,Moderate,31.7,17.4,24.5,64.0,3.21,22.58,6.96,6.96,2022-08-27 02:00:00
2022-08-28,4,2022,1.4,Moderate,31.8,18.2,25.0,63.0,2.86,21.66,6.71,6.71,2022-08-28 02:00:00
2022-08-29,4,2022,0.0,Moderate,31.8,17.5,24.6,68.0,3.13,24.1,7.4,7.4,2022-08-29 02:00:00
2022-08-30,4,2022,1.9,High,34.1,17.2,25.7,68.0,3.86,22.56,7.06,7.06,2022-08-30 02:00:00
2022-08-31,4,2022,0.6,High,31.7,18.3,25.0,60.0,3.24,21.38,6.67,6.67,2022-08-31 02:00:00
2022-09-01,4,2022,0.0,High,34.2,18.1,26.1,60.0,3.49,21.9,6.94,6.94,2022-09-01 02:00:00
2022-09-02,4,2022,1.8,High,29.9,17.5,23.7,62.0,2.89,24.29,7.37,7.37,2022-09-02 02:00:00
2022-09-03,4,2022,0.0,High,27.9,17.6,22.7,63.0,3.03,20.31,6.11,6.11,2022-09-03 02:00:00
2022-09-04,4,2022,5.0,High,32.1,16.7,24.4,66.0,3.1,22.89,7.02,7.02,2022-09-04 02:00:00
2022-09-05,4,2022,0.0,High,31.0,19.1,25.1,65.0,3.22,23.27,7.21,7.21,2022-09-05 02:00:00
2022-09-06,4,2022,1.9,High,30.9,18.1,24.5,68.0,2.87,23.97,7.33,7.33,2022-09-06 02:00:00
2022-09-07,4,2022,0.2,High,33.1,17.6,25.4,67.0,2.15,23.41,7.23,7.23,2022-09-07 02:00:00
2022-09-08,4,2022,2.7,High,30.7,16.5,23.6,63.0,3.12,22.95,6.97,6.97,2022-09-08 02:00:00
2022-09-09,4,2022,0.1,High,31.1,18.3,24.7,62.0,3.08,24.45,7.54,7.54,2022-09-09 02:00:00
2022-09-10,4,2022,0.8,High,32.6,16.8,24.7,60.0,2.77,25.29,7.79,7.79,2022-09-10 02:00:00
2022-09-11,4,2022,0.0,High,31.3,16.3,23.8,60.0,3.07,22.95,7.01,7.01,2022-09-11 02:00:00
2022-09-12,4,2022,7.8,High,32.4,19.1,25.8,61.0,2.95,22.93,7.19,7.19,2022-09-12 02:00:00
2022-09-13,4,2022,1.4,High,31.9,16.8,24.4,61.0,3.0,22.21,6.84,6.84,2022-09-13 02:00:00
2022-09-14,4,2022,3.6,High,30.2,16.9,23.6,62.0,2.76,22.35,6.78,6.78,2022-09-14 02:00:00
2022-09-15,4,2022,4.1,High,29.7,18.0,23.9,66.0,3.43,22.12,6.75,6.75,2022-09-15 02:00:00
2022-09-16,4,2022,0.7,High,32.1,17.9,25.0,63.0,3.33,24.08,7.47,7.47,2022-09-16 02:00:00
2022-09-17,4,2022,1.3,High,30.5,17.8,24.2,59.0,2.72,24.57,7.52,7.52,2022-09-17 02:00:00
2022-09-18,4,2022,0.6,High,31.0,17.9,24.4,66.0,2.59,23.83,7.29,7.29,2022-09-18 02:00:00
2022-09-19,4,2022,5.5,High,33.9,18.4,26.2,63.0,3.52,21.36,6.76,6.76,2022-09-19 02:00:00
2022-09-20,4,2022,4.5,High,30.7,18.2,24.4,62.0,3.18,25.98,7.97,7.97,2022-09-20 02:00:00
2022-09-21,4,2022,0.4,High,31.6,17.6,24.6,62.0,3.34,24.51,7.56,7.56,2022-09-21 02:00:00
2022-09-22,4,2022,2.8,High,29.3,16.6,23.0,67.0,3.39,23.14,6.95,6.95,2022-09-22 02:00:00
2022-09-23,4,2022,4.5,High,33.9,18.6,26.2,61.0,3.23,23.41,7.39,7.39,2022-09-23 02:00:00
2022-09-24,4,2022,0.4,High,32.1,18.2,25.2,61.0,2.12,22.05,6.83,6.83,2022-09-24 02:00:00
2022-09-25,4,2022,9.7,High,30.6,19.4,25.0,63.0,3.24,24.9,7.71,7.71,2022-09-25 02:00:00
2022-09-26,4,2022,1.0,High,31.6,17.2,24.4,64.0,3.19,22.88,7.03,7.03,2022-09-26 02:00:00
2022-09-27,4,2022,0.0,High,31.8,18.2,25.0,59.0,3.22,23.53,7.31,7.31,2022-09-27 02:00:00
2022-09-28,4,2022,5.0,High,32.0,18.4,25.2,64.0,3.02,23.17,7.19,7.19,2022-09-28 02:00:00
2022-09-29,4,2022,3.3,High,29.4,17.8,23.6,66.0,3.05,24.31,7.35,7.35,2022-09-29 02:00:00
2022-09-30,4,2022,0.0,High,32.8,17.8,25.3,60.0,3.28,23.45,7.32,7.32,2022-09-30 02:00:00
2022-10-01,4,2022,0.2,High,30.8,17.2,24.0,68.0,3.09,23.08,7.03,7.03,2022-10-01 02:00:00
2022-10-02,4,2022,0.8,High,30.5,18.8,24.7,60.0,4.11,22.4,6.98,6.98,2022-10-02 02:00:00
2022-10-03,4,2022,0.0,High,30.8,17.2,24.0,65.0,3.15,24.2,7.38,7.38,2022-10-03 02:00:00
2022-10-04,4,2022,28.3,High,29.3,18.6,24.0,61.0,2.72,24.69,7.52,7.52,2022-10-04 02:00:00
2022-10-05,4,2022,0.7,High,32.4,17.9,25.2,62.0,3.31,22.76,7.08,7.08,2022-10-05 02:00:00
2022-10-06,4,2022,0.0,High,30.6,17.1,23.8,62.0,3.42,23.12,7.07,7.07,2022-10-06 02:00:00
2022-10-07,4,2022,0.0,High,34.8,17.6,26.2,63.0,3.54,23.92,7.55,7.55,2022-10-07 02:00:00
2022-10-08,4,2022,4.7,High,30.9,18.2,24.5,63.0,3.65,23.16,7.16,7.16,2022-10-08 02:00:00
2022-10-09,4,2022,0.0,High,33.2,17.5,25.4,61.0,3.46,22.34,7.0,7.0,2022-10-09 02:00:00
2022-10-10,4,2022,3.6,High,31.1,17.3,24.2,62.0,3.22,24.53,7.52,7.52,2022-10-10 02:00:00
2022-10-11,4,2022,6.3,High,31.8,17.4,24.6,67.0,2.79,23.58,7.23,7.23,2022-10-11 02:00:00
2022-10-12,4,2022,3.3,High,32.9,17.1,25.0,67.0,2.39,25.27,7.77,7.77,2022-10-12 02:00:00
2022-10-13,4,2022,1.4,High,32.5,19.7,26.1,63.0,3.33,24.19,7.61,7.61,2022-10-13 02:00:00
2022-10-14,4,2022,0.0,High,31.2,16.6,23.9,64.0,3.68,25.42,7.76,7.76,2022-10-14 02:00:00
2022-10-15,4,2022,0.0,High,30.9,18.8,24.8,62.0,2.49,23.44,7.22,7.22,2022-10-15 02:00:00
2022-10-16,4,2022,1.7,High,33.3,18.6,26.0,61.0,2.65,23.48,7.36,7.36,2022-10-16 02:00:00
2022-10-17,4,2022,1.0,High,31.6,18.1,24.8,69.0,3.08,23.49,7.22,7.22,2022-10-17 02:00:00
2022-10-18,4,2022,1.7,High,31.8,17.3,24.5,61.0,2.32,24.47,7.5,7.5,2022-10-18 02:00:00
2022-10-19,4,2022,0.0,High,31.1,19.1,25.1,66.0,3.38,23.74,7.35,7.35,2022-10-19 02:00:00
2022-10-20,4,2022,2.4,High,30.8,18.0,24.4,57.0,2.83,24.6,7.57,7.57,2022-10-20 02:00:00
2022-10-21,4,2022,5.3,High,33.6,18.8,26.2,61.0,2.91,24.1,7.58,7.58,2022-10-21 02:00:00
2022-10-22,4,2022,0.9,High,31.0,17.5,24.3,59.0,3.19,24.49,7.53,7.53,2022-10-22 02:00:00
2022-10-23,4,2022,0.0,High,33.4,17.8,25.6,60.0,3.97,22.92,7.22,7.22,2022-10-23 02:00:00
2022-10-24,4,2022,1.5,High,31.8,18.5,25.1,63.0,2.75,22.43,6.96,6.96,2022-10-24 02:00:00
2022-10-25,4,2022,2.3,High,31.3,17.5,24.4,62.0,2.79,23.35,7.16,7.16,2022-10-25 02:00:00
2022-10-26,4,2022,0.0,High,33.4,18.4,25.9,59.0,3.11,23.94,7.52,7.52,2022-10-26 02:00:00
2022-10-27,4,2022,0.0,High,32.7,18.2,25.4,66.0,3.19,22.89,7.12,7.12,2022-10-27 02:00:00
2022-10-28,4,2022,5.1,High,30.6,17.9,24.3,60.0,2.83,23.75,7.29,7.29,2022-10-28 02:00:00
2022-10-29,4,2022,0.3,High,31.9,18.2,25.0,64.0,2.58,24.67,7.61,7.61,2022-10-29 02:00:00
2022-10-30,4,2022,0.0,High,31.7,17.1,24.4,66.0,2.79,22.76,6.97,6.97,2022-10-30 02:00:00
2022-10-31,4,2022,0.0,High,32.7,17.6,25.1,64.0,3.29,26.84,8.3,8.3,2022-10-31 02:00:00
2022-11-01,4,2022,0.0,High,32.8,19.4,26.1,66.0,3.51,22.89,7.2,7.2,2022-11-01 02:00:00
2022-11-02,4,2022,0.0,High,31.5,16.4,24.0,68.0,2.87,24.93,7.57,7.57,2022-11-02 02:00:00
2022-11-03,4,2022,0.0,High,32.3,19.0,25.7,63.0,2.87,24.1,7.52,7.52,2022-11-03 02:00:00
2022-11-04,4,2022,0.6,High,33.2,17.8,25.5,58.0,3.37,25.06,7.84,7.84,2022-11-04 02:00:00
2022-11-05,4,2022,0.2,High,32.1,18.0,25.0,62.0,3.4,22.81,7.1,7.1,2022-11-05 02:00:00
2022-11-06,4,2022,0.4,High,35.1,17.3,26.2,64.0,2.61,24.02,7.53,7.53,2022-11-06 02:00:00
2022-11-07,4,2022,0.0,High,30.6,17.3,24.0,61.0,2.64,23.21,7.08,7.08,2022-11-07 02:00:00
2022-11-08,4,2022,0.0,High,32.5,17.9,25.2,61.0,3.4,25.17,7.83,7.83,2022-11-08 02:00:00
2022-11-09,4,2022,0.0,High,32.0,17.9,24.9,61.0,2.87,23.81,7.37,7.37,2022-11-09 02:00:00
2022-11-10,4,2022,4.9,High,32.7,18.7,25.7,62.0,2.79,25.36,7.9,7.9,2022-11-10 02:00:00
2022-11-11,4,2022,0.0,High,31.8,18.2,25.0,64.0,2.65,24.83,7.66,7.66,2022-11-11 02:00:00
2022-11-12,4,2022,2.4,High,31.0,18.2,24.6,60.0,3.4,25.61,7.91,7.91,2022-11-12 02:00:00
2022-11-13,4,2022,8.0,High,32.2,18.5,25.3,63.0,2.56,23.5,7.29,7.29,2022-11-13 02:00:00
2022-11-14,4,2022,2.2,High,32.7,18.7,25.7,61.0,3.57,23.78,7.47,7.47,2022-11-14 02:00:00
2022-11-15,4,2022,0.0,High,32.1,19.3,25.7,56.0,2.18,25.21,7.86,7.86,2022-11-15 02:00:00
2022-11-16,4,2022,0.9,High,33.0,18.6,25.8,60.0,3.17,24.92,7.81,7.81,2022-11-16 02:00:00
2022-11-17,4,2022,6.3,High,32.7,18.1,25.4,66.0,2.57,22.8,7.07,7.07,2022-11-17 02:00:00
2022-11-18,4,2022,0.4,High,33.6,19.7,26.6,58.0,3.45,24.35,7.75,7.75,2022-11-18 02:00:00
2022-11-19,4,2022,0.0,High,31.5,17.7,24.6,63.0,3.63,23.31,7.21,7.21,2022-11-19 02:00:00
2022-11-20,4,2022,6.1,High,32.3,18.8,25.6,60.0,2.58,24.08,7.5,7.5,2022-11-20 02:00:00
2022-11-21,4,2022,6.7,High,32.1,17.7,24.9,63.0,3.13,25.56,7.89,7.89,2022-11-21 02:00:00
2022-11-22,4,2022,1.4,High,32.2,18.4,25.3,60.0,2.98,23.84,7.43,7.43,2022-11-22 02:00:00
2022-11-23,4,2022,5.5,High,32.4,17.6,25.0,56.0,2.94,25.16,7.81,7.81,2022-11-23 02:00:00
2022-11-24,4,2022,5.7,High,31.7,17.3,24.5,61.0,3.09,25.24,7.76,7.76,2022-11-24 02:00:00
2022-11-25,4,2022,0.0,High,33.0,17.7,25.3,59.0,2.55,24.47,7.6,7.6,2022-11-25 02:00:00
2022-11-26,4,2022,2.9,High,31.5,16.9,24.2,65.0,3.29,25.82,7.88,7.88,2022-11-26 02:00:00
2022-11-27,4,2022,1.0,High,32.3,18.1,25.2,65.0,3.01,24.33,7.54,7.54,2022-11-27 02:00:00
2022-11-28,4,2022,0.7,High,33.4,18.0,25.7,63.0,3.25,23.87,7.47,7.47,2022-11-28 02:00:00
2022-11-29,4,2022,0.0,High,32.4,18.2,25.3,56.0,2.98,24.54,7.66,7.66,2022-11-29 02:00:00
2022-11-30,4,2022,0.4,High,32.3,17.6,25.0,59.0,3.29,24.4,7.58,7.58,2022-11-30 02:00:00
2022-12-01,4,2022,0.1,High,33.5,17.8,25.7,64.0,2.91,24.74,7.71,7.71,2022-12-01 02:00:00
2022-12-02,4,2022,0.0,High,31.2,18.6,24.9,60.0,3.39,23.44,7.29,7.29,2022-12-02 02:00:00
2022-12-03,4,2022,0.2,High,29.6,16.6,23.1,56.0,2.48,24.57,7.4,7.4,2022-12-03 02:00:00
2022-12-04,4,2022,2.7,High,34.6,18.7,26.6,58.0,2.95,24.65,7.82,7.82,2022-12-04 02:00:00
2022-12-05,4,2022,1.7,High,32.5,18.4,25.4,64.0,2.57,26.14,8.1,8.1,2022-12-05 02:00:00
2022-12-06,4,2022,0.0,High,34.7,17.8,26.2,64.0,3.11,24.36,7.66,7.66,2022-12-06 02:00:00
2022-12-07,4,2022,13.0,High,34.0,18.6,26.3,62.0,2.62,25.53,8.02,8.02,2022-12-07 02:00:00
2022-12-08,4,2022,3.4,High,31.7,17.8,24.7,63.0,2.95,25.94,7.98,7.98,2022-12-08 02:00:00
2022-12-09,4,2022,1.5,High,32.1,18.7,25.4,58.0,3.04,24.96,7.78,7.78,2022-12-09 02:00:00
2022-12-10,4,2022,0.0,High,34.7,18.3,26.5,63.0,2.5,25.29,7.95,7.95,2022-12-10 02:00:00
2022-12-11,4,2022,0.6,High,34.2,19.5,26.8,61.0,2.63,23.23,7.37,7.37,2022-12-11 02:00:00
2022-12-12,4,2022,0.1,High,32.5,18.6,25.5,62.0,2.42,26.44,8.2,8.2,2022-12-12 02:00:00
2022-12-13,4,2022,0.0,High,30.5,17.8,24.1,59.0,2.18,25.65,7.81,7.81,2022-12-13 02:00:00
2022-12-14,4,2022,0.1,High,31.9,18.5,25.2,61.0,2.18,22.95,7.1,7.1,2022-12-14 02:00:00
2022-12-15,4,2022,1.1,High,33.3,17.7,25.5,59.0,3.2,25.89,8.08,8.08,2022-12-15 02:00:00
2022-12-16,4,2022,0.0,High,32.7,19.8,26.2,54.0,3.01,24.79,7.85,7.85,2022-12-16 02:00:00
2022-12-17,4,2022,8.3,High,31.2,16.1,23.6,62.0,3.5,22.45,6.85,6.85,2022-12-17 02:00:00
2022-12-18,4,2022,0.0,High,32.9,18.5,25.7,66.0,2.38,24.44,7.59,7.59,2022-12-18 02:00:00
2022-12-19,4,2022,2.8,High,33.4,18.7,26.1,61.0,2.77,25.03,7.85,7.85,2022-12-19 02:00:00
2022-12-20,4,2022,0.0,High,33.9,17.5,25.7,66.0,3.13,23.07,7.2,7.2,2022-12-20 02:00:00
2022-12-21,4,2022,0.5,High,31.9,18.0,25.0,57.0,2.36,25.23,7.79,7.79,2022-12-21 02:00:00
2022-12-22,4,2022,0.0,High,33.7,18.8,26.3,66.0,2.48,25.85,8.08,8.08,2022-12-22 02:00:00
2022-12-23,4,2022,0.2,High,32.8,18.3,25.6,63.0,3.23,26.27,8.18,8.18,2022-12-23 02:00:00
2022-12-24,4,2022,0.8,High,33.4,19.9,26.7,59.0,2.67,24.27,7.68,7.68,2022-12-24 02:00:00
2022-12-25,4,2022,0.5,High,33.1,17.7,25.4,63.0,2.86,23.24,7.23,7.23,2022-12-25 02:00:00
2022-12-26,4,2022,3.0,High,32.6,19.0,25.8,59.0,3.15,23.46,7.38,7.38,2022-12-26 02:00:00
2022-12-27,4,2022,1.5,High,31.0,19.4,25.2,57.0,2.84,25.55,7.94,7.94,2022-12-27 02:00:00
2022-12-28,4,2022,3.6,High,33.7,18.6,26.1,62.0,2.86,24.0,7.54,7.54,2022-12-28 02:00:00
2022-12-29,4,2022,3.9,High,34.4,18.1,26.2,65.0,2.98,26.27,8.23,8.23,2022-12-29 02:00:00
2022-12-30,4,2022,1.5,High,32.9,18.8,25.8,60.0,3.66,22.94,7.23,7.23,2022-12-30 02:00:00
2022-12-31,4,2022,1.5,High,33.6,19.5,26.5,60.0,3.42,24.69,7.82,7.82,2022-12-31 02:00:00
2020-01-02,5,2020,1.9,Low,27.3,16.5,21.9,68.0,3.7,20.92,6.2,6.2,2020-01-02 02:00:00
2020-01-03,5,2020,4.3,Low,26.8,16.3,21.5,69.0,3.49,22.16,6.51,6.51,2020-01-03 02:00:00
2020-01-04,5,2020,1.5,Low,27.6,16.0,21.8,75.0,2.97,23.48,6.86,6.86,2020-01-04 02:00:00
2020-01-05,5,2020,0.5,Low,29.1,16.2,22.6,72.0,2.16,20.66,6.13,6.13,2020-01-05 02:00:00
2020-01-06,5,2020,1.0,Low,28.0,17.0,22.5,75.0,2.88,20.59,6.1,6.1,2020-01-06 02:00:00
2020-01-07,5,2020,4.4,Low,28.0,16.2,22.1,74.0,3.37,21.82,6.43,6.43,2020-01-07 02:00:00
2020-01-08,5,2020,0.4,Low,29.1,15.9,22.5,77.0,3.24,20.98,6.21,6.21,2020-01-08 02:00:00
2020-01-09,5,2020,1.9,Low,29.4,15.1,22.3,71.0,3.18,21.67,6.42,6.42,2020-01-09 02:00:00
2020-01-10,5,2020,0.9,Low,28.8,15.4,22.1,74.0,2.8,21.53,6.34,6.34,2020-01-10 02:00:00
2020-01-11,5,2020,2.0,Low,28.2,17.4,22.8,75.0,2.84,23.1,6.86,6.86,2020-01-11 02:00:00
2020-01-12,5,2020,0.1,Low,28.2,16.3,22.2,73.0,2.69,19.41,5.74,5.74,2020-01-12 02:00:00
2020-01-13,5,2020,0.1,Low,29.4,17.6,23.5,69.0,2.49,21.02,6.34,6.34,2020-01-13 02:00:00
2020-01-14,5,2020,0.0,Low,29.5,15.5,22.5,73.0,2.99,21.89,6.49,6.49,2020-01-14 02:00:00
2020-01-15,5,2020,0.7,Low,27.2,15.7,21.5,72.0,2.57,19.73,5.76,5.76,2020-01-15 02:00:00
2020-01-16,5,2020,0.4,Low,28.8,16.4,22.6,68.0,3.3,19.47,5.84,5.84,2020-01-16 02:00:00
2020-01-17,5,2020,0.1,Low,29.9,15.9,22.9,75.0,2.96,20.86,6.22,6.22,2020-01-17 02:00:00
2020-01-18,5,2020,1.9,Low,27.9,16.0,21.9,67.0,2.83,19.7,5.83,5.83,2020-01-18 02:00:00
2020-01-19,5,2020,0.6,Low,30.6,16.0,23.3,72.0,2.91,22.22,6.68,6.68,2020-01-19 02:00:00
2020-01-20,5,2020,6.0,Low,29.4,17.2,23.3,70.0,3.6,20.4,6.17,6.17,2020-01-20 02:00:00
2020-01-21,5,2020,0.1,Low,30.1,16.8,23.5,69.0,3.2,20.79,6.29,6.29,2020-01-21 02:00:00
2020-01-22,5,2020,1.1,Low,28.9,15.4,22.1,68.0,2.64,19.6,5.81,5.81,2020-01-22 02:00:00
2020-01-23,5,2020,3.8,Low,29.0,16.6,22.8,76.0,3.08,21.61,6.42,6.42,2020-01-23 02:00:00
2020-01-24,5,2020,2.2,Low,28.4,16.4,22.4,72.0,3.31,21.74,6.46,6.46,2020-01-24 02:00:00
2020-01-25,5,2020,1.0,Low,27.1,16.5,21.8,73.0,3.0,21.12,6.2,6.2,2020-01-25 02:00:00
2020-01-26,5,2020,9.3,Low,28.6,15.2,21.9,68.0,2.33,21.23,6.25,6.25,2020-01-26 02:00:00
2020-01-27,5,2020,0.8,Low,29.7,16.8,23.3,68.0,3.07,20.11,6.07,6.07,2020-01-27 02:00:00
2020-01-28,5,2020,0.6,Low,27.8,16.7,22.3,70.0,3.31,20.88,6.2,6.2,2020-01-28 02:00:00
2020-01-29,5,2020,1.4,Low,28.9,16.5,22.7,73.0,3.07,22.43,6.67,6.67,2020-01-29 02:00:00
2020-01-30,5,2020,0.5,Low,29.9,15.4,22.7,70.0,3.36,19.41,5.82,5.82,2020-01-30 02:00:00
2020-01-31,5,2020,3.5,Low,27.7,17.5,22.6,73.0,3.68,21.32,6.35,6.35,2020-01-31 02:00:00
2020-02-01,5,2020,0.0,Low,28.0,14.9,21.4,68.0,3.11,20.56,6.03,6.03,2020-02-01 02:00:00
2020-02-02,5,2020,0.7,Low,29.1,15.9,22.5,74.0,3.14,20.42,6.07,6.07,2020-02-02 02:00:00
2020-02-03,5,2020,3.6,Low,27.1,15.0,21.0,68.0,2.88,23.39,6.79,6.79,2020-02-03 02:00:00
2020-02-04,5,2020,0.0,Low,28.3,16.9,22.6,74.0,2.53,21.58,6.39,6.39,2020-02-04 02:00:00
2020-02-05,5,2020,3.6,Low,28.6,15.2,21.9,68.0,3.04,20.26,5.99,5.99,2020-02-05 02:00:00
2020-02-06,5,2020,0.0,Low,28.2,16.2,22.2,68.0,3.09,21.67,6.43,6.43,2020-02-06 02:00:00
2020-02-07,5,2020,6.7,Low,28.5,15.3,21.9,69.0,2.89,22.4,6.6,6.6,2020-02-07 02:00:00
2020-02-08,5,2020,1.3,Low,27.1,15.9,21.5,70.0,3.23,21.63,6.34,6.34,2020-02-08 02:00:00
2020-02-09,5,2020,1.4,Low,28.1,15.2,21.6,76.0,3.19,22.75,6.64,6.64,2020-02-09 02:00:00
2020-02-10,5,2020,1.1,Low,29.5,16.9,23.2,77.0,3.4,20.39,6.11,6.11,2020-02-10 02:00:00
2020-02-11,5,2020,2.9,Low,26.1,16.7,21.4,69.0,2.91,22.12,6.46,6.46,2020-02-11 02:00:00
2020-02-12,5,2020,2.0,Low,28.8,16.8,22.8,73.0,3.62,20.82,6.23,6.23,2020-02-12 02:00:00
2020-02-13,5,2020,1.1,Low,26.3,16.2,21.2,69.0,2.44,20.76,6.04,6.04,2020-02-13 02:00:00
2020-02-14,5,2020,0.1,Low,26.8,15.0,20.9,71.0,3.15,21.49,6.23,6.23,2020-02-14 02:00:00
2020-02-15,5,2020,2.3,Low,27.5,15.2,21.3,72.0,3.72,19.93,5.84,5.84,2020-02-15 02:00:00
2020-02-16,5,2020,0.3,Low,28.5,17.3,22.9,68.0,3.73,21.59,6.5,6.5,2020-02-16 02:00:00
2020-02-17,5,2020,3.3,Low,29.4,17.0,23.2,75.0,2.2,22.56,6.73,6.73,2020-02-17 02:00:00
2020-02-18,5,2020,2.7,Low,27.7,15.9,21.8,70.0,3.42,22.06,6.5,6.5,2020-02-18 02:00:00
2020-02-19,5,2020,1.4,Low,29.2,15.3,22.3,67.0,2.61,21.49,6.37,6.37,2020-02-19 02:00:00
2020-02-20,5,2020,1.4,Low,29.7,17.1,23.4,71.0,3.7,22.69,6.85,6.85,2020-02-20 02:00:00
2020-02-21,5,2020,1.7,Low,31.2,16.3,23.8,70.0,2.76,21.94,6.64,6.64,2020-02-21 02:00:00
2020-02-22,5,2020,0.6,Low,30.2,16.1,23.1,72.0,3.09,21.58,6.47,6.47,2020-02-22 02:00:00
2020-02-23,5,2020,2.6,Low,27.2,15.9,21.6,70.0,3.28,22.74,6.67,6.67,2020-02-23 02:00:00
2020-02-24,5,2020,2.0,Low,28.2,16.7,22.5,68.0,2.81,21.68,6.45,6.45,2020-02-24 02:00:00
2020-02-25,5,2020,3.9,Low,29.3,15.5,22.4,69.0,3.0,22.54,6.69,6.69,2020-02-25 02:00:00
2020-02-26,5,2020,2.7,Low,29.0,15.7,22.4,76.0,3.21,21.64,6.4,6.4,2020-02-26 02:00:00
2020-02-27,5,2020,1.5,Low,29.5,17.3,23.4,70.0,2.44,19.84,5.98,5.98,2020-02-27 02:00:00
2020-02-28,5,2020,0.3,Low,29.3,16.0,22.6,73.0,2.85,20.02,5.96,5.96,2020-02-28 02:00:00
2020-02-29,5,2020,0.1,Low,29.6,17.1,23.3,71.0,2.88,19.87,5.99,5.99,2020-02-29 02:00:00
2020-03-01,5,2020,1.0,Low,28.9,15.9,22.4,67.0,3.46,20.38,6.09,6.09,2020-03-01 02:00:00
2020-03-02,5,2020,1.7,Low,29.2,15.9,22.5,76.0,2.58,19.7,5.83,5.83,2020-03-02 02:00:00
2020-03-03,5,2020,0.2,Low,29.2,15.4,22.3,62.0,2.78,22.45,6.68,6.68,2020-03-03 02:00:00
2020-03-04,5,2020,1.2,Low,27.3,17.5,22.4,68.0,2.63,22.82,6.77,6.77,2020-03-04 02:00:00
2020-03-05,5,2020,0.1,Low,28.3,16.7,22.5,75.0,2.31,22.7,6.69,6.69,2020-03-05 02:00:00
2020-03-06,5,2020,0.0,Low,28.5,16.3,22.4,73.0,2.72,20.93,6.19,6.19,2020-03-06 02:00:00
2020-03-07,5,2020,6.6,Low,28.7,15.7,22.2,72.0,2.72,22.45,6.62,6.62,2020-03-07 02:00:00
2020-03-08,5,2020,1.2,Low,29.1,17.1,23.1,68.0,2.14,20.73,6.2,6.2,2020-03-08 02:00:00
2020-03-09,5,2020,0.4,Low,30.2,17.6,23.9,67.0,2.67,22.12,6.72,6.72,2020-03-09 02:00:00
2020-03-10,5,2020,1.1,Low,29.0,16.2,22.6,71.0,3.25,21.28,6.35,6.35,2020-03-10 02:00:00
2020-03-11,5,2020,0.4,Low,28.9,16.2,22.6,65.0,2.89,20.78,6.22,6.22,2020-03-11 02:00:00
2020-03-12,5,2020,4.0,Low,30.2,16.4,23.3,68.0,3.12,20.75,6.27,6.27,2020-03-12 02:00:00
2020-03-13,5,2020,2.4,Low,27.1,17.3,22.2,71.0,3.31,22.34,6.61,6.61,2020-03-13 02:00:00
2020-03-14,5,2020,0.4,Low,29.7,16.0,22.8,66.0,3.25,20.12,6.06,6.06,2020-03-14 02:00:00
2020-03-15,5,2020,9.4,Low,27.8,15.0,21.4,71.0,3.18,20.44,5.98,5.98,2020-03-15 02:00:00
2020-03-16,5,2020,1.6,Low,29.0,16.8,22.9,67.0,2.56,21.03,6.3,6.3,2020-03-16 02:00:00
2020-03-17,5,2020,2.2,Low,29.4,15.8,22.6,74.0,3.08,21.28,6.32,6.32,2020-03-17 02:00:00
2020-03-18,5,2020,1.4,Low,28.1,18.2,23.1,67.0,3.11,20.49,6.18,6.18,2020-03-18 02:00:00
2020-03-19,5,2020,0.0,Low,27.6,16.4,22.0,66.0,2.86,21.37,6.33,6.33,2020-03-19 02:00:00
2020-03-20,5,2020,1.6,Low,29.1,17.1,23.1,70.0,3.31,20.2,6.09,6.09,2020-03-20 02:00:00
2020-03-21,5,2020,1.8,Low,28.3,16.9,22.6,71.0,2.78,23.0,6.83,6.83,2020-03-21 02:00:00
2020-03-22,5,2020,0.2,Low,29.0,16.0,22.5,68.0,3.46,20.97,6.27,6.27,2020-03-22 02:00:00
2020-03-23,5,2020,3.0,Low,28.6,16.7,22.7,69.0,3.97,22.32,6.69,6.69,2020-03-23 02:00:00
2020-03-24,5,2020,5.0,Low,28.5,16.1,22.3,68.0,3.04,22.09,6.56,6.56,2020-03-24 02:00:00
2020-03-25,5,2020,2.2,Low,28.2,17.0,22.6,73.0,2.49,22.91,6.78,6.78,2020-03-25 02:00:00
2020-03-26,5,2020,2.5,Low,29.2,16.4,22.8,69.0,2.98,21.08,6.31,6.31,2020-03-26 02:00:00
2020-03-27,5,2020,0.1,Low,28.5,15.9,22.2,73.0,2.71,21.2,6.25,6.25,2020-03-27 02:00:00
2020-03-28,5,2020,0.0,Low,29.2,15.5,22.4,66.0,3.06,22.34,6.64,6.64,2020-03-28 02:00:00
2020-03-29,5,2020,1.4,Low,27.8,17.5,22.6,67.0,2.64,22.01,6.56,6.56,2020-03-29 02:00:00
2020-03-30,5,2020,2.4,Low,28.0,16.5,22.2,70.0,2.38,21.52,6.36,6.36,2020-03-30 02:00:00
2020-03-31,5,2020,0.5,Low,28.3,15.2,21.7,67.0,2.4,21.23,6.23,6.23,2020-03-31 02:00:00
2020-04-01,5,2020,1.4,Low,29.0,17.8,23.4,68.0,2.75,21.72,6.55,6.55,2020-04-01 02:00:00
2020-04-02,5,2020,0.7,Low,29.4,17.5,23.4,69.0,3.98,22.62,6.85,6.85,2020-04-02 02:00:00
2020-04-03,5,2020,0.2,Low,27.1,16.7,21.9,66.0,3.74,21.58,6.41,6.41,2020-04-03 02:00:00
2020-04-04,5,2020,0.6,Low,28.7,16.6,22.6,70.0,2.73,23.55,7.0,7.0,2020-04-04 02:00:00
2020-04-05,5,2020,1.8,Low,29.1,15.8,22.4,65.0,2.81,21.34,6.36,6.36,2020-04-05 02:00:00
2020-04-06,5,2020,3.0,Low,28.5,16.7,22.6,70.0,2.57,19.22,5.73,5.73,2020-04-06 02:00:00
2020-04-07,5,2020,1.9,Low,26.3,16.9,21.6,77.0,2.67,21.57,6.28,6.28,2020-04-07 02:00:00
2020-04-08,5,2020,5.2,Low,28.9,16.6,22.7,74.0,3.71,22.83,6.8,6.8,2020-04-08 02:00:00
2020-04-09,5,2020,3.5,Low,30.1,15.9,23.0,68.0,3.39,22.94,6.89,6.89,2020-04-09 02:00:00
2020-04-10,5,2020,5.1,Low,27.6,16.4,22.0,71.0,1.95,23.03,6.75,6.75,2020-04-10 02:00:00
2020-04-11,5,2020,0.0,Low,26.9,17.6,22.2,71.0,3.36,23.11,6.84,6.84,2020-04-11 02:00:00
2020-04-12,5,2020,0.2,Low,27.5,17.9,22.7,68.0,3.5,23.4,7.0,7.0,2020-04-12 02:00:00
2020-04-13,5,2020,0.1,Low,29.8,16.0,22.9,64.0,2.75,22.34,6.7,6.7,2020-04-13 02:00:00
2020-04-14,5,2020,0.4,Low,29.0,17.3,23.2,65.0,2.86,23.16,6.97,6.97,2020-04-14 02:00:00
2020-04-15,5,2020,1.1,Low,30.2,17.3,23.7,67.0,3.24,21.12,6.43,6.43,2020-04-15 02:00:00
2020-04-16,5,2020,0.1,Low,29.2,18.5,23.8,64.0,3.14,21.2,6.47,6.47,2020-04-16 02:00:00
2020-04-17,5,2020,0.0,Low,31.2,17.2,24.2,70.0,2.99,22.36,6.82,6.82,2020-04-17 02:00:00
2020-04-18,5,2020,1.7,Low,31.1,16.9,24.0,70.0,2.6,21.76,6.61,6.61,2020-04-18 02:00:00
2020-04-19,5,2020,2.1,Low,30.0,16.5,23.2,69.0,2.79,21.81,6.56,6.56,2020-04-19 02:00:00
2020-04-20,5,2020,3.0,Low,28.9,16.4,22.7,68.0,3.18,20.08,6.01,6.01,2020-04-20 02:00:00
2020-04-21,5,2020,4.5,Low,29.4,17.5,23.4,72.0,2.02,21.27,6.37,6.37,2020-04-21 02:00:00
2020-04-22,5,2020,1.4,Low,28.7,16.5,22.6,65.0,3.27,21.26,6.37,6.37,2020-04-22 02:00:00
2020-04-23,5,2020,1.5,Low,28.9,16.1,22.5,69.0,3.08,22.15,6.59,6.59,2020-04-23 02:00:00
2020-04-24,5,2020,1.4,Low,29.7,17.8,23.7,69.0,3.81,19.42,5.94,5.94,2020-04-24 02:00:00
2020-04-25,5,2020,1.9,Low,29.8,17.1,23.5,68.0,3.12,21.94,6.64,6.64,2020-04-25 02:00:00
2020-04-26,5,2020,0.3,Low,30.8,16.8,23.8,70.0,3.32,22.11,6.72,6.72,2020-04-26 02:00:00
2020-04-27,5,2020,2.0,Low,30.6,16.0,23.3,68.0,3.21,21.65,6.54,6.54,2020-04-27 02:00:00
2020-04-28,5,2020,3.7,Low,29.6,17.7,23.6,59.0,3.04,22.7,6.92,6.92,2020-04-28 02:00:00
2020-04-29,5,2020,1.9,Low,29.4,16.3,22.8,71.0,3.13,25.02,7.45,7.45,2020-04-29 02:00:00
2020-04-30,5,2020,5.6,Low,30.3,15.5,22.9,72.0,3.4,20.46,6.14,6.14,2020-04-30 02:00:00
2020-05-01,5,2020,0.6,Low,30.8,16.8,23.8,70.0,2.57,21.5,6.51,6.51,2020-05-01 02:00:00
2020-05-02,5,2020,0.0,Moderate,29.1,16.5,22.8,64.0,2.84,21.72,6.51,6.51,2020-05-02 02:00:00
2020-05-03,5,2020,3.9,Moderate,29.1,17.6,23.3,63.0,2.84,22.46,6.79,6.79,2020-05-03 02:00:00
2020-05-04,5,2020,0.0,Moderate,30.1,15.9,23.0,67.0,3.13,22.34,6.72,6.72,2020-05-04 02:00:00
2020-05-05,5,2020,0.0,Moderate,30.2,16.1,23.2,62.0,3.04,23.21,7.01,7.01,2020-05-05 02:00:00
2020-05-06,5,2020,5.1,Moderate,30.2,17.5,23.8,70.0,3.21,21.24,6.45,6.45,2020-05-06 02:00:00
2020-05-07,5,2020,0.0,Moderate,31.9,16.0,23.9,71.0,2.88,22.61,6.86,6.86,2020-05-07 02:00:00
2020-05-08,5,2020,0.3,Moderate,27.8,17.5,22.6,70.0,2.45,22.08,6.56,6.56,2020-05-08 02:00:00
2020-05-09,5,2020,0.0,Moderate,31.2,17.1,24.1,65.0,2.75,22.13,6.75,6.75,2020-05-09 02:00:00
2020-05-10,5,2020,0.8,Moderate,28.8,17.1,23.0,66.0,2.54,22.28,6.67,6.67,2020-05-10 02:00:00
2020-05-11,5,2020,0.0,Moderate,30.5,17.5,24.0,70.0,2.79,22.5,6.83,6.83,2020-05-11 02:00:00
2020-05-12,5,2020,0.4,Moderate,29.5,17.4,23.5,64.0,3.18,22.66,6.87,6.87,2020-05-12 02:00:00
2020-05-13,5,2020,0.2,Moderate,30.3,17.7,24.0,70.0,3.13,21.15,6.44,6.44,2020-05-13 02:00:00
2020-05-14,5,2020,2.6,Moderate,30.0,17.1,23.6,59.0,3.17,22.11,6.75,6.75,2020-05-14 02:00:00
2020-05-15,5,2020,0.3,Moderate,31.9,17.4,24.7,67.0,2.79,22.48,6.9,6.9,2020-05-15 02:00:00
2020-05-16,5,2020,0.3,Moderate,31.5,18.0,24.8,66.0,2.94,23.06,7.1,7.1,2020-05-16 02:00:00
2020-05-17,5,2020,0.3,Moderate,29.1,17.1,23.1,70.0,2.96,23.63,7.07,7.07,2020-05-17 02:00:00
2020-05-18,5,2020,0.0,Moderate,30.5,16.3,23.4,68.0,2.85,22.34,6.74,6.74,2020-05-18 02:00:00
2020-05-19,5,2020,1.8,Moderate,29.8,15.4,22.6,65.0,2.55,20.57,6.14,6.14,2020-05-19 02:00:00
2020-05-20,5,2020,0.5,Moderate,26.8,17.5,22.1,68.0,2.11,19.44,5.74,5.74,2020-05-20 02:00:00
2020-05-21,5,2020,0.0,Moderate,30.1,17.4,23.7,70.0,2.82,23.49,7.1,7.1,2020-05-21 02:00:00
2020-05-22,5,2020,4.0,Moderate,29.2,17.6,23.4,63.0,2.54,22.41,6.77,6.77,2020-05-22 02:00:00
2020-05-23,5,2020,3.5,Moderate,29.7,18.5,24.1,68.0,2.6,23.4,7.11,7.11,2020-05-23 02:00:00
2020-05-24,5,2020,17.8,Moderate,30.3,18.1,24.2,68.0,3.46,23.42,7.16,7.16,2020-05-24 02:00:00
2020-05-25,5,2020,0.0,Moderate,31.1,16.6,23.9,64.0,3.12,23.51,7.16,7.16,2020-05-25 02:00:00
2020-05-26,5,2020,1.3,Moderate,30.7,16.9,23.8,63.0,3.17,24.3,7.4,7.4,2020-05-26 02:00:00
2020-05-27,5,2020,0.0,Moderate,29.0,17.0,23.0,71.0,3.14,21.58,6.47,6.47,2020-05-27 02:00:00
2020-05-28,5,2020,2.7,Moderate,29.4,17.1,23.3,65.0,2.52,22.73,6.84,6.84,2020-05-28 02:00:00
2020-05-29,5,2020,3.0,Moderate,31.1,18.2,24.6,70.0,3.28,21.69,6.67,6.67,2020-05-29 02:00:00
2020-05-30,5,2020,2.8,Moderate,29.4,17.0,23.2,71.0,2.59,20.61,6.19,6.19,2020-05-30 02:00:00
2020-05-31,5,2020,2.4,Moderate,29.8,17.0,23.4,68.0,3.32,21.16,6.41,6.41,2020-05-31 02:00:00
2020-06-01,5,2020,3.9,Moderate,29.9,18.8,24.3,70.0,2.48,20.44,6.24,6.24,2020-06-01 02:00:00
2020-06-02,5,2020,0.0,Moderate,31.9,15.9,23.9,65.0,2.72,23.41,7.11,7.11,2020-06-02 02:00:00
2020-06-03,5,2020,2.1,Moderate,30.5,16.2,23.4,69.0,3.1,22.93,6.91,6.91,2020-06-03 02:00:00
2020-06-04,5,2020,0.0,Moderate,29.6,18.3,23.9,67.0,2.89,23.16,7.04,7.04,2020-06-04 02:00:00
2020-06-05,5,2020,2.8,Moderate,29.2,18.5,23.8,65.0,3.08,21.24,6.48,6.48,2020-06-05 02:00:00
2020-06-06,5,2020,0.3,Moderate,30.1,15.0,22.5,66.0,2.89,23.37,6.96,6.96,2020-06-06 02:00:00
2020-06-07,5,2020,0.0,Moderate,29.0,17.4,23.2,63.0,3.19,22.44,6.78,6.78,2020-06-07 02:00:00
2020-06-08,5,2020,0.0,Moderate,31.7,17.9,24.8,68.0,3.44,22.56,6.96,6.96,2020-06-08 02:00:00
2020-06-09,5,2020,0.0,Moderate,29.3,16.8,23.0,67.0,2.84,23.62,7.08,7.08,2020-06-09 02:00:00
2020-06-10,5,2020,1.9,Moderate,30.6,17.5,24.0,70.0,3.15,22.23,6.77,6.77,2020-06-10 02:00:00
2020-06-11,5,2020,1.2,Moderate,28.8,18.8,23.8,69.0,2.76,23.75,7.18,7.18,2020-06-11 02:00:00
2020-06-12,5,2020,0.9,Moderate,30.7,16.6,23.6,60.0,2.55,22.83,6.93,6.93,2020-06-12 02:00:00
2020-06-13,5,2020,0.0,Moderate,29.5,17.5,23.5,69.0,2.82,22.28,6.72,6.72,2020-06-13 02:00:00
2020-06-14,5,2020,0.0,Moderate,30.7,16.6,23.6,67.0,2.98,21.63,6.56,6.56,2020-06-14 02:00:00
2020-06-15,5,2020,3.3,Moderate,29.4,16.4,22.9,70.0,2.89,23.06,6.89,6.89,2020-06-15 02:00:00
2020-06-16,5,2020,0.0,Moderate,29.8,17.1,23.4,70.0,3.36,23.94,7.22,7.22,2020-06-16 02:00:00
2020-06-17,5,2020,4.3,Moderate,30.5,16.4,23.5,66.0,2.95,22.6,6.83,6.83,2020-06-17 02:00:00
2020-06-18,5,2020,0.3,Moderate,29.9,17.9,23.9,64.0,3.1,22.05,6.73,6.73,2020-06-18 02:00:00
2020-06-19,5,2020,2.9,Moderate,31.0,17.1,24.0,57.0,2.52,23.24,7.11,7.11,2020-06-19 02:00:00
2020-06-20,5,2020,1.7,Moderate,30.8,17.5,24.2,62.0,2.88,24.59,7.52,7.52,2020-06-20 02:00:00
2020-06-21,5,2020,2.9,Moderate,30.6,18.0,24.3,71.0,3.8,23.17,7.09,7.09,2020-06-21 02:00:00
2020-06-22,5,2020,3.5,Moderate,29.0,17.3,23.1,69.0,2.66,22.32,6.69,6.69,2020-06-22 02:00:00
2020-06-23,5,2020,1.1,Moderate,31.0,16.7,23.9,72.0,2.48,22.35,6.75,6.75,2020-06-23 02:00:00
2020-06-24,5,2020,2.2,Moderate,30.1,17.6,23.9,65.0,2.72,24.59,7.46,7.46,2020-06-24 02:00:00
2020-06-25,5,2020,0.9,Moderate,30.1,16.8,23.5,71.0,3.0,23.44,7.05,7.05,2020-06-25 02:00:00
2020-06-26,5,2020,0.4,Moderate,30.8,16.4,23.6,68.0,2.8,21.66,6.56,6.56,2020-06-26 02:00:00
2020-06-27,5,2020,1.2,Moderate,29.6,16.3,22.9,66.0,2.91,21.72,6.52,6.52,2020-06-27 02:00:00
2020-06-28,5,2020,1.8,Moderate,29.7,16.5,23.1,66.0,2.82,20.52,6.18,6.18,2020-06-28 02:00:00
2020-06-29,5,2020,0.0,Moderate,30.1,18.5,24.3,65.0,2.94,21.79,6.68,6.68,2020-06-29 02:00:00
2020-06-30,5,2020,0.0,Moderate,30.8,16.5,23.6,68.0,3.42,21.82,6.62,6.62,2020-06-30 02:00:00
2020-07-01,5,2020,0.0,Moderate,32.3,18.4,25.4,65.0,3.13,21.64,6.74,6.74,2020-07-01 02:00:00
2020-07-02,5,2020,1.0,Moderate,32.1,17.0,24.6,66.0,2.79,22.84,7.01,7.01,2020-07-02 02:00:00
2020-07-03,5,2020,0.1,Moderate,30.2,15.8,23.0,69.0,3.12,21.96,6.58,6.58,2020-07-03 02:00:00
2020-07-04,5,2020,0.1,Moderate,29.0,16.3,22.6,69.0,3.04,21.6,6.45,6.45,2020-07-04 02:00:00
2020-07-05,5,2020,1.2,Moderate,32.1,17.7,24.9,66.0,2.82,23.9,7.36,7.36,2020-07-05 02:00:00
2020-07-06,5,2020,5.4,Moderate,30.7,17.6,24.1,65.0,2.78,22.57,6.89,6.89,2020-07-06 02:00:00
2020-07-07,5,2020,0.0,Moderate,32.5,17.9,25.2,58.0,2.76,19.48,6.1,6.1,2020-07-07 02:00:00
2020-07-08,5,2020,2.6,Moderate,30.7,19.0,24.8,63.0,3.02,22.53,6.97,6.97,2020-07-08 02:00:00
2020-07-09,5,2020,0.0,Moderate,29.9,17.0,23.4,62.0,3.37,22.78,6.92,6.92,2020-07-09 02:00:00
2020-07-10,5,2020,0.0,Moderate,31.2,17.1,24.1,66.0,3.01,22.39,6.84,6.84,2020-07-10 02:00:00
2020-07-11,5,2020,1.9,Moderate,28.7,18.4,23.5,62.0,2.85,21.77,6.61,6.61,2020-07-11 02:00:00
2020-07-12,5,2020,1.9,Moderate,29.1,18.3,23.7,69.0,3.41,23.11,7.01,7.01,2020-07-12 02:00:00
2020-07-13,5,2020,0.0,Moderate,30.2,18.1,24.2,65.0,3.48,21.76,6.68,6.68,2020-07-13 02:00:00
2020-07-14,5,2020,0.0,Moderate,31.4,17.7,24.6,76.0,2.92,22.9,6.98,6.98,2020-07-14 02:00:00
2020-07-15,5,2020,1.5,Moderate,29.8,18.0,23.9,67.0,3.53,23.49,7.16,7.16,2020-07-15 02:00:00
2020-07-16,5,2020,0.0,Moderate,32.3,18.1,25.2,65.0,3.18,21.86,6.79,6.79,2020-07-16 02:00:00
2020-07-17,5,2020,0.7,Moderate,31.1,18.1,24.6,59.0,2.57,23.14,7.13,7.13,2020-07-17 02:00:00
2020-07-18,5,2020,0.0,Moderate,30.3,16.5,23.4,63.0,2.87,24.51,7.4,7.4,2020-07-18 02:00:00
2020-07-19,5,2020,2.9,Moderate,29.3,18.1,23.7,68.0,2.69,23.31,7.04,7.04,2020-07-19 02:00:00
2020-07-20,5,2020,0.0,Moderate,31.2,17.8,24.5,66.0,3.51,23.98,7.37,7.37,2020-07-20 02:00:00
2020-07-21,5,2020,2.9,Moderate,29.4,18.3,23.9,66.0,2.61,23.18,7.03,7.03,2020-07-21 02:00:00
2020-07-22,5,2020,1.5,Moderate,31.3,16.8,24.1,67.0,3.37,24.16,7.37,7.37,2020-07-22 02:00:00
2020-07-23,5,2020,0.0,Moderate,31.9,16.4,24.2,68.0,2.81,21.46,6.55,6.55,2020-07-23 02:00:00
2020-07-24,5,2020,2.9,Moderate,31.5,17.6,24.5,69.0,2.84,20.75,6.37,6.37,2020-07-24 02:00:00
2020-07-25,5,2020,0.0,Moderate,31.8,17.5,24.6,65.0,2.62,22.65,6.96,6.96,2020-07-25 02:00:00
2020-07-26,5,2020,0.0,Moderate,30.9,16.9,23.9,62.0,3.46,23.41,7.16,7.16,2020-07-26 02:00:00
2020-07-27,5,2020,0.0,Moderate,32.0,15.8,23.9,71.0,2.9,22.06,6.69,6.69,2020-07-27 02:00:00
2020-07-28,5,2020,3.3,Moderate,31.1,16.6,23.8,64.0,2.97,22.93,6.98,6.98,2020-07-28 02:00:00
2020-07-29,5,2020,2.8,Moderate,30.0,16.8,23.4,62.0,2.87,23.35,7.06,7.06,2020-07-29 02:00:00
2020-07-30,5,2020,0.3,Moderate,30.3,15.7,23.0,62.0,3.29,24.22,7.29,7.29,2020-07-30 02:00:00
2020-07-31,5,2020,0.0,Moderate,30.2,17.3,23.7,64.0,2.59,20.81,6.33,6.33,2020-07-31 02:00:00
2020-08-01,5,2020,0.0,Moderate,30.5,16.0,23.3,66.0,3.04,24.31,7.32,7.32,2020-08-01 02:00:00
2020-08-02,5,2020,0.0,Moderate,30.7,18.7,24.7,62.0,2.31,25.09,7.69,7.69,2020-08-02 02:00:00
2020-08-03,5,2020,0.0,Moderate,32.6,17.6,25.1,61.0,3.53,21.72,6.78,6.78,2020-08-03 02:00:00
2020-08-04,5,2020,2.9,Moderate,30.0,19.0,24.5,67.0,2.68,22.49,6.89,6.89,2020-08-04 02:00:00
2020-08-05,5,2020,0.0,Moderate,30.5,17.8,24.2,65.0,3.44,22.92,7.03,7.03,2020-08-05 02:00:00
2020-08-06,5,2020,3.5,Moderate,31.4,16.3,23.8,64.0,3.49,23.97,7.3,7.3,2020-08-06 02:00:00
2020-08-07,5,2020,0.4,Moderate,29.3,16.9,23.1,64.0,2.97,24.38,7.33,7.33,2020-08-07 02:00:00
2020-08-08,5,2020,1.2,Moderate,31.2,17.8,24.5,68.0,3.03,21.45,6.59,6.59,2020-08-08 02:00:00
2020-08-09,5,2020,9.7,Moderate,30.5,17.1,23.8,66.0,3.25,22.84,6.95,6.95,2020-08-09 02:00:00
2020-08-10,5,2020,1.5,Moderate,30.9,16.8,23.8,59.0,3.12,24.06,7.35,7.35,2020-08-10 02:00:00
2020-08-11,5,2020,2.7,Moderate,31.7,15.9,23.8,69.0,2.66,21.67,6.56,6.56,2020-08-11 02:00:00
2020-08-12,5,2020,1.2,Moderate,32.1,17.2,24.7,61.0,3.55,21.93,6.81,6.81,2020-08-12 02:00:00
2020-08-13,5,2020,0.6,Moderate,31.1,17.4,24.2,67.0,2.64,21.06,6.43,6.43,2020-08-13 02:00:00
2020-08-14,5,2020,5.8,Moderate,31.5,16.6,24.0,63.0,3.69,23.2,7.11,7.11,2020-08-14 02:00:00
2020-08-15,5,2020,0.0,Moderate,32.2,17.8,25.0,65.0,2.32,22.43,6.91,6.91,2020-08-15 02:00:00
2020-08-16,5,2020,0.5,Moderate,31.1,16.5,23.8,66.0,3.2,22.7,6.91,6.91,2020-08-16 02:00:00
2020-08-17,5,2020,0.0,Moderate,31.2,18.6,24.9,61.0,2.73,23.91,7.39,7.39,2020-08-17 02:00:00
2020-08-18,5,2020,1.2,Moderate,31.0,17.8,24.4,66.0,2.99,23.07,7.07,7.07,2020-08-18 02:00:00
2020-08-19,5,2020,2.4,Moderate,31.5,18.0,24.8,62.0,2.57,23.27,7.16,7.16,2020-08-19 02:00:00
2020-08-20,5,2020,3.2,Moderate,32.4,17.5,24.9,62.0,2.65,22.37,6.92,6.92,2020-08-20 02:00:00
2020-08-21,5,2020,2.3,Moderate,30.7,15.2,23.0,65.0,3.18,22.45,6.76,6.76,2020-08-21 02:00:00
2020-08-22,5,2020,3.3,Moderate,31.1,17.5,24.3,63.0,2.5,21.92,6.71,6.71,2020-08-22 02:00:00
2020-08-23,5,2020,0.7,Moderate,32.1,16.4,24.3,70.0,2.6,21.99,6.7,6.7,2020-08-23 02:00:00
2020-08-24,5,2020,8.1,Moderate,29.3,17.4,23.4,61.0,3.52,23.35,7.09,7.09,2020-08-24 02:00:00
2020-08-25,5,2020,0.0,Moderate,29.9,17.8,23.9,68.0,3.55,23.33,7.1,7.1,2020-08-25 02:00:00
2020-08-26,5,2020,5.0,Moderate,32.0,17.4,24.7,65.0,3.56,22.33,6.91,6.91,2020-08-26 02:00:00
2020-08-27,5,2020,0.0,Moderate,30.1,17.5,23.8,66.0,2.55,22.37,6.78,6.78,2020-08-27 02:00:00
2020-08-28,5,2020,0.5,Moderate,32.1,16.1,24.1,68.0,2.82,23.05,7.02,7.02,2020-08-28 02:00:00
2020-08-29,5,2020,0.7,Moderate,30.9,18.8,24.9,64.0,2.64,23.15,7.14,7.14,2020-08-29 02:00:00
2020-08-30,5,2020,0.0,High,29.9,18.0,23.9,66.0,3.42,22.54,6.88,6.88,2020-08-30 02:00:00
2020-08-31,5,2020,0.0,High,30.3,18.2,24.2,70.0,1.98,23.64,7.16,7.16,2020-08-31 02:00:00
2020-09-01,5,2020,3.4,High,30.6,17.2,23.9,60.0,3.91,22.44,6.91,6.91,2020-09-01 02:00:00
2020-09-02,5,2020,0.0,High,32.8,17.4,25.1,64.0,3.36,23.44,7.27,7.27,2020-09-02 02:00:00
2020-09-03,5,2020,0.7,High,32.7,18.4,25.6,63.0,3.64,23.49,7.36,7.36,2020-09-03 02:00:00
2020-09-04,5,2020,2.6,High,31.1,18.0,24.5,69.0,3.57,22.74,6.98,6.98,2020-09-04 02:00:00
2020-09-05,5,2020,0.0,High,32.1,17.0,24.6,65.0,2.82,23.31,7.16,7.16,2020-09-05 02:00:00
2020-09-06,5,2020,0.0,High,31.8,16.8,24.3,63.0,3.38,23.07,7.09,7.09,2020-09-06 02:00:00
2020-09-07,5,2020,1.1,High,32.3,17.5,24.9,60.0,3.03,22.97,7.12,7.12,2020-09-07 02:00:00
2020-09-08,5,2020,0.2,High,31.7,18.3,25.0,64.0,3.51,23.46,7.28,7.28,2020-09-08 02:00:00
2020-09-09,5,2020,3.8,High,29.5,17.4,23.4,61.0,2.66,23.91,7.23,7.23,2020-09-09 02:00:00
2020-09-10,5,2020,0.8,High,33.4,17.8,25.6,69.0,2.69,20.67,6.43,6.43,2020-09-10 02:00:00
2020-09-11,5,2020,0.0,High,29.8,18.1,24.0,66.0,3.0,20.86,6.37,6.37,2020-09-11 02:00:00
2020-09-12,5,2020,0.6,High,30.9,19.2,25.0,68.0,3.39,22.81,7.06,7.06,2020-09-12 02:00:00
2020-09-13,5,2020,7.0,High,32.9,18.0,25.4,66.0,2.83,23.19,7.2,7.2,2020-09-13 02:00:00
2020-09-14,5,2020,1.8,High,30.2,17.2,23.7,65.0,3.43,22.99,7.0,7.0,2020-09-14 02:00:00
2020-09-15,5,2020,0.0,High,31.0,18.8,24.9,67.0,3.63,24.01,7.42,7.42,2020-09-15 02:00:00
2020-09-16,5,2020,3.5,High,32.3,18.3,25.3,65.0,3.11,23.05,7.16,7.16,2020-09-16 02:00:00
2020-09-17,5,2020,0.0,High,31.2,18.6,24.9,62.0,2.78,24.77,7.64,7.64,2020-09-17 02:00:00
2020-09-18,5,2020,3.1,High,30.9,19.4,25.2,64.0,3.17,22.45,6.98,6.98,2020-09-18 02:00:00
2020-09-19,5,2020,2.8,High,31.0,17.4,24.2,62.0,2.97,23.9,7.32,7.32,2020-09-19 02:00:00
2020-09-20,5,2020,0.0,High,31.6,19.0,25.3,65.0,3.02,24.25,7.52,7.52,2020-09-20 02:00:00
2020-09-21,5,2020,9.5,High,33.2,16.9,25.1,60.0,3.44,23.28,7.25,7.25,2020-09-21 02:00:00
2020-09-22,5,2020,0.3,High,31.0,17.2,24.1,62.0,3.26,24.84,7.6,7.6,2020-09-22 02:00:00
2020-09-23,5,2020,4.4,High,32.3,18.1,25.2,68.0,3.23,23.05,7.14,7.14,2020-09-23 02:00:00
2020-09-24,5,2020,0.2,High,31.0,16.2,23.6,65.0,3.38,22.4,6.81,6.81,2020-09-24 02:00:00
2020-09-25,5,2020,3.1,High,32.2,17.5,24.9,64.0,2.97,22.98,7.1,7.1,2020-09-25 02:00:00
2020-09-26,5,2020,0.0,High,31.1,17.4,24.3,63.0,3.62,21.66,6.68,6.68,2020-09-26 02:00:00
2020-09-27,5,2020,0.8,High,31.7,18.2,24.9,61.0,2.94,23.76,7.36,7.36,2020-09-27 02:00:00
2020-09-28,5,2020,0.0,High,31.2,18.7,24.9,59.0,2.87,23.16,7.19,7.19,2020-09-28 02:00:00
2020-09-29,5,2020,0.0,High,32.0,18.1,25.0,61.0,2.34,22.79,7.05,7.05,2020-09-29 02:00:00
2020-09-30,5,2020,0.0,High,30.5,18.4,24.4,66.0,3.07,24.67,7.55,7.55,2020-09-30 02:00:00
2020-10-01,5,2020,0.0,High,31.0,18.1,24.6,66.0,3.69,23.65,7.29,7.29,2020-10-01 02:00:00
2020-10-02,5,2020,1.9,High,33.2,18.9,26.1,62.0,3.78,23.75,7.5,7.5,2020-10-02 02:00:00
2020-10-03,5,2020,1.6,High,31.5,18.2,24.9,63.0,3.05,23.61,7.3,7.3,2020-10-03 02:00:00
2020-10-04,5,2020,3.5,High,32.5,18.4,25.4,58.0,3.03,22.68,7.1,7.1,2020-10-04 02:00:00
2020-10-05,5,2020,0.9,High,31.4,18.4,24.9,66.0,2.79,22.4,6.91,6.91,2020-10-05 02:00:00
2020-10-06,5,2020,2.9,High,30.9,18.4,24.6,62.0,3.25,22.93,7.09,7.09,2020-10-06 02:00:00
2020-10-07,5,2020,1.5,High,31.0,18.1,24.6,61.0,2.92,21.88,6.76,6.76,2020-10-07 02:00:00
2020-10-08,5,2020,7.2,High,30.6,16.7,23.7,58.0,2.66,24.54,7.46,7.46,2020-10-08 02:00:00
2020-10-09,5,2020,2.4,High,30.6,18.8,24.7,59.0,3.49,23.88,7.4,7.4,2020-10-09 02:00:00
2020-10-10,5,2020,0.0,High,31.4,18.3,24.8,61.0,3.04,21.64,6.72,6.72,2020-10-10 02:00:00
2020-10-11,5,2020,2.4,High,32.8,18.6,25.7,63.0,2.63,24.66,7.68,7.68,2020-10-11 02:00:00
2020-10-12,5,2020,0.8,High,31.8,17.0,24.4,61.0,2.91,22.97,7.06,7.06,2020-10-12 02:00:00
2020-10-13,5,2020,0.0,High,32.1,18.9,25.5,63.0,2.68,22.64,7.04,7.04,2020-10-13 02:00:00
2020-10-14,5,2020,4.9,High,32.3,18.1,25.2,62.0,2.15,23.85,7.37,7.37,2020-10-14 02:00:00
2020-10-15,5,2020,1.0,High,31.6,17.1,24.4,64.0,3.0,24.67,7.55,7.55,2020-10-15 02:00:00
2020-10-16,5,2020,1.6,High,30.2,18.3,24.2,61.0,3.12,21.59,6.65,6.65,2020-10-16 02:00:00
2020-10-17,5,2020,2.3,High,32.3,17.1,24.7,63.0,3.77,23.09,7.16,7.16,2020-10-17 02:00:00
2020-10-18,5,2020,0.0,High,30.7,18.6,24.6,71.0,3.67,22.91,7.04,7.04,2020-10-18 02:00:00
2020-10-19,5,2020,0.0,High,32.0,17.7,24.9,59.0,2.82,23.46,7.26,7.26,2020-10-19 02:00:00
2020-10-20,5,2020,0.1,High,31.3,17.2,24.2,55.0,3.25,22.23,6.88,6.88,2020-10-20 02:00:00
2020-10-21,5,2020,0.6,High,32.9,18.5,25.7,60.0,3.13,23.06,7.24,7.24,2020-10-21 02:00:00
2020-10-22,5,2020,3.2,High,34.3,18.0,26.1,63.0,2.77,24.15,7.58,7.58,2020-10-22 02:00:00
2020-10-23,5,2020,0.0,High,30.8,17.2,24.0,64.0,3.07,24.13,7.35,7.35,2020-10-23 02:00:00
2020-10-24,5,2020,0.3,High,31.1,18.5,24.8,61.0,2.55,25.4,7.82,7.82,2020-10-24 02:00:00
2020-10-25,5,2020,0.0,High,33.6,18.4,26.0,67.0,2.41,23.14,7.22,7.22,2020-10-25 02:00:00
2020-10-26,5,2020,2.1,High,32.3,18.4,25.3,65.0,2.96,23.73,7.36,7.36,2020-10-26 02:00:00
2020-10-27,5,2020,5.0,High,31.8,17.8,24.8,59.0,2.8,23.16,7.17,7.17,2020-10-27 02:00:00
2020-10-28,5,2020,4.2,High,32.3,19.3,25.8,62.0,2.68,23.2,7.25,7.25,2020-10-28 02:00:00
2020-10-29,5,2020,0.9,High,32.0,19.3,25.7,66.0,2.3,22.16,6.89,6.89,2020-10-29 02:00:00
2020-10-30,5,2020,1.3,High,32.6,19.1,25.9,61.0,3.42,24.1,7.58,7.58,2020-10-30 02:00:00
2020-10-31,5,2020,2.8,High,30.6,18.1,24.4,60.0,2.66,24.11,7.4,7.4,2020-10-31 02:00:00
2020-11-01,5,2020,6.7,High,30.6,18.0,24.3,62.0,2.66,22.3,6.84,6.84,2020-11-01 02:00:00
2020-11-02,5,2020,1.1,High,32.7,17.6,25.2,60.0,3.4,24.51,7.63,7.63,2020-11-02 02:00:00
2020-11-03,5,2020,0.0,High,34.0,18.1,26.1,65.0,2.65,23.61,7.39,7.39,2020-11-03 02:00:00
2020-11-04,5,2020,0.0,High,31.3,17.9,24.6,61.0,3.22,23.46,7.24,7.24,2020-11-04 02:00:00
2020-11-05,5,2020,0.7,High,33.5,17.0,25.3,62.0,2.54,20.85,6.49,6.49,2020-11-05 02:00:00
2020-11-06,5,2020,0.0,High,31.9,18.9,25.4,62.0,3.71,23.58,7.38,7.38,2020-11-06 02:00:00
2020-11-07,5,2020,0.8,High,32.0,17.2,24.6,63.0,3.26,22.89,7.07,7.07,2020-11-07 02:00:00
2020-11-08,5,2020,0.5,High,31.7,18.8,25.3,62.0,2.72,23.28,7.23,7.23,2020-11-08 02:00:00
2020-11-09,5,2020,0.0,High,29.5,17.6,23.5,57.0,2.78,23.34,7.1,7.1,2020-11-09 02:00:00
2020-11-10,5,2020,0.6,High,31.2,19.1,25.1,65.0,3.95,22.37,6.98,6.98,2020-11-10 02:00:00
2020-11-11,5,2020,0.0,High,33.0,18.1,25.5,62.0,3.17,23.77,7.43,7.43,2020-11-11 02:00:00
2020-11-12,5,2020,1.0,High,30.7,18.5,24.6,60.0,2.49,25.36,7.79,7.79,2020-11-12 02:00:00
2020-11-13,5,2020,1.0,High,31.8,18.2,25.0,55.0,3.3,23.78,7.42,7.42,2020-11-13 02:00:00
2020-11-14,5,2020,1.9,High,31.5,18.4,25.0,65.0,3.05,24.84,7.67,7.67,2020-11-14 02:00:00
2020-11-15,5,2020,0.9,High,31.5,17.9,24.7,59.0,3.08,24.76,7.64,7.64,2020-11-15 02:00:00
2020-11-16,5,2020,0.0,High,30.8,17.5,24.1,56.0,3.41,25.18,7.75,7.75,2020-11-16 02:00:00
2020-11-17,5,2020,0.0,High,32.4,19.2,25.8,65.0,3.09,25.03,7.81,7.81,2020-11-17 02:00:00
2020-11-18,5,2020,0.0,High,32.0,17.7,24.9,57.0,3.23,25.72,7.97,7.97,2020-11-18 02:00:00
2020-11-19,5,2020,0.1,High,33.1,17.7,25.4,66.0,3.19,22.89,7.12,7.12,2020-11-19 02:00:00
2020-11-20,5,2020,1.6,High,34.2,18.9,26.5,64.0,3.02,24.72,7.8,7.8,2020-11-20 02:00:00
2020-11-21,5,2020,0.4,High,31.9,19.7,25.8,66.0,3.1,23.78,7.43,7.43,2020-11-21 02:00:00
2020-11-22,5,2020,0.0,High,32.5,18.2,25.4,62.0,3.48,22.75,7.11,7.11,2020-11-22 02:00:00
2020-11-23,5,2020,0.0,High,32.8,19.2,26.0,62.0,3.58,23.37,7.37,7.37,2020-11-23 02:00:00
2020-11-24,5,2020,0.0,High,31.6,18.1,24.8,60.0,3.38,24.1,7.47,7.47,2020-11-24 02:00:00
2020-11-25,5,2020,10.6,High,33.0,17.6,25.3,62.0,2.85,23.98,7.45,7.45,2020-11-25 02:00:00
2020-11-26,5,2020,0.0,High,32.9,20.6,26.8,58.0,2.71,25.99,8.23,8.23,2020-11-26 02:00:00
2020-11-27,5,2020,1.7,High,32.6,18.9,25.8,58.0,3.02,25.34,7.94,7.94,2020-11-27 02:00:00
2020-11-28,5,2020,2.8,High,32.4,18.0,25.2,66.0,3.22,24.78,7.67,7.67,2020-11-28 02:00:00
2020-11-29,5,2020,0.0,High,33.8,18.8,26.3,64.0,3.27,24.41,7.69,7.69,2020-11-29 02:00:00
2020-11-30,5,2020,0.6,High,32.8,17.5,25.1,61.0,3.27,24.75,7.69,7.69,2020-11-30 02:00:00
2020-12-01,5,2020,0.0,High,33.5,17.3,25.4,60.0,2.7,26.03,8.09,8.09,2020-12-01 02:00:00
2020-12-02,5,2020,1.1,High,32.8,16.8,24.8,61.0,2.8,22.0,6.81,6.81,2020-12-02 02:00:00
2020-12-03,5,2020,0.3,High,32.9,19.2,26.0,59.0,2.6,22.89,7.2,7.2,2020-12-03 02:00:00
2020-12-04,5,2020,1.7,High,33.5,18.6,26.1,60.0,2.37,24.09,7.55,7.55,2020-12-04 02:00:00
2020-12-05,5,2020,1.9,High,32.9,17.7,25.3,58.0,2.76,25.73,7.99,7.99,2020-12-05 02:00:00
2020-12-06,5,2020,0.0,High,33.2,18.6,25.9,61.0,3.09,25.23,7.9,7.9,2020-12-06 02:00:00
2020-12-07,5,2020,0.0,High,32.8,17.3,25.1,60.0,2.65,24.71,7.65,7.65,2020-12-07 02:00:00
2020-12-08,5,2020,0.0,High,34.9,20.6,27.7,63.0,3.73,24.7,7.95,7.95,2020-12-08 02:00:00
2020-12-09,5,2020,0.3,High,32.7,19.1,25.9,60.0,3.34,25.4,7.97,7.97,2020-12-09 02:00:00
2020-12-10,5,2020,0.3,High,35.3,18.2,26.8,62.0,2.5,26.95,8.49,8.49,2020-12-10 02:00:00
2020-12-11,5,2020,0.0,High,32.4,18.7,25.5,57.0,3.1,24.5,7.67,7.67,2020-12-11 02:00:00
2020-12-12,5,2020,0.0,High,32.8,20.4,26.6,61.0,2.95,22.04,7.0,7.0,2020-12-12 02:00:00
2020-12-13,5,2020,5.0,High,32.9,18.6,25.8,57.0,2.87,25.62,8.02,8.02,2020-12-13 02:00:00
2020-12-14,5,2020,1.7,High,34.1,17.4,25.8,59.0,2.2,25.87,8.06,8.06,2020-12-14 02:00:00
2020-12-15,5,2020,3.5,High,32.5,19.1,25.8,64.0,3.74,25.86,8.1,8.1,2020-12-15 02:00:00
2020-12-16,5,2020,1.7,High,32.2,16.3,24.2,53.0,2.7,24.3,7.47,7.47,2020-12-16 02:00:00
2020-12-17,5,2020,0.7,High,33.9,20.8,27.4,62.0,2.74,23.43,7.48,7.48,2020-12-17 02:00:00
2020-12-18,5,2020,0.0,High,30.9,17.1,24.0,61.0,3.01,24.91,7.61,7.61,2020-12-18 02:00:00
2020-12-19,5,2020,0.2,High,32.1,18.1,25.1,62.0,2.63,24.53,7.58,7.58,2020-12-19 02:00:00
2020-12-20,5,2020,0.6,High,32.7,17.4,25.0,63.0,2.61,22.58,6.99,6.99,2020-12-20 02:00:00
2020-12-21,5,2020,0.0,High,32.4,18.2,25.3,58.0,2.51,24.25,7.54,7.54,2020-12-21 02:00:00
2020-12-22,5,2020,0.0,High,33.1,18.0,25.6,65.0,2.83,24.17,7.52,7.52,2020-12-22 02:00:00
2020-12-23,5,2020,0.0,High,32.2,16.4,24.3,68.0,3.43,24.73,7.56,7.56,2020-12-23 02:00:00
2020-12-24,5,2020,0.9,High,32.8,19.7,26.3,60.0,2.94,25.12,7.91,7.91,2020-12-24 02:00:00
2020-12-25,5,2020,0.0,High,33.2,18.0,25.6,58.0,2.91,25.27,7.9,7.9,2020-12-25 02:00:00
2020-12-26,5,2020,0.0,High,33.2,18.6,25.9,57.0,2.85,25.22,7.91,7.91,2020-12-26 02:00:00
2020-12-27,5,2020,0.0,High,34.9,18.3,26.6,58.0,3.14,24.46,7.76,7.76,2020-12-27 02:00:00
2020-12-28,5,2020,0.0,High,32.6,18.7,25.6,56.0,3.21,23.99,7.54,7.54,2020-12-28 02:00:00
2020-12-29,5,2020,2.5,High,31.1,17.4,24.3,60.0,2.71,25.88,7.91,7.91,2020-12-29 02:00:00
2020-12-30,5,2020,4.3,High,32.7,16.8,24.8,61.0,2.99,25.73,7.93,7.93,2020-12-30 02:00:00
2020-12-31,5,2020,0.0,High,31.8,17.9,24.9,65.0,2.33,25.37,7.79,7.79,2020-12-31 02:00:00
2021-01-01,5,2021,0.4,Low,28.7,15.2,22.0,73.0,3.03,19.54,5.76,5.76,2021-01-01 02:00:00
2021-01-02,5,2021,3.4,Low,25.9,17.7,21.8,64.0,2.88,21.13,6.24,6.24,2021-01-02 02:00:00
2021-01-03,5,2021,0.0,Low,27.7,15.4,21.5,68.0,2.96,20.74,6.09,6.09,2021-01-03 02:00:00
2021-01-04,5,2021,6.1,Low,28.2,15.5,21.8,71.0,3.03,20.25,5.97,5.97,2021-01-04 02:00:00
2021-01-05,5,2021,1.6,Low,26.3,17.7,22.0,67.0,2.93,20.95,6.2,6.2,2021-01-05 02:00:00
2021-01-06,5,2021,1.0,Low,28.5,16.9,22.7,74.0,2.79,22.22,6.6,6.6,2021-01-06 02:00:00
2021-01-07,5,2021,1.5,Low,28.1,15.5,21.8,67.0,3.5,21.24,6.28,6.28,2021-01-07 02:00:00
2021-01-08,5,2021,0.2,Low,29.3,15.9,22.6,73.0,3.17,19.67,5.86,5.86,2021-01-08 02:00:00
2021-01-09,5,2021,1.8,Low,29.8,15.1,22.5,69.0,3.36,19.75,5.91,5.91,2021-01-09 02:00:00
2021-01-10,5,2021,0.5,Low,30.8,15.9,23.3,73.0,2.55,21.71,6.5,6.5,2021-01-10 02:00:00
2021-01-11,5,2021,0.9,Low,30.0,15.0,22.5,70.0,2.62,20.38,6.06,6.06,2021-01-11 02:00:00
2021-01-12,5,2021,1.1,Low,27.8,15.9,21.8,71.0,2.57,19.96,5.87,5.87,2021-01-12 02:00:00
2021-01-13,5,2021,0.1,Low,27.6,16.1,21.8,74.0,2.86,20.07,5.89,5.89,2021-01-13 02:00:00
2021-01-14,5,2021,1.1,Low,28.1,15.6,21.8,73.0,3.19,22.36,6.56,6.56,2021-01-14 02:00:00
2021-01-15,5,2021,1.6,Low,27.7,16.5,22.1,74.0,3.02,21.24,6.26,6.26,2021-01-15 02:00:00
2021-01-16,5,2021,2.1,Low,28.3,16.1,22.2,73.0,2.61,21.1,6.23,6.23,2021-01-16 02:00:00
2021-01-17,5,2021,1.6,Low,28.0,16.0,22.0,73.0,3.18,22.06,6.5,6.5,2021-01-17 02:00:00
2021-01-18,5,2021,1.2,Low,29.1,17.4,23.3,70.0,2.88,21.39,6.43,6.43,2021-01-18 02:00:00
2021-01-19,5,2021,4.9,Low,28.0,16.9,22.5,75.0,3.42,20.33,6.04,6.04,2021-01-19 02:00:00
2021-01-20,5,2021,0.4,Low,26.9,15.6,21.2,70.0,2.85,20.75,6.05,6.05,2021-01-20 02:00:00
2021-01-21,5,2021,4.2,Low,26.8,16.5,21.6,70.0,3.28,20.79,6.11,6.11,2021-01-21 02:00:00
2021-01-22,5,2021,5.2,Low,28.3,16.8,22.5,70.0,2.11,20.17,5.99,5.99,2021-01-22 02:00:00
2021-01-23,5,2021,0.5,Low,28.2,16.3,22.2,70.0,2.54,19.51,5.78,5.78,2021-01-23 02:00:00
2021-01-24,5,2021,0.7,Low,27.3,17.4,22.3,73.0,3.08,20.77,6.15,6.15,2021-01-24 02:00:00
2021-01-25,5,2021,3.6,Low,28.5,16.1,22.3,65.0,2.83,20.84,6.2,6.2,2021-01-25 02:00:00
2021-01-26,5,2021,0.6,Low,27.2,16.4,21.8,69.0,2.89,19.83,5.85,5.85,2021-01-26 02:00:00
2021-01-27,5,2021,3.1,Low,28.9,16.3,22.6,68.0,3.43,18.58,5.58,5.58,2021-01-27 02:00:00
2021-01-28,5,2021,3.3,Low,27.3,14.9,21.1,76.0,2.4,19.21,5.56,5.56,2021-01-28 02:00:00
2021-01-29,5,2021,0.6,Low,29.4,16.8,23.1,68.0,3.51,21.22,6.39,6.39,2021-01-29 02:00:00
2021-01-30,5,2021,1.3,Low,28.2,16.2,22.2,69.0,2.84,22.05,6.52,6.52,2021-01-30 02:00:00
2021-01-31,5,2021,0.2,Low,27.5,16.2,21.8,71.0,2.59,19.97,5.87,5.87,2021-01-31 02:00:00
2021-02-01,5,2021,1.8,Low,27.0,16.2,21.6,68.0,2.9,21.31,6.26,6.26,2021-02-01 02:00:00
2021-02-02,5,2021,5.7,Low,26.5,16.8,21.7,71.0,3.08,21.3,6.25,6.25,2021-02-02 02:00:00
2021-02-03,5,2021,1.8,Low,28.7,14.2,21.4,75.0,3.31,19.36,5.66,5.66,2021-02-03 02:00:00
2021-02-04,5,2021,1.0,Low,28.5,15.5,22.0,75.0,2.82,22.25,6.53,6.53,2021-02-04 02:00:00
2021-02-05,5,2021,0.2,Low,27.8,15.3,21.5,72.0,2.74,21.98,6.42,6.42,2021-02-05 02:00:00
2021-02-06,5,2021,1.9,Low,29.0,16.3,22.7,64.0,3.25,21.67,6.5,6.5,2021-02-06 02:00:00
2021-02-07,5,2021,3.7,Low,28.7,16.0,22.3,69.0,2.34,21.97,6.5,6.5,2021-02-07 02:00:00
2021-02-08,5,2021,3.8,Low,28.0,16.5,22.2,71.0,2.74,21.35,6.31,6.31,2021-02-08 02:00:00
2021-02-09,5,2021,0.5,Low,27.9,15.6,21.8,79.0,3.18,19.79,5.79,5.79,2021-02-09 02:00:00
2021-02-10,5,2021,0.4,Low,30.1,15.6,22.8,76.0,2.87,22.15,6.58,6.58,2021-02-10 02:00:00
2021-02-11,5,2021,5.3,Low,29.2,15.6,22.4,68.0,2.72,20.57,6.11,6.11,2021-02-11 02:00:00
2021-02-12,5,2021,1.1,Low,29.3,16.2,22.7,68.0,3.21,22.25,6.66,6.66,2021-02-12 02:00:00
2021-02-13,5,2021,1.1,Low,28.0,16.7,22.4,72.0,3.25,20.2,6.01,6.01,2021-02-13 02:00:00
2021-02-14,5,2021,0.2,Low,29.4,15.5,22.5,69.0,2.58,19.86,5.91,5.91,2021-02-14 02:00:00
2021-02-15,5,2021,0.4,Low,29.7,16.7,23.2,70.0,2.38,20.31,6.1,6.1,2021-02-15 02:00:00
2021-02-16,5,2021,0.8,Low,27.7,16.4,22.0,73.0,3.59,21.02,6.21,6.21,2021-02-16 02:00:00
2021-02-17,5,2021,1.5,Low,28.2,16.9,22.6,74.0,3.43,20.59,6.13,6.13,2021-02-17 02:00:00
2021-02-18,5,2021,0.8,Low,27.9,16.7,22.3,72.0,2.2,21.09,6.22,6.22,2021-02-18 02:00:00
2021-02-19,5,2021,3.4,Low,28.9,17.6,23.2,72.0,3.96,20.7,6.25,6.25,2021-02-19 02:00:00
2021-02-20,5,2021,0.8,Low,28.8,17.2,23.0,72.0,2.85,19.93,5.97,5.97,2021-02-20 02:00:00
2021-02-21,5,2021,2.8,Low,28.3,17.0,22.7,72.0,3.73,20.2,6.04,6.04,2021-02-21 02:00:00
2021-02-22,5,2021,3.5,Low,29.1,16.6,22.9,66.0,2.51,23.06,6.89,6.89,2021-02-22 02:00:00
2021-02-23,5,2021,1.3,Low,28.7,17.0,22.9,71.0,2.33,22.3,6.63,6.63,2021-02-23 02:00:00
2021-02-24,5,2021,1.2,Low,30.0,16.2,23.1,68.0,2.84,21.67,6.51,6.51,2021-02-24 02:00:00
2021-02-25,5,2021,0.7,Low,31.1,16.1,23.6,73.0,3.38,21.6,6.53,6.53,2021-02-25 02:00:00
2021-02-26,5,2021,2.0,Low,28.6,18.3,23.5,70.0,2.47,20.05,6.05,6.05,2021-02-26 02:00:00
2021-02-27,5,2021,0.8,Low,29.3,17.7,23.5,73.0,2.55,19.97,6.01,6.01,2021-02-27 02:00:00
2021-02-28,5,2021,0.2,Low,28.7,15.8,22.3,68.0,3.13,22.32,6.62,6.62,2021-02-28 02:00:00
2021-03-01,5,2021,0.2,Low,29.2,17.0,23.1,70.0,2.17,20.91,6.25,6.25,2021-03-01 02:00:00
2021-03-02,5,2021,1.8,Low,29.6,14.8,22.2,67.0,2.39,21.09,6.24,6.24,2021-03-02 02:00:00
2021-03-03,5,2021,0.2,Low,30.2,16.2,23.2,67.0,3.67,22.04,6.66,6.66,2021-03-03 02:00:00
2021-03-04,5,2021,0.5,Low,28.7,17.5,23.1,69.0,2.88,21.51,6.46,6.46,2021-03-04 02:00:00
2021-03-05,5,2021,3.0,Low,27.8,17.0,22.4,72.0,3.11,21.9,6.49,6.49,2021-03-05 02:00:00
2021-03-06,5,2021,1.4,Low,28.1,16.6,22.4,68.0,2.64,20.52,6.1,6.1,2021-03-06 02:00:00
2021-03-07,5,2021,1.7,Low,29.5,16.4,23.0,63.0,2.64,21.73,6.53,6.53,2021-03-07 02:00:00
2021-03-08,5,2021,0.2,Low,27.9,14.9,21.4,64.0,2.3,21.3,6.23,6.23,2021-03-08 02:00:00
2021-03-09,5,2021,0.0,Low,29.3,17.0,23.1,68.0,2.81,22.1,6.64,6.64,2021-03-09 02:00:00
2021-03-10,5,2021,5.7,Low,29.1,17.9,23.5,68.0,2.72,23.11,6.97,6.97,2021-03-10 02:00:00
2021-03-11,5,2021,2.0,Low,28.5,16.2,22.3,70.0,3.02,22.44,6.65,6.65,2021-03-11 02:00:00
2021-03-12,5,2021,2.6,Low,29.6,15.5,22.5,65.0,2.62,23.6,7.02,7.02,2021-03-12 02:00:00
2021-03-13,5,2021,3.7,Low,31.3,16.1,23.7,69.0,3.22,22.56,6.84,6.84,2021-03-13 02:00:00
2021-03-14,5,2021,0.0,Low,30.9,17.3,24.1,69.0,3.08,21.5,6.56,6.56,2021-03-14 02:00:00
2021-03-15,5,2021,0.8,Low,26.7,15.1,20.9,68.0,2.79,21.66,6.28,6.28,2021-03-15 02:00:00
2021-03-16,5,2021,0.5,Low,29.4,16.3,22.9,71.0,3.16,20.84,6.23,6.23,2021-03-16 02:00:00
2021-03-17,5,2021,1.3,Low,28.7,16.3,22.5,72.0,3.41,20.04,5.98,5.98,2021-03-17 02:00:00
2021-03-18,5,2021,1.2,Low,29.2,17.6,23.4,68.0,2.78,19.12,5.79,5.79,2021-03-18 02:00:00
2021-03-19,5,2021,1.7,Low,27.3,16.3,21.8,67.0,3.68,21.02,6.23,6.23,2021-03-19 02:00:00
2021-03-20,5,2021,0.2,Low,29.4,15.6,22.5,65.0,3.09,19.86,5.95,5.95,2021-03-20 02:00:00
2021-03-21,5,2021,0.9,Low,30.7,16.8,23.7,69.0,3.15,22.67,6.87,6.87,2021-03-21 02:00:00
2021-03-22,5,2021,4.9,Low,27.0,17.1,22.1,67.0,2.95,22.97,6.79,6.79,2021-03-22 02:00:00
2021-03-23,5,2021,1.6,Low,31.0,15.7,23.4,71.0,2.28,22.42,6.72,6.72,2021-03-23 02:00:00
2021-03-24,5,2021,0.7,Low,27.7,17.6,22.6,70.0,2.2,22.43,6.65,6.65,2021-03-24 02:00:00
2021-03-25,5,2021,0.5,Low,25.3,17.6,21.4,73.0,2.96,23.94,6.96,6.96,2021-03-25 02:00:00
2021-03-26,5,2021,4.5,Low,28.6,16.4,22.5,65.0,2.69,22.22,6.62,6.62,2021-03-26 02:00:00
2021-03-27,5,2021,3.0,Low,29.5,16.3,22.9,75.0,3.65,20.52,6.14,6.14,2021-03-27 02:00:00
2021-03-28,5,2021,0.6,Low,28.3,17.5,22.9,70.0,3.15,22.75,6.81,6.81,2021-03-28 02:00:00
2021-03-29,5,2021,0.2,Low,29.4,15.8,22.6,68.0,2.96,20.62,6.16,6.16,2021-03-29 02:00:00
2021-03-30,5,2021,0.7,Low,28.5,16.7,22.6,63.0,2.98,21.57,6.46,6.46,2021-03-30 02:00:00
2021-03-31,5,2021,0.1,Low,28.4,15.4,21.9,69.0,3.45,22.61,6.68,6.68,2021-03-31 02:00:00
2021-04-01,5,2021,11.3,Low,31.4,16.2,23.8,70.0,3.12,21.95,6.66,6.66,2021-04-01 02:00:00
2021-04-02,5,2021,10.2,Low,28.0,15.2,21.6,66.0,2.19,22.7,6.64,6.64,2021-04-02 02:00:00
2021-04-03,5,2021,0.0,Low,29.9,17.0,23.4,68.0,2.81,21.11,6.38,6.38,2021-04-03 02:00:00
2021-04-04,5,2021,2.6,Low,29.4,16.9,23.2,70.0,3.09,23.51,7.05,7.05,2021-04-04 02:00:00
2021-04-05,5,2021,2.4,Low,29.6,17.1,23.3,74.0,2.93,20.46,6.15,6.15,2021-04-05 02:00:00
2021-04-06,5,2021,0.9,Low,30.8,15.4,23.1,65.0,3.33,22.91,6.91,6.91,2021-04-06 02:00:00
2021-04-07,5,2021,0.4,Low,30.2,15.9,23.1,71.0,3.12,20.15,6.06,6.06,2021-04-07 02:00:00
2021-04-08,5,2021,0.0,Low,30.7,16.8,23.8,71.0,3.58,20.92,6.36,6.36,2021-04-08 02:00:00
2021-04-09,5,2021,0.2,Low,30.4,16.9,23.6,69.0,3.75,22.3,6.78,6.78,2021-04-09 02:00:00
2021-04-10,5,2021,2.9,Low,30.3,15.8,23.1,73.0,3.35,21.95,6.58,6.58,2021-04-10 02:00:00
2021-04-11,5,2021,0.1,Low,29.6,15.0,22.3,72.0,2.49,23.27,6.86,6.86,2021-04-11 02:00:00
2021-04-12,5,2021,0.0,Low,27.9,16.1,22.0,67.0,3.56,22.92,6.78,6.78,2021-04-12 02:00:00
2021-04-13,5,2021,1.9,Low,28.8,15.6,22.2,69.0,3.12,21.64,6.42,6.42,2021-04-13 02:00:00
2021-04-14,5,2021,0.0,Low,29.6,16.2,22.9,67.0,3.48,20.74,6.24,6.24,2021-04-14 02:00:00
2021-04-15,5,2021,2.9,Low,28.7,15.9,22.3,70.0,3.09,21.43,6.36,6.36,2021-04-15 02:00:00
2021-04-16,5,2021,0.0,Low,29.3,16.8,23.1,73.0,3.31,21.3,6.38,6.38,2021-04-16 02:00:00
2021-04-17,5,2021,0.2,Low,31.1,16.7,23.9,67.0,3.14,21.13,6.44,6.44,2021-04-17 02:00:00
2021-04-18,5,2021,0.1,Low,32.5,17.7,25.1,69.0,2.94,21.89,6.76,6.76,2021-04-18 02:00:00
2021-04-19,5,2021,1.2,Low,29.4,16.4,22.9,69.0,3.63,23.27,6.98,6.98,2021-04-19 02:00:00
2021-04-20,5,2021,1.1,Low,28.9,17.8,23.4,69.0,3.29,21.63,6.53,6.53,2021-04-20 02:00:00
2021-04-21,5,2021,2.8,Low,30.1,16.9,23.5,67.0,3.21,21.91,6.64,6.64,2021-04-21 02:00:00
2021-04-22,5,2021,0.1,Low,30.2,16.4,23.3,69.0,2.52,23.96,7.18,7.18,2021-04-22 02:00:00
2021-04-23,5,2021,0.2,Low,30.0,16.9,23.4,64.0,3.54,21.81,6.63,6.63,2021-04-23 02:00:00
2021-04-24,5,2021,2.5,Low,29.0,16.8,22.9,63.0,3.42,23.05,6.95,6.95,2021-04-24 02:00:00
2021-04-25,5,2021,4.3,Low,29.3,16.2,22.8,69.0,3.42,21.24,6.37,6.37,2021-04-25 02:00:00
2021-04-26,5,2021,0.0,Low,28.8,17.9,23.4,72.0,2.83,21.78,6.55,6.55,2021-04-26 02:00:00
2021-04-27,5,2021,0.6,Low,29.0,17.4,23.2,61.0,3.26,24.49,7.4,7.4,2021-04-27 02:00:00
2021-04-28,5,2021,1.0,Low,28.2,16.3,22.3,63.0,2.53,23.1,6.86,6.86,2021-04-28 02:00:00
2021-04-29,5,2021,0.2,Low,30.3,17.2,23.8,67.0,2.76,21.9,6.65,6.65,2021-04-29 02:00:00
2021-04-30,5,2021,0.2,Low,29.6,16.8,23.2,70.0,2.26,21.34,6.39,6.39,2021-04-30 02:00:00
2021-05-01,5,2021,3.0,Low,28.8,16.5,22.7,72.0,2.48,23.56,6.98,6.98,2021-05-01 02:00:00
2021-05-02,5,2021,4.3,Moderate,29.1,16.7,22.9,73.0,3.56,22.04,6.59,6.59,2021-05-02 02:00:00
2021-05-03,5,2021,1.2,Moderate,29.8,17.7,23.7,67.0,3.2,21.29,6.48,6.48,2021-05-03 02:00:00
2021-05-04,5,2021,3.5,Moderate,28.4,17.5,22.9,67.0,3.38,22.5,6.76,6.76,2021-05-04 02:00:00
2021-05-05,5,2021,0.0,Moderate,30.0,17.8,23.9,67.0,3.39,22.45,6.84,6.84,2021-05-05 02:00:00
2021-05-06,5,2021,3.2,Moderate,29.7,15.3,22.5,67.0,3.38,21.12,6.31,6.31,2021-05-06 02:00:00
2021-05-07,5,2021,0.2,Moderate,28.6,16.9,22.7,75.0,2.62,23.17,6.87,6.87,2021-05-07 02:00:00
2021-05-08,5,2021,1.7,Moderate,30.4,18.1,24.3,71.0,2.98,21.72,6.62,6.62,2021-05-08 02:00:00
2021-05-09,5,2021,0.2,Moderate,30.9,16.1,23.5,66.0,3.55,21.15,6.43,6.43,2021-05-09 02:00:00
2021-05-10,5,2021,2.2,Moderate,30.7,17.6,24.1,68.0,2.92,22.34,6.81,6.81,2021-05-10 02:00:00
2021-05-11,5,2021,1.7,Moderate,28.9,18.2,23.6,63.0,3.46,21.9,6.68,6.68,2021-05-11 02:00:00
2021-05-12,5,2021,1.6,Moderate,30.4,17.6,24.0,64.0,3.42,24.78,7.56,7.56,2021-05-12 02:00:00
2021-05-13,5,2021,0.0,Moderate,29.1,17.9,23.5,70.0,2.18,22.45,6.74,6.74,2021-05-13 02:00:00
2021-05-14,5,2021,1.8,Moderate,32.2,15.5,23.9,73.0,3.45,22.24,6.75,6.75,2021-05-14 02:00:00
2021-05-15,5,2021,3.0,Moderate,29.3,17.0,23.2,63.0,3.67,21.98,6.67,6.67,2021-05-15 02:00:00
2021-05-16,5,2021,3.7,Moderate,29.4,17.2,23.3,68.0,2.64,23.2,6.97,6.97,2021-05-16 02:00:00
2021-05-17,5,2021,0.0,Moderate,31.7,17.8,24.8,73.0,2.97,22.14,6.79,6.79,2021-05-17 02:00:00
2021-05-18,5,2021,0.1,Moderate,30.2,17.0,23.6,68.0,2.89,23.2,7.01,7.01,2021-05-18 02:00:00
2021-05-19,5,2021,0.0,Moderate,30.9,17.3,24.1,69.0,3.14,22.3,6.8,6.8,2021-05-19 02:00:00
2021-05-20,5,2021,0.0,Moderate,30.0,17.3,23.7,63.0,3.04,21.94,6.68,6.68,2021-05-20 02:00:00
2021-05-21,5,2021,7.1,Moderate,28.9,16.7,22.8,66.0,2.97,22.11,6.62,6.62,2021-05-21 02:00:00
2021-05-22,5,2021,1.7,Moderate,31.1,17.8,24.5,66.0,3.09,22.16,6.81,6.81,2021-05-22 02:00:00
2021-05-23,5,2021,0.1,Moderate,30.1,17.4,23.7,67.0,3.22,22.06,6.71,6.71,2021-05-23 02:00:00
2021-05-24,5,2021,4.5,Moderate,28.8,16.7,22.7,65.0,3.26,23.01,6.89,6.89,2021-05-24 02:00:00
2021-05-25,5,2021,0.0,Moderate,30.6,16.9,23.7,64.0,2.55,21.74,6.61,6.61,2021-05-25 02:00:00
2021-05-26,5,2021,1.3,Moderate,30.0,17.0,23.5,72.0,3.22,22.53,6.79,6.79,2021-05-26 02:00:00
2021-05-27,5,2021,0.2,Moderate,31.3,16.4,23.8,66.0,3.37,22.01,6.71,6.71,2021-05-27 02:00:00
2021-05-28,5,2021,0.0,Moderate,29.8,17.4,23.6,67.0,2.73,23.3,7.04,7.04,2021-05-28 02:00:00
2021-05-29,5,2021,0.5,Moderate,29.8,15.9,22.9,62.0,2.95,23.23,6.98,6.98,2021-05-29 02:00:00
2021-05-30,5,2021,0.0,Moderate,28.7,17.3,23.0,67.0,2.8,22.05,6.62,6.62,2021-05-30 02:00:00
2021-05-31,5,2021,5.7,Moderate,33.0,17.2,25.1,71.0,3.39,22.11,6.84,6.84,2021-05-31 02:00:00
2021-06-01,5,2021,0.0,Moderate,30.5,16.9,23.7,68.0,2.85,21.76,6.59,6.59,2021-06-01 02:00:00
2021-06-02,5,2021,0.0,Moderate,29.4,14.9,22.2,71.0,2.81,21.15,6.25,6.25,2021-06-02 02:00:00
2021-06-03,5,2021,0.0,Moderate,28.7,16.4,22.5,75.0,2.66,22.56,6.67,6.67,2021-06-03 02:00:00
2021-06-04,5,2021,2.4,Moderate,31.4,16.5,24.0,63.0,3.56,23.18,7.1,7.1,2021-06-04 02:00:00
2021-06-05,5,2021,0.6,Moderate,31.6,16.7,24.2,64.0,2.76,21.72,6.64,6.64,2021-06-05 02:00:00
2021-06-06,5,2021,0.6,Moderate,30.6,18.4,24.5,64.0,2.84,23.8,7.3,7.3,2021-06-06 02:00:00
2021-06-07,5,2021,2.9,Moderate,29.1,17.5,23.3,64.0,2.76,23.69,7.14,7.14,2021-06-07 02:00:00
2021-06-08,5,2021,2.8,Moderate,29.5,16.6,23.0,71.0,3.05,22.19,6.65,6.65,2021-06-08 02:00:00
2021-06-09,5,2021,0.1,Moderate,31.3,17.9,24.6,65.0,3.04,21.58,6.65,6.65,2021-06-09 02:00:00
2021-06-10,5,2021,0.5,Moderate,30.5,17.5,24.0,67.0,3.18,22.54,6.87,6.87,2021-06-10 02:00:00
2021-06-11,5,2021,0.5,Moderate,30.3,18.2,24.3,67.0,3.09,21.6,6.61,6.61,2021-06-11 02:00:00
2021-06-12,5,2021,1.3,Moderate,29.1,17.3,23.2,65.0,2.65,23.54,7.08,7.08,2021-06-12 02:00:00
2021-06-13,5,2021,0.3,Moderate,30.3,18.0,24.1,65.0,3.76,21.81,6.7,6.7,2021-06-13 02:00:00
2021-06-14,5,2021,0.0,Moderate,30.1,17.7,23.9,65.0,2.66,22.4,6.81,6.81,2021-06-14 02:00:00
2021-06-15,5,2021,0.0,Moderate,30.8,17.7,24.3,62.0,2.89,22.65,6.94,6.94,2021-06-15 02:00:00
2021-06-16,5,2021,1.2,Moderate,28.7,16.4,22.5,70.0,2.76,24.99,7.4,7.4,2021-06-16 02:00:00
2021-06-17,5,2021,0.8,Moderate,31.2,17.7,24.4,61.0,2.77,22.46,6.91,6.91,2021-06-17 02:00:00
2021-06-18,5,2021,0.0,Moderate,31.3,17.4,24.4,68.0,2.96,22.99,7.03,7.03,2021-06-18 02:00:00
2021-06-19,5,2021,0.0,Moderate,31.3,17.8,24.6,70.0,3.27,22.64,6.95,6.95,2021-06-19 02:00:00
2021-06-20,5,2021,3.9,Moderate,30.3,16.6,23.5,61.0,3.0,22.68,6.89,6.89,2021-06-20 02:00:00
2021-06-21,5,2021,0.8,Moderate,31.7,18.1,24.9,68.0,3.01,21.75,6.71,6.71,2021-06-21 02:00:00
2021-06-22,5,2021,3.0,Moderate,29.4,18.0,23.7,66.0,3.19,23.91,7.26,7.26,2021-06-22 02:00:00
2021-06-23,5,2021,2.3,Moderate,31.6,17.7,24.6,62.0,3.38,24.15,7.45,7.45,2021-06-23 02:00:00
2021-06-24,5,2021,0.9,Moderate,31.4,17.0,24.2,63.0,2.71,21.1,6.47,6.47,2021-06-24 02:00:00
2021-06-25,5,2021,4.8,Moderate,29.5,18.6,24.0,64.0,3.01,22.86,6.98,6.98,2021-06-25 02:00:00
2021-06-26,5,2021,0.4,Moderate,31.0,16.6,23.8,65.0,2.69,22.12,6.72,6.72,2021-06-26 02:00:00
2021-06-27,5,2021,1.1,Moderate,30.7,16.4,23.6,68.0,2.41,21.0,6.34,6.34,2021-06-27 02:00:00
2021-06-28,5,2021,3.1,Moderate,29.9,16.7,23.3,65.0,3.18,22.82,6.89,6.89,2021-06-28 02:00:00
2021-06-29,5,2021,0.2,Moderate,29.8,17.3,23.6,70.0,2.56,25.14,7.56,7.56,2021-06-29 02:00:00
2021-06-30,5,2021,0.6,Moderate,32.8,19.4,26.1,66.0,2.65,23.11,7.24,7.24,2021-06-30 02:00:00
2021-07-01,5,2021,0.2,Moderate,30.1,16.0,23.1,61.0,3.63,23.74,7.19,7.19,2021-07-01 02:00:00
2021-07-02,5,2021,1.8,Moderate,30.7,17.3,24.0,68.0,2.48,20.95,6.37,6.37,2021-07-02 02:00:00
2021-07-03,5,2021,0.0,Moderate,29.7,17.5,23.6,66.0,3.29,22.64,6.87,6.87,2021-07-03 02:00:00
2021-07-04,5,2021,0.9,Moderate,30.7,17.4,24.1,68.0,2.57,23.27,7.07,7.07,2021-07-04 02:00:00
2021-07-05,5,2021,0.0,Moderate,32.0,17.1,24.5,66.0,3.1,23.25,7.14,7.14,2021-07-05 02:00:00
2021-07-06,5,2021,0.2,Moderate,31.5,16.9,24.2,61.0,3.43,22.81,7.02,7.02,2021-07-06 02:00:00
2021-07-07,5,2021,2.6,Moderate,30.4,18.1,24.3,63.0,2.92,23.02,7.06,7.06,2021-07-07 02:00:00
2021-07-08,5,2021,1.2,Moderate,31.5,17.0,24.2,64.0,2.92,22.43,6.87,6.87,2021-07-08 02:00:00
2021-07-09,5,2021,0.0,Moderate,31.1,18.3,24.7,64.0,2.66,23.39,7.2,7.2,2021-07-09 02:00:00
2021-07-10,5,2021,0.5,Moderate,30.3,17.8,24.0,61.0,2.95,23.25,7.11,7.11,2021-07-10 02:00:00
2021-07-11,5,2021,1.0,Moderate,30.4,16.0,23.2,61.0,2.73,23.04,6.95,6.95,2021-07-11 02:00:00
2021-07-12,5,2021,1.8,Moderate,31.6,18.7,25.1,69.0,3.02,22.63,6.99,6.99,2021-07-12 02:00:00
2021-07-13,5,2021,3.3,Moderate,30.6,17.8,24.2,58.0,3.62,21.71,6.72,6.72,2021-07-13 02:00:00
2021-07-14,5,2021,0.2,Moderate,32.8,16.5,24.7,71.0,2.9,23.35,7.15,7.15,2021-07-14 02:00:00
2021-07-15,5,2021,0.3,Moderate,29.5,17.6,23.6,66.0,3.18,21.04,6.4,6.4,2021-07-15 02:00:00
2021-07-16,5,2021,0.5,Moderate,31.1,17.2,24.1,65.0,3.08,23.42,7.15,7.15,2021-07-16 02:00:00
2021-07-17,5,2021,0.4,Moderate,28.8,16.5,22.7,70.0,2.88,24.53,7.29,7.29,2021-07-17 02:00:00
2021-07-18,5,2021,0.1,Moderate,31.7,17.9,24.8,68.0,3.26,23.57,7.25,7.25,2021-07-18 02:00:00
2021-07-19,5,2021,0.3,Moderate,32.1,18.0,25.0,64.0,3.61,22.65,7.05,7.05,2021-07-19 02:00:00
2021-07-20,5,2021,0.0,Moderate,31.3,17.6,24.5,61.0,3.04,24.86,7.64,7.64,2021-07-20 02:00:00
2021-07-21,5,2021,2.6,Moderate,29.3,18.4,23.8,66.0,3.35,22.97,6.99,6.99,2021-07-21 02:00:00
2021-07-22,5,2021,0.5,Moderate,29.2,17.9,23.5,65.0,2.79,23.99,7.25,7.25,2021-07-22 02:00:00
2021-07-23,5,2021,0.8,Moderate,31.0,16.9,24.0,67.0,3.54,23.22,7.08,7.08,2021-07-23 02:00:00
2021-07-24,5,2021,1.1,Moderate,30.1,16.3,23.2,70.0,2.87,22.99,6.9,6.9,2021-07-24 02:00:00
2021-07-25,5,2021,6.6,Moderate,30.2,16.7,23.5,64.0,3.04,23.43,7.09,7.09,2021-07-25 02:00:00
2021-07-26,5,2021,0.0,Moderate,31.9,18.6,25.3,58.0,2.94,23.22,7.24,7.24,2021-07-26 02:00:00
2021-07-27,5,2021,0.0,Moderate,34.0,18.2,26.1,61.0,2.57,23.34,7.32,7.32,2021-07-27 02:00:00
2021-07-28,5,2021,1.0,Moderate,32.4,16.6,24.5,64.0,1.95,22.42,6.86,6.86,2021-07-28 02:00:00
2021-07-29,5,2021,0.0,Moderate,30.7,15.3,23.0,63.0,2.91,22.98,6.92,6.92,2021-07-29 02:00:00
2021-07-30,5,2021,0.0,Moderate,32.2,18.5,25.4,65.0,3.0,23.05,7.16,7.16,2021-07-30 02:00:00
2021-07-31,5,2021,1.6,Moderate,30.7,16.7,23.7,62.0,3.08,23.13,7.05,7.05,2021-07-31 02:00:00
2021-08-01,5,2021,0.1,Moderate,32.2,17.0,24.6,64.0,2.75,20.31,6.27,6.27,2021-08-01 02:00:00
2021-08-02,5,2021,1.8,Moderate,31.4,16.6,24.0,66.0,2.43,24.83,7.53,7.53,2021-08-02 02:00:00
2021-08-03,5,2021,5.1,Moderate,32.5,17.0,24.7,62.0,3.09,23.39,7.22,7.22,2021-08-03 02:00:00
2021-08-04,5,2021,4.0,Moderate,31.2,18.3,24.7,69.0,2.32,22.69,6.95,6.95,2021-08-04 02:00:00
2021-08-05,5,2021,0.0,Moderate,30.7,16.9,23.8,69.0,3.32,20.74,6.32,6.32,2021-08-05 02:00:00
2021-08-06,5,2021,0.0,Moderate,31.6,17.3,24.4,68.0,2.73,23.22,7.1,7.1,2021-08-06 02:00:00
2021-08-07,5,2021,2.3,Moderate,30.9,17.7,24.3,67.0,3.27,24.15,7.38,7.38,2021-08-07 02:00:00
2021-08-08,5,2021,1.6,Moderate,29.3,17.1,23.2,63.0,1.86,23.3,6.99,6.99,2021-08-08 02:00:00
2021-08-09,5,2021,0.0,Moderate,31.8,19.6,25.7,70.0,2.93,22.15,6.9,6.9,2021-08-09 02:00:00
2021-08-10,5,2021,0.8,Moderate,30.4,17.2,23.8,64.0,3.08,22.48,6.85,6.85,2021-08-10 02:00:00
2021-08-11,5,2021,3.3,Moderate,34.4,18.1,26.3,68.0,2.88,21.22,6.67,6.67,2021-08-11 02:00:00
2021-08-12,5,2021,0.2,Moderate,30.9,17.8,24.4,64.0,2.41,22.21,6.8,6.8,2021-08-12 02:00:00
2021-08-13,5,2021,1.9,Moderate,29.2,17.0,23.1,69.0,3.58,24.08,7.24,7.24,2021-08-13 02:00:00
2021-08-14,5,2021,2.7,Moderate,28.5,17.9,23.2,66.0,3.73,23.6,7.13,7.13,2021-08-14 02:00:00
2021-08-15,5,2021,1.2,Moderate,31.9,18.0,25.0,67.0,3.46,22.92,7.09,7.09,2021-08-15 02:00:00
2021-08-16,5,2021,0.7,Moderate,30.0,17.7,23.8,59.0,3.0,21.24,6.51,6.51,2021-08-16 02:00:00
2021-08-17,5,2021,0.7,Moderate,30.5,16.0,23.2,69.0,2.85,23.96,7.19,7.19,2021-08-17 02:00:00
2021-08-18,5,2021,3.5,Moderate,31.3,18.6,25.0,68.0,3.43,24.53,7.57,7.57,2021-08-18 02:00:00
2021-08-19,5,2021,0.0,Moderate,32.2,17.4,24.8,64.0,2.62,24.0,7.39,7.39,2021-08-19 02:00:00
2021-08-20,5,2021,0.0,Moderate,31.2,18.5,24.8,65.0,2.74,23.0,7.09,7.09,2021-08-20 02:00:00
2021-08-21,5,2021,1.1,Moderate,29.4,17.2,23.3,58.0,3.76,21.14,6.47,6.47,2021-08-21 02:00:00
2021-08-22,5,2021,3.1,Moderate,30.5,18.2,24.4,66.0,2.52,23.63,7.21,7.21,2021-08-22 02:00:00
2021-08-23,5,2021,0.0,Moderate,32.0,18.8,25.4,63.0,3.35,23.46,7.32,7.32,2021-08-23 02:00:00
2021-08-24,5,2021,0.0,Moderate,30.5,16.6,23.6,65.0,2.86,25.04,7.57,7.57,2021-08-24 02:00:00
2021-08-25,5,2021,0.0,Moderate,32.7,17.6,25.1,66.0,2.77,21.19,6.57,6.57,2021-08-25 02:00:00
2021-08-26,5,2021,0.0,Moderate,31.1,17.7,24.4,64.0,3.01,23.98,7.35,7.35,2021-08-26 02:00:00
2021-08-27,5,2021,0.0,Moderate,31.7,17.8,24.8,62.0,2.45,23.31,7.17,7.17,2021-08-27 02:00:00
2021-08-28,5,2021,0.0,Moderate,31.2,18.3,24.7,66.0,3.53,24.66,7.6,7.6,2021-08-28 02:00:00
2021-08-29,5,2021,6.4,Moderate,30.5,18.5,24.5,62.0,2.56,23.75,7.28,7.28,2021-08-29 02:00:00
2021-08-30,5,2021,3.0,High,30.7,17.7,24.2,66.0,2.68,23.65,7.21,7.21,2021-08-30 02:00:00
2021-08-31,5,2021,3.6,High,30.7,17.4,24.0,66.0,3.19,23.51,7.17,7.17,2021-08-31 02:00:00
2021-09-01,5,2021,1.0,High,32.0,18.3,25.2,57.0,2.0,23.26,7.2,7.2,2021-09-01 02:00:00
2021-09-02,5,2021,0.0,High,31.0,17.7,24.3,69.0,2.91,24.49,7.46,7.46,2021-09-02 02:00:00
2021-09-03,5,2021,3.8,High,31.3,17.5,24.4,61.0,2.7,23.39,7.18,7.18,2021-09-03 02:00:00
2021-09-04,5,2021,0.0,High,31.7,17.6,24.7,67.0,2.7,23.95,7.34,7.34,2021-09-04 02:00:00
2021-09-05,5,2021,1.1,High,31.3,19.1,25.2,66.0,2.56,22.57,6.98,6.98,2021-09-05 02:00:00
2021-09-06,5,2021,0.0,High,31.8,17.5,24.7,64.0,2.78,21.97,6.77,6.77,2021-09-06 02:00:00
2021-09-07,5,2021,0.0,High,31.8,18.9,25.4,66.0,3.46,24.17,7.52,7.52,2021-09-07 02:00:00
2021-09-08,5,2021,3.3,High,33.0,18.8,25.9,64.0,2.81,23.55,7.37,7.37,2021-09-08 02:00:00
2021-09-09,5,2021,0.5,High,31.9,17.2,24.5,61.0,2.56,23.64,7.26,7.26,2021-09-09 02:00:00
2021-09-10,5,2021,3.8,High,29.7,16.7,23.2,59.0,1.59,22.48,6.75,6.75,2021-09-10 02:00:00
2021-09-11,5,2021,2.2,High,30.7,17.4,24.0,62.0,3.46,22.18,6.81,6.81,2021-09-11 02:00:00
2021-09-12,5,2021,0.8,High,32.0,17.4,24.7,62.0,2.18,23.66,7.27,7.27,2021-09-12 02:00:00
2021-09-13,5,2021,1.4,High,31.2,17.5,24.4,67.0,3.7,23.9,7.33,7.33,2021-09-13 02:00:00
2021-09-14,5,2021,1.6,High,31.9,18.6,25.3,65.0,3.26,21.89,6.81,6.81,2021-09-14 02:00:00
2021-09-15,5,2021,6.1,High,32.3,16.5,24.4,65.0,3.26,23.41,7.19,7.19,2021-09-15 02:00:00
2021-09-16,5,2021,0.7,High,31.5,17.5,24.5,64.0,3.07,24.75,7.6,7.6,2021-09-16 02:00:00
2021-09-17,5,2021,2.8,High,32.0,15.7,23.9,56.0,3.23,23.59,7.23,7.23,2021-09-17 02:00:00
2021-09-18,5,2021,1.4,High,32.4,18.3,25.3,66.0,3.0,22.23,6.91,6.91,2021-09-18 02:00:00
2021-09-19,5,2021,0.0,High,29.9,18.9,24.4,74.0,3.81,22.03,6.74,6.74,2021-09-19 02:00:00
2021-09-20,5,2021,0.8,High,31.8,19.6,25.7,66.0,3.21,22.45,7.02,7.02,2021-09-20 02:00:00
2021-09-21,5,2021,1.9,High,31.6,17.7,24.7,66.0,2.62,24.39,7.47,7.47,2021-09-21 02:00:00
2021-09-22,5,2021,0.0,High,30.9,17.7,24.3,63.0,3.48,22.73,7.0,7.0,2021-09-22 02:00:00
2021-09-23,5,2021,0.0,High,31.1,17.9,24.5,60.0,2.61,22.25,6.85,6.85,2021-09-23 02:00:00
2021-09-24,5,2021,0.5,High,30.1,18.8,24.5,62.0,3.09,23.13,7.12,7.12,2021-09-24 02:00:00
2021-09-25,5,2021,0.8,High,31.5,16.5,24.0,62.0,3.87,24.31,7.46,7.46,2021-09-25 02:00:00
2021-09-26,5,2021,0.4,High,33.5,17.3,25.4,65.0,3.23,22.52,7.02,7.02,2021-09-26 02:00:00
2021-09-27,5,2021,0.7,High,32.4,18.3,25.4,63.0,3.17,23.6,7.35,7.35,2021-09-27 02:00:00
2021-09-28,5,2021,3.0,High,30.8,18.2,24.5,69.0,3.12,21.92,6.72,6.72,2021-09-28 02:00:00
2021-09-29,5,2021,0.9,High,32.0,19.7,25.8,59.0,3.16,22.61,7.12,7.12,2021-09-29 02:00:00
2021-09-30,5,2021,0.2,High,32.7,18.1,25.4,63.0,2.45,26.36,8.16,8.16,2021-09-30 02:00:00
2021-10-01,5,2021,0.1,High,31.7,19.2,25.4,61.0,3.03,25.54,7.95,7.95,2021-10-01 02:00:00
2021-10-02,5,2021,0.0,High,32.5,17.6,25.1,61.0,2.94,23.89,7.41,7.41,2021-10-02 02:00:00
2021-10-03,5,2021,1.4,High,31.7,17.1,24.4,61.0,3.21,22.53,6.94,6.94,2021-10-03 02:00:00
2021-10-04,5,2021,0.0,High,31.8,20.0,25.9,66.0,3.67,26.43,8.26,8.26,2021-10-04 02:00:00
2021-10-05,5,2021,0.1,High,35.2,18.5,26.9,66.0,2.86,23.95,7.58,7.58,2021-10-05 02:00:00
2021-10-06,5,2021,0.1,High,32.1,18.7,25.4,64.0,3.21,26.03,8.08,8.08,2021-10-06 02:00:00
2021-10-07,5,2021,0.0,High,30.3,18.6,24.4,60.0,3.58,24.43,7.54,7.54,2021-10-07 02:00:00
2021-10-08,5,2021,2.2,High,33.4,17.1,25.3,62.0,3.09,24.03,7.47,7.47,2021-10-08 02:00:00
2021-10-09,5,2021,1.1,High,32.3,19.5,25.9,65.0,3.28,23.67,7.42,7.42,2021-10-09 02:00:00
2021-10-10,5,2021,0.0,High,32.9,17.9,25.4,57.0,2.49,24.95,7.76,7.76,2021-10-10 02:00:00
2021-10-11,5,2021,2.5,High,32.0,16.8,24.4,64.0,3.31,22.46,6.92,6.92,2021-10-11 02:00:00
2021-10-12,5,2021,0.0,High,32.6,18.2,25.4,60.0,3.25,24.76,7.72,7.72,2021-10-12 02:00:00
2021-10-13,5,2021,1.0,High,32.1,18.6,25.3,64.0,2.96,23.91,7.43,7.43,2021-10-13 02:00:00
2021-10-14,5,2021,0.0,High,32.1,18.5,25.3,66.0,3.47,25.27,7.84,7.84,2021-10-14 02:00:00
2021-10-15,5,2021,1.6,High,33.9,17.9,25.9,62.0,3.14,23.48,7.37,7.37,2021-10-15 02:00:00
2021-10-16,5,2021,0.0,High,29.4,18.4,23.9,62.0,3.21,24.76,7.55,7.55,2021-10-16 02:00:00
2021-10-17,5,2021,0.0,High,30.5,16.2,23.4,63.0,2.31,23.67,7.13,7.13,2021-10-17 02:00:00
2021-10-18,5,2021,0.0,High,31.8,17.6,24.7,61.0,3.09,23.56,7.28,7.28,2021-10-18 02:00:00
2021-10-19,5,2021,3.0,High,30.7,18.5,24.6,67.0,3.01,25.3,7.75,7.75,2021-10-19 02:00:00
2021-10-20,5,2021,0.1,High,31.4,19.7,25.6,64.0,2.76,23.91,7.44,7.44,2021-10-20 02:00:00
2021-10-21,5,2021,0.1,High,31.2,19.5,25.3,64.0,2.88,24.52,7.61,7.61,2021-10-21 02:00:00
2021-10-22,5,2021,1.3,High,31.8,17.6,24.7,58.0,2.5,22.64,6.99,6.99,2021-10-22 02:00:00
2021-10-23,5,2021,0.0,High,31.8,16.3,24.1,64.0,2.49,23.56,7.17,7.17,2021-10-23 02:00:00
2021-10-24,5,2021,0.0,High,29.2,18.5,23.8,56.0,2.79,23.97,7.32,7.32,2021-10-24 02:00:00
2021-10-25,5,2021,3.5,High,31.8,17.0,24.4,58.0,2.54,23.86,7.32,7.32,2021-10-25 02:00:00
2021-10-26,5,2021,0.0,High,32.0,18.2,25.1,62.0,3.03,25.49,7.9,7.9,2021-10-26 02:00:00
2021-10-27,5,2021,0.2,High,30.1,18.1,24.1,59.0,2.89,25.36,7.75,7.75,2021-10-27 02:00:00
2021-10-28,5,2021,0.1,High,31.8,18.0,24.9,62.0,2.7,24.6,7.59,7.59,2021-10-28 02:00:00
2021-10-29,5,2021,7.2,High,31.9,17.6,24.7,65.0,3.3,24.34,7.5,7.5,2021-10-29 02:00:00
2021-10-30,5,2021,1.3,High,32.7,19.2,25.9,60.0,2.72,24.71,7.74,7.74,2021-10-30 02:00:00
2021-10-31,5,2021,1.0,High,30.9,17.4,24.2,64.0,3.05,22.55,6.9,6.9,2021-10-31 02:00:00
2021-11-01,5,2021,1.0,High,31.3,18.6,25.0,62.0,3.34,24.48,7.59,7.59,2021-11-01 02:00:00
2021-11-02,5,2021,1.4,High,30.3,19.7,25.0,62.0,3.24,25.3,7.83,7.83,2021-11-02 02:00:00
2021-11-03,5,2021,0.8,High,31.4,18.6,25.0,63.0,2.48,25.47,7.84,7.84,2021-11-03 02:00:00
2021-11-04,5,2021,0.0,High,29.3,19.1,24.2,59.0,2.98,23.69,7.27,7.27,2021-11-04 02:00:00
2021-11-05,5,2021,1.9,High,31.2,16.3,23.7,62.0,2.8,24.49,7.43,7.43,2021-11-05 02:00:00
2021-11-06,5,2021,1.9,High,33.2,17.4,25.3,61.0,3.29,23.59,7.36,7.36,2021-11-06 02:00:00
2021-11-07,5,2021,0.0,High,31.7,18.4,25.0,61.0,2.91,23.6,7.32,7.32,2021-11-07 02:00:00
2021-11-08,5,2021,5.3,High,33.9,19.4,26.7,61.0,2.45,23.19,7.33,7.33,2021-11-08 02:00:00
2021-11-09,5,2021,1.7,High,30.1,17.5,23.8,69.0,2.56,23.41,7.08,7.08,2021-11-09 02:00:00
2021-11-10,5,2021,0.6,High,31.0,17.9,24.4,64.0,2.71,22.64,6.94,6.94,2021-11-10 02:00:00
2021-11-11,5,2021,1.7,High,32.4,17.6,25.0,60.0,3.59,23.8,7.41,7.41,2021-11-11 02:00:00
2021-11-12,5,2021,2.0,High,32.4,16.9,24.7,60.0,3.63,23.71,7.35,7.35,2021-11-12 02:00:00
2021-11-13,5,2021,0.0,High,33.3,18.9,26.1,60.0,2.79,23.86,7.5,7.5,2021-11-13 02:00:00
2021-11-14,5,2021,4.5,High,34.0,17.7,25.9,61.0,2.98,23.01,7.22,7.22,2021-11-14 02:00:00
2021-11-15,5,2021,1.4,High,31.4,17.9,24.6,63.0,4.11,24.53,7.6,7.6,2021-11-15 02:00:00
2021-11-16,5,2021,1.4,High,32.0,18.3,25.1,68.0,2.67,24.46,7.54,7.54,2021-11-16 02:00:00
2021-11-17,5,2021,0.0,High,34.4,17.7,26.1,57.0,3.26,23.83,7.53,7.53,2021-11-17 02:00:00
2021-11-18,5,2021,2.5,High,33.1,17.9,25.5,66.0,2.7,23.21,7.2,7.2,2021-11-18 02:00:00
2021-11-19,5,2021,0.0,High,34.4,18.0,26.2,55.0,2.89,23.61,7.46,7.46,2021-11-19 02:00:00
2021-11-20,5,2021,3.7,High,32.6,18.0,25.3,62.0,3.46,24.12,7.52,7.52,2021-11-20 02:00:00
2021-11-21,5,2021,0.3,High,31.3,19.3,25.3,55.0,3.34,23.91,7.49,7.49,2021-11-21 02:00:00
2021-11-22,5,2021,0.0,High,34.2,19.7,27.0,55.0,3.68,24.73,7.93,7.93,2021-11-22 02:00:00
2021-11-23,5,2021,0.0,High,34.5,18.2,26.4,61.0,3.56,23.9,7.57,7.57,2021-11-23 02:00:00
2021-11-24,5,2021,13.3,High,31.9,17.7,24.8,58.0,3.3,23.15,7.2,7.2,2021-11-24 02:00:00
2021-11-25,5,2021,0.0,High,32.8,18.4,25.6,54.0,2.07,25.12,7.83,7.83,2021-11-25 02:00:00
2021-11-26,5,2021,0.1,High,32.1,17.7,24.9,58.0,2.9,23.89,7.4,7.4,2021-11-26 02:00:00
2021-11-27,5,2021,0.0,High,32.5,17.9,25.2,59.0,3.25,24.91,7.75,7.75,2021-11-27 02:00:00
2021-11-28,5,2021,1.5,High,33.4,18.3,25.8,61.0,2.97,23.91,7.5,7.5,2021-11-28 02:00:00
2021-11-29,5,2021,0.0,High,31.9,18.8,25.3,58.0,3.13,24.78,7.73,7.73,2021-11-29 02:00:00
2021-11-30,5,2021,4.9,High,32.2,17.4,24.8,62.0,2.7,25.15,7.74,7.74,2021-11-30 02:00:00
2021-12-01,5,2021,0.0,High,35.0,18.5,26.8,61.0,2.6,26.89,8.48,8.48,2021-12-01 02:00:00
2021-12-02,5,2021,0.0,High,33.0,18.1,25.6,63.0,2.97,24.89,7.75,7.75,2021-12-02 02:00:00
2021-12-03,5,2021,0.2,High,31.8,17.8,24.8,62.0,3.02,25.29,7.8,7.8,2021-12-03 02:00:00
2021-12-04,5,2021,0.0,High,32.0,18.2,25.1,61.0,2.87,24.6,7.63,7.63,2021-12-04 02:00:00
2021-12-05,5,2021,0.0,High,32.4,18.8,25.6,62.0,2.87,26.39,8.21,8.21,2021-12-05 02:00:00
2021-12-06,5,2021,2.4,High,33.1,18.8,25.9,56.0,3.3,23.89,7.54,7.54,2021-12-06 02:00:00
2021-12-07,5,2021,2.5,High,31.8,17.6,24.7,61.0,3.4,23.69,7.33,7.33,2021-12-07 02:00:00
2021-12-08,5,2021,1.1,High,32.4,19.2,25.8,55.0,2.71,24.35,7.65,7.65,2021-12-08 02:00:00
2021-12-09,5,2021,4.9,High,33.4,19.0,26.2,59.0,2.8,23.83,7.5,7.5,2021-12-09 02:00:00
2021-12-10,5,2021,0.0,High,30.9,16.9,23.9,64.0,2.12,25.78,7.79,7.79,2021-12-10 02:00:00
2021-12-11,5,2021,0.0,High,33.3,16.7,25.0,63.0,3.38,24.12,7.48,7.48,2021-12-11 02:00:00
2021-12-12,5,2021,0.6,High,32.4,18.7,25.6,62.0,3.34,25.01,7.81,7.81,2021-12-12 02:00:00
2021-12-13,5,2021,0.1,High,31.5,18.6,25.0,60.0,2.61,24.38,7.54,7.54,2021-12-13 02:00:00
2021-12-14,5,2021,0.4,High,32.7,18.6,25.7,59.0,2.54,23.91,7.47,7.47,2021-12-14 02:00:00
2021-12-15,5,2021,0.5,High,32.0,18.6,25.3,59.0,2.42,23.82,7.4,7.4,2021-12-15 02:00:00
2021-12-16,5,2021,5.0,High,34.6,17.5,26.1,55.0,3.88,24.67,7.83,7.83,2021-12-16 02:00:00
2021-12-17,5,2021,0.0,High,31.6,18.3,25.0,60.0,3.25,24.32,7.55,7.55,2021-12-17 02:00:00
2021-12-18,5,2021,0.0,High,33.9,17.3,25.6,62.0,3.3,23.27,7.29,7.29,2021-12-18 02:00:00
2021-12-19,5,2021,0.1,High,33.8,18.9,26.3,62.0,3.12,25.03,7.89,7.89,2021-12-19 02:00:00
2021-12-20,5,2021,0.0,High,31.9,16.3,24.1,66.0,3.16,25.59,7.8,7.8,2021-12-20 02:00:00
2021-12-21,5,2021,2.0,High,31.6,17.9,24.8,59.0,3.23,24.75,7.66,7.66,2021-12-21 02:00:00
2021-12-22,5,2021,0.0,High,31.9,17.9,24.9,55.0,3.44,23.82,7.43,7.43,2021-12-22 02:00:00
2021-12-23,5,2021,1.5,High,34.9,19.7,27.3,64.0,2.76,23.95,7.62,7.62,2021-12-23 02:00:00
2021-12-24,5,2021,0.0,High,32.3,19.6,26.0,52.0,3.35,25.15,7.96,7.96,2021-12-24 02:00:00
2021-12-25,5,2021,0.0,High,33.6,20.9,27.2,62.0,2.65,24.73,7.86,7.86,2021-12-25 02:00:00
2021-12-26,5,2021,0.0,High,33.6,18.4,26.0,60.0,2.71,25.42,7.96,7.96,2021-12-26 02:00:00
2021-12-27,5,2021,0.0,High,32.2,18.2,25.2,56.0,3.38,23.51,7.36,7.36,2021-12-27 02:00:00
2021-12-28,5,2021,1.2,High,31.3,18.4,24.8,57.0,2.73,24.51,7.58,7.58,2021-12-28 02:00:00
2021-12-29,5,2021,0.9,High,31.5,18.4,24.9,64.0,2.62,26.38,8.12,8.12,2021-12-29 02:00:00
2021-12-30,5,2021,0.1,High,32.3,19.0,25.7,66.0,3.65,26.28,8.2,8.2,2021-12-30 02:00:00
2021-12-31,5,2021,1.1,High,29.4,17.8,23.6,61.0,3.29,24.74,7.53,7.53,2021-12-31 02:00:00
2022-01-01,5,2022,0.3,Low,30.1,16.7,23.4,67.0,3.04,21.31,6.44,6.44,2022-01-01 02:00:00
2022-01-02,5,2022,0.3,Low,29.1,16.4,22.8,67.0,3.46,21.18,6.36,6.36,2022-01-02 02:00:00
2022-01-03,5,2022,0.0,Low,29.5,16.6,23.0,69.0,2.94,22.36,6.71,6.71,2022-01-03 02:00:00
2022-01-04,5,2022,2.4,Low,27.2,16.4,21.8,72.0,3.14,20.96,6.17,6.17,2022-01-04 02:00:00
2022-01-05,5,2022,0.3,Low,30.4,15.7,23.1,73.0,3.44,22.15,6.64,6.64,2022-01-05 02:00:00
2022-01-06,5,2022,1.2,Low,29.0,16.4,22.7,73.0,3.58,23.09,6.88,6.88,2022-01-06 02:00:00
2022-01-07,5,2022,0.4,Low,25.7,16.3,21.0,73.0,2.8,20.24,5.87,5.87,2022-01-07 02:00:00
2022-01-08,5,2022,1.2,Low,28.7,15.9,22.3,78.0,3.04,20.27,5.98,5.98,2022-01-08 02:00:00
2022-01-09,5,2022,0.5,Low,28.0,14.9,21.4,70.0,3.15,21.78,6.37,6.37,2022-01-09 02:00:00
2022-01-10,5,2022,0.5,Low,29.3,15.9,22.6,72.0,3.21,21.02,6.26,6.26,2022-01-10 02:00:00
2022-01-11,5,2022,0.9,Low,26.9,15.2,21.0,67.0,2.82,20.1,5.86,5.86,2022-01-11 02:00:00
2022-01-12,5,2022,0.6,Low,26.8,16.1,21.5,70.0,2.57,20.11,5.88,5.88,2022-01-12 02:00:00
2022-01-13,5,2022,3.2,Low,27.7,16.4,22.0,71.0,2.54,19.08,5.63,5.63,2022-01-13 02:00:00
2022-01-14,5,2022,1.7,Low,27.8,16.3,22.0,73.0,2.72,21.48,6.32,6.32,2022-01-14 02:00:00
2022-01-15,5,2022,1.1,Low,29.6,15.6,22.6,72.0,2.46,20.99,6.23,6.23,2022-01-15 02:00:00
2022-01-16,5,2022,4.9,Low,28.3,16.6,22.4,70.0,2.59,21.04,6.24,6.24,2022-01-16 02:00:00
2022-01-17,5,2022,0.4,Low,30.0,16.4,23.2,67.0,2.45,21.52,6.47,6.47,2022-01-17 02:00:00
2022-01-18,5,2022,0.1,Low,27.3,16.9,22.1,72.0,2.96,20.79,6.14,6.14,2022-01-18 02:00:00
2022-01-19,5,2022,2.5,Low,28.6,16.1,22.4,67.0,3.08,21.4,6.37,6.37,2022-01-19 02:00:00
2022-01-20,5,2022,0.4,Low,28.0,16.8,22.4,74.0,3.14,21.66,6.42,6.42,2022-01-20 02:00:00
2022-01-21,5,2022,2.5,Low,27.4,15.9,21.6,69.0,3.84,20.31,6.0,6.0,2022-01-21 02:00:00
2022-01-22,5,2022,1.5,Low,29.5,16.4,23.0,72.0,3.48,21.31,6.39,6.39,2022-01-22 02:00:00
2022-01-23,5,2022,1.3,Low,27.3,17.7,22.5,71.0,2.82,23.61,7.0,7.0,2022-01-23 02:00:00
2022-01-24,5,2022,0.6,Low,28.1,16.2,22.2,71.0,2.75,20.02,5.92,5.92,2022-01-24 02:00:00
2022-01-25,5,2022,4.9,Low,26.8,16.6,21.7,71.0,2.92,19.81,5.82,5.82,2022-01-25 02:00:00
2022-01-26,5,2022,5.1,Low,28.3,16.6,22.5,73.0,3.15,22.18,6.58,6.58,2022-01-26 02:00:00
2022-01-27,5,2022,4.0,Low,29.1,16.6,22.8,75.0,2.15,22.09,6.55,6.55,2022-01-27 02:00:00
2022-01-28,5,2022,3.4,Low,28.5,15.9,22.2,73.0,3.05,20.61,6.09,6.09,2022-01-28 02:00:00
2022-01-29,5,2022,1.8,Low,29.8,16.4,23.1,71.0,2.28,21.83,6.52,6.52,2022-01-29 02:00:00
2022-01-30,5,2022,0.8,Low,27.8,17.7,22.8,72.0,3.34,22.09,6.59,6.59,2022-01-30 02:00:00
2022-01-31,5,2022,0.5,Low,30.6,15.2,22.9,69.0,3.1,20.43,6.13,6.13,2022-01-31 02:00:00
2022-02-01,5,2022,0.3,Low,30.6,14.7,22.6,70.0,3.02,22.42,6.68,6.68,2022-02-01 02:00:00
2022-02-02,5,2022,0.9,Low,29.7,17.1,23.4,72.0,2.51,18.95,5.7,5.7,2022-02-02 02:00:00
2022-02-03,5,2022,1.4,Low,29.8,16.1,23.0,71.0,3.26,22.18,6.64,6.64,2022-02-03 02:00:00
2022-02-04,5,2022,0.0,Low,29.0,16.8,22.9,68.0,2.86,19.29,5.8,5.8,2022-02-04 02:00:00
2022-02-05,5,2022,0.1,Low,27.8,16.9,22.4,66.0,3.16,22.5,6.7,6.7,2022-02-05 02:00:00
2022-02-06,5,2022,1.0,Low,28.2,15.8,22.0,69.0,2.49,20.7,6.11,6.11,2022-02-06 02:00:00
2022-02-07,5,2022,0.5,Low,27.6,16.1,21.8,73.0,2.65,22.1,6.48,6.48,2022-02-07 02:00:00
2022-02-08,5,2022,0.5,Low,27.5,15.6,21.6,72.0,3.35,22.71,6.65,6.65,2022-02-08 02:00:00
2022-02-09,5,2022,1.5,Low,27.9,17.1,22.5,71.0,3.11,21.91,6.51,6.51,2022-02-09 02:00:00
2022-02-10,5,2022,0.0,Low,28.1,16.6,22.3,72.0,2.67,21.26,6.29,6.29,2022-02-10 02:00:00
2022-02-11,5,2022,0.1,Low,29.5,15.4,22.5,70.0,3.82,20.62,6.17,6.17,2022-02-11 02:00:00
2022-02-12,5,2022,0.3,Low,29.2,16.9,23.1,71.0,2.65,19.47,5.84,5.84,2022-02-12 02:00:00
2022-02-13,5,2022,4.5,Low,30.6,15.5,23.0,74.0,3.04,19.98,5.98,5.98,2022-02-13 02:00:00
2022-02-14,5,2022,3.6,Low,28.6,17.6,23.1,70.0,2.28,21.15,6.33,6.33,2022-02-14 02:00:00
2022-02-15,5,2022,0.0,Low,29.2,15.4,22.3,70.0,3.5,20.9,6.22,6.22,2022-02-15 02:00:00
2022-02-16,5,2022,0.1,Low,30.4,16.4,23.4,69.0,3.43,21.33,6.46,6.46,2022-02-16 02:00:00
2022-02-17,5,2022,2.3,Low,29.0,16.8,22.9,70.0,2.1,21.43,6.39,6.39,2022-02-17 02:00:00
2022-02-18,5,2022,0.7,Low,28.8,15.4,22.1,74.0,3.47,20.95,6.19,6.19,2022-02-18 02:00:00
2022-02-19,5,2022,0.5,Low,29.8,17.5,23.6,74.0,2.94,20.33,6.14,6.14,2022-02-19 02:00:00
2022-02-20,5,2022,1.9,Low,29.2,15.8,22.5,73.0,2.88,21.62,6.41,6.41,2022-02-20 02:00:00
2022-02-21,5,2022,0.5,Low,29.8,16.7,23.3,67.0,3.0,20.97,6.33,6.33,2022-02-21 02:00:00
2022-02-22,5,2022,1.0,Low,29.5,16.1,22.8,66.0,3.36,20.69,6.23,6.23,2022-02-22 02:00:00
2022-02-23,5,2022,1.1,Low,27.8,16.2,22.0,73.0,2.85,23.57,6.92,6.92,2022-02-23 02:00:00
2022-02-24,5,2022,1.8,Low,30.4,16.0,23.2,66.0,2.26,22.05,6.62,6.62,2022-02-24 02:00:00
2022-02-25,5,2022,1.9,Low,29.4,16.8,23.1,72.0,3.28,26.01,7.77,7.77,2022-02-25 02:00:00
2022-02-26,5,2022,5.1,Low,26.6,16.8,21.7,67.0,2.87,21.33,6.28,6.28,2022-02-26 02:00:00
2022-02-27,5,2022,0.2,Low,29.3,16.6,22.9,66.0,3.46,20.49,6.18,6.18,2022-02-27 02:00:00
2022-02-28,5,2022,0.6,Low,29.4,16.4,22.9,73.0,3.29,21.13,6.32,6.32,2022-02-28 02:00:00
2022-03-01,5,2022,0.6,Low,28.5,14.4,21.4,69.0,3.06,22.49,6.58,6.58,2022-03-01 02:00:00
2022-03-02,5,2022,5.7,Low,29.2,16.4,22.8,76.0,3.99,21.93,6.55,6.55,2022-03-02 02:00:00
2022-03-03,5,2022,2.8,Low,29.8,15.5,22.7,72.0,3.38,20.48,6.11,6.11,2022-03-03 02:00:00
2022-03-04,5,2022,0.0,Low,28.0,15.5,21.7,67.0,3.35,23.75,6.99,6.99,2022-03-04 02:00:00
2022-03-05,5,2022,9.5,Low,29.8,15.1,22.5,74.0,3.33,21.7,6.44,6.44,2022-03-05 02:00:00
2022-03-06,5,2022,0.0,Low,30.0,14.9,22.5,72.0,2.93,19.77,5.88,5.88,2022-03-06 02:00:00
2022-03-07,5,2022,0.9,Low,29.5,17.7,23.6,69.0,3.68,19.44,5.93,5.93,2022-03-07 02:00:00
2022-03-08,5,2022,0.0,Low,31.4,15.6,23.5,68.0,2.35,21.3,6.42,6.42,2022-03-08 02:00:00
2022-03-09,5,2022,7.3,Low,29.7,16.5,23.1,68.0,2.66,22.03,6.6,6.6,2022-03-09 02:00:00
2022-03-10,5,2022,2.7,Low,28.7,16.7,22.7,73.0,3.62,22.42,6.69,6.69,2022-03-10 02:00:00
2022-03-11,5,2022,0.3,Low,28.1,16.7,22.4,73.0,3.35,21.18,6.28,6.28,2022-03-11 02:00:00
2022-03-12,5,2022,0.4,Low,29.1,15.7,22.4,70.0,3.42,21.56,6.42,6.42,2022-03-12 02:00:00
2022-03-13,5,2022,1.0,Low,28.7,17.4,23.0,73.0,2.6,22.62,6.75,6.75,2022-03-13 02:00:00
2022-03-14,5,2022,0.8,Low,28.3,15.6,21.9,70.0,2.24,22.06,6.47,6.47,2022-03-14 02:00:00
2022-03-15,5,2022,0.0,Low,28.1,16.5,22.3,68.0,3.13,21.6,6.42,6.42,2022-03-15 02:00:00
2022-03-16,5,2022,1.3,Low,28.0,15.8,21.9,73.0,2.44,21.37,6.27,6.27,2022-03-16 02:00:00
2022-03-17,5,2022,9.3,Low,28.9,15.1,22.0,74.0,2.41,20.07,5.89,5.89,2022-03-17 02:00:00
2022-03-18,5,2022,0.0,Low,26.3,16.8,21.5,63.0,3.54,21.33,6.31,6.31,2022-03-18 02:00:00
2022-03-19,5,2022,0.1,Low,28.3,16.2,22.2,67.0,3.62,20.48,6.11,6.11,2022-03-19 02:00:00
2022-03-20,5,2022,3.7,Low,28.6,16.3,22.4,67.0,3.41,20.35,6.09,6.09,2022-03-20 02:00:00
2022-03-21,5,2022,1.7,Low,29.6,16.4,23.0,70.0,3.8,20.8,6.27,6.27,2022-03-21 02:00:00
2022-03-22,5,2022,0.7,Low,28.1,16.7,22.4,70.0,3.22,20.24,6.03,6.03,2022-03-22 02:00:00
2022-03-23,5,2022,0.2,Low,31.2,17.1,24.2,73.0,2.87,20.65,6.28,6.28,2022-03-23 02:00:00
2022-03-24,5,2022,4.9,Low,26.4,16.7,21.5,65.0,3.58,21.53,6.35,6.35,2022-03-24 02:00:00
2022-03-25,5,2022,0.0,Low,28.9,15.8,22.3,70.0,4.11,23.08,6.87,6.87,2022-03-25 02:00:00
2022-03-26,5,2022,0.1,Low,28.4,17.3,22.9,70.0,3.23,20.99,6.29,6.29,2022-03-26 02:00:00
2022-03-27,5,2022,0.7,Low,30.9,15.8,23.3,70.0,2.37,22.04,6.62,6.62,2022-03-27 02:00:00
2022-03-28,5,2022,3.2,Low,27.4,16.0,21.7,68.0,3.23,22.59,6.65,6.65,2022-03-28 02:00:00
2022-03-29,5,2022,1.2,Low,28.4,17.3,22.8,71.0,2.55,20.11,6.01,6.01,2022-03-29 02:00:00
2022-03-30,5,2022,2.7,Low,29.6,15.1,22.4,74.0,2.59,23.01,6.79,6.79,2022-03-30 02:00:00
2022-03-31,5,2022,1.5,Low,29.7,16.6,23.2,72.0,3.0,21.9,6.56,6.56,2022-03-31 02:00:00
2022-04-01,5,2022,0.0,Low,29.4,16.2,22.8,69.0,3.66,23.23,6.95,6.95,2022-04-01 02:00:00
2022-04-02,5,2022,0.6,Low,30.5,17.7,24.1,68.0,2.98,22.04,6.72,6.72,2022-04-02 02:00:00
2022-04-03,5,2022,1.7,Low,27.2,15.9,21.6,67.0,3.32,23.15,6.8,6.8,2022-04-03 02:00:00
2022-04-04,5,2022,0.0,Low,29.4,16.7,23.1,67.0,3.37,21.45,6.47,6.47,2022-04-04 02:00:00
2022-04-05,5,2022,1.0,Low,28.0,16.6,22.3,70.0,3.34,22.1,6.56,6.56,2022-04-05 02:00:00
2022-04-06,5,2022,0.7,Low,27.9,16.9,22.4,68.0,2.75,22.84,6.78,6.78,2022-04-06 02:00:00
2022-04-07,5,2022,0.3,Low,30.7,16.5,23.6,75.0,3.6,22.16,6.69,6.69,2022-04-07 02:00:00
2022-04-08,5,2022,0.5,Low,31.2,16.3,23.7,71.0,2.1,22.39,6.74,6.74,2022-04-08 02:00:00
2022-04-09,5,2022,0.0,Low,28.7,15.8,22.3,67.0,3.37,22.68,6.74,6.74,2022-04-09 02:00:00
2022-04-10,5,2022,3.8,Low,28.4,16.2,22.3,68.0,3.2,21.72,6.46,6.46,2022-04-10 02:00:00
2022-04-11,5,2022,1.1,Low,27.9,15.2,21.6,76.0,3.32,22.64,6.6,6.6,2022-04-11 02:00:00
2022-04-12,5,2022,1.9,Low,32.5,17.1,24.8,74.0,2.55,20.08,6.16,6.16,2022-04-12 02:00:00
2022-04-13,5,2022,3.2,Low,29.6,16.0,22.8,63.0,2.87,21.81,6.55,6.55,2022-04-13 02:00:00
2022-04-14,5,2022,2.3,Low,29.4,16.8,23.1,70.0,2.56,23.29,6.96,6.96,2022-04-14 02:00:00
2022-04-15,5,2022,2.0,Low,31.4,15.6,23.5,71.0,3.08,21.86,6.59,6.59,2022-04-15 02:00:00
2022-04-16,5,2022,0.0,Low,29.4,16.5,23.0,68.0,3.11,21.44,6.44,6.44,2022-04-16 02:00:00
2022-04-17,5,2022,1.1,Low,28.5,17.1,22.8,71.0,2.93,20.5,6.13,6.13,2022-04-17 02:00:00
2022-04-18,5,2022,0.3,Low,29.0,17.4,23.2,70.0,3.21,21.66,6.52,6.52,2022-04-18 02:00:00
2022-04-19,5,2022,1.5,Low,29.1,16.0,22.6,71.0,3.03,22.1,6.57,6.57,2022-04-19 02:00:00
2022-04-20,5,2022,1.7,Low,29.8,17.7,23.8,65.0,2.86,20.22,6.16,6.16,2022-04-20 02:00:00
2022-04-21,5,2022,0.0,Low,29.4,16.3,22.8,67.0,2.97,21.29,6.38,6.38,2022-04-21 02:00:00
2022-04-22,5,2022,1.5,Low,28.2,16.6,22.4,65.0,2.38,21.52,6.39,6.39,2022-04-22 02:00:00
2022-04-23,5,2022,0.4,Low,29.4,16.1,22.7,68.0,3.5,21.76,6.53,6.53,2022-04-23 02:00:00
2022-04-24,5,2022,7.0,Low,29.3,16.5,22.9,69.0,2.73,21.95,6.56,6.56,2022-04-24 02:00:00
2022-04-25,5,2022,3.1,Low,29.2,16.2,22.7,61.0,2.98,22.43,6.74,6.74,2022-04-25 02:00:00
2022-04-26,5,2022,1.6,Low,28.5,16.4,22.4,69.0,1.79,22.96,6.77,6.77,2022-04-26 02:00:00
2022-04-27,5,2022,0.4,Low,32.0,16.9,24.4,67.0,2.68,22.37,6.84,6.84,2022-04-27 02:00:00
2022-04-28,5,2022,0.6,Low,32.9,17.8,25.3,67.0,3.08,22.52,6.99,6.99,2022-04-28 02:00:00
2022-04-29,5,2022,5.5,Low,28.9,18.0,23.4,71.0,2.92,23.65,7.11,7.11,2022-04-29 02:00:00
2022-04-30,5,2022,2.5,Low,29.4,16.1,22.8,67.0,2.64,21.11,6.31,6.31,2022-04-30 02:00:00
2022-05-01,5,2022,3.3,Low,29.4,17.6,23.5,69.0,3.04,21.9,6.62,6.62,2022-05-01 02:00:00
2022-05-02,5,2022,0.0,Moderate,30.4,17.1,23.8,73.0,2.39,21.75,6.56,6.56,2022-05-02 02:00:00
2022-05-03,5,2022,0.2,Moderate,30.2,16.5,23.3,68.0,3.02,21.42,6.46,6.46,2022-05-03 02:00:00
2022-05-04,5,2022,4.1,Moderate,29.6,17.5,23.6,69.0,3.18,20.09,6.09,6.09,2022-05-04 02:00:00
2022-05-05,5,2022,0.3,Moderate,28.1,15.7,21.9,75.0,2.78,22.24,6.52,6.52,2022-05-05 02:00:00
2022-05-06,5,2022,2.9,Moderate,28.6,17.5,23.1,69.0,2.92,23.43,7.02,7.02,2022-05-06 02:00:00
2022-05-07,5,2022,0.0,Moderate,30.5,16.4,23.4,67.0,3.93,21.16,6.44,6.44,2022-05-07 02:00:00
2022-05-08,5,2022,2.6,Moderate,30.5,16.9,23.7,69.0,3.15,21.94,6.66,6.66,2022-05-08 02:00:00
2022-05-09,5,2022,0.3,Moderate,26.9,16.8,21.8,66.0,2.65,22.71,6.69,6.69,2022-05-09 02:00:00
2022-05-10,5,2022,1.2,Moderate,27.8,17.3,22.5,69.0,2.59,23.59,7.0,7.0,2022-05-10 02:00:00
2022-05-11,5,2022,0.0,Moderate,30.2,16.0,23.1,74.0,3.29,22.87,6.85,6.85,2022-05-11 02:00:00
2022-05-12,5,2022,5.9,Moderate,29.9,17.8,23.8,72.0,2.82,22.93,6.93,6.93,2022-05-12 02:00:00
2022-05-13,5,2022,0.0,Moderate,28.4,16.7,22.5,63.0,3.03,22.78,6.81,6.81,2022-05-13 02:00:00
2022-05-14,5,2022,0.3,Moderate,31.3,17.7,24.5,68.0,3.09,21.02,6.46,6.46,2022-05-14 02:00:00
2022-05-15,5,2022,0.0,Moderate,30.5,16.2,23.4,74.0,3.23,19.19,5.79,5.79,2022-05-15 02:00:00
2022-05-16,5,2022,2.1,Moderate,27.6,17.2,22.4,64.0,3.04,23.24,6.92,6.92,2022-05-16 02:00:00
2022-05-17,5,2022,0.0,Moderate,29.5,17.5,23.5,63.0,3.26,21.77,6.62,6.62,2022-05-17 02:00:00
2022-05-18,5,2022,0.6,Moderate,29.1,17.4,23.3,64.0,3.02,21.96,6.64,6.64,2022-05-18 02:00:00
2022-05-19,5,2022,1.4,Moderate,29.9,17.4,23.6,68.0,3.3,21.11,6.41,6.41,2022-05-19 02:00:00
2022-05-20,5,2022,0.0,Moderate,29.6,17.7,23.7,64.0,2.93,21.68,6.59,6.59,2022-05-20 02:00:00
2022-05-21,5,2022,0.9,Moderate,30.3,17.8,24.0,69.0,3.8,21.97,6.72,6.72,2022-05-21 02:00:00
2022-05-22,5,2022,0.1,Moderate,30.9,16.5,23.7,67.0,2.1,21.38,6.46,6.46,2022-05-22 02:00:00
2022-05-23,5,2022,1.8,Moderate,29.9,17.7,23.8,63.0,3.4,19.71,6.05,6.05,2022-05-23 02:00:00
2022-05-24,5,2022,0.0,Moderate,30.2,17.3,23.7,66.0,3.13,23.1,7.01,7.01,2022-05-24 02:00:00
2022-05-25,5,2022,6.8,Moderate,31.6,17.6,24.6,72.0,3.03,23.54,7.2,7.2,2022-05-25 02:00:00
2022-05-26,5,2022,1.8,Moderate,29.0,15.3,22.2,68.0,2.37,22.46,6.62,6.62,2022-05-26 02:00:00
2022-05-27,5,2022,1.1,Moderate,31.0,16.7,23.8,62.0,2.91,22.75,6.93,6.93,2022-05-27 02:00:00
2022-05-28,5,2022,0.0,Moderate,31.0,17.0,24.0,75.0,3.14,21.64,6.56,6.56,2022-05-28 02:00:00
2022-05-29,5,2022,0.0,Moderate,31.4,16.0,23.7,63.0,2.61,23.41,7.1,7.1,2022-05-29 02:00:00
2022-05-30,5,2022,2.2,Moderate,29.4,17.3,23.4,68.0,3.15,22.08,6.67,6.67,2022-05-30 02:00:00
2022-05-31,5,2022,2.6,Moderate,30.9,16.9,23.9,66.0,2.82,24.55,7.45,7.45,2022-05-31 02:00:00
2022-06-01,5,2022,0.0,Moderate,30.0,18.0,24.0,69.0,3.14,21.45,6.54,6.54,2022-06-01 02:00:00
2022-06-02,5,2022,1.7,Moderate,28.9,16.4,22.7,65.0,3.56,23.27,6.98,6.98,2022-06-02 02:00:00
2022-06-03,5,2022,1.6,Moderate,29.2,17.4,23.3,67.0,2.89,22.82,6.87,6.87,2022-06-03 02:00:00
2022-06-04,5,2022,4.5,Moderate,29.3,18.7,24.0,69.0,3.66,21.88,6.68,6.68,2022-06-04 02:00:00
2022-06-05,5,2022,3.5,Moderate,29.5,17.3,23.4,65.0,2.41,24.18,7.28,7.28,2022-06-05 02:00:00
2022-06-06,5,2022,2.2,Moderate,29.2,16.2,22.7,67.0,3.61,22.52,6.75,6.75,2022-06-06 02:00:00
2022-06-07,5,2022,1.7,Moderate,31.0,17.2,24.1,65.0,3.28,24.35,7.43,7.43,2022-06-07 02:00:00
2022-06-08,5,2022,3.3,Moderate,28.8,17.8,23.3,61.0,3.51,22.48,6.84,6.84,2022-06-08 02:00:00
2022-06-09,5,2022,1.4,Moderate,30.6,15.9,23.3,68.0,2.87,21.42,6.45,6.45,2022-06-09 02:00:00
2022-06-10,5,2022,0.0,Moderate,29.0,17.5,23.3,67.0,3.28,23.08,6.96,6.96,2022-06-10 02:00:00
2022-06-11,5,2022,0.6,Moderate,27.9,16.8,22.3,68.0,3.05,22.46,6.67,6.67,2022-06-11 02:00:00
2022-06-12,5,2022,4.9,Moderate,29.8,16.5,23.1,63.0,3.12,22.08,6.67,6.67,2022-06-12 02:00:00
2022-06-13,5,2022,0.0,Moderate,31.5,17.2,24.3,69.0,3.3,23.2,7.1,7.1,2022-06-13 02:00:00
2022-06-14,5,2022,1.6,Moderate,30.4,16.9,23.6,65.0,2.68,21.77,6.6,6.6,2022-06-14 02:00:00
2022-06-15,5,2022,6.1,Moderate,30.8,17.5,24.1,70.0,2.57,23.32,7.08,7.08,2022-06-15 02:00:00
2022-06-16,5,2022,0.0,Moderate,30.4,16.7,23.6,65.0,3.2,22.18,6.73,6.73,2022-06-16 02:00:00
2022-06-17,5,2022,0.0,Moderate,30.4,17.1,23.8,69.0,2.55,23.09,6.98,6.98,2022-06-17 02:00:00
2022-06-18,5,2022,1.5,Moderate,30.3,16.4,23.3,69.0,3.1,23.63,7.11,7.11,2022-06-18 02:00:00
2022-06-19,5,2022,0.6,Moderate,29.3,17.3,23.3,63.0,3.36,22.27,6.75,6.75,2022-06-19 02:00:00
2022-06-20,5,2022,1.1,Moderate,30.8,16.7,23.8,66.0,2.81,20.36,6.2,6.2,2022-06-20 02:00:00
2022-06-21,5,2022,1.8,Moderate,29.1,18.3,23.7,70.0,2.61,22.04,6.66,6.66,2022-06-21 02:00:00
2022-06-22,5,2022,4.2,Moderate,30.9,16.7,23.8,63.0,3.05,21.48,6.55,6.55,2022-06-22 02:00:00
2022-06-23,5,2022,2.9,Moderate,30.9,17.7,24.3,63.0,2.31,22.94,7.01,7.01,2022-06-23 02:00:00
2022-06-24,5,2022,0.2,Moderate,29.8,16.9,23.3,68.0,2.83,23.19,6.98,6.98,2022-06-24 02:00:00
2022-06-25,5,2022,0.3,Moderate,28.6,16.0,22.3,67.0,2.15,23.53,6.95,6.95,2022-06-25 02:00:00
2022-06-26,5,2022,2.3,Moderate,29.2,16.3,22.7,68.0,2.71,22.25,6.64,6.64,2022-06-26 02:00:00
2022-06-27,5,2022,1.0,Moderate,30.6,16.4,23.5,64.0,2.26,22.59,6.81,6.81,2022-06-27 02:00:00
2022-06-28,5,2022,0.5,Moderate,30.8,17.5,24.1,72.0,2.77,22.64,6.88,6.88,2022-06-28 02:00:00
2022-06-29,5,2022,0.9,Moderate,30.0,17.1,23.6,68.0,2.69,22.08,6.67,6.67,2022-06-29 02:00:00
2022-06-30,5,2022,4.1,Moderate,30.9,16.8,23.8,66.0,3.44,22.02,6.72,6.72,2022-06-30 02:00:00
2022-07-01,5,2022,3.0,Moderate,30.6,16.1,23.4,67.0,2.31,24.0,7.21,7.21,2022-07-01 02:00:00
2022-07-02,5,2022,1.2,Moderate,31.1,18.5,24.8,67.0,2.45,23.06,7.08,7.08,2022-07-02 02:00:00
2022-07-03,5,2022,0.0,Moderate,32.3,15.5,23.9,64.0,2.46,21.59,6.57,6.57,2022-07-03 02:00:00
2022-07-04,5,2022,0.8,Moderate,29.4,17.6,23.5,63.0,2.96,24.08,7.29,7.29,2022-07-04 02:00:00
2022-07-05,5,2022,0.0,Moderate,30.4,16.0,23.2,67.0,2.77,21.08,6.35,6.35,2022-07-05 02:00:00
2022-07-06,5,2022,1.9,Moderate,29.9,18.2,24.0,66.0,3.09,23.58,7.19,7.19,2022-07-06 02:00:00
2022-07-07,5,2022,1.7,Moderate,31.0,18.3,24.7,68.0,3.51,21.63,6.67,6.67,2022-07-07 02:00:00
2022-07-08,5,2022,0.0,Moderate,33.1,17.7,25.4,72.0,3.4,22.89,7.09,7.09,2022-07-08 02:00:00
2022-07-09,5,2022,2.0,Moderate,32.1,17.1,24.6,68.0,2.74,22.2,6.81,6.81,2022-07-09 02:00:00
2022-07-10,5,2022,1.5,Moderate,30.8,17.5,24.2,68.0,1.98,22.59,6.86,6.86,2022-07-10 02:00:00
2022-07-11,5,2022,1.4,Moderate,31.5,17.0,24.2,69.0,2.58,24.6,7.47,7.47,2022-07-11 02:00:00
2022-07-12,5,2022,0.2,Moderate,30.4,15.9,23.1,66.0,2.13,21.18,6.35,6.35,2022-07-12 02:00:00
2022-07-13,5,2022,0.8,Moderate,29.8,17.6,23.7,70.0,2.86,22.77,6.88,6.88,2022-07-13 02:00:00
2022-07-14,5,2022,0.2,Moderate,32.2,17.3,24.7,71.0,3.79,21.9,6.75,6.75,2022-07-14 02:00:00
2022-07-15,5,2022,0.3,Moderate,31.8,17.2,24.5,67.0,3.75,22.19,6.84,6.84,2022-07-15 02:00:00
2022-07-16,5,2022,0.0,Moderate,30.2,16.9,23.5,67.0,2.47,23.91,7.2,7.2,2022-07-16 02:00:00
2022-07-17,5,2022,1.2,Moderate,29.4,16.6,23.0,73.0,2.79,22.55,6.73,6.73,2022-07-17 02:00:00
2022-07-18,5,2022,5.3,Moderate,30.7,18.4,24.6,66.0,3.3,22.89,7.04,7.04,2022-07-18 02:00:00
2022-07-19,5,2022,0.8,Moderate,29.6,18.1,23.8,68.0,3.17,22.86,6.94,6.94,2022-07-19 02:00:00
2022-07-20,5,2022,0.0,Moderate,27.8,17.7,22.7,74.0,3.08,21.7,6.46,6.46,2022-07-20 02:00:00
2022-07-21,5,2022,0.9,Moderate,30.9,16.3,23.6,67.0,3.58,22.96,6.97,6.97,2022-07-21 02:00:00
2022-07-22,5,2022,0.0,Moderate,31.1,17.1,24.1,62.0,3.32,22.01,6.76,6.76,2022-07-22 02:00:00
2022-07-23,5,2022,1.6,Moderate,29.8,17.4,23.6,64.0,3.47,22.39,6.82,6.82,2022-07-23 02:00:00
2022-07-24,5,2022,0.7,Moderate,31.1,18.8,24.9,70.0,3.28,23.76,7.32,7.32,2022-07-24 02:00:00
2022-07-25,5,2022,0.0,Moderate,31.7,17.2,24.5,68.0,3.03,23.38,7.16,7.16,2022-07-25 02:00:00
2022-07-26,5,2022,4.9,Moderate,29.1,17.3,23.2,60.0,2.98,23.27,7.04,7.04,2022-07-26 02:00:00
2022-07-27,5,2022,0.0,Moderate,30.6,19.1,24.9,63.0,2.7,24.79,7.64,7.64,2022-07-27 02:00:00
2022-07-28,5,2022,1.5,Moderate,29.6,16.7,23.1,65.0,2.96,22.99,6.92,6.92,2022-07-28 02:00:00
2022-07-29,5,2022,0.2,Moderate,29.9,18.6,24.2,66.0,2.28,23.11,7.04,7.04,2022-07-29 02:00:00
2022-07-30,5,2022,0.0,Moderate,32.7,17.6,25.2,62.0,3.24,22.27,6.94,6.94,2022-07-30 02:00:00
2022-07-31,5,2022,1.0,Moderate,30.7,18.3,24.5,62.0,3.34,23.99,7.39,7.39,2022-07-31 02:00:00
2022-08-01,5,2022,0.0,Moderate,30.4,17.2,23.8,62.0,2.76,21.79,6.64,6.64,2022-08-01 02:00:00
2022-08-02,5,2022,2.7,Moderate,28.3,17.9,23.1,69.0,2.82,22.32,6.69,6.69,2022-08-02 02:00:00
2022-08-03,5,2022,0.0,Moderate,30.9,17.0,23.9,62.0,3.47,24.97,7.63,7.63,2022-08-03 02:00:00
2022-08-04,5,2022,0.8,Moderate,31.7,18.4,25.0,68.0,2.8,21.77,6.72,6.72,2022-08-04 02:00:00
2022-08-05,5,2022,0.1,Moderate,31.5,18.4,24.9,63.0,3.48,25.0,7.74,7.74,2022-08-05 02:00:00
2022-08-06,5,2022,2.7,Moderate,31.2,18.5,24.8,65.0,3.16,22.55,6.97,6.97,2022-08-06 02:00:00
2022-08-07,5,2022,0.5,Moderate,30.9,16.6,23.7,68.0,3.84,22.39,6.82,6.82,2022-08-07 02:00:00
2022-08-08,5,2022,1.1,Moderate,29.6,18.5,24.0,66.0,2.81,24.46,7.44,7.44,2022-08-08 02:00:00
2022-08-09,5,2022,4.1,Moderate,30.4,16.4,23.4,63.0,2.93,21.71,6.58,6.58,2022-08-09 02:00:00
2022-08-10,5,2022,2.5,Moderate,33.6,17.9,25.7,67.0,3.1,23.34,7.28,7.28,2022-08-10 02:00:00
2022-08-11,5,2022,0.3,Moderate,31.2,18.1,24.6,63.0,3.0,21.3,6.58,6.58,2022-08-11 02:00:00
2022-08-12,5,2022,0.0,Moderate,32.1,17.5,24.8,67.0,3.29,24.11,7.43,7.43,2022-08-12 02:00:00
2022-08-13,5,2022,0.2,Moderate,31.1,18.4,24.7,64.0,2.86,22.01,6.79,6.79,2022-08-13 02:00:00
2022-08-14,5,2022,1.3,Moderate,30.6,17.5,24.0,65.0,2.79,24.46,7.44,7.44,2022-08-14 02:00:00
2022-08-15,5,2022,4.7,Moderate,32.6,18.1,25.3,65.0,2.98,22.96,7.13,7.13,2022-08-15 02:00:00
2022-08-16,5,2022,0.0,Moderate,31.6,17.1,24.3,60.0,2.96,25.36,7.77,7.77,2022-08-16 02:00:00
2022-08-17,5,2022,1.6,Moderate,30.0,18.5,24.3,65.0,3.27,23.06,7.07,7.07,2022-08-17 02:00:00
2022-08-18,5,2022,3.5,Moderate,30.8,17.0,23.9,71.0,2.99,23.61,7.15,7.15,2022-08-18 02:00:00
2022-08-19,5,2022,0.1,Moderate,31.3,18.9,25.1,66.0,3.2,22.24,6.9,6.9,2022-08-19 02:00:00
2022-08-20,5,2022,6.2,Moderate,30.7,17.6,24.2,60.0,3.28,23.51,7.22,7.22,2022-08-20 02:00:00
2022-08-21,5,2022,0.0,Moderate,30.3,16.8,23.6,72.0,3.07,22.37,6.75,6.75,2022-08-21 02:00:00
2022-08-22,5,2022,1.4,Moderate,30.4,17.9,24.1,66.0,3.97,23.57,7.23,7.23,2022-08-22 02:00:00
2022-08-23,5,2022,1.1,Moderate,30.0,17.1,23.6,62.0,2.96,23.19,7.04,7.04,2022-08-23 02:00:00
2022-08-24,5,2022,0.0,Moderate,31.1,17.9,24.5,65.0,3.33,22.87,7.04,7.04,2022-08-24 02:00:00
2022-08-25,5,2022,0.0,Moderate,30.5,17.3,23.9,60.0,2.86,23.13,7.06,7.06,2022-08-25 02:00:00
2022-08-26,5,2022,0.0,Moderate,31.7,17.3,24.5,69.0,2.25,25.11,7.65,7.65,2022-08-26 02:00:00
2022-08-27,5,2022,2.0,Moderate,31.4,17.1,24.2,65.0,3.49,23.69,7.26,7.26,2022-08-27 02:00:00
2022-08-28,5,2022,0.0,Moderate,30.7,16.9,23.8,61.0,3.01,23.41,7.14,7.14,2022-08-28 02:00:00
2022-08-29,5,2022,3.5,Moderate,30.7,17.7,24.2,59.0,2.8,24.03,7.36,7.36,2022-08-29 02:00:00
2022-08-30,5,2022,0.7,High,31.6,17.2,24.4,63.0,2.63,24.16,7.4,7.4,2022-08-30 02:00:00
2022-08-31,5,2022,1.0,High,31.9,17.3,24.6,66.0,2.39,22.22,6.81,6.81,2022-08-31 02:00:00
2022-09-01,5,2022,1.9,High,31.8,18.4,25.1,62.0,2.63,23.93,7.41,7.41,2022-09-01 02:00:00
2022-09-02,5,2022,1.6,High,33.6,17.6,25.6,67.0,3.28,23.79,7.41,7.41,2022-09-02 02:00:00
2022-09-03,5,2022,1.1,High,29.6,18.8,24.2,61.0,3.14,23.94,7.34,7.34,2022-09-03 02:00:00
2022-09-04,5,2022,0.0,High,34.5,17.7,26.1,67.0,3.2,21.54,6.77,6.77,2022-09-04 02:00:00
2022-09-05,5,2022,0.1,High,30.6,16.5,23.5,66.0,3.04,21.58,6.54,6.54,2022-09-05 02:00:00
2022-09-06,5,2022,4.2,High,30.4,18.4,24.4,64.0,3.37,25.64,7.86,7.86,2022-09-06 02:00:00
2022-09-07,5,2022,0.4,High,31.3,17.8,24.6,62.0,3.1,22.29,6.88,6.88,2022-09-07 02:00:00
2022-09-08,5,2022,0.1,High,32.7,18.0,25.4,63.0,3.37,24.74,7.7,7.7,2022-09-08 02:00:00
2022-09-09,5,2022,0.1,High,31.1,17.3,24.2,67.0,2.19,21.27,6.48,6.48,2022-09-09 02:00:00
2022-09-10,5,2022,0.3,High,32.6,17.9,25.2,63.0,3.04,24.58,7.63,7.63,2022-09-10 02:00:00
2022-09-11,5,2022,1.9,High,31.5,18.6,25.1,62.0,3.6,24.7,7.67,7.67,2022-09-11 02:00:00
2022-09-12,5,2022,0.1,High,30.8,18.3,24.6,60.0,3.23,21.18,6.56,6.56,2022-09-12 02:00:00
2022-09-13,5,2022,2.5,High,30.4,17.4,23.9,65.0,2.9,23.52,7.15,7.15,2022-09-13 02:00:00
2022-09-14,5,2022,2.4,High,31.7,18.2,25.0,64.0,3.27,23.34,7.23,7.23,2022-09-14 02:00:00
2022-09-15,5,2022,0.1,High,30.4,17.3,23.8,65.0,2.88,21.57,6.57,6.57,2022-09-15 02:00:00
2022-09-16,5,2022,0.6,High,30.5,16.8,23.7,64.0,2.95,24.06,7.3,7.3,2022-09-16 02:00:00
2022-09-17,5,2022,3.5,High,31.4,16.7,24.0,57.0,2.49,23.29,7.12,7.12,2022-09-17 02:00:00
2022-09-18,5,2022,0.2,High,30.9,17.7,24.3,62.0,3.08,23.93,7.34,7.34,2022-09-18 02:00:00
2022-09-19,5,2022,2.2,High,31.4,16.8,24.1,61.0,2.77,22.22,6.8,6.8,2022-09-19 02:00:00
2022-09-20,5,2022,0.7,High,32.1,19.0,25.5,66.0,2.88,22.44,6.99,6.99,2022-09-20 02:00:00
2022-09-21,5,2022,0.4,High,31.6,18.3,24.9,58.0,3.12,21.11,6.58,6.58,2022-09-21 02:00:00
2022-09-22,5,2022,1.4,High,30.8,18.2,24.5,60.0,2.66,23.72,7.29,7.29,2022-09-22 02:00:00
2022-09-23,5,2022,1.7,High,31.3,17.4,24.3,63.0,2.68,24.45,7.48,7.48,2022-09-23 02:00:00
2022-09-24,5,2022,0.1,High,31.9,17.0,24.5,59.0,2.93,23.78,7.32,7.32,2022-09-24 02:00:00
2022-09-25,5,2022,0.0,High,31.0,18.5,24.8,67.0,3.04,25.08,7.7,7.7,2022-09-25 02:00:00
2022-09-26,5,2022,0.5,High,29.7,18.1,23.9,65.0,3.52,25.05,7.63,7.63,2022-09-26 02:00:00
2022-09-27,5,2022,3.3,High,31.6,18.5,25.1,63.0,2.41,23.67,7.31,7.31,2022-09-27 02:00:00
2022-09-28,5,2022,1.2,High,32.9,17.3,25.1,60.0,2.51,24.43,7.56,7.56,2022-09-28 02:00:00
2022-09-29,5,2022,0.8,High,31.6,18.4,25.0,66.0,2.97,22.46,6.95,6.95,2022-09-29 02:00:00
2022-09-30,5,2022,1.0,High,32.4,18.0,25.2,65.0,3.69,22.4,6.98,6.98,2022-09-30 02:00:00
2022-10-01,5,2022,0.1,High,32.0,18.0,25.0,62.0,3.13,23.11,7.17,7.17,2022-10-01 02:00:00
2022-10-02,5,2022,0.0,High,31.1,18.9,25.0,65.0,2.23,23.52,7.24,7.24,2022-10-02 02:00:00
2022-10-03,5,2022,0.0,High,32.6,18.8,25.7,62.0,2.93,23.18,7.25,7.25,2022-10-03 02:00:00
2022-10-04,5,2022,0.0,High,31.4,17.9,24.6,64.0,2.74,23.75,7.3,7.3,2022-10-04 02:00:00
2022-10-05,5,2022,0.0,High,31.4,17.7,24.6,59.0,3.82,25.0,7.74,7.74,2022-10-05 02:00:00
2022-10-06,5,2022,0.0,High,31.9,17.3,24.6,63.0,2.5,24.72,7.58,7.58,2022-10-06 02:00:00
2022-10-07,5,2022,1.4,High,32.4,16.6,24.5,58.0,3.25,24.43,7.54,7.54,2022-10-07 02:00:00
2022-10-08,5,2022,0.9,High,31.3,17.9,24.6,66.0,2.58,23.59,7.23,7.23,2022-10-08 02:00:00
2022-10-09,5,2022,2.7,High,32.3,18.1,25.2,61.0,2.74,26.28,8.13,8.13,2022-10-09 02:00:00
2022-10-10,5,2022,0.0,High,32.6,16.5,24.6,70.0,4.05,23.76,7.31,7.31,2022-10-10 02:00:00
2022-10-11,5,2022,3.3,High,33.7,17.7,25.7,66.0,2.66,24.53,7.63,7.63,2022-10-11 02:00:00
2022-10-12,5,2022,0.2,High,34.6,19.8,27.2,59.0,2.63,24.25,7.73,7.73,2022-10-12 02:00:00
2022-10-13,5,2022,3.8,High,32.1,19.7,25.9,63.0,3.03,24.34,7.63,7.63,2022-10-13 02:00:00
2022-10-14,5,2022,1.4,High,31.9,18.0,25.0,66.0,2.43,21.09,6.51,6.51,2022-10-14 02:00:00
2022-10-15,5,2022,0.0,High,33.6,17.9,25.7,66.0,3.17,22.01,6.89,6.89,2022-10-15 02:00:00
2022-10-16,5,2022,3.1,High,29.8,18.7,24.3,66.0,2.98,22.67,6.94,6.94,2022-10-16 02:00:00
2022-10-17,5,2022,0.0,High,32.6,16.9,24.7,57.0,3.37,22.47,6.99,6.99,2022-10-17 02:00:00
2022-10-18,5,2022,0.5,High,32.6,18.2,25.4,67.0,3.03,22.11,6.88,6.88,2022-10-18 02:00:00
2022-10-19,5,2022,0.0,High,33.4,18.4,25.9,63.0,3.08,24.11,7.55,7.55,2022-10-19 02:00:00
2022-10-20,5,2022,0.8,High,32.1,19.6,25.9,61.0,2.8,21.18,6.66,6.66,2022-10-20 02:00:00
2022-10-21,5,2022,1.1,High,31.8,17.1,24.4,65.0,2.74,22.23,6.82,6.82,2022-10-21 02:00:00
2022-10-22,5,2022,1.9,High,28.6,17.8,23.2,62.0,3.65,24.17,7.32,7.32,2022-10-22 02:00:00
2022-10-23,5,2022,0.9,High,31.3,18.2,24.7,58.0,3.89,24.49,7.62,7.62,2022-10-23 02:00:00
2022-10-24,5,2022,2.9,High,31.8,17.1,24.5,64.0,3.42,23.61,7.27,7.27,2022-10-24 02:00:00
2022-10-25,5,2022,1.1,High,32.0,17.1,24.6,61.0,3.25,25.25,7.78,7.78,2022-10-25 02:00:00
2022-10-26,5,2022,0.9,High,32.2,17.7,25.0,62.0,2.13,23.94,7.37,7.37,2022-10-26 02:00:00
2022-10-27,5,2022,0.0,High,33.0,17.0,25.0,68.0,3.12,23.26,7.18,7.18,2022-10-27 02:00:00
2022-10-28,5,2022,3.9,High,32.4,17.0,24.7,68.0,2.23,25.38,7.75,7.75,2022-10-28 02:00:00
2022-10-29,5,2022,6.8,High,33.5,19.1,26.3,63.0,3.05,24.35,7.67,7.67,2022-10-29 02:00:00
2022-10-30,5,2022,0.6,High,32.4,18.0,25.2,61.0,3.44,21.74,6.8,6.8,2022-10-30 02:00:00
2022-10-31,5,2022,0.0,High,32.8,18.1,25.4,60.0,3.38,24.89,7.77,7.77,2022-10-31 02:00:00
2022-11-01,5,2022,0.2,High,31.5,19.8,25.7,59.0,3.14,24.3,7.61,7.61,2022-11-01 02:00:00
2022-11-02,5,2022,6.1,High,32.0,17.2,24.6,64.0,2.49,23.96,7.34,7.34,2022-11-02 02:00:00
2022-11-03,5,2022,2.4,High,33.1,18.0,25.6,59.0,2.68,24.29,7.58,7.58,2022-11-03 02:00:00
2022-11-04,5,2022,0.0,High,31.1,18.6,24.9,61.0,2.75,24.05,7.42,7.42,2022-11-04 02:00:00
2022-11-05,5,2022,0.0,High,32.5,18.2,25.3,59.0,3.03,26.72,8.31,8.31,2022-11-05 02:00:00
2022-11-06,5,2022,0.0,High,34.9,19.5,27.2,61.0,2.78,23.95,7.63,7.63,2022-11-06 02:00:00
2022-11-07,5,2022,0.0,High,32.9,17.8,25.4,64.0,3.02,24.31,7.55,7.55,2022-11-07 02:00:00
2022-11-08,5,2022,2.1,High,33.0,19.1,26.0,63.0,2.34,26.34,8.21,8.21,2022-11-08 02:00:00
2022-11-09,5,2022,0.0,High,31.6,17.1,24.4,61.0,3.12,22.76,7.01,7.01,2022-11-09 02:00:00
2022-11-10,5,2022,3.1,High,32.1,18.3,25.2,60.0,3.74,24.32,7.6,7.6,2022-11-10 02:00:00
2022-11-11,5,2022,2.4,High,32.6,17.8,25.2,61.0,2.89,23.77,7.38,7.38,2022-11-11 02:00:00
2022-11-12,5,2022,0.0,High,31.0,18.3,24.6,63.0,3.65,23.91,7.39,7.39,2022-11-12 02:00:00
2022-11-13,5,2022,7.0,High,30.9,17.6,24.2,63.0,3.01,24.31,7.44,7.44,2022-11-13 02:00:00
2022-11-14,5,2022,3.9,High,32.8,16.7,24.8,55.0,2.57,23.84,7.38,7.38,2022-11-14 02:00:00
2022-11-15,5,2022,1.7,High,33.7,19.2,26.5,59.0,2.78,22.69,7.18,7.18,2022-11-15 02:00:00
2022-11-16,5,2022,0.0,High,31.3,16.8,24.1,66.0,3.02,25.13,7.65,7.65,2022-11-16 02:00:00
2022-11-17,5,2022,0.4,High,32.8,18.6,25.7,61.0,3.37,24.58,7.7,7.7,2022-11-17 02:00:00
2022-11-18,5,2022,0.3,High,32.8,18.2,25.5,65.0,3.33,24.03,7.49,7.49,2022-11-18 02:00:00
2022-11-19,5,2022,0.0,High,33.7,18.0,25.8,66.0,2.39,26.04,8.09,8.09,2022-11-19 02:00:00
2022-11-20,5,2022,0.0,High,31.7,17.5,24.6,65.0,3.48,24.44,7.53,7.53,2022-11-20 02:00:00
2022-11-21,5,2022,0.0,High,34.7,18.0,26.4,66.0,3.01,24.36,7.66,7.66,2022-11-21 02:00:00
2022-11-22,5,2022,0.7,High,34.7,18.7,26.7,63.0,4.24,26.97,8.56,8.56,2022-11-22 02:00:00
2022-11-23,5,2022,0.0,High,33.4,19.5,26.4,61.0,3.15,22.98,7.28,7.28,2022-11-23 02:00:00
2022-11-24,5,2022,6.3,High,31.7,16.9,24.3,60.0,2.69,23.67,7.26,7.26,2022-11-24 02:00:00
2022-11-25,5,2022,0.8,High,30.9,17.7,24.3,64.0,2.99,22.43,6.88,6.88,2022-11-25 02:00:00
2022-11-26,5,2022,0.0,High,30.3,18.7,24.5,65.0,2.95,22.25,6.84,6.84,2022-11-26 02:00:00
2022-11-27,5,2022,0.0,High,31.2,18.0,24.6,58.0,3.43,23.87,7.4,7.4,2022-11-27 02:00:00
2022-11-28,5,2022,0.0,High,31.9,17.8,24.9,57.0,3.31,24.55,7.63,7.63,2022-11-28 02:00:00
2022-11-29,5,2022,17.1,High,34.0,20.3,27.1,62.0,3.56,25.97,8.28,8.28,2022-11-29 02:00:00
2022-11-30,5,2022,0.0,High,32.7,16.9,24.8,59.0,2.09,23.59,7.26,7.26,2022-11-30 02:00:00
2022-12-01,5,2022,3.1,High,31.2,17.9,24.5,61.0,3.53,23.58,7.29,7.29,2022-12-01 02:00:00
2022-12-02,5,2022,0.4,High,30.8,18.0,24.4,63.0,3.14,22.06,6.79,6.79,2022-12-02 02:00:00
2022-12-03,5,2022,0.0,High,32.7,20.1,26.4,62.0,2.8,24.54,7.73,7.73,2022-12-03 02:00:00
2022-12-04,5,2022,0.0,High,31.4,18.6,25.0,58.0,3.06,26.08,8.08,8.08,2022-12-04 02:00:00
2022-12-05,5,2022,0.0,High,31.6,19.3,25.4,61.0,2.18,25.51,7.9,7.9,2022-12-05 02:00:00
2022-12-06,5,2022,1.1,High,31.9,19.4,25.6,59.0,2.73,25.09,7.83,7.83,2022-12-06 02:00:00
2022-12-07,5,2022,2.1,High,31.7,18.0,24.9,64.0,2.65,24.69,7.6,7.6,2022-12-07 02:00:00
2022-12-08,5,2022,4.1,High,31.5,19.8,25.6,56.0,2.44,23.32,7.3,7.3,2022-12-08 02:00:00
2022-12-09,5,2022,3.2,High,32.7,17.2,25.0,60.0,3.27,23.78,7.38,7.38,2022-12-09 02:00:00
2022-12-10,5,2022,0.6,High,33.2,17.5,25.3,63.0,2.91,24.03,7.47,7.47,2022-12-10 02:00:00
2022-12-11,5,2022,0.2,High,31.0,18.9,25.0,59.0,2.33,25.98,8.01,8.01,2022-12-11 02:00:00
2022-12-12,5,2022,0.0,High,33.6,16.7,25.2,64.0,3.61,25.12,7.8,7.8,2022-12-12 02:00:00
2022-12-13,5,2022,0.0,High,35.0,19.2,27.1,61.0,2.26,25.23,7.99,7.99,2022-12-13 02:00:00
2022-12-14,5,2022,0.0,High,32.7,18.8,25.7,66.0,3.46,22.65,7.09,7.09,2022-12-14 02:00:00
2022-12-15,5,2022,0.8,High,33.4,17.9,25.6,59.0,2.76,25.82,8.05,8.05,2022-12-15 02:00:00
2022-12-16,5,2022,0.0,High,33.4,19.4,26.4,61.0,3.35,24.25,7.67,7.67,2022-12-16 02:00:00
2022-12-17,5,2022,5.3,High,33.5,18.8,26.1,62.0,2.21,22.83,7.16,7.16,2022-12-17 02:00:00
2022-12-18,5,2022,1.2,High,34.7,19.5,27.1,63.0,3.05,24.37,7.75,7.75,2022-12-18 02:00:00
2022-12-19,5,2022,0.0,High,33.4,20.0,26.7,62.0,3.24,23.94,7.6,7.6,2022-12-19 02:00:00
2022-12-20,5,2022,5.2,High,33.6,16.5,25.1,61.0,2.64,25.99,8.03,8.03,2022-12-20 02:00:00
2022-12-21,5,2022,0.0,High,30.2,18.2,24.2,62.0,3.16,24.54,7.52,7.52,2022-12-21 02:00:00
2022-12-22,5,2022,0.0,High,32.6,17.1,24.9,55.0,2.31,25.88,7.98,7.98,2022-12-22 02:00:00
2022-12-23,5,2022,0.4,High,32.0,19.3,25.7,63.0,2.95,23.14,7.23,7.23,2022-12-23 02:00:00
2022-12-24,5,2022,2.2,High,31.3,17.3,24.3,58.0,2.68,23.31,7.16,7.16,2022-12-24 02:00:00
2022-12-25,5,2022,0.0,High,33.6,18.3,25.9,59.0,2.94,24.24,7.61,7.61,2022-12-25 02:00:00
2022-12-26,5,2022,3.2,High,33.1,16.9,25.0,60.0,3.13,25.2,7.81,7.81,2022-12-26 02:00:00
2022-12-27,5,2022,0.0,High,33.0,18.4,25.7,56.0,2.69,23.06,7.24,7.24,2022-12-27 02:00:00
2022-12-28,5,2022,0.3,High,32.5,18.7,25.6,63.0,2.41,23.19,7.22,7.22,2022-12-28 02:00:00
2022-12-29,5,2022,0.0,High,33.1,18.5,25.8,59.0,2.72,24.74,7.74,7.74,2022-12-29 02:00:00
2022-12-30,5,2022,4.6,High,33.7,19.2,26.5,54.0,2.6,25.75,8.14,8.14,2022-12-30 02:00:00
2022-12-31,5,2022,0.0,High,33.3,18.3,25.8,63.0,3.32,25.44,7.96,7.96,2022-12-31 02:00:00
