time,region_id,year_id,spi_1month,spi_3month,spi_12month,spei_1month,spei_3month,spei_12month,pdsi_value,drought_severity_class,updated_at
2020-01-02,1,2020,5.18,,,5.92,,,,,2020-01-02 02:00:00
2020-01-03,1,2020,-0.25,-0.71,-0.71,-1.05,-1.35,-1.24,-1.65,,2020-01-03 02:00:00
2020-01-04,1,2020,0.26,-0.49,-0.49,-0.32,-0.95,-0.88,-1.17,,2020-01-04 02:00:00
2020-01-05,1,2020,-0.69,-0.67,-0.67,-1.49,-1.31,-1.2,-1.6,Abnormally Dry,2020-01-05 02:00:00
2020-01-06,1,2020,1.54,0.14,0.14,1.19,-0.14,-0.09,-0.18,,2020-01-06 02:00:00
2020-01-07,1,2020,-0.22,-0.54,-0.54,-0.99,-1.16,-1.06,-1.42,,2020-01-07 02:00:00
2020-01-08,1,2020,0.7,-0.12,-0.12,0.17,-0.55,-0.47,-0.68,,2020-01-08 02:00:00
2020-01-09,1,2020,-0.75,-0.75,-0.75,-1.62,-1.45,-1.33,-1.77,Abnormally Dry,2020-01-09 02:00:00
2020-01-10,1,2020,-0.62,-0.63,-0.63,-1.61,-1.42,-1.29,-1.74,Abnormally Dry,2020-01-10 02:00:00
2020-01-11,1,2020,0.82,0.12,0.12,0.41,-0.21,-0.16,-0.27,,2020-01-11 02:00:00
2020-01-12,1,2020,-0.66,-0.66,-0.66,-1.53,-1.35,-1.24,-1.66,Abnormally Dry,2020-01-12 02:00:00
2020-01-13,1,2020,-0.52,-0.55,-0.55,-1.37,-1.23,-1.12,-1.51,Abnormally Dry,2020-01-13 02:00:00
2020-01-14,1,2020,2.03,0.91,0.91,1.9,0.8,0.82,0.96,,2020-01-14 02:00:00
2020-01-15,1,2020,0.02,-0.29,-0.29,-0.71,-0.87,-0.77,-1.07,,2020-01-15 02:00:00
2020-01-16,1,2020,-0.63,-0.66,-0.66,-1.49,-1.35,-1.23,-1.65,Abnormally Dry,2020-01-16 02:00:00
2020-01-17,1,2020,-0.26,-0.42,-0.42,-1.06,-1.06,-0.96,-1.31,,2020-01-17 02:00:00
2020-01-18,1,2020,0.51,0.09,0.09,-0.02,-0.33,-0.26,-0.42,,2020-01-18 02:00:00
2020-01-19,1,2020,-0.14,-0.34,-0.34,-0.91,-0.96,-0.86,-1.18,,2020-01-19 02:00:00
2020-01-20,1,2020,-0.32,-0.45,-0.45,-1.05,-1.04,-0.94,-1.27,,2020-01-20 02:00:00
2020-01-21,1,2020,-0.45,-0.53,-0.53,-1.26,-1.18,-1.07,-1.45,,2020-01-21 02:00:00
2020-01-22,1,2020,0.74,0.33,0.33,0.22,-0.09,-0.02,-0.13,,2020-01-22 02:00:00
2020-01-23,1,2020,-0.8,-0.78,-0.78,-1.68,-1.48,-1.36,-1.81,Abnormally Dry,2020-01-23 02:00:00
2020-01-24,1,2020,0.04,-0.15,-0.15,-0.65,-0.7,-0.61,-0.87,,2020-01-24 02:00:00
2020-01-25,1,2020,-0.03,-0.2,-0.2,-0.7,-0.74,-0.65,-0.91,,2020-01-25 02:00:00
2020-01-26,1,2020,-0.45,-0.51,-0.51,-1.34,-1.23,-1.11,-1.51,,2020-01-26 02:00:00
2020-01-27,1,2020,2.84,1.89,1.89,2.92,1.96,1.94,2.35,,2020-01-27 02:00:00
2020-01-28,1,2020,1.94,1.17,1.17,1.78,1.04,1.06,1.24,,2020-01-28 02:00:00
2020-01-29,1,2020,-0.46,-0.6,-0.6,-1.32,-1.29,-1.18,-1.58,,2020-01-29 02:00:00
2020-01-30,1,2020,-0.19,-0.39,-0.39,-0.9,-0.96,-0.86,-1.17,,2020-01-30 02:00:00
2020-01-31,1,2020,-0.8,-0.82,-0.82,-1.78,-1.6,-1.47,-1.96,Abnormally Dry,2020-01-31 02:00:00
2020-02-01,1,2020,-0.6,-0.66,-0.66,-1.46,-1.35,-1.24,-1.66,Abnormally Dry,2020-02-01 02:00:00
2020-02-02,1,2020,-0.34,-0.45,-0.45,-1.08,-1.04,-0.94,-1.28,,2020-02-02 02:00:00
2020-02-03,1,2020,-0.37,-0.47,-0.47,-1.2,-1.14,-1.03,-1.4,,2020-02-03 02:00:00
2020-02-04,1,2020,0.71,0.39,0.39,0.24,0.02,0.08,0.0,,2020-02-04 02:00:00
2020-02-05,1,2020,0.07,-0.13,-0.13,-0.63,-0.69,-0.6,-0.85,,2020-02-05 02:00:00
2020-02-06,1,2020,1.36,0.9,0.9,1.03,0.63,0.68,0.75,,2020-02-06 02:00:00
2020-02-07,1,2020,-0.62,-0.7,-0.7,-1.54,-1.43,-1.31,-1.76,Abnormally Dry,2020-02-07 02:00:00
2020-02-08,1,2020,-0.8,-0.83,-0.83,-1.81,-1.64,-1.51,-2.01,Abnormally Dry,2020-02-08 02:00:00
2020-02-09,1,2020,0.57,0.3,0.3,-0.03,-0.18,-0.1,-0.24,,2020-02-09 02:00:00
2020-02-10,1,2020,0.19,-0.02,-0.02,-0.5,-0.57,-0.48,-0.72,,2020-02-10 02:00:00
2020-02-11,1,2020,-0.11,-0.27,-0.27,-0.84,-0.85,-0.76,-1.05,,2020-02-11 02:00:00
2020-02-12,1,2020,-0.15,-0.3,-0.3,-1.0,-0.98,-0.87,-1.21,,2020-02-12 02:00:00
2020-02-13,1,2020,-0.68,-0.74,-0.74,-1.63,-1.5,-1.37,-1.84,Abnormally Dry,2020-02-13 02:00:00
2020-02-14,1,2020,-0.68,-0.74,-0.74,-1.56,-1.45,-1.33,-1.77,Abnormally Dry,2020-02-14 02:00:00
2020-02-15,1,2020,-0.52,-0.58,-0.58,-1.41,-1.29,-1.17,-1.58,Abnormally Dry,2020-02-15 02:00:00
2020-02-16,1,2020,-0.8,-0.81,-0.81,-1.79,-1.6,-1.47,-1.96,Abnormally Dry,2020-02-16 02:00:00
2020-02-17,1,2020,-0.48,-0.52,-0.52,-1.34,-1.21,-1.09,-1.49,,2020-02-17 02:00:00
2020-02-18,1,2020,-0.64,-0.66,-0.66,-1.61,-1.43,-1.3,-1.76,Abnormally Dry,2020-02-18 02:00:00
2020-02-19,1,2020,-0.33,-0.38,-0.38,-1.24,-1.1,-0.98,-1.36,,2020-02-19 02:00:00
2020-02-20,1,2020,-0.78,-0.77,-0.77,-1.73,-1.53,-1.4,-1.87,Abnormally Dry,2020-02-20 02:00:00
2020-02-21,1,2020,-0.6,-0.6,-0.6,-1.56,-1.37,-1.24,-1.68,Abnormally Dry,2020-02-21 02:00:00
2020-02-22,1,2020,-0.8,-0.77,-0.77,-1.63,-1.43,-1.32,-1.75,Abnormally Dry,2020-02-22 02:00:00
2020-02-23,1,2020,-0.45,-0.44,-0.44,-1.35,-1.16,-1.04,-1.43,,2020-02-23 02:00:00
2020-02-24,1,2020,0.03,0.0,0.0,-0.61,-0.52,-0.43,-0.64,,2020-02-24 02:00:00
2020-02-25,1,2020,-0.26,-0.27,-0.27,-1.12,-0.96,-0.84,-1.18,,2020-02-25 02:00:00
2020-02-26,1,2020,-0.79,-0.76,-0.76,-1.77,-1.54,-1.41,-1.89,Abnormally Dry,2020-02-26 02:00:00
2020-02-27,1,2020,-0.12,-0.13,-0.13,-0.89,-0.75,-0.64,-0.93,,2020-02-27 02:00:00
2020-02-28,1,2020,2.02,1.84,1.84,1.85,1.7,1.73,2.04,,2020-02-28 02:00:00
2020-02-29,1,2020,-0.8,-0.77,-0.77,-1.77,-1.55,-1.42,-1.9,Abnormally Dry,2020-02-29 02:00:00
2020-03-01,1,2020,-0.5,-0.49,-0.49,-1.41,-1.22,-1.09,-1.5,Abnormally Dry,2020-03-01 02:00:00
2020-03-02,1,2020,-0.11,-0.12,-0.12,-0.82,-0.69,-0.59,-0.85,,2020-03-02 02:00:00
2020-03-03,1,2020,4.89,3.96,3.96,5.66,4.58,4.47,5.52,,2020-03-03 02:00:00
2020-03-04,1,2020,-0.46,-0.45,-0.45,-1.33,-1.15,-1.03,-1.41,,2020-03-04 02:00:00
2020-03-05,1,2020,-0.06,-0.13,-0.13,-0.73,-0.67,-0.58,-0.83,,2020-03-05 02:00:00
2020-03-06,1,2020,4.08,3.06,3.06,4.52,3.41,3.36,4.11,,2020-03-06 02:00:00
2020-03-07,1,2020,3.59,2.52,2.52,3.93,2.79,2.74,3.36,,2020-03-07 02:00:00
2020-03-08,1,2020,-0.27,-0.34,-0.34,-1.17,-1.06,-0.94,-1.3,,2020-03-08 02:00:00
2020-03-09,1,2020,-0.8,-0.73,-0.73,-1.73,-1.47,-1.35,-1.81,Abnormally Dry,2020-03-09 02:00:00
2020-03-10,1,2020,-0.33,-0.38,-0.38,-1.12,-1.01,-0.91,-1.25,,2020-03-10 02:00:00
2020-03-11,1,2020,-0.53,-0.52,-0.52,-1.48,-1.28,-1.16,-1.58,Abnormally Dry,2020-03-11 02:00:00
2020-03-12,1,2020,0.64,0.36,0.36,0.13,-0.04,0.02,-0.07,,2020-03-12 02:00:00
2020-03-13,1,2020,0.1,-0.05,-0.05,-0.62,-0.62,-0.53,-0.78,,2020-03-13 02:00:00
2020-03-14,1,2020,-0.25,-0.31,-0.31,-1.13,-1.01,-0.89,-1.25,,2020-03-14 02:00:00
2020-03-15,1,2020,-0.28,-0.34,-0.34,-1.14,-1.03,-0.92,-1.27,,2020-03-15 02:00:00
2020-03-16,1,2020,0.1,-0.04,-0.04,-0.53,-0.54,-0.46,-0.67,,2020-03-16 02:00:00
2020-03-17,1,2020,-0.8,-0.74,-0.74,-1.74,-1.49,-1.36,-1.82,Abnormally Dry,2020-03-17 02:00:00
2020-03-18,1,2020,-0.28,-0.33,-0.33,-1.16,-1.03,-0.91,-1.27,,2020-03-18 02:00:00
2020-03-19,1,2020,0.78,0.51,0.51,0.25,0.08,0.16,0.08,,2020-03-19 02:00:00
2020-03-20,1,2020,-0.8,-0.74,-0.74,-1.86,-1.59,-1.44,-1.94,Abnormally Dry,2020-03-20 02:00:00
2020-03-21,1,2020,-0.75,-0.7,-0.7,-1.66,-1.43,-1.31,-1.75,Abnormally Dry,2020-03-21 02:00:00
2020-03-22,1,2020,0.22,0.08,0.08,-0.48,-0.48,-0.39,-0.61,,2020-03-22 02:00:00
2020-03-23,1,2020,-0.48,-0.48,-0.48,-1.47,-1.27,-1.14,-1.56,,2020-03-23 02:00:00
2020-03-24,1,2020,-0.46,-0.46,-0.46,-1.35,-1.17,-1.05,-1.44,,2020-03-24 02:00:00
2020-03-25,1,2020,-0.36,-0.37,-0.37,-1.18,-1.03,-0.92,-1.27,,2020-03-25 02:00:00
2020-03-26,1,2020,-0.7,-0.65,-0.65,-1.66,-1.42,-1.29,-1.74,Abnormally Dry,2020-03-26 02:00:00
2020-03-27,1,2020,1.2,0.9,0.9,0.86,0.63,0.68,0.74,,2020-03-27 02:00:00
2020-03-28,1,2020,-0.59,-0.56,-0.56,-1.56,-1.34,-1.21,-1.65,Abnormally Dry,2020-03-28 02:00:00
2020-03-29,1,2020,-0.79,-0.72,-0.72,-1.83,-1.56,-1.42,-1.91,Abnormally Dry,2020-03-29 02:00:00
2020-03-30,1,2020,-0.05,-0.12,-0.12,-0.73,-0.67,-0.58,-0.83,,2020-03-30 02:00:00
2020-03-31,1,2020,0.24,0.12,0.12,-0.44,-0.42,-0.33,-0.53,,2020-03-31 02:00:00
2020-04-01,1,2020,0.41,0.35,0.27,-0.25,-0.18,-0.17,-0.24,,2020-04-01 02:00:00
2020-04-02,1,2020,-0.72,-0.7,-0.68,-1.72,-1.5,-1.35,-1.84,Abnormally Dry,2020-04-02 02:00:00
2020-04-03,1,2020,0.69,0.62,0.51,0.14,0.18,0.15,0.2,,2020-04-03 02:00:00
2020-04-04,1,2020,0.18,0.13,0.08,-0.48,-0.4,-0.36,-0.51,,2020-04-04 02:00:00
2020-04-05,1,2020,0.01,-0.01,-0.06,-0.66,-0.55,-0.51,-0.69,,2020-04-05 02:00:00
2020-04-06,1,2020,-0.7,-0.68,-0.67,-1.66,-1.45,-1.31,-1.77,Abnormally Dry,2020-04-06 02:00:00
2020-04-07,1,2020,-0.62,-0.59,-0.6,-1.54,-1.33,-1.21,-1.63,Abnormally Dry,2020-04-07 02:00:00
2020-04-08,1,2020,-0.43,-0.42,-0.43,-1.29,-1.11,-1.0,-1.36,,2020-04-08 02:00:00
2020-04-09,1,2020,1.05,0.96,0.84,0.61,0.61,0.55,0.71,,2020-04-09 02:00:00
2020-04-10,1,2020,-0.8,-0.76,-0.75,-1.8,-1.56,-1.41,-1.91,Abnormally Dry,2020-04-10 02:00:00
2020-04-11,1,2020,-0.8,-0.76,-0.75,-1.83,-1.59,-1.44,-1.95,Abnormally Dry,2020-04-11 02:00:00
2020-04-12,1,2020,-0.8,-0.75,-0.74,-1.8,-1.55,-1.41,-1.9,Abnormally Dry,2020-04-12 02:00:00
2020-04-13,1,2020,-0.28,-0.25,-0.29,-1.06,-0.87,-0.81,-1.08,,2020-04-13 02:00:00
2020-04-14,1,2020,-0.22,-0.19,-0.24,-0.93,-0.76,-0.72,-0.94,,2020-04-14 02:00:00
2020-04-15,1,2020,-0.08,-0.07,-0.11,-0.83,-0.67,-0.61,-0.83,,2020-04-15 02:00:00
2020-04-16,1,2020,0.16,0.16,0.1,-0.58,-0.43,-0.4,-0.55,,2020-04-16 02:00:00
2020-04-17,1,2020,-0.48,-0.44,-0.46,-1.34,-1.13,-1.03,-1.39,,2020-04-17 02:00:00
2020-04-18,1,2020,-0.8,-0.74,-0.74,-1.83,-1.56,-1.42,-1.92,Abnormally Dry,2020-04-18 02:00:00
2020-04-19,1,2020,0.36,0.37,0.29,-0.27,-0.14,-0.13,-0.19,,2020-04-19 02:00:00
2020-04-20,1,2020,-0.11,-0.09,-0.13,-0.87,-0.7,-0.64,-0.87,,2020-04-20 02:00:00
2020-04-21,1,2020,0.86,0.84,0.73,0.26,0.36,0.33,0.41,,2020-04-21 02:00:00
2020-04-22,1,2020,-0.8,-0.75,-0.75,-1.8,-1.55,-1.42,-1.9,Abnormally Dry,2020-04-22 02:00:00
2020-04-23,1,2020,-0.8,-0.74,-0.75,-1.74,-1.49,-1.38,-1.83,Abnormally Dry,2020-04-23 02:00:00
2020-04-24,1,2020,-0.58,-0.52,-0.55,-1.46,-1.23,-1.14,-1.51,Abnormally Dry,2020-04-24 02:00:00
2020-04-25,1,2020,-0.27,-0.23,-0.27,-1.09,-0.88,-0.81,-1.09,,2020-04-25 02:00:00
2020-04-26,1,2020,1.07,1.11,0.95,0.55,0.7,0.61,0.81,,2020-04-26 02:00:00
2020-04-27,1,2020,0.64,0.71,0.55,-0.03,0.17,0.1,0.18,,2020-04-27 02:00:00
2020-04-28,1,2020,-0.76,-0.7,-0.72,-1.8,-1.53,-1.41,-1.88,Abnormally Dry,2020-04-28 02:00:00
2020-04-29,1,2020,1.85,1.88,1.65,1.69,1.75,1.55,2.1,,2020-04-29 02:00:00
2020-04-30,1,2020,0.21,0.24,0.15,-0.42,-0.26,-0.27,-0.34,,2020-04-30 02:00:00
2020-05-01,1,2020,0.67,0.68,0.57,0.12,0.24,0.2,0.26,,2020-05-01 02:00:00
2020-05-02,1,2020,-0.1,-0.08,-0.14,-0.93,-0.75,-0.7,-0.93,,2020-05-02 02:00:00
2020-05-03,1,2020,-0.04,-0.03,-0.08,-0.88,-0.7,-0.64,-0.88,,2020-05-03 02:00:00
2020-05-04,1,2020,-0.8,-0.76,-0.78,-1.69,-1.47,-1.37,-1.8,Abnormally Dry,2020-05-04 02:00:00
2020-05-05,1,2020,1.33,1.33,1.19,0.93,1.01,0.92,1.19,,2020-05-05 02:00:00
2020-05-06,1,2020,-0.17,-0.13,-0.2,-0.9,-0.71,-0.69,-0.89,,2020-05-06 02:00:00
2020-05-07,1,2020,0.03,0.05,-0.02,-0.63,-0.48,-0.46,-0.6,,2020-05-07 02:00:00
2020-05-08,1,2020,-0.41,-0.38,-0.42,-1.32,-1.11,-1.03,-1.37,,2020-05-08 02:00:00
2020-05-09,1,2020,-0.66,-0.63,-0.66,-1.69,-1.45,-1.34,-1.78,Abnormally Dry,2020-05-09 02:00:00
2020-05-10,1,2020,-0.48,-0.43,-0.48,-1.36,-1.14,-1.07,-1.4,,2020-05-10 02:00:00
2020-05-11,1,2020,-0.57,-0.52,-0.57,-1.48,-1.25,-1.18,-1.53,Abnormally Dry,2020-05-11 02:00:00
2020-05-12,1,2020,-0.74,-0.68,-0.72,-1.72,-1.47,-1.38,-1.8,Abnormally Dry,2020-05-12 02:00:00
2020-05-13,1,2020,0.35,0.39,0.31,-0.37,-0.18,-0.17,-0.25,,2020-05-13 02:00:00
2020-05-14,1,2020,1.48,1.48,1.36,1.15,1.22,1.14,1.45,,2020-05-14 02:00:00
2020-05-15,1,2020,-0.8,-0.76,-0.78,-1.89,-1.63,-1.51,-2.0,Abnormally Dry,2020-05-15 02:00:00
2020-05-16,1,2020,0.1,0.11,0.06,-0.69,-0.53,-0.47,-0.66,,2020-05-16 02:00:00
2020-05-17,1,2020,0.52,0.52,0.46,-0.14,-0.01,0.02,-0.04,,2020-05-17 02:00:00
2020-05-18,1,2020,-0.74,-0.73,-0.74,-1.72,-1.52,-1.4,-1.86,Abnormally Dry,2020-05-18 02:00:00
2020-05-19,1,2020,2.16,2.05,2.0,2.05,1.96,1.93,2.35,,2020-05-19 02:00:00
2020-05-20,1,2020,-0.42,-0.43,-0.44,-1.38,-1.2,-1.08,-1.48,,2020-05-20 02:00:00
2020-05-21,1,2020,1.41,1.3,1.28,1.01,0.98,1.02,1.16,,2020-05-21 02:00:00
2020-05-22,1,2020,0.41,0.33,0.34,-0.34,-0.27,-0.16,-0.36,,2020-05-22 02:00:00
2020-05-23,1,2020,0.36,0.28,0.29,-0.32,-0.27,-0.17,-0.35,,2020-05-23 02:00:00
2020-05-24,1,2020,2.17,1.95,1.97,2.03,1.84,1.88,2.2,,2020-05-24 02:00:00
2020-05-25,1,2020,-0.69,-0.74,-0.72,-1.7,-1.55,-1.39,-1.89,Abnormally Dry,2020-05-25 02:00:00
2020-05-26,1,2020,0.52,0.38,0.42,-0.05,-0.08,0.04,-0.12,,2020-05-26 02:00:00
2020-05-27,1,2020,-0.62,-0.68,-0.65,-1.55,-1.42,-1.27,-1.75,Abnormally Dry,2020-05-27 02:00:00
2020-05-28,1,2020,1.47,1.3,1.32,1.19,1.08,1.14,1.28,,2020-05-28 02:00:00
2020-05-29,1,2020,-0.8,-0.84,-0.82,-1.85,-1.68,-1.52,-2.06,Abnormally Dry,2020-05-29 02:00:00
2020-05-30,1,2020,-0.36,-0.43,-0.4,-1.27,-1.15,-1.0,-1.42,,2020-05-30 02:00:00
2020-05-31,1,2020,1.09,0.92,0.97,0.65,0.57,0.68,0.67,,2020-05-31 02:00:00
2020-06-01,1,2020,-0.62,-0.72,-0.65,-1.59,-1.5,-1.3,-1.84,Abnormally Dry,2020-06-01 02:00:00
2020-06-02,1,2020,1.63,1.65,1.47,1.33,1.41,1.27,1.68,,2020-06-02 02:00:00
2020-06-03,1,2020,0.42,0.36,0.32,-0.21,-0.14,-0.1,-0.2,,2020-06-03 02:00:00
2020-06-04,1,2020,-0.8,-0.96,-0.83,-1.87,-1.82,-1.55,-2.22,Abnormally Dry,2020-06-04 02:00:00
2020-06-05,1,2020,-0.8,-1.01,-0.82,-1.85,-1.85,-1.52,-2.26,Abnormally Dry,2020-06-05 02:00:00
2020-06-06,1,2020,-0.8,-0.99,-0.82,-1.86,-1.84,-1.53,-2.25,Abnormally Dry,2020-06-06 02:00:00
2020-06-07,1,2020,-0.61,-0.76,-0.64,-1.66,-1.6,-1.34,-1.97,Abnormally Dry,2020-06-07 02:00:00
2020-06-08,1,2020,0.62,0.83,0.53,-0.06,0.29,0.08,0.32,,2020-06-08 02:00:00
2020-06-09,1,2020,-0.45,-0.56,-0.49,-1.38,-1.3,-1.11,-1.6,,2020-06-09 02:00:00
2020-06-10,1,2020,-0.8,-0.99,-0.82,-1.84,-1.82,-1.51,-2.22,Abnormally Dry,2020-06-10 02:00:00
2020-06-11,1,2020,-0.8,-0.97,-0.81,-1.77,-1.75,-1.46,-2.13,Abnormally Dry,2020-06-11 02:00:00
2020-06-12,1,2020,0.02,0.08,-0.03,-0.73,-0.52,-0.53,-0.66,,2020-06-12 02:00:00
2020-06-13,1,2020,-0.69,-0.83,-0.71,-1.65,-1.6,-1.35,-1.95,Abnormally Dry,2020-06-13 02:00:00
2020-06-14,1,2020,0.51,0.71,0.45,-0.11,0.22,0.04,0.23,,2020-06-14 02:00:00
2020-06-15,1,2020,1.64,2.08,1.52,1.23,1.75,1.25,2.09,,2020-06-15 02:00:00
2020-06-16,1,2020,-0.8,-0.97,-0.82,-1.83,-1.79,-1.5,-2.19,Abnormally Dry,2020-06-16 02:00:00
2020-06-17,1,2020,-0.66,-0.78,-0.68,-1.61,-1.54,-1.32,-1.89,Abnormally Dry,2020-06-17 02:00:00
2020-06-18,1,2020,1.61,2.0,1.49,1.29,1.75,1.28,2.08,,2020-06-18 02:00:00
2020-06-19,1,2020,-0.29,-0.36,-0.33,-1.14,-1.04,-0.89,-1.28,,2020-06-19 02:00:00
2020-06-20,1,2020,-0.8,-0.96,-0.82,-1.68,-1.66,-1.41,-2.03,Abnormally Dry,2020-06-20 02:00:00
2020-06-21,1,2020,-0.8,-0.96,-0.81,-1.81,-1.77,-1.48,-2.16,Abnormally Dry,2020-06-21 02:00:00
2020-06-22,1,2020,-0.49,-0.57,-0.51,-1.44,-1.33,-1.14,-1.64,,2020-06-22 02:00:00
2020-06-23,1,2020,-0.8,-0.95,-0.81,-1.8,-1.75,-1.48,-2.14,Abnormally Dry,2020-06-23 02:00:00
2020-06-24,1,2020,0.09,0.12,0.05,-0.63,-0.46,-0.43,-0.58,,2020-06-24 02:00:00
2020-06-25,1,2020,0.15,0.22,0.11,-0.62,-0.4,-0.41,-0.51,,2020-06-25 02:00:00
2020-06-26,1,2020,0.46,0.59,0.41,-0.23,0.04,-0.05,0.02,,2020-06-26 02:00:00
2020-06-27,1,2020,-0.56,-0.68,-0.58,-1.52,-1.45,-1.22,-1.78,Abnormally Dry,2020-06-27 02:00:00
2020-06-28,1,2020,0.6,0.75,0.55,-0.07,0.22,0.11,0.23,,2020-06-28 02:00:00
2020-06-29,1,2020,0.31,0.38,0.26,-0.33,-0.13,-0.17,-0.19,,2020-06-29 02:00:00
2020-06-30,1,2020,1.07,1.31,1.0,0.63,0.96,0.71,1.13,,2020-06-30 02:00:00
2020-07-01,1,2020,0.65,0.77,0.59,-0.04,0.22,0.13,0.23,,2020-07-01 02:00:00
2020-07-02,1,2020,-0.46,-0.58,-0.5,-1.32,-1.27,-1.08,-1.56,,2020-07-02 02:00:00
2020-07-03,1,2020,-0.8,-0.97,-0.83,-1.85,-1.81,-1.53,-2.21,Abnormally Dry,2020-07-03 02:00:00
2020-07-04,1,2020,-0.51,-0.62,-0.55,-1.41,-1.34,-1.15,-1.64,Abnormally Dry,2020-07-04 02:00:00
2020-07-05,1,2020,0.1,0.13,0.06,-0.64,-0.46,-0.43,-0.58,,2020-07-05 02:00:00
2020-07-06,1,2020,0.29,0.35,0.25,-0.49,-0.27,-0.27,-0.36,,2020-07-06 02:00:00
2020-07-07,1,2020,-0.74,-0.92,-0.78,-1.72,-1.71,-1.44,-2.09,Abnormally Dry,2020-07-07 02:00:00
2020-07-08,1,2020,-0.03,-0.02,-0.06,-0.86,-0.68,-0.61,-0.86,,2020-07-08 02:00:00
2020-07-09,1,2020,-0.8,-0.98,-0.83,-1.85,-1.82,-1.53,-2.23,Abnormally Dry,2020-07-09 02:00:00
2020-07-10,1,2020,-0.56,-0.7,-0.6,-1.56,-1.5,-1.27,-1.84,Abnormally Dry,2020-07-10 02:00:00
2020-07-11,1,2020,-0.54,-0.67,-0.57,-1.53,-1.46,-1.23,-1.79,Abnormally Dry,2020-07-11 02:00:00
2020-07-12,1,2020,1.2,1.47,1.17,0.78,1.13,0.89,1.35,,2020-07-12 02:00:00
2020-07-13,1,2020,-0.53,-0.66,-0.56,-1.49,-1.43,-1.2,-1.75,Abnormally Dry,2020-07-13 02:00:00
2020-07-14,1,2020,0.48,0.56,0.45,-0.17,0.04,0.01,0.02,,2020-07-14 02:00:00
2020-07-15,1,2020,-0.68,-0.84,-0.71,-1.65,-1.62,-1.36,-1.98,Abnormally Dry,2020-07-15 02:00:00
2020-07-16,1,2020,-0.8,-0.98,-0.83,-1.8,-1.78,-1.49,-2.17,Abnormally Dry,2020-07-16 02:00:00
2020-07-17,1,2020,-0.8,-0.98,-0.82,-1.88,-1.85,-1.54,-2.26,Abnormally Dry,2020-07-17 02:00:00
2020-07-18,1,2020,0.57,0.69,0.55,-0.11,0.15,0.1,0.15,,2020-07-18 02:00:00
2020-07-19,1,2020,0.78,0.93,0.76,0.15,0.42,0.34,0.48,,2020-07-19 02:00:00
2020-07-20,1,2020,-0.64,-0.78,-0.67,-1.73,-1.65,-1.39,-2.02,Abnormally Dry,2020-07-20 02:00:00
2020-07-21,1,2020,1.22,1.45,1.21,0.79,1.1,0.92,1.31,,2020-07-21 02:00:00
2020-07-22,1,2020,0.0,-0.03,-0.03,-0.93,-0.77,-0.65,-0.96,,2020-07-22 02:00:00
2020-07-23,1,2020,-0.77,-0.97,-0.81,-1.9,-1.88,-1.57,-2.3,Abnormally Dry,2020-07-23 02:00:00
2020-07-24,1,2020,-0.8,-0.99,-0.83,-1.9,-1.87,-1.56,-2.29,Abnormally Dry,2020-07-24 02:00:00
2020-07-25,1,2020,0.16,0.17,0.14,-0.74,-0.55,-0.46,-0.69,,2020-07-25 02:00:00
2020-07-26,1,2020,-0.8,-0.97,-0.83,-1.89,-1.84,-1.56,-2.26,Abnormally Dry,2020-07-26 02:00:00
2020-07-27,1,2020,1.45,1.71,1.44,1.07,1.4,1.19,1.67,,2020-07-27 02:00:00
2020-07-28,1,2020,0.84,1.02,0.83,0.23,0.54,0.43,0.62,,2020-07-28 02:00:00
2020-07-29,1,2020,2.7,3.09,2.66,2.63,3.03,2.61,3.64,,2020-07-29 02:00:00
2020-07-30,1,2020,0.31,0.32,0.27,-0.44,-0.28,-0.23,-0.37,,2020-07-30 02:00:00
2020-07-31,1,2020,-0.55,-0.67,-0.59,-1.51,-1.44,-1.23,-1.77,Abnormally Dry,2020-07-31 02:00:00
2020-08-01,1,2020,-0.6,-0.72,-0.64,-1.57,-1.5,-1.29,-1.83,Abnormally Dry,2020-08-01 02:00:00
2020-08-02,1,2020,-0.49,-0.6,-0.53,-1.42,-1.35,-1.15,-1.65,,2020-08-02 02:00:00
2020-08-03,1,2020,1.16,1.32,1.13,0.69,0.94,0.82,1.11,,2020-08-03 02:00:00
2020-08-04,1,2020,-0.8,-0.94,-0.84,-1.86,-1.79,-1.55,-2.19,Abnormally Dry,2020-08-04 02:00:00
2020-08-05,1,2020,-0.47,-0.56,-0.51,-1.36,-1.27,-1.1,-1.56,,2020-08-05 02:00:00
2020-08-06,1,2020,-0.8,-0.93,-0.84,-1.86,-1.78,-1.54,-2.17,Abnormally Dry,2020-08-06 02:00:00
2020-08-07,1,2020,-0.8,-0.92,-0.83,-1.8,-1.72,-1.5,-2.11,Abnormally Dry,2020-08-07 02:00:00
2020-08-08,1,2020,2.31,2.52,2.28,2.14,2.39,2.17,2.86,,2020-08-08 02:00:00
2020-08-09,1,2020,0.03,-0.01,-0.0,-0.87,-0.73,-0.6,-0.92,,2020-08-09 02:00:00
2020-08-10,1,2020,0.12,0.08,0.09,-0.66,-0.55,-0.43,-0.69,,2020-08-10 02:00:00
2020-08-11,1,2020,0.25,0.22,0.22,-0.54,-0.41,-0.3,-0.52,,2020-08-11 02:00:00
2020-08-12,1,2020,-0.8,-0.93,-0.84,-1.85,-1.77,-1.54,-2.17,Abnormally Dry,2020-08-12 02:00:00
2020-08-13,1,2020,-0.8,-0.93,-0.83,-1.84,-1.76,-1.52,-2.15,Abnormally Dry,2020-08-13 02:00:00
2020-08-14,1,2020,0.69,0.74,0.66,0.08,0.25,0.25,0.28,,2020-08-14 02:00:00
2020-08-15,1,2020,-0.8,-0.92,-0.84,-1.83,-1.74,-1.53,-2.13,Abnormally Dry,2020-08-15 02:00:00
2020-08-16,1,2020,0.36,0.37,0.34,-0.4,-0.24,-0.17,-0.32,,2020-08-16 02:00:00
2020-08-17,1,2020,-0.55,-0.64,-0.58,-1.61,-1.49,-1.29,-1.83,Abnormally Dry,2020-08-17 02:00:00
2020-08-18,1,2020,-0.29,-0.35,-0.33,-1.28,-1.14,-0.99,-1.41,,2020-08-18 02:00:00
2020-08-19,1,2020,-0.8,-0.91,-0.83,-1.86,-1.76,-1.54,-2.16,Abnormally Dry,2020-08-19 02:00:00
2020-08-20,1,2020,-0.41,-0.44,-0.44,-1.36,-1.2,-1.08,-1.48,,2020-08-20 02:00:00
2020-08-21,1,2020,-0.07,-0.05,-0.1,-0.91,-0.72,-0.66,-0.9,,2020-08-21 02:00:00
2020-08-22,1,2020,0.35,0.49,0.33,-0.35,-0.07,-0.14,-0.11,,2020-08-22 02:00:00
2020-08-23,1,2020,-0.21,-0.19,-0.24,-1.1,-0.9,-0.84,-1.12,,2020-08-23 02:00:00
2020-08-24,1,2020,0.83,1.07,0.83,0.24,0.59,0.43,0.69,,2020-08-24 02:00:00
2020-08-25,1,2020,-0.23,-0.23,-0.26,-1.09,-0.92,-0.83,-1.13,,2020-08-25 02:00:00
2020-08-26,1,2020,-0.8,-0.91,-0.84,-1.89,-1.78,-1.57,-2.18,Abnormally Dry,2020-08-26 02:00:00
2020-08-27,1,2020,-0.46,-0.5,-0.5,-1.52,-1.35,-1.21,-1.66,,2020-08-27 02:00:00
2020-08-28,1,2020,0.79,1.05,0.8,0.24,0.61,0.43,0.71,,2020-08-28 02:00:00
2020-08-29,1,2020,-0.8,-0.91,-0.84,-1.93,-1.81,-1.59,-2.22,Abnormally Dry,2020-08-29 02:00:00
2020-08-30,1,2020,-0.18,-0.15,-0.21,-1.15,-0.93,-0.86,-1.15,,2020-08-30 02:00:00
2020-08-31,1,2020,-0.8,-0.9,-0.84,-1.82,-1.72,-1.52,-2.1,Abnormally Dry,2020-08-31 02:00:00
2020-09-01,1,2020,1.18,1.61,1.2,0.71,1.24,0.89,1.47,,2020-09-01 02:00:00
2020-09-02,1,2020,-0.8,-0.9,-0.84,-1.86,-1.75,-1.55,-2.14,Abnormally Dry,2020-09-02 02:00:00
2020-09-03,1,2020,1.02,1.36,1.03,0.5,0.94,0.68,1.11,,2020-09-03 02:00:00
2020-09-04,1,2020,-0.63,-0.72,-0.68,-1.64,-1.52,-1.35,-1.87,Abnormally Dry,2020-09-04 02:00:00
2020-09-05,1,2020,-0.8,-0.92,-0.84,-1.84,-1.75,-1.53,-2.15,Abnormally Dry,2020-09-05 02:00:00
2020-09-06,1,2020,0.86,1.16,0.88,0.24,0.67,0.47,0.77,,2020-09-06 02:00:00
2020-09-07,1,2020,-0.4,-0.43,-0.44,-1.32,-1.17,-1.05,-1.44,,2020-09-07 02:00:00
2020-09-08,1,2020,-0.72,-0.83,-0.76,-1.7,-1.61,-1.41,-1.98,Abnormally Dry,2020-09-08 02:00:00
2020-09-09,1,2020,-0.75,-0.87,-0.8,-1.74,-1.67,-1.46,-2.04,Abnormally Dry,2020-09-09 02:00:00
2020-09-10,1,2020,-0.19,-0.16,-0.21,-1.09,-0.88,-0.81,-1.09,,2020-09-10 02:00:00
2020-09-11,1,2020,0.06,0.14,0.05,-0.82,-0.57,-0.54,-0.72,,2020-09-11 02:00:00
2020-09-12,1,2020,-0.8,-0.91,-0.84,-2.01,-1.88,-1.65,-2.3,Abnormally Dry,2020-09-12 02:00:00
2020-09-13,1,2020,0.34,0.55,0.35,-0.36,-0.01,-0.12,-0.04,,2020-09-13 02:00:00
2020-09-14,1,2020,-0.24,-0.22,-0.26,-1.21,-1.0,-0.91,-1.23,,2020-09-14 02:00:00
2020-09-15,1,2020,-0.8,-0.93,-0.84,-1.86,-1.78,-1.55,-2.17,Abnormally Dry,2020-09-15 02:00:00
2020-09-16,1,2020,0.33,0.56,0.34,-0.46,-0.07,-0.18,-0.11,,2020-09-16 02:00:00
2020-09-17,1,2020,-0.8,-0.92,-0.84,-1.84,-1.75,-1.53,-2.14,Abnormally Dry,2020-09-17 02:00:00
2020-09-18,1,2020,-0.54,-0.59,-0.57,-1.55,-1.4,-1.24,-1.72,Abnormally Dry,2020-09-18 02:00:00
2020-09-19,1,2020,-0.38,-0.38,-0.4,-1.35,-1.15,-1.04,-1.42,,2020-09-19 02:00:00
2020-09-20,1,2020,-0.63,-0.71,-0.66,-1.68,-1.55,-1.36,-1.9,Abnormally Dry,2020-09-20 02:00:00
2020-09-21,1,2020,-0.8,-0.93,-0.83,-1.92,-1.83,-1.58,-2.24,Abnormally Dry,2020-09-21 02:00:00
2020-09-22,1,2020,-0.61,-0.68,-0.64,-1.69,-1.55,-1.36,-1.9,Abnormally Dry,2020-09-22 02:00:00
2020-09-23,1,2020,-0.71,-0.79,-0.73,-1.75,-1.62,-1.42,-1.99,Abnormally Dry,2020-09-23 02:00:00
2020-09-24,1,2020,-0.8,-0.89,-0.83,-1.89,-1.76,-1.55,-2.16,Abnormally Dry,2020-09-24 02:00:00
2020-09-25,1,2020,-0.8,-0.88,-0.82,-1.96,-1.8,-1.59,-2.21,Abnormally Dry,2020-09-25 02:00:00
2020-09-26,1,2020,-0.8,-0.86,-0.82,-1.95,-1.78,-1.59,-2.19,Abnormally Dry,2020-09-26 02:00:00
2020-09-27,1,2020,-0.45,-0.4,-0.46,-1.5,-1.24,-1.16,-1.53,,2020-09-27 02:00:00
2020-09-28,1,2020,-0.23,-0.09,-0.22,-1.18,-0.85,-0.85,-1.06,,2020-09-28 02:00:00
2020-09-29,1,2020,-0.8,-0.83,-0.82,-1.91,-1.72,-1.56,-2.11,Abnormally Dry,2020-09-29 02:00:00
2020-09-30,1,2020,-0.8,-0.82,-0.82,-1.86,-1.67,-1.53,-2.05,Abnormally Dry,2020-09-30 02:00:00
2020-10-01,1,2020,-0.8,-0.82,-0.81,-1.94,-1.73,-1.57,-2.12,Abnormally Dry,2020-10-01 02:00:00
2020-10-02,1,2020,3.23,4.08,3.4,3.37,4.19,3.5,5.04,,2020-10-02 02:00:00
2020-10-03,1,2020,0.67,0.97,0.72,-0.1,0.35,0.21,0.39,,2020-10-03 02:00:00
2020-10-04,1,2020,-0.68,-0.64,-0.69,-1.74,-1.49,-1.4,-1.83,Abnormally Dry,2020-10-04 02:00:00
2020-10-05,1,2020,-0.8,-0.78,-0.81,-1.93,-1.68,-1.56,-2.06,Abnormally Dry,2020-10-05 02:00:00
2020-10-06,1,2020,-0.0,0.17,0.02,-0.9,-0.55,-0.58,-0.7,,2020-10-06 02:00:00
2020-10-07,1,2020,-0.8,-0.78,-0.81,-1.87,-1.63,-1.52,-2.0,Abnormally Dry,2020-10-07 02:00:00
2020-10-08,1,2020,-0.79,-0.76,-0.8,-1.93,-1.67,-1.56,-2.05,Abnormally Dry,2020-10-08 02:00:00
2020-10-09,1,2020,0.14,0.34,0.18,-0.7,-0.33,-0.38,-0.43,,2020-10-09 02:00:00
2020-10-10,1,2020,0.04,0.24,0.07,-0.8,-0.44,-0.49,-0.56,,2020-10-10 02:00:00
2020-10-11,1,2020,0.09,0.29,0.12,-0.88,-0.49,-0.53,-0.62,,2020-10-11 02:00:00
2020-10-12,1,2020,-0.8,-0.77,-0.81,-1.88,-1.64,-1.53,-2.01,Abnormally Dry,2020-10-12 02:00:00
2020-10-13,1,2020,1.55,2.02,1.66,1.19,1.73,1.42,2.06,,2020-10-13 02:00:00
2020-10-14,1,2020,0.02,0.18,0.04,-0.87,-0.53,-0.55,-0.67,,2020-10-14 02:00:00
2020-10-15,1,2020,1.08,1.41,1.16,0.53,0.97,0.79,1.14,,2020-10-15 02:00:00
2020-10-16,1,2020,-0.42,-0.36,-0.43,-1.46,-1.19,-1.12,-1.47,,2020-10-16 02:00:00
2020-10-17,1,2020,-0.28,-0.17,-0.27,-1.16,-0.87,-0.86,-1.08,,2020-10-17 02:00:00
2020-10-18,1,2020,1.57,1.98,1.68,1.16,1.65,1.41,1.97,,2020-10-18 02:00:00
2020-10-19,1,2020,-0.47,-0.42,-0.48,-1.48,-1.23,-1.16,-1.52,,2020-10-19 02:00:00
2020-10-20,1,2020,-0.8,-0.78,-0.82,-1.88,-1.65,-1.54,-2.02,Abnormally Dry,2020-10-20 02:00:00
2020-10-21,1,2020,-0.8,-0.78,-0.82,-1.94,-1.69,-1.58,-2.08,Abnormally Dry,2020-10-21 02:00:00
2020-10-22,1,2020,1.3,1.65,1.39,0.73,1.2,1.01,1.41,,2020-10-22 02:00:00
2020-10-23,1,2020,0.48,0.69,0.53,-0.2,0.15,0.08,0.15,,2020-10-23 02:00:00
2020-10-24,1,2020,-0.62,-0.6,-0.64,-1.65,-1.42,-1.32,-1.75,Abnormally Dry,2020-10-24 02:00:00
2020-10-25,1,2020,2.1,2.53,2.22,1.82,2.3,2.03,2.75,,2020-10-25 02:00:00
2020-10-26,1,2020,-0.8,-0.78,-0.82,-1.9,-1.66,-1.55,-2.04,Abnormally Dry,2020-10-26 02:00:00
2020-10-27,1,2020,-0.8,-0.78,-0.82,-1.97,-1.71,-1.6,-2.1,Abnormally Dry,2020-10-27 02:00:00
2020-10-28,1,2020,-0.24,-0.09,-0.23,-1.25,-0.9,-0.9,-1.12,,2020-10-28 02:00:00
2020-10-29,1,2020,0.96,1.34,1.03,0.31,0.82,0.6,0.96,,2020-10-29 02:00:00
2020-10-30,1,2020,3.38,3.86,3.5,3.41,3.89,3.52,4.66,,2020-10-30 02:00:00
2020-10-31,1,2020,-0.6,-0.55,-0.62,-1.67,-1.41,-1.34,-1.73,Abnormally Dry,2020-10-31 02:00:00
2020-11-01,1,2020,0.23,0.39,0.25,-0.63,-0.3,-0.32,-0.39,,2020-11-01 02:00:00
2020-11-02,1,2020,-0.8,-0.76,-0.82,-1.93,-1.66,-1.57,-2.04,Abnormally Dry,2020-11-02 02:00:00
2020-11-03,1,2020,-0.8,-0.76,-0.81,-2.04,-1.75,-1.63,-2.15,Abnormally Dry,2020-11-03 02:00:00
2020-11-04,1,2020,-0.18,-0.08,-0.18,-1.19,-0.89,-0.86,-1.11,,2020-11-04 02:00:00
2020-11-05,1,2020,2.07,2.34,2.14,1.75,2.08,1.92,2.48,,2020-11-05 02:00:00
2020-11-06,1,2020,0.46,0.63,0.48,-0.31,0.01,-0.04,-0.02,,2020-11-06 02:00:00
2020-11-07,1,2020,-0.64,-0.61,-0.66,-1.71,-1.46,-1.37,-1.8,Abnormally Dry,2020-11-07 02:00:00
2020-11-08,1,2020,-0.8,-0.76,-0.82,-2.0,-1.72,-1.62,-2.12,Abnormally Dry,2020-11-08 02:00:00
2020-11-09,1,2020,-0.8,-0.75,-0.81,-1.92,-1.65,-1.56,-2.02,Abnormally Dry,2020-11-09 02:00:00
2020-11-10,1,2020,0.4,0.58,0.42,-0.38,-0.04,-0.1,-0.08,,2020-11-10 02:00:00
2020-11-11,1,2020,-0.8,-0.77,-0.81,-1.9,-1.65,-1.54,-2.02,Abnormally Dry,2020-11-11 02:00:00
2020-11-12,1,2020,4.05,4.17,4.09,4.3,4.37,4.26,5.25,,2020-11-12 02:00:00
2020-11-13,1,2020,0.43,0.5,0.43,-0.4,-0.17,-0.13,-0.23,,2020-11-13 02:00:00
2020-11-14,1,2020,-0.8,-0.73,-0.81,-1.8,-1.53,-1.47,-1.87,Abnormally Dry,2020-11-14 02:00:00
2020-11-15,1,2020,-0.34,-0.27,-0.34,-1.23,-0.98,-0.93,-1.22,,2020-11-15 02:00:00
2020-11-16,1,2020,0.15,0.22,0.15,-0.7,-0.46,-0.42,-0.59,,2020-11-16 02:00:00
2020-11-17,1,2020,-0.55,-0.49,-0.56,-1.62,-1.35,-1.28,-1.66,Abnormally Dry,2020-11-17 02:00:00
2020-11-18,1,2020,-0.8,-0.73,-0.81,-1.92,-1.62,-1.55,-1.99,Abnormally Dry,2020-11-18 02:00:00
2020-11-19,1,2020,0.23,0.31,0.24,-0.46,-0.24,-0.22,-0.32,,2020-11-19 02:00:00
2020-11-20,1,2020,2.06,2.08,2.09,1.81,1.88,1.92,2.25,,2020-11-20 02:00:00
2020-11-21,1,2020,-0.78,-0.71,-0.79,-1.98,-1.67,-1.59,-2.05,Abnormally Dry,2020-11-21 02:00:00
2020-11-22,1,2020,0.92,0.96,0.93,0.35,0.51,0.55,0.58,,2020-11-22 02:00:00
2020-11-23,1,2020,-0.8,-0.72,-0.81,-1.93,-1.62,-1.56,-1.99,Abnormally Dry,2020-11-23 02:00:00
2020-11-24,1,2020,-0.74,-0.67,-0.75,-1.85,-1.56,-1.49,-1.91,Abnormally Dry,2020-11-24 02:00:00
2020-11-25,1,2020,0.22,0.27,0.22,-0.7,-0.46,-0.39,-0.59,,2020-11-25 02:00:00
2020-11-26,1,2020,-0.21,-0.15,-0.22,-1.18,-0.92,-0.86,-1.15,,2020-11-26 02:00:00
2020-11-27,1,2020,-0.47,-0.4,-0.48,-1.59,-1.3,-1.23,-1.6,,2020-11-27 02:00:00
2020-11-28,1,2020,-0.8,-0.72,-0.81,-1.86,-1.57,-1.52,-1.93,Abnormally Dry,2020-11-28 02:00:00
2020-11-29,1,2020,-0.8,-0.72,-0.81,-1.91,-1.61,-1.55,-1.98,Abnormally Dry,2020-11-29 02:00:00
2020-11-30,1,2020,-0.41,-0.32,-0.41,-1.48,-1.17,-1.12,-1.45,,2020-11-30 02:00:00
2020-12-01,1,2020,-0.6,-0.52,-0.61,-1.69,-1.39,-1.34,-1.71,Abnormally Dry,2020-12-01 02:00:00
2020-12-02,1,2020,0.78,0.86,0.81,0.12,0.34,0.37,0.38,,2020-12-02 02:00:00
2020-12-03,1,2020,-0.8,-0.71,-0.81,-2.0,-1.67,-1.61,-2.05,Abnormally Dry,2020-12-03 02:00:00
2020-12-04,1,2020,3.25,3.1,3.29,3.25,3.1,3.29,3.72,,2020-12-04 02:00:00
2020-12-05,1,2020,2.16,2.02,2.17,1.87,1.78,1.97,2.13,,2020-12-05 02:00:00
2020-12-06,1,2020,0.57,0.54,0.57,-0.14,-0.03,0.09,-0.06,,2020-12-06 02:00:00
2020-12-07,1,2020,3.44,2.98,3.38,3.44,2.98,3.38,3.57,,2020-12-07 02:00:00
2020-12-08,1,2020,-0.8,-0.72,-0.8,-1.98,-1.67,-1.59,-2.05,Abnormally Dry,2020-12-08 02:00:00
2020-12-09,1,2020,-0.8,-0.72,-0.8,-1.94,-1.63,-1.56,-2.01,Abnormally Dry,2020-12-09 02:00:00
2020-12-10,1,2020,-0.8,-0.71,-0.8,-1.87,-1.57,-1.52,-1.93,Abnormally Dry,2020-12-10 02:00:00
2020-12-11,1,2020,-0.8,-0.71,-0.8,-1.96,-1.64,-1.58,-2.02,Abnormally Dry,2020-12-11 02:00:00
2020-12-12,1,2020,-0.08,-0.07,-0.08,-1.03,-0.83,-0.71,-1.03,,2020-12-12 02:00:00
2020-12-13,1,2020,-0.8,-0.69,-0.8,-1.92,-1.59,-1.55,-1.95,Abnormally Dry,2020-12-13 02:00:00
2020-12-14,1,2020,-0.8,-0.69,-0.79,-2.02,-1.67,-1.6,-2.05,Abnormally Dry,2020-12-14 02:00:00
2020-12-15,1,2020,-0.8,-0.68,-0.79,-1.94,-1.59,-1.55,-1.95,Abnormally Dry,2020-12-15 02:00:00
2020-12-16,1,2020,0.77,0.66,0.76,0.06,0.09,0.29,0.08,,2020-12-16 02:00:00
2020-12-17,1,2020,-0.57,-0.5,-0.57,-1.64,-1.36,-1.28,-1.67,Abnormally Dry,2020-12-17 02:00:00
2020-12-18,1,2020,-0.8,-0.69,-0.79,-1.95,-1.61,-1.55,-1.97,Abnormally Dry,2020-12-18 02:00:00
2020-12-19,1,2020,-0.8,-0.69,-0.79,-1.96,-1.62,-1.56,-1.99,Abnormally Dry,2020-12-19 02:00:00
2020-12-20,1,2020,0.7,0.59,0.7,0.03,0.05,0.25,0.04,,2020-12-20 02:00:00
2020-12-21,1,2020,-0.78,-0.69,-0.78,-1.96,-1.64,-1.57,-2.01,Abnormally Dry,2020-12-21 02:00:00
2020-12-22,1,2020,-0.8,-0.7,-0.79,-1.95,-1.62,-1.55,-1.99,Abnormally Dry,2020-12-22 02:00:00
2020-12-23,1,2020,1.61,1.35,1.61,1.21,1.03,1.34,1.22,,2020-12-23 02:00:00
2020-12-24,1,2020,-0.8,-0.72,-0.79,-1.91,-1.61,-1.53,-1.97,Abnormally Dry,2020-12-24 02:00:00
2020-12-25,1,2020,0.74,0.58,0.73,0.05,0.03,0.27,0.01,,2020-12-25 02:00:00
2020-12-26,1,2020,-0.72,-0.67,-0.72,-1.85,-1.58,-1.47,-1.94,Abnormally Dry,2020-12-26 02:00:00
2020-12-27,1,2020,1.6,1.3,1.6,1.17,0.96,1.31,1.13,,2020-12-27 02:00:00
2020-12-28,1,2020,-0.58,-0.56,-0.57,-1.7,-1.45,-1.32,-1.79,Abnormally Dry,2020-12-28 02:00:00
2020-12-29,1,2020,-0.49,-0.48,-0.48,-1.58,-1.35,-1.21,-1.67,,2020-12-29 02:00:00
2020-12-30,1,2020,1.23,0.95,1.22,0.7,0.53,0.87,0.61,,2020-12-30 02:00:00
2020-12-31,1,2020,-0.8,-0.76,-0.79,-1.95,-1.68,-1.55,-2.06,Abnormally Dry,2020-12-31 02:00:00
2021-01-01,1,2021,-0.47,,,-1.28,,,,,2021-01-01 02:00:00
2021-01-02,1,2021,0.98,0.71,0.71,0.51,0.34,0.4,0.38,,2021-01-02 02:00:00
2021-01-03,1,2021,-0.53,-0.61,-0.61,-1.41,-1.31,-1.2,-1.61,Abnormally Dry,2021-01-03 02:00:00
2021-01-04,1,2021,-0.06,-0.06,-0.06,-0.78,-0.63,-0.54,-0.79,,2021-01-04 02:00:00
2021-01-05,1,2021,-0.63,-0.74,-0.74,-1.44,-1.39,-1.28,-1.7,Abnormally Dry,2021-01-05 02:00:00
2021-01-06,1,2021,-0.51,-0.51,-0.51,-1.35,-1.18,-1.07,-1.45,Abnormally Dry,2021-01-06 02:00:00
2021-01-07,1,2021,-0.15,0.08,0.08,-0.9,-0.52,-0.42,-0.65,,2021-01-07 02:00:00
2021-01-08,1,2021,-0.08,0.2,0.2,-0.84,-0.41,-0.31,-0.52,,2021-01-08 02:00:00
2021-01-09,1,2021,-0.7,-0.89,-0.89,-1.66,-1.65,-1.53,-2.02,Abnormally Dry,2021-01-09 02:00:00
2021-01-10,1,2021,2.26,2.42,2.42,2.21,2.38,2.39,2.86,,2021-01-10 02:00:00
2021-01-11,1,2021,-0.73,-0.74,-0.74,-1.64,-1.47,-1.35,-1.8,Abnormally Dry,2021-01-11 02:00:00
2021-01-12,1,2021,0.36,0.44,0.44,-0.19,-0.0,0.07,-0.03,,2021-01-12 02:00:00
2021-01-13,1,2021,-0.8,-0.83,-0.83,-1.72,-1.56,-1.44,-1.91,Abnormally Dry,2021-01-13 02:00:00
2021-01-14,1,2021,-0.56,-0.53,-0.53,-1.42,-1.22,-1.1,-1.49,Abnormally Dry,2021-01-14 02:00:00
2021-01-15,1,2021,-0.43,-0.36,-0.36,-1.29,-1.05,-0.94,-1.3,,2021-01-15 02:00:00
2021-01-16,1,2021,2.46,2.39,2.39,2.45,2.38,2.39,2.86,,2021-01-16 02:00:00
2021-01-17,1,2021,-0.69,-0.67,-0.67,-1.57,-1.38,-1.26,-1.69,Abnormally Dry,2021-01-17 02:00:00
2021-01-18,1,2021,4.62,2.99,2.99,5.23,3.47,3.39,4.19,,2021-01-18 02:00:00
2021-01-19,1,2021,0.31,0.04,0.04,-0.28,-0.43,-0.35,-0.54,,2021-01-19 02:00:00
2021-01-20,1,2021,-0.74,-0.66,-0.66,-1.7,-1.42,-1.3,-1.75,Abnormally Dry,2021-01-20 02:00:00
2021-01-21,1,2021,-0.8,-0.69,-0.69,-1.7,-1.41,-1.29,-1.73,Abnormally Dry,2021-01-21 02:00:00
2021-01-22,1,2021,-0.76,-0.64,-0.64,-1.74,-1.42,-1.29,-1.75,Abnormally Dry,2021-01-22 02:00:00
2021-01-23,1,2021,0.11,0.0,0.0,-0.58,-0.55,-0.46,-0.69,,2021-01-23 02:00:00
2021-01-24,1,2021,2.01,1.34,1.34,1.87,1.23,1.25,1.47,,2021-01-24 02:00:00
2021-01-25,1,2021,-0.35,-0.39,-0.39,-1.12,-1.0,-0.9,-1.24,,2021-01-25 02:00:00
2021-01-26,1,2021,0.08,-0.06,-0.06,-0.64,-0.64,-0.54,-0.8,,2021-01-26 02:00:00
2021-01-27,1,2021,-0.67,-0.62,-0.62,-1.54,-1.31,-1.2,-1.61,Abnormally Dry,2021-01-27 02:00:00
2021-01-28,1,2021,-0.08,-0.16,-0.16,-0.86,-0.78,-0.68,-0.97,,2021-01-28 02:00:00
2021-01-29,1,2021,-0.7,-0.63,-0.63,-1.51,-1.28,-1.17,-1.56,Abnormally Dry,2021-01-29 02:00:00
2021-01-30,1,2021,-0.65,-0.58,-0.58,-1.55,-1.3,-1.18,-1.6,Abnormally Dry,2021-01-30 02:00:00
2021-01-31,1,2021,-0.42,-0.39,-0.39,-1.23,-1.04,-0.93,-1.28,,2021-01-31 02:00:00
2021-02-01,1,2021,0.24,0.15,0.15,-0.45,-0.4,-0.31,-0.51,,2021-02-01 02:00:00
2021-02-02,1,2021,0.21,0.12,0.12,-0.51,-0.46,-0.36,-0.58,,2021-02-02 02:00:00
2021-02-03,1,2021,-0.61,-0.55,-0.55,-1.48,-1.24,-1.13,-1.53,Abnormally Dry,2021-02-03 02:00:00
2021-02-04,1,2021,1.16,0.93,0.93,0.78,0.63,0.68,0.74,,2021-02-04 02:00:00
2021-02-05,1,2021,0.29,0.18,0.18,-0.34,-0.32,-0.24,-0.41,,2021-02-05 02:00:00
2021-02-06,1,2021,0.23,0.12,0.12,-0.48,-0.45,-0.36,-0.57,,2021-02-06 02:00:00
2021-02-07,1,2021,0.58,0.43,0.43,0.0,-0.03,0.05,-0.06,,2021-02-07 02:00:00
2021-02-08,1,2021,-0.62,-0.63,-0.63,-1.46,-1.3,-1.19,-1.59,Abnormally Dry,2021-02-08 02:00:00
2021-02-09,1,2021,0.28,0.18,0.18,-0.35,-0.32,-0.24,-0.41,,2021-02-09 02:00:00
2021-02-10,1,2021,0.46,0.33,0.33,-0.15,-0.16,-0.07,-0.21,,2021-02-10 02:00:00
2021-02-11,1,2021,1.82,1.52,1.52,1.55,1.31,1.34,1.56,,2021-02-11 02:00:00
2021-02-12,1,2021,1.53,1.22,1.22,1.23,0.98,1.02,1.16,,2021-02-12 02:00:00
2021-02-13,1,2021,-0.75,-0.81,-0.81,-1.63,-1.51,-1.39,-1.85,Abnormally Dry,2021-02-13 02:00:00
2021-02-14,1,2021,-0.8,-0.84,-0.84,-1.74,-1.59,-1.47,-1.95,Abnormally Dry,2021-02-14 02:00:00
2021-02-15,1,2021,-0.78,-0.8,-0.8,-1.77,-1.59,-1.46,-1.95,Abnormally Dry,2021-02-15 02:00:00
2021-02-16,1,2021,0.61,0.45,0.45,0.06,0.01,0.08,-0.01,,2021-02-16 02:00:00
2021-02-17,1,2021,-0.76,-0.79,-0.79,-1.66,-1.51,-1.39,-1.85,Abnormally Dry,2021-02-17 02:00:00
2021-02-18,1,2021,-0.53,-0.57,-0.57,-1.38,-1.25,-1.14,-1.53,Abnormally Dry,2021-02-18 02:00:00
2021-02-19,1,2021,0.77,0.62,0.62,0.18,0.15,0.23,0.15,,2021-02-19 02:00:00
2021-02-20,1,2021,-0.72,-0.75,-0.75,-1.61,-1.46,-1.35,-1.79,Abnormally Dry,2021-02-20 02:00:00
2021-02-21,1,2021,1.22,1.04,1.04,0.86,0.75,0.8,0.89,,2021-02-21 02:00:00
2021-02-22,1,2021,2.75,2.31,2.31,2.78,2.34,2.33,2.81,,2021-02-22 02:00:00
2021-02-23,1,2021,-0.13,-0.25,-0.25,-0.91,-0.87,-0.77,-1.08,,2021-02-23 02:00:00
2021-02-24,1,2021,0.1,-0.04,-0.04,-0.59,-0.59,-0.5,-0.74,,2021-02-24 02:00:00
2021-02-25,1,2021,4.82,3.65,3.65,5.43,4.14,4.06,4.99,,2021-02-25 02:00:00
2021-02-26,1,2021,-0.66,-0.7,-0.7,-1.57,-1.43,-1.31,-1.75,Abnormally Dry,2021-02-26 02:00:00
2021-02-27,1,2021,2.42,1.7,1.7,2.36,1.66,1.66,1.98,,2021-02-27 02:00:00
2021-02-28,1,2021,-0.43,-0.54,-0.54,-1.26,-1.21,-1.09,-1.48,,2021-02-28 02:00:00
2021-03-01,1,2021,-0.33,-0.45,-0.45,-1.07,-1.04,-0.94,-1.28,,2021-03-01 02:00:00
2021-03-02,1,2021,-0.32,-0.44,-0.44,-1.12,-1.08,-0.98,-1.33,,2021-03-02 02:00:00
2021-03-03,1,2021,-0.03,-0.21,-0.21,-0.78,-0.81,-0.71,-1.0,,2021-03-03 02:00:00
2021-03-04,1,2021,-0.52,-0.59,-0.59,-1.32,-1.23,-1.12,-1.51,Abnormally Dry,2021-03-04 02:00:00
2021-03-05,1,2021,-0.36,-0.46,-0.46,-1.17,-1.1,-1.0,-1.36,,2021-03-05 02:00:00
2021-03-06,1,2021,1.17,0.78,0.78,0.74,0.43,0.49,0.5,,2021-03-06 02:00:00
2021-03-07,1,2021,0.83,0.5,0.5,0.39,0.15,0.21,0.16,,2021-03-07 02:00:00
2021-03-08,1,2021,-0.7,-0.75,-0.75,-1.68,-1.53,-1.4,-1.88,Abnormally Dry,2021-03-08 02:00:00
2021-03-09,1,2021,-0.52,-0.6,-0.6,-1.42,-1.32,-1.2,-1.62,Abnormally Dry,2021-03-09 02:00:00
2021-03-10,1,2021,-0.32,-0.43,-0.43,-1.14,-1.08,-0.97,-1.33,,2021-03-10 02:00:00
2021-03-11,1,2021,-0.8,-0.82,-0.82,-1.8,-1.62,-1.49,-1.98,Abnormally Dry,2021-03-11 02:00:00
2021-03-12,1,2021,0.15,-0.02,-0.02,-0.65,-0.66,-0.55,-0.82,,2021-03-12 02:00:00
2021-03-13,1,2021,-0.11,-0.24,-0.24,-0.9,-0.87,-0.77,-1.08,,2021-03-13 02:00:00
2021-03-14,1,2021,0.45,0.23,0.23,-0.17,-0.27,-0.19,-0.35,,2021-03-14 02:00:00
2021-03-15,1,2021,-0.67,-0.71,-0.71,-1.58,-1.44,-1.32,-1.77,Abnormally Dry,2021-03-15 02:00:00
2021-03-16,1,2021,-0.37,-0.46,-0.46,-1.2,-1.12,-1.01,-1.38,,2021-03-16 02:00:00
2021-03-17,1,2021,-0.47,-0.54,-0.54,-1.44,-1.31,-1.19,-1.62,,2021-03-17 02:00:00
2021-03-18,1,2021,1.83,1.43,1.43,1.62,1.26,1.29,1.51,,2021-03-18 02:00:00
2021-03-19,1,2021,1.66,1.26,1.26,1.28,0.96,1.01,1.13,,2021-03-19 02:00:00
2021-03-20,1,2021,0.59,0.34,0.34,-0.04,-0.16,-0.08,-0.22,,2021-03-20 02:00:00
2021-03-21,1,2021,-0.8,-0.85,-0.85,-1.7,-1.57,-1.45,-1.92,Abnormally Dry,2021-03-21 02:00:00
2021-03-22,1,2021,-0.38,-0.48,-0.48,-1.26,-1.18,-1.07,-1.46,,2021-03-22 02:00:00
2021-03-23,1,2021,-0.78,-0.82,-0.82,-1.76,-1.61,-1.47,-1.97,Abnormally Dry,2021-03-23 02:00:00
2021-03-24,1,2021,-0.15,-0.27,-0.27,-0.96,-0.92,-0.81,-1.14,,2021-03-24 02:00:00
2021-03-25,1,2021,-0.74,-0.78,-0.78,-1.67,-1.53,-1.4,-1.87,Abnormally Dry,2021-03-25 02:00:00
2021-03-26,1,2021,-0.72,-0.75,-0.75,-1.6,-1.46,-1.34,-1.78,Abnormally Dry,2021-03-26 02:00:00
2021-03-27,1,2021,0.73,0.51,0.51,0.25,0.12,0.19,0.13,,2021-03-27 02:00:00
2021-03-28,1,2021,-0.8,-0.83,-0.83,-1.76,-1.6,-1.47,-1.95,Abnormally Dry,2021-03-28 02:00:00
2021-03-29,1,2021,1.07,0.82,0.82,0.58,0.43,0.49,0.49,,2021-03-29 02:00:00
2021-03-30,1,2021,0.42,0.24,0.24,-0.25,-0.3,-0.21,-0.38,,2021-03-30 02:00:00
2021-03-31,1,2021,-0.58,-0.64,-0.64,-1.41,-1.31,-1.19,-1.6,Abnormally Dry,2021-03-31 02:00:00
2021-04-01,1,2021,-0.71,-0.75,-0.75,-1.6,-1.46,-1.35,-1.79,Abnormally Dry,2021-04-01 02:00:00
2021-04-02,1,2021,0.8,0.59,0.59,0.33,0.21,0.28,0.24,,2021-04-02 02:00:00
2021-04-03,1,2021,-0.58,-0.64,-0.64,-1.48,-1.36,-1.24,-1.66,Abnormally Dry,2021-04-03 02:00:00
2021-04-04,1,2021,1.98,1.6,1.63,1.8,1.46,1.51,1.74,,2021-04-04 02:00:00
2021-04-05,1,2021,-0.29,-0.4,-0.39,-1.07,-1.03,-0.91,-1.26,,2021-04-05 02:00:00
2021-04-06,1,2021,-0.74,-0.79,-0.79,-1.65,-1.52,-1.4,-1.86,Abnormally Dry,2021-04-06 02:00:00
2021-04-07,1,2021,2.91,2.31,2.4,3.0,2.38,2.46,2.86,,2021-04-07 02:00:00
2021-04-08,1,2021,-0.64,-0.7,-0.7,-1.53,-1.41,-1.29,-1.73,Abnormally Dry,2021-04-08 02:00:00
2021-04-09,1,2021,-0.8,-0.84,-0.84,-1.82,-1.66,-1.52,-2.03,Abnormally Dry,2021-04-09 02:00:00
2021-04-10,1,2021,0.38,0.19,0.21,-0.2,-0.28,-0.18,-0.35,,2021-04-10 02:00:00
2021-04-11,1,2021,0.2,0.02,0.04,-0.49,-0.53,-0.42,-0.66,,2021-04-11 02:00:00
2021-04-12,1,2021,1.7,1.29,1.35,1.4,1.05,1.15,1.24,,2021-04-12 02:00:00
2021-04-13,1,2021,-0.65,-0.72,-0.71,-1.52,-1.41,-1.29,-1.73,Abnormally Dry,2021-04-13 02:00:00
2021-04-14,1,2021,-0.55,-0.64,-0.63,-1.49,-1.39,-1.26,-1.71,Abnormally Dry,2021-04-14 02:00:00
2021-04-15,1,2021,-0.04,-0.2,-0.17,-0.79,-0.8,-0.67,-0.99,,2021-04-15 02:00:00
2021-04-16,1,2021,-0.44,-0.53,-0.52,-1.32,-1.23,-1.11,-1.52,,2021-04-16 02:00:00
2021-04-17,1,2021,1.82,1.42,1.48,1.66,1.29,1.37,1.54,,2021-04-17 02:00:00
2021-04-18,1,2021,-0.28,-0.41,-0.39,-1.16,-1.12,-0.98,-1.37,,2021-04-18 02:00:00
2021-04-19,1,2021,-0.8,-0.88,-0.85,-1.73,-1.63,-1.47,-1.99,Abnormally Dry,2021-04-19 02:00:00
2021-04-20,1,2021,0.01,-0.12,-0.13,-0.67,-0.66,-0.58,-0.82,,2021-04-20 02:00:00
2021-04-21,1,2021,1.84,1.59,1.5,1.5,1.32,1.28,1.57,,2021-04-21 02:00:00
2021-04-22,1,2021,-0.8,-0.91,-0.85,-1.73,-1.66,-1.47,-2.03,Abnormally Dry,2021-04-22 02:00:00
2021-04-23,1,2021,1.56,1.29,1.25,1.18,0.99,1.0,1.17,,2021-04-23 02:00:00
2021-04-24,1,2021,0.78,0.58,0.54,0.27,0.18,0.2,0.19,,2021-04-24 02:00:00
2021-04-25,1,2021,-0.37,-0.51,-0.48,-1.24,-1.21,-1.06,-1.48,,2021-04-25 02:00:00
2021-04-26,1,2021,-0.63,-0.75,-0.71,-1.61,-1.53,-1.36,-1.88,Abnormally Dry,2021-04-26 02:00:00
2021-04-27,1,2021,1.78,1.49,1.44,1.56,1.32,1.29,1.57,,2021-04-27 02:00:00
2021-04-28,1,2021,-0.8,-0.92,-0.87,-1.76,-1.69,-1.51,-2.06,Abnormally Dry,2021-04-28 02:00:00
2021-04-29,1,2021,-0.71,-0.83,-0.78,-1.72,-1.64,-1.45,-2.0,Abnormally Dry,2021-04-29 02:00:00
2021-04-30,1,2021,0.26,0.07,0.09,-0.45,-0.5,-0.38,-0.63,,2021-04-30 02:00:00
2021-05-01,1,2021,-0.36,-0.52,-0.47,-1.22,-1.21,-1.04,-1.48,,2021-05-01 02:00:00
2021-05-02,1,2021,-0.43,-0.58,-0.53,-1.35,-1.31,-1.14,-1.61,,2021-05-02 02:00:00
2021-05-03,1,2021,5.34,4.25,4.31,6.06,4.83,4.79,5.82,,2021-05-03 02:00:00
2021-05-04,1,2021,-0.59,-0.69,-0.65,-1.52,-1.43,-1.27,-1.76,Abnormally Dry,2021-05-04 02:00:00
2021-05-05,1,2021,-0.65,-0.73,-0.7,-1.64,-1.52,-1.36,-1.86,Abnormally Dry,2021-05-05 02:00:00
2021-05-06,1,2021,0.55,0.28,0.32,-0.02,-0.18,-0.06,-0.23,,2021-05-06 02:00:00
2021-05-07,1,2021,-0.78,-0.83,-0.81,-1.81,-1.65,-1.49,-2.02,Abnormally Dry,2021-05-07 02:00:00
2021-05-08,1,2021,0.32,0.09,0.12,-0.39,-0.48,-0.35,-0.6,,2021-05-08 02:00:00
2021-05-09,1,2021,0.74,0.43,0.48,0.14,-0.05,0.08,-0.09,,2021-05-09 02:00:00
2021-05-10,1,2021,-0.25,-0.39,-0.36,-1.04,-1.02,-0.89,-1.26,,2021-05-10 02:00:00
2021-05-11,1,2021,-0.39,-0.49,-0.48,-1.24,-1.17,-1.05,-1.44,,2021-05-11 02:00:00
2021-05-12,1,2021,0.9,0.59,0.62,0.43,0.21,0.31,0.24,,2021-05-12 02:00:00
2021-05-13,1,2021,2.07,1.55,1.6,1.88,1.4,1.47,1.67,,2021-05-13 02:00:00
2021-05-14,1,2021,-0.8,-0.84,-0.84,-1.89,-1.71,-1.57,-2.1,Abnormally Dry,2021-05-14 02:00:00
2021-05-15,1,2021,-0.22,-0.36,-0.34,-1.05,-1.02,-0.89,-1.26,,2021-05-15 02:00:00
2021-05-16,1,2021,-0.78,-0.83,-0.82,-1.77,-1.62,-1.48,-1.99,Abnormally Dry,2021-05-16 02:00:00
2021-05-17,1,2021,-0.53,-0.6,-0.6,-1.47,-1.35,-1.23,-1.66,Abnormally Dry,2021-05-17 02:00:00
2021-05-18,1,2021,1.54,1.09,1.17,1.23,0.84,0.96,0.99,,2021-05-18 02:00:00
2021-05-19,1,2021,1.03,0.65,0.72,0.58,0.29,0.42,0.33,,2021-05-19 02:00:00
2021-05-20,1,2021,-0.03,-0.21,-0.18,-0.81,-0.83,-0.7,-1.03,,2021-05-20 02:00:00
2021-05-21,1,2021,-0.8,-0.86,-0.85,-1.78,-1.65,-1.51,-2.02,Abnormally Dry,2021-05-21 02:00:00
2021-05-22,1,2021,-0.38,-0.49,-0.48,-1.28,-1.21,-1.08,-1.49,,2021-05-22 02:00:00
2021-05-23,1,2021,0.23,0.04,0.05,-0.56,-0.59,-0.47,-0.74,,2021-05-23 02:00:00
2021-05-24,1,2021,0.74,0.46,0.49,0.14,-0.02,0.09,-0.05,,2021-05-24 02:00:00
2021-05-25,1,2021,1.81,1.36,1.42,1.48,1.1,1.2,1.31,,2021-05-25 02:00:00
2021-05-26,1,2021,-0.8,-0.88,-0.86,-1.85,-1.72,-1.56,-2.11,Abnormally Dry,2021-05-26 02:00:00
2021-05-27,1,2021,-0.8,-0.88,-0.85,-1.8,-1.68,-1.52,-2.06,Abnormally Dry,2021-05-27 02:00:00
2021-05-28,1,2021,1.52,1.3,1.17,1.1,0.96,0.89,1.14,,2021-05-28 02:00:00
2021-05-29,1,2021,-0.51,-0.61,-0.6,-1.37,-1.3,-1.18,-1.6,Abnormally Dry,2021-05-29 02:00:00
2021-05-30,1,2021,0.03,-0.11,-0.13,-0.83,-0.8,-0.7,-0.99,,2021-05-30 02:00:00
2021-05-31,1,2021,-0.8,-0.88,-0.85,-1.81,-1.69,-1.53,-2.07,Abnormally Dry,2021-05-31 02:00:00
2021-06-01,1,2021,-0.8,-0.87,-0.85,-1.74,-1.63,-1.48,-1.99,Abnormally Dry,2021-06-01 02:00:00
2021-06-02,1,2021,-0.06,-0.18,-0.2,-0.89,-0.85,-0.75,-1.05,,2021-06-02 02:00:00
2021-06-03,1,2021,0.43,0.27,0.23,-0.29,-0.3,-0.25,-0.39,,2021-06-03 02:00:00
2021-06-04,1,2021,0.27,0.13,0.09,-0.43,-0.43,-0.38,-0.55,,2021-06-04 02:00:00
2021-06-05,1,2021,-0.41,-0.49,-0.5,-1.34,-1.23,-1.12,-1.51,,2021-06-05 02:00:00
2021-06-06,1,2021,-0.66,-0.73,-0.72,-1.6,-1.48,-1.35,-1.82,Abnormally Dry,2021-06-06 02:00:00
2021-06-07,1,2021,-0.24,-0.34,-0.35,-1.15,-1.07,-0.95,-1.32,,2021-06-07 02:00:00
2021-06-08,1,2021,-0.8,-0.86,-0.85,-1.82,-1.68,-1.53,-2.05,Abnormally Dry,2021-06-08 02:00:00
2021-06-09,1,2021,1.18,0.98,0.91,0.7,0.6,0.59,0.7,,2021-06-09 02:00:00
2021-06-10,1,2021,-0.8,-0.87,-0.85,-1.82,-1.69,-1.53,-2.07,Abnormally Dry,2021-06-10 02:00:00
2021-06-11,1,2021,-0.19,-0.29,-0.3,-1.16,-1.07,-0.95,-1.32,,2021-06-11 02:00:00
2021-06-12,1,2021,0.1,-0.02,-0.04,-0.71,-0.66,-0.58,-0.83,,2021-06-12 02:00:00
2021-06-13,1,2021,0.47,0.32,0.29,-0.17,-0.19,-0.13,-0.25,,2021-06-13 02:00:00
2021-06-14,1,2021,-0.24,-0.35,-0.35,-1.06,-1.01,-0.9,-1.24,,2021-06-14 02:00:00
2021-06-15,1,2021,-0.77,-0.84,-0.82,-1.87,-1.72,-1.55,-2.11,Abnormally Dry,2021-06-15 02:00:00
2021-06-16,1,2021,-0.49,-0.56,-0.57,-1.4,-1.29,-1.17,-1.58,,2021-06-16 02:00:00
2021-06-17,1,2021,-0.49,-0.55,-0.57,-1.5,-1.36,-1.24,-1.67,,2021-06-17 02:00:00
2021-06-18,1,2021,-0.8,-0.83,-0.85,-1.88,-1.7,-1.57,-2.08,Abnormally Dry,2021-06-18 02:00:00
2021-06-19,1,2021,0.1,0.02,-0.02,-0.68,-0.6,-0.54,-0.75,,2021-06-19 02:00:00
2021-06-20,1,2021,-0.45,-0.5,-0.52,-1.36,-1.23,-1.13,-1.51,,2021-06-20 02:00:00
2021-06-21,1,2021,-0.8,-0.84,-0.84,-1.83,-1.66,-1.53,-2.04,Abnormally Dry,2021-06-21 02:00:00
2021-06-22,1,2021,0.89,0.77,0.7,0.36,0.34,0.34,0.39,,2021-06-22 02:00:00
2021-06-23,1,2021,1.23,1.07,1.01,0.8,0.72,0.72,0.85,,2021-06-23 02:00:00
2021-06-24,1,2021,-0.03,-0.15,-0.15,-0.88,-0.83,-0.72,-1.03,,2021-06-24 02:00:00
2021-06-25,1,2021,-0.42,-0.5,-0.5,-1.36,-1.25,-1.13,-1.54,,2021-06-25 02:00:00
2021-06-26,1,2021,0.09,-0.02,-0.03,-0.76,-0.7,-0.6,-0.87,,2021-06-26 02:00:00
2021-06-27,1,2021,-0.75,-0.81,-0.8,-1.71,-1.57,-1.44,-1.93,Abnormally Dry,2021-06-27 02:00:00
2021-06-28,1,2021,-0.61,-0.67,-0.67,-1.62,-1.48,-1.34,-1.82,Abnormally Dry,2021-06-28 02:00:00
2021-06-29,1,2021,-0.35,-0.42,-0.43,-1.3,-1.18,-1.06,-1.45,,2021-06-29 02:00:00
2021-06-30,1,2021,0.55,0.44,0.41,-0.15,-0.12,-0.06,-0.17,,2021-06-30 02:00:00
2021-07-01,1,2021,-0.25,-0.32,-0.33,-1.15,-1.04,-0.93,-1.29,,2021-07-01 02:00:00
2021-07-02,1,2021,-0.66,-0.72,-0.72,-1.6,-1.47,-1.35,-1.8,Abnormally Dry,2021-07-02 02:00:00
2021-07-03,1,2021,-0.46,-0.51,-0.53,-1.4,-1.26,-1.16,-1.55,,2021-07-03 02:00:00
2021-07-04,1,2021,-0.8,-0.84,-0.85,-1.87,-1.69,-1.56,-2.08,Abnormally Dry,2021-07-04 02:00:00
2021-07-05,1,2021,-0.29,-0.34,-0.36,-1.19,-1.06,-0.96,-1.3,,2021-07-05 02:00:00
2021-07-06,1,2021,-0.78,-0.81,-0.82,-1.86,-1.67,-1.54,-2.05,Abnormally Dry,2021-07-06 02:00:00
2021-07-07,1,2021,-0.46,-0.49,-0.52,-1.31,-1.17,-1.08,-1.43,,2021-07-07 02:00:00
2021-07-08,1,2021,-0.8,-0.84,-0.83,-1.82,-1.65,-1.51,-2.02,Abnormally Dry,2021-07-08 02:00:00
2021-07-09,1,2021,0.97,0.97,0.83,0.48,0.58,0.5,0.67,,2021-07-09 02:00:00
2021-07-10,1,2021,-0.46,-0.49,-0.52,-1.32,-1.18,-1.09,-1.45,,2021-07-10 02:00:00
2021-07-11,1,2021,1.14,1.16,0.98,0.65,0.77,0.65,0.9,,2021-07-11 02:00:00
2021-07-12,1,2021,2.65,2.59,2.37,2.53,2.49,2.29,2.99,,2021-07-12 02:00:00
2021-07-13,1,2021,-0.67,-0.72,-0.73,-1.69,-1.53,-1.41,-1.88,Abnormally Dry,2021-07-13 02:00:00
2021-07-14,1,2021,0.44,0.38,0.31,-0.33,-0.24,-0.2,-0.32,,2021-07-14 02:00:00
2021-07-15,1,2021,-0.8,-0.84,-0.85,-1.88,-1.71,-1.57,-2.09,Abnormally Dry,2021-07-15 02:00:00
2021-07-16,1,2021,3.1,2.9,2.74,3.13,2.92,2.76,3.51,,2021-07-16 02:00:00
2021-07-17,1,2021,0.32,0.24,0.19,-0.42,-0.35,-0.3,-0.45,,2021-07-17 02:00:00
2021-07-18,1,2021,0.09,0.01,-0.02,-0.62,-0.56,-0.5,-0.7,,2021-07-18 02:00:00
2021-07-19,1,2021,-0.79,-0.83,-0.84,-1.83,-1.67,-1.54,-2.04,Abnormally Dry,2021-07-19 02:00:00
2021-07-20,1,2021,-0.8,-0.82,-0.84,-1.85,-1.66,-1.54,-2.03,Abnormally Dry,2021-07-20 02:00:00
2021-07-21,1,2021,-0.27,-0.31,-0.35,-1.16,-1.02,-0.94,-1.26,,2021-07-21 02:00:00
2021-07-22,1,2021,-0.7,-0.71,-0.74,-1.76,-1.56,-1.45,-1.91,Abnormally Dry,2021-07-22 02:00:00
2021-07-23,1,2021,-0.17,-0.18,-0.25,-1.07,-0.9,-0.85,-1.11,,2021-07-23 02:00:00
2021-07-24,1,2021,2.49,2.34,2.19,2.42,2.28,2.14,2.74,,2021-07-24 02:00:00
2021-07-25,1,2021,-0.17,-0.21,-0.26,-1.05,-0.91,-0.85,-1.13,,2021-07-25 02:00:00
2021-07-26,1,2021,-0.8,-0.8,-0.84,-1.8,-1.6,-1.51,-1.96,Abnormally Dry,2021-07-26 02:00:00
2021-07-27,1,2021,0.39,0.35,0.26,-0.43,-0.31,-0.29,-0.4,,2021-07-27 02:00:00
2021-07-28,1,2021,-0.8,-0.81,-0.84,-1.87,-1.67,-1.55,-2.04,Abnormally Dry,2021-07-28 02:00:00
2021-07-29,1,2021,2.03,1.88,1.77,1.79,1.69,1.61,2.01,,2021-07-29 02:00:00
2021-07-30,1,2021,-0.8,-0.81,-0.84,-1.8,-1.61,-1.51,-1.97,Abnormally Dry,2021-07-30 02:00:00
2021-07-31,1,2021,-0.8,-0.8,-0.84,-1.94,-1.71,-1.6,-2.1,Abnormally Dry,2021-07-31 02:00:00
2021-08-01,1,2021,-0.75,-0.81,-0.78,-1.75,-1.61,-1.45,-1.98,Abnormally Dry,2021-08-01 02:00:00
2021-08-02,1,2021,0.02,0.04,-0.07,-0.84,-0.65,-0.64,-0.81,,2021-08-02 02:00:00
2021-08-03,1,2021,-0.8,-0.87,-0.83,-1.9,-1.75,-1.56,-2.14,Abnormally Dry,2021-08-03 02:00:00
2021-08-04,1,2021,0.45,0.53,0.33,-0.28,-0.06,-0.16,-0.1,,2021-08-04 02:00:00
2021-08-05,1,2021,-0.8,-0.87,-0.83,-1.9,-1.75,-1.57,-2.15,Abnormally Dry,2021-08-05 02:00:00
2021-08-06,1,2021,-0.16,-0.14,-0.23,-1.1,-0.89,-0.86,-1.11,,2021-08-06 02:00:00
2021-08-07,1,2021,-0.8,-0.85,-0.83,-1.87,-1.71,-1.54,-2.09,Abnormally Dry,2021-08-07 02:00:00
2021-08-08,1,2021,0.64,0.75,0.52,-0.03,0.21,0.07,0.23,,2021-08-08 02:00:00
2021-08-09,1,2021,-0.42,-0.43,-0.47,-1.46,-1.26,-1.16,-1.55,,2021-08-09 02:00:00
2021-08-10,1,2021,0.54,0.64,0.42,-0.09,0.13,-0.0,0.13,,2021-08-10 02:00:00
2021-08-11,1,2021,1.89,2.16,1.67,1.55,1.89,1.45,2.26,,2021-08-11 02:00:00
2021-08-12,1,2021,-0.8,-0.86,-0.84,-1.82,-1.67,-1.52,-2.05,Abnormally Dry,2021-08-12 02:00:00
2021-08-13,1,2021,1.57,1.75,1.37,1.17,1.43,1.11,1.7,,2021-08-13 02:00:00
2021-08-14,1,2021,-0.8,-0.86,-0.84,-1.97,-1.79,-1.62,-2.2,Abnormally Dry,2021-08-14 02:00:00
2021-08-15,1,2021,2.3,2.44,2.03,2.04,2.23,1.85,2.66,,2021-08-15 02:00:00
2021-08-16,1,2021,-0.48,-0.5,-0.54,-1.46,-1.28,-1.19,-1.58,,2021-08-16 02:00:00
2021-08-17,1,2021,-0.78,-0.81,-0.82,-1.9,-1.7,-1.56,-2.09,Abnormally Dry,2021-08-17 02:00:00
2021-08-18,1,2021,-0.15,-0.13,-0.24,-1.11,-0.9,-0.88,-1.12,,2021-08-18 02:00:00
2021-08-19,1,2021,0.29,0.34,0.18,-0.43,-0.24,-0.3,-0.32,,2021-08-19 02:00:00
2021-08-20,1,2021,-0.72,-0.76,-0.77,-1.84,-1.66,-1.52,-2.03,Abnormally Dry,2021-08-20 02:00:00
2021-08-21,1,2021,0.94,1.03,0.78,0.4,0.6,0.42,0.7,,2021-08-21 02:00:00
2021-08-22,1,2021,0.06,0.09,-0.04,-0.83,-0.62,-0.63,-0.78,,2021-08-22 02:00:00
2021-08-23,1,2021,0.34,0.42,0.23,-0.39,-0.16,-0.26,-0.23,,2021-08-23 02:00:00
2021-08-24,1,2021,-0.8,-0.85,-0.84,-1.82,-1.67,-1.52,-2.04,Abnormally Dry,2021-08-24 02:00:00
2021-08-25,1,2021,-0.8,-0.85,-0.84,-1.88,-1.72,-1.56,-2.1,Abnormally Dry,2021-08-25 02:00:00
2021-08-26,1,2021,0.16,0.24,0.06,-0.71,-0.46,-0.52,-0.58,,2021-08-26 02:00:00
2021-08-27,1,2021,-0.46,-0.46,-0.52,-1.4,-1.21,-1.15,-1.49,,2021-08-27 02:00:00
2021-08-28,1,2021,-0.47,-0.46,-0.52,-1.31,-1.13,-1.08,-1.39,,2021-08-28 02:00:00
2021-08-29,1,2021,1.29,1.48,1.13,0.87,1.14,0.85,1.35,,2021-08-29 02:00:00
2021-08-30,1,2021,-0.76,-0.81,-0.8,-1.79,-1.63,-1.48,-2.0,Abnormally Dry,2021-08-30 02:00:00
2021-08-31,1,2021,-0.8,-0.84,-0.84,-1.88,-1.7,-1.56,-2.09,Abnormally Dry,2021-08-31 02:00:00
2021-09-01,1,2021,-0.8,-0.83,-0.84,-1.81,-1.64,-1.51,-2.01,Abnormally Dry,2021-09-01 02:00:00
2021-09-02,1,2021,-0.22,-0.17,-0.28,-1.06,-0.85,-0.84,-1.05,,2021-09-02 02:00:00
2021-09-03,1,2021,-0.8,-0.81,-0.83,-1.83,-1.63,-1.52,-2.0,Abnormally Dry,2021-09-03 02:00:00
2021-09-04,1,2021,-0.26,-0.22,-0.32,-1.11,-0.9,-0.89,-1.11,,2021-09-04 02:00:00
2021-09-05,1,2021,0.83,0.98,0.72,0.18,0.46,0.29,0.53,,2021-09-05 02:00:00
2021-09-06,1,2021,-0.8,-0.83,-0.84,-1.8,-1.63,-1.5,-1.99,Abnormally Dry,2021-09-06 02:00:00
2021-09-07,1,2021,0.35,0.45,0.26,-0.41,-0.16,-0.25,-0.22,,2021-09-07 02:00:00
2021-09-08,1,2021,0.79,0.92,0.67,0.13,0.39,0.23,0.45,,2021-09-08 02:00:00
2021-09-09,1,2021,-0.53,-0.54,-0.58,-1.48,-1.3,-1.21,-1.6,Abnormally Dry,2021-09-09 02:00:00
2021-09-10,1,2021,-0.75,-0.77,-0.78,-1.85,-1.65,-1.51,-2.02,Abnormally Dry,2021-09-10 02:00:00
2021-09-11,1,2021,-0.8,-0.81,-0.84,-1.81,-1.62,-1.52,-1.99,Abnormally Dry,2021-09-11 02:00:00
2021-09-12,1,2021,-0.03,0.04,-0.1,-0.93,-0.68,-0.7,-0.86,,2021-09-12 02:00:00
2021-09-13,1,2021,0.94,1.1,0.83,0.42,0.68,0.48,0.8,,2021-09-13 02:00:00
2021-09-14,1,2021,-0.41,-0.4,-0.46,-1.42,-1.2,-1.13,-1.49,,2021-09-14 02:00:00
2021-09-15,1,2021,-0.54,-0.54,-0.59,-1.55,-1.35,-1.26,-1.66,Abnormally Dry,2021-09-15 02:00:00
2021-09-16,1,2021,-0.8,-0.83,-0.84,-1.83,-1.66,-1.53,-2.03,Abnormally Dry,2021-09-16 02:00:00
2021-09-17,1,2021,-0.16,-0.12,-0.22,-1.15,-0.91,-0.88,-1.13,,2021-09-17 02:00:00
2021-09-18,1,2021,0.28,0.35,0.2,-0.5,-0.27,-0.32,-0.36,,2021-09-18 02:00:00
2021-09-19,1,2021,-0.29,-0.28,-0.34,-1.26,-1.06,-0.99,-1.31,,2021-09-19 02:00:00
2021-09-20,1,2021,4.22,4.21,3.9,4.48,4.42,4.07,5.31,,2021-09-20 02:00:00
2021-09-21,1,2021,-0.8,-0.78,-0.83,-1.85,-1.62,-1.53,-1.99,Abnormally Dry,2021-09-21 02:00:00
2021-09-22,1,2021,0.1,0.12,0.02,-0.74,-0.55,-0.54,-0.69,,2021-09-22 02:00:00
2021-09-23,1,2021,2.04,2.0,1.84,1.71,1.73,1.62,2.07,,2021-09-23 02:00:00
2021-09-24,1,2021,-0.3,-0.29,-0.36,-1.24,-1.04,-0.99,-1.29,,2021-09-24 02:00:00
2021-09-25,1,2021,-0.8,-0.79,-0.83,-1.92,-1.69,-1.58,-2.07,Abnormally Dry,2021-09-25 02:00:00
2021-09-26,1,2021,-0.78,-0.76,-0.8,-1.91,-1.66,-1.55,-2.04,Abnormally Dry,2021-09-26 02:00:00
2021-09-27,1,2021,-0.73,-0.71,-0.76,-1.81,-1.57,-1.48,-1.93,Abnormally Dry,2021-09-27 02:00:00
2021-09-28,1,2021,-0.8,-0.76,-0.82,-1.92,-1.65,-1.57,-2.03,Abnormally Dry,2021-09-28 02:00:00
2021-09-29,1,2021,-0.8,-0.75,-0.82,-1.9,-1.63,-1.55,-2.0,Abnormally Dry,2021-09-29 02:00:00
2021-09-30,1,2021,0.63,0.62,0.53,-0.01,0.11,0.1,0.1,,2021-09-30 02:00:00
2021-10-01,1,2021,0.42,0.41,0.33,-0.3,-0.17,-0.15,-0.23,,2021-10-01 02:00:00
2021-10-02,1,2021,0.78,0.74,0.67,0.15,0.24,0.25,0.26,,2021-10-02 02:00:00
2021-10-03,1,2021,0.94,0.88,0.82,0.41,0.45,0.46,0.52,,2021-10-03 02:00:00
2021-10-04,1,2021,0.32,0.27,0.23,-0.51,-0.39,-0.32,-0.5,,2021-10-04 02:00:00
2021-10-05,1,2021,-0.8,-0.81,-0.83,-1.85,-1.65,-1.53,-2.02,Abnormally Dry,2021-10-05 02:00:00
2021-10-06,1,2021,0.5,0.44,0.41,-0.21,-0.12,-0.06,-0.18,,2021-10-06 02:00:00
2021-10-07,1,2021,-0.2,-0.24,-0.27,-1.13,-0.98,-0.89,-1.22,,2021-10-07 02:00:00
2021-10-08,1,2021,-0.8,-0.81,-0.83,-1.83,-1.63,-1.52,-2.0,Abnormally Dry,2021-10-08 02:00:00
2021-10-09,1,2021,-0.8,-0.79,-0.83,-1.87,-1.64,-1.54,-2.01,Abnormally Dry,2021-10-09 02:00:00
2021-10-10,1,2021,-0.8,-0.78,-0.83,-1.96,-1.71,-1.6,-2.1,Abnormally Dry,2021-10-10 02:00:00
2021-10-11,1,2021,0.01,0.03,-0.06,-0.93,-0.72,-0.69,-0.9,,2021-10-11 02:00:00
2021-10-12,1,2021,-0.31,-0.29,-0.36,-1.36,-1.13,-1.06,-1.4,,2021-10-12 02:00:00
2021-10-13,1,2021,-0.37,-0.35,-0.41,-1.38,-1.16,-1.08,-1.43,,2021-10-13 02:00:00
2021-10-14,1,2021,-0.56,-0.53,-0.59,-1.66,-1.41,-1.32,-1.73,Abnormally Dry,2021-10-14 02:00:00
2021-10-15,1,2021,1.04,1.17,0.94,0.44,0.69,0.54,0.8,,2021-10-15 02:00:00
2021-10-16,1,2021,1.72,1.85,1.59,1.4,1.59,1.37,1.9,,2021-10-16 02:00:00
2021-10-17,1,2021,-0.8,-0.8,-0.83,-1.96,-1.73,-1.61,-2.12,Abnormally Dry,2021-10-17 02:00:00
2021-10-18,1,2021,-0.8,-0.8,-0.83,-1.92,-1.7,-1.58,-2.08,Abnormally Dry,2021-10-18 02:00:00
2021-10-19,1,2021,-0.8,-0.8,-0.83,-1.93,-1.71,-1.59,-2.09,Abnormally Dry,2021-10-19 02:00:00
2021-10-20,1,2021,-0.8,-0.79,-0.83,-1.88,-1.65,-1.55,-2.03,Abnormally Dry,2021-10-20 02:00:00
2021-10-21,1,2021,1.28,1.35,1.17,0.71,0.89,0.79,1.05,,2021-10-21 02:00:00
2021-10-22,1,2021,-0.8,-0.79,-0.83,-1.86,-1.64,-1.53,-2.0,Abnormally Dry,2021-10-22 02:00:00
2021-10-23,1,2021,-0.8,-0.78,-0.82,-1.94,-1.69,-1.58,-2.07,Abnormally Dry,2021-10-23 02:00:00
2021-10-24,1,2021,2.1,2.23,1.95,1.76,1.96,1.72,2.34,,2021-10-24 02:00:00
2021-10-25,1,2021,0.3,0.35,0.22,-0.45,-0.25,-0.28,-0.33,,2021-10-25 02:00:00
2021-10-26,1,2021,1.35,1.42,1.23,0.8,0.98,0.86,1.15,,2021-10-26 02:00:00
2021-10-27,1,2021,-0.8,-0.8,-0.83,-1.93,-1.71,-1.58,-2.09,Abnormally Dry,2021-10-27 02:00:00
2021-10-28,1,2021,-0.78,-0.77,-0.8,-1.87,-1.64,-1.53,-2.01,Abnormally Dry,2021-10-28 02:00:00
2021-10-29,1,2021,-0.62,-0.61,-0.65,-1.69,-1.46,-1.36,-1.8,Abnormally Dry,2021-10-29 02:00:00
2021-10-30,1,2021,1.93,2.02,1.78,1.57,1.73,1.54,2.06,,2021-10-30 02:00:00
2021-10-31,1,2021,-0.56,-0.56,-0.6,-1.63,-1.42,-1.31,-1.74,Abnormally Dry,2021-10-31 02:00:00
2021-11-01,1,2021,-0.29,-0.29,-0.34,-1.28,-1.08,-1.0,-1.34,,2021-11-01 02:00:00
2021-11-02,1,2021,-0.8,-0.8,-0.83,-1.96,-1.73,-1.6,-2.12,Abnormally Dry,2021-11-02 02:00:00
2021-11-03,1,2021,-0.51,-0.5,-0.54,-1.53,-1.32,-1.22,-1.62,Abnormally Dry,2021-11-03 02:00:00
2021-11-04,1,2021,-0.77,-0.76,-0.79,-2.0,-1.75,-1.61,-2.14,Abnormally Dry,2021-11-04 02:00:00
2021-11-05,1,2021,-0.65,-0.64,-0.68,-1.75,-1.52,-1.41,-1.87,Abnormally Dry,2021-11-05 02:00:00
2021-11-06,1,2021,-0.8,-0.78,-0.82,-2.07,-1.8,-1.67,-2.21,Abnormally Dry,2021-11-06 02:00:00
2021-11-07,1,2021,-0.8,-0.78,-0.82,-1.99,-1.73,-1.61,-2.12,Abnormally Dry,2021-11-07 02:00:00
2021-11-08,1,2021,-0.8,-0.76,-0.82,-1.98,-1.7,-1.6,-2.09,Abnormally Dry,2021-11-08 02:00:00
2021-11-09,1,2021,0.03,0.13,-0.01,-0.85,-0.58,-0.6,-0.73,,2021-11-09 02:00:00
2021-11-10,1,2021,-0.76,-0.72,-0.78,-1.85,-1.6,-1.51,-1.96,Abnormally Dry,2021-11-10 02:00:00
2021-11-11,1,2021,1.58,1.76,1.47,1.15,1.42,1.18,1.68,,2021-11-11 02:00:00
2021-11-12,1,2021,-0.16,-0.09,-0.2,-1.09,-0.84,-0.82,-1.04,,2021-11-12 02:00:00
2021-11-13,1,2021,-0.28,-0.19,-0.32,-1.26,-0.97,-0.97,-1.21,,2021-11-13 02:00:00
2021-11-14,1,2021,-0.48,-0.41,-0.51,-1.54,-1.26,-1.22,-1.55,,2021-11-14 02:00:00
2021-11-15,1,2021,-0.78,-0.74,-0.8,-1.88,-1.62,-1.53,-1.99,Abnormally Dry,2021-11-15 02:00:00
2021-11-16,1,2021,-0.8,-0.75,-0.81,-2.0,-1.71,-1.61,-2.1,Abnormally Dry,2021-11-16 02:00:00
2021-11-17,1,2021,-0.46,-0.36,-0.48,-1.43,-1.13,-1.12,-1.4,,2021-11-17 02:00:00
2021-11-18,1,2021,-0.12,-0.01,-0.16,-1.05,-0.75,-0.78,-0.94,,2021-11-18 02:00:00
2021-11-19,1,2021,-0.65,-0.57,-0.66,-1.82,-1.5,-1.44,-1.85,Abnormally Dry,2021-11-19 02:00:00
2021-11-20,1,2021,-0.57,-0.47,-0.58,-1.68,-1.36,-1.32,-1.68,Abnormally Dry,2021-11-20 02:00:00
2021-11-21,1,2021,-0.05,0.11,-0.08,-0.96,-0.62,-0.69,-0.78,,2021-11-21 02:00:00
2021-11-22,1,2021,-0.8,-0.73,-0.81,-1.92,-1.62,-1.56,-1.99,Abnormally Dry,2021-11-22 02:00:00
2021-11-23,1,2021,-0.8,-0.73,-0.81,-2.0,-1.69,-1.61,-2.08,Abnormally Dry,2021-11-23 02:00:00
2021-11-24,1,2021,-0.8,-0.71,-0.81,-2.0,-1.67,-1.61,-2.05,Abnormally Dry,2021-11-24 02:00:00
2021-11-25,1,2021,-0.8,-0.71,-0.8,-1.88,-1.57,-1.52,-1.93,Abnormally Dry,2021-11-25 02:00:00
2021-11-26,1,2021,-0.35,-0.21,-0.36,-1.36,-1.01,-1.03,-1.26,,2021-11-26 02:00:00
2021-11-27,1,2021,-0.49,-0.35,-0.5,-1.51,-1.17,-1.18,-1.44,,2021-11-27 02:00:00
2021-11-28,1,2021,0.09,0.29,0.07,-0.77,-0.4,-0.5,-0.51,,2021-11-28 02:00:00
2021-11-29,1,2021,0.0,0.19,-0.02,-0.96,-0.58,-0.66,-0.74,,2021-11-29 02:00:00
2021-11-30,1,2021,-0.18,-0.03,-0.2,-1.17,-0.83,-0.86,-1.03,,2021-11-30 02:00:00
2021-12-01,1,2021,0.03,0.2,0.01,-0.84,-0.49,-0.57,-0.63,,2021-12-01 02:00:00
2021-12-02,1,2021,0.03,0.19,0.01,-0.88,-0.54,-0.59,-0.68,,2021-12-02 02:00:00
2021-12-03,1,2021,1.81,2.12,1.75,1.46,1.84,1.51,2.19,,2021-12-03 02:00:00
2021-12-04,1,2021,-0.77,-0.7,-0.78,-1.86,-1.57,-1.51,-1.93,Abnormally Dry,2021-12-04 02:00:00
2021-12-05,1,2021,-0.46,-0.37,-0.48,-1.57,-1.26,-1.22,-1.56,,2021-12-05 02:00:00
2021-12-06,1,2021,-0.29,-0.17,-0.31,-1.25,-0.94,-0.95,-1.17,,2021-12-06 02:00:00
2021-12-07,1,2021,-0.11,0.05,-0.13,-1.07,-0.72,-0.77,-0.9,,2021-12-07 02:00:00
2021-12-08,1,2021,-0.59,-0.49,-0.6,-1.64,-1.33,-1.3,-1.64,Abnormally Dry,2021-12-08 02:00:00
2021-12-09,1,2021,-0.28,-0.15,-0.29,-1.37,-1.02,-1.02,-1.27,,2021-12-09 02:00:00
2021-12-10,1,2021,-0.8,-0.74,-0.81,-1.95,-1.66,-1.58,-2.04,Abnormally Dry,2021-12-10 02:00:00
2021-12-11,1,2021,-0.66,-0.56,-0.66,-1.76,-1.44,-1.39,-1.77,Abnormally Dry,2021-12-11 02:00:00
2021-12-12,1,2021,-0.8,-0.71,-0.8,-1.91,-1.6,-1.54,-1.97,Abnormally Dry,2021-12-12 02:00:00
2021-12-13,1,2021,0.88,1.16,0.86,0.16,0.58,0.38,0.67,,2021-12-13 02:00:00
2021-12-14,1,2021,-0.48,-0.36,-0.49,-1.5,-1.18,-1.17,-1.45,,2021-12-14 02:00:00
2021-12-15,1,2021,-0.8,-0.72,-0.81,-1.87,-1.58,-1.53,-1.94,Abnormally Dry,2021-12-15 02:00:00
2021-12-16,1,2021,-0.8,-0.71,-0.8,-1.96,-1.64,-1.58,-2.02,Abnormally Dry,2021-12-16 02:00:00
2021-12-17,1,2021,-0.8,-0.7,-0.8,-1.94,-1.61,-1.56,-1.98,Abnormally Dry,2021-12-17 02:00:00
2021-12-18,1,2021,-0.77,-0.65,-0.77,-1.85,-1.52,-1.49,-1.86,Abnormally Dry,2021-12-18 02:00:00
2021-12-19,1,2021,-0.4,-0.21,-0.4,-1.46,-1.05,-1.1,-1.31,,2021-12-19 02:00:00
2021-12-20,1,2021,-0.8,-0.74,-0.8,-1.91,-1.63,-1.54,-2.0,Abnormally Dry,2021-12-20 02:00:00
2021-12-21,1,2021,-0.8,-0.73,-0.8,-2.0,-1.69,-1.6,-2.07,Abnormally Dry,2021-12-21 02:00:00
2021-12-22,1,2021,0.61,1.18,0.61,-0.17,0.56,0.09,0.64,,2021-12-22 02:00:00
2021-12-23,1,2021,-0.12,0.18,-0.12,-1.03,-0.55,-0.73,-0.69,,2021-12-23 02:00:00
2021-12-24,1,2021,-0.34,-0.12,-0.34,-1.38,-0.95,-1.03,-1.19,,2021-12-24 02:00:00
2021-12-25,1,2021,-0.8,-0.75,-0.8,-1.97,-1.69,-1.58,-2.07,Abnormally Dry,2021-12-25 02:00:00
2021-12-26,1,2021,0.61,1.14,0.61,-0.18,0.51,0.08,0.58,,2021-12-26 02:00:00
2021-12-27,1,2021,-0.8,-0.76,-0.8,-1.97,-1.69,-1.58,-2.08,Abnormally Dry,2021-12-27 02:00:00
2021-12-28,1,2021,-0.2,0.05,-0.19,-1.13,-0.69,-0.81,-0.87,,2021-12-28 02:00:00
2021-12-29,1,2021,2.29,3.21,2.28,1.96,2.95,2.06,3.52,,2021-12-29 02:00:00
2021-12-30,1,2021,-0.8,-0.74,-0.8,-1.95,-1.66,-1.57,-2.04,Abnormally Dry,2021-12-30 02:00:00
2021-12-31,1,2021,0.78,1.29,0.77,0.02,0.68,0.26,0.79,,2021-12-31 02:00:00
2022-01-01,1,2022,0.81,,,0.3,,,,,2022-01-01 02:00:00
2022-01-02,1,2022,-0.73,-0.71,-0.71,-1.55,-1.37,-1.26,-1.67,Abnormally Dry,2022-01-02 02:00:00
2022-01-03,1,2022,-0.49,-0.42,-0.42,-1.28,-1.05,-0.94,-1.29,,2022-01-03 02:00:00
2022-01-04,1,2022,0.12,0.28,0.28,-0.5,-0.21,-0.13,-0.28,,2022-01-04 02:00:00
2022-01-05,1,2022,0.47,0.67,0.67,-0.09,0.22,0.3,0.24,,2022-01-05 02:00:00
2022-01-06,1,2022,-0.64,-0.89,-0.89,-1.57,-1.63,-1.51,-1.99,Abnormally Dry,2022-01-06 02:00:00
2022-01-07,1,2022,0.57,0.88,0.88,-0.09,0.35,0.44,0.4,,2022-01-07 02:00:00
2022-01-08,1,2022,-0.63,-0.9,-0.9,-1.48,-1.58,-1.47,-1.93,Abnormally Dry,2022-01-08 02:00:00
2022-01-09,1,2022,-0.21,-0.22,-0.22,-0.91,-0.78,-0.69,-0.97,,2022-01-09 02:00:00
2022-01-10,1,2022,0.49,0.88,0.88,-0.12,0.39,0.47,0.44,,2022-01-10 02:00:00
2022-01-11,1,2022,0.6,0.97,0.97,0.1,0.57,0.64,0.67,,2022-01-11 02:00:00
2022-01-12,1,2022,0.48,0.71,0.71,-0.02,0.31,0.38,0.35,,2022-01-12 02:00:00
2022-01-13,1,2022,-0.6,-1.06,-1.06,-1.51,-1.79,-1.67,-2.19,Abnormally Dry,2022-01-13 02:00:00
2022-01-14,1,2022,-0.79,-1.26,-1.26,-1.67,-1.97,-1.85,-2.39,Abnormally Dry,2022-01-14 02:00:00
2022-01-15,1,2022,0.93,1.44,1.44,0.45,1.05,1.12,1.24,,2022-01-15 02:00:00
2022-01-16,1,2022,-0.17,-0.31,-0.31,-0.94,-0.93,-0.82,-1.14,,2022-01-16 02:00:00
2022-01-17,1,2022,0.34,0.52,0.52,-0.29,0.02,0.1,-0.01,,2022-01-17 02:00:00
2022-01-18,1,2022,-0.62,-1.04,-1.04,-1.53,-1.77,-1.65,-2.16,Abnormally Dry,2022-01-18 02:00:00
2022-01-19,1,2022,-0.56,-0.89,-0.89,-1.39,-1.56,-1.45,-1.9,Abnormally Dry,2022-01-19 02:00:00
2022-01-20,1,2022,0.43,0.75,0.75,-0.26,0.19,0.29,0.21,,2022-01-20 02:00:00
2022-01-21,1,2022,1.77,2.45,2.45,1.54,2.26,2.3,2.71,,2022-01-21 02:00:00
2022-01-22,1,2022,2.29,2.57,2.57,2.14,2.45,2.47,2.94,,2022-01-22 02:00:00
2022-01-23,1,2022,0.38,0.25,0.25,-0.18,-0.2,-0.12,-0.26,,2022-01-23 02:00:00
2022-01-24,1,2022,0.15,-0.04,-0.04,-0.54,-0.59,-0.5,-0.74,,2022-01-24 02:00:00
2022-01-25,1,2022,-0.58,-0.93,-0.93,-1.42,-1.6,-1.49,-1.95,Abnormally Dry,2022-01-25 02:00:00
2022-01-26,1,2022,1.44,1.52,1.52,1.05,1.2,1.26,1.43,,2022-01-26 02:00:00
2022-01-27,1,2022,-0.36,-0.67,-0.67,-1.19,-1.33,-1.22,-1.63,,2022-01-27 02:00:00
2022-01-28,1,2022,-0.79,-1.16,-1.16,-1.73,-1.91,-1.79,-2.34,Abnormally Dry,2022-01-28 02:00:00
2022-01-29,1,2022,1.06,1.08,1.08,0.58,0.7,0.76,0.82,,2022-01-29 02:00:00
2022-01-30,1,2022,-0.56,-0.88,-0.88,-1.44,-1.58,-1.47,-1.94,Abnormally Dry,2022-01-30 02:00:00
2022-01-31,1,2022,-0.12,-0.33,-0.33,-0.88,-0.93,-0.83,-1.15,,2022-01-31 02:00:00
2022-02-01,1,2022,-0.54,-0.84,-0.84,-1.4,-1.53,-1.41,-1.87,Abnormally Dry,2022-02-01 02:00:00
2022-02-02,1,2022,2.07,2.22,2.22,1.94,2.11,2.13,2.53,,2022-02-02 02:00:00
2022-02-03,1,2022,-0.67,-0.97,-0.97,-1.55,-1.67,-1.56,-2.04,Abnormally Dry,2022-02-03 02:00:00
2022-02-04,1,2022,-0.35,-0.59,-0.59,-1.2,-1.27,-1.16,-1.56,,2022-02-04 02:00:00
2022-02-05,1,2022,-0.48,-0.72,-0.72,-1.37,-1.44,-1.32,-1.76,,2022-02-05 02:00:00
2022-02-06,1,2022,-0.79,-1.06,-1.06,-1.69,-1.78,-1.66,-2.17,Abnormally Dry,2022-02-06 02:00:00
2022-02-07,1,2022,-0.53,-0.73,-0.73,-1.36,-1.4,-1.29,-1.71,Abnormally Dry,2022-02-07 02:00:00
2022-02-08,1,2022,-0.11,-0.23,-0.23,-0.87,-0.84,-0.74,-1.04,,2022-02-08 02:00:00
2022-02-09,1,2022,0.09,0.01,0.01,-0.55,-0.5,-0.41,-0.62,,2022-02-09 02:00:00
2022-02-10,1,2022,-0.76,-1.01,-1.01,-1.63,-1.7,-1.59,-2.08,Abnormally Dry,2022-02-10 02:00:00
2022-02-11,1,2022,-0.35,-0.5,-0.5,-1.16,-1.15,-1.04,-1.41,,2022-02-11 02:00:00
2022-02-12,1,2022,0.28,0.28,0.28,-0.4,-0.26,-0.17,-0.34,,2022-02-12 02:00:00
2022-02-13,1,2022,-0.79,-1.03,-1.03,-1.73,-1.78,-1.66,-2.18,Abnormally Dry,2022-02-13 02:00:00
2022-02-14,1,2022,-0.42,-0.56,-0.56,-1.25,-1.23,-1.12,-1.51,,2022-02-14 02:00:00
2022-02-15,1,2022,-0.66,-0.85,-0.85,-1.58,-1.59,-1.47,-1.94,Abnormally Dry,2022-02-15 02:00:00
2022-02-16,1,2022,1.07,1.31,1.31,0.65,0.98,1.03,1.15,,2022-02-16 02:00:00
2022-02-17,1,2022,0.58,0.67,0.67,-0.04,0.17,0.26,0.18,,2022-02-17 02:00:00
2022-02-18,1,2022,-0.79,-1.03,-1.03,-1.84,-1.87,-1.73,-2.28,Abnormally Dry,2022-02-18 02:00:00
2022-02-19,1,2022,-0.61,-0.79,-0.79,-1.45,-1.46,-1.35,-1.79,Abnormally Dry,2022-02-19 02:00:00
2022-02-20,1,2022,-0.49,-0.63,-0.63,-1.28,-1.26,-1.16,-1.55,,2022-02-20 02:00:00
2022-02-21,1,2022,0.56,0.7,0.7,-0.0,0.25,0.32,0.28,,2022-02-21 02:00:00
2022-02-22,1,2022,-0.68,-0.87,-0.87,-1.55,-1.57,-1.45,-1.92,Abnormally Dry,2022-02-22 02:00:00
2022-02-23,1,2022,1.51,1.86,1.86,1.22,1.63,1.67,1.95,,2022-02-23 02:00:00
2022-02-24,1,2022,2.81,3.12,3.12,2.88,3.18,3.17,3.82,,2022-02-24 02:00:00
2022-02-25,1,2022,-0.47,-0.62,-0.62,-1.38,-1.35,-1.23,-1.65,,2022-02-25 02:00:00
2022-02-26,1,2022,-0.7,-0.87,-0.87,-1.62,-1.6,-1.48,-1.96,Abnormally Dry,2022-02-26 02:00:00
2022-02-27,1,2022,1.43,1.53,1.53,1.1,1.27,1.31,1.51,,2022-02-27 02:00:00
2022-02-28,1,2022,0.73,0.73,0.73,0.2,0.31,0.38,0.35,,2022-02-28 02:00:00
2022-03-01,1,2022,-0.52,-0.69,-0.69,-1.37,-1.37,-1.26,-1.68,Abnormally Dry,2022-03-01 02:00:00
2022-03-02,1,2022,0.37,0.33,0.33,-0.3,-0.21,-0.12,-0.28,,2022-03-02 02:00:00
2022-03-03,1,2022,1.02,1.06,1.06,0.61,0.73,0.79,0.87,,2022-03-03 02:00:00
2022-03-04,1,2022,0.2,0.11,0.11,-0.52,-0.47,-0.37,-0.59,,2022-03-04 02:00:00
2022-03-05,1,2022,0.62,0.6,0.6,-0.01,0.1,0.18,0.09,,2022-03-05 02:00:00
2022-03-06,1,2022,-0.79,-1.04,-1.04,-1.72,-1.78,-1.66,-2.18,Abnormally Dry,2022-03-06 02:00:00
2022-03-07,1,2022,-0.7,-0.92,-0.92,-1.63,-1.67,-1.54,-2.04,Abnormally Dry,2022-03-07 02:00:00
2022-03-08,1,2022,0.23,0.17,0.17,-0.44,-0.36,-0.27,-0.46,,2022-03-08 02:00:00
2022-03-09,1,2022,0.09,-0.0,-0.0,-0.61,-0.56,-0.47,-0.7,,2022-03-09 02:00:00
2022-03-10,1,2022,0.18,0.11,0.11,-0.55,-0.48,-0.38,-0.6,,2022-03-10 02:00:00
2022-03-11,1,2022,-0.45,-0.64,-0.64,-1.27,-1.3,-1.19,-1.59,,2022-03-11 02:00:00
2022-03-12,1,2022,-0.1,-0.22,-0.22,-0.78,-0.76,-0.67,-0.94,,2022-03-12 02:00:00
2022-03-13,1,2022,-0.34,-0.51,-0.51,-1.17,-1.18,-1.07,-1.44,,2022-03-13 02:00:00
2022-03-14,1,2022,-0.03,-0.12,-0.12,-0.84,-0.77,-0.66,-0.96,,2022-03-14 02:00:00
2022-03-15,1,2022,0.4,0.39,0.39,-0.21,-0.1,-0.02,-0.15,,2022-03-15 02:00:00
2022-03-16,1,2022,-0.79,-1.05,-1.05,-1.77,-1.84,-1.71,-2.24,Abnormally Dry,2022-03-16 02:00:00
2022-03-17,1,2022,-0.42,-0.59,-0.59,-1.26,-1.26,-1.15,-1.55,,2022-03-17 02:00:00
2022-03-18,1,2022,-0.79,-1.03,-1.03,-1.83,-1.86,-1.72,-2.27,Abnormally Dry,2022-03-18 02:00:00
2022-03-19,1,2022,-0.63,-0.82,-0.82,-1.56,-1.57,-1.44,-1.92,Abnormally Dry,2022-03-19 02:00:00
2022-03-20,1,2022,-0.3,-0.41,-0.41,-1.17,-1.1,-0.99,-1.36,,2022-03-20 02:00:00
2022-03-21,1,2022,-0.73,-0.94,-0.94,-1.69,-1.7,-1.58,-2.08,Abnormally Dry,2022-03-21 02:00:00
2022-03-22,1,2022,-0.75,-0.95,-0.95,-1.69,-1.7,-1.57,-2.08,Abnormally Dry,2022-03-22 02:00:00
2022-03-23,1,2022,-0.79,-0.99,-0.99,-1.81,-1.8,-1.67,-2.2,Abnormally Dry,2022-03-23 02:00:00
2022-03-24,1,2022,-0.79,-0.98,-0.98,-1.65,-1.66,-1.55,-2.03,Abnormally Dry,2022-03-24 02:00:00
2022-03-25,1,2022,-0.41,-0.51,-0.51,-1.3,-1.22,-1.1,-1.5,,2022-03-25 02:00:00
2022-03-26,1,2022,-0.79,-0.97,-0.97,-1.62,-1.63,-1.52,-1.99,Abnormally Dry,2022-03-26 02:00:00
2022-03-27,1,2022,-0.76,-0.91,-0.91,-1.77,-1.72,-1.58,-2.1,Abnormally Dry,2022-03-27 02:00:00
2022-03-28,1,2022,-0.38,-0.44,-0.44,-1.27,-1.15,-1.03,-1.42,,2022-03-28 02:00:00
2022-03-29,1,2022,-0.67,-0.8,-0.8,-1.69,-1.62,-1.48,-1.98,Abnormally Dry,2022-03-29 02:00:00
2022-03-30,1,2022,-0.56,-0.65,-0.65,-1.49,-1.39,-1.27,-1.71,Abnormally Dry,2022-03-30 02:00:00
2022-03-31,1,2022,2.12,2.62,2.62,1.88,2.43,2.46,2.9,,2022-03-31 02:00:00
2022-04-01,1,2022,-0.01,0.03,0.02,-0.78,-0.59,-0.49,-0.74,,2022-04-01 02:00:00
2022-04-02,1,2022,2.12,2.52,2.52,1.95,2.39,2.41,2.86,,2022-04-02 02:00:00
2022-04-03,1,2022,2.51,2.81,2.83,2.51,2.81,2.83,3.37,,2022-04-03 02:00:00
2022-04-04,1,2022,-0.7,-0.82,-0.83,-1.63,-1.57,-1.45,-1.92,Abnormally Dry,2022-04-04 02:00:00
2022-04-05,1,2022,5.23,4.96,5.06,5.9,5.49,5.51,6.0,,2022-04-05 02:00:00
2022-04-06,1,2022,0.9,0.77,0.8,0.32,0.31,0.42,0.35,,2022-04-06 02:00:00
2022-04-07,1,2022,-0.79,-0.84,-0.85,-1.73,-1.59,-1.47,-1.94,Abnormally Dry,2022-04-07 02:00:00
2022-04-08,1,2022,0.58,0.46,0.49,0.01,0.0,0.11,-0.02,,2022-04-08 02:00:00
2022-04-09,1,2022,1.0,0.85,0.9,0.45,0.41,0.53,0.47,,2022-04-09 02:00:00
2022-04-10,1,2022,-0.04,-0.14,-0.13,-0.77,-0.72,-0.62,-0.9,,2022-04-10 02:00:00
2022-04-11,1,2022,0.35,0.24,0.25,-0.33,-0.31,-0.21,-0.4,,2022-04-11 02:00:00
2022-04-12,1,2022,-0.67,-0.72,-0.75,-1.63,-1.49,-1.39,-1.82,Abnormally Dry,2022-04-12 02:00:00
2022-04-13,1,2022,-0.57,-0.63,-0.65,-1.5,-1.37,-1.27,-1.69,Abnormally Dry,2022-04-13 02:00:00
2022-04-14,1,2022,-0.38,-0.45,-0.46,-1.2,-1.11,-1.01,-1.36,,2022-04-14 02:00:00
2022-04-15,1,2022,-0.79,-0.83,-0.86,-1.79,-1.63,-1.53,-2.0,Abnormally Dry,2022-04-15 02:00:00
2022-04-16,1,2022,-0.28,-0.34,-0.35,-1.13,-1.02,-0.91,-1.25,,2022-04-16 02:00:00
2022-04-17,1,2022,1.86,1.67,1.78,1.64,1.5,1.63,1.79,,2022-04-17 02:00:00
2022-04-18,1,2022,-0.79,-0.83,-0.86,-1.84,-1.67,-1.56,-2.04,Abnormally Dry,2022-04-18 02:00:00
2022-04-19,1,2022,-0.66,-0.7,-0.72,-1.59,-1.44,-1.34,-1.77,Abnormally Dry,2022-04-19 02:00:00
2022-04-20,1,2022,-0.24,-0.3,-0.31,-1.01,-0.92,-0.83,-1.13,,2022-04-20 02:00:00
2022-04-21,1,2022,1.69,1.52,1.62,1.38,1.27,1.41,1.51,,2022-04-21 02:00:00
2022-04-22,1,2022,-0.55,-0.58,-0.62,-1.4,-1.26,-1.19,-1.55,Abnormally Dry,2022-04-22 02:00:00
2022-04-23,1,2022,-0.79,-0.79,-0.86,-1.74,-1.55,-1.49,-1.9,Abnormally Dry,2022-04-23 02:00:00
2022-04-24,1,2022,-0.62,-0.62,-0.68,-1.55,-1.37,-1.3,-1.68,Abnormally Dry,2022-04-24 02:00:00
2022-04-25,1,2022,-0.54,-0.54,-0.6,-1.48,-1.29,-1.23,-1.59,Abnormally Dry,2022-04-25 02:00:00
2022-04-26,1,2022,1.06,1.0,1.01,0.58,0.61,0.69,0.72,,2022-04-26 02:00:00
2022-04-27,1,2022,3.37,3.03,3.18,3.5,3.13,3.26,3.76,,2022-04-27 02:00:00
2022-04-28,1,2022,-0.39,-0.42,-0.46,-1.36,-1.19,-1.1,-1.47,,2022-04-28 02:00:00
2022-04-29,1,2022,-0.79,-0.77,-0.85,-1.78,-1.56,-1.51,-1.92,Abnormally Dry,2022-04-29 02:00:00
2022-04-30,1,2022,-0.79,-0.76,-0.84,-1.9,-1.65,-1.58,-2.03,Abnormally Dry,2022-04-30 02:00:00
2022-05-01,1,2022,-0.69,-0.66,-0.74,-1.61,-1.39,-1.35,-1.71,Abnormally Dry,2022-05-01 02:00:00
2022-05-02,1,2022,-0.52,-0.51,-0.57,-1.39,-1.21,-1.15,-1.48,Abnormally Dry,2022-05-02 02:00:00
2022-05-03,1,2022,-0.79,-0.74,-0.83,-1.83,-1.57,-1.52,-1.92,Abnormally Dry,2022-05-03 02:00:00
2022-05-04,1,2022,1.96,1.76,1.83,1.72,1.57,1.67,1.87,,2022-05-04 02:00:00
2022-05-05,1,2022,0.47,0.39,0.39,-0.25,-0.19,-0.09,-0.25,,2022-05-05 02:00:00
2022-05-06,1,2022,-0.79,-0.76,-0.83,-1.8,-1.57,-1.51,-1.92,Abnormally Dry,2022-05-06 02:00:00
2022-05-07,1,2022,1.7,1.48,1.58,1.36,1.21,1.36,1.44,,2022-05-07 02:00:00
2022-05-08,1,2022,0.75,0.61,0.65,0.14,0.12,0.24,0.12,,2022-05-08 02:00:00
2022-05-09,1,2022,0.13,0.04,0.05,-0.6,-0.55,-0.44,-0.68,,2022-05-09 02:00:00
2022-05-10,1,2022,-0.06,-0.13,-0.14,-0.82,-0.74,-0.65,-0.92,,2022-05-10 02:00:00
2022-05-11,1,2022,-0.79,-0.79,-0.85,-1.84,-1.63,-1.55,-2.0,Abnormally Dry,2022-05-11 02:00:00
2022-05-12,1,2022,0.26,0.16,0.18,-0.34,-0.32,-0.22,-0.41,,2022-05-12 02:00:00
2022-05-13,1,2022,-0.68,-0.69,-0.74,-1.59,-1.42,-1.35,-1.74,Abnormally Dry,2022-05-13 02:00:00
2022-05-14,1,2022,-0.79,-0.78,-0.84,-1.68,-1.49,-1.43,-1.83,Abnormally Dry,2022-05-14 02:00:00
2022-05-15,1,2022,-0.6,-0.61,-0.66,-1.52,-1.34,-1.27,-1.65,Abnormally Dry,2022-05-15 02:00:00
2022-05-16,1,2022,-0.79,-0.78,-0.84,-1.79,-1.58,-1.51,-1.94,Abnormally Dry,2022-05-16 02:00:00
2022-05-17,1,2022,0.18,0.11,0.13,-0.61,-0.53,-0.4,-0.66,,2022-05-17 02:00:00
2022-05-18,1,2022,-0.76,-0.74,-0.81,-1.82,-1.58,-1.51,-1.94,Abnormally Dry,2022-05-18 02:00:00
2022-05-19,1,2022,1.63,1.4,1.56,1.28,1.12,1.33,1.33,,2022-05-19 02:00:00
2022-05-20,1,2022,-0.72,-0.72,-0.77,-1.61,-1.43,-1.36,-1.75,Abnormally Dry,2022-05-20 02:00:00
2022-05-21,1,2022,-0.08,-0.15,-0.14,-0.86,-0.77,-0.66,-0.96,,2022-05-21 02:00:00
2022-05-22,1,2022,1.01,0.83,0.95,0.54,0.45,0.64,0.52,,2022-05-22 02:00:00
2022-05-23,1,2022,-0.79,-0.78,-0.84,-1.77,-1.56,-1.49,-1.91,Abnormally Dry,2022-05-23 02:00:00
2022-05-24,1,2022,0.11,0.04,0.05,-0.69,-0.6,-0.48,-0.75,,2022-05-24 02:00:00
2022-05-25,1,2022,-0.17,-0.19,-0.22,-1.08,-0.92,-0.82,-1.14,,2022-05-25 02:00:00
2022-05-26,1,2022,-0.56,-0.55,-0.61,-1.45,-1.26,-1.2,-1.55,Abnormally Dry,2022-05-26 02:00:00
2022-05-27,1,2022,1.09,0.97,1.04,0.64,0.61,0.74,0.71,,2022-05-27 02:00:00
2022-05-28,1,2022,-0.79,-0.77,-0.85,-1.74,-1.53,-1.48,-1.87,Abnormally Dry,2022-05-28 02:00:00
2022-05-29,1,2022,-0.22,-0.22,-0.27,-1.01,-0.85,-0.8,-1.05,,2022-05-29 02:00:00
2022-05-30,1,2022,-0.44,-0.43,-0.49,-1.32,-1.14,-1.08,-1.4,,2022-05-30 02:00:00
2022-05-31,1,2022,1.77,1.61,1.73,1.46,1.37,1.53,1.63,,2022-05-31 02:00:00
2022-06-01,1,2022,0.96,0.86,0.9,0.36,0.38,0.5,0.44,,2022-06-01 02:00:00
2022-06-02,1,2022,0.4,0.34,0.34,-0.26,-0.19,-0.1,-0.25,,2022-06-02 02:00:00
2022-06-03,1,2022,-0.79,-0.75,-0.86,-1.75,-1.52,-1.5,-1.86,Abnormally Dry,2022-06-03 02:00:00
2022-06-04,1,2022,-0.36,-0.36,-0.43,-1.23,-1.06,-1.01,-1.3,,2022-06-04 02:00:00
2022-06-05,1,2022,1.25,1.11,1.19,0.76,0.72,0.87,0.85,,2022-06-05 02:00:00
2022-06-06,1,2022,-0.79,-0.76,-0.86,-1.8,-1.57,-1.54,-1.93,Abnormally Dry,2022-06-06 02:00:00
2022-06-07,1,2022,-0.32,-0.32,-0.38,-1.18,-1.01,-0.95,-1.25,,2022-06-07 02:00:00
2022-06-08,1,2022,-0.01,-0.04,-0.07,-0.86,-0.72,-0.63,-0.89,,2022-06-08 02:00:00
2022-06-09,1,2022,0.49,0.41,0.44,-0.15,-0.11,0.01,-0.15,,2022-06-09 02:00:00
2022-06-10,1,2022,0.97,0.84,0.92,0.45,0.42,0.57,0.49,,2022-06-10 02:00:00
2022-06-11,1,2022,-0.79,-0.77,-0.87,-1.77,-1.56,-1.53,-1.91,Abnormally Dry,2022-06-11 02:00:00
2022-06-12,1,2022,-0.79,-0.76,-0.86,-1.81,-1.58,-1.54,-1.93,Abnormally Dry,2022-06-12 02:00:00
2022-06-13,1,2022,-0.18,-0.19,-0.24,-1.07,-0.9,-0.83,-1.11,,2022-06-13 02:00:00
2022-06-14,1,2022,-0.37,-0.37,-0.43,-1.33,-1.14,-1.07,-1.4,,2022-06-14 02:00:00
2022-06-15,1,2022,1.52,1.33,1.5,1.17,1.05,1.27,1.25,,2022-06-15 02:00:00
2022-06-16,1,2022,-0.59,-0.59,-0.66,-1.56,-1.37,-1.31,-1.68,Abnormally Dry,2022-06-16 02:00:00
2022-06-17,1,2022,-0.19,-0.23,-0.25,-1.09,-0.95,-0.85,-1.18,,2022-06-17 02:00:00
2022-06-18,1,2022,-0.77,-0.75,-0.84,-1.79,-1.57,-1.52,-1.92,Abnormally Dry,2022-06-18 02:00:00
2022-06-19,1,2022,-0.35,-0.37,-0.41,-1.3,-1.13,-1.04,-1.39,,2022-06-19 02:00:00
2022-06-20,1,2022,1.14,0.95,1.12,0.59,0.51,0.75,0.59,,2022-06-20 02:00:00
2022-06-21,1,2022,-0.79,-0.79,-0.86,-1.82,-1.62,-1.55,-1.98,Abnormally Dry,2022-06-21 02:00:00
2022-06-22,1,2022,0.54,0.4,0.51,-0.15,-0.15,0.05,-0.21,,2022-06-22 02:00:00
2022-06-23,1,2022,0.25,0.13,0.21,-0.46,-0.44,-0.27,-0.56,,2022-06-23 02:00:00
2022-06-24,1,2022,-0.49,-0.55,-0.56,-1.48,-1.34,-1.22,-1.65,,2022-06-24 02:00:00
2022-06-25,1,2022,-0.73,-0.77,-0.81,-1.78,-1.61,-1.51,-1.97,Abnormally Dry,2022-06-25 02:00:00
2022-06-26,1,2022,-0.17,-0.26,-0.22,-1.07,-0.98,-0.82,-1.21,,2022-06-26 02:00:00
2022-06-27,1,2022,-0.75,-0.79,-0.82,-1.81,-1.64,-1.53,-2.01,Abnormally Dry,2022-06-27 02:00:00
2022-06-28,1,2022,-0.61,-0.66,-0.67,-1.59,-1.45,-1.32,-1.77,Abnormally Dry,2022-06-28 02:00:00
2022-06-29,1,2022,-0.79,-0.81,-0.86,-1.81,-1.62,-1.54,-1.99,Abnormally Dry,2022-06-29 02:00:00
2022-06-30,1,2022,-0.39,-0.44,-0.44,-1.35,-1.2,-1.08,-1.48,,2022-06-30 02:00:00
2022-07-01,1,2022,0.3,0.23,0.28,-0.39,-0.32,-0.18,-0.41,,2022-07-01 02:00:00
2022-07-02,1,2022,-0.79,-0.79,-0.86,-1.84,-1.63,-1.56,-2.0,Abnormally Dry,2022-07-02 02:00:00
2022-07-03,1,2022,1.16,1.08,1.18,0.61,0.64,0.81,0.75,,2022-07-03 02:00:00
2022-07-04,1,2022,-0.79,-0.87,-0.86,-1.83,-1.7,-1.55,-2.08,Abnormally Dry,2022-07-04 02:00:00
2022-07-05,1,2022,-0.45,-0.47,-0.5,-1.38,-1.21,-1.12,-1.49,,2022-07-05 02:00:00
2022-07-06,1,2022,2.1,2.35,2.15,1.92,2.2,2.03,2.64,,2022-07-06 02:00:00
2022-07-07,1,2022,-0.79,-0.85,-0.86,-1.78,-1.64,-1.52,-2.01,Abnormally Dry,2022-07-07 02:00:00
2022-07-08,1,2022,0.34,0.42,0.32,-0.34,-0.12,-0.13,-0.18,,2022-07-08 02:00:00
2022-07-09,1,2022,-0.06,-0.03,-0.1,-0.84,-0.65,-0.62,-0.81,,2022-07-09 02:00:00
2022-07-10,1,2022,-0.79,-0.83,-0.86,-1.85,-1.68,-1.57,-2.05,Abnormally Dry,2022-07-10 02:00:00
2022-07-11,1,2022,1.94,2.14,1.98,1.69,1.94,1.82,2.32,,2022-07-11 02:00:00
2022-07-12,1,2022,-0.79,-0.84,-0.86,-1.79,-1.64,-1.53,-2.01,Abnormally Dry,2022-07-12 02:00:00
2022-07-13,1,2022,-0.79,-0.83,-0.85,-1.86,-1.69,-1.56,-2.07,Abnormally Dry,2022-07-13 02:00:00
2022-07-14,1,2022,0.55,0.6,0.54,-0.13,0.05,0.08,0.04,,2022-07-14 02:00:00
2022-07-15,1,2022,-0.79,-0.84,-0.85,-1.87,-1.7,-1.57,-2.09,Abnormally Dry,2022-07-15 02:00:00
2022-07-16,1,2022,-0.29,-0.28,-0.33,-1.17,-0.98,-0.91,-1.21,,2022-07-16 02:00:00
2022-07-17,1,2022,-0.79,-0.83,-0.85,-1.88,-1.7,-1.58,-2.09,Abnormally Dry,2022-07-17 02:00:00
2022-07-18,1,2022,-0.03,0.0,-0.06,-0.89,-0.69,-0.64,-0.86,,2022-07-18 02:00:00
2022-07-19,1,2022,-0.68,-0.72,-0.74,-1.69,-1.52,-1.41,-1.87,Abnormally Dry,2022-07-19 02:00:00
2022-07-20,1,2022,0.77,0.92,0.79,0.1,0.39,0.35,0.44,,2022-07-20 02:00:00
2022-07-21,1,2022,1.5,1.7,1.55,1.11,1.39,1.29,1.65,,2022-07-21 02:00:00
2022-07-22,1,2022,-0.28,-0.29,-0.32,-1.24,-1.05,-0.96,-1.3,,2022-07-22 02:00:00
2022-07-23,1,2022,-0.79,-0.86,-0.86,-1.81,-1.68,-1.54,-2.06,Abnormally Dry,2022-07-23 02:00:00
2022-07-24,1,2022,0.01,0.03,-0.01,-0.82,-0.63,-0.56,-0.79,,2022-07-24 02:00:00
2022-07-25,1,2022,-0.5,-0.52,-0.55,-1.53,-1.35,-1.24,-1.66,Abnormally Dry,2022-07-25 02:00:00
2022-07-26,1,2022,-0.62,-0.67,-0.67,-1.58,-1.44,-1.31,-1.76,Abnormally Dry,2022-07-26 02:00:00
2022-07-27,1,2022,1.23,1.56,1.28,0.78,1.2,0.98,1.42,,2022-07-27 02:00:00
2022-07-28,1,2022,-0.7,-0.78,-0.76,-1.73,-1.6,-1.45,-1.97,Abnormally Dry,2022-07-28 02:00:00
2022-07-29,1,2022,-0.56,-0.61,-0.61,-1.53,-1.39,-1.26,-1.7,Abnormally Dry,2022-07-29 02:00:00
2022-07-30,1,2022,2.17,2.57,2.24,1.97,2.41,2.11,2.88,,2022-07-30 02:00:00
2022-07-31,1,2022,-0.79,-0.9,-0.85,-1.85,-1.75,-1.55,-2.14,Abnormally Dry,2022-07-31 02:00:00
2022-08-01,1,2022,3.42,3.68,3.46,3.46,3.71,3.49,4.46,,2022-08-01 02:00:00
2022-08-02,1,2022,-0.37,-0.4,-0.42,-1.32,-1.16,-1.05,-1.43,,2022-08-02 02:00:00
2022-08-03,1,2022,0.19,0.22,0.16,-0.68,-0.48,-0.42,-0.61,,2022-08-03 02:00:00
2022-08-04,1,2022,-0.79,-0.87,-0.85,-1.86,-1.72,-1.56,-2.11,Abnormally Dry,2022-08-04 02:00:00
2022-08-05,1,2022,-0.79,-0.85,-0.84,-1.77,-1.63,-1.49,-2.0,Abnormally Dry,2022-08-05 02:00:00
2022-08-06,1,2022,-0.79,-0.83,-0.84,-1.81,-1.64,-1.52,-2.01,Abnormally Dry,2022-08-06 02:00:00
2022-08-07,1,2022,-0.79,-0.82,-0.84,-1.87,-1.68,-1.56,-2.06,Abnormally Dry,2022-08-07 02:00:00
2022-08-08,1,2022,-0.69,-0.7,-0.74,-1.76,-1.56,-1.45,-1.91,Abnormally Dry,2022-08-08 02:00:00
2022-08-09,1,2022,-0.45,-0.43,-0.48,-1.46,-1.24,-1.15,-1.52,,2022-08-09 02:00:00
2022-08-10,1,2022,-0.79,-0.8,-0.83,-1.81,-1.62,-1.51,-1.98,Abnormally Dry,2022-08-10 02:00:00
2022-08-11,1,2022,-0.79,-0.8,-0.83,-1.86,-1.65,-1.54,-2.03,Abnormally Dry,2022-08-11 02:00:00
2022-08-12,1,2022,-0.36,-0.33,-0.39,-1.29,-1.08,-1.01,-1.33,,2022-08-12 02:00:00
2022-08-13,1,2022,-0.79,-0.8,-0.82,-1.71,-1.54,-1.44,-1.88,Abnormally Dry,2022-08-13 02:00:00
2022-08-14,1,2022,-0.31,-0.27,-0.32,-1.3,-1.06,-0.98,-1.31,,2022-08-14 02:00:00
2022-08-15,1,2022,1.91,2.15,1.95,1.62,1.92,1.76,2.29,,2022-08-15 02:00:00
2022-08-16,1,2022,-0.49,-0.48,-0.51,-1.48,-1.27,-1.17,-1.57,,2022-08-16 02:00:00
2022-08-17,1,2022,-0.33,-0.29,-0.35,-1.3,-1.07,-1.0,-1.32,,2022-08-17 02:00:00
2022-08-18,1,2022,-0.18,-0.14,-0.2,-1.01,-0.8,-0.75,-1.0,,2022-08-18 02:00:00
2022-08-19,1,2022,-0.65,-0.65,-0.68,-1.71,-1.5,-1.39,-1.84,Abnormally Dry,2022-08-19 02:00:00
2022-08-20,1,2022,-0.79,-0.79,-0.82,-1.86,-1.64,-1.53,-2.01,Abnormally Dry,2022-08-20 02:00:00
2022-08-21,1,2022,-0.79,-0.79,-0.82,-1.86,-1.65,-1.53,-2.02,Abnormally Dry,2022-08-21 02:00:00
2022-08-22,1,2022,-0.79,-0.77,-0.82,-1.79,-1.57,-1.49,-1.92,Abnormally Dry,2022-08-22 02:00:00
2022-08-23,1,2022,-0.79,-0.76,-0.81,-1.8,-1.57,-1.48,-1.92,Abnormally Dry,2022-08-23 02:00:00
2022-08-24,1,2022,-0.48,-0.42,-0.49,-1.41,-1.16,-1.11,-1.43,,2022-08-24 02:00:00
2022-08-25,1,2022,0.06,0.2,0.07,-0.85,-0.53,-0.54,-0.67,,2022-08-25 02:00:00
2022-08-26,1,2022,1.17,1.42,1.23,0.62,0.98,0.86,1.15,,2022-08-26 02:00:00
2022-08-27,1,2022,-0.44,-0.38,-0.45,-1.45,-1.19,-1.12,-1.47,,2022-08-27 02:00:00
2022-08-28,1,2022,0.49,0.65,0.52,-0.28,0.04,0.01,0.01,,2022-08-28 02:00:00
2022-08-29,1,2022,0.32,0.49,0.34,-0.44,-0.12,-0.17,-0.17,,2022-08-29 02:00:00
2022-08-30,1,2022,-0.79,-0.77,-0.82,-1.84,-1.61,-1.52,-1.98,Abnormally Dry,2022-08-30 02:00:00
2022-08-31,1,2022,-0.79,-0.75,-0.82,-1.8,-1.55,-1.49,-1.91,Abnormally Dry,2022-08-31 02:00:00
2022-09-01,1,2022,-0.03,0.11,-0.02,-0.91,-0.59,-0.61,-0.75,,2022-09-01 02:00:00
2022-09-02,1,2022,-0.52,-0.45,-0.54,-1.53,-1.26,-1.21,-1.55,Abnormally Dry,2022-09-02 02:00:00
2022-09-03,1,2022,-0.78,-0.73,-0.8,-1.77,-1.52,-1.46,-1.87,Abnormally Dry,2022-09-03 02:00:00
2022-09-04,1,2022,0.1,0.28,0.12,-0.7,-0.36,-0.41,-0.46,,2022-09-04 02:00:00
2022-09-05,1,2022,-0.79,-0.75,-0.82,-1.85,-1.6,-1.53,-1.96,Abnormally Dry,2022-09-05 02:00:00
2022-09-06,1,2022,-0.79,-0.74,-0.81,-1.79,-1.54,-1.48,-1.89,Abnormally Dry,2022-09-06 02:00:00
2022-09-07,1,2022,-0.79,-0.72,-0.81,-1.91,-1.62,-1.56,-1.99,Abnormally Dry,2022-09-07 02:00:00
2022-09-08,1,2022,-0.56,-0.43,-0.56,-1.59,-1.25,-1.24,-1.54,Abnormally Dry,2022-09-08 02:00:00
2022-09-09,1,2022,2.42,2.88,2.56,2.22,2.72,2.43,3.26,,2022-09-09 02:00:00
2022-09-10,1,2022,-0.79,-0.71,-0.81,-1.83,-1.55,-1.51,-1.9,Abnormally Dry,2022-09-10 02:00:00
2022-09-11,1,2022,0.65,0.88,0.7,-0.11,0.27,0.2,0.3,,2022-09-11 02:00:00
2022-09-12,1,2022,-0.46,-0.35,-0.47,-1.46,-1.15,-1.14,-1.42,,2022-09-12 02:00:00
2022-09-13,1,2022,-0.37,-0.24,-0.37,-1.35,-1.02,-1.02,-1.27,,2022-09-13 02:00:00
2022-09-14,1,2022,-0.79,-0.71,-0.81,-1.9,-1.6,-1.55,-1.96,Abnormally Dry,2022-09-14 02:00:00
2022-09-15,1,2022,-0.01,0.18,0.02,-0.85,-0.49,-0.54,-0.62,,2022-09-15 02:00:00
2022-09-16,1,2022,3.06,3.38,3.19,2.97,3.31,3.13,3.97,,2022-09-16 02:00:00
2022-09-17,1,2022,2.59,2.73,2.66,2.4,2.58,2.53,3.09,,2022-09-17 02:00:00
2022-09-18,1,2022,-0.65,-0.55,-0.66,-1.72,-1.41,-1.38,-1.73,Abnormally Dry,2022-09-18 02:00:00
2022-09-19,1,2022,2.37,2.42,2.4,2.11,2.22,2.23,2.65,,2022-09-19 02:00:00
2022-09-20,1,2022,1.67,1.69,1.68,1.24,1.35,1.4,1.6,,2022-09-20 02:00:00
2022-09-21,1,2022,-0.49,-0.41,-0.51,-1.48,-1.21,-1.17,-1.49,,2022-09-21 02:00:00
2022-09-22,1,2022,-0.23,-0.16,-0.25,-1.16,-0.91,-0.87,-1.13,,2022-09-22 02:00:00
2022-09-23,1,2022,-0.79,-0.71,-0.81,-1.95,-1.64,-1.59,-2.02,Abnormally Dry,2022-09-23 02:00:00
2022-09-24,1,2022,-0.79,-0.7,-0.81,-1.89,-1.58,-1.55,-1.94,Abnormally Dry,2022-09-24 02:00:00
2022-09-25,1,2022,0.43,0.48,0.44,-0.41,-0.19,-0.12,-0.27,,2022-09-25 02:00:00
2022-09-26,1,2022,1.13,1.14,1.15,0.5,0.64,0.73,0.74,,2022-09-26 02:00:00
2022-09-27,1,2022,-0.46,-0.41,-0.48,-1.48,-1.23,-1.16,-1.51,,2022-09-27 02:00:00
2022-09-28,1,2022,3.4,3.12,3.38,3.42,3.14,3.4,3.77,,2022-09-28 02:00:00
2022-09-29,1,2022,-0.27,-0.24,-0.28,-1.24,-1.01,-0.93,-1.26,,2022-09-29 02:00:00
2022-09-30,1,2022,-0.24,-0.22,-0.26,-1.17,-0.96,-0.88,-1.19,,2022-09-30 02:00:00
2022-10-01,1,2022,-0.58,-0.52,-0.6,-1.67,-1.39,-1.33,-1.71,Abnormally Dry,2022-10-01 02:00:00
2022-10-02,1,2022,-0.79,-0.72,-0.81,-1.99,-1.68,-1.61,-2.07,Abnormally Dry,2022-10-02 02:00:00
2022-10-03,1,2022,0.08,0.08,0.07,-0.77,-0.6,-0.5,-0.76,,2022-10-03 02:00:00
2022-10-04,1,2022,-0.79,-0.71,-0.81,-1.98,-1.66,-1.6,-2.04,Abnormally Dry,2022-10-04 02:00:00
2022-10-05,1,2022,-0.6,-0.53,-0.61,-1.64,-1.36,-1.3,-1.68,Abnormally Dry,2022-10-05 02:00:00
2022-10-06,1,2022,-0.57,-0.49,-0.58,-1.59,-1.3,-1.26,-1.6,Abnormally Dry,2022-10-06 02:00:00
2022-10-07,1,2022,-0.51,-0.43,-0.52,-1.54,-1.25,-1.21,-1.55,Abnormally Dry,2022-10-07 02:00:00
2022-10-08,1,2022,0.09,0.13,0.09,-0.74,-0.54,-0.46,-0.68,,2022-10-08 02:00:00
2022-10-09,1,2022,0.81,0.84,0.82,0.15,0.31,0.38,0.35,,2022-10-09 02:00:00
2022-10-10,1,2022,-0.57,-0.49,-0.58,-1.61,-1.32,-1.27,-1.63,Abnormally Dry,2022-10-10 02:00:00
2022-10-11,1,2022,-0.73,-0.65,-0.75,-1.86,-1.55,-1.5,-1.91,Abnormally Dry,2022-10-11 02:00:00
2022-10-12,1,2022,-0.53,-0.44,-0.54,-1.59,-1.29,-1.25,-1.59,Abnormally Dry,2022-10-12 02:00:00
2022-10-13,1,2022,0.15,0.2,0.15,-0.73,-0.5,-0.43,-0.64,,2022-10-13 02:00:00
2022-10-14,1,2022,-0.04,0.01,-0.04,-0.98,-0.74,-0.67,-0.93,,2022-10-14 02:00:00
2022-10-15,1,2022,0.11,0.15,0.11,-0.73,-0.52,-0.45,-0.66,,2022-10-15 02:00:00
2022-10-16,1,2022,1.37,1.35,1.4,0.84,0.92,1.04,1.09,,2022-10-16 02:00:00
2022-10-17,1,2022,-0.45,-0.41,-0.46,-1.47,-1.22,-1.14,-1.51,,2022-10-17 02:00:00
2022-10-18,1,2022,-0.66,-0.6,-0.68,-1.63,-1.38,-1.33,-1.69,Abnormally Dry,2022-10-18 02:00:00
2022-10-19,1,2022,0.2,0.25,0.2,-0.68,-0.46,-0.39,-0.58,,2022-10-19 02:00:00
2022-10-20,1,2022,-0.74,-0.65,-0.75,-1.8,-1.5,-1.46,-1.84,Abnormally Dry,2022-10-20 02:00:00
2022-10-21,1,2022,-0.79,-0.71,-0.81,-1.88,-1.59,-1.54,-1.95,Abnormally Dry,2022-10-21 02:00:00
2022-10-22,1,2022,-0.38,-0.3,-0.38,-1.31,-1.05,-1.0,-1.29,,2022-10-22 02:00:00
2022-10-23,1,2022,-0.21,-0.14,-0.21,-1.25,-0.98,-0.91,-1.21,,2022-10-23 02:00:00
2022-10-24,1,2022,-0.25,-0.19,-0.26,-1.29,-1.02,-0.95,-1.27,,2022-10-24 02:00:00
2022-10-25,1,2022,-0.47,-0.39,-0.48,-1.43,-1.15,-1.12,-1.42,,2022-10-25 02:00:00
2022-10-26,1,2022,0.46,0.52,0.48,-0.32,-0.1,-0.04,-0.15,,2022-10-26 02:00:00
2022-10-27,1,2022,-0.69,-0.62,-0.71,-1.85,-1.55,-1.48,-1.9,Abnormally Dry,2022-10-27 02:00:00
2022-10-28,1,2022,2.81,2.77,2.87,2.67,2.65,2.77,3.18,,2022-10-28 02:00:00
2022-10-29,1,2022,2.73,2.56,2.75,2.54,2.41,2.63,2.88,,2022-10-29 02:00:00
2022-10-30,1,2022,3.82,3.52,3.75,4.04,3.7,3.9,4.44,,2022-10-30 02:00:00
2022-10-31,1,2022,-0.16,-0.13,-0.18,-1.09,-0.87,-0.8,-1.08,,2022-10-31 02:00:00
2022-11-01,1,2022,-0.23,-0.19,-0.25,-1.19,-0.95,-0.89,-1.18,,2022-11-01 02:00:00
2022-11-02,1,2022,-0.03,-0.02,-0.05,-0.94,-0.75,-0.66,-0.94,,2022-11-02 02:00:00
2022-11-03,1,2022,-0.09,-0.08,-0.11,-0.96,-0.78,-0.69,-0.97,,2022-11-03 02:00:00
2022-11-04,1,2022,-0.73,-0.68,-0.75,-1.81,-1.54,-1.47,-1.9,Abnormally Dry,2022-11-04 02:00:00
2022-11-05,1,2022,-0.29,-0.28,-0.31,-1.27,-1.06,-0.96,-1.31,,2022-11-05 02:00:00
2022-11-06,1,2022,-0.79,-0.73,-0.8,-1.97,-1.68,-1.59,-2.06,Abnormally Dry,2022-11-06 02:00:00
2022-11-07,1,2022,0.14,0.12,0.12,-0.77,-0.61,-0.48,-0.76,,2022-11-07 02:00:00
2022-11-08,1,2022,-0.2,-0.2,-0.22,-1.22,-1.02,-0.9,-1.26,,2022-11-08 02:00:00
2022-11-09,1,2022,-0.41,-0.4,-0.42,-1.42,-1.21,-1.09,-1.49,,2022-11-09 02:00:00
2022-11-10,1,2022,0.9,0.8,0.89,0.31,0.33,0.5,0.37,,2022-11-10 02:00:00
2022-11-11,1,2022,0.8,0.7,0.79,0.05,0.1,0.29,0.09,,2022-11-11 02:00:00
2022-11-12,1,2022,0.68,0.57,0.66,-0.14,-0.09,0.11,-0.13,,2022-11-12 02:00:00
2022-11-13,1,2022,-0.79,-0.78,-0.81,-1.91,-1.68,-1.56,-2.05,Abnormally Dry,2022-11-13 02:00:00
2022-11-14,1,2022,0.15,0.1,0.13,-0.64,-0.53,-0.39,-0.67,,2022-11-14 02:00:00
2022-11-15,1,2022,-0.24,-0.27,-0.26,-1.25,-1.08,-0.93,-1.33,,2022-11-15 02:00:00
2022-11-16,1,2022,0.37,0.3,0.35,-0.46,-0.36,-0.2,-0.47,,2022-11-16 02:00:00
2022-11-17,1,2022,0.48,0.4,0.47,-0.28,-0.21,-0.04,-0.28,,2022-11-17 02:00:00
2022-11-18,1,2022,1.02,0.89,1.01,0.37,0.37,0.57,0.41,,2022-11-18 02:00:00
2022-11-19,1,2022,-0.23,-0.3,-0.25,-1.24,-1.11,-0.92,-1.37,,2022-11-19 02:00:00
2022-11-20,1,2022,-0.79,-0.83,-0.82,-1.83,-1.66,-1.52,-2.04,Abnormally Dry,2022-11-20 02:00:00
2022-11-21,1,2022,-0.47,-0.53,-0.5,-1.51,-1.36,-1.2,-1.68,,2022-11-21 02:00:00
2022-11-22,1,2022,-0.49,-0.55,-0.51,-1.52,-1.38,-1.2,-1.69,,2022-11-22 02:00:00
2022-11-23,1,2022,-0.48,-0.54,-0.51,-1.5,-1.36,-1.19,-1.67,,2022-11-23 02:00:00
2022-11-24,1,2022,-0.79,-0.81,-0.82,-1.9,-1.7,-1.56,-2.08,Abnormally Dry,2022-11-24 02:00:00
2022-11-25,1,2022,1.03,0.9,1.03,0.36,0.37,0.59,0.41,,2022-11-25 02:00:00
2022-11-26,1,2022,-0.79,-0.81,-0.82,-1.95,-1.74,-1.59,-2.13,Abnormally Dry,2022-11-26 02:00:00
2022-11-27,1,2022,-0.72,-0.73,-0.75,-1.84,-1.63,-1.5,-2.0,Abnormally Dry,2022-11-27 02:00:00
2022-11-28,1,2022,-0.79,-0.79,-0.81,-1.9,-1.68,-1.55,-2.06,Abnormally Dry,2022-11-28 02:00:00
2022-11-29,1,2022,-0.68,-0.69,-0.7,-1.84,-1.62,-1.48,-1.99,Abnormally Dry,2022-11-29 02:00:00
2022-11-30,1,2022,-0.79,-0.78,-0.81,-1.92,-1.68,-1.56,-2.07,Abnormally Dry,2022-11-30 02:00:00
2022-12-01,1,2022,-0.41,-0.43,-0.43,-1.51,-1.31,-1.16,-1.62,,2022-12-01 02:00:00
2022-12-02,1,2022,-0.79,-0.79,-0.81,-1.99,-1.75,-1.61,-2.15,Abnormally Dry,2022-12-02 02:00:00
2022-12-03,1,2022,-0.79,-0.77,-0.81,-1.95,-1.7,-1.59,-2.09,Abnormally Dry,2022-12-03 02:00:00
2022-12-04,1,2022,-0.79,-0.77,-0.8,-1.91,-1.67,-1.55,-2.04,Abnormally Dry,2022-12-04 02:00:00
2022-12-05,1,2022,-0.79,-0.77,-0.8,-1.87,-1.63,-1.52,-2.0,Abnormally Dry,2022-12-05 02:00:00
2022-12-06,1,2022,-0.79,-0.77,-0.8,-1.92,-1.68,-1.56,-2.06,Abnormally Dry,2022-12-06 02:00:00
2022-12-07,1,2022,-0.79,-0.77,-0.8,-1.87,-1.63,-1.52,-2.0,Abnormally Dry,2022-12-07 02:00:00
2022-12-08,1,2022,-0.61,-0.59,-0.61,-1.67,-1.44,-1.32,-1.77,Abnormally Dry,2022-12-08 02:00:00
2022-12-09,1,2022,0.26,0.24,0.28,-0.64,-0.48,-0.32,-0.61,,2022-12-09 02:00:00
2022-12-10,1,2022,-0.05,-0.05,-0.04,-0.99,-0.8,-0.67,-1.0,,2022-12-10 02:00:00
2022-12-11,1,2022,3.22,2.91,3.27,3.09,2.8,3.18,3.36,,2022-12-11 02:00:00
2022-12-12,1,2022,0.03,-0.02,0.03,-0.9,-0.77,-0.59,-0.96,,2022-12-12 02:00:00
2022-12-13,1,2022,2.42,2.09,2.43,2.05,1.79,2.18,2.14,,2022-12-13 02:00:00
2022-12-14,1,2022,-0.79,-0.78,-0.8,-1.94,-1.7,-1.57,-2.09,Abnormally Dry,2022-12-14 02:00:00
2022-12-15,1,2022,-0.79,-0.77,-0.8,-1.95,-1.7,-1.57,-2.08,Abnormally Dry,2022-12-15 02:00:00
2022-12-16,1,2022,3.16,2.85,3.13,3.04,2.75,3.05,3.3,,2022-12-16 02:00:00
2022-12-17,1,2022,-0.77,-0.74,-0.78,-1.92,-1.66,-1.55,-2.04,Abnormally Dry,2022-12-17 02:00:00
2022-12-18,1,2022,-0.79,-0.74,-0.79,-2.05,-1.75,-1.63,-2.15,Abnormally Dry,2022-12-18 02:00:00
2022-12-19,1,2022,-0.46,-0.41,-0.46,-1.54,-1.28,-1.18,-1.57,,2022-12-19 02:00:00
2022-12-20,1,2022,-0.79,-0.73,-0.79,-1.92,-1.64,-1.54,-2.01,Abnormally Dry,2022-12-20 02:00:00
2022-12-21,1,2022,-0.79,-0.72,-0.79,-2.05,-1.73,-1.63,-2.12,Abnormally Dry,2022-12-21 02:00:00
2022-12-22,1,2022,-0.47,-0.42,-0.47,-1.49,-1.24,-1.15,-1.53,,2022-12-22 02:00:00
2022-12-23,1,2022,0.4,0.39,0.4,-0.43,-0.28,-0.16,-0.37,,2022-12-23 02:00:00
2022-12-24,1,2022,-0.77,-0.7,-0.76,-1.95,-1.64,-1.54,-2.02,Abnormally Dry,2022-12-24 02:00:00
2022-12-25,1,2022,0.18,0.21,0.19,-0.77,-0.55,-0.44,-0.7,,2022-12-25 02:00:00
2022-12-26,1,2022,-0.66,-0.59,-0.66,-1.79,-1.49,-1.41,-1.84,Abnormally Dry,2022-12-26 02:00:00
2022-12-27,1,2022,2.27,2.28,2.26,1.91,2.0,2.02,2.38,,2022-12-27 02:00:00
2022-12-28,1,2022,-0.63,-0.57,-0.63,-1.83,-1.53,-1.43,-1.89,Abnormally Dry,2022-12-28 02:00:00
2022-12-29,1,2022,-0.7,-0.63,-0.7,-1.86,-1.56,-1.47,-1.91,Abnormally Dry,2022-12-29 02:00:00
2022-12-30,1,2022,1.44,1.44,1.44,0.96,1.05,1.12,1.24,,2022-12-30 02:00:00
2022-12-31,1,2022,-0.76,-0.7,-0.76,-2.02,-1.71,-1.6,-2.1,Abnormally Dry,2022-12-31 02:00:00
2020-01-02,2,2020,-0.38,,,-1.2,,,,,2020-01-02 02:00:00
2020-01-03,2,2020,-0.45,-0.71,-0.71,-1.27,-1.37,-1.26,-1.68,,2020-01-03 02:00:00
2020-01-04,2,2020,1.45,1.15,1.15,1.23,0.97,1.0,1.16,,2020-01-04 02:00:00
2020-01-05,2,2020,-0.7,-0.69,-0.69,-1.54,-1.36,-1.25,-1.66,Abnormally Dry,2020-01-05 02:00:00
2020-01-06,2,2020,-0.76,-0.64,-0.64,-1.66,-1.36,-1.24,-1.67,Abnormally Dry,2020-01-06 02:00:00
2020-01-07,2,2020,-0.52,-0.35,-0.35,-1.32,-0.99,-0.89,-1.22,Abnormally Dry,2020-01-07 02:00:00
2020-01-08,2,2020,4.56,2.09,2.09,5.1,2.52,2.45,3.04,,2020-01-08 02:00:00
2020-01-09,2,2020,0.56,0.05,0.05,-0.01,-0.41,-0.33,-0.51,,2020-01-09 02:00:00
2020-01-10,2,2020,2.73,1.08,1.08,2.84,1.17,1.15,1.4,,2020-01-10 02:00:00
2020-01-11,2,2020,-0.62,-0.67,-0.67,-1.53,-1.4,-1.28,-1.72,Abnormally Dry,2020-01-11 02:00:00
2020-01-12,2,2020,-0.36,-0.5,-0.5,-1.2,-1.17,-1.06,-1.44,,2020-01-12 02:00:00
2020-01-13,2,2020,-0.14,-0.35,-0.35,-0.91,-0.97,-0.86,-1.19,,2020-01-13 02:00:00
2020-01-14,2,2020,0.6,0.09,0.09,0.06,-0.35,-0.27,-0.44,,2020-01-14 02:00:00
2020-01-15,2,2020,-0.76,-0.72,-0.72,-1.74,-1.5,-1.37,-1.84,Abnormally Dry,2020-01-15 02:00:00
2020-01-16,2,2020,-0.0,-0.23,-0.23,-0.63,-0.74,-0.65,-0.91,,2020-01-16 02:00:00
2020-01-17,2,2020,-0.24,-0.38,-0.38,-1.02,-1.01,-0.9,-1.24,,2020-01-17 02:00:00
2020-01-18,2,2020,-0.44,-0.49,-0.49,-1.32,-1.19,-1.08,-1.47,,2020-01-18 02:00:00
2020-01-19,2,2020,0.89,0.42,0.42,0.4,0.03,0.09,0.01,,2020-01-19 02:00:00
2020-01-20,2,2020,-0.43,-0.51,-0.51,-1.28,-1.19,-1.08,-1.46,,2020-01-20 02:00:00
2020-01-21,2,2020,1.5,0.86,0.86,1.22,0.64,0.68,0.76,,2020-01-21 02:00:00
2020-01-22,2,2020,0.67,0.25,0.25,0.15,-0.16,-0.09,-0.22,,2020-01-22 02:00:00
2020-01-23,2,2020,-0.56,-0.66,-0.66,-1.45,-1.37,-1.25,-1.68,Abnormally Dry,2020-01-23 02:00:00
2020-01-24,2,2020,0.71,0.31,0.31,0.21,-0.09,-0.02,-0.13,,2020-01-24 02:00:00
2020-01-25,2,2020,0.13,-0.14,-0.14,-0.62,-0.74,-0.64,-0.91,,2020-01-25 02:00:00
2020-01-26,2,2020,1.27,0.74,0.74,1.0,0.52,0.56,0.62,,2020-01-26 02:00:00
2020-01-27,2,2020,0.18,-0.13,-0.13,-0.43,-0.62,-0.54,-0.77,,2020-01-27 02:00:00
2020-01-28,2,2020,3.58,2.31,2.31,3.91,2.58,2.53,3.1,,2020-01-28 02:00:00
2020-01-29,2,2020,0.52,0.04,0.04,-0.02,-0.39,-0.32,-0.49,,2020-01-29 02:00:00
2020-01-30,2,2020,-0.67,-0.83,-0.83,-1.49,-1.49,-1.38,-1.82,Abnormally Dry,2020-01-30 02:00:00
2020-01-31,2,2020,1.91,1.09,1.09,1.81,1.01,1.03,1.21,,2020-01-31 02:00:00
2020-02-01,2,2020,-0.42,-0.66,-0.66,-1.19,-1.28,-1.18,-1.57,,2020-02-01 02:00:00
2020-02-02,2,2020,0.81,0.27,0.27,0.37,-0.08,-0.02,-0.12,,2020-02-02 02:00:00
2020-02-03,2,2020,-0.48,-0.71,-0.71,-1.35,-1.41,-1.29,-1.72,,2020-02-03 02:00:00
2020-02-04,2,2020,-0.41,-0.64,-0.64,-1.25,-1.31,-1.2,-1.61,,2020-02-04 02:00:00
2020-02-05,2,2020,-0.36,-0.59,-0.59,-1.27,-1.32,-1.19,-1.62,,2020-02-05 02:00:00
2020-02-06,2,2020,-0.76,-0.89,-0.89,-1.81,-1.73,-1.59,-2.11,Abnormally Dry,2020-02-06 02:00:00
2020-02-07,2,2020,-0.56,-0.71,-0.71,-1.47,-1.43,-1.31,-1.76,Abnormally Dry,2020-02-07 02:00:00
2020-02-08,2,2020,-0.76,-0.85,-0.85,-1.71,-1.61,-1.49,-1.97,Abnormally Dry,2020-02-08 02:00:00
2020-02-09,2,2020,0.7,0.32,0.32,0.13,-0.14,-0.06,-0.18,,2020-02-09 02:00:00
2020-02-10,2,2020,-0.26,-0.46,-0.46,-1.08,-1.12,-1.01,-1.37,,2020-02-10 02:00:00
2020-02-11,2,2020,0.58,0.24,0.24,0.02,-0.21,-0.14,-0.28,,2020-02-11 02:00:00
2020-02-12,2,2020,-0.49,-0.65,-0.65,-1.34,-1.33,-1.22,-1.63,,2020-02-12 02:00:00
2020-02-13,2,2020,1.29,0.83,0.83,1.03,0.62,0.66,0.74,,2020-02-13 02:00:00
2020-02-14,2,2020,-0.66,-0.8,-0.8,-1.57,-1.53,-1.41,-1.87,Abnormally Dry,2020-02-14 02:00:00
2020-02-15,2,2020,3.41,2.43,2.43,3.63,2.61,2.58,3.14,,2020-02-15 02:00:00
2020-02-16,2,2020,-0.03,-0.3,-0.3,-0.74,-0.87,-0.77,-1.07,,2020-02-16 02:00:00
2020-02-17,2,2020,0.15,-0.15,-0.15,-0.52,-0.69,-0.6,-0.85,,2020-02-17 02:00:00
2020-02-18,2,2020,-0.23,-0.46,-0.46,-0.99,-1.07,-0.97,-1.32,,2020-02-18 02:00:00
2020-02-19,2,2020,0.07,-0.21,-0.21,-0.65,-0.78,-0.69,-0.97,,2020-02-19 02:00:00
2020-02-20,2,2020,-0.1,-0.35,-0.35,-0.85,-0.95,-0.85,-1.17,,2020-02-20 02:00:00
2020-02-21,2,2020,0.13,-0.15,-0.15,-0.47,-0.63,-0.55,-0.78,,2020-02-21 02:00:00
2020-02-22,2,2020,0.56,0.2,0.2,0.01,-0.24,-0.17,-0.31,,2020-02-22 02:00:00
2020-02-23,2,2020,-0.46,-0.65,-0.65,-1.36,-1.37,-1.25,-1.68,,2020-02-23 02:00:00
2020-02-24,2,2020,-0.76,-0.89,-0.89,-1.78,-1.71,-1.57,-2.09,Abnormally Dry,2020-02-24 02:00:00
2020-02-25,2,2020,-0.09,-0.31,-0.31,-0.83,-0.9,-0.8,-1.11,,2020-02-25 02:00:00
2020-02-26,2,2020,0.23,-0.04,-0.04,-0.42,-0.56,-0.48,-0.7,,2020-02-26 02:00:00
2020-02-27,2,2020,-0.48,-0.65,-0.65,-1.26,-1.28,-1.17,-1.56,,2020-02-27 02:00:00
2020-02-28,2,2020,0.38,0.11,0.11,-0.23,-0.38,-0.3,-0.48,,2020-02-28 02:00:00
2020-02-29,2,2020,-0.52,-0.68,-0.68,-1.39,-1.37,-1.26,-1.68,Abnormally Dry,2020-02-29 02:00:00
2020-03-01,2,2020,-0.14,-0.35,-0.35,-0.94,-0.99,-0.89,-1.22,,2020-03-01 02:00:00
2020-03-02,2,2020,-0.24,-0.43,-0.43,-1.06,-1.09,-0.98,-1.34,,2020-03-02 02:00:00
2020-03-03,2,2020,-0.76,-0.89,-0.89,-1.74,-1.67,-1.54,-2.05,Abnormally Dry,2020-03-03 02:00:00
2020-03-04,2,2020,3.17,2.51,2.51,3.35,2.66,2.63,3.19,,2020-03-04 02:00:00
2020-03-05,2,2020,0.4,0.11,0.11,-0.2,-0.37,-0.29,-0.46,,2020-03-05 02:00:00
2020-03-06,2,2020,1.04,0.66,0.66,0.58,0.29,0.36,0.34,,2020-03-06 02:00:00
2020-03-07,2,2020,-0.74,-0.88,-0.88,-1.67,-1.63,-1.5,-1.99,Abnormally Dry,2020-03-07 02:00:00
2020-03-08,2,2020,-0.07,-0.29,-0.29,-0.76,-0.84,-0.75,-1.04,,2020-03-08 02:00:00
2020-03-09,2,2020,-0.59,-0.74,-0.74,-1.39,-1.38,-1.28,-1.69,Abnormally Dry,2020-03-09 02:00:00
2020-03-10,2,2020,-0.54,-0.69,-0.69,-1.42,-1.39,-1.27,-1.7,Abnormally Dry,2020-03-10 02:00:00
2020-03-11,2,2020,-0.74,-0.85,-0.85,-1.62,-1.55,-1.43,-1.9,Abnormally Dry,2020-03-11 02:00:00
2020-03-12,2,2020,2.21,1.71,1.71,2.19,1.69,1.69,2.03,,2020-03-12 02:00:00
2020-03-13,2,2020,-0.44,-0.6,-0.6,-1.31,-1.29,-1.18,-1.59,,2020-03-13 02:00:00
2020-03-14,2,2020,0.03,-0.19,-0.19,-0.74,-0.81,-0.7,-1.0,,2020-03-14 02:00:00
2020-03-15,2,2020,0.05,-0.17,-0.17,-0.62,-0.71,-0.62,-0.88,,2020-03-15 02:00:00
2020-03-16,2,2020,0.01,-0.2,-0.2,-0.61,-0.7,-0.61,-0.86,,2020-03-16 02:00:00
2020-03-17,2,2020,4.1,3.2,3.2,4.57,3.58,3.51,4.31,,2020-03-17 02:00:00
2020-03-18,2,2020,-0.39,-0.56,-0.56,-1.17,-1.18,-1.08,-1.45,,2020-03-18 02:00:00
2020-03-19,2,2020,-0.71,-0.82,-0.82,-1.65,-1.57,-1.44,-1.92,Abnormally Dry,2020-03-19 02:00:00
2020-03-20,2,2020,-0.72,-0.82,-0.82,-1.6,-1.53,-1.41,-1.87,Abnormally Dry,2020-03-20 02:00:00
2020-03-21,2,2020,0.03,-0.18,-0.18,-0.69,-0.76,-0.66,-0.94,,2020-03-21 02:00:00
2020-03-22,2,2020,-0.29,-0.45,-0.45,-1.01,-1.02,-0.93,-1.26,,2020-03-22 02:00:00
2020-03-23,2,2020,-0.57,-0.69,-0.69,-1.46,-1.4,-1.29,-1.72,Abnormally Dry,2020-03-23 02:00:00
2020-03-24,2,2020,-0.76,-0.84,-0.84,-1.72,-1.61,-1.48,-1.97,Abnormally Dry,2020-03-24 02:00:00
2020-03-25,2,2020,-0.76,-0.83,-0.83,-1.72,-1.6,-1.47,-1.96,Abnormally Dry,2020-03-25 02:00:00
2020-03-26,2,2020,-0.34,-0.47,-0.47,-1.18,-1.14,-1.03,-1.4,,2020-03-26 02:00:00
2020-03-27,2,2020,-0.76,-0.82,-0.82,-1.72,-1.59,-1.46,-1.95,Abnormally Dry,2020-03-27 02:00:00
2020-03-28,2,2020,-0.23,-0.36,-0.36,-1.01,-0.98,-0.88,-1.21,,2020-03-28 02:00:00
2020-03-29,2,2020,-0.69,-0.75,-0.75,-1.63,-1.5,-1.38,-1.84,Abnormally Dry,2020-03-29 02:00:00
2020-03-30,2,2020,-0.31,-0.42,-0.42,-1.07,-1.03,-0.93,-1.27,,2020-03-30 02:00:00
2020-03-31,2,2020,-0.76,-0.81,-0.81,-1.69,-1.56,-1.43,-1.91,Abnormally Dry,2020-03-31 02:00:00
2020-04-01,2,2020,0.01,-0.14,-0.13,-0.71,-0.72,-0.61,-0.89,,2020-04-01 02:00:00
2020-04-02,2,2020,-0.76,-0.81,-0.8,-1.67,-1.54,-1.41,-1.88,Abnormally Dry,2020-04-02 02:00:00
2020-04-03,2,2020,0.52,0.33,0.33,-0.05,-0.13,-0.05,-0.18,,2020-04-03 02:00:00
2020-04-04,2,2020,-0.14,-0.26,-0.26,-0.82,-0.8,-0.71,-0.99,,2020-04-04 02:00:00
2020-04-05,2,2020,-0.68,-0.74,-0.73,-1.59,-1.47,-1.34,-1.8,Abnormally Dry,2020-04-05 02:00:00
2020-04-06,2,2020,-0.74,-0.79,-0.78,-1.72,-1.57,-1.43,-1.92,Abnormally Dry,2020-04-06 02:00:00
2020-04-07,2,2020,0.23,0.12,0.09,-0.56,-0.51,-0.43,-0.64,,2020-04-07 02:00:00
2020-04-08,2,2020,-0.57,-0.64,-0.62,-1.51,-1.4,-1.25,-1.71,Abnormally Dry,2020-04-08 02:00:00
2020-04-09,2,2020,-0.26,-0.32,-0.34,-1.08,-0.98,-0.89,-1.21,,2020-04-09 02:00:00
2020-04-10,2,2020,-0.42,-0.49,-0.49,-1.39,-1.26,-1.14,-1.56,,2020-04-10 02:00:00
2020-04-11,2,2020,-0.76,-0.83,-0.79,-1.78,-1.65,-1.47,-2.02,Abnormally Dry,2020-04-11 02:00:00
2020-04-12,2,2020,-0.55,-0.61,-0.6,-1.43,-1.31,-1.18,-1.61,Abnormally Dry,2020-04-12 02:00:00
2020-04-13,2,2020,-0.66,-0.7,-0.69,-1.66,-1.5,-1.36,-1.84,Abnormally Dry,2020-04-13 02:00:00
2020-04-14,2,2020,0.89,0.84,0.73,0.42,0.46,0.41,0.54,,2020-04-14 02:00:00
2020-04-15,2,2020,-0.57,-0.62,-0.61,-1.54,-1.39,-1.26,-1.71,Abnormally Dry,2020-04-15 02:00:00
2020-04-16,2,2020,-0.76,-0.81,-0.78,-1.7,-1.56,-1.41,-1.92,Abnormally Dry,2020-04-16 02:00:00
2020-04-17,2,2020,0.32,0.27,0.22,-0.39,-0.3,-0.25,-0.39,,2020-04-17 02:00:00
2020-04-18,2,2020,-0.76,-0.8,-0.78,-1.79,-1.62,-1.46,-1.99,Abnormally Dry,2020-04-18 02:00:00
2020-04-19,2,2020,-0.76,-0.79,-0.78,-1.78,-1.61,-1.46,-1.97,Abnormally Dry,2020-04-19 02:00:00
2020-04-20,2,2020,1.03,1.02,0.89,0.58,0.66,0.59,0.77,,2020-04-20 02:00:00
2020-04-21,2,2020,-0.2,-0.21,-0.26,-1.03,-0.87,-0.81,-1.08,,2020-04-21 02:00:00
2020-04-22,2,2020,-0.08,-0.1,-0.15,-0.89,-0.74,-0.69,-0.93,,2020-04-22 02:00:00
2020-04-23,2,2020,-0.66,-0.67,-0.69,-1.58,-1.4,-1.3,-1.72,Abnormally Dry,2020-04-23 02:00:00
2020-04-24,2,2020,4.41,3.99,3.81,4.98,4.44,4.19,5.36,,2020-04-24 02:00:00
2020-04-25,2,2020,-0.76,-0.73,-0.77,-1.74,-1.52,-1.43,-1.86,Abnormally Dry,2020-04-25 02:00:00
2020-04-26,2,2020,0.23,0.18,0.11,-0.53,-0.43,-0.4,-0.54,,2020-04-26 02:00:00
2020-04-27,2,2020,2.87,2.68,2.4,2.99,2.77,2.48,3.33,,2020-04-27 02:00:00
2020-04-28,2,2020,0.57,0.52,0.39,-0.01,0.06,0.0,0.05,,2020-04-28 02:00:00
2020-04-29,2,2020,-0.76,-0.74,-0.77,-1.76,-1.54,-1.43,-1.89,Abnormally Dry,2020-04-29 02:00:00
2020-04-30,2,2020,0.9,0.85,0.68,0.44,0.48,0.38,0.56,,2020-04-30 02:00:00
2020-05-01,2,2020,-0.31,-0.31,-0.38,-1.11,-0.95,-0.91,-1.17,,2020-05-01 02:00:00
2020-05-02,2,2020,-0.7,-0.66,-0.72,-1.76,-1.5,-1.42,-1.85,Abnormally Dry,2020-05-02 02:00:00
2020-05-03,2,2020,-0.74,-0.7,-0.76,-1.65,-1.43,-1.37,-1.75,Abnormally Dry,2020-05-03 02:00:00
2020-05-04,2,2020,1.91,1.77,1.57,1.7,1.6,1.43,1.92,,2020-05-04 02:00:00
2020-05-05,2,2020,0.65,0.58,0.46,0.1,0.14,0.1,0.15,,2020-05-05 02:00:00
2020-05-06,2,2020,-0.6,-0.59,-0.64,-1.57,-1.37,-1.29,-1.68,Abnormally Dry,2020-05-06 02:00:00
2020-05-07,2,2020,-0.33,-0.34,-0.4,-1.12,-0.97,-0.93,-1.2,,2020-05-07 02:00:00
2020-05-08,2,2020,-0.22,-0.24,-0.3,-1.02,-0.88,-0.84,-1.09,,2020-05-08 02:00:00
2020-05-09,2,2020,-0.56,-0.56,-0.6,-1.51,-1.32,-1.23,-1.62,Abnormally Dry,2020-05-09 02:00:00
2020-05-10,2,2020,-0.66,-0.64,-0.69,-1.66,-1.44,-1.36,-1.77,Abnormally Dry,2020-05-10 02:00:00
2020-05-11,2,2020,-0.65,-0.62,-0.68,-1.64,-1.41,-1.34,-1.74,Abnormally Dry,2020-05-11 02:00:00
2020-05-12,2,2020,-0.76,-0.72,-0.77,-1.65,-1.43,-1.37,-1.76,Abnormally Dry,2020-05-12 02:00:00
2020-05-13,2,2020,-0.29,-0.26,-0.35,-1.2,-0.99,-0.96,-1.22,,2020-05-13 02:00:00
2020-05-14,2,2020,-0.76,-0.71,-0.76,-1.69,-1.45,-1.38,-1.78,Abnormally Dry,2020-05-14 02:00:00
2020-05-15,2,2020,-0.75,-0.7,-0.75,-1.77,-1.52,-1.43,-1.86,Abnormally Dry,2020-05-15 02:00:00
2020-05-16,2,2020,1.09,1.13,0.91,0.72,0.84,0.66,0.99,,2020-05-16 02:00:00
2020-05-17,2,2020,-0.7,-0.64,-0.71,-1.73,-1.46,-1.39,-1.79,Abnormally Dry,2020-05-17 02:00:00
2020-05-18,2,2020,-0.76,-0.69,-0.76,-1.78,-1.51,-1.44,-1.85,Abnormally Dry,2020-05-18 02:00:00
2020-05-19,2,2020,0.36,0.42,0.26,-0.28,-0.09,-0.17,-0.14,,2020-05-19 02:00:00
2020-05-20,2,2020,-0.49,-0.42,-0.52,-1.4,-1.14,-1.12,-1.41,,2020-05-20 02:00:00
2020-05-21,2,2020,0.72,0.76,0.59,0.2,0.34,0.24,0.39,,2020-05-21 02:00:00
2020-05-22,2,2020,0.46,0.51,0.35,-0.15,0.02,-0.06,-0.0,,2020-05-22 02:00:00
2020-05-23,2,2020,-0.69,-0.62,-0.7,-1.63,-1.38,-1.33,-1.69,Abnormally Dry,2020-05-23 02:00:00
2020-05-24,2,2020,-0.43,-0.37,-0.46,-1.31,-1.07,-1.04,-1.32,,2020-05-24 02:00:00
2020-05-25,2,2020,-0.14,-0.08,-0.19,-0.96,-0.74,-0.74,-0.92,,2020-05-25 02:00:00
2020-05-26,2,2020,-0.52,-0.45,-0.54,-1.4,-1.16,-1.13,-1.42,Abnormally Dry,2020-05-26 02:00:00
2020-05-27,2,2020,0.63,0.67,0.52,0.06,0.22,0.14,0.24,,2020-05-27 02:00:00
2020-05-28,2,2020,1.2,1.22,1.05,0.74,0.85,0.74,1.01,,2020-05-28 02:00:00
2020-05-29,2,2020,-0.22,-0.17,-0.27,-1.09,-0.87,-0.85,-1.07,,2020-05-29 02:00:00
2020-05-30,2,2020,0.59,0.61,0.48,0.01,0.15,0.09,0.15,,2020-05-30 02:00:00
2020-05-31,2,2020,0.05,0.08,-0.02,-0.63,-0.46,-0.47,-0.59,,2020-05-31 02:00:00
2020-06-01,2,2020,-0.76,-0.71,-0.78,-1.79,-1.53,-1.46,-1.88,Abnormally Dry,2020-06-01 02:00:00
2020-06-02,2,2020,-0.41,-0.35,-0.45,-1.36,-1.11,-1.08,-1.37,,2020-06-02 02:00:00
2020-06-03,2,2020,-0.31,-0.24,-0.36,-1.17,-0.93,-0.93,-1.15,,2020-06-03 02:00:00
2020-06-04,2,2020,-0.69,-0.61,-0.71,-1.62,-1.35,-1.33,-1.66,Abnormally Dry,2020-06-04 02:00:00
2020-06-05,2,2020,-0.76,-0.69,-0.78,-1.8,-1.52,-1.47,-1.86,Abnormally Dry,2020-06-05 02:00:00
2020-06-06,2,2020,-0.76,-0.68,-0.77,-1.76,-1.48,-1.44,-1.82,Abnormally Dry,2020-06-06 02:00:00
2020-06-07,2,2020,0.19,0.3,0.13,-0.5,-0.25,-0.33,-0.33,,2020-06-07 02:00:00
2020-06-08,2,2020,-0.76,-0.69,-0.77,-1.86,-1.57,-1.5,-1.92,Abnormally Dry,2020-06-08 02:00:00
2020-06-09,2,2020,-0.28,-0.19,-0.31,-1.23,-0.95,-0.95,-1.18,,2020-06-09 02:00:00
2020-06-10,2,2020,4.63,4.44,4.13,5.3,4.98,4.58,6.0,,2020-06-10 02:00:00
2020-06-11,2,2020,1.52,1.46,1.3,1.22,1.22,1.1,1.45,,2020-06-11 02:00:00
2020-06-12,2,2020,-0.21,-0.15,-0.26,-1.1,-0.86,-0.85,-1.07,,2020-06-12 02:00:00
2020-06-13,2,2020,-0.09,-0.04,-0.16,-0.94,-0.72,-0.72,-0.89,,2020-06-13 02:00:00
2020-06-14,2,2020,2.66,2.42,2.3,2.63,2.4,2.28,2.88,,2020-06-14 02:00:00
2020-06-15,2,2020,-0.76,-0.68,-0.77,-1.77,-1.49,-1.44,-1.83,Abnormally Dry,2020-06-15 02:00:00
2020-06-16,2,2020,-0.76,-0.67,-0.76,-1.78,-1.49,-1.44,-1.83,Abnormally Dry,2020-06-16 02:00:00
2020-06-17,2,2020,1.45,1.46,1.22,1.16,1.23,1.03,1.46,,2020-06-17 02:00:00
2020-06-18,2,2020,0.24,0.28,0.14,-0.49,-0.3,-0.34,-0.39,,2020-06-18 02:00:00
2020-06-19,2,2020,-0.53,-0.47,-0.56,-1.44,-1.2,-1.16,-1.47,Abnormally Dry,2020-06-19 02:00:00
2020-06-20,2,2020,0.37,0.4,0.25,-0.39,-0.21,-0.26,-0.28,,2020-06-20 02:00:00
2020-06-21,2,2020,-0.76,-0.7,-0.77,-1.83,-1.56,-1.48,-1.91,Abnormally Dry,2020-06-21 02:00:00
2020-06-22,2,2020,-0.76,-0.7,-0.77,-1.86,-1.58,-1.5,-1.94,Abnormally Dry,2020-06-22 02:00:00
2020-06-23,2,2020,-0.71,-0.64,-0.71,-1.71,-1.44,-1.37,-1.76,Abnormally Dry,2020-06-23 02:00:00
2020-06-24,2,2020,0.35,0.37,0.25,-0.38,-0.22,-0.24,-0.29,,2020-06-24 02:00:00
2020-06-25,2,2020,0.56,0.56,0.44,-0.06,0.06,0.02,0.05,,2020-06-25 02:00:00
2020-06-26,2,2020,-0.76,-0.71,-0.77,-1.84,-1.57,-1.49,-1.93,Abnormally Dry,2020-06-26 02:00:00
2020-06-27,2,2020,-0.07,-0.05,-0.13,-0.81,-0.64,-0.62,-0.8,,2020-06-27 02:00:00
2020-06-28,2,2020,2.5,2.34,2.19,2.54,2.38,2.22,2.85,,2020-06-28 02:00:00
2020-06-29,2,2020,-0.11,-0.12,-0.18,-0.91,-0.76,-0.71,-0.95,,2020-06-29 02:00:00
2020-06-30,2,2020,-0.6,-0.58,-0.63,-1.62,-1.4,-1.31,-1.72,Abnormally Dry,2020-06-30 02:00:00
2020-07-01,2,2020,-0.32,-0.32,-0.37,-1.24,-1.06,-0.98,-1.3,,2020-07-01 02:00:00
2020-07-02,2,2020,0.03,0.02,-0.05,-0.75,-0.61,-0.57,-0.76,,2020-07-02 02:00:00
2020-07-03,2,2020,-0.76,-0.72,-0.77,-1.84,-1.58,-1.49,-1.94,Abnormally Dry,2020-07-03 02:00:00
2020-07-04,2,2020,-0.76,-0.72,-0.77,-1.73,-1.5,-1.42,-1.84,Abnormally Dry,2020-07-04 02:00:00
2020-07-05,2,2020,0.07,0.05,-0.01,-0.71,-0.57,-0.53,-0.72,,2020-07-05 02:00:00
2020-07-06,2,2020,-0.63,-0.59,-0.64,-1.64,-1.39,-1.31,-1.71,Abnormally Dry,2020-07-06 02:00:00
2020-07-07,2,2020,-0.39,-0.37,-0.42,-1.31,-1.11,-1.04,-1.37,,2020-07-07 02:00:00
2020-07-08,2,2020,-0.1,-0.1,-0.15,-0.94,-0.77,-0.71,-0.96,,2020-07-08 02:00:00
2020-07-09,2,2020,-0.28,-0.27,-0.32,-1.14,-0.96,-0.89,-1.19,,2020-07-09 02:00:00
2020-07-10,2,2020,-0.58,-0.56,-0.6,-1.6,-1.37,-1.28,-1.69,Abnormally Dry,2020-07-10 02:00:00
2020-07-11,2,2020,-0.76,-0.73,-0.76,-1.74,-1.52,-1.41,-1.86,Abnormally Dry,2020-07-11 02:00:00
2020-07-12,2,2020,1.07,0.98,0.94,0.56,0.57,0.6,0.67,,2020-07-12 02:00:00
2020-07-13,2,2020,-0.71,-0.68,-0.72,-1.81,-1.56,-1.46,-1.92,Abnormally Dry,2020-07-13 02:00:00
2020-07-14,2,2020,0.93,0.85,0.82,0.4,0.42,0.46,0.49,,2020-07-14 02:00:00
2020-07-15,2,2020,-0.45,-0.45,-0.48,-1.42,-1.23,-1.13,-1.51,,2020-07-15 02:00:00
2020-07-16,2,2020,-0.76,-0.73,-0.76,-1.79,-1.56,-1.45,-1.91,Abnormally Dry,2020-07-16 02:00:00
2020-07-17,2,2020,-0.39,-0.38,-0.41,-1.32,-1.12,-1.03,-1.39,,2020-07-17 02:00:00
2020-07-18,2,2020,0.84,0.75,0.73,0.27,0.29,0.35,0.33,,2020-07-18 02:00:00
2020-07-19,2,2020,-0.54,-0.53,-0.56,-1.44,-1.25,-1.16,-1.53,Abnormally Dry,2020-07-19 02:00:00
2020-07-20,2,2020,0.64,0.58,0.55,-0.13,-0.03,0.04,-0.07,,2020-07-20 02:00:00
2020-07-21,2,2020,0.37,0.31,0.3,-0.31,-0.23,-0.15,-0.31,,2020-07-21 02:00:00
2020-07-22,2,2020,3.65,3.17,3.3,3.95,3.41,3.5,4.11,,2020-07-22 02:00:00
2020-07-23,2,2020,-0.76,-0.76,-0.77,-1.8,-1.59,-1.46,-1.95,Abnormally Dry,2020-07-23 02:00:00
2020-07-24,2,2020,-0.76,-0.76,-0.77,-1.81,-1.6,-1.47,-1.96,Abnormally Dry,2020-07-24 02:00:00
2020-07-25,2,2020,1.04,0.97,0.89,0.54,0.57,0.56,0.66,,2020-07-25 02:00:00
2020-07-26,2,2020,0.54,0.53,0.43,-0.08,0.03,0.02,0.02,,2020-07-26 02:00:00
2020-07-27,2,2020,1.81,1.77,1.59,1.64,1.63,1.48,1.95,,2020-07-27 02:00:00
2020-07-28,2,2020,-0.58,-0.6,-0.61,-1.57,-1.39,-1.27,-1.71,Abnormally Dry,2020-07-28 02:00:00
2020-07-29,2,2020,-0.43,-0.44,-0.47,-1.41,-1.22,-1.12,-1.51,,2020-07-29 02:00:00
2020-07-30,2,2020,-0.06,-0.07,-0.13,-0.86,-0.71,-0.66,-0.88,,2020-07-30 02:00:00
2020-07-31,2,2020,-0.69,-0.7,-0.71,-1.73,-1.53,-1.4,-1.88,Abnormally Dry,2020-07-31 02:00:00
2020-08-01,2,2020,0.6,0.57,0.49,-0.02,0.07,0.08,0.06,,2020-08-01 02:00:00
2020-08-02,2,2020,-0.28,-0.29,-0.33,-1.19,-1.02,-0.94,-1.26,,2020-08-02 02:00:00
2020-08-03,2,2020,-0.26,-0.26,-0.31,-1.2,-1.01,-0.94,-1.25,,2020-08-03 02:00:00
2020-08-04,2,2020,-0.41,-0.41,-0.45,-1.29,-1.12,-1.04,-1.38,,2020-08-04 02:00:00
2020-08-05,2,2020,-0.76,-0.77,-0.78,-1.88,-1.67,-1.53,-2.05,Abnormally Dry,2020-08-05 02:00:00
2020-08-06,2,2020,-0.08,-0.08,-0.14,-0.94,-0.77,-0.72,-0.96,,2020-08-06 02:00:00
2020-08-07,2,2020,1.14,1.15,1.01,0.65,0.75,0.68,0.89,,2020-08-07 02:00:00
2020-08-08,2,2020,-0.76,-0.78,-0.78,-1.88,-1.68,-1.53,-2.06,Abnormally Dry,2020-08-08 02:00:00
2020-08-09,2,2020,-0.3,-0.32,-0.34,-1.25,-1.08,-0.97,-1.33,,2020-08-09 02:00:00
2020-08-10,2,2020,-0.72,-0.74,-0.74,-1.77,-1.58,-1.44,-1.94,Abnormally Dry,2020-08-10 02:00:00
2020-08-11,2,2020,-0.13,-0.15,-0.18,-0.96,-0.82,-0.74,-1.01,,2020-08-11 02:00:00
2020-08-12,2,2020,-0.76,-0.79,-0.77,-1.8,-1.62,-1.46,-1.99,Abnormally Dry,2020-08-12 02:00:00
2020-08-13,2,2020,-0.38,-0.41,-0.41,-1.34,-1.18,-1.05,-1.45,,2020-08-13 02:00:00
2020-08-14,2,2020,0.99,0.99,0.89,0.43,0.54,0.52,0.63,,2020-08-14 02:00:00
2020-08-15,2,2020,-0.28,-0.31,-0.32,-1.16,-1.01,-0.91,-1.25,,2020-08-15 02:00:00
2020-08-16,2,2020,0.7,0.68,0.61,0.02,0.14,0.16,0.14,,2020-08-16 02:00:00
2020-08-17,2,2020,1.77,1.72,1.61,1.43,1.45,1.39,1.73,,2020-08-17 02:00:00
2020-08-18,2,2020,-0.08,-0.15,-0.14,-0.92,-0.83,-0.7,-1.02,,2020-08-18 02:00:00
2020-08-19,2,2020,0.33,0.28,0.25,-0.44,-0.33,-0.26,-0.43,,2020-08-19 02:00:00
2020-08-20,2,2020,-0.34,-0.39,-0.39,-1.24,-1.11,-0.99,-1.37,,2020-08-20 02:00:00
2020-08-21,2,2020,-0.76,-0.82,-0.79,-1.92,-1.74,-1.56,-2.14,Abnormally Dry,2020-08-21 02:00:00
2020-08-22,2,2020,0.76,0.7,0.66,0.12,0.19,0.24,0.2,,2020-08-22 02:00:00
2020-08-23,2,2020,-0.76,-0.82,-0.79,-1.8,-1.65,-1.49,-2.03,Abnormally Dry,2020-08-23 02:00:00
2020-08-24,2,2020,-0.76,-0.81,-0.79,-1.93,-1.74,-1.57,-2.14,Abnormally Dry,2020-08-24 02:00:00
2020-08-25,2,2020,-0.76,-0.8,-0.78,-1.84,-1.67,-1.5,-2.04,Abnormally Dry,2020-08-25 02:00:00
2020-08-26,2,2020,-0.41,-0.44,-0.45,-1.39,-1.22,-1.1,-1.5,,2020-08-26 02:00:00
2020-08-27,2,2020,-0.36,-0.38,-0.4,-1.24,-1.08,-0.98,-1.33,,2020-08-27 02:00:00
2020-08-28,2,2020,0.55,0.53,0.47,-0.21,-0.08,-0.04,-0.13,,2020-08-28 02:00:00
2020-08-29,2,2020,-0.76,-0.77,-0.78,-1.79,-1.6,-1.47,-1.96,Abnormally Dry,2020-08-29 02:00:00
2020-08-30,2,2020,-0.61,-0.62,-0.63,-1.62,-1.42,-1.3,-1.75,Abnormally Dry,2020-08-30 02:00:00
2020-08-31,2,2020,1.91,1.85,1.78,1.69,1.67,1.63,2.0,,2020-08-31 02:00:00
2020-09-01,2,2020,-0.76,-0.78,-0.78,-1.85,-1.65,-1.51,-2.03,Abnormally Dry,2020-09-01 02:00:00
2020-09-02,2,2020,-0.7,-0.72,-0.72,-1.84,-1.63,-1.48,-2.01,Abnormally Dry,2020-09-02 02:00:00
2020-09-03,2,2020,-0.76,-0.78,-0.78,-1.79,-1.61,-1.47,-1.97,Abnormally Dry,2020-09-03 02:00:00
2020-09-04,2,2020,-0.05,-0.08,-0.09,-0.84,-0.71,-0.61,-0.88,,2020-09-04 02:00:00
2020-09-05,2,2020,-0.68,-0.69,-0.69,-1.69,-1.5,-1.36,-1.84,Abnormally Dry,2020-09-05 02:00:00
2020-09-06,2,2020,-0.76,-0.78,-0.77,-1.86,-1.66,-1.5,-2.03,Abnormally Dry,2020-09-06 02:00:00
2020-09-07,2,2020,-0.76,-0.77,-0.77,-1.91,-1.69,-1.54,-2.08,Abnormally Dry,2020-09-07 02:00:00
2020-09-08,2,2020,-0.54,-0.57,-0.56,-1.54,-1.37,-1.23,-1.68,Abnormally Dry,2020-09-08 02:00:00
2020-09-09,2,2020,-0.76,-0.79,-0.77,-1.81,-1.63,-1.47,-1.99,Abnormally Dry,2020-09-09 02:00:00
2020-09-10,2,2020,-0.76,-0.78,-0.77,-1.83,-1.64,-1.48,-2.01,Abnormally Dry,2020-09-10 02:00:00
2020-09-11,2,2020,-0.45,-0.43,-0.46,-1.43,-1.21,-1.11,-1.49,,2020-09-11 02:00:00
2020-09-12,2,2020,2.43,2.85,2.31,2.25,2.7,2.19,3.24,,2020-09-12 02:00:00
2020-09-13,2,2020,2.37,2.64,2.22,2.24,2.54,2.13,3.04,,2020-09-13 02:00:00
2020-09-14,2,2020,-0.76,-0.79,-0.77,-1.85,-1.67,-1.5,-2.04,Abnormally Dry,2020-09-14 02:00:00
2020-09-15,2,2020,-0.73,-0.74,-0.74,-1.8,-1.59,-1.45,-1.95,Abnormally Dry,2020-09-15 02:00:00
2020-09-16,2,2020,1.31,1.49,1.21,0.78,1.06,0.85,1.26,,2020-09-16 02:00:00
2020-09-17,2,2020,0.5,0.59,0.44,-0.21,0.02,-0.03,-0.0,,2020-09-17 02:00:00
2020-09-18,2,2020,-0.76,-0.77,-0.77,-1.91,-1.69,-1.54,-2.07,Abnormally Dry,2020-09-18 02:00:00
2020-09-19,2,2020,-0.01,0.04,-0.05,-0.83,-0.62,-0.6,-0.77,,2020-09-19 02:00:00
2020-09-20,2,2020,-0.35,-0.34,-0.37,-1.32,-1.12,-1.02,-1.38,,2020-09-20 02:00:00
2020-09-21,2,2020,-0.27,-0.26,-0.3,-1.3,-1.08,-0.99,-1.34,,2020-09-21 02:00:00
2020-09-22,2,2020,-0.12,-0.09,-0.15,-1.03,-0.82,-0.76,-1.02,,2020-09-22 02:00:00
2020-09-23,2,2020,-0.35,-0.33,-0.38,-1.35,-1.13,-1.05,-1.4,,2020-09-23 02:00:00
2020-09-24,2,2020,-0.76,-0.79,-0.77,-1.98,-1.76,-1.58,-2.16,Abnormally Dry,2020-09-24 02:00:00
2020-09-25,2,2020,-0.62,-0.62,-0.63,-1.72,-1.5,-1.36,-1.84,Abnormally Dry,2020-09-25 02:00:00
2020-09-26,2,2020,1.24,1.5,1.17,0.75,1.11,0.85,1.31,,2020-09-26 02:00:00
2020-09-27,2,2020,-0.24,-0.19,-0.27,-1.18,-0.94,-0.9,-1.17,,2020-09-27 02:00:00
2020-09-28,2,2020,-0.76,-0.78,-0.77,-1.85,-1.65,-1.5,-2.03,Abnormally Dry,2020-09-28 02:00:00
2020-09-29,2,2020,0.74,0.9,0.68,0.12,0.4,0.26,0.46,,2020-09-29 02:00:00
2020-09-30,2,2020,0.76,0.92,0.71,0.16,0.44,0.31,0.51,,2020-09-30 02:00:00
2020-10-01,2,2020,-0.54,-0.55,-0.56,-1.61,-1.4,-1.27,-1.73,Abnormally Dry,2020-10-01 02:00:00
2020-10-02,2,2020,-0.76,-0.8,-0.77,-1.89,-1.71,-1.52,-2.09,Abnormally Dry,2020-10-02 02:00:00
2020-10-03,2,2020,1.79,2.01,1.7,1.43,1.72,1.46,2.05,,2020-10-03 02:00:00
2020-10-04,2,2020,-0.76,-0.8,-0.77,-1.91,-1.72,-1.54,-2.11,Abnormally Dry,2020-10-04 02:00:00
2020-10-05,2,2020,1.11,1.23,1.04,0.6,0.82,0.7,0.96,,2020-10-05 02:00:00
2020-10-06,2,2020,-0.64,-0.68,-0.66,-1.8,-1.61,-1.44,-1.98,Abnormally Dry,2020-10-06 02:00:00
2020-10-07,2,2020,-0.76,-0.8,-0.77,-1.85,-1.67,-1.5,-2.05,Abnormally Dry,2020-10-07 02:00:00
2020-10-08,2,2020,-0.67,-0.69,-0.68,-1.8,-1.59,-1.43,-1.95,Abnormally Dry,2020-10-08 02:00:00
2020-10-09,2,2020,-0.5,-0.52,-0.52,-1.54,-1.35,-1.21,-1.66,Abnormally Dry,2020-10-09 02:00:00
2020-10-10,2,2020,0.65,0.75,0.61,0.09,0.3,0.24,0.34,,2020-10-10 02:00:00
2020-10-11,2,2020,1.34,1.46,1.27,0.81,1.04,0.92,1.23,,2020-10-11 02:00:00
2020-10-12,2,2020,-0.68,-0.71,-0.7,-1.82,-1.62,-1.46,-1.99,Abnormally Dry,2020-10-12 02:00:00
2020-10-13,2,2020,-0.15,-0.14,-0.18,-1.01,-0.83,-0.75,-1.03,,2020-10-13 02:00:00
2020-10-14,2,2020,-0.76,-0.81,-0.78,-1.87,-1.7,-1.52,-2.08,Abnormally Dry,2020-10-14 02:00:00
2020-10-15,2,2020,0.54,0.6,0.49,-0.19,0.02,0.0,-0.01,,2020-10-15 02:00:00
2020-10-16,2,2020,-0.68,-0.71,-0.69,-1.66,-1.5,-1.35,-1.84,Abnormally Dry,2020-10-16 02:00:00
2020-10-17,2,2020,1.28,1.4,1.22,0.85,1.05,0.93,1.25,,2020-10-17 02:00:00
2020-10-18,2,2020,-0.76,-0.8,-0.78,-1.78,-1.62,-1.46,-1.98,Abnormally Dry,2020-10-18 02:00:00
2020-10-19,2,2020,-0.76,-0.78,-0.78,-1.87,-1.67,-1.52,-2.04,Abnormally Dry,2020-10-19 02:00:00
2020-10-20,2,2020,0.75,0.97,0.71,0.16,0.49,0.31,0.57,,2020-10-20 02:00:00
2020-10-21,2,2020,-0.76,-0.82,-0.78,-1.87,-1.7,-1.52,-2.09,Abnormally Dry,2020-10-21 02:00:00
2020-10-22,2,2020,0.15,0.24,0.11,-0.68,-0.42,-0.44,-0.54,,2020-10-22 02:00:00
2020-10-23,2,2020,-0.76,-0.82,-0.78,-1.88,-1.72,-1.53,-2.11,Abnormally Dry,2020-10-23 02:00:00
2020-10-24,2,2020,-0.76,-0.8,-0.77,-1.88,-1.7,-1.52,-2.08,Abnormally Dry,2020-10-24 02:00:00
2020-10-25,2,2020,-0.32,-0.24,-0.33,-1.3,-1.02,-0.98,-1.27,,2020-10-25 02:00:00
2020-10-26,2,2020,-0.52,-0.5,-0.54,-1.55,-1.32,-1.22,-1.63,Abnormally Dry,2020-10-26 02:00:00
2020-10-27,2,2020,-0.76,-0.79,-0.77,-1.93,-1.73,-1.55,-2.12,Abnormally Dry,2020-10-27 02:00:00
2020-10-28,2,2020,-0.55,-0.52,-0.56,-1.61,-1.37,-1.27,-1.68,Abnormally Dry,2020-10-28 02:00:00
2020-10-29,2,2020,0.52,0.77,0.49,-0.22,0.18,-0.0,0.18,,2020-10-29 02:00:00
2020-10-30,2,2020,-0.28,-0.2,-0.3,-1.21,-0.94,-0.92,-1.17,,2020-10-30 02:00:00
2020-10-31,2,2020,3.94,4.37,3.79,4.17,4.55,3.94,5.47,,2020-10-31 02:00:00
2020-11-01,2,2020,0.6,0.72,0.55,-0.14,0.13,0.06,0.13,,2020-11-01 02:00:00
2020-11-02,2,2020,1.87,2.03,1.77,1.51,1.75,1.53,2.08,,2020-11-02 02:00:00
2020-11-03,2,2020,-0.63,-0.63,-0.65,-1.7,-1.49,-1.36,-1.83,Abnormally Dry,2020-11-03 02:00:00
2020-11-04,2,2020,0.9,0.98,0.83,0.29,0.49,0.42,0.56,,2020-11-04 02:00:00
2020-11-05,2,2020,-0.61,-0.6,-0.63,-1.64,-1.42,-1.32,-1.75,Abnormally Dry,2020-11-05 02:00:00
2020-11-06,2,2020,-0.73,-0.73,-0.75,-1.88,-1.65,-1.51,-2.02,Abnormally Dry,2020-11-06 02:00:00
2020-11-07,2,2020,-0.7,-0.69,-0.71,-1.79,-1.56,-1.44,-1.92,Abnormally Dry,2020-11-07 02:00:00
2020-11-08,2,2020,0.06,0.11,0.03,-0.83,-0.61,-0.57,-0.76,,2020-11-08 02:00:00
2020-11-09,2,2020,-0.76,-0.75,-0.77,-1.84,-1.61,-1.49,-1.98,Abnormally Dry,2020-11-09 02:00:00
2020-11-10,2,2020,-0.76,-0.75,-0.77,-1.91,-1.67,-1.53,-2.05,Abnormally Dry,2020-11-10 02:00:00
2020-11-11,2,2020,-0.27,-0.24,-0.29,-1.29,-1.06,-0.97,-1.31,,2020-11-11 02:00:00
2020-11-12,2,2020,0.08,0.15,0.06,-0.82,-0.57,-0.54,-0.72,,2020-11-12 02:00:00
2020-11-13,2,2020,-0.2,-0.15,-0.22,-1.14,-0.9,-0.84,-1.12,,2020-11-13 02:00:00
2020-11-14,2,2020,-0.49,-0.45,-0.51,-1.57,-1.31,-1.23,-1.62,,2020-11-14 02:00:00
2020-11-15,2,2020,-0.5,-0.44,-0.51,-1.51,-1.25,-1.18,-1.54,Abnormally Dry,2020-11-15 02:00:00
2020-11-16,2,2020,-0.76,-0.72,-0.77,-1.84,-1.58,-1.49,-1.94,Abnormally Dry,2020-11-16 02:00:00
2020-11-17,2,2020,-0.38,-0.29,-0.39,-1.37,-1.08,-1.05,-1.34,,2020-11-17 02:00:00
2020-11-18,2,2020,0.75,0.92,0.72,0.12,0.41,0.3,0.47,,2020-11-18 02:00:00
2020-11-19,2,2020,2.92,3.07,2.81,2.87,3.03,2.78,3.63,,2020-11-19 02:00:00
2020-11-20,2,2020,-0.2,-0.13,-0.22,-1.24,-0.96,-0.92,-1.2,,2020-11-20 02:00:00
2020-11-21,2,2020,2.18,2.23,2.08,1.9,2.0,1.89,2.39,,2020-11-21 02:00:00
2020-11-22,2,2020,0.1,0.12,0.06,-0.79,-0.59,-0.53,-0.75,,2020-11-22 02:00:00
2020-11-23,2,2020,-0.76,-0.74,-0.77,-1.95,-1.7,-1.57,-2.08,Abnormally Dry,2020-11-23 02:00:00
2020-11-24,2,2020,-0.63,-0.61,-0.64,-1.79,-1.54,-1.41,-1.89,Abnormally Dry,2020-11-24 02:00:00
2020-11-25,2,2020,-0.76,-0.73,-0.77,-1.91,-1.65,-1.54,-2.02,Abnormally Dry,2020-11-25 02:00:00
2020-11-26,2,2020,-0.46,-0.41,-0.47,-1.51,-1.25,-1.17,-1.54,,2020-11-26 02:00:00
2020-11-27,2,2020,-0.76,-0.72,-0.77,-1.95,-1.67,-1.57,-2.06,Abnormally Dry,2020-11-27 02:00:00
2020-11-28,2,2020,1.69,1.69,1.61,1.28,1.36,1.33,1.62,,2020-11-28 02:00:00
2020-11-29,2,2020,-0.76,-0.72,-0.77,-1.95,-1.67,-1.56,-2.05,Abnormally Dry,2020-11-29 02:00:00
2020-11-30,2,2020,-0.76,-0.72,-0.77,-1.91,-1.64,-1.54,-2.01,Abnormally Dry,2020-11-30 02:00:00
2020-12-01,2,2020,-0.76,-0.72,-0.76,-1.93,-1.66,-1.54,-2.04,Abnormally Dry,2020-12-01 02:00:00
2020-12-02,2,2020,0.23,0.27,0.2,-0.59,-0.38,-0.35,-0.49,,2020-12-02 02:00:00
2020-12-03,2,2020,-0.76,-0.72,-0.76,-1.91,-1.64,-1.52,-2.01,Abnormally Dry,2020-12-03 02:00:00
2020-12-04,2,2020,-0.76,-0.72,-0.76,-1.88,-1.61,-1.5,-1.98,Abnormally Dry,2020-12-04 02:00:00
2020-12-05,2,2020,-0.36,-0.32,-0.37,-1.27,-1.05,-0.98,-1.3,,2020-12-05 02:00:00
2020-12-06,2,2020,-0.76,-0.73,-0.76,-1.84,-1.59,-1.48,-1.96,Abnormally Dry,2020-12-06 02:00:00
2020-12-07,2,2020,-0.76,-0.72,-0.76,-1.81,-1.56,-1.46,-1.92,Abnormally Dry,2020-12-07 02:00:00
2020-12-08,2,2020,-0.2,-0.17,-0.21,-1.12,-0.91,-0.83,-1.13,,2020-12-08 02:00:00
2020-12-09,2,2020,-0.76,-0.73,-0.76,-1.83,-1.59,-1.48,-1.95,Abnormally Dry,2020-12-09 02:00:00
2020-12-10,2,2020,-0.29,-0.25,-0.29,-1.34,-1.09,-0.99,-1.35,,2020-12-10 02:00:00
2020-12-11,2,2020,1.06,1.16,1.03,0.43,0.66,0.61,0.77,,2020-12-11 02:00:00
2020-12-12,2,2020,0.56,0.69,0.54,-0.19,0.09,0.04,0.08,,2020-12-12 02:00:00
2020-12-13,2,2020,-0.76,-0.74,-0.76,-1.94,-1.69,-1.55,-2.07,Abnormally Dry,2020-12-13 02:00:00
2020-12-14,2,2020,0.68,0.8,0.66,0.06,0.3,0.24,0.34,,2020-12-14 02:00:00
2020-12-15,2,2020,0.29,0.4,0.28,-0.58,-0.3,-0.3,-0.39,,2020-12-15 02:00:00
2020-12-16,2,2020,-0.53,-0.49,-0.53,-1.61,-1.35,-1.25,-1.67,Abnormally Dry,2020-12-16 02:00:00
2020-12-17,2,2020,-0.04,0.03,-0.05,-0.92,-0.67,-0.64,-0.84,,2020-12-17 02:00:00
2020-12-18,2,2020,-0.76,-0.75,-0.76,-1.9,-1.66,-1.52,-2.04,Abnormally Dry,2020-12-18 02:00:00
2020-12-19,2,2020,-0.75,-0.73,-0.75,-1.96,-1.69,-1.55,-2.08,Abnormally Dry,2020-12-19 02:00:00
2020-12-20,2,2020,0.89,1.05,0.87,0.2,0.5,0.41,0.57,,2020-12-20 02:00:00
2020-12-21,2,2020,-0.76,-0.74,-0.76,-1.9,-1.65,-1.52,-2.03,Abnormally Dry,2020-12-21 02:00:00
2020-12-22,2,2020,0.52,0.64,0.51,-0.31,-0.02,-0.04,-0.06,,2020-12-22 02:00:00
2020-12-23,2,2020,-0.76,-0.75,-0.76,-1.79,-1.57,-1.45,-1.93,Abnormally Dry,2020-12-23 02:00:00
2020-12-24,2,2020,-0.48,-0.44,-0.48,-1.57,-1.31,-1.21,-1.62,,2020-12-24 02:00:00
2020-12-25,2,2020,-0.76,-0.73,-0.76,-1.93,-1.66,-1.54,-2.04,Abnormally Dry,2020-12-25 02:00:00
2020-12-26,2,2020,-0.53,-0.47,-0.53,-1.58,-1.31,-1.23,-1.61,Abnormally Dry,2020-12-26 02:00:00
2020-12-27,2,2020,-0.03,0.06,-0.04,-1.03,-0.74,-0.71,-0.93,,2020-12-27 02:00:00
2020-12-28,2,2020,-0.76,-0.72,-0.76,-1.84,-1.59,-1.48,-1.95,Abnormally Dry,2020-12-28 02:00:00
2020-12-29,2,2020,-0.61,-0.54,-0.61,-1.79,-1.48,-1.39,-1.82,Abnormally Dry,2020-12-29 02:00:00
2020-12-30,2,2020,-0.76,-0.7,-0.76,-1.9,-1.61,-1.52,-1.98,Abnormally Dry,2020-12-30 02:00:00
2020-12-31,2,2020,1.11,1.32,1.11,0.56,0.88,0.74,1.03,,2020-12-31 02:00:00
2021-01-01,2,2021,0.6,,,0.07,,,,,2021-01-01 02:00:00
2021-01-02,2,2021,-0.61,-0.71,-0.71,-1.52,-1.44,-1.32,-1.76,Abnormally Dry,2021-01-02 02:00:00
2021-01-03,2,2021,0.37,0.39,0.39,-0.16,-0.04,0.04,-0.06,,2021-01-03 02:00:00
2021-01-04,2,2021,1.21,1.08,1.08,0.87,0.81,0.85,0.96,,2021-01-04 02:00:00
2021-01-05,2,2021,3.03,1.56,1.56,3.17,1.67,1.65,2.01,,2021-01-05 02:00:00
2021-01-06,2,2021,-0.66,-0.96,-0.96,-1.61,-1.72,-1.59,-2.1,Abnormally Dry,2021-01-06 02:00:00
2021-01-07,2,2021,-0.48,-0.74,-0.74,-1.28,-1.38,-1.27,-1.69,,2021-01-07 02:00:00
2021-01-08,2,2021,0.16,-0.24,-0.24,-0.54,-0.8,-0.71,-0.99,,2021-01-08 02:00:00
2021-01-09,2,2021,0.32,-0.1,-0.1,-0.21,-0.52,-0.45,-0.65,,2021-01-09 02:00:00
2021-01-10,2,2021,0.17,-0.22,-0.22,-0.47,-0.73,-0.65,-0.91,,2021-01-10 02:00:00
2021-01-11,2,2021,-0.58,-0.84,-0.84,-1.45,-1.53,-1.42,-1.88,Abnormally Dry,2021-01-11 02:00:00
2021-01-12,2,2021,0.21,-0.1,-0.1,-0.38,-0.57,-0.49,-0.71,,2021-01-12 02:00:00
2021-01-13,2,2021,-0.74,-0.95,-0.95,-1.67,-1.69,-1.57,-2.07,Abnormally Dry,2021-01-13 02:00:00
2021-01-14,2,2021,2.36,1.74,1.74,2.37,1.74,1.74,2.09,,2021-01-14 02:00:00
2021-01-15,2,2021,-0.75,-0.93,-0.93,-1.67,-1.67,-1.54,-2.04,Abnormally Dry,2021-01-15 02:00:00
2021-01-16,2,2021,0.33,0.02,0.02,-0.34,-0.51,-0.42,-0.64,,2021-01-16 02:00:00
2021-01-17,2,2021,0.22,-0.08,-0.08,-0.49,-0.65,-0.55,-0.81,,2021-01-17 02:00:00
2021-01-18,2,2021,-0.71,-0.9,-0.9,-1.66,-1.66,-1.53,-2.03,Abnormally Dry,2021-01-18 02:00:00
2021-01-19,2,2021,1.55,1.16,1.16,1.27,0.94,0.97,1.11,,2021-01-19 02:00:00
2021-01-20,2,2021,-0.62,-0.84,-0.84,-1.45,-1.51,-1.4,-1.84,Abnormally Dry,2021-01-20 02:00:00
2021-01-21,2,2021,-0.14,-0.38,-0.38,-0.98,-1.05,-0.94,-1.29,,2021-01-21 02:00:00
2021-01-22,2,2021,0.14,-0.1,-0.1,-0.53,-0.64,-0.55,-0.79,,2021-01-22 02:00:00
2021-01-23,2,2021,-0.44,-0.65,-0.65,-1.27,-1.31,-1.2,-1.61,,2021-01-23 02:00:00
2021-01-24,2,2021,0.36,0.14,0.14,-0.16,-0.28,-0.21,-0.35,,2021-01-24 02:00:00
2021-01-25,2,2021,-0.04,-0.26,-0.26,-0.82,-0.89,-0.78,-1.1,,2021-01-25 02:00:00
2021-01-26,2,2021,0.21,-0.0,-0.0,-0.4,-0.49,-0.41,-0.61,,2021-01-26 02:00:00
2021-01-27,2,2021,-0.63,-0.86,-0.86,-1.51,-1.56,-1.44,-1.91,Abnormally Dry,2021-01-27 02:00:00
2021-01-28,2,2021,1.01,0.86,0.86,0.67,0.59,0.63,0.69,,2021-01-28 02:00:00
2021-01-29,2,2021,-0.67,-0.91,-0.91,-1.53,-1.6,-1.48,-1.95,Abnormally Dry,2021-01-29 02:00:00
2021-01-30,2,2021,0.57,0.41,0.41,-0.01,-0.05,0.03,-0.09,,2021-01-30 02:00:00
2021-01-31,2,2021,-0.27,-0.49,-0.49,-1.07,-1.13,-1.03,-1.39,,2021-01-31 02:00:00
2021-02-01,2,2021,0.34,0.18,0.18,-0.22,-0.27,-0.19,-0.35,,2021-02-01 02:00:00
2021-02-02,2,2021,-0.05,-0.26,-0.26,-0.77,-0.84,-0.74,-1.03,,2021-02-02 02:00:00
2021-02-03,2,2021,0.69,0.57,0.57,0.07,0.08,0.16,0.07,,2021-02-03 02:00:00
2021-02-04,2,2021,-0.6,-0.89,-0.89,-1.54,-1.64,-1.52,-2.01,Abnormally Dry,2021-02-04 02:00:00
2021-02-05,2,2021,-0.13,-0.34,-0.34,-0.94,-0.98,-0.88,-1.21,,2021-02-05 02:00:00
2021-02-06,2,2021,-0.67,-0.95,-0.95,-1.56,-1.66,-1.54,-2.03,Abnormally Dry,2021-02-06 02:00:00
2021-02-07,2,2021,0.63,0.57,0.57,0.12,0.16,0.23,0.18,,2021-02-07 02:00:00
2021-02-08,2,2021,-0.34,-0.57,-0.57,-1.16,-1.23,-1.12,-1.51,,2021-02-08 02:00:00
2021-02-09,2,2021,-0.68,-0.96,-0.96,-1.61,-1.71,-1.58,-2.09,Abnormally Dry,2021-02-09 02:00:00
2021-02-10,2,2021,0.13,0.01,0.01,-0.59,-0.56,-0.47,-0.71,,2021-02-10 02:00:00
2021-02-11,2,2021,0.12,0.0,0.0,-0.52,-0.51,-0.42,-0.64,,2021-02-11 02:00:00
2021-02-12,2,2021,-0.55,-0.8,-0.8,-1.36,-1.45,-1.34,-1.77,Abnormally Dry,2021-02-12 02:00:00
2021-02-13,2,2021,0.77,0.81,0.81,0.21,0.36,0.44,0.41,,2021-02-13 02:00:00
2021-02-14,2,2021,1.82,1.98,1.98,1.68,1.87,1.89,2.24,,2021-02-14 02:00:00
2021-02-15,2,2021,0.93,0.9,0.9,0.51,0.56,0.62,0.66,,2021-02-15 02:00:00
2021-02-16,2,2021,-0.75,-1.07,-1.07,-1.65,-1.79,-1.67,-2.19,Abnormally Dry,2021-02-16 02:00:00
2021-02-17,2,2021,-0.51,-0.78,-0.78,-1.38,-1.48,-1.36,-1.81,Abnormally Dry,2021-02-17 02:00:00
2021-02-18,2,2021,-0.33,-0.55,-0.55,-1.08,-1.15,-1.05,-1.41,,2021-02-18 02:00:00
2021-02-19,2,2021,1.66,1.76,1.76,1.37,1.53,1.57,1.82,,2021-02-19 02:00:00
2021-02-20,2,2021,-0.75,-1.04,-1.04,-1.77,-1.86,-1.72,-2.27,Abnormally Dry,2021-02-20 02:00:00
2021-02-21,2,2021,1.66,1.71,1.71,1.4,1.5,1.53,1.79,,2021-02-21 02:00:00
2021-02-22,2,2021,0.63,0.52,0.52,0.02,0.03,0.12,0.02,,2021-02-22 02:00:00
2021-02-23,2,2021,2.82,2.8,2.8,2.97,2.92,2.9,3.51,,2021-02-23 02:00:00
2021-02-24,2,2021,-0.31,-0.58,-0.58,-1.11,-1.22,-1.11,-1.49,,2021-02-24 02:00:00
2021-02-25,2,2021,0.01,-0.22,-0.22,-0.7,-0.79,-0.69,-0.97,,2021-02-25 02:00:00
2021-02-26,2,2021,0.09,-0.14,-0.14,-0.68,-0.76,-0.65,-0.94,,2021-02-26 02:00:00
2021-02-27,2,2021,-0.18,-0.43,-0.43,-1.0,-1.08,-0.97,-1.33,,2021-02-27 02:00:00
2021-02-28,2,2021,-0.37,-0.63,-0.63,-1.19,-1.28,-1.17,-1.57,,2021-02-28 02:00:00
2021-03-01,2,2021,1.63,1.56,1.56,1.41,1.39,1.42,1.66,,2021-03-01 02:00:00
2021-03-02,2,2021,-0.75,-1.05,-1.05,-1.76,-1.86,-1.73,-2.27,Abnormally Dry,2021-03-02 02:00:00
2021-03-03,2,2021,-0.61,-0.89,-0.89,-1.61,-1.69,-1.56,-2.07,Abnormally Dry,2021-03-03 02:00:00
2021-03-04,2,2021,-0.75,-1.02,-1.02,-1.66,-1.75,-1.63,-2.14,Abnormally Dry,2021-03-04 02:00:00
2021-03-05,2,2021,-0.66,-0.91,-0.91,-1.57,-1.64,-1.52,-2.0,Abnormally Dry,2021-03-05 02:00:00
2021-03-06,2,2021,-0.75,-0.99,-0.99,-1.69,-1.74,-1.61,-2.12,Abnormally Dry,2021-03-06 02:00:00
2021-03-07,2,2021,-0.54,-0.75,-0.75,-1.46,-1.49,-1.37,-1.82,Abnormally Dry,2021-03-07 02:00:00
2021-03-08,2,2021,-0.41,-0.6,-0.6,-1.33,-1.33,-1.21,-1.64,,2021-03-08 02:00:00
2021-03-09,2,2021,-0.75,-0.97,-0.97,-1.7,-1.73,-1.6,-2.11,Abnormally Dry,2021-03-09 02:00:00
2021-03-10,2,2021,1.43,1.43,1.43,1.06,1.14,1.19,1.35,,2021-03-10 02:00:00
2021-03-11,2,2021,-0.45,-0.64,-0.64,-1.3,-1.32,-1.2,-1.61,,2021-03-11 02:00:00
2021-03-12,2,2021,0.5,0.41,0.41,-0.08,-0.06,0.02,-0.09,,2021-03-12 02:00:00
2021-03-13,2,2021,-0.59,-0.8,-0.8,-1.44,-1.48,-1.37,-1.81,Abnormally Dry,2021-03-13 02:00:00
2021-03-14,2,2021,-0.11,-0.26,-0.26,-0.9,-0.89,-0.78,-1.1,,2021-03-14 02:00:00
2021-03-15,2,2021,-0.54,-0.74,-0.74,-1.46,-1.48,-1.35,-1.81,Abnormally Dry,2021-03-15 02:00:00
2021-03-16,2,2021,-0.32,-0.49,-0.49,-1.17,-1.17,-1.05,-1.43,,2021-03-16 02:00:00
2021-03-17,2,2021,-0.37,-0.54,-0.54,-1.23,-1.23,-1.11,-1.51,,2021-03-17 02:00:00
2021-03-18,2,2021,-0.75,-0.96,-0.96,-1.77,-1.78,-1.64,-2.17,Abnormally Dry,2021-03-18 02:00:00
2021-03-19,2,2021,2.27,2.38,2.38,2.2,2.32,2.33,2.78,,2021-03-19 02:00:00
2021-03-20,2,2021,-0.42,-0.59,-0.59,-1.23,-1.24,-1.13,-1.52,,2021-03-20 02:00:00
2021-03-21,2,2021,-0.75,-0.94,-0.94,-1.7,-1.7,-1.57,-2.08,Abnormally Dry,2021-03-21 02:00:00
2021-03-22,2,2021,-0.61,-0.78,-0.78,-1.55,-1.53,-1.41,-1.88,Abnormally Dry,2021-03-22 02:00:00
2021-03-23,2,2021,-0.22,-0.34,-0.34,-1.03,-0.99,-0.88,-1.22,,2021-03-23 02:00:00
2021-03-24,2,2021,-0.58,-0.74,-0.74,-1.54,-1.51,-1.38,-1.85,Abnormally Dry,2021-03-24 02:00:00
2021-03-25,2,2021,-0.63,-0.78,-0.78,-1.46,-1.44,-1.33,-1.76,Abnormally Dry,2021-03-25 02:00:00
2021-03-26,2,2021,-0.69,-0.84,-0.84,-1.6,-1.57,-1.45,-1.92,Abnormally Dry,2021-03-26 02:00:00
2021-03-27,2,2021,1.04,1.09,1.09,0.64,0.77,0.82,0.9,,2021-03-27 02:00:00
2021-03-28,2,2021,-0.56,-0.71,-0.71,-1.45,-1.42,-1.3,-1.74,Abnormally Dry,2021-03-28 02:00:00
2021-03-29,2,2021,-0.12,-0.2,-0.2,-0.86,-0.79,-0.7,-0.98,,2021-03-29 02:00:00
2021-03-30,2,2021,-0.75,-0.91,-0.91,-1.71,-1.68,-1.55,-2.05,Abnormally Dry,2021-03-30 02:00:00
2021-03-31,2,2021,0.67,0.7,0.7,0.11,0.25,0.33,0.28,,2021-03-31 02:00:00
2021-04-01,2,2021,-0.59,-0.73,-0.74,-1.51,-1.47,-1.35,-1.8,Abnormally Dry,2021-04-01 02:00:00
2021-04-02,2,2021,-0.75,-0.9,-0.91,-1.72,-1.67,-1.56,-2.05,Abnormally Dry,2021-04-02 02:00:00
2021-04-03,2,2021,-0.75,-0.89,-0.9,-1.68,-1.63,-1.52,-2.0,Abnormally Dry,2021-04-03 02:00:00
2021-04-04,2,2021,-0.75,-0.87,-0.89,-1.74,-1.66,-1.55,-2.03,Abnormally Dry,2021-04-04 02:00:00
2021-04-05,2,2021,-0.75,-0.88,-0.88,-1.8,-1.72,-1.58,-2.1,Abnormally Dry,2021-04-05 02:00:00
2021-04-06,2,2021,-0.63,-0.73,-0.74,-1.62,-1.52,-1.4,-1.87,Abnormally Dry,2021-04-06 02:00:00
2021-04-07,2,2021,-0.05,-0.03,-0.07,-0.81,-0.64,-0.58,-0.79,,2021-04-07 02:00:00
2021-04-08,2,2021,0.14,0.2,0.15,-0.54,-0.34,-0.3,-0.44,,2021-04-08 02:00:00
2021-04-09,2,2021,4.06,4.38,4.23,4.46,4.7,4.5,5.66,,2021-04-09 02:00:00
2021-04-10,2,2021,1.61,1.69,1.62,1.32,1.46,1.43,1.74,,2021-04-10 02:00:00
2021-04-11,2,2021,-0.75,-0.83,-0.85,-1.77,-1.65,-1.53,-2.02,Abnormally Dry,2021-04-11 02:00:00
2021-04-12,2,2021,-0.69,-0.76,-0.78,-1.67,-1.55,-1.44,-1.9,Abnormally Dry,2021-04-12 02:00:00
2021-04-13,2,2021,-0.51,-0.57,-0.59,-1.39,-1.28,-1.18,-1.57,Abnormally Dry,2021-04-13 02:00:00
2021-04-14,2,2021,0.11,0.13,0.07,-0.55,-0.4,-0.37,-0.51,,2021-04-14 02:00:00
2021-04-15,2,2021,-0.75,-0.82,-0.84,-1.71,-1.59,-1.48,-1.94,Abnormally Dry,2021-04-15 02:00:00
2021-04-16,2,2021,3.17,3.25,3.14,3.35,3.4,3.26,4.08,,2021-04-16 02:00:00
2021-04-17,2,2021,4.56,4.16,4.14,5.12,4.6,4.51,5.55,,2021-04-17 02:00:00
2021-04-18,2,2021,0.17,0.08,0.05,-0.57,-0.51,-0.44,-0.64,,2021-04-18 02:00:00
2021-04-19,2,2021,0.51,0.41,0.37,-0.07,-0.06,-0.02,-0.09,,2021-04-19 02:00:00
2021-04-20,2,2021,1.1,0.94,0.91,0.64,0.57,0.6,0.66,,2021-04-20 02:00:00
2021-04-21,2,2021,-0.71,-0.74,-0.78,-1.69,-1.52,-1.43,-1.86,Abnormally Dry,2021-04-21 02:00:00
2021-04-22,2,2021,-0.41,-0.46,-0.5,-1.28,-1.16,-1.08,-1.42,,2021-04-22 02:00:00
2021-04-23,2,2021,-0.67,-0.7,-0.74,-1.67,-1.5,-1.41,-1.84,Abnormally Dry,2021-04-23 02:00:00
2021-04-24,2,2021,-0.31,-0.35,-0.39,-1.15,-1.02,-0.95,-1.26,,2021-04-24 02:00:00
2021-04-25,2,2021,-0.59,-0.61,-0.66,-1.51,-1.35,-1.27,-1.65,Abnormally Dry,2021-04-25 02:00:00
2021-04-26,2,2021,-0.75,-0.75,-0.8,-1.69,-1.5,-1.43,-1.84,Abnormally Dry,2021-04-26 02:00:00
2021-04-27,2,2021,-0.75,-0.74,-0.8,-1.74,-1.53,-1.46,-1.88,Abnormally Dry,2021-04-27 02:00:00
2021-04-28,2,2021,2.41,2.12,2.17,2.44,2.15,2.19,2.58,,2021-04-28 02:00:00
2021-04-29,2,2021,-0.75,-0.74,-0.8,-1.72,-1.52,-1.45,-1.86,Abnormally Dry,2021-04-29 02:00:00
2021-04-30,2,2021,-0.36,-0.38,-0.43,-1.23,-1.08,-1.01,-1.33,,2021-04-30 02:00:00
2021-05-01,2,2021,-0.37,-0.39,-0.44,-1.27,-1.11,-1.04,-1.37,,2021-05-01 02:00:00
2021-05-02,2,2021,-0.32,-0.34,-0.39,-1.19,-1.04,-0.97,-1.28,,2021-05-02 02:00:00
2021-05-03,2,2021,-0.1,-0.13,-0.17,-0.95,-0.81,-0.73,-1.0,,2021-05-03 02:00:00
2021-05-04,2,2021,-0.71,-0.67,-0.75,-1.72,-1.48,-1.42,-1.81,Abnormally Dry,2021-05-04 02:00:00
2021-05-05,2,2021,-0.29,-0.3,-0.35,-1.13,-0.97,-0.91,-1.2,,2021-05-05 02:00:00
2021-05-06,2,2021,0.28,0.21,0.19,-0.4,-0.33,-0.26,-0.43,,2021-05-06 02:00:00
2021-05-07,2,2021,-0.32,-0.33,-0.38,-1.15,-1.0,-0.94,-1.23,,2021-05-07 02:00:00
2021-05-08,2,2021,-0.75,-0.71,-0.79,-1.78,-1.53,-1.47,-1.88,Abnormally Dry,2021-05-08 02:00:00
2021-05-09,2,2021,1.04,0.9,0.94,0.55,0.51,0.61,0.59,,2021-05-09 02:00:00
2021-05-10,2,2021,-0.71,-0.68,-0.75,-1.66,-1.44,-1.38,-1.76,Abnormally Dry,2021-05-10 02:00:00
2021-05-11,2,2021,-0.26,-0.27,-0.31,-1.1,-0.95,-0.87,-1.17,,2021-05-11 02:00:00
2021-05-12,2,2021,-0.58,-0.56,-0.63,-1.5,-1.3,-1.24,-1.59,Abnormally Dry,2021-05-12 02:00:00
2021-05-13,2,2021,2.51,2.15,2.33,2.51,2.15,2.33,2.58,,2021-05-13 02:00:00
2021-05-14,2,2021,0.92,0.74,0.8,0.42,0.34,0.46,0.39,,2021-05-14 02:00:00
2021-05-15,2,2021,-0.23,-0.25,-0.3,-1.11,-0.96,-0.89,-1.18,,2021-05-15 02:00:00
2021-05-16,2,2021,-0.36,-0.35,-0.42,-1.22,-1.04,-0.99,-1.28,,2021-05-16 02:00:00
2021-05-17,2,2021,-0.75,-0.7,-0.8,-1.71,-1.47,-1.44,-1.8,Abnormally Dry,2021-05-17 02:00:00
2021-05-18,2,2021,0.24,0.17,0.16,-0.45,-0.38,-0.3,-0.49,,2021-05-18 02:00:00
2021-05-19,2,2021,-0.35,-0.35,-0.41,-1.27,-1.09,-1.03,-1.34,,2021-05-19 02:00:00
2021-05-20,2,2021,2.19,1.89,2.02,2.02,1.75,1.91,2.1,,2021-05-20 02:00:00
2021-05-21,2,2021,-0.57,-0.55,-0.63,-1.52,-1.31,-1.26,-1.61,Abnormally Dry,2021-05-21 02:00:00
2021-05-22,2,2021,2.02,1.73,1.84,1.89,1.62,1.75,1.94,,2021-05-22 02:00:00
2021-05-23,2,2021,1.68,1.41,1.5,1.36,1.15,1.29,1.37,,2021-05-23 02:00:00
2021-05-24,2,2021,0.12,0.08,0.01,-0.63,-0.52,-0.49,-0.65,,2021-05-24 02:00:00
2021-05-25,2,2021,-0.75,-0.7,-0.81,-1.79,-1.53,-1.5,-1.88,Abnormally Dry,2021-05-25 02:00:00
2021-05-26,2,2021,0.66,0.56,0.53,-0.03,0.01,0.07,-0.02,,2021-05-26 02:00:00
2021-05-27,2,2021,-0.54,-0.51,-0.61,-1.41,-1.21,-1.19,-1.48,Abnormally Dry,2021-05-27 02:00:00
2021-05-28,2,2021,-0.75,-0.69,-0.81,-1.86,-1.58,-1.55,-1.94,Abnormally Dry,2021-05-28 02:00:00
2021-05-29,2,2021,0.0,-0.02,-0.09,-0.82,-0.67,-0.63,-0.84,,2021-05-29 02:00:00
2021-05-30,2,2021,-0.75,-0.68,-0.81,-1.68,-1.42,-1.43,-1.74,Abnormally Dry,2021-05-30 02:00:00
2021-05-31,2,2021,0.41,0.36,0.31,-0.23,-0.15,-0.12,-0.21,,2021-05-31 02:00:00
2021-06-01,2,2021,-0.68,-0.63,-0.75,-1.7,-1.45,-1.43,-1.78,Abnormally Dry,2021-06-01 02:00:00
2021-06-02,2,2021,0.55,0.47,0.45,-0.1,-0.05,0.02,-0.08,,2021-06-02 02:00:00
2021-06-03,2,2021,-0.75,-0.7,-0.81,-1.71,-1.47,-1.45,-1.8,Abnormally Dry,2021-06-03 02:00:00
2021-06-04,2,2021,0.58,0.49,0.48,-0.03,0.0,0.07,-0.02,,2021-06-04 02:00:00
2021-06-05,2,2021,2.14,1.84,1.97,2.01,1.74,1.88,2.08,,2021-06-05 02:00:00
2021-06-06,2,2021,0.13,0.05,0.03,-0.63,-0.56,-0.48,-0.7,,2021-06-06 02:00:00
2021-06-07,2,2021,2.4,2.0,2.2,2.35,1.96,2.16,2.35,,2021-06-07 02:00:00
2021-06-08,2,2021,0.67,0.5,0.53,0.08,0.03,0.14,0.01,,2021-06-08 02:00:00
2021-06-09,2,2021,0.11,0.0,-0.0,-0.6,-0.57,-0.48,-0.71,,2021-06-09 02:00:00
2021-06-10,2,2021,-0.3,-0.35,-0.4,-1.22,-1.09,-1.01,-1.34,,2021-06-10 02:00:00
2021-06-11,2,2021,0.21,0.09,0.09,-0.51,-0.48,-0.39,-0.61,,2021-06-11 02:00:00
2021-06-12,2,2021,-0.68,-0.69,-0.77,-1.74,-1.54,-1.48,-1.89,Abnormally Dry,2021-06-12 02:00:00
2021-06-13,2,2021,-0.35,-0.4,-0.44,-1.32,-1.17,-1.09,-1.45,,2021-06-13 02:00:00
2021-06-14,2,2021,-0.75,-0.75,-0.83,-1.75,-1.55,-1.5,-1.9,Abnormally Dry,2021-06-14 02:00:00
2021-06-15,2,2021,-0.1,-0.18,-0.2,-0.94,-0.86,-0.76,-1.06,,2021-06-15 02:00:00
2021-06-16,2,2021,-0.17,-0.25,-0.27,-1.02,-0.93,-0.84,-1.15,,2021-06-16 02:00:00
2021-06-17,2,2021,-0.71,-0.71,-0.79,-1.71,-1.51,-1.46,-1.85,Abnormally Dry,2021-06-17 02:00:00
2021-06-18,2,2021,-0.46,-0.48,-0.54,-1.39,-1.23,-1.16,-1.51,,2021-06-18 02:00:00
2021-06-19,2,2021,-0.43,-0.46,-0.51,-1.35,-1.2,-1.12,-1.47,,2021-06-19 02:00:00
2021-06-20,2,2021,-0.45,-0.48,-0.53,-1.35,-1.2,-1.13,-1.48,,2021-06-20 02:00:00
2021-06-21,2,2021,-0.75,-0.74,-0.82,-1.76,-1.55,-1.49,-1.9,Abnormally Dry,2021-06-21 02:00:00
2021-06-22,2,2021,-0.75,-0.74,-0.82,-1.79,-1.57,-1.52,-1.93,Abnormally Dry,2021-06-22 02:00:00
2021-06-23,2,2021,-0.75,-0.74,-0.81,-1.75,-1.54,-1.48,-1.89,Abnormally Dry,2021-06-23 02:00:00
2021-06-24,2,2021,-0.24,-0.28,-0.31,-1.07,-0.95,-0.87,-1.17,,2021-06-24 02:00:00
2021-06-25,2,2021,-0.23,-0.27,-0.3,-1.1,-0.96,-0.88,-1.19,,2021-06-25 02:00:00
2021-06-26,2,2021,-0.75,-0.73,-0.81,-1.81,-1.57,-1.51,-1.93,Abnormally Dry,2021-06-26 02:00:00
2021-06-27,2,2021,-0.75,-0.72,-0.81,-1.86,-1.61,-1.55,-1.98,Abnormally Dry,2021-06-27 02:00:00
2021-06-28,2,2021,-0.42,-0.43,-0.48,-1.33,-1.15,-1.08,-1.42,,2021-06-28 02:00:00
2021-06-29,2,2021,0.96,0.81,0.9,0.54,0.47,0.62,0.55,,2021-06-29 02:00:00
2021-06-30,2,2021,0.36,0.26,0.3,-0.35,-0.31,-0.17,-0.4,,2021-06-30 02:00:00
2021-07-01,2,2021,0.74,0.58,0.67,0.19,0.14,0.3,0.14,,2021-07-01 02:00:00
2021-07-02,2,2021,-0.39,-0.44,-0.46,-1.31,-1.18,-1.07,-1.45,,2021-07-02 02:00:00
2021-07-03,2,2021,-0.58,-0.61,-0.65,-1.61,-1.44,-1.34,-1.77,Abnormally Dry,2021-07-03 02:00:00
2021-07-04,2,2021,-0.4,-0.45,-0.47,-1.33,-1.19,-1.09,-1.47,,2021-07-04 02:00:00
2021-07-05,2,2021,-0.75,-0.76,-0.81,-1.81,-1.61,-1.52,-1.97,Abnormally Dry,2021-07-05 02:00:00
2021-07-06,2,2021,-0.64,-0.66,-0.69,-1.56,-1.4,-1.3,-1.71,Abnormally Dry,2021-07-06 02:00:00
2021-07-07,2,2021,1.15,0.94,1.11,0.64,0.54,0.77,0.62,,2021-07-07 02:00:00
2021-07-08,2,2021,-0.72,-0.74,-0.78,-1.76,-1.57,-1.47,-1.93,Abnormally Dry,2021-07-08 02:00:00
2021-07-09,2,2021,4.27,3.76,4.07,4.7,4.1,4.35,4.94,,2021-07-09 02:00:00
2021-07-10,2,2021,-0.75,-0.74,-0.79,-1.76,-1.55,-1.46,-1.9,Abnormally Dry,2021-07-10 02:00:00
2021-07-11,2,2021,-0.75,-0.74,-0.79,-1.79,-1.58,-1.49,-1.93,Abnormally Dry,2021-07-11 02:00:00
2021-07-12,2,2021,-0.75,-0.74,-0.79,-1.8,-1.58,-1.49,-1.94,Abnormally Dry,2021-07-12 02:00:00
2021-07-13,2,2021,-0.75,-0.73,-0.78,-1.84,-1.6,-1.51,-1.96,Abnormally Dry,2021-07-13 02:00:00
2021-07-14,2,2021,-0.17,-0.21,-0.22,-1.04,-0.91,-0.8,-1.12,,2021-07-14 02:00:00
2021-07-15,2,2021,-0.74,-0.72,-0.77,-1.74,-1.52,-1.43,-1.86,Abnormally Dry,2021-07-15 02:00:00
2021-07-16,2,2021,-0.52,-0.52,-0.56,-1.39,-1.21,-1.14,-1.49,Abnormally Dry,2021-07-16 02:00:00
2021-07-17,2,2021,-0.75,-0.74,-0.78,-1.81,-1.58,-1.48,-1.94,Abnormally Dry,2021-07-17 02:00:00
2021-07-18,2,2021,-0.01,0.04,-0.05,-0.83,-0.62,-0.6,-0.78,,2021-07-18 02:00:00
2021-07-19,2,2021,-0.72,-0.69,-0.75,-1.72,-1.49,-1.42,-1.83,Abnormally Dry,2021-07-19 02:00:00
2021-07-20,2,2021,0.46,0.54,0.42,-0.21,0.0,-0.03,-0.02,,2021-07-20 02:00:00
2021-07-21,2,2021,-0.38,-0.35,-0.42,-1.27,-1.06,-1.02,-1.31,,2021-07-21 02:00:00
2021-07-22,2,2021,-0.38,-0.35,-0.42,-1.21,-1.01,-0.97,-1.25,,2021-07-22 02:00:00
2021-07-23,2,2021,-0.38,-0.35,-0.41,-1.36,-1.13,-1.06,-1.4,,2021-07-23 02:00:00
2021-07-24,2,2021,-0.75,-0.73,-0.78,-1.77,-1.54,-1.46,-1.89,Abnormally Dry,2021-07-24 02:00:00
2021-07-25,2,2021,-0.41,-0.39,-0.44,-1.36,-1.15,-1.07,-1.42,,2021-07-25 02:00:00
2021-07-26,2,2021,0.55,0.61,0.51,-0.13,0.07,0.06,0.05,,2021-07-26 02:00:00
2021-07-27,2,2021,1.12,1.27,1.07,0.62,0.87,0.74,1.03,,2021-07-27 02:00:00
2021-07-28,2,2021,-0.71,-0.72,-0.74,-1.71,-1.52,-1.4,-1.86,Abnormally Dry,2021-07-28 02:00:00
2021-07-29,2,2021,-0.75,-0.76,-0.78,-1.72,-1.53,-1.42,-1.88,Abnormally Dry,2021-07-29 02:00:00
2021-07-30,2,2021,-0.12,-0.08,-0.15,-1.02,-0.8,-0.75,-0.99,,2021-07-30 02:00:00
2021-07-31,2,2021,0.94,1.06,0.91,0.41,0.64,0.56,0.74,,2021-07-31 02:00:00
2021-08-01,2,2021,-0.61,-0.62,-0.65,-1.63,-1.44,-1.33,-1.77,Abnormally Dry,2021-08-01 02:00:00
2021-08-02,2,2021,2.19,2.31,2.14,2.01,2.16,2.02,2.59,,2021-08-02 02:00:00
2021-08-03,2,2021,3.01,2.97,2.89,3.08,3.02,2.94,3.63,,2021-08-03 02:00:00
2021-08-04,2,2021,0.88,0.83,0.8,0.29,0.36,0.41,0.41,,2021-08-04 02:00:00
2021-08-05,2,2021,-0.75,-0.77,-0.79,-1.79,-1.61,-1.49,-1.97,Abnormally Dry,2021-08-05 02:00:00
2021-08-06,2,2021,-0.75,-0.77,-0.78,-1.92,-1.7,-1.56,-2.09,Abnormally Dry,2021-08-06 02:00:00
2021-08-07,2,2021,-0.69,-0.69,-0.72,-1.64,-1.45,-1.36,-1.78,Abnormally Dry,2021-08-07 02:00:00
2021-08-08,2,2021,-0.09,-0.11,-0.14,-0.91,-0.76,-0.68,-0.95,,2021-08-08 02:00:00
2021-08-09,2,2021,1.17,1.12,1.1,0.73,0.77,0.81,0.91,,2021-08-09 02:00:00
2021-08-10,2,2021,-0.5,-0.53,-0.54,-1.52,-1.34,-1.22,-1.65,Abnormally Dry,2021-08-10 02:00:00
2021-08-11,2,2021,-0.57,-0.59,-0.61,-1.6,-1.41,-1.3,-1.74,Abnormally Dry,2021-08-11 02:00:00
2021-08-12,2,2021,-0.75,-0.75,-0.78,-1.8,-1.59,-1.48,-1.95,Abnormally Dry,2021-08-12 02:00:00
2021-08-13,2,2021,-0.6,-0.59,-0.63,-1.59,-1.38,-1.29,-1.7,Abnormally Dry,2021-08-13 02:00:00
2021-08-14,2,2021,-0.75,-0.74,-0.78,-1.73,-1.52,-1.43,-1.86,Abnormally Dry,2021-08-14 02:00:00
2021-08-15,2,2021,-0.71,-0.7,-0.73,-1.75,-1.53,-1.42,-1.88,Abnormally Dry,2021-08-15 02:00:00
2021-08-16,2,2021,-0.58,-0.56,-0.61,-1.62,-1.39,-1.3,-1.71,Abnormally Dry,2021-08-16 02:00:00
2021-08-17,2,2021,-0.59,-0.56,-0.61,-1.58,-1.35,-1.27,-1.66,Abnormally Dry,2021-08-17 02:00:00
2021-08-18,2,2021,-0.44,-0.39,-0.46,-1.43,-1.18,-1.12,-1.46,,2021-08-18 02:00:00
2021-08-19,2,2021,0.86,0.95,0.83,0.31,0.51,0.46,0.59,,2021-08-19 02:00:00
2021-08-20,2,2021,-0.64,-0.6,-0.67,-1.73,-1.47,-1.4,-1.81,Abnormally Dry,2021-08-20 02:00:00
2021-08-21,2,2021,-0.75,-0.7,-0.77,-1.82,-1.55,-1.48,-1.91,Abnormally Dry,2021-08-21 02:00:00
2021-08-22,2,2021,3.08,3.23,2.98,3.17,3.3,3.04,3.96,,2021-08-22 02:00:00
2021-08-23,2,2021,-0.62,-0.56,-0.64,-1.58,-1.33,-1.28,-1.64,Abnormally Dry,2021-08-23 02:00:00
2021-08-24,2,2021,-0.75,-0.68,-0.77,-1.81,-1.53,-1.48,-1.87,Abnormally Dry,2021-08-24 02:00:00
2021-08-25,2,2021,0.37,0.46,0.33,-0.38,-0.14,-0.17,-0.2,,2021-08-25 02:00:00
2021-08-26,2,2021,-0.75,-0.69,-0.77,-1.85,-1.57,-1.5,-1.93,Abnormally Dry,2021-08-26 02:00:00
2021-08-27,2,2021,-0.75,-0.68,-0.76,-1.93,-1.62,-1.55,-1.99,Abnormally Dry,2021-08-27 02:00:00
2021-08-28,2,2021,-0.75,-0.68,-0.76,-1.81,-1.53,-1.47,-1.88,Abnormally Dry,2021-08-28 02:00:00
2021-08-29,2,2021,-0.75,-0.66,-0.76,-1.83,-1.53,-1.48,-1.87,Abnormally Dry,2021-08-29 02:00:00
2021-08-30,2,2021,2.27,2.32,2.2,1.98,2.08,2.0,2.49,,2021-08-30 02:00:00
2021-08-31,2,2021,-0.64,-0.56,-0.65,-1.76,-1.46,-1.4,-1.79,Abnormally Dry,2021-08-31 02:00:00
2021-09-01,2,2021,-0.66,-0.58,-0.67,-1.67,-1.39,-1.35,-1.71,Abnormally Dry,2021-09-01 02:00:00
2021-09-02,2,2021,-0.75,-0.65,-0.75,-1.85,-1.53,-1.48,-1.88,Abnormally Dry,2021-09-02 02:00:00
2021-09-03,2,2021,1.79,1.89,1.72,1.44,1.61,1.49,1.92,,2021-09-03 02:00:00
2021-09-04,2,2021,-0.29,-0.19,-0.31,-1.29,-0.99,-0.98,-1.23,,2021-09-04 02:00:00
2021-09-05,2,2021,-0.18,-0.05,-0.2,-1.02,-0.72,-0.76,-0.9,,2021-09-05 02:00:00
2021-09-06,2,2021,-0.48,-0.35,-0.5,-1.46,-1.14,-1.16,-1.4,,2021-09-06 02:00:00
2021-09-07,2,2021,-0.49,-0.36,-0.5,-1.57,-1.22,-1.22,-1.51,,2021-09-07 02:00:00
2021-09-08,2,2021,0.33,0.49,0.3,-0.41,-0.1,-0.19,-0.15,,2021-09-08 02:00:00
2021-09-09,2,2021,-0.57,-0.43,-0.58,-1.62,-1.27,-1.28,-1.57,Abnormally Dry,2021-09-09 02:00:00
2021-09-10,2,2021,1.5,1.67,1.45,1.07,1.32,1.16,1.57,,2021-09-10 02:00:00
2021-09-11,2,2021,-0.68,-0.56,-0.69,-1.77,-1.43,-1.42,-1.76,Abnormally Dry,2021-09-11 02:00:00
2021-09-12,2,2021,0.01,0.13,-0.02,-0.87,-0.57,-0.61,-0.72,,2021-09-12 02:00:00
2021-09-13,2,2021,-0.48,-0.37,-0.5,-1.59,-1.26,-1.24,-1.56,,2021-09-13 02:00:00
2021-09-14,2,2021,0.11,0.24,0.09,-0.75,-0.45,-0.49,-0.58,,2021-09-14 02:00:00
2021-09-15,2,2021,-0.57,-0.46,-0.58,-1.62,-1.3,-1.28,-1.61,Abnormally Dry,2021-09-15 02:00:00
2021-09-16,2,2021,1.69,1.8,1.64,1.39,1.56,1.44,1.86,,2021-09-16 02:00:00
2021-09-17,2,2021,-0.14,-0.04,-0.16,-1.02,-0.75,-0.75,-0.93,,2021-09-17 02:00:00
2021-09-18,2,2021,1.08,1.15,1.04,0.54,0.72,0.68,0.84,,2021-09-18 02:00:00
2021-09-19,2,2021,-0.31,-0.24,-0.34,-1.32,-1.05,-1.01,-1.3,,2021-09-19 02:00:00
2021-09-20,2,2021,-0.62,-0.55,-0.64,-1.71,-1.42,-1.37,-1.75,Abnormally Dry,2021-09-20 02:00:00
2021-09-21,2,2021,-0.3,-0.23,-0.32,-1.24,-0.98,-0.95,-1.22,,2021-09-21 02:00:00
2021-09-22,2,2021,-0.75,-0.68,-0.77,-1.8,-1.52,-1.47,-1.86,Abnormally Dry,2021-09-22 02:00:00
2021-09-23,2,2021,0.15,0.22,0.13,-0.7,-0.46,-0.43,-0.58,,2021-09-23 02:00:00
2021-09-24,2,2021,1.89,1.9,1.85,1.56,1.63,1.63,1.95,,2021-09-24 02:00:00
2021-09-25,2,2021,-0.75,-0.7,-0.77,-1.8,-1.54,-1.47,-1.89,Abnormally Dry,2021-09-25 02:00:00
2021-09-26,2,2021,-0.75,-0.69,-0.77,-1.81,-1.54,-1.48,-1.89,Abnormally Dry,2021-09-26 02:00:00
2021-09-27,2,2021,-0.55,-0.48,-0.57,-1.63,-1.35,-1.29,-1.66,Abnormally Dry,2021-09-27 02:00:00
2021-09-28,2,2021,0.31,0.37,0.29,-0.46,-0.25,-0.23,-0.33,,2021-09-28 02:00:00
2021-09-29,2,2021,-0.75,-0.66,-0.77,-1.82,-1.52,-1.49,-1.87,Abnormally Dry,2021-09-29 02:00:00
2021-09-30,2,2021,-0.75,-0.66,-0.76,-1.82,-1.52,-1.48,-1.87,Abnormally Dry,2021-09-30 02:00:00
2021-10-01,2,2021,-0.47,-0.38,-0.48,-1.45,-1.16,-1.13,-1.44,,2021-10-01 02:00:00
2021-10-02,2,2021,1.32,1.35,1.3,0.82,0.95,0.97,1.12,,2021-10-02 02:00:00
2021-10-03,2,2021,-0.58,-0.51,-0.59,-1.67,-1.38,-1.32,-1.7,Abnormally Dry,2021-10-03 02:00:00
2021-10-04,2,2021,0.7,0.73,0.68,0.04,0.2,0.24,0.22,,2021-10-04 02:00:00
2021-10-05,2,2021,-0.75,-0.67,-0.77,-1.87,-1.57,-1.52,-1.92,Abnormally Dry,2021-10-05 02:00:00
2021-10-06,2,2021,-0.03,0.03,-0.05,-1.04,-0.78,-0.72,-0.97,,2021-10-06 02:00:00
2021-10-07,2,2021,0.01,0.13,-0.0,-0.94,-0.63,-0.63,-0.79,,2021-10-07 02:00:00
2021-10-08,2,2021,-0.75,-0.71,-0.77,-1.8,-1.55,-1.47,-1.91,Abnormally Dry,2021-10-08 02:00:00
2021-10-09,2,2021,2.56,2.78,2.53,2.49,2.72,2.48,3.26,,2021-10-09 02:00:00
2021-10-10,2,2021,-0.46,-0.42,-0.48,-1.47,-1.23,-1.15,-1.51,,2021-10-10 02:00:00
2021-10-11,2,2021,-0.75,-0.73,-0.77,-1.86,-1.62,-1.51,-1.99,Abnormally Dry,2021-10-11 02:00:00
2021-10-12,2,2021,0.57,0.66,0.55,-0.13,0.1,0.08,0.09,,2021-10-12 02:00:00
2021-10-13,2,2021,0.4,0.47,0.38,-0.36,-0.14,-0.13,-0.2,,2021-10-13 02:00:00
2021-10-14,2,2021,-0.6,-0.59,-0.63,-1.6,-1.39,-1.29,-1.7,Abnormally Dry,2021-10-14 02:00:00
2021-10-15,2,2021,-0.28,-0.25,-0.3,-1.15,-0.95,-0.88,-1.17,,2021-10-15 02:00:00
2021-10-16,2,2021,-0.75,-0.74,-0.77,-1.91,-1.67,-1.55,-2.05,Abnormally Dry,2021-10-16 02:00:00
2021-10-17,2,2021,0.11,0.15,0.09,-0.73,-0.52,-0.47,-0.66,,2021-10-17 02:00:00
2021-10-18,2,2021,0.37,0.43,0.36,-0.34,-0.14,-0.11,-0.19,,2021-10-18 02:00:00
2021-10-19,2,2021,-0.55,-0.54,-0.57,-1.62,-1.4,-1.28,-1.72,Abnormally Dry,2021-10-19 02:00:00
2021-10-20,2,2021,1.4,1.49,1.39,0.86,1.06,1.03,1.25,,2021-10-20 02:00:00
2021-10-21,2,2021,-0.67,-0.68,-0.7,-1.75,-1.54,-1.42,-1.89,Abnormally Dry,2021-10-21 02:00:00
2021-10-22,2,2021,-0.75,-0.76,-0.77,-1.82,-1.62,-1.49,-1.99,Abnormally Dry,2021-10-22 02:00:00
2021-10-23,2,2021,-0.75,-0.75,-0.77,-1.95,-1.71,-1.57,-2.1,Abnormally Dry,2021-10-23 02:00:00
2021-10-24,2,2021,-0.75,-0.74,-0.77,-1.9,-1.66,-1.54,-2.04,Abnormally Dry,2021-10-24 02:00:00
2021-10-25,2,2021,-0.47,-0.43,-0.48,-1.47,-1.23,-1.15,-1.51,,2021-10-25 02:00:00
2021-10-26,2,2021,-0.26,-0.22,-0.27,-1.32,-1.07,-0.98,-1.32,,2021-10-26 02:00:00
2021-10-27,2,2021,-0.05,-0.01,-0.06,-0.96,-0.74,-0.66,-0.92,,2021-10-27 02:00:00
2021-10-28,2,2021,1.25,1.34,1.26,0.75,0.94,0.93,1.11,,2021-10-28 02:00:00
2021-10-29,2,2021,-0.47,-0.44,-0.49,-1.56,-1.32,-1.22,-1.62,,2021-10-29 02:00:00
2021-10-30,2,2021,3.14,3.13,3.13,3.16,3.15,3.15,3.78,,2021-10-30 02:00:00
2021-10-31,2,2021,0.37,0.4,0.35,-0.46,-0.26,-0.2,-0.35,,2021-10-31 02:00:00
2021-11-01,2,2021,-0.75,-0.73,-0.77,-1.84,-1.6,-1.5,-1.96,Abnormally Dry,2021-11-01 02:00:00
2021-11-02,2,2021,0.27,0.37,0.25,-0.46,-0.21,-0.23,-0.28,,2021-11-02 02:00:00
2021-11-03,2,2021,1.48,1.63,1.46,1.04,1.28,1.17,1.52,,2021-11-03 02:00:00
2021-11-04,2,2021,0.33,0.4,0.31,-0.46,-0.23,-0.21,-0.31,,2021-11-04 02:00:00
2021-11-05,2,2021,-0.75,-0.76,-0.78,-1.84,-1.63,-1.51,-2.0,Abnormally Dry,2021-11-05 02:00:00
2021-11-06,2,2021,0.81,0.9,0.79,0.09,0.33,0.31,0.36,,2021-11-06 02:00:00
2021-11-07,2,2021,3.24,3.28,3.18,3.24,3.28,3.18,3.94,,2021-11-07 02:00:00
2021-11-08,2,2021,-0.67,-0.67,-0.7,-1.71,-1.5,-1.39,-1.84,Abnormally Dry,2021-11-08 02:00:00
2021-11-09,2,2021,-0.4,-0.39,-0.42,-1.47,-1.25,-1.13,-1.54,,2021-11-09 02:00:00
2021-11-10,2,2021,0.88,0.88,0.84,0.22,0.35,0.4,0.39,,2021-11-10 02:00:00
2021-11-11,2,2021,5.01,4.4,4.76,5.55,4.83,5.12,5.82,,2021-11-11 02:00:00
2021-11-12,2,2021,-0.19,-0.24,-0.23,-1.11,-0.98,-0.85,-1.21,,2021-11-12 02:00:00
2021-11-13,2,2021,-0.71,-0.71,-0.73,-1.8,-1.58,-1.46,-1.94,Abnormally Dry,2021-11-13 02:00:00
2021-11-14,2,2021,-0.21,-0.26,-0.25,-1.18,-1.04,-0.9,-1.28,,2021-11-14 02:00:00
2021-11-15,2,2021,-0.27,-0.33,-0.31,-1.16,-1.04,-0.9,-1.28,,2021-11-15 02:00:00
2021-11-16,2,2021,1.03,0.83,0.95,0.4,0.33,0.53,0.37,,2021-11-16 02:00:00
2021-11-17,2,2021,-0.22,-0.28,-0.26,-1.18,-1.05,-0.9,-1.29,,2021-11-17 02:00:00
2021-11-18,2,2021,0.17,0.06,0.11,-0.7,-0.63,-0.47,-0.8,,2021-11-18 02:00:00
2021-11-19,2,2021,0.84,0.65,0.76,0.11,0.07,0.28,0.05,,2021-11-19 02:00:00
2021-11-20,2,2021,-0.5,-0.54,-0.53,-1.49,-1.33,-1.19,-1.64,Abnormally Dry,2021-11-20 02:00:00
2021-11-21,2,2021,-0.65,-0.68,-0.68,-1.71,-1.53,-1.39,-1.88,Abnormally Dry,2021-11-21 02:00:00
2021-11-22,2,2021,0.21,0.11,0.16,-0.74,-0.65,-0.47,-0.82,,2021-11-22 02:00:00
2021-11-23,2,2021,-0.14,-0.21,-0.18,-1.11,-0.98,-0.82,-1.22,,2021-11-23 02:00:00
2021-11-24,2,2021,-0.19,-0.26,-0.23,-1.16,-1.04,-0.88,-1.28,,2021-11-24 02:00:00
2021-11-25,2,2021,-0.52,-0.58,-0.55,-1.56,-1.41,-1.24,-1.74,Abnormally Dry,2021-11-25 02:00:00
2021-11-26,2,2021,-0.13,-0.22,-0.17,-1.08,-0.98,-0.8,-1.21,,2021-11-26 02:00:00
2021-11-27,2,2021,-0.75,-0.8,-0.77,-1.87,-1.7,-1.52,-2.08,Abnormally Dry,2021-11-27 02:00:00
2021-11-28,2,2021,-0.75,-0.79,-0.77,-1.83,-1.65,-1.49,-2.03,Abnormally Dry,2021-11-28 02:00:00
2021-11-29,2,2021,-0.75,-0.79,-0.77,-1.88,-1.69,-1.52,-2.08,Abnormally Dry,2021-11-29 02:00:00
2021-11-30,2,2021,-0.75,-0.78,-0.77,-1.92,-1.72,-1.55,-2.11,Abnormally Dry,2021-11-30 02:00:00
2021-12-01,2,2021,-0.75,-0.78,-0.76,-1.88,-1.68,-1.51,-2.06,Abnormally Dry,2021-12-01 02:00:00
2021-12-02,2,2021,-0.49,-0.52,-0.51,-1.66,-1.46,-1.29,-1.8,,2021-12-02 02:00:00
2021-12-03,2,2021,-0.75,-0.76,-0.76,-1.91,-1.69,-1.53,-2.07,Abnormally Dry,2021-12-03 02:00:00
2021-12-04,2,2021,-0.46,-0.48,-0.48,-1.48,-1.3,-1.16,-1.6,,2021-12-04 02:00:00
2021-12-05,2,2021,1.0,0.93,0.96,0.35,0.41,0.53,0.47,,2021-12-05 02:00:00
2021-12-06,2,2021,-0.75,-0.77,-0.76,-1.9,-1.69,-1.53,-2.07,Abnormally Dry,2021-12-06 02:00:00
2021-12-07,2,2021,-0.75,-0.76,-0.76,-1.95,-1.72,-1.56,-2.11,Abnormally Dry,2021-12-07 02:00:00
2021-12-08,2,2021,-0.74,-0.75,-0.75,-1.94,-1.71,-1.55,-2.1,Abnormally Dry,2021-12-08 02:00:00
2021-12-09,2,2021,-0.75,-0.74,-0.76,-1.86,-1.63,-1.5,-2.0,Abnormally Dry,2021-12-09 02:00:00
2021-12-10,2,2021,-0.68,-0.66,-0.68,-1.78,-1.54,-1.41,-1.89,Abnormally Dry,2021-12-10 02:00:00
2021-12-11,2,2021,0.88,0.84,0.85,0.26,0.34,0.43,0.38,,2021-12-11 02:00:00
2021-12-12,2,2021,-0.18,-0.19,-0.2,-1.19,-1.0,-0.87,-1.24,,2021-12-12 02:00:00
2021-12-13,2,2021,-0.75,-0.73,-0.76,-1.92,-1.66,-1.54,-2.04,Abnormally Dry,2021-12-13 02:00:00
2021-12-14,2,2021,-0.75,-0.73,-0.76,-2.0,-1.73,-1.59,-2.12,Abnormally Dry,2021-12-14 02:00:00
2021-12-15,2,2021,1.53,1.48,1.48,1.02,1.07,1.14,1.27,,2021-12-15 02:00:00
2021-12-16,2,2021,-0.75,-0.72,-0.76,-1.98,-1.71,-1.58,-2.1,Abnormally Dry,2021-12-16 02:00:00
2021-12-17,2,2021,-0.75,-0.71,-0.75,-1.93,-1.65,-1.54,-2.03,Abnormally Dry,2021-12-17 02:00:00
2021-12-18,2,2021,-0.75,-0.7,-0.75,-1.83,-1.56,-1.47,-1.92,Abnormally Dry,2021-12-18 02:00:00
2021-12-19,2,2021,0.69,0.68,0.66,0.08,0.19,0.25,0.21,,2021-12-19 02:00:00
2021-12-20,2,2021,-0.35,-0.32,-0.36,-1.31,-1.08,-1.0,-1.34,,2021-12-20 02:00:00
2021-12-21,2,2021,-0.75,-0.71,-0.75,-1.95,-1.67,-1.55,-2.06,Abnormally Dry,2021-12-21 02:00:00
2021-12-22,2,2021,-0.75,-0.7,-0.75,-1.87,-1.6,-1.5,-1.96,Abnormally Dry,2021-12-22 02:00:00
2021-12-23,2,2021,-0.52,-0.46,-0.53,-1.63,-1.35,-1.27,-1.66,Abnormally Dry,2021-12-23 02:00:00
2021-12-24,2,2021,-0.3,-0.25,-0.3,-1.37,-1.11,-1.01,-1.37,,2021-12-24 02:00:00
2021-12-25,2,2021,-0.75,-0.69,-0.75,-1.93,-1.64,-1.54,-2.01,Abnormally Dry,2021-12-25 02:00:00
2021-12-26,2,2021,0.09,0.13,0.08,-0.86,-0.63,-0.55,-0.79,,2021-12-26 02:00:00
2021-12-27,2,2021,0.64,0.67,0.63,-0.12,0.06,0.12,0.04,,2021-12-27 02:00:00
2021-12-28,2,2021,-0.75,-0.7,-0.75,-1.97,-1.67,-1.56,-2.06,Abnormally Dry,2021-12-28 02:00:00
2021-12-29,2,2021,-0.75,-0.7,-0.75,-1.96,-1.67,-1.56,-2.05,Abnormally Dry,2021-12-29 02:00:00
2021-12-30,2,2021,-0.75,-0.7,-0.75,-2.01,-1.7,-1.59,-2.1,Abnormally Dry,2021-12-30 02:00:00
2021-12-31,2,2021,-0.67,-0.61,-0.67,-1.84,-1.54,-1.45,-1.9,Abnormally Dry,2021-12-31 02:00:00
2022-01-01,2,2022,-0.6,,,-1.49,,,,Abnormally Dry,2022-01-01 02:00:00
2022-01-02,2,2022,0.95,0.71,0.71,0.4,0.27,0.34,0.3,,2022-01-02 02:00:00
2022-01-03,2,2022,1.0,0.61,0.61,0.56,0.26,0.32,0.29,,2022-01-03 02:00:00
2022-01-04,2,2022,-0.3,-0.68,-0.68,-1.01,-1.25,-1.16,-1.53,,2022-01-04 02:00:00
2022-01-05,2,2022,-0.62,-0.86,-0.86,-1.44,-1.52,-1.41,-1.85,Abnormally Dry,2022-01-05 02:00:00
2022-01-06,2,2022,-0.45,-0.58,-0.58,-1.31,-1.27,-1.15,-1.55,,2022-01-06 02:00:00
2022-01-07,2,2022,2.15,1.72,1.72,2.05,1.64,1.65,1.96,,2022-01-07 02:00:00
2022-01-08,2,2022,1.23,0.77,0.77,0.85,0.47,0.52,0.54,,2022-01-08 02:00:00
2022-01-09,2,2022,-0.57,-0.85,-0.85,-1.49,-1.58,-1.46,-1.94,Abnormally Dry,2022-01-09 02:00:00
2022-01-10,2,2022,-0.78,-0.95,-0.95,-1.62,-1.62,-1.51,-1.98,Abnormally Dry,2022-01-10 02:00:00
2022-01-11,2,2022,-0.46,-0.6,-0.6,-1.29,-1.26,-1.15,-1.55,,2022-01-11 02:00:00
2022-01-12,2,2022,-0.69,-0.78,-0.78,-1.6,-1.51,-1.39,-1.85,Abnormally Dry,2022-01-12 02:00:00
2022-01-13,2,2022,-0.68,-0.71,-0.71,-1.61,-1.45,-1.33,-1.78,Abnormally Dry,2022-01-13 02:00:00
2022-01-14,2,2022,-0.78,-0.77,-0.77,-1.72,-1.52,-1.39,-1.86,Abnormally Dry,2022-01-14 02:00:00
2022-01-15,2,2022,-0.0,0.04,0.04,-0.68,-0.5,-0.41,-0.63,,2022-01-15 02:00:00
2022-01-16,2,2022,0.3,0.36,0.36,-0.28,-0.1,-0.03,-0.15,,2022-01-16 02:00:00
2022-01-17,2,2022,0.44,0.5,0.5,-0.14,0.04,0.12,0.02,,2022-01-17 02:00:00
2022-01-18,2,2022,1.74,1.75,1.75,1.49,1.55,1.58,1.85,,2022-01-18 02:00:00
2022-01-19,2,2022,2.75,2.29,2.29,2.76,2.3,2.3,2.76,,2022-01-19 02:00:00
2022-01-20,2,2022,-0.03,-0.25,-0.25,-0.8,-0.87,-0.76,-1.07,,2022-01-20 02:00:00
2022-01-21,2,2022,0.58,0.32,0.32,0.06,-0.1,-0.03,-0.14,,2022-01-21 02:00:00
2022-01-22,2,2022,0.7,0.42,0.42,0.18,0.01,0.08,-0.01,,2022-01-22 02:00:00
2022-01-23,2,2022,-0.78,-0.98,-0.98,-1.7,-1.72,-1.59,-2.1,Abnormally Dry,2022-01-23 02:00:00
2022-01-24,2,2022,-0.78,-0.94,-0.94,-1.68,-1.66,-1.54,-2.03,Abnormally Dry,2022-01-24 02:00:00
2022-01-25,2,2022,-0.26,-0.42,-0.42,-1.08,-1.07,-0.96,-1.32,,2022-01-25 02:00:00
2022-01-26,2,2022,-0.63,-0.76,-0.76,-1.53,-1.48,-1.36,-1.81,Abnormally Dry,2022-01-26 02:00:00
2022-01-27,2,2022,1.01,0.86,0.86,0.59,0.52,0.58,0.61,,2022-01-27 02:00:00
2022-01-28,2,2022,1.64,1.41,1.41,1.33,1.16,1.2,1.38,,2022-01-28 02:00:00
2022-01-29,2,2022,-0.52,-0.71,-0.71,-1.41,-1.42,-1.3,-1.74,Abnormally Dry,2022-01-29 02:00:00
2022-01-30,2,2022,1.14,0.92,0.92,0.71,0.57,0.63,0.67,,2022-01-30 02:00:00
2022-01-31,2,2022,-0.59,-0.8,-0.8,-1.41,-1.46,-1.35,-1.78,Abnormally Dry,2022-01-31 02:00:00
2022-02-01,2,2022,0.75,0.54,0.54,0.27,0.16,0.22,0.17,,2022-02-01 02:00:00
2022-02-02,2,2022,-0.3,-0.52,-0.52,-1.25,-1.28,-1.16,-1.58,,2022-02-02 02:00:00
2022-02-03,2,2022,-0.61,-0.82,-0.82,-1.5,-1.53,-1.41,-1.87,Abnormally Dry,2022-02-03 02:00:00
2022-02-04,2,2022,-0.31,-0.49,-0.49,-1.25,-1.24,-1.11,-1.52,,2022-02-04 02:00:00
2022-02-05,2,2022,2.21,1.99,1.99,2.07,1.88,1.9,2.25,,2022-02-05 02:00:00
2022-02-06,2,2022,-0.67,-0.86,-0.86,-1.6,-1.6,-1.48,-1.96,Abnormally Dry,2022-02-06 02:00:00
2022-02-07,2,2022,-0.4,-0.58,-0.58,-1.25,-1.26,-1.15,-1.54,,2022-02-07 02:00:00
2022-02-08,2,2022,-0.63,-0.8,-0.8,-1.58,-1.56,-1.43,-1.91,Abnormally Dry,2022-02-08 02:00:00
2022-02-09,2,2022,0.42,0.27,0.27,-0.15,-0.19,-0.11,-0.25,,2022-02-09 02:00:00
2022-02-10,2,2022,0.95,0.79,0.79,0.52,0.45,0.51,0.52,,2022-02-10 02:00:00
2022-02-11,2,2022,-0.19,-0.39,-0.39,-1.06,-1.09,-0.97,-1.34,,2022-02-11 02:00:00
2022-02-12,2,2022,0.42,0.25,0.25,-0.21,-0.26,-0.17,-0.33,,2022-02-12 02:00:00
2022-02-13,2,2022,-0.78,-0.99,-0.99,-1.68,-1.71,-1.59,-2.09,Abnormally Dry,2022-02-13 02:00:00
2022-02-14,2,2022,-0.25,-0.43,-0.43,-1.12,-1.13,-1.01,-1.39,,2022-02-14 02:00:00
2022-02-15,2,2022,-0.47,-0.65,-0.65,-1.36,-1.36,-1.24,-1.67,,2022-02-15 02:00:00
2022-02-16,2,2022,-0.6,-0.77,-0.77,-1.55,-1.53,-1.4,-1.87,Abnormally Dry,2022-02-16 02:00:00
2022-02-17,2,2022,0.7,0.62,0.62,0.2,0.22,0.29,0.25,,2022-02-17 02:00:00
2022-02-18,2,2022,-0.78,-0.97,-0.97,-1.72,-1.72,-1.59,-2.1,Abnormally Dry,2022-02-18 02:00:00
2022-02-19,2,2022,-0.68,-0.85,-0.85,-1.57,-1.56,-1.44,-1.91,Abnormally Dry,2022-02-19 02:00:00
2022-02-20,2,2022,2.55,2.47,2.47,2.5,2.43,2.44,2.91,,2022-02-20 02:00:00
2022-02-21,2,2022,-0.55,-0.71,-0.71,-1.48,-1.45,-1.33,-1.78,Abnormally Dry,2022-02-21 02:00:00
2022-02-22,2,2022,0.68,0.56,0.56,0.13,0.12,0.19,0.12,,2022-02-22 02:00:00
2022-02-23,2,2022,-0.55,-0.71,-0.71,-1.51,-1.48,-1.35,-1.82,Abnormally Dry,2022-02-23 02:00:00
2022-02-24,2,2022,-0.7,-0.86,-0.86,-1.59,-1.57,-1.45,-1.92,Abnormally Dry,2022-02-24 02:00:00
2022-02-25,2,2022,-0.57,-0.71,-0.71,-1.5,-1.45,-1.33,-1.78,Abnormally Dry,2022-02-25 02:00:00
2022-02-26,2,2022,-0.01,-0.11,-0.11,-0.78,-0.72,-0.62,-0.9,,2022-02-26 02:00:00
2022-02-27,2,2022,-0.23,-0.35,-0.35,-1.08,-1.03,-0.91,-1.27,,2022-02-27 02:00:00
2022-02-28,2,2022,0.58,0.51,0.51,0.02,0.06,0.13,0.05,,2022-02-28 02:00:00
2022-03-01,2,2022,1.77,1.73,1.73,1.54,1.55,1.58,1.85,,2022-03-01 02:00:00
2022-03-02,2,2022,0.66,0.56,0.56,0.08,0.1,0.17,0.09,,2022-03-02 02:00:00
2022-03-03,2,2022,-0.75,-0.93,-0.93,-1.72,-1.7,-1.58,-2.08,Abnormally Dry,2022-03-03 02:00:00
2022-03-04,2,2022,-0.48,-0.64,-0.64,-1.28,-1.28,-1.17,-1.57,,2022-03-04 02:00:00
2022-03-05,2,2022,1.5,1.45,1.45,1.13,1.15,1.2,1.37,,2022-03-05 02:00:00
2022-03-06,2,2022,-0.5,-0.67,-0.67,-1.37,-1.36,-1.25,-1.67,Abnormally Dry,2022-03-06 02:00:00
2022-03-07,2,2022,0.49,0.38,0.38,-0.06,-0.06,0.01,-0.09,,2022-03-07 02:00:00
2022-03-08,2,2022,-0.67,-0.85,-0.85,-1.6,-1.59,-1.47,-1.95,Abnormally Dry,2022-03-08 02:00:00
2022-03-09,2,2022,-0.76,-0.94,-0.94,-1.72,-1.71,-1.58,-2.09,Abnormally Dry,2022-03-09 02:00:00
2022-03-10,2,2022,1.42,1.38,1.38,0.98,1.03,1.09,1.22,,2022-03-10 02:00:00
2022-03-11,2,2022,-0.35,-0.5,-0.5,-1.15,-1.14,-1.03,-1.4,,2022-03-11 02:00:00
2022-03-12,2,2022,-0.42,-0.57,-0.57,-1.27,-1.25,-1.14,-1.54,,2022-03-12 02:00:00
2022-03-13,2,2022,0.58,0.5,0.5,0.15,0.15,0.21,0.17,,2022-03-13 02:00:00
2022-03-14,2,2022,0.35,0.25,0.25,-0.33,-0.29,-0.2,-0.38,,2022-03-14 02:00:00
2022-03-15,2,2022,2.03,2.01,2.01,1.87,1.88,1.91,2.26,,2022-03-15 02:00:00
2022-03-16,2,2022,-0.78,-0.97,-0.97,-1.71,-1.71,-1.59,-2.09,Abnormally Dry,2022-03-16 02:00:00
2022-03-17,2,2022,-0.65,-0.83,-0.83,-1.59,-1.58,-1.46,-1.94,Abnormally Dry,2022-03-17 02:00:00
2022-03-18,2,2022,0.0,-0.13,-0.13,-0.75,-0.73,-0.63,-0.9,,2022-03-18 02:00:00
2022-03-19,2,2022,0.92,0.84,0.84,0.41,0.43,0.5,0.49,,2022-03-19 02:00:00
2022-03-20,2,2022,-0.6,-0.78,-0.78,-1.43,-1.44,-1.33,-1.76,Abnormally Dry,2022-03-20 02:00:00
2022-03-21,2,2022,-0.68,-0.86,-0.86,-1.62,-1.61,-1.49,-1.97,Abnormally Dry,2022-03-21 02:00:00
2022-03-22,2,2022,-0.78,-0.95,-0.95,-1.75,-1.72,-1.59,-2.11,Abnormally Dry,2022-03-22 02:00:00
2022-03-23,2,2022,-0.46,-0.61,-0.61,-1.37,-1.34,-1.22,-1.64,,2022-03-23 02:00:00
2022-03-24,2,2022,0.1,-0.0,-0.0,-0.62,-0.58,-0.48,-0.72,,2022-03-24 02:00:00
2022-03-25,2,2022,0.0,-0.1,-0.1,-0.79,-0.73,-0.63,-0.91,,2022-03-25 02:00:00
2022-03-26,2,2022,0.25,0.17,0.17,-0.43,-0.37,-0.28,-0.47,,2022-03-26 02:00:00
2022-03-27,2,2022,0.1,0.0,0.0,-0.65,-0.6,-0.5,-0.75,,2022-03-27 02:00:00
2022-03-28,2,2022,-0.47,-0.63,-0.63,-1.4,-1.37,-1.25,-1.69,,2022-03-28 02:00:00
2022-03-29,2,2022,-0.39,-0.53,-0.53,-1.29,-1.25,-1.13,-1.53,,2022-03-29 02:00:00
2022-03-30,2,2022,1.92,2.0,2.0,1.64,1.78,1.81,2.12,,2022-03-30 02:00:00
2022-03-31,2,2022,-0.78,-0.96,-0.96,-1.74,-1.73,-1.6,-2.12,Abnormally Dry,2022-03-31 02:00:00
2022-04-01,2,2022,-0.63,-0.8,-0.8,-1.6,-1.57,-1.44,-1.93,Abnormally Dry,2022-04-01 02:00:00
2022-04-02,2,2022,-0.22,-0.33,-0.34,-1.15,-1.07,-0.96,-1.33,,2022-04-02 02:00:00
2022-04-03,2,2022,-0.12,-0.22,-0.23,-0.79,-0.76,-0.68,-0.94,,2022-04-03 02:00:00
2022-04-04,2,2022,0.5,0.47,0.46,-0.13,-0.04,0.04,-0.07,,2022-04-04 02:00:00
2022-04-05,2,2022,0.47,0.42,0.43,-0.13,-0.06,0.03,-0.09,,2022-04-05 02:00:00
2022-04-06,2,2022,-0.74,-0.93,-0.93,-1.68,-1.68,-1.56,-2.06,Abnormally Dry,2022-04-06 02:00:00
2022-04-07,2,2022,0.79,0.82,0.79,0.34,0.46,0.49,0.53,,2022-04-07 02:00:00
2022-04-08,2,2022,0.17,0.13,0.09,-0.54,-0.43,-0.38,-0.55,,2022-04-08 02:00:00
2022-04-09,2,2022,0.98,1.03,0.99,0.57,0.7,0.72,0.83,,2022-04-09 02:00:00
2022-04-10,2,2022,-0.23,-0.36,-0.37,-1.05,-1.02,-0.92,-1.26,,2022-04-10 02:00:00
2022-04-11,2,2022,-0.78,-0.99,-0.99,-1.78,-1.79,-1.66,-2.19,Abnormally Dry,2022-04-11 02:00:00
2022-04-12,2,2022,1.74,1.85,1.84,1.37,1.56,1.59,1.85,,2022-04-12 02:00:00
2022-04-13,2,2022,0.21,0.11,0.12,-0.53,-0.48,-0.37,-0.61,,2022-04-13 02:00:00
2022-04-14,2,2022,-0.74,-0.98,-0.95,-1.76,-1.8,-1.63,-2.2,Abnormally Dry,2022-04-14 02:00:00
2022-04-15,2,2022,0.82,0.79,0.81,0.33,0.4,0.49,0.46,,2022-04-15 02:00:00
2022-04-16,2,2022,-0.53,-0.73,-0.71,-1.48,-1.49,-1.34,-1.82,Abnormally Dry,2022-04-16 02:00:00
2022-04-17,2,2022,-0.24,-0.4,-0.39,-1.03,-1.03,-0.92,-1.27,,2022-04-17 02:00:00
2022-04-18,2,2022,-0.72,-0.93,-0.93,-1.62,-1.65,-1.53,-2.01,Abnormally Dry,2022-04-18 02:00:00
2022-04-19,2,2022,-0.78,-0.99,-0.98,-1.86,-1.86,-1.7,-2.27,Abnormally Dry,2022-04-19 02:00:00
2022-04-20,2,2022,2.85,3.16,3.02,2.91,3.21,3.06,3.85,,2022-04-20 02:00:00
2022-04-21,2,2022,0.01,-0.06,-0.1,-0.8,-0.71,-0.64,-0.88,,2022-04-21 02:00:00
2022-04-22,2,2022,-0.43,-0.56,-0.58,-1.25,-1.22,-1.13,-1.49,,2022-04-22 02:00:00
2022-04-23,2,2022,-0.78,-0.95,-0.96,-1.7,-1.69,-1.57,-2.06,Abnormally Dry,2022-04-23 02:00:00
2022-04-24,2,2022,1.19,1.26,1.2,0.8,0.94,0.94,1.12,,2022-04-24 02:00:00
2022-04-25,2,2022,-0.51,-0.66,-0.67,-1.41,-1.38,-1.27,-1.7,Abnormally Dry,2022-04-25 02:00:00
2022-04-26,2,2022,-0.78,-0.97,-0.96,-1.79,-1.78,-1.64,-2.18,Abnormally Dry,2022-04-26 02:00:00
2022-04-27,2,2022,-0.49,-0.63,-0.64,-1.36,-1.32,-1.22,-1.62,,2022-04-27 02:00:00
2022-04-28,2,2022,-0.66,-0.8,-0.82,-1.69,-1.63,-1.51,-1.99,Abnormally Dry,2022-04-28 02:00:00
2022-04-29,2,2022,-0.64,-0.78,-0.79,-1.63,-1.57,-1.45,-1.92,Abnormally Dry,2022-04-29 02:00:00
2022-04-30,2,2022,-0.33,-0.41,-0.45,-1.19,-1.1,-1.02,-1.35,,2022-04-30 02:00:00
2022-05-01,2,2022,0.07,0.06,0.01,-0.64,-0.51,-0.46,-0.64,,2022-05-01 02:00:00
2022-05-02,2,2022,-0.16,-0.2,-0.25,-1.03,-0.9,-0.83,-1.11,,2022-05-02 02:00:00
2022-05-03,2,2022,-0.77,-0.91,-0.94,-1.72,-1.67,-1.57,-2.04,Abnormally Dry,2022-05-03 02:00:00
2022-05-04,2,2022,1.22,1.38,1.29,0.77,1.02,0.99,1.2,,2022-05-04 02:00:00
2022-05-05,2,2022,0.67,0.73,0.68,0.07,0.25,0.28,0.28,,2022-05-05 02:00:00
2022-05-06,2,2022,-0.22,-0.28,-0.33,-0.98,-0.89,-0.84,-1.1,,2022-05-06 02:00:00
2022-05-07,2,2022,-0.3,-0.38,-0.42,-1.23,-1.13,-1.04,-1.39,,2022-05-07 02:00:00
2022-05-08,2,2022,0.74,0.86,0.76,0.19,0.42,0.4,0.49,,2022-05-08 02:00:00
2022-05-09,2,2022,-0.74,-0.93,-0.92,-1.7,-1.7,-1.56,-2.08,Abnormally Dry,2022-05-09 02:00:00
2022-05-10,2,2022,0.27,0.3,0.24,-0.41,-0.25,-0.22,-0.32,,2022-05-10 02:00:00
2022-05-11,2,2022,0.05,0.04,-0.03,-0.72,-0.57,-0.54,-0.72,,2022-05-11 02:00:00
2022-05-12,2,2022,-0.34,-0.43,-0.46,-1.17,-1.1,-1.02,-1.35,,2022-05-12 02:00:00
2022-05-13,2,2022,-0.45,-0.55,-0.59,-1.36,-1.28,-1.2,-1.57,,2022-05-13 02:00:00
2022-05-14,2,2022,-0.78,-0.94,-0.96,-1.82,-1.77,-1.65,-2.17,Abnormally Dry,2022-05-14 02:00:00
2022-05-15,2,2022,0.66,0.78,0.7,0.01,0.26,0.27,0.28,,2022-05-15 02:00:00
2022-05-16,2,2022,-0.38,-0.48,-0.51,-1.28,-1.2,-1.11,-1.48,,2022-05-16 02:00:00
2022-05-17,2,2022,0.69,0.79,0.72,0.23,0.42,0.41,0.49,,2022-05-17 02:00:00
2022-05-18,2,2022,-0.11,-0.15,-0.19,-0.9,-0.78,-0.71,-0.97,,2022-05-18 02:00:00
2022-05-19,2,2022,-0.43,-0.55,-0.56,-1.43,-1.35,-1.23,-1.66,,2022-05-19 02:00:00
2022-05-20,2,2022,-0.44,-0.57,-0.58,-1.37,-1.32,-1.2,-1.62,,2022-05-20 02:00:00
2022-05-21,2,2022,0.61,0.78,0.65,-0.05,0.25,0.21,0.28,,2022-05-21 02:00:00
2022-05-22,2,2022,0.29,0.36,0.27,-0.44,-0.23,-0.22,-0.3,,2022-05-22 02:00:00
2022-05-23,2,2022,-0.34,-0.44,-0.47,-1.22,-1.14,-1.06,-1.41,,2022-05-23 02:00:00
2022-05-24,2,2022,-0.62,-0.8,-0.79,-1.58,-1.57,-1.43,-1.92,Abnormally Dry,2022-05-24 02:00:00
2022-05-25,2,2022,-0.67,-0.87,-0.84,-1.58,-1.6,-1.45,-1.96,Abnormally Dry,2022-05-25 02:00:00
2022-05-26,2,2022,-0.78,-1.0,-0.96,-1.84,-1.85,-1.67,-2.26,Abnormally Dry,2022-05-26 02:00:00
2022-05-27,2,2022,-0.39,-0.49,-0.5,-1.3,-1.22,-1.11,-1.5,,2022-05-27 02:00:00
2022-05-28,2,2022,-0.5,-0.63,-0.63,-1.49,-1.42,-1.29,-1.75,Abnormally Dry,2022-05-28 02:00:00
2022-05-29,2,2022,0.05,0.08,0.02,-0.78,-0.58,-0.53,-0.73,,2022-05-29 02:00:00
2022-05-30,2,2022,-0.27,-0.31,-0.36,-1.1,-0.98,-0.91,-1.2,,2022-05-30 02:00:00
2022-05-31,2,2022,-0.75,-0.93,-0.93,-1.74,-1.72,-1.59,-2.11,Abnormally Dry,2022-05-31 02:00:00
2022-06-01,2,2022,-0.29,-0.32,-0.38,-1.17,-1.03,-0.97,-1.27,,2022-06-01 02:00:00
2022-06-02,2,2022,-0.36,-0.43,-0.46,-1.31,-1.19,-1.09,-1.47,,2022-06-02 02:00:00
2022-06-03,2,2022,0.6,0.89,0.69,-0.06,0.36,0.25,0.41,,2022-06-03 02:00:00
2022-06-04,2,2022,1.0,1.4,1.16,0.45,0.96,0.8,1.13,,2022-06-04 02:00:00
2022-06-05,2,2022,-0.72,-0.91,-0.9,-1.78,-1.76,-1.6,-2.15,Abnormally Dry,2022-06-05 02:00:00
2022-06-06,2,2022,-0.01,0.05,-0.04,-0.77,-0.56,-0.55,-0.7,,2022-06-06 02:00:00
2022-06-07,2,2022,0.97,1.34,1.13,0.35,0.85,0.72,0.99,,2022-06-07 02:00:00
2022-06-08,2,2022,-0.78,-0.99,-0.97,-1.79,-1.8,-1.64,-2.2,Abnormally Dry,2022-06-08 02:00:00
2022-06-09,2,2022,-0.15,-0.15,-0.22,-0.99,-0.83,-0.78,-1.02,,2022-06-09 02:00:00
2022-06-10,2,2022,-0.2,-0.22,-0.28,-0.96,-0.83,-0.79,-1.02,,2022-06-10 02:00:00
2022-06-11,2,2022,0.13,0.25,0.13,-0.64,-0.37,-0.38,-0.47,,2022-06-11 02:00:00
2022-06-12,2,2022,2.99,3.78,3.46,3.01,3.8,3.48,4.56,,2022-06-12 02:00:00
2022-06-13,2,2022,-0.13,-0.12,-0.21,-0.94,-0.77,-0.75,-0.96,,2022-06-13 02:00:00
2022-06-14,2,2022,-0.05,-0.02,-0.11,-0.93,-0.73,-0.7,-0.91,,2022-06-14 02:00:00
2022-06-15,2,2022,-0.35,-0.42,-0.46,-1.22,-1.12,-1.04,-1.37,,2022-06-15 02:00:00
2022-06-16,2,2022,1.69,2.18,1.92,1.35,1.91,1.7,2.28,,2022-06-16 02:00:00
2022-06-17,2,2022,0.06,0.11,0.01,-0.75,-0.54,-0.53,-0.68,,2022-06-17 02:00:00
2022-06-18,2,2022,5.01,5.32,5.31,5.67,5.85,5.75,6.0,,2022-06-18 02:00:00
2022-06-19,2,2022,-0.34,-0.41,-0.45,-1.24,-1.13,-1.05,-1.39,,2022-06-19 02:00:00
2022-06-20,2,2022,-0.51,-0.6,-0.63,-1.46,-1.36,-1.26,-1.67,Abnormally Dry,2022-06-20 02:00:00
2022-06-21,2,2022,-0.78,-0.88,-0.91,-1.89,-1.77,-1.65,-2.17,Abnormally Dry,2022-06-21 02:00:00
2022-06-22,2,2022,0.8,0.81,0.79,0.24,0.36,0.41,0.41,,2022-06-22 02:00:00
2022-06-23,2,2022,-0.78,-0.87,-0.91,-1.88,-1.75,-1.65,-2.15,Abnormally Dry,2022-06-23 02:00:00
2022-06-24,2,2022,-0.78,-0.85,-0.91,-1.83,-1.69,-1.61,-2.07,Abnormally Dry,2022-06-24 02:00:00
2022-06-25,2,2022,-0.27,-0.31,-0.36,-1.14,-1.01,-0.94,-1.24,,2022-06-25 02:00:00
2022-06-26,2,2022,-0.28,-0.33,-0.37,-1.26,-1.11,-1.02,-1.37,,2022-06-26 02:00:00
2022-06-27,2,2022,-0.4,-0.46,-0.5,-1.28,-1.17,-1.09,-1.43,,2022-06-27 02:00:00
2022-06-28,2,2022,-0.78,-0.84,-0.9,-1.79,-1.65,-1.57,-2.02,Abnormally Dry,2022-06-28 02:00:00
2022-06-29,2,2022,0.79,0.83,0.8,0.12,0.29,0.35,0.32,,2022-06-29 02:00:00
2022-06-30,2,2022,-0.78,-0.85,-0.91,-1.8,-1.67,-1.59,-2.04,Abnormally Dry,2022-06-30 02:00:00
2022-07-01,2,2022,1.19,1.24,1.24,0.71,0.86,0.92,1.01,,2022-07-01 02:00:00
2022-07-02,2,2022,-0.78,-0.85,-0.91,-1.8,-1.67,-1.59,-2.04,Abnormally Dry,2022-07-02 02:00:00
2022-07-03,2,2022,1.2,1.24,1.25,0.72,0.85,0.93,1.01,,2022-07-03 02:00:00
2022-07-04,2,2022,0.03,0.01,-0.03,-0.93,-0.75,-0.67,-0.94,,2022-07-04 02:00:00
2022-07-05,2,2022,-0.06,-0.1,-0.13,-0.91,-0.78,-0.69,-0.97,,2022-07-05 02:00:00
2022-07-06,2,2022,-0.78,-0.84,-0.91,-1.78,-1.64,-1.58,-2.01,Abnormally Dry,2022-07-06 02:00:00
2022-07-07,2,2022,1.56,1.6,1.64,1.17,1.29,1.38,1.53,,2022-07-07 02:00:00
2022-07-08,2,2022,-0.78,-0.83,-0.91,-1.73,-1.59,-1.54,-1.94,Abnormally Dry,2022-07-08 02:00:00
2022-07-09,2,2022,-0.78,-0.82,-0.91,-1.75,-1.6,-1.56,-1.96,Abnormally Dry,2022-07-09 02:00:00
2022-07-10,2,2022,0.76,0.77,0.77,0.16,0.29,0.37,0.33,,2022-07-10 02:00:00
2022-07-11,2,2022,-0.78,-0.82,-0.91,-1.79,-1.63,-1.58,-1.99,Abnormally Dry,2022-07-11 02:00:00
2022-07-12,2,2022,-0.52,-0.54,-0.62,-1.53,-1.35,-1.3,-1.66,Abnormally Dry,2022-07-12 02:00:00
2022-07-13,2,2022,1.82,1.88,1.92,1.46,1.59,1.68,1.9,,2022-07-13 02:00:00
2022-07-14,2,2022,-0.78,-0.81,-0.91,-1.8,-1.63,-1.59,-1.99,Abnormally Dry,2022-07-14 02:00:00
2022-07-15,2,2022,-0.42,-0.44,-0.52,-1.36,-1.19,-1.14,-1.46,,2022-07-15 02:00:00
2022-07-16,2,2022,-0.78,-0.8,-0.9,-1.78,-1.6,-1.56,-1.96,Abnormally Dry,2022-07-16 02:00:00
2022-07-17,2,2022,-0.34,-0.35,-0.43,-1.23,-1.07,-1.03,-1.31,,2022-07-17 02:00:00
2022-07-18,2,2022,0.07,0.07,0.02,-0.66,-0.51,-0.47,-0.65,,2022-07-18 02:00:00
2022-07-19,2,2022,-0.62,-0.64,-0.73,-1.65,-1.47,-1.42,-1.8,Abnormally Dry,2022-07-19 02:00:00
2022-07-20,2,2022,-0.68,-0.7,-0.79,-1.71,-1.52,-1.47,-1.87,Abnormally Dry,2022-07-20 02:00:00
2022-07-21,2,2022,-0.78,-0.8,-0.89,-1.82,-1.63,-1.58,-2.0,Abnormally Dry,2022-07-21 02:00:00
2022-07-22,2,2022,0.05,0.09,0.02,-0.68,-0.49,-0.46,-0.62,,2022-07-22 02:00:00
2022-07-23,2,2022,-0.55,-0.55,-0.64,-1.68,-1.46,-1.4,-1.79,Abnormally Dry,2022-07-23 02:00:00
2022-07-24,2,2022,-0.63,-0.64,-0.73,-1.65,-1.46,-1.41,-1.79,Abnormally Dry,2022-07-24 02:00:00
2022-07-25,2,2022,-0.78,-0.8,-0.89,-1.78,-1.6,-1.56,-1.96,Abnormally Dry,2022-07-25 02:00:00
2022-07-26,2,2022,0.04,0.11,0.02,-0.76,-0.53,-0.52,-0.67,,2022-07-26 02:00:00
2022-07-27,2,2022,-0.12,-0.09,-0.16,-1.03,-0.82,-0.77,-1.02,,2022-07-27 02:00:00
2022-07-28,2,2022,-0.09,-0.06,-0.13,-0.93,-0.73,-0.69,-0.91,,2022-07-28 02:00:00
2022-07-29,2,2022,0.94,1.07,1.01,0.42,0.65,0.66,0.76,,2022-07-29 02:00:00
2022-07-30,2,2022,-0.78,-0.82,-0.89,-1.84,-1.67,-1.6,-2.04,Abnormally Dry,2022-07-30 02:00:00
2022-07-31,2,2022,-0.78,-0.81,-0.89,-1.83,-1.65,-1.59,-2.02,Abnormally Dry,2022-07-31 02:00:00
2022-08-01,2,2022,-0.78,-0.81,-0.89,-1.85,-1.67,-1.61,-2.05,Abnormally Dry,2022-08-01 02:00:00
2022-08-02,2,2022,-0.45,-0.44,-0.52,-1.36,-1.17,-1.13,-1.44,,2022-08-02 02:00:00
2022-08-03,2,2022,-0.36,-0.32,-0.41,-1.26,-1.04,-1.01,-1.28,,2022-08-03 02:00:00
2022-08-04,2,2022,2.0,2.22,2.2,1.65,1.94,1.97,2.31,,2022-08-04 02:00:00
2022-08-05,2,2022,1.51,1.64,1.64,1.1,1.31,1.37,1.56,,2022-08-05 02:00:00
2022-08-06,2,2022,0.12,0.17,0.1,-0.68,-0.47,-0.43,-0.59,,2022-08-06 02:00:00
2022-08-07,2,2022,-0.78,-0.8,-0.89,-1.86,-1.67,-1.61,-2.04,Abnormally Dry,2022-08-07 02:00:00
2022-08-08,2,2022,-0.64,-0.63,-0.73,-1.66,-1.45,-1.41,-1.78,Abnormally Dry,2022-08-08 02:00:00
2022-08-09,2,2022,-0.78,-0.77,-0.88,-1.88,-1.65,-1.61,-2.02,Abnormally Dry,2022-08-09 02:00:00
2022-08-10,2,2022,-0.35,-0.32,-0.41,-1.24,-1.03,-1.0,-1.28,,2022-08-10 02:00:00
2022-08-11,2,2022,1.91,2.01,2.08,1.62,1.78,1.89,2.12,,2022-08-11 02:00:00
2022-08-12,2,2022,-0.75,-0.75,-0.85,-1.79,-1.59,-1.55,-1.94,Abnormally Dry,2022-08-12 02:00:00
2022-08-13,2,2022,5.27,4.73,5.4,5.82,5.17,5.77,6.0,,2022-08-13 02:00:00
2022-08-14,2,2022,-0.78,-0.72,-0.85,-1.8,-1.53,-1.53,-1.88,Abnormally Dry,2022-08-14 02:00:00
2022-08-15,2,2022,0.11,0.09,0.07,-0.65,-0.52,-0.44,-0.66,,2022-08-15 02:00:00
2022-08-16,2,2022,0.38,0.33,0.35,-0.35,-0.26,-0.14,-0.34,,2022-08-16 02:00:00
2022-08-17,2,2022,-0.42,-0.4,-0.49,-1.41,-1.19,-1.15,-1.47,,2022-08-17 02:00:00
2022-08-18,2,2022,-0.08,-0.09,-0.12,-0.98,-0.81,-0.72,-1.01,,2022-08-18 02:00:00
2022-08-19,2,2022,-0.78,-0.71,-0.85,-1.87,-1.58,-1.58,-1.94,Abnormally Dry,2022-08-19 02:00:00
2022-08-20,2,2022,2.54,2.2,2.57,2.29,2.0,2.4,2.39,,2022-08-20 02:00:00
2022-08-21,2,2022,-0.68,-0.62,-0.75,-1.71,-1.45,-1.44,-1.78,Abnormally Dry,2022-08-21 02:00:00
2022-08-22,2,2022,0.22,0.15,0.18,-0.55,-0.46,-0.33,-0.59,,2022-08-22 02:00:00
2022-08-23,2,2022,-0.46,-0.44,-0.52,-1.43,-1.21,-1.16,-1.49,,2022-08-23 02:00:00
2022-08-24,2,2022,-0.28,-0.29,-0.34,-1.27,-1.08,-1.0,-1.33,,2022-08-24 02:00:00
2022-08-25,2,2022,-0.62,-0.58,-0.69,-1.64,-1.4,-1.37,-1.72,Abnormally Dry,2022-08-25 02:00:00
2022-08-26,2,2022,-0.78,-0.72,-0.84,-1.79,-1.53,-1.51,-1.87,Abnormally Dry,2022-08-26 02:00:00
2022-08-27,2,2022,-0.71,-0.65,-0.77,-1.71,-1.45,-1.44,-1.78,Abnormally Dry,2022-08-27 02:00:00
2022-08-28,2,2022,-0.78,-0.7,-0.84,-1.92,-1.61,-1.6,-1.98,Abnormally Dry,2022-08-28 02:00:00
2022-08-29,2,2022,-0.25,-0.24,-0.29,-1.14,-0.96,-0.89,-1.18,,2022-08-29 02:00:00
2022-08-30,2,2022,-0.35,-0.33,-0.39,-1.3,-1.09,-1.02,-1.35,,2022-08-30 02:00:00
2022-08-31,2,2022,2.91,2.4,2.94,2.83,2.34,2.89,2.8,,2022-08-31 02:00:00
2022-09-01,2,2022,-0.14,-0.17,-0.19,-1.1,-0.94,-0.83,-1.17,,2022-09-01 02:00:00
2022-09-02,2,2022,-0.78,-0.69,-0.83,-1.84,-1.54,-1.54,-1.89,Abnormally Dry,2022-09-02 02:00:00
2022-09-03,2,2022,-0.78,-0.69,-0.83,-1.81,-1.51,-1.52,-1.86,Abnormally Dry,2022-09-03 02:00:00
2022-09-04,2,2022,-0.78,-0.68,-0.83,-1.84,-1.53,-1.54,-1.88,Abnormally Dry,2022-09-04 02:00:00
2022-09-05,2,2022,-0.78,-0.67,-0.83,-1.88,-1.55,-1.56,-1.9,Abnormally Dry,2022-09-05 02:00:00
2022-09-06,2,2022,0.86,0.7,0.86,0.26,0.22,0.46,0.24,,2022-09-06 02:00:00
2022-09-07,2,2022,-0.62,-0.55,-0.67,-1.62,-1.35,-1.34,-1.66,Abnormally Dry,2022-09-07 02:00:00
2022-09-08,2,2022,-0.63,-0.55,-0.68,-1.64,-1.36,-1.35,-1.67,Abnormally Dry,2022-09-08 02:00:00
2022-09-09,2,2022,1.07,0.88,1.08,0.51,0.43,0.71,0.49,,2022-09-09 02:00:00
2022-09-10,2,2022,3.2,2.64,3.2,3.2,2.64,3.2,3.17,,2022-09-10 02:00:00
2022-09-11,2,2022,-0.78,-0.67,-0.83,-1.79,-1.48,-1.5,-1.81,Abnormally Dry,2022-09-11 02:00:00
2022-09-12,2,2022,-0.74,-0.63,-0.78,-1.8,-1.48,-1.49,-1.82,Abnormally Dry,2022-09-12 02:00:00
2022-09-13,2,2022,0.45,0.35,0.42,-0.3,-0.25,-0.08,-0.33,,2022-09-13 02:00:00
2022-09-14,2,2022,-0.78,-0.65,-0.82,-1.86,-1.52,-1.54,-1.86,Abnormally Dry,2022-09-14 02:00:00
2022-09-15,2,2022,-0.78,-0.64,-0.82,-1.84,-1.49,-1.53,-1.83,Abnormally Dry,2022-09-15 02:00:00
2022-09-16,2,2022,-0.63,-0.52,-0.67,-1.67,-1.36,-1.37,-1.67,Abnormally Dry,2022-09-16 02:00:00
2022-09-17,2,2022,0.63,0.64,0.61,-0.08,0.07,0.14,0.06,,2022-09-17 02:00:00
2022-09-18,2,2022,1.03,0.99,1.02,0.42,0.5,0.61,0.58,,2022-09-18 02:00:00
2022-09-19,2,2022,-0.3,-0.25,-0.34,-1.29,-1.04,-1.0,-1.29,,2022-09-19 02:00:00
2022-09-20,2,2022,-0.78,-0.67,-0.82,-1.93,-1.59,-1.59,-1.95,Abnormally Dry,2022-09-20 02:00:00
2022-09-21,2,2022,0.85,0.82,0.83,0.22,0.32,0.41,0.36,,2022-09-21 02:00:00
2022-09-22,2,2022,0.64,0.62,0.62,-0.08,0.04,0.14,0.02,,2022-09-22 02:00:00
2022-09-23,2,2022,-0.78,-0.69,-0.83,-1.98,-1.65,-1.63,-2.03,Abnormally Dry,2022-09-23 02:00:00
2022-09-24,2,2022,-0.78,-0.69,-0.82,-1.84,-1.54,-1.52,-1.88,Abnormally Dry,2022-09-24 02:00:00
2022-09-25,2,2022,-0.78,-0.68,-0.82,-1.94,-1.61,-1.59,-1.98,Abnormally Dry,2022-09-25 02:00:00
2022-09-26,2,2022,-0.32,-0.26,-0.35,-1.33,-1.07,-1.03,-1.32,,2022-09-26 02:00:00
2022-09-27,2,2022,0.16,0.18,0.14,-0.7,-0.51,-0.43,-0.64,,2022-09-27 02:00:00
2022-09-28,2,2022,2.39,2.17,2.41,2.19,2.01,2.28,2.4,,2022-09-28 02:00:00
2022-09-29,2,2022,3.48,2.99,3.43,3.53,3.03,3.46,3.64,,2022-09-29 02:00:00
2022-09-30,2,2022,-0.78,-0.69,-0.82,-1.85,-1.55,-1.53,-1.9,Abnormally Dry,2022-09-30 02:00:00
2022-10-01,2,2022,-0.63,-0.54,-0.67,-1.74,-1.43,-1.41,-1.76,Abnormally Dry,2022-10-01 02:00:00
2022-10-02,2,2022,-0.44,-0.38,-0.48,-1.41,-1.16,-1.13,-1.43,,2022-10-02 02:00:00
2022-10-03,2,2022,-0.78,-0.66,-0.81,-1.82,-1.49,-1.5,-1.83,Abnormally Dry,2022-10-03 02:00:00
2022-10-04,2,2022,0.83,0.71,0.79,0.19,0.2,0.36,0.21,,2022-10-04 02:00:00
2022-10-05,2,2022,-0.77,-0.65,-0.81,-1.99,-1.62,-1.62,-2.0,Abnormally Dry,2022-10-05 02:00:00
2022-10-06,2,2022,-0.39,-0.33,-0.43,-1.41,-1.15,-1.11,-1.42,,2022-10-06 02:00:00
2022-10-07,2,2022,-0.78,-0.66,-0.81,-1.79,-1.47,-1.48,-1.8,Abnormally Dry,2022-10-07 02:00:00
2022-10-08,2,2022,-0.78,-0.65,-0.81,-1.82,-1.48,-1.5,-1.82,Abnormally Dry,2022-10-08 02:00:00
2022-10-09,2,2022,-0.78,-0.65,-0.81,-1.89,-1.54,-1.55,-1.89,Abnormally Dry,2022-10-09 02:00:00
2022-10-10,2,2022,-0.78,-0.65,-0.81,-1.84,-1.5,-1.52,-1.84,Abnormally Dry,2022-10-10 02:00:00
2022-10-11,2,2022,-0.78,-0.63,-0.8,-1.9,-1.53,-1.55,-1.88,Abnormally Dry,2022-10-11 02:00:00
2022-10-12,2,2022,-0.2,-0.12,-0.22,-1.1,-0.84,-0.82,-1.04,,2022-10-12 02:00:00
2022-10-13,2,2022,-0.53,-0.42,-0.56,-1.52,-1.22,-1.22,-1.5,Abnormally Dry,2022-10-13 02:00:00
2022-10-14,2,2022,-0.78,-0.63,-0.8,-1.93,-1.55,-1.57,-1.9,Abnormally Dry,2022-10-14 02:00:00
2022-10-15,2,2022,0.9,0.84,0.9,0.18,0.26,0.42,0.29,,2022-10-15 02:00:00
2022-10-16,2,2022,-0.78,-0.63,-0.8,-1.86,-1.49,-1.52,-1.84,Abnormally Dry,2022-10-16 02:00:00
2022-10-17,2,2022,0.25,0.26,0.24,-0.54,-0.38,-0.29,-0.48,,2022-10-17 02:00:00
2022-10-18,2,2022,-0.35,-0.27,-0.37,-1.29,-1.02,-1.0,-1.27,,2022-10-18 02:00:00
2022-10-19,2,2022,-0.56,-0.46,-0.58,-1.62,-1.31,-1.28,-1.61,Abnormally Dry,2022-10-19 02:00:00
2022-10-20,2,2022,-0.16,-0.11,-0.18,-1.06,-0.83,-0.78,-1.03,,2022-10-20 02:00:00
2022-10-21,2,2022,-0.06,-0.02,-0.07,-1.02,-0.79,-0.71,-0.98,,2022-10-21 02:00:00
2022-10-22,2,2022,-0.78,-0.65,-0.8,-1.92,-1.57,-1.56,-1.92,Abnormally Dry,2022-10-22 02:00:00
2022-10-23,2,2022,0.34,0.33,0.34,-0.46,-0.31,-0.19,-0.4,,2022-10-23 02:00:00
2022-10-24,2,2022,-0.54,-0.45,-0.56,-1.65,-1.34,-1.3,-1.65,Abnormally Dry,2022-10-24 02:00:00
2022-10-25,2,2022,-0.78,-0.65,-0.8,-1.91,-1.55,-1.55,-1.91,Abnormally Dry,2022-10-25 02:00:00
2022-10-26,2,2022,-0.78,-0.64,-0.8,-1.92,-1.55,-1.56,-1.91,Abnormally Dry,2022-10-26 02:00:00
2022-10-27,2,2022,-0.72,-0.58,-0.74,-1.85,-1.49,-1.5,-1.83,Abnormally Dry,2022-10-27 02:00:00
2022-10-28,2,2022,0.4,0.4,0.41,-0.34,-0.19,-0.08,-0.26,,2022-10-28 02:00:00
2022-10-29,2,2022,-0.44,-0.35,-0.45,-1.53,-1.23,-1.18,-1.51,,2022-10-29 02:00:00
2022-10-30,2,2022,-0.73,-0.61,-0.75,-1.88,-1.53,-1.52,-1.88,Abnormally Dry,2022-10-30 02:00:00
2022-10-31,2,2022,0.51,0.48,0.53,-0.25,-0.13,0.02,-0.18,,2022-10-31 02:00:00
2022-11-01,2,2022,-0.21,-0.16,-0.22,-1.13,-0.9,-0.84,-1.11,,2022-11-01 02:00:00
2022-11-02,2,2022,-0.2,-0.13,-0.21,-1.21,-0.94,-0.88,-1.17,,2022-11-02 02:00:00
2022-11-03,2,2022,-0.09,-0.01,-0.1,-1.01,-0.75,-0.71,-0.93,,2022-11-03 02:00:00
2022-11-04,2,2022,-0.5,-0.38,-0.52,-1.56,-1.23,-1.23,-1.52,Abnormally Dry,2022-11-04 02:00:00
2022-11-05,2,2022,-0.0,0.07,-0.0,-0.88,-0.64,-0.59,-0.8,,2022-11-05 02:00:00
2022-11-06,2,2022,1.76,1.63,1.82,1.31,1.27,1.52,1.51,,2022-11-06 02:00:00
2022-11-07,2,2022,-0.78,-0.65,-0.8,-1.9,-1.55,-1.55,-1.9,Abnormally Dry,2022-11-07 02:00:00
2022-11-08,2,2022,4.07,3.42,4.1,4.31,3.61,4.26,4.34,,2022-11-08 02:00:00
2022-11-09,2,2022,-0.61,-0.49,-0.63,-1.75,-1.4,-1.39,-1.73,Abnormally Dry,2022-11-09 02:00:00
2022-11-10,2,2022,-0.73,-0.59,-0.74,-1.78,-1.43,-1.44,-1.76,Abnormally Dry,2022-11-10 02:00:00
2022-11-11,2,2022,0.17,0.25,0.16,-0.72,-0.47,-0.44,-0.59,,2022-11-11 02:00:00
2022-11-12,2,2022,-0.71,-0.61,-0.73,-1.85,-1.52,-1.49,-1.87,Abnormally Dry,2022-11-12 02:00:00
2022-11-13,2,2022,-0.32,-0.23,-0.33,-1.36,-1.06,-1.03,-1.32,,2022-11-13 02:00:00
2022-11-14,2,2022,-0.72,-0.6,-0.73,-1.9,-1.54,-1.52,-1.9,Abnormally Dry,2022-11-14 02:00:00
2022-11-15,2,2022,2.05,2.01,2.06,1.63,1.67,1.78,1.99,,2022-11-15 02:00:00
2022-11-16,2,2022,0.52,0.55,0.51,-0.22,-0.05,0.01,-0.08,,2022-11-16 02:00:00
2022-11-17,2,2022,-0.73,-0.62,-0.75,-1.91,-1.57,-1.54,-1.93,Abnormally Dry,2022-11-17 02:00:00
2022-11-18,2,2022,-0.78,-0.66,-0.79,-1.97,-1.61,-1.58,-1.98,Abnormally Dry,2022-11-18 02:00:00
2022-11-19,2,2022,-0.07,0.03,-0.08,-1.05,-0.75,-0.73,-0.94,,2022-11-19 02:00:00
2022-11-20,2,2022,-0.19,-0.08,-0.19,-1.14,-0.84,-0.82,-1.04,,2022-11-20 02:00:00
2022-11-21,2,2022,-0.78,-0.66,-0.79,-1.92,-1.57,-1.55,-1.93,Abnormally Dry,2022-11-21 02:00:00
2022-11-22,2,2022,-0.78,-0.65,-0.79,-1.86,-1.52,-1.51,-1.86,Abnormally Dry,2022-11-22 02:00:00
2022-11-23,2,2022,1.08,1.14,1.1,0.41,0.61,0.66,0.7,,2022-11-23 02:00:00
2022-11-24,2,2022,2.76,2.62,2.76,2.65,2.53,2.69,3.03,,2022-11-24 02:00:00
2022-11-25,2,2022,-0.78,-0.67,-0.79,-1.95,-1.61,-1.57,-1.97,Abnormally Dry,2022-11-25 02:00:00
2022-11-26,2,2022,-0.03,0.01,-0.04,-0.91,-0.69,-0.63,-0.87,,2022-11-26 02:00:00
2022-11-27,2,2022,-0.64,-0.55,-0.65,-1.73,-1.42,-1.38,-1.75,Abnormally Dry,2022-11-27 02:00:00
2022-11-28,2,2022,-0.48,-0.4,-0.49,-1.54,-1.25,-1.2,-1.54,,2022-11-28 02:00:00
2022-11-29,2,2022,-0.5,-0.4,-0.51,-1.52,-1.21,-1.19,-1.5,Abnormally Dry,2022-11-29 02:00:00
2022-11-30,2,2022,-0.78,-0.66,-0.79,-1.78,-1.46,-1.46,-1.79,Abnormally Dry,2022-11-30 02:00:00
2022-12-01,2,2022,0.02,0.1,0.02,-0.85,-0.6,-0.56,-0.75,,2022-12-01 02:00:00
2022-12-02,2,2022,0.4,0.46,0.4,-0.43,-0.2,-0.15,-0.28,,2022-12-02 02:00:00
2022-12-03,2,2022,-0.78,-0.69,-0.79,-1.96,-1.64,-1.58,-2.01,Abnormally Dry,2022-12-03 02:00:00
2022-12-04,2,2022,-0.78,-0.69,-0.79,-1.99,-1.66,-1.59,-2.04,Abnormally Dry,2022-12-04 02:00:00
2022-12-05,2,2022,-0.78,-0.67,-0.79,-1.93,-1.59,-1.55,-1.95,Abnormally Dry,2022-12-05 02:00:00
2022-12-06,2,2022,-0.48,-0.38,-0.48,-1.48,-1.18,-1.15,-1.46,,2022-12-06 02:00:00
2022-12-07,2,2022,-0.51,-0.41,-0.51,-1.55,-1.24,-1.2,-1.53,Abnormally Dry,2022-12-07 02:00:00
2022-12-08,2,2022,-0.76,-0.64,-0.76,-1.92,-1.57,-1.54,-1.93,Abnormally Dry,2022-12-08 02:00:00
2022-12-09,2,2022,-0.78,-0.65,-0.78,-1.87,-1.52,-1.51,-1.87,Abnormally Dry,2022-12-09 02:00:00
2022-12-10,2,2022,-0.71,-0.59,-0.71,-1.84,-1.49,-1.46,-1.84,Abnormally Dry,2022-12-10 02:00:00
2022-12-11,2,2022,-0.67,-0.55,-0.67,-1.75,-1.42,-1.39,-1.74,Abnormally Dry,2022-12-11 02:00:00
2022-12-12,2,2022,-0.78,-0.64,-0.78,-1.95,-1.58,-1.56,-1.94,Abnormally Dry,2022-12-12 02:00:00
2022-12-13,2,2022,1.94,2.13,1.98,1.56,1.83,1.73,2.18,,2022-12-13 02:00:00
2022-12-14,2,2022,-0.62,-0.5,-0.62,-1.75,-1.41,-1.37,-1.73,Abnormally Dry,2022-12-14 02:00:00
2022-12-15,2,2022,-0.19,-0.07,-0.18,-1.2,-0.88,-0.85,-1.09,,2022-12-15 02:00:00
2022-12-16,2,2022,3.83,3.72,3.84,3.9,3.77,3.88,4.53,,2022-12-16 02:00:00
2022-12-17,2,2022,-0.78,-0.63,-0.77,-1.93,-1.55,-1.54,-1.9,Abnormally Dry,2022-12-17 02:00:00
2022-12-18,2,2022,0.77,0.83,0.78,0.06,0.26,0.31,0.29,,2022-12-18 02:00:00
2022-12-19,2,2022,-0.78,-0.64,-0.77,-1.97,-1.6,-1.57,-1.96,Abnormally Dry,2022-12-19 02:00:00
2022-12-20,2,2022,-0.78,-0.62,-0.77,-1.91,-1.52,-1.52,-1.88,Abnormally Dry,2022-12-20 02:00:00
2022-12-21,2,2022,-0.32,-0.18,-0.32,-1.37,-1.02,-1.02,-1.26,,2022-12-21 02:00:00
2022-12-22,2,2022,0.25,0.35,0.25,-0.58,-0.32,-0.31,-0.41,,2022-12-22 02:00:00
2022-12-23,2,2022,0.04,0.14,0.05,-0.9,-0.61,-0.58,-0.77,,2022-12-23 02:00:00
2022-12-24,2,2022,-0.06,0.04,-0.06,-1.03,-0.74,-0.71,-0.92,,2022-12-24 02:00:00
2022-12-25,2,2022,-0.41,-0.3,-0.41,-1.59,-1.24,-1.19,-1.54,,2022-12-25 02:00:00
2022-12-26,2,2022,2.6,2.47,2.6,2.4,2.31,2.46,2.76,,2022-12-26 02:00:00
2022-12-27,2,2022,-0.59,-0.46,-0.59,-1.69,-1.34,-1.32,-1.65,Abnormally Dry,2022-12-27 02:00:00
2022-12-28,2,2022,-0.55,-0.4,-0.55,-1.56,-1.21,-1.23,-1.49,Abnormally Dry,2022-12-28 02:00:00
2022-12-29,2,2022,-0.78,-0.63,-0.77,-1.98,-1.59,-1.57,-1.96,Abnormally Dry,2022-12-29 02:00:00
2022-12-30,2,2022,2.34,2.43,2.33,2.07,2.21,2.15,2.65,,2022-12-30 02:00:00
2022-12-31,2,2022,-0.12,-0.01,-0.12,-1.04,-0.75,-0.73,-0.93,,2022-12-31 02:00:00
2020-01-02,3,2020,0.2,,,-0.41,,,,,2020-01-02 02:00:00
2020-01-03,3,2020,-0.74,-0.71,-0.71,-1.64,-1.43,-1.31,-1.75,Abnormally Dry,2020-01-03 02:00:00
2020-01-04,3,2020,1.58,1.06,1.06,1.54,1.03,1.03,1.23,,2020-01-04 02:00:00
2020-01-05,3,2020,0.83,0.37,0.37,0.5,0.1,0.15,0.11,,2020-01-05 02:00:00
2020-01-06,3,2020,-0.19,-0.59,-0.59,-0.92,-1.17,-1.07,-1.43,,2020-01-06 02:00:00
2020-01-07,3,2020,0.94,0.6,0.6,0.59,0.32,0.37,0.37,,2020-01-07 02:00:00
2020-01-08,3,2020,-0.64,-1.06,-1.06,-1.46,-1.72,-1.61,-2.1,Abnormally Dry,2020-01-08 02:00:00
2020-01-09,3,2020,0.05,-0.25,-0.25,-0.65,-0.81,-0.72,-1.0,,2020-01-09 02:00:00
2020-01-10,3,2020,-0.31,-0.64,-0.64,-1.07,-1.25,-1.15,-1.53,,2020-01-10 02:00:00
2020-01-11,3,2020,-0.04,-0.27,-0.27,-0.66,-0.77,-0.68,-0.95,,2020-01-11 02:00:00
2020-01-12,3,2020,-0.03,-0.25,-0.25,-0.72,-0.8,-0.71,-0.99,,2020-01-12 02:00:00
2020-01-13,3,2020,-0.73,-1.12,-1.12,-1.66,-1.86,-1.74,-2.27,Abnormally Dry,2020-01-13 02:00:00
2020-01-14,3,2020,-0.4,-0.63,-0.63,-1.16,-1.24,-1.14,-1.52,,2020-01-14 02:00:00
2020-01-15,3,2020,1.43,1.68,1.68,1.13,1.44,1.48,1.72,,2020-01-15 02:00:00
2020-01-16,3,2020,1.3,1.36,1.36,1.09,1.19,1.22,1.42,,2020-01-16 02:00:00
2020-01-17,3,2020,0.65,0.52,0.52,0.23,0.18,0.24,0.2,,2020-01-17 02:00:00
2020-01-18,3,2020,1.77,1.71,1.71,1.72,1.67,1.68,2.01,,2020-01-18 02:00:00
2020-01-19,3,2020,-0.16,-0.57,-0.57,-0.93,-1.19,-1.08,-1.46,,2020-01-19 02:00:00
2020-01-20,3,2020,0.14,-0.2,-0.2,-0.52,-0.72,-0.64,-0.9,,2020-01-20 02:00:00
2020-01-21,3,2020,-0.57,-1.03,-1.03,-1.45,-1.74,-1.62,-2.12,Abnormally Dry,2020-01-21 02:00:00
2020-01-22,3,2020,0.96,0.85,0.85,0.64,0.59,0.64,0.7,,2020-01-22 02:00:00
2020-01-23,3,2020,0.64,0.43,0.43,0.15,0.04,0.1,0.02,,2020-01-23 02:00:00
2020-01-24,3,2020,-0.77,-1.29,-1.29,-1.74,-2.06,-1.94,-2.52,Abnormally Dry,2020-01-24 02:00:00
2020-01-25,3,2020,-0.17,-0.52,-0.52,-0.82,-1.04,-0.96,-1.28,,2020-01-25 02:00:00
2020-01-26,3,2020,2.78,2.65,2.65,2.93,2.77,2.75,3.33,,2020-01-26 02:00:00
2020-01-27,3,2020,-0.7,-1.08,-1.08,-1.59,-1.79,-1.67,-2.18,Abnormally Dry,2020-01-27 02:00:00
2020-01-28,3,2020,0.02,-0.3,-0.3,-0.68,-0.86,-0.77,-1.06,,2020-01-28 02:00:00
2020-01-29,3,2020,-0.07,-0.38,-0.38,-0.76,-0.93,-0.84,-1.14,,2020-01-29 02:00:00
2020-01-30,3,2020,-0.37,-0.7,-0.7,-1.2,-1.36,-1.25,-1.67,,2020-01-30 02:00:00
2020-01-31,3,2020,2.4,2.17,2.17,2.58,2.31,2.29,2.78,,2020-01-31 02:00:00
2020-02-01,3,2020,-0.15,-0.49,-0.49,-0.89,-1.08,-0.98,-1.33,,2020-02-01 02:00:00
2020-02-02,3,2020,-0.32,-0.66,-0.66,-1.09,-1.28,-1.18,-1.57,,2020-02-02 02:00:00
2020-02-03,3,2020,0.8,0.53,0.53,0.39,0.2,0.25,0.22,,2020-02-03 02:00:00
2020-02-04,3,2020,-0.77,-1.13,-1.13,-1.71,-1.88,-1.76,-2.3,Abnormally Dry,2020-02-04 02:00:00
2020-02-05,3,2020,-0.77,-1.09,-1.09,-1.67,-1.81,-1.69,-2.21,Abnormally Dry,2020-02-05 02:00:00
2020-02-06,3,2020,-0.27,-0.54,-0.54,-1.04,-1.15,-1.05,-1.41,,2020-02-06 02:00:00
2020-02-07,3,2020,-0.04,-0.29,-0.29,-0.73,-0.84,-0.75,-1.04,,2020-02-07 02:00:00
2020-02-08,3,2020,-0.77,-1.06,-1.06,-1.78,-1.87,-1.73,-2.28,Abnormally Dry,2020-02-08 02:00:00
2020-02-09,3,2020,1.07,0.93,0.93,0.67,0.61,0.66,0.71,,2020-02-09 02:00:00
2020-02-10,3,2020,-0.77,-1.06,-1.06,-1.65,-1.77,-1.65,-2.16,Abnormally Dry,2020-02-10 02:00:00
2020-02-11,3,2020,-0.5,-0.75,-0.75,-1.3,-1.39,-1.29,-1.7,Abnormally Dry,2020-02-11 02:00:00
2020-02-12,3,2020,-0.71,-0.96,-0.96,-1.68,-1.74,-1.61,-2.12,Abnormally Dry,2020-02-12 02:00:00
2020-02-13,3,2020,-0.41,-0.61,-0.61,-1.23,-1.26,-1.16,-1.55,,2020-02-13 02:00:00
2020-02-14,3,2020,2.03,1.97,1.97,1.95,1.91,1.92,2.29,,2020-02-14 02:00:00
2020-02-15,3,2020,-0.04,-0.23,-0.23,-0.75,-0.8,-0.7,-0.98,,2020-02-15 02:00:00
2020-02-16,3,2020,-0.61,-0.84,-0.84,-1.44,-1.51,-1.4,-1.84,Abnormally Dry,2020-02-16 02:00:00
2020-02-17,3,2020,-0.77,-0.99,-0.99,-1.71,-1.74,-1.62,-2.13,Abnormally Dry,2020-02-17 02:00:00
2020-02-18,3,2020,-0.22,-0.39,-0.39,-1.08,-1.08,-0.97,-1.33,,2020-02-18 02:00:00
2020-02-19,3,2020,-0.1,-0.25,-0.25,-0.85,-0.85,-0.75,-1.05,,2020-02-19 02:00:00
2020-02-20,3,2020,1.34,1.3,1.3,1.08,1.09,1.13,1.3,,2020-02-20 02:00:00
2020-02-21,3,2020,0.61,0.49,0.49,0.1,0.08,0.15,0.08,,2020-02-21 02:00:00
2020-02-22,3,2020,-0.77,-1.02,-1.02,-1.75,-1.81,-1.68,-2.21,Abnormally Dry,2020-02-22 02:00:00
2020-02-23,3,2020,-0.71,-0.93,-0.93,-1.59,-1.63,-1.52,-2.0,Abnormally Dry,2020-02-23 02:00:00
2020-02-24,3,2020,-0.33,-0.5,-0.5,-1.12,-1.13,-1.03,-1.39,,2020-02-24 02:00:00
2020-02-25,3,2020,-0.73,-0.93,-0.93,-1.74,-1.74,-1.61,-2.13,Abnormally Dry,2020-02-25 02:00:00
2020-02-26,3,2020,2.54,2.53,2.53,2.71,2.66,2.64,3.2,,2020-02-26 02:00:00
2020-02-27,3,2020,-0.74,-0.93,-0.93,-1.63,-1.64,-1.52,-2.01,Abnormally Dry,2020-02-27 02:00:00
2020-02-28,3,2020,-0.77,-0.94,-0.94,-1.76,-1.74,-1.6,-2.12,Abnormally Dry,2020-02-28 02:00:00
2020-02-29,3,2020,-0.61,-0.76,-0.76,-1.46,-1.44,-1.33,-1.77,Abnormally Dry,2020-02-29 02:00:00
2020-03-01,3,2020,0.2,0.1,0.1,-0.42,-0.4,-0.31,-0.5,,2020-03-01 02:00:00
2020-03-02,3,2020,1.98,1.93,1.93,1.89,1.86,1.87,2.23,,2020-03-02 02:00:00
2020-03-03,3,2020,0.8,0.69,0.69,0.34,0.32,0.38,0.37,,2020-03-03 02:00:00
2020-03-04,3,2020,-0.54,-0.71,-0.71,-1.41,-1.4,-1.29,-1.72,Abnormally Dry,2020-03-04 02:00:00
2020-03-05,3,2020,-0.38,-0.54,-0.54,-1.16,-1.17,-1.06,-1.43,,2020-03-05 02:00:00
2020-03-06,3,2020,-0.77,-0.94,-0.94,-1.8,-1.76,-1.62,-2.16,Abnormally Dry,2020-03-06 02:00:00
2020-03-07,3,2020,-0.77,-0.93,-0.93,-1.75,-1.71,-1.58,-2.1,Abnormally Dry,2020-03-07 02:00:00
2020-03-08,3,2020,-0.73,-0.87,-0.87,-1.6,-1.57,-1.45,-1.92,Abnormally Dry,2020-03-08 02:00:00
2020-03-09,3,2020,-0.54,-0.67,-0.67,-1.47,-1.42,-1.29,-1.74,Abnormally Dry,2020-03-09 02:00:00
2020-03-10,3,2020,0.45,0.39,0.39,-0.1,-0.05,0.03,-0.08,,2020-03-10 02:00:00
2020-03-11,3,2020,-0.58,-0.71,-0.71,-1.44,-1.4,-1.29,-1.72,Abnormally Dry,2020-03-11 02:00:00
2020-03-12,3,2020,-0.54,-0.66,-0.66,-1.47,-1.41,-1.28,-1.73,Abnormally Dry,2020-03-12 02:00:00
2020-03-13,3,2020,0.18,0.12,0.12,-0.36,-0.31,-0.24,-0.39,,2020-03-13 02:00:00
2020-03-14,3,2020,-0.77,-0.91,-0.91,-1.77,-1.71,-1.58,-2.09,Abnormally Dry,2020-03-14 02:00:00
2020-03-15,3,2020,1.04,1.06,1.06,0.6,0.71,0.77,0.84,,2020-03-15 02:00:00
2020-03-16,3,2020,-0.25,-0.35,-0.35,-1.07,-1.01,-0.9,-1.24,,2020-03-16 02:00:00
2020-03-17,3,2020,-0.26,-0.36,-0.36,-1.05,-0.99,-0.88,-1.22,,2020-03-17 02:00:00
2020-03-18,3,2020,-0.57,-0.69,-0.69,-1.48,-1.41,-1.29,-1.73,Abnormally Dry,2020-03-18 02:00:00
2020-03-19,3,2020,-0.34,-0.44,-0.44,-1.08,-1.03,-0.93,-1.26,,2020-03-19 02:00:00
2020-03-20,3,2020,1.29,1.36,1.36,1.05,1.17,1.2,1.39,,2020-03-20 02:00:00
2020-03-21,3,2020,-0.77,-0.92,-0.92,-1.74,-1.7,-1.57,-2.07,Abnormally Dry,2020-03-21 02:00:00
2020-03-22,3,2020,-0.06,-0.13,-0.13,-0.81,-0.73,-0.63,-0.91,,2020-03-22 02:00:00
2020-03-23,3,2020,0.14,0.09,0.09,-0.55,-0.46,-0.37,-0.58,,2020-03-23 02:00:00
2020-03-24,3,2020,-0.34,-0.45,-0.45,-1.15,-1.1,-0.99,-1.35,,2020-03-24 02:00:00
2020-03-25,3,2020,-0.07,-0.14,-0.14,-0.83,-0.75,-0.65,-0.93,,2020-03-25 02:00:00
2020-03-26,3,2020,-0.65,-0.79,-0.79,-1.58,-1.53,-1.41,-1.87,Abnormally Dry,2020-03-26 02:00:00
2020-03-27,3,2020,0.04,0.0,0.0,-0.67,-0.57,-0.48,-0.71,,2020-03-27 02:00:00
2020-03-28,3,2020,-0.24,-0.32,-0.32,-1.05,-0.97,-0.86,-1.19,,2020-03-28 02:00:00
2020-03-29,3,2020,-0.68,-0.81,-0.81,-1.63,-1.57,-1.44,-1.92,Abnormally Dry,2020-03-29 02:00:00
2020-03-30,3,2020,-0.2,-0.27,-0.27,-0.96,-0.87,-0.77,-1.08,,2020-03-30 02:00:00
2020-03-31,3,2020,1.08,1.2,1.2,0.69,0.89,0.94,1.05,,2020-03-31 02:00:00
2020-04-01,3,2020,-0.23,-0.31,-0.31,-0.97,-0.9,-0.8,-1.11,,2020-04-01 02:00:00
2020-04-02,3,2020,0.31,0.31,0.32,-0.29,-0.17,-0.08,-0.22,,2020-04-02 02:00:00
2020-04-03,3,2020,0.17,0.17,0.16,-0.48,-0.35,-0.28,-0.45,,2020-04-03 02:00:00
2020-04-04,3,2020,-0.45,-0.55,-0.57,-1.33,-1.26,-1.16,-1.54,,2020-04-04 02:00:00
2020-04-05,3,2020,0.31,0.34,0.32,-0.33,-0.17,-0.1,-0.23,,2020-04-05 02:00:00
2020-04-06,3,2020,0.52,0.6,0.56,-0.13,0.08,0.13,0.07,,2020-04-06 02:00:00
2020-04-07,3,2020,2.11,2.39,2.38,2.08,2.36,2.36,2.84,,2020-04-07 02:00:00
2020-04-08,3,2020,-0.66,-0.8,-0.83,-1.59,-1.54,-1.45,-1.89,Abnormally Dry,2020-04-08 02:00:00
2020-04-09,3,2020,-0.59,-0.72,-0.75,-1.55,-1.49,-1.39,-1.82,Abnormally Dry,2020-04-09 02:00:00
2020-04-10,3,2020,-0.09,-0.15,-0.16,-0.87,-0.77,-0.68,-0.96,,2020-04-10 02:00:00
2020-04-11,3,2020,-0.76,-0.9,-0.94,-1.8,-1.73,-1.63,-2.12,Abnormally Dry,2020-04-11 02:00:00
2020-04-12,3,2020,-0.77,-0.91,-0.94,-1.77,-1.71,-1.6,-2.09,Abnormally Dry,2020-04-12 02:00:00
2020-04-13,3,2020,-0.77,-0.9,-0.93,-1.85,-1.76,-1.65,-2.16,Abnormally Dry,2020-04-13 02:00:00
2020-04-14,3,2020,-0.7,-0.81,-0.84,-1.6,-1.53,-1.44,-1.88,Abnormally Dry,2020-04-14 02:00:00
2020-04-15,3,2020,-0.75,-0.85,-0.9,-1.69,-1.6,-1.52,-1.96,Abnormally Dry,2020-04-15 02:00:00
2020-04-16,3,2020,-0.17,-0.16,-0.21,-0.88,-0.73,-0.68,-0.9,,2020-04-16 02:00:00
2020-04-17,3,2020,-0.72,-0.79,-0.86,-1.66,-1.54,-1.49,-1.89,Abnormally Dry,2020-04-17 02:00:00
2020-04-18,3,2020,3.25,3.61,3.58,3.55,3.85,3.78,4.63,,2020-04-18 02:00:00
2020-04-19,3,2020,-0.77,-0.81,-0.88,-1.8,-1.64,-1.57,-2.01,Abnormally Dry,2020-04-19 02:00:00
2020-04-20,3,2020,0.51,0.58,0.54,-0.09,0.1,0.14,0.1,,2020-04-20 02:00:00
2020-04-21,3,2020,-0.46,-0.47,-0.55,-1.43,-1.24,-1.19,-1.53,,2020-04-21 02:00:00
2020-04-22,3,2020,-0.3,-0.28,-0.36,-1.06,-0.89,-0.87,-1.1,,2020-04-22 02:00:00
2020-04-23,3,2020,-0.77,-0.8,-0.88,-1.74,-1.57,-1.52,-1.93,Abnormally Dry,2020-04-23 02:00:00
2020-04-24,3,2020,-0.46,-0.45,-0.53,-1.35,-1.16,-1.12,-1.43,,2020-04-24 02:00:00
2020-04-25,3,2020,1.34,1.63,1.48,1.03,1.38,1.27,1.64,,2020-04-25 02:00:00
2020-04-26,3,2020,0.13,0.22,0.12,-0.61,-0.37,-0.37,-0.48,,2020-04-26 02:00:00
2020-04-27,3,2020,0.59,0.73,0.63,0.05,0.3,0.27,0.34,,2020-04-27 02:00:00
2020-04-28,3,2020,-0.77,-0.81,-0.89,-1.74,-1.58,-1.53,-1.94,Abnormally Dry,2020-04-28 02:00:00
2020-04-29,3,2020,5.46,5.22,5.33,6.46,6.02,6.0,6.0,,2020-04-29 02:00:00
2020-04-30,3,2020,-0.21,-0.18,-0.27,-1.0,-0.81,-0.8,-1.01,,2020-04-30 02:00:00
2020-05-01,3,2020,-0.72,-0.68,-0.78,-1.64,-1.41,-1.39,-1.73,Abnormally Dry,2020-05-01 02:00:00
2020-05-02,3,2020,-0.57,-0.53,-0.62,-1.51,-1.28,-1.25,-1.58,Abnormally Dry,2020-05-02 02:00:00
2020-05-03,3,2020,1.45,1.44,1.38,1.15,1.2,1.18,1.43,,2020-05-03 02:00:00
2020-05-04,3,2020,1.94,1.85,1.83,1.87,1.8,1.78,2.15,,2020-05-04 02:00:00
2020-05-05,3,2020,-0.56,-0.55,-0.63,-1.47,-1.28,-1.24,-1.57,Abnormally Dry,2020-05-05 02:00:00
2020-05-06,3,2020,-0.77,-0.74,-0.83,-1.78,-1.54,-1.5,-1.89,Abnormally Dry,2020-05-06 02:00:00
2020-05-07,3,2020,-0.17,-0.17,-0.24,-1.05,-0.88,-0.83,-1.09,,2020-05-07 02:00:00
2020-05-08,3,2020,-0.77,-0.74,-0.82,-1.86,-1.61,-1.55,-1.98,Abnormally Dry,2020-05-08 02:00:00
2020-05-09,3,2020,-0.62,-0.58,-0.67,-1.59,-1.35,-1.31,-1.66,Abnormally Dry,2020-05-09 02:00:00
2020-05-10,3,2020,0.57,0.55,0.51,0.05,0.13,0.16,0.14,,2020-05-10 02:00:00
2020-05-11,3,2020,0.65,0.62,0.59,0.12,0.2,0.24,0.22,,2020-05-11 02:00:00
2020-05-12,3,2020,0.14,0.11,0.08,-0.56,-0.45,-0.39,-0.57,,2020-05-12 02:00:00
2020-05-13,3,2020,-0.77,-0.76,-0.83,-1.83,-1.61,-1.54,-1.97,Abnormally Dry,2020-05-13 02:00:00
2020-05-14,3,2020,-0.77,-0.74,-0.83,-1.77,-1.54,-1.5,-1.89,Abnormally Dry,2020-05-14 02:00:00
2020-05-15,3,2020,-0.07,-0.06,-0.13,-0.84,-0.68,-0.65,-0.85,,2020-05-15 02:00:00
2020-05-16,3,2020,-0.57,-0.55,-0.63,-1.53,-1.32,-1.27,-1.62,Abnormally Dry,2020-05-16 02:00:00
2020-05-17,3,2020,-0.43,-0.41,-0.48,-1.29,-1.1,-1.05,-1.35,,2020-05-17 02:00:00
2020-05-18,3,2020,-0.73,-0.7,-0.78,-1.71,-1.48,-1.43,-1.82,Abnormally Dry,2020-05-18 02:00:00
2020-05-19,3,2020,0.19,0.2,0.16,-0.49,-0.34,-0.29,-0.44,,2020-05-19 02:00:00
2020-05-20,3,2020,-0.77,-0.72,-0.82,-1.73,-1.48,-1.46,-1.82,Abnormally Dry,2020-05-20 02:00:00
2020-05-21,3,2020,2.7,2.58,2.65,2.77,2.64,2.7,3.17,,2020-05-21 02:00:00
2020-05-22,3,2020,1.06,1.0,1.0,0.65,0.67,0.73,0.79,,2020-05-22 02:00:00
2020-05-23,3,2020,-0.71,-0.68,-0.77,-1.74,-1.51,-1.46,-1.85,Abnormally Dry,2020-05-23 02:00:00
2020-05-24,3,2020,-0.6,-0.57,-0.65,-1.56,-1.34,-1.29,-1.64,Abnormally Dry,2020-05-24 02:00:00
2020-05-25,3,2020,5.71,4.64,5.11,6.84,5.55,5.87,6.0,,2020-05-25 02:00:00
2020-05-26,3,2020,0.92,0.73,0.76,0.45,0.35,0.44,0.4,,2020-05-26 02:00:00
2020-05-27,3,2020,-0.47,-0.44,-0.51,-1.43,-1.21,-1.15,-1.49,,2020-05-27 02:00:00
2020-05-28,3,2020,-0.56,-0.52,-0.59,-1.49,-1.26,-1.21,-1.55,Abnormally Dry,2020-05-28 02:00:00
2020-05-29,3,2020,0.32,0.21,0.22,-0.3,-0.29,-0.2,-0.37,,2020-05-29 02:00:00
2020-05-30,3,2020,-0.16,-0.19,-0.22,-0.99,-0.85,-0.77,-1.06,,2020-05-30 02:00:00
2020-05-31,3,2020,-0.4,-0.38,-0.44,-1.35,-1.14,-1.07,-1.4,,2020-05-31 02:00:00
2020-06-01,3,2020,-0.73,-0.64,-0.74,-1.73,-1.44,-1.41,-1.77,Abnormally Dry,2020-06-01 02:00:00
2020-06-02,3,2020,-0.74,-0.66,-0.75,-1.71,-1.44,-1.4,-1.77,Abnormally Dry,2020-06-02 02:00:00
2020-06-03,3,2020,-0.77,-0.67,-0.77,-1.91,-1.58,-1.53,-1.94,Abnormally Dry,2020-06-03 02:00:00
2020-06-04,3,2020,-0.15,-0.15,-0.2,-0.93,-0.77,-0.72,-0.96,,2020-06-04 02:00:00
2020-06-05,3,2020,-0.77,-0.68,-0.77,-1.83,-1.53,-1.48,-1.88,Abnormally Dry,2020-06-05 02:00:00
2020-06-06,3,2020,1.19,0.98,1.04,0.86,0.72,0.82,0.85,,2020-06-06 02:00:00
2020-06-07,3,2020,0.06,0.01,-0.0,-0.66,-0.57,-0.48,-0.71,,2020-06-07 02:00:00
2020-06-08,3,2020,-0.77,-0.69,-0.78,-1.73,-1.46,-1.42,-1.79,Abnormally Dry,2020-06-08 02:00:00
2020-06-09,3,2020,1.64,1.34,1.47,1.39,1.14,1.3,1.36,,2020-06-09 02:00:00
2020-06-10,3,2020,-0.74,-0.68,-0.75,-1.89,-1.6,-1.52,-1.97,Abnormally Dry,2020-06-10 02:00:00
2020-06-11,3,2020,0.29,0.19,0.21,-0.33,-0.31,-0.2,-0.39,,2020-06-11 02:00:00
2020-06-12,3,2020,2.72,2.16,2.43,2.82,2.24,2.49,2.69,,2020-06-12 02:00:00
2020-06-13,3,2020,1.21,0.91,1.03,0.81,0.59,0.77,0.7,,2020-06-13 02:00:00
2020-06-14,3,2020,-0.71,-0.66,-0.73,-1.63,-1.4,-1.34,-1.71,Abnormally Dry,2020-06-14 02:00:00
2020-06-15,3,2020,-0.46,-0.46,-0.5,-1.34,-1.16,-1.09,-1.43,,2020-06-15 02:00:00
2020-06-16,3,2020,0.62,0.42,0.5,-0.05,-0.12,0.05,-0.17,,2020-06-16 02:00:00
2020-06-17,3,2020,1.43,1.07,1.24,1.1,0.81,1.02,0.96,,2020-06-17 02:00:00
2020-06-18,3,2020,1.06,0.76,0.89,0.6,0.39,0.58,0.45,,2020-06-18 02:00:00
2020-06-19,3,2020,1.95,1.46,1.7,1.76,1.31,1.58,1.56,,2020-06-19 02:00:00
2020-06-20,3,2020,0.04,-0.09,-0.06,-0.63,-0.62,-0.51,-0.78,,2020-06-20 02:00:00
2020-06-21,3,2020,-0.77,-0.74,-0.81,-1.77,-1.54,-1.47,-1.88,Abnormally Dry,2020-06-21 02:00:00
2020-06-22,3,2020,0.69,0.43,0.54,0.13,-0.02,0.17,-0.04,,2020-06-22 02:00:00
2020-06-23,3,2020,-0.19,-0.28,-0.27,-0.94,-0.88,-0.77,-1.08,,2020-06-23 02:00:00
2020-06-24,3,2020,-0.77,-0.75,-0.81,-1.81,-1.58,-1.5,-1.94,Abnormally Dry,2020-06-24 02:00:00
2020-06-25,3,2020,2.08,1.51,1.81,1.92,1.38,1.7,1.65,,2020-06-25 02:00:00
2020-06-26,3,2020,-0.77,-0.75,-0.81,-1.78,-1.56,-1.48,-1.91,Abnormally Dry,2020-06-26 02:00:00
2020-06-27,3,2020,-0.48,-0.52,-0.54,-1.38,-1.24,-1.14,-1.52,,2020-06-27 02:00:00
2020-06-28,3,2020,-0.49,-0.53,-0.55,-1.4,-1.26,-1.16,-1.54,,2020-06-28 02:00:00
2020-06-29,3,2020,0.05,-0.09,-0.05,-0.65,-0.65,-0.52,-0.81,,2020-06-29 02:00:00
2020-06-30,3,2020,-0.77,-0.74,-0.81,-1.82,-1.58,-1.51,-1.94,Abnormally Dry,2020-06-30 02:00:00
2020-07-01,3,2020,-0.59,-0.59,-0.64,-1.52,-1.33,-1.26,-1.63,Abnormally Dry,2020-07-01 02:00:00
2020-07-02,3,2020,-0.07,-0.17,-0.15,-0.86,-0.8,-0.68,-0.99,,2020-07-02 02:00:00
2020-07-03,3,2020,-0.32,-0.37,-0.39,-1.22,-1.09,-0.99,-1.35,,2020-07-03 02:00:00
2020-07-04,3,2020,0.68,0.42,0.56,0.12,-0.03,0.18,-0.06,,2020-07-04 02:00:00
2020-07-05,3,2020,1.87,1.34,1.66,1.69,1.2,1.54,1.43,,2020-07-05 02:00:00
2020-07-06,3,2020,0.37,0.18,0.25,-0.27,-0.33,-0.18,-0.42,,2020-07-06 02:00:00
2020-07-07,3,2020,-0.5,-0.52,-0.56,-1.44,-1.27,-1.18,-1.56,Abnormally Dry,2020-07-07 02:00:00
2020-07-08,3,2020,-0.65,-0.63,-0.7,-1.67,-1.45,-1.38,-1.78,Abnormally Dry,2020-07-08 02:00:00
2020-07-09,3,2020,-0.59,-0.58,-0.64,-1.58,-1.38,-1.3,-1.69,Abnormally Dry,2020-07-09 02:00:00
2020-07-10,3,2020,-0.52,-0.53,-0.58,-1.5,-1.31,-1.23,-1.61,Abnormally Dry,2020-07-10 02:00:00
2020-07-11,3,2020,0.75,0.47,0.62,0.25,0.07,0.28,0.06,,2020-07-11 02:00:00
2020-07-12,3,2020,0.08,-0.07,-0.01,-0.72,-0.71,-0.54,-0.89,,2020-07-12 02:00:00
2020-07-13,3,2020,-0.77,-0.75,-0.81,-1.8,-1.58,-1.5,-1.93,Abnormally Dry,2020-07-13 02:00:00
2020-07-14,3,2020,-0.77,-0.75,-0.81,-1.86,-1.62,-1.54,-1.99,Abnormally Dry,2020-07-14 02:00:00
2020-07-15,3,2020,-0.61,-0.62,-0.66,-1.69,-1.49,-1.38,-1.83,Abnormally Dry,2020-07-15 02:00:00
2020-07-16,3,2020,-0.11,-0.22,-0.18,-0.88,-0.84,-0.69,-1.03,,2020-07-16 02:00:00
2020-07-17,3,2020,-0.63,-0.62,-0.67,-1.57,-1.37,-1.3,-1.68,Abnormally Dry,2020-07-17 02:00:00
2020-07-18,3,2020,0.15,0.01,0.08,-0.56,-0.56,-0.4,-0.7,,2020-07-18 02:00:00
2020-07-19,3,2020,-0.77,-0.74,-0.81,-1.83,-1.58,-1.51,-1.94,Abnormally Dry,2020-07-19 02:00:00
2020-07-20,3,2020,-0.55,-0.56,-0.6,-1.58,-1.38,-1.28,-1.7,Abnormally Dry,2020-07-20 02:00:00
2020-07-21,3,2020,-0.71,-0.69,-0.75,-1.7,-1.48,-1.41,-1.82,Abnormally Dry,2020-07-21 02:00:00
2020-07-22,3,2020,-0.21,-0.27,-0.26,-1.11,-0.99,-0.86,-1.23,,2020-07-22 02:00:00
2020-07-23,3,2020,0.0,-0.1,-0.06,-0.8,-0.74,-0.59,-0.92,,2020-07-23 02:00:00
2020-07-24,3,2020,0.19,0.07,0.13,-0.48,-0.47,-0.32,-0.59,,2020-07-24 02:00:00
2020-07-25,3,2020,0.95,0.69,0.86,0.44,0.28,0.52,0.32,,2020-07-25 02:00:00
2020-07-26,3,2020,-0.77,-0.73,-0.81,-1.81,-1.56,-1.5,-1.92,Abnormally Dry,2020-07-26 02:00:00
2020-07-27,3,2020,-0.74,-0.71,-0.78,-1.77,-1.53,-1.47,-1.88,Abnormally Dry,2020-07-27 02:00:00
2020-07-28,3,2020,-0.58,-0.58,-0.62,-1.57,-1.38,-1.28,-1.69,Abnormally Dry,2020-07-28 02:00:00
2020-07-29,3,2020,1.8,1.61,1.68,1.65,1.49,1.58,1.78,,2020-07-29 02:00:00
2020-07-30,3,2020,-0.77,-0.77,-0.8,-1.86,-1.64,-1.53,-2.02,Abnormally Dry,2020-07-30 02:00:00
2020-07-31,3,2020,-0.74,-0.75,-0.77,-1.85,-1.64,-1.51,-2.01,Abnormally Dry,2020-07-31 02:00:00
2020-08-01,3,2020,0.54,0.46,0.47,-0.11,-0.06,0.04,-0.09,,2020-08-01 02:00:00
2020-08-02,3,2020,-0.24,-0.25,-0.29,-1.12,-0.96,-0.88,-1.18,,2020-08-02 02:00:00
2020-08-03,3,2020,-0.27,-0.28,-0.31,-1.15,-0.98,-0.9,-1.21,,2020-08-03 02:00:00
2020-08-04,3,2020,-0.72,-0.72,-0.75,-1.71,-1.51,-1.41,-1.85,Abnormally Dry,2020-08-04 02:00:00
2020-08-05,3,2020,-0.76,-0.75,-0.79,-1.84,-1.62,-1.51,-1.98,Abnormally Dry,2020-08-05 02:00:00
2020-08-06,3,2020,-0.6,-0.6,-0.63,-1.56,-1.37,-1.27,-1.68,Abnormally Dry,2020-08-06 02:00:00
2020-08-07,3,2020,-0.77,-0.76,-0.79,-1.86,-1.63,-1.52,-2.01,Abnormally Dry,2020-08-07 02:00:00
2020-08-08,3,2020,-0.75,-0.72,-0.77,-1.78,-1.54,-1.46,-1.89,Abnormally Dry,2020-08-08 02:00:00
2020-08-09,3,2020,-0.77,-0.73,-0.79,-1.87,-1.61,-1.53,-1.98,Abnormally Dry,2020-08-09 02:00:00
2020-08-10,3,2020,0.87,0.82,0.81,0.31,0.37,0.44,0.42,,2020-08-10 02:00:00
2020-08-11,3,2020,-0.63,-0.6,-0.65,-1.7,-1.45,-1.36,-1.79,Abnormally Dry,2020-08-11 02:00:00
2020-08-12,3,2020,-0.23,-0.22,-0.26,-1.15,-0.95,-0.87,-1.18,,2020-08-12 02:00:00
2020-08-13,3,2020,-0.28,-0.27,-0.31,-1.19,-1.0,-0.92,-1.24,,2020-08-13 02:00:00
2020-08-14,3,2020,-0.68,-0.65,-0.7,-1.64,-1.41,-1.34,-1.74,Abnormally Dry,2020-08-14 02:00:00
2020-08-15,3,2020,-0.15,-0.15,-0.17,-0.97,-0.81,-0.72,-1.0,,2020-08-15 02:00:00
2020-08-16,3,2020,-0.56,-0.54,-0.58,-1.58,-1.36,-1.26,-1.67,Abnormally Dry,2020-08-16 02:00:00
2020-08-17,3,2020,-0.35,-0.34,-0.38,-1.29,-1.09,-1.0,-1.34,,2020-08-17 02:00:00
2020-08-18,3,2020,3.03,2.72,2.92,3.2,2.86,3.03,3.43,,2020-08-18 02:00:00
2020-08-19,3,2020,0.05,0.03,0.02,-0.8,-0.65,-0.55,-0.81,,2020-08-19 02:00:00
2020-08-20,3,2020,-0.27,-0.26,-0.3,-1.18,-0.99,-0.91,-1.23,,2020-08-20 02:00:00
2020-08-21,3,2020,-0.77,-0.73,-0.79,-1.83,-1.58,-1.5,-1.93,Abnormally Dry,2020-08-21 02:00:00
2020-08-22,3,2020,-0.77,-0.73,-0.79,-1.87,-1.61,-1.52,-1.98,Abnormally Dry,2020-08-22 02:00:00
2020-08-23,3,2020,-0.47,-0.47,-0.49,-1.41,-1.22,-1.12,-1.51,,2020-08-23 02:00:00
2020-08-24,3,2020,-0.18,-0.12,-0.2,-1.0,-0.78,-0.75,-0.97,,2020-08-24 02:00:00
2020-08-25,3,2020,0.98,1.21,0.94,0.54,0.86,0.65,1.01,,2020-08-25 02:00:00
2020-08-26,3,2020,-0.77,-0.81,-0.79,-1.86,-1.68,-1.51,-2.06,Abnormally Dry,2020-08-26 02:00:00
2020-08-27,3,2020,-0.61,-0.61,-0.63,-1.64,-1.43,-1.31,-1.76,Abnormally Dry,2020-08-27 02:00:00
2020-08-28,3,2020,0.7,0.88,0.67,0.02,0.33,0.21,0.37,,2020-08-28 02:00:00
2020-08-29,3,2020,-0.35,-0.32,-0.37,-1.19,-0.99,-0.93,-1.22,,2020-08-29 02:00:00
2020-08-30,3,2020,-0.62,-0.63,-0.64,-1.65,-1.45,-1.33,-1.79,Abnormally Dry,2020-08-30 02:00:00
2020-08-31,3,2020,-0.77,-0.81,-0.78,-1.86,-1.68,-1.51,-2.06,Abnormally Dry,2020-08-31 02:00:00
2020-09-01,3,2020,0.65,0.81,0.63,0.13,0.39,0.28,0.45,,2020-09-01 02:00:00
2020-09-02,3,2020,-0.77,-0.82,-0.79,-1.91,-1.73,-1.55,-2.12,Abnormally Dry,2020-09-02 02:00:00
2020-09-03,3,2020,-0.76,-0.81,-0.78,-1.83,-1.67,-1.49,-2.04,Abnormally Dry,2020-09-03 02:00:00
2020-09-04,3,2020,-0.77,-0.8,-0.78,-1.88,-1.69,-1.52,-2.07,Abnormally Dry,2020-09-04 02:00:00
2020-09-05,3,2020,-0.11,-0.04,-0.13,-0.98,-0.73,-0.71,-0.92,,2020-09-05 02:00:00
2020-09-06,3,2020,-0.18,-0.12,-0.19,-1.19,-0.92,-0.86,-1.15,,2020-09-06 02:00:00
2020-09-07,3,2020,-0.77,-0.79,-0.78,-1.84,-1.64,-1.49,-2.02,Abnormally Dry,2020-09-07 02:00:00
2020-09-08,3,2020,1.27,1.57,1.25,0.84,1.22,0.96,1.45,,2020-09-08 02:00:00
2020-09-09,3,2020,-0.68,-0.69,-0.69,-1.81,-1.59,-1.44,-1.95,Abnormally Dry,2020-09-09 02:00:00
2020-09-10,3,2020,-0.3,-0.22,-0.31,-1.26,-0.99,-0.95,-1.23,,2020-09-10 02:00:00
2020-09-11,3,2020,-0.67,-0.66,-0.68,-1.7,-1.48,-1.36,-1.82,Abnormally Dry,2020-09-11 02:00:00
2020-09-12,3,2020,0.86,1.24,0.86,0.3,0.79,0.49,0.93,,2020-09-12 02:00:00
2020-09-13,3,2020,-0.68,-0.69,-0.69,-1.66,-1.47,-1.34,-1.81,Abnormally Dry,2020-09-13 02:00:00
2020-09-14,3,2020,-0.34,-0.26,-0.35,-1.33,-1.06,-1.01,-1.31,,2020-09-14 02:00:00
2020-09-15,3,2020,-0.77,-0.78,-0.78,-1.8,-1.6,-1.46,-1.96,Abnormally Dry,2020-09-15 02:00:00
2020-09-16,3,2020,-0.36,-0.23,-0.36,-1.32,-1.0,-1.0,-1.24,,2020-09-16 02:00:00
2020-09-17,3,2020,-0.75,-0.73,-0.75,-1.89,-1.64,-1.51,-2.01,Abnormally Dry,2020-09-17 02:00:00
2020-09-18,3,2020,-0.46,-0.33,-0.46,-1.49,-1.15,-1.15,-1.43,,2020-09-18 02:00:00
2020-09-19,3,2020,-0.77,-0.75,-0.77,-1.86,-1.62,-1.5,-1.99,Abnormally Dry,2020-09-19 02:00:00
2020-09-20,3,2020,0.65,1.17,0.66,0.03,0.67,0.25,0.79,,2020-09-20 02:00:00
2020-09-21,3,2020,-0.77,-0.74,-0.78,-1.9,-1.64,-1.53,-2.02,Abnormally Dry,2020-09-21 02:00:00
2020-09-22,3,2020,0.48,0.93,0.49,-0.2,0.39,0.04,0.44,,2020-09-22 02:00:00
2020-09-23,3,2020,0.33,0.8,0.34,-0.34,0.26,-0.11,0.29,,2020-09-23 02:00:00
2020-09-24,3,2020,-0.77,-0.77,-0.78,-1.92,-1.69,-1.55,-2.07,Abnormally Dry,2020-09-24 02:00:00
2020-09-25,3,2020,-0.74,-0.73,-0.75,-1.83,-1.6,-1.48,-1.97,Abnormally Dry,2020-09-25 02:00:00
2020-09-26,3,2020,-0.64,-0.58,-0.64,-1.74,-1.46,-1.38,-1.8,Abnormally Dry,2020-09-26 02:00:00
2020-09-27,3,2020,0.98,1.68,1.01,0.41,1.22,0.63,1.45,,2020-09-27 02:00:00
2020-09-28,3,2020,-0.77,-0.77,-0.78,-1.87,-1.65,-1.51,-2.02,Abnormally Dry,2020-09-28 02:00:00
2020-09-29,3,2020,1.02,1.69,1.05,0.46,1.24,0.68,1.47,,2020-09-29 02:00:00
2020-09-30,3,2020,-0.66,-0.62,-0.67,-1.76,-1.5,-1.4,-1.84,Abnormally Dry,2020-09-30 02:00:00
2020-10-01,3,2020,1.91,2.75,1.94,1.74,2.62,1.83,3.13,,2020-10-01 02:00:00
2020-10-02,3,2020,-0.76,-0.73,-0.77,-1.88,-1.62,-1.51,-1.99,Abnormally Dry,2020-10-02 02:00:00
2020-10-03,3,2020,-0.28,-0.07,-0.28,-1.19,-0.8,-0.88,-0.99,,2020-10-03 02:00:00
2020-10-04,3,2020,-0.62,-0.53,-0.62,-1.72,-1.41,-1.35,-1.74,Abnormally Dry,2020-10-04 02:00:00
2020-10-05,3,2020,1.12,1.82,1.15,0.63,1.42,0.82,1.69,,2020-10-05 02:00:00
2020-10-06,3,2020,-0.77,-0.75,-0.78,-1.83,-1.6,-1.49,-1.96,Abnormally Dry,2020-10-06 02:00:00
2020-10-07,3,2020,-0.05,0.23,-0.04,-1.02,-0.54,-0.69,-0.69,,2020-10-07 02:00:00
2020-10-08,3,2020,-0.77,-0.75,-0.78,-1.83,-1.6,-1.49,-1.96,Abnormally Dry,2020-10-08 02:00:00
2020-10-09,3,2020,-0.62,-0.53,-0.62,-1.57,-1.29,-1.25,-1.58,Abnormally Dry,2020-10-09 02:00:00
2020-10-10,3,2020,-0.77,-0.72,-0.77,-1.9,-1.62,-1.52,-1.99,Abnormally Dry,2020-10-10 02:00:00
2020-10-11,3,2020,0.14,0.5,0.15,-0.6,-0.09,-0.34,-0.14,,2020-10-11 02:00:00
2020-10-12,3,2020,-0.66,-0.59,-0.66,-1.83,-1.52,-1.44,-1.88,Abnormally Dry,2020-10-12 02:00:00
2020-10-13,3,2020,0.83,1.4,0.86,0.33,1.0,0.52,1.18,,2020-10-13 02:00:00
2020-10-14,3,2020,0.85,1.4,0.88,0.25,0.92,0.48,1.08,,2020-10-14 02:00:00
2020-10-15,3,2020,-0.17,0.04,-0.16,-1.18,-0.77,-0.83,-0.96,,2020-10-15 02:00:00
2020-10-16,3,2020,-0.77,-0.75,-0.78,-1.88,-1.64,-1.52,-2.01,Abnormally Dry,2020-10-16 02:00:00
2020-10-17,3,2020,0.22,0.56,0.24,-0.65,-0.14,-0.34,-0.2,,2020-10-17 02:00:00
2020-10-18,3,2020,1.08,1.66,1.12,0.61,1.28,0.81,1.52,,2020-10-18 02:00:00
2020-10-19,3,2020,3.15,3.94,3.19,3.29,4.05,3.28,4.87,,2020-10-19 02:00:00
2020-10-20,3,2020,-0.0,0.16,-0.01,-0.93,-0.58,-0.63,-0.74,,2020-10-20 02:00:00
2020-10-21,3,2020,3.06,3.52,3.05,3.19,3.62,3.13,4.35,,2020-10-21 02:00:00
2020-10-22,3,2020,-0.55,-0.49,-0.56,-1.53,-1.28,-1.22,-1.57,Abnormally Dry,2020-10-22 02:00:00
2020-10-23,3,2020,-0.56,-0.49,-0.57,-1.65,-1.36,-1.3,-1.68,Abnormally Dry,2020-10-23 02:00:00
2020-10-24,3,2020,0.4,0.57,0.39,-0.37,-0.04,-0.12,-0.08,,2020-10-24 02:00:00
2020-10-25,3,2020,1.4,1.64,1.39,0.95,1.28,1.09,1.52,,2020-10-25 02:00:00
2020-10-26,3,2020,-0.45,-0.4,-0.46,-1.43,-1.19,-1.12,-1.46,,2020-10-26 02:00:00
2020-10-27,3,2020,-0.77,-0.74,-0.79,-1.86,-1.61,-1.52,-1.98,Abnormally Dry,2020-10-27 02:00:00
2020-10-28,3,2020,-0.77,-0.74,-0.78,-1.89,-1.63,-1.53,-2.01,Abnormally Dry,2020-10-28 02:00:00
2020-10-29,3,2020,-0.77,-0.74,-0.78,-1.96,-1.69,-1.57,-2.07,Abnormally Dry,2020-10-29 02:00:00
2020-10-30,3,2020,0.1,0.25,0.09,-0.81,-0.48,-0.52,-0.61,,2020-10-30 02:00:00
2020-10-31,3,2020,-0.57,-0.51,-0.58,-1.63,-1.36,-1.29,-1.67,Abnormally Dry,2020-10-31 02:00:00
2020-11-01,3,2020,0.32,0.49,0.32,-0.55,-0.2,-0.26,-0.28,,2020-11-01 02:00:00
2020-11-02,3,2020,0.83,1.05,0.84,0.26,0.6,0.46,0.69,,2020-11-02 02:00:00
2020-11-03,3,2020,-0.77,-0.76,-0.79,-1.95,-1.7,-1.57,-2.09,Abnormally Dry,2020-11-03 02:00:00
2020-11-04,3,2020,-0.77,-0.75,-0.78,-1.85,-1.61,-1.5,-1.98,Abnormally Dry,2020-11-04 02:00:00
2020-11-05,3,2020,-0.77,-0.75,-0.78,-1.9,-1.66,-1.54,-2.03,Abnormally Dry,2020-11-05 02:00:00
2020-11-06,3,2020,0.33,0.47,0.33,-0.35,-0.07,-0.12,-0.12,,2020-11-06 02:00:00
2020-11-07,3,2020,-0.77,-0.77,-0.78,-1.94,-1.71,-1.56,-2.1,Abnormally Dry,2020-11-07 02:00:00
2020-11-08,3,2020,-0.74,-0.72,-0.75,-1.81,-1.58,-1.46,-1.93,Abnormally Dry,2020-11-08 02:00:00
2020-11-09,3,2020,-0.77,-0.75,-0.78,-1.96,-1.7,-1.58,-2.09,Abnormally Dry,2020-11-09 02:00:00
2020-11-10,3,2020,1.16,1.4,1.18,0.64,0.99,0.84,1.16,,2020-11-10 02:00:00
2020-11-11,3,2020,-0.77,-0.75,-0.78,-1.93,-1.68,-1.55,-2.06,Abnormally Dry,2020-11-11 02:00:00
2020-11-12,3,2020,-0.16,-0.07,-0.15,-1.15,-0.86,-0.81,-1.07,,2020-11-12 02:00:00
2020-11-13,3,2020,2.92,3.14,2.94,2.96,3.17,2.96,3.8,,2020-11-13 02:00:00
2020-11-14,3,2020,0.79,0.87,0.79,0.22,0.42,0.41,0.48,,2020-11-14 02:00:00
2020-11-15,3,2020,-0.77,-0.76,-0.78,-1.83,-1.61,-1.48,-1.97,Abnormally Dry,2020-11-15 02:00:00
2020-11-16,3,2020,-0.32,-0.26,-0.32,-1.29,-1.04,-0.97,-1.28,,2020-11-16 02:00:00
2020-11-17,3,2020,-0.57,-0.53,-0.58,-1.64,-1.38,-1.29,-1.7,Abnormally Dry,2020-11-17 02:00:00
2020-11-18,3,2020,-0.32,-0.25,-0.32,-1.24,-0.99,-0.93,-1.22,,2020-11-18 02:00:00
2020-11-19,3,2020,-0.58,-0.55,-0.59,-1.61,-1.37,-1.28,-1.69,Abnormally Dry,2020-11-19 02:00:00
2020-11-20,3,2020,-0.77,-0.76,-0.78,-1.86,-1.63,-1.5,-2.0,Abnormally Dry,2020-11-20 02:00:00
2020-11-21,3,2020,4.14,4.18,4.08,4.62,4.56,4.4,5.49,,2020-11-21 02:00:00
2020-11-22,3,2020,-0.77,-0.72,-0.77,-1.91,-1.63,-1.53,-2.0,Abnormally Dry,2020-11-22 02:00:00
2020-11-23,3,2020,-0.77,-0.7,-0.77,-2.02,-1.7,-1.61,-2.09,Abnormally Dry,2020-11-23 02:00:00
2020-11-24,3,2020,0.46,0.51,0.45,-0.31,-0.1,-0.06,-0.15,,2020-11-24 02:00:00
2020-11-25,3,2020,-0.42,-0.37,-0.43,-1.4,-1.15,-1.08,-1.42,,2020-11-25 02:00:00
2020-11-26,3,2020,-0.77,-0.71,-0.77,-1.82,-1.55,-1.47,-1.9,Abnormally Dry,2020-11-26 02:00:00
2020-11-27,3,2020,-0.41,-0.34,-0.41,-1.37,-1.11,-1.05,-1.37,,2020-11-27 02:00:00
2020-11-28,3,2020,-0.77,-0.7,-0.76,-1.83,-1.55,-1.47,-1.9,Abnormally Dry,2020-11-28 02:00:00
2020-11-29,3,2020,-0.64,-0.58,-0.64,-1.68,-1.41,-1.33,-1.73,Abnormally Dry,2020-11-29 02:00:00
2020-11-30,3,2020,-0.2,-0.13,-0.2,-1.23,-0.95,-0.89,-1.19,,2020-11-30 02:00:00
2020-12-01,3,2020,0.13,0.2,0.13,-0.58,-0.37,-0.34,-0.47,,2020-12-01 02:00:00
2020-12-02,3,2020,-0.18,-0.12,-0.18,-1.06,-0.83,-0.77,-1.03,,2020-12-02 02:00:00
2020-12-03,3,2020,0.75,0.8,0.75,0.06,0.24,0.29,0.27,,2020-12-03 02:00:00
2020-12-04,3,2020,-0.53,-0.49,-0.53,-1.56,-1.31,-1.21,-1.62,Abnormally Dry,2020-12-04 02:00:00
2020-12-05,3,2020,-0.31,-0.26,-0.31,-1.22,-0.99,-0.92,-1.22,,2020-12-05 02:00:00
2020-12-06,3,2020,0.65,0.7,0.66,-0.11,0.09,0.15,0.08,,2020-12-06 02:00:00
2020-12-07,3,2020,-0.77,-0.72,-0.77,-1.92,-1.64,-1.54,-2.02,Abnormally Dry,2020-12-07 02:00:00
2020-12-08,3,2020,-0.28,-0.23,-0.27,-1.2,-0.97,-0.89,-1.2,,2020-12-08 02:00:00
2020-12-09,3,2020,-0.49,-0.45,-0.49,-1.51,-1.27,-1.17,-1.56,,2020-12-09 02:00:00
2020-12-10,3,2020,-0.71,-0.67,-0.71,-1.83,-1.57,-1.46,-1.93,Abnormally Dry,2020-12-10 02:00:00
2020-12-11,3,2020,-0.03,0.03,-0.02,-0.94,-0.69,-0.62,-0.87,,2020-12-11 02:00:00
2020-12-12,3,2020,0.85,0.91,0.86,0.12,0.32,0.37,0.36,,2020-12-12 02:00:00
2020-12-13,3,2020,-0.73,-0.69,-0.73,-1.92,-1.64,-1.52,-2.02,Abnormally Dry,2020-12-13 02:00:00
2020-12-14,3,2020,0.13,0.18,0.14,-0.75,-0.52,-0.44,-0.66,,2020-12-14 02:00:00
2020-12-15,3,2020,-0.77,-0.74,-0.77,-1.81,-1.57,-1.46,-1.93,Abnormally Dry,2020-12-15 02:00:00
2020-12-16,3,2020,-0.77,-0.73,-0.77,-1.96,-1.68,-1.56,-2.07,Abnormally Dry,2020-12-16 02:00:00
2020-12-17,3,2020,2.44,2.41,2.46,2.34,2.33,2.39,2.79,,2020-12-17 02:00:00
2020-12-18,3,2020,3.18,2.95,3.16,3.37,3.11,3.29,3.73,,2020-12-18 02:00:00
2020-12-19,3,2020,-0.77,-0.73,-0.77,-1.87,-1.61,-1.51,-1.98,Abnormally Dry,2020-12-19 02:00:00
2020-12-20,3,2020,-0.77,-0.73,-0.76,-1.95,-1.67,-1.55,-2.05,Abnormally Dry,2020-12-20 02:00:00
2020-12-21,3,2020,-0.66,-0.61,-0.65,-1.73,-1.46,-1.36,-1.8,Abnormally Dry,2020-12-21 02:00:00
2020-12-22,3,2020,1.37,1.26,1.36,0.87,0.86,1.02,1.01,,2020-12-22 02:00:00
2020-12-23,3,2020,0.78,0.7,0.77,0.02,0.09,0.27,0.08,,2020-12-23 02:00:00
2020-12-24,3,2020,-0.58,-0.57,-0.58,-1.61,-1.39,-1.27,-1.71,Abnormally Dry,2020-12-24 02:00:00
2020-12-25,3,2020,-0.28,-0.3,-0.28,-1.21,-1.04,-0.9,-1.29,,2020-12-25 02:00:00
2020-12-26,3,2020,-0.44,-0.43,-0.44,-1.41,-1.21,-1.09,-1.49,,2020-12-26 02:00:00
2020-12-27,3,2020,-0.6,-0.58,-0.59,-1.67,-1.43,-1.3,-1.76,Abnormally Dry,2020-12-27 02:00:00
2020-12-28,3,2020,-0.64,-0.6,-0.63,-1.76,-1.5,-1.38,-1.84,Abnormally Dry,2020-12-28 02:00:00
2020-12-29,3,2020,1.04,0.95,1.04,0.44,0.47,0.64,0.54,,2020-12-29 02:00:00
2020-12-30,3,2020,1.19,1.11,1.19,0.69,0.71,0.86,0.84,,2020-12-30 02:00:00
2020-12-31,3,2020,-0.77,-0.74,-0.77,-1.97,-1.7,-1.57,-2.09,Abnormally Dry,2020-12-31 02:00:00
2021-01-01,3,2021,-0.52,,,-1.34,,,,Abnormally Dry,2021-01-01 02:00:00
2021-01-02,3,2021,-0.6,-0.71,-0.71,-1.47,-1.4,-1.29,-1.72,Abnormally Dry,2021-01-02 02:00:00
2021-01-03,3,2021,-0.42,1.02,1.02,-1.3,0.32,0.44,0.35,,2021-01-03 02:00:00
2021-01-04,3,2021,0.8,1.49,1.49,0.44,1.2,1.25,1.43,,2021-01-04 02:00:00
2021-01-05,3,2021,-0.57,-0.52,-0.52,-1.41,-1.19,-1.08,-1.46,Abnormally Dry,2021-01-05 02:00:00
2021-01-06,3,2021,-0.14,0.19,0.19,-0.84,-0.37,-0.28,-0.47,,2021-01-06 02:00:00
2021-01-07,3,2021,-0.08,0.28,0.28,-0.79,-0.29,-0.19,-0.37,,2021-01-07 02:00:00
2021-01-08,3,2021,0.03,0.46,0.46,-0.54,0.0,0.08,-0.02,,2021-01-08 02:00:00
2021-01-09,3,2021,0.25,0.85,0.85,-0.29,0.42,0.49,0.48,,2021-01-09 02:00:00
2021-01-10,3,2021,-0.68,-1.06,-1.06,-1.66,-1.84,-1.71,-2.25,Abnormally Dry,2021-01-10 02:00:00
2021-01-11,3,2021,-0.56,-0.74,-0.74,-1.41,-1.42,-1.3,-1.73,Abnormally Dry,2021-01-11 02:00:00
2021-01-12,3,2021,-0.37,-0.31,-0.31,-1.08,-0.88,-0.78,-1.08,,2021-01-12 02:00:00
2021-01-13,3,2021,2.16,2.82,2.82,2.34,2.97,2.94,3.57,,2021-01-13 02:00:00
2021-01-14,3,2021,0.22,0.33,0.33,-0.4,-0.17,-0.09,-0.23,,2021-01-14 02:00:00
2021-01-15,3,2021,-0.44,-0.51,-0.51,-1.27,-1.18,-1.06,-1.44,,2021-01-15 02:00:00
2021-01-16,3,2021,0.77,1.05,1.05,0.4,0.76,0.81,0.89,,2021-01-16 02:00:00
2021-01-17,3,2021,0.23,0.31,0.31,-0.43,-0.21,-0.13,-0.28,,2021-01-17 02:00:00
2021-01-18,3,2021,-0.61,-0.81,-0.81,-1.56,-1.57,-1.44,-1.92,Abnormally Dry,2021-01-18 02:00:00
2021-01-19,3,2021,0.2,0.31,0.31,-0.34,-0.12,-0.05,-0.17,,2021-01-19 02:00:00
2021-01-20,3,2021,0.57,0.8,0.8,0.06,0.39,0.46,0.45,,2021-01-20 02:00:00
2021-01-21,3,2021,2.19,2.52,2.52,2.31,2.62,2.6,3.15,,2021-01-21 02:00:00
2021-01-22,3,2021,-0.25,-0.43,-0.43,-0.96,-1.0,-0.9,-1.23,,2021-01-22 02:00:00
2021-01-23,3,2021,0.36,0.31,0.31,-0.17,-0.12,-0.05,-0.16,,2021-01-23 02:00:00
2021-01-24,3,2021,0.16,0.06,0.06,-0.37,-0.37,-0.3,-0.46,,2021-01-24 02:00:00
2021-01-25,3,2021,-0.22,-0.43,-0.43,-0.95,-1.01,-0.91,-1.24,,2021-01-25 02:00:00
2021-01-26,3,2021,-0.08,-0.23,-0.23,-0.86,-0.86,-0.75,-1.06,,2021-01-26 02:00:00
2021-01-27,3,2021,-0.08,-0.22,-0.22,-0.85,-0.83,-0.73,-1.03,,2021-01-27 02:00:00
2021-01-28,3,2021,-0.68,-1.01,-1.01,-1.6,-1.75,-1.62,-2.13,Abnormally Dry,2021-01-28 02:00:00
2021-01-29,3,2021,0.15,0.12,0.12,-0.45,-0.36,-0.28,-0.45,,2021-01-29 02:00:00
2021-01-30,3,2021,0.05,-0.01,-0.01,-0.65,-0.57,-0.48,-0.71,,2021-01-30 02:00:00
2021-01-31,3,2021,-0.1,-0.23,-0.23,-0.79,-0.79,-0.69,-0.97,,2021-01-31 02:00:00
2021-02-01,3,2021,-0.62,-0.94,-0.94,-1.5,-1.64,-1.53,-2.01,Abnormally Dry,2021-02-01 02:00:00
2021-02-02,3,2021,-0.15,-0.25,-0.25,-0.82,-0.79,-0.7,-0.97,,2021-02-02 02:00:00
2021-02-03,3,2021,-0.24,-0.39,-0.39,-1.12,-1.09,-0.97,-1.34,,2021-02-03 02:00:00
2021-02-04,3,2021,0.45,0.62,0.62,-0.07,0.21,0.28,0.23,,2021-02-04 02:00:00
2021-02-05,3,2021,-0.68,-1.04,-1.04,-1.54,-1.73,-1.61,-2.1,Abnormally Dry,2021-02-05 02:00:00
2021-02-06,3,2021,-0.59,-0.87,-0.87,-1.52,-1.62,-1.49,-1.98,Abnormally Dry,2021-02-06 02:00:00
2021-02-07,3,2021,0.41,0.61,0.61,-0.2,0.12,0.2,0.12,,2021-02-07 02:00:00
2021-02-08,3,2021,-0.29,-0.44,-0.44,-1.02,-1.03,-0.93,-1.26,,2021-02-08 02:00:00
2021-02-09,3,2021,-0.57,-0.85,-0.85,-1.5,-1.6,-1.47,-1.95,Abnormally Dry,2021-02-09 02:00:00
2021-02-10,3,2021,0.34,0.54,0.54,-0.25,0.07,0.14,0.06,,2021-02-10 02:00:00
2021-02-11,3,2021,-0.21,-0.31,-0.31,-0.86,-0.83,-0.74,-1.02,,2021-02-11 02:00:00
2021-02-12,3,2021,-0.32,-0.48,-0.48,-1.08,-1.09,-0.99,-1.34,,2021-02-12 02:00:00
2021-02-13,3,2021,0.24,0.41,0.41,-0.37,-0.07,0.01,-0.11,,2021-02-13 02:00:00
2021-02-14,3,2021,0.85,1.32,1.32,0.48,1.03,1.07,1.22,,2021-02-14 02:00:00
2021-02-15,3,2021,0.34,0.51,0.51,-0.18,0.09,0.16,0.09,,2021-02-15 02:00:00
2021-02-16,3,2021,-0.59,-0.95,-0.95,-1.52,-1.69,-1.57,-2.07,Abnormally Dry,2021-02-16 02:00:00
2021-02-17,3,2021,-0.34,-0.54,-0.54,-1.12,-1.16,-1.06,-1.43,,2021-02-17 02:00:00
2021-02-18,3,2021,-0.47,-0.73,-0.73,-1.32,-1.41,-1.3,-1.72,,2021-02-18 02:00:00
2021-02-19,3,2021,-0.14,-0.2,-0.2,-0.85,-0.77,-0.67,-0.95,,2021-02-19 02:00:00
2021-02-20,3,2021,0.61,1.01,1.01,0.15,0.64,0.7,0.75,,2021-02-20 02:00:00
2021-02-21,3,2021,-0.14,-0.22,-0.22,-0.81,-0.76,-0.67,-0.93,,2021-02-21 02:00:00
2021-02-22,3,2021,-0.14,-0.21,-0.21,-0.9,-0.82,-0.71,-1.01,,2021-02-22 02:00:00
2021-02-23,3,2021,0.06,0.11,0.11,-0.66,-0.46,-0.37,-0.59,,2021-02-23 02:00:00
2021-02-24,3,2021,0.2,0.35,0.35,-0.36,-0.1,-0.02,-0.14,,2021-02-24 02:00:00
2021-02-25,3,2021,0.71,1.18,1.18,0.29,0.84,0.9,1.0,,2021-02-25 02:00:00
2021-02-26,3,2021,-0.35,-0.59,-0.59,-1.2,-1.27,-1.16,-1.56,,2021-02-26 02:00:00
2021-02-27,3,2021,-0.68,-1.13,-1.13,-1.58,-1.85,-1.73,-2.25,Abnormally Dry,2021-02-27 02:00:00
2021-02-28,3,2021,-0.16,-0.25,-0.25,-0.92,-0.86,-0.76,-1.06,,2021-02-28 02:00:00
2021-03-01,3,2021,-0.23,-0.36,-0.36,-1.02,-0.99,-0.89,-1.22,,2021-03-01 02:00:00
2021-03-02,3,2021,-0.68,-1.12,-1.12,-1.76,-1.99,-1.84,-2.43,Abnormally Dry,2021-03-02 02:00:00
2021-03-03,3,2021,1.29,2.15,2.15,1.17,2.06,2.07,2.46,,2021-03-03 02:00:00
2021-03-04,3,2021,0.31,0.52,0.52,-0.33,0.01,0.09,-0.01,,2021-03-04 02:00:00
2021-03-05,3,2021,0.49,0.81,0.81,-0.04,0.38,0.45,0.44,,2021-03-05 02:00:00
2021-03-06,3,2021,-0.58,-0.97,-0.97,-1.57,-1.76,-1.63,-2.15,Abnormally Dry,2021-03-06 02:00:00
2021-03-07,3,2021,-0.55,-0.91,-0.91,-1.48,-1.66,-1.53,-2.02,Abnormally Dry,2021-03-07 02:00:00
2021-03-08,3,2021,-0.47,-0.76,-0.76,-1.32,-1.44,-1.33,-1.76,,2021-03-08 02:00:00
2021-03-09,3,2021,-0.5,-0.8,-0.8,-1.45,-1.56,-1.43,-1.91,Abnormally Dry,2021-03-09 02:00:00
2021-03-10,3,2021,0.6,1.04,1.04,0.11,0.65,0.71,0.76,,2021-03-10 02:00:00
2021-03-11,3,2021,0.86,1.44,1.44,0.49,1.15,1.2,1.36,,2021-03-11 02:00:00
2021-03-12,3,2021,0.77,1.26,1.26,0.33,0.91,0.97,1.07,,2021-03-12 02:00:00
2021-03-13,3,2021,-0.68,-1.13,-1.13,-1.64,-1.89,-1.77,-2.31,Abnormally Dry,2021-03-13 02:00:00
2021-03-14,3,2021,-0.65,-1.06,-1.06,-1.57,-1.79,-1.67,-2.19,Abnormally Dry,2021-03-14 02:00:00
2021-03-15,3,2021,-0.55,-0.88,-0.88,-1.41,-1.57,-1.46,-1.92,Abnormally Dry,2021-03-15 02:00:00
2021-03-16,3,2021,-0.61,-0.97,-0.97,-1.54,-1.71,-1.59,-2.09,Abnormally Dry,2021-03-16 02:00:00
2021-03-17,3,2021,0.29,0.52,0.52,-0.29,0.06,0.13,0.04,,2021-03-17 02:00:00
2021-03-18,3,2021,-0.56,-0.89,-0.89,-1.49,-1.63,-1.51,-2.0,Abnormally Dry,2021-03-18 02:00:00
2021-03-19,3,2021,-0.33,-0.5,-0.5,-1.17,-1.17,-1.06,-1.44,,2021-03-19 02:00:00
2021-03-20,3,2021,-0.58,-0.9,-0.9,-1.49,-1.63,-1.51,-1.99,Abnormally Dry,2021-03-20 02:00:00
2021-03-21,3,2021,-0.68,-1.06,-1.06,-1.7,-1.88,-1.74,-2.3,Abnormally Dry,2021-03-21 02:00:00
2021-03-22,3,2021,-0.59,-0.9,-0.9,-1.51,-1.64,-1.51,-2.0,Abnormally Dry,2021-03-22 02:00:00
2021-03-23,3,2021,0.06,0.19,0.19,-0.65,-0.38,-0.28,-0.48,,2021-03-23 02:00:00
2021-03-24,3,2021,-0.65,-0.99,-0.99,-1.64,-1.78,-1.65,-2.18,Abnormally Dry,2021-03-24 02:00:00
2021-03-25,3,2021,-0.37,-0.53,-0.53,-1.23,-1.22,-1.1,-1.5,,2021-03-25 02:00:00
2021-03-26,3,2021,-0.67,-1.01,-1.01,-1.54,-1.7,-1.59,-2.08,Abnormally Dry,2021-03-26 02:00:00
2021-03-27,3,2021,-0.68,-1.03,-1.03,-1.65,-1.81,-1.68,-2.21,Abnormally Dry,2021-03-27 02:00:00
2021-03-28,3,2021,1.04,1.84,1.84,0.75,1.61,1.65,1.92,,2021-03-28 02:00:00
2021-03-29,3,2021,0.05,0.19,0.19,-0.61,-0.34,-0.25,-0.44,,2021-03-29 02:00:00
2021-03-30,3,2021,2.41,3.77,3.77,2.61,3.93,3.9,4.72,,2021-03-30 02:00:00
2021-03-31,3,2021,-0.68,-0.99,-0.99,-1.66,-1.77,-1.64,-2.16,Abnormally Dry,2021-03-31 02:00:00
2021-04-01,3,2021,-0.44,-0.62,-0.61,-1.34,-1.34,-1.21,-1.64,,2021-04-01 02:00:00
2021-04-02,3,2021,-0.15,-0.18,-0.16,-0.82,-0.72,-0.61,-0.89,,2021-04-02 02:00:00
2021-04-03,3,2021,0.32,0.54,0.57,-0.32,0.03,0.14,0.01,,2021-04-03 02:00:00
2021-04-04,3,2021,-0.48,-0.69,-0.68,-1.41,-1.43,-1.3,-1.76,,2021-04-04 02:00:00
2021-04-05,3,2021,0.1,0.21,0.23,-0.58,-0.33,-0.22,-0.43,,2021-04-05 02:00:00
2021-04-06,3,2021,-0.59,-0.85,-0.84,-1.51,-1.58,-1.45,-1.94,Abnormally Dry,2021-04-06 02:00:00
2021-04-07,3,2021,-0.32,-0.43,-0.42,-1.18,-1.12,-1.0,-1.38,,2021-04-07 02:00:00
2021-04-08,3,2021,-0.52,-0.73,-0.73,-1.38,-1.42,-1.3,-1.73,Abnormally Dry,2021-04-08 02:00:00
2021-04-09,3,2021,-0.46,-0.63,-0.64,-1.28,-1.28,-1.18,-1.57,,2021-04-09 02:00:00
2021-04-10,3,2021,1.35,2.1,2.18,1.08,1.89,2.0,2.25,,2021-04-10 02:00:00
2021-04-11,3,2021,0.67,1.05,1.11,0.17,0.65,0.78,0.76,,2021-04-11 02:00:00
2021-04-12,3,2021,-0.02,-0.01,0.03,-0.76,-0.6,-0.46,-0.75,,2021-04-12 02:00:00
2021-04-13,3,2021,1.46,2.33,2.28,1.3,2.2,2.17,2.63,,2021-04-13 02:00:00
2021-04-14,3,2021,-0.42,-0.61,-0.6,-1.3,-1.31,-1.19,-1.61,,2021-04-14 02:00:00
2021-04-15,3,2021,-0.57,-0.84,-0.82,-1.6,-1.66,-1.51,-2.04,Abnormally Dry,2021-04-15 02:00:00
2021-04-16,3,2021,0.54,0.91,0.89,0.08,0.55,0.59,0.64,,2021-04-16 02:00:00
2021-04-17,3,2021,0.06,0.16,0.14,-0.65,-0.41,-0.33,-0.52,,2021-04-17 02:00:00
2021-04-18,3,2021,-0.63,-0.94,-0.93,-1.61,-1.72,-1.58,-2.11,Abnormally Dry,2021-04-18 02:00:00
2021-04-19,3,2021,-0.68,-1.0,-0.99,-1.63,-1.76,-1.62,-2.15,Abnormally Dry,2021-04-19 02:00:00
2021-04-20,3,2021,-0.68,-0.98,-0.98,-1.66,-1.76,-1.63,-2.16,Abnormally Dry,2021-04-20 02:00:00
2021-04-21,3,2021,-0.66,-0.96,-0.94,-1.66,-1.76,-1.61,-2.15,Abnormally Dry,2021-04-21 02:00:00
2021-04-22,3,2021,0.32,0.68,0.57,-0.33,0.16,0.13,0.16,,2021-04-22 02:00:00
2021-04-23,3,2021,0.32,0.68,0.57,-0.25,0.23,0.19,0.25,,2021-04-23 02:00:00
2021-04-24,3,2021,3.86,5.39,5.27,4.58,5.97,5.75,6.0,,2021-04-24 02:00:00
2021-04-25,3,2021,-0.68,-0.87,-0.9,-1.77,-1.75,-1.63,-2.14,Abnormally Dry,2021-04-25 02:00:00
2021-04-26,3,2021,2.29,3.01,3.0,2.39,3.09,3.06,3.71,,2021-04-26 02:00:00
2021-04-27,3,2021,-0.6,-0.74,-0.79,-1.59,-1.53,-1.45,-1.88,Abnormally Dry,2021-04-27 02:00:00
2021-04-28,3,2021,0.86,1.14,1.13,0.38,0.76,0.81,0.89,,2021-04-28 02:00:00
2021-04-29,3,2021,-0.57,-0.7,-0.75,-1.51,-1.45,-1.38,-1.78,Abnormally Dry,2021-04-29 02:00:00
2021-04-30,3,2021,-0.68,-0.84,-0.89,-1.68,-1.64,-1.56,-2.01,Abnormally Dry,2021-04-30 02:00:00
2021-05-01,3,2021,-0.64,-0.78,-0.83,-1.62,-1.56,-1.48,-1.92,Abnormally Dry,2021-05-01 02:00:00
2021-05-02,3,2021,-0.32,-0.37,-0.41,-1.19,-1.07,-0.99,-1.32,,2021-05-02 02:00:00
2021-05-03,3,2021,-0.58,-0.7,-0.75,-1.46,-1.41,-1.34,-1.72,Abnormally Dry,2021-05-03 02:00:00
2021-05-04,3,2021,1.47,1.86,1.93,1.28,1.71,1.8,2.04,,2021-05-04 02:00:00
2021-05-05,3,2021,-0.58,-0.69,-0.75,-1.6,-1.51,-1.43,-1.85,Abnormally Dry,2021-05-05 02:00:00
2021-05-06,3,2021,0.17,0.23,0.23,-0.53,-0.33,-0.24,-0.43,,2021-05-06 02:00:00
2021-05-07,3,2021,-0.68,-0.83,-0.88,-1.68,-1.63,-1.54,-1.99,Abnormally Dry,2021-05-07 02:00:00
2021-05-08,3,2021,0.02,0.06,0.05,-0.73,-0.54,-0.45,-0.68,,2021-05-08 02:00:00
2021-05-09,3,2021,0.35,0.47,0.49,-0.19,0.04,0.13,0.02,,2021-05-09 02:00:00
2021-05-10,3,2021,0.14,0.19,0.2,-0.55,-0.36,-0.26,-0.46,,2021-05-10 02:00:00
2021-05-11,3,2021,-0.68,-0.83,-0.89,-1.73,-1.67,-1.59,-2.04,Abnormally Dry,2021-05-11 02:00:00
2021-05-12,3,2021,2.99,3.48,3.77,3.34,3.76,4.01,4.53,,2021-05-12 02:00:00
2021-05-13,3,2021,-0.29,-0.35,-0.37,-1.09,-0.99,-0.9,-1.22,,2021-05-13 02:00:00
2021-05-14,3,2021,-0.34,-0.41,-0.44,-1.19,-1.09,-1.01,-1.35,,2021-05-14 02:00:00
2021-05-15,3,2021,8.36,6.75,7.8,10.79,8.69,9.42,6.0,,2021-05-15 02:00:00
2021-05-16,3,2021,-0.21,-0.24,-0.25,-1.05,-0.92,-0.81,-1.13,,2021-05-16 02:00:00
2021-05-17,3,2021,0.07,-0.01,0.01,-0.63,-0.57,-0.46,-0.71,,2021-05-17 02:00:00
2021-05-18,3,2021,-0.34,-0.35,-0.38,-1.24,-1.07,-0.98,-1.32,,2021-05-18 02:00:00
2021-05-19,3,2021,-0.5,-0.48,-0.52,-1.43,-1.22,-1.14,-1.5,Abnormally Dry,2021-05-19 02:00:00
2021-05-20,3,2021,-0.68,-0.63,-0.7,-1.66,-1.41,-1.35,-1.73,Abnormally Dry,2021-05-20 02:00:00
2021-05-21,3,2021,1.91,1.46,1.75,1.87,1.43,1.72,1.71,,2021-05-21 02:00:00
2021-05-22,3,2021,-0.38,-0.38,-0.42,-1.24,-1.07,-0.99,-1.31,,2021-05-22 02:00:00
2021-05-23,3,2021,-0.22,-0.25,-0.26,-1.02,-0.89,-0.8,-1.1,,2021-05-23 02:00:00
2021-05-24,3,2021,-0.05,-0.11,-0.1,-0.83,-0.73,-0.62,-0.91,,2021-05-24 02:00:00
2021-05-25,3,2021,-0.03,-0.1,-0.08,-0.78,-0.7,-0.58,-0.87,,2021-05-25 02:00:00
2021-05-26,3,2021,-0.23,-0.25,-0.27,-1.03,-0.89,-0.81,-1.1,,2021-05-26 02:00:00
2021-05-27,3,2021,-0.22,-0.24,-0.26,-0.97,-0.84,-0.76,-1.04,,2021-05-27 02:00:00
2021-05-28,3,2021,0.41,0.25,0.34,-0.13,-0.18,-0.02,-0.24,,2021-05-28 02:00:00
2021-05-29,3,2021,0.21,0.09,0.15,-0.4,-0.4,-0.26,-0.5,,2021-05-29 02:00:00
2021-05-30,3,2021,0.58,0.38,0.51,0.06,-0.03,0.16,-0.06,,2021-05-30 02:00:00
2021-05-31,3,2021,-0.43,-0.44,-0.48,-1.35,-1.17,-1.09,-1.45,,2021-05-31 02:00:00
2021-06-01,3,2021,1.49,1.11,1.39,1.39,1.03,1.32,1.23,,2021-06-01 02:00:00
2021-06-02,3,2021,-0.31,-0.34,-0.36,-1.34,-1.16,-1.05,-1.44,,2021-06-02 02:00:00
2021-06-03,3,2021,-0.62,-0.57,-0.66,-1.64,-1.39,-1.34,-1.7,Abnormally Dry,2021-06-03 02:00:00
2021-06-04,3,2021,-0.68,-0.63,-0.72,-1.74,-1.48,-1.43,-1.82,Abnormally Dry,2021-06-04 02:00:00
2021-06-05,3,2021,-0.68,-0.62,-0.72,-1.71,-1.44,-1.4,-1.77,Abnormally Dry,2021-06-05 02:00:00
2021-06-06,3,2021,-0.53,-0.5,-0.57,-1.5,-1.28,-1.22,-1.57,Abnormally Dry,2021-06-06 02:00:00
2021-06-07,3,2021,-0.58,-0.54,-0.61,-1.49,-1.27,-1.22,-1.56,Abnormally Dry,2021-06-07 02:00:00
2021-06-08,3,2021,0.03,-0.04,-0.01,-0.68,-0.61,-0.48,-0.76,,2021-06-08 02:00:00
2021-06-09,3,2021,-0.68,-0.6,-0.71,-1.65,-1.38,-1.36,-1.69,Abnormally Dry,2021-06-09 02:00:00
2021-06-10,3,2021,3.23,2.45,3.06,3.72,2.84,3.39,3.43,,2021-06-10 02:00:00
2021-06-11,3,2021,-0.41,-0.4,-0.45,-1.31,-1.12,-1.05,-1.38,,2021-06-11 02:00:00
2021-06-12,3,2021,-0.26,-0.28,-0.3,-1.06,-0.92,-0.84,-1.14,,2021-06-12 02:00:00
2021-06-13,3,2021,1.41,1.0,1.31,1.2,0.84,1.17,0.99,,2021-06-13 02:00:00
2021-06-14,3,2021,-0.47,-0.47,-0.52,-1.43,-1.24,-1.16,-1.52,,2021-06-14 02:00:00
2021-06-15,3,2021,-0.13,-0.2,-0.18,-0.87,-0.79,-0.68,-0.98,,2021-06-15 02:00:00
2021-06-16,3,2021,-0.42,-0.42,-0.46,-1.33,-1.15,-1.07,-1.42,,2021-06-16 02:00:00
2021-06-17,3,2021,-0.14,-0.21,-0.19,-0.94,-0.85,-0.72,-1.05,,2021-06-17 02:00:00
2021-06-18,3,2021,0.75,0.48,0.68,0.27,0.1,0.36,0.1,,2021-06-18 02:00:00
2021-06-19,3,2021,-0.68,-0.64,-0.72,-1.63,-1.4,-1.35,-1.72,Abnormally Dry,2021-06-19 02:00:00
2021-06-20,3,2021,-0.62,-0.59,-0.65,-1.7,-1.45,-1.37,-1.79,Abnormally Dry,2021-06-20 02:00:00
2021-06-21,3,2021,-0.34,-0.37,-0.38,-1.2,-1.06,-0.95,-1.31,,2021-06-21 02:00:00
2021-06-22,3,2021,-0.02,-0.13,-0.07,-0.87,-0.81,-0.64,-1.01,,2021-06-22 02:00:00
2021-06-23,3,2021,-0.29,-0.34,-0.33,-1.13,-1.02,-0.89,-1.25,,2021-06-23 02:00:00
2021-06-24,3,2021,-0.68,-0.64,-0.71,-1.77,-1.52,-1.44,-1.86,Abnormally Dry,2021-06-24 02:00:00
2021-06-25,3,2021,0.31,0.12,0.27,-0.33,-0.39,-0.16,-0.5,,2021-06-25 02:00:00
2021-06-26,3,2021,-0.68,-0.64,-0.71,-1.69,-1.44,-1.38,-1.77,Abnormally Dry,2021-06-26 02:00:00
2021-06-27,3,2021,0.47,0.26,0.43,-0.1,-0.19,0.05,-0.26,,2021-06-27 02:00:00
2021-06-28,3,2021,-0.13,-0.19,-0.17,-0.93,-0.83,-0.7,-1.03,,2021-06-28 02:00:00
2021-06-29,3,2021,-0.29,-0.32,-0.32,-1.2,-1.05,-0.93,-1.3,,2021-06-29 02:00:00
2021-06-30,3,2021,4.89,3.5,4.56,5.98,4.37,5.29,5.29,,2021-06-30 02:00:00
2021-07-01,3,2021,-0.68,-0.63,-0.7,-1.8,-1.53,-1.45,-1.88,Abnormally Dry,2021-07-01 02:00:00
2021-07-02,3,2021,-0.68,-0.62,-0.7,-1.7,-1.43,-1.38,-1.76,Abnormally Dry,2021-07-02 02:00:00
2021-07-03,3,2021,-0.5,-0.48,-0.52,-1.46,-1.25,-1.16,-1.53,Abnormally Dry,2021-07-03 02:00:00
2021-07-04,3,2021,0.42,0.19,0.35,-0.24,-0.34,-0.09,-0.43,,2021-07-04 02:00:00
2021-07-05,3,2021,-0.47,-0.46,-0.49,-1.42,-1.22,-1.12,-1.5,,2021-07-05 02:00:00
2021-07-06,3,2021,-0.68,-0.62,-0.7,-1.77,-1.49,-1.42,-1.83,Abnormally Dry,2021-07-06 02:00:00
2021-07-07,3,2021,-0.35,-0.38,-0.38,-1.23,-1.08,-0.97,-1.34,,2021-07-07 02:00:00
2021-07-08,3,2021,1.99,1.32,1.84,1.95,1.29,1.81,1.54,,2021-07-08 02:00:00
2021-07-09,3,2021,-0.68,-0.62,-0.7,-1.74,-1.46,-1.4,-1.8,Abnormally Dry,2021-07-09 02:00:00
2021-07-10,3,2021,0.36,0.15,0.3,-0.22,-0.31,-0.09,-0.4,,2021-07-10 02:00:00
2021-07-11,3,2021,-0.68,-0.61,-0.7,-1.7,-1.43,-1.38,-1.75,Abnormally Dry,2021-07-11 02:00:00
2021-07-12,3,2021,1.52,1.0,1.39,1.35,0.86,1.28,1.03,,2021-07-12 02:00:00
2021-07-13,3,2021,1.81,1.18,1.65,1.61,1.02,1.51,1.21,,2021-07-13 02:00:00
2021-07-14,3,2021,-0.68,-0.62,-0.71,-1.73,-1.46,-1.41,-1.79,Abnormally Dry,2021-07-14 02:00:00
2021-07-15,3,2021,-0.16,-0.24,-0.21,-1.03,-0.94,-0.79,-1.16,,2021-07-15 02:00:00
2021-07-16,3,2021,-0.23,-0.29,-0.27,-1.09,-0.98,-0.84,-1.21,,2021-07-16 02:00:00
2021-07-17,3,2021,-0.59,-0.55,-0.61,-1.53,-1.31,-1.24,-1.6,Abnormally Dry,2021-07-17 02:00:00
2021-07-18,3,2021,-0.29,-0.33,-0.33,-1.22,-1.07,-0.95,-1.32,,2021-07-18 02:00:00
2021-07-19,3,2021,-0.06,-0.17,-0.11,-0.87,-0.82,-0.65,-1.01,,2021-07-19 02:00:00
2021-07-20,3,2021,-0.55,-0.53,-0.58,-1.61,-1.38,-1.29,-1.7,Abnormally Dry,2021-07-20 02:00:00
2021-07-21,3,2021,-0.06,-0.17,-0.1,-0.9,-0.84,-0.66,-1.04,,2021-07-21 02:00:00
2021-07-22,3,2021,-0.1,-0.2,-0.14,-0.87,-0.81,-0.65,-1.01,,2021-07-22 02:00:00
2021-07-23,3,2021,-0.17,-0.22,-0.21,-0.98,-0.87,-0.75,-1.07,,2021-07-23 02:00:00
2021-07-24,3,2021,-0.1,-0.18,-0.14,-0.93,-0.85,-0.7,-1.05,,2021-07-24 02:00:00
2021-07-25,3,2021,-0.43,-0.41,-0.46,-1.37,-1.16,-1.08,-1.43,,2021-07-25 02:00:00
2021-07-26,3,2021,0.64,0.4,0.57,0.09,-0.04,0.2,-0.07,,2021-07-26 02:00:00
2021-07-27,3,2021,-0.16,-0.21,-0.2,-0.98,-0.87,-0.75,-1.07,,2021-07-27 02:00:00
2021-07-28,3,2021,1.89,1.35,1.79,1.85,1.32,1.76,1.58,,2021-07-28 02:00:00
2021-07-29,3,2021,0.48,0.26,0.42,-0.18,-0.27,-0.02,-0.35,,2021-07-29 02:00:00
2021-07-30,3,2021,-0.45,-0.46,-0.49,-1.43,-1.24,-1.14,-1.53,,2021-07-30 02:00:00
2021-07-31,3,2021,-0.68,-0.63,-0.72,-1.78,-1.51,-1.45,-1.85,Abnormally Dry,2021-07-31 02:00:00
2021-08-01,3,2021,-0.6,-0.57,-0.63,-1.59,-1.36,-1.29,-1.67,Abnormally Dry,2021-08-01 02:00:00
2021-08-02,3,2021,-0.66,-0.6,-0.69,-1.73,-1.46,-1.4,-1.79,Abnormally Dry,2021-08-02 02:00:00
2021-08-03,3,2021,-0.66,-0.6,-0.69,-1.76,-1.48,-1.42,-1.82,Abnormally Dry,2021-08-03 02:00:00
2021-08-04,3,2021,-0.24,-0.28,-0.28,-1.11,-0.98,-0.86,-1.21,,2021-08-04 02:00:00
2021-08-05,3,2021,-0.49,-0.47,-0.52,-1.47,-1.26,-1.18,-1.55,,2021-08-05 02:00:00
2021-08-06,3,2021,0.85,0.56,0.79,0.39,0.19,0.48,0.21,,2021-08-06 02:00:00
2021-08-07,3,2021,2.27,1.61,2.16,2.27,1.61,2.16,1.93,,2021-08-07 02:00:00
2021-08-08,3,2021,-0.57,-0.54,-0.61,-1.63,-1.39,-1.32,-1.71,Abnormally Dry,2021-08-08 02:00:00
2021-08-09,3,2021,1.58,1.07,1.48,1.32,0.86,1.3,1.02,,2021-08-09 02:00:00
2021-08-10,3,2021,0.19,0.04,0.13,-0.53,-0.54,-0.35,-0.67,,2021-08-10 02:00:00
2021-08-11,3,2021,0.24,0.08,0.17,-0.48,-0.49,-0.31,-0.62,,2021-08-11 02:00:00
2021-08-12,3,2021,-0.68,-0.63,-0.72,-1.72,-1.46,-1.41,-1.79,Abnormally Dry,2021-08-12 02:00:00
2021-08-13,3,2021,1.01,1.01,0.94,0.53,0.62,0.62,0.73,,2021-08-13 02:00:00
2021-08-14,3,2021,-0.5,-0.57,-0.55,-1.49,-1.37,-1.21,-1.68,Abnormally Dry,2021-08-14 02:00:00
2021-08-15,3,2021,-0.44,-0.5,-0.48,-1.39,-1.26,-1.11,-1.55,,2021-08-15 02:00:00
2021-08-16,3,2021,-0.68,-0.75,-0.72,-1.8,-1.65,-1.47,-2.02,Abnormally Dry,2021-08-16 02:00:00
2021-08-17,3,2021,-0.3,-0.35,-0.34,-1.18,-1.06,-0.93,-1.3,,2021-08-17 02:00:00
2021-08-18,3,2021,-0.19,-0.25,-0.24,-1.07,-0.96,-0.83,-1.18,,2021-08-18 02:00:00
2021-08-19,3,2021,-0.55,-0.61,-0.59,-1.61,-1.45,-1.29,-1.79,Abnormally Dry,2021-08-19 02:00:00
2021-08-20,3,2021,-0.48,-0.53,-0.52,-1.49,-1.34,-1.2,-1.65,,2021-08-20 02:00:00
2021-08-21,3,2021,-0.25,-0.28,-0.29,-1.14,-0.99,-0.88,-1.23,,2021-08-21 02:00:00
2021-08-22,3,2021,0.68,0.7,0.64,0.14,0.27,0.28,0.3,,2021-08-22 02:00:00
2021-08-23,3,2021,-0.68,-0.74,-0.72,-1.77,-1.61,-1.45,-1.98,Abnormally Dry,2021-08-23 02:00:00
2021-08-24,3,2021,-0.68,-0.74,-0.72,-1.81,-1.64,-1.47,-2.02,Abnormally Dry,2021-08-24 02:00:00
2021-08-25,3,2021,0.79,0.81,0.75,0.17,0.31,0.34,0.35,,2021-08-25 02:00:00
2021-08-26,3,2021,-0.03,-0.05,-0.07,-0.91,-0.76,-0.66,-0.94,,2021-08-26 02:00:00
2021-08-27,3,2021,-0.68,-0.73,-0.72,-1.74,-1.58,-1.43,-1.94,Abnormally Dry,2021-08-27 02:00:00
2021-08-28,3,2021,-0.68,-0.71,-0.72,-1.77,-1.58,-1.45,-1.94,Abnormally Dry,2021-08-28 02:00:00
2021-08-29,3,2021,2.02,2.05,1.97,1.98,2.02,1.94,2.42,,2021-08-29 02:00:00
2021-08-30,3,2021,-0.57,-0.59,-0.61,-1.63,-1.44,-1.32,-1.77,Abnormally Dry,2021-08-30 02:00:00
2021-08-31,3,2021,-0.35,-0.37,-0.39,-1.29,-1.12,-1.02,-1.39,,2021-08-31 02:00:00
2021-09-01,3,2021,-0.68,-0.71,-0.72,-1.7,-1.53,-1.4,-1.88,Abnormally Dry,2021-09-01 02:00:00
2021-09-02,3,2021,0.61,0.61,0.57,-0.03,0.1,0.15,0.1,,2021-09-02 02:00:00
2021-09-03,3,2021,4.17,3.89,3.99,4.96,4.52,4.52,5.46,,2021-09-03 02:00:00
2021-09-04,3,2021,0.53,0.43,0.46,-0.08,-0.06,0.05,-0.1,,2021-09-04 02:00:00
2021-09-05,3,2021,-0.35,-0.41,-0.4,-1.28,-1.15,-1.02,-1.42,,2021-09-05 02:00:00
2021-09-06,3,2021,-0.27,-0.33,-0.32,-1.16,-1.04,-0.91,-1.29,,2021-09-06 02:00:00
2021-09-07,3,2021,-0.68,-0.72,-0.72,-1.78,-1.6,-1.45,-1.96,Abnormally Dry,2021-09-07 02:00:00
2021-09-08,3,2021,1.52,1.44,1.42,1.32,1.28,1.28,1.52,,2021-09-08 02:00:00
2021-09-09,3,2021,0.18,0.11,0.12,-0.59,-0.51,-0.39,-0.64,,2021-09-09 02:00:00
2021-09-10,3,2021,0.36,0.29,0.3,-0.29,-0.23,-0.13,-0.3,,2021-09-10 02:00:00
2021-09-11,3,2021,-0.57,-0.62,-0.61,-1.66,-1.49,-1.33,-1.83,Abnormally Dry,2021-09-11 02:00:00
2021-09-12,3,2021,0.4,0.34,0.34,-0.38,-0.29,-0.18,-0.37,,2021-09-12 02:00:00
2021-09-13,3,2021,-0.68,-0.74,-0.73,-1.85,-1.67,-1.51,-2.06,Abnormally Dry,2021-09-13 02:00:00
2021-09-14,3,2021,-0.68,-0.73,-0.72,-1.8,-1.63,-1.47,-2.0,Abnormally Dry,2021-09-14 02:00:00
2021-09-15,3,2021,0.4,0.34,0.34,-0.26,-0.19,-0.1,-0.25,,2021-09-15 02:00:00
2021-09-16,3,2021,-0.68,-0.72,-0.72,-1.82,-1.63,-1.48,-2.0,Abnormally Dry,2021-09-16 02:00:00
2021-09-17,3,2021,0.07,0.02,0.02,-0.66,-0.56,-0.47,-0.71,,2021-09-17 02:00:00
2021-09-18,3,2021,0.73,0.66,0.67,0.15,0.2,0.28,0.21,,2021-09-18 02:00:00
2021-09-19,3,2021,-0.68,-0.74,-0.73,-1.68,-1.54,-1.4,-1.89,Abnormally Dry,2021-09-19 02:00:00
2021-09-20,3,2021,0.31,0.24,0.26,-0.4,-0.33,-0.21,-0.42,,2021-09-20 02:00:00
2021-09-21,3,2021,-0.68,-0.74,-0.73,-1.76,-1.6,-1.45,-1.97,Abnormally Dry,2021-09-21 02:00:00
2021-09-22,3,2021,-0.68,-0.74,-0.72,-1.75,-1.6,-1.44,-1.96,Abnormally Dry,2021-09-22 02:00:00
2021-09-23,3,2021,-0.43,-0.48,-0.47,-1.5,-1.33,-1.18,-1.64,,2021-09-23 02:00:00
2021-09-24,3,2021,-0.39,-0.44,-0.43,-1.36,-1.22,-1.08,-1.5,,2021-09-24 02:00:00
2021-09-25,3,2021,0.34,0.29,0.3,-0.38,-0.28,-0.18,-0.37,,2021-09-25 02:00:00
2021-09-26,3,2021,-0.42,-0.47,-0.46,-1.34,-1.21,-1.07,-1.49,,2021-09-26 02:00:00
2021-09-27,3,2021,0.21,0.15,0.17,-0.63,-0.53,-0.39,-0.66,,2021-09-27 02:00:00
2021-09-28,3,2021,-0.22,-0.26,-0.26,-1.06,-0.93,-0.82,-1.15,,2021-09-28 02:00:00
2021-09-29,3,2021,-0.2,-0.24,-0.25,-1.09,-0.96,-0.85,-1.18,,2021-09-29 02:00:00
2021-09-30,3,2021,-0.68,-0.8,-0.73,-1.7,-1.62,-1.41,-1.98,Abnormally Dry,2021-09-30 02:00:00
2021-10-01,3,2021,-0.61,-0.71,-0.65,-1.68,-1.56,-1.36,-1.92,Abnormally Dry,2021-10-01 02:00:00
2021-10-02,3,2021,-0.08,-0.09,-0.12,-0.89,-0.74,-0.66,-0.92,,2021-10-02 02:00:00
2021-10-03,3,2021,-0.58,-0.67,-0.62,-1.65,-1.53,-1.33,-1.87,Abnormally Dry,2021-10-03 02:00:00
2021-10-04,3,2021,1.9,2.12,1.87,1.72,1.98,1.75,2.37,,2021-10-04 02:00:00
2021-10-05,3,2021,-0.28,-0.35,-0.32,-1.33,-1.19,-1.02,-1.47,,2021-10-05 02:00:00
2021-10-06,3,2021,0.05,0.05,0.01,-0.82,-0.65,-0.57,-0.81,,2021-10-06 02:00:00
2021-10-07,3,2021,-0.68,-0.8,-0.73,-1.85,-1.73,-1.51,-2.13,Abnormally Dry,2021-10-07 02:00:00
2021-10-08,3,2021,0.52,0.6,0.49,-0.14,0.08,0.05,0.06,,2021-10-08 02:00:00
2021-10-09,3,2021,-0.62,-0.74,-0.67,-1.76,-1.65,-1.43,-2.03,Abnormally Dry,2021-10-09 02:00:00
2021-10-10,3,2021,-0.68,-0.79,-0.72,-1.74,-1.63,-1.42,-2.0,Abnormally Dry,2021-10-10 02:00:00
2021-10-11,3,2021,-0.45,-0.5,-0.49,-1.47,-1.32,-1.17,-1.62,,2021-10-11 02:00:00
2021-10-12,3,2021,-0.68,-0.78,-0.72,-1.81,-1.68,-1.47,-2.06,Abnormally Dry,2021-10-12 02:00:00
2021-10-13,3,2021,-0.37,-0.4,-0.41,-1.35,-1.18,-1.06,-1.46,,2021-10-13 02:00:00
2021-10-14,3,2021,0.49,0.64,0.47,-0.23,0.07,-0.01,0.05,,2021-10-14 02:00:00
2021-10-15,3,2021,-0.68,-0.78,-0.72,-1.75,-1.63,-1.43,-2.0,Abnormally Dry,2021-10-15 02:00:00
2021-10-16,3,2021,-0.39,-0.43,-0.42,-1.36,-1.2,-1.06,-1.48,,2021-10-16 02:00:00
2021-10-17,3,2021,-0.31,-0.33,-0.35,-1.24,-1.07,-0.97,-1.32,,2021-10-17 02:00:00
2021-10-18,3,2021,0.51,0.65,0.5,-0.07,0.19,0.12,0.2,,2021-10-18 02:00:00
2021-10-19,3,2021,-0.49,-0.55,-0.52,-1.56,-1.41,-1.23,-1.73,,2021-10-19 02:00:00
2021-10-20,3,2021,-0.68,-0.77,-0.72,-1.83,-1.69,-1.49,-2.08,Abnormally Dry,2021-10-20 02:00:00
2021-10-21,3,2021,-0.6,-0.66,-0.63,-1.69,-1.53,-1.36,-1.88,Abnormally Dry,2021-10-21 02:00:00
2021-10-22,3,2021,0.18,0.27,0.17,-0.58,-0.34,-0.34,-0.43,,2021-10-22 02:00:00
2021-10-23,3,2021,-0.06,-0.03,-0.08,-0.93,-0.73,-0.66,-0.91,,2021-10-23 02:00:00
2021-10-24,3,2021,-0.68,-0.76,-0.72,-1.74,-1.61,-1.43,-1.97,Abnormally Dry,2021-10-24 02:00:00
2021-10-25,3,2021,0.09,0.17,0.08,-0.72,-0.48,-0.46,-0.61,,2021-10-25 02:00:00
2021-10-26,3,2021,0.42,0.61,0.42,-0.27,0.05,-0.04,0.04,,2021-10-26 02:00:00
2021-10-27,3,2021,-0.22,-0.19,-0.25,-1.15,-0.93,-0.87,-1.16,,2021-10-27 02:00:00
2021-10-28,3,2021,0.64,0.87,0.64,0.02,0.37,0.23,0.42,,2021-10-28 02:00:00
2021-10-29,3,2021,-0.68,-0.77,-0.73,-1.74,-1.62,-1.44,-1.99,Abnormally Dry,2021-10-29 02:00:00
2021-10-30,3,2021,-0.68,-0.77,-0.72,-1.78,-1.65,-1.45,-2.02,Abnormally Dry,2021-10-30 02:00:00
2021-10-31,3,2021,-0.68,-0.77,-0.72,-1.77,-1.64,-1.45,-2.02,Abnormally Dry,2021-10-31 02:00:00
2021-11-01,3,2021,-0.26,-0.25,-0.28,-1.22,-1.02,-0.92,-1.26,,2021-11-01 02:00:00
2021-11-02,3,2021,-0.16,-0.12,-0.18,-1.06,-0.84,-0.78,-1.05,,2021-11-02 02:00:00
2021-11-03,3,2021,0.07,0.15,0.06,-0.73,-0.49,-0.47,-0.62,,2021-11-03 02:00:00
2021-11-04,3,2021,-0.62,-0.69,-0.66,-1.77,-1.61,-1.42,-1.97,Abnormally Dry,2021-11-04 02:00:00
2021-11-05,3,2021,-0.55,-0.59,-0.58,-1.55,-1.39,-1.25,-1.71,Abnormally Dry,2021-11-05 02:00:00
2021-11-06,3,2021,0.07,0.21,0.06,-0.72,-0.42,-0.46,-0.54,,2021-11-06 02:00:00
2021-11-07,3,2021,-0.22,-0.15,-0.24,-1.18,-0.92,-0.88,-1.14,,2021-11-07 02:00:00
2021-11-08,3,2021,-0.68,-0.76,-0.72,-1.8,-1.65,-1.46,-2.03,Abnormally Dry,2021-11-08 02:00:00
2021-11-09,3,2021,-0.68,-0.74,-0.72,-1.89,-1.71,-1.53,-2.1,Abnormally Dry,2021-11-09 02:00:00
2021-11-10,3,2021,-0.6,-0.63,-0.64,-1.76,-1.56,-1.41,-1.92,Abnormally Dry,2021-11-10 02:00:00
2021-11-11,3,2021,-0.48,-0.45,-0.5,-1.55,-1.31,-1.21,-1.61,,2021-11-11 02:00:00
2021-11-12,3,2021,1.03,1.56,1.08,0.6,1.22,0.8,1.45,,2021-11-12 02:00:00
2021-11-13,3,2021,0.2,0.44,0.21,-0.51,-0.13,-0.26,-0.18,,2021-11-13 02:00:00
2021-11-14,3,2021,0.07,0.25,0.07,-0.8,-0.44,-0.51,-0.57,,2021-11-14 02:00:00
2021-11-15,3,2021,-0.68,-0.76,-0.72,-1.82,-1.67,-1.48,-2.05,Abnormally Dry,2021-11-15 02:00:00
2021-11-16,3,2021,-0.04,0.1,-0.05,-0.94,-0.62,-0.65,-0.78,,2021-11-16 02:00:00
2021-11-17,3,2021,0.2,0.42,0.21,-0.6,-0.22,-0.32,-0.3,,2021-11-17 02:00:00
2021-11-18,3,2021,0.33,0.57,0.34,-0.47,-0.07,-0.19,-0.11,,2021-11-18 02:00:00
2021-11-19,3,2021,-0.64,-0.71,-0.68,-1.69,-1.55,-1.38,-1.9,Abnormally Dry,2021-11-19 02:00:00
2021-11-20,3,2021,-0.62,-0.68,-0.66,-1.67,-1.52,-1.36,-1.87,Abnormally Dry,2021-11-20 02:00:00
2021-11-21,3,2021,-0.17,-0.08,-0.18,-1.12,-0.84,-0.81,-1.05,,2021-11-21 02:00:00
2021-11-22,3,2021,-0.68,-0.77,-0.72,-1.83,-1.69,-1.48,-2.07,Abnormally Dry,2021-11-22 02:00:00
2021-11-23,3,2021,-0.04,0.11,-0.04,-0.94,-0.61,-0.64,-0.77,,2021-11-23 02:00:00
2021-11-24,3,2021,-0.42,-0.4,-0.45,-1.54,-1.29,-1.2,-1.6,,2021-11-24 02:00:00
2021-11-25,3,2021,-0.19,-0.1,-0.2,-1.12,-0.84,-0.82,-1.05,,2021-11-25 02:00:00
2021-11-26,3,2021,-0.18,-0.09,-0.19,-1.07,-0.8,-0.78,-1.0,,2021-11-26 02:00:00
2021-11-27,3,2021,-0.19,-0.07,-0.2,-1.13,-0.82,-0.83,-1.03,,2021-11-27 02:00:00
2021-11-28,3,2021,-0.68,-0.78,-0.72,-1.85,-1.72,-1.5,-2.11,Abnormally Dry,2021-11-28 02:00:00
2021-11-29,3,2021,-0.68,-0.77,-0.72,-1.81,-1.68,-1.48,-2.06,Abnormally Dry,2021-11-29 02:00:00
2021-11-30,3,2021,-0.68,-0.77,-0.72,-1.76,-1.64,-1.44,-2.01,Abnormally Dry,2021-11-30 02:00:00
2021-12-01,3,2021,-0.55,-0.56,-0.57,-1.63,-1.43,-1.29,-1.76,Abnormally Dry,2021-12-01 02:00:00
2021-12-02,3,2021,-0.61,-0.77,-0.64,-1.79,-1.72,-1.43,-2.11,Abnormally Dry,2021-12-02 02:00:00
2021-12-03,3,2021,-0.66,-0.85,-0.7,-1.77,-1.74,-1.44,-2.13,Abnormally Dry,2021-12-03 02:00:00
2021-12-04,3,2021,-0.56,-0.64,-0.58,-1.61,-1.48,-1.28,-1.82,Abnormally Dry,2021-12-04 02:00:00
2021-12-05,3,2021,-0.56,-0.64,-0.59,-1.57,-1.45,-1.26,-1.78,Abnormally Dry,2021-12-05 02:00:00
2021-12-06,3,2021,2.21,4.18,2.39,2.19,4.16,2.38,4.99,,2021-12-06 02:00:00
2021-12-07,3,2021,2.03,3.73,2.17,1.92,3.64,2.09,4.36,,2021-12-07 02:00:00
2021-12-08,3,2021,1.68,2.96,1.79,1.39,2.73,1.6,3.26,,2021-12-08 02:00:00
2021-12-09,3,2021,-0.3,-0.19,-0.31,-1.42,-1.09,-1.06,-1.35,,2021-12-09 02:00:00
2021-12-10,3,2021,-0.68,-0.8,-0.72,-1.81,-1.7,-1.47,-2.09,Abnormally Dry,2021-12-10 02:00:00
2021-12-11,3,2021,0.36,0.87,0.39,-0.41,0.26,-0.12,0.28,,2021-12-11 02:00:00
2021-12-12,3,2021,-0.68,-0.8,-0.72,-1.85,-1.74,-1.5,-2.13,Abnormally Dry,2021-12-12 02:00:00
2021-12-13,3,2021,-0.14,0.07,-0.14,-1.07,-0.67,-0.76,-0.85,,2021-12-13 02:00:00
2021-12-14,3,2021,-0.52,-0.54,-0.55,-1.61,-1.41,-1.28,-1.74,Abnormally Dry,2021-12-14 02:00:00
2021-12-15,3,2021,-0.11,0.11,-0.11,-0.99,-0.6,-0.7,-0.75,,2021-12-15 02:00:00
2021-12-16,3,2021,7.47,7.45,7.35,9.45,9.04,8.67,6.0,,2021-12-16 02:00:00
2021-12-17,3,2021,-0.68,-0.56,-0.68,-1.77,-1.44,-1.41,-1.77,Abnormally Dry,2021-12-17 02:00:00
2021-12-18,3,2021,-0.56,-0.44,-0.57,-1.58,-1.26,-1.25,-1.55,Abnormally Dry,2021-12-18 02:00:00
2021-12-19,3,2021,-0.68,-0.55,-0.68,-1.81,-1.45,-1.43,-1.79,Abnormally Dry,2021-12-19 02:00:00
2021-12-20,3,2021,-0.68,-0.55,-0.68,-1.81,-1.45,-1.43,-1.79,Abnormally Dry,2021-12-20 02:00:00
2021-12-21,3,2021,0.36,0.46,0.35,-0.41,-0.16,-0.16,-0.22,,2021-12-21 02:00:00
2021-12-22,3,2021,-0.56,-0.44,-0.56,-1.74,-1.38,-1.34,-1.7,Abnormally Dry,2021-12-22 02:00:00
2021-12-23,3,2021,-0.68,-0.56,-0.68,-1.88,-1.52,-1.48,-1.87,Abnormally Dry,2021-12-23 02:00:00
2021-12-24,3,2021,-0.68,-0.54,-0.68,-1.86,-1.48,-1.46,-1.83,Abnormally Dry,2021-12-24 02:00:00
2021-12-25,3,2021,-0.68,-0.54,-0.68,-1.84,-1.47,-1.45,-1.81,Abnormally Dry,2021-12-25 02:00:00
2021-12-26,3,2021,-0.47,-0.32,-0.47,-1.53,-1.17,-1.18,-1.44,,2021-12-26 02:00:00
2021-12-27,3,2021,0.59,0.71,0.59,-0.08,0.17,0.14,0.18,,2021-12-27 02:00:00
2021-12-28,3,2021,0.12,0.24,0.12,-0.67,-0.39,-0.41,-0.5,,2021-12-28 02:00:00
2021-12-29,3,2021,-0.68,-0.54,-0.68,-1.91,-1.52,-1.5,-1.88,Abnormally Dry,2021-12-29 02:00:00
2021-12-30,3,2021,1.23,1.3,1.23,0.8,0.96,0.94,1.13,,2021-12-30 02:00:00
2021-12-31,3,2021,-0.21,-0.09,-0.21,-1.12,-0.81,-0.81,-1.01,,2021-12-31 02:00:00
2022-01-01,3,2022,-0.67,,,-1.59,,,,Abnormally Dry,2022-01-01 02:00:00
2022-01-02,3,2022,-0.56,0.71,0.71,-1.42,0.02,0.14,-0.0,Abnormally Dry,2022-01-02 02:00:00
2022-01-03,3,2022,0.1,1.14,1.14,-0.55,0.62,0.7,0.72,,2022-01-03 02:00:00
2022-01-04,3,2022,3.39,1.48,1.48,3.58,1.63,1.61,1.97,,2022-01-04 02:00:00
2022-01-05,3,2022,-0.82,-0.62,-0.62,-1.7,-1.32,-1.21,-1.62,Abnormally Dry,2022-01-05 02:00:00
2022-01-06,3,2022,0.55,0.14,0.14,0.15,-0.18,-0.13,-0.23,,2022-01-06 02:00:00
2022-01-07,3,2022,-0.27,-0.35,-0.35,-1.06,-0.98,-0.88,-1.21,,2022-01-07 02:00:00
2022-01-08,3,2022,-0.64,-0.56,-0.56,-1.52,-1.26,-1.15,-1.55,Abnormally Dry,2022-01-08 02:00:00
2022-01-09,3,2022,0.46,0.22,0.22,-0.09,-0.22,-0.15,-0.29,,2022-01-09 02:00:00
2022-01-10,3,2022,0.49,0.23,0.23,-0.1,-0.24,-0.17,-0.32,,2022-01-10 02:00:00
2022-01-11,3,2022,1.24,0.77,0.77,0.85,0.46,0.51,0.53,,2022-01-11 02:00:00
2022-01-12,3,2022,-0.41,-0.55,-0.55,-1.19,-1.18,-1.07,-1.44,,2022-01-12 02:00:00
2022-01-13,3,2022,0.58,0.28,0.28,0.04,-0.15,-0.08,-0.21,,2022-01-13 02:00:00
2022-01-14,3,2022,0.14,-0.1,-0.1,-0.49,-0.6,-0.52,-0.75,,2022-01-14 02:00:00
2022-01-15,3,2022,0.49,0.21,0.21,-0.11,-0.27,-0.19,-0.35,,2022-01-15 02:00:00
2022-01-16,3,2022,0.8,0.48,0.48,0.31,0.08,0.15,0.08,,2022-01-16 02:00:00
2022-01-17,3,2022,1.36,0.97,0.97,1.0,0.68,0.73,0.8,,2022-01-17 02:00:00
2022-01-18,3,2022,-0.06,-0.4,-0.4,-0.81,-1.0,-0.9,-1.23,,2022-01-18 02:00:00
2022-01-19,3,2022,0.54,0.2,0.2,-0.11,-0.32,-0.23,-0.41,,2022-01-19 02:00:00
2022-01-20,3,2022,-0.04,-0.4,-0.4,-0.87,-1.06,-0.95,-1.31,,2022-01-20 02:00:00
2022-01-21,3,2022,0.55,0.22,0.22,-0.03,-0.25,-0.17,-0.32,,2022-01-21 02:00:00
2022-01-22,3,2022,-0.62,-0.99,-0.99,-1.55,-1.73,-1.61,-2.12,Abnormally Dry,2022-01-22 02:00:00
2022-01-23,3,2022,0.23,-0.08,-0.08,-0.47,-0.64,-0.55,-0.79,,2022-01-23 02:00:00
2022-01-24,3,2022,1.02,0.77,0.77,0.63,0.46,0.51,0.53,,2022-01-24 02:00:00
2022-01-25,3,2022,0.25,-0.08,-0.08,-0.47,-0.66,-0.56,-0.82,,2022-01-25 02:00:00
2022-01-26,3,2022,0.03,-0.33,-0.33,-0.69,-0.91,-0.81,-1.12,,2022-01-26 02:00:00
2022-01-27,3,2022,-0.82,-1.25,-1.25,-1.77,-2.01,-1.89,-2.45,Abnormally Dry,2022-01-27 02:00:00
2022-01-28,3,2022,-0.79,-1.17,-1.17,-1.7,-1.9,-1.78,-2.32,Abnormally Dry,2022-01-28 02:00:00
2022-01-29,3,2022,-0.07,-0.34,-0.34,-0.86,-0.97,-0.87,-1.2,,2022-01-29 02:00:00
2022-01-30,3,2022,0.34,0.14,0.14,-0.3,-0.37,-0.29,-0.47,,2022-01-30 02:00:00
2022-01-31,3,2022,0.11,-0.14,-0.14,-0.64,-0.74,-0.64,-0.92,,2022-01-31 02:00:00
2022-02-01,3,2022,-0.66,-1.02,-1.02,-1.52,-1.71,-1.6,-2.09,Abnormally Dry,2022-02-01 02:00:00
2022-02-02,3,2022,-0.79,-1.13,-1.13,-1.76,-1.9,-1.78,-2.32,Abnormally Dry,2022-02-02 02:00:00
2022-02-03,3,2022,-0.82,-1.13,-1.13,-1.77,-1.89,-1.76,-2.31,Abnormally Dry,2022-02-03 02:00:00
2022-02-04,3,2022,-0.67,-0.93,-0.93,-1.5,-1.59,-1.48,-1.94,Abnormally Dry,2022-02-04 02:00:00
2022-02-05,3,2022,-0.39,-0.58,-0.58,-1.2,-1.23,-1.12,-1.51,,2022-02-05 02:00:00
2022-02-06,3,2022,0.67,0.67,0.67,0.08,0.2,0.28,0.22,,2022-02-06 02:00:00
2022-02-07,3,2022,-0.76,-1.02,-1.02,-1.68,-1.76,-1.63,-2.14,Abnormally Dry,2022-02-07 02:00:00
2022-02-08,3,2022,-0.56,-0.77,-0.77,-1.4,-1.44,-1.33,-1.77,Abnormally Dry,2022-02-08 02:00:00
2022-02-09,3,2022,0.8,0.86,0.86,0.26,0.43,0.5,0.49,,2022-02-09 02:00:00
2022-02-10,3,2022,-0.36,-0.54,-0.54,-1.2,-1.21,-1.1,-1.49,,2022-02-10 02:00:00
2022-02-11,3,2022,0.19,0.13,0.13,-0.43,-0.37,-0.28,-0.46,,2022-02-11 02:00:00
2022-02-12,3,2022,-0.01,-0.12,-0.12,-0.71,-0.68,-0.59,-0.85,,2022-02-12 02:00:00
2022-02-13,3,2022,-0.62,-0.86,-0.86,-1.57,-1.62,-1.5,-1.99,Abnormally Dry,2022-02-13 02:00:00
2022-02-14,3,2022,-0.28,-0.43,-0.43,-1.05,-1.05,-0.94,-1.29,,2022-02-14 02:00:00
2022-02-15,3,2022,-0.74,-0.99,-0.99,-1.71,-1.76,-1.64,-2.16,Abnormally Dry,2022-02-15 02:00:00
2022-02-16,3,2022,1.06,1.26,1.26,0.69,0.96,1.01,1.14,,2022-02-16 02:00:00
2022-02-17,3,2022,-0.02,-0.1,-0.1,-0.75,-0.68,-0.58,-0.85,,2022-02-17 02:00:00
2022-02-18,3,2022,-0.78,-1.05,-1.05,-1.68,-1.77,-1.65,-2.16,Abnormally Dry,2022-02-18 02:00:00
2022-02-19,3,2022,-0.67,-0.89,-0.89,-1.55,-1.59,-1.48,-1.95,Abnormally Dry,2022-02-19 02:00:00
2022-02-20,3,2022,0.44,0.51,0.51,-0.17,0.02,0.1,-0.0,,2022-02-20 02:00:00
2022-02-21,3,2022,0.72,0.86,0.86,0.15,0.4,0.48,0.46,,2022-02-21 02:00:00
2022-02-22,3,2022,-0.49,-0.69,-0.69,-1.32,-1.36,-1.25,-1.66,,2022-02-22 02:00:00
2022-02-23,3,2022,-0.47,-0.65,-0.65,-1.23,-1.26,-1.16,-1.54,,2022-02-23 02:00:00
2022-02-24,3,2022,1.56,1.91,1.91,1.3,1.7,1.74,2.03,,2022-02-24 02:00:00
2022-02-25,3,2022,0.59,0.66,0.66,-0.03,0.17,0.25,0.17,,2022-02-25 02:00:00
2022-02-26,3,2022,2.67,3.01,3.01,2.67,3.01,3.01,3.61,,2022-02-26 02:00:00
2022-02-27,3,2022,-0.53,-0.75,-0.75,-1.39,-1.44,-1.32,-1.76,Abnormally Dry,2022-02-27 02:00:00
2022-02-28,3,2022,-0.82,-1.07,-1.07,-1.76,-1.82,-1.7,-2.23,Abnormally Dry,2022-02-28 02:00:00
2022-03-01,3,2022,-0.67,-0.88,-0.88,-1.52,-1.56,-1.45,-1.9,Abnormally Dry,2022-03-01 02:00:00
2022-03-02,3,2022,1.47,1.6,1.6,1.14,1.33,1.38,1.59,,2022-03-02 02:00:00
2022-03-03,3,2022,-0.4,-0.58,-0.58,-1.28,-1.29,-1.17,-1.58,,2022-03-03 02:00:00
2022-03-04,3,2022,-0.82,-1.04,-1.04,-1.78,-1.81,-1.68,-2.21,Abnormally Dry,2022-03-04 02:00:00
2022-03-05,3,2022,-0.65,-0.83,-0.83,-1.57,-1.56,-1.44,-1.91,Abnormally Dry,2022-03-05 02:00:00
2022-03-06,3,2022,-0.47,-0.62,-0.62,-1.33,-1.31,-1.19,-1.6,,2022-03-06 02:00:00
2022-03-07,3,2022,0.01,-0.05,-0.05,-0.78,-0.69,-0.58,-0.85,,2022-03-07 02:00:00
2022-03-08,3,2022,-0.14,-0.22,-0.22,-0.96,-0.88,-0.77,-1.08,,2022-03-08 02:00:00
2022-03-09,3,2022,0.45,0.47,0.47,-0.16,-0.02,0.06,-0.05,,2022-03-09 02:00:00
2022-03-10,3,2022,0.52,0.55,0.55,-0.06,0.09,0.17,0.08,,2022-03-10 02:00:00
2022-03-11,3,2022,1.06,1.19,1.19,0.55,0.78,0.85,0.92,,2022-03-11 02:00:00
2022-03-12,3,2022,1.57,1.75,1.75,1.27,1.51,1.55,1.8,,2022-03-12 02:00:00
2022-03-13,3,2022,-0.79,-1.05,-1.05,-1.76,-1.82,-1.69,-2.23,Abnormally Dry,2022-03-13 02:00:00
2022-03-14,3,2022,-0.15,-0.28,-0.28,-0.95,-0.92,-0.81,-1.13,,2022-03-14 02:00:00
2022-03-15,3,2022,1.78,1.95,1.95,1.47,1.7,1.74,2.03,,2022-03-15 02:00:00
2022-03-16,3,2022,0.08,-0.04,-0.04,-0.62,-0.6,-0.51,-0.75,,2022-03-16 02:00:00
2022-03-17,3,2022,-0.61,-0.84,-0.84,-1.54,-1.59,-1.46,-1.94,Abnormally Dry,2022-03-17 02:00:00
2022-03-18,3,2022,0.06,-0.04,-0.04,-0.61,-0.58,-0.49,-0.72,,2022-03-18 02:00:00
2022-03-19,3,2022,0.99,1.04,1.04,0.5,0.65,0.71,0.75,,2022-03-19 02:00:00
2022-03-20,3,2022,-0.31,-0.49,-0.49,-1.14,-1.15,-1.04,-1.41,,2022-03-20 02:00:00
2022-03-21,3,2022,-0.82,-1.08,-1.08,-1.78,-1.85,-1.72,-2.25,Abnormally Dry,2022-03-21 02:00:00
2022-03-22,3,2022,-0.37,-0.55,-0.55,-1.28,-1.28,-1.16,-1.57,,2022-03-22 02:00:00
2022-03-23,3,2022,2.56,2.79,2.79,2.57,2.8,2.8,3.36,,2022-03-23 02:00:00
2022-03-24,3,2022,-0.49,-0.69,-0.69,-1.3,-1.34,-1.23,-1.64,,2022-03-24 02:00:00
2022-03-25,3,2022,0.37,0.3,0.3,-0.24,-0.19,-0.11,-0.25,,2022-03-25 02:00:00
2022-03-26,3,2022,-0.68,-0.9,-0.9,-1.55,-1.6,-1.48,-1.95,Abnormally Dry,2022-03-26 02:00:00
2022-03-27,3,2022,0.57,0.54,0.54,-0.06,0.04,0.12,0.02,,2022-03-27 02:00:00
2022-03-28,3,2022,-0.35,-0.52,-0.52,-1.21,-1.2,-1.09,-1.48,,2022-03-28 02:00:00
2022-03-29,3,2022,-0.41,-0.59,-0.59,-1.28,-1.29,-1.17,-1.58,,2022-03-29 02:00:00
2022-03-30,3,2022,-0.46,-0.64,-0.64,-1.36,-1.36,-1.24,-1.67,,2022-03-30 02:00:00
2022-03-31,3,2022,-0.5,-0.68,-0.68,-1.43,-1.43,-1.3,-1.75,Abnormally Dry,2022-03-31 02:00:00
2022-04-01,3,2022,-0.51,-0.7,-0.69,-1.47,-1.47,-1.33,-1.8,Abnormally Dry,2022-04-01 02:00:00
2022-04-02,3,2022,0.44,0.4,0.42,-0.23,-0.14,-0.03,-0.19,,2022-04-02 02:00:00
2022-04-03,3,2022,1.78,1.93,1.97,1.44,1.66,1.75,1.98,,2022-04-03 02:00:00
2022-04-04,3,2022,-0.71,-0.98,-0.93,-1.59,-1.68,-1.52,-2.06,Abnormally Dry,2022-04-04 02:00:00
2022-04-05,3,2022,0.35,0.34,0.3,-0.3,-0.18,-0.13,-0.24,,2022-04-05 02:00:00
2022-04-06,3,2022,-0.71,-0.98,-0.93,-1.7,-1.77,-1.59,-2.16,Abnormally Dry,2022-04-06 02:00:00
2022-04-07,3,2022,-0.82,-1.1,-1.05,-1.73,-1.82,-1.65,-2.23,Abnormally Dry,2022-04-07 02:00:00
2022-04-08,3,2022,-0.44,-0.64,-0.6,-1.36,-1.38,-1.21,-1.69,,2022-04-08 02:00:00
2022-04-09,3,2022,-0.53,-0.73,-0.7,-1.47,-1.48,-1.33,-1.82,Abnormally Dry,2022-04-09 02:00:00
2022-04-10,3,2022,-0.75,-0.99,-0.95,-1.74,-1.78,-1.61,-2.18,Abnormally Dry,2022-04-10 02:00:00
2022-04-11,3,2022,-0.82,-1.05,-1.02,-1.79,-1.83,-1.67,-2.23,Abnormally Dry,2022-04-11 02:00:00
2022-04-12,3,2022,0.67,0.81,0.73,0.05,0.31,0.32,0.35,,2022-04-12 02:00:00
2022-04-13,3,2022,-0.82,-1.04,-1.02,-1.79,-1.81,-1.66,-2.21,Abnormally Dry,2022-04-13 02:00:00
2022-04-14,3,2022,1.43,1.72,1.61,1.09,1.45,1.38,1.72,,2022-04-14 02:00:00
2022-04-15,3,2022,3.16,3.54,3.41,3.25,3.61,3.47,4.34,,2022-04-15 02:00:00
2022-04-16,3,2022,2.09,2.24,2.16,1.9,2.09,2.04,2.5,,2022-04-16 02:00:00
2022-04-17,3,2022,0.1,0.05,-0.01,-0.65,-0.55,-0.51,-0.69,,2022-04-17 02:00:00
2022-04-18,3,2022,-0.0,-0.07,-0.12,-0.71,-0.64,-0.59,-0.79,,2022-04-18 02:00:00
2022-04-19,3,2022,-0.01,-0.08,-0.13,-0.8,-0.71,-0.66,-0.88,,2022-04-19 02:00:00
2022-04-20,3,2022,-0.82,-0.97,-1.01,-1.83,-1.78,-1.68,-2.17,Abnormally Dry,2022-04-20 02:00:00
2022-04-21,3,2022,-0.47,-0.56,-0.62,-1.35,-1.26,-1.21,-1.55,,2022-04-21 02:00:00
2022-04-22,3,2022,-0.06,-0.11,-0.17,-0.87,-0.76,-0.71,-0.95,,2022-04-22 02:00:00
2022-04-23,3,2022,-0.32,-0.39,-0.45,-1.18,-1.08,-1.02,-1.33,,2022-04-23 02:00:00
2022-04-24,3,2022,-0.77,-0.88,-0.95,-1.75,-1.67,-1.61,-2.04,Abnormally Dry,2022-04-24 02:00:00
2022-04-25,3,2022,-0.58,-0.65,-0.73,-1.5,-1.38,-1.34,-1.7,Abnormally Dry,2022-04-25 02:00:00
2022-04-26,3,2022,-0.45,-0.51,-0.59,-1.3,-1.19,-1.15,-1.46,,2022-04-26 02:00:00
2022-04-27,3,2022,-0.45,-0.51,-0.58,-1.35,-1.23,-1.18,-1.51,,2022-04-27 02:00:00
2022-04-28,3,2022,-0.53,-0.6,-0.66,-1.38,-1.28,-1.23,-1.57,Abnormally Dry,2022-04-28 02:00:00
2022-04-29,3,2022,-0.59,-0.66,-0.72,-1.48,-1.37,-1.31,-1.68,Abnormally Dry,2022-04-29 02:00:00
2022-04-30,3,2022,-0.79,-0.87,-0.94,-1.76,-1.64,-1.58,-2.01,Abnormally Dry,2022-04-30 02:00:00
2022-05-01,3,2022,-0.26,-0.27,-0.34,-1.02,-0.88,-0.85,-1.08,,2022-05-01 02:00:00
2022-05-02,3,2022,-0.41,-0.44,-0.51,-1.37,-1.21,-1.15,-1.49,,2022-05-02 02:00:00
2022-05-03,3,2022,-0.32,-0.35,-0.41,-1.19,-1.05,-0.99,-1.29,,2022-05-03 02:00:00
2022-05-04,3,2022,-0.37,-0.42,-0.47,-1.28,-1.14,-1.07,-1.41,,2022-05-04 02:00:00
2022-05-05,3,2022,-0.45,-0.51,-0.55,-1.34,-1.22,-1.14,-1.5,,2022-05-05 02:00:00
2022-05-06,3,2022,-0.0,-0.01,-0.04,-0.82,-0.66,-0.58,-0.83,,2022-05-06 02:00:00
2022-05-07,3,2022,-0.61,-0.68,-0.73,-1.54,-1.42,-1.35,-1.74,Abnormally Dry,2022-05-07 02:00:00
2022-05-08,3,2022,-0.43,-0.48,-0.52,-1.34,-1.21,-1.12,-1.48,,2022-05-08 02:00:00
2022-05-09,3,2022,-0.36,-0.41,-0.45,-1.22,-1.1,-1.03,-1.36,,2022-05-09 02:00:00
2022-05-10,3,2022,0.21,0.25,0.22,-0.51,-0.33,-0.26,-0.42,,2022-05-10 02:00:00
2022-05-11,3,2022,-0.82,-0.92,-0.97,-1.87,-1.76,-1.67,-2.15,Abnormally Dry,2022-05-11 02:00:00
2022-05-12,3,2022,0.81,0.93,0.92,0.23,0.47,0.53,0.54,,2022-05-12 02:00:00
2022-05-13,3,2022,-0.11,-0.12,-0.16,-0.96,-0.8,-0.73,-0.99,,2022-05-13 02:00:00
2022-05-14,3,2022,-0.28,-0.32,-0.35,-1.24,-1.09,-0.99,-1.35,,2022-05-14 02:00:00
2022-05-15,3,2022,-0.33,-0.37,-0.41,-1.15,-1.02,-0.95,-1.26,,2022-05-15 02:00:00
2022-05-16,3,2022,6.07,5.54,6.07,6.98,6.27,6.68,6.0,,2022-05-16 02:00:00
2022-05-17,3,2022,-0.07,-0.11,-0.13,-0.85,-0.74,-0.65,-0.92,,2022-05-17 02:00:00
2022-05-18,3,2022,-0.16,-0.2,-0.22,-1.01,-0.88,-0.79,-1.09,,2022-05-18 02:00:00
2022-05-19,3,2022,0.82,0.69,0.77,0.25,0.23,0.39,0.25,,2022-05-19 02:00:00
2022-05-20,3,2022,1.6,1.38,1.55,1.29,1.13,1.35,1.35,,2022-05-20 02:00:00
2022-05-21,3,2022,0.09,-0.0,0.02,-0.67,-0.61,-0.49,-0.76,,2022-05-21 02:00:00
2022-05-22,3,2022,-0.06,-0.13,-0.14,-0.86,-0.77,-0.67,-0.96,,2022-05-22 02:00:00
2022-05-23,3,2022,0.13,0.04,0.06,-0.68,-0.61,-0.48,-0.76,,2022-05-23 02:00:00
2022-05-24,3,2022,2.27,1.94,2.2,2.08,1.79,2.08,2.14,,2022-05-24 02:00:00
2022-05-25,3,2022,-0.62,-0.65,-0.71,-1.59,-1.43,-1.36,-1.75,Abnormally Dry,2022-05-25 02:00:00
2022-05-26,3,2022,1.77,1.5,1.69,1.5,1.28,1.51,1.53,,2022-05-26 02:00:00
2022-05-27,3,2022,2.41,2.09,2.28,2.23,1.95,2.16,2.33,,2022-05-27 02:00:00
2022-05-28,3,2022,-0.82,-0.83,-0.91,-1.87,-1.67,-1.61,-2.04,Abnormally Dry,2022-05-28 02:00:00
2022-05-29,3,2022,0.44,0.3,0.34,-0.19,-0.2,-0.08,-0.27,,2022-05-29 02:00:00
2022-05-30,3,2022,-0.82,-0.85,-0.91,-1.8,-1.63,-1.56,-2.0,Abnormally Dry,2022-05-30 02:00:00
2022-05-31,3,2022,-0.13,-0.21,-0.23,-0.98,-0.89,-0.8,-1.1,,2022-05-31 02:00:00
2022-06-01,3,2022,2.21,1.86,2.06,1.96,1.66,1.89,1.98,,2022-06-01 02:00:00
2022-06-02,3,2022,-0.82,-0.85,-0.91,-1.88,-1.7,-1.62,-2.08,Abnormally Dry,2022-06-02 02:00:00
2022-06-03,3,2022,1.55,1.25,1.41,1.17,0.94,1.15,1.12,,2022-06-03 02:00:00
2022-06-04,3,2022,3.25,2.62,2.98,3.36,2.71,3.06,3.26,,2022-06-04 02:00:00
2022-06-05,3,2022,0.39,0.17,0.24,-0.3,-0.39,-0.22,-0.49,,2022-06-05 02:00:00
2022-06-06,3,2022,-0.79,-0.84,-0.89,-1.73,-1.59,-1.51,-1.94,Abnormally Dry,2022-06-06 02:00:00
2022-06-07,3,2022,-0.75,-0.79,-0.84,-1.78,-1.61,-1.53,-1.98,Abnormally Dry,2022-06-07 02:00:00
2022-06-08,3,2022,0.64,0.4,0.5,-0.01,-0.12,0.07,-0.17,,2022-06-08 02:00:00
2022-06-09,3,2022,-0.43,-0.51,-0.54,-1.31,-1.22,-1.13,-1.5,,2022-06-09 02:00:00
2022-06-10,3,2022,-0.39,-0.45,-0.49,-1.31,-1.18,-1.1,-1.46,,2022-06-10 02:00:00
2022-06-11,3,2022,-0.82,-0.82,-0.91,-1.85,-1.64,-1.6,-2.01,Abnormally Dry,2022-06-11 02:00:00
2022-06-12,3,2022,0.29,0.12,0.16,-0.47,-0.49,-0.35,-0.62,,2022-06-12 02:00:00
2022-06-13,3,2022,-0.82,-0.81,-0.9,-1.9,-1.67,-1.62,-2.05,Abnormally Dry,2022-06-13 02:00:00
2022-06-14,3,2022,-0.41,-0.45,-0.51,-1.39,-1.24,-1.17,-1.52,,2022-06-14 02:00:00
2022-06-15,3,2022,1.65,1.3,1.49,1.35,1.06,1.29,1.26,,2022-06-15 02:00:00
2022-06-16,3,2022,-0.23,-0.31,-0.33,-1.11,-1.01,-0.91,-1.25,,2022-06-16 02:00:00
2022-06-17,3,2022,-0.82,-0.8,-0.9,-1.84,-1.61,-1.58,-1.98,Abnormally Dry,2022-06-17 02:00:00
2022-06-18,3,2022,-0.35,-0.39,-0.44,-1.34,-1.19,-1.1,-1.46,,2022-06-18 02:00:00
2022-06-19,3,2022,-0.82,-0.8,-0.9,-1.82,-1.6,-1.57,-1.96,Abnormally Dry,2022-06-19 02:00:00
2022-06-20,3,2022,-0.55,-0.57,-0.64,-1.53,-1.36,-1.3,-1.67,Abnormally Dry,2022-06-20 02:00:00
2022-06-21,3,2022,-0.41,-0.43,-0.5,-1.38,-1.2,-1.14,-1.48,,2022-06-21 02:00:00
2022-06-22,3,2022,-0.82,-0.78,-0.89,-1.87,-1.62,-1.59,-1.98,Abnormally Dry,2022-06-22 02:00:00
2022-06-23,3,2022,-0.78,-0.73,-0.85,-1.78,-1.53,-1.51,-1.87,Abnormally Dry,2022-06-23 02:00:00
2022-06-24,3,2022,-0.56,-0.54,-0.63,-1.44,-1.24,-1.21,-1.53,Abnormally Dry,2022-06-24 02:00:00
2022-06-25,3,2022,0.23,0.15,0.14,-0.61,-0.52,-0.42,-0.66,,2022-06-25 02:00:00
2022-06-26,3,2022,0.52,0.39,0.43,-0.18,-0.17,-0.04,-0.23,,2022-06-26 02:00:00
2022-06-27,3,2022,0.15,0.07,0.06,-0.62,-0.55,-0.45,-0.69,,2022-06-27 02:00:00
2022-06-28,3,2022,-0.63,-0.62,-0.71,-1.64,-1.43,-1.38,-1.75,Abnormally Dry,2022-06-28 02:00:00
2022-06-29,3,2022,0.5,0.36,0.41,-0.2,-0.2,-0.06,-0.27,,2022-06-29 02:00:00
2022-06-30,3,2022,0.33,0.21,0.24,-0.4,-0.37,-0.25,-0.48,,2022-06-30 02:00:00
2022-07-01,3,2022,-0.76,-0.73,-0.84,-1.8,-1.56,-1.53,-1.92,Abnormally Dry,2022-07-01 02:00:00
2022-07-02,3,2022,-0.82,-0.77,-0.89,-1.89,-1.63,-1.6,-1.99,Abnormally Dry,2022-07-02 02:00:00
2022-07-03,3,2022,-0.76,-0.72,-0.83,-1.74,-1.51,-1.49,-1.85,Abnormally Dry,2022-07-03 02:00:00
2022-07-04,3,2022,0.05,0.01,-0.02,-0.78,-0.65,-0.57,-0.82,,2022-07-04 02:00:00
2022-07-05,3,2022,-0.47,-0.46,-0.54,-1.42,-1.22,-1.18,-1.51,,2022-07-05 02:00:00
2022-07-06,3,2022,-0.24,-0.26,-0.3,-1.17,-1.01,-0.92,-1.25,,2022-07-06 02:00:00
2022-07-07,3,2022,-0.44,-0.44,-0.5,-1.4,-1.21,-1.14,-1.49,,2022-07-07 02:00:00
2022-07-08,3,2022,-0.64,-0.62,-0.71,-1.64,-1.42,-1.38,-1.74,Abnormally Dry,2022-07-08 02:00:00
2022-07-09,3,2022,4.41,3.54,4.18,4.72,3.79,4.39,4.56,,2022-07-09 02:00:00
2022-07-10,3,2022,-0.72,-0.69,-0.77,-1.69,-1.46,-1.41,-1.79,Abnormally Dry,2022-07-10 02:00:00
2022-07-11,3,2022,0.85,0.6,0.74,0.25,0.12,0.34,0.12,,2022-07-11 02:00:00
2022-07-12,3,2022,-0.82,-0.77,-0.87,-1.83,-1.57,-1.54,-1.93,Abnormally Dry,2022-07-12 02:00:00
2022-07-13,3,2022,-0.82,-0.75,-0.86,-1.85,-1.58,-1.55,-1.93,Abnormally Dry,2022-07-13 02:00:00
2022-07-14,3,2022,-0.82,-0.74,-0.86,-1.9,-1.6,-1.58,-1.97,Abnormally Dry,2022-07-14 02:00:00
2022-07-15,3,2022,-0.82,-0.72,-0.86,-1.87,-1.56,-1.56,-1.92,Abnormally Dry,2022-07-15 02:00:00
2022-07-16,3,2022,1.02,0.87,0.93,0.41,0.38,0.52,0.43,,2022-07-16 02:00:00
2022-07-17,3,2022,0.76,0.63,0.67,0.18,0.17,0.28,0.18,,2022-07-17 02:00:00
2022-07-18,3,2022,1.58,1.31,1.45,1.28,1.07,1.25,1.27,,2022-07-18 02:00:00
2022-07-19,3,2022,-0.76,-0.69,-0.81,-1.81,-1.53,-1.51,-1.88,Abnormally Dry,2022-07-19 02:00:00
2022-07-20,3,2022,-0.82,-0.74,-0.86,-1.81,-1.53,-1.52,-1.88,Abnormally Dry,2022-07-20 02:00:00
2022-07-21,3,2022,1.87,1.52,1.73,1.63,1.33,1.57,1.59,,2022-07-21 02:00:00
2022-07-22,3,2022,-0.82,-0.74,-0.86,-1.85,-1.56,-1.55,-1.92,Abnormally Dry,2022-07-22 02:00:00
2022-07-23,3,2022,-0.41,-0.4,-0.47,-1.35,-1.15,-1.1,-1.42,,2022-07-23 02:00:00
2022-07-24,3,2022,0.15,0.06,0.07,-0.65,-0.58,-0.47,-0.73,,2022-07-24 02:00:00
2022-07-25,3,2022,-0.82,-0.75,-0.86,-1.87,-1.59,-1.56,-1.95,Abnormally Dry,2022-07-25 02:00:00
2022-07-26,3,2022,-0.3,-0.31,-0.36,-1.18,-1.01,-0.94,-1.25,,2022-07-26 02:00:00
2022-07-27,3,2022,-0.53,-0.51,-0.58,-1.46,-1.25,-1.2,-1.54,Abnormally Dry,2022-07-27 02:00:00
2022-07-28,3,2022,-0.82,-0.74,-0.86,-1.89,-1.6,-1.58,-1.96,Abnormally Dry,2022-07-28 02:00:00
2022-07-29,3,2022,3.79,2.93,3.52,3.94,3.05,3.62,3.67,,2022-07-29 02:00:00
2022-07-30,3,2022,0.15,0.02,0.07,-0.64,-0.61,-0.45,-0.76,,2022-07-30 02:00:00
2022-07-31,3,2022,1.51,1.08,1.35,0.98,0.66,1.0,0.77,,2022-07-31 02:00:00
2022-08-01,3,2022,0.32,0.13,0.22,-0.38,-0.43,-0.25,-0.55,,2022-08-01 02:00:00
2022-08-02,3,2022,-0.0,-0.13,-0.09,-0.76,-0.74,-0.6,-0.91,,2022-08-02 02:00:00
2022-08-03,3,2022,-0.82,-0.77,-0.86,-1.86,-1.6,-1.55,-1.97,Abnormally Dry,2022-08-03 02:00:00
2022-08-04,3,2022,0.3,0.12,0.21,-0.44,-0.47,-0.28,-0.59,,2022-08-04 02:00:00
2022-08-05,3,2022,-0.82,-0.77,-0.86,-1.96,-1.68,-1.62,-2.07,Abnormally Dry,2022-08-05 02:00:00
2022-08-06,3,2022,1.2,0.82,1.07,0.71,0.43,0.74,0.49,,2022-08-06 02:00:00
2022-08-07,3,2022,1.96,1.38,1.78,1.63,1.11,1.56,1.32,,2022-08-07 02:00:00
2022-08-08,3,2022,1.31,0.86,1.15,0.77,0.43,0.79,0.49,,2022-08-08 02:00:00
2022-08-09,3,2022,-0.1,-0.25,-0.19,-0.97,-0.95,-0.77,-1.17,,2022-08-09 02:00:00
2022-08-10,3,2022,-0.82,-0.8,-0.87,-1.84,-1.61,-1.55,-1.98,Abnormally Dry,2022-08-10 02:00:00
2022-08-11,3,2022,-0.82,-0.79,-0.86,-1.87,-1.63,-1.56,-2.0,Abnormally Dry,2022-08-11 02:00:00
2022-08-12,3,2022,-0.66,-0.66,-0.71,-1.68,-1.47,-1.39,-1.81,Abnormally Dry,2022-08-12 02:00:00
2022-08-13,3,2022,-0.48,-0.52,-0.54,-1.48,-1.32,-1.2,-1.62,,2022-08-13 02:00:00
2022-08-14,3,2022,1.54,1.24,1.39,1.1,0.89,1.1,1.05,,2022-08-14 02:00:00
2022-08-15,3,2022,-0.82,-0.83,-0.86,-1.88,-1.68,-1.57,-2.06,Abnormally Dry,2022-08-15 02:00:00
2022-08-16,3,2022,-0.78,-0.79,-0.82,-1.82,-1.63,-1.52,-1.99,Abnormally Dry,2022-08-16 02:00:00
2022-08-17,3,2022,-0.27,-0.33,-0.33,-1.21,-1.09,-0.96,-1.34,,2022-08-17 02:00:00
2022-08-18,3,2022,-0.55,-0.56,-0.6,-1.63,-1.42,-1.32,-1.75,Abnormally Dry,2022-08-18 02:00:00
2022-08-19,3,2022,-0.82,-0.79,-0.86,-1.89,-1.64,-1.57,-2.01,Abnormally Dry,2022-08-19 02:00:00
2022-08-20,3,2022,-0.82,-0.78,-0.85,-1.89,-1.64,-1.56,-2.01,Abnormally Dry,2022-08-20 02:00:00
2022-08-21,3,2022,0.34,0.24,0.26,-0.31,-0.28,-0.18,-0.37,,2022-08-21 02:00:00
2022-08-22,3,2022,-0.3,-0.3,-0.35,-1.25,-1.06,-0.98,-1.31,,2022-08-22 02:00:00
2022-08-23,3,2022,-0.12,-0.15,-0.19,-1.06,-0.91,-0.82,-1.12,,2022-08-23 02:00:00
2022-08-24,3,2022,-0.82,-0.76,-0.85,-1.92,-1.64,-1.58,-2.01,Abnormally Dry,2022-08-24 02:00:00
2022-08-25,3,2022,-0.38,-0.34,-0.43,-1.31,-1.08,-1.05,-1.34,,2022-08-25 02:00:00
2022-08-26,3,2022,-0.82,-0.75,-0.85,-1.91,-1.62,-1.58,-1.99,Abnormally Dry,2022-08-26 02:00:00
2022-08-27,3,2022,-0.51,-0.45,-0.55,-1.56,-1.29,-1.25,-1.59,Abnormally Dry,2022-08-27 02:00:00
2022-08-28,3,2022,-0.28,-0.24,-0.32,-1.27,-1.03,-0.98,-1.28,,2022-08-28 02:00:00
2022-08-29,3,2022,-0.6,-0.54,-0.64,-1.63,-1.37,-1.33,-1.68,Abnormally Dry,2022-08-29 02:00:00
2022-08-30,3,2022,0.77,0.78,0.7,0.13,0.27,0.28,0.3,,2022-08-30 02:00:00
2022-08-31,3,2022,-0.76,-0.69,-0.79,-1.7,-1.44,-1.42,-1.77,Abnormally Dry,2022-08-31 02:00:00
2022-09-01,3,2022,-0.81,-0.72,-0.84,-1.87,-1.57,-1.54,-1.92,Abnormally Dry,2022-09-01 02:00:00
2022-09-02,3,2022,0.22,0.33,0.17,-0.59,-0.31,-0.37,-0.41,,2022-09-02 02:00:00
2022-09-03,3,2022,-0.46,-0.36,-0.5,-1.5,-1.19,-1.19,-1.47,,2022-09-03 02:00:00
2022-09-04,3,2022,0.16,0.26,0.11,-0.6,-0.35,-0.4,-0.45,,2022-09-04 02:00:00
2022-09-05,3,2022,-0.82,-0.74,-0.85,-1.88,-1.59,-1.56,-1.95,Abnormally Dry,2022-09-05 02:00:00
2022-09-06,3,2022,0.57,0.69,0.51,-0.16,0.1,0.02,0.1,,2022-09-06 02:00:00
2022-09-07,3,2022,-0.82,-0.73,-0.85,-1.93,-1.61,-1.59,-1.98,Abnormally Dry,2022-09-07 02:00:00
2022-09-08,3,2022,-0.82,-0.73,-0.84,-1.83,-1.54,-1.51,-1.89,Abnormally Dry,2022-09-08 02:00:00
2022-09-09,3,2022,0.96,1.07,0.9,0.37,0.59,0.5,0.69,,2022-09-09 02:00:00
2022-09-10,3,2022,0.1,0.19,0.05,-0.69,-0.44,-0.48,-0.56,,2022-09-10 02:00:00
2022-09-11,3,2022,-0.8,-0.72,-0.83,-1.82,-1.53,-1.51,-1.88,Abnormally Dry,2022-09-11 02:00:00
2022-09-12,3,2022,-0.82,-0.74,-0.84,-1.87,-1.58,-1.54,-1.93,Abnormally Dry,2022-09-12 02:00:00
2022-09-13,3,2022,-0.82,-0.72,-0.84,-1.89,-1.58,-1.56,-1.94,Abnormally Dry,2022-09-13 02:00:00
2022-09-14,3,2022,-0.82,-0.71,-0.84,-1.9,-1.57,-1.56,-1.93,Abnormally Dry,2022-09-14 02:00:00
2022-09-15,3,2022,-0.82,-0.71,-0.84,-1.9,-1.57,-1.56,-1.93,Abnormally Dry,2022-09-15 02:00:00
2022-09-16,3,2022,-0.82,-0.7,-0.83,-1.92,-1.58,-1.56,-1.94,Abnormally Dry,2022-09-16 02:00:00
2022-09-17,3,2022,-0.82,-0.7,-0.83,-1.85,-1.52,-1.51,-1.87,Abnormally Dry,2022-09-17 02:00:00
2022-09-18,3,2022,-0.82,-0.7,-0.83,-1.94,-1.59,-1.58,-1.96,Abnormally Dry,2022-09-18 02:00:00
2022-09-19,3,2022,-0.16,-0.03,-0.18,-1.06,-0.75,-0.78,-0.94,,2022-09-19 02:00:00
2022-09-20,3,2022,-0.52,-0.4,-0.54,-1.61,-1.27,-1.26,-1.57,Abnormally Dry,2022-09-20 02:00:00
2022-09-21,3,2022,-0.82,-0.71,-0.82,-1.83,-1.52,-1.49,-1.86,Abnormally Dry,2022-09-21 02:00:00
2022-09-22,3,2022,0.23,0.36,0.21,-0.64,-0.34,-0.37,-0.44,,2022-09-22 02:00:00
2022-09-23,3,2022,-0.24,-0.12,-0.25,-1.2,-0.89,-0.89,-1.1,,2022-09-23 02:00:00
2022-09-24,3,2022,2.7,2.77,2.65,2.59,2.68,2.57,3.21,,2022-09-24 02:00:00
2022-09-25,3,2022,-0.6,-0.48,-0.61,-1.65,-1.32,-1.31,-1.63,Abnormally Dry,2022-09-25 02:00:00
2022-09-26,3,2022,-0.58,-0.46,-0.59,-1.67,-1.33,-1.31,-1.64,Abnormally Dry,2022-09-26 02:00:00
2022-09-27,3,2022,-0.49,-0.36,-0.5,-1.61,-1.25,-1.24,-1.55,,2022-09-27 02:00:00
2022-09-28,3,2022,-0.64,-0.5,-0.65,-1.71,-1.36,-1.36,-1.67,Abnormally Dry,2022-09-28 02:00:00
2022-09-29,3,2022,1.62,1.68,1.58,1.13,1.29,1.25,1.53,,2022-09-29 02:00:00
2022-09-30,3,2022,-0.82,-0.69,-0.82,-1.95,-1.6,-1.57,-1.96,Abnormally Dry,2022-09-30 02:00:00
2022-10-01,3,2022,0.66,0.73,0.63,-0.06,0.15,0.15,0.15,,2022-10-01 02:00:00
2022-10-02,3,2022,-0.37,-0.27,-0.38,-1.42,-1.11,-1.08,-1.37,,2022-10-02 02:00:00
2022-10-03,3,2022,-0.25,-0.15,-0.26,-1.17,-0.88,-0.87,-1.1,,2022-10-03 02:00:00
2022-10-04,3,2022,0.43,0.5,0.41,-0.36,-0.14,-0.12,-0.19,,2022-10-04 02:00:00
2022-10-05,3,2022,-0.77,-0.66,-0.78,-1.82,-1.5,-1.48,-1.85,Abnormally Dry,2022-10-05 02:00:00
2022-10-06,3,2022,-0.27,-0.18,-0.28,-1.34,-1.03,-0.99,-1.28,,2022-10-06 02:00:00
2022-10-07,3,2022,-0.82,-0.74,-0.83,-1.85,-1.56,-1.52,-1.92,Abnormally Dry,2022-10-07 02:00:00
2022-10-08,3,2022,-0.62,-0.52,-0.63,-1.64,-1.34,-1.31,-1.65,Abnormally Dry,2022-10-08 02:00:00
2022-10-09,3,2022,-0.72,-0.62,-0.73,-1.81,-1.49,-1.45,-1.83,Abnormally Dry,2022-10-09 02:00:00
2022-10-10,3,2022,-0.0,0.16,-0.01,-0.91,-0.57,-0.62,-0.72,,2022-10-10 02:00:00
2022-10-11,3,2022,-0.82,-0.74,-0.82,-1.86,-1.57,-1.51,-1.93,Abnormally Dry,2022-10-11 02:00:00
2022-10-12,3,2022,-0.82,-0.74,-0.82,-1.99,-1.68,-1.6,-2.06,Abnormally Dry,2022-10-12 02:00:00
2022-10-13,3,2022,-0.78,-0.7,-0.78,-1.88,-1.58,-1.51,-1.94,Abnormally Dry,2022-10-13 02:00:00
2022-10-14,3,2022,-0.82,-0.72,-0.81,-1.92,-1.6,-1.54,-1.97,Abnormally Dry,2022-10-14 02:00:00
2022-10-15,3,2022,0.39,0.63,0.39,-0.4,-0.0,-0.14,-0.04,,2022-10-15 02:00:00
2022-10-16,3,2022,1.42,1.79,1.43,0.95,1.41,1.12,1.68,,2022-10-16 02:00:00
2022-10-17,3,2022,-0.31,-0.15,-0.31,-1.33,-0.97,-0.99,-1.2,,2022-10-17 02:00:00
2022-10-18,3,2022,-0.82,-0.72,-0.82,-1.9,-1.58,-1.54,-1.94,Abnormally Dry,2022-10-18 02:00:00
2022-10-19,3,2022,-0.82,-0.71,-0.82,-2.0,-1.65,-1.6,-2.03,Abnormally Dry,2022-10-19 02:00:00
2022-10-20,3,2022,0.5,0.79,0.51,-0.24,0.2,0.02,0.21,,2022-10-20 02:00:00
2022-10-21,3,2022,-0.82,-0.72,-0.82,-2.0,-1.67,-1.61,-2.05,Abnormally Dry,2022-10-21 02:00:00
2022-10-22,3,2022,-0.82,-0.71,-0.81,-1.92,-1.59,-1.54,-1.95,Abnormally Dry,2022-10-22 02:00:00
2022-10-23,3,2022,-0.32,-0.14,-0.31,-1.36,-0.97,-1.0,-1.21,,2022-10-23 02:00:00
2022-10-24,3,2022,-0.53,-0.39,-0.53,-1.63,-1.27,-1.26,-1.57,Abnormally Dry,2022-10-24 02:00:00
2022-10-25,3,2022,-0.4,-0.23,-0.39,-1.45,-1.07,-1.09,-1.32,,2022-10-25 02:00:00
2022-10-26,3,2022,-0.82,-0.71,-0.81,-1.93,-1.6,-1.55,-1.96,Abnormally Dry,2022-10-26 02:00:00
2022-10-27,3,2022,-0.82,-0.75,-0.81,-1.95,-1.65,-1.56,-2.03,Abnormally Dry,2022-10-27 02:00:00
2022-10-28,3,2022,-0.78,-0.69,-0.77,-1.89,-1.58,-1.51,-1.94,Abnormally Dry,2022-10-28 02:00:00
2022-10-29,3,2022,-0.13,0.21,-0.1,-1.01,-0.5,-0.69,-0.63,,2022-10-29 02:00:00
2022-10-30,3,2022,-0.16,0.17,-0.14,-1.14,-0.61,-0.79,-0.78,,2022-10-30 02:00:00
2022-10-31,3,2022,-0.04,0.33,-0.02,-0.86,-0.33,-0.57,-0.43,,2022-10-31 02:00:00
2022-11-01,3,2022,-0.47,-0.26,-0.45,-1.46,-1.05,-1.11,-1.3,,2022-11-01 02:00:00
2022-11-02,3,2022,-0.82,-0.72,-0.81,-1.94,-1.62,-1.56,-1.99,Abnormally Dry,2022-11-02 02:00:00
2022-11-03,3,2022,-0.39,-0.14,-0.37,-1.35,-0.91,-1.01,-1.13,,2022-11-03 02:00:00
2022-11-04,3,2022,0.9,1.64,0.95,0.27,1.13,0.53,1.33,,2022-11-04 02:00:00
2022-11-05,3,2022,-0.82,-0.72,-0.81,-1.94,-1.61,-1.56,-1.98,Abnormally Dry,2022-11-05 02:00:00
2022-11-06,3,2022,0.05,0.58,0.08,-0.82,-0.12,-0.5,-0.18,,2022-11-06 02:00:00
2022-11-07,3,2022,1.2,2.23,1.26,0.69,1.83,0.92,2.17,,2022-11-07 02:00:00
2022-11-08,3,2022,-0.82,-0.73,-0.81,-1.92,-1.61,-1.54,-1.97,Abnormally Dry,2022-11-08 02:00:00
2022-11-09,3,2022,-0.82,-0.73,-0.81,-2.01,-1.68,-1.6,-2.07,Abnormally Dry,2022-11-09 02:00:00
2022-11-10,3,2022,0.0,0.46,0.03,-0.92,-0.27,-0.58,-0.36,,2022-11-10 02:00:00
2022-11-11,3,2022,-0.82,-0.73,-0.81,-1.96,-1.64,-1.57,-2.02,Abnormally Dry,2022-11-11 02:00:00
2022-11-12,3,2022,-0.68,-0.51,-0.67,-1.7,-1.32,-1.35,-1.63,Abnormally Dry,2022-11-12 02:00:00
2022-11-13,3,2022,0.39,1.09,0.43,-0.39,0.46,-0.09,0.52,,2022-11-13 02:00:00
2022-11-14,3,2022,1.84,3.08,1.92,1.43,2.75,1.65,3.28,,2022-11-14 02:00:00
2022-11-15,3,2022,-0.82,-0.73,-0.81,-1.9,-1.6,-1.53,-1.96,Abnormally Dry,2022-11-15 02:00:00
2022-11-16,3,2022,-0.19,0.16,-0.17,-1.18,-0.63,-0.83,-0.79,,2022-11-16 02:00:00
2022-11-17,3,2022,3.39,4.58,3.45,3.46,4.64,3.5,5.57,,2022-11-17 02:00:00
2022-11-18,3,2022,1.07,1.62,1.1,0.38,1.07,0.64,1.25,,2022-11-18 02:00:00
2022-11-19,3,2022,0.0,0.3,0.02,-0.85,-0.38,-0.54,-0.49,,2022-11-19 02:00:00
2022-11-20,3,2022,-0.02,0.26,-0.01,-0.95,-0.49,-0.63,-0.62,,2022-11-20 02:00:00
2022-11-21,3,2022,-0.07,0.2,-0.06,-1.01,-0.55,-0.69,-0.7,,2022-11-21 02:00:00
2022-11-22,3,2022,-0.04,0.23,-0.02,-0.94,-0.49,-0.62,-0.63,,2022-11-22 02:00:00
2022-11-23,3,2022,2.07,2.71,2.11,1.74,2.45,1.89,2.92,,2022-11-23 02:00:00
2022-11-24,3,2022,-0.54,-0.42,-0.54,-1.52,-1.21,-1.19,-1.49,Abnormally Dry,2022-11-24 02:00:00
2022-11-25,3,2022,-0.37,-0.21,-0.37,-1.38,-1.01,-1.04,-1.26,,2022-11-25 02:00:00
2022-11-26,3,2022,0.16,0.42,0.18,-0.75,-0.31,-0.43,-0.4,,2022-11-26 02:00:00
2022-11-27,3,2022,0.8,1.16,0.82,0.1,0.6,0.35,0.69,,2022-11-27 02:00:00
2022-11-28,3,2022,0.6,0.93,0.62,-0.13,0.35,0.13,0.39,,2022-11-28 02:00:00
2022-11-29,3,2022,-0.34,-0.2,-0.33,-1.29,-0.96,-0.96,-1.19,,2022-11-29 02:00:00
2022-11-30,3,2022,0.24,0.48,0.25,-0.64,-0.23,-0.34,-0.31,,2022-11-30 02:00:00
2022-12-01,3,2022,1.0,1.37,1.03,0.33,0.83,0.58,0.97,,2022-12-01 02:00:00
2022-12-02,3,2022,-0.71,-0.66,-0.72,-1.85,-1.57,-1.48,-1.93,Abnormally Dry,2022-12-02 02:00:00
2022-12-03,3,2022,-0.82,-0.77,-0.83,-2.03,-1.74,-1.64,-2.13,Abnormally Dry,2022-12-03 02:00:00
2022-12-04,3,2022,-0.47,-0.36,-0.47,-1.47,-1.16,-1.13,-1.43,,2022-12-04 02:00:00
2022-12-05,3,2022,-0.15,0.02,-0.14,-1.16,-0.78,-0.81,-0.98,,2022-12-05 02:00:00
2022-12-06,3,2022,-0.82,-0.77,-0.82,-1.98,-1.7,-1.59,-2.08,Abnormally Dry,2022-12-06 02:00:00
2022-12-07,3,2022,1.26,1.65,1.3,0.63,1.15,0.88,1.35,,2022-12-07 02:00:00
2022-12-08,3,2022,-0.8,-0.74,-0.8,-1.88,-1.61,-1.52,-1.97,Abnormally Dry,2022-12-08 02:00:00
2022-12-09,3,2022,-0.82,-0.76,-0.82,-1.99,-1.69,-1.6,-2.08,Abnormally Dry,2022-12-09 02:00:00
2022-12-10,3,2022,-0.67,-0.59,-0.67,-1.81,-1.51,-1.43,-1.85,Abnormally Dry,2022-12-10 02:00:00
2022-12-11,3,2022,-0.82,-0.76,-0.82,-2.01,-1.71,-1.61,-2.1,Abnormally Dry,2022-12-11 02:00:00
2022-12-12,3,2022,3.96,4.29,3.98,4.08,4.38,4.06,5.26,,2022-12-12 02:00:00
2022-12-13,3,2022,-0.55,-0.46,-0.55,-1.62,-1.31,-1.26,-1.62,Abnormally Dry,2022-12-13 02:00:00
2022-12-14,3,2022,1.05,1.2,1.06,0.46,0.73,0.67,0.85,,2022-12-14 02:00:00
2022-12-15,3,2022,-0.28,-0.2,-0.28,-1.25,-0.98,-0.93,-1.21,,2022-12-15 02:00:00
2022-12-16,3,2022,-0.01,0.08,-0.0,-0.9,-0.63,-0.59,-0.8,,2022-12-16 02:00:00
2022-12-17,3,2022,2.69,2.76,2.68,2.48,2.59,2.54,3.11,,2022-12-17 02:00:00
2022-12-18,3,2022,-0.82,-0.77,-0.82,-1.91,-1.64,-1.54,-2.01,Abnormally Dry,2022-12-18 02:00:00
2022-12-19,3,2022,1.23,1.26,1.22,0.68,0.82,0.85,0.96,,2022-12-19 02:00:00
2022-12-20,3,2022,0.02,0.04,0.02,-0.89,-0.69,-0.59,-0.86,,2022-12-20 02:00:00
2022-12-21,3,2022,-0.64,-0.61,-0.64,-1.66,-1.42,-1.32,-1.75,Abnormally Dry,2022-12-21 02:00:00
2022-12-22,3,2022,-0.82,-0.78,-0.82,-1.94,-1.67,-1.56,-2.05,Abnormally Dry,2022-12-22 02:00:00
2022-12-23,3,2022,-0.48,-0.43,-0.48,-1.52,-1.26,-1.17,-1.56,,2022-12-23 02:00:00
2022-12-24,3,2022,-0.25,-0.19,-0.25,-1.27,-1.01,-0.93,-1.25,,2022-12-24 02:00:00
2022-12-25,3,2022,-0.41,-0.36,-0.41,-1.55,-1.27,-1.17,-1.57,,2022-12-25 02:00:00
2022-12-26,3,2022,0.22,0.3,0.23,-0.68,-0.42,-0.37,-0.54,,2022-12-26 02:00:00
2022-12-27,3,2022,2.78,2.8,2.76,2.58,2.64,2.62,3.16,,2022-12-27 02:00:00
2022-12-28,3,2022,-0.82,-0.78,-0.82,-2.02,-1.74,-1.62,-2.14,Abnormally Dry,2022-12-28 02:00:00
2022-12-29,3,2022,0.09,0.13,0.09,-0.83,-0.6,-0.52,-0.76,,2022-12-29 02:00:00
2022-12-30,3,2022,0.11,0.16,0.11,-0.81,-0.57,-0.5,-0.72,,2022-12-30 02:00:00
2022-12-31,3,2022,-0.82,-0.78,-0.82,-2.03,-1.75,-1.63,-2.15,Abnormally Dry,2022-12-31 02:00:00
2020-01-02,4,2020,-0.33,,,-1.09,,,,,2020-01-02 02:00:00
2020-01-03,4,2020,1.38,0.71,0.71,1.02,0.42,0.47,0.49,,2020-01-03 02:00:00
2020-01-04,4,2020,1.1,0.42,0.42,0.63,0.04,0.11,0.03,,2020-01-04 02:00:00
2020-01-05,4,2020,0.5,-0.21,-0.21,0.0,-0.61,-0.54,-0.75,,2020-01-05 02:00:00
2020-01-06,4,2020,1.27,0.68,0.68,0.89,0.38,0.43,0.44,,2020-01-06 02:00:00
2020-01-07,4,2020,-0.39,-1.23,-1.23,-1.24,-1.91,-1.8,-2.32,,2020-01-07 02:00:00
2020-01-08,4,2020,-0.03,-0.69,-0.69,-0.72,-1.24,-1.15,-1.52,,2020-01-08 02:00:00
2020-01-09,4,2020,1.55,1.16,1.16,1.35,1.0,1.03,1.2,,2020-01-09 02:00:00
2020-01-10,4,2020,-0.68,-1.35,-1.35,-1.58,-2.07,-1.95,-2.52,Abnormally Dry,2020-01-10 02:00:00
2020-01-11,4,2020,-0.33,-0.85,-0.85,-1.1,-1.46,-1.36,-1.79,,2020-01-11 02:00:00
2020-01-12,4,2020,1.76,1.36,1.36,1.58,1.22,1.24,1.45,,2020-01-12 02:00:00
2020-01-13,4,2020,-0.42,-0.95,-0.95,-1.22,-1.59,-1.48,-1.94,,2020-01-13 02:00:00
2020-01-14,4,2020,-0.36,-0.83,-0.83,-1.18,-1.49,-1.38,-1.82,,2020-01-14 02:00:00
2020-01-15,4,2020,-0.09,-0.5,-0.5,-0.85,-1.11,-1.0,-1.36,,2020-01-15 02:00:00
2020-01-16,4,2020,-0.38,-0.79,-0.79,-1.19,-1.44,-1.33,-1.76,,2020-01-16 02:00:00
2020-01-17,4,2020,2.18,1.84,1.84,1.99,1.69,1.71,2.02,,2020-01-17 02:00:00
2020-01-18,4,2020,0.27,-0.15,-0.15,-0.3,-0.61,-0.53,-0.75,,2020-01-18 02:00:00
2020-01-19,4,2020,-0.49,-0.92,-0.92,-1.33,-1.6,-1.48,-1.95,,2020-01-19 02:00:00
2020-01-20,4,2020,2.26,1.8,1.8,2.18,1.74,1.75,2.08,,2020-01-20 02:00:00
2020-01-21,4,2020,-0.03,-0.47,-0.47,-0.72,-1.03,-0.93,-1.26,,2020-01-21 02:00:00
2020-01-22,4,2020,0.5,0.07,0.07,-0.07,-0.39,-0.31,-0.49,,2020-01-22 02:00:00
2020-01-23,4,2020,0.84,0.41,0.41,0.4,0.06,0.12,0.05,,2020-01-23 02:00:00
2020-01-24,4,2020,0.75,0.3,0.3,0.23,-0.12,-0.05,-0.16,,2020-01-24 02:00:00
2020-01-25,4,2020,-0.67,-1.18,-1.18,-1.51,-1.85,-1.74,-2.25,Abnormally Dry,2020-01-25 02:00:00
2020-01-26,4,2020,-0.11,-0.56,-0.56,-0.83,-1.14,-1.04,-1.39,,2020-01-26 02:00:00
2020-01-27,4,2020,0.5,0.11,0.11,-0.14,-0.4,-0.31,-0.5,,2020-01-27 02:00:00
2020-01-28,4,2020,0.04,-0.4,-0.4,-0.7,-0.99,-0.89,-1.22,,2020-01-28 02:00:00
2020-01-29,4,2020,0.05,-0.38,-0.38,-0.62,-0.91,-0.83,-1.12,,2020-01-29 02:00:00
2020-01-30,4,2020,0.2,-0.21,-0.21,-0.44,-0.72,-0.64,-0.89,,2020-01-30 02:00:00
2020-01-31,4,2020,0.93,0.64,0.64,0.45,0.26,0.32,0.29,,2020-01-31 02:00:00
2020-02-01,4,2020,-0.78,-1.34,-1.34,-1.72,-2.09,-1.97,-2.55,Abnormally Dry,2020-02-01 02:00:00
2020-02-02,4,2020,0.42,0.07,0.07,-0.22,-0.44,-0.36,-0.56,,2020-02-02 02:00:00
2020-02-03,4,2020,3.14,2.82,2.82,3.23,2.89,2.88,3.47,,2020-02-03 02:00:00
2020-02-04,4,2020,2.35,1.86,1.86,2.21,1.75,1.77,2.09,,2020-02-04 02:00:00
2020-02-05,4,2020,-0.73,-1.18,-1.18,-1.61,-1.89,-1.77,-2.3,Abnormally Dry,2020-02-05 02:00:00
2020-02-06,4,2020,0.81,0.34,0.34,0.4,0.01,0.07,-0.0,,2020-02-06 02:00:00
2020-02-07,4,2020,-0.78,-1.22,-1.22,-1.76,-2.0,-1.87,-2.44,Abnormally Dry,2020-02-07 02:00:00
2020-02-08,4,2020,0.41,-0.03,-0.03,-0.13,-0.46,-0.39,-0.57,,2020-02-08 02:00:00
2020-02-09,4,2020,-0.56,-0.99,-0.99,-1.48,-1.72,-1.6,-2.1,Abnormally Dry,2020-02-09 02:00:00
2020-02-10,4,2020,-0.74,-1.13,-1.13,-1.67,-1.87,-1.75,-2.29,Abnormally Dry,2020-02-10 02:00:00
2020-02-11,4,2020,1.25,0.86,0.86,0.89,0.57,0.62,0.67,,2020-02-11 02:00:00
2020-02-12,4,2020,-0.78,-1.17,-1.17,-1.7,-1.9,-1.78,-2.32,Abnormally Dry,2020-02-12 02:00:00
2020-02-13,4,2020,-0.46,-0.83,-0.83,-1.26,-1.47,-1.37,-1.8,,2020-02-13 02:00:00
2020-02-14,4,2020,0.2,-0.16,-0.16,-0.45,-0.68,-0.59,-0.84,,2020-02-14 02:00:00
2020-02-15,4,2020,2.78,2.3,2.3,2.81,2.32,2.32,2.79,,2020-02-15 02:00:00
2020-02-16,4,2020,1.38,0.92,0.92,1.01,0.63,0.68,0.74,,2020-02-16 02:00:00
2020-02-17,4,2020,-0.43,-0.82,-0.82,-1.27,-1.49,-1.38,-1.82,,2020-02-17 02:00:00
2020-02-18,4,2020,-0.77,-1.12,-1.12,-1.75,-1.91,-1.78,-2.33,Abnormally Dry,2020-02-18 02:00:00
2020-02-19,4,2020,0.41,0.03,0.03,-0.18,-0.44,-0.37,-0.56,,2020-02-19 02:00:00
2020-02-20,4,2020,0.61,0.22,0.22,0.07,-0.22,-0.14,-0.28,,2020-02-20 02:00:00
2020-02-21,4,2020,0.47,0.08,0.08,-0.15,-0.42,-0.34,-0.53,,2020-02-21 02:00:00
2020-02-22,4,2020,-0.11,-0.49,-0.49,-0.85,-1.08,-0.98,-1.33,,2020-02-22 02:00:00
2020-02-23,4,2020,-0.31,-0.69,-0.69,-1.09,-1.31,-1.21,-1.61,,2020-02-23 02:00:00
2020-02-24,4,2020,-0.72,-1.08,-1.08,-1.7,-1.87,-1.73,-2.28,Abnormally Dry,2020-02-24 02:00:00
2020-02-25,4,2020,-0.06,-0.41,-0.41,-0.77,-0.98,-0.88,-1.2,,2020-02-25 02:00:00
2020-02-26,4,2020,-0.47,-0.81,-0.81,-1.39,-1.54,-1.42,-1.89,,2020-02-26 02:00:00
2020-02-27,4,2020,-0.52,-0.85,-0.85,-1.41,-1.56,-1.44,-1.91,Abnormally Dry,2020-02-27 02:00:00
2020-02-28,4,2020,-0.78,-1.1,-1.1,-1.85,-1.95,-1.81,-2.39,Abnormally Dry,2020-02-28 02:00:00
2020-02-29,4,2020,0.65,0.37,0.37,0.15,-0.03,0.04,-0.06,,2020-02-29 02:00:00
2020-03-01,4,2020,0.19,-0.11,-0.11,-0.45,-0.62,-0.54,-0.78,,2020-03-01 02:00:00
2020-03-02,4,2020,0.51,0.22,0.22,-0.04,-0.22,-0.15,-0.29,,2020-03-02 02:00:00
2020-03-03,4,2020,-0.63,-0.96,-0.96,-1.55,-1.7,-1.57,-2.07,Abnormally Dry,2020-03-03 02:00:00
2020-03-04,4,2020,-0.43,-0.74,-0.74,-1.24,-1.39,-1.28,-1.7,,2020-03-04 02:00:00
2020-03-05,4,2020,-0.35,-0.65,-0.65,-1.1,-1.25,-1.15,-1.53,,2020-03-05 02:00:00
2020-03-06,4,2020,-0.53,-0.83,-0.83,-1.51,-1.62,-1.48,-1.98,Abnormally Dry,2020-03-06 02:00:00
2020-03-07,4,2020,-0.22,-0.5,-0.5,-0.96,-1.1,-1.0,-1.34,,2020-03-07 02:00:00
2020-03-08,4,2020,1.05,0.85,0.85,0.66,0.54,0.59,0.63,,2020-03-08 02:00:00
2020-03-09,4,2020,-0.78,-1.09,-1.09,-1.72,-1.85,-1.72,-2.25,Abnormally Dry,2020-03-09 02:00:00
2020-03-10,4,2020,-0.72,-1.01,-1.01,-1.65,-1.75,-1.63,-2.14,Abnormally Dry,2020-03-10 02:00:00
2020-03-11,4,2020,-0.47,-0.74,-0.74,-1.27,-1.38,-1.28,-1.69,,2020-03-11 02:00:00
2020-03-12,4,2020,-0.54,-0.8,-0.8,-1.51,-1.57,-1.44,-1.93,Abnormally Dry,2020-03-12 02:00:00
2020-03-13,4,2020,-0.47,-0.71,-0.71,-1.4,-1.45,-1.33,-1.78,,2020-03-13 02:00:00
2020-03-14,4,2020,-0.78,-1.04,-1.04,-1.7,-1.77,-1.65,-2.16,Abnormally Dry,2020-03-14 02:00:00
2020-03-15,4,2020,1.73,1.62,1.62,1.45,1.4,1.44,1.67,,2020-03-15 02:00:00
2020-03-16,4,2020,0.57,0.39,0.39,0.01,-0.06,0.02,-0.09,,2020-03-16 02:00:00
2020-03-17,4,2020,-0.58,-0.84,-0.84,-1.56,-1.62,-1.49,-1.99,Abnormally Dry,2020-03-17 02:00:00
2020-03-18,4,2020,-0.53,-0.77,-0.77,-1.43,-1.49,-1.37,-1.82,Abnormally Dry,2020-03-18 02:00:00
2020-03-19,4,2020,-0.64,-0.89,-0.89,-1.56,-1.63,-1.5,-1.99,Abnormally Dry,2020-03-19 02:00:00
2020-03-20,4,2020,0.11,-0.07,-0.07,-0.62,-0.66,-0.56,-0.82,,2020-03-20 02:00:00
2020-03-21,4,2020,-0.21,-0.42,-0.42,-1.02,-1.07,-0.96,-1.32,,2020-03-21 02:00:00
2020-03-22,4,2020,-0.78,-1.03,-1.03,-1.83,-1.87,-1.73,-2.28,Abnormally Dry,2020-03-22 02:00:00
2020-03-23,4,2020,3.14,3.03,3.03,3.28,3.14,3.12,3.77,,2020-03-23 02:00:00
2020-03-24,4,2020,-0.08,-0.28,-0.28,-0.78,-0.84,-0.75,-1.03,,2020-03-24 02:00:00
2020-03-25,4,2020,1.71,1.53,1.53,1.38,1.26,1.31,1.5,,2020-03-25 02:00:00
2020-03-26,4,2020,-0.61,-0.83,-0.83,-1.57,-1.6,-1.47,-1.95,Abnormally Dry,2020-03-26 02:00:00
2020-03-27,4,2020,-0.38,-0.6,-0.6,-1.2,-1.25,-1.14,-1.54,,2020-03-27 02:00:00
2020-03-28,4,2020,-0.78,-1.0,-1.0,-1.68,-1.72,-1.6,-2.1,Abnormally Dry,2020-03-28 02:00:00
2020-03-29,4,2020,-0.48,-0.69,-0.69,-1.36,-1.39,-1.27,-1.7,,2020-03-29 02:00:00
2020-03-30,4,2020,-0.78,-0.98,-0.98,-1.76,-1.77,-1.64,-2.16,Abnormally Dry,2020-03-30 02:00:00
2020-03-31,4,2020,-0.44,-0.63,-0.63,-1.42,-1.42,-1.28,-1.74,,2020-03-31 02:00:00
2020-04-01,4,2020,-0.43,-0.61,-0.61,-1.34,-1.33,-1.21,-1.64,,2020-04-01 02:00:00
2020-04-02,4,2020,1.76,1.65,1.64,1.5,1.45,1.47,1.72,,2020-04-02 02:00:00
2020-04-03,4,2020,-0.49,-0.66,-0.68,-1.37,-1.36,-1.27,-1.67,,2020-04-03 02:00:00
2020-04-04,4,2020,1.09,0.96,0.95,0.62,0.58,0.64,0.68,,2020-04-04 02:00:00
2020-04-05,4,2020,0.5,0.37,0.33,-0.14,-0.14,-0.1,-0.2,,2020-04-05 02:00:00
2020-04-06,4,2020,0.28,0.13,0.11,-0.37,-0.39,-0.32,-0.49,,2020-04-06 02:00:00
2020-04-07,4,2020,2.15,2.01,2.01,2.06,1.94,1.95,2.33,,2020-04-07 02:00:00
2020-04-08,4,2020,1.43,1.27,1.25,1.07,0.98,1.01,1.16,,2020-04-08 02:00:00
2020-04-09,4,2020,-0.59,-0.78,-0.81,-1.47,-1.48,-1.4,-1.81,Abnormally Dry,2020-04-09 02:00:00
2020-04-10,4,2020,-0.34,-0.53,-0.56,-1.18,-1.2,-1.12,-1.47,,2020-04-10 02:00:00
2020-04-11,4,2020,-0.78,-0.96,-1.0,-1.87,-1.83,-1.73,-2.24,Abnormally Dry,2020-04-11 02:00:00
2020-04-12,4,2020,2.05,1.89,1.87,1.87,1.74,1.75,2.08,,2020-04-12 02:00:00
2020-04-13,4,2020,-0.67,-0.85,-0.88,-1.67,-1.65,-1.55,-2.02,Abnormally Dry,2020-04-13 02:00:00
2020-04-14,4,2020,0.9,0.72,0.71,0.39,0.31,0.37,0.35,,2020-04-14 02:00:00
2020-04-15,4,2020,-0.6,-0.78,-0.81,-1.53,-1.52,-1.43,-1.86,Abnormally Dry,2020-04-15 02:00:00
2020-04-16,4,2020,-0.45,-0.61,-0.65,-1.31,-1.3,-1.23,-1.59,,2020-04-16 02:00:00
2020-04-17,4,2020,-0.47,-0.62,-0.67,-1.31,-1.3,-1.23,-1.59,,2020-04-17 02:00:00
2020-04-18,4,2020,-0.72,-0.87,-0.92,-1.63,-1.6,-1.53,-1.96,Abnormally Dry,2020-04-18 02:00:00
2020-04-19,4,2020,-0.23,-0.35,-0.41,-1.11,-1.06,-1.0,-1.3,,2020-04-19 02:00:00
2020-04-20,4,2020,1.27,1.19,1.12,0.96,0.94,0.92,1.12,,2020-04-20 02:00:00
2020-04-21,4,2020,-0.56,-0.7,-0.76,-1.44,-1.41,-1.35,-1.72,Abnormally Dry,2020-04-21 02:00:00
2020-04-22,4,2020,-0.77,-0.89,-0.97,-1.7,-1.63,-1.59,-1.99,Abnormally Dry,2020-04-22 02:00:00
2020-04-23,4,2020,-0.24,-0.34,-0.42,-1.11,-1.04,-1.0,-1.28,,2020-04-23 02:00:00
2020-04-24,4,2020,-0.38,-0.48,-0.56,-1.31,-1.22,-1.18,-1.51,,2020-04-24 02:00:00
2020-04-25,4,2020,-0.32,-0.42,-0.5,-1.18,-1.11,-1.08,-1.37,,2020-04-25 02:00:00
2020-04-26,4,2020,1.5,1.44,1.39,1.11,1.13,1.13,1.34,,2020-04-26 02:00:00
2020-04-27,4,2020,1.82,1.72,1.69,1.65,1.58,1.57,1.89,,2020-04-27 02:00:00
2020-04-28,4,2020,0.54,0.42,0.37,-0.02,-0.03,-0.0,-0.05,,2020-04-28 02:00:00
2020-04-29,4,2020,-0.43,-0.55,-0.63,-1.22,-1.18,-1.15,-1.45,,2020-04-29 02:00:00
2020-04-30,4,2020,-0.78,-0.89,-0.99,-1.75,-1.67,-1.64,-2.04,Abnormally Dry,2020-04-30 02:00:00
2020-05-01,4,2020,1.2,1.09,1.06,0.71,0.7,0.73,0.82,,2020-05-01 02:00:00
2020-05-02,4,2020,2.0,1.83,1.85,1.72,1.61,1.67,1.92,,2020-05-02 02:00:00
2020-05-03,4,2020,-0.71,-0.83,-0.92,-1.59,-1.53,-1.51,-1.87,Abnormally Dry,2020-05-03 02:00:00
2020-05-04,4,2020,-0.49,-0.59,-0.69,-1.36,-1.29,-1.27,-1.58,,2020-05-04 02:00:00
2020-05-05,4,2020,0.08,0.01,-0.11,-0.71,-0.63,-0.64,-0.78,,2020-05-05 02:00:00
2020-05-06,4,2020,1.23,1.22,1.07,0.77,0.85,0.77,1.01,,2020-05-06 02:00:00
2020-05-07,4,2020,-0.78,-0.91,-1.0,-1.68,-1.63,-1.6,-1.99,Abnormally Dry,2020-05-07 02:00:00
2020-05-08,4,2020,-0.45,-0.55,-0.65,-1.38,-1.29,-1.27,-1.59,,2020-05-08 02:00:00
2020-05-09,4,2020,-0.19,-0.28,-0.38,-1.09,-1.0,-0.98,-1.23,,2020-05-09 02:00:00
2020-05-10,4,2020,-0.74,-0.87,-0.94,-1.69,-1.63,-1.58,-2.0,Abnormally Dry,2020-05-10 02:00:00
2020-05-11,4,2020,-0.21,-0.28,-0.39,-1.07,-0.97,-0.96,-1.19,,2020-05-11 02:00:00
2020-05-12,4,2020,0.29,0.24,0.13,-0.49,-0.38,-0.39,-0.49,,2020-05-12 02:00:00
2020-05-13,4,2020,0.75,0.72,0.61,0.21,0.29,0.25,0.32,,2020-05-13 02:00:00
2020-05-14,4,2020,-0.7,-0.82,-0.9,-1.7,-1.62,-1.56,-1.98,Abnormally Dry,2020-05-14 02:00:00
2020-05-15,4,2020,-0.54,-0.65,-0.74,-1.54,-1.45,-1.41,-1.78,Abnormally Dry,2020-05-15 02:00:00
2020-05-16,4,2020,-0.25,-0.31,-0.43,-1.13,-1.01,-1.02,-1.25,,2020-05-16 02:00:00
2020-05-17,4,2020,0.02,0.0,-0.14,-0.77,-0.63,-0.67,-0.79,,2020-05-17 02:00:00
2020-05-18,4,2020,0.01,-0.02,-0.15,-0.8,-0.66,-0.69,-0.83,,2020-05-18 02:00:00
2020-05-19,4,2020,-0.77,-0.9,-0.97,-1.7,-1.64,-1.59,-2.01,Abnormally Dry,2020-05-19 02:00:00
2020-05-20,4,2020,0.43,0.48,0.3,-0.26,-0.07,-0.16,-0.11,,2020-05-20 02:00:00
2020-05-21,4,2020,0.42,0.46,0.28,-0.41,-0.2,-0.27,-0.28,,2020-05-21 02:00:00
2020-05-22,4,2020,-0.39,-0.46,-0.57,-1.27,-1.16,-1.16,-1.43,,2020-05-22 02:00:00
2020-05-23,4,2020,-0.78,-0.9,-0.99,-1.77,-1.69,-1.65,-2.07,Abnormally Dry,2020-05-23 02:00:00
2020-05-24,4,2020,-0.78,-0.9,-0.98,-1.85,-1.76,-1.7,-2.15,Abnormally Dry,2020-05-24 02:00:00
2020-05-25,4,2020,0.92,1.03,0.84,0.35,0.57,0.46,0.67,,2020-05-25 02:00:00
2020-05-26,4,2020,-0.39,-0.46,-0.57,-1.32,-1.2,-1.19,-1.48,,2020-05-26 02:00:00
2020-05-27,4,2020,0.86,0.93,0.77,0.3,0.48,0.39,0.55,,2020-05-27 02:00:00
2020-05-28,4,2020,0.09,0.05,-0.06,-0.63,-0.52,-0.54,-0.66,,2020-05-28 02:00:00
2020-05-29,4,2020,2.33,2.49,2.32,2.27,2.44,2.28,2.93,,2020-05-29 02:00:00
2020-05-30,4,2020,1.45,1.49,1.37,1.14,1.24,1.17,1.48,,2020-05-30 02:00:00
2020-05-31,4,2020,-0.76,-0.89,-0.97,-1.82,-1.74,-1.67,-2.13,Abnormally Dry,2020-05-31 02:00:00
2020-06-01,4,2020,0.16,0.1,0.0,-0.58,-0.49,-0.49,-0.62,,2020-06-01 02:00:00
2020-06-02,4,2020,-0.78,-0.91,-0.99,-1.75,-1.69,-1.64,-2.06,Abnormally Dry,2020-06-02 02:00:00
2020-06-03,4,2020,-0.78,-0.91,-0.99,-1.82,-1.74,-1.68,-2.13,Abnormally Dry,2020-06-03 02:00:00
2020-06-04,4,2020,-0.6,-0.71,-0.79,-1.58,-1.49,-1.44,-1.83,Abnormally Dry,2020-06-04 02:00:00
2020-06-05,4,2020,-0.62,-0.73,-0.81,-1.51,-1.44,-1.4,-1.77,Abnormally Dry,2020-06-05 02:00:00
2020-06-06,4,2020,3.19,3.17,3.15,3.31,3.27,3.23,3.93,,2020-06-06 02:00:00
2020-06-07,4,2020,-0.69,-0.78,-0.87,-1.64,-1.54,-1.5,-1.88,Abnormally Dry,2020-06-07 02:00:00
2020-06-08,4,2020,-0.18,-0.27,-0.34,-1.09,-1.0,-0.95,-1.23,,2020-06-08 02:00:00
2020-06-09,4,2020,-0.58,-0.68,-0.75,-1.54,-1.45,-1.39,-1.77,Abnormally Dry,2020-06-09 02:00:00
2020-06-10,4,2020,-0.78,-0.88,-0.96,-1.7,-1.62,-1.58,-1.98,Abnormally Dry,2020-06-10 02:00:00
2020-06-11,4,2020,-0.32,-0.41,-0.48,-1.19,-1.11,-1.06,-1.37,,2020-06-11 02:00:00
2020-06-12,4,2020,0.79,0.71,0.68,0.14,0.19,0.25,0.2,,2020-06-12 02:00:00
2020-06-13,4,2020,-0.67,-0.77,-0.84,-1.73,-1.62,-1.54,-1.98,Abnormally Dry,2020-06-13 02:00:00
2020-06-14,4,2020,-0.76,-0.84,-0.93,-1.73,-1.62,-1.58,-1.98,Abnormally Dry,2020-06-14 02:00:00
2020-06-15,4,2020,-0.77,-0.85,-0.93,-1.86,-1.72,-1.65,-2.11,Abnormally Dry,2020-06-15 02:00:00
2020-06-16,4,2020,2.23,2.15,2.17,2.07,2.02,2.06,2.42,,2020-06-16 02:00:00
2020-06-17,4,2020,-0.7,-0.79,-0.86,-1.68,-1.57,-1.51,-1.93,Abnormally Dry,2020-06-17 02:00:00
2020-06-18,4,2020,-0.78,-0.86,-0.94,-1.82,-1.69,-1.63,-2.07,Abnormally Dry,2020-06-18 02:00:00
2020-06-19,4,2020,-0.05,-0.13,-0.18,-0.82,-0.74,-0.69,-0.92,,2020-06-19 02:00:00
2020-06-20,4,2020,1.89,1.76,1.81,1.6,1.53,1.62,1.82,,2020-06-20 02:00:00
2020-06-21,4,2020,-0.64,-0.73,-0.8,-1.67,-1.55,-1.49,-1.91,Abnormally Dry,2020-06-21 02:00:00
2020-06-22,4,2020,6.15,5.2,5.61,7.07,5.93,6.22,6.0,,2020-06-22 02:00:00
2020-06-23,4,2020,-0.53,-0.56,-0.65,-1.49,-1.33,-1.29,-1.63,Abnormally Dry,2020-06-23 02:00:00
2020-06-24,4,2020,-0.61,-0.63,-0.72,-1.69,-1.49,-1.44,-1.83,Abnormally Dry,2020-06-24 02:00:00
2020-06-25,4,2020,-0.78,-0.77,-0.88,-1.74,-1.54,-1.52,-1.89,Abnormally Dry,2020-06-25 02:00:00
2020-06-26,4,2020,0.34,0.2,0.18,-0.24,-0.26,-0.2,-0.34,,2020-06-26 02:00:00
2020-06-27,4,2020,-0.16,-0.25,-0.29,-1.04,-0.95,-0.87,-1.18,,2020-06-27 02:00:00
2020-06-28,4,2020,-0.78,-0.79,-0.88,-1.79,-1.6,-1.55,-1.96,Abnormally Dry,2020-06-28 02:00:00
2020-06-29,4,2020,-0.42,-0.47,-0.53,-1.4,-1.25,-1.18,-1.54,,2020-06-29 02:00:00
2020-06-30,4,2020,-0.67,-0.69,-0.77,-1.66,-1.48,-1.43,-1.81,Abnormally Dry,2020-06-30 02:00:00
2020-07-01,4,2020,-0.69,-0.69,-0.78,-1.66,-1.47,-1.43,-1.8,Abnormally Dry,2020-07-01 02:00:00
2020-07-02,4,2020,-0.44,-0.47,-0.54,-1.34,-1.19,-1.14,-1.46,,2020-07-02 02:00:00
2020-07-03,4,2020,-0.78,-0.75,-0.86,-1.79,-1.56,-1.53,-1.91,Abnormally Dry,2020-07-03 02:00:00
2020-07-04,4,2020,-0.74,-0.7,-0.82,-1.75,-1.51,-1.49,-1.85,Abnormally Dry,2020-07-04 02:00:00
2020-07-05,4,2020,0.89,0.72,0.73,0.2,0.17,0.27,0.17,,2020-07-05 02:00:00
2020-07-06,4,2020,-0.74,-0.69,-0.82,-1.72,-1.47,-1.47,-1.8,Abnormally Dry,2020-07-06 02:00:00
2020-07-07,4,2020,-0.05,-0.06,-0.16,-0.87,-0.71,-0.7,-0.89,,2020-07-07 02:00:00
2020-07-08,4,2020,-0.78,-0.72,-0.86,-1.75,-1.5,-1.51,-1.83,Abnormally Dry,2020-07-08 02:00:00
2020-07-09,4,2020,0.08,0.06,-0.03,-0.77,-0.62,-0.6,-0.78,,2020-07-09 02:00:00
2020-07-10,4,2020,-0.73,-0.67,-0.81,-1.76,-1.5,-1.5,-1.84,Abnormally Dry,2020-07-10 02:00:00
2020-07-11,4,2020,-0.54,-0.49,-0.62,-1.58,-1.32,-1.32,-1.63,Abnormally Dry,2020-07-11 02:00:00
2020-07-12,4,2020,1.99,1.78,1.8,1.68,1.54,1.6,1.83,,2020-07-12 02:00:00
2020-07-13,4,2020,-0.74,-0.67,-0.82,-1.81,-1.52,-1.53,-1.87,Abnormally Dry,2020-07-13 02:00:00
2020-07-14,4,2020,-0.03,-0.04,-0.14,-0.87,-0.71,-0.7,-0.89,,2020-07-14 02:00:00
2020-07-15,4,2020,-0.3,-0.28,-0.4,-1.17,-0.98,-0.98,-1.21,,2020-07-15 02:00:00
2020-07-16,4,2020,-0.19,-0.19,-0.29,-1.13,-0.94,-0.92,-1.17,,2020-07-16 02:00:00
2020-07-17,4,2020,0.77,0.67,0.64,0.21,0.22,0.27,0.25,,2020-07-17 02:00:00
2020-07-18,4,2020,-0.55,-0.52,-0.64,-1.57,-1.34,-1.32,-1.64,Abnormally Dry,2020-07-18 02:00:00
2020-07-19,4,2020,-0.61,-0.55,-0.69,-1.6,-1.34,-1.35,-1.65,Abnormally Dry,2020-07-19 02:00:00
2020-07-20,4,2020,-0.48,-0.44,-0.56,-1.47,-1.23,-1.22,-1.51,,2020-07-20 02:00:00
2020-07-21,4,2020,-0.21,-0.2,-0.3,-1.07,-0.89,-0.88,-1.1,,2020-07-21 02:00:00
2020-07-22,4,2020,0.51,0.45,0.4,-0.12,-0.06,-0.02,-0.09,,2020-07-22 02:00:00
2020-07-23,4,2020,3.21,2.75,2.96,3.27,2.8,3.0,3.36,,2020-07-23 02:00:00
2020-07-24,4,2020,-0.78,-0.73,-0.86,-1.79,-1.54,-1.53,-1.88,Abnormally Dry,2020-07-24 02:00:00
2020-07-25,4,2020,0.06,0.02,-0.05,-0.72,-0.61,-0.57,-0.76,,2020-07-25 02:00:00
2020-07-26,4,2020,0.14,0.11,0.03,-0.64,-0.51,-0.49,-0.65,,2020-07-26 02:00:00
2020-07-27,4,2020,-0.62,-0.55,-0.7,-1.63,-1.36,-1.38,-1.67,Abnormally Dry,2020-07-27 02:00:00
2020-07-28,4,2020,1.32,1.14,1.16,0.84,0.76,0.84,0.89,,2020-07-28 02:00:00
2020-07-29,4,2020,0.12,0.07,0.0,-0.73,-0.61,-0.57,-0.77,,2020-07-29 02:00:00
2020-07-30,4,2020,-0.78,-0.71,-0.86,-1.89,-1.6,-1.6,-1.96,Abnormally Dry,2020-07-30 02:00:00
2020-07-31,4,2020,-0.78,-0.69,-0.86,-1.83,-1.53,-1.56,-1.88,Abnormally Dry,2020-07-31 02:00:00
2020-08-01,4,2020,-0.17,-0.15,-0.27,-1.08,-0.88,-0.88,-1.09,,2020-08-01 02:00:00
2020-08-02,4,2020,-0.78,-0.69,-0.85,-1.8,-1.5,-1.53,-1.85,Abnormally Dry,2020-08-02 02:00:00
2020-08-03,4,2020,-0.78,-0.68,-0.85,-1.84,-1.53,-1.56,-1.88,Abnormally Dry,2020-08-03 02:00:00
2020-08-04,4,2020,1.74,1.57,1.58,1.35,1.26,1.32,1.5,,2020-08-04 02:00:00
2020-08-05,4,2020,0.13,0.13,0.03,-0.66,-0.51,-0.5,-0.64,,2020-08-05 02:00:00
2020-08-06,4,2020,-0.78,-0.69,-0.85,-1.76,-1.47,-1.5,-1.81,Abnormally Dry,2020-08-06 02:00:00
2020-08-07,4,2020,-0.48,-0.41,-0.55,-1.48,-1.21,-1.22,-1.49,,2020-08-07 02:00:00
2020-08-08,4,2020,-0.12,-0.1,-0.21,-0.99,-0.79,-0.79,-0.99,,2020-08-08 02:00:00
2020-08-09,4,2020,-0.2,-0.17,-0.29,-1.16,-0.94,-0.93,-1.17,,2020-08-09 02:00:00
2020-08-10,4,2020,-0.73,-0.64,-0.8,-1.74,-1.45,-1.47,-1.78,Abnormally Dry,2020-08-10 02:00:00
2020-08-11,4,2020,-0.78,-0.67,-0.85,-1.77,-1.46,-1.51,-1.79,Abnormally Dry,2020-08-11 02:00:00
2020-08-12,4,2020,0.74,0.68,0.63,0.13,0.2,0.23,0.21,,2020-08-12 02:00:00
2020-08-13,4,2020,-0.78,-0.68,-0.85,-1.83,-1.52,-1.55,-1.86,Abnormally Dry,2020-08-13 02:00:00
2020-08-14,4,2020,-0.78,-0.67,-0.85,-1.93,-1.59,-1.62,-1.95,Abnormally Dry,2020-08-14 02:00:00
2020-08-15,4,2020,-0.44,-0.37,-0.51,-1.47,-1.19,-1.2,-1.47,,2020-08-15 02:00:00
2020-08-16,4,2020,-0.19,-0.13,-0.26,-1.1,-0.86,-0.87,-1.06,,2020-08-16 02:00:00
2020-08-17,4,2020,-0.78,-0.67,-0.84,-1.87,-1.55,-1.57,-1.9,Abnormally Dry,2020-08-17 02:00:00
2020-08-18,4,2020,-0.78,-0.65,-0.84,-1.78,-1.45,-1.51,-1.78,Abnormally Dry,2020-08-18 02:00:00
2020-08-19,4,2020,-0.55,-0.43,-0.6,-1.53,-1.21,-1.25,-1.49,Abnormally Dry,2020-08-19 02:00:00
2020-08-20,4,2020,-0.73,-0.59,-0.78,-1.8,-1.44,-1.49,-1.77,Abnormally Dry,2020-08-20 02:00:00
2020-08-21,4,2020,2.37,2.08,2.24,2.22,1.96,2.14,2.35,,2020-08-21 02:00:00
2020-08-22,4,2020,-0.78,-0.65,-0.83,-1.86,-1.51,-1.55,-1.86,Abnormally Dry,2020-08-22 02:00:00
2020-08-23,4,2020,-0.59,-0.47,-0.64,-1.7,-1.35,-1.38,-1.67,Abnormally Dry,2020-08-23 02:00:00
2020-08-24,4,2020,-0.78,-0.64,-0.83,-1.95,-1.58,-1.61,-1.94,Abnormally Dry,2020-08-24 02:00:00
2020-08-25,4,2020,-0.78,-0.62,-0.83,-1.77,-1.41,-1.49,-1.74,Abnormally Dry,2020-08-25 02:00:00
2020-08-26,4,2020,-0.6,-0.46,-0.65,-1.66,-1.31,-1.36,-1.61,Abnormally Dry,2020-08-26 02:00:00
2020-08-27,4,2020,-0.43,-0.28,-0.47,-1.41,-1.07,-1.13,-1.32,,2020-08-27 02:00:00
2020-08-28,4,2020,0.65,0.69,0.58,0.07,0.22,0.19,0.25,,2020-08-28 02:00:00
2020-08-29,4,2020,-0.72,-0.55,-0.77,-1.81,-1.42,-1.5,-1.75,Abnormally Dry,2020-08-29 02:00:00
2020-08-30,4,2020,-0.69,-0.51,-0.74,-1.69,-1.31,-1.41,-1.61,Abnormally Dry,2020-08-30 02:00:00
2020-08-31,4,2020,-0.78,-0.59,-0.82,-1.86,-1.45,-1.54,-1.79,Abnormally Dry,2020-08-31 02:00:00
2020-09-01,4,2020,-0.78,-0.59,-0.82,-1.89,-1.48,-1.56,-1.82,Abnormally Dry,2020-09-01 02:00:00
2020-09-02,4,2020,-0.4,-0.25,-0.44,-1.4,-1.05,-1.11,-1.3,,2020-09-02 02:00:00
2020-09-03,4,2020,-0.78,-0.59,-0.81,-1.79,-1.4,-1.48,-1.72,Abnormally Dry,2020-09-03 02:00:00
2020-09-04,4,2020,0.56,0.67,0.51,-0.13,0.12,0.05,0.11,,2020-09-04 02:00:00
2020-09-05,4,2020,-0.78,-0.59,-0.81,-1.89,-1.48,-1.55,-1.82,Abnormally Dry,2020-09-05 02:00:00
2020-09-06,4,2020,-0.23,-0.07,-0.27,-1.15,-0.81,-0.88,-1.0,,2020-09-06 02:00:00
2020-09-07,4,2020,1.16,1.21,1.11,0.54,0.71,0.69,0.83,,2020-09-07 02:00:00
2020-09-08,4,2020,0.59,0.67,0.54,-0.08,0.13,0.09,0.13,,2020-09-08 02:00:00
2020-09-09,4,2020,0.57,0.64,0.53,-0.13,0.08,0.06,0.07,,2020-09-09 02:00:00
2020-09-10,4,2020,-0.72,-0.55,-0.76,-1.66,-1.3,-1.39,-1.6,Abnormally Dry,2020-09-10 02:00:00
2020-09-11,4,2020,-0.78,-0.61,-0.82,-1.79,-1.42,-1.49,-1.74,Abnormally Dry,2020-09-11 02:00:00
2020-09-12,4,2020,-0.48,-0.33,-0.52,-1.54,-1.18,-1.23,-1.46,,2020-09-12 02:00:00
2020-09-13,4,2020,0.78,0.83,0.73,0.1,0.29,0.28,0.32,,2020-09-13 02:00:00
2020-09-14,4,2020,-0.78,-0.61,-0.82,-1.81,-1.44,-1.51,-1.77,Abnormally Dry,2020-09-14 02:00:00
2020-09-15,4,2020,-0.78,-0.61,-0.82,-1.83,-1.45,-1.52,-1.79,Abnormally Dry,2020-09-15 02:00:00
2020-09-16,4,2020,-0.78,-0.61,-0.82,-1.93,-1.53,-1.59,-1.88,Abnormally Dry,2020-09-16 02:00:00
2020-09-17,4,2020,-0.78,-0.6,-0.81,-1.86,-1.46,-1.53,-1.8,Abnormally Dry,2020-09-17 02:00:00
2020-09-18,4,2020,-0.3,-0.12,-0.33,-1.22,-0.86,-0.95,-1.07,,2020-09-18 02:00:00
2020-09-19,4,2020,-0.78,-0.59,-0.81,-1.8,-1.41,-1.49,-1.73,Abnormally Dry,2020-09-19 02:00:00
2020-09-20,4,2020,-0.71,-0.6,-0.74,-1.8,-1.47,-1.46,-1.81,Abnormally Dry,2020-09-20 02:00:00
2020-09-21,4,2020,-0.02,0.29,-0.05,-0.93,-0.44,-0.66,-0.56,,2020-09-21 02:00:00
2020-09-22,4,2020,0.98,1.55,0.97,0.26,0.98,0.49,1.14,,2020-09-22 02:00:00
2020-09-23,4,2020,-0.31,-0.11,-0.34,-1.31,-0.91,-1.01,-1.14,,2020-09-23 02:00:00
2020-09-24,4,2020,-0.78,-0.7,-0.81,-1.84,-1.55,-1.52,-1.9,Abnormally Dry,2020-09-24 02:00:00
2020-09-25,4,2020,-0.49,-0.32,-0.52,-1.46,-1.09,-1.16,-1.35,,2020-09-25 02:00:00
2020-09-26,4,2020,-0.78,-0.7,-0.81,-1.87,-1.57,-1.53,-1.93,Abnormally Dry,2020-09-26 02:00:00
2020-09-27,4,2020,2.68,3.44,2.66,2.56,3.35,2.58,4.01,,2020-09-27 02:00:00
2020-09-28,4,2020,-0.78,-0.69,-0.81,-1.88,-1.57,-1.54,-1.93,Abnormally Dry,2020-09-28 02:00:00
2020-09-29,4,2020,-0.78,-0.68,-0.8,-1.89,-1.57,-1.54,-1.92,Abnormally Dry,2020-09-29 02:00:00
2020-09-30,4,2020,-0.78,-0.68,-0.8,-1.85,-1.54,-1.51,-1.89,Abnormally Dry,2020-09-30 02:00:00
2020-10-01,4,2020,-0.57,-0.43,-0.59,-1.6,-1.26,-1.28,-1.55,Abnormally Dry,2020-10-01 02:00:00
2020-10-02,4,2020,0.5,0.82,0.48,-0.18,0.28,0.03,0.3,,2020-10-02 02:00:00
2020-10-03,4,2020,-0.78,-0.68,-0.8,-1.94,-1.6,-1.57,-1.97,Abnormally Dry,2020-10-03 02:00:00
2020-10-04,4,2020,-0.78,-0.68,-0.8,-1.9,-1.58,-1.55,-1.94,Abnormally Dry,2020-10-04 02:00:00
2020-10-05,4,2020,-0.27,-0.06,-0.28,-1.24,-0.84,-0.93,-1.05,,2020-10-05 02:00:00
2020-10-06,4,2020,-0.78,-0.68,-0.8,-1.82,-1.51,-1.49,-1.86,Abnormally Dry,2020-10-06 02:00:00
2020-10-07,4,2020,0.16,0.45,0.15,-0.63,-0.18,-0.38,-0.25,,2020-10-07 02:00:00
2020-10-08,4,2020,-0.78,-0.68,-0.8,-1.83,-1.52,-1.5,-1.87,Abnormally Dry,2020-10-08 02:00:00
2020-10-09,4,2020,0.01,0.26,0.0,-0.88,-0.45,-0.59,-0.58,,2020-10-09 02:00:00
2020-10-10,4,2020,0.6,1.03,0.61,-0.12,0.45,0.13,0.51,,2020-10-10 02:00:00
2020-10-11,4,2020,-0.76,-0.66,-0.77,-1.83,-1.52,-1.48,-1.86,Abnormally Dry,2020-10-11 02:00:00
2020-10-12,4,2020,-0.66,-0.53,-0.67,-1.67,-1.34,-1.34,-1.65,Abnormally Dry,2020-10-12 02:00:00
2020-10-13,4,2020,-0.78,-0.67,-0.79,-1.92,-1.58,-1.55,-1.95,Abnormally Dry,2020-10-13 02:00:00
2020-10-14,4,2020,-0.32,-0.1,-0.33,-1.35,-0.92,-1.02,-1.15,,2020-10-14 02:00:00
2020-10-15,4,2020,0.92,1.42,0.93,0.24,0.88,0.48,1.03,,2020-10-15 02:00:00
2020-10-16,4,2020,0.06,0.35,0.06,-0.82,-0.35,-0.53,-0.46,,2020-10-16 02:00:00
2020-10-17,4,2020,-0.64,-0.51,-0.66,-1.71,-1.37,-1.38,-1.69,Abnormally Dry,2020-10-17 02:00:00
2020-10-18,4,2020,-0.78,-0.67,-0.8,-1.92,-1.58,-1.56,-1.94,Abnormally Dry,2020-10-18 02:00:00
2020-10-19,4,2020,1.02,1.51,1.04,0.45,1.06,0.66,1.25,,2020-10-19 02:00:00
2020-10-20,4,2020,-0.78,-0.66,-0.8,-1.87,-1.53,-1.53,-1.88,Abnormally Dry,2020-10-20 02:00:00
2020-10-21,4,2020,-0.1,0.23,-0.1,-0.96,-0.46,-0.67,-0.58,,2020-10-21 02:00:00
2020-10-22,4,2020,0.71,1.3,0.73,-0.02,0.72,0.25,0.83,,2020-10-22 02:00:00
2020-10-23,4,2020,-0.71,-0.6,-0.73,-1.78,-1.46,-1.45,-1.79,Abnormally Dry,2020-10-23 02:00:00
2020-10-24,4,2020,-0.78,-0.68,-0.8,-1.9,-1.57,-1.54,-1.93,Abnormally Dry,2020-10-24 02:00:00
2020-10-25,4,2020,-0.78,-0.68,-0.79,-1.88,-1.56,-1.53,-1.92,Abnormally Dry,2020-10-25 02:00:00
2020-10-26,4,2020,-0.74,-0.6,-0.75,-1.74,-1.4,-1.42,-1.72,Abnormally Dry,2020-10-26 02:00:00
2020-10-27,4,2020,3.38,4.43,3.41,3.47,4.51,3.47,5.41,,2020-10-27 02:00:00
2020-10-28,4,2020,-0.44,-0.21,-0.44,-1.45,-1.02,-1.11,-1.26,,2020-10-28 02:00:00
2020-10-29,4,2020,-0.78,-0.64,-0.79,-2.01,-1.62,-1.61,-2.0,Abnormally Dry,2020-10-29 02:00:00
2020-10-30,4,2020,-0.78,-0.63,-0.79,-1.85,-1.49,-1.51,-1.83,Abnormally Dry,2020-10-30 02:00:00
2020-10-31,4,2020,-0.04,0.27,-0.03,-1.03,-0.52,-0.69,-0.67,,2020-10-31 02:00:00
2020-11-01,4,2020,-0.44,-0.23,-0.44,-1.52,-1.1,-1.16,-1.36,,2020-11-01 02:00:00
2020-11-02,4,2020,-0.78,-0.63,-0.78,-1.99,-1.6,-1.59,-1.96,Abnormally Dry,2020-11-02 02:00:00
2020-11-03,4,2020,0.73,1.25,0.75,0.02,0.68,0.28,0.79,,2020-11-03 02:00:00
2020-11-04,4,2020,-0.54,-0.33,-0.53,-1.64,-1.21,-1.26,-1.5,Abnormally Dry,2020-11-04 02:00:00
2020-11-05,4,2020,1.51,2.15,1.54,0.99,1.73,1.19,2.06,,2020-11-05 02:00:00
2020-11-06,4,2020,0.62,1.04,0.63,-0.11,0.45,0.14,0.52,,2020-11-06 02:00:00
2020-11-07,4,2020,0.42,0.79,0.43,-0.39,0.15,-0.11,0.14,,2020-11-07 02:00:00
2020-11-08,4,2020,-0.78,-0.66,-0.79,-1.78,-1.46,-1.46,-1.79,Abnormally Dry,2020-11-08 02:00:00
2020-11-09,4,2020,-0.18,0.06,-0.18,-1.12,-0.69,-0.81,-0.87,,2020-11-09 02:00:00
2020-11-10,4,2020,0.77,1.21,0.79,0.03,0.62,0.3,0.71,,2020-11-10 02:00:00
2020-11-11,4,2020,-0.15,0.09,-0.15,-1.1,-0.67,-0.78,-0.84,,2020-11-11 02:00:00
2020-11-12,4,2020,0.75,1.15,0.77,0.0,0.55,0.27,0.63,,2020-11-12 02:00:00
2020-11-13,4,2020,-0.78,-0.69,-0.8,-1.96,-1.63,-1.58,-2.0,Abnormally Dry,2020-11-13 02:00:00
2020-11-14,4,2020,-0.78,-0.68,-0.79,-1.99,-1.65,-1.59,-2.02,Abnormally Dry,2020-11-14 02:00:00
2020-11-15,4,2020,-0.78,-0.68,-0.79,-1.97,-1.63,-1.59,-2.01,Abnormally Dry,2020-11-15 02:00:00
2020-11-16,4,2020,0.19,0.48,0.21,-0.67,-0.2,-0.36,-0.28,,2020-11-16 02:00:00
2020-11-17,4,2020,1.94,2.46,1.99,1.56,2.16,1.74,2.57,,2020-11-17 02:00:00
2020-11-18,4,2020,-0.61,-0.5,-0.62,-1.7,-1.37,-1.35,-1.69,Abnormally Dry,2020-11-18 02:00:00
2020-11-19,4,2020,-0.78,-0.7,-0.79,-1.91,-1.61,-1.55,-1.97,Abnormally Dry,2020-11-19 02:00:00
2020-11-20,4,2020,-0.06,0.18,-0.05,-0.99,-0.56,-0.67,-0.72,,2020-11-20 02:00:00
2020-11-21,4,2020,2.35,2.93,2.38,2.06,2.7,2.19,3.23,,2020-11-21 02:00:00
2020-11-22,4,2020,-0.78,-0.71,-0.8,-1.86,-1.57,-1.52,-1.93,Abnormally Dry,2020-11-22 02:00:00
2020-11-23,4,2020,2.89,3.3,2.9,2.81,3.24,2.85,3.88,,2020-11-23 02:00:00
2020-11-24,4,2020,-0.77,-0.69,-0.78,-1.91,-1.6,-1.54,-1.97,Abnormally Dry,2020-11-24 02:00:00
2020-11-25,4,2020,-0.78,-0.71,-0.79,-1.91,-1.61,-1.54,-1.98,Abnormally Dry,2020-11-25 02:00:00
2020-11-26,4,2020,2.31,2.56,2.3,2.06,2.36,2.14,2.82,,2020-11-26 02:00:00
2020-11-27,4,2020,0.99,1.14,0.98,0.33,0.61,0.54,0.71,,2020-11-27 02:00:00
2020-11-28,4,2020,0.31,0.41,0.29,-0.52,-0.25,-0.26,-0.34,,2020-11-28 02:00:00
2020-11-29,4,2020,0.54,0.64,0.53,-0.32,-0.05,-0.05,-0.1,,2020-11-29 02:00:00
2020-11-30,4,2020,-0.06,0.0,-0.08,-0.96,-0.72,-0.68,-0.9,,2020-11-30 02:00:00
2020-12-01,4,2020,0.18,0.25,0.16,-0.7,-0.46,-0.43,-0.58,,2020-12-01 02:00:00
2020-12-02,4,2020,-0.59,-0.56,-0.61,-1.68,-1.43,-1.34,-1.76,Abnormally Dry,2020-12-02 02:00:00
2020-12-03,4,2020,1.78,1.89,1.77,1.31,1.52,1.46,1.8,,2020-12-03 02:00:00
2020-12-04,4,2020,-0.78,-0.77,-0.8,-1.89,-1.66,-1.54,-2.04,Abnormally Dry,2020-12-04 02:00:00
2020-12-05,4,2020,-0.78,-0.76,-0.8,-1.88,-1.64,-1.53,-2.01,Abnormally Dry,2020-12-05 02:00:00
2020-12-06,4,2020,4.45,4.17,4.32,4.66,4.34,4.46,5.22,,2020-12-06 02:00:00
2020-12-07,4,2020,0.2,0.2,0.17,-0.71,-0.53,-0.44,-0.67,,2020-12-07 02:00:00
2020-12-08,4,2020,-0.78,-0.7,-0.79,-1.92,-1.62,-1.55,-1.98,Abnormally Dry,2020-12-08 02:00:00
2020-12-09,4,2020,0.09,0.11,0.06,-0.83,-0.63,-0.55,-0.79,,2020-12-09 02:00:00
2020-12-10,4,2020,-0.33,-0.29,-0.35,-1.3,-1.07,-1.0,-1.32,,2020-12-10 02:00:00
2020-12-11,4,2020,-0.63,-0.57,-0.64,-1.7,-1.43,-1.36,-1.76,Abnormally Dry,2020-12-11 02:00:00
2020-12-12,4,2020,-0.62,-0.55,-0.63,-1.72,-1.43,-1.36,-1.76,Abnormally Dry,2020-12-12 02:00:00
2020-12-13,4,2020,1.18,1.12,1.14,0.61,0.66,0.76,0.77,,2020-12-13 02:00:00
2020-12-14,4,2020,0.35,0.33,0.32,-0.44,-0.3,-0.2,-0.39,,2020-12-14 02:00:00
2020-12-15,4,2020,-0.1,-0.1,-0.12,-1.1,-0.9,-0.78,-1.12,,2020-12-15 02:00:00
2020-12-16,4,2020,-0.78,-0.74,-0.8,-1.93,-1.66,-1.56,-2.04,Abnormally Dry,2020-12-16 02:00:00
2020-12-17,4,2020,-0.78,-0.74,-0.79,-1.96,-1.68,-1.58,-2.07,Abnormally Dry,2020-12-17 02:00:00
2020-12-18,4,2020,-0.74,-0.7,-0.75,-1.84,-1.58,-1.48,-1.94,Abnormally Dry,2020-12-18 02:00:00
2020-12-19,4,2020,-0.78,-0.74,-0.79,-1.93,-1.66,-1.55,-2.03,Abnormally Dry,2020-12-19 02:00:00
2020-12-20,4,2020,-0.02,-0.02,-0.03,-0.92,-0.74,-0.63,-0.92,,2020-12-20 02:00:00
2020-12-21,4,2020,-0.78,-0.72,-0.79,-1.93,-1.64,-1.56,-2.02,Abnormally Dry,2020-12-21 02:00:00
2020-12-22,4,2020,-0.21,-0.19,-0.23,-1.14,-0.94,-0.85,-1.16,,2020-12-22 02:00:00
2020-12-23,4,2020,-0.78,-0.72,-0.79,-1.86,-1.58,-1.51,-1.95,Abnormally Dry,2020-12-23 02:00:00
2020-12-24,4,2020,-0.38,-0.34,-0.39,-1.48,-1.22,-1.12,-1.5,,2020-12-24 02:00:00
2020-12-25,4,2020,-0.24,-0.22,-0.25,-1.24,-1.02,-0.92,-1.26,,2020-12-25 02:00:00
2020-12-26,4,2020,0.32,0.35,0.31,-0.52,-0.32,-0.25,-0.42,,2020-12-26 02:00:00
2020-12-27,4,2020,-0.78,-0.73,-0.79,-1.9,-1.63,-1.54,-2.0,Abnormally Dry,2020-12-27 02:00:00
2020-12-28,4,2020,-0.78,-0.73,-0.79,-1.93,-1.65,-1.55,-2.02,Abnormally Dry,2020-12-28 02:00:00
2020-12-29,4,2020,-0.49,-0.45,-0.49,-1.52,-1.27,-1.17,-1.57,,2020-12-29 02:00:00
2020-12-30,4,2020,-0.78,-0.73,-0.78,-1.87,-1.6,-1.51,-1.97,Abnormally Dry,2020-12-30 02:00:00
2020-12-31,4,2020,-0.78,-0.72,-0.78,-1.95,-1.66,-1.56,-2.04,Abnormally Dry,2020-12-31 02:00:00
2021-01-01,4,2021,-0.73,,,-1.51,,,,Abnormally Dry,2021-01-01 02:00:00
2021-01-02,4,2021,0.88,0.71,0.71,0.44,0.36,0.42,0.41,,2021-01-02 02:00:00
2021-01-03,4,2021,-0.25,-0.27,-0.27,-1.09,-0.94,-0.83,-1.17,,2021-01-03 02:00:00
2021-01-04,4,2021,0.42,0.48,0.48,-0.14,0.03,0.11,0.02,,2021-01-04 02:00:00
2021-01-05,4,2021,0.0,-0.1,-0.1,-0.71,-0.66,-0.57,-0.83,,2021-01-05 02:00:00
2021-01-06,4,2021,-0.61,-0.91,-0.91,-1.48,-1.61,-1.49,-1.97,Abnormally Dry,2021-01-06 02:00:00
2021-01-07,4,2021,-0.79,-1.01,-1.01,-1.67,-1.71,-1.59,-2.09,Abnormally Dry,2021-01-07 02:00:00
2021-01-08,4,2021,0.8,1.24,1.24,0.35,0.88,0.94,1.04,,2021-01-08 02:00:00
2021-01-09,4,2021,-0.2,-0.24,-0.24,-0.98,-0.86,-0.76,-1.06,,2021-01-09 02:00:00
2021-01-10,4,2021,1.3,1.65,1.65,0.99,1.4,1.44,1.67,,2021-01-10 02:00:00
2021-01-11,4,2021,-0.83,-1.11,-1.11,-1.76,-1.86,-1.73,-2.26,Abnormally Dry,2021-01-11 02:00:00
2021-01-12,4,2021,1.29,1.47,1.47,0.99,1.23,1.27,1.47,,2021-01-12 02:00:00
2021-01-13,4,2021,0.02,-0.11,-0.11,-0.59,-0.6,-0.52,-0.74,,2021-01-13 02:00:00
2021-01-14,4,2021,-0.72,-0.98,-0.98,-1.59,-1.68,-1.56,-2.05,Abnormally Dry,2021-01-14 02:00:00
2021-01-15,4,2021,0.61,0.7,0.7,0.04,0.24,0.32,0.27,,2021-01-15 02:00:00
2021-01-16,4,2021,0.67,0.74,0.74,0.24,0.4,0.45,0.46,,2021-01-16 02:00:00
2021-01-17,4,2021,0.97,1.07,1.07,0.55,0.73,0.79,0.86,,2021-01-17 02:00:00
2021-01-18,4,2021,-0.83,-1.22,-1.22,-1.73,-1.94,-1.82,-2.36,Abnormally Dry,2021-01-18 02:00:00
2021-01-19,4,2021,-0.08,-0.24,-0.24,-0.84,-0.85,-0.75,-1.05,,2021-01-19 02:00:00
2021-01-20,4,2021,0.81,0.9,0.9,0.34,0.53,0.59,0.61,,2021-01-20 02:00:00
2021-01-21,4,2021,1.14,1.27,1.27,0.8,1.0,1.04,1.18,,2021-01-21 02:00:00
2021-01-22,4,2021,1.0,1.02,1.02,0.64,0.73,0.78,0.86,,2021-01-22 02:00:00
2021-01-23,4,2021,-0.4,-0.78,-0.78,-1.3,-1.5,-1.38,-1.83,,2021-01-23 02:00:00
2021-01-24,4,2021,0.67,0.61,0.61,0.15,0.19,0.26,0.21,,2021-01-24 02:00:00
2021-01-25,4,2021,-0.7,-1.17,-1.17,-1.63,-1.91,-1.79,-2.33,Abnormally Dry,2021-01-25 02:00:00
2021-01-26,4,2021,1.11,1.19,1.19,0.72,0.88,0.93,1.04,,2021-01-26 02:00:00
2021-01-27,4,2021,1.17,1.2,1.2,0.81,0.91,0.96,1.08,,2021-01-27 02:00:00
2021-01-28,4,2021,-0.69,-1.18,-1.18,-1.58,-1.89,-1.77,-2.3,Abnormally Dry,2021-01-28 02:00:00
2021-01-29,4,2021,-0.82,-1.28,-1.28,-1.82,-2.08,-1.95,-2.54,Abnormally Dry,2021-01-29 02:00:00
2021-01-30,4,2021,4.58,3.83,3.83,5.25,4.36,4.28,5.26,,2021-01-30 02:00:00
2021-01-31,4,2021,-0.09,-0.36,-0.36,-0.74,-0.88,-0.8,-1.09,,2021-01-31 02:00:00
2021-02-01,4,2021,-0.16,-0.43,-0.43,-0.9,-1.02,-0.92,-1.25,,2021-02-01 02:00:00
2021-02-02,4,2021,-0.39,-0.63,-0.63,-1.3,-1.36,-1.24,-1.67,,2021-02-02 02:00:00
2021-02-03,4,2021,0.13,-0.14,-0.14,-0.55,-0.68,-0.59,-0.84,,2021-02-03 02:00:00
2021-02-04,4,2021,-0.4,-0.63,-0.63,-1.18,-1.25,-1.15,-1.53,,2021-02-04 02:00:00
2021-02-05,4,2021,0.6,0.33,0.33,0.01,-0.14,-0.06,-0.19,,2021-02-05 02:00:00
2021-02-06,4,2021,-0.76,-0.96,-0.96,-1.73,-1.74,-1.61,-2.12,Abnormally Dry,2021-02-06 02:00:00
2021-02-07,4,2021,-0.28,-0.49,-0.49,-1.01,-1.07,-0.98,-1.32,,2021-02-07 02:00:00
2021-02-08,4,2021,-0.18,-0.39,-0.39,-0.88,-0.95,-0.85,-1.16,,2021-02-08 02:00:00
2021-02-09,4,2021,-0.72,-0.91,-0.91,-1.61,-1.62,-1.5,-1.98,Abnormally Dry,2021-02-09 02:00:00
2021-02-10,4,2021,-0.17,-0.35,-0.35,-0.83,-0.88,-0.79,-1.08,,2021-02-10 02:00:00
2021-02-11,4,2021,-0.61,-0.78,-0.78,-1.5,-1.5,-1.38,-1.83,Abnormally Dry,2021-02-11 02:00:00
2021-02-12,4,2021,-0.14,-0.3,-0.3,-0.9,-0.91,-0.81,-1.12,,2021-02-12 02:00:00
2021-02-13,4,2021,-0.27,-0.43,-0.43,-1.01,-1.03,-0.93,-1.26,,2021-02-13 02:00:00
2021-02-14,4,2021,-0.54,-0.7,-0.7,-1.4,-1.39,-1.28,-1.7,Abnormally Dry,2021-02-14 02:00:00
2021-02-15,4,2021,0.36,0.24,0.24,-0.31,-0.3,-0.21,-0.38,,2021-02-15 02:00:00
2021-02-16,4,2021,2.4,2.22,2.22,2.49,2.29,2.28,2.75,,2021-02-16 02:00:00
2021-02-17,4,2021,-0.54,-0.71,-0.71,-1.4,-1.4,-1.28,-1.71,Abnormally Dry,2021-02-17 02:00:00
2021-02-18,4,2021,0.04,-0.13,-0.13,-0.64,-0.68,-0.59,-0.84,,2021-02-18 02:00:00
2021-02-19,4,2021,-0.1,-0.26,-0.26,-0.86,-0.87,-0.77,-1.07,,2021-02-19 02:00:00
2021-02-20,4,2021,0.84,0.69,0.69,0.38,0.33,0.39,0.37,,2021-02-20 02:00:00
2021-02-21,4,2021,1.27,1.1,1.1,1.0,0.89,0.92,1.05,,2021-02-21 02:00:00
2021-02-22,4,2021,1.15,0.96,0.96,0.79,0.68,0.72,0.8,,2021-02-22 02:00:00
2021-02-23,4,2021,-0.61,-0.83,-0.83,-1.57,-1.6,-1.47,-1.96,Abnormally Dry,2021-02-23 02:00:00
2021-02-24,4,2021,-0.69,-0.9,-0.9,-1.62,-1.64,-1.52,-2.01,Abnormally Dry,2021-02-24 02:00:00
2021-02-25,4,2021,-0.83,-1.02,-1.02,-1.81,-1.8,-1.67,-2.2,Abnormally Dry,2021-02-25 02:00:00
2021-02-26,4,2021,-0.2,-0.37,-0.37,-0.9,-0.93,-0.84,-1.14,,2021-02-26 02:00:00
2021-02-27,4,2021,3.99,3.5,3.5,4.39,3.82,3.77,4.6,,2021-02-27 02:00:00
2021-02-28,4,2021,-0.06,-0.26,-0.26,-0.86,-0.9,-0.79,-1.11,,2021-02-28 02:00:00
2021-03-01,4,2021,-0.83,-0.96,-0.96,-1.77,-1.71,-1.59,-2.09,Abnormally Dry,2021-03-01 02:00:00
2021-03-02,4,2021,0.29,0.09,0.09,-0.37,-0.44,-0.35,-0.55,,2021-03-02 02:00:00
2021-03-03,4,2021,-0.49,-0.65,-0.65,-1.37,-1.35,-1.24,-1.66,,2021-03-03 02:00:00
2021-03-04,4,2021,-0.62,-0.75,-0.75,-1.58,-1.51,-1.39,-1.86,Abnormally Dry,2021-03-04 02:00:00
2021-03-05,4,2021,3.18,2.67,2.67,3.34,2.8,2.78,3.37,,2021-03-05 02:00:00
2021-03-06,4,2021,3.8,2.97,2.97,4.23,3.31,3.25,3.99,,2021-03-06 02:00:00
2021-03-07,4,2021,0.13,-0.13,-0.13,-0.61,-0.72,-0.62,-0.89,,2021-03-07 02:00:00
2021-03-08,4,2021,-0.74,-0.85,-0.85,-1.57,-1.51,-1.4,-1.85,Abnormally Dry,2021-03-08 02:00:00
2021-03-09,4,2021,-0.73,-0.83,-0.83,-1.68,-1.59,-1.46,-1.95,Abnormally Dry,2021-03-09 02:00:00
2021-03-10,4,2021,-0.83,-0.91,-0.91,-1.75,-1.64,-1.52,-2.01,Abnormally Dry,2021-03-10 02:00:00
2021-03-11,4,2021,-0.41,-0.54,-0.54,-1.21,-1.18,-1.07,-1.44,,2021-03-11 02:00:00
2021-03-12,4,2021,0.53,0.26,0.26,-0.07,-0.22,-0.14,-0.29,,2021-03-12 02:00:00
2021-03-13,4,2021,0.48,0.22,0.22,-0.11,-0.25,-0.17,-0.32,,2021-03-13 02:00:00
2021-03-14,4,2021,0.56,0.28,0.28,-0.08,-0.24,-0.15,-0.31,,2021-03-14 02:00:00
2021-03-15,4,2021,0.77,0.47,0.47,0.29,0.09,0.15,0.09,,2021-03-15 02:00:00
2021-03-16,4,2021,0.23,-0.02,-0.02,-0.49,-0.59,-0.5,-0.74,,2021-03-16 02:00:00
2021-03-17,4,2021,-0.83,-0.94,-0.94,-1.79,-1.71,-1.58,-2.09,Abnormally Dry,2021-03-17 02:00:00
2021-03-18,4,2021,-0.83,-0.93,-0.93,-1.78,-1.69,-1.56,-2.06,Abnormally Dry,2021-03-18 02:00:00
2021-03-19,4,2021,0.29,0.07,0.07,-0.34,-0.43,-0.35,-0.54,,2021-03-19 02:00:00
2021-03-20,4,2021,0.46,0.22,0.22,-0.15,-0.27,-0.18,-0.34,,2021-03-20 02:00:00
2021-03-21,4,2021,-0.72,-0.84,-0.84,-1.68,-1.6,-1.48,-1.96,Abnormally Dry,2021-03-21 02:00:00
2021-03-22,4,2021,-0.25,-0.41,-0.41,-1.07,-1.07,-0.96,-1.31,,2021-03-22 02:00:00
2021-03-23,4,2021,-0.18,-0.35,-0.35,-0.98,-0.99,-0.88,-1.22,,2021-03-23 02:00:00
2021-03-24,4,2021,-0.83,-0.92,-0.92,-1.83,-1.72,-1.59,-2.11,Abnormally Dry,2021-03-24 02:00:00
2021-03-25,4,2021,-0.32,-0.46,-0.46,-1.19,-1.16,-1.04,-1.43,,2021-03-25 02:00:00
2021-03-26,4,2021,0.02,-0.14,-0.14,-0.8,-0.79,-0.69,-0.99,,2021-03-26 02:00:00
2021-03-27,4,2021,0.02,-0.14,-0.14,-0.73,-0.74,-0.64,-0.92,,2021-03-27 02:00:00
2021-03-28,4,2021,0.39,0.2,0.2,-0.21,-0.28,-0.2,-0.36,,2021-03-28 02:00:00
2021-03-29,4,2021,-0.63,-0.74,-0.74,-1.49,-1.43,-1.31,-1.75,Abnormally Dry,2021-03-29 02:00:00
2021-03-30,4,2021,-0.28,-0.42,-0.42,-1.12,-1.1,-0.98,-1.35,,2021-03-30 02:00:00
2021-03-31,4,2021,-0.77,-0.87,-0.87,-1.71,-1.62,-1.49,-1.98,Abnormally Dry,2021-03-31 02:00:00
2021-04-01,4,2021,-0.3,-0.43,-0.42,-1.12,-1.08,-0.96,-1.33,,2021-04-01 02:00:00
2021-04-02,4,2021,1.43,1.19,1.2,1.1,0.92,0.98,1.09,,2021-04-02 02:00:00
2021-04-03,4,2021,0.45,0.26,0.27,-0.13,-0.2,-0.12,-0.27,,2021-04-03 02:00:00
2021-04-04,4,2021,-0.49,-0.61,-0.61,-1.32,-1.28,-1.17,-1.57,,2021-04-04 02:00:00
2021-04-05,4,2021,-0.83,-0.91,-0.93,-1.86,-1.73,-1.62,-2.12,Abnormally Dry,2021-04-05 02:00:00
2021-04-06,4,2021,-0.1,-0.24,-0.23,-0.94,-0.91,-0.79,-1.12,,2021-04-06 02:00:00
2021-04-07,4,2021,2.3,1.94,2.01,2.15,1.82,1.91,2.18,,2021-04-07 02:00:00
2021-04-08,4,2021,-0.17,-0.32,-0.32,-1.03,-1.01,-0.89,-1.24,,2021-04-08 02:00:00
2021-04-09,4,2021,-0.07,-0.23,-0.22,-0.89,-0.89,-0.77,-1.1,,2021-04-09 02:00:00
2021-04-10,4,2021,-0.55,-0.66,-0.67,-1.45,-1.38,-1.27,-1.69,Abnormally Dry,2021-04-10 02:00:00
2021-04-11,4,2021,0.07,-0.09,-0.08,-0.61,-0.63,-0.53,-0.79,,2021-04-11 02:00:00
2021-04-12,4,2021,0.42,0.25,0.26,-0.24,-0.28,-0.18,-0.36,,2021-04-12 02:00:00
2021-04-13,4,2021,2.63,2.21,2.3,2.68,2.25,2.33,2.7,,2021-04-13 02:00:00
2021-04-14,4,2021,-0.83,-0.92,-0.94,-1.84,-1.73,-1.61,-2.11,Abnormally Dry,2021-04-14 02:00:00
2021-04-15,4,2021,-0.83,-0.9,-0.93,-1.81,-1.69,-1.59,-2.06,Abnormally Dry,2021-04-15 02:00:00
2021-04-16,4,2021,0.0,-0.15,-0.15,-0.8,-0.79,-0.68,-0.98,,2021-04-16 02:00:00
2021-04-17,4,2021,0.31,0.14,0.15,-0.37,-0.41,-0.31,-0.52,,2021-04-17 02:00:00
2021-04-18,4,2021,-0.83,-0.89,-0.93,-1.74,-1.62,-1.54,-1.98,Abnormally Dry,2021-04-18 02:00:00
2021-04-19,4,2021,0.18,0.02,0.03,-0.51,-0.53,-0.43,-0.67,,2021-04-19 02:00:00
2021-04-20,4,2021,-0.0,-0.14,-0.15,-0.79,-0.77,-0.68,-0.96,,2021-04-20 02:00:00
2021-04-21,4,2021,-0.09,-0.21,-0.23,-0.85,-0.82,-0.74,-1.01,,2021-04-21 02:00:00
2021-04-22,4,2021,-0.83,-0.86,-0.93,-1.85,-1.68,-1.61,-2.05,Abnormally Dry,2021-04-22 02:00:00
2021-04-23,4,2021,1.41,1.15,1.21,1.03,0.85,0.96,1.0,,2021-04-23 02:00:00
2021-04-24,4,2021,1.72,1.41,1.49,1.53,1.26,1.36,1.5,,2021-04-24 02:00:00
2021-04-25,4,2021,-0.68,-0.75,-0.8,-1.59,-1.48,-1.4,-1.81,Abnormally Dry,2021-04-25 02:00:00
2021-04-26,4,2021,-0.58,-0.64,-0.7,-1.52,-1.39,-1.33,-1.71,Abnormally Dry,2021-04-26 02:00:00
2021-04-27,4,2021,-0.5,-0.55,-0.62,-1.47,-1.33,-1.27,-1.63,Abnormally Dry,2021-04-27 02:00:00
2021-04-28,4,2021,0.8,0.6,0.63,0.27,0.18,0.28,0.19,,2021-04-28 02:00:00
2021-04-29,4,2021,-0.83,-0.86,-0.94,-1.79,-1.63,-1.58,-2.0,Abnormally Dry,2021-04-29 02:00:00
2021-04-30,4,2021,-0.83,-0.89,-0.93,-1.78,-1.65,-1.56,-2.02,Abnormally Dry,2021-04-30 02:00:00
2021-05-01,4,2021,-0.23,-0.3,-0.35,-1.01,-0.93,-0.87,-1.14,,2021-05-01 02:00:00
2021-05-02,4,2021,-0.76,-0.82,-0.86,-1.77,-1.63,-1.53,-2.0,Abnormally Dry,2021-05-02 02:00:00
2021-05-03,4,2021,0.08,0.01,-0.04,-0.61,-0.54,-0.5,-0.68,,2021-05-03 02:00:00
2021-05-04,4,2021,0.58,0.51,0.45,0.02,0.06,0.08,0.05,,2021-05-04 02:00:00
2021-05-05,4,2021,0.42,0.34,0.29,-0.21,-0.16,-0.13,-0.22,,2021-05-05 02:00:00
2021-05-06,4,2021,1.61,1.48,1.43,1.29,1.22,1.21,1.45,,2021-05-06 02:00:00
2021-05-07,4,2021,-0.41,-0.5,-0.53,-1.33,-1.23,-1.14,-1.52,,2021-05-07 02:00:00
2021-05-08,4,2021,-0.08,-0.17,-0.21,-0.9,-0.83,-0.76,-1.02,,2021-05-08 02:00:00
2021-05-09,4,2021,0.34,0.23,0.2,-0.29,-0.27,-0.22,-0.35,,2021-05-09 02:00:00
2021-05-10,4,2021,2.69,2.42,2.45,2.63,2.37,2.41,2.85,,2021-05-10 02:00:00
2021-05-11,4,2021,0.15,-0.0,-0.01,-0.64,-0.63,-0.54,-0.79,,2021-05-11 02:00:00
2021-05-12,4,2021,-0.11,-0.25,-0.26,-0.95,-0.92,-0.82,-1.14,,2021-05-12 02:00:00
2021-05-13,4,2021,-0.56,-0.67,-0.69,-1.48,-1.41,-1.3,-1.73,Abnormally Dry,2021-05-13 02:00:00
2021-05-14,4,2021,-0.83,-0.92,-0.95,-1.87,-1.75,-1.64,-2.14,Abnormally Dry,2021-05-14 02:00:00
2021-05-15,4,2021,-0.68,-0.77,-0.79,-1.68,-1.57,-1.46,-1.92,Abnormally Dry,2021-05-15 02:00:00
2021-05-16,4,2021,5.46,4.41,4.74,6.24,5.04,5.26,6.0,,2021-05-16 02:00:00
2021-05-17,4,2021,-0.56,-0.62,-0.66,-1.53,-1.4,-1.31,-1.72,Abnormally Dry,2021-05-17 02:00:00
2021-05-18,4,2021,0.12,-0.04,-0.04,-0.71,-0.7,-0.59,-0.88,,2021-05-18 02:00:00
2021-05-19,4,2021,-0.4,-0.49,-0.51,-1.29,-1.2,-1.11,-1.48,,2021-05-19 02:00:00
2021-05-20,4,2021,-0.3,-0.39,-0.42,-1.19,-1.1,-1.01,-1.36,,2021-05-20 02:00:00
2021-05-21,4,2021,-0.31,-0.39,-0.43,-1.21,-1.11,-1.03,-1.37,,2021-05-21 02:00:00
2021-05-22,4,2021,1.06,0.78,0.82,0.64,0.44,0.54,0.52,,2021-05-22 02:00:00
2021-05-23,4,2021,0.22,0.07,0.05,-0.53,-0.53,-0.45,-0.66,,2021-05-23 02:00:00
2021-05-24,4,2021,-0.34,-0.41,-0.46,-1.17,-1.08,-1.02,-1.33,,2021-05-24 02:00:00
2021-05-25,4,2021,-0.73,-0.74,-0.81,-1.67,-1.49,-1.43,-1.82,Abnormally Dry,2021-05-25 02:00:00
2021-05-26,4,2021,-0.42,-0.48,-0.52,-1.2,-1.1,-1.04,-1.35,,2021-05-26 02:00:00
2021-05-27,4,2021,-0.07,-0.19,-0.2,-0.83,-0.8,-0.71,-0.99,,2021-05-27 02:00:00
2021-05-28,4,2021,0.12,0.02,-0.02,-0.66,-0.6,-0.54,-0.75,,2021-05-28 02:00:00
2021-05-29,4,2021,0.71,0.55,0.52,0.09,0.05,0.11,0.04,,2021-05-29 02:00:00
2021-05-30,4,2021,-0.44,-0.52,-0.55,-1.37,-1.26,-1.17,-1.55,,2021-05-30 02:00:00
2021-05-31,4,2021,0.02,-0.09,-0.12,-0.68,-0.65,-0.59,-0.81,,2021-05-31 02:00:00
2021-06-01,4,2021,-0.82,-0.85,-0.9,-1.83,-1.66,-1.57,-2.03,Abnormally Dry,2021-06-01 02:00:00
2021-06-02,4,2021,-0.83,-0.86,-0.9,-1.8,-1.63,-1.55,-2.0,Abnormally Dry,2021-06-02 02:00:00
2021-06-03,4,2021,1.52,1.36,1.28,1.13,1.05,1.02,1.24,,2021-06-03 02:00:00
2021-06-04,4,2021,0.86,0.82,0.66,0.34,0.4,0.31,0.46,,2021-06-04 02:00:00
2021-06-05,4,2021,-0.83,-0.89,-0.91,-1.86,-1.71,-1.6,-2.1,Abnormally Dry,2021-06-05 02:00:00
2021-06-06,4,2021,-0.83,-0.89,-0.9,-1.89,-1.74,-1.61,-2.13,Abnormally Dry,2021-06-06 02:00:00
2021-06-07,4,2021,-0.59,-0.65,-0.68,-1.51,-1.38,-1.29,-1.7,Abnormally Dry,2021-06-07 02:00:00
2021-06-08,4,2021,-0.1,-0.16,-0.22,-0.92,-0.81,-0.77,-1.01,,2021-06-08 02:00:00
2021-06-09,4,2021,-0.83,-0.9,-0.9,-1.87,-1.73,-1.6,-2.12,Abnormally Dry,2021-06-09 02:00:00
2021-06-10,4,2021,-0.83,-0.88,-0.89,-1.87,-1.71,-1.58,-2.1,Abnormally Dry,2021-06-10 02:00:00
2021-06-11,4,2021,0.4,0.37,0.26,-0.24,-0.14,-0.17,-0.2,,2021-06-11 02:00:00
2021-06-12,4,2021,-0.71,-0.74,-0.78,-1.69,-1.52,-1.43,-1.87,Abnormally Dry,2021-06-12 02:00:00
2021-06-13,4,2021,-0.83,-0.84,-0.89,-1.78,-1.6,-1.53,-1.96,Abnormally Dry,2021-06-13 02:00:00
2021-06-14,4,2021,1.36,1.36,1.18,0.94,1.03,0.9,1.22,,2021-06-14 02:00:00
2021-06-15,4,2021,0.21,0.19,0.09,-0.47,-0.35,-0.36,-0.45,,2021-06-15 02:00:00
2021-06-16,4,2021,-0.82,-0.86,-0.89,-1.84,-1.68,-1.57,-2.05,Abnormally Dry,2021-06-16 02:00:00
2021-06-17,4,2021,-0.04,-0.06,-0.14,-0.82,-0.68,-0.66,-0.85,,2021-06-17 02:00:00
2021-06-18,4,2021,-0.58,-0.6,-0.66,-1.49,-1.33,-1.27,-1.63,Abnormally Dry,2021-06-18 02:00:00
2021-06-19,4,2021,-0.83,-0.84,-0.89,-1.82,-1.63,-1.55,-2.0,Abnormally Dry,2021-06-19 02:00:00
2021-06-20,4,2021,-0.82,-0.83,-0.87,-1.84,-1.65,-1.55,-2.02,Abnormally Dry,2021-06-20 02:00:00
2021-06-21,4,2021,1.49,1.46,1.32,1.06,1.12,1.03,1.32,,2021-06-21 02:00:00
2021-06-22,4,2021,-0.81,-0.83,-0.87,-1.82,-1.64,-1.55,-2.01,Abnormally Dry,2021-06-22 02:00:00
2021-06-23,4,2021,0.95,0.9,0.8,0.5,0.54,0.5,0.63,,2021-06-23 02:00:00
2021-06-24,4,2021,-0.83,-0.84,-0.88,-1.91,-1.7,-1.6,-2.09,Abnormally Dry,2021-06-24 02:00:00
2021-06-25,4,2021,-0.25,-0.27,-0.33,-1.2,-1.03,-0.96,-1.28,,2021-06-25 02:00:00
2021-06-26,4,2021,-0.83,-0.82,-0.88,-1.83,-1.62,-1.55,-1.99,Abnormally Dry,2021-06-26 02:00:00
2021-06-27,4,2021,0.64,0.61,0.52,-0.08,0.03,0.04,0.01,,2021-06-27 02:00:00
2021-06-28,4,2021,-0.82,-0.82,-0.88,-1.76,-1.57,-1.51,-1.93,Abnormally Dry,2021-06-28 02:00:00
2021-06-29,4,2021,-0.27,-0.29,-0.35,-1.1,-0.95,-0.9,-1.18,,2021-06-29 02:00:00
2021-06-30,4,2021,2.42,2.25,2.2,2.27,2.13,2.1,2.55,,2021-06-30 02:00:00
2021-07-01,4,2021,0.11,0.06,0.0,-0.71,-0.6,-0.55,-0.75,,2021-07-01 02:00:00
2021-07-02,4,2021,-0.44,-0.45,-0.52,-1.38,-1.2,-1.14,-1.48,,2021-07-02 02:00:00
2021-07-03,4,2021,-0.83,-0.82,-0.88,-1.89,-1.67,-1.59,-2.04,Abnormally Dry,2021-07-03 02:00:00
2021-07-04,4,2021,-0.83,-0.82,-0.88,-1.78,-1.58,-1.52,-1.94,Abnormally Dry,2021-07-04 02:00:00
2021-07-05,4,2021,-0.04,-0.06,-0.12,-0.96,-0.79,-0.73,-0.99,,2021-07-05 02:00:00
2021-07-06,4,2021,-0.83,-0.81,-0.87,-1.88,-1.65,-1.57,-2.02,Abnormally Dry,2021-07-06 02:00:00
2021-07-07,4,2021,-0.34,-0.33,-0.41,-1.2,-1.02,-0.98,-1.26,,2021-07-07 02:00:00
2021-07-08,4,2021,-0.51,-0.49,-0.56,-1.48,-1.27,-1.21,-1.56,Abnormally Dry,2021-07-08 02:00:00
2021-07-09,4,2021,-0.18,-0.17,-0.25,-1.12,-0.93,-0.88,-1.15,,2021-07-09 02:00:00
2021-07-10,4,2021,-0.22,-0.2,-0.28,-0.98,-0.81,-0.79,-1.0,,2021-07-10 02:00:00
2021-07-11,4,2021,-0.83,-0.78,-0.87,-1.88,-1.62,-1.57,-1.99,Abnormally Dry,2021-07-11 02:00:00
2021-07-12,4,2021,0.86,0.93,0.77,0.24,0.43,0.36,0.5,,2021-07-12 02:00:00
2021-07-13,4,2021,-0.69,-0.66,-0.74,-1.68,-1.46,-1.4,-1.79,Abnormally Dry,2021-07-13 02:00:00
2021-07-14,4,2021,1.11,1.15,1.01,0.68,0.8,0.72,0.95,,2021-07-14 02:00:00
2021-07-15,4,2021,-0.83,-0.8,-0.87,-1.92,-1.67,-1.6,-2.05,Abnormally Dry,2021-07-15 02:00:00
2021-07-16,4,2021,-0.83,-0.79,-0.87,-1.95,-1.69,-1.62,-2.07,Abnormally Dry,2021-07-16 02:00:00
2021-07-17,4,2021,1.07,1.11,0.98,0.66,0.78,0.7,0.92,,2021-07-17 02:00:00
2021-07-18,4,2021,-0.63,-0.59,-0.68,-1.69,-1.44,-1.39,-1.77,Abnormally Dry,2021-07-18 02:00:00
2021-07-19,4,2021,0.18,0.22,0.11,-0.64,-0.43,-0.43,-0.55,,2021-07-19 02:00:00
2021-07-20,4,2021,3.69,3.43,3.42,4.04,3.71,3.65,4.46,,2021-07-20 02:00:00
2021-07-21,4,2021,1.79,1.62,1.61,1.5,1.39,1.42,1.66,,2021-07-21 02:00:00
2021-07-22,4,2021,-0.2,-0.2,-0.27,-1.02,-0.86,-0.82,-1.06,,2021-07-22 02:00:00
2021-07-23,4,2021,-0.74,-0.69,-0.78,-1.78,-1.52,-1.48,-1.87,Abnormally Dry,2021-07-23 02:00:00
2021-07-24,4,2021,-0.83,-0.77,-0.87,-1.93,-1.65,-1.61,-2.03,Abnormally Dry,2021-07-24 02:00:00
2021-07-25,4,2021,-0.49,-0.46,-0.55,-1.48,-1.26,-1.21,-1.55,,2021-07-25 02:00:00
2021-07-26,4,2021,-0.03,-0.02,-0.1,-0.72,-0.58,-0.56,-0.72,,2021-07-26 02:00:00
2021-07-27,4,2021,0.71,0.67,0.59,0.19,0.26,0.25,0.29,,2021-07-27 02:00:00
2021-07-28,4,2021,-0.58,-0.55,-0.63,-1.53,-1.31,-1.26,-1.61,Abnormally Dry,2021-07-28 02:00:00
2021-07-29,4,2021,0.28,0.26,0.19,-0.42,-0.3,-0.28,-0.39,,2021-07-29 02:00:00
2021-07-30,4,2021,-0.63,-0.61,-0.68,-1.59,-1.38,-1.32,-1.69,Abnormally Dry,2021-07-30 02:00:00
2021-07-31,4,2021,-0.72,-0.68,-0.76,-1.68,-1.45,-1.4,-1.78,Abnormally Dry,2021-07-31 02:00:00
2021-08-01,4,2021,-0.65,-0.61,-0.69,-1.68,-1.43,-1.37,-1.76,Abnormally Dry,2021-08-01 02:00:00
2021-08-02,4,2021,-0.2,-0.18,-0.26,-1.08,-0.88,-0.85,-1.09,,2021-08-02 02:00:00
2021-08-03,4,2021,-0.83,-0.76,-0.86,-1.91,-1.63,-1.58,-1.99,Abnormally Dry,2021-08-03 02:00:00
2021-08-04,4,2021,-0.02,0.02,-0.08,-0.93,-0.71,-0.69,-0.89,,2021-08-04 02:00:00
2021-08-05,4,2021,-0.39,-0.33,-0.44,-1.37,-1.11,-1.09,-1.37,,2021-08-05 02:00:00
2021-08-06,4,2021,0.89,0.88,0.8,0.3,0.41,0.4,0.46,,2021-08-06 02:00:00
2021-08-07,4,2021,0.3,0.31,0.22,-0.5,-0.33,-0.31,-0.43,,2021-08-07 02:00:00
2021-08-08,4,2021,0.24,0.3,0.17,-0.53,-0.32,-0.34,-0.41,,2021-08-08 02:00:00
2021-08-09,4,2021,0.78,0.82,0.69,0.24,0.39,0.33,0.44,,2021-08-09 02:00:00
2021-08-10,4,2021,-0.38,-0.32,-0.44,-1.35,-1.09,-1.09,-1.35,,2021-08-10 02:00:00
2021-08-11,4,2021,0.4,0.43,0.32,-0.35,-0.17,-0.18,-0.23,,2021-08-11 02:00:00
2021-08-12,4,2021,-0.7,-0.65,-0.75,-1.63,-1.39,-1.37,-1.71,Abnormally Dry,2021-08-12 02:00:00
2021-08-13,4,2021,-0.76,-0.71,-0.81,-1.81,-1.55,-1.51,-1.9,Abnormally Dry,2021-08-13 02:00:00
2021-08-14,4,2021,-0.1,0.0,-0.16,-0.94,-0.67,-0.72,-0.84,,2021-08-14 02:00:00
2021-08-15,4,2021,0.39,0.59,0.32,-0.32,0.02,-0.15,0.0,,2021-08-15 02:00:00
2021-08-16,4,2021,-0.83,-0.87,-0.88,-1.88,-1.71,-1.58,-2.1,Abnormally Dry,2021-08-16 02:00:00
2021-08-17,4,2021,-0.75,-0.77,-0.8,-1.68,-1.52,-1.42,-1.86,Abnormally Dry,2021-08-17 02:00:00
2021-08-18,4,2021,-0.68,-0.68,-0.73,-1.72,-1.52,-1.43,-1.86,Abnormally Dry,2021-08-18 02:00:00
2021-08-19,4,2021,-0.83,-0.85,-0.87,-1.86,-1.67,-1.55,-2.05,Abnormally Dry,2021-08-19 02:00:00
2021-08-20,4,2021,-0.11,0.02,-0.16,-1.01,-0.7,-0.76,-0.88,,2021-08-20 02:00:00
2021-08-21,4,2021,-0.78,-0.76,-0.82,-1.8,-1.58,-1.5,-1.93,Abnormally Dry,2021-08-21 02:00:00
2021-08-22,4,2021,1.25,1.63,1.19,0.69,1.18,0.82,1.4,,2021-08-22 02:00:00
2021-08-23,4,2021,-0.54,-0.5,-0.59,-1.49,-1.26,-1.22,-1.55,Abnormally Dry,2021-08-23 02:00:00
2021-08-24,4,2021,-0.59,-0.55,-0.63,-1.59,-1.35,-1.3,-1.66,Abnormally Dry,2021-08-24 02:00:00
2021-08-25,4,2021,-0.51,-0.45,-0.55,-1.49,-1.23,-1.2,-1.52,Abnormally Dry,2021-08-25 02:00:00
2021-08-26,4,2021,0.8,1.09,0.75,0.15,0.57,0.31,0.66,,2021-08-26 02:00:00
2021-08-27,4,2021,2.51,2.94,2.42,2.37,2.83,2.33,3.39,,2021-08-27 02:00:00
2021-08-28,4,2021,-0.83,-0.81,-0.87,-1.85,-1.63,-1.55,-2.0,Abnormally Dry,2021-08-28 02:00:00
2021-08-29,4,2021,-0.83,-0.8,-0.86,-1.93,-1.68,-1.59,-2.06,Abnormally Dry,2021-08-29 02:00:00
2021-08-30,4,2021,-0.76,-0.72,-0.79,-1.76,-1.52,-1.46,-1.86,Abnormally Dry,2021-08-30 02:00:00
2021-08-31,4,2021,-0.47,-0.4,-0.5,-1.51,-1.23,-1.2,-1.52,,2021-08-31 02:00:00
2021-09-01,4,2021,-0.83,-0.79,-0.86,-1.87,-1.62,-1.56,-1.99,Abnormally Dry,2021-09-01 02:00:00
2021-09-02,4,2021,1.4,1.73,1.34,1.06,1.46,1.12,1.74,,2021-09-02 02:00:00
2021-09-03,4,2021,-0.83,-0.79,-0.86,-1.93,-1.67,-1.59,-2.05,Abnormally Dry,2021-09-03 02:00:00
2021-09-04,4,2021,-0.31,-0.21,-0.34,-1.18,-0.91,-0.92,-1.13,,2021-09-04 02:00:00
2021-09-05,4,2021,-0.48,-0.4,-0.51,-1.45,-1.18,-1.16,-1.45,,2021-09-05 02:00:00
2021-09-06,4,2021,-0.83,-0.78,-0.86,-1.95,-1.68,-1.61,-2.06,Abnormally Dry,2021-09-06 02:00:00
2021-09-07,4,2021,-0.83,-0.78,-0.85,-1.91,-1.64,-1.57,-2.01,Abnormally Dry,2021-09-07 02:00:00
2021-09-08,4,2021,-0.36,-0.26,-0.38,-1.34,-1.05,-1.04,-1.3,,2021-09-08 02:00:00
2021-09-09,4,2021,1.44,1.73,1.39,1.0,1.38,1.1,1.64,,2021-09-09 02:00:00
2021-09-10,4,2021,-0.83,-0.79,-0.85,-1.91,-1.65,-1.57,-2.03,Abnormally Dry,2021-09-10 02:00:00
2021-09-11,4,2021,2.53,2.78,2.44,2.41,2.68,2.36,3.21,,2021-09-11 02:00:00
2021-09-12,4,2021,0.26,0.38,0.21,-0.54,-0.26,-0.32,-0.34,,2021-09-12 02:00:00
2021-09-13,4,2021,0.74,0.89,0.68,0.06,0.35,0.23,0.39,,2021-09-13 02:00:00
2021-09-14,4,2021,-0.44,-0.39,-0.48,-1.4,-1.16,-1.12,-1.43,,2021-09-14 02:00:00
2021-09-15,4,2021,-0.3,-0.24,-0.34,-1.26,-1.01,-0.98,-1.24,,2021-09-15 02:00:00
2021-09-16,4,2021,-0.5,-0.45,-0.54,-1.54,-1.28,-1.23,-1.58,Abnormally Dry,2021-09-16 02:00:00
2021-09-17,4,2021,1.68,1.84,1.61,1.3,1.53,1.35,1.83,,2021-09-17 02:00:00
2021-09-18,4,2021,-0.46,-0.43,-0.5,-1.45,-1.22,-1.16,-1.5,,2021-09-18 02:00:00
2021-09-19,4,2021,0.95,1.08,0.89,0.32,0.58,0.47,0.67,,2021-09-19 02:00:00
2021-09-20,4,2021,1.28,1.4,1.21,0.86,1.06,0.93,1.26,,2021-09-20 02:00:00
2021-09-21,4,2021,-0.64,-0.63,-0.68,-1.66,-1.45,-1.36,-1.78,Abnormally Dry,2021-09-21 02:00:00
2021-09-22,4,2021,-0.73,-0.73,-0.77,-1.7,-1.51,-1.42,-1.85,Abnormally Dry,2021-09-22 02:00:00
2021-09-23,4,2021,-0.83,-0.82,-0.86,-1.85,-1.64,-1.54,-2.01,Abnormally Dry,2021-09-23 02:00:00
2021-09-24,4,2021,1.07,1.18,1.01,0.45,0.69,0.6,0.8,,2021-09-24 02:00:00
2021-09-25,4,2021,3.35,3.34,3.19,3.47,3.44,3.27,4.13,,2021-09-25 02:00:00
2021-09-26,4,2021,1.72,1.67,1.6,1.41,1.42,1.39,1.69,,2021-09-26 02:00:00
2021-09-27,4,2021,1.18,1.12,1.07,0.71,0.74,0.76,0.87,,2021-09-27 02:00:00
2021-09-28,4,2021,-0.46,-0.47,-0.51,-1.43,-1.25,-1.16,-1.53,,2021-09-28 02:00:00
2021-09-29,4,2021,-0.83,-0.83,-0.87,-1.94,-1.72,-1.61,-2.11,Abnormally Dry,2021-09-29 02:00:00
2021-09-30,4,2021,-0.83,-0.82,-0.86,-1.95,-1.71,-1.6,-2.1,Abnormally Dry,2021-09-30 02:00:00
2021-10-01,4,2021,-0.27,-0.27,-0.32,-1.3,-1.1,-1.01,-1.36,,2021-10-01 02:00:00
2021-10-02,4,2021,-0.83,-0.83,-0.86,-1.95,-1.72,-1.6,-2.11,Abnormally Dry,2021-10-02 02:00:00
2021-10-03,4,2021,1.38,1.36,1.28,0.89,0.97,0.96,1.15,,2021-10-03 02:00:00
2021-10-04,4,2021,0.59,0.56,0.51,-0.13,-0.02,0.03,-0.05,,2021-10-04 02:00:00
2021-10-05,4,2021,-0.34,-0.37,-0.39,-1.28,-1.12,-1.02,-1.38,,2021-10-05 02:00:00
2021-10-06,4,2021,-0.83,-0.85,-0.87,-1.92,-1.72,-1.6,-2.11,Abnormally Dry,2021-10-06 02:00:00
2021-10-07,4,2021,-0.61,-0.62,-0.65,-1.61,-1.42,-1.32,-1.74,Abnormally Dry,2021-10-07 02:00:00
2021-10-08,4,2021,-0.83,-0.83,-0.86,-1.96,-1.73,-1.61,-2.13,Abnormally Dry,2021-10-08 02:00:00
2021-10-09,4,2021,-0.83,-0.83,-0.86,-1.94,-1.72,-1.6,-2.11,Abnormally Dry,2021-10-09 02:00:00
2021-10-10,4,2021,-0.83,-0.81,-0.86,-1.86,-1.64,-1.55,-2.01,Abnormally Dry,2021-10-10 02:00:00
2021-10-11,4,2021,-0.83,-0.81,-0.85,-1.91,-1.68,-1.57,-2.05,Abnormally Dry,2021-10-11 02:00:00
2021-10-12,4,2021,-0.83,-0.79,-0.85,-1.95,-1.68,-1.6,-2.07,Abnormally Dry,2021-10-12 02:00:00
2021-10-13,4,2021,-0.83,-0.79,-0.85,-1.91,-1.65,-1.57,-2.02,Abnormally Dry,2021-10-13 02:00:00
2021-10-14,4,2021,-0.28,-0.25,-0.31,-1.16,-0.95,-0.89,-1.18,,2021-10-14 02:00:00
2021-10-15,4,2021,0.28,0.31,0.24,-0.58,-0.38,-0.34,-0.49,,2021-10-15 02:00:00
2021-10-16,4,2021,-0.24,-0.21,-0.27,-1.22,-0.99,-0.92,-1.23,,2021-10-16 02:00:00
2021-10-17,4,2021,0.99,1.0,0.93,0.38,0.51,0.52,0.59,,2021-10-17 02:00:00
2021-10-18,4,2021,0.05,0.12,0.01,-0.89,-0.63,-0.62,-0.8,,2021-10-18 02:00:00
2021-10-19,4,2021,0.9,1.06,0.84,0.26,0.55,0.41,0.63,,2021-10-19 02:00:00
2021-10-20,4,2021,-0.83,-0.83,-0.86,-1.98,-1.75,-1.63,-2.15,Abnormally Dry,2021-10-20 02:00:00
2021-10-21,4,2021,-0.43,-0.39,-0.46,-1.41,-1.17,-1.11,-1.45,,2021-10-21 02:00:00
2021-10-22,4,2021,-0.64,-0.63,-0.67,-1.71,-1.49,-1.38,-1.83,Abnormally Dry,2021-10-22 02:00:00
2021-10-23,4,2021,2.62,2.8,2.52,2.39,2.62,2.37,3.13,,2021-10-23 02:00:00
2021-10-24,4,2021,-0.62,-0.61,-0.65,-1.62,-1.41,-1.32,-1.73,Abnormally Dry,2021-10-24 02:00:00
2021-10-25,4,2021,-0.83,-0.81,-0.85,-1.87,-1.64,-1.54,-2.01,Abnormally Dry,2021-10-25 02:00:00
2021-10-26,4,2021,0.16,0.22,0.11,-0.74,-0.5,-0.49,-0.63,,2021-10-26 02:00:00
2021-10-27,4,2021,-0.83,-0.8,-0.85,-2.02,-1.75,-1.64,-2.15,Abnormally Dry,2021-10-27 02:00:00
2021-10-28,4,2021,-0.47,-0.43,-0.5,-1.41,-1.18,-1.13,-1.45,,2021-10-28 02:00:00
2021-10-29,4,2021,-0.83,-0.81,-0.85,-1.99,-1.74,-1.62,-2.13,Abnormally Dry,2021-10-29 02:00:00
2021-10-30,4,2021,1.04,1.13,0.98,0.53,0.73,0.64,0.85,,2021-10-30 02:00:00
2021-10-31,4,2021,0.24,0.29,0.2,-0.59,-0.38,-0.35,-0.48,,2021-10-31 02:00:00
2021-11-01,4,2021,-0.15,-0.12,-0.18,-1.07,-0.85,-0.79,-1.06,,2021-11-01 02:00:00
2021-11-02,4,2021,-0.83,-0.82,-0.85,-1.94,-1.71,-1.59,-2.09,Abnormally Dry,2021-11-02 02:00:00
2021-11-03,4,2021,0.8,0.85,0.75,0.12,0.31,0.3,0.34,,2021-11-03 02:00:00
2021-11-04,4,2021,-0.63,-0.61,-0.65,-1.66,-1.43,-1.34,-1.76,Abnormally Dry,2021-11-04 02:00:00
2021-11-05,4,2021,3.55,3.46,3.41,3.61,3.51,3.45,4.22,,2021-11-05 02:00:00
2021-11-06,4,2021,-0.83,-0.78,-0.85,-2.03,-1.74,-1.65,-2.14,Abnormally Dry,2021-11-06 02:00:00
2021-11-07,4,2021,-0.83,-0.77,-0.85,-2.05,-1.75,-1.67,-2.15,Abnormally Dry,2021-11-07 02:00:00
2021-11-08,4,2021,-0.69,-0.63,-0.71,-1.72,-1.46,-1.4,-1.79,Abnormally Dry,2021-11-08 02:00:00
2021-11-09,4,2021,-0.83,-0.75,-0.84,-2.03,-1.71,-1.64,-2.1,Abnormally Dry,2021-11-09 02:00:00
2021-11-10,4,2021,-0.83,-0.74,-0.84,-1.91,-1.6,-1.56,-1.97,Abnormally Dry,2021-11-10 02:00:00
2021-11-11,4,2021,-0.59,-0.52,-0.61,-1.71,-1.41,-1.35,-1.74,Abnormally Dry,2021-11-11 02:00:00
2021-11-12,4,2021,-0.83,-0.74,-0.84,-1.99,-1.67,-1.61,-2.05,Abnormally Dry,2021-11-12 02:00:00
2021-11-13,4,2021,-0.83,-0.72,-0.83,-2.0,-1.66,-1.61,-2.03,Abnormally Dry,2021-11-13 02:00:00
2021-11-14,4,2021,-0.68,-0.59,-0.69,-1.83,-1.51,-1.45,-1.85,Abnormally Dry,2021-11-14 02:00:00
2021-11-15,4,2021,-0.83,-0.72,-0.83,-1.99,-1.65,-1.61,-2.03,Abnormally Dry,2021-11-15 02:00:00
2021-11-16,4,2021,0.6,0.63,0.56,-0.12,0.06,0.08,0.04,,2021-11-16 02:00:00
2021-11-17,4,2021,-0.14,-0.09,-0.16,-1.11,-0.86,-0.8,-1.07,,2021-11-17 02:00:00
2021-11-18,4,2021,-0.83,-0.74,-0.83,-1.88,-1.58,-1.53,-1.94,Abnormally Dry,2021-11-18 02:00:00
2021-11-19,4,2021,-0.83,-0.74,-0.83,-2.0,-1.68,-1.61,-2.06,Abnormally Dry,2021-11-19 02:00:00
2021-11-20,4,2021,-0.83,-0.72,-0.83,-1.85,-1.53,-1.51,-1.88,Abnormally Dry,2021-11-20 02:00:00
2021-11-21,4,2021,-0.83,-0.71,-0.82,-1.94,-1.6,-1.56,-1.96,Abnormally Dry,2021-11-21 02:00:00
2021-11-22,4,2021,1.09,1.11,1.05,0.52,0.65,0.67,0.76,,2021-11-22 02:00:00
2021-11-23,4,2021,1.02,1.02,0.98,0.46,0.57,0.6,0.66,,2021-11-23 02:00:00
2021-11-24,4,2021,-0.67,-0.57,-0.67,-1.81,-1.49,-1.43,-1.83,Abnormally Dry,2021-11-24 02:00:00
2021-11-25,4,2021,-0.49,-0.38,-0.49,-1.44,-1.14,-1.12,-1.41,,2021-11-25 02:00:00
2021-11-26,4,2021,0.04,0.13,0.03,-0.87,-0.6,-0.58,-0.76,,2021-11-26 02:00:00
2021-11-27,4,2021,-0.56,-0.47,-0.56,-1.56,-1.27,-1.23,-1.57,Abnormally Dry,2021-11-27 02:00:00
2021-11-28,4,2021,0.86,0.92,0.83,0.2,0.39,0.39,0.45,,2021-11-28 02:00:00
2021-11-29,4,2021,-0.83,-0.75,-0.83,-2.0,-1.68,-1.61,-2.07,Abnormally Dry,2021-11-29 02:00:00
2021-11-30,4,2021,-0.16,-0.09,-0.17,-1.12,-0.86,-0.81,-1.07,,2021-11-30 02:00:00
2021-12-01,4,2021,-0.53,-0.45,-0.54,-1.58,-1.29,-1.24,-1.59,Abnormally Dry,2021-12-01 02:00:00
2021-12-02,4,2021,-0.83,-0.74,-0.83,-1.95,-1.64,-1.58,-2.01,Abnormally Dry,2021-12-02 02:00:00
2021-12-03,4,2021,0.82,0.89,0.8,0.14,0.34,0.34,0.38,,2021-12-03 02:00:00
2021-12-04,4,2021,-0.36,-0.28,-0.36,-1.32,-1.04,-1.0,-1.29,,2021-12-04 02:00:00
2021-12-05,4,2021,-0.24,-0.17,-0.25,-1.16,-0.91,-0.86,-1.13,,2021-12-05 02:00:00
2021-12-06,4,2021,-0.42,-0.36,-0.42,-1.41,-1.16,-1.08,-1.43,,2021-12-06 02:00:00
2021-12-07,4,2021,0.28,0.34,0.27,-0.6,-0.37,-0.32,-0.47,,2021-12-07 02:00:00
2021-12-08,4,2021,-0.83,-0.76,-0.83,-1.96,-1.67,-1.59,-2.05,Abnormally Dry,2021-12-08 02:00:00
2021-12-09,4,2021,0.9,0.98,0.89,0.3,0.5,0.49,0.58,,2021-12-09 02:00:00
2021-12-10,4,2021,-0.83,-0.77,-0.83,-1.99,-1.7,-1.6,-2.08,Abnormally Dry,2021-12-10 02:00:00
2021-12-11,4,2021,2.84,2.92,2.8,2.74,2.84,2.73,3.41,,2021-12-11 02:00:00
2021-12-12,4,2021,-0.83,-0.74,-0.83,-1.97,-1.65,-1.59,-2.02,Abnormally Dry,2021-12-12 02:00:00
2021-12-13,4,2021,0.21,0.29,0.2,-0.66,-0.41,-0.38,-0.52,,2021-12-13 02:00:00
2021-12-14,4,2021,0.42,0.49,0.4,-0.29,-0.08,-0.07,-0.12,,2021-12-14 02:00:00
2021-12-15,4,2021,-0.42,-0.35,-0.43,-1.48,-1.2,-1.14,-1.48,,2021-12-15 02:00:00
2021-12-16,4,2021,-0.54,-0.45,-0.54,-1.59,-1.29,-1.24,-1.59,Abnormally Dry,2021-12-16 02:00:00
2021-12-17,4,2021,-0.74,-0.65,-0.75,-1.94,-1.61,-1.55,-1.98,Abnormally Dry,2021-12-17 02:00:00
2021-12-18,4,2021,-0.74,-0.63,-0.74,-1.82,-1.49,-1.46,-1.84,Abnormally Dry,2021-12-18 02:00:00
2021-12-19,4,2021,1.41,1.56,1.39,0.87,1.12,1.03,1.33,,2021-12-19 02:00:00
2021-12-20,4,2021,0.88,0.99,0.86,0.2,0.45,0.41,0.51,,2021-12-20 02:00:00
2021-12-21,4,2021,1.08,1.17,1.05,0.52,0.72,0.68,0.84,,2021-12-21 02:00:00
2021-12-22,4,2021,0.96,1.03,0.94,0.31,0.51,0.51,0.59,,2021-12-22 02:00:00
2021-12-23,4,2021,-0.83,-0.75,-0.84,-1.96,-1.65,-1.59,-2.03,Abnormally Dry,2021-12-23 02:00:00
2021-12-24,4,2021,-0.67,-0.59,-0.68,-1.78,-1.48,-1.42,-1.82,Abnormally Dry,2021-12-24 02:00:00
2021-12-25,4,2021,-0.65,-0.55,-0.66,-1.79,-1.46,-1.42,-1.8,Abnormally Dry,2021-12-25 02:00:00
2021-12-26,4,2021,-0.83,-0.73,-0.83,-1.96,-1.63,-1.58,-2.01,Abnormally Dry,2021-12-26 02:00:00
2021-12-27,4,2021,-0.74,-0.63,-0.75,-1.84,-1.51,-1.48,-1.86,Abnormally Dry,2021-12-27 02:00:00
2021-12-28,4,2021,-0.83,-0.73,-0.83,-2.09,-1.74,-1.67,-2.13,Abnormally Dry,2021-12-28 02:00:00
2021-12-29,4,2021,-0.83,-0.73,-0.83,-1.88,-1.57,-1.53,-1.93,Abnormally Dry,2021-12-29 02:00:00
2021-12-30,4,2021,-0.26,-0.09,-0.26,-1.34,-0.95,-0.98,-1.19,,2021-12-30 02:00:00
2021-12-31,4,2021,-0.83,-0.73,-0.83,-2.02,-1.68,-1.62,-2.06,Abnormally Dry,2021-12-31 02:00:00
2022-01-01,4,2022,-0.42,,,-1.17,,,,,2022-01-01 02:00:00
2022-01-02,4,2022,0.1,0.71,0.71,-0.52,0.22,0.3,0.23,,2022-01-02 02:00:00
2022-01-03,4,2022,1.08,1.09,1.09,0.84,0.9,0.93,1.07,,2022-01-03 02:00:00
2022-01-04,4,2022,0.54,0.35,0.35,0.12,0.02,0.07,0.0,,2022-01-04 02:00:00
2022-01-05,4,2022,3.89,1.69,1.69,4.85,2.46,2.33,2.99,,2022-01-05 02:00:00
2022-01-06,4,2022,-0.47,-0.77,-0.77,-1.29,-1.43,-1.32,-1.75,,2022-01-06 02:00:00
2022-01-07,4,2022,-0.52,-0.71,-0.71,-1.36,-1.38,-1.27,-1.69,Abnormally Dry,2022-01-07 02:00:00
2022-01-08,4,2022,-0.46,-0.62,-0.62,-1.26,-1.26,-1.15,-1.55,,2022-01-08 02:00:00
2022-01-09,4,2022,-0.16,-0.39,-0.39,-0.86,-0.95,-0.86,-1.17,,2022-01-09 02:00:00
2022-01-10,4,2022,-0.47,-0.57,-0.57,-1.34,-1.26,-1.15,-1.55,,2022-01-10 02:00:00
2022-01-11,4,2022,-0.65,-0.66,-0.66,-1.49,-1.33,-1.22,-1.63,Abnormally Dry,2022-01-11 02:00:00
2022-01-12,4,2022,-0.66,-0.63,-0.63,-1.56,-1.35,-1.23,-1.65,Abnormally Dry,2022-01-12 02:00:00
2022-01-13,4,2022,-0.64,-0.58,-0.58,-1.51,-1.27,-1.16,-1.56,Abnormally Dry,2022-01-13 02:00:00
2022-01-14,4,2022,-0.53,-0.47,-0.47,-1.41,-1.18,-1.06,-1.45,Abnormally Dry,2022-01-14 02:00:00
2022-01-15,4,2022,-0.15,-0.15,-0.15,-0.88,-0.73,-0.63,-0.91,,2022-01-15 02:00:00
2022-01-16,4,2022,-0.06,-0.08,-0.08,-0.76,-0.64,-0.55,-0.8,,2022-01-16 02:00:00
2022-01-17,4,2022,-0.69,-0.61,-0.61,-1.64,-1.37,-1.24,-1.68,Abnormally Dry,2022-01-17 02:00:00
2022-01-18,4,2022,-0.0,0.01,0.01,-0.72,-0.57,-0.47,-0.71,,2022-01-18 02:00:00
2022-01-19,4,2022,0.41,0.38,0.38,-0.09,-0.02,0.04,-0.05,,2022-01-19 02:00:00
2022-01-20,4,2022,-0.26,-0.24,-0.24,-0.97,-0.81,-0.71,-1.0,,2022-01-20 02:00:00
2022-01-21,4,2022,0.52,0.5,0.5,0.14,0.2,0.25,0.22,,2022-01-21 02:00:00
2022-01-22,4,2022,-0.27,-0.28,-0.28,-1.0,-0.86,-0.76,-1.06,,2022-01-22 02:00:00
2022-01-23,4,2022,-0.57,-0.57,-0.57,-1.5,-1.31,-1.19,-1.61,Abnormally Dry,2022-01-23 02:00:00
2022-01-24,4,2022,-0.14,-0.12,-0.12,-0.88,-0.71,-0.61,-0.88,,2022-01-24 02:00:00
2022-01-25,4,2022,0.33,0.36,0.36,-0.14,-0.01,0.05,-0.03,,2022-01-25 02:00:00
2022-01-26,4,2022,-0.55,-0.56,-0.56,-1.4,-1.24,-1.13,-1.53,Abnormally Dry,2022-01-26 02:00:00
2022-01-27,4,2022,-0.68,-0.69,-0.69,-1.6,-1.42,-1.3,-1.75,Abnormally Dry,2022-01-27 02:00:00
2022-01-28,4,2022,-0.68,-0.67,-0.67,-1.6,-1.41,-1.28,-1.73,Abnormally Dry,2022-01-28 02:00:00
2022-01-29,4,2022,1.07,1.22,1.22,0.87,1.06,1.09,1.26,,2022-01-29 02:00:00
2022-01-30,4,2022,-0.18,-0.15,-0.15,-0.94,-0.76,-0.66,-0.94,,2022-01-30 02:00:00
2022-01-31,4,2022,-0.09,-0.06,-0.06,-0.75,-0.59,-0.5,-0.74,,2022-01-31 02:00:00
2022-02-01,4,2022,-0.04,0.0,0.0,-0.72,-0.55,-0.45,-0.68,,2022-02-01 02:00:00
2022-02-02,4,2022,-0.66,-0.7,-0.7,-1.6,-1.46,-1.33,-1.78,Abnormally Dry,2022-02-02 02:00:00
2022-02-03,4,2022,-0.03,0.03,0.03,-0.69,-0.5,-0.41,-0.63,,2022-02-03 02:00:00
2022-02-04,4,2022,-0.44,-0.44,-0.44,-1.25,-1.09,-0.98,-1.34,,2022-02-04 02:00:00
2022-02-05,4,2022,-0.28,-0.25,-0.25,-1.08,-0.89,-0.78,-1.1,,2022-02-05 02:00:00
2022-02-06,4,2022,0.43,0.61,0.61,-0.06,0.22,0.29,0.25,,2022-02-06 02:00:00
2022-02-07,4,2022,-0.24,-0.21,-0.21,-0.97,-0.8,-0.7,-0.98,,2022-02-07 02:00:00
2022-02-08,4,2022,-0.49,-0.52,-0.52,-1.34,-1.2,-1.08,-1.47,,2022-02-08 02:00:00
2022-02-09,4,2022,0.64,0.88,0.88,0.32,0.62,0.66,0.73,,2022-02-09 02:00:00
2022-02-10,4,2022,0.06,0.15,0.15,-0.54,-0.33,-0.25,-0.42,,2022-02-10 02:00:00
2022-02-11,4,2022,0.57,0.79,0.79,0.21,0.5,0.55,0.58,,2022-02-11 02:00:00
2022-02-12,4,2022,-0.35,-0.39,-0.39,-1.15,-1.03,-0.92,-1.27,,2022-02-12 02:00:00
2022-02-13,4,2022,-0.7,-0.82,-0.82,-1.63,-1.56,-1.44,-1.91,Abnormally Dry,2022-02-13 02:00:00
2022-02-14,4,2022,-0.52,-0.58,-0.58,-1.4,-1.29,-1.17,-1.58,Abnormally Dry,2022-02-14 02:00:00
2022-02-15,4,2022,-0.34,-0.34,-0.34,-1.19,-1.02,-0.9,-1.26,,2022-02-15 02:00:00
2022-02-16,4,2022,0.77,1.1,1.1,0.41,0.81,0.86,0.96,,2022-02-16 02:00:00
2022-02-17,4,2022,-0.59,-0.68,-0.68,-1.53,-1.43,-1.3,-1.75,Abnormally Dry,2022-02-17 02:00:00
2022-02-18,4,2022,-0.32,-0.32,-0.32,-1.15,-0.98,-0.87,-1.21,,2022-02-18 02:00:00
2022-02-19,4,2022,-0.33,-0.33,-0.33,-1.16,-1.0,-0.89,-1.23,,2022-02-19 02:00:00
2022-02-20,4,2022,-0.56,-0.63,-0.63,-1.47,-1.36,-1.24,-1.67,Abnormally Dry,2022-02-20 02:00:00
2022-02-21,4,2022,0.2,0.39,0.39,-0.41,-0.1,-0.02,-0.14,,2022-02-21 02:00:00
2022-02-22,4,2022,-0.72,-0.85,-0.85,-1.64,-1.59,-1.46,-1.94,Abnormally Dry,2022-02-22 02:00:00
2022-02-23,4,2022,0.54,0.86,0.86,0.05,0.47,0.53,0.54,,2022-02-23 02:00:00
2022-02-24,4,2022,0.05,0.19,0.19,-0.61,-0.34,-0.25,-0.43,,2022-02-24 02:00:00
2022-02-25,4,2022,-0.49,-0.56,-0.56,-1.29,-1.2,-1.09,-1.47,,2022-02-25 02:00:00
2022-02-26,4,2022,-0.72,-0.86,-0.86,-1.7,-1.64,-1.51,-2.01,Abnormally Dry,2022-02-26 02:00:00
2022-02-27,4,2022,1.26,1.83,1.83,1.07,1.67,1.7,2.0,,2022-02-27 02:00:00
2022-02-28,4,2022,-0.5,-0.56,-0.56,-1.34,-1.23,-1.12,-1.52,Abnormally Dry,2022-02-28 02:00:00
2022-03-01,4,2022,-0.49,-0.55,-0.55,-1.28,-1.18,-1.08,-1.45,,2022-03-01 02:00:00
2022-03-02,4,2022,0.61,0.96,0.96,0.22,0.65,0.7,0.76,,2022-03-02 02:00:00
2022-03-03,4,2022,-0.62,-0.73,-0.73,-1.48,-1.42,-1.31,-1.74,Abnormally Dry,2022-03-03 02:00:00
2022-03-04,4,2022,-0.29,-0.27,-0.27,-1.06,-0.89,-0.78,-1.1,,2022-03-04 02:00:00
2022-03-05,4,2022,-0.6,-0.7,-0.7,-1.55,-1.46,-1.33,-1.79,Abnormally Dry,2022-03-05 02:00:00
2022-03-06,4,2022,-0.65,-0.76,-0.76,-1.52,-1.46,-1.34,-1.79,Abnormally Dry,2022-03-06 02:00:00
2022-03-07,4,2022,2.4,3.22,3.22,2.67,3.43,3.4,4.13,,2022-03-07 02:00:00
2022-03-08,4,2022,-0.47,-0.51,-0.51,-1.21,-1.1,-1.0,-1.35,,2022-03-08 02:00:00
2022-03-09,4,2022,-0.32,-0.31,-0.31,-1.18,-0.99,-0.88,-1.23,,2022-03-09 02:00:00
2022-03-10,4,2022,2.48,3.11,3.11,2.78,3.35,3.31,4.04,,2022-03-10 02:00:00
2022-03-11,4,2022,0.37,0.51,0.51,-0.12,0.12,0.19,0.13,,2022-03-11 02:00:00
2022-03-12,4,2022,-0.72,-0.83,-0.83,-1.65,-1.58,-1.45,-1.93,Abnormally Dry,2022-03-12 02:00:00
2022-03-13,4,2022,1.34,1.68,1.68,1.23,1.59,1.6,1.9,,2022-03-13 02:00:00
2022-03-14,4,2022,-0.71,-0.83,-0.83,-1.75,-1.66,-1.53,-2.04,Abnormally Dry,2022-03-14 02:00:00
2022-03-15,4,2022,-0.63,-0.71,-0.71,-1.61,-1.49,-1.36,-1.83,Abnormally Dry,2022-03-15 02:00:00
2022-03-16,4,2022,-0.72,-0.82,-0.82,-1.67,-1.58,-1.45,-1.93,Abnormally Dry,2022-03-16 02:00:00
2022-03-17,4,2022,-0.13,-0.09,-0.09,-0.84,-0.66,-0.57,-0.82,,2022-03-17 02:00:00
2022-03-18,4,2022,-0.37,-0.38,-0.38,-1.13,-0.99,-0.89,-1.21,,2022-03-18 02:00:00
2022-03-19,4,2022,0.32,0.47,0.47,-0.27,-0.0,0.07,-0.03,,2022-03-19 02:00:00
2022-03-20,4,2022,0.02,0.09,0.09,-0.55,-0.37,-0.29,-0.47,,2022-03-20 02:00:00
2022-03-21,4,2022,0.13,0.23,0.23,-0.45,-0.23,-0.15,-0.3,,2022-03-21 02:00:00
2022-03-22,4,2022,-0.14,-0.11,-0.11,-0.82,-0.65,-0.56,-0.81,,2022-03-22 02:00:00
2022-03-23,4,2022,-0.57,-0.66,-0.66,-1.45,-1.37,-1.25,-1.67,Abnormally Dry,2022-03-23 02:00:00
2022-03-24,4,2022,-0.14,-0.11,-0.11,-1.02,-0.81,-0.7,-1.01,,2022-03-24 02:00:00
2022-03-25,4,2022,-0.08,-0.02,-0.02,-0.8,-0.59,-0.5,-0.74,,2022-03-25 02:00:00
2022-03-26,4,2022,0.86,1.18,1.18,0.58,0.96,1.0,1.14,,2022-03-26 02:00:00
2022-03-27,4,2022,-0.6,-0.7,-0.7,-1.57,-1.47,-1.34,-1.81,Abnormally Dry,2022-03-27 02:00:00
2022-03-28,4,2022,-0.72,-0.85,-0.85,-1.67,-1.61,-1.48,-1.97,Abnormally Dry,2022-03-28 02:00:00
2022-03-29,4,2022,1.41,1.87,1.87,1.3,1.78,1.8,2.13,,2022-03-29 02:00:00
2022-03-30,4,2022,0.08,0.16,0.16,-0.55,-0.34,-0.26,-0.44,,2022-03-30 02:00:00
2022-03-31,4,2022,-0.6,-0.7,-0.7,-1.58,-1.49,-1.35,-1.82,Abnormally Dry,2022-03-31 02:00:00
2022-04-01,4,2022,-0.08,-0.03,-0.03,-0.76,-0.57,-0.48,-0.72,,2022-04-01 02:00:00
2022-04-02,4,2022,1.1,1.45,1.47,0.87,1.27,1.32,1.51,,2022-04-02 02:00:00
2022-04-03,4,2022,0.41,0.59,0.58,-0.07,0.2,0.26,0.22,,2022-04-03 02:00:00
2022-04-04,4,2022,-0.51,-0.58,-0.61,-1.33,-1.24,-1.16,-1.52,Abnormally Dry,2022-04-04 02:00:00
2022-04-05,4,2022,-0.72,-0.93,-0.87,-1.68,-1.7,-1.51,-2.08,Abnormally Dry,2022-04-05 02:00:00
2022-04-06,4,2022,-0.46,-0.54,-0.53,-1.4,-1.29,-1.15,-1.58,,2022-04-06 02:00:00
2022-04-07,4,2022,0.2,0.45,0.32,-0.39,-0.02,-0.07,-0.05,,2022-04-07 02:00:00
2022-04-08,4,2022,0.24,0.51,0.38,-0.47,-0.05,-0.09,-0.09,,2022-04-08 02:00:00
2022-04-09,4,2022,-0.26,-0.26,-0.28,-1.06,-0.9,-0.82,-1.12,,2022-04-09 02:00:00
2022-04-10,4,2022,1.01,1.64,1.38,0.68,1.37,1.16,1.64,,2022-04-10 02:00:00
2022-04-11,4,2022,-0.65,-0.87,-0.8,-1.61,-1.64,-1.44,-2.01,Abnormally Dry,2022-04-11 02:00:00
2022-04-12,4,2022,-0.46,-0.58,-0.54,-1.38,-1.32,-1.16,-1.62,,2022-04-12 02:00:00
2022-04-13,4,2022,-0.38,-0.47,-0.44,-1.17,-1.1,-0.97,-1.35,,2022-04-13 02:00:00
2022-04-14,4,2022,0.64,1.06,0.91,0.16,0.68,0.59,0.8,,2022-04-14 02:00:00
2022-04-15,4,2022,1.76,2.61,2.32,1.78,2.63,2.33,3.15,,2022-04-15 02:00:00
2022-04-16,4,2022,-0.67,-0.9,-0.82,-1.62,-1.66,-1.45,-2.03,Abnormally Dry,2022-04-16 02:00:00
2022-04-17,4,2022,-0.54,-0.73,-0.66,-1.51,-1.51,-1.31,-1.85,Abnormally Dry,2022-04-17 02:00:00
2022-04-18,4,2022,0.62,0.95,0.85,0.23,0.64,0.59,0.75,,2022-04-18 02:00:00
2022-04-19,4,2022,0.61,0.93,0.84,0.26,0.65,0.61,0.77,,2022-04-19 02:00:00
2022-04-20,4,2022,0.62,0.93,0.84,0.14,0.55,0.52,0.64,,2022-04-20 02:00:00
2022-04-21,4,2022,-0.72,-0.97,-0.91,-1.78,-1.82,-1.62,-2.22,Abnormally Dry,2022-04-21 02:00:00
2022-04-22,4,2022,-0.33,-0.42,-0.4,-1.18,-1.1,-0.97,-1.35,,2022-04-22 02:00:00
2022-04-23,4,2022,0.74,1.09,1.0,0.34,0.77,0.73,0.91,,2022-04-23 02:00:00
2022-04-24,4,2022,-0.09,-0.1,-0.09,-0.78,-0.65,-0.55,-0.81,,2022-04-24 02:00:00
2022-04-25,4,2022,-0.44,-0.58,-0.55,-1.29,-1.26,-1.12,-1.54,,2022-04-25 02:00:00
2022-04-26,4,2022,-0.71,-0.96,-0.9,-1.8,-1.83,-1.63,-2.24,Abnormally Dry,2022-04-26 02:00:00
2022-04-27,4,2022,2.17,2.95,2.81,2.36,3.1,2.94,3.73,,2022-04-27 02:00:00
2022-04-28,4,2022,-0.57,-0.77,-0.71,-1.57,-1.57,-1.38,-1.92,Abnormally Dry,2022-04-28 02:00:00
2022-04-29,4,2022,0.55,0.76,0.73,-0.02,0.31,0.35,0.35,,2022-04-29 02:00:00
2022-04-30,4,2022,-0.55,-0.74,-0.69,-1.5,-1.5,-1.32,-1.83,Abnormally Dry,2022-04-30 02:00:00
2022-05-01,4,2022,-0.45,-0.6,-0.56,-1.31,-1.28,-1.13,-1.58,,2022-05-01 02:00:00
2022-05-02,4,2022,-0.23,-0.29,-0.26,-0.98,-0.89,-0.76,-1.09,,2022-05-02 02:00:00
2022-05-03,4,2022,-0.41,-0.55,-0.51,-1.3,-1.26,-1.1,-1.55,,2022-05-03 02:00:00
2022-05-04,4,2022,2.73,3.45,3.42,3.11,3.75,3.67,4.52,,2022-05-04 02:00:00
2022-05-05,4,2022,-0.72,-0.93,-0.89,-1.76,-1.76,-1.58,-2.15,Abnormally Dry,2022-05-05 02:00:00
2022-05-06,4,2022,0.35,0.42,0.45,-0.21,-0.03,0.08,-0.06,,2022-05-06 02:00:00
2022-05-07,4,2022,-0.59,-0.76,-0.73,-1.53,-1.52,-1.36,-1.86,Abnormally Dry,2022-05-07 02:00:00
2022-05-08,4,2022,-0.2,-0.26,-0.23,-1.04,-0.93,-0.79,-1.15,,2022-05-08 02:00:00
2022-05-09,4,2022,0.75,0.91,0.95,0.34,0.59,0.68,0.69,,2022-05-09 02:00:00
2022-05-10,4,2022,2.57,3.02,3.11,2.85,3.25,3.3,3.91,,2022-05-10 02:00:00
2022-05-11,4,2022,-0.49,-0.63,-0.61,-1.39,-1.35,-1.21,-1.66,,2022-05-11 02:00:00
2022-05-12,4,2022,-0.51,-0.64,-0.63,-1.55,-1.47,-1.32,-1.8,Abnormally Dry,2022-05-12 02:00:00
2022-05-13,4,2022,-0.14,-0.2,-0.17,-0.92,-0.82,-0.69,-1.02,,2022-05-13 02:00:00
2022-05-14,4,2022,-0.5,-0.64,-0.61,-1.41,-1.37,-1.21,-1.67,Abnormally Dry,2022-05-14 02:00:00
2022-05-15,4,2022,0.08,0.05,0.1,-0.67,-0.55,-0.4,-0.69,,2022-05-15 02:00:00
2022-05-16,4,2022,-0.0,-0.06,-0.0,-0.7,-0.62,-0.47,-0.77,,2022-05-16 02:00:00
2022-05-17,4,2022,-0.47,-0.6,-0.58,-1.39,-1.34,-1.2,-1.64,,2022-05-17 02:00:00
2022-05-18,4,2022,-0.15,-0.23,-0.19,-0.95,-0.87,-0.72,-1.07,,2022-05-18 02:00:00
2022-05-19,4,2022,-0.67,-0.85,-0.83,-1.62,-1.61,-1.46,-1.97,Abnormally Dry,2022-05-19 02:00:00
2022-05-20,4,2022,-0.72,-0.89,-0.88,-1.8,-1.75,-1.6,-2.15,Abnormally Dry,2022-05-20 02:00:00
2022-05-21,4,2022,-0.71,-0.88,-0.86,-1.69,-1.66,-1.51,-2.03,Abnormally Dry,2022-05-21 02:00:00
2022-05-22,4,2022,1.45,1.67,1.81,1.38,1.61,1.76,1.93,,2022-05-22 02:00:00
2022-05-23,4,2022,-0.36,-0.48,-0.44,-1.25,-1.19,-1.03,-1.46,,2022-05-23 02:00:00
2022-05-24,4,2022,-0.47,-0.6,-0.57,-1.42,-1.36,-1.2,-1.67,,2022-05-24 02:00:00
2022-05-25,4,2022,-0.72,-0.87,-0.87,-1.78,-1.72,-1.57,-2.1,Abnormally Dry,2022-05-25 02:00:00
2022-05-26,4,2022,-0.44,-0.55,-0.53,-1.37,-1.29,-1.15,-1.59,,2022-05-26 02:00:00
2022-05-27,4,2022,0.2,0.2,0.27,-0.51,-0.37,-0.21,-0.47,,2022-05-27 02:00:00
2022-05-28,4,2022,-0.62,-0.75,-0.75,-1.56,-1.5,-1.38,-1.84,Abnormally Dry,2022-05-28 02:00:00
2022-05-29,4,2022,-0.61,-0.74,-0.73,-1.58,-1.52,-1.38,-1.86,Abnormally Dry,2022-05-29 02:00:00
2022-05-30,4,2022,-0.63,-0.76,-0.75,-1.56,-1.51,-1.37,-1.84,Abnormally Dry,2022-05-30 02:00:00
2022-05-31,4,2022,-0.67,-0.8,-0.8,-1.64,-1.57,-1.44,-1.93,Abnormally Dry,2022-05-31 02:00:00
2022-06-01,4,2022,-0.32,-0.38,-0.36,-1.16,-1.05,-0.92,-1.3,,2022-06-01 02:00:00
2022-06-02,4,2022,0.35,0.41,0.49,-0.21,-0.04,0.12,-0.07,,2022-06-02 02:00:00
2022-06-03,4,2022,1.02,1.18,1.33,0.68,0.91,1.1,1.07,,2022-06-03 02:00:00
2022-06-04,4,2022,-0.54,-0.67,-0.65,-1.55,-1.47,-1.32,-1.81,Abnormally Dry,2022-06-04 02:00:00
2022-06-05,4,2022,-0.63,-0.77,-0.75,-1.68,-1.61,-1.45,-1.97,Abnormally Dry,2022-06-05 02:00:00
2022-06-06,4,2022,0.88,1.08,1.15,0.51,0.79,0.91,0.93,,2022-06-06 02:00:00
2022-06-07,4,2022,-0.55,-0.68,-0.65,-1.52,-1.46,-1.3,-1.79,Abnormally Dry,2022-06-07 02:00:00
2022-06-08,4,2022,-0.72,-0.89,-0.87,-1.85,-1.79,-1.62,-2.2,Abnormally Dry,2022-06-08 02:00:00
2022-06-09,4,2022,-0.41,-0.48,-0.47,-1.36,-1.24,-1.11,-1.53,,2022-06-09 02:00:00
2022-06-10,4,2022,-0.67,-0.82,-0.79,-1.69,-1.63,-1.47,-2.0,Abnormally Dry,2022-06-10 02:00:00
2022-06-11,4,2022,2.03,2.63,2.59,2.22,2.78,2.71,3.34,,2022-06-11 02:00:00
2022-06-12,4,2022,-0.57,-0.69,-0.67,-1.51,-1.44,-1.29,-1.76,Abnormally Dry,2022-06-12 02:00:00
2022-06-13,4,2022,0.19,0.27,0.28,-0.39,-0.19,-0.11,-0.26,,2022-06-13 02:00:00
2022-06-14,4,2022,1.52,1.91,1.93,1.45,1.85,1.88,2.22,,2022-06-14 02:00:00
2022-06-15,4,2022,0.31,0.39,0.42,-0.33,-0.12,-0.0,-0.17,,2022-06-15 02:00:00
2022-06-16,4,2022,-0.42,-0.54,-0.5,-1.34,-1.27,-1.11,-1.56,,2022-06-16 02:00:00
2022-06-17,4,2022,0.04,0.05,0.08,-0.7,-0.54,-0.41,-0.68,,2022-06-17 02:00:00
2022-06-18,4,2022,3.42,3.88,4.1,4.04,4.38,4.51,5.28,,2022-06-18 02:00:00
2022-06-19,4,2022,0.58,0.61,0.7,0.07,0.2,0.36,0.22,,2022-06-19 02:00:00
2022-06-20,4,2022,-0.64,-0.78,-0.77,-1.62,-1.56,-1.42,-1.92,Abnormally Dry,2022-06-20 02:00:00
2022-06-21,4,2022,-0.66,-0.8,-0.79,-1.72,-1.65,-1.5,-2.02,Abnormally Dry,2022-06-21 02:00:00
2022-06-22,4,2022,-0.57,-0.69,-0.68,-1.45,-1.4,-1.27,-1.71,Abnormally Dry,2022-06-22 02:00:00
2022-06-23,4,2022,0.15,0.13,0.2,-0.55,-0.43,-0.27,-0.55,,2022-06-23 02:00:00
2022-06-24,4,2022,-0.72,-0.84,-0.85,-1.79,-1.69,-1.56,-2.08,Abnormally Dry,2022-06-24 02:00:00
2022-06-25,4,2022,-0.72,-0.84,-0.85,-1.8,-1.7,-1.57,-2.09,Abnormally Dry,2022-06-25 02:00:00
2022-06-26,4,2022,0.64,0.69,0.79,0.09,0.25,0.42,0.27,,2022-06-26 02:00:00
2022-06-27,4,2022,-0.13,-0.17,-0.14,-0.96,-0.83,-0.69,-1.03,,2022-06-27 02:00:00
2022-06-28,4,2022,-0.04,-0.07,-0.03,-0.77,-0.66,-0.52,-0.82,,2022-06-28 02:00:00
2022-06-29,4,2022,-0.72,-0.84,-0.85,-1.68,-1.61,-1.49,-1.97,Abnormally Dry,2022-06-29 02:00:00
2022-06-30,4,2022,1.01,1.13,1.25,0.63,0.83,1.0,0.98,,2022-06-30 02:00:00
2022-07-01,4,2022,-0.72,-0.83,-0.85,-1.7,-1.61,-1.5,-1.97,Abnormally Dry,2022-07-01 02:00:00
2022-07-02,4,2022,-0.14,-0.16,-0.15,-0.95,-0.81,-0.69,-1.01,,2022-07-02 02:00:00
2022-07-03,4,2022,-0.72,-0.82,-0.85,-1.79,-1.68,-1.57,-2.06,Abnormally Dry,2022-07-03 02:00:00
2022-07-04,4,2022,-0.42,-0.49,-0.49,-1.26,-1.16,-1.05,-1.43,,2022-07-04 02:00:00
2022-07-05,4,2022,-0.67,-0.77,-0.79,-1.67,-1.57,-1.46,-1.92,Abnormally Dry,2022-07-05 02:00:00
2022-07-06,4,2022,-0.03,-0.03,-0.0,-0.75,-0.61,-0.48,-0.76,,2022-07-06 02:00:00
2022-07-07,4,2022,-0.13,-0.14,-0.12,-0.88,-0.74,-0.62,-0.92,,2022-07-07 02:00:00
2022-07-08,4,2022,0.06,0.08,0.11,-0.58,-0.43,-0.31,-0.54,,2022-07-08 02:00:00
2022-07-09,4,2022,-0.17,-0.18,-0.18,-0.99,-0.84,-0.73,-1.04,,2022-07-09 02:00:00
2022-07-10,4,2022,-0.21,-0.22,-0.22,-1.0,-0.85,-0.75,-1.05,,2022-07-10 02:00:00
2022-07-11,4,2022,0.06,0.08,0.11,-0.56,-0.42,-0.31,-0.53,,2022-07-11 02:00:00
2022-07-12,4,2022,-0.72,-0.82,-0.85,-1.76,-1.65,-1.55,-2.03,Abnormally Dry,2022-07-12 02:00:00
2022-07-13,4,2022,0.1,0.14,0.17,-0.65,-0.46,-0.33,-0.59,,2022-07-13 02:00:00
2022-07-14,4,2022,-0.66,-0.74,-0.78,-1.69,-1.57,-1.47,-1.92,Abnormally Dry,2022-07-14 02:00:00
2022-07-15,4,2022,-0.54,-0.59,-0.63,-1.45,-1.32,-1.24,-1.62,Abnormally Dry,2022-07-15 02:00:00
2022-07-16,4,2022,3.08,3.43,3.75,3.53,3.79,4.05,4.57,,2022-07-16 02:00:00
2022-07-17,4,2022,-0.71,-0.77,-0.83,-1.79,-1.64,-1.55,-2.01,Abnormally Dry,2022-07-17 02:00:00
2022-07-18,4,2022,-0.67,-0.7,-0.77,-1.75,-1.57,-1.49,-1.92,Abnormally Dry,2022-07-18 02:00:00
2022-07-19,4,2022,-0.59,-0.61,-0.68,-1.63,-1.45,-1.38,-1.78,Abnormally Dry,2022-07-19 02:00:00
2022-07-20,4,2022,-0.56,-0.58,-0.65,-1.63,-1.43,-1.36,-1.76,Abnormally Dry,2022-07-20 02:00:00
2022-07-21,4,2022,-0.72,-0.75,-0.83,-1.85,-1.66,-1.59,-2.03,Abnormally Dry,2022-07-21 02:00:00
2022-07-22,4,2022,0.51,0.62,0.66,-0.02,0.2,0.31,0.21,,2022-07-22 02:00:00
2022-07-23,4,2022,-0.47,-0.46,-0.53,-1.47,-1.26,-1.19,-1.55,,2022-07-23 02:00:00
2022-07-24,4,2022,-0.06,-0.01,-0.02,-0.87,-0.65,-0.56,-0.82,,2022-07-24 02:00:00
2022-07-25,4,2022,-0.72,-0.74,-0.83,-1.77,-1.58,-1.53,-1.94,Abnormally Dry,2022-07-25 02:00:00
2022-07-26,4,2022,-0.68,-0.69,-0.78,-1.72,-1.52,-1.47,-1.86,Abnormally Dry,2022-07-26 02:00:00
2022-07-27,4,2022,-0.52,-0.51,-0.59,-1.46,-1.26,-1.22,-1.55,Abnormally Dry,2022-07-27 02:00:00
2022-07-28,4,2022,1.06,1.3,1.35,0.73,1.04,1.13,1.23,,2022-07-28 02:00:00
2022-07-29,4,2022,-0.39,-0.36,-0.43,-1.24,-1.04,-1.0,-1.28,,2022-07-29 02:00:00
2022-07-30,4,2022,-0.22,-0.17,-0.21,-1.07,-0.85,-0.78,-1.06,,2022-07-30 02:00:00
2022-07-31,4,2022,-0.72,-0.73,-0.83,-1.69,-1.51,-1.48,-1.85,Abnormally Dry,2022-07-31 02:00:00
2022-08-01,4,2022,-0.0,0.08,0.05,-0.78,-0.54,-0.47,-0.68,,2022-08-01 02:00:00
2022-08-02,4,2022,-0.56,-0.55,-0.64,-1.55,-1.34,-1.3,-1.65,Abnormally Dry,2022-08-02 02:00:00
2022-08-03,4,2022,-0.53,-0.52,-0.6,-1.5,-1.3,-1.25,-1.59,Abnormally Dry,2022-08-03 02:00:00
2022-08-04,4,2022,2.9,3.38,3.53,3.37,3.75,3.84,4.52,,2022-08-04 02:00:00
2022-08-05,4,2022,-0.72,-0.73,-0.82,-1.74,-1.55,-1.5,-1.9,Abnormally Dry,2022-08-05 02:00:00
2022-08-06,4,2022,1.94,2.2,2.35,1.91,2.18,2.33,2.61,,2022-08-06 02:00:00
2022-08-07,4,2022,0.54,0.66,0.68,-0.04,0.19,0.29,0.21,,2022-08-07 02:00:00
2022-08-08,4,2022,-0.51,-0.49,-0.57,-1.53,-1.31,-1.25,-1.61,Abnormally Dry,2022-08-08 02:00:00
2022-08-09,4,2022,0.6,0.78,0.75,0.08,0.37,0.4,0.42,,2022-08-09 02:00:00
2022-08-10,4,2022,1.9,2.2,2.27,1.83,2.15,2.23,2.57,,2022-08-10 02:00:00
2022-08-11,4,2022,0.31,0.4,0.38,-0.4,-0.17,-0.1,-0.23,,2022-08-11 02:00:00
2022-08-12,4,2022,-0.67,-0.7,-0.78,-1.73,-1.55,-1.49,-1.9,Abnormally Dry,2022-08-12 02:00:00
2022-08-13,4,2022,-0.1,-0.06,-0.1,-0.93,-0.72,-0.65,-0.9,,2022-08-13 02:00:00
2022-08-14,4,2022,0.14,0.21,0.19,-0.52,-0.32,-0.25,-0.41,,2022-08-14 02:00:00
2022-08-15,4,2022,-0.03,0.02,-0.01,-0.82,-0.61,-0.54,-0.77,,2022-08-15 02:00:00
2022-08-16,4,2022,0.69,0.81,0.84,0.26,0.46,0.55,0.54,,2022-08-16 02:00:00
2022-08-17,4,2022,0.44,0.53,0.55,-0.09,0.11,0.2,0.11,,2022-08-17 02:00:00
2022-08-18,4,2022,-0.72,-0.78,-0.84,-1.68,-1.55,-1.48,-1.9,Abnormally Dry,2022-08-18 02:00:00
2022-08-19,4,2022,-0.72,-0.78,-0.84,-1.75,-1.61,-1.53,-1.97,Abnormally Dry,2022-08-19 02:00:00
2022-08-20,4,2022,-0.4,-0.4,-0.45,-1.41,-1.21,-1.12,-1.49,,2022-08-20 02:00:00
2022-08-21,4,2022,-0.54,-0.56,-0.62,-1.45,-1.28,-1.22,-1.58,Abnormally Dry,2022-08-21 02:00:00
2022-08-22,4,2022,-0.72,-0.76,-0.83,-1.79,-1.62,-1.54,-1.98,Abnormally Dry,2022-08-22 02:00:00
2022-08-23,4,2022,-0.26,-0.25,-0.28,-1.08,-0.91,-0.83,-1.12,,2022-08-23 02:00:00
2022-08-24,4,2022,0.35,0.44,0.45,-0.24,-0.03,0.05,-0.06,,2022-08-24 02:00:00
2022-08-25,4,2022,0.34,0.43,0.44,-0.32,-0.1,-0.0,-0.15,,2022-08-25 02:00:00
2022-08-26,4,2022,-0.64,-0.69,-0.75,-1.64,-1.49,-1.42,-1.83,Abnormally Dry,2022-08-26 02:00:00
2022-08-27,4,2022,2.54,2.77,3.04,2.81,2.99,3.22,3.59,,2022-08-27 02:00:00
2022-08-28,4,2022,-0.18,-0.21,-0.2,-0.97,-0.84,-0.73,-1.04,,2022-08-28 02:00:00
2022-08-29,4,2022,-0.72,-0.79,-0.83,-1.83,-1.68,-1.57,-2.06,Abnormally Dry,2022-08-29 02:00:00
2022-08-30,4,2022,-0.02,-0.03,0.0,-0.8,-0.65,-0.52,-0.81,,2022-08-30 02:00:00
2022-08-31,4,2022,-0.51,-0.56,-0.59,-1.43,-1.29,-1.2,-1.59,Abnormally Dry,2022-08-31 02:00:00
2022-09-01,4,2022,-0.72,-0.77,-0.83,-1.76,-1.6,-1.52,-1.96,Abnormally Dry,2022-09-01 02:00:00
2022-09-02,4,2022,-0.04,-0.03,-0.01,-0.87,-0.7,-0.56,-0.87,,2022-09-02 02:00:00
2022-09-03,4,2022,-0.72,-0.77,-0.83,-1.64,-1.5,-1.44,-1.84,Abnormally Dry,2022-09-03 02:00:00
2022-09-04,4,2022,1.15,1.27,1.41,0.85,1.03,1.21,1.22,,2022-09-04 02:00:00
2022-09-05,4,2022,-0.72,-0.77,-0.83,-1.8,-1.64,-1.55,-2.01,Abnormally Dry,2022-09-05 02:00:00
2022-09-06,4,2022,0.01,0.01,0.04,-0.8,-0.64,-0.5,-0.8,,2022-09-06 02:00:00
2022-09-07,4,2022,-0.66,-0.71,-0.76,-1.72,-1.56,-1.47,-1.91,Abnormally Dry,2022-09-07 02:00:00
2022-09-08,4,2022,0.28,0.3,0.37,-0.36,-0.22,-0.06,-0.28,,2022-09-08 02:00:00
2022-09-09,4,2022,-0.69,-0.74,-0.79,-1.81,-1.64,-1.54,-2.01,Abnormally Dry,2022-09-09 02:00:00
2022-09-10,4,2022,-0.43,-0.46,-0.48,-1.48,-1.3,-1.18,-1.6,,2022-09-10 02:00:00
2022-09-11,4,2022,-0.72,-0.77,-0.83,-1.77,-1.61,-1.53,-1.98,Abnormally Dry,2022-09-11 02:00:00
2022-09-12,4,2022,2.17,2.43,2.63,2.26,2.5,2.69,3.0,,2022-09-12 02:00:00
2022-09-13,4,2022,-0.21,-0.19,-0.22,-1.03,-0.85,-0.77,-1.05,,2022-09-13 02:00:00
2022-09-14,4,2022,0.6,0.69,0.75,0.12,0.3,0.43,0.34,,2022-09-14 02:00:00
2022-09-15,4,2022,0.8,0.9,0.99,0.4,0.58,0.72,0.68,,2022-09-15 02:00:00
2022-09-16,4,2022,-0.45,-0.47,-0.51,-1.46,-1.28,-1.18,-1.58,,2022-09-16 02:00:00
2022-09-17,4,2022,-0.25,-0.22,-0.27,-1.19,-0.97,-0.9,-1.2,,2022-09-17 02:00:00
2022-09-18,4,2022,-0.5,-0.52,-0.57,-1.5,-1.32,-1.24,-1.63,Abnormally Dry,2022-09-18 02:00:00
2022-09-19,4,2022,1.34,1.65,1.63,1.16,1.5,1.51,1.8,,2022-09-19 02:00:00
2022-09-20,4,2022,0.97,1.17,1.18,0.45,0.76,0.83,0.89,,2022-09-20 02:00:00
2022-09-21,4,2022,-0.58,-0.64,-0.67,-1.66,-1.5,-1.39,-1.84,Abnormally Dry,2022-09-21 02:00:00
2022-09-22,4,2022,0.33,0.41,0.41,-0.29,-0.09,-0.0,-0.13,,2022-09-22 02:00:00
2022-09-23,4,2022,0.97,1.15,1.18,0.54,0.81,0.89,0.95,,2022-09-23 02:00:00
2022-09-24,4,2022,-0.56,-0.64,-0.66,-1.52,-1.41,-1.3,-1.73,Abnormally Dry,2022-09-24 02:00:00
2022-09-25,4,2022,2.91,3.2,3.43,3.22,3.44,3.63,4.15,,2022-09-25 02:00:00
2022-09-26,4,2022,-0.36,-0.41,-0.42,-1.27,-1.14,-1.03,-1.4,,2022-09-26 02:00:00
2022-09-27,4,2022,-0.72,-0.81,-0.84,-1.82,-1.69,-1.57,-2.07,Abnormally Dry,2022-09-27 02:00:00
2022-09-28,4,2022,1.13,1.23,1.34,0.8,0.96,1.12,1.14,,2022-09-28 02:00:00
2022-09-29,4,2022,0.53,0.56,0.63,-0.07,0.08,0.23,0.07,,2022-09-29 02:00:00
2022-09-30,4,2022,-0.72,-0.82,-0.84,-1.82,-1.7,-1.57,-2.08,Abnormally Dry,2022-09-30 02:00:00
2022-10-01,4,2022,-0.66,-0.75,-0.77,-1.69,-1.57,-1.46,-1.93,Abnormally Dry,2022-10-01 02:00:00
2022-10-02,4,2022,-0.42,-0.48,-0.48,-1.35,-1.22,-1.1,-1.5,,2022-10-02 02:00:00
2022-10-03,4,2022,-0.72,-0.82,-0.84,-1.83,-1.71,-1.58,-2.09,Abnormally Dry,2022-10-03 02:00:00
2022-10-04,4,2022,9.82,7.05,9.51,12.94,9.54,11.59,6.0,,2022-10-04 02:00:00
2022-10-05,4,2022,-0.45,-0.42,-0.46,-1.41,-1.18,-1.1,-1.46,,2022-10-05 02:00:00
2022-10-06,4,2022,-0.72,-0.61,-0.72,-1.78,-1.46,-1.43,-1.79,Abnormally Dry,2022-10-06 02:00:00
2022-10-07,4,2022,-0.72,-0.6,-0.72,-1.85,-1.51,-1.47,-1.85,Abnormally Dry,2022-10-07 02:00:00
2022-10-08,4,2022,1.03,0.65,0.98,0.66,0.35,0.73,0.41,,2022-10-08 02:00:00
2022-10-09,4,2022,-0.72,-0.6,-0.72,-1.77,-1.44,-1.42,-1.77,Abnormally Dry,2022-10-09 02:00:00
2022-10-10,4,2022,0.62,0.36,0.59,0.03,-0.11,0.2,-0.15,,2022-10-10 02:00:00
2022-10-11,4,2022,1.63,1.06,1.56,1.49,0.95,1.47,1.14,,2022-10-11 02:00:00
2022-10-12,4,2022,0.52,0.26,0.48,-0.15,-0.27,0.04,-0.35,,2022-10-12 02:00:00
2022-10-13,4,2022,-0.21,-0.27,-0.23,-1.15,-1.02,-0.86,-1.26,,2022-10-13 02:00:00
2022-10-14,4,2022,-0.72,-0.62,-0.73,-1.88,-1.55,-1.51,-1.91,Abnormally Dry,2022-10-14 02:00:00
2022-10-15,4,2022,-0.72,-0.62,-0.72,-1.8,-1.49,-1.44,-1.83,Abnormally Dry,2022-10-15 02:00:00
2022-10-16,4,2022,-0.07,-0.15,-0.09,-0.91,-0.83,-0.65,-1.02,,2022-10-16 02:00:00
2022-10-17,4,2022,-0.34,-0.35,-0.35,-1.27,-1.09,-0.97,-1.35,,2022-10-17 02:00:00
2022-10-18,4,2022,-0.08,-0.16,-0.09,-0.95,-0.85,-0.67,-1.06,,2022-10-18 02:00:00
2022-10-19,4,2022,-0.72,-0.63,-0.72,-1.82,-1.51,-1.46,-1.86,Abnormally Dry,2022-10-19 02:00:00
2022-10-20,4,2022,0.19,0.04,0.17,-0.58,-0.58,-0.34,-0.72,,2022-10-20 02:00:00
2022-10-21,4,2022,1.24,0.81,1.2,0.89,0.53,0.97,0.63,,2022-10-21 02:00:00
2022-10-22,4,2022,-0.37,-0.38,-0.38,-1.36,-1.17,-1.04,-1.44,,2022-10-22 02:00:00
2022-10-23,4,2022,-0.72,-0.64,-0.73,-1.8,-1.51,-1.45,-1.85,Abnormally Dry,2022-10-23 02:00:00
2022-10-24,4,2022,-0.16,-0.24,-0.18,-0.98,-0.9,-0.73,-1.11,,2022-10-24 02:00:00
2022-10-25,4,2022,0.13,-0.02,0.11,-0.6,-0.61,-0.38,-0.76,,2022-10-25 02:00:00
2022-10-26,4,2022,-0.72,-0.64,-0.73,-1.85,-1.54,-1.48,-1.9,Abnormally Dry,2022-10-26 02:00:00
2022-10-27,4,2022,-0.72,-0.63,-0.72,-1.79,-1.48,-1.43,-1.82,Abnormally Dry,2022-10-27 02:00:00
2022-10-28,4,2022,1.2,0.77,1.17,0.88,0.51,0.96,0.6,,2022-10-28 02:00:00
2022-10-29,4,2022,-0.59,-0.55,-0.6,-1.68,-1.42,-1.33,-1.75,Abnormally Dry,2022-10-29 02:00:00
2022-10-30,4,2022,-0.72,-0.64,-0.73,-1.77,-1.48,-1.43,-1.81,Abnormally Dry,2022-10-30 02:00:00
2022-10-31,4,2022,-0.72,-0.64,-0.72,-1.97,-1.64,-1.55,-2.01,Abnormally Dry,2022-10-31 02:00:00
2022-11-01,4,2022,-0.72,-0.63,-0.72,-1.8,-1.49,-1.44,-1.84,Abnormally Dry,2022-11-01 02:00:00
2022-11-02,4,2022,-0.72,-0.62,-0.72,-1.85,-1.53,-1.48,-1.88,Abnormally Dry,2022-11-02 02:00:00
2022-11-03,4,2022,-0.72,-0.62,-0.72,-1.85,-1.52,-1.47,-1.87,Abnormally Dry,2022-11-03 02:00:00
2022-11-04,4,2022,-0.5,-0.44,-0.5,-1.59,-1.31,-1.23,-1.62,Abnormally Dry,2022-11-04 02:00:00
2022-11-05,4,2022,-0.63,-0.53,-0.63,-1.66,-1.35,-1.32,-1.67,Abnormally Dry,2022-11-05 02:00:00
2022-11-06,4,2022,-0.56,-0.48,-0.56,-1.63,-1.33,-1.27,-1.64,Abnormally Dry,2022-11-06 02:00:00
2022-11-07,4,2022,-0.72,-0.58,-0.71,-1.78,-1.43,-1.42,-1.76,Abnormally Dry,2022-11-07 02:00:00
2022-11-08,4,2022,-0.72,-0.56,-0.71,-1.89,-1.5,-1.49,-1.85,Abnormally Dry,2022-11-08 02:00:00
2022-11-09,4,2022,-0.72,-0.55,-0.71,-1.83,-1.43,-1.45,-1.77,Abnormally Dry,2022-11-09 02:00:00
2022-11-10,4,2022,1.09,0.81,1.1,0.63,0.45,0.8,0.52,,2022-11-10 02:00:00
2022-11-11,4,2022,-0.72,-0.56,-0.71,-1.87,-1.48,-1.48,-1.82,Abnormally Dry,2022-11-11 02:00:00
2022-11-12,4,2022,0.18,0.12,0.18,-0.65,-0.54,-0.37,-0.68,,2022-11-12 02:00:00
2022-11-13,4,2022,2.27,1.66,2.26,2.38,1.75,2.33,2.1,,2022-11-13 02:00:00
2022-11-14,4,2022,0.09,0.04,0.09,-0.7,-0.59,-0.44,-0.75,,2022-11-14 02:00:00
2022-11-15,4,2022,-0.72,-0.56,-0.72,-1.9,-1.5,-1.51,-1.85,Abnormally Dry,2022-11-15 02:00:00
2022-11-16,4,2022,-0.37,-0.3,-0.37,-1.4,-1.13,-1.06,-1.39,,2022-11-16 02:00:00
2022-11-17,4,2022,1.64,1.18,1.64,1.53,1.09,1.57,1.31,,2022-11-17 02:00:00
2022-11-18,4,2022,-0.58,-0.47,-0.57,-1.68,-1.35,-1.31,-1.67,Abnormally Dry,2022-11-18 02:00:00
2022-11-19,4,2022,-0.72,-0.57,-0.72,-1.8,-1.43,-1.44,-1.76,Abnormally Dry,2022-11-19 02:00:00
2022-11-20,4,2022,1.55,1.08,1.54,1.34,0.91,1.4,1.08,,2022-11-20 02:00:00
2022-11-21,4,2022,1.78,1.23,1.76,1.6,1.09,1.64,1.3,,2022-11-21 02:00:00
2022-11-22,4,2022,-0.18,-0.21,-0.19,-1.08,-0.93,-0.79,-1.15,,2022-11-22 02:00:00
2022-11-23,4,2022,1.32,0.89,1.3,0.97,0.61,1.07,0.72,,2022-11-23 02:00:00
2022-11-24,4,2022,1.41,0.93,1.39,1.11,0.69,1.19,0.81,,2022-11-24 02:00:00
2022-11-25,4,2022,-0.72,-0.6,-0.73,-1.86,-1.51,-1.49,-1.86,Abnormally Dry,2022-11-25 02:00:00
2022-11-26,4,2022,0.35,0.19,0.34,-0.4,-0.41,-0.16,-0.52,,2022-11-26 02:00:00
2022-11-27,4,2022,-0.33,-0.32,-0.34,-1.3,-1.1,-0.99,-1.36,,2022-11-27 02:00:00
2022-11-28,4,2022,-0.46,-0.41,-0.47,-1.48,-1.22,-1.15,-1.51,,2022-11-28 02:00:00
2022-11-29,4,2022,-0.72,-0.6,-0.73,-1.87,-1.52,-1.5,-1.87,Abnormally Dry,2022-11-29 02:00:00
2022-11-30,4,2022,-0.57,-0.5,-0.58,-1.65,-1.36,-1.3,-1.68,Abnormally Dry,2022-11-30 02:00:00
2022-12-01,4,2022,-0.69,-0.58,-0.7,-1.84,-1.5,-1.46,-1.84,Abnormally Dry,2022-12-01 02:00:00
2022-12-02,4,2022,-0.72,-0.6,-0.72,-1.81,-1.47,-1.45,-1.81,Abnormally Dry,2022-12-02 02:00:00
2022-12-03,4,2022,-0.65,-0.53,-0.65,-1.73,-1.4,-1.37,-1.72,Abnormally Dry,2022-12-03 02:00:00
2022-12-04,4,2022,0.28,0.14,0.27,-0.49,-0.48,-0.24,-0.6,,2022-12-04 02:00:00
2022-12-05,4,2022,-0.07,-0.11,-0.07,-1.02,-0.87,-0.71,-1.09,,2022-12-05 02:00:00
2022-12-06,4,2022,-0.72,-0.59,-0.72,-1.87,-1.51,-1.49,-1.86,Abnormally Dry,2022-12-06 02:00:00
2022-12-07,4,2022,4.13,2.83,4.05,4.88,3.43,4.55,4.15,,2022-12-07 02:00:00
2022-12-08,4,2022,0.55,0.29,0.53,-0.13,-0.26,0.07,-0.34,,2022-12-08 02:00:00
2022-12-09,4,2022,-0.15,-0.21,-0.16,-1.09,-0.96,-0.79,-1.19,,2022-12-09 02:00:00
2022-12-10,4,2022,-0.72,-0.61,-0.72,-1.91,-1.56,-1.51,-1.92,Abnormally Dry,2022-12-10 02:00:00
2022-12-11,4,2022,-0.49,-0.43,-0.49,-1.5,-1.24,-1.16,-1.53,,2022-12-11 02:00:00
2022-12-12,4,2022,-0.68,-0.56,-0.68,-1.89,-1.53,-1.49,-1.89,Abnormally Dry,2022-12-12 02:00:00
2022-12-13,4,2022,-0.72,-0.58,-0.72,-1.89,-1.52,-1.5,-1.87,Abnormally Dry,2022-12-13 02:00:00
2022-12-14,4,2022,-0.66,-0.53,-0.66,-1.7,-1.37,-1.36,-1.68,Abnormally Dry,2022-12-14 02:00:00
2022-12-15,4,2022,-0.32,-0.28,-0.32,-1.37,-1.12,-1.02,-1.39,,2022-12-15 02:00:00
2022-12-16,4,2022,-0.72,-0.56,-0.71,-1.9,-1.5,-1.49,-1.85,Abnormally Dry,2022-12-16 02:00:00
2022-12-17,4,2022,2.37,1.59,2.33,2.59,1.76,2.47,2.13,,2022-12-17 02:00:00
2022-12-18,4,2022,-0.72,-0.56,-0.71,-1.86,-1.47,-1.47,-1.81,Abnormally Dry,2022-12-18 02:00:00
2022-12-19,4,2022,0.31,0.17,0.3,-0.45,-0.44,-0.21,-0.56,,2022-12-19 02:00:00
2022-12-20,4,2022,-0.72,-0.56,-0.71,-1.8,-1.42,-1.43,-1.75,Abnormally Dry,2022-12-20 02:00:00
2022-12-21,4,2022,-0.52,-0.41,-0.52,-1.61,-1.28,-1.25,-1.58,Abnormally Dry,2022-12-21 02:00:00
2022-12-22,4,2022,-0.72,-0.54,-0.71,-1.93,-1.51,-1.52,-1.86,Abnormally Dry,2022-12-22 02:00:00
2022-12-23,4,2022,-0.65,-0.49,-0.65,-1.85,-1.45,-1.45,-1.79,Abnormally Dry,2022-12-23 02:00:00
2022-12-24,4,2022,-0.41,-0.3,-0.41,-1.44,-1.12,-1.1,-1.39,,2022-12-24 02:00:00
2022-12-25,4,2022,-0.53,-0.38,-0.52,-1.54,-1.19,-1.19,-1.46,Abnormally Dry,2022-12-25 02:00:00
2022-12-26,4,2022,0.4,0.28,0.4,-0.26,-0.25,-0.04,-0.32,,2022-12-26 02:00:00
2022-12-27,4,2022,-0.14,-0.11,-0.14,-1.1,-0.88,-0.78,-1.09,,2022-12-27 02:00:00
2022-12-28,4,2022,0.62,0.45,0.62,0.03,-0.02,0.23,-0.05,,2022-12-28 02:00:00
2022-12-29,4,2022,0.73,0.51,0.72,0.08,-0.01,0.28,-0.04,,2022-12-29 02:00:00
2022-12-30,4,2022,-0.15,-0.13,-0.15,-1.01,-0.81,-0.72,-1.01,,2022-12-30 02:00:00
2022-12-31,4,2022,-0.16,-0.14,-0.16,-1.11,-0.9,-0.79,-1.12,,2022-12-31 02:00:00
2020-01-02,5,2020,0.19,,,-0.45,,,,,2020-01-02 02:00:00
2020-01-03,5,2020,1.34,0.71,0.71,1.01,0.44,0.49,0.52,,2020-01-03 02:00:00
2020-01-04,5,2020,-0.03,-0.72,-0.72,-0.84,-1.37,-1.26,-1.67,,2020-01-04 02:00:00
2020-01-05,5,2020,-0.5,-0.96,-0.96,-1.34,-1.63,-1.52,-1.99,Abnormally Dry,2020-01-05 02:00:00
2020-01-06,5,2020,-0.25,-0.56,-0.56,-1.01,-1.17,-1.07,-1.43,,2020-01-06 02:00:00
2020-01-07,5,2020,1.4,1.27,1.27,1.1,1.03,1.07,1.22,,2020-01-07 02:00:00
2020-01-08,5,2020,-0.55,-0.94,-0.94,-1.42,-1.63,-1.52,-2.0,Abnormally Dry,2020-01-08 02:00:00
2020-01-09,5,2020,0.16,-0.08,-0.08,-0.52,-0.62,-0.53,-0.78,,2020-01-09 02:00:00
2020-01-10,5,2020,-0.31,-0.65,-0.65,-1.12,-1.3,-1.19,-1.59,,2020-01-10 02:00:00
2020-01-11,5,2020,0.22,0.08,0.08,-0.51,-0.5,-0.41,-0.63,,2020-01-11 02:00:00
2020-01-12,5,2020,-0.73,-1.15,-1.15,-1.58,-1.83,-1.72,-2.23,Abnormally Dry,2020-01-12 02:00:00
2020-01-13,5,2020,-0.71,-1.02,-1.02,-1.64,-1.77,-1.64,-2.16,Abnormally Dry,2020-01-13 02:00:00
2020-01-14,5,2020,-0.76,-1.0,-1.0,-1.73,-1.78,-1.65,-2.17,Abnormally Dry,2020-01-14 02:00:00
2020-01-15,5,2020,-0.41,-0.5,-0.5,-1.17,-1.11,-1.01,-1.36,,2020-01-15 02:00:00
2020-01-16,5,2020,-0.56,-0.68,-0.68,-1.38,-1.33,-1.22,-1.63,Abnormally Dry,2020-01-16 02:00:00
2020-01-17,5,2020,-0.7,-0.83,-0.83,-1.62,-1.56,-1.44,-1.91,Abnormally Dry,2020-01-17 02:00:00
2020-01-18,5,2020,0.16,0.42,0.42,-0.43,-0.05,0.02,-0.09,,2020-01-18 02:00:00
2020-01-19,5,2020,-0.47,-0.52,-0.52,-1.38,-1.25,-1.13,-1.54,,2020-01-19 02:00:00
2020-01-20,5,2020,2.19,2.68,2.68,2.17,2.66,2.67,3.19,,2020-01-20 02:00:00
2020-01-21,5,2020,-0.7,-0.8,-0.8,-1.63,-1.54,-1.42,-1.89,Abnormally Dry,2020-01-21 02:00:00
2020-01-22,5,2020,-0.23,-0.21,-0.21,-0.94,-0.78,-0.68,-0.96,,2020-01-22 02:00:00
2020-01-23,5,2020,1.12,1.38,1.38,0.73,1.07,1.12,1.27,,2020-01-23 02:00:00
2020-01-24,5,2020,0.29,0.36,0.36,-0.36,-0.16,-0.07,-0.21,,2020-01-24 02:00:00
2020-01-25,5,2020,-0.25,-0.32,-0.32,-1.02,-0.94,-0.84,-1.16,,2020-01-25 02:00:00
2020-01-26,5,2020,3.79,3.37,3.37,4.25,3.73,3.67,4.5,,2020-01-26 02:00:00
2020-01-27,5,2020,-0.39,-0.49,-0.49,-1.19,-1.13,-1.02,-1.39,,2020-01-27 02:00:00
2020-01-28,5,2020,-0.49,-0.56,-0.56,-1.34,-1.24,-1.12,-1.52,,2020-01-28 02:00:00
2020-01-29,5,2020,-0.06,-0.15,-0.15,-0.85,-0.78,-0.67,-0.97,,2020-01-29 02:00:00
2020-01-30,5,2020,-0.49,-0.56,-0.56,-1.28,-1.19,-1.09,-1.46,,2020-01-30 02:00:00
2020-01-31,5,2020,0.97,0.85,0.85,0.55,0.51,0.57,0.6,,2020-01-31 02:00:00
2020-02-01,5,2020,-0.76,-0.83,-0.83,-1.66,-1.55,-1.43,-1.9,Abnormally Dry,2020-02-01 02:00:00
2020-02-02,5,2020,-0.41,-0.48,-0.48,-1.21,-1.12,-1.02,-1.38,,2020-02-02 02:00:00
2020-02-03,5,2020,1.01,0.92,0.92,0.53,0.54,0.6,0.63,,2020-02-03 02:00:00
2020-02-04,5,2020,-0.74,-0.82,-0.82,-1.69,-1.58,-1.46,-1.94,Abnormally Dry,2020-02-04 02:00:00
2020-02-05,5,2020,1.03,0.94,0.94,0.68,0.66,0.71,0.78,,2020-02-05 02:00:00
2020-02-06,5,2020,-0.76,-0.85,-0.85,-1.72,-1.62,-1.49,-1.98,Abnormally Dry,2020-02-06 02:00:00
2020-02-07,5,2020,2.51,2.26,2.26,2.52,2.27,2.27,2.72,,2020-02-07 02:00:00
2020-02-08,5,2020,-0.15,-0.27,-0.27,-0.91,-0.88,-0.78,-1.09,,2020-02-08 02:00:00
2020-02-09,5,2020,-0.08,-0.2,-0.2,-0.87,-0.83,-0.72,-1.03,,2020-02-09 02:00:00
2020-02-10,5,2020,-0.22,-0.33,-0.33,-0.97,-0.93,-0.83,-1.15,,2020-02-10 02:00:00
2020-02-11,5,2020,0.65,0.52,0.52,0.11,0.09,0.16,0.09,,2020-02-11 02:00:00
2020-02-12,5,2020,0.23,0.1,0.1,-0.4,-0.4,-0.32,-0.51,,2020-02-12 02:00:00
2020-02-13,5,2020,-0.23,-0.36,-0.36,-0.97,-0.96,-0.86,-1.18,,2020-02-13 02:00:00
2020-02-14,5,2020,-0.71,-0.83,-0.83,-1.63,-1.57,-1.44,-1.92,Abnormally Dry,2020-02-14 02:00:00
2020-02-15,5,2020,0.38,0.28,0.28,-0.15,-0.14,-0.07,-0.19,,2020-02-15 02:00:00
2020-02-16,5,2020,-0.6,-0.72,-0.72,-1.53,-1.46,-1.34,-1.79,Abnormally Dry,2020-02-16 02:00:00
2020-02-17,5,2020,0.86,0.78,0.78,0.35,0.37,0.44,0.42,,2020-02-17 02:00:00
2020-02-18,5,2020,0.57,0.47,0.47,0.0,0.02,0.09,-0.0,,2020-02-18 02:00:00
2020-02-19,5,2020,-0.1,-0.23,-0.23,-0.85,-0.83,-0.73,-1.03,,2020-02-19 02:00:00
2020-02-20,5,2020,-0.09,-0.22,-0.22,-0.91,-0.88,-0.77,-1.09,,2020-02-20 02:00:00
2020-02-21,5,2020,0.08,-0.04,-0.04,-0.66,-0.63,-0.53,-0.79,,2020-02-21 02:00:00
2020-02-22,5,2020,-0.49,-0.64,-0.64,-1.38,-1.35,-1.23,-1.66,,2020-02-22 02:00:00
2020-02-23,5,2020,0.52,0.45,0.45,-0.09,-0.04,0.04,-0.07,,2020-02-23 02:00:00
2020-02-24,5,2020,0.23,0.13,0.13,-0.43,-0.4,-0.31,-0.51,,2020-02-24 02:00:00
2020-02-25,5,2020,1.16,1.14,1.14,0.74,0.81,0.86,0.95,,2020-02-25 02:00:00
2020-02-26,5,2020,0.56,0.47,0.47,0.0,0.03,0.1,0.01,,2020-02-26 02:00:00
2020-02-27,5,2020,-0.04,-0.2,-0.2,-0.72,-0.74,-0.65,-0.92,,2020-02-27 02:00:00
2020-02-28,5,2020,-0.63,-0.85,-0.85,-1.48,-1.53,-1.42,-1.87,Abnormally Dry,2020-02-28 02:00:00
2020-02-29,5,2020,-0.73,-0.95,-0.95,-1.62,-1.66,-1.54,-2.03,Abnormally Dry,2020-02-29 02:00:00
2020-03-01,5,2020,-0.27,-0.42,-0.42,-1.03,-1.03,-0.93,-1.27,,2020-03-01 02:00:00
2020-03-02,5,2020,0.05,-0.05,-0.05,-0.58,-0.55,-0.47,-0.69,,2020-03-02 02:00:00
2020-03-03,5,2020,-0.66,-0.86,-0.86,-1.63,-1.64,-1.51,-2.0,Abnormally Dry,2020-03-03 02:00:00
2020-03-04,5,2020,-0.18,-0.3,-0.3,-1.02,-0.97,-0.86,-1.2,,2020-03-04 02:00:00
2020-03-05,5,2020,-0.7,-0.89,-0.89,-1.69,-1.68,-1.55,-2.05,Abnormally Dry,2020-03-05 02:00:00
2020-03-06,5,2020,-0.76,-0.95,-0.95,-1.69,-1.69,-1.57,-2.07,Abnormally Dry,2020-03-06 02:00:00
2020-03-07,5,2020,2.48,2.63,2.63,2.48,2.63,2.63,3.15,,2020-03-07 02:00:00
2020-03-08,5,2020,-0.2,-0.32,-0.32,-0.96,-0.93,-0.82,-1.14,,2020-03-08 02:00:00
2020-03-09,5,2020,-0.55,-0.71,-0.71,-1.49,-1.47,-1.34,-1.8,Abnormally Dry,2020-03-09 02:00:00
2020-03-10,5,2020,-0.2,-0.31,-0.31,-0.98,-0.93,-0.83,-1.15,,2020-03-10 02:00:00
2020-03-11,5,2020,-0.57,-0.72,-0.72,-1.44,-1.42,-1.3,-1.74,Abnormally Dry,2020-03-11 02:00:00
2020-03-12,5,2020,1.2,1.26,1.26,0.86,0.99,1.03,1.17,,2020-03-12 02:00:00
2020-03-13,5,2020,0.43,0.39,0.39,-0.2,-0.11,-0.03,-0.16,,2020-03-13 02:00:00
2020-03-14,5,2020,-0.55,-0.71,-0.71,-1.39,-1.38,-1.27,-1.7,Abnormally Dry,2020-03-14 02:00:00
2020-03-15,5,2020,3.87,3.81,3.81,4.39,4.23,4.16,5.09,,2020-03-15 02:00:00
2020-03-16,5,2020,0.02,-0.12,-0.12,-0.69,-0.69,-0.59,-0.85,,2020-03-16 02:00:00
2020-03-17,5,2020,0.32,0.2,0.2,-0.3,-0.29,-0.21,-0.38,,2020-03-17 02:00:00
2020-03-18,5,2020,-0.07,-0.2,-0.2,-0.78,-0.77,-0.68,-0.95,,2020-03-18 02:00:00
2020-03-19,5,2020,-0.76,-0.91,-0.91,-1.71,-1.67,-1.54,-2.04,Abnormally Dry,2020-03-19 02:00:00
2020-03-20,5,2020,0.04,-0.08,-0.08,-0.63,-0.61,-0.53,-0.76,,2020-03-20 02:00:00
2020-03-21,5,2020,0.12,0.0,0.0,-0.63,-0.6,-0.5,-0.75,,2020-03-21 02:00:00
2020-03-22,5,2020,-0.67,-0.82,-0.82,-1.58,-1.55,-1.43,-1.9,Abnormally Dry,2020-03-22 02:00:00
2020-03-23,5,2020,0.69,0.61,0.61,0.13,0.16,0.24,0.17,,2020-03-23 02:00:00
2020-03-24,5,2020,1.7,1.64,1.64,1.47,1.45,1.49,1.74,,2020-03-24 02:00:00
2020-03-25,5,2020,0.32,0.2,0.2,-0.37,-0.35,-0.26,-0.45,,2020-03-25 02:00:00
2020-03-26,5,2020,0.48,0.36,0.36,-0.09,-0.09,-0.02,-0.13,,2020-03-26 02:00:00
2020-03-27,5,2020,-0.71,-0.89,-0.89,-1.63,-1.63,-1.51,-1.99,Abnormally Dry,2020-03-27 02:00:00
2020-03-28,5,2020,-0.76,-0.93,-0.93,-1.76,-1.73,-1.59,-2.11,Abnormally Dry,2020-03-28 02:00:00
2020-03-29,5,2020,-0.07,-0.2,-0.2,-0.84,-0.82,-0.72,-1.01,,2020-03-29 02:00:00
2020-03-30,5,2020,0.44,0.34,0.34,-0.15,-0.13,-0.05,-0.18,,2020-03-30 02:00:00
2020-03-31,5,2020,-0.53,-0.69,-0.69,-1.39,-1.38,-1.27,-1.69,Abnormally Dry,2020-03-31 02:00:00
2020-04-01,5,2020,-0.09,-0.22,-0.22,-0.87,-0.84,-0.74,-1.04,,2020-04-01 02:00:00
2020-04-02,5,2020,-0.43,-0.56,-0.58,-1.36,-1.3,-1.2,-1.6,,2020-04-02 02:00:00
2020-04-03,5,2020,-0.65,-0.79,-0.81,-1.58,-1.53,-1.43,-1.87,Abnormally Dry,2020-04-03 02:00:00
2020-04-04,5,2020,-0.48,-0.61,-0.62,-1.44,-1.38,-1.26,-1.69,,2020-04-04 02:00:00
2020-04-05,5,2020,0.14,0.05,0.05,-0.54,-0.49,-0.4,-0.62,,2020-04-05 02:00:00
2020-04-06,5,2020,0.71,0.68,0.67,0.3,0.35,0.4,0.41,,2020-04-06 02:00:00
2020-04-07,5,2020,0.18,0.1,0.09,-0.48,-0.42,-0.35,-0.54,,2020-04-07 02:00:00
2020-04-08,5,2020,1.81,1.83,1.85,1.57,1.64,1.69,1.96,,2020-04-08 02:00:00
2020-04-09,5,2020,0.97,0.9,0.92,0.46,0.5,0.58,0.57,,2020-04-09 02:00:00
2020-04-10,5,2020,1.73,1.68,1.72,1.48,1.48,1.55,1.77,,2020-04-10 02:00:00
2020-04-11,5,2020,-0.75,-0.94,-0.96,-1.77,-1.76,-1.64,-2.15,Abnormally Dry,2020-04-11 02:00:00
2020-04-12,5,2020,-0.66,-0.84,-0.85,-1.68,-1.66,-1.53,-2.03,Abnormally Dry,2020-04-12 02:00:00
2020-04-13,5,2020,-0.71,-0.9,-0.9,-1.7,-1.69,-1.56,-2.07,Abnormally Dry,2020-04-13 02:00:00
2020-04-14,5,2020,-0.57,-0.75,-0.74,-1.56,-1.54,-1.4,-1.89,Abnormally Dry,2020-04-14 02:00:00
2020-04-15,5,2020,-0.24,-0.4,-0.38,-1.04,-1.04,-0.92,-1.28,,2020-04-15 02:00:00
2020-04-16,5,2020,-0.71,-0.9,-0.88,-1.67,-1.66,-1.52,-2.04,Abnormally Dry,2020-04-16 02:00:00
2020-04-17,5,2020,-0.76,-0.94,-0.93,-1.78,-1.76,-1.61,-2.15,Abnormally Dry,2020-04-17 02:00:00
2020-04-18,5,2020,0.09,-0.05,0.0,-0.64,-0.63,-0.49,-0.79,,2020-04-18 02:00:00
2020-04-19,5,2020,0.26,0.15,0.18,-0.41,-0.39,-0.27,-0.49,,2020-04-19 02:00:00
2020-04-20,5,2020,0.7,0.62,0.67,0.25,0.26,0.37,0.29,,2020-04-20 02:00:00
2020-04-21,5,2020,1.46,1.4,1.48,1.18,1.18,1.29,1.4,,2020-04-21 02:00:00
2020-04-22,5,2020,-0.08,-0.24,-0.21,-0.83,-0.84,-0.71,-1.04,,2020-04-22 02:00:00
2020-04-23,5,2020,-0.03,-0.17,-0.15,-0.79,-0.78,-0.66,-0.97,,2020-04-23 02:00:00
2020-04-24,5,2020,-0.09,-0.24,-0.21,-0.77,-0.79,-0.67,-0.97,,2020-04-24 02:00:00
2020-04-25,5,2020,0.18,0.1,0.08,-0.53,-0.47,-0.39,-0.59,,2020-04-25 02:00:00
2020-04-26,5,2020,-0.6,-0.83,-0.79,-1.56,-1.6,-1.43,-1.96,Abnormally Dry,2020-04-26 02:00:00
2020-04-27,5,2020,0.23,0.15,0.14,-0.45,-0.39,-0.31,-0.5,,2020-04-27 02:00:00
2020-04-28,5,2020,1.07,1.14,1.08,0.59,0.76,0.76,0.89,,2020-04-28 02:00:00
2020-04-29,5,2020,0.18,0.07,0.07,-0.65,-0.59,-0.48,-0.75,,2020-04-29 02:00:00
2020-04-30,5,2020,1.96,2.13,2.05,1.87,2.06,1.99,2.47,,2020-04-30 02:00:00
2020-05-01,5,2020,-0.45,-0.68,-0.64,-1.33,-1.39,-1.23,-1.7,,2020-05-01 02:00:00
2020-05-02,5,2020,-0.76,-1.03,-0.98,-1.74,-1.81,-1.63,-2.21,Abnormally Dry,2020-05-02 02:00:00
2020-05-03,5,2020,1.14,1.16,1.13,0.7,0.81,0.84,0.95,,2020-05-03 02:00:00
2020-05-04,5,2020,-0.76,-1.03,-0.98,-1.77,-1.84,-1.65,-2.24,Abnormally Dry,2020-05-04 02:00:00
2020-05-05,5,2020,-0.76,-1.01,-0.97,-1.81,-1.85,-1.67,-2.26,Abnormally Dry,2020-05-05 02:00:00
2020-05-06,5,2020,1.73,1.82,1.78,1.52,1.66,1.64,1.98,,2020-05-06 02:00:00
2020-05-07,5,2020,-0.76,-1.03,-0.97,-1.79,-1.85,-1.66,-2.26,Abnormally Dry,2020-05-07 02:00:00
2020-05-08,5,2020,-0.62,-0.84,-0.8,-1.56,-1.59,-1.43,-1.95,Abnormally Dry,2020-05-08 02:00:00
2020-05-09,5,2020,-0.76,-1.0,-0.95,-1.77,-1.81,-1.63,-2.21,Abnormally Dry,2020-05-09 02:00:00
2020-05-10,5,2020,-0.37,-0.54,-0.52,-1.25,-1.24,-1.11,-1.53,,2020-05-10 02:00:00
2020-05-11,5,2020,-0.76,-0.98,-0.95,-1.78,-1.8,-1.63,-2.2,Abnormally Dry,2020-05-11 02:00:00
2020-05-12,5,2020,-0.56,-0.73,-0.72,-1.53,-1.5,-1.37,-1.84,Abnormally Dry,2020-05-12 02:00:00
2020-05-13,5,2020,-0.68,-0.86,-0.85,-1.62,-1.61,-1.48,-1.97,Abnormally Dry,2020-05-13 02:00:00
2020-05-14,5,2020,0.52,0.52,0.49,-0.1,0.02,0.08,0.0,,2020-05-14 02:00:00
2020-05-15,5,2020,-0.6,-0.77,-0.75,-1.58,-1.56,-1.41,-1.91,Abnormally Dry,2020-05-15 02:00:00
2020-05-16,5,2020,-0.59,-0.76,-0.75,-1.6,-1.57,-1.43,-1.93,Abnormally Dry,2020-05-16 02:00:00
2020-05-17,5,2020,-0.6,-0.75,-0.75,-1.61,-1.56,-1.42,-1.91,Abnormally Dry,2020-05-17 02:00:00
2020-05-18,5,2020,-0.76,-0.92,-0.93,-1.77,-1.73,-1.6,-2.11,Abnormally Dry,2020-05-18 02:00:00
2020-05-19,5,2020,0.11,0.09,0.05,-0.55,-0.43,-0.39,-0.55,,2020-05-19 02:00:00
2020-05-20,5,2020,-0.52,-0.64,-0.66,-1.31,-1.27,-1.19,-1.56,Abnormally Dry,2020-05-20 02:00:00
2020-05-21,5,2020,-0.76,-0.9,-0.92,-1.82,-1.75,-1.63,-2.14,Abnormally Dry,2020-05-21 02:00:00
2020-05-22,5,2020,1.19,1.32,1.28,0.77,0.99,1.0,1.17,,2020-05-22 02:00:00
2020-05-23,5,2020,0.96,1.05,1.01,0.42,0.62,0.65,0.72,,2020-05-23 02:00:00
2020-05-24,5,2020,7.96,6.47,7.12,9.55,7.75,8.18,6.0,,2020-05-24 02:00:00
2020-05-25,5,2020,-0.76,-0.72,-0.8,-1.83,-1.58,-1.52,-1.94,Abnormally Dry,2020-05-25 02:00:00
2020-05-26,5,2020,-0.13,-0.19,-0.23,-1.05,-0.92,-0.84,-1.15,,2020-05-26 02:00:00
2020-05-27,5,2020,-0.76,-0.7,-0.79,-1.73,-1.48,-1.44,-1.81,Abnormally Dry,2020-05-27 02:00:00
2020-05-28,5,2020,0.54,0.36,0.39,-0.09,-0.14,-0.03,-0.19,,2020-05-28 02:00:00
2020-05-29,5,2020,0.71,0.49,0.55,0.16,0.05,0.18,0.04,,2020-05-29 02:00:00
2020-05-30,5,2020,0.61,0.4,0.45,0.1,-0.01,0.11,-0.03,,2020-05-30 02:00:00
2020-05-31,5,2020,0.44,0.25,0.29,-0.15,-0.23,-0.11,-0.29,,2020-05-31 02:00:00
2020-06-01,5,2020,1.14,0.81,0.93,0.78,0.53,0.69,0.62,,2020-06-01 02:00:00
2020-06-02,5,2020,-0.76,-0.75,-0.82,-1.83,-1.6,-1.53,-1.97,Abnormally Dry,2020-06-02 02:00:00
2020-06-03,5,2020,0.28,0.1,0.15,-0.44,-0.47,-0.33,-0.6,,2020-06-03 02:00:00
2020-06-04,5,2020,-0.76,-0.76,-0.82,-1.82,-1.6,-1.52,-1.97,Abnormally Dry,2020-06-04 02:00:00
2020-06-05,5,2020,0.63,0.41,0.47,0.08,-0.03,0.1,-0.06,,2020-06-05 02:00:00
2020-06-06,5,2020,-0.63,-0.64,-0.7,-1.63,-1.44,-1.37,-1.77,Abnormally Dry,2020-06-06 02:00:00
2020-06-07,5,2020,-0.76,-0.75,-0.81,-1.78,-1.56,-1.49,-1.92,Abnormally Dry,2020-06-07 02:00:00
2020-06-08,5,2020,-0.76,-0.74,-0.81,-1.8,-1.58,-1.51,-1.93,Abnormally Dry,2020-06-08 02:00:00
2020-06-09,5,2020,-0.76,-0.74,-0.8,-1.82,-1.59,-1.51,-1.95,Abnormally Dry,2020-06-09 02:00:00
2020-06-10,5,2020,0.19,0.07,0.09,-0.53,-0.51,-0.39,-0.64,,2020-06-10 02:00:00
2020-06-11,5,2020,-0.18,-0.24,-0.26,-1.08,-0.96,-0.86,-1.19,,2020-06-11 02:00:00
2020-06-12,5,2020,-0.3,-0.35,-0.37,-1.2,-1.07,-0.97,-1.32,,2020-06-12 02:00:00
2020-06-13,5,2020,-0.76,-0.73,-0.8,-1.77,-1.54,-1.47,-1.88,Abnormally Dry,2020-06-13 02:00:00
2020-06-14,5,2020,-0.76,-0.72,-0.8,-1.74,-1.51,-1.46,-1.85,Abnormally Dry,2020-06-14 02:00:00
2020-06-15,5,2020,0.85,0.71,0.72,0.31,0.28,0.36,0.31,,2020-06-15 02:00:00
2020-06-16,5,2020,-0.76,-0.71,-0.8,-1.84,-1.58,-1.52,-1.93,Abnormally Dry,2020-06-16 02:00:00
2020-06-17,5,2020,1.33,1.11,1.18,0.95,0.8,0.92,0.95,,2020-06-17 02:00:00
2020-06-18,5,2020,-0.63,-0.61,-0.68,-1.6,-1.39,-1.33,-1.7,Abnormally Dry,2020-06-18 02:00:00
2020-06-19,5,2020,0.66,0.52,0.54,0.03,0.02,0.12,-0.01,,2020-06-19 02:00:00
2020-06-20,5,2020,0.06,-0.02,-0.03,-0.82,-0.72,-0.62,-0.9,,2020-06-20 02:00:00
2020-06-21,5,2020,0.64,0.49,0.52,0.0,-0.02,0.1,-0.05,,2020-06-21 02:00:00
2020-06-22,5,2020,0.94,0.77,0.8,0.46,0.38,0.48,0.44,,2020-06-22 02:00:00
2020-06-23,5,2020,-0.23,-0.26,-0.32,-1.08,-0.94,-0.89,-1.16,,2020-06-23 02:00:00
2020-06-24,5,2020,0.32,0.23,0.22,-0.47,-0.4,-0.31,-0.51,,2020-06-24 02:00:00
2020-06-25,5,2020,-0.33,-0.35,-0.41,-1.26,-1.09,-1.03,-1.35,,2020-06-25 02:00:00
2020-06-26,5,2020,-0.58,-0.57,-0.65,-1.51,-1.31,-1.27,-1.61,Abnormally Dry,2020-06-26 02:00:00
2020-06-27,5,2020,-0.17,-0.21,-0.25,-0.97,-0.85,-0.78,-1.05,,2020-06-27 02:00:00
2020-06-28,5,2020,0.11,0.05,0.02,-0.55,-0.48,-0.42,-0.6,,2020-06-28 02:00:00
2020-06-29,5,2020,-0.76,-0.73,-0.82,-1.76,-1.53,-1.49,-1.88,Abnormally Dry,2020-06-29 02:00:00
2020-06-30,5,2020,-0.76,-0.72,-0.82,-1.75,-1.51,-1.48,-1.86,Abnormally Dry,2020-06-30 02:00:00
2020-07-01,5,2020,-0.76,-0.71,-0.82,-1.77,-1.52,-1.49,-1.86,Abnormally Dry,2020-07-01 02:00:00
2020-07-02,5,2020,-0.29,-0.3,-0.35,-1.2,-1.03,-0.95,-1.27,,2020-07-02 02:00:00
2020-07-03,5,2020,-0.71,-0.67,-0.76,-1.68,-1.45,-1.41,-1.78,Abnormally Dry,2020-07-03 02:00:00
2020-07-04,5,2020,-0.7,-0.66,-0.75,-1.65,-1.42,-1.38,-1.74,Abnormally Dry,2020-07-04 02:00:00
2020-07-05,5,2020,-0.19,-0.19,-0.25,-1.12,-0.93,-0.87,-1.16,,2020-07-05 02:00:00
2020-07-06,5,2020,1.9,1.62,1.78,1.68,1.44,1.63,1.72,,2020-07-06 02:00:00
2020-07-07,5,2020,-0.76,-0.69,-0.81,-1.67,-1.42,-1.42,-1.74,Abnormally Dry,2020-07-07 02:00:00
2020-07-08,5,2020,0.49,0.42,0.41,-0.17,-0.11,-0.03,-0.16,,2020-07-08 02:00:00
2020-07-09,5,2020,-0.76,-0.67,-0.81,-1.8,-1.5,-1.5,-1.84,Abnormally Dry,2020-07-09 02:00:00
2020-07-10,5,2020,-0.76,-0.67,-0.81,-1.79,-1.49,-1.49,-1.83,Abnormally Dry,2020-07-10 02:00:00
2020-07-11,5,2020,0.19,0.17,0.12,-0.51,-0.39,-0.35,-0.5,,2020-07-11 02:00:00
2020-07-12,5,2020,0.16,0.13,0.09,-0.61,-0.49,-0.42,-0.61,,2020-07-12 02:00:00
2020-07-13,5,2020,-0.76,-0.68,-0.81,-1.76,-1.48,-1.48,-1.82,Abnormally Dry,2020-07-13 02:00:00
2020-07-14,5,2020,-0.76,-0.68,-0.81,-1.81,-1.52,-1.51,-1.86,Abnormally Dry,2020-07-14 02:00:00
2020-07-15,5,2020,-0.02,-0.02,-0.07,-0.87,-0.7,-0.63,-0.87,,2020-07-15 02:00:00
2020-07-16,5,2020,-0.76,-0.69,-0.8,-1.78,-1.51,-1.48,-1.85,Abnormally Dry,2020-07-16 02:00:00
2020-07-17,5,2020,-0.4,-0.36,-0.45,-1.36,-1.13,-1.09,-1.39,,2020-07-17 02:00:00
2020-07-18,5,2020,-0.76,-0.67,-0.8,-1.87,-1.56,-1.54,-1.91,Abnormally Dry,2020-07-18 02:00:00
2020-07-19,5,2020,0.67,0.61,0.62,0.05,0.12,0.21,0.11,,2020-07-19 02:00:00
2020-07-20,5,2020,-0.74,-0.63,-0.78,-1.84,-1.51,-1.51,-1.85,Abnormally Dry,2020-07-20 02:00:00
2020-07-21,5,2020,0.65,0.6,0.6,0.03,0.1,0.18,0.1,,2020-07-21 02:00:00
2020-07-22,5,2020,-0.01,0.02,-0.05,-0.88,-0.68,-0.63,-0.85,,2020-07-22 02:00:00
2020-07-23,5,2020,-0.76,-0.65,-0.8,-1.74,-1.44,-1.45,-1.76,Abnormally Dry,2020-07-23 02:00:00
2020-07-24,5,2020,0.67,0.62,0.62,0.15,0.21,0.27,0.23,,2020-07-24 02:00:00
2020-07-25,5,2020,-0.75,-0.64,-0.79,-1.79,-1.47,-1.48,-1.81,Abnormally Dry,2020-07-25 02:00:00
2020-07-26,5,2020,-0.76,-0.64,-0.8,-1.83,-1.5,-1.52,-1.84,Abnormally Dry,2020-07-26 02:00:00
2020-07-27,5,2020,-0.76,-0.62,-0.79,-1.76,-1.42,-1.46,-1.75,Abnormally Dry,2020-07-27 02:00:00
2020-07-28,5,2020,0.88,0.83,0.84,0.33,0.39,0.48,0.45,,2020-07-28 02:00:00
2020-07-29,5,2020,0.59,0.6,0.55,-0.06,0.08,0.12,0.07,,2020-07-29 02:00:00
2020-07-30,5,2020,-0.61,-0.49,-0.65,-1.66,-1.33,-1.35,-1.64,Abnormally Dry,2020-07-30 02:00:00
2020-07-31,5,2020,-0.76,-0.62,-0.8,-1.71,-1.38,-1.43,-1.69,Abnormally Dry,2020-07-31 02:00:00
2020-08-01,5,2020,-0.75,-0.6,-0.79,-1.85,-1.48,-1.52,-1.82,Abnormally Dry,2020-08-01 02:00:00
2020-08-02,5,2020,-0.76,-0.61,-0.8,-1.91,-1.53,-1.57,-1.89,Abnormally Dry,2020-08-02 02:00:00
2020-08-03,5,2020,-0.76,-0.61,-0.79,-1.78,-1.42,-1.47,-1.75,Abnormally Dry,2020-08-03 02:00:00
2020-08-04,5,2020,0.64,0.69,0.62,0.04,0.21,0.22,0.22,,2020-08-04 02:00:00
2020-08-05,5,2020,-0.76,-0.6,-0.79,-1.81,-1.44,-1.49,-1.77,Abnormally Dry,2020-08-05 02:00:00
2020-08-06,5,2020,0.97,0.97,0.96,0.4,0.52,0.58,0.6,,2020-08-06 02:00:00
2020-08-07,5,2020,-0.56,-0.44,-0.6,-1.6,-1.27,-1.29,-1.57,Abnormally Dry,2020-08-07 02:00:00
2020-08-08,5,2020,-0.18,-0.09,-0.2,-0.99,-0.74,-0.74,-0.92,,2020-08-08 02:00:00
2020-08-09,5,2020,3.99,3.45,3.88,4.4,3.78,4.15,4.55,,2020-08-09 02:00:00
2020-08-10,5,2020,-0.01,0.02,-0.05,-0.88,-0.68,-0.63,-0.85,,2020-08-10 02:00:00
2020-08-11,5,2020,0.54,0.48,0.49,-0.05,0.01,0.1,-0.01,,2020-08-11 02:00:00
2020-08-12,5,2020,-0.15,-0.11,-0.19,-0.98,-0.78,-0.75,-0.97,,2020-08-12 02:00:00
2020-08-13,5,2020,-0.49,-0.41,-0.52,-1.37,-1.12,-1.11,-1.37,,2020-08-13 02:00:00
2020-08-14,5,2020,2.08,1.75,2.0,1.88,1.59,1.87,1.9,,2020-08-14 02:00:00
2020-08-15,5,2020,-0.76,-0.65,-0.8,-1.8,-1.48,-1.49,-1.82,Abnormally Dry,2020-08-15 02:00:00
2020-08-16,5,2020,-0.49,-0.43,-0.53,-1.44,-1.19,-1.17,-1.47,,2020-08-16 02:00:00
2020-08-17,5,2020,-0.76,-0.65,-0.79,-1.87,-1.54,-1.53,-1.89,Abnormally Dry,2020-08-17 02:00:00
2020-08-18,5,2020,-0.19,-0.16,-0.22,-1.07,-0.87,-0.81,-1.08,,2020-08-18 02:00:00
2020-08-19,5,2020,0.43,0.34,0.38,-0.28,-0.23,-0.09,-0.3,,2020-08-19 02:00:00
2020-08-20,5,2020,0.8,0.67,0.76,0.24,0.22,0.39,0.25,,2020-08-20 02:00:00
2020-08-21,5,2020,0.38,0.31,0.33,-0.29,-0.22,-0.11,-0.29,,2020-08-21 02:00:00
2020-08-22,5,2020,0.87,1.15,0.82,0.36,0.74,0.48,0.87,,2020-08-22 02:00:00
2020-08-23,5,2020,-0.43,-0.45,-0.48,-1.33,-1.17,-1.08,-1.44,,2020-08-23 02:00:00
2020-08-24,5,2020,3.2,3.65,3.08,3.35,3.77,3.18,4.53,,2020-08-24 02:00:00
2020-08-25,5,2020,-0.76,-0.83,-0.8,-1.82,-1.68,-1.51,-2.06,Abnormally Dry,2020-08-25 02:00:00
2020-08-26,5,2020,1.67,1.88,1.57,1.38,1.65,1.38,1.96,,2020-08-26 02:00:00
2020-08-27,5,2020,-0.76,-0.81,-0.8,-1.78,-1.62,-1.48,-1.99,Abnormally Dry,2020-08-27 02:00:00
2020-08-28,5,2020,-0.52,-0.52,-0.56,-1.5,-1.3,-1.21,-1.6,Abnormally Dry,2020-08-28 02:00:00
2020-08-29,5,2020,-0.43,-0.42,-0.47,-1.4,-1.19,-1.12,-1.47,,2020-08-29 02:00:00
2020-08-30,5,2020,-0.75,-0.75,-0.78,-1.78,-1.57,-1.46,-1.93,Abnormally Dry,2020-08-30 02:00:00
2020-08-31,5,2020,-0.76,-0.77,-0.8,-1.83,-1.63,-1.52,-2.0,Abnormally Dry,2020-08-31 02:00:00
2020-09-01,5,2020,0.92,1.1,0.86,0.4,0.68,0.51,0.8,,2020-09-01 02:00:00
2020-09-02,5,2020,-0.76,-0.77,-0.8,-1.85,-1.64,-1.53,-2.01,Abnormally Dry,2020-09-02 02:00:00
2020-09-03,5,2020,-0.43,-0.39,-0.47,-1.43,-1.19,-1.14,-1.47,,2020-09-03 02:00:00
2020-09-04,5,2020,0.52,0.65,0.47,-0.14,0.13,0.03,0.12,,2020-09-04 02:00:00
2020-09-05,5,2020,-0.76,-0.78,-0.8,-1.83,-1.64,-1.52,-2.01,Abnormally Dry,2020-09-05 02:00:00
2020-09-06,5,2020,-0.76,-0.78,-0.79,-1.82,-1.63,-1.5,-2.0,Abnormally Dry,2020-09-06 02:00:00
2020-09-07,5,2020,-0.24,-0.2,-0.28,-1.15,-0.93,-0.89,-1.15,,2020-09-07 02:00:00
2020-09-08,5,2020,-0.67,-0.68,-0.71,-1.74,-1.53,-1.42,-1.88,Abnormally Dry,2020-09-08 02:00:00
2020-09-09,5,2020,1.12,1.3,1.07,0.61,0.89,0.73,1.05,,2020-09-09 02:00:00
2020-09-10,5,2020,-0.35,-0.32,-0.38,-1.19,-0.99,-0.94,-1.22,,2020-09-10 02:00:00
2020-09-11,5,2020,-0.76,-0.78,-0.79,-1.72,-1.54,-1.43,-1.89,Abnormally Dry,2020-09-11 02:00:00
2020-09-12,5,2020,-0.49,-0.48,-0.52,-1.46,-1.26,-1.17,-1.55,,2020-09-12 02:00:00
2020-09-13,5,2020,2.65,2.85,2.56,2.61,2.82,2.54,3.38,,2020-09-13 02:00:00
2020-09-14,5,2020,0.14,0.17,0.09,-0.63,-0.45,-0.43,-0.57,,2020-09-14 02:00:00
2020-09-15,5,2020,-0.76,-0.77,-0.79,-1.87,-1.66,-1.53,-2.04,Abnormally Dry,2020-09-15 02:00:00
2020-09-16,5,2020,0.95,1.04,0.89,0.4,0.6,0.52,0.7,,2020-09-16 02:00:00
2020-09-17,5,2020,-0.76,-0.77,-0.79,-1.91,-1.69,-1.55,-2.07,Abnormally Dry,2020-09-17 02:00:00
2020-09-18,5,2020,0.76,0.85,0.7,0.18,0.38,0.31,0.44,,2020-09-18 02:00:00
2020-09-19,5,2020,0.61,0.69,0.55,-0.07,0.15,0.1,0.15,,2020-09-19 02:00:00
2020-09-20,5,2020,-0.76,-0.75,-0.8,-1.89,-1.65,-1.55,-2.03,Abnormally Dry,2020-09-20 02:00:00
2020-09-21,5,2020,3.91,3.82,3.71,4.25,4.09,3.94,4.92,,2020-09-21 02:00:00
2020-09-22,5,2020,-0.63,-0.59,-0.66,-1.73,-1.47,-1.39,-1.81,Abnormally Dry,2020-09-22 02:00:00
2020-09-23,5,2020,1.39,1.34,1.28,0.98,1.01,1.0,1.19,,2020-09-23 02:00:00
2020-09-24,5,2020,-0.65,-0.63,-0.69,-1.64,-1.42,-1.35,-1.74,Abnormally Dry,2020-09-24 02:00:00
2020-09-25,5,2020,0.78,0.74,0.7,0.19,0.27,0.3,0.29,,2020-09-25 02:00:00
2020-09-26,5,2020,-0.76,-0.73,-0.79,-1.76,-1.53,-1.46,-1.88,Abnormally Dry,2020-09-26 02:00:00
2020-09-27,5,2020,-0.35,-0.34,-0.39,-1.33,-1.12,-1.04,-1.39,,2020-09-27 02:00:00
2020-09-28,5,2020,-0.76,-0.73,-0.79,-1.84,-1.59,-1.51,-1.95,Abnormally Dry,2020-09-28 02:00:00
2020-09-29,5,2020,-0.76,-0.73,-0.79,-1.82,-1.58,-1.49,-1.93,Abnormally Dry,2020-09-29 02:00:00
2020-09-30,5,2020,-0.76,-0.73,-0.79,-1.89,-1.64,-1.55,-2.01,Abnormally Dry,2020-09-30 02:00:00
2020-10-01,5,2020,-0.76,-0.73,-0.78,-1.85,-1.6,-1.51,-1.97,Abnormally Dry,2020-10-01 02:00:00
2020-10-02,5,2020,0.19,0.17,0.13,-0.65,-0.5,-0.43,-0.63,,2020-10-02 02:00:00
2020-10-03,5,2020,0.04,0.03,-0.0,-0.81,-0.65,-0.57,-0.81,,2020-10-03 02:00:00
2020-10-04,5,2020,0.95,0.93,0.88,0.41,0.5,0.52,0.57,,2020-10-04 02:00:00
2020-10-05,5,2020,-0.32,-0.31,-0.36,-1.22,-1.03,-0.96,-1.27,,2020-10-05 02:00:00
2020-10-06,5,2020,0.68,0.66,0.62,0.06,0.16,0.21,0.17,,2020-10-06 02:00:00
2020-10-07,5,2020,-0.05,-0.06,-0.1,-0.85,-0.7,-0.63,-0.87,,2020-10-07 02:00:00
2020-10-08,5,2020,2.75,2.55,2.61,2.71,2.51,2.58,3.02,,2020-10-08 02:00:00
2020-10-09,5,2020,0.43,0.35,0.36,-0.32,-0.25,-0.14,-0.33,,2020-10-09 02:00:00
2020-10-10,5,2020,-0.76,-0.76,-0.8,-1.77,-1.57,-1.47,-1.92,Abnormally Dry,2020-10-10 02:00:00
2020-10-11,5,2020,0.4,0.32,0.33,-0.4,-0.32,-0.2,-0.41,,2020-10-11 02:00:00
2020-10-12,5,2020,-0.37,-0.41,-0.42,-1.31,-1.16,-1.05,-1.43,,2020-10-12 02:00:00
2020-10-13,5,2020,-0.76,-0.77,-0.8,-1.82,-1.62,-1.5,-1.98,Abnormally Dry,2020-10-13 02:00:00
2020-10-14,5,2020,1.65,1.47,1.55,1.28,1.18,1.31,1.4,,2020-10-14 02:00:00
2020-10-15,5,2020,-0.28,-0.34,-0.33,-1.26,-1.13,-0.99,-1.39,,2020-10-15 02:00:00
2020-10-16,5,2020,0.03,-0.06,-0.03,-0.73,-0.66,-0.53,-0.83,,2020-10-16 02:00:00
2020-10-17,5,2020,0.38,0.27,0.31,-0.35,-0.31,-0.17,-0.4,,2020-10-17 02:00:00
2020-10-18,5,2020,-0.75,-0.79,-0.79,-1.8,-1.63,-1.49,-2.0,Abnormally Dry,2020-10-18 02:00:00
2020-10-19,5,2020,-0.76,-0.78,-0.8,-1.85,-1.65,-1.53,-2.03,Abnormally Dry,2020-10-19 02:00:00
2020-10-20,5,2020,-0.72,-0.73,-0.76,-1.74,-1.55,-1.44,-1.89,Abnormally Dry,2020-10-20 02:00:00
2020-10-21,5,2020,-0.47,-0.5,-0.51,-1.47,-1.3,-1.17,-1.6,,2020-10-21 02:00:00
2020-10-22,5,2020,0.83,0.71,0.76,0.18,0.19,0.33,0.2,,2020-10-22 02:00:00
2020-10-23,5,2020,-0.76,-0.78,-0.8,-1.86,-1.66,-1.54,-2.04,Abnormally Dry,2020-10-23 02:00:00
2020-10-24,5,2020,-0.62,-0.65,-0.66,-1.75,-1.55,-1.41,-1.91,Abnormally Dry,2020-10-24 02:00:00
2020-10-25,5,2020,-0.76,-0.78,-0.79,-1.84,-1.65,-1.51,-2.02,Abnormally Dry,2020-10-25 02:00:00
2020-10-26,5,2020,0.26,0.18,0.21,-0.53,-0.45,-0.32,-0.58,,2020-10-26 02:00:00
2020-10-27,5,2020,1.69,1.5,1.61,1.36,1.24,1.39,1.47,,2020-10-27 02:00:00
2020-10-28,5,2020,1.29,1.11,1.22,0.83,0.74,0.91,0.87,,2020-10-28 02:00:00
2020-10-29,5,2020,-0.3,-0.37,-0.35,-1.19,-1.08,-0.94,-1.34,,2020-10-29 02:00:00
2020-10-30,5,2020,-0.14,-0.23,-0.19,-1.09,-0.99,-0.82,-1.22,,2020-10-30 02:00:00
2020-10-31,5,2020,0.61,0.45,0.54,-0.08,-0.1,0.08,-0.15,,2020-10-31 02:00:00
2020-11-01,5,2020,2.55,2.17,2.43,2.54,2.16,2.42,2.59,,2020-11-01 02:00:00
2020-11-02,5,2020,-0.24,-0.36,-0.3,-1.22,-1.15,-0.96,-1.42,,2020-11-02 02:00:00
2020-11-03,5,2020,-0.76,-0.83,-0.81,-1.87,-1.72,-1.55,-2.1,Abnormally Dry,2020-11-03 02:00:00
2020-11-04,5,2020,-0.76,-0.81,-0.8,-1.85,-1.68,-1.52,-2.06,Abnormally Dry,2020-11-04 02:00:00
2020-11-05,5,2020,-0.41,-0.5,-0.46,-1.28,-1.19,-1.04,-1.47,,2020-11-05 02:00:00
2020-11-06,5,2020,-0.76,-0.81,-0.8,-1.87,-1.7,-1.54,-2.08,Abnormally Dry,2020-11-06 02:00:00
2020-11-07,5,2020,-0.37,-0.44,-0.41,-1.31,-1.19,-1.04,-1.47,,2020-11-07 02:00:00
2020-11-08,5,2020,-0.52,-0.58,-0.56,-1.53,-1.39,-1.23,-1.71,Abnormally Dry,2020-11-08 02:00:00
2020-11-09,5,2020,-0.76,-0.8,-0.8,-1.82,-1.65,-1.51,-2.02,Abnormally Dry,2020-11-09 02:00:00
2020-11-10,5,2020,-0.45,-0.49,-0.49,-1.4,-1.25,-1.12,-1.54,,2020-11-10 02:00:00
2020-11-11,5,2020,-0.76,-0.79,-0.79,-1.87,-1.68,-1.53,-2.06,Abnormally Dry,2020-11-11 02:00:00
2020-11-12,5,2020,-0.28,-0.31,-0.32,-1.3,-1.13,-1.0,-1.39,,2020-11-12 02:00:00
2020-11-13,5,2020,-0.26,-0.29,-0.3,-1.22,-1.06,-0.94,-1.31,,2020-11-13 02:00:00
2020-11-14,5,2020,0.17,0.13,0.13,-0.69,-0.56,-0.45,-0.71,,2020-11-14 02:00:00
2020-11-15,5,2020,-0.34,-0.38,-0.37,-1.36,-1.19,-1.05,-1.47,,2020-11-15 02:00:00
2020-11-16,5,2020,-0.76,-0.8,-0.79,-1.92,-1.73,-1.56,-2.12,Abnormally Dry,2020-11-16 02:00:00
2020-11-17,5,2020,-0.76,-0.78,-0.79,-1.93,-1.72,-1.57,-2.11,Abnormally Dry,2020-11-17 02:00:00
2020-11-18,5,2020,-0.76,-0.76,-0.79,-1.96,-1.72,-1.59,-2.11,Abnormally Dry,2020-11-18 02:00:00
2020-11-19,5,2020,-0.72,-0.71,-0.75,-1.78,-1.55,-1.45,-1.91,Abnormally Dry,2020-11-19 02:00:00
2020-11-20,5,2020,0.03,0.05,0.0,-0.9,-0.69,-0.62,-0.87,,2020-11-20 02:00:00
2020-11-21,5,2020,-0.58,-0.56,-0.61,-1.64,-1.41,-1.32,-1.73,Abnormally Dry,2020-11-21 02:00:00
2020-11-22,5,2020,-0.76,-0.74,-0.79,-1.83,-1.59,-1.5,-1.95,Abnormally Dry,2020-11-22 02:00:00
2020-11-23,5,2020,-0.76,-0.74,-0.78,-1.87,-1.62,-1.52,-1.99,Abnormally Dry,2020-11-23 02:00:00
2020-11-24,5,2020,-0.76,-0.72,-0.78,-1.88,-1.62,-1.53,-1.99,Abnormally Dry,2020-11-24 02:00:00
2020-11-25,5,2020,4.44,4.28,4.29,4.91,4.66,4.61,5.61,,2020-11-25 02:00:00
2020-11-26,5,2020,-0.76,-0.7,-0.77,-1.99,-1.69,-1.59,-2.07,Abnormally Dry,2020-11-26 02:00:00
2020-11-27,5,2020,0.08,0.1,0.04,-0.85,-0.65,-0.58,-0.81,,2020-11-27 02:00:00
2020-11-28,5,2020,0.63,0.61,0.58,-0.1,0.03,0.1,0.01,,2020-11-28 02:00:00
2020-11-29,5,2020,-0.76,-0.72,-0.77,-1.91,-1.64,-1.54,-2.02,Abnormally Dry,2020-11-29 02:00:00
2020-11-30,5,2020,-0.45,-0.41,-0.47,-1.51,-1.26,-1.18,-1.55,,2020-11-30 02:00:00
2020-12-01,5,2020,-0.76,-0.71,-0.77,-1.97,-1.68,-1.58,-2.07,Abnormally Dry,2020-12-01 02:00:00
2020-12-02,5,2020,-0.23,-0.2,-0.25,-1.09,-0.89,-0.82,-1.1,,2020-12-02 02:00:00
2020-12-03,5,2020,-0.61,-0.55,-0.62,-1.64,-1.38,-1.31,-1.69,Abnormally Dry,2020-12-03 02:00:00
2020-12-04,5,2020,0.09,0.11,0.06,-0.78,-0.59,-0.52,-0.74,,2020-12-04 02:00:00
2020-12-05,5,2020,0.18,0.19,0.15,-0.73,-0.54,-0.46,-0.68,,2020-12-05 02:00:00
2020-12-06,5,2020,-0.76,-0.71,-0.77,-1.95,-1.66,-1.56,-2.04,Abnormally Dry,2020-12-06 02:00:00
2020-12-07,5,2020,-0.76,-0.71,-0.77,-1.91,-1.63,-1.53,-2.0,Abnormally Dry,2020-12-07 02:00:00
2020-12-08,5,2020,-0.76,-0.69,-0.77,-1.95,-1.64,-1.56,-2.02,Abnormally Dry,2020-12-08 02:00:00
2020-12-09,5,2020,-0.61,-0.55,-0.62,-1.76,-1.47,-1.39,-1.81,Abnormally Dry,2020-12-09 02:00:00
2020-12-10,5,2020,-0.63,-0.56,-0.64,-1.86,-1.55,-1.46,-1.91,Abnormally Dry,2020-12-10 02:00:00
2020-12-11,5,2020,-0.76,-0.69,-0.77,-1.91,-1.61,-1.54,-1.98,Abnormally Dry,2020-12-11 02:00:00
2020-12-12,5,2020,-0.76,-0.68,-0.76,-1.81,-1.52,-1.46,-1.87,Abnormally Dry,2020-12-12 02:00:00
2020-12-13,5,2020,1.67,1.72,1.63,1.21,1.35,1.32,1.6,,2020-12-13 02:00:00
2020-12-14,5,2020,0.08,0.14,0.06,-0.87,-0.62,-0.57,-0.78,,2020-12-14 02:00:00
2020-12-15,5,2020,0.96,1.01,0.92,0.27,0.46,0.46,0.52,,2020-12-15 02:00:00
2020-12-16,5,2020,0.07,0.12,0.05,-0.8,-0.57,-0.53,-0.72,,2020-12-16 02:00:00
2020-12-17,5,2020,-0.43,-0.37,-0.45,-1.45,-1.19,-1.13,-1.47,,2020-12-17 02:00:00
2020-12-18,5,2020,-0.76,-0.68,-0.77,-1.9,-1.59,-1.53,-1.96,Abnormally Dry,2020-12-18 02:00:00
2020-12-19,5,2020,-0.68,-0.6,-0.69,-1.79,-1.49,-1.43,-1.83,Abnormally Dry,2020-12-19 02:00:00
2020-12-20,5,2020,-0.45,-0.35,-0.46,-1.4,-1.11,-1.09,-1.37,,2020-12-20 02:00:00
2020-12-21,5,2020,-0.76,-0.69,-0.77,-1.89,-1.59,-1.52,-1.96,Abnormally Dry,2020-12-21 02:00:00
2020-12-22,5,2020,-0.76,-0.68,-0.76,-1.89,-1.58,-1.51,-1.94,Abnormally Dry,2020-12-22 02:00:00
2020-12-23,5,2020,-0.76,-0.67,-0.76,-1.89,-1.58,-1.52,-1.94,Abnormally Dry,2020-12-23 02:00:00
2020-12-24,5,2020,-0.31,-0.16,-0.32,-1.36,-1.0,-1.02,-1.24,,2020-12-24 02:00:00
2020-12-25,5,2020,-0.76,-0.66,-0.76,-1.94,-1.61,-1.55,-1.98,Abnormally Dry,2020-12-25 02:00:00
2020-12-26,5,2020,-0.76,-0.66,-0.76,-1.95,-1.61,-1.55,-1.98,Abnormally Dry,2020-12-26 02:00:00
2020-12-27,5,2020,-0.76,-0.66,-0.76,-1.92,-1.59,-1.54,-1.96,Abnormally Dry,2020-12-27 02:00:00
2020-12-28,5,2020,-0.76,-0.66,-0.76,-1.89,-1.56,-1.51,-1.92,Abnormally Dry,2020-12-28 02:00:00
2020-12-29,5,2020,0.47,0.69,0.47,-0.34,0.04,-0.07,0.02,,2020-12-29 02:00:00
2020-12-30,5,2020,1.34,1.62,1.34,0.79,1.18,0.98,1.4,,2020-12-30 02:00:00
2020-12-31,5,2020,-0.76,-0.68,-0.76,-1.93,-1.61,-1.54,-1.98,Abnormally Dry,2020-12-31 02:00:00
2021-01-01,5,2021,-0.53,,,-1.33,,,,Abnormally Dry,2021-01-01 02:00:00
2021-01-02,5,2021,1.1,0.71,0.71,0.67,0.37,0.42,0.42,,2021-01-02 02:00:00
2021-01-03,5,2021,-0.78,-0.69,-0.69,-1.69,-1.42,-1.3,-1.74,Abnormally Dry,2021-01-03 02:00:00
2021-01-04,5,2021,2.62,1.28,1.28,2.64,1.3,1.29,1.56,,2021-01-04 02:00:00
2021-01-05,5,2021,0.11,-0.28,-0.28,-0.58,-0.83,-0.74,-1.03,,2021-01-05 02:00:00
2021-01-06,5,2021,-0.21,-0.47,-0.47,-1.05,-1.14,-1.03,-1.4,,2021-01-06 02:00:00
2021-01-07,5,2021,0.08,-0.22,-0.22,-0.63,-0.79,-0.69,-0.98,,2021-01-07 02:00:00
2021-01-08,5,2021,-0.69,-0.79,-0.79,-1.55,-1.47,-1.36,-1.8,Abnormally Dry,2021-01-08 02:00:00
2021-01-09,5,2021,0.23,0.01,0.01,-0.39,-0.48,-0.4,-0.6,,2021-01-09 02:00:00
2021-01-10,5,2021,-0.49,-0.61,-0.61,-1.39,-1.33,-1.21,-1.63,,2021-01-10 02:00:00
2021-01-11,5,2021,-0.25,-0.36,-0.36,-1.02,-0.97,-0.87,-1.2,,2021-01-11 02:00:00
2021-01-12,5,2021,-0.18,-0.28,-0.28,-0.9,-0.86,-0.76,-1.05,,2021-01-12 02:00:00
2021-01-13,5,2021,-0.72,-0.8,-0.8,-1.59,-1.49,-1.38,-1.83,Abnormally Dry,2021-01-13 02:00:00
2021-01-14,5,2021,-0.17,-0.2,-0.2,-0.99,-0.86,-0.75,-1.06,,2021-01-14 02:00:00
2021-01-15,5,2021,0.13,0.13,0.13,-0.56,-0.43,-0.33,-0.54,,2021-01-15 02:00:00
2021-01-16,5,2021,0.4,0.43,0.43,-0.22,-0.06,0.02,-0.1,,2021-01-16 02:00:00
2021-01-17,5,2021,0.09,0.06,0.06,-0.65,-0.53,-0.43,-0.67,,2021-01-17 02:00:00
2021-01-18,5,2021,-0.13,-0.21,-0.21,-0.92,-0.84,-0.74,-1.04,,2021-01-18 02:00:00
2021-01-19,5,2021,1.96,2.06,2.06,1.79,1.92,1.95,2.3,,2021-01-19 02:00:00
2021-01-20,5,2021,-0.57,-0.77,-0.77,-1.42,-1.45,-1.34,-1.78,Abnormally Dry,2021-01-20 02:00:00
2021-01-21,5,2021,1.54,1.5,1.5,1.25,1.27,1.31,1.51,,2021-01-21 02:00:00
2021-01-22,5,2021,2.13,1.91,1.91,2.02,1.82,1.83,2.18,,2021-01-22 02:00:00
2021-01-23,5,2021,-0.51,-0.76,-0.76,-1.31,-1.4,-1.29,-1.71,Abnormally Dry,2021-01-23 02:00:00
2021-01-24,5,2021,-0.39,-0.62,-0.62,-1.21,-1.28,-1.17,-1.56,,2021-01-24 02:00:00
2021-01-25,5,2021,1.2,1.0,1.0,0.8,0.68,0.74,0.8,,2021-01-25 02:00:00
2021-01-26,5,2021,-0.46,-0.71,-0.71,-1.25,-1.34,-1.24,-1.64,,2021-01-26 02:00:00
2021-01-27,5,2021,0.96,0.77,0.77,0.59,0.48,0.52,0.56,,2021-01-27 02:00:00
2021-01-28,5,2021,1.09,0.87,0.87,0.76,0.61,0.65,0.71,,2021-01-28 02:00:00
2021-01-29,5,2021,-0.44,-0.73,-0.73,-1.31,-1.42,-1.31,-1.74,,2021-01-29 02:00:00
2021-01-30,5,2021,-0.06,-0.32,-0.32,-0.85,-0.95,-0.84,-1.17,,2021-01-30 02:00:00
2021-01-31,5,2021,-0.66,-0.94,-0.94,-1.51,-1.62,-1.51,-1.98,Abnormally Dry,2021-01-31 02:00:00
2021-02-01,5,2021,0.23,0.03,0.03,-0.44,-0.5,-0.41,-0.63,,2021-02-01 02:00:00
2021-02-02,5,2021,2.4,2.2,2.2,2.32,2.13,2.15,2.56,,2021-02-02 02:00:00
2021-02-03,5,2021,0.25,-0.03,-0.03,-0.32,-0.49,-0.41,-0.61,,2021-02-03 02:00:00
2021-02-04,5,2021,-0.19,-0.48,-0.48,-1.01,-1.14,-1.03,-1.4,,2021-02-04 02:00:00
2021-02-05,5,2021,-0.66,-0.95,-0.95,-1.59,-1.7,-1.57,-2.07,Abnormally Dry,2021-02-05 02:00:00
2021-02-06,5,2021,0.3,0.06,0.06,-0.39,-0.49,-0.4,-0.61,,2021-02-06 02:00:00
2021-02-07,5,2021,1.3,1.12,1.12,0.89,0.79,0.84,0.93,,2021-02-07 02:00:00
2021-02-08,5,2021,1.36,1.14,1.14,0.99,0.84,0.89,1.0,,2021-02-08 02:00:00
2021-02-09,5,2021,-0.47,-0.8,-0.8,-1.26,-1.43,-1.32,-1.75,,2021-02-09 02:00:00
2021-02-10,5,2021,-0.56,-0.87,-0.87,-1.49,-1.61,-1.49,-1.97,Abnormally Dry,2021-02-10 02:00:00
2021-02-11,5,2021,2.2,1.97,1.97,2.08,1.88,1.89,2.25,,2021-02-11 02:00:00
2021-02-12,5,2021,-0.19,-0.5,-0.5,-1.03,-1.17,-1.06,-1.44,,2021-02-12 02:00:00
2021-02-13,5,2021,-0.15,-0.46,-0.46,-0.88,-1.05,-0.95,-1.29,,2021-02-13 02:00:00
2021-02-14,5,2021,-0.68,-0.99,-0.99,-1.54,-1.68,-1.56,-2.05,Abnormally Dry,2021-02-14 02:00:00
2021-02-15,5,2021,-0.54,-0.83,-0.83,-1.39,-1.51,-1.4,-1.85,Abnormally Dry,2021-02-15 02:00:00
2021-02-16,5,2021,-0.32,-0.58,-0.58,-1.13,-1.23,-1.12,-1.5,,2021-02-16 02:00:00
2021-02-17,5,2021,0.06,-0.17,-0.17,-0.63,-0.72,-0.63,-0.9,,2021-02-17 02:00:00
2021-02-18,5,2021,-0.31,-0.57,-0.57,-1.12,-1.22,-1.11,-1.49,,2021-02-18 02:00:00
2021-02-19,5,2021,1.11,0.95,0.95,0.68,0.61,0.66,0.71,,2021-02-19 02:00:00
2021-02-20,5,2021,-0.35,-0.63,-0.63,-1.13,-1.25,-1.15,-1.54,,2021-02-20 02:00:00
2021-02-21,5,2021,0.79,0.62,0.62,0.31,0.23,0.3,0.26,,2021-02-21 02:00:00
2021-02-22,5,2021,1.16,1.01,1.01,0.65,0.6,0.67,0.7,,2021-02-22 02:00:00
2021-02-23,5,2021,-0.06,-0.33,-0.33,-0.86,-0.97,-0.86,-1.2,,2021-02-23 02:00:00
2021-02-24,5,2021,-0.13,-0.41,-0.41,-0.93,-1.05,-0.95,-1.29,,2021-02-24 02:00:00
2021-02-25,5,2021,-0.39,-0.69,-0.69,-1.27,-1.39,-1.27,-1.7,,2021-02-25 02:00:00
2021-02-26,5,2021,0.34,0.13,0.13,-0.27,-0.36,-0.27,-0.45,,2021-02-26 02:00:00
2021-02-27,5,2021,-0.31,-0.6,-0.6,-1.09,-1.22,-1.12,-1.5,,2021-02-27 02:00:00
2021-02-28,5,2021,-0.65,-0.97,-0.97,-1.61,-1.74,-1.61,-2.12,Abnormally Dry,2021-02-28 02:00:00
2021-03-01,5,2021,-0.65,-0.95,-0.95,-1.55,-1.67,-1.55,-2.04,Abnormally Dry,2021-03-01 02:00:00
2021-03-02,5,2021,0.22,0.03,0.03,-0.45,-0.5,-0.42,-0.63,,2021-03-02 02:00:00
2021-03-03,5,2021,-0.64,-0.94,-0.94,-1.6,-1.71,-1.58,-2.09,Abnormally Dry,2021-03-03 02:00:00
2021-03-04,5,2021,-0.49,-0.75,-0.75,-1.38,-1.46,-1.34,-1.79,,2021-03-04 02:00:00
2021-03-05,5,2021,0.88,0.82,0.82,0.35,0.4,0.47,0.46,,2021-03-05 02:00:00
2021-03-06,5,2021,0.01,-0.19,-0.19,-0.69,-0.75,-0.66,-0.93,,2021-03-06 02:00:00
2021-03-07,5,2021,0.18,0.0,0.0,-0.54,-0.58,-0.48,-0.72,,2021-03-07 02:00:00
2021-03-08,5,2021,-0.67,-0.98,-0.98,-1.58,-1.7,-1.58,-2.08,Abnormally Dry,2021-03-08 02:00:00
2021-03-09,5,2021,-0.78,-1.09,-1.09,-1.78,-1.89,-1.75,-2.3,Abnormally Dry,2021-03-09 02:00:00
2021-03-10,5,2021,2.41,2.51,2.51,2.22,2.36,2.38,2.82,,2021-03-10 02:00:00
2021-03-11,5,2021,0.36,0.2,0.2,-0.33,-0.35,-0.26,-0.45,,2021-03-11 02:00:00
2021-03-12,5,2021,0.69,0.57,0.57,0.03,0.04,0.13,0.03,,2021-03-12 02:00:00
2021-03-13,5,2021,1.28,1.22,1.22,0.81,0.84,0.91,0.99,,2021-03-13 02:00:00
2021-03-14,5,2021,-0.78,-1.1,-1.1,-1.76,-1.89,-1.76,-2.3,Abnormally Dry,2021-03-14 02:00:00
2021-03-15,5,2021,-0.32,-0.57,-0.57,-1.14,-1.23,-1.12,-1.5,,2021-03-15 02:00:00
2021-03-16,5,2021,-0.51,-0.78,-0.78,-1.37,-1.47,-1.36,-1.8,Abnormally Dry,2021-03-16 02:00:00
2021-03-17,5,2021,-0.06,-0.27,-0.27,-0.76,-0.83,-0.74,-1.03,,2021-03-17 02:00:00
2021-03-18,5,2021,-0.12,-0.33,-0.33,-0.81,-0.88,-0.79,-1.09,,2021-03-18 02:00:00
2021-03-19,5,2021,0.16,-0.01,-0.01,-0.52,-0.56,-0.46,-0.69,,2021-03-19 02:00:00
2021-03-20,5,2021,-0.69,-0.99,-0.99,-1.56,-1.69,-1.57,-2.06,Abnormally Dry,2021-03-20 02:00:00
2021-03-21,5,2021,-0.3,-0.53,-0.53,-1.2,-1.25,-1.13,-1.54,,2021-03-21 02:00:00
2021-03-22,5,2021,1.97,2.06,2.06,1.69,1.84,1.88,2.2,,2021-03-22 02:00:00
2021-03-23,5,2021,0.12,-0.06,-0.06,-0.65,-0.67,-0.57,-0.84,,2021-03-23 02:00:00
2021-03-24,5,2021,-0.38,-0.63,-0.63,-1.27,-1.34,-1.22,-1.65,,2021-03-24 02:00:00
2021-03-25,5,2021,-0.5,-0.77,-0.77,-1.47,-1.55,-1.42,-1.9,Abnormally Dry,2021-03-25 02:00:00
2021-03-26,5,2021,1.71,1.75,1.75,1.39,1.49,1.53,1.78,,2021-03-26 02:00:00
2021-03-27,5,2021,0.89,0.8,0.8,0.42,0.42,0.48,0.49,,2021-03-27 02:00:00
2021-03-28,5,2021,-0.43,-0.7,-0.7,-1.36,-1.44,-1.32,-1.77,,2021-03-28 02:00:00
2021-03-29,5,2021,-0.69,-0.98,-0.98,-1.59,-1.7,-1.58,-2.08,Abnormally Dry,2021-03-29 02:00:00
2021-03-30,5,2021,-0.37,-0.61,-0.61,-1.23,-1.3,-1.18,-1.59,,2021-03-30 02:00:00
2021-03-31,5,2021,-0.72,-1.01,-1.01,-1.71,-1.8,-1.67,-2.2,Abnormally Dry,2021-03-31 02:00:00
2021-04-01,5,2021,5.5,5.12,5.14,6.19,5.67,5.6,6.0,,2021-04-01 02:00:00
2021-04-02,5,2021,4.9,4.07,4.09,5.43,4.5,4.45,5.42,,2021-04-02 02:00:00
2021-04-03,5,2021,-0.78,-0.91,-0.91,-1.74,-1.68,-1.55,-2.05,Abnormally Dry,2021-04-03 02:00:00
2021-04-04,5,2021,0.64,0.36,0.34,-0.04,-0.18,-0.11,-0.24,,2021-04-04 02:00:00
2021-04-05,5,2021,0.55,0.28,0.26,-0.01,-0.17,-0.12,-0.23,,2021-04-05 02:00:00
2021-04-06,5,2021,-0.3,-0.49,-0.5,-1.21,-1.22,-1.11,-1.5,,2021-04-06 02:00:00
2021-04-07,5,2021,-0.58,-0.73,-0.74,-1.43,-1.41,-1.31,-1.73,Abnormally Dry,2021-04-07 02:00:00
2021-04-08,5,2021,-0.78,-0.91,-0.91,-1.73,-1.67,-1.55,-2.05,Abnormally Dry,2021-04-08 02:00:00
2021-04-09,5,2021,-0.65,-0.78,-0.79,-1.63,-1.57,-1.44,-1.92,Abnormally Dry,2021-04-09 02:00:00
2021-04-10,5,2021,0.85,0.55,0.56,0.3,0.11,0.19,0.11,,2021-04-10 02:00:00
2021-04-11,5,2021,-0.74,-0.87,-0.87,-1.76,-1.69,-1.55,-2.06,Abnormally Dry,2021-04-11 02:00:00
2021-04-12,5,2021,-0.78,-0.89,-0.89,-1.8,-1.7,-1.57,-2.09,Abnormally Dry,2021-04-12 02:00:00
2021-04-13,5,2021,0.29,0.04,0.07,-0.39,-0.5,-0.38,-0.63,,2021-04-13 02:00:00
2021-04-14,5,2021,-0.78,-0.9,-0.89,-1.72,-1.65,-1.51,-2.02,Abnormally Dry,2021-04-14 02:00:00
2021-04-15,5,2021,0.82,0.51,0.56,0.3,0.09,0.21,0.09,,2021-04-15 02:00:00
2021-04-16,5,2021,-0.78,-0.89,-0.89,-1.74,-1.66,-1.53,-2.03,Abnormally Dry,2021-04-16 02:00:00
2021-04-17,5,2021,-0.68,-0.79,-0.8,-1.62,-1.54,-1.43,-1.89,Abnormally Dry,2021-04-17 02:00:00
2021-04-18,5,2021,-0.71,-0.81,-0.82,-1.71,-1.61,-1.48,-1.97,Abnormally Dry,2021-04-18 02:00:00
2021-04-19,5,2021,-0.08,-0.24,-0.24,-0.94,-0.93,-0.81,-1.15,,2021-04-19 02:00:00
2021-04-20,5,2021,-0.15,-0.3,-0.3,-0.96,-0.95,-0.84,-1.17,,2021-04-20 02:00:00
2021-04-21,5,2021,0.78,0.53,0.55,0.2,0.07,0.16,0.06,,2021-04-21 02:00:00
2021-04-22,5,2021,-0.72,-0.79,-0.83,-1.78,-1.64,-1.54,-2.01,Abnormally Dry,2021-04-22 02:00:00
2021-04-23,5,2021,-0.69,-0.76,-0.8,-1.66,-1.54,-1.45,-1.88,Abnormally Dry,2021-04-23 02:00:00
2021-04-24,5,2021,0.6,0.39,0.4,-0.07,-0.15,-0.05,-0.2,,2021-04-24 02:00:00
2021-04-25,5,2021,1.59,1.28,1.31,1.27,1.03,1.1,1.22,,2021-04-25 02:00:00
2021-04-26,5,2021,-0.75,-0.83,-0.86,-1.73,-1.61,-1.51,-1.97,Abnormally Dry,2021-04-26 02:00:00
2021-04-27,5,2021,-0.45,-0.54,-0.58,-1.47,-1.36,-1.26,-1.67,,2021-04-27 02:00:00
2021-04-28,5,2021,-0.21,-0.31,-0.36,-1.09,-1.01,-0.94,-1.25,,2021-04-28 02:00:00
2021-04-29,5,2021,-0.69,-0.74,-0.8,-1.66,-1.52,-1.45,-1.86,Abnormally Dry,2021-04-29 02:00:00
2021-04-30,5,2021,-0.64,-0.69,-0.75,-1.56,-1.43,-1.37,-1.75,Abnormally Dry,2021-04-30 02:00:00
2021-05-01,5,2021,0.9,0.68,0.7,0.3,0.2,0.3,0.22,,2021-05-01 02:00:00
2021-05-02,5,2021,1.59,1.28,1.34,1.24,1.0,1.11,1.19,,2021-05-02 02:00:00
2021-05-03,5,2021,-0.09,-0.2,-0.24,-0.88,-0.83,-0.76,-1.03,,2021-05-03 02:00:00
2021-05-04,5,2021,1.19,0.95,0.96,0.7,0.56,0.64,0.65,,2021-05-04 02:00:00
2021-05-05,5,2021,-0.78,-0.83,-0.89,-1.81,-1.65,-1.57,-2.02,Abnormally Dry,2021-05-05 02:00:00
2021-05-06,5,2021,1.01,0.78,0.79,0.54,0.41,0.48,0.47,,2021-05-06 02:00:00
2021-05-07,5,2021,-0.65,-0.71,-0.78,-1.65,-1.51,-1.44,-1.85,Abnormally Dry,2021-05-07 02:00:00
2021-05-08,5,2021,0.15,0.02,-0.02,-0.59,-0.57,-0.52,-0.72,,2021-05-08 02:00:00
2021-05-09,5,2021,-0.67,-0.71,-0.79,-1.61,-1.46,-1.41,-1.79,Abnormally Dry,2021-05-09 02:00:00
2021-05-10,5,2021,0.46,0.31,0.28,-0.23,-0.24,-0.18,-0.32,,2021-05-10 02:00:00
2021-05-11,5,2021,0.2,0.07,0.03,-0.54,-0.52,-0.46,-0.66,,2021-05-11 02:00:00
2021-05-12,5,2021,0.14,0.03,-0.02,-0.75,-0.68,-0.61,-0.85,,2021-05-12 02:00:00
2021-05-13,5,2021,-0.78,-0.81,-0.9,-1.79,-1.62,-1.57,-1.98,Abnormally Dry,2021-05-13 02:00:00
2021-05-14,5,2021,0.21,0.1,0.05,-0.54,-0.5,-0.45,-0.63,,2021-05-14 02:00:00
2021-05-15,5,2021,0.92,0.74,0.73,0.38,0.3,0.37,0.34,,2021-05-15 02:00:00
2021-05-16,5,2021,1.26,1.05,1.06,0.76,0.65,0.73,0.76,,2021-05-16 02:00:00
2021-05-17,5,2021,-0.78,-0.84,-0.91,-1.8,-1.65,-1.59,-2.03,Abnormally Dry,2021-05-17 02:00:00
2021-05-18,5,2021,-0.72,-0.78,-0.86,-1.76,-1.61,-1.55,-1.97,Abnormally Dry,2021-05-18 02:00:00
2021-05-19,5,2021,-0.78,-0.82,-0.9,-1.8,-1.64,-1.58,-2.0,Abnormally Dry,2021-05-19 02:00:00
2021-05-20,5,2021,-0.78,-0.8,-0.9,-1.78,-1.6,-1.57,-1.96,Abnormally Dry,2021-05-20 02:00:00
2021-05-21,5,2021,3.19,2.69,2.86,3.26,2.75,2.91,3.3,,2021-05-21 02:00:00
2021-05-22,5,2021,0.16,0.03,-0.0,-0.61,-0.58,-0.51,-0.73,,2021-05-22 02:00:00
2021-05-23,5,2021,-0.74,-0.75,-0.86,-1.74,-1.55,-1.52,-1.9,Abnormally Dry,2021-05-23 02:00:00
2021-05-24,5,2021,1.72,1.4,1.47,1.36,1.11,1.23,1.32,,2021-05-24 02:00:00
2021-05-25,5,2021,-0.78,-0.78,-0.89,-1.77,-1.57,-1.55,-1.93,Abnormally Dry,2021-05-25 02:00:00
2021-05-26,5,2021,-0.05,-0.15,-0.2,-0.87,-0.81,-0.75,-1.0,,2021-05-26 02:00:00
2021-05-27,5,2021,-0.68,-0.69,-0.79,-1.66,-1.47,-1.44,-1.81,Abnormally Dry,2021-05-27 02:00:00
2021-05-28,5,2021,-0.78,-0.77,-0.88,-1.84,-1.61,-1.58,-1.98,Abnormally Dry,2021-05-28 02:00:00
2021-05-29,5,2021,-0.48,-0.51,-0.6,-1.45,-1.28,-1.24,-1.58,,2021-05-29 02:00:00
2021-05-30,5,2021,-0.76,-0.76,-0.86,-1.75,-1.55,-1.52,-1.9,Abnormally Dry,2021-05-30 02:00:00
2021-05-31,5,2021,2.41,1.93,2.12,2.24,1.8,2.01,2.15,,2021-05-31 02:00:00
2021-06-01,5,2021,-0.78,-0.77,-0.88,-1.77,-1.56,-1.54,-1.91,Abnormally Dry,2021-06-01 02:00:00
2021-06-02,5,2021,-0.77,-0.76,-0.86,-1.71,-1.51,-1.48,-1.85,Abnormally Dry,2021-06-02 02:00:00
2021-06-03,5,2021,-0.78,-0.75,-0.87,-1.78,-1.55,-1.54,-1.9,Abnormally Dry,2021-06-03 02:00:00
2021-06-04,5,2021,0.58,0.39,0.42,-0.12,-0.17,-0.05,-0.23,,2021-06-04 02:00:00
2021-06-05,5,2021,-0.46,-0.48,-0.57,-1.37,-1.21,-1.18,-1.49,,2021-06-05 02:00:00
2021-06-06,5,2021,-0.42,-0.45,-0.53,-1.42,-1.25,-1.2,-1.54,,2021-06-06 02:00:00
2021-06-07,5,2021,0.83,0.59,0.66,0.19,0.08,0.23,0.07,,2021-06-07 02:00:00
2021-06-08,5,2021,0.78,0.58,0.61,0.2,0.12,0.22,0.12,,2021-06-08 02:00:00
2021-06-09,5,2021,-0.72,-0.71,-0.82,-1.7,-1.5,-1.48,-1.83,Abnormally Dry,2021-06-09 02:00:00
2021-06-10,5,2021,-0.48,-0.49,-0.58,-1.43,-1.25,-1.21,-1.54,,2021-06-10 02:00:00
2021-06-11,5,2021,-0.49,-0.49,-0.6,-1.41,-1.22,-1.21,-1.5,,2021-06-11 02:00:00
2021-06-12,5,2021,-0.05,-0.11,-0.18,-0.92,-0.8,-0.76,-1.0,,2021-06-12 02:00:00
2021-06-13,5,2021,-0.63,-0.61,-0.73,-1.6,-1.38,-1.37,-1.7,Abnormally Dry,2021-06-13 02:00:00
2021-06-14,5,2021,-0.78,-0.73,-0.86,-1.8,-1.55,-1.54,-1.9,Abnormally Dry,2021-06-14 02:00:00
2021-06-15,5,2021,-0.75,-0.7,-0.84,-1.78,-1.53,-1.53,-1.87,Abnormally Dry,2021-06-15 02:00:00
2021-06-16,5,2021,-0.1,-0.14,-0.21,-1.03,-0.88,-0.83,-1.1,,2021-06-16 02:00:00
2021-06-17,5,2021,-0.36,-0.36,-0.45,-1.28,-1.1,-1.07,-1.36,,2021-06-17 02:00:00
2021-06-18,5,2021,-0.76,-0.7,-0.84,-1.81,-1.54,-1.54,-1.89,Abnormally Dry,2021-06-18 02:00:00
2021-06-19,5,2021,-0.78,-0.71,-0.85,-1.82,-1.54,-1.55,-1.89,Abnormally Dry,2021-06-19 02:00:00
2021-06-20,5,2021,1.37,1.15,1.23,0.92,0.79,0.93,0.93,,2021-06-20 02:00:00
2021-06-21,5,2021,-0.31,-0.3,-0.4,-1.19,-1.0,-0.99,-1.24,,2021-06-21 02:00:00
2021-06-22,5,2021,0.89,0.73,0.76,0.25,0.22,0.33,0.24,,2021-06-22 02:00:00
2021-06-23,5,2021,0.52,0.4,0.4,-0.25,-0.21,-0.11,-0.29,,2021-06-23 02:00:00
2021-06-24,5,2021,-0.25,-0.26,-0.35,-1.08,-0.92,-0.9,-1.14,,2021-06-24 02:00:00
2021-06-25,5,2021,1.89,1.6,1.73,1.56,1.34,1.51,1.59,,2021-06-25 02:00:00
2021-06-26,5,2021,-0.57,-0.54,-0.67,-1.52,-1.3,-1.31,-1.6,Abnormally Dry,2021-06-26 02:00:00
2021-06-27,5,2021,-0.16,-0.19,-0.27,-0.95,-0.82,-0.79,-1.01,,2021-06-27 02:00:00
2021-06-28,5,2021,0.94,0.75,0.81,0.37,0.29,0.43,0.33,,2021-06-28 02:00:00
2021-06-29,5,2021,-0.64,-0.62,-0.74,-1.74,-1.5,-1.47,-1.84,Abnormally Dry,2021-06-29 02:00:00
2021-06-30,5,2021,-0.47,-0.47,-0.57,-1.47,-1.27,-1.24,-1.57,,2021-06-30 02:00:00
2021-07-01,5,2021,-0.67,-0.71,-0.76,-1.72,-1.55,-1.46,-1.9,Abnormally Dry,2021-07-01 02:00:00
2021-07-02,5,2021,0.22,0.31,0.11,-0.47,-0.24,-0.35,-0.32,,2021-07-02 02:00:00
2021-07-03,5,2021,-0.78,-0.84,-0.87,-1.81,-1.66,-1.56,-2.04,Abnormally Dry,2021-07-03 02:00:00
2021-07-04,5,2021,-0.3,-0.27,-0.4,-1.23,-1.02,-1.02,-1.26,,2021-07-04 02:00:00
2021-07-05,5,2021,-0.78,-0.82,-0.86,-1.85,-1.68,-1.57,-2.05,Abnormally Dry,2021-07-05 02:00:00
2021-07-06,5,2021,-0.68,-0.7,-0.76,-1.71,-1.52,-1.44,-1.87,Abnormally Dry,2021-07-06 02:00:00
2021-07-07,5,2021,0.7,0.89,0.6,0.04,0.36,0.16,0.41,,2021-07-07 02:00:00
2021-07-08,5,2021,-0.1,-0.05,-0.19,-0.95,-0.73,-0.75,-0.91,,2021-07-08 02:00:00
2021-07-09,5,2021,-0.78,-0.83,-0.86,-1.86,-1.69,-1.58,-2.08,Abnormally Dry,2021-07-09 02:00:00
2021-07-10,5,2021,-0.49,-0.49,-0.57,-1.48,-1.28,-1.23,-1.58,,2021-07-10 02:00:00
2021-07-11,5,2021,-0.2,-0.16,-0.28,-1.09,-0.87,-0.87,-1.08,,2021-07-11 02:00:00
2021-07-12,5,2021,0.21,0.32,0.12,-0.57,-0.31,-0.4,-0.4,,2021-07-12 02:00:00
2021-07-13,5,2021,1.06,1.3,0.98,0.55,0.89,0.64,1.05,,2021-07-13 02:00:00
2021-07-14,5,2021,-0.65,-0.69,-0.73,-1.69,-1.52,-1.42,-1.86,Abnormally Dry,2021-07-14 02:00:00
2021-07-15,5,2021,-0.62,-0.66,-0.7,-1.54,-1.39,-1.31,-1.71,Abnormally Dry,2021-07-15 02:00:00
2021-07-16,5,2021,-0.48,-0.5,-0.56,-1.47,-1.29,-1.22,-1.59,,2021-07-16 02:00:00
2021-07-17,5,2021,-0.54,-0.58,-0.62,-1.57,-1.4,-1.31,-1.73,Abnormally Dry,2021-07-17 02:00:00
2021-07-18,5,2021,-0.74,-0.8,-0.82,-1.82,-1.66,-1.54,-2.04,Abnormally Dry,2021-07-18 02:00:00
2021-07-19,5,2021,-0.58,-0.61,-0.66,-1.58,-1.41,-1.33,-1.74,Abnormally Dry,2021-07-19 02:00:00
2021-07-20,5,2021,-0.78,-0.82,-0.85,-1.93,-1.74,-1.61,-2.13,Abnormally Dry,2021-07-20 02:00:00
2021-07-21,5,2021,0.68,0.88,0.62,0.02,0.35,0.18,0.4,,2021-07-21 02:00:00
2021-07-22,5,2021,-0.51,-0.53,-0.58,-1.53,-1.34,-1.26,-1.65,Abnormally Dry,2021-07-22 02:00:00
2021-07-23,5,2021,-0.31,-0.28,-0.38,-1.25,-1.03,-1.01,-1.27,,2021-07-23 02:00:00
2021-07-24,5,2021,-0.16,-0.08,-0.23,-1.03,-0.78,-0.81,-0.97,,2021-07-24 02:00:00
2021-07-25,5,2021,2.89,3.35,2.82,2.81,3.29,2.77,3.94,,2021-07-25 02:00:00
2021-07-26,5,2021,-0.78,-0.82,-0.85,-1.87,-1.69,-1.57,-2.07,Abnormally Dry,2021-07-26 02:00:00
2021-07-27,5,2021,-0.78,-0.81,-0.85,-1.88,-1.69,-1.58,-2.07,Abnormally Dry,2021-07-27 02:00:00
2021-07-28,5,2021,-0.24,-0.21,-0.31,-1.12,-0.92,-0.9,-1.14,,2021-07-28 02:00:00
2021-07-29,5,2021,-0.78,-0.81,-0.84,-1.82,-1.64,-1.53,-2.01,Abnormally Dry,2021-07-29 02:00:00
2021-07-30,5,2021,-0.78,-0.79,-0.84,-1.85,-1.65,-1.56,-2.02,Abnormally Dry,2021-07-30 02:00:00
2021-07-31,5,2021,0.12,0.25,0.07,-0.69,-0.4,-0.47,-0.51,,2021-07-31 02:00:00
2021-08-01,5,2021,-0.75,-0.75,-0.81,-1.68,-1.5,-1.43,-1.83,Abnormally Dry,2021-08-01 02:00:00
2021-08-02,5,2021,0.25,0.42,0.19,-0.6,-0.26,-0.38,-0.35,,2021-08-02 02:00:00
2021-08-03,5,2021,2.06,2.43,2.01,1.74,2.18,1.8,2.6,,2021-08-03 02:00:00
2021-08-04,5,2021,1.48,1.74,1.41,1.04,1.39,1.12,1.65,,2021-08-04 02:00:00
2021-08-05,5,2021,-0.78,-0.78,-0.85,-1.73,-1.54,-1.48,-1.88,Abnormally Dry,2021-08-05 02:00:00
2021-08-06,5,2021,-0.78,-0.77,-0.84,-1.84,-1.62,-1.55,-1.99,Abnormally Dry,2021-08-06 02:00:00
2021-08-07,5,2021,0.48,0.62,0.42,-0.29,0.01,-0.09,-0.02,,2021-08-07 02:00:00
2021-08-08,5,2021,0.12,0.22,0.05,-0.69,-0.43,-0.49,-0.54,,2021-08-08 02:00:00
2021-08-09,5,2021,-0.78,-0.77,-0.85,-1.81,-1.6,-1.54,-1.96,Abnormally Dry,2021-08-09 02:00:00
2021-08-10,5,2021,-0.32,-0.25,-0.39,-1.22,-0.97,-0.99,-1.2,,2021-08-10 02:00:00
2021-08-11,5,2021,1.04,1.24,0.99,0.53,0.83,0.65,0.98,,2021-08-11 02:00:00
2021-08-12,5,2021,-0.65,-0.62,-0.72,-1.63,-1.41,-1.38,-1.73,Abnormally Dry,2021-08-12 02:00:00
2021-08-13,5,2021,0.26,0.39,0.2,-0.55,-0.26,-0.34,-0.34,,2021-08-13 02:00:00
2021-08-14,5,2021,0.75,0.95,0.69,0.09,0.42,0.25,0.48,,2021-08-14 02:00:00
2021-08-15,5,2021,-0.11,-0.02,-0.17,-0.99,-0.73,-0.76,-0.91,,2021-08-15 02:00:00
2021-08-16,5,2021,-0.37,-0.32,-0.44,-1.24,-1.01,-1.02,-1.25,,2021-08-16 02:00:00
2021-08-17,5,2021,-0.39,-0.35,-0.46,-1.36,-1.13,-1.11,-1.39,,2021-08-17 02:00:00
2021-08-18,5,2021,1.16,1.37,1.12,0.55,0.88,0.71,1.03,,2021-08-18 02:00:00
2021-08-19,5,2021,-0.78,-0.82,-0.86,-1.89,-1.71,-1.6,-2.09,Abnormally Dry,2021-08-19 02:00:00
2021-08-20,5,2021,-0.78,-0.8,-0.85,-1.84,-1.65,-1.56,-2.02,Abnormally Dry,2021-08-20 02:00:00
2021-08-21,5,2021,-0.14,-0.04,-0.2,-0.94,-0.68,-0.73,-0.85,,2021-08-21 02:00:00
2021-08-22,5,2021,0.97,1.35,0.94,0.36,0.86,0.53,1.01,,2021-08-22 02:00:00
2021-08-23,5,2021,-0.78,-0.82,-0.86,-1.88,-1.7,-1.59,-2.08,Abnormally Dry,2021-08-23 02:00:00
2021-08-24,5,2021,-0.78,-0.81,-0.85,-1.91,-1.72,-1.61,-2.11,Abnormally Dry,2021-08-24 02:00:00
2021-08-25,5,2021,-0.78,-0.81,-0.85,-1.77,-1.6,-1.51,-1.96,Abnormally Dry,2021-08-25 02:00:00
2021-08-26,5,2021,-0.78,-0.81,-0.85,-1.88,-1.69,-1.59,-2.07,Abnormally Dry,2021-08-26 02:00:00
2021-08-27,5,2021,-0.78,-0.8,-0.84,-1.86,-1.66,-1.56,-2.04,Abnormally Dry,2021-08-27 02:00:00
2021-08-28,5,2021,-0.78,-0.8,-0.84,-1.92,-1.71,-1.6,-2.1,Abnormally Dry,2021-08-28 02:00:00
2021-08-29,5,2021,2.79,3.53,2.77,2.66,3.42,2.68,4.1,,2021-08-29 02:00:00
2021-08-30,5,2021,0.9,1.21,0.86,0.27,0.71,0.44,0.82,,2021-08-30 02:00:00
2021-08-31,5,2021,1.25,1.58,1.2,0.72,1.16,0.85,1.37,,2021-08-31 02:00:00
2021-09-01,5,2021,-0.25,-0.2,-0.31,-1.19,-0.95,-0.93,-1.18,,2021-09-01 02:00:00
2021-09-02,5,2021,-0.78,-0.82,-0.85,-1.9,-1.72,-1.6,-2.1,Abnormally Dry,2021-09-02 02:00:00
2021-09-03,5,2021,1.33,1.66,1.29,0.82,1.25,0.95,1.48,,2021-09-03 02:00:00
2021-09-04,5,2021,-0.78,-0.82,-0.85,-1.88,-1.7,-1.58,-2.09,Abnormally Dry,2021-09-04 02:00:00
2021-09-05,5,2021,-0.18,-0.11,-0.24,-1.07,-0.82,-0.83,-1.02,,2021-09-05 02:00:00
2021-09-06,5,2021,-0.78,-0.8,-0.84,-1.8,-1.61,-1.52,-1.98,Abnormally Dry,2021-09-06 02:00:00
2021-09-07,5,2021,-0.78,-0.8,-0.84,-1.91,-1.7,-1.59,-2.09,Abnormally Dry,2021-09-07 02:00:00
2021-09-08,5,2021,1.08,1.38,1.05,0.48,0.9,0.65,1.05,,2021-09-08 02:00:00
2021-09-09,5,2021,-0.49,-0.47,-0.55,-1.5,-1.28,-1.22,-1.57,,2021-09-09 02:00:00
2021-09-10,5,2021,1.35,1.64,1.31,0.91,1.29,1.02,1.53,,2021-09-10 02:00:00
2021-09-11,5,2021,0.43,0.57,0.38,-0.27,0.01,-0.08,-0.01,,2021-09-11 02:00:00
2021-09-12,5,2021,-0.35,-0.34,-0.42,-1.33,-1.12,-1.07,-1.38,,2021-09-12 02:00:00
2021-09-13,5,2021,0.01,0.07,-0.04,-0.88,-0.64,-0.63,-0.8,,2021-09-13 02:00:00
2021-09-14,5,2021,0.11,0.18,0.06,-0.67,-0.45,-0.46,-0.57,,2021-09-14 02:00:00
2021-09-15,5,2021,2.62,2.92,2.59,2.46,2.79,2.48,3.34,,2021-09-15 02:00:00
2021-09-16,5,2021,-0.38,-0.41,-0.45,-1.41,-1.24,-1.14,-1.52,,2021-09-16 02:00:00
2021-09-17,5,2021,0.76,0.83,0.7,0.09,0.29,0.25,0.32,,2021-09-17 02:00:00
2021-09-18,5,2021,0.01,0.02,-0.06,-0.81,-0.64,-0.61,-0.8,,2021-09-18 02:00:00
2021-09-19,5,2021,-0.75,-0.83,-0.83,-1.75,-1.63,-1.5,-2.0,Abnormally Dry,2021-09-19 02:00:00
2021-09-20,5,2021,-0.34,-0.35,-0.41,-1.27,-1.1,-1.03,-1.35,,2021-09-20 02:00:00
2021-09-21,5,2021,0.26,0.32,0.2,-0.58,-0.35,-0.36,-0.46,,2021-09-21 02:00:00
2021-09-22,5,2021,-0.78,-0.84,-0.86,-1.83,-1.68,-1.56,-2.06,Abnormally Dry,2021-09-22 02:00:00
2021-09-23,5,2021,-0.78,-0.82,-0.85,-1.81,-1.64,-1.54,-2.01,Abnormally Dry,2021-09-23 02:00:00
2021-09-24,5,2021,-0.52,-0.53,-0.59,-1.52,-1.33,-1.26,-1.64,Abnormally Dry,2021-09-24 02:00:00
2021-09-25,5,2021,-0.33,-0.31,-0.4,-1.33,-1.11,-1.07,-1.37,,2021-09-25 02:00:00
2021-09-26,5,2021,-0.55,-0.54,-0.61,-1.54,-1.33,-1.27,-1.64,Abnormally Dry,2021-09-26 02:00:00
2021-09-27,5,2021,-0.37,-0.34,-0.43,-1.36,-1.13,-1.09,-1.4,,2021-09-27 02:00:00
2021-09-28,5,2021,0.9,1.11,0.87,0.34,0.66,0.5,0.78,,2021-09-28 02:00:00
2021-09-29,5,2021,-0.28,-0.25,-0.34,-1.21,-1.0,-0.96,-1.23,,2021-09-29 02:00:00
2021-09-30,5,2021,-0.69,-0.72,-0.76,-1.89,-1.68,-1.56,-2.06,Abnormally Dry,2021-09-30 02:00:00
2021-10-01,5,2021,-0.7,-0.73,-0.77,-1.87,-1.67,-1.55,-2.05,Abnormally Dry,2021-10-01 02:00:00
2021-10-02,5,2021,-0.78,-0.81,-0.85,-1.89,-1.7,-1.59,-2.08,Abnormally Dry,2021-10-02 02:00:00
2021-10-03,5,2021,-0.01,0.07,-0.05,-0.84,-0.6,-0.61,-0.75,,2021-10-03 02:00:00
2021-10-04,5,2021,-0.78,-0.82,-0.85,-2.02,-1.81,-1.68,-2.22,Abnormally Dry,2021-10-04 02:00:00
2021-10-05,5,2021,-0.74,-0.76,-0.8,-1.87,-1.66,-1.55,-2.04,Abnormally Dry,2021-10-05 02:00:00
2021-10-06,5,2021,-0.73,-0.73,-0.79,-1.93,-1.69,-1.59,-2.07,Abnormally Dry,2021-10-06 02:00:00
2021-10-07,5,2021,-0.78,-0.79,-0.84,-1.91,-1.69,-1.59,-2.08,Abnormally Dry,2021-10-07 02:00:00
2021-10-08,5,2021,0.44,0.6,0.43,-0.35,-0.03,-0.1,-0.07,,2021-10-08 02:00:00
2021-10-09,5,2021,-0.14,-0.07,-0.18,-1.08,-0.82,-0.81,-1.02,,2021-10-09 02:00:00
2021-10-10,5,2021,-0.78,-0.79,-0.84,-1.94,-1.72,-1.62,-2.11,Abnormally Dry,2021-10-10 02:00:00
2021-10-11,5,2021,0.64,0.85,0.64,-0.02,0.33,0.2,0.36,,2021-10-11 02:00:00
2021-10-12,5,2021,-0.78,-0.79,-0.84,-1.94,-1.72,-1.61,-2.11,Abnormally Dry,2021-10-12 02:00:00
2021-10-13,5,2021,-0.19,-0.12,-0.23,-1.15,-0.89,-0.87,-1.1,,2021-10-13 02:00:00
2021-10-14,5,2021,-0.78,-0.79,-0.84,-1.96,-1.73,-1.62,-2.12,Abnormally Dry,2021-10-14 02:00:00
2021-10-15,5,2021,0.13,0.25,0.11,-0.73,-0.44,-0.46,-0.56,,2021-10-15 02:00:00
2021-10-16,5,2021,-0.78,-0.8,-0.84,-1.91,-1.71,-1.6,-2.09,Abnormally Dry,2021-10-16 02:00:00
2021-10-17,5,2021,-0.78,-0.79,-0.84,-1.85,-1.65,-1.55,-2.02,Abnormally Dry,2021-10-17 02:00:00
2021-10-18,5,2021,-0.78,-0.79,-0.83,-1.87,-1.66,-1.56,-2.04,Abnormally Dry,2021-10-18 02:00:00
2021-10-19,5,2021,0.92,1.15,0.94,0.21,0.58,0.47,0.67,,2021-10-19 02:00:00
2021-10-20,5,2021,-0.7,-0.7,-0.75,-1.8,-1.58,-1.48,-1.94,Abnormally Dry,2021-10-20 02:00:00
2021-10-21,5,2021,-0.71,-0.7,-0.76,-1.83,-1.6,-1.51,-1.96,Abnormally Dry,2021-10-21 02:00:00
2021-10-22,5,2021,-0.05,0.05,-0.07,-0.9,-0.63,-0.64,-0.79,,2021-10-22 02:00:00
2021-10-23,5,2021,-0.78,-0.79,-0.83,-1.86,-1.65,-1.55,-2.02,Abnormally Dry,2021-10-23 02:00:00
2021-10-24,5,2021,-0.78,-0.79,-0.83,-1.88,-1.67,-1.56,-2.05,Abnormally Dry,2021-10-24 02:00:00
2021-10-25,5,2021,1.17,1.54,1.21,0.59,1.08,0.83,1.27,,2021-10-25 02:00:00
2021-10-26,5,2021,-0.78,-0.8,-0.83,-1.96,-1.75,-1.62,-2.14,Abnormally Dry,2021-10-26 02:00:00
2021-10-27,5,2021,-0.65,-0.65,-0.7,-1.78,-1.55,-1.45,-1.91,Abnormally Dry,2021-10-27 02:00:00
2021-10-28,5,2021,-0.75,-0.77,-0.8,-1.88,-1.67,-1.55,-2.05,Abnormally Dry,2021-10-28 02:00:00
2021-10-29,5,2021,3.21,3.66,3.31,3.16,3.62,3.28,4.34,,2021-10-29 02:00:00
2021-10-30,5,2021,-0.04,0.04,-0.06,-1.0,-0.73,-0.7,-0.91,,2021-10-30 02:00:00
2021-10-31,5,2021,-0.21,-0.14,-0.23,-1.09,-0.85,-0.82,-1.05,,2021-10-31 02:00:00
2021-11-01,5,2021,-0.2,-0.12,-0.23,-1.18,-0.91,-0.89,-1.13,,2021-11-01 02:00:00
2021-11-02,5,2021,-0.01,0.13,-0.03,-0.98,-0.64,-0.68,-0.81,,2021-11-02 02:00:00
2021-11-03,5,2021,-0.34,-0.26,-0.37,-1.4,-1.11,-1.08,-1.37,,2021-11-03 02:00:00
2021-11-04,5,2021,-0.76,-0.77,-0.81,-1.85,-1.64,-1.53,-2.01,Abnormally Dry,2021-11-04 02:00:00
2021-11-05,5,2021,0.27,0.46,0.27,-0.56,-0.21,-0.29,-0.28,,2021-11-05 02:00:00
2021-11-06,5,2021,0.29,0.48,0.29,-0.53,-0.17,-0.25,-0.24,,2021-11-06 02:00:00
2021-11-07,5,2021,-0.78,-0.78,-0.83,-1.88,-1.66,-1.56,-2.03,Abnormally Dry,2021-11-07 02:00:00
2021-11-08,5,2021,2.17,2.56,2.24,1.86,2.31,2.04,2.77,,2021-11-08 02:00:00
2021-11-09,5,2021,0.18,0.32,0.17,-0.62,-0.32,-0.37,-0.42,,2021-11-09 02:00:00
2021-11-10,5,2021,-0.42,-0.38,-0.46,-1.37,-1.14,-1.09,-1.4,,2021-11-10 02:00:00
2021-11-11,5,2021,0.15,0.28,0.14,-0.71,-0.41,-0.43,-0.53,,2021-11-11 02:00:00
2021-11-12,5,2021,0.34,0.51,0.34,-0.46,-0.13,-0.19,-0.19,,2021-11-12 02:00:00
2021-11-13,5,2021,-0.78,-0.77,-0.83,-1.9,-1.67,-1.58,-2.05,Abnormally Dry,2021-11-13 02:00:00
2021-11-14,5,2021,1.71,2.02,1.77,1.3,1.69,1.49,2.01,,2021-11-14 02:00:00
2021-11-15,5,2021,-0.02,0.07,-0.04,-0.96,-0.68,-0.66,-0.85,,2021-11-15 02:00:00
2021-11-16,5,2021,0.03,0.14,0.01,-0.88,-0.59,-0.6,-0.75,,2021-11-16 02:00:00
2021-11-17,5,2021,-0.78,-0.78,-0.83,-1.91,-1.68,-1.58,-2.07,Abnormally Dry,2021-11-17 02:00:00
2021-11-18,5,2021,0.6,0.78,0.61,-0.11,0.21,0.14,0.23,,2021-11-18 02:00:00
2021-11-19,5,2021,-0.78,-0.79,-0.83,-1.9,-1.69,-1.58,-2.07,Abnormally Dry,2021-11-19 02:00:00
2021-11-20,5,2021,1.28,1.53,1.32,0.71,1.07,0.94,1.26,,2021-11-20 02:00:00
2021-11-21,5,2021,-0.61,-0.6,-0.67,-1.69,-1.46,-1.39,-1.8,Abnormally Dry,2021-11-21 02:00:00
2021-11-22,5,2021,-0.78,-0.79,-0.83,-1.97,-1.74,-1.62,-2.14,Abnormally Dry,2021-11-22 02:00:00
2021-11-23,5,2021,-0.78,-0.79,-0.83,-1.92,-1.7,-1.59,-2.08,Abnormally Dry,2021-11-23 02:00:00
2021-11-24,5,2021,6.62,5.86,6.47,7.53,6.59,7.08,6.0,,2021-11-24 02:00:00
2021-11-25,5,2021,-0.78,-0.69,-0.8,-1.95,-1.63,-1.58,-2.0,Abnormally Dry,2021-11-25 02:00:00
2021-11-26,5,2021,-0.7,-0.62,-0.72,-1.79,-1.49,-1.45,-1.83,Abnormally Dry,2021-11-26 02:00:00
2021-11-27,5,2021,-0.78,-0.68,-0.79,-1.94,-1.61,-1.57,-1.98,Abnormally Dry,2021-11-27 02:00:00
2021-11-28,5,2021,0.08,0.12,0.05,-0.81,-0.59,-0.55,-0.75,,2021-11-28 02:00:00
2021-11-29,5,2021,-0.78,-0.66,-0.79,-1.94,-1.59,-1.56,-1.95,Abnormally Dry,2021-11-29 02:00:00
2021-11-30,5,2021,1.97,1.82,1.9,1.55,1.48,1.62,1.76,,2021-11-30 02:00:00
2021-12-01,5,2021,-0.78,-0.67,-0.79,-2.05,-1.69,-1.64,-2.08,Abnormally Dry,2021-12-01 02:00:00
2021-12-02,5,2021,-0.78,-0.65,-0.79,-1.94,-1.58,-1.57,-1.94,Abnormally Dry,2021-12-02 02:00:00
2021-12-03,5,2021,-0.67,-0.55,-0.68,-1.81,-1.46,-1.44,-1.8,Abnormally Dry,2021-12-03 02:00:00
2021-12-04,5,2021,-0.78,-0.64,-0.79,-1.92,-1.56,-1.55,-1.91,Abnormally Dry,2021-12-04 02:00:00
2021-12-05,5,2021,-0.78,-0.64,-0.79,-2.01,-1.62,-1.61,-2.0,Abnormally Dry,2021-12-05 02:00:00
2021-12-06,5,2021,0.54,0.54,0.51,-0.24,-0.08,-0.01,-0.13,,2021-12-06 02:00:00
2021-12-07,5,2021,0.61,0.61,0.58,-0.12,0.03,0.1,0.01,,2021-12-07 02:00:00
2021-12-08,5,2021,-0.17,-0.1,-0.19,-1.15,-0.89,-0.85,-1.1,,2021-12-08 02:00:00
2021-12-09,5,2021,1.96,1.82,1.9,1.57,1.51,1.64,1.8,,2021-12-09 02:00:00
2021-12-10,5,2021,-0.78,-0.65,-0.79,-1.95,-1.59,-1.57,-1.95,Abnormally Dry,2021-12-10 02:00:00
2021-12-11,5,2021,-0.78,-0.64,-0.79,-1.9,-1.54,-1.54,-1.89,Abnormally Dry,2021-12-11 02:00:00
2021-12-12,5,2021,-0.42,-0.31,-0.44,-1.49,-1.17,-1.16,-1.45,,2021-12-12 02:00:00
2021-12-13,5,2021,-0.73,-0.58,-0.74,-1.85,-1.48,-1.49,-1.81,Abnormally Dry,2021-12-13 02:00:00
2021-12-14,5,2021,-0.57,-0.42,-0.58,-1.63,-1.27,-1.29,-1.57,Abnormally Dry,2021-12-14 02:00:00
2021-12-15,5,2021,-0.5,-0.35,-0.51,-1.53,-1.18,-1.2,-1.45,Abnormally Dry,2021-12-15 02:00:00
2021-12-16,5,2021,2.03,1.96,1.98,1.61,1.63,1.7,1.93,,2021-12-16 02:00:00
2021-12-17,5,2021,-0.78,-0.61,-0.79,-1.91,-1.52,-1.54,-1.86,Abnormally Dry,2021-12-17 02:00:00
2021-12-18,5,2021,-0.78,-0.6,-0.78,-1.87,-1.47,-1.51,-1.81,Abnormally Dry,2021-12-18 02:00:00
2021-12-19,5,2021,-0.72,-0.55,-0.73,-1.89,-1.48,-1.51,-1.83,Abnormally Dry,2021-12-19 02:00:00
2021-12-20,5,2021,-0.78,-0.59,-0.78,-1.95,-1.53,-1.56,-1.88,Abnormally Dry,2021-12-20 02:00:00
2021-12-21,5,2021,0.35,0.43,0.34,-0.5,-0.25,-0.22,-0.33,,2021-12-21 02:00:00
2021-12-22,5,2021,-0.78,-0.6,-0.78,-1.89,-1.49,-1.52,-1.83,Abnormally Dry,2021-12-22 02:00:00
2021-12-23,5,2021,0.05,0.15,0.04,-0.87,-0.59,-0.57,-0.74,,2021-12-23 02:00:00
2021-12-24,5,2021,-0.78,-0.6,-0.78,-1.97,-1.56,-1.58,-1.91,Abnormally Dry,2021-12-24 02:00:00
2021-12-25,5,2021,-0.78,-0.6,-0.78,-1.96,-1.54,-1.57,-1.9,Abnormally Dry,2021-12-25 02:00:00
2021-12-26,5,2021,-0.78,-0.59,-0.78,-1.97,-1.55,-1.58,-1.9,Abnormally Dry,2021-12-26 02:00:00
2021-12-27,5,2021,-0.78,-0.58,-0.78,-1.88,-1.46,-1.52,-1.8,Abnormally Dry,2021-12-27 02:00:00
2021-12-28,5,2021,-0.1,0.03,-0.11,-1.06,-0.74,-0.75,-0.92,,2021-12-28 02:00:00
2021-12-29,5,2021,-0.26,-0.11,-0.26,-1.34,-0.97,-0.98,-1.21,,2021-12-29 02:00:00
2021-12-30,5,2021,-0.74,-0.55,-0.74,-1.96,-1.53,-1.55,-1.88,Abnormally Dry,2021-12-30 02:00:00
2021-12-31,5,2021,-0.14,-0.01,-0.14,-1.1,-0.78,-0.78,-0.97,,2021-12-31 02:00:00
2022-01-01,5,2022,-0.61,,,-1.53,,,,Abnormally Dry,2022-01-01 02:00:00
2022-01-02,5,2022,-0.63,-0.71,-0.71,-1.55,-1.44,-1.32,-1.77,Abnormally Dry,2022-01-02 02:00:00
2022-01-03,5,2022,-0.76,-1.15,-1.15,-1.77,-1.95,-1.82,-2.39,Abnormally Dry,2022-01-03 02:00:00
2022-01-04,5,2022,0.51,1.49,1.49,-0.05,1.04,1.12,1.23,,2022-01-04 02:00:00
2022-01-05,5,2022,-0.6,-0.35,-0.35,-1.55,-1.11,-0.98,-1.37,Abnormally Dry,2022-01-05 02:00:00
2022-01-06,5,2022,-0.15,0.47,0.47,-1.01,-0.22,-0.1,-0.29,,2022-01-06 02:00:00
2022-01-07,5,2022,-0.54,-0.32,-0.32,-1.36,-0.97,-0.86,-1.2,Abnormally Dry,2022-01-07 02:00:00
2022-01-08,5,2022,-0.12,0.57,0.57,-0.83,-0.0,0.09,-0.03,,2022-01-08 02:00:00
2022-01-09,5,2022,-0.48,-0.26,-0.26,-1.36,-0.96,-0.84,-1.19,,2022-01-09 02:00:00
2022-01-10,5,2022,-0.48,-0.26,-0.26,-1.34,-0.95,-0.83,-1.17,,2022-01-10 02:00:00
2022-01-11,5,2022,-0.27,0.28,0.28,-1.01,-0.31,-0.21,-0.4,,2022-01-11 02:00:00
2022-01-12,5,2022,-0.47,-0.25,-0.25,-1.27,-0.89,-0.78,-1.1,,2022-01-12 02:00:00
2022-01-13,5,2022,0.9,2.45,2.45,0.53,2.15,2.2,2.57,,2022-01-13 02:00:00
2022-01-14,5,2022,0.15,0.85,0.85,-0.54,0.3,0.39,0.33,,2022-01-14 02:00:00
2022-01-15,5,2022,-0.2,0.1,0.1,-0.97,-0.52,-0.42,-0.65,,2022-01-15 02:00:00
2022-01-16,5,2022,1.81,2.83,2.83,1.61,2.67,2.7,3.2,,2022-01-16 02:00:00
2022-01-17,5,2022,-0.57,-0.63,-0.63,-1.49,-1.36,-1.24,-1.67,Abnormally Dry,2022-01-17 02:00:00
2022-01-18,5,2022,-0.71,-0.8,-0.8,-1.62,-1.52,-1.4,-1.87,Abnormally Dry,2022-01-18 02:00:00
2022-01-19,5,2022,0.53,1.02,1.02,-0.06,0.55,0.63,0.64,,2022-01-19 02:00:00
2022-01-20,5,2022,-0.55,-0.6,-0.6,-1.45,-1.32,-1.2,-1.62,Abnormally Dry,2022-01-20 02:00:00
2022-01-21,5,2022,0.57,1.06,1.06,0.05,0.64,0.71,0.75,,2022-01-21 02:00:00
2022-01-22,5,2022,0.01,0.2,0.2,-0.73,-0.39,-0.29,-0.5,,2022-01-22 02:00:00
2022-01-23,5,2022,-0.07,0.08,0.08,-0.92,-0.6,-0.49,-0.76,,2022-01-23 02:00:00
2022-01-24,5,2022,-0.46,-0.53,-0.53,-1.26,-1.17,-1.06,-1.44,,2022-01-24 02:00:00
2022-01-25,5,2022,1.8,2.59,2.59,1.66,2.48,2.5,2.97,,2022-01-25 02:00:00
2022-01-26,5,2022,1.94,2.38,2.38,1.72,2.21,2.24,2.64,,2022-01-26 02:00:00
2022-01-27,5,2022,1.33,1.52,1.52,0.94,1.21,1.26,1.44,,2022-01-27 02:00:00
2022-01-28,5,2022,1.04,1.13,1.13,0.64,0.81,0.86,0.96,,2022-01-28 02:00:00
2022-01-29,5,2022,0.21,0.12,0.12,-0.49,-0.44,-0.35,-0.56,,2022-01-29 02:00:00
2022-01-30,5,2022,-0.34,-0.54,-0.54,-1.21,-1.24,-1.12,-1.52,,2022-01-30 02:00:00
2022-01-31,5,2022,-0.47,-0.69,-0.69,-1.31,-1.36,-1.25,-1.67,,2022-01-31 02:00:00
2022-02-01,5,2022,-0.6,-0.82,-0.82,-1.56,-1.59,-1.46,-1.94,Abnormally Dry,2022-02-01 02:00:00
2022-02-02,5,2022,-0.29,-0.42,-0.42,-1.01,-1.0,-0.9,-1.22,,2022-02-02 02:00:00
2022-02-03,5,2022,-0.04,-0.1,-0.1,-0.83,-0.73,-0.63,-0.91,,2022-02-03 02:00:00
2022-02-04,5,2022,-0.76,-1.0,-1.0,-1.63,-1.7,-1.58,-2.07,Abnormally Dry,2022-02-04 02:00:00
2022-02-05,5,2022,-0.72,-0.93,-0.93,-1.71,-1.73,-1.59,-2.11,Abnormally Dry,2022-02-05 02:00:00
2022-02-06,5,2022,-0.24,-0.3,-0.3,-1.01,-0.91,-0.81,-1.13,,2022-02-06 02:00:00
2022-02-07,5,2022,-0.52,-0.66,-0.66,-1.42,-1.38,-1.26,-1.69,Abnormally Dry,2022-02-07 02:00:00
2022-02-08,5,2022,-0.5,-0.61,-0.61,-1.42,-1.35,-1.22,-1.65,Abnormally Dry,2022-02-08 02:00:00
2022-02-09,5,2022,0.04,0.1,0.1,-0.71,-0.5,-0.4,-0.63,,2022-02-09 02:00:00
2022-02-10,5,2022,-0.76,-0.96,-0.96,-1.7,-1.71,-1.59,-2.1,Abnormally Dry,2022-02-10 02:00:00
2022-02-11,5,2022,-0.73,-0.9,-0.9,-1.65,-1.63,-1.51,-2.0,Abnormally Dry,2022-02-11 02:00:00
2022-02-12,5,2022,-0.6,-0.71,-0.71,-1.43,-1.37,-1.26,-1.68,Abnormally Dry,2022-02-12 02:00:00
2022-02-13,5,2022,1.61,2.14,2.14,1.39,1.96,1.99,2.35,,2022-02-13 02:00:00
2022-02-14,5,2022,1.15,1.49,1.49,0.75,1.17,1.22,1.39,,2022-02-14 02:00:00
2022-02-15,5,2022,-0.76,-0.93,-0.93,-1.69,-1.68,-1.55,-2.05,Abnormally Dry,2022-02-15 02:00:00
2022-02-16,5,2022,-0.7,-0.84,-0.84,-1.65,-1.6,-1.47,-1.96,Abnormally Dry,2022-02-16 02:00:00
2022-02-17,5,2022,0.47,0.65,0.65,-0.14,0.17,0.25,0.17,,2022-02-17 02:00:00
2022-02-18,5,2022,-0.38,-0.44,-0.44,-1.2,-1.1,-0.99,-1.35,,2022-02-18 02:00:00
2022-02-19,5,2022,-0.48,-0.56,-0.56,-1.32,-1.23,-1.12,-1.51,,2022-02-19 02:00:00
2022-02-20,5,2022,0.24,0.37,0.37,-0.44,-0.17,-0.08,-0.23,,2022-02-20 02:00:00
2022-02-21,5,2022,-0.48,-0.58,-0.58,-1.35,-1.28,-1.16,-1.57,,2022-02-21 02:00:00
2022-02-22,5,2022,-0.23,-0.23,-0.23,-1.01,-0.86,-0.75,-1.06,,2022-02-22 02:00:00
2022-02-23,5,2022,-0.2,-0.19,-0.19,-1.08,-0.89,-0.78,-1.11,,2022-02-23 02:00:00
2022-02-24,5,2022,0.19,0.33,0.33,-0.53,-0.25,-0.15,-0.32,,2022-02-24 02:00:00
2022-02-25,5,2022,0.26,0.43,0.43,-0.61,-0.27,-0.15,-0.36,,2022-02-25 02:00:00
2022-02-26,5,2022,1.93,2.54,2.54,1.76,2.4,2.42,2.87,,2022-02-26 02:00:00
2022-02-27,5,2022,-0.67,-0.85,-0.85,-1.57,-1.57,-1.45,-1.92,Abnormally Dry,2022-02-27 02:00:00
2022-02-28,5,2022,-0.44,-0.54,-0.54,-1.3,-1.23,-1.11,-1.5,,2022-02-28 02:00:00
2022-03-01,5,2022,-0.43,-0.52,-0.52,-1.32,-1.23,-1.11,-1.52,,2022-03-01 02:00:00
2022-03-02,5,2022,2.24,2.79,2.79,2.12,2.69,2.71,3.22,,2022-03-02 02:00:00
2022-03-03,5,2022,0.73,0.89,0.89,0.24,0.5,0.56,0.58,,2022-03-03 02:00:00
2022-03-04,5,2022,-0.75,-0.94,-0.94,-1.8,-1.78,-1.64,-2.18,Abnormally Dry,2022-03-04 02:00:00
2022-03-05,5,2022,4.2,4.34,4.34,4.65,4.7,4.64,5.66,,2022-03-05 02:00:00
2022-03-06,5,2022,-0.76,-0.85,-0.85,-1.64,-1.56,-1.44,-1.9,Abnormally Dry,2022-03-06 02:00:00
2022-03-07,5,2022,-0.29,-0.36,-0.36,-1.04,-0.96,-0.86,-1.19,,2022-03-07 02:00:00
2022-03-08,5,2022,-0.76,-0.84,-0.84,-1.72,-1.61,-1.48,-1.97,Abnormally Dry,2022-03-08 02:00:00
2022-03-09,5,2022,3.04,2.96,2.96,3.14,3.04,3.03,3.65,,2022-03-09 02:00:00
2022-03-10,5,2022,0.66,0.57,0.57,0.06,0.09,0.17,0.09,,2022-03-10 02:00:00
2022-03-11,5,2022,-0.59,-0.67,-0.67,-1.48,-1.39,-1.27,-1.7,Abnormally Dry,2022-03-11 02:00:00
2022-03-12,5,2022,-0.57,-0.65,-0.65,-1.48,-1.38,-1.26,-1.69,Abnormally Dry,2022-03-12 02:00:00
2022-03-13,5,2022,-0.24,-0.31,-0.31,-1.1,-1.0,-0.89,-1.24,,2022-03-13 02:00:00
2022-03-14,5,2022,-0.34,-0.41,-0.41,-1.19,-1.09,-0.98,-1.34,,2022-03-14 02:00:00
2022-03-15,5,2022,-0.75,-0.82,-0.82,-1.71,-1.59,-1.46,-1.94,Abnormally Dry,2022-03-15 02:00:00
2022-03-16,5,2022,-0.09,-0.14,-0.14,-0.84,-0.74,-0.64,-0.91,,2022-03-16 02:00:00
2022-03-17,5,2022,4.13,3.77,3.77,4.65,4.18,4.11,5.04,,2022-03-17 02:00:00
2022-03-18,5,2022,-0.76,-0.79,-0.79,-1.71,-1.55,-1.42,-1.89,Abnormally Dry,2022-03-18 02:00:00
2022-03-19,5,2022,-0.7,-0.73,-0.73,-1.6,-1.45,-1.33,-1.78,Abnormally Dry,2022-03-19 02:00:00
2022-03-20,5,2022,1.15,1.0,1.0,0.78,0.71,0.76,0.83,,2022-03-20 02:00:00
2022-03-21,5,2022,0.15,0.05,0.05,-0.53,-0.5,-0.4,-0.62,,2022-03-21 02:00:00
2022-03-22,5,2022,-0.41,-0.47,-0.47,-1.21,-1.11,-1.01,-1.37,,2022-03-22 02:00:00
2022-03-23,5,2022,-0.67,-0.71,-0.71,-1.59,-1.44,-1.32,-1.77,Abnormally Dry,2022-03-23 02:00:00
2022-03-24,5,2022,1.84,1.64,1.64,1.63,1.47,1.5,1.76,,2022-03-24 02:00:00
2022-03-25,5,2022,-0.76,-0.8,-0.8,-1.79,-1.62,-1.49,-1.99,Abnormally Dry,2022-03-25 02:00:00
2022-03-26,5,2022,-0.71,-0.75,-0.75,-1.64,-1.49,-1.37,-1.83,Abnormally Dry,2022-03-26 02:00:00
2022-03-27,5,2022,-0.4,-0.45,-0.45,-1.29,-1.16,-1.04,-1.43,,2022-03-27 02:00:00
2022-03-28,5,2022,0.94,0.82,0.82,0.43,0.41,0.48,0.47,,2022-03-28 02:00:00
2022-03-29,5,2022,-0.11,-0.18,-0.18,-0.82,-0.75,-0.66,-0.93,,2022-03-29 02:00:00
2022-03-30,5,2022,0.67,0.56,0.56,0.06,0.07,0.15,0.06,,2022-03-30 02:00:00
2022-03-31,5,2022,0.02,-0.06,-0.06,-0.74,-0.67,-0.57,-0.83,,2022-03-31 02:00:00
2022-04-01,5,2022,-0.76,-0.81,-0.81,-1.8,-1.64,-1.5,-2.01,Abnormally Dry,2022-04-01 02:00:00
2022-04-02,5,2022,-0.44,-0.51,-0.5,-1.36,-1.24,-1.11,-1.53,,2022-04-02 02:00:00
2022-04-03,5,2022,0.12,0.02,0.05,-0.65,-0.59,-0.46,-0.74,,2022-04-03 02:00:00
2022-04-04,5,2022,-0.76,-0.82,-0.81,-1.73,-1.6,-1.46,-1.95,Abnormally Dry,2022-04-04 02:00:00
2022-04-05,5,2022,-0.23,-0.31,-0.29,-1.06,-0.98,-0.84,-1.2,,2022-04-05 02:00:00
2022-04-06,5,2022,-0.42,-0.49,-0.47,-1.34,-1.23,-1.08,-1.51,,2022-04-06 02:00:00
2022-04-07,5,2022,-0.62,-0.68,-0.66,-1.58,-1.45,-1.3,-1.78,Abnormally Dry,2022-04-07 02:00:00
2022-04-08,5,2022,-0.51,-0.57,-0.55,-1.45,-1.32,-1.18,-1.62,Abnormally Dry,2022-04-08 02:00:00
2022-04-09,5,2022,-0.76,-0.81,-0.79,-1.77,-1.62,-1.46,-1.98,Abnormally Dry,2022-04-09 02:00:00
2022-04-10,5,2022,1.26,1.12,1.21,0.87,0.81,0.95,0.95,,2022-04-10 02:00:00
2022-04-11,5,2022,-0.19,-0.28,-0.24,-1.02,-0.94,-0.79,-1.16,,2022-04-11 02:00:00
2022-04-12,5,2022,0.24,0.13,0.19,-0.4,-0.38,-0.24,-0.48,,2022-04-12 02:00:00
2022-04-13,5,2022,0.91,0.77,0.86,0.4,0.37,0.52,0.42,,2022-04-13 02:00:00
2022-04-14,5,2022,0.45,0.33,0.4,-0.25,-0.23,-0.07,-0.3,,2022-04-14 02:00:00
2022-04-15,5,2022,0.27,0.15,0.21,-0.42,-0.41,-0.25,-0.51,,2022-04-15 02:00:00
2022-04-16,5,2022,-0.76,-0.82,-0.83,-1.73,-1.59,-1.47,-1.95,Abnormally Dry,2022-04-16 02:00:00
2022-04-17,5,2022,-0.18,-0.26,-0.23,-0.93,-0.86,-0.73,-1.06,,2022-04-17 02:00:00
2022-04-18,5,2022,-0.61,-0.68,-0.67,-1.55,-1.43,-1.29,-1.75,Abnormally Dry,2022-04-18 02:00:00
2022-04-19,5,2022,0.03,-0.05,-0.01,-0.73,-0.66,-0.52,-0.82,,2022-04-19 02:00:00
2022-04-20,5,2022,0.11,0.02,0.07,-0.56,-0.52,-0.38,-0.65,,2022-04-20 02:00:00
2022-04-21,5,2022,-0.76,-0.82,-0.83,-1.72,-1.59,-1.47,-1.94,Abnormally Dry,2022-04-21 02:00:00
2022-04-22,5,2022,0.05,-0.03,0.01,-0.68,-0.61,-0.48,-0.76,,2022-04-22 02:00:00
2022-04-23,5,2022,-0.55,-0.61,-0.61,-1.47,-1.35,-1.22,-1.65,Abnormally Dry,2022-04-23 02:00:00
2022-04-24,5,2022,2.9,2.62,2.87,2.96,2.67,2.91,3.21,,2022-04-24 02:00:00
2022-04-25,5,2022,0.88,0.74,0.82,0.34,0.31,0.46,0.35,,2022-04-25 02:00:00
2022-04-26,5,2022,0.06,-0.02,-0.0,-0.72,-0.65,-0.52,-0.81,,2022-04-26 02:00:00
2022-04-27,5,2022,-0.57,-0.61,-0.64,-1.54,-1.39,-1.29,-1.7,Abnormally Dry,2022-04-27 02:00:00
2022-04-28,5,2022,-0.46,-0.49,-0.53,-1.42,-1.26,-1.17,-1.55,,2022-04-28 02:00:00
2022-04-29,5,2022,2.12,1.97,2.06,1.88,1.78,1.9,2.12,,2022-04-29 02:00:00
2022-04-30,5,2022,0.56,0.46,0.49,-0.01,0.0,0.11,-0.02,,2022-04-30 02:00:00
2022-05-01,5,2022,0.99,0.86,0.91,0.5,0.47,0.58,0.54,,2022-05-01 02:00:00
2022-05-02,5,2022,-0.76,-0.8,-0.85,-1.74,-1.59,-1.51,-1.94,Abnormally Dry,2022-05-02 02:00:00
2022-05-03,5,2022,-0.66,-0.7,-0.74,-1.6,-1.45,-1.37,-1.78,Abnormally Dry,2022-05-03 02:00:00
2022-05-04,5,2022,1.4,1.23,1.33,1.11,0.99,1.13,1.18,,2022-05-04 02:00:00
2022-05-05,5,2022,-0.63,-0.68,-0.71,-1.57,-1.43,-1.34,-1.76,Abnormally Dry,2022-05-05 02:00:00
2022-05-06,5,2022,0.75,0.59,0.67,0.13,0.09,0.26,0.09,,2022-05-06 02:00:00
2022-05-07,5,2022,-0.76,-0.81,-0.85,-1.73,-1.58,-1.49,-1.94,Abnormally Dry,2022-05-07 02:00:00
2022-05-08,5,2022,0.59,0.44,0.52,-0.02,-0.05,0.11,-0.08,,2022-05-08 02:00:00
2022-05-09,5,2022,-0.63,-0.7,-0.72,-1.6,-1.47,-1.36,-1.81,Abnormally Dry,2022-05-09 02:00:00
2022-05-10,5,2022,-0.15,-0.25,-0.22,-1.02,-0.95,-0.8,-1.17,,2022-05-10 02:00:00
2022-05-11,5,2022,-0.76,-0.82,-0.84,-1.79,-1.64,-1.52,-2.01,Abnormally Dry,2022-05-11 02:00:00
2022-05-12,5,2022,2.35,2.02,2.29,2.2,1.9,2.19,2.28,,2022-05-12 02:00:00
2022-05-13,5,2022,-0.76,-0.84,-0.84,-1.78,-1.66,-1.52,-2.03,Abnormally Dry,2022-05-13 02:00:00
2022-05-14,5,2022,-0.62,-0.69,-0.7,-1.55,-1.43,-1.32,-1.76,Abnormally Dry,2022-05-14 02:00:00
2022-05-15,5,2022,-0.76,-0.8,-0.83,-1.63,-1.49,-1.41,-1.83,Abnormally Dry,2022-05-15 02:00:00
2022-05-16,5,2022,0.32,0.19,0.25,-0.41,-0.39,-0.24,-0.5,,2022-05-16 02:00:00
2022-05-17,5,2022,-0.74,-0.8,-0.82,-1.73,-1.59,-1.48,-1.95,Abnormally Dry,2022-05-17 02:00:00
2022-05-18,5,2022,-0.43,-0.49,-0.49,-1.33,-1.21,-1.09,-1.49,,2022-05-18 02:00:00
2022-05-19,5,2022,-0.01,-0.11,-0.07,-0.76,-0.71,-0.57,-0.88,,2022-05-19 02:00:00
2022-05-20,5,2022,-0.76,-0.8,-0.83,-1.75,-1.59,-1.49,-1.95,Abnormally Dry,2022-05-20 02:00:00
2022-05-21,5,2022,-0.28,-0.36,-0.34,-1.15,-1.06,-0.92,-1.3,,2022-05-21 02:00:00
2022-05-22,5,2022,-0.69,-0.73,-0.75,-1.64,-1.49,-1.38,-1.82,Abnormally Dry,2022-05-22 02:00:00
2022-05-23,5,2022,0.2,0.09,0.16,-0.43,-0.42,-0.26,-0.53,,2022-05-23 02:00:00
2022-05-24,5,2022,-0.76,-0.79,-0.82,-1.81,-1.63,-1.52,-2.0,Abnormally Dry,2022-05-24 02:00:00
2022-05-25,5,2022,2.8,2.38,2.76,2.74,2.33,2.72,2.79,,2022-05-25 02:00:00
2022-05-26,5,2022,0.17,0.04,0.11,-0.56,-0.54,-0.38,-0.68,,2022-05-26 02:00:00
2022-05-27,5,2022,-0.19,-0.26,-0.25,-1.07,-0.96,-0.83,-1.19,,2022-05-27 02:00:00
2022-05-28,5,2022,-0.76,-0.78,-0.82,-1.74,-1.57,-1.48,-1.92,Abnormally Dry,2022-05-28 02:00:00
2022-05-29,5,2022,-0.76,-0.77,-0.82,-1.82,-1.62,-1.53,-1.99,Abnormally Dry,2022-05-29 02:00:00
2022-05-30,5,2022,0.38,0.25,0.34,-0.29,-0.29,-0.11,-0.37,,2022-05-30 02:00:00
2022-05-31,5,2022,0.58,0.45,0.54,-0.15,-0.14,0.05,-0.19,,2022-05-31 02:00:00
2022-06-01,5,2022,-0.76,-0.77,-0.83,-1.74,-1.55,-1.48,-1.9,Abnormally Dry,2022-06-01 02:00:00
2022-06-02,5,2022,0.15,0.06,0.11,-0.64,-0.57,-0.41,-0.71,,2022-06-02 02:00:00
2022-06-03,5,2022,0.06,0.03,0.02,-0.74,-0.61,-0.51,-0.76,,2022-06-03 02:00:00
2022-06-04,5,2022,1.58,1.53,1.57,1.25,1.26,1.35,1.5,,2022-06-04 02:00:00
2022-06-05,5,2022,1.08,1.0,1.04,0.51,0.55,0.66,0.63,,2022-06-05 02:00:00
2022-06-06,5,2022,0.37,0.28,0.31,-0.32,-0.27,-0.15,-0.35,,2022-06-06 02:00:00
2022-06-07,5,2022,0.11,0.05,0.04,-0.76,-0.64,-0.54,-0.81,,2022-06-07 02:00:00
2022-06-08,5,2022,0.97,0.96,0.93,0.44,0.54,0.58,0.62,,2022-06-08 02:00:00
2022-06-09,5,2022,-0.02,-0.09,-0.09,-0.78,-0.69,-0.59,-0.86,,2022-06-09 02:00:00
2022-06-10,5,2022,-0.76,-0.87,-0.86,-1.8,-1.71,-1.56,-2.09,Abnormally Dry,2022-06-10 02:00:00
2022-06-11,5,2022,-0.43,-0.52,-0.51,-1.34,-1.25,-1.11,-1.53,,2022-06-11 02:00:00
2022-06-12,5,2022,1.8,1.77,1.78,1.53,1.56,1.6,1.86,,2022-06-12 02:00:00
2022-06-13,5,2022,-0.76,-0.87,-0.85,-1.82,-1.72,-1.56,-2.11,Abnormally Dry,2022-06-13 02:00:00
2022-06-14,5,2022,0.09,0.01,0.03,-0.66,-0.59,-0.47,-0.73,,2022-06-14 02:00:00
2022-06-15,5,2022,2.44,2.62,2.4,2.29,2.5,2.3,3.0,,2022-06-15 02:00:00
2022-06-16,5,2022,-0.76,-0.92,-0.86,-1.77,-1.73,-1.53,-2.11,Abnormally Dry,2022-06-16 02:00:00
2022-06-17,5,2022,-0.76,-0.92,-0.85,-1.81,-1.76,-1.55,-2.15,Abnormally Dry,2022-06-17 02:00:00
2022-06-18,5,2022,0.02,-0.04,-0.05,-0.82,-0.71,-0.61,-0.89,,2022-06-18 02:00:00
2022-06-19,5,2022,-0.43,-0.54,-0.52,-1.35,-1.27,-1.13,-1.57,,2022-06-19 02:00:00
2022-06-20,5,2022,-0.2,-0.28,-0.28,-0.97,-0.9,-0.79,-1.11,,2022-06-20 02:00:00
2022-06-21,5,2022,0.19,0.14,0.12,-0.54,-0.44,-0.37,-0.56,,2022-06-21 02:00:00
2022-06-22,5,2022,1.42,1.54,1.38,1.06,1.25,1.14,1.49,,2022-06-22 02:00:00
2022-06-23,5,2022,0.74,0.76,0.68,0.12,0.26,0.27,0.29,,2022-06-23 02:00:00
2022-06-24,5,2022,-0.68,-0.85,-0.78,-1.7,-1.67,-1.46,-2.04,Abnormally Dry,2022-06-24 02:00:00
2022-06-25,5,2022,-0.58,-0.73,-0.67,-1.57,-1.52,-1.33,-1.87,Abnormally Dry,2022-06-25 02:00:00
2022-06-26,5,2022,0.46,0.45,0.4,-0.19,-0.07,-0.03,-0.11,,2022-06-26 02:00:00
2022-06-27,5,2022,-0.24,-0.35,-0.33,-1.11,-1.05,-0.91,-1.29,,2022-06-27 02:00:00
2022-06-28,5,2022,-0.51,-0.64,-0.61,-1.47,-1.41,-1.25,-1.73,Abnormally Dry,2022-06-28 02:00:00
2022-06-29,5,2022,-0.27,-0.37,-0.36,-1.13,-1.06,-0.93,-1.31,,2022-06-29 02:00:00
2022-06-30,5,2022,1.41,1.51,1.39,1.02,1.2,1.13,1.43,,2022-06-30 02:00:00
2022-07-01,5,2022,0.83,0.84,0.79,0.21,0.34,0.37,0.38,,2022-07-01 02:00:00
2022-07-02,5,2022,-0.12,-0.23,-0.2,-1.0,-0.93,-0.79,-1.15,,2022-07-02 02:00:00
2022-07-03,5,2022,-0.76,-0.95,-0.87,-1.75,-1.74,-1.53,-2.13,Abnormally Dry,2022-07-03 02:00:00
2022-07-04,5,2022,-0.32,-0.45,-0.41,-1.29,-1.22,-1.05,-1.51,,2022-07-04 02:00:00
2022-07-05,5,2022,-0.76,-0.94,-0.87,-1.71,-1.7,-1.5,-2.08,Abnormally Dry,2022-07-05 02:00:00
2022-07-06,5,2022,0.25,0.18,0.2,-0.54,-0.45,-0.33,-0.57,,2022-07-06 02:00:00
2022-07-07,5,2022,0.12,0.03,0.06,-0.63,-0.57,-0.44,-0.71,,2022-07-07 02:00:00
2022-07-08,5,2022,-0.76,-0.96,-0.87,-1.82,-1.81,-1.58,-2.22,Abnormally Dry,2022-07-08 02:00:00
2022-07-09,5,2022,0.27,0.21,0.21,-0.46,-0.37,-0.28,-0.48,,2022-07-09 02:00:00
2022-07-10,5,2022,0.05,-0.04,-0.02,-0.75,-0.68,-0.55,-0.85,,2022-07-10 02:00:00
2022-07-11,5,2022,-0.0,-0.1,-0.07,-0.91,-0.82,-0.67,-1.03,,2022-07-11 02:00:00
2022-07-12,5,2022,-0.64,-0.81,-0.75,-1.56,-1.55,-1.36,-1.89,Abnormally Dry,2022-07-12 02:00:00
2022-07-13,5,2022,-0.32,-0.43,-0.4,-1.23,-1.15,-1.0,-1.42,,2022-07-13 02:00:00
2022-07-14,5,2022,-0.63,-0.77,-0.73,-1.6,-1.55,-1.38,-1.9,Abnormally Dry,2022-07-14 02:00:00
2022-07-15,5,2022,-0.6,-0.74,-0.69,-1.58,-1.52,-1.34,-1.87,Abnormally Dry,2022-07-15 02:00:00
2022-07-16,5,2022,-0.74,-0.88,-0.84,-1.81,-1.74,-1.56,-2.13,Abnormally Dry,2022-07-16 02:00:00
2022-07-17,5,2022,-0.11,-0.18,-0.16,-0.93,-0.84,-0.71,-1.04,,2022-07-17 02:00:00
2022-07-18,5,2022,2.01,2.14,2.08,1.75,1.93,1.9,2.3,,2022-07-18 02:00:00
2022-07-19,5,2022,-0.35,-0.46,-0.43,-1.27,-1.2,-1.04,-1.47,,2022-07-19 02:00:00
2022-07-20,5,2022,-0.76,-0.91,-0.86,-1.73,-1.69,-1.51,-2.06,Abnormally Dry,2022-07-20 02:00:00
2022-07-21,5,2022,-0.3,-0.4,-0.37,-1.21,-1.13,-0.98,-1.39,,2022-07-21 02:00:00
2022-07-22,5,2022,-0.76,-0.9,-0.86,-1.77,-1.71,-1.54,-2.09,Abnormally Dry,2022-07-22 02:00:00
2022-07-23,5,2022,0.09,0.07,0.05,-0.69,-0.55,-0.47,-0.7,,2022-07-23 02:00:00
2022-07-24,5,2022,-0.41,-0.5,-0.49,-1.41,-1.3,-1.16,-1.6,,2022-07-24 02:00:00
2022-07-25,5,2022,-0.76,-0.89,-0.86,-1.83,-1.75,-1.58,-2.14,Abnormally Dry,2022-07-25 02:00:00
2022-07-26,5,2022,1.83,2.05,1.9,1.51,1.8,1.69,2.14,,2022-07-26 02:00:00
2022-07-27,5,2022,-0.76,-0.9,-0.86,-1.91,-1.82,-1.62,-2.23,Abnormally Dry,2022-07-27 02:00:00
2022-07-28,5,2022,0.03,0.03,-0.01,-0.78,-0.62,-0.55,-0.78,,2022-07-28 02:00:00
2022-07-29,5,2022,-0.65,-0.75,-0.74,-1.67,-1.57,-1.42,-1.92,Abnormally Dry,2022-07-29 02:00:00
2022-07-30,5,2022,-0.76,-0.87,-0.85,-1.8,-1.7,-1.54,-2.08,Abnormally Dry,2022-07-30 02:00:00
2022-07-31,5,2022,-0.22,-0.24,-0.28,-1.17,-1.0,-0.92,-1.24,,2022-07-31 02:00:00
2022-08-01,5,2022,-0.76,-0.87,-0.85,-1.76,-1.67,-1.51,-2.04,Abnormally Dry,2022-08-01 02:00:00
2022-08-02,5,2022,0.64,0.8,0.65,0.04,0.32,0.25,0.36,,2022-08-02 02:00:00
2022-08-03,5,2022,-0.76,-0.87,-0.85,-1.9,-1.79,-1.61,-2.19,Abnormally Dry,2022-08-03 02:00:00
2022-08-04,5,2022,-0.36,-0.38,-0.42,-1.25,-1.1,-1.02,-1.35,,2022-08-04 02:00:00
2022-08-05,5,2022,-0.7,-0.79,-0.78,-1.84,-1.7,-1.54,-2.09,Abnormally Dry,2022-08-05 02:00:00
2022-08-06,5,2022,0.66,0.84,0.68,0.02,0.33,0.25,0.37,,2022-08-06 02:00:00
2022-08-07,5,2022,-0.52,-0.57,-0.59,-1.47,-1.33,-1.23,-1.64,Abnormally Dry,2022-08-07 02:00:00
2022-08-08,5,2022,-0.2,-0.19,-0.24,-1.15,-0.95,-0.88,-1.18,,2022-08-08 02:00:00
2022-08-09,5,2022,1.41,1.7,1.5,1.04,1.41,1.26,1.67,,2022-08-09 02:00:00
2022-08-10,5,2022,0.54,0.72,0.55,-0.18,0.14,0.07,0.14,,2022-08-10 02:00:00
2022-08-11,5,2022,-0.59,-0.69,-0.68,-1.53,-1.44,-1.31,-1.77,Abnormally Dry,2022-08-11 02:00:00
2022-08-12,5,2022,-0.76,-0.9,-0.86,-1.87,-1.79,-1.6,-2.19,Abnormally Dry,2022-08-12 02:00:00
2022-08-13,5,2022,-0.65,-0.76,-0.73,-1.64,-1.55,-1.39,-1.9,Abnormally Dry,2022-08-13 02:00:00
2022-08-14,5,2022,-0.06,-0.03,-0.09,-0.98,-0.76,-0.7,-0.95,,2022-08-14 02:00:00
2022-08-15,5,2022,1.7,2.09,1.81,1.33,1.8,1.57,2.14,,2022-08-15 02:00:00
2022-08-16,5,2022,-0.75,-0.89,-0.84,-1.91,-1.82,-1.61,-2.23,Abnormally Dry,2022-08-16 02:00:00
2022-08-17,5,2022,0.06,0.09,0.03,-0.77,-0.57,-0.52,-0.72,,2022-08-17 02:00:00
2022-08-18,5,2022,1.06,1.28,1.12,0.51,0.84,0.75,0.98,,2022-08-18 02:00:00
2022-08-19,5,2022,-0.73,-0.88,-0.83,-1.76,-1.7,-1.51,-2.08,Abnormally Dry,2022-08-19 02:00:00
2022-08-20,5,2022,2.48,2.82,2.62,2.32,2.69,2.52,3.23,,2022-08-20 02:00:00
2022-08-21,5,2022,-0.76,-0.9,-0.86,-1.77,-1.71,-1.54,-2.09,Abnormally Dry,2022-08-21 02:00:00
2022-08-22,5,2022,-0.04,-0.09,-0.09,-0.92,-0.79,-0.68,-0.99,,2022-08-22 02:00:00
2022-08-23,5,2022,-0.16,-0.19,-0.21,-1.04,-0.9,-0.8,-1.11,,2022-08-23 02:00:00
2022-08-24,5,2022,-0.76,-0.91,-0.86,-1.82,-1.76,-1.56,-2.15,Abnormally Dry,2022-08-24 02:00:00
2022-08-25,5,2022,-0.76,-0.9,-0.85,-1.82,-1.75,-1.56,-2.14,Abnormally Dry,2022-08-25 02:00:00
2022-08-26,5,2022,-0.76,-0.9,-0.85,-1.91,-1.82,-1.61,-2.23,Abnormally Dry,2022-08-26 02:00:00
2022-08-27,5,2022,0.27,0.34,0.26,-0.52,-0.3,-0.27,-0.39,,2022-08-27 02:00:00
2022-08-28,5,2022,-0.76,-0.9,-0.85,-1.83,-1.76,-1.56,-2.15,Abnormally Dry,2022-08-28 02:00:00
2022-08-29,5,2022,1.06,1.29,1.11,0.48,0.82,0.72,0.96,,2022-08-29 02:00:00
2022-08-30,5,2022,-0.4,-0.48,-0.46,-1.41,-1.29,-1.13,-1.58,,2022-08-30 02:00:00
2022-08-31,5,2022,-0.25,-0.29,-0.3,-1.13,-0.99,-0.88,-1.23,,2022-08-31 02:00:00
2022-09-01,5,2022,0.25,0.32,0.25,-0.57,-0.34,-0.3,-0.44,,2022-09-01 02:00:00
2022-09-02,5,2022,0.09,0.15,0.07,-0.78,-0.55,-0.51,-0.69,,2022-09-02 02:00:00
2022-09-03,5,2022,-0.2,-0.19,-0.24,-1.14,-0.94,-0.87,-1.17,,2022-09-03 02:00:00
2022-09-04,5,2022,-0.76,-0.88,-0.86,-1.78,-1.69,-1.54,-2.07,Abnormally Dry,2022-09-04 02:00:00
2022-09-05,5,2022,-0.71,-0.81,-0.8,-1.68,-1.58,-1.45,-1.94,Abnormally Dry,2022-09-05 02:00:00
2022-09-06,5,2022,1.43,1.84,1.54,0.88,1.4,1.17,1.66,,2022-09-06 02:00:00
2022-09-07,5,2022,-0.54,-0.58,-0.61,-1.51,-1.35,-1.26,-1.66,Abnormally Dry,2022-09-07 02:00:00
2022-09-08,5,2022,-0.68,-0.76,-0.77,-1.81,-1.67,-1.53,-2.04,Abnormally Dry,2022-09-08 02:00:00
2022-09-09,5,2022,-0.69,-0.77,-0.78,-1.64,-1.53,-1.42,-1.88,Abnormally Dry,2022-09-09 02:00:00
2022-09-10,5,2022,-0.59,-0.63,-0.66,-1.69,-1.51,-1.39,-1.85,Abnormally Dry,2022-09-10 02:00:00
2022-09-11,5,2022,0.23,0.4,0.24,-0.64,-0.29,-0.34,-0.39,,2022-09-11 02:00:00
2022-09-12,5,2022,-0.73,-0.8,-0.81,-1.7,-1.58,-1.46,-1.93,Abnormally Dry,2022-09-12 02:00:00
2022-09-13,5,2022,0.53,0.86,0.57,-0.17,0.3,0.1,0.33,,2022-09-13 02:00:00
2022-09-14,5,2022,0.48,0.77,0.51,-0.25,0.19,0.02,0.19,,2022-09-14 02:00:00
2022-09-15,5,2022,-0.69,-0.8,-0.78,-1.66,-1.57,-1.42,-1.93,Abnormally Dry,2022-09-15 02:00:00
2022-09-16,5,2022,-0.46,-0.48,-0.52,-1.47,-1.29,-1.19,-1.59,,2022-09-16 02:00:00
2022-09-17,5,2022,1.09,1.56,1.19,0.55,1.13,0.83,1.33,,2022-09-17 02:00:00
2022-09-18,5,2022,-0.68,-0.77,-0.76,-1.76,-1.63,-1.48,-2.0,Abnormally Dry,2022-09-18 02:00:00
2022-09-19,5,2022,0.38,0.62,0.41,-0.31,0.07,-0.05,0.05,,2022-09-19 02:00:00
2022-09-20,5,2022,-0.41,-0.41,-0.47,-1.36,-1.17,-1.1,-1.44,,2022-09-20 02:00:00
2022-09-21,5,2022,-0.57,-0.61,-0.65,-1.5,-1.36,-1.27,-1.67,Abnormally Dry,2022-09-21 02:00:00
2022-09-22,5,2022,0.0,0.16,-0.01,-0.88,-0.54,-0.59,-0.68,,2022-09-22 02:00:00
2022-09-23,5,2022,0.13,0.33,0.14,-0.74,-0.36,-0.44,-0.47,,2022-09-23 02:00:00
2022-09-24,5,2022,-0.71,-0.79,-0.8,-1.79,-1.66,-1.52,-2.03,Abnormally Dry,2022-09-24 02:00:00
2022-09-25,5,2022,-0.76,-0.85,-0.85,-1.92,-1.77,-1.62,-2.18,Abnormally Dry,2022-09-25 02:00:00
2022-09-26,5,2022,-0.52,-0.53,-0.58,-1.59,-1.39,-1.3,-1.71,Abnormally Dry,2022-09-26 02:00:00
2022-09-27,5,2022,1.0,1.48,1.1,0.41,1.0,0.7,1.18,,2022-09-27 02:00:00
2022-09-28,5,2022,-0.15,-0.03,-0.18,-1.11,-0.8,-0.82,-1.0,,2022-09-28 02:00:00
2022-09-29,5,2022,-0.32,-0.24,-0.36,-1.24,-0.97,-0.97,-1.2,,2022-09-29 02:00:00
2022-09-30,5,2022,-0.24,-0.13,-0.27,-1.14,-0.85,-0.87,-1.05,,2022-09-30 02:00:00
2022-10-01,5,2022,-0.73,-0.81,-0.82,-1.8,-1.66,-1.53,-2.04,Abnormally Dry,2022-10-01 02:00:00
2022-10-02,5,2022,-0.76,-0.84,-0.85,-1.85,-1.71,-1.57,-2.09,Abnormally Dry,2022-10-02 02:00:00
2022-10-03,5,2022,-0.76,-0.84,-0.85,-1.85,-1.71,-1.57,-2.1,Abnormally Dry,2022-10-03 02:00:00
2022-10-04,5,2022,-0.76,-0.82,-0.85,-1.85,-1.7,-1.58,-2.08,Abnormally Dry,2022-10-04 02:00:00
2022-10-05,5,2022,-0.76,-0.81,-0.84,-1.92,-1.74,-1.61,-2.13,Abnormally Dry,2022-10-05 02:00:00
2022-10-06,5,2022,-0.76,-0.81,-0.84,-1.9,-1.72,-1.6,-2.11,Abnormally Dry,2022-10-06 02:00:00
2022-10-07,5,2022,-0.01,0.23,0.01,-0.93,-0.5,-0.6,-0.64,,2022-10-07 02:00:00
2022-10-08,5,2022,-0.26,-0.12,-0.28,-1.2,-0.87,-0.91,-1.09,,2022-10-08 02:00:00
2022-10-09,5,2022,0.64,1.1,0.73,-0.18,0.44,0.18,0.5,,2022-10-09 02:00:00
2022-10-10,5,2022,-0.76,-0.8,-0.84,-1.86,-1.68,-1.57,-2.06,Abnormally Dry,2022-10-10 02:00:00
2022-10-11,5,2022,0.96,1.5,1.09,0.31,0.98,0.65,1.15,,2022-10-11 02:00:00
2022-10-12,5,2022,-0.68,-0.7,-0.76,-1.82,-1.61,-1.52,-1.98,Abnormally Dry,2022-10-12 02:00:00
2022-10-13,5,2022,1.25,1.83,1.42,0.68,1.37,1.04,1.63,,2022-10-13 02:00:00
2022-10-14,5,2022,-0.01,0.17,0.0,-0.77,-0.44,-0.51,-0.56,,2022-10-14 02:00:00
2022-10-15,5,2022,-0.76,-0.82,-0.85,-1.79,-1.65,-1.54,-2.02,Abnormally Dry,2022-10-15 02:00:00
2022-10-16,5,2022,0.87,1.4,1.0,0.3,0.94,0.62,1.11,,2022-10-16 02:00:00
2022-10-17,5,2022,-0.76,-0.83,-0.85,-1.81,-1.67,-1.55,-2.05,Abnormally Dry,2022-10-17 02:00:00
2022-10-18,5,2022,-0.52,-0.51,-0.58,-1.48,-1.28,-1.22,-1.58,Abnormally Dry,2022-10-18 02:00:00
2022-10-19,5,2022,-0.76,-0.82,-0.85,-1.89,-1.73,-1.61,-2.12,Abnormally Dry,2022-10-19 02:00:00
2022-10-20,5,2022,-0.32,-0.24,-0.35,-1.19,-0.94,-0.93,-1.16,,2022-10-20 02:00:00
2022-10-21,5,2022,-0.19,-0.04,-0.19,-1.05,-0.73,-0.76,-0.91,,2022-10-21 02:00:00
2022-10-22,5,2022,0.24,0.54,0.29,-0.57,-0.11,-0.25,-0.16,,2022-10-22 02:00:00
2022-10-23,5,2022,-0.3,-0.21,-0.32,-1.31,-1.02,-0.99,-1.26,,2022-10-23 02:00:00
2022-10-24,5,2022,0.78,1.33,0.91,0.13,0.81,0.48,0.95,,2022-10-24 02:00:00
2022-10-25,5,2022,-0.18,-0.05,-0.19,-1.18,-0.85,-0.86,-1.06,,2022-10-25 02:00:00
2022-10-26,5,2022,-0.27,-0.17,-0.29,-1.24,-0.94,-0.93,-1.17,,2022-10-26 02:00:00
2022-10-27,5,2022,-0.75,-0.84,-0.83,-1.82,-1.7,-1.55,-2.08,Abnormally Dry,2022-10-27 02:00:00
2022-10-28,5,2022,1.3,2.0,1.5,0.73,1.54,1.12,1.83,,2022-10-28 02:00:00
2022-10-29,5,2022,2.8,3.72,3.16,2.67,3.62,3.07,4.33,,2022-10-29 02:00:00
2022-10-30,5,2022,-0.42,-0.43,-0.47,-1.34,-1.17,-1.09,-1.44,,2022-10-30 02:00:00
2022-10-31,5,2022,-0.76,-0.84,-0.85,-1.93,-1.77,-1.63,-2.17,Abnormally Dry,2022-10-31 02:00:00
2022-11-01,5,2022,-0.63,-0.68,-0.71,-1.74,-1.57,-1.45,-1.92,Abnormally Dry,2022-11-01 02:00:00
2022-11-02,5,2022,2.44,3.07,2.73,2.25,2.92,2.61,3.5,,2022-11-02 02:00:00
2022-11-03,5,2022,0.48,0.67,0.54,-0.3,0.05,0.02,0.02,,2022-11-03 02:00:00
2022-11-04,5,2022,-0.76,-0.83,-0.85,-1.87,-1.72,-1.59,-2.11,Abnormally Dry,2022-11-04 02:00:00
2022-11-05,5,2022,-0.76,-0.83,-0.84,-2.01,-1.83,-1.67,-2.24,Abnormally Dry,2022-11-05 02:00:00
2022-11-06,5,2022,-0.76,-0.82,-0.84,-1.9,-1.74,-1.6,-2.13,Abnormally Dry,2022-11-06 02:00:00
2022-11-07,5,2022,-0.76,-0.8,-0.84,-1.89,-1.71,-1.6,-2.09,Abnormally Dry,2022-11-07 02:00:00
2022-11-08,5,2022,0.36,0.58,0.41,-0.55,-0.15,-0.2,-0.22,,2022-11-08 02:00:00
2022-11-09,5,2022,-0.76,-0.8,-0.84,-1.81,-1.64,-1.54,-2.01,Abnormally Dry,2022-11-09 02:00:00
2022-11-10,5,2022,0.84,1.16,0.96,0.16,0.62,0.51,0.71,,2022-11-10 02:00:00
2022-11-11,5,2022,0.52,0.74,0.59,-0.22,0.15,0.1,0.15,,2022-11-11 02:00:00
2022-11-12,5,2022,-0.76,-0.82,-0.84,-1.87,-1.71,-1.58,-2.09,Abnormally Dry,2022-11-12 02:00:00
2022-11-13,5,2022,2.9,3.48,3.21,2.83,3.43,3.16,4.11,,2022-11-13 02:00:00
2022-11-14,5,2022,1.28,1.55,1.41,0.76,1.13,1.06,1.34,,2022-11-14 02:00:00
2022-11-15,5,2022,0.14,0.22,0.15,-0.68,-0.44,-0.4,-0.56,,2022-11-15 02:00:00
2022-11-16,5,2022,-0.76,-0.8,-0.84,-1.91,-1.72,-1.6,-2.11,Abnormally Dry,2022-11-16 02:00:00
2022-11-17,5,2022,-0.56,-0.57,-0.62,-1.66,-1.45,-1.35,-1.78,Abnormally Dry,2022-11-17 02:00:00
2022-11-18,5,2022,-0.59,-0.59,-0.65,-1.66,-1.45,-1.37,-1.78,Abnormally Dry,2022-11-18 02:00:00
2022-11-19,5,2022,-0.76,-0.8,-0.84,-1.97,-1.77,-1.65,-2.17,Abnormally Dry,2022-11-19 02:00:00
2022-11-20,5,2022,-0.76,-0.79,-0.84,-1.89,-1.69,-1.59,-2.08,Abnormally Dry,2022-11-20 02:00:00
2022-11-21,5,2022,-0.76,-0.78,-0.84,-1.91,-1.7,-1.61,-2.08,Abnormally Dry,2022-11-21 02:00:00
2022-11-22,5,2022,-0.41,-0.36,-0.45,-1.59,-1.31,-1.24,-1.62,,2022-11-22 02:00:00
2022-11-23,5,2022,-0.76,-0.78,-0.83,-1.85,-1.65,-1.56,-2.03,Abnormally Dry,2022-11-23 02:00:00
2022-11-24,5,2022,2.54,3.04,2.8,2.4,2.93,2.7,3.5,,2022-11-24 02:00:00
2022-11-25,5,2022,-0.34,-0.29,-0.37,-1.25,-1.02,-0.98,-1.26,,2022-11-25 02:00:00
2022-11-26,5,2022,-0.76,-0.78,-0.83,-1.79,-1.6,-1.51,-1.96,Abnormally Dry,2022-11-26 02:00:00
2022-11-27,5,2022,-0.76,-0.76,-0.83,-1.87,-1.65,-1.57,-2.02,Abnormally Dry,2022-11-27 02:00:00
2022-11-28,5,2022,-0.76,-0.75,-0.83,-1.9,-1.67,-1.59,-2.04,Abnormally Dry,2022-11-28 02:00:00
2022-11-29,5,2022,8.22,6.7,8.12,9.55,7.76,9.0,6.0,,2022-11-29 02:00:00
2022-11-30,5,2022,-0.76,-0.59,-0.76,-1.85,-1.46,-1.49,-1.8,Abnormally Dry,2022-11-30 02:00:00
2022-12-01,5,2022,0.86,0.71,0.84,0.23,0.21,0.42,0.22,,2022-12-01 02:00:00
2022-12-02,5,2022,-0.53,-0.41,-0.54,-1.48,-1.17,-1.18,-1.45,Abnormally Dry,2022-12-02 02:00:00
2022-12-03,5,2022,-0.74,-0.58,-0.75,-1.89,-1.5,-1.52,-1.85,Abnormally Dry,2022-12-03 02:00:00
2022-12-04,5,2022,-0.76,-0.6,-0.76,-1.97,-1.57,-1.57,-1.93,Abnormally Dry,2022-12-04 02:00:00
2022-12-05,5,2022,-0.76,-0.58,-0.76,-1.95,-1.53,-1.55,-1.88,Abnormally Dry,2022-12-05 02:00:00
2022-12-06,5,2022,-0.17,-0.1,-0.18,-1.18,-0.9,-0.85,-1.13,,2022-12-06 02:00:00
2022-12-07,5,2022,0.32,0.29,0.31,-0.51,-0.37,-0.24,-0.48,,2022-12-07 02:00:00
2022-12-08,5,2022,1.4,1.15,1.38,0.92,0.77,1.06,0.9,,2022-12-08 02:00:00
2022-12-09,5,2022,0.93,0.75,0.91,0.31,0.25,0.49,0.28,,2022-12-09 02:00:00
2022-12-10,5,2022,-0.42,-0.34,-0.43,-1.44,-1.16,-1.11,-1.43,,2022-12-10 02:00:00
2022-12-11,5,2022,-0.68,-0.55,-0.69,-1.86,-1.49,-1.48,-1.84,Abnormally Dry,2022-12-11 02:00:00
2022-12-12,5,2022,-0.76,-0.6,-0.76,-1.93,-1.54,-1.54,-1.89,Abnormally Dry,2022-12-12 02:00:00
2022-12-13,5,2022,-0.76,-0.59,-0.76,-1.96,-1.55,-1.56,-1.91,Abnormally Dry,2022-12-13 02:00:00
2022-12-14,5,2022,-0.76,-0.59,-0.76,-1.82,-1.44,-1.47,-1.77,Abnormally Dry,2022-12-14 02:00:00
2022-12-15,5,2022,-0.36,-0.27,-0.36,-1.45,-1.14,-1.09,-1.42,,2022-12-15 02:00:00
2022-12-16,5,2022,-0.76,-0.58,-0.76,-1.91,-1.5,-1.53,-1.85,Abnormally Dry,2022-12-16 02:00:00
2022-12-17,5,2022,2.01,1.62,2.0,1.73,1.4,1.81,1.66,,2022-12-17 02:00:00
2022-12-18,5,2022,-0.15,-0.1,-0.15,-1.14,-0.89,-0.81,-1.11,,2022-12-18 02:00:00
2022-12-19,5,2022,-0.76,-0.58,-0.76,-1.9,-1.49,-1.52,-1.84,Abnormally Dry,2022-12-19 02:00:00
2022-12-20,5,2022,1.99,1.56,1.97,1.57,1.22,1.69,1.45,,2022-12-20 02:00:00
2022-12-21,5,2022,-0.76,-0.59,-0.76,-1.89,-1.49,-1.51,-1.84,Abnormally Dry,2022-12-21 02:00:00
2022-12-22,5,2022,-0.76,-0.58,-0.76,-1.96,-1.54,-1.56,-1.89,Abnormally Dry,2022-12-22 02:00:00
2022-12-23,5,2022,-0.55,-0.42,-0.55,-1.58,-1.24,-1.23,-1.53,Abnormally Dry,2022-12-23 02:00:00
2022-12-24,5,2022,0.4,0.32,0.4,-0.34,-0.27,-0.1,-0.36,,2022-12-24 02:00:00
2022-12-25,5,2022,-0.76,-0.59,-0.76,-1.9,-1.5,-1.52,-1.85,Abnormally Dry,2022-12-25 02:00:00
2022-12-26,5,2022,0.89,0.71,0.89,0.19,0.15,0.42,0.15,,2022-12-26 02:00:00
2022-12-27,5,2022,-0.76,-0.58,-0.76,-1.85,-1.45,-1.48,-1.78,Abnormally Dry,2022-12-27 02:00:00
2022-12-28,5,2022,-0.59,-0.45,-0.58,-1.62,-1.28,-1.27,-1.57,Abnormally Dry,2022-12-28 02:00:00
2022-12-29,5,2022,-0.76,-0.58,-0.76,-1.92,-1.51,-1.53,-1.86,Abnormally Dry,2022-12-29 02:00:00
2022-12-30,5,2022,1.68,1.3,1.67,1.16,0.88,1.32,1.04,,2022-12-30 02:00:00
2022-12-31,5,2022,-0.76,-0.59,-0.76,-1.95,-1.55,-1.56,-1.9,Abnormally Dry,2022-12-31 02:00:00
