time,region_id,year_id,wind_speed_kmh,wind_gust_kmh,wind_direction,rainfall_mm,rainfall_delta_percent,ph_level,npk_index,temperature_c,humidity_percent,updated_at
2020-01-02,1,2020,11.2,22.8,S,11.5,0.0,7.4,Med-High,21.9,78.0,2020-01-02 02:00:00
2020-01-03,1,2020,8.6,13.8,NW,1.1,-91.0,7.3,Med-High,22.0,69.0,2020-01-03 02:00:00
2020-01-04,1,2020,10.7,23.5,SE,2.0,93.0,7.1,Med-High,22.0,74.0,2020-01-04 02:00:00
2020-01-05,1,2020,12.6,28.5,SE,0.2,-90.0,7.1,Med-High,22.5,74.0,2020-01-05 02:00:00
2020-01-06,1,2020,11.3,27.4,E,4.5,2135.0,7.2,Med-High,21.8,66.0,2020-01-06 02:00:00
2020-01-07,1,2020,11.6,21.0,SE,1.1,-75.0,7.2,Med-High,21.8,67.0,2020-01-07 02:00:00
2020-01-08,1,2020,8.8,25.4,N,2.9,158.0,7.2,Med-High,23.7,75.0,2020-01-08 02:00:00
2020-01-09,1,2020,10.7,17.5,SE,0.1,-97.0,7.2,Medium,22.4,71.0,2020-01-09 02:00:00
2020-01-10,1,2020,7.7,24.9,SW,0.3,258.0,7.1,Medium,21.8,66.0,2020-01-10 02:00:00
2020-01-11,1,2020,13.3,25.0,S,3.1,813.0,7.1,Medium,21.7,71.0,2020-01-11 02:00:00
2020-01-12,1,2020,13.6,24.7,SE,0.3,-92.0,7.3,Medium,22.5,70.0,2020-01-12 02:00:00
2020-01-13,1,2020,11.8,26.4,S,0.5,112.0,7.4,Medium,21.7,67.0,2020-01-13 02:00:00
2020-01-14,1,2020,9.9,17.8,SW,5.5,920.0,7.2,Medium,22.7,76.0,2020-01-14 02:00:00
2020-01-15,1,2020,11.1,16.4,SE,1.6,-71.0,7.1,Medium,22.0,72.0,2020-01-15 02:00:00
2020-01-16,1,2020,10.0,19.1,S,0.3,-79.0,7.3,Medium,22.2,72.0,2020-01-16 02:00:00
2020-01-17,1,2020,10.5,27.6,NE,1.0,214.0,7.1,Medium,21.9,69.0,2020-01-17 02:00:00
2020-01-18,1,2020,11.4,19.2,SW,2.5,145.0,7.2,Medium,21.9,72.0,2020-01-18 02:00:00
2020-01-19,1,2020,11.7,23.8,SE,1.3,-50.0,6.9,Medium,23.7,76.0,2020-01-19 02:00:00
2020-01-20,1,2020,11.0,18.8,S,0.9,-27.0,7.1,Low,22.0,70.0,2020-01-20 02:00:00
2020-01-21,1,2020,9.7,22.6,E,0.7,-27.0,7.2,Low,22.1,72.0,2020-01-21 02:00:00
2020-01-22,1,2020,9.0,23.1,S,3.0,346.0,7.2,Low,21.9,73.0,2020-01-22 02:00:00
2020-01-23,1,2020,10.0,26.4,NW,0.0,-100.0,7.0,Low,20.6,73.0,2020-01-23 02:00:00
2020-01-24,1,2020,10.3,26.8,NE,1.6,0.0,7.2,Low,23.2,69.0,2020-01-24 02:00:00
2020-01-25,1,2020,11.5,25.6,S,1.5,-8.0,7.0,Low,21.4,73.0,2020-01-25 02:00:00
2020-01-26,1,2020,10.3,20.7,S,0.7,-55.0,7.1,Medium,21.2,79.0,2020-01-26 02:00:00
2020-01-27,1,2020,10.9,20.1,SW,7.0,942.0,7.2,Medium,22.4,70.0,2020-01-27 02:00:00
2020-01-28,1,2020,12.6,17.8,S,5.3,-25.0,7.2,Medium,23.2,68.0,2020-01-28 02:00:00
2020-01-29,1,2020,10.8,23.2,W,0.6,-88.0,7.1,Medium,22.5,73.0,2020-01-29 02:00:00
2020-01-30,1,2020,11.9,21.3,N,1.2,82.0,7.1,Medium,21.3,74.0,2020-01-30 02:00:00
2020-01-31,1,2020,10.9,21.3,N,0.0,-100.0,7.2,Medium,21.5,67.0,2020-01-31 02:00:00
2020-02-01,1,2020,10.3,16.7,SE,0.4,0.0,7.2,Low,21.9,80.0,2020-02-01 02:00:00
2020-02-02,1,2020,10.1,18.9,E,0.9,130.0,7.1,Low,21.8,74.0,2020-02-02 02:00:00
2020-02-03,1,2020,12.4,19.5,N,0.8,-7.0,7.1,Low,22.1,81.0,2020-02-03 02:00:00
2020-02-04,1,2020,11.4,21.8,NW,2.9,258.0,7.2,Low,23.1,74.0,2020-02-04 02:00:00
2020-02-05,1,2020,12.4,26.2,NE,1.7,-43.0,7.3,Low,23.3,73.0,2020-02-05 02:00:00
2020-02-06,1,2020,13.8,26.2,SW,4.2,149.0,7.3,Low,22.4,68.0,2020-02-06 02:00:00
2020-02-07,1,2020,13.5,30.3,W,0.3,-92.0,7.2,Low,22.3,73.0,2020-02-07 02:00:00
2020-02-08,1,2020,11.2,28.3,W,0.0,-100.0,7.2,Low,22.9,73.0,2020-02-08 02:00:00
2020-02-09,1,2020,9.7,25.7,SE,2.6,0.0,7.2,Low,22.9,73.0,2020-02-09 02:00:00
2020-02-10,1,2020,11.3,20.8,SE,1.9,-28.0,7.3,Medium,21.3,73.0,2020-02-10 02:00:00
2020-02-11,1,2020,11.2,28.3,W,1.3,-31.0,7.3,Medium,22.3,72.0,2020-02-11 02:00:00
2020-02-12,1,2020,12.5,28.8,W,1.3,-5.0,7.2,Medium,22.0,70.0,2020-02-12 02:00:00
2020-02-13,1,2020,9.5,21.6,NW,0.2,-82.0,7.0,Medium,22.0,73.0,2020-02-13 02:00:00
2020-02-14,1,2020,10.4,16.5,SE,0.2,-4.0,7.1,Low,21.8,66.0,2020-02-14 02:00:00
2020-02-15,1,2020,10.2,25.9,NE,0.5,146.0,7.2,Low,22.2,71.0,2020-02-15 02:00:00
2020-02-16,1,2020,11.0,17.8,NW,0.0,-100.0,7.0,Low,21.3,72.0,2020-02-16 02:00:00
2020-02-17,1,2020,12.7,29.9,W,0.6,0.0,7.2,Low,21.7,72.0,2020-02-17 02:00:00
2020-02-18,1,2020,11.8,18.2,E,0.3,-53.0,7.1,Low,22.2,71.0,2020-02-18 02:00:00
2020-02-19,1,2020,10.5,20.7,SW,0.9,205.0,7.0,Low,23.2,71.0,2020-02-19 02:00:00
2020-02-20,1,2020,11.2,21.4,S,0.0,-97.0,7.0,Low,22.3,72.0,2020-02-20 02:00:00
2020-02-21,1,2020,11.4,21.4,W,0.4,1419.0,7.1,Low,22.3,69.0,2020-02-21 02:00:00
2020-02-22,1,2020,9.1,21.4,SW,0.0,-100.0,7.2,Low,22.8,71.0,2020-02-22 02:00:00
2020-02-23,1,2020,11.0,21.7,W,0.7,0.0,7.2,Low,22.1,73.0,2020-02-23 02:00:00
2020-02-24,1,2020,11.4,24.6,NE,1.6,138.0,7.1,Low,21.9,72.0,2020-02-24 02:00:00
2020-02-25,1,2020,12.2,28.3,SE,1.0,-36.0,7.1,Low,22.6,70.0,2020-02-25 02:00:00
2020-02-26,1,2020,9.9,18.4,S,0.0,-99.0,7.1,Low,22.1,65.0,2020-02-26 02:00:00
2020-02-27,1,2020,9.9,15.8,W,1.3,9381.0,7.2,Low,22.6,68.0,2020-02-27 02:00:00
2020-02-28,1,2020,10.2,26.2,W,5.4,319.0,7.2,Low,23.4,71.0,2020-02-28 02:00:00
2020-02-29,1,2020,10.1,18.8,S,0.0,-100.0,7.2,Low,21.9,72.0,2020-02-29 02:00:00
2020-03-01,1,2020,10.7,28.0,N,0.6,0.0,7.2,Low,22.5,68.0,2020-03-01 02:00:00
2020-03-02,1,2020,13.9,30.8,SE,1.3,134.0,7.0,Low,23.1,72.0,2020-03-02 02:00:00
2020-03-03,1,2020,10.4,21.3,S,11.0,730.0,7.2,Low,23.2,71.0,2020-03-03 02:00:00
2020-03-04,1,2020,11.3,23.2,NW,0.7,-94.0,7.2,Low,22.2,74.0,2020-03-04 02:00:00
2020-03-05,1,2020,10.4,23.8,NE,1.4,115.0,7.1,Low,22.5,71.0,2020-03-05 02:00:00
2020-03-06,1,2020,13.9,30.5,N,9.4,568.0,7.3,Medium,22.6,74.0,2020-03-06 02:00:00
2020-03-07,1,2020,7.9,21.3,N,8.5,-10.0,7.2,Medium,23.2,71.0,2020-03-07 02:00:00
2020-03-08,1,2020,10.0,20.9,NE,1.0,-88.0,7.1,Medium,21.5,72.0,2020-03-08 02:00:00
2020-03-09,1,2020,13.5,21.2,E,0.0,-100.0,7.0,Medium,22.5,67.0,2020-03-09 02:00:00
2020-03-10,1,2020,8.7,25.4,NW,0.9,0.0,7.1,Medium,22.8,63.0,2020-03-10 02:00:00
2020-03-11,1,2020,10.8,17.9,E,0.5,-42.0,7.1,Medium,22.3,72.0,2020-03-11 02:00:00
2020-03-12,1,2020,12.7,27.9,NW,2.8,435.0,7.1,Medium,22.8,74.0,2020-03-12 02:00:00
2020-03-13,1,2020,10.2,20.8,N,1.7,-38.0,7.4,Low,22.8,72.0,2020-03-13 02:00:00
2020-03-14,1,2020,8.1,19.1,E,1.1,-39.0,7.0,Low,22.5,74.0,2020-03-14 02:00:00
2020-03-15,1,2020,10.0,28.0,NW,1.0,-6.0,7.2,Low,22.8,70.0,2020-03-15 02:00:00
2020-03-16,1,2020,8.7,17.9,W,1.7,73.0,7.1,Low,22.3,67.0,2020-03-16 02:00:00
2020-03-17,1,2020,12.2,25.3,S,0.0,-100.0,7.1,Low,22.6,71.0,2020-03-17 02:00:00
2020-03-18,1,2020,11.1,22.3,NE,1.0,0.0,7.0,Low,22.8,65.0,2020-03-18 02:00:00
2020-03-19,1,2020,10.8,18.9,S,3.0,203.0,7.0,Low,23.1,70.0,2020-03-19 02:00:00
2020-03-20,1,2020,11.9,22.8,S,0.0,-100.0,6.9,Low,24.2,70.0,2020-03-20 02:00:00
2020-03-21,1,2020,9.5,15.4,SW,0.1,0.0,7.3,Low,23.6,68.0,2020-03-21 02:00:00
2020-03-22,1,2020,10.3,17.0,N,2.0,2428.0,7.1,Low,23.5,68.0,2020-03-22 02:00:00
2020-03-23,1,2020,12.4,24.2,W,0.6,-69.0,7.0,Low,23.5,66.0,2020-03-23 02:00:00
2020-03-24,1,2020,10.6,27.3,S,0.7,7.0,7.1,Low,23.4,67.0,2020-03-24 02:00:00
2020-03-25,1,2020,9.9,16.1,W,0.8,29.0,7.1,Low,22.9,64.0,2020-03-25 02:00:00
2020-03-26,1,2020,10.9,23.3,SE,0.2,-77.0,7.2,Low,22.8,66.0,2020-03-26 02:00:00
2020-03-27,1,2020,11.0,26.2,NE,3.9,1912.0,7.0,Low,23.0,71.0,2020-03-27 02:00:00
2020-03-28,1,2020,12.1,18.0,E,0.4,-90.0,6.9,Low,23.7,68.0,2020-03-28 02:00:00
2020-03-29,1,2020,9.7,24.0,NE,0.0,-96.0,7.1,Low,22.6,73.0,2020-03-29 02:00:00
2020-03-30,1,2020,12.0,23.8,SE,1.4,9543.0,7.3,Low,22.3,65.0,2020-03-30 02:00:00
2020-03-31,1,2020,10.9,19.9,N,2.0,39.0,7.2,Low,21.9,64.0,2020-03-31 02:00:00
2020-04-01,1,2020,10.6,28.0,SW,2.3,17.0,7.2,Low,23.1,70.0,2020-04-01 02:00:00
2020-04-02,1,2020,13.0,27.8,S,0.1,-94.0,7.1,Low,23.4,70.0,2020-04-02 02:00:00
2020-04-03,1,2020,11.3,23.0,SE,2.9,1966.0,7.2,Low,23.1,69.0,2020-04-03 02:00:00
2020-04-04,1,2020,11.7,18.6,W,1.9,-34.0,7.4,Low,23.3,77.0,2020-04-04 02:00:00
2020-04-05,1,2020,10.9,17.4,S,1.6,-17.0,7.0,Low,22.5,67.0,2020-04-05 02:00:00
2020-04-06,1,2020,12.0,25.2,SW,0.2,-88.0,7.1,Low,22.6,68.0,2020-04-06 02:00:00
2020-04-07,1,2020,10.9,19.4,S,0.3,85.0,6.9,Low,22.9,70.0,2020-04-07 02:00:00
2020-04-08,1,2020,8.0,18.2,SE,0.7,105.0,7.2,Low,22.6,69.0,2020-04-08 02:00:00
2020-04-09,1,2020,11.5,25.9,SE,3.6,410.0,7.1,Low,21.8,66.0,2020-04-09 02:00:00
2020-04-10,1,2020,12.2,20.2,N,0.0,-100.0,7.0,Low,23.6,71.0,2020-04-10 02:00:00
2020-04-11,1,2020,10.5,16.9,NE,0.0,0.0,6.9,Low,24.8,71.0,2020-04-11 02:00:00
2020-04-12,1,2020,10.3,18.1,SW,0.0,0.0,7.1,Low,22.1,68.0,2020-04-12 02:00:00
2020-04-13,1,2020,10.6,24.5,S,1.0,0.0,7.1,Low,22.6,66.0,2020-04-13 02:00:00
2020-04-14,1,2020,9.0,18.0,E,1.1,10.0,7.0,Low,22.6,70.0,2020-04-14 02:00:00
2020-04-15,1,2020,11.3,16.4,E,1.4,24.0,7.0,Low,22.3,64.0,2020-04-15 02:00:00
2020-04-16,1,2020,11.9,24.2,N,1.8,34.0,7.2,Low,24.0,70.0,2020-04-16 02:00:00
2020-04-17,1,2020,10.6,19.8,N,0.6,-67.0,7.2,Low,23.8,72.0,2020-04-17 02:00:00
2020-04-18,1,2020,11.3,26.7,NW,0.0,-100.0,7.2,Low,23.7,66.0,2020-04-18 02:00:00
2020-04-19,1,2020,10.3,17.4,SE,2.2,0.0,7.0,Low,22.9,71.0,2020-04-19 02:00:00
2020-04-20,1,2020,11.8,20.2,E,1.3,-41.0,7.0,Low,23.3,68.0,2020-04-20 02:00:00
2020-04-21,1,2020,9.1,17.8,NW,3.2,141.0,7.1,Low,24.0,68.0,2020-04-21 02:00:00
2020-04-22,1,2020,9.3,18.2,SW,0.0,-100.0,7.0,Low,23.3,68.0,2020-04-22 02:00:00
2020-04-23,1,2020,9.3,22.4,NW,0.0,0.0,7.1,Low,22.9,68.0,2020-04-23 02:00:00
2020-04-24,1,2020,8.8,16.9,N,0.4,0.0,7.0,Low,22.7,66.0,2020-04-24 02:00:00
2020-04-25,1,2020,12.9,18.4,W,1.0,145.0,7.0,Low,22.8,74.0,2020-04-25 02:00:00
2020-04-26,1,2020,12.8,27.4,S,3.6,257.0,7.0,Low,22.6,71.0,2020-04-26 02:00:00
2020-04-27,1,2020,10.9,27.6,N,2.8,-23.0,7.1,Low,24.8,63.0,2020-04-27 02:00:00
2020-04-28,1,2020,14.0,21.7,NW,0.1,-97.0,7.0,Low,23.5,69.0,2020-04-28 02:00:00
2020-04-29,1,2020,11.5,22.1,N,5.1,6719.0,7.2,Low,22.4,67.0,2020-04-29 02:00:00
2020-04-30,1,2020,14.6,23.2,NE,1.9,-62.0,7.0,Low,22.5,65.0,2020-04-30 02:00:00
2020-05-01,1,2020,8.1,16.9,W,2.8,46.0,7.1,Low,22.4,64.0,2020-05-01 02:00:00
2020-05-02,1,2020,10.6,25.2,NE,1.3,-52.0,7.0,Low,24.5,69.0,2020-05-02 02:00:00
2020-05-03,1,2020,13.8,26.9,NE,1.5,8.0,7.0,Low,23.2,67.0,2020-05-03 02:00:00
2020-05-04,1,2020,10.8,24.5,E,0.0,-100.0,7.1,Low,23.1,69.0,2020-05-04 02:00:00
2020-05-05,1,2020,11.4,27.9,W,4.1,0.0,7.1,Low,24.0,67.0,2020-05-05 02:00:00
2020-05-06,1,2020,10.0,15.4,NW,1.2,-70.0,7.2,Low,22.5,67.0,2020-05-06 02:00:00
2020-05-07,1,2020,8.2,24.7,NW,1.6,31.0,7.2,Low,23.5,73.0,2020-05-07 02:00:00
2020-05-08,1,2020,13.2,25.0,W,0.8,-53.0,7.0,Low,23.2,73.0,2020-05-08 02:00:00
2020-05-09,1,2020,10.1,20.4,NE,0.3,-66.0,7.2,Low,24.6,66.0,2020-05-09 02:00:00
2020-05-10,1,2020,11.2,18.4,NE,0.6,139.0,7.0,Low,22.7,72.0,2020-05-10 02:00:00
2020-05-11,1,2020,11.9,24.9,W,0.4,-29.0,7.0,Low,23.2,64.0,2020-05-11 02:00:00
2020-05-12,1,2020,12.7,22.7,NW,0.1,-76.0,7.0,Low,22.0,70.0,2020-05-12 02:00:00
2020-05-13,1,2020,11.3,19.9,N,2.2,2013.0,7.2,Low,23.9,69.0,2020-05-13 02:00:00
2020-05-14,1,2020,9.3,14.9,SE,4.4,98.0,7.0,Low,22.5,63.0,2020-05-14 02:00:00
2020-05-15,1,2020,11.5,25.8,N,0.0,-100.0,7.0,Low,24.1,70.0,2020-05-15 02:00:00
2020-05-16,1,2020,7.9,21.1,NW,1.7,0.0,7.1,Low,24.1,65.0,2020-05-16 02:00:00
2020-05-17,1,2020,10.6,27.2,SE,2.5,47.0,6.9,Low,23.6,70.0,2020-05-17 02:00:00
2020-05-18,1,2020,9.1,20.0,NW,0.1,-96.0,7.1,Low,23.3,62.0,2020-05-18 02:00:00
2020-05-19,1,2020,10.1,18.3,SW,5.7,5328.0,7.1,Low,24.0,65.0,2020-05-19 02:00:00
2020-05-20,1,2020,9.9,23.1,S,0.7,-87.0,7.2,Low,23.2,72.0,2020-05-20 02:00:00
2020-05-21,1,2020,10.8,22.2,NW,4.3,490.0,7.0,Medium,22.4,62.0,2020-05-21 02:00:00
2020-05-22,1,2020,13.7,23.0,NE,2.3,-45.0,7.0,Medium,23.2,64.0,2020-05-22 02:00:00
2020-05-23,1,2020,8.7,15.8,NW,2.2,-4.0,7.0,Medium,22.6,67.0,2020-05-23 02:00:00
2020-05-24,1,2020,9.4,25.1,SW,5.7,156.0,7.0,Med-High,23.3,72.0,2020-05-24 02:00:00
2020-05-25,1,2020,11.3,24.5,NE,0.2,-97.0,7.0,Medium,23.7,65.0,2020-05-25 02:00:00
2020-05-26,1,2020,10.9,25.5,S,2.5,1189.0,6.9,Medium,22.4,70.0,2020-05-26 02:00:00
2020-05-27,1,2020,11.1,24.5,S,0.3,-87.0,7.0,Medium,23.8,64.0,2020-05-27 02:00:00
2020-05-28,1,2020,10.8,17.6,SW,4.4,1190.0,7.2,Medium,21.6,75.0,2020-05-28 02:00:00
2020-05-29,1,2020,9.4,15.4,N,0.0,-100.0,7.1,Medium,23.3,62.0,2020-05-29 02:00:00
2020-05-30,1,2020,8.1,24.4,E,0.8,0.0,7.1,Medium,23.6,64.0,2020-05-30 02:00:00
2020-05-31,1,2020,10.3,22.7,SE,3.6,330.0,7.1,Medium,23.4,64.0,2020-05-31 02:00:00
2020-06-01,1,2020,12.4,22.6,S,0.3,-91.0,7.1,Med-High,24.6,66.0,2020-06-01 02:00:00
2020-06-02,1,2020,5.3,14.1,SW,4.7,1284.0,7.4,Med-High,22.5,65.0,2020-06-02 02:00:00
2020-06-03,1,2020,10.3,24.3,NW,2.3,-50.0,6.9,Med-High,23.2,68.0,2020-06-03 02:00:00
2020-06-04,1,2020,10.1,19.1,N,0.0,-100.0,6.9,Med-High,23.5,64.0,2020-06-04 02:00:00
2020-06-05,1,2020,11.4,21.2,NW,0.0,0.0,6.9,Med-High,22.7,74.0,2020-06-05 02:00:00
2020-06-06,1,2020,9.4,17.1,SW,0.0,0.0,7.2,Med-High,24.0,66.0,2020-06-06 02:00:00
2020-06-07,1,2020,9.8,16.6,N,0.3,0.0,7.1,Med-High,24.3,70.0,2020-06-07 02:00:00
2020-06-08,1,2020,11.3,27.0,S,2.7,686.0,7.0,Med-High,24.1,68.0,2020-06-08 02:00:00
2020-06-09,1,2020,11.4,17.4,E,0.7,-76.0,7.1,Med-High,23.7,66.0,2020-06-09 02:00:00
2020-06-10,1,2020,11.1,23.0,S,0.0,-100.0,6.9,Med-High,24.8,67.0,2020-06-10 02:00:00
2020-06-11,1,2020,12.5,28.6,NW,0.0,0.0,7.0,Med-High,22.8,69.0,2020-06-11 02:00:00
2020-06-12,1,2020,9.7,22.4,E,1.6,0.0,7.0,Med-High,23.4,71.0,2020-06-12 02:00:00
2020-06-13,1,2020,12.2,18.1,E,0.2,-87.0,7.0,Med-High,22.5,67.0,2020-06-13 02:00:00
2020-06-14,1,2020,11.9,24.4,NW,2.5,1170.0,7.0,Medium,23.3,65.0,2020-06-14 02:00:00
2020-06-15,1,2020,13.0,28.4,W,4.7,86.0,7.1,Med-High,23.8,61.0,2020-06-15 02:00:00
2020-06-16,1,2020,11.2,21.1,S,0.0,-100.0,6.9,Medium,23.4,71.0,2020-06-16 02:00:00
2020-06-17,1,2020,11.6,21.0,E,0.3,0.0,7.1,Medium,23.8,70.0,2020-06-17 02:00:00
2020-06-18,1,2020,10.7,16.2,SW,4.6,1622.0,7.1,Medium,22.7,69.0,2020-06-18 02:00:00
2020-06-19,1,2020,10.6,20.5,E,1.0,-79.0,6.9,Medium,23.8,68.0,2020-06-19 02:00:00
2020-06-20,1,2020,10.4,18.6,W,0.0,-100.0,7.1,Medium,23.4,67.0,2020-06-20 02:00:00
2020-06-21,1,2020,10.6,18.7,SE,0.0,0.0,7.0,Medium,23.9,67.0,2020-06-21 02:00:00
2020-06-22,1,2020,12.9,25.9,NE,0.6,0.0,7.0,Medium,23.8,64.0,2020-06-22 02:00:00
2020-06-23,1,2020,10.1,23.7,W,0.0,-100.0,6.9,Low,24.5,68.0,2020-06-23 02:00:00
2020-06-24,1,2020,8.4,13.6,N,1.7,0.0,6.8,Low,24.6,63.0,2020-06-24 02:00:00
2020-06-25,1,2020,9.5,25.5,S,1.8,7.0,7.0,Low,23.7,64.0,2020-06-25 02:00:00
2020-06-26,1,2020,12.2,29.4,E,2.4,32.0,7.0,Low,23.5,67.0,2020-06-26 02:00:00
2020-06-27,1,2020,13.8,30.9,NW,0.5,-81.0,6.9,Low,24.5,66.0,2020-06-27 02:00:00
2020-06-28,1,2020,12.9,24.9,E,2.7,482.0,7.1,Low,24.0,70.0,2020-06-28 02:00:00
2020-06-29,1,2020,10.2,23.3,NW,2.1,-21.0,7.1,Low,24.1,67.0,2020-06-29 02:00:00
2020-06-30,1,2020,10.7,16.0,E,3.6,69.0,6.9,Low,24.5,65.0,2020-06-30 02:00:00
2020-07-01,1,2020,10.5,27.3,W,2.8,-23.0,7.1,Low,22.8,70.0,2020-07-01 02:00:00
2020-07-02,1,2020,11.1,27.7,SE,0.6,-77.0,7.0,Low,23.4,68.0,2020-07-02 02:00:00
2020-07-03,1,2020,11.3,27.2,E,0.0,-100.0,7.0,Low,23.9,65.0,2020-07-03 02:00:00
2020-07-04,1,2020,11.9,19.2,NE,0.5,0.0,6.9,Low,25.0,64.0,2020-07-04 02:00:00
2020-07-05,1,2020,10.2,24.4,N,1.7,216.0,7.0,Low,24.4,71.0,2020-07-05 02:00:00
2020-07-06,1,2020,10.9,25.7,SE,2.1,21.0,7.1,Low,23.4,67.0,2020-07-06 02:00:00
2020-07-07,1,2020,10.5,27.1,S,0.1,-95.0,7.0,Low,23.4,64.0,2020-07-07 02:00:00
2020-07-08,1,2020,11.2,20.9,NW,1.5,1306.0,7.0,Low,23.1,63.0,2020-07-08 02:00:00
2020-07-09,1,2020,10.6,26.1,NW,0.0,-100.0,7.0,Low,23.3,63.0,2020-07-09 02:00:00
2020-07-10,1,2020,10.6,25.3,SW,0.4,0.0,7.0,Low,23.9,64.0,2020-07-10 02:00:00
2020-07-11,1,2020,11.9,17.9,E,0.5,11.0,7.0,Low,23.6,67.0,2020-07-11 02:00:00
2020-07-12,1,2020,11.4,22.4,N,3.9,684.0,7.2,Low,25.0,69.0,2020-07-12 02:00:00
2020-07-13,1,2020,12.1,21.8,NW,0.5,-86.0,7.0,Low,24.4,63.0,2020-07-13 02:00:00
2020-07-14,1,2020,9.6,17.8,NE,2.5,372.0,7.0,Low,24.0,62.0,2020-07-14 02:00:00
2020-07-15,1,2020,10.7,18.1,E,0.2,-91.0,7.0,Low,23.2,68.0,2020-07-15 02:00:00
2020-07-16,1,2020,10.5,16.2,S,0.0,-100.0,7.1,Low,23.4,66.0,2020-07-16 02:00:00
2020-07-17,1,2020,10.5,21.0,E,0.0,0.0,7.1,Low,24.2,71.0,2020-07-17 02:00:00
2020-07-18,1,2020,10.8,22.6,NW,2.6,0.0,7.1,Low,23.4,69.0,2020-07-18 02:00:00
2020-07-19,1,2020,10.1,20.2,E,3.0,15.0,7.0,Low,23.5,63.0,2020-07-19 02:00:00
2020-07-20,1,2020,13.3,28.4,SW,0.3,-90.0,7.0,Low,23.9,68.0,2020-07-20 02:00:00
2020-07-21,1,2020,13.4,22.5,N,3.9,1187.0,6.9,Low,23.8,68.0,2020-07-21 02:00:00
2020-07-22,1,2020,11.0,21.2,S,1.5,-60.0,7.0,Low,25.0,63.0,2020-07-22 02:00:00
2020-07-23,1,2020,11.0,17.7,SE,0.1,-97.0,6.9,Low,24.5,64.0,2020-07-23 02:00:00
2020-07-24,1,2020,11.1,16.3,S,0.0,-100.0,6.8,Low,23.3,64.0,2020-07-24 02:00:00
2020-07-25,1,2020,10.5,18.8,SE,1.8,0.0,6.9,Low,24.5,61.0,2020-07-25 02:00:00
2020-07-26,1,2020,10.4,17.0,S,0.0,-100.0,7.0,Low,24.3,66.0,2020-07-26 02:00:00
2020-07-27,1,2020,7.2,17.9,S,4.3,0.0,7.1,Low,24.5,63.0,2020-07-27 02:00:00
2020-07-28,1,2020,11.8,23.0,E,3.2,-27.0,6.9,Low,24.0,60.0,2020-07-28 02:00:00
2020-07-29,1,2020,9.4,15.4,E,6.7,113.0,7.0,Low,24.9,65.0,2020-07-29 02:00:00
2020-07-30,1,2020,10.0,15.8,SE,2.1,-68.0,7.2,Low,23.7,64.0,2020-07-30 02:00:00
2020-07-31,1,2020,11.3,28.2,E,0.5,-78.0,6.9,Low,23.6,73.0,2020-07-31 02:00:00
2020-08-01,1,2020,11.9,27.9,NW,0.4,-20.0,7.0,Low,23.6,69.0,2020-08-01 02:00:00
2020-08-02,1,2020,9.9,16.9,NE,0.6,54.0,7.1,Low,23.1,65.0,2020-08-02 02:00:00
2020-08-03,1,2020,10.0,26.4,SE,3.8,543.0,7.0,Low,23.3,64.0,2020-08-03 02:00:00
2020-08-04,1,2020,10.6,22.2,SW,0.0,-100.0,7.1,Low,24.5,66.0,2020-08-04 02:00:00
2020-08-05,1,2020,12.2,17.3,SW,0.6,0.0,6.7,Low,23.2,67.0,2020-08-05 02:00:00
2020-08-06,1,2020,11.5,26.5,S,0.0,-100.0,7.0,Low,25.0,64.0,2020-08-06 02:00:00
2020-08-07,1,2020,8.6,26.2,E,0.0,0.0,7.1,Low,24.9,68.0,2020-08-07 02:00:00
2020-08-08,1,2020,11.8,25.4,NW,6.0,0.0,7.0,Low,23.8,66.0,2020-08-08 02:00:00
2020-08-09,1,2020,10.3,22.6,S,1.6,-73.0,7.0,Low,23.7,63.0,2020-08-09 02:00:00
2020-08-10,1,2020,9.8,19.2,NE,1.8,11.0,6.8,Low,25.5,59.0,2020-08-10 02:00:00
2020-08-11,1,2020,10.9,26.6,N,2.0,14.0,7.0,Low,26.2,62.0,2020-08-11 02:00:00
2020-08-12,1,2020,11.2,23.7,N,0.0,-100.0,6.8,Low,24.3,61.0,2020-08-12 02:00:00
2020-08-13,1,2020,9.0,25.2,NW,0.0,0.0,6.8,Low,24.5,65.0,2020-08-13 02:00:00
2020-08-14,1,2020,8.8,25.0,NW,2.9,0.0,6.7,Low,23.9,64.0,2020-08-14 02:00:00
2020-08-15,1,2020,13.8,27.2,W,0.0,-100.0,7.0,Low,23.6,69.0,2020-08-15 02:00:00
2020-08-16,1,2020,9.2,21.6,NE,2.2,0.0,7.0,Low,24.1,64.0,2020-08-16 02:00:00
2020-08-17,1,2020,11.2,28.2,SW,0.5,-78.0,7.0,Low,24.2,64.0,2020-08-17 02:00:00
2020-08-18,1,2020,8.8,22.3,SE,1.0,101.0,6.9,Low,24.8,66.0,2020-08-18 02:00:00
2020-08-19,1,2020,9.3,17.0,N,0.0,-100.0,6.9,Low,23.5,68.0,2020-08-19 02:00:00
2020-08-20,1,2020,9.5,19.2,S,0.7,0.0,7.1,Low,24.0,61.0,2020-08-20 02:00:00
2020-08-21,1,2020,13.9,30.2,E,1.4,86.0,6.9,Low,25.0,70.0,2020-08-21 02:00:00
2020-08-22,1,2020,12.8,23.4,SW,2.2,58.0,6.9,Low,24.1,70.0,2020-08-22 02:00:00
2020-08-23,1,2020,13.2,22.6,W,1.1,-49.0,6.9,Low,24.0,65.0,2020-08-23 02:00:00
2020-08-24,1,2020,11.9,22.1,W,3.1,177.0,7.0,Low,24.6,66.0,2020-08-24 02:00:00
2020-08-25,1,2020,10.6,18.5,E,1.1,-65.0,6.9,Low,24.2,59.0,2020-08-25 02:00:00
2020-08-26,1,2020,9.7,24.7,SE,0.0,-100.0,7.1,Low,23.6,62.0,2020-08-26 02:00:00
2020-08-27,1,2020,10.3,24.2,N,0.6,0.0,6.8,Low,24.8,65.0,2020-08-27 02:00:00
2020-08-28,1,2020,11.1,26.0,W,3.1,378.0,6.9,Low,25.7,68.0,2020-08-28 02:00:00
2020-08-29,1,2020,10.9,27.2,SE,0.0,-100.0,7.0,Low,25.8,63.0,2020-08-29 02:00:00
2020-08-30,1,2020,9.1,22.6,N,1.2,0.0,7.0,Low,24.9,63.0,2020-08-30 02:00:00
2020-08-31,1,2020,13.2,21.9,W,0.0,-100.0,6.9,Low,24.1,64.0,2020-08-31 02:00:00
2020-09-01,1,2020,11.1,23.8,SE,3.8,0.0,7.1,Low,25.2,63.0,2020-09-01 02:00:00
2020-09-02,1,2020,11.5,21.3,W,0.0,-100.0,7.1,Low,24.0,66.0,2020-09-02 02:00:00
2020-09-03,1,2020,11.5,17.1,NW,3.5,0.0,6.9,Low,23.7,62.0,2020-09-03 02:00:00
2020-09-04,1,2020,10.9,23.6,S,0.3,-91.0,6.9,Low,25.2,60.0,2020-09-04 02:00:00
2020-09-05,1,2020,11.6,17.5,E,0.0,-100.0,7.0,Low,25.2,61.0,2020-09-05 02:00:00
2020-09-06,1,2020,8.4,23.1,NE,3.2,0.0,7.0,Low,24.2,62.0,2020-09-06 02:00:00
2020-09-07,1,2020,11.6,17.7,SW,0.8,-76.0,6.9,Low,23.7,61.0,2020-09-07 02:00:00
2020-09-08,1,2020,8.9,15.2,SW,0.1,-81.0,6.8,Low,24.6,64.0,2020-09-08 02:00:00
2020-09-09,1,2020,8.7,22.5,NW,0.1,-45.0,7.0,Low,24.5,63.0,2020-09-09 02:00:00
2020-09-10,1,2020,9.1,19.9,NW,1.2,1392.0,6.8,Low,25.0,60.0,2020-09-10 02:00:00
2020-09-11,1,2020,13.7,26.6,S,1.6,41.0,7.1,Low,24.7,62.0,2020-09-11 02:00:00
2020-09-12,1,2020,10.4,22.3,S,0.0,-100.0,6.8,Low,25.6,60.0,2020-09-12 02:00:00
2020-09-13,1,2020,9.0,14.3,NE,2.2,0.0,7.2,Low,23.3,59.0,2020-09-13 02:00:00
2020-09-14,1,2020,8.0,22.8,SE,1.1,-52.0,7.1,Low,25.3,60.0,2020-09-14 02:00:00
2020-09-15,1,2020,11.3,27.8,W,0.0,-100.0,7.0,Low,25.5,57.0,2020-09-15 02:00:00
2020-09-16,1,2020,9.7,23.0,S,2.2,0.0,7.1,Low,24.8,64.0,2020-09-16 02:00:00
2020-09-17,1,2020,10.3,15.3,NE,0.0,-100.0,7.0,Low,24.0,66.0,2020-09-17 02:00:00
2020-09-18,1,2020,13.0,28.3,W,0.5,0.0,6.9,Low,25.0,65.0,2020-09-18 02:00:00
2020-09-19,1,2020,10.2,19.5,W,0.8,65.0,7.0,Low,25.0,65.0,2020-09-19 02:00:00
2020-09-20,1,2020,12.8,19.9,W,0.3,-60.0,6.9,Low,24.8,59.0,2020-09-20 02:00:00
2020-09-21,1,2020,13.4,27.7,N,0.0,-100.0,6.9,Low,24.9,60.0,2020-09-21 02:00:00
2020-09-22,1,2020,9.6,27.0,N,0.4,0.0,6.8,Low,24.5,65.0,2020-09-22 02:00:00
2020-09-23,1,2020,10.1,25.8,E,0.2,-52.0,7.0,Low,24.9,64.0,2020-09-23 02:00:00
2020-09-24,1,2020,10.3,21.0,N,0.0,-100.0,7.0,Low,24.6,60.0,2020-09-24 02:00:00
2020-09-25,1,2020,13.9,19.1,SE,0.0,0.0,7.0,Low,24.3,60.0,2020-09-25 02:00:00
2020-09-26,1,2020,11.0,24.9,NE,0.0,0.0,7.0,Low,25.4,65.0,2020-09-26 02:00:00
2020-09-27,1,2020,10.7,25.3,SE,0.7,0.0,7.0,Low,24.3,64.0,2020-09-27 02:00:00
2020-09-28,1,2020,11.4,19.4,E,1.1,64.0,6.8,Low,24.7,60.0,2020-09-28 02:00:00
2020-09-29,1,2020,12.7,25.5,S,0.0,-100.0,6.7,Low,24.8,63.0,2020-09-29 02:00:00
2020-09-30,1,2020,12.7,20.3,S,0.0,0.0,6.8,Low,25.7,61.0,2020-09-30 02:00:00
2020-10-01,1,2020,11.4,24.2,S,0.0,0.0,6.9,Low,24.6,62.0,2020-10-01 02:00:00
2020-10-02,1,2020,11.7,20.6,SE,7.8,0.0,6.8,Low,25.4,67.0,2020-10-02 02:00:00
2020-10-03,1,2020,12.1,28.7,SW,2.8,-64.0,6.9,Low,25.2,63.0,2020-10-03 02:00:00
2020-10-04,1,2020,10.4,22.9,S,0.2,-92.0,6.9,Low,25.0,65.0,2020-10-04 02:00:00
2020-10-05,1,2020,9.9,24.5,S,0.0,-100.0,6.7,Low,24.4,60.0,2020-10-05 02:00:00
2020-10-06,1,2020,10.7,26.9,N,1.5,0.0,7.0,Low,24.9,60.0,2020-10-06 02:00:00
2020-10-07,1,2020,9.6,16.5,SE,0.0,-100.0,7.1,Low,24.4,65.0,2020-10-07 02:00:00
2020-10-08,1,2020,8.1,21.3,SW,0.0,0.0,7.0,Low,25.5,67.0,2020-10-08 02:00:00
2020-10-09,1,2020,12.3,23.1,S,1.8,12849.0,6.9,Low,25.7,65.0,2020-10-09 02:00:00
2020-10-10,1,2020,10.8,26.5,SW,1.6,-11.0,6.9,Low,24.7,67.0,2020-10-10 02:00:00
2020-10-11,1,2020,11.0,21.2,SW,1.7,6.0,6.7,Low,26.5,66.0,2020-10-11 02:00:00
2020-10-12,1,2020,11.9,26.4,NW,0.0,-100.0,7.0,Low,25.2,68.0,2020-10-12 02:00:00
2020-10-13,1,2020,12.3,20.6,SW,4.5,0.0,6.9,Low,24.5,64.0,2020-10-13 02:00:00
2020-10-14,1,2020,9.0,17.6,S,1.6,-65.0,6.9,Low,25.4,63.0,2020-10-14 02:00:00
2020-10-15,1,2020,10.2,23.3,SW,3.6,130.0,6.9,Low,24.0,63.0,2020-10-15 02:00:00
2020-10-16,1,2020,9.3,19.9,SW,0.7,-80.0,6.8,Low,24.2,66.0,2020-10-16 02:00:00
2020-10-17,1,2020,11.9,18.4,E,1.0,40.0,6.8,Low,24.8,68.0,2020-10-17 02:00:00
2020-10-18,1,2020,10.1,20.7,N,4.6,357.0,6.9,Low,24.2,63.0,2020-10-18 02:00:00
2020-10-19,1,2020,12.4,29.7,E,0.6,-86.0,6.9,Low,24.5,61.0,2020-10-19 02:00:00
2020-10-20,1,2020,9.7,16.3,NE,0.0,-100.0,7.0,Low,24.9,62.0,2020-10-20 02:00:00
2020-10-21,1,2020,12.1,23.7,NE,0.0,0.0,6.9,Low,24.2,57.0,2020-10-21 02:00:00
2020-10-22,1,2020,7.4,19.0,SW,4.0,0.0,6.8,Low,24.6,63.0,2020-10-22 02:00:00
2020-10-23,1,2020,10.1,22.5,S,2.5,-39.0,6.8,Low,24.7,61.0,2020-10-23 02:00:00
2020-10-24,1,2020,7.6,22.5,S,0.3,-86.0,6.8,Low,25.0,58.0,2020-10-24 02:00:00
2020-10-25,1,2020,10.5,17.7,NE,5.6,1574.0,6.9,Low,25.2,63.0,2020-10-25 02:00:00
2020-10-26,1,2020,13.2,18.2,SE,0.0,-100.0,6.9,Low,24.9,66.0,2020-10-26 02:00:00
2020-10-27,1,2020,8.1,18.5,E,0.0,0.0,6.9,Low,26.2,58.0,2020-10-27 02:00:00
2020-10-28,1,2020,10.3,23.8,NE,1.1,0.0,6.9,Low,24.3,63.0,2020-10-28 02:00:00
2020-10-29,1,2020,11.5,23.7,NE,3.4,215.0,7.0,Low,25.3,61.0,2020-10-29 02:00:00
2020-10-30,1,2020,12.0,23.3,SW,8.1,138.0,6.8,Low,25.9,60.0,2020-10-30 02:00:00
2020-10-31,1,2020,10.1,24.2,E,0.4,-95.0,6.8,Low,25.9,60.0,2020-10-31 02:00:00
2020-11-01,1,2020,11.0,16.8,W,2.0,431.0,6.8,Low,25.7,68.0,2020-11-01 02:00:00
2020-11-02,1,2020,11.3,22.5,N,0.0,-100.0,7.1,Low,24.6,59.0,2020-11-02 02:00:00
2020-11-03,1,2020,11.3,22.0,NW,0.0,0.0,6.9,Low,24.9,66.0,2020-11-03 02:00:00
2020-11-04,1,2020,10.6,23.8,E,1.2,0.0,6.8,Low,24.2,57.0,2020-11-04 02:00:00
2020-11-05,1,2020,12.4,27.1,SE,5.5,367.0,6.9,Low,26.2,63.0,2020-11-05 02:00:00
2020-11-06,1,2020,10.3,26.0,E,2.4,-56.0,6.9,Low,24.9,58.0,2020-11-06 02:00:00
2020-11-07,1,2020,13.2,27.0,N,0.3,-88.0,6.9,Low,25.0,63.0,2020-11-07 02:00:00
2020-11-08,1,2020,11.6,23.0,N,0.0,-100.0,6.8,Low,25.2,64.0,2020-11-08 02:00:00
2020-11-09,1,2020,9.7,25.5,NW,0.0,0.0,6.9,Low,25.7,64.0,2020-11-09 02:00:00
2020-11-10,1,2020,11.7,26.8,W,2.3,0.0,6.8,Low,24.3,62.0,2020-11-10 02:00:00
2020-11-11,1,2020,10.6,17.3,S,0.0,-100.0,6.9,Low,25.3,61.0,2020-11-11 02:00:00
2020-11-12,1,2020,9.1,22.7,N,9.4,0.0,6.9,Low,25.6,64.0,2020-11-12 02:00:00
2020-11-13,1,2020,12.9,22.5,NW,2.4,-75.0,6.7,Low,26.4,55.0,2020-11-13 02:00:00
2020-11-14,1,2020,10.5,20.7,E,0.0,-100.0,6.9,Low,24.2,64.0,2020-11-14 02:00:00
2020-11-15,1,2020,11.6,24.0,S,0.9,0.0,6.8,Low,25.8,59.0,2020-11-15 02:00:00
2020-11-16,1,2020,11.6,25.8,W,1.8,108.0,6.8,Low,25.0,68.0,2020-11-16 02:00:00
2020-11-17,1,2020,8.5,14.5,SE,0.5,-74.0,6.9,Low,24.8,58.0,2020-11-17 02:00:00
2020-11-18,1,2020,9.5,16.1,E,0.0,-100.0,6.9,Low,25.2,69.0,2020-11-18 02:00:00
2020-11-19,1,2020,9.4,15.8,SW,2.0,0.0,6.9,Low,25.0,64.0,2020-11-19 02:00:00
2020-11-20,1,2020,10.4,23.1,S,5.5,177.0,6.9,Low,24.7,58.0,2020-11-20 02:00:00
2020-11-21,1,2020,12.3,28.0,SE,0.0,-99.0,6.9,Low,25.7,58.0,2020-11-21 02:00:00
2020-11-22,1,2020,9.2,20.0,E,3.3,10410.0,6.9,Low,25.3,61.0,2020-11-22 02:00:00
2020-11-23,1,2020,8.1,24.4,S,0.0,-100.0,6.8,Low,24.9,57.0,2020-11-23 02:00:00
2020-11-24,1,2020,11.5,18.1,W,0.1,0.0,6.6,Low,25.6,58.0,2020-11-24 02:00:00
2020-11-25,1,2020,9.5,18.7,N,2.0,1804.0,6.8,Low,25.2,61.0,2020-11-25 02:00:00
2020-11-26,1,2020,11.5,24.5,S,1.1,-43.0,6.6,Low,26.4,65.0,2020-11-26 02:00:00
2020-11-27,1,2020,11.0,25.7,S,0.6,-44.0,6.8,Low,26.1,60.0,2020-11-27 02:00:00
2020-11-28,1,2020,9.7,17.6,NW,0.0,-100.0,6.9,Low,24.5,61.0,2020-11-28 02:00:00
2020-11-29,1,2020,9.6,26.8,W,0.0,0.0,6.9,Low,25.7,63.0,2020-11-29 02:00:00
2020-11-30,1,2020,12.2,27.2,SE,0.7,0.0,6.8,Low,25.3,64.0,2020-11-30 02:00:00
2020-12-01,1,2020,11.3,17.1,SE,0.4,-50.0,6.6,Low,26.4,64.0,2020-12-01 02:00:00
2020-12-02,1,2020,10.8,22.4,N,3.0,717.0,6.9,Low,25.3,59.0,2020-12-02 02:00:00
2020-12-03,1,2020,12.1,17.5,NW,0.0,-100.0,6.8,Low,25.7,62.0,2020-12-03 02:00:00
2020-12-04,1,2020,10.2,21.1,SW,7.8,0.0,6.9,Low,25.5,61.0,2020-12-04 02:00:00
2020-12-05,1,2020,11.6,27.0,S,5.7,-27.0,6.7,Low,26.0,59.0,2020-12-05 02:00:00
2020-12-06,1,2020,11.2,17.3,S,2.6,-54.0,6.9,Low,26.3,61.0,2020-12-06 02:00:00
2020-12-07,1,2020,10.4,25.2,SW,8.2,209.0,6.8,Low,25.9,56.0,2020-12-07 02:00:00
2020-12-08,1,2020,9.5,16.8,S,0.0,-100.0,6.7,Low,25.1,57.0,2020-12-08 02:00:00
2020-12-09,1,2020,11.0,17.0,NE,0.0,0.0,6.8,Low,24.9,59.0,2020-12-09 02:00:00
2020-12-10,1,2020,10.8,25.7,NE,0.0,0.0,6.8,Low,26.3,64.0,2020-12-10 02:00:00
2020-12-11,1,2020,10.1,24.6,NE,0.0,0.0,6.7,Low,25.7,58.0,2020-12-11 02:00:00
2020-12-12,1,2020,9.1,24.4,SW,1.4,0.0,6.8,Low,25.2,62.0,2020-12-12 02:00:00
2020-12-13,1,2020,9.7,24.2,NE,0.0,-100.0,6.7,Low,25.6,64.0,2020-12-13 02:00:00
2020-12-14,1,2020,12.0,24.9,SE,0.0,0.0,6.7,Low,25.1,57.0,2020-12-14 02:00:00
2020-12-15,1,2020,12.8,26.7,NE,0.0,0.0,6.9,Low,25.3,61.0,2020-12-15 02:00:00
2020-12-16,1,2020,10.4,24.4,SW,3.0,0.0,6.9,Low,25.7,55.0,2020-12-16 02:00:00
2020-12-17,1,2020,10.1,22.5,N,0.4,-86.0,6.7,Low,26.1,59.0,2020-12-17 02:00:00
2020-12-18,1,2020,9.9,17.9,W,0.0,-100.0,6.8,Low,26.0,59.0,2020-12-18 02:00:00
2020-12-19,1,2020,10.1,18.6,E,0.0,0.0,6.8,Low,25.3,59.0,2020-12-19 02:00:00
2020-12-20,1,2020,11.7,20.7,N,2.9,0.0,6.7,Low,25.4,61.0,2020-12-20 02:00:00
2020-12-21,1,2020,11.9,28.6,NW,0.0,-99.0,6.5,Low,26.7,58.0,2020-12-21 02:00:00
2020-12-22,1,2020,10.4,19.2,SE,0.0,-100.0,6.8,Low,25.3,62.0,2020-12-22 02:00:00
2020-12-23,1,2020,11.1,28.6,NW,4.7,0.0,6.8,Low,25.3,64.0,2020-12-23 02:00:00
2020-12-24,1,2020,10.8,24.3,NW,0.0,-100.0,6.8,Low,25.6,59.0,2020-12-24 02:00:00
2020-12-25,1,2020,11.0,17.0,SW,3.0,0.0,7.0,Low,26.4,65.0,2020-12-25 02:00:00
2020-12-26,1,2020,11.0,16.1,E,0.1,-95.0,6.8,Low,25.6,66.0,2020-12-26 02:00:00
2020-12-27,1,2020,12.2,18.9,E,4.6,3112.0,6.8,Low,25.5,58.0,2020-12-27 02:00:00
2020-12-28,1,2020,12.8,22.3,SW,0.4,-91.0,6.7,Low,26.5,57.0,2020-12-28 02:00:00
2020-12-29,1,2020,9.1,20.5,E,0.6,40.0,6.9,Low,26.0,62.0,2020-12-29 02:00:00
2020-12-30,1,2020,10.7,18.1,SW,3.9,555.0,6.8,Low,25.2,57.0,2020-12-30 02:00:00
2020-12-31,1,2020,11.4,24.3,N,0.0,-100.0,6.8,Low,24.6,64.0,2020-12-31 02:00:00
2021-01-01,1,2021,10.8,18.9,SW,0.6,0.0,7.3,Med-High,21.5,72.0,2021-01-01 02:00:00
2021-01-02,1,2021,7.6,15.0,S,3.3,431.0,7.2,Med-High,21.8,69.0,2021-01-02 02:00:00
2021-01-03,1,2021,11.1,23.9,N,0.5,-85.0,7.2,Med-High,21.1,66.0,2021-01-03 02:00:00
2021-01-04,1,2021,10.5,21.2,S,1.4,173.0,7.2,Med-High,21.5,66.0,2021-01-04 02:00:00
2021-01-05,1,2021,7.0,22.1,NW,0.3,-77.0,7.1,Med-High,22.8,75.0,2021-01-05 02:00:00
2021-01-06,1,2021,11.9,22.1,NE,0.5,71.0,7.1,Med-High,23.3,72.0,2021-01-06 02:00:00
2021-01-07,1,2021,10.5,17.3,W,1.2,125.0,7.1,Med-High,22.8,75.0,2021-01-07 02:00:00
2021-01-08,1,2021,10.6,28.2,N,1.3,12.0,7.1,Med-High,22.0,71.0,2021-01-08 02:00:00
2021-01-09,1,2021,9.1,23.1,SE,0.2,-85.0,7.3,Med-High,22.4,75.0,2021-01-09 02:00:00
2021-01-10,1,2021,10.4,25.0,E,5.6,2797.0,7.3,Med-High,22.3,76.0,2021-01-10 02:00:00
2021-01-11,1,2021,12.4,21.3,W,0.1,-98.0,7.2,Med-High,23.6,73.0,2021-01-11 02:00:00
2021-01-12,1,2021,11.1,18.3,S,2.1,1467.0,7.4,Med-High,22.3,72.0,2021-01-12 02:00:00
2021-01-13,1,2021,11.5,24.4,N,0.0,-100.0,7.3,Med-High,21.8,71.0,2021-01-13 02:00:00
2021-01-14,1,2021,11.3,17.5,W,0.4,11687.0,7.1,Med-High,22.6,67.0,2021-01-14 02:00:00
2021-01-15,1,2021,9.2,18.0,W,0.7,56.0,7.2,Med-High,21.6,71.0,2021-01-15 02:00:00
2021-01-16,1,2021,8.3,21.0,W,6.0,779.0,7.1,Med-High,22.4,70.0,2021-01-16 02:00:00
2021-01-17,1,2021,10.5,20.1,N,0.2,-96.0,7.3,Med-High,21.8,75.0,2021-01-17 02:00:00
2021-01-18,1,2021,10.1,20.0,W,10.0,4557.0,7.2,Med-High,21.6,71.0,2021-01-18 02:00:00
2021-01-19,1,2021,12.0,27.1,S,2.0,-80.0,7.2,Med-High,22.5,74.0,2021-01-19 02:00:00
2021-01-20,1,2021,10.1,19.9,NE,0.1,-94.0,7.1,Med-High,21.1,72.0,2021-01-20 02:00:00
2021-01-21,1,2021,10.9,28.4,NW,0.0,-100.0,7.0,Med-High,21.9,73.0,2021-01-21 02:00:00
2021-01-22,1,2021,9.6,22.1,W,0.1,0.0,7.2,Med-High,23.1,66.0,2021-01-22 02:00:00
2021-01-23,1,2021,8.2,16.4,NE,1.7,2049.0,7.0,Med-High,23.1,70.0,2021-01-23 02:00:00
2021-01-24,1,2021,10.9,17.4,S,5.2,208.0,7.0,Med-High,22.9,66.0,2021-01-24 02:00:00
2021-01-25,1,2021,11.5,20.0,NW,0.8,-84.0,7.2,Med-High,21.6,75.0,2021-01-25 02:00:00
2021-01-26,1,2021,9.9,22.8,NW,1.6,98.0,7.1,Med-High,22.1,79.0,2021-01-26 02:00:00
2021-01-27,1,2021,9.0,25.5,N,0.2,-85.0,7.1,Med-High,22.4,72.0,2021-01-27 02:00:00
2021-01-28,1,2021,9.7,24.2,N,1.3,459.0,7.4,Med-High,21.7,71.0,2021-01-28 02:00:00
2021-01-29,1,2021,9.1,25.2,NE,0.2,-86.0,7.2,Med-High,22.5,70.0,2021-01-29 02:00:00
2021-01-30,1,2021,10.6,18.0,W,0.3,44.0,7.1,Med-High,22.3,65.0,2021-01-30 02:00:00
2021-01-31,1,2021,11.0,26.6,E,0.7,151.0,7.2,Med-High,22.2,68.0,2021-01-31 02:00:00
2021-02-01,1,2021,11.3,27.4,SE,1.9,175.0,7.1,Med-High,23.1,68.0,2021-02-01 02:00:00
2021-02-02,1,2021,10.7,26.8,E,1.9,-3.0,7.3,Med-High,21.3,64.0,2021-02-02 02:00:00
2021-02-03,1,2021,10.7,20.6,N,0.4,-81.0,7.2,Med-High,21.1,70.0,2021-02-03 02:00:00
2021-02-04,1,2021,13.0,29.3,W,3.6,902.0,7.1,Med-High,23.2,78.0,2021-02-04 02:00:00
2021-02-05,1,2021,12.0,23.3,SE,2.0,-44.0,7.2,Med-High,22.7,78.0,2021-02-05 02:00:00
2021-02-06,1,2021,10.8,17.6,SW,1.9,-6.0,7.2,Med-High,20.7,71.0,2021-02-06 02:00:00
2021-02-07,1,2021,10.4,19.5,W,2.5,35.0,7.0,Med-High,22.5,70.0,2021-02-07 02:00:00
2021-02-08,1,2021,11.0,19.0,NW,0.3,-87.0,7.1,Med-High,21.8,70.0,2021-02-08 02:00:00
2021-02-09,1,2021,13.9,26.5,W,2.0,487.0,7.1,Med-High,21.9,70.0,2021-02-09 02:00:00
2021-02-10,1,2021,9.4,26.0,NW,2.3,17.0,7.2,Med-High,23.0,71.0,2021-02-10 02:00:00
2021-02-11,1,2021,12.4,25.8,SW,4.8,108.0,7.1,Med-High,22.5,66.0,2021-02-11 02:00:00
2021-02-12,1,2021,10.4,25.0,E,4.3,-11.0,7.1,Med-High,22.8,74.0,2021-02-12 02:00:00
2021-02-13,1,2021,13.6,28.4,N,0.1,-98.0,7.2,Med-High,22.3,69.0,2021-02-13 02:00:00
2021-02-14,1,2021,11.5,27.5,E,0.0,-100.0,7.2,Med-High,24.0,69.0,2021-02-14 02:00:00
2021-02-15,1,2021,9.7,15.6,W,0.0,0.0,7.0,Med-High,22.9,74.0,2021-02-15 02:00:00
2021-02-16,1,2021,9.0,18.0,NW,2.6,5561.0,7.1,Med-High,22.8,72.0,2021-02-16 02:00:00
2021-02-17,1,2021,11.8,27.2,E,0.1,-97.0,7.3,Med-High,22.6,74.0,2021-02-17 02:00:00
2021-02-18,1,2021,11.2,23.5,NE,0.5,533.0,7.2,Med-High,22.0,66.0,2021-02-18 02:00:00
2021-02-19,1,2021,10.8,26.5,N,2.9,479.0,7.0,Med-High,23.5,64.0,2021-02-19 02:00:00
2021-02-20,1,2021,10.7,17.9,SE,0.1,-95.0,7.1,Med-High,22.2,68.0,2021-02-20 02:00:00
2021-02-21,1,2021,12.2,21.9,NW,3.7,2452.0,7.2,Med-High,22.3,76.0,2021-02-21 02:00:00
2021-02-22,1,2021,11.3,20.1,N,6.5,76.0,7.1,Med-High,23.0,66.0,2021-02-22 02:00:00
2021-02-23,1,2021,13.0,28.1,E,1.2,-81.0,7.2,Med-High,22.7,68.0,2021-02-23 02:00:00
2021-02-24,1,2021,11.4,24.7,W,1.7,34.0,7.2,Med-High,21.8,69.0,2021-02-24 02:00:00
2021-02-25,1,2021,9.8,25.0,E,10.3,523.0,7.1,Med-High,22.8,70.0,2021-02-25 02:00:00
2021-02-26,1,2021,9.6,25.9,N,0.3,-98.0,7.1,Med-High,21.6,71.0,2021-02-26 02:00:00
2021-02-27,1,2021,12.7,25.1,E,5.9,2255.0,7.1,Med-High,22.8,76.0,2021-02-27 02:00:00
2021-02-28,1,2021,11.6,21.5,W,0.7,-89.0,7.1,Med-High,23.5,71.0,2021-02-28 02:00:00
2021-03-01,1,2021,11.0,28.2,E,0.9,29.0,7.0,Med-High,22.7,67.0,2021-03-01 02:00:00
2021-03-02,1,2021,9.6,19.5,NE,0.9,1.0,7.2,Med-High,22.0,71.0,2021-03-02 02:00:00
2021-03-03,1,2021,8.6,19.6,NE,1.4,61.0,7.0,Med-High,23.8,66.0,2021-03-03 02:00:00
2021-03-04,1,2021,10.6,27.6,N,0.5,-63.0,7.1,Med-High,22.9,68.0,2021-03-04 02:00:00
2021-03-05,1,2021,10.3,16.8,E,0.8,55.0,7.1,Med-High,23.2,73.0,2021-03-05 02:00:00
2021-03-06,1,2021,9.9,26.8,W,3.6,345.0,7.1,Med-High,21.9,74.0,2021-03-06 02:00:00
2021-03-07,1,2021,11.7,26.9,N,3.0,-17.0,7.2,Med-High,21.9,77.0,2021-03-07 02:00:00
2021-03-08,1,2021,8.8,20.1,SE,0.2,-94.0,7.2,Med-High,22.5,71.0,2021-03-08 02:00:00
2021-03-09,1,2021,10.1,23.1,E,0.5,183.0,7.0,Med-High,22.9,71.0,2021-03-09 02:00:00
2021-03-10,1,2021,11.5,17.4,E,0.9,74.0,7.1,Med-High,22.7,69.0,2021-03-10 02:00:00
2021-03-11,1,2021,11.2,21.6,NE,0.0,-100.0,7.1,Med-High,22.4,72.0,2021-03-11 02:00:00
2021-03-12,1,2021,12.1,20.2,E,1.8,0.0,7.2,Med-High,23.0,66.0,2021-03-12 02:00:00
2021-03-13,1,2021,11.8,23.3,SW,1.3,-27.0,7.0,Med-High,23.7,69.0,2021-03-13 02:00:00
2021-03-14,1,2021,10.1,15.4,NW,2.3,80.0,7.0,Med-High,23.0,72.0,2021-03-14 02:00:00
2021-03-15,1,2021,11.2,27.0,SE,0.2,-89.0,7.2,Med-High,21.8,66.0,2021-03-15 02:00:00
2021-03-16,1,2021,10.3,16.3,SE,0.8,217.0,7.4,Med-High,23.4,66.0,2021-03-16 02:00:00
2021-03-17,1,2021,13.4,30.2,SW,0.6,-23.0,7.2,Medium,24.3,66.0,2021-03-17 02:00:00
2021-03-18,1,2021,10.7,21.8,N,4.8,697.0,7.3,Med-High,22.9,69.0,2021-03-18 02:00:00
2021-03-19,1,2021,10.7,27.7,W,4.5,-6.0,7.3,Med-High,23.1,73.0,2021-03-19 02:00:00
2021-03-20,1,2021,10.4,22.4,N,2.6,-43.0,7.2,Med-High,21.9,71.0,2021-03-20 02:00:00
2021-03-21,1,2021,8.4,19.3,SW,0.0,-100.0,7.0,Med-High,22.5,70.0,2021-03-21 02:00:00
2021-03-22,1,2021,10.6,16.9,W,0.8,0.0,7.1,Med-High,22.7,68.0,2021-03-22 02:00:00
2021-03-23,1,2021,11.7,22.9,SE,0.0,-95.0,7.2,Med-High,23.3,67.0,2021-03-23 02:00:00
2021-03-24,1,2021,13.6,20.3,SE,1.2,3094.0,7.1,Med-High,23.6,64.0,2021-03-24 02:00:00
2021-03-25,1,2021,9.7,17.3,S,0.1,-90.0,7.2,Medium,22.0,70.0,2021-03-25 02:00:00
2021-03-26,1,2021,10.4,25.3,N,0.2,27.0,6.9,Medium,23.1,72.0,2021-03-26 02:00:00
2021-03-27,1,2021,12.1,26.5,E,2.8,1741.0,7.1,Medium,22.7,71.0,2021-03-27 02:00:00
2021-03-28,1,2021,11.6,29.4,NW,0.0,-100.0,7.1,Medium,22.1,73.0,2021-03-28 02:00:00
2021-03-29,1,2021,10.9,26.1,S,3.4,0.0,7.0,Medium,22.3,72.0,2021-03-29 02:00:00
2021-03-30,1,2021,11.9,20.2,SW,2.2,-35.0,7.1,Medium,23.1,73.0,2021-03-30 02:00:00
2021-03-31,1,2021,9.1,23.0,NE,0.4,-81.0,7.1,Medium,22.8,70.0,2021-03-31 02:00:00
2021-04-01,1,2021,7.9,18.0,E,0.2,-58.0,7.1,Medium,22.5,69.0,2021-04-01 02:00:00
2021-04-02,1,2021,8.7,17.1,SW,2.9,1591.0,7.1,Medium,21.8,68.0,2021-04-02 02:00:00
2021-04-03,1,2021,10.6,26.2,W,0.4,-86.0,7.0,Medium,23.3,72.0,2021-04-03 02:00:00
2021-04-04,1,2021,8.4,13.9,NE,5.1,1151.0,7.2,Medium,21.8,69.0,2021-04-04 02:00:00
2021-04-05,1,2021,10.5,17.5,N,0.9,-82.0,7.1,Medium,22.9,71.0,2021-04-05 02:00:00
2021-04-06,1,2021,11.1,16.2,SW,0.1,-88.0,7.0,Medium,22.7,71.0,2021-04-06 02:00:00
2021-04-07,1,2021,12.1,25.8,NE,6.8,6077.0,7.0,Med-High,23.6,67.0,2021-04-07 02:00:00
2021-04-08,1,2021,11.7,28.4,E,0.3,-96.0,7.0,Med-High,23.0,71.0,2021-04-08 02:00:00
2021-04-09,1,2021,11.4,23.5,SE,0.0,-100.0,7.0,Med-High,23.9,68.0,2021-04-09 02:00:00
2021-04-10,1,2021,10.8,18.9,W,2.2,0.0,7.0,Med-High,22.2,69.0,2021-04-10 02:00:00
2021-04-11,1,2021,13.4,24.8,SW,1.8,-16.0,7.2,Med-High,23.0,64.0,2021-04-11 02:00:00
2021-04-12,1,2021,10.4,23.6,W,4.6,150.0,7.1,Med-High,24.5,69.0,2021-04-12 02:00:00
2021-04-13,1,2021,10.0,21.2,NW,0.3,-94.0,6.8,Med-High,23.4,69.0,2021-04-13 02:00:00
2021-04-14,1,2021,9.7,15.2,E,0.5,60.0,7.1,Med-High,23.0,70.0,2021-04-14 02:00:00
2021-04-15,1,2021,10.7,22.9,S,1.4,208.0,7.0,Med-High,22.7,68.0,2021-04-15 02:00:00
2021-04-16,1,2021,9.7,17.8,S,0.7,-52.0,6.9,Medium,24.1,72.0,2021-04-16 02:00:00
2021-04-17,1,2021,11.3,20.1,NW,4.8,622.0,7.3,Med-High,23.8,68.0,2021-04-17 02:00:00
2021-04-18,1,2021,12.6,26.5,S,1.0,-80.0,7.1,Med-High,23.1,63.0,2021-04-18 02:00:00
2021-04-19,1,2021,9.3,22.9,N,0.0,-100.0,7.0,Medium,22.5,64.0,2021-04-19 02:00:00
2021-04-20,1,2021,13.2,26.4,N,1.5,0.0,7.2,Med-High,22.2,72.0,2021-04-20 02:00:00
2021-04-21,1,2021,12.3,23.4,S,4.9,228.0,7.1,Med-High,21.9,62.0,2021-04-21 02:00:00
2021-04-22,1,2021,11.0,20.1,SW,0.0,-100.0,7.0,Med-High,24.3,67.0,2021-04-22 02:00:00
2021-04-23,1,2021,6.0,18.6,E,4.3,0.0,7.2,Med-High,22.3,63.0,2021-04-23 02:00:00
2021-04-24,1,2021,10.9,24.6,SE,2.9,-33.0,7.0,Med-High,23.4,65.0,2021-04-24 02:00:00
2021-04-25,1,2021,9.0,18.6,NW,0.8,-73.0,7.0,Med-High,23.9,71.0,2021-04-25 02:00:00
2021-04-26,1,2021,8.9,24.4,SW,0.3,-61.0,7.2,Medium,22.6,65.0,2021-04-26 02:00:00
2021-04-27,1,2021,9.5,16.1,NW,4.7,1435.0,7.1,Med-High,23.5,67.0,2021-04-27 02:00:00
2021-04-28,1,2021,12.2,28.3,NW,0.0,-100.0,7.0,Medium,23.8,66.0,2021-04-28 02:00:00
2021-04-29,1,2021,10.3,25.3,W,0.2,0.0,7.2,Medium,22.5,63.0,2021-04-29 02:00:00
2021-04-30,1,2021,12.2,28.5,N,2.0,1049.0,6.9,Medium,24.7,75.0,2021-04-30 02:00:00
2021-05-01,1,2021,10.2,26.8,N,0.8,-58.0,7.0,Medium,22.5,72.0,2021-05-01 02:00:00
2021-05-02,1,2021,9.8,18.5,NE,0.7,-17.0,7.1,Medium,23.2,72.0,2021-05-02 02:00:00
2021-05-03,1,2021,11.3,21.9,S,11.3,1571.0,7.0,Med-High,22.5,67.0,2021-05-03 02:00:00
2021-05-04,1,2021,11.0,18.9,NW,0.4,-97.0,7.0,Medium,22.8,63.0,2021-05-04 02:00:00
2021-05-05,1,2021,12.2,21.8,SE,0.3,-28.0,7.0,Medium,22.9,74.0,2021-05-05 02:00:00
2021-05-06,1,2021,9.8,17.5,S,2.5,804.0,7.0,Medium,22.9,75.0,2021-05-06 02:00:00
2021-05-07,1,2021,12.7,24.9,E,0.0,-99.0,7.2,Medium,23.4,65.0,2021-05-07 02:00:00
2021-05-08,1,2021,11.2,24.8,NE,2.1,6311.0,6.9,Medium,22.9,67.0,2021-05-08 02:00:00
2021-05-09,1,2021,10.5,26.7,N,2.8,37.0,7.2,Medium,23.4,71.0,2021-05-09 02:00:00
2021-05-10,1,2021,13.0,22.8,W,1.0,-64.0,6.9,Medium,23.6,68.0,2021-05-10 02:00:00
2021-05-11,1,2021,12.1,27.2,NW,0.8,-25.0,7.1,Medium,23.7,66.0,2021-05-11 02:00:00
2021-05-12,1,2021,10.8,26.9,NE,3.1,309.0,7.0,Medium,23.1,71.0,2021-05-12 02:00:00
2021-05-13,1,2021,7.7,16.5,N,5.3,68.0,7.0,Medium,22.8,69.0,2021-05-13 02:00:00
2021-05-14,1,2021,10.3,20.2,SE,0.0,-100.0,7.1,Medium,24.0,73.0,2021-05-14 02:00:00
2021-05-15,1,2021,10.4,21.8,S,1.1,0.0,6.9,Low,23.3,70.0,2021-05-15 02:00:00
2021-05-16,1,2021,8.4,21.3,S,0.0,-97.0,7.1,Low,23.0,72.0,2021-05-16 02:00:00
2021-05-17,1,2021,8.6,21.7,E,0.5,1455.0,7.0,Low,22.7,67.0,2021-05-17 02:00:00
2021-05-18,1,2021,12.5,29.2,E,4.3,754.0,7.2,Low,22.0,65.0,2021-05-18 02:00:00
2021-05-19,1,2021,10.4,20.9,N,3.4,-22.0,7.0,Low,23.2,69.0,2021-05-19 02:00:00
2021-05-20,1,2021,9.7,24.8,E,1.4,-58.0,7.1,Low,24.1,71.0,2021-05-20 02:00:00
2021-05-21,1,2021,14.0,24.3,E,0.0,-100.0,7.1,Low,23.2,73.0,2021-05-21 02:00:00
2021-05-22,1,2021,10.7,22.0,W,0.8,0.0,7.1,Low,22.1,65.0,2021-05-22 02:00:00
2021-05-23,1,2021,11.3,25.2,SW,1.9,143.0,6.7,Low,23.7,66.0,2021-05-23 02:00:00
2021-05-24,1,2021,13.0,22.5,SW,2.8,50.0,7.2,Low,23.3,67.0,2021-05-24 02:00:00
2021-05-25,1,2021,11.6,22.5,E,4.8,70.0,7.0,Low,23.8,68.0,2021-05-25 02:00:00
2021-05-26,1,2021,12.5,18.0,N,0.0,-100.0,7.3,Low,23.7,68.0,2021-05-26 02:00:00
2021-05-27,1,2021,9.0,22.0,S,0.0,0.0,7.1,Low,23.9,67.0,2021-05-27 02:00:00
2021-05-28,1,2021,11.8,25.6,NE,4.3,0.0,7.1,Low,23.2,61.0,2021-05-28 02:00:00
2021-05-29,1,2021,10.4,18.2,SE,0.5,-88.0,7.1,Low,23.1,64.0,2021-05-29 02:00:00
2021-05-30,1,2021,9.5,19.2,E,1.5,185.0,7.0,Low,23.6,64.0,2021-05-30 02:00:00
2021-05-31,1,2021,10.3,22.8,SW,0.0,-100.0,6.9,Low,26.3,67.0,2021-05-31 02:00:00
2021-06-01,1,2021,11.2,27.0,NW,0.0,0.0,7.1,Low,23.6,68.0,2021-06-01 02:00:00
2021-06-02,1,2021,10.4,18.8,W,1.4,0.0,7.1,Low,23.2,64.0,2021-06-02 02:00:00
2021-06-03,1,2021,9.7,26.4,NW,2.3,66.0,7.1,Low,23.4,65.0,2021-06-03 02:00:00
2021-06-04,1,2021,11.1,28.8,NE,2.0,-13.0,7.0,Low,23.1,69.0,2021-06-04 02:00:00
2021-06-05,1,2021,11.1,21.1,NW,0.7,-63.0,7.2,Low,23.2,71.0,2021-06-05 02:00:00
2021-06-06,1,2021,11.6,26.3,S,0.3,-63.0,7.2,Low,23.8,66.0,2021-06-06 02:00:00
2021-06-07,1,2021,10.6,22.4,E,1.0,287.0,6.9,Low,23.5,68.0,2021-06-07 02:00:00
2021-06-08,1,2021,11.1,18.9,SE,0.0,-100.0,7.0,Low,24.0,68.0,2021-06-08 02:00:00
2021-06-09,1,2021,11.8,22.9,E,3.6,0.0,7.0,Low,22.2,64.0,2021-06-09 02:00:00
2021-06-10,1,2021,9.1,23.0,N,0.0,-100.0,6.8,Low,23.3,67.0,2021-06-10 02:00:00
2021-06-11,1,2021,11.7,28.2,SE,1.1,0.0,7.1,Low,23.2,68.0,2021-06-11 02:00:00
2021-06-12,1,2021,10.8,25.4,NE,1.7,47.0,7.0,Low,23.7,63.0,2021-06-12 02:00:00
2021-06-13,1,2021,12.8,21.9,SW,2.3,42.0,7.0,Low,23.4,68.0,2021-06-13 02:00:00
2021-06-14,1,2021,9.1,17.2,NW,1.0,-56.0,7.0,Low,23.7,67.0,2021-06-14 02:00:00
2021-06-15,1,2021,9.4,21.0,NE,0.1,-94.0,7.1,Low,22.9,67.0,2021-06-15 02:00:00
2021-06-16,1,2021,10.8,27.2,E,0.6,806.0,6.9,Low,22.6,65.0,2021-06-16 02:00:00
2021-06-17,1,2021,9.0,14.7,NE,0.6,-1.0,6.9,Low,24.1,70.0,2021-06-17 02:00:00
2021-06-18,1,2021,10.3,15.7,NW,0.0,-100.0,7.0,Low,23.6,64.0,2021-06-18 02:00:00
2021-06-19,1,2021,9.1,25.0,NE,1.7,0.0,7.1,Low,23.3,65.0,2021-06-19 02:00:00
2021-06-20,1,2021,12.5,27.0,SW,0.6,-61.0,7.0,Low,24.2,66.0,2021-06-20 02:00:00
2021-06-21,1,2021,12.2,25.4,N,0.0,-100.0,7.0,Low,24.7,66.0,2021-06-21 02:00:00
2021-06-22,1,2021,11.5,21.7,W,3.1,0.0,7.2,Low,23.3,66.0,2021-06-22 02:00:00
2021-06-23,1,2021,11.0,28.7,N,3.7,20.0,6.9,Low,23.0,66.0,2021-06-23 02:00:00
2021-06-24,1,2021,10.1,16.6,E,1.4,-62.0,7.0,Low,23.1,65.0,2021-06-24 02:00:00
2021-06-25,1,2021,10.8,22.4,NE,0.7,-50.0,6.9,Low,22.9,65.0,2021-06-25 02:00:00
2021-06-26,1,2021,12.6,29.6,S,1.6,135.0,6.9,Low,24.0,67.0,2021-06-26 02:00:00
2021-06-27,1,2021,6.6,18.3,W,0.1,-94.0,6.9,Low,24.6,71.0,2021-06-27 02:00:00
2021-06-28,1,2021,11.4,23.1,SE,0.3,262.0,6.7,Low,23.1,72.0,2021-06-28 02:00:00
2021-06-29,1,2021,10.7,23.2,S,0.8,139.0,7.0,Low,24.5,66.0,2021-06-29 02:00:00
2021-06-30,1,2021,13.5,21.5,SW,2.5,200.0,7.2,Low,23.4,68.0,2021-06-30 02:00:00
2021-07-01,1,2021,10.0,20.3,NW,1.0,-59.0,7.1,Low,24.4,71.0,2021-07-01 02:00:00
2021-07-02,1,2021,8.9,22.3,SE,0.3,-75.0,7.1,Low,23.2,68.0,2021-07-02 02:00:00
2021-07-03,1,2021,11.0,22.5,NE,0.6,146.0,6.9,Low,23.3,66.0,2021-07-03 02:00:00
2021-07-04,1,2021,9.9,26.1,NE,0.0,-100.0,7.0,Low,23.6,59.0,2021-07-04 02:00:00
2021-07-05,1,2021,12.2,22.5,SE,0.9,0.0,7.0,Low,24.0,64.0,2021-07-05 02:00:00
2021-07-06,1,2021,11.8,19.1,W,0.0,-95.0,7.1,Low,23.8,68.0,2021-07-06 02:00:00
2021-07-07,1,2021,11.5,16.8,NW,0.6,1198.0,6.9,Low,22.6,66.0,2021-07-07 02:00:00
2021-07-08,1,2021,14.2,22.5,W,0.0,-98.0,6.9,Low,22.8,59.0,2021-07-08 02:00:00
2021-07-09,1,2021,10.5,24.3,S,3.3,29678.0,7.1,Low,24.8,62.0,2021-07-09 02:00:00
2021-07-10,1,2021,11.0,20.7,SW,0.6,-81.0,6.9,Low,23.6,65.0,2021-07-10 02:00:00
2021-07-11,1,2021,10.9,19.7,NW,3.6,463.0,6.9,Low,22.6,65.0,2021-07-11 02:00:00
2021-07-12,1,2021,9.7,23.8,N,6.3,78.0,7.1,Low,24.7,63.0,2021-07-12 02:00:00
2021-07-13,1,2021,11.8,21.2,N,0.2,-96.0,7.0,Low,24.8,69.0,2021-07-13 02:00:00
2021-07-14,1,2021,13.8,24.7,W,2.3,865.0,7.1,Low,25.7,65.0,2021-07-14 02:00:00
2021-07-15,1,2021,8.9,15.8,W,0.0,-100.0,7.1,Low,23.4,65.0,2021-07-15 02:00:00
2021-07-16,1,2021,10.4,15.9,W,7.2,0.0,6.7,Low,24.2,69.0,2021-07-16 02:00:00
2021-07-17,1,2021,13.3,28.9,E,2.1,-71.0,7.1,Low,23.5,62.0,2021-07-17 02:00:00
2021-07-18,1,2021,10.3,16.6,E,1.6,-20.0,6.8,Low,24.2,64.0,2021-07-18 02:00:00
2021-07-19,1,2021,10.3,22.2,SW,0.0,-99.0,7.0,Low,25.1,65.0,2021-07-19 02:00:00
2021-07-20,1,2021,14.5,22.0,W,0.0,-100.0,6.9,Low,24.9,65.0,2021-07-20 02:00:00
2021-07-21,1,2021,8.6,15.2,NE,1.0,0.0,6.9,Low,23.7,64.0,2021-07-21 02:00:00
2021-07-22,1,2021,11.6,26.0,NW,0.2,-80.0,7.0,Low,23.7,67.0,2021-07-22 02:00:00
2021-07-23,1,2021,13.2,26.5,E,1.2,504.0,6.9,Low,23.6,61.0,2021-07-23 02:00:00
2021-07-24,1,2021,8.5,22.8,N,6.0,423.0,6.9,Low,24.5,58.0,2021-07-24 02:00:00
2021-07-25,1,2021,10.8,19.0,NW,1.2,-81.0,7.1,Low,23.9,64.0,2021-07-25 02:00:00
2021-07-26,1,2021,14.0,30.9,N,0.0,-100.0,6.8,Low,24.3,65.0,2021-07-26 02:00:00
2021-07-27,1,2021,12.5,28.7,W,2.2,0.0,6.9,Low,24.2,65.0,2021-07-27 02:00:00
2021-07-28,1,2021,9.5,21.2,N,0.0,-100.0,7.0,Low,24.4,68.0,2021-07-28 02:00:00
2021-07-29,1,2021,11.2,26.9,E,5.2,0.0,7.0,Low,23.1,64.0,2021-07-29 02:00:00
2021-07-30,1,2021,11.8,24.7,N,0.0,-100.0,6.9,Low,23.2,61.0,2021-07-30 02:00:00
2021-07-31,1,2021,10.7,16.5,E,0.0,0.0,7.1,Low,24.6,60.0,2021-07-31 02:00:00
2021-08-01,1,2021,10.7,18.1,N,0.1,0.0,7.1,Low,24.1,62.0,2021-08-01 02:00:00
2021-08-02,1,2021,13.4,25.4,NW,1.5,1403.0,7.2,Low,25.2,70.0,2021-08-02 02:00:00
2021-08-03,1,2021,10.8,18.1,NW,0.0,-100.0,6.9,Low,24.3,65.0,2021-08-03 02:00:00
2021-08-04,1,2021,13.6,31.0,N,2.3,0.0,7.2,Low,24.4,64.0,2021-08-04 02:00:00
2021-08-05,1,2021,12.1,19.1,E,0.0,-100.0,6.9,Low,25.5,69.0,2021-08-05 02:00:00
2021-08-06,1,2021,10.7,21.6,S,1.2,0.0,7.1,Low,23.9,66.0,2021-08-06 02:00:00
2021-08-07,1,2021,10.7,19.5,NE,0.0,-100.0,6.9,Low,24.4,65.0,2021-08-07 02:00:00
2021-08-08,1,2021,11.0,18.5,S,2.7,0.0,7.1,Low,23.5,65.0,2021-08-08 02:00:00
2021-08-09,1,2021,11.9,19.2,SE,0.7,-73.0,6.7,Low,25.0,61.0,2021-08-09 02:00:00
2021-08-10,1,2021,9.6,17.1,SE,2.5,249.0,7.0,Low,24.3,66.0,2021-08-10 02:00:00
2021-08-11,1,2021,12.2,21.0,NW,4.9,100.0,6.9,Low,24.2,68.0,2021-08-11 02:00:00
2021-08-12,1,2021,10.9,21.7,W,0.0,-100.0,6.9,Low,23.8,63.0,2021-08-12 02:00:00
2021-08-13,1,2021,10.5,25.9,W,4.3,0.0,7.0,Low,24.2,65.0,2021-08-13 02:00:00
2021-08-14,1,2021,10.1,15.6,SW,0.0,-100.0,7.1,Low,24.9,68.0,2021-08-14 02:00:00
2021-08-15,1,2021,9.9,20.5,NW,5.7,0.0,7.2,Low,24.6,71.0,2021-08-15 02:00:00
2021-08-16,1,2021,12.4,29.3,NW,0.6,-89.0,7.1,Low,24.2,64.0,2021-08-16 02:00:00
2021-08-17,1,2021,9.1,15.8,N,0.0,-92.0,6.9,Low,24.1,64.0,2021-08-17 02:00:00
2021-08-18,1,2021,11.9,18.4,SW,1.2,2446.0,7.0,Low,25.4,64.0,2021-08-18 02:00:00
2021-08-19,1,2021,10.4,23.9,NW,2.0,69.0,6.9,Low,24.4,68.0,2021-08-19 02:00:00
2021-08-20,1,2021,12.1,23.6,S,0.1,-93.0,7.1,Low,22.9,64.0,2021-08-20 02:00:00
2021-08-21,1,2021,8.3,22.9,N,3.2,2087.0,6.9,Low,25.0,66.0,2021-08-21 02:00:00
2021-08-22,1,2021,11.9,29.8,W,1.6,-51.0,6.9,Low,24.3,64.0,2021-08-22 02:00:00
2021-08-23,1,2021,10.4,22.9,NW,2.1,33.0,7.0,Low,23.9,66.0,2021-08-23 02:00:00
2021-08-24,1,2021,11.3,27.6,S,0.0,-100.0,7.0,Low,23.7,68.0,2021-08-24 02:00:00
2021-08-25,1,2021,9.3,23.9,SE,0.0,0.0,6.9,Low,23.8,60.0,2021-08-25 02:00:00
2021-08-26,1,2021,9.9,19.3,N,1.8,0.0,7.0,Low,24.4,61.0,2021-08-26 02:00:00
2021-08-27,1,2021,11.3,29.1,SE,0.6,-65.0,7.0,Low,25.6,64.0,2021-08-27 02:00:00
2021-08-28,1,2021,9.6,22.0,W,0.6,-0.0,6.7,Low,23.9,63.0,2021-08-28 02:00:00
2021-08-29,1,2021,10.4,15.7,SE,3.8,521.0,7.0,Low,24.4,62.0,2021-08-29 02:00:00
2021-08-30,1,2021,11.7,22.9,E,0.1,-98.0,6.9,Low,24.5,62.0,2021-08-30 02:00:00
2021-08-31,1,2021,9.5,17.8,SE,0.0,-100.0,6.8,Low,25.1,64.0,2021-08-31 02:00:00
2021-09-01,1,2021,9.6,21.7,W,0.0,0.0,6.7,Low,24.5,62.0,2021-09-01 02:00:00
2021-09-02,1,2021,12.1,19.0,SW,1.1,0.0,6.9,Low,23.3,67.0,2021-09-02 02:00:00
2021-09-03,1,2021,10.6,21.3,SE,0.0,-100.0,7.1,Low,23.9,68.0,2021-09-03 02:00:00
2021-09-04,1,2021,10.1,21.2,NE,1.0,0.0,6.8,Low,25.0,63.0,2021-09-04 02:00:00
2021-09-05,1,2021,8.9,17.0,SW,3.0,202.0,7.0,Low,24.3,60.0,2021-09-05 02:00:00
2021-09-06,1,2021,12.2,17.2,NW,0.0,-100.0,7.0,Low,24.1,67.0,2021-09-06 02:00:00
2021-09-07,1,2021,9.9,20.8,SW,2.1,0.0,6.9,Low,25.2,66.0,2021-09-07 02:00:00
2021-09-08,1,2021,11.7,19.2,SE,2.9,38.0,6.9,Low,24.2,61.0,2021-09-08 02:00:00
2021-09-09,1,2021,9.5,19.0,SW,0.5,-83.0,6.7,Low,25.6,61.0,2021-09-09 02:00:00
2021-09-10,1,2021,8.5,26.0,N,0.1,-79.0,7.0,Low,23.8,62.0,2021-09-10 02:00:00
2021-09-11,1,2021,11.1,24.8,N,0.0,-100.0,6.8,Low,25.2,65.0,2021-09-11 02:00:00
2021-09-12,1,2021,11.7,25.7,NE,1.4,0.0,6.9,Low,25.5,58.0,2021-09-12 02:00:00
2021-09-13,1,2021,9.4,17.3,NE,3.2,127.0,7.0,Low,24.6,62.0,2021-09-13 02:00:00
2021-09-14,1,2021,9.7,22.8,SW,0.7,-77.0,6.9,Low,24.8,64.0,2021-09-14 02:00:00
2021-09-15,1,2021,8.7,23.6,SE,0.5,-33.0,7.1,Low,24.4,59.0,2021-09-15 02:00:00
2021-09-16,1,2021,9.2,19.5,NW,0.0,-100.0,6.9,Low,24.0,62.0,2021-09-16 02:00:00
2021-09-17,1,2021,10.4,27.9,E,1.2,0.0,6.9,Low,25.2,61.0,2021-09-17 02:00:00
2021-09-18,1,2021,10.8,23.3,SW,2.0,69.0,6.9,Low,25.0,60.0,2021-09-18 02:00:00
2021-09-19,1,2021,11.8,26.2,E,0.9,-52.0,7.1,Low,25.8,62.0,2021-09-19 02:00:00
2021-09-20,1,2021,10.9,24.8,NE,9.2,879.0,7.0,Medium,23.7,66.0,2021-09-20 02:00:00
2021-09-21,1,2021,10.6,25.1,W,0.0,-100.0,6.8,Low,24.5,66.0,2021-09-21 02:00:00
2021-09-22,1,2021,10.3,19.2,W,1.7,0.0,7.0,Low,26.0,62.0,2021-09-22 02:00:00
2021-09-23,1,2021,8.3,18.0,SE,5.2,216.0,6.8,Low,24.7,67.0,2021-09-23 02:00:00
2021-09-24,1,2021,10.4,26.3,NE,0.9,-82.0,6.9,Low,25.5,66.0,2021-09-24 02:00:00
2021-09-25,1,2021,9.2,16.3,SE,0.0,-100.0,6.9,Low,25.4,61.0,2021-09-25 02:00:00
2021-09-26,1,2021,12.1,27.2,SE,0.0,0.0,6.7,Low,24.4,63.0,2021-09-26 02:00:00
2021-09-27,1,2021,12.2,23.1,E,0.1,176.0,7.0,Low,24.6,64.0,2021-09-27 02:00:00
2021-09-28,1,2021,11.9,18.5,NW,0.0,-100.0,6.9,Low,24.9,66.0,2021-09-28 02:00:00
2021-09-29,1,2021,11.0,24.4,N,0.0,0.0,6.9,Low,24.7,63.0,2021-09-29 02:00:00
2021-09-30,1,2021,13.4,21.9,W,2.6,0.0,6.9,Low,24.0,65.0,2021-09-30 02:00:00
2021-10-01,1,2021,11.5,17.6,W,2.2,-15.0,7.1,Low,25.0,66.0,2021-10-01 02:00:00
2021-10-02,1,2021,9.5,19.1,S,2.9,29.0,6.8,Low,25.9,65.0,2021-10-02 02:00:00
2021-10-03,1,2021,9.2,22.2,NW,3.2,10.0,7.1,Low,24.1,64.0,2021-10-03 02:00:00
2021-10-04,1,2021,8.4,13.6,NE,2.1,-36.0,7.1,Low,24.7,61.0,2021-10-04 02:00:00
2021-10-05,1,2021,10.9,23.0,NW,0.0,-100.0,6.9,Low,24.9,62.0,2021-10-05 02:00:00
2021-10-06,1,2021,9.0,19.5,S,2.4,0.0,7.1,Low,24.8,63.0,2021-10-06 02:00:00
2021-10-07,1,2021,10.7,26.2,SE,1.1,-54.0,6.6,Low,24.6,59.0,2021-10-07 02:00:00
2021-10-08,1,2021,8.6,23.6,NW,0.0,-100.0,6.7,Low,24.7,65.0,2021-10-08 02:00:00
2021-10-09,1,2021,9.9,24.4,N,0.0,0.0,6.9,Low,26.8,64.0,2021-10-09 02:00:00
2021-10-10,1,2021,8.1,21.8,NW,0.0,0.0,6.9,Low,24.6,55.0,2021-10-10 02:00:00
2021-10-11,1,2021,9.9,21.4,N,1.5,0.0,7.0,Low,25.3,62.0,2021-10-11 02:00:00
2021-10-12,1,2021,9.0,25.3,E,0.9,-39.0,6.9,Low,24.5,67.0,2021-10-12 02:00:00
2021-10-13,1,2021,10.3,16.8,E,0.8,-12.0,6.8,Low,24.5,63.0,2021-10-13 02:00:00
2021-10-14,1,2021,8.0,24.9,SW,0.4,-44.0,6.7,Low,25.3,61.0,2021-10-14 02:00:00
2021-10-15,1,2021,11.4,22.6,S,3.4,655.0,6.9,Low,24.0,59.0,2021-10-15 02:00:00
2021-10-16,1,2021,10.5,22.8,SW,4.6,37.0,6.9,Low,25.0,63.0,2021-10-16 02:00:00
2021-10-17,1,2021,13.1,18.7,E,0.0,-100.0,6.9,Low,24.8,60.0,2021-10-17 02:00:00
2021-10-18,1,2021,13.4,22.4,N,0.0,0.0,6.8,Low,25.5,71.0,2021-10-18 02:00:00
2021-10-19,1,2021,9.3,26.4,SE,0.0,0.0,6.9,Low,25.2,60.0,2021-10-19 02:00:00
2021-10-20,1,2021,11.7,18.5,NW,0.0,0.0,7.0,Low,24.9,64.0,2021-10-20 02:00:00
2021-10-21,1,2021,9.3,21.3,W,3.8,0.0,6.9,Low,25.4,62.0,2021-10-21 02:00:00
2021-10-22,1,2021,10.8,24.2,SE,0.0,-100.0,6.8,Low,24.6,60.0,2021-10-22 02:00:00
2021-10-23,1,2021,11.0,27.6,N,0.0,0.0,6.9,Low,25.2,62.0,2021-10-23 02:00:00
2021-10-24,1,2021,8.4,20.6,NW,5.3,0.0,6.8,Low,24.7,60.0,2021-10-24 02:00:00
2021-10-25,1,2021,12.7,29.2,NW,2.0,-62.0,6.8,Low,25.6,61.0,2021-10-25 02:00:00
2021-10-26,1,2021,12.9,24.9,N,4.0,96.0,7.0,Low,25.2,59.0,2021-10-26 02:00:00
2021-10-27,1,2021,10.8,27.8,NW,0.0,-100.0,7.0,Low,24.2,60.0,2021-10-27 02:00:00
2021-10-28,1,2021,9.9,25.6,SW,0.0,0.0,6.9,Low,25.5,59.0,2021-10-28 02:00:00
2021-10-29,1,2021,9.3,22.6,W,0.3,609.0,6.9,Low,25.3,67.0,2021-10-29 02:00:00
2021-10-30,1,2021,9.5,19.0,SE,5.0,1363.0,6.8,Low,25.7,63.0,2021-10-30 02:00:00
2021-10-31,1,2021,9.9,24.8,E,0.4,-91.0,6.9,Low,24.2,60.0,2021-10-31 02:00:00
2021-11-01,1,2021,9.5,25.0,NE,0.9,110.0,6.9,Low,25.1,64.0,2021-11-01 02:00:00
2021-11-02,1,2021,9.7,25.3,W,0.0,-100.0,6.8,Low,24.7,60.0,2021-11-02 02:00:00
2021-11-03,1,2021,8.1,26.1,NW,0.5,0.0,6.9,Low,24.2,57.0,2021-11-03 02:00:00
2021-11-04,1,2021,9.9,16.8,E,0.1,-89.0,6.8,Low,25.2,64.0,2021-11-04 02:00:00
2021-11-05,1,2021,9.6,23.6,N,0.3,374.0,6.7,Low,25.2,67.0,2021-11-05 02:00:00
2021-11-06,1,2021,10.5,25.3,W,0.0,-100.0,6.9,Low,26.7,58.0,2021-11-06 02:00:00
2021-11-07,1,2021,11.1,16.7,NW,0.0,0.0,6.9,Low,25.2,64.0,2021-11-07 02:00:00
2021-11-08,1,2021,10.2,26.5,NW,0.0,0.0,6.8,Low,24.9,65.0,2021-11-08 02:00:00
2021-11-09,1,2021,10.5,24.1,SW,1.5,0.0,6.7,Low,24.4,61.0,2021-11-09 02:00:00
2021-11-10,1,2021,11.0,23.5,E,0.1,-95.0,6.9,Low,25.5,63.0,2021-11-10 02:00:00
2021-11-11,1,2021,11.2,20.9,NE,4.4,6216.0,6.8,Low,25.4,61.0,2021-11-11 02:00:00
2021-11-12,1,2021,7.4,24.9,SE,1.2,-73.0,6.8,Low,25.5,61.0,2021-11-12 02:00:00
2021-11-13,1,2021,10.0,23.4,E,0.9,-19.0,6.9,Low,25.5,58.0,2021-11-13 02:00:00
2021-11-14,1,2021,8.0,18.3,S,0.6,-38.0,6.9,Low,25.6,62.0,2021-11-14 02:00:00
2021-11-15,1,2021,10.5,21.5,S,0.0,-93.0,6.8,Low,23.8,59.0,2021-11-15 02:00:00
2021-11-16,1,2021,11.3,23.4,N,0.0,-100.0,6.8,Low,26.3,63.0,2021-11-16 02:00:00
2021-11-17,1,2021,12.1,25.9,E,0.6,0.0,6.9,Low,24.1,62.0,2021-11-17 02:00:00
2021-11-18,1,2021,7.9,25.0,N,1.2,95.0,6.7,Low,24.7,63.0,2021-11-18 02:00:00
2021-11-19,1,2021,12.0,27.9,E,0.3,-77.0,6.7,Low,24.9,60.0,2021-11-19 02:00:00
2021-11-20,1,2021,10.0,26.6,NW,0.4,53.0,7.0,Low,24.8,63.0,2021-11-20 02:00:00
2021-11-21,1,2021,12.6,25.1,SW,1.4,221.0,6.7,Low,26.0,61.0,2021-11-21 02:00:00
2021-11-22,1,2021,11.5,20.0,NW,0.0,-100.0,6.9,Low,25.0,62.0,2021-11-22 02:00:00
2021-11-23,1,2021,9.8,19.5,W,0.0,0.0,6.9,Low,25.3,61.0,2021-11-23 02:00:00
2021-11-24,1,2021,11.1,16.2,W,0.0,0.0,6.8,Low,25.3,55.0,2021-11-24 02:00:00
2021-11-25,1,2021,11.6,20.4,N,0.0,0.0,7.0,Low,26.1,61.0,2021-11-25 02:00:00
2021-11-26,1,2021,10.8,16.0,N,0.8,0.0,6.8,Low,25.9,65.0,2021-11-26 02:00:00
2021-11-27,1,2021,15.0,28.0,N,0.6,-32.0,6.9,Low,24.9,65.0,2021-11-27 02:00:00
2021-11-28,1,2021,12.1,19.4,SW,1.6,191.0,7.0,Low,26.4,60.0,2021-11-28 02:00:00
2021-11-29,1,2021,12.7,26.3,N,1.5,-10.0,6.8,Low,25.9,60.0,2021-11-29 02:00:00
2021-11-30,1,2021,12.6,25.3,SW,1.1,-23.0,6.8,Low,27.0,57.0,2021-11-30 02:00:00
2021-12-01,1,2021,12.3,27.0,NW,1.5,33.0,6.9,Low,23.9,61.0,2021-12-01 02:00:00
2021-12-02,1,2021,9.4,17.9,SE,1.5,-0.0,6.9,Low,24.9,63.0,2021-12-02 02:00:00
2021-12-03,1,2021,12.8,29.6,SE,4.8,215.0,6.8,Low,25.9,64.0,2021-12-03 02:00:00
2021-12-04,1,2021,12.9,23.5,W,0.1,-99.0,6.7,Low,25.9,62.0,2021-12-04 02:00:00
2021-12-05,1,2021,10.8,19.1,N,0.6,892.0,6.6,Low,24.7,58.0,2021-12-05 02:00:00
2021-12-06,1,2021,9.4,19.3,W,0.9,52.0,6.7,Low,25.1,55.0,2021-12-06 02:00:00
2021-12-07,1,2021,13.7,31.3,NE,1.3,36.0,7.0,Low,26.2,65.0,2021-12-07 02:00:00
2021-12-08,1,2021,11.8,27.1,SE,0.4,-69.0,6.9,Low,25.5,66.0,2021-12-08 02:00:00
2021-12-09,1,2021,10.1,24.9,W,1.0,147.0,6.8,Low,25.5,67.0,2021-12-09 02:00:00
2021-12-10,1,2021,10.8,15.8,NW,0.0,-100.0,6.8,Low,25.9,60.0,2021-12-10 02:00:00
2021-12-11,1,2021,9.7,24.6,S,0.3,0.0,6.8,Low,24.2,60.0,2021-12-11 02:00:00
2021-12-12,1,2021,8.9,16.8,S,0.0,-100.0,6.7,Low,26.2,68.0,2021-12-12 02:00:00
2021-12-13,1,2021,9.8,17.0,W,3.1,0.0,6.8,Low,26.8,65.0,2021-12-13 02:00:00
2021-12-14,1,2021,13.5,25.6,SE,0.6,-81.0,6.9,Low,24.6,59.0,2021-12-14 02:00:00
2021-12-15,1,2021,10.9,28.3,N,0.0,-100.0,6.8,Low,26.2,63.0,2021-12-15 02:00:00
2021-12-16,1,2021,10.3,21.8,NW,0.0,0.0,6.8,Low,26.5,62.0,2021-12-16 02:00:00
2021-12-17,1,2021,11.1,21.8,NW,0.0,0.0,6.7,Low,25.9,64.0,2021-12-17 02:00:00
2021-12-18,1,2021,12.0,18.0,W,0.1,0.0,6.8,Low,25.9,54.0,2021-12-18 02:00:00
2021-12-19,1,2021,9.7,19.5,W,0.7,1210.0,6.9,Low,26.3,61.0,2021-12-19 02:00:00
2021-12-20,1,2021,7.4,25.4,W,0.0,-100.0,6.7,Low,25.0,58.0,2021-12-20 02:00:00
2021-12-21,1,2021,10.0,20.8,N,0.0,0.0,7.0,Low,25.1,65.0,2021-12-21 02:00:00
2021-12-22,1,2021,11.2,22.7,W,2.6,0.0,6.9,Low,25.9,59.0,2021-12-22 02:00:00
2021-12-23,1,2021,10.9,28.1,E,1.2,-52.0,6.9,Low,25.6,59.0,2021-12-23 02:00:00
2021-12-24,1,2021,9.6,18.2,SE,0.8,-32.0,6.8,Low,25.4,60.0,2021-12-24 02:00:00
2021-12-25,1,2021,11.5,27.0,W,0.0,-100.0,6.9,Low,26.2,64.0,2021-12-25 02:00:00
2021-12-26,1,2021,9.6,20.6,SW,2.6,0.0,6.6,Low,24.9,61.0,2021-12-26 02:00:00
2021-12-27,1,2021,10.3,19.3,SE,0.0,-100.0,6.9,Low,24.6,59.0,2021-12-27 02:00:00
2021-12-28,1,2021,10.2,26.1,SW,1.1,0.0,6.9,Low,25.2,58.0,2021-12-28 02:00:00
2021-12-29,1,2021,10.4,16.6,S,5.7,410.0,6.7,Low,25.3,60.0,2021-12-29 02:00:00
2021-12-30,1,2021,10.2,21.9,NE,0.0,-100.0,6.9,Low,25.7,58.0,2021-12-30 02:00:00
2021-12-31,1,2021,11.2,26.4,SE,2.9,0.0,6.6,Low,26.7,60.0,2021-12-31 02:00:00
2022-01-01,1,2022,10.7,26.4,SW,2.9,0.0,7.2,Med-High,22.8,71.0,2022-01-01 02:00:00
2022-01-02,1,2022,12.3,24.7,E,0.1,-96.0,7.1,Med-High,20.7,73.0,2022-01-02 02:00:00
2022-01-03,1,2022,11.4,26.0,N,0.5,425.0,7.2,Med-High,21.7,71.0,2022-01-03 02:00:00
2022-01-04,1,2022,9.5,18.0,NW,1.6,204.0,7.1,Medium,21.7,72.0,2022-01-04 02:00:00
2022-01-05,1,2022,9.2,23.1,NW,2.3,38.0,7.3,Medium,22.2,72.0,2022-01-05 02:00:00
2022-01-06,1,2022,8.7,20.2,S,0.3,-88.0,7.1,Med-High,21.4,71.0,2022-01-06 02:00:00
2022-01-07,1,2022,12.9,19.9,N,2.4,833.0,7.1,Med-High,21.2,70.0,2022-01-07 02:00:00
2022-01-08,1,2022,11.0,22.4,E,0.3,-88.0,7.2,Med-High,22.0,70.0,2022-01-08 02:00:00
2022-01-09,1,2022,10.7,20.8,E,1.0,260.0,7.0,Med-High,22.8,66.0,2022-01-09 02:00:00
2022-01-10,1,2022,11.5,21.4,NW,2.3,120.0,7.3,Med-High,22.2,74.0,2022-01-10 02:00:00
2022-01-11,1,2022,8.8,18.9,SW,2.5,8.0,7.4,Med-High,20.9,76.0,2022-01-11 02:00:00
2022-01-12,1,2022,10.0,21.6,E,2.3,-9.0,7.2,Med-High,22.2,67.0,2022-01-12 02:00:00
2022-01-13,1,2022,9.6,16.9,NW,0.3,-85.0,7.3,Medium,22.1,76.0,2022-01-13 02:00:00
2022-01-14,1,2022,9.5,19.4,N,0.0,-100.0,7.2,Medium,22.3,79.0,2022-01-14 02:00:00
2022-01-15,1,2022,8.9,20.6,SE,3.1,0.0,7.1,Medium,22.9,68.0,2022-01-15 02:00:00
2022-01-16,1,2022,9.2,20.4,SW,1.1,-64.0,7.2,Medium,21.8,69.0,2022-01-16 02:00:00
2022-01-17,1,2022,12.6,19.4,SE,2.0,84.0,7.1,Medium,23.5,77.0,2022-01-17 02:00:00
2022-01-18,1,2022,10.2,24.9,W,0.3,-85.0,7.3,Medium,22.2,76.0,2022-01-18 02:00:00
2022-01-19,1,2022,10.6,25.6,W,0.4,39.0,6.9,Medium,22.2,69.0,2022-01-19 02:00:00
2022-01-20,1,2022,9.6,23.7,NE,2.2,429.0,7.1,Medium,22.0,70.0,2022-01-20 02:00:00
2022-01-21,1,2022,12.1,22.8,S,4.6,110.0,7.2,Medium,22.5,78.0,2022-01-21 02:00:00
2022-01-22,1,2022,9.1,23.0,NE,5.5,20.0,7.1,Medium,24.5,70.0,2022-01-22 02:00:00
2022-01-23,1,2022,10.8,25.0,SE,2.1,-62.0,7.2,Medium,21.4,72.0,2022-01-23 02:00:00
2022-01-24,1,2022,9.4,20.8,N,1.7,-20.0,7.3,Medium,21.8,76.0,2022-01-24 02:00:00
2022-01-25,1,2022,6.7,21.8,SW,0.4,-78.0,7.3,Medium,22.2,78.0,2022-01-25 02:00:00
2022-01-26,1,2022,9.7,17.9,SW,4.0,959.0,7.1,Medium,22.3,71.0,2022-01-26 02:00:00
2022-01-27,1,2022,11.5,29.0,NE,0.8,-81.0,7.3,Medium,20.8,64.0,2022-01-27 02:00:00
2022-01-28,1,2022,9.5,14.6,NE,0.0,-100.0,7.3,Medium,22.0,76.0,2022-01-28 02:00:00
2022-01-29,1,2022,9.5,20.4,SW,3.3,0.0,7.0,Medium,22.4,70.0,2022-01-29 02:00:00
2022-01-30,1,2022,9.8,18.9,NW,0.4,-87.0,7.0,Medium,22.4,71.0,2022-01-30 02:00:00
2022-01-31,1,2022,11.2,20.7,N,1.2,187.0,7.3,Medium,23.4,74.0,2022-01-31 02:00:00
2022-02-01,1,2022,10.6,20.9,SE,0.4,-63.0,7.1,Medium,21.8,69.0,2022-02-01 02:00:00
2022-02-02,1,2022,10.1,18.9,W,5.1,1056.0,7.1,Medium,23.7,73.0,2022-02-02 02:00:00
2022-02-03,1,2022,8.9,21.9,SW,0.2,-96.0,7.2,Medium,22.0,74.0,2022-02-03 02:00:00
2022-02-04,1,2022,11.2,26.2,SE,0.8,262.0,7.3,Medium,23.4,74.0,2022-02-04 02:00:00
2022-02-05,1,2022,8.1,22.2,NW,0.6,-28.0,7.1,Medium,21.7,76.0,2022-02-05 02:00:00
2022-02-06,1,2022,13.6,28.0,W,0.0,-100.0,7.2,Low,22.2,72.0,2022-02-06 02:00:00
2022-02-07,1,2022,9.1,25.5,NE,0.5,0.0,7.3,Low,22.5,74.0,2022-02-07 02:00:00
2022-02-08,1,2022,8.2,17.6,NE,1.2,159.0,7.1,Low,21.7,66.0,2022-02-08 02:00:00
2022-02-09,1,2022,10.7,18.5,SE,1.6,30.0,7.0,Low,21.7,76.0,2022-02-09 02:00:00
2022-02-10,1,2022,10.0,20.4,E,0.1,-96.0,7.2,Low,22.4,74.0,2022-02-10 02:00:00
2022-02-11,1,2022,10.1,27.2,E,0.8,1282.0,7.0,Low,22.0,74.0,2022-02-11 02:00:00
2022-02-12,1,2022,10.3,20.8,N,1.9,144.0,7.2,Low,22.1,66.0,2022-02-12 02:00:00
2022-02-13,1,2022,8.7,15.5,NW,0.0,-100.0,7.1,Low,22.8,70.0,2022-02-13 02:00:00
2022-02-14,1,2022,12.0,18.8,W,0.7,0.0,7.1,Low,22.6,77.0,2022-02-14 02:00:00
2022-02-15,1,2022,10.9,20.3,N,0.2,-65.0,7.2,Low,22.3,75.0,2022-02-15 02:00:00
2022-02-16,1,2022,11.3,23.1,SE,3.3,1341.0,7.1,Low,21.8,70.0,2022-02-16 02:00:00
2022-02-17,1,2022,12.4,24.1,NE,2.4,-27.0,7.3,Low,22.9,69.0,2022-02-17 02:00:00
2022-02-18,1,2022,9.5,26.0,NW,0.0,-100.0,7.0,Low,23.7,70.0,2022-02-18 02:00:00
2022-02-19,1,2022,11.0,20.5,E,0.3,0.0,7.1,Low,23.4,70.0,2022-02-19 02:00:00
2022-02-20,1,2022,7.8,18.5,S,0.5,68.0,7.1,Low,22.5,66.0,2022-02-20 02:00:00
2022-02-21,1,2022,10.7,16.9,SW,2.4,349.0,7.1,Low,22.4,72.0,2022-02-21 02:00:00
2022-02-22,1,2022,12.7,26.7,NW,0.2,-92.0,7.1,Low,22.8,70.0,2022-02-22 02:00:00
2022-02-23,1,2022,11.8,24.4,NW,4.1,1930.0,7.2,Low,22.4,71.0,2022-02-23 02:00:00
2022-02-24,1,2022,9.9,15.7,SE,6.4,56.0,7.0,Low,21.1,68.0,2022-02-24 02:00:00
2022-02-25,1,2022,10.4,19.8,SE,0.6,-91.0,7.4,Low,23.5,67.0,2022-02-25 02:00:00
2022-02-26,1,2022,11.3,16.4,NW,0.2,-72.0,7.1,Low,21.6,71.0,2022-02-26 02:00:00
2022-02-27,1,2022,7.8,23.4,N,4.0,2388.0,7.2,Low,22.3,68.0,2022-02-27 02:00:00
2022-02-28,1,2022,9.7,23.9,E,2.7,-31.0,7.2,Low,22.4,70.0,2022-02-28 02:00:00
2022-03-01,1,2022,11.5,19.2,NE,0.5,-83.0,7.1,Low,22.4,74.0,2022-03-01 02:00:00
2022-03-02,1,2022,10.7,18.2,NE,2.1,336.0,7.0,Low,22.9,69.0,2022-03-02 02:00:00
2022-03-03,1,2022,9.9,25.7,NW,3.2,56.0,7.0,Low,22.9,67.0,2022-03-03 02:00:00
2022-03-04,1,2022,10.0,23.2,N,1.8,-45.0,7.3,Low,23.9,68.0,2022-03-04 02:00:00
2022-03-05,1,2022,10.7,18.2,S,2.5,42.0,7.2,Low,23.5,69.0,2022-03-05 02:00:00
2022-03-06,1,2022,11.3,23.2,NW,0.0,-100.0,7.2,Low,22.9,67.0,2022-03-06 02:00:00
2022-03-07,1,2022,9.7,19.8,SW,0.2,0.0,7.1,Low,22.6,68.0,2022-03-07 02:00:00
2022-03-08,1,2022,9.4,18.2,NW,1.8,1058.0,7.1,Low,23.4,69.0,2022-03-08 02:00:00
2022-03-09,1,2022,13.6,26.1,W,1.6,-14.0,7.3,Low,22.8,71.0,2022-03-09 02:00:00
2022-03-10,1,2022,10.5,24.4,SE,1.7,11.0,7.2,Low,23.4,71.0,2022-03-10 02:00:00
2022-03-11,1,2022,10.8,18.7,NW,0.6,-65.0,7.2,Low,23.4,74.0,2022-03-11 02:00:00
2022-03-12,1,2022,10.4,17.3,S,1.2,105.0,7.2,Low,21.5,70.0,2022-03-12 02:00:00
2022-03-13,1,2022,11.2,23.4,S,0.8,-35.0,7.0,Low,22.8,65.0,2022-03-13 02:00:00
2022-03-14,1,2022,10.3,27.0,SW,1.4,71.0,7.3,Low,23.2,71.0,2022-03-14 02:00:00
2022-03-15,1,2022,9.4,18.4,SE,2.1,55.0,7.2,Low,21.2,69.0,2022-03-15 02:00:00
2022-03-16,1,2022,13.0,26.9,SW,0.0,-100.0,7.1,Low,22.9,67.0,2022-03-16 02:00:00
2022-03-17,1,2022,11.2,26.4,E,0.7,8291.0,7.2,Low,23.7,70.0,2022-03-17 02:00:00
2022-03-18,1,2022,11.1,22.7,N,0.0,-100.0,7.3,Low,23.2,70.0,2022-03-18 02:00:00
2022-03-19,1,2022,7.8,13.0,SW,0.3,0.0,7.0,Low,22.8,70.0,2022-03-19 02:00:00
2022-03-20,1,2022,10.5,20.8,SE,0.9,203.0,7.1,Low,22.6,70.0,2022-03-20 02:00:00
2022-03-21,1,2022,8.2,17.7,W,0.1,-89.0,7.2,Low,22.7,68.0,2022-03-21 02:00:00
2022-03-22,1,2022,9.9,23.8,W,0.1,-28.0,7.1,Low,22.2,71.0,2022-03-22 02:00:00
2022-03-23,1,2022,11.3,27.3,S,0.0,-100.0,7.0,Low,22.8,72.0,2022-03-23 02:00:00
2022-03-24,1,2022,11.8,28.1,N,0.0,0.0,7.2,Low,23.0,68.0,2022-03-24 02:00:00
2022-03-25,1,2022,7.6,19.4,NW,0.7,0.0,7.1,Low,24.4,70.0,2022-03-25 02:00:00
2022-03-26,1,2022,12.1,20.4,NW,0.0,-100.0,7.1,Low,21.9,76.0,2022-03-26 02:00:00
2022-03-27,1,2022,11.1,21.0,SE,0.1,0.0,6.9,Low,23.1,67.0,2022-03-27 02:00:00
2022-03-28,1,2022,8.4,24.1,SE,0.7,1058.0,7.1,Low,23.4,66.0,2022-03-28 02:00:00
2022-03-29,1,2022,13.3,28.3,SW,0.2,-71.0,7.2,Low,23.3,70.0,2022-03-29 02:00:00
2022-03-30,1,2022,8.2,17.4,SE,0.4,98.0,7.0,Low,23.1,67.0,2022-03-30 02:00:00
2022-03-31,1,2022,9.9,18.5,SE,5.2,1166.0,7.1,Low,22.7,65.0,2022-03-31 02:00:00
2022-04-01,1,2022,10.3,25.4,SW,1.4,-73.0,7.0,Low,23.4,69.0,2022-04-01 02:00:00
2022-04-02,1,2022,10.8,18.7,SE,5.2,272.0,7.2,Low,23.0,69.0,2022-04-02 02:00:00
2022-04-03,1,2022,8.2,21.2,NW,5.9,13.0,7.1,Low,22.3,76.0,2022-04-03 02:00:00
2022-04-04,1,2022,10.2,15.6,E,0.2,-97.0,7.3,Low,22.5,68.0,2022-04-04 02:00:00
2022-04-05,1,2022,10.7,25.4,N,10.8,6669.0,7.2,Medium,23.4,68.0,2022-04-05 02:00:00
2022-04-06,1,2022,11.7,22.3,SW,3.0,-72.0,6.8,Medium,23.2,67.0,2022-04-06 02:00:00
2022-04-07,1,2022,11.6,21.6,NW,0.0,-100.0,7.2,Low,23.2,70.0,2022-04-07 02:00:00
2022-04-08,1,2022,9.5,17.4,NW,2.4,0.0,7.1,Low,24.2,62.0,2022-04-08 02:00:00
2022-04-09,1,2022,10.6,24.7,NW,3.2,31.0,7.1,Low,23.7,69.0,2022-04-09 02:00:00
2022-04-10,1,2022,11.7,19.4,NE,1.3,-58.0,7.2,Low,23.7,69.0,2022-04-10 02:00:00
2022-04-11,1,2022,12.4,23.4,NW,2.0,52.0,7.0,Low,23.1,70.0,2022-04-11 02:00:00
2022-04-12,1,2022,11.3,28.8,SW,0.2,-89.0,7.0,Low,23.4,70.0,2022-04-12 02:00:00
2022-04-13,1,2022,9.8,26.7,W,0.4,81.0,7.0,Low,23.7,67.0,2022-04-13 02:00:00
2022-04-14,1,2022,9.7,27.4,S,0.7,84.0,7.0,Low,22.8,72.0,2022-04-14 02:00:00
2022-04-15,1,2022,11.1,21.0,E,0.0,-100.0,7.0,Low,23.1,69.0,2022-04-15 02:00:00
2022-04-16,1,2022,9.5,17.6,W,0.9,0.0,7.1,Low,23.8,71.0,2022-04-16 02:00:00
2022-04-17,1,2022,11.7,27.0,NE,4.7,418.0,7.2,Low,23.0,68.0,2022-04-17 02:00:00
2022-04-18,1,2022,10.4,18.8,S,0.0,-100.0,6.8,Low,22.6,73.0,2022-04-18 02:00:00
2022-04-19,1,2022,10.8,15.9,N,0.2,0.0,7.2,Low,23.8,70.0,2022-04-19 02:00:00
2022-04-20,1,2022,9.0,19.8,SE,1.0,308.0,7.1,Low,23.9,64.0,2022-04-20 02:00:00
2022-04-21,1,2022,9.8,20.3,S,4.4,353.0,7.1,Low,22.6,70.0,2022-04-21 02:00:00
2022-04-22,1,2022,13.2,30.8,NW,0.4,-90.0,7.3,Low,23.0,65.0,2022-04-22 02:00:00
2022-04-23,1,2022,13.2,20.8,NW,0.0,-100.0,6.9,Low,23.0,74.0,2022-04-23 02:00:00
2022-04-24,1,2022,12.6,24.8,W,0.3,0.0,7.1,Low,23.2,67.0,2022-04-24 02:00:00
2022-04-25,1,2022,10.8,16.6,E,0.5,48.0,7.3,Low,23.4,69.0,2022-04-25 02:00:00
2022-04-26,1,2022,10.7,18.5,NW,3.3,632.0,7.1,Low,22.2,70.0,2022-04-26 02:00:00
2022-04-27,1,2022,10.6,25.5,W,7.5,125.0,7.0,Low,23.3,69.0,2022-04-27 02:00:00
2022-04-28,1,2022,9.8,22.1,NE,0.7,-90.0,7.1,Low,23.1,65.0,2022-04-28 02:00:00
2022-04-29,1,2022,9.8,19.4,SW,0.0,-100.0,7.0,Low,22.3,69.0,2022-04-29 02:00:00
2022-04-30,1,2022,12.0,28.1,SE,0.0,0.0,7.0,Low,24.0,60.0,2022-04-30 02:00:00
2022-05-01,1,2022,10.7,22.0,SE,0.2,0.0,7.0,Low,23.2,69.0,2022-05-01 02:00:00
2022-05-02,1,2022,9.9,15.0,S,0.5,167.0,7.0,Low,23.5,67.0,2022-05-02 02:00:00
2022-05-03,1,2022,9.4,17.1,S,0.0,-100.0,7.3,Low,23.9,67.0,2022-05-03 02:00:00
2022-05-04,1,2022,8.9,16.9,SE,4.9,0.0,6.8,Low,22.9,63.0,2022-05-04 02:00:00
2022-05-05,1,2022,10.0,27.7,E,2.3,-54.0,7.3,Low,22.8,72.0,2022-05-05 02:00:00
2022-05-06,1,2022,11.2,25.6,SE,0.0,-100.0,7.1,Low,24.2,69.0,2022-05-06 02:00:00
2022-05-07,1,2022,11.0,26.9,W,4.5,0.0,7.0,Low,22.0,68.0,2022-05-07 02:00:00
2022-05-08,1,2022,10.9,24.8,NW,2.8,-38.0,7.2,Low,23.1,64.0,2022-05-08 02:00:00
2022-05-09,1,2022,11.4,16.6,E,1.6,-40.0,7.1,Low,22.7,70.0,2022-05-09 02:00:00
2022-05-10,1,2022,10.3,25.1,NE,1.3,-20.0,6.9,Low,22.2,66.0,2022-05-10 02:00:00
2022-05-11,1,2022,10.4,24.7,SE,0.0,-100.0,7.1,Low,23.9,62.0,2022-05-11 02:00:00
2022-05-12,1,2022,11.0,25.5,W,1.9,0.0,7.1,Low,22.6,69.0,2022-05-12 02:00:00
2022-05-13,1,2022,10.2,16.5,NW,0.2,-90.0,7.1,Low,23.2,65.0,2022-05-13 02:00:00
2022-05-14,1,2022,12.3,20.8,SW,0.0,-100.0,7.1,Low,23.6,71.0,2022-05-14 02:00:00
2022-05-15,1,2022,12.3,18.4,SW,0.3,0.0,7.1,Low,24.0,66.0,2022-05-15 02:00:00
2022-05-16,1,2022,10.2,26.5,W,0.0,-100.0,7.2,Low,24.3,68.0,2022-05-16 02:00:00
2022-05-17,1,2022,13.0,27.8,W,1.7,0.0,7.0,Low,24.2,65.0,2022-05-17 02:00:00
2022-05-18,1,2022,10.8,23.5,E,0.0,-97.0,7.1,Low,23.5,68.0,2022-05-18 02:00:00
2022-05-19,1,2022,11.4,19.7,S,4.3,9231.0,7.0,Low,23.8,67.0,2022-05-19 02:00:00
2022-05-20,1,2022,10.2,20.3,W,0.1,-97.0,7.2,Low,23.6,68.0,2022-05-20 02:00:00
2022-05-21,1,2022,12.4,29.2,NW,1.3,944.0,7.1,Low,24.5,70.0,2022-05-21 02:00:00
2022-05-22,1,2022,8.0,21.3,E,3.2,155.0,7.2,Low,23.7,64.0,2022-05-22 02:00:00
2022-05-23,1,2022,10.5,18.5,SW,0.0,-100.0,7.0,Low,23.6,67.0,2022-05-23 02:00:00
2022-05-24,1,2022,9.4,24.8,NW,1.6,0.0,6.9,Low,22.7,68.0,2022-05-24 02:00:00
2022-05-25,1,2022,12.1,25.7,W,1.1,-31.0,7.0,Low,23.2,71.0,2022-05-25 02:00:00
2022-05-26,1,2022,10.5,26.9,SW,0.4,-62.0,7.0,Low,23.9,68.0,2022-05-26 02:00:00
2022-05-27,1,2022,10.0,25.0,S,3.4,708.0,7.1,Low,24.1,68.0,2022-05-27 02:00:00
2022-05-28,1,2022,10.4,19.9,N,0.0,-100.0,7.2,Low,23.5,67.0,2022-05-28 02:00:00
2022-05-29,1,2022,11.2,26.7,NW,1.0,0.0,7.0,Low,23.3,67.0,2022-05-29 02:00:00
2022-05-30,1,2022,11.4,25.8,E,0.6,-38.0,6.9,Low,24.3,65.0,2022-05-30 02:00:00
2022-05-31,1,2022,12.3,19.8,W,4.6,623.0,7.1,Low,22.3,64.0,2022-05-31 02:00:00
2022-06-01,1,2022,10.0,16.8,SE,3.1,-32.0,7.1,Low,24.6,65.0,2022-06-01 02:00:00
2022-06-02,1,2022,9.8,26.7,E,2.1,-32.0,7.2,Low,23.9,63.0,2022-06-02 02:00:00
2022-06-03,1,2022,10.3,26.3,NW,0.0,-100.0,6.9,Low,22.9,66.0,2022-06-03 02:00:00
2022-06-04,1,2022,9.6,27.5,S,0.8,0.0,6.9,Low,23.8,59.0,2022-06-04 02:00:00
2022-06-05,1,2022,10.5,24.8,W,3.6,378.0,7.0,Low,23.9,72.0,2022-06-05 02:00:00
2022-06-06,1,2022,12.8,26.3,SW,0.0,-100.0,7.1,Low,24.1,64.0,2022-06-06 02:00:00
2022-06-07,1,2022,10.3,26.1,SE,0.9,0.0,7.1,Low,23.6,69.0,2022-06-07 02:00:00
2022-06-08,1,2022,10.4,16.2,W,1.4,65.0,7.0,Low,23.0,69.0,2022-06-08 02:00:00
2022-06-09,1,2022,13.5,29.8,W,2.3,64.0,7.0,Low,22.9,66.0,2022-06-09 02:00:00
2022-06-10,1,2022,8.7,19.2,E,3.2,38.0,7.1,Low,23.3,70.0,2022-06-10 02:00:00
2022-06-11,1,2022,11.5,29.3,W,0.0,-100.0,7.1,Low,23.4,66.0,2022-06-11 02:00:00
2022-06-12,1,2022,10.9,18.7,SW,0.0,0.0,7.0,Low,23.6,64.0,2022-06-12 02:00:00
2022-06-13,1,2022,10.1,19.9,N,1.1,0.0,7.0,Low,24.1,68.0,2022-06-13 02:00:00
2022-06-14,1,2022,10.5,24.3,SW,0.7,-31.0,6.9,Low,24.4,71.0,2022-06-14 02:00:00
2022-06-15,1,2022,10.8,17.2,S,4.1,453.0,7.0,Low,24.3,67.0,2022-06-15 02:00:00
2022-06-16,1,2022,10.6,27.8,N,0.4,-91.0,6.8,Low,24.6,67.0,2022-06-16 02:00:00
2022-06-17,1,2022,9.8,24.9,SW,1.1,195.0,7.0,Low,23.7,70.0,2022-06-17 02:00:00
2022-06-18,1,2022,10.9,25.1,N,0.0,-96.0,6.9,Low,23.7,65.0,2022-06-18 02:00:00
2022-06-19,1,2022,11.0,17.3,N,0.8,1906.0,7.1,Low,22.9,67.0,2022-06-19 02:00:00
2022-06-20,1,2022,10.7,17.6,SW,3.5,335.0,6.9,Low,24.2,64.0,2022-06-20 02:00:00
2022-06-21,1,2022,11.9,25.5,S,0.0,-100.0,7.1,Low,24.9,61.0,2022-06-21 02:00:00
2022-06-22,1,2022,11.3,26.9,S,2.4,0.0,7.2,Low,23.7,65.0,2022-06-22 02:00:00
2022-06-23,1,2022,11.5,29.1,SE,1.9,-22.0,7.0,Low,22.7,68.0,2022-06-23 02:00:00
2022-06-24,1,2022,10.1,17.8,E,0.5,-71.0,6.9,Low,22.2,69.0,2022-06-24 02:00:00
2022-06-25,1,2022,10.0,19.1,W,0.1,-81.0,6.9,Low,24.1,67.0,2022-06-25 02:00:00
2022-06-26,1,2022,8.1,16.5,N,1.1,970.0,7.0,Low,23.8,71.0,2022-06-26 02:00:00
2022-06-27,1,2022,10.1,26.1,S,0.1,-93.0,6.8,Low,24.6,64.0,2022-06-27 02:00:00
2022-06-28,1,2022,12.1,17.9,W,0.3,339.0,7.2,Low,24.4,65.0,2022-06-28 02:00:00
2022-06-29,1,2022,8.9,19.9,W,0.0,-100.0,7.0,Low,23.6,68.0,2022-06-29 02:00:00
2022-06-30,1,2022,10.0,19.5,SW,0.7,0.0,6.9,Low,24.3,67.0,2022-06-30 02:00:00
2022-07-01,1,2022,10.2,23.5,NW,2.0,175.0,6.9,Low,23.8,68.0,2022-07-01 02:00:00
2022-07-02,1,2022,8.7,14.4,E,0.0,-100.0,7.0,Low,23.7,61.0,2022-07-02 02:00:00
2022-07-03,1,2022,11.9,27.8,E,3.5,0.0,7.0,Low,23.0,63.0,2022-07-03 02:00:00
2022-07-04,1,2022,12.0,22.9,E,0.0,-100.0,7.0,Low,23.3,67.0,2022-07-04 02:00:00
2022-07-05,1,2022,11.9,25.6,N,0.6,0.0,7.2,Low,23.6,69.0,2022-07-05 02:00:00
2022-07-06,1,2022,11.9,20.6,S,5.2,747.0,6.9,Low,23.8,63.0,2022-07-06 02:00:00
2022-07-07,1,2022,11.3,24.4,S,0.0,-100.0,7.0,Low,23.9,69.0,2022-07-07 02:00:00
2022-07-08,1,2022,10.8,21.1,E,2.0,0.0,7.1,Low,24.8,65.0,2022-07-08 02:00:00
2022-07-09,1,2022,10.3,27.7,NW,1.3,-36.0,7.0,Low,22.8,66.0,2022-07-09 02:00:00
2022-07-10,1,2022,10.6,26.5,W,0.0,-100.0,6.9,Low,24.5,65.0,2022-07-10 02:00:00
2022-07-11,1,2022,10.6,19.4,NE,4.9,0.0,6.9,Low,23.5,65.0,2022-07-11 02:00:00
2022-07-12,1,2022,9.9,26.6,SE,0.0,-100.0,6.9,Low,23.9,65.0,2022-07-12 02:00:00
2022-07-13,1,2022,10.8,28.2,SW,0.0,0.0,7.0,Low,25.0,65.0,2022-07-13 02:00:00
2022-07-14,1,2022,9.5,24.5,S,2.4,0.0,6.9,Low,24.3,61.0,2022-07-14 02:00:00
2022-07-15,1,2022,11.5,28.6,SW,0.0,-100.0,7.0,Low,24.4,72.0,2022-07-15 02:00:00
2022-07-16,1,2022,11.0,22.4,W,0.9,0.0,7.1,Low,24.3,66.0,2022-07-16 02:00:00
2022-07-17,1,2022,10.1,16.7,S,0.0,-100.0,7.1,Low,24.4,68.0,2022-07-17 02:00:00
2022-07-18,1,2022,10.8,18.4,W,1.4,0.0,7.1,Low,23.8,63.0,2022-07-18 02:00:00
2022-07-19,1,2022,8.2,19.9,W,0.2,-86.0,7.0,Low,24.0,61.0,2022-07-19 02:00:00
2022-07-20,1,2022,11.1,18.1,SE,2.8,1343.0,7.0,Low,24.0,71.0,2022-07-20 02:00:00
2022-07-21,1,2022,9.8,15.3,E,4.1,47.0,7.0,Low,24.3,63.0,2022-07-21 02:00:00
2022-07-22,1,2022,10.9,17.2,NW,0.9,-78.0,7.1,Low,22.9,64.0,2022-07-22 02:00:00
2022-07-23,1,2022,11.6,28.8,N,0.0,-100.0,7.0,Low,22.7,64.0,2022-07-23 02:00:00
2022-07-24,1,2022,9.4,23.8,SW,1.4,0.0,7.0,Low,25.6,62.0,2022-07-24 02:00:00
2022-07-25,1,2022,12.3,20.8,N,0.5,-63.0,7.0,Low,24.1,65.0,2022-07-25 02:00:00
2022-07-26,1,2022,11.4,26.2,S,0.3,-41.0,6.9,Low,23.6,67.0,2022-07-26 02:00:00
2022-07-27,1,2022,9.6,27.5,NE,3.6,1072.0,6.9,Low,23.3,65.0,2022-07-27 02:00:00
2022-07-28,1,2022,12.0,29.1,N,0.2,-96.0,7.0,Low,23.7,71.0,2022-07-28 02:00:00
2022-07-29,1,2022,12.2,26.7,N,0.4,166.0,6.9,Low,23.3,65.0,2022-07-29 02:00:00
2022-07-30,1,2022,12.0,29.0,S,5.3,1160.0,7.0,Low,23.5,62.0,2022-07-30 02:00:00
2022-07-31,1,2022,10.5,21.2,NE,0.0,-100.0,7.0,Low,24.4,66.0,2022-07-31 02:00:00
2022-08-01,1,2022,10.7,27.4,NW,7.5,0.0,6.9,Low,23.5,63.0,2022-08-01 02:00:00
2022-08-02,1,2022,13.8,25.1,SE,0.8,-90.0,7.0,Low,25.1,68.0,2022-08-02 02:00:00
2022-08-03,1,2022,10.8,18.1,S,1.8,133.0,6.9,Low,23.0,66.0,2022-08-03 02:00:00
2022-08-04,1,2022,9.8,25.0,E,0.0,-100.0,7.0,Low,23.9,70.0,2022-08-04 02:00:00
2022-08-05,1,2022,10.9,19.4,N,0.0,0.0,6.9,Low,23.4,69.0,2022-08-05 02:00:00
2022-08-06,1,2022,11.1,27.7,NW,0.0,0.0,6.9,Low,24.7,69.0,2022-08-06 02:00:00
2022-08-07,1,2022,9.8,15.7,NE,0.0,0.0,6.8,Low,24.3,59.0,2022-08-07 02:00:00
2022-08-08,1,2022,11.8,21.1,S,0.2,0.0,6.9,Low,24.9,62.0,2022-08-08 02:00:00
2022-08-09,1,2022,10.2,20.4,N,0.6,255.0,6.9,Low,25.7,66.0,2022-08-09 02:00:00
2022-08-10,1,2022,10.0,18.5,S,0.0,-100.0,7.0,Low,24.5,64.0,2022-08-10 02:00:00
2022-08-11,1,2022,12.6,29.4,W,0.0,0.0,7.1,Low,24.4,68.0,2022-08-11 02:00:00
2022-08-12,1,2022,8.0,24.5,NE,0.8,0.0,7.0,Low,23.0,68.0,2022-08-12 02:00:00
2022-08-13,1,2022,11.9,19.9,N,0.0,-100.0,7.0,Low,23.9,68.0,2022-08-13 02:00:00
2022-08-14,1,2022,12.7,27.7,SW,0.9,0.0,6.9,Low,24.3,68.0,2022-08-14 02:00:00
2022-08-15,1,2022,10.7,22.5,NE,4.8,459.0,7.0,Low,23.7,63.0,2022-08-15 02:00:00
2022-08-16,1,2022,7.8,18.4,SW,0.5,-89.0,7.0,Low,23.5,62.0,2022-08-16 02:00:00
2022-08-17,1,2022,10.8,20.2,E,0.8,53.0,7.0,Low,25.5,62.0,2022-08-17 02:00:00
2022-08-18,1,2022,10.2,23.4,N,1.1,31.0,6.9,Low,22.9,62.0,2022-08-18 02:00:00
2022-08-19,1,2022,11.7,28.4,NE,0.3,-76.0,6.8,Low,24.3,66.0,2022-08-19 02:00:00
2022-08-20,1,2022,9.3,14.5,N,0.0,-100.0,6.9,Low,24.0,59.0,2022-08-20 02:00:00
2022-08-21,1,2022,10.3,27.2,N,0.0,0.0,7.1,Low,24.7,67.0,2022-08-21 02:00:00
2022-08-22,1,2022,10.3,27.4,NW,0.0,0.0,7.0,Low,23.9,68.0,2022-08-22 02:00:00
2022-08-23,1,2022,9.9,25.6,SE,0.0,0.0,7.0,Low,23.6,59.0,2022-08-23 02:00:00
2022-08-24,1,2022,10.0,15.8,NW,0.6,0.0,6.8,Low,24.2,64.0,2022-08-24 02:00:00
2022-08-25,1,2022,11.5,19.8,SE,1.5,172.0,7.1,Low,25.0,69.0,2022-08-25 02:00:00
2022-08-26,1,2022,13.3,23.9,E,3.5,131.0,7.0,Low,24.0,67.0,2022-08-26 02:00:00
2022-08-27,1,2022,11.5,22.4,W,0.6,-82.0,7.0,Low,24.8,65.0,2022-08-27 02:00:00
2022-08-28,1,2022,11.0,19.9,SW,2.3,261.0,6.9,Low,24.7,65.0,2022-08-28 02:00:00
2022-08-29,1,2022,13.4,26.7,N,2.0,-13.0,6.8,Low,24.3,62.0,2022-08-29 02:00:00
2022-08-30,1,2022,9.7,19.7,SE,0.0,-100.0,7.0,Low,24.2,60.0,2022-08-30 02:00:00
2022-08-31,1,2022,9.7,18.0,NW,0.0,0.0,7.0,Low,23.3,63.0,2022-08-31 02:00:00
2022-09-01,1,2022,11.0,17.5,SW,1.4,0.0,6.9,Low,23.3,68.0,2022-09-01 02:00:00
2022-09-02,1,2022,9.6,15.8,SW,0.5,-65.0,6.8,Low,25.1,62.0,2022-09-02 02:00:00
2022-09-03,1,2022,9.6,27.2,W,0.0,-95.0,6.8,Low,25.1,60.0,2022-09-03 02:00:00
2022-09-04,1,2022,10.1,21.5,NE,1.6,6087.0,6.9,Low,24.5,62.0,2022-09-04 02:00:00
2022-09-05,1,2022,10.1,18.2,NE,0.0,-100.0,7.0,Low,24.7,62.0,2022-09-05 02:00:00
2022-09-06,1,2022,9.5,21.0,NW,0.0,0.0,6.9,Low,24.2,62.0,2022-09-06 02:00:00
2022-09-07,1,2022,10.2,19.1,NW,0.0,0.0,7.1,Low,25.3,66.0,2022-09-07 02:00:00
2022-09-08,1,2022,12.0,25.2,SE,0.4,0.0,7.0,Low,25.4,64.0,2022-09-08 02:00:00
2022-09-09,1,2022,11.2,20.9,W,5.7,1272.0,6.8,Low,25.3,61.0,2022-09-09 02:00:00
2022-09-10,1,2022,9.9,21.6,NW,0.0,-100.0,6.9,Low,24.4,62.0,2022-09-10 02:00:00
2022-09-11,1,2022,11.0,19.8,NE,2.6,0.0,7.1,Low,24.4,62.0,2022-09-11 02:00:00
2022-09-12,1,2022,10.7,26.9,SE,0.6,-77.0,7.0,Low,23.5,68.0,2022-09-12 02:00:00
2022-09-13,1,2022,11.2,23.2,E,0.7,27.0,7.0,Low,23.5,64.0,2022-09-13 02:00:00
2022-09-14,1,2022,11.8,21.7,E,0.0,-100.0,6.9,Low,23.8,65.0,2022-09-14 02:00:00
2022-09-15,1,2022,11.8,19.6,SE,1.4,0.0,7.0,Low,25.0,68.0,2022-09-15 02:00:00
2022-09-16,1,2022,12.7,30.5,SW,6.9,392.0,7.0,Low,26.2,68.0,2022-09-16 02:00:00
2022-09-17,1,2022,10.3,21.0,W,6.1,-12.0,6.9,Low,25.2,59.0,2022-09-17 02:00:00
2022-09-18,1,2022,11.5,28.6,SW,0.3,-96.0,7.0,Low,23.8,65.0,2022-09-18 02:00:00
2022-09-19,1,2022,10.8,20.9,NE,5.7,2111.0,7.1,Low,24.4,57.0,2022-09-19 02:00:00
2022-09-20,1,2022,9.9,22.4,SW,4.4,-22.0,6.8,Low,25.6,65.0,2022-09-20 02:00:00
2022-09-21,1,2022,12.3,27.6,N,0.5,-88.0,6.9,Low,25.1,62.0,2022-09-21 02:00:00
2022-09-22,1,2022,10.9,23.2,S,1.0,85.0,6.7,Low,25.5,64.0,2022-09-22 02:00:00
2022-09-23,1,2022,9.9,23.7,S,0.0,-100.0,6.9,Low,25.8,64.0,2022-09-23 02:00:00
2022-09-24,1,2022,11.2,23.4,N,0.0,0.0,6.8,Low,24.9,62.0,2022-09-24 02:00:00
2022-09-25,1,2022,11.4,22.9,E,2.2,0.0,6.7,Low,25.3,65.0,2022-09-25 02:00:00
2022-09-26,1,2022,12.6,26.2,NE,3.5,57.0,7.0,Low,25.4,65.0,2022-09-26 02:00:00
2022-09-27,1,2022,12.1,20.0,W,0.6,-83.0,6.8,Low,24.2,67.0,2022-09-27 02:00:00
2022-09-28,1,2022,10.2,22.6,W,7.5,1187.0,7.0,Low,24.9,64.0,2022-09-28 02:00:00
2022-09-29,1,2022,11.3,27.4,W,0.9,-87.0,6.9,Low,24.4,63.0,2022-09-29 02:00:00
2022-09-30,1,2022,9.4,15.7,E,1.0,5.0,6.9,Low,24.9,62.0,2022-09-30 02:00:00
2022-10-01,1,2022,11.5,24.4,N,0.4,-63.0,6.9,Low,25.6,63.0,2022-10-01 02:00:00
2022-10-02,1,2022,13.0,23.5,SW,0.0,-100.0,7.0,Low,25.6,64.0,2022-10-02 02:00:00
2022-10-03,1,2022,10.1,22.4,W,1.6,0.0,6.9,Low,24.2,63.0,2022-10-03 02:00:00
2022-10-04,1,2022,9.4,16.1,SE,0.0,-100.0,7.0,Low,24.8,68.0,2022-10-04 02:00:00
2022-10-05,1,2022,10.1,26.2,N,0.3,0.0,6.9,Low,23.7,60.0,2022-10-05 02:00:00
2022-10-06,1,2022,11.0,22.1,S,0.4,13.0,6.8,Low,24.5,63.0,2022-10-06 02:00:00
2022-10-07,1,2022,10.6,27.9,SE,0.5,29.0,6.9,Low,23.9,63.0,2022-10-07 02:00:00
2022-10-08,1,2022,11.3,23.4,N,1.6,212.0,6.8,Medium,24.1,56.0,2022-10-08 02:00:00
2022-10-09,1,2022,13.3,26.9,NE,2.9,82.0,6.9,Medium,24.5,56.0,2022-10-09 02:00:00
2022-10-10,1,2022,10.2,19.1,SW,0.4,-86.0,6.9,Low,25.1,60.0,2022-10-10 02:00:00
2022-10-11,1,2022,12.0,27.6,SE,0.1,-74.0,6.9,Low,26.2,62.0,2022-10-11 02:00:00
2022-10-12,1,2022,11.2,23.3,W,0.5,359.0,6.8,Low,26.0,63.0,2022-10-12 02:00:00
2022-10-13,1,2022,9.9,24.8,SE,1.7,254.0,6.8,Low,24.8,62.0,2022-10-13 02:00:00
2022-10-14,1,2022,11.9,28.9,N,1.3,-20.0,7.0,Low,24.6,62.0,2022-10-14 02:00:00
2022-10-15,1,2022,11.3,17.4,S,1.6,20.0,6.7,Low,25.8,61.0,2022-10-15 02:00:00
2022-10-16,1,2022,10.1,21.7,NE,3.9,140.0,6.8,Low,26.1,59.0,2022-10-16 02:00:00
2022-10-17,1,2022,13.2,24.6,S,0.6,-84.0,6.9,Low,24.2,67.0,2022-10-17 02:00:00
2022-10-18,1,2022,11.7,24.8,N,0.2,-62.0,6.9,Low,23.7,63.0,2022-10-18 02:00:00
2022-10-19,1,2022,11.7,27.7,SW,1.8,666.0,7.0,Low,25.8,63.0,2022-10-19 02:00:00
2022-10-20,1,2022,8.1,16.8,S,0.1,-94.0,6.8,Low,24.7,64.0,2022-10-20 02:00:00
2022-10-21,1,2022,7.3,24.1,N,0.0,-100.0,6.8,Low,24.8,68.0,2022-10-21 02:00:00
2022-10-22,1,2022,9.9,21.9,S,0.7,0.0,6.7,Low,24.4,57.0,2022-10-22 02:00:00
2022-10-23,1,2022,10.6,21.5,SW,1.0,40.0,6.8,Low,26.3,64.0,2022-10-23 02:00:00
2022-10-24,1,2022,12.1,26.0,W,1.0,-7.0,6.9,Low,24.9,61.0,2022-10-24 02:00:00
2022-10-25,1,2022,10.8,17.9,NW,0.6,-40.0,6.9,Low,23.6,65.0,2022-10-25 02:00:00
2022-10-26,1,2022,9.8,24.8,S,2.2,291.0,6.9,Low,24.0,64.0,2022-10-26 02:00:00
2022-10-27,1,2022,10.2,15.4,W,0.2,-92.0,6.8,Low,25.3,62.0,2022-10-27 02:00:00
2022-10-28,1,2022,8.5,16.2,SW,6.5,3665.0,6.7,Low,25.7,67.0,2022-10-28 02:00:00
2022-10-29,1,2022,10.3,17.0,SW,6.3,-2.0,7.0,Low,25.1,64.0,2022-10-29 02:00:00
2022-10-30,1,2022,10.5,21.2,NE,8.3,31.0,6.9,Low,25.3,65.0,2022-10-30 02:00:00
2022-10-31,1,2022,10.5,19.1,NW,1.1,-86.0,7.0,Low,25.1,57.0,2022-10-31 02:00:00
2022-11-01,1,2022,8.2,22.0,NE,1.0,-11.0,6.6,Low,24.4,57.0,2022-11-01 02:00:00
2022-11-02,1,2022,10.3,23.1,NW,1.4,36.0,6.9,Low,25.2,65.0,2022-11-02 02:00:00
2022-11-03,1,2022,11.5,27.6,SE,1.3,-8.0,6.8,Low,25.5,62.0,2022-11-03 02:00:00
2022-11-04,1,2022,10.8,20.4,SW,0.1,-92.0,6.8,Low,25.7,60.0,2022-11-04 02:00:00
2022-11-05,1,2022,12.2,29.9,S,0.9,794.0,7.0,Low,25.7,62.0,2022-11-05 02:00:00
2022-11-06,1,2022,10.3,18.0,S,0.0,-100.0,6.7,Low,25.2,62.0,2022-11-06 02:00:00
2022-11-07,1,2022,11.1,22.6,SW,1.7,0.0,7.0,Low,25.8,59.0,2022-11-07 02:00:00
2022-11-08,1,2022,9.8,23.0,W,1.1,-37.0,6.8,Low,26.9,62.0,2022-11-08 02:00:00
2022-11-09,1,2022,13.0,28.8,SW,0.7,-35.0,6.8,Low,25.5,62.0,2022-11-09 02:00:00
2022-11-10,1,2022,8.9,20.2,W,3.0,343.0,6.7,Low,25.0,64.0,2022-11-10 02:00:00
2022-11-11,1,2022,9.7,27.7,SE,2.9,-6.0,6.9,Low,26.4,66.0,2022-11-11 02:00:00
2022-11-12,1,2022,8.3,18.3,SE,2.6,-8.0,6.6,Low,26.6,63.0,2022-11-12 02:00:00
2022-11-13,1,2022,11.8,24.1,W,0.0,-100.0,6.8,Low,25.2,59.0,2022-11-13 02:00:00
2022-11-14,1,2022,12.0,26.0,SW,1.7,0.0,6.9,Low,25.2,64.0,2022-11-14 02:00:00
2022-11-15,1,2022,12.8,26.5,NW,1.0,-41.0,6.8,Low,26.1,65.0,2022-11-15 02:00:00
2022-11-16,1,2022,11.5,22.5,SE,2.1,110.0,6.9,Low,25.9,59.0,2022-11-16 02:00:00
2022-11-17,1,2022,13.0,18.8,W,2.3,10.0,6.9,Low,26.2,60.0,2022-11-17 02:00:00
2022-11-18,1,2022,10.6,22.7,W,3.3,42.0,6.8,Low,25.1,63.0,2022-11-18 02:00:00
2022-11-19,1,2022,8.0,14.8,N,1.0,-69.0,7.0,Low,25.8,60.0,2022-11-19 02:00:00
2022-11-20,1,2022,11.3,18.3,S,0.0,-100.0,7.1,Low,24.9,63.0,2022-11-20 02:00:00
2022-11-21,1,2022,9.0,18.6,NE,0.6,0.0,6.8,Low,26.4,59.0,2022-11-21 02:00:00
2022-11-22,1,2022,12.4,19.5,NE,0.5,-5.0,6.9,Low,26.2,65.0,2022-11-22 02:00:00
2022-11-23,1,2022,9.4,15.3,NE,0.6,2.0,6.7,Low,24.9,63.0,2022-11-23 02:00:00
2022-11-24,1,2022,11.5,19.1,W,0.0,-100.0,6.8,Low,26.0,59.0,2022-11-24 02:00:00
2022-11-25,1,2022,11.3,28.2,N,3.3,0.0,6.9,Low,25.7,58.0,2022-11-25 02:00:00
2022-11-26,1,2022,10.1,18.0,SW,0.0,-100.0,6.8,Low,26.0,65.0,2022-11-26 02:00:00
2022-11-27,1,2022,9.6,17.4,NW,0.1,0.0,6.8,Low,25.3,60.0,2022-11-27 02:00:00
2022-11-28,1,2022,11.2,25.3,SE,0.0,-100.0,6.7,Low,26.9,58.0,2022-11-28 02:00:00
2022-11-29,1,2022,8.7,24.2,NW,0.2,0.0,6.9,Low,24.6,61.0,2022-11-29 02:00:00
2022-11-30,1,2022,12.2,20.7,NE,0.0,-100.0,6.9,Low,25.4,64.0,2022-11-30 02:00:00
2022-12-01,1,2022,9.9,22.3,S,0.7,0.0,6.9,Low,25.3,60.0,2022-12-01 02:00:00
2022-12-02,1,2022,11.8,25.3,NE,0.0,-100.0,6.8,Low,26.3,62.0,2022-12-02 02:00:00
2022-12-03,1,2022,10.9,16.0,NW,0.0,0.0,6.9,Low,24.7,62.0,2022-12-03 02:00:00
2022-12-04,1,2022,10.6,18.5,NW,0.0,0.0,6.7,Low,25.7,63.0,2022-12-04 02:00:00
2022-12-05,1,2022,9.0,16.7,E,0.0,0.0,6.8,Low,24.2,62.0,2022-12-05 02:00:00
2022-12-06,1,2022,14.0,28.7,NW,0.0,0.0,6.8,Low,25.5,60.0,2022-12-06 02:00:00
2022-12-07,1,2022,12.2,22.3,W,0.0,0.0,6.8,Low,25.6,62.0,2022-12-07 02:00:00
2022-12-08,1,2022,10.4,24.1,W,0.3,0.0,6.8,Low,25.4,61.0,2022-12-08 02:00:00
2022-12-09,1,2022,13.2,28.9,W,1.9,489.0,6.8,Low,24.5,62.0,2022-12-09 02:00:00
2022-12-10,1,2022,8.2,20.7,SW,1.3,-30.0,6.8,Low,25.3,58.0,2022-12-10 02:00:00
2022-12-11,1,2022,9.9,24.5,NW,7.2,442.0,6.9,Low,26.1,62.0,2022-12-11 02:00:00
2022-12-12,1,2022,12.3,26.0,NW,1.5,-80.0,7.0,Low,25.1,61.0,2022-12-12 02:00:00
2022-12-13,1,2022,11.9,22.2,NE,5.7,292.0,6.8,Medium,26.0,58.0,2022-12-13 02:00:00
2022-12-14,1,2022,9.2,24.9,W,0.0,-100.0,6.7,Medium,25.6,61.0,2022-12-14 02:00:00
2022-12-15,1,2022,9.4,20.3,N,0.0,0.0,6.7,Medium,24.9,66.0,2022-12-15 02:00:00
2022-12-16,1,2022,11.3,17.3,SW,7.1,0.0,6.7,Medium,25.4,65.0,2022-12-16 02:00:00
2022-12-17,1,2022,9.9,18.9,W,0.0,-100.0,6.8,Medium,26.5,61.0,2022-12-17 02:00:00
2022-12-18,1,2022,14.9,25.2,NW,0.0,-100.0,6.9,Low,26.0,60.0,2022-12-18 02:00:00
2022-12-19,1,2022,10.9,17.5,E,0.6,0.0,6.9,Low,26.4,63.0,2022-12-19 02:00:00
2022-12-20,1,2022,11.2,22.1,S,0.0,-100.0,7.0,Low,25.4,65.0,2022-12-20 02:00:00
2022-12-21,1,2022,7.8,23.9,NE,0.0,0.0,6.9,Low,27.1,57.0,2022-12-21 02:00:00
2022-12-22,1,2022,9.6,27.5,SW,0.6,0.0,6.7,Low,25.2,58.0,2022-12-22 02:00:00
2022-12-23,1,2022,11.2,25.1,W,2.1,273.0,6.7,Low,26.0,63.0,2022-12-23 02:00:00
2022-12-24,1,2022,9.6,15.8,S,0.0,-98.0,7.1,Low,25.6,59.0,2022-12-24 02:00:00
2022-12-25,1,2022,10.7,22.1,NW,1.7,3838.0,6.8,Low,25.7,59.0,2022-12-25 02:00:00
2022-12-26,1,2022,9.2,25.6,SE,0.2,-87.0,6.8,Low,25.9,59.0,2022-12-26 02:00:00
2022-12-27,1,2022,11.1,22.6,N,5.5,2229.0,6.8,Low,25.3,60.0,2022-12-27 02:00:00
2022-12-28,1,2022,9.8,19.0,SE,0.3,-95.0,6.8,Low,25.4,59.0,2022-12-28 02:00:00
2022-12-29,1,2022,9.9,24.9,N,0.2,-43.0,6.7,Low,25.2,57.0,2022-12-29 02:00:00
2022-12-30,1,2022,10.1,23.2,SE,4.0,2371.0,6.9,Low,27.1,60.0,2022-12-30 02:00:00
2022-12-31,1,2022,11.8,24.2,SE,0.1,-99.0,6.7,Low,27.4,62.0,2022-12-31 02:00:00
2020-01-02,2,2020,11.0,20.5,SW,0.8,0.0,7.0,Med-High,22.1,70.0,2020-01-02 02:00:00
2020-01-03,2,2020,11.1,28.3,SW,0.6,-20.0,7.2,Med-High,22.5,71.0,2020-01-03 02:00:00
2020-01-04,2,2020,11.5,17.2,S,4.4,614.0,7.2,Med-High,22.2,70.0,2020-01-04 02:00:00
2020-01-05,2,2020,11.7,17.8,S,0.1,-97.0,7.3,Med-High,21.3,68.0,2020-01-05 02:00:00
2020-01-06,2,2020,11.4,17.7,NW,0.0,-97.0,7.1,Med-High,22.0,74.0,2020-01-06 02:00:00
2020-01-07,2,2020,11.8,27.4,SE,0.5,16543.0,7.1,Med-High,21.4,70.0,2020-01-07 02:00:00
2020-01-08,2,2020,10.0,20.8,SE,10.6,2077.0,7.2,Med-High,22.3,75.0,2020-01-08 02:00:00
2020-01-09,2,2020,10.5,19.0,W,2.6,-75.0,7.1,Med-High,22.6,65.0,2020-01-09 02:00:00
2020-01-10,2,2020,13.0,19.0,E,7.0,165.0,7.4,Med-High,21.6,72.0,2020-01-10 02:00:00
2020-01-11,2,2020,10.6,16.7,W,0.3,-96.0,7.3,Med-High,22.1,73.0,2020-01-11 02:00:00
2020-01-12,2,2020,12.8,28.2,S,0.8,192.0,7.1,Med-High,22.6,73.0,2020-01-12 02:00:00
2020-01-13,2,2020,10.2,22.1,N,1.2,53.0,7.3,Med-High,22.3,75.0,2020-01-13 02:00:00
2020-01-14,2,2020,8.4,22.4,NE,2.7,119.0,7.3,Med-High,21.4,67.0,2020-01-14 02:00:00
2020-01-15,2,2020,8.8,18.4,S,0.0,-100.0,7.0,Med-High,21.2,71.0,2020-01-15 02:00:00
2020-01-16,2,2020,12.2,19.8,NE,1.5,0.0,7.2,Med-High,23.7,74.0,2020-01-16 02:00:00
2020-01-17,2,2020,11.7,26.1,NE,1.0,-32.0,7.3,Med-High,22.6,76.0,2020-01-17 02:00:00
2020-01-18,2,2020,6.5,24.3,W,0.6,-37.0,7.2,Med-High,23.0,72.0,2020-01-18 02:00:00
2020-01-19,2,2020,11.4,26.2,E,3.3,410.0,7.3,Med-High,22.7,72.0,2020-01-19 02:00:00
2020-01-20,2,2020,10.8,28.3,N,0.7,-80.0,7.2,Med-High,22.3,76.0,2020-01-20 02:00:00
2020-01-21,2,2020,11.5,17.5,S,4.5,588.0,7.2,Med-High,22.5,64.0,2020-01-21 02:00:00
2020-01-22,2,2020,12.1,18.1,SW,2.8,-37.0,7.4,Med-High,22.5,71.0,2020-01-22 02:00:00
2020-01-23,2,2020,9.9,15.4,SE,0.4,-86.0,7.3,Med-High,21.4,71.0,2020-01-23 02:00:00
2020-01-24,2,2020,10.9,27.6,NE,2.9,643.0,7.1,Med-High,21.4,75.0,2020-01-24 02:00:00
2020-01-25,2,2020,12.0,20.7,N,1.8,-40.0,7.1,Med-High,23.0,68.0,2020-01-25 02:00:00
2020-01-26,2,2020,9.2,17.0,NE,4.0,128.0,7.2,Med-High,22.3,75.0,2020-01-26 02:00:00
2020-01-27,2,2020,11.6,24.9,E,1.9,-54.0,7.2,Med-High,21.5,70.0,2020-01-27 02:00:00
2020-01-28,2,2020,12.8,30.7,NW,8.7,363.0,7.1,Med-High,23.1,65.0,2020-01-28 02:00:00
2020-01-29,2,2020,11.3,25.8,NW,2.6,-70.0,7.2,Med-High,23.2,69.0,2020-01-29 02:00:00
2020-01-30,2,2020,10.0,15.6,N,0.2,-93.0,7.1,Med-High,22.3,75.0,2020-01-30 02:00:00
2020-01-31,2,2020,9.2,15.3,E,5.3,2775.0,7.0,Med-High,22.8,72.0,2020-01-31 02:00:00
2020-02-01,2,2020,11.2,26.9,NE,0.7,-87.0,7.2,Med-High,21.8,71.0,2020-02-01 02:00:00
2020-02-02,2,2020,8.9,19.0,W,3.1,354.0,7.1,Med-High,21.5,73.0,2020-02-02 02:00:00
2020-02-03,2,2020,12.3,30.3,SE,0.6,-82.0,7.2,Med-High,21.8,69.0,2020-02-03 02:00:00
2020-02-04,2,2020,9.3,25.2,S,0.7,22.0,7.1,Med-High,21.6,74.0,2020-02-04 02:00:00
2020-02-05,2,2020,10.0,22.6,NE,0.8,16.0,7.3,Med-High,21.9,72.0,2020-02-05 02:00:00
2020-02-06,2,2020,10.9,25.4,NE,0.0,-100.0,7.0,Med-High,22.6,64.0,2020-02-06 02:00:00
2020-02-07,2,2020,9.6,18.8,SE,0.4,0.0,7.0,Med-High,22.2,68.0,2020-02-07 02:00:00
2020-02-08,2,2020,12.1,26.2,S,0.0,-100.0,7.2,Med-High,23.1,68.0,2020-02-08 02:00:00
2020-02-09,2,2020,11.9,21.4,E,2.9,0.0,7.0,Med-High,22.4,73.0,2020-02-09 02:00:00
2020-02-10,2,2020,10.0,21.0,N,1.0,-66.0,7.2,Med-High,23.0,62.0,2020-02-10 02:00:00
2020-02-11,2,2020,12.6,21.7,NE,2.7,169.0,7.1,Med-High,22.3,69.0,2020-02-11 02:00:00
2020-02-12,2,2020,11.7,20.1,N,0.5,-80.0,7.0,Med-High,22.0,72.0,2020-02-12 02:00:00
2020-02-13,2,2020,11.1,23.7,SE,4.1,661.0,7.2,Med-High,22.2,73.0,2020-02-13 02:00:00
2020-02-14,2,2020,9.2,19.5,W,0.2,-95.0,7.2,Med-High,22.7,65.0,2020-02-14 02:00:00
2020-02-15,2,2020,11.2,22.5,SW,8.3,4016.0,7.1,Med-High,21.0,70.0,2020-02-15 02:00:00
2020-02-16,2,2020,11.2,19.0,SE,1.5,-82.0,7.1,Med-High,21.9,72.0,2020-02-16 02:00:00
2020-02-17,2,2020,10.5,24.2,SW,1.8,24.0,7.0,Med-High,22.7,68.0,2020-02-17 02:00:00
2020-02-18,2,2020,10.2,18.3,N,1.1,-42.0,7.1,Med-High,22.4,71.0,2020-02-18 02:00:00
2020-02-19,2,2020,11.6,27.5,N,1.7,58.0,7.0,Med-High,22.3,65.0,2020-02-19 02:00:00
2020-02-20,2,2020,11.3,27.2,W,1.3,-21.0,7.2,Med-High,21.3,72.0,2020-02-20 02:00:00
2020-02-21,2,2020,9.9,21.0,N,1.8,35.0,7.1,Med-High,23.0,70.0,2020-02-21 02:00:00
2020-02-22,2,2020,14.2,27.6,E,2.6,48.0,7.2,Med-High,22.7,70.0,2020-02-22 02:00:00
2020-02-23,2,2020,11.8,23.6,W,0.6,-77.0,7.1,Med-High,22.5,68.0,2020-02-23 02:00:00
2020-02-24,2,2020,10.9,19.6,SE,0.0,-100.0,7.1,Med-High,23.4,74.0,2020-02-24 02:00:00
2020-02-25,2,2020,12.8,19.7,SW,1.3,0.0,7.1,Med-High,22.8,71.0,2020-02-25 02:00:00
2020-02-26,2,2020,12.0,28.9,NW,2.0,47.0,6.9,Med-High,21.3,70.0,2020-02-26 02:00:00
2020-02-27,2,2020,9.7,26.3,SW,0.6,-71.0,7.3,Med-High,21.0,75.0,2020-02-27 02:00:00
2020-02-28,2,2020,8.4,14.4,N,2.3,306.0,7.1,Med-High,23.2,75.0,2020-02-28 02:00:00
2020-02-29,2,2020,12.9,29.4,NW,0.5,-79.0,7.1,Med-High,22.1,69.0,2020-02-29 02:00:00
2020-03-01,2,2020,8.8,16.6,SE,1.2,153.0,7.0,Medium,23.1,73.0,2020-03-01 02:00:00
2020-03-02,2,2020,11.5,26.3,E,1.0,-16.0,7.4,Medium,22.0,74.0,2020-03-02 02:00:00
2020-03-03,2,2020,9.5,14.9,N,0.0,-100.0,7.2,Medium,22.7,70.0,2020-03-03 02:00:00
2020-03-04,2,2020,8.9,24.9,NW,7.8,0.0,7.1,Medium,23.0,74.0,2020-03-04 02:00:00
2020-03-05,2,2020,11.1,22.0,SW,2.3,-71.0,7.3,Medium,22.8,70.0,2020-03-05 02:00:00
2020-03-06,2,2020,9.9,22.7,SE,3.6,55.0,7.1,Med-High,21.5,75.0,2020-03-06 02:00:00
2020-03-07,2,2020,10.6,22.4,S,0.0,-99.0,6.9,Medium,22.7,65.0,2020-03-07 02:00:00
2020-03-08,2,2020,9.6,24.6,SE,1.4,2937.0,7.1,Med-High,22.2,63.0,2020-03-08 02:00:00
2020-03-09,2,2020,11.0,26.8,SW,0.3,-75.0,7.0,Med-High,22.1,73.0,2020-03-09 02:00:00
2020-03-10,2,2020,10.5,24.1,W,0.4,28.0,7.0,Med-High,23.1,64.0,2020-03-10 02:00:00
2020-03-11,2,2020,13.7,30.6,N,0.0,-90.0,7.3,Medium,22.4,74.0,2020-03-11 02:00:00
2020-03-12,2,2020,9.9,22.0,W,5.9,13865.0,7.1,Med-High,22.0,71.0,2020-03-12 02:00:00
2020-03-13,2,2020,9.9,23.7,E,0.6,-89.0,7.1,Med-High,23.8,67.0,2020-03-13 02:00:00
2020-03-14,2,2020,11.9,20.2,NW,1.6,147.0,7.2,Med-High,22.8,66.0,2020-03-14 02:00:00
2020-03-15,2,2020,12.2,17.4,S,1.6,3.0,6.9,Medium,22.4,67.0,2020-03-15 02:00:00
2020-03-16,2,2020,11.0,18.7,N,1.5,-4.0,7.1,Medium,21.7,71.0,2020-03-16 02:00:00
2020-03-17,2,2020,10.2,22.1,W,9.7,528.0,7.2,Med-High,21.9,68.0,2020-03-17 02:00:00
2020-03-18,2,2020,8.3,15.1,NE,0.7,-92.0,7.1,Med-High,22.5,69.0,2020-03-18 02:00:00
2020-03-19,2,2020,8.9,22.0,NE,0.1,-85.0,7.1,Med-High,22.6,71.0,2020-03-19 02:00:00
2020-03-20,2,2020,14.2,23.8,S,0.1,-25.0,7.0,Medium,22.1,67.0,2020-03-20 02:00:00
2020-03-21,2,2020,8.5,14.8,NE,1.6,1792.0,7.1,Medium,23.6,71.0,2020-03-21 02:00:00
2020-03-22,2,2020,11.3,17.7,S,0.9,-41.0,7.2,Medium,22.1,69.0,2020-03-22 02:00:00
2020-03-23,2,2020,13.0,18.9,NW,0.4,-60.0,7.0,Medium,22.5,72.0,2020-03-23 02:00:00
2020-03-24,2,2020,11.2,21.0,W,0.0,-100.0,7.1,Medium,23.1,70.0,2020-03-24 02:00:00
2020-03-25,2,2020,11.8,26.6,SE,0.0,0.0,7.2,Medium,22.4,67.0,2020-03-25 02:00:00
2020-03-26,2,2020,14.8,31.9,W,0.8,0.0,7.2,Medium,23.5,69.0,2020-03-26 02:00:00
2020-03-27,2,2020,12.6,28.8,S,0.0,-100.0,7.3,Low,24.4,70.0,2020-03-27 02:00:00
2020-03-28,2,2020,10.0,16.9,SE,1.0,0.0,7.1,Low,22.8,73.0,2020-03-28 02:00:00
2020-03-29,2,2020,11.0,25.9,E,0.1,-87.0,7.3,Low,23.0,68.0,2020-03-29 02:00:00
2020-03-30,2,2020,8.8,23.3,NE,0.9,531.0,7.1,Low,22.1,68.0,2020-03-30 02:00:00
2020-03-31,2,2020,11.0,16.9,NW,0.0,-100.0,7.1,Low,23.3,74.0,2020-03-31 02:00:00
2020-04-01,2,2020,8.5,19.1,SW,1.5,0.0,7.0,Low,23.4,69.0,2020-04-01 02:00:00
2020-04-02,2,2020,10.7,27.0,E,0.0,-100.0,7.3,Low,23.9,71.0,2020-04-02 02:00:00
2020-04-03,2,2020,10.9,19.5,W,2.6,0.0,7.1,Low,23.6,68.0,2020-04-03 02:00:00
2020-04-04,2,2020,10.6,18.8,E,1.2,-52.0,7.0,Low,22.1,67.0,2020-04-04 02:00:00
2020-04-05,2,2020,8.1,13.9,NE,0.2,-86.0,7.1,Low,22.6,69.0,2020-04-05 02:00:00
2020-04-06,2,2020,11.8,25.7,SE,0.0,-78.0,7.0,Low,23.2,69.0,2020-04-06 02:00:00
2020-04-07,2,2020,8.8,22.0,E,2.0,5127.0,7.2,Low,23.8,66.0,2020-04-07 02:00:00
2020-04-08,2,2020,12.4,27.4,SW,0.4,-80.0,7.0,Low,23.9,74.0,2020-04-08 02:00:00
2020-04-09,2,2020,10.8,27.2,NE,1.0,157.0,7.2,Low,24.0,68.0,2020-04-09 02:00:00
2020-04-10,2,2020,9.7,22.6,SW,0.7,-32.0,7.1,Low,24.0,67.0,2020-04-10 02:00:00
2020-04-11,2,2020,12.9,24.7,W,0.0,-100.0,7.2,Low,22.9,65.0,2020-04-11 02:00:00
2020-04-12,2,2020,14.5,20.1,E,0.4,0.0,6.9,Low,22.6,66.0,2020-04-12 02:00:00
2020-04-13,2,2020,11.5,27.8,SW,0.2,-51.0,7.2,Low,22.6,62.0,2020-04-13 02:00:00
2020-04-14,2,2020,10.2,27.6,E,3.3,1528.0,6.9,Low,23.1,69.0,2020-04-14 02:00:00
2020-04-15,2,2020,9.5,22.7,SE,0.4,-88.0,7.1,Low,22.4,70.0,2020-04-15 02:00:00
2020-04-16,2,2020,12.5,30.1,NE,0.0,-100.0,6.9,Low,23.0,64.0,2020-04-16 02:00:00
2020-04-17,2,2020,9.9,20.9,N,2.2,0.0,7.2,Low,23.6,68.0,2020-04-17 02:00:00
2020-04-18,2,2020,9.7,16.0,W,0.0,-100.0,7.1,Low,23.1,67.0,2020-04-18 02:00:00
2020-04-19,2,2020,11.9,19.0,W,0.0,0.0,7.2,Low,23.4,66.0,2020-04-19 02:00:00
2020-04-20,2,2020,10.7,21.8,SW,3.6,0.0,7.1,Low,23.7,70.0,2020-04-20 02:00:00
2020-04-21,2,2020,10.7,19.7,SE,1.1,-69.0,7.2,Low,22.8,72.0,2020-04-21 02:00:00
2020-04-22,2,2020,9.7,27.0,W,1.4,20.0,7.0,Low,23.1,67.0,2020-04-22 02:00:00
2020-04-23,2,2020,8.5,24.1,NE,0.2,-85.0,7.1,Low,23.2,73.0,2020-04-23 02:00:00
2020-04-24,2,2020,10.1,22.4,SE,10.3,5007.0,7.1,Low,23.7,70.0,2020-04-24 02:00:00
2020-04-25,2,2020,12.4,19.9,W,0.0,-100.0,7.2,Low,24.3,72.0,2020-04-25 02:00:00
2020-04-26,2,2020,9.9,17.6,SW,2.0,0.0,7.1,Low,23.7,65.0,2020-04-26 02:00:00
2020-04-27,2,2020,12.9,26.4,E,7.2,268.0,7.0,Low,24.0,71.0,2020-04-27 02:00:00
2020-04-28,2,2020,12.9,26.6,NW,2.7,-63.0,7.1,Low,22.9,65.0,2020-04-28 02:00:00
2020-04-29,2,2020,11.6,20.3,SE,0.0,-100.0,7.1,Low,24.4,70.0,2020-04-29 02:00:00
2020-04-30,2,2020,10.7,25.0,NW,3.3,0.0,7.2,Low,23.1,67.0,2020-04-30 02:00:00
2020-05-01,2,2020,11.7,19.3,N,0.9,-73.0,7.1,Low,22.6,64.0,2020-05-01 02:00:00
2020-05-02,2,2020,10.3,19.0,NW,0.1,-86.0,6.9,Low,23.6,69.0,2020-05-02 02:00:00
2020-05-03,2,2020,10.6,19.4,SE,0.0,-70.0,7.2,Low,23.1,69.0,2020-05-03 02:00:00
2020-05-04,2,2020,11.3,22.7,N,5.3,13471.0,7.1,Low,24.2,71.0,2020-05-04 02:00:00
2020-05-05,2,2020,11.8,18.4,W,2.8,-47.0,7.1,Low,24.2,70.0,2020-05-05 02:00:00
2020-05-06,2,2020,12.7,26.4,SE,0.3,-88.0,7.0,Low,23.0,72.0,2020-05-06 02:00:00
2020-05-07,2,2020,11.9,27.7,S,0.9,163.0,7.2,Low,24.0,67.0,2020-05-07 02:00:00
2020-05-08,2,2020,12.9,25.1,N,1.1,27.0,7.1,Low,22.4,69.0,2020-05-08 02:00:00
2020-05-09,2,2020,8.6,24.5,SE,0.4,-64.0,7.0,Low,22.8,72.0,2020-05-09 02:00:00
2020-05-10,2,2020,9.9,24.1,SW,0.2,-49.0,6.9,Low,23.8,64.0,2020-05-10 02:00:00
2020-05-11,2,2020,9.7,23.4,E,0.2,6.0,7.1,Low,23.8,69.0,2020-05-11 02:00:00
2020-05-12,2,2020,9.8,20.6,N,0.0,-100.0,7.1,Low,22.8,73.0,2020-05-12 02:00:00
2020-05-13,2,2020,12.7,26.2,E,0.9,0.0,6.9,Low,24.6,67.0,2020-05-13 02:00:00
2020-05-14,2,2020,11.0,19.5,E,0.0,-100.0,7.1,Low,22.1,72.0,2020-05-14 02:00:00
2020-05-15,2,2020,11.9,26.4,S,0.0,0.0,7.1,Low,21.5,67.0,2020-05-15 02:00:00
2020-05-16,2,2020,10.0,21.7,S,3.7,28436.0,7.1,Low,23.4,71.0,2020-05-16 02:00:00
2020-05-17,2,2020,9.0,26.6,E,0.1,-97.0,6.8,Low,24.1,67.0,2020-05-17 02:00:00
2020-05-18,2,2020,10.4,15.5,N,0.0,-100.0,7.1,Low,22.9,67.0,2020-05-18 02:00:00
2020-05-19,2,2020,10.6,21.0,N,2.2,0.0,7.1,Low,23.8,70.0,2020-05-19 02:00:00
2020-05-20,2,2020,10.1,23.5,S,0.5,-76.0,7.0,Low,23.9,64.0,2020-05-20 02:00:00
2020-05-21,2,2020,9.0,19.4,SE,2.9,450.0,7.2,Low,22.9,67.0,2020-05-21 02:00:00
2020-05-22,2,2020,8.8,18.2,NE,2.4,-17.0,7.2,Low,22.9,61.0,2020-05-22 02:00:00
2020-05-23,2,2020,12.7,30.2,SW,0.2,-94.0,7.3,Low,22.5,68.0,2020-05-23 02:00:00
2020-05-24,2,2020,11.6,24.0,SE,0.7,340.0,7.1,Low,22.2,62.0,2020-05-24 02:00:00
2020-05-25,2,2020,13.8,22.3,S,1.2,88.0,7.0,Low,24.2,72.0,2020-05-25 02:00:00
2020-05-26,2,2020,13.4,30.5,SW,0.5,-61.0,7.3,Low,23.2,65.0,2020-05-26 02:00:00
2020-05-27,2,2020,13.7,22.6,N,2.8,478.0,7.1,Low,23.3,67.0,2020-05-27 02:00:00
2020-05-28,2,2020,11.7,24.7,NE,3.9,41.0,7.0,Low,23.1,69.0,2020-05-28 02:00:00
2020-05-29,2,2020,11.2,29.1,W,1.1,-72.0,7.0,Low,24.6,73.0,2020-05-29 02:00:00
2020-05-30,2,2020,11.7,29.7,SE,2.7,148.0,7.1,Low,22.9,64.0,2020-05-30 02:00:00
2020-05-31,2,2020,9.5,26.3,W,1.6,-40.0,7.2,Low,22.8,65.0,2020-05-31 02:00:00
2020-06-01,2,2020,9.7,18.6,SW,0.0,-100.0,7.0,Low,23.2,69.0,2020-06-01 02:00:00
2020-06-02,2,2020,12.3,17.4,N,0.7,0.0,6.9,Low,24.2,68.0,2020-06-02 02:00:00
2020-06-03,2,2020,11.8,20.0,SE,0.9,29.0,7.1,Low,24.5,70.0,2020-06-03 02:00:00
2020-06-04,2,2020,11.0,16.6,E,0.2,-83.0,7.2,Low,23.1,65.0,2020-06-04 02:00:00
2020-06-05,2,2020,8.9,22.7,SW,0.0,-100.0,7.1,Low,23.5,71.0,2020-06-05 02:00:00
2020-06-06,2,2020,10.6,28.2,SE,0.0,0.0,7.0,Low,23.8,75.0,2020-06-06 02:00:00
2020-06-07,2,2020,11.4,23.5,E,1.9,0.0,7.2,Low,23.2,67.0,2020-06-07 02:00:00
2020-06-08,2,2020,8.6,24.0,N,0.0,-100.0,7.3,Low,23.8,61.0,2020-06-08 02:00:00
2020-06-09,2,2020,10.4,22.9,W,1.0,0.0,7.0,Low,23.3,67.0,2020-06-09 02:00:00
2020-06-10,2,2020,12.1,28.5,NW,10.7,1021.0,7.0,Low,23.1,72.0,2020-06-10 02:00:00
2020-06-11,2,2020,8.2,15.5,SW,4.5,-58.0,7.1,Low,24.2,66.0,2020-06-11 02:00:00
2020-06-12,2,2020,8.3,15.5,N,1.1,-76.0,6.9,Low,24.5,74.0,2020-06-12 02:00:00
2020-06-13,2,2020,9.4,18.9,S,1.3,21.0,7.0,Low,24.1,66.0,2020-06-13 02:00:00
2020-06-14,2,2020,10.9,27.1,NE,6.8,411.0,7.1,Low,23.2,71.0,2020-06-14 02:00:00
2020-06-15,2,2020,11.9,19.0,SE,0.0,-100.0,7.1,Low,23.0,67.0,2020-06-15 02:00:00
2020-06-16,2,2020,11.2,22.5,NW,0.0,0.0,7.0,Low,22.8,69.0,2020-06-16 02:00:00
2020-06-17,2,2020,9.1,23.5,NW,4.4,0.0,7.0,Low,24.6,69.0,2020-06-17 02:00:00
2020-06-18,2,2020,13.9,20.5,SW,2.0,-55.0,7.0,Low,23.7,63.0,2020-06-18 02:00:00
2020-06-19,2,2020,12.0,20.8,NW,0.5,-77.0,7.0,Low,23.5,65.0,2020-06-19 02:00:00
2020-06-20,2,2020,11.9,19.1,W,2.3,398.0,6.9,Low,24.8,66.0,2020-06-20 02:00:00
2020-06-21,2,2020,13.3,26.3,NW,0.0,-100.0,6.7,Low,23.9,68.0,2020-06-21 02:00:00
2020-06-22,2,2020,11.6,24.4,NW,0.0,0.0,6.9,Low,23.9,66.0,2020-06-22 02:00:00
2020-06-23,2,2020,11.8,25.6,W,0.1,0.0,6.9,Low,23.0,64.0,2020-06-23 02:00:00
2020-06-24,2,2020,6.9,23.1,SE,2.2,1909.0,7.0,Low,25.6,68.0,2020-06-24 02:00:00
2020-06-25,2,2020,9.9,23.8,W,2.6,19.0,7.0,Low,23.9,72.0,2020-06-25 02:00:00
2020-06-26,2,2020,8.1,24.7,E,0.0,-100.0,6.9,Low,24.2,67.0,2020-06-26 02:00:00
2020-06-27,2,2020,12.2,19.5,E,1.4,0.0,7.1,Low,23.5,72.0,2020-06-27 02:00:00
2020-06-28,2,2020,10.7,17.6,E,6.5,373.0,7.1,Low,22.3,70.0,2020-06-28 02:00:00
2020-06-29,2,2020,10.9,24.5,E,1.3,-80.0,6.9,Low,23.0,61.0,2020-06-29 02:00:00
2020-06-30,2,2020,10.9,24.0,W,0.3,-76.0,7.1,Low,22.9,65.0,2020-06-30 02:00:00
2020-07-01,2,2020,9.8,25.1,SE,0.9,180.0,6.9,Low,24.7,67.0,2020-07-01 02:00:00
2020-07-02,2,2020,14.0,29.1,NE,1.6,80.0,7.0,Low,24.4,68.0,2020-07-02 02:00:00
2020-07-03,2,2020,9.5,22.3,N,0.0,-100.0,6.8,Low,24.3,73.0,2020-07-03 02:00:00
2020-07-04,2,2020,10.0,22.8,SE,0.0,0.0,7.0,Low,24.6,64.0,2020-07-04 02:00:00
2020-07-05,2,2020,10.9,16.9,SW,1.6,0.0,6.9,Low,24.3,66.0,2020-07-05 02:00:00
2020-07-06,2,2020,9.8,21.7,NW,0.3,-84.0,6.9,Low,24.3,61.0,2020-07-06 02:00:00
2020-07-07,2,2020,9.6,18.1,N,0.7,171.0,7.0,Low,23.6,66.0,2020-07-07 02:00:00
2020-07-08,2,2020,9.9,19.2,SW,1.3,80.0,6.8,Low,23.6,60.0,2020-07-08 02:00:00
2020-07-09,2,2020,10.9,28.5,W,1.0,-28.0,7.0,Low,23.9,61.0,2020-07-09 02:00:00
2020-07-10,2,2020,11.1,28.4,S,0.4,-63.0,6.8,Low,24.1,66.0,2020-07-10 02:00:00
2020-07-11,2,2020,10.1,15.3,S,0.0,-100.0,7.1,Low,24.0,71.0,2020-07-11 02:00:00
2020-07-12,2,2020,10.7,25.7,NE,3.6,0.0,7.0,Low,24.2,66.0,2020-07-12 02:00:00
2020-07-13,2,2020,9.7,23.4,NW,0.1,-97.0,7.1,Low,23.9,64.0,2020-07-13 02:00:00
2020-07-14,2,2020,11.7,21.8,W,3.4,3255.0,7.1,Low,24.3,66.0,2020-07-14 02:00:00
2020-07-15,2,2020,8.6,20.2,NE,0.6,-82.0,7.0,Low,23.9,64.0,2020-07-15 02:00:00
2020-07-16,2,2020,11.1,17.1,S,0.0,-100.0,7.0,Low,24.4,65.0,2020-07-16 02:00:00
2020-07-17,2,2020,10.7,24.6,SE,0.7,0.0,7.0,Low,24.9,64.0,2020-07-17 02:00:00
2020-07-18,2,2020,11.4,24.7,SE,3.2,326.0,6.8,Low,23.5,64.0,2020-07-18 02:00:00
2020-07-19,2,2020,12.7,23.8,SE,0.4,-86.0,7.1,Low,24.1,69.0,2020-07-19 02:00:00
2020-07-20,2,2020,11.2,23.6,NW,2.8,528.0,6.8,Low,25.2,62.0,2020-07-20 02:00:00
2020-07-21,2,2020,6.7,12.9,N,2.3,-19.0,6.9,Low,23.2,63.0,2020-07-21 02:00:00
2020-07-22,2,2020,10.5,18.7,W,8.8,290.0,6.9,Low,23.2,66.0,2020-07-22 02:00:00
2020-07-23,2,2020,12.5,28.8,SE,0.0,-100.0,7.1,Low,24.4,62.0,2020-07-23 02:00:00
2020-07-24,2,2020,11.0,25.8,W,0.0,0.0,6.8,Low,24.1,68.0,2020-07-24 02:00:00
2020-07-25,2,2020,9.4,21.6,SE,3.6,0.0,6.9,Low,24.5,67.0,2020-07-25 02:00:00
2020-07-26,2,2020,10.5,27.4,SE,2.6,-28.0,7.1,Low,24.7,64.0,2020-07-26 02:00:00
2020-07-27,2,2020,10.6,22.1,N,5.1,98.0,7.0,Low,23.7,65.0,2020-07-27 02:00:00
2020-07-28,2,2020,11.3,16.9,S,0.4,-93.0,7.0,Low,23.5,66.0,2020-07-28 02:00:00
2020-07-29,2,2020,11.5,17.3,NW,0.7,84.0,7.0,Low,24.4,64.0,2020-07-29 02:00:00
2020-07-30,2,2020,10.1,26.5,NW,1.4,110.0,7.0,Low,23.4,64.0,2020-07-30 02:00:00
2020-07-31,2,2020,10.0,19.5,S,0.1,-89.0,7.1,Low,22.6,63.0,2020-07-31 02:00:00
2020-08-01,2,2020,10.6,26.3,E,2.7,1748.0,6.8,Low,24.5,67.0,2020-08-01 02:00:00
2020-08-02,2,2020,10.0,26.3,NW,1.0,-64.0,7.0,Low,23.5,68.0,2020-08-02 02:00:00
2020-08-03,2,2020,9.9,17.3,W,1.0,3.0,6.9,Low,25.1,62.0,2020-08-03 02:00:00
2020-08-04,2,2020,11.7,23.5,NE,0.7,-29.0,7.0,Low,24.5,67.0,2020-08-04 02:00:00
2020-08-05,2,2020,11.7,25.3,SE,0.0,-100.0,7.0,Low,23.8,69.0,2020-08-05 02:00:00
2020-08-06,2,2020,11.2,19.3,SE,1.4,0.0,7.2,Low,24.7,68.0,2020-08-06 02:00:00
2020-08-07,2,2020,10.7,22.1,SE,3.8,180.0,7.0,Low,25.3,64.0,2020-08-07 02:00:00
2020-08-08,2,2020,9.2,20.1,SW,0.0,-100.0,7.1,Low,25.8,66.0,2020-08-08 02:00:00
2020-08-09,2,2020,10.9,25.6,N,0.9,0.0,6.7,Low,23.1,62.0,2020-08-09 02:00:00
2020-08-10,2,2020,12.5,28.8,N,0.1,-91.0,7.0,Low,24.5,67.0,2020-08-10 02:00:00
2020-08-11,2,2020,11.3,19.4,NW,1.3,1374.0,7.0,Low,23.4,64.0,2020-08-11 02:00:00
2020-08-12,2,2020,14.0,21.2,NE,0.0,-100.0,6.9,Low,23.6,66.0,2020-08-12 02:00:00
2020-08-13,2,2020,11.2,21.6,N,0.8,0.0,6.9,Low,25.5,70.0,2020-08-13 02:00:00
2020-08-14,2,2020,11.7,29.0,NE,3.5,360.0,7.0,Low,24.6,65.0,2020-08-14 02:00:00
2020-08-15,2,2020,8.7,24.2,E,1.0,-72.0,7.0,Low,23.9,65.0,2020-08-15 02:00:00
2020-08-16,2,2020,10.2,25.7,E,2.9,202.0,7.1,Low,24.3,67.0,2020-08-16 02:00:00
2020-08-17,2,2020,11.7,19.9,N,5.0,73.0,6.9,Low,23.8,63.0,2020-08-17 02:00:00
2020-08-18,2,2020,10.1,17.5,SE,1.4,-73.0,7.0,Low,24.0,68.0,2020-08-18 02:00:00
2020-08-19,2,2020,12.9,24.5,E,2.2,61.0,7.0,Low,24.1,65.0,2020-08-19 02:00:00
2020-08-20,2,2020,12.9,26.7,E,0.8,-61.0,7.0,Low,24.4,66.0,2020-08-20 02:00:00
2020-08-21,2,2020,9.1,15.3,N,0.0,-100.0,7.1,Low,25.8,63.0,2020-08-21 02:00:00
2020-08-22,2,2020,9.4,17.6,SE,3.0,0.0,6.9,Low,24.6,57.0,2020-08-22 02:00:00
2020-08-23,2,2020,10.4,25.0,W,0.0,-100.0,6.9,Low,24.9,62.0,2020-08-23 02:00:00
2020-08-24,2,2020,10.0,22.9,NE,0.0,0.0,6.9,Low,24.6,60.0,2020-08-24 02:00:00
2020-08-25,2,2020,11.8,25.4,E,0.0,0.0,6.8,Low,24.6,63.0,2020-08-25 02:00:00
2020-08-26,2,2020,10.1,24.9,W,0.7,0.0,6.9,Low,24.9,61.0,2020-08-26 02:00:00
2020-08-27,2,2020,12.7,27.9,N,0.8,15.0,6.9,Low,24.0,62.0,2020-08-27 02:00:00
2020-08-28,2,2020,11.2,28.5,SW,2.6,227.0,7.0,Low,25.3,60.0,2020-08-28 02:00:00
2020-08-29,2,2020,7.7,20.3,N,0.0,-100.0,6.9,Low,23.7,63.0,2020-08-29 02:00:00
2020-08-30,2,2020,11.5,28.7,N,0.3,0.0,7.0,Low,23.2,64.0,2020-08-30 02:00:00
2020-08-31,2,2020,11.2,19.2,S,5.3,1650.0,7.1,Low,24.5,64.0,2020-08-31 02:00:00
2020-09-01,2,2020,8.2,25.6,W,0.0,-100.0,7.0,Low,23.6,67.0,2020-09-01 02:00:00
2020-09-02,2,2020,13.5,26.0,SE,0.1,0.0,7.0,Low,24.9,63.0,2020-09-02 02:00:00
2020-09-03,2,2020,11.9,26.2,SE,0.0,-100.0,6.9,Low,24.9,62.0,2020-09-03 02:00:00
2020-09-04,2,2020,9.9,26.4,W,1.4,0.0,7.1,Low,24.3,58.0,2020-09-04 02:00:00
2020-09-05,2,2020,12.1,19.2,E,0.2,-88.0,6.9,Low,25.0,63.0,2020-09-05 02:00:00
2020-09-06,2,2020,12.0,17.4,SW,0.0,-100.0,6.9,Low,25.0,65.0,2020-09-06 02:00:00
2020-09-07,2,2020,10.4,17.7,E,0.0,0.0,6.8,Low,24.0,61.0,2020-09-07 02:00:00
2020-09-08,2,2020,11.6,23.6,N,0.4,0.0,6.8,Low,24.3,63.0,2020-09-08 02:00:00
2020-09-09,2,2020,11.0,16.4,SE,0.0,-100.0,6.9,Low,23.7,64.0,2020-09-09 02:00:00
2020-09-10,2,2020,14.6,30.0,N,0.0,0.0,6.8,Low,23.7,65.0,2020-09-10 02:00:00
2020-09-11,2,2020,11.0,26.2,W,0.6,0.0,6.9,Low,23.4,60.0,2020-09-11 02:00:00
2020-09-12,2,2020,9.7,25.5,NW,6.4,921.0,6.7,Low,24.9,64.0,2020-09-12 02:00:00
2020-09-13,2,2020,12.4,30.1,SW,6.2,-2.0,7.0,Low,25.0,66.0,2020-09-13 02:00:00
2020-09-14,2,2020,8.7,17.6,SW,0.0,-100.0,6.8,Low,24.2,61.0,2020-09-14 02:00:00
2020-09-15,2,2020,11.8,25.8,S,0.1,0.0,7.0,Low,24.3,67.0,2020-09-15 02:00:00
2020-09-16,2,2020,8.7,24.0,S,4.1,7704.0,7.1,Low,24.9,64.0,2020-09-16 02:00:00
2020-09-17,2,2020,8.1,17.7,E,2.5,-39.0,6.9,Low,23.7,61.0,2020-09-17 02:00:00
2020-09-18,2,2020,9.9,19.3,NW,0.0,-100.0,6.9,Low,25.2,64.0,2020-09-18 02:00:00
2020-09-19,2,2020,10.2,19.2,NE,1.5,0.0,6.9,Low,24.4,61.0,2020-09-19 02:00:00
2020-09-20,2,2020,13.6,25.6,E,0.8,-45.0,6.7,Low,24.2,65.0,2020-09-20 02:00:00
2020-09-21,2,2020,11.2,26.0,S,1.0,19.0,6.8,Low,25.1,63.0,2020-09-21 02:00:00
2020-09-22,2,2020,9.9,17.4,NW,1.3,30.0,6.9,Low,25.7,65.0,2020-09-22 02:00:00
2020-09-23,2,2020,8.7,23.8,NE,0.8,-36.0,6.9,Low,23.8,64.0,2020-09-23 02:00:00
2020-09-24,2,2020,13.3,23.3,SE,0.0,-100.0,6.8,Low,25.9,61.0,2020-09-24 02:00:00
2020-09-25,2,2020,11.8,21.3,SE,0.3,0.0,6.9,Low,25.0,63.0,2020-09-25 02:00:00
2020-09-26,2,2020,10.9,28.2,N,4.0,1291.0,6.6,Low,25.7,58.0,2020-09-26 02:00:00
2020-09-27,2,2020,12.9,18.7,W,1.0,-74.0,6.8,Low,23.5,62.0,2020-09-27 02:00:00
2020-09-28,2,2020,11.4,28.0,S,0.0,-100.0,7.0,Low,25.6,63.0,2020-09-28 02:00:00
2020-09-29,2,2020,11.1,23.6,S,3.0,0.0,7.0,Low,25.3,64.0,2020-09-29 02:00:00
2020-09-30,2,2020,10.9,16.8,SW,3.0,2.0,7.0,Low,24.2,62.0,2020-09-30 02:00:00
2020-10-01,2,2020,11.2,20.4,W,0.4,-85.0,6.8,Low,24.9,61.0,2020-10-01 02:00:00
2020-10-02,2,2020,15.1,30.8,NE,0.0,-100.0,6.7,Low,25.3,64.0,2020-10-02 02:00:00
2020-10-03,2,2020,10.8,19.1,NW,5.1,0.0,6.8,Low,25.5,58.0,2020-10-03 02:00:00
2020-10-04,2,2020,10.2,19.8,W,0.0,-100.0,6.9,Low,26.1,64.0,2020-10-04 02:00:00
2020-10-05,2,2020,10.4,28.4,E,3.7,0.0,7.0,Low,25.5,62.0,2020-10-05 02:00:00
2020-10-06,2,2020,10.6,16.9,NW,0.2,-94.0,6.9,Low,24.5,62.0,2020-10-06 02:00:00
2020-10-07,2,2020,8.9,24.2,SW,0.0,-100.0,6.8,Low,26.4,61.0,2020-10-07 02:00:00
2020-10-08,2,2020,9.8,27.1,N,0.2,0.0,6.7,Low,25.5,60.0,2020-10-08 02:00:00
2020-10-09,2,2020,13.2,30.2,SE,0.5,177.0,7.0,Low,25.2,64.0,2020-10-09 02:00:00
2020-10-10,2,2020,9.7,25.5,E,2.8,439.0,6.7,Low,25.4,63.0,2020-10-10 02:00:00
2020-10-11,2,2020,12.3,23.9,NE,4.2,49.0,6.9,Low,25.5,60.0,2020-10-11 02:00:00
2020-10-12,2,2020,11.3,29.0,NE,0.2,-96.0,6.9,Low,25.1,69.0,2020-10-12 02:00:00
2020-10-13,2,2020,11.5,16.9,S,1.2,638.0,6.8,Low,24.8,62.0,2020-10-13 02:00:00
2020-10-14,2,2020,11.0,20.4,W,0.0,-100.0,6.8,Low,24.9,65.0,2020-10-14 02:00:00
2020-10-15,2,2020,11.3,28.8,NE,2.6,0.0,6.8,Low,24.9,61.0,2020-10-15 02:00:00
2020-10-16,2,2020,12.7,23.2,S,0.2,-93.0,6.8,Low,25.5,66.0,2020-10-16 02:00:00
2020-10-17,2,2020,9.6,15.1,NW,4.1,2296.0,7.1,Low,24.7,66.0,2020-10-17 02:00:00
2020-10-18,2,2020,11.0,24.0,S,0.0,-100.0,6.8,Low,24.5,58.0,2020-10-18 02:00:00
2020-10-19,2,2020,11.1,21.1,N,0.0,0.0,6.9,Low,25.1,65.0,2020-10-19 02:00:00
2020-10-20,2,2020,13.3,28.2,S,3.0,0.0,6.9,Low,24.8,68.0,2020-10-20 02:00:00
2020-10-21,2,2020,12.0,23.6,S,0.0,-100.0,6.7,Low,24.3,64.0,2020-10-21 02:00:00
2020-10-22,2,2020,15.0,21.3,S,1.8,0.0,6.9,Low,24.6,64.0,2020-10-22 02:00:00
2020-10-23,2,2020,8.1,17.6,SE,0.0,-100.0,6.8,Low,25.0,60.0,2020-10-23 02:00:00
2020-10-24,2,2020,8.0,18.8,E,0.0,0.0,6.9,Low,25.4,60.0,2020-10-24 02:00:00
2020-10-25,2,2020,9.7,23.5,SW,0.9,0.0,6.8,Low,24.2,66.0,2020-10-25 02:00:00
2020-10-26,2,2020,14.3,28.1,NE,0.5,-47.0,6.8,Low,25.2,68.0,2020-10-26 02:00:00
2020-10-27,2,2020,9.3,21.0,NE,0.0,-100.0,6.9,Low,23.9,56.0,2020-10-27 02:00:00
2020-10-28,2,2020,12.1,28.7,N,0.4,0.0,6.8,Low,24.2,67.0,2020-10-28 02:00:00
2020-10-29,2,2020,10.2,21.5,S,2.5,507.0,6.7,Low,25.0,59.0,2020-10-29 02:00:00
2020-10-30,2,2020,11.6,24.4,E,1.0,-63.0,6.8,Low,25.2,67.0,2020-10-30 02:00:00
2020-10-31,2,2020,9.9,16.5,NW,9.4,883.0,6.8,Low,26.5,66.0,2020-10-31 02:00:00
2020-11-01,2,2020,12.9,27.5,SE,2.7,-71.0,6.8,Low,25.5,58.0,2020-11-01 02:00:00
2020-11-02,2,2020,10.1,25.3,SW,5.2,93.0,6.9,Low,25.1,59.0,2020-11-02 02:00:00
2020-11-03,2,2020,12.0,17.4,SW,0.3,-95.0,6.9,Low,24.7,61.0,2020-11-03 02:00:00
2020-11-04,2,2020,13.3,27.0,W,3.3,1189.0,6.8,Low,24.5,67.0,2020-11-04 02:00:00
2020-11-05,2,2020,12.0,22.1,NW,0.3,-91.0,6.7,Low,24.4,66.0,2020-11-05 02:00:00
2020-11-06,2,2020,10.0,16.9,NW,0.1,-82.0,7.0,Low,26.1,60.0,2020-11-06 02:00:00
2020-11-07,2,2020,11.9,18.9,NW,0.1,133.0,6.7,Low,25.6,56.0,2020-11-07 02:00:00
2020-11-08,2,2020,11.5,17.6,E,1.6,1211.0,6.8,Low,25.0,61.0,2020-11-08 02:00:00
2020-11-09,2,2020,12.1,23.3,SE,0.0,-100.0,6.9,Low,25.2,62.0,2020-11-09 02:00:00
2020-11-10,2,2020,12.5,25.6,NE,0.0,0.0,6.9,Low,25.0,61.0,2020-11-10 02:00:00
2020-11-11,2,2020,11.5,23.0,SW,1.0,0.0,6.9,Low,24.6,54.0,2020-11-11 02:00:00
2020-11-12,2,2020,7.5,20.8,E,1.7,72.0,7.0,Low,25.2,58.0,2020-11-12 02:00:00
2020-11-13,2,2020,10.7,24.5,E,1.1,-33.0,6.8,Low,25.7,59.0,2020-11-13 02:00:00
2020-11-14,2,2020,12.6,21.7,W,0.5,-52.0,7.0,Low,26.9,62.0,2020-11-14 02:00:00
2020-11-15,2,2020,10.4,15.9,SE,0.5,-2.0,7.0,Low,24.9,59.0,2020-11-15 02:00:00
2020-11-16,2,2020,9.9,23.1,SE,0.0,-100.0,6.8,Low,25.6,62.0,2020-11-16 02:00:00
2020-11-17,2,2020,12.2,20.1,NW,0.8,0.0,6.9,Low,24.5,63.0,2020-11-17 02:00:00
2020-11-18,2,2020,12.2,24.8,N,3.0,298.0,6.8,Low,25.5,69.0,2020-11-18 02:00:00
2020-11-19,2,2020,10.0,17.6,S,7.3,144.0,6.9,Low,26.3,60.0,2020-11-19 02:00:00
2020-11-20,2,2020,10.1,23.1,NW,1.1,-85.0,7.0,Low,25.2,63.0,2020-11-20 02:00:00
2020-11-21,2,2020,10.5,19.3,S,5.9,420.0,6.6,Medium,24.8,62.0,2020-11-21 02:00:00
2020-11-22,2,2020,10.9,16.3,NE,1.7,-71.0,6.8,Low,25.7,60.0,2020-11-22 02:00:00
2020-11-23,2,2020,13.9,23.4,NW,0.0,-100.0,6.8,Low,25.6,61.0,2020-11-23 02:00:00
2020-11-24,2,2020,10.4,23.7,W,0.3,0.0,6.8,Low,26.1,64.0,2020-11-24 02:00:00
2020-11-25,2,2020,8.5,21.4,SW,0.0,-100.0,6.8,Low,25.6,56.0,2020-11-25 02:00:00
2020-11-26,2,2020,12.8,22.8,SE,0.6,0.0,6.8,Low,25.7,61.0,2020-11-26 02:00:00
2020-11-27,2,2020,12.3,18.6,N,0.0,-100.0,7.0,Low,25.4,65.0,2020-11-27 02:00:00
2020-11-28,2,2020,10.2,23.2,SE,4.9,0.0,6.7,Low,26.0,62.0,2020-11-28 02:00:00
2020-11-29,2,2020,11.8,28.5,NW,0.0,-100.0,6.7,Low,24.1,60.0,2020-11-29 02:00:00
2020-11-30,2,2020,10.7,20.3,NE,0.0,0.0,6.6,Low,25.6,67.0,2020-11-30 02:00:00
2020-12-01,2,2020,12.1,18.3,SW,0.0,0.0,6.8,Low,25.6,63.0,2020-12-01 02:00:00
2020-12-02,2,2020,11.4,18.1,SW,2.0,0.0,6.7,Low,25.7,62.0,2020-12-02 02:00:00
2020-12-03,2,2020,10.7,25.0,SW,0.0,-100.0,6.9,Low,24.5,60.0,2020-12-03 02:00:00
2020-12-04,2,2020,12.5,22.5,NW,0.0,0.0,6.8,Low,25.4,60.0,2020-12-04 02:00:00
2020-12-05,2,2020,12.1,20.2,N,0.8,0.0,6.7,Low,24.6,64.0,2020-12-05 02:00:00
2020-12-06,2,2020,9.3,17.0,W,0.0,-100.0,7.0,Low,25.2,64.0,2020-12-06 02:00:00
2020-12-07,2,2020,8.1,21.9,SE,0.0,0.0,6.6,Low,25.0,63.0,2020-12-07 02:00:00
2020-12-08,2,2020,9.5,17.4,W,1.1,0.0,6.8,Low,25.3,64.0,2020-12-08 02:00:00
2020-12-09,2,2020,9.2,21.5,E,0.0,-100.0,6.7,Low,26.3,61.0,2020-12-09 02:00:00
2020-12-10,2,2020,9.2,15.0,S,0.9,0.0,6.9,Low,25.5,58.0,2020-12-10 02:00:00
2020-12-11,2,2020,11.0,17.4,S,3.6,282.0,6.7,Low,26.7,65.0,2020-12-11 02:00:00
2020-12-12,2,2020,11.1,21.8,N,2.6,-27.0,6.8,Low,25.3,65.0,2020-12-12 02:00:00
2020-12-13,2,2020,10.1,17.9,NW,0.0,-100.0,7.0,Low,25.0,62.0,2020-12-13 02:00:00
2020-12-14,2,2020,8.6,17.7,E,2.9,0.0,6.9,Low,25.4,64.0,2020-12-14 02:00:00
2020-12-15,2,2020,10.8,27.0,E,2.1,-27.0,6.8,Low,26.3,61.0,2020-12-15 02:00:00
2020-12-16,2,2020,10.7,20.4,NE,0.5,-78.0,6.8,Low,26.1,63.0,2020-12-16 02:00:00
2020-12-17,2,2020,8.6,18.8,SE,1.4,207.0,6.8,Low,24.6,62.0,2020-12-17 02:00:00
2020-12-18,2,2020,12.2,22.7,N,0.0,-100.0,6.8,Low,24.9,64.0,2020-12-18 02:00:00
2020-12-19,2,2020,9.9,26.2,NW,0.0,0.0,6.8,Low,26.5,63.0,2020-12-19 02:00:00
2020-12-20,2,2020,10.1,25.4,SE,3.3,17786.0,7.0,Low,25.7,61.0,2020-12-20 02:00:00
2020-12-21,2,2020,11.1,26.8,NW,0.0,-100.0,6.8,Low,24.5,57.0,2020-12-21 02:00:00
2020-12-22,2,2020,13.6,22.5,E,2.6,0.0,6.6,Low,25.3,56.0,2020-12-22 02:00:00
2020-12-23,2,2020,10.7,27.5,W,0.0,-100.0,7.0,Low,26.3,57.0,2020-12-23 02:00:00
2020-12-24,2,2020,10.3,24.2,W,0.6,0.0,7.0,Low,26.3,62.0,2020-12-24 02:00:00
2020-12-25,2,2020,10.5,16.4,SW,0.0,-100.0,6.9,Low,24.7,64.0,2020-12-25 02:00:00
2020-12-26,2,2020,7.9,13.4,NW,0.5,0.0,7.0,Low,25.2,61.0,2020-12-26 02:00:00
2020-12-27,2,2020,12.7,20.6,SE,1.4,212.0,6.8,Low,25.5,59.0,2020-12-27 02:00:00
2020-12-28,2,2020,11.8,24.5,SW,0.0,-100.0,6.9,Low,26.1,59.0,2020-12-28 02:00:00
2020-12-29,2,2020,12.1,24.7,NE,0.3,0.0,6.9,Low,26.0,62.0,2020-12-29 02:00:00
2020-12-30,2,2020,10.0,22.5,NE,0.0,-100.0,6.9,Low,25.5,58.0,2020-12-30 02:00:00
2020-12-31,2,2020,11.1,26.3,NW,3.7,0.0,6.7,Low,26.5,58.0,2020-12-31 02:00:00
2021-01-01,2,2021,11.0,19.3,SW,2.7,0.0,7.2,Med-High,23.2,72.0,2021-01-01 02:00:00
2021-01-02,2,2021,9.1,23.5,NE,0.3,-90.0,7.3,Med-High,22.8,74.0,2021-01-02 02:00:00
2021-01-03,2,2021,9.5,17.4,NE,2.2,694.0,7.2,Med-High,21.2,71.0,2021-01-03 02:00:00
2021-01-04,2,2021,10.9,18.4,SE,3.9,76.0,7.2,Med-High,22.5,73.0,2021-01-04 02:00:00
2021-01-05,2,2021,9.7,19.8,S,7.4,93.0,7.1,Med-High,21.2,73.0,2021-01-05 02:00:00
2021-01-06,2,2021,9.4,16.8,NE,0.2,-98.0,7.3,Med-High,23.0,72.0,2021-01-06 02:00:00
2021-01-07,2,2021,10.8,19.1,E,0.5,209.0,7.1,Med-High,22.1,70.0,2021-01-07 02:00:00
2021-01-08,2,2021,11.7,21.5,N,1.8,238.0,7.1,Med-High,22.5,71.0,2021-01-08 02:00:00
2021-01-09,2,2021,6.5,19.3,E,2.1,18.0,7.4,Med-High,21.6,67.0,2021-01-09 02:00:00
2021-01-10,2,2021,11.5,27.5,E,1.8,-14.0,7.2,Med-High,22.6,72.0,2021-01-10 02:00:00
2021-01-11,2,2021,9.9,25.2,S,0.3,-82.0,7.4,Medium,23.5,70.0,2021-01-11 02:00:00
2021-01-12,2,2021,11.8,16.8,SE,1.9,484.0,7.2,Medium,22.4,73.0,2021-01-12 02:00:00
2021-01-13,2,2021,11.6,16.9,S,0.0,-99.0,7.2,Medium,22.6,70.0,2021-01-13 02:00:00
2021-01-14,2,2021,11.2,17.1,NE,6.1,28490.0,7.1,Med-High,22.1,71.0,2021-01-14 02:00:00
2021-01-15,2,2021,13.0,29.2,NE,0.0,-100.0,7.1,Medium,22.8,71.0,2021-01-15 02:00:00
2021-01-16,2,2021,9.3,23.9,NW,2.1,0.0,7.2,Medium,23.4,75.0,2021-01-16 02:00:00
2021-01-17,2,2021,10.9,25.4,NE,1.9,-10.0,7.1,Medium,23.6,67.0,2021-01-17 02:00:00
2021-01-18,2,2021,11.0,26.2,S,0.1,-96.0,7.3,Medium,21.4,66.0,2021-01-18 02:00:00
2021-01-19,2,2021,10.2,28.0,NE,4.5,5423.0,7.2,Medium,21.6,68.0,2021-01-19 02:00:00
2021-01-20,2,2021,10.1,22.1,W,0.3,-94.0,7.1,Medium,22.5,70.0,2021-01-20 02:00:00
2021-01-21,2,2021,14.6,23.8,N,1.2,363.0,7.3,Medium,22.6,69.0,2021-01-21 02:00:00
2021-01-22,2,2021,12.0,24.7,W,1.8,47.0,7.2,Medium,22.6,72.0,2021-01-22 02:00:00
2021-01-23,2,2021,10.6,19.2,SW,0.6,-65.0,7.0,Medium,23.0,67.0,2021-01-23 02:00:00
2021-01-24,2,2021,8.4,22.1,N,2.2,255.0,7.1,Medium,22.6,75.0,2021-01-24 02:00:00
2021-01-25,2,2021,10.9,18.4,S,1.4,-36.0,7.2,Low,22.5,73.0,2021-01-25 02:00:00
2021-01-26,2,2021,11.2,26.6,NE,1.9,35.0,7.2,Low,21.6,73.0,2021-01-26 02:00:00
2021-01-27,2,2021,11.4,19.9,NE,0.2,-87.0,7.1,Low,21.1,73.0,2021-01-27 02:00:00
2021-01-28,2,2021,11.6,20.7,W,3.5,1326.0,7.1,Medium,20.9,74.0,2021-01-28 02:00:00
2021-01-29,2,2021,11.1,20.9,SW,0.2,-95.0,7.1,Low,21.2,71.0,2021-01-29 02:00:00
2021-01-30,2,2021,9.1,17.2,W,2.6,1496.0,7.1,Low,21.4,73.0,2021-01-30 02:00:00
2021-01-31,2,2021,11.7,29.2,SW,0.9,-63.0,7.2,Low,21.9,75.0,2021-01-31 02:00:00
2021-02-01,2,2021,12.6,19.4,S,2.1,126.0,7.0,Low,22.3,71.0,2021-02-01 02:00:00
2021-02-02,2,2021,11.6,23.1,SE,1.4,-36.0,7.2,Low,21.8,72.0,2021-02-02 02:00:00
2021-02-03,2,2021,9.3,22.4,NE,2.8,105.0,7.3,Low,22.3,70.0,2021-02-03 02:00:00
2021-02-04,2,2021,9.2,25.6,S,0.3,-90.0,7.0,Low,21.9,73.0,2021-02-04 02:00:00
2021-02-05,2,2021,9.0,18.7,NW,1.2,321.0,7.1,Low,23.4,73.0,2021-02-05 02:00:00
2021-02-06,2,2021,9.0,18.5,SW,0.2,-88.0,7.1,Medium,22.8,71.0,2021-02-06 02:00:00
2021-02-07,2,2021,10.9,17.2,NW,2.7,1698.0,7.1,Medium,23.1,66.0,2021-02-07 02:00:00
2021-02-08,2,2021,9.6,27.5,E,0.8,-70.0,7.2,Medium,22.4,71.0,2021-02-08 02:00:00
2021-02-09,2,2021,13.2,28.3,S,0.1,-84.0,7.1,Medium,22.8,76.0,2021-02-09 02:00:00
2021-02-10,2,2021,9.3,23.6,NW,1.7,1267.0,7.0,Medium,23.2,69.0,2021-02-10 02:00:00
2021-02-11,2,2021,10.4,19.3,S,1.7,-1.0,7.2,Medium,22.3,71.0,2021-02-11 02:00:00
2021-02-12,2,2021,9.3,20.3,S,0.4,-77.0,7.0,Low,21.6,71.0,2021-02-12 02:00:00
2021-02-13,2,2021,11.9,23.5,S,3.0,672.0,7.0,Low,21.9,71.0,2021-02-13 02:00:00
2021-02-14,2,2021,12.1,19.1,NW,5.0,69.0,7.0,Medium,21.4,68.0,2021-02-14 02:00:00
2021-02-15,2,2021,10.2,26.0,S,3.3,-35.0,7.3,Medium,22.1,70.0,2021-02-15 02:00:00
2021-02-16,2,2021,9.3,20.0,N,0.0,-100.0,7.2,Low,21.8,70.0,2021-02-16 02:00:00
2021-02-17,2,2021,12.0,22.3,S,0.5,5294545.0,7.2,Low,21.3,70.0,2021-02-17 02:00:00
2021-02-18,2,2021,12.6,20.8,E,0.8,76.0,7.2,Low,22.6,69.0,2021-02-18 02:00:00
2021-02-19,2,2021,11.7,24.7,SE,4.7,476.0,7.2,Low,21.5,75.0,2021-02-19 02:00:00
2021-02-20,2,2021,11.5,19.7,NE,0.0,-100.0,7.2,Low,23.2,66.0,2021-02-20 02:00:00
2021-02-21,2,2021,11.7,28.8,NE,4.7,97394.0,7.2,Low,23.1,71.0,2021-02-21 02:00:00
2021-02-22,2,2021,10.9,22.2,W,2.7,-43.0,7.1,Low,23.4,73.0,2021-02-22 02:00:00
2021-02-23,2,2021,11.6,16.8,SW,7.0,160.0,7.2,Medium,23.1,72.0,2021-02-23 02:00:00
2021-02-24,2,2021,10.9,21.5,S,0.9,-88.0,7.2,Medium,22.9,68.0,2021-02-24 02:00:00
2021-02-25,2,2021,10.9,21.8,N,1.5,75.0,7.1,Medium,21.1,72.0,2021-02-25 02:00:00
2021-02-26,2,2021,8.9,23.8,N,1.6,10.0,6.9,Medium,22.3,73.0,2021-02-26 02:00:00
2021-02-27,2,2021,10.3,24.8,SW,1.1,-33.0,7.1,Medium,22.2,70.0,2021-02-27 02:00:00
2021-02-28,2,2021,8.3,14.9,S,0.8,-32.0,7.0,Medium,21.7,75.0,2021-02-28 02:00:00
2021-03-01,2,2021,9.8,26.2,SW,4.7,522.0,7.1,Medium,22.5,70.0,2021-03-01 02:00:00
2021-03-02,2,2021,12.5,29.6,NW,0.0,-100.0,7.3,Medium,21.9,76.0,2021-03-02 02:00:00
2021-03-03,2,2021,10.7,20.1,SE,0.3,0.0,7.1,Medium,24.0,73.0,2021-03-03 02:00:00
2021-03-04,2,2021,8.6,23.5,N,0.0,-100.0,7.3,Low,23.5,67.0,2021-03-04 02:00:00
2021-03-05,2,2021,8.4,13.6,SE,0.2,0.0,7.3,Low,22.1,73.0,2021-03-05 02:00:00
2021-03-06,2,2021,9.4,15.1,S,0.0,-100.0,7.0,Low,22.8,70.0,2021-03-06 02:00:00
2021-03-07,2,2021,10.8,18.4,S,0.4,0.0,7.0,Low,22.7,66.0,2021-03-07 02:00:00
2021-03-08,2,2021,9.3,21.1,NW,0.7,62.0,7.2,Low,23.4,68.0,2021-03-08 02:00:00
2021-03-09,2,2021,13.0,20.3,N,0.0,-100.0,7.1,Low,21.9,66.0,2021-03-09 02:00:00
2021-03-10,2,2021,12.4,23.8,SW,4.3,0.0,7.2,Low,22.5,68.0,2021-03-10 02:00:00
2021-03-11,2,2021,8.1,24.7,NW,0.6,-86.0,7.1,Low,22.8,75.0,2021-03-11 02:00:00
2021-03-12,2,2021,11.0,19.5,S,2.5,313.0,7.0,Low,23.9,63.0,2021-03-12 02:00:00
2021-03-13,2,2021,9.5,17.4,SE,0.3,-87.0,7.2,Low,22.5,65.0,2021-03-13 02:00:00
2021-03-14,2,2021,11.5,24.3,S,1.2,302.0,7.3,Low,22.2,67.0,2021-03-14 02:00:00
2021-03-15,2,2021,11.7,27.0,N,0.4,-67.0,7.1,Low,21.8,68.0,2021-03-15 02:00:00
2021-03-16,2,2021,9.6,20.9,NE,0.8,105.0,7.0,Low,22.2,73.0,2021-03-16 02:00:00
2021-03-17,2,2021,11.5,26.3,W,0.7,-11.0,7.1,Low,23.1,71.0,2021-03-17 02:00:00
2021-03-18,2,2021,11.0,26.8,E,0.0,-100.0,7.1,Low,21.1,69.0,2021-03-18 02:00:00
2021-03-19,2,2021,12.4,22.7,S,5.9,0.0,7.0,Low,22.0,74.0,2021-03-19 02:00:00
2021-03-20,2,2021,9.2,21.3,NE,0.6,-89.0,7.2,Low,22.7,68.0,2021-03-20 02:00:00
2021-03-21,2,2021,12.4,29.9,E,0.0,-100.0,7.3,Low,23.6,73.0,2021-03-21 02:00:00
2021-03-22,2,2021,12.9,28.2,E,0.3,0.0,7.2,Low,23.1,66.0,2021-03-22 02:00:00
2021-03-23,2,2021,11.3,17.2,NW,1.0,279.0,7.0,Low,22.5,70.0,2021-03-23 02:00:00
2021-03-24,2,2021,9.4,18.6,S,0.3,-68.0,7.1,Low,22.9,71.0,2021-03-24 02:00:00
2021-03-25,2,2021,8.2,13.4,SE,0.2,-29.0,7.1,Low,21.7,69.0,2021-03-25 02:00:00
2021-03-26,2,2021,11.5,17.5,NW,0.1,-49.0,7.1,Low,23.7,71.0,2021-03-26 02:00:00
2021-03-27,2,2021,11.9,29.8,E,3.5,2755.0,7.1,Low,24.2,71.0,2021-03-27 02:00:00
2021-03-28,2,2021,13.3,24.0,E,0.4,-89.0,7.3,Low,22.6,71.0,2021-03-28 02:00:00
2021-03-29,2,2021,10.2,26.7,N,1.2,234.0,7.2,Low,23.1,69.0,2021-03-29 02:00:00
2021-03-30,2,2021,9.7,26.4,W,0.0,-100.0,7.1,Low,23.1,72.0,2021-03-30 02:00:00
2021-03-31,2,2021,11.8,25.9,S,2.8,0.0,7.0,Low,23.4,71.0,2021-03-31 02:00:00
2021-04-01,2,2021,10.7,19.1,S,0.3,-89.0,7.1,Low,23.6,65.0,2021-04-01 02:00:00
2021-04-02,2,2021,15.8,30.9,SW,0.0,-100.0,7.2,Low,22.1,72.0,2021-04-02 02:00:00
2021-04-03,2,2021,13.5,27.7,N,0.0,0.0,7.1,Low,22.6,71.0,2021-04-03 02:00:00
2021-04-04,2,2021,11.1,22.1,E,0.0,0.0,7.2,Low,24.0,70.0,2021-04-04 02:00:00
2021-04-05,2,2021,8.7,19.1,N,0.0,0.0,7.2,Low,22.9,71.0,2021-04-05 02:00:00
2021-04-06,2,2021,9.5,18.7,NE,0.2,0.0,6.9,Low,23.2,70.0,2021-04-06 02:00:00
2021-04-07,2,2021,8.0,23.7,SW,1.4,474.0,7.0,Low,23.3,66.0,2021-04-07 02:00:00
2021-04-08,2,2021,10.6,18.5,SE,1.7,27.0,7.0,Low,22.2,71.0,2021-04-08 02:00:00
2021-04-09,2,2021,11.0,18.5,S,9.4,440.0,7.1,Low,23.3,69.0,2021-04-09 02:00:00
2021-04-10,2,2021,8.7,16.1,N,4.6,-51.0,7.0,Low,23.5,65.0,2021-04-10 02:00:00
2021-04-11,2,2021,9.0,26.8,NW,0.0,-100.0,7.1,Low,23.2,66.0,2021-04-11 02:00:00
2021-04-12,2,2021,10.8,20.3,N,0.1,0.0,7.1,Low,22.4,67.0,2021-04-12 02:00:00
2021-04-13,2,2021,8.8,23.8,NW,0.5,317.0,7.2,Low,22.6,72.0,2021-04-13 02:00:00
2021-04-14,2,2021,10.1,25.4,S,1.7,261.0,7.1,Low,23.0,66.0,2021-04-14 02:00:00
2021-04-15,2,2021,10.1,16.2,W,0.0,-100.0,7.0,Low,22.7,73.0,2021-04-15 02:00:00
2021-04-16,2,2021,8.1,15.0,NE,7.7,0.0,6.9,Low,22.5,66.0,2021-04-16 02:00:00
2021-04-17,2,2021,9.3,17.2,SE,10.4,35.0,7.1,Low,22.7,65.0,2021-04-17 02:00:00
2021-04-18,2,2021,11.0,19.8,W,1.8,-83.0,7.0,Low,23.3,66.0,2021-04-18 02:00:00
2021-04-19,2,2021,12.1,29.7,E,2.5,37.0,7.2,Low,22.1,70.0,2021-04-19 02:00:00
2021-04-20,2,2021,7.8,16.8,NW,3.6,46.0,7.0,Low,23.3,72.0,2021-04-20 02:00:00
2021-04-21,2,2021,10.1,20.8,SE,0.1,-98.0,7.0,Low,22.6,67.0,2021-04-21 02:00:00
2021-04-22,2,2021,11.7,17.1,NW,0.7,687.0,7.2,Low,23.5,70.0,2021-04-22 02:00:00
2021-04-23,2,2021,8.0,15.3,N,0.2,-77.0,7.0,Low,24.5,76.0,2021-04-23 02:00:00
2021-04-24,2,2021,10.4,21.3,SE,0.9,464.0,7.2,Low,24.8,71.0,2021-04-24 02:00:00
2021-04-25,2,2021,11.9,20.3,SE,0.3,-64.0,7.0,Low,22.9,65.0,2021-04-25 02:00:00
2021-04-26,2,2021,10.5,26.0,NE,0.0,-100.0,7.2,Low,23.2,72.0,2021-04-26 02:00:00
2021-04-27,2,2021,10.8,26.6,SW,0.0,0.0,7.2,Low,23.7,74.0,2021-04-27 02:00:00
2021-04-28,2,2021,12.1,27.4,E,6.2,0.0,7.2,Low,22.6,70.0,2021-04-28 02:00:00
2021-04-29,2,2021,13.3,30.4,S,0.0,-100.0,6.9,Low,23.6,70.0,2021-04-29 02:00:00
2021-04-30,2,2021,11.5,28.6,NE,0.8,0.0,7.2,Low,22.2,67.0,2021-04-30 02:00:00
2021-05-01,2,2021,10.4,27.2,E,0.7,-4.0,7.1,Low,23.3,69.0,2021-05-01 02:00:00
2021-05-02,2,2021,13.0,28.1,NW,0.8,15.0,7.1,Low,23.4,70.0,2021-05-02 02:00:00
2021-05-03,2,2021,9.5,18.4,SW,1.3,52.0,7.1,Low,22.5,67.0,2021-05-03 02:00:00
2021-05-04,2,2021,12.6,18.8,NE,0.1,-94.0,7.0,Low,23.8,64.0,2021-05-04 02:00:00
2021-05-05,2,2021,10.7,25.6,W,0.9,977.0,7.1,Low,22.9,68.0,2021-05-05 02:00:00
2021-05-06,2,2021,10.0,19.6,NE,2.0,126.0,6.9,Low,23.0,69.0,2021-05-06 02:00:00
2021-05-07,2,2021,14.4,23.2,NW,0.8,-58.0,7.0,Low,23.2,68.0,2021-05-07 02:00:00
2021-05-08,2,2021,14.5,28.0,E,0.0,-100.0,7.2,Low,23.2,67.0,2021-05-08 02:00:00
2021-05-09,2,2021,11.1,17.8,SE,3.5,0.0,7.1,Low,23.4,63.0,2021-05-09 02:00:00
2021-05-10,2,2021,11.8,27.2,W,0.1,-98.0,7.0,Low,24.0,71.0,2021-05-10 02:00:00
2021-05-11,2,2021,11.9,28.5,NW,1.0,1045.0,7.1,Low,24.4,69.0,2021-05-11 02:00:00
2021-05-12,2,2021,9.0,16.6,E,0.3,-66.0,6.9,Low,22.0,62.0,2021-05-12 02:00:00
2021-05-13,2,2021,10.3,22.7,NW,6.4,1863.0,7.0,Low,22.7,71.0,2021-05-13 02:00:00
2021-05-14,2,2021,9.4,24.9,NW,3.3,-49.0,7.1,Low,21.5,68.0,2021-05-14 02:00:00
2021-05-15,2,2021,11.9,26.5,SW,1.0,-69.0,7.0,Low,23.3,67.0,2021-05-15 02:00:00
2021-05-16,2,2021,8.9,23.7,SE,0.8,-24.0,7.0,Low,23.0,67.0,2021-05-16 02:00:00
2021-05-17,2,2021,12.4,26.8,W,0.0,-100.0,6.9,Low,24.1,66.0,2021-05-17 02:00:00
2021-05-18,2,2021,13.3,29.4,W,1.9,0.0,7.0,Low,23.4,67.0,2021-05-18 02:00:00
2021-05-19,2,2021,11.3,17.4,SW,0.8,-60.0,6.9,Low,24.1,62.0,2021-05-19 02:00:00
2021-05-20,2,2021,12.7,26.7,NE,5.8,637.0,7.1,Low,23.5,68.0,2021-05-20 02:00:00
2021-05-21,2,2021,12.3,21.8,NW,0.4,-94.0,7.1,Low,23.3,68.0,2021-05-21 02:00:00
2021-05-22,2,2021,12.8,22.0,SE,5.4,1429.0,7.0,Low,23.0,65.0,2021-05-22 02:00:00
2021-05-23,2,2021,11.9,26.2,SW,4.8,-12.0,6.9,Medium,23.5,65.0,2021-05-23 02:00:00
2021-05-24,2,2021,10.7,27.0,S,1.7,-64.0,6.9,Medium,23.4,67.0,2021-05-24 02:00:00
2021-05-25,2,2021,10.7,24.2,SE,0.0,-100.0,7.0,Medium,24.1,71.0,2021-05-25 02:00:00
2021-05-26,2,2021,11.7,28.4,SE,2.8,0.0,6.9,Medium,24.9,70.0,2021-05-26 02:00:00
2021-05-27,2,2021,11.6,22.7,W,0.4,-85.0,7.2,Low,22.0,68.0,2021-05-27 02:00:00
2021-05-28,2,2021,12.4,24.7,S,0.0,-100.0,7.1,Low,24.1,64.0,2021-05-28 02:00:00
2021-05-29,2,2021,10.0,15.3,W,1.5,0.0,7.0,Low,24.3,74.0,2021-05-29 02:00:00
2021-05-30,2,2021,9.9,15.0,E,0.0,-100.0,7.2,Low,22.8,69.0,2021-05-30 02:00:00
2021-05-31,2,2021,11.8,23.9,NW,2.3,0.0,7.1,Low,23.1,67.0,2021-05-31 02:00:00
2021-06-01,2,2021,9.7,23.1,W,0.1,-94.0,7.0,Low,24.0,66.0,2021-06-01 02:00:00
2021-06-02,2,2021,10.4,19.9,S,2.5,1852.0,7.1,Low,24.2,71.0,2021-06-02 02:00:00
2021-06-03,2,2021,11.5,23.5,NE,0.0,-100.0,7.0,Low,22.5,70.0,2021-06-03 02:00:00
2021-06-04,2,2021,11.8,23.7,W,2.6,0.0,7.1,Low,24.4,67.0,2021-06-04 02:00:00
2021-06-05,2,2021,8.9,24.7,E,5.7,118.0,7.0,Low,23.9,68.0,2021-06-05 02:00:00
2021-06-06,2,2021,11.0,18.6,SW,1.7,-70.0,7.1,Low,22.6,62.0,2021-06-06 02:00:00
2021-06-07,2,2021,9.0,24.5,E,6.2,258.0,7.2,Low,24.0,64.0,2021-06-07 02:00:00
2021-06-08,2,2021,8.0,23.7,E,2.8,-55.0,7.0,Low,22.5,70.0,2021-06-08 02:00:00
2021-06-09,2,2021,11.6,18.1,NE,1.7,-39.0,6.9,Low,25.2,65.0,2021-06-09 02:00:00
2021-06-10,2,2021,11.8,21.0,NE,0.9,-48.0,6.9,Low,23.5,65.0,2021-06-10 02:00:00
2021-06-11,2,2021,10.8,21.3,S,1.9,113.0,6.9,Low,24.3,60.0,2021-06-11 02:00:00
2021-06-12,2,2021,9.1,25.3,SE,0.1,-93.0,7.0,Low,24.8,67.0,2021-06-12 02:00:00
2021-06-13,2,2021,10.4,20.7,NE,0.8,471.0,7.1,Low,24.1,68.0,2021-06-13 02:00:00
2021-06-14,2,2021,10.6,25.4,NW,0.0,-100.0,6.9,Low,23.5,69.0,2021-06-14 02:00:00
2021-06-15,2,2021,10.5,28.0,SE,1.3,0.0,7.0,Low,23.5,67.0,2021-06-15 02:00:00
2021-06-16,2,2021,13.8,31.0,NW,1.1,-11.0,7.0,Low,24.1,69.0,2021-06-16 02:00:00
2021-06-17,2,2021,9.2,26.0,SE,0.1,-93.0,7.1,Low,24.2,61.0,2021-06-17 02:00:00
2021-06-18,2,2021,11.1,24.9,W,0.6,678.0,7.0,Low,24.1,66.0,2021-06-18 02:00:00
2021-06-19,2,2021,11.6,23.1,E,0.6,9.0,7.3,Low,23.8,68.0,2021-06-19 02:00:00
2021-06-20,2,2021,9.4,20.9,SW,0.6,-7.0,7.0,Low,23.9,78.0,2021-06-20 02:00:00
2021-06-21,2,2021,8.8,18.6,SE,0.0,-100.0,6.9,Low,23.7,69.0,2021-06-21 02:00:00
2021-06-22,2,2021,9.1,24.2,N,0.0,0.0,7.2,Low,22.7,70.0,2021-06-22 02:00:00
2021-06-23,2,2021,9.0,18.2,NE,0.0,0.0,7.0,Low,23.9,68.0,2021-06-23 02:00:00
2021-06-24,2,2021,10.7,26.8,W,1.0,0.0,7.0,Low,23.9,69.0,2021-06-24 02:00:00
2021-06-25,2,2021,11.2,25.4,W,1.0,2.0,6.8,Low,23.9,67.0,2021-06-25 02:00:00
2021-06-26,2,2021,9.2,19.3,E,0.0,-100.0,7.0,Low,23.3,63.0,2021-06-26 02:00:00
2021-06-27,2,2021,9.5,19.2,S,0.0,0.0,6.9,Low,24.8,73.0,2021-06-27 02:00:00
2021-06-28,2,2021,6.6,12.8,SW,0.6,0.0,6.9,Low,23.0,66.0,2021-06-28 02:00:00
2021-06-29,2,2021,10.2,26.3,NE,3.4,421.0,6.8,Low,22.7,66.0,2021-06-29 02:00:00
2021-06-30,2,2021,11.7,27.8,NE,2.2,-35.0,7.2,Low,23.6,66.0,2021-06-30 02:00:00
2021-07-01,2,2021,14.0,19.8,N,2.9,34.0,7.0,Low,22.2,69.0,2021-07-01 02:00:00
2021-07-02,2,2021,12.1,26.2,NW,0.7,-76.0,7.0,Low,23.9,71.0,2021-07-02 02:00:00
2021-07-03,2,2021,11.2,18.6,SW,0.3,-53.0,7.1,Low,23.5,65.0,2021-07-03 02:00:00
2021-07-04,2,2021,12.5,23.2,NW,0.7,108.0,7.0,Low,24.4,64.0,2021-07-04 02:00:00
2021-07-05,2,2021,13.2,23.3,N,0.0,-100.0,7.0,Low,24.5,72.0,2021-07-05 02:00:00
2021-07-06,2,2021,11.4,18.1,E,0.2,0.0,7.0,Low,23.2,64.0,2021-07-06 02:00:00
2021-07-07,2,2021,12.9,27.3,N,3.7,1580.0,7.1,Low,23.4,67.0,2021-07-07 02:00:00
2021-07-08,2,2021,10.0,17.4,W,0.1,-98.0,7.0,Low,25.6,60.0,2021-07-08 02:00:00
2021-07-09,2,2021,11.4,28.1,S,9.9,16341.0,7.0,Low,23.2,65.0,2021-07-09 02:00:00
2021-07-10,2,2021,11.3,28.6,NW,0.0,-100.0,7.0,Low,24.1,62.0,2021-07-10 02:00:00
2021-07-11,2,2021,10.5,19.2,NE,0.0,0.0,7.0,Low,23.7,65.0,2021-07-11 02:00:00
2021-07-12,2,2021,10.3,24.2,S,0.0,0.0,6.8,Low,23.5,65.0,2021-07-12 02:00:00
2021-07-13,2,2021,8.5,15.8,N,0.0,0.0,7.0,Low,23.9,70.0,2021-07-13 02:00:00
2021-07-14,2,2021,12.4,18.4,E,1.1,0.0,6.9,Low,23.4,62.0,2021-07-14 02:00:00
2021-07-15,2,2021,11.5,21.1,E,0.0,-98.0,7.0,Low,23.8,63.0,2021-07-15 02:00:00
2021-07-16,2,2021,11.2,21.6,W,0.4,1877.0,7.2,Low,22.7,67.0,2021-07-16 02:00:00
2021-07-17,2,2021,10.8,27.4,N,0.0,-100.0,6.8,Low,24.5,69.0,2021-07-17 02:00:00
2021-07-18,2,2021,10.4,26.8,E,1.5,0.0,7.1,Low,24.1,67.0,2021-07-18 02:00:00
2021-07-19,2,2021,10.8,18.7,SE,0.1,-97.0,7.0,Low,23.7,64.0,2021-07-19 02:00:00
2021-07-20,2,2021,10.9,27.9,S,2.4,4591.0,6.9,Low,24.2,70.0,2021-07-20 02:00:00
2021-07-21,2,2021,10.4,18.3,W,0.7,-70.0,6.8,Low,23.8,65.0,2021-07-21 02:00:00
2021-07-22,2,2021,9.5,26.9,E,0.7,-1.0,6.9,Low,24.1,63.0,2021-07-22 02:00:00
2021-07-23,2,2021,11.0,16.7,SE,0.7,1.0,6.9,Low,25.3,67.0,2021-07-23 02:00:00
2021-07-24,2,2021,11.6,28.8,SE,0.0,-100.0,7.0,Low,23.8,67.0,2021-07-24 02:00:00
2021-07-25,2,2021,8.5,25.8,S,0.7,0.0,7.0,Low,24.4,65.0,2021-07-25 02:00:00
2021-07-26,2,2021,10.7,21.3,E,2.5,285.0,7.0,Low,24.4,64.0,2021-07-26 02:00:00
2021-07-27,2,2021,10.1,15.9,SW,3.7,44.0,6.9,Low,24.5,64.0,2021-07-27 02:00:00
2021-07-28,2,2021,11.5,20.7,SW,0.1,-98.0,7.0,Low,25.4,67.0,2021-07-28 02:00:00
2021-07-29,2,2021,10.3,18.6,E,0.0,-100.0,6.9,Low,24.3,68.0,2021-07-29 02:00:00
2021-07-30,2,2021,11.2,24.9,SE,1.2,0.0,6.9,Low,24.6,67.0,2021-07-30 02:00:00
2021-07-31,2,2021,9.5,15.2,SE,3.3,171.0,7.1,Low,23.8,66.0,2021-07-31 02:00:00
2021-08-01,2,2021,9.6,27.1,W,0.3,-92.0,7.1,Low,23.5,62.0,2021-08-01 02:00:00
2021-08-02,2,2021,11.3,22.2,E,5.8,2059.0,7.0,Low,24.1,67.0,2021-08-02 02:00:00
2021-08-03,2,2021,12.1,22.9,SE,7.4,28.0,7.0,Low,24.8,65.0,2021-08-03 02:00:00
2021-08-04,2,2021,10.9,18.6,NE,3.2,-57.0,7.0,Low,23.9,68.0,2021-08-04 02:00:00
2021-08-05,2,2021,7.7,17.9,W,0.0,-100.0,7.0,Low,24.4,64.0,2021-08-05 02:00:00
2021-08-06,2,2021,11.5,28.9,E,0.0,0.0,6.9,Low,25.8,63.0,2021-08-06 02:00:00
2021-08-07,2,2021,8.4,24.7,SE,0.1,0.0,7.0,Medium,23.6,68.0,2021-08-07 02:00:00
2021-08-08,2,2021,9.8,23.4,N,1.3,950.0,7.0,Low,24.5,65.0,2021-08-08 02:00:00
2021-08-09,2,2021,10.2,21.2,E,3.8,193.0,6.8,Low,24.6,67.0,2021-08-09 02:00:00
2021-08-10,2,2021,7.8,19.4,NW,0.5,-87.0,7.0,Low,22.9,66.0,2021-08-10 02:00:00
2021-08-11,2,2021,9.7,21.1,SW,0.3,-30.0,7.0,Low,23.4,59.0,2021-08-11 02:00:00
2021-08-12,2,2021,8.4,14.3,E,0.0,-100.0,6.9,Low,25.1,64.0,2021-08-12 02:00:00
2021-08-13,2,2021,11.4,23.7,SE,0.3,0.0,7.0,Low,24.3,64.0,2021-08-13 02:00:00
2021-08-14,2,2021,10.4,19.2,NE,0.0,-100.0,6.8,Low,23.6,65.0,2021-08-14 02:00:00
2021-08-15,2,2021,11.0,16.7,E,0.1,0.0,6.9,Low,24.2,72.0,2021-08-15 02:00:00
2021-08-16,2,2021,10.4,24.5,NE,0.3,307.0,7.0,Low,24.6,64.0,2021-08-16 02:00:00
2021-08-17,2,2021,12.5,30.3,E,0.3,-3.0,7.0,Low,25.6,69.0,2021-08-17 02:00:00
2021-08-18,2,2021,13.0,19.5,W,0.6,92.0,7.0,Low,24.3,59.0,2021-08-18 02:00:00
2021-08-19,2,2021,11.3,21.1,NE,3.2,414.0,6.9,Low,23.9,62.0,2021-08-19 02:00:00
2021-08-20,2,2021,10.2,16.1,SE,0.2,-93.0,7.0,Low,24.0,65.0,2021-08-20 02:00:00
2021-08-21,2,2021,10.8,15.9,W,0.0,-100.0,6.9,Low,25.5,62.0,2021-08-21 02:00:00
2021-08-22,2,2021,9.8,22.1,N,7.5,0.0,6.9,Low,24.4,66.0,2021-08-22 02:00:00
2021-08-23,2,2021,10.4,24.9,N,0.3,-97.0,7.0,Low,24.1,64.0,2021-08-23 02:00:00
2021-08-24,2,2021,10.2,25.2,NW,0.0,-100.0,6.9,Low,25.1,62.0,2021-08-24 02:00:00
2021-08-25,2,2021,10.4,28.2,S,2.2,0.0,7.1,Low,24.3,65.0,2021-08-25 02:00:00
2021-08-26,2,2021,12.2,25.2,E,0.0,-100.0,7.0,Low,24.5,64.0,2021-08-26 02:00:00
2021-08-27,2,2021,11.1,16.7,SW,0.0,0.0,7.0,Low,24.4,54.0,2021-08-27 02:00:00
2021-08-28,2,2021,12.1,26.6,SW,0.0,0.0,7.0,Low,24.5,61.0,2021-08-28 02:00:00
2021-08-29,2,2021,12.3,28.2,E,0.0,0.0,7.0,Low,24.7,70.0,2021-08-29 02:00:00
2021-08-30,2,2021,14.0,21.2,NW,5.9,0.0,6.9,Low,24.4,65.0,2021-08-30 02:00:00
2021-08-31,2,2021,10.2,23.0,N,0.2,-96.0,6.8,Low,25.4,63.0,2021-08-31 02:00:00
2021-09-01,2,2021,9.2,21.4,NE,0.2,-18.0,6.7,Low,25.4,69.0,2021-09-01 02:00:00
2021-09-02,2,2021,10.1,20.2,W,0.0,-100.0,7.0,Low,24.8,65.0,2021-09-02 02:00:00
2021-09-03,2,2021,9.5,19.4,NE,5.0,0.0,7.0,Low,24.7,65.0,2021-09-03 02:00:00
2021-09-04,2,2021,14.6,25.8,E,0.9,-82.0,7.0,Low,24.9,68.0,2021-09-04 02:00:00
2021-09-05,2,2021,8.8,25.5,E,1.1,24.0,7.2,Low,24.0,68.0,2021-09-05 02:00:00
2021-09-06,2,2021,10.2,23.5,SW,0.5,-54.0,6.9,Low,23.4,63.0,2021-09-06 02:00:00
2021-09-07,2,2021,11.6,24.2,NW,0.5,-3.0,6.9,Low,24.4,65.0,2021-09-07 02:00:00
2021-09-08,2,2021,7.6,13.6,E,2.1,320.0,7.0,Low,24.9,66.0,2021-09-08 02:00:00
2021-09-09,2,2021,9.2,18.7,NW,0.4,-83.0,6.9,Low,24.6,63.0,2021-09-09 02:00:00
2021-09-10,2,2021,8.6,23.2,SE,4.4,1151.0,7.0,Low,24.0,65.0,2021-09-10 02:00:00
2021-09-11,2,2021,9.2,17.5,N,0.1,-97.0,6.8,Low,23.7,62.0,2021-09-11 02:00:00
2021-09-12,2,2021,9.7,26.9,E,1.5,979.0,6.9,Low,23.9,60.0,2021-09-12 02:00:00
2021-09-13,2,2021,8.8,20.2,N,0.5,-65.0,7.0,Low,24.5,62.0,2021-09-13 02:00:00
2021-09-14,2,2021,13.5,24.8,SE,1.7,226.0,7.1,Low,24.6,60.0,2021-09-14 02:00:00
2021-09-15,2,2021,8.9,20.1,NE,0.4,-79.0,7.1,Low,26.4,63.0,2021-09-15 02:00:00
2021-09-16,2,2021,11.7,26.4,E,4.8,1261.0,6.7,Low,24.2,61.0,2021-09-16 02:00:00
2021-09-17,2,2021,8.3,17.7,W,1.2,-75.0,6.9,Low,24.1,65.0,2021-09-17 02:00:00
2021-09-18,2,2021,11.2,22.8,NW,3.6,199.0,7.0,Low,24.7,62.0,2021-09-18 02:00:00
2021-09-19,2,2021,7.0,13.8,S,0.9,-76.0,6.9,Low,24.6,66.0,2021-09-19 02:00:00
2021-09-20,2,2021,10.4,23.4,NW,0.3,-69.0,7.0,Low,24.9,66.0,2021-09-20 02:00:00
2021-09-21,2,2021,10.5,25.5,NW,0.9,238.0,6.8,Low,25.4,69.0,2021-09-21 02:00:00
2021-09-22,2,2021,11.5,17.6,NW,0.0,-100.0,7.0,Low,25.4,59.0,2021-09-22 02:00:00
2021-09-23,2,2021,10.6,17.4,W,1.8,0.0,7.0,Low,23.7,65.0,2021-09-23 02:00:00
2021-09-24,2,2021,10.3,16.0,E,5.2,195.0,6.9,Low,24.3,66.0,2021-09-24 02:00:00
2021-09-25,2,2021,11.5,24.6,NE,0.0,-100.0,7.0,Low,26.3,64.0,2021-09-25 02:00:00
2021-09-26,2,2021,8.8,16.2,SW,0.0,0.0,6.9,Low,24.2,67.0,2021-09-26 02:00:00
2021-09-27,2,2021,11.5,21.8,NE,0.4,0.0,6.9,Low,25.2,61.0,2021-09-27 02:00:00
2021-09-28,2,2021,10.8,28.5,S,2.1,426.0,6.8,Low,25.0,66.0,2021-09-28 02:00:00
2021-09-29,2,2021,12.6,18.0,NW,0.0,-100.0,6.8,Low,24.7,65.0,2021-09-29 02:00:00
2021-09-30,2,2021,8.2,24.5,S,0.0,0.0,7.0,Low,24.2,63.0,2021-09-30 02:00:00
2021-10-01,2,2021,12.1,19.3,SW,0.6,0.0,6.7,Low,24.7,64.0,2021-10-01 02:00:00
2021-10-02,2,2021,10.2,23.1,N,4.1,637.0,7.0,Low,25.4,61.0,2021-10-02 02:00:00
2021-10-03,2,2021,9.7,17.5,NE,0.3,-92.0,6.9,Low,26.5,64.0,2021-10-03 02:00:00
2021-10-04,2,2021,9.9,20.3,SE,2.9,746.0,7.0,Low,25.8,60.0,2021-10-04 02:00:00
2021-10-05,2,2021,12.5,19.6,NW,0.0,-100.0,7.0,Low,23.6,63.0,2021-10-05 02:00:00
2021-10-06,2,2021,9.5,14.9,NE,1.4,0.0,7.0,Low,25.7,61.0,2021-10-06 02:00:00
2021-10-07,2,2021,12.6,29.0,W,1.5,6.0,7.1,Low,24.8,60.0,2021-10-07 02:00:00
2021-10-08,2,2021,10.3,19.1,E,0.0,-100.0,6.8,Low,23.5,66.0,2021-10-08 02:00:00
2021-10-09,2,2021,9.5,23.3,NW,6.5,0.0,6.9,Low,24.3,62.0,2021-10-09 02:00:00
2021-10-10,2,2021,11.1,19.8,W,0.6,-91.0,7.0,Low,25.2,64.0,2021-10-10 02:00:00
2021-10-11,2,2021,11.3,24.1,W,0.0,-100.0,6.9,Low,24.9,65.0,2021-10-11 02:00:00
2021-10-12,2,2021,11.4,26.8,NE,2.6,0.0,6.9,Low,25.1,62.0,2021-10-12 02:00:00
2021-10-13,2,2021,11.7,23.2,SW,2.3,-13.0,7.0,Low,25.7,60.0,2021-10-13 02:00:00
2021-10-14,2,2021,10.4,16.6,NW,0.3,-88.0,7.0,Low,26.7,57.0,2021-10-14 02:00:00
2021-10-15,2,2021,9.9,20.4,S,0.9,228.0,6.8,Low,24.4,64.0,2021-10-15 02:00:00
2021-10-16,2,2021,11.4,20.7,S,0.0,-100.0,7.0,Low,24.5,63.0,2021-10-16 02:00:00
2021-10-17,2,2021,8.5,25.6,SE,1.7,0.0,6.9,Low,25.5,60.0,2021-10-17 02:00:00
2021-10-18,2,2021,13.0,25.3,SW,2.2,31.0,6.9,Low,25.9,57.0,2021-10-18 02:00:00
2021-10-19,2,2021,11.4,21.0,S,0.4,-83.0,6.9,Low,25.0,66.0,2021-10-19 02:00:00
2021-10-20,2,2021,10.7,19.0,W,4.2,1002.0,7.0,Low,24.3,63.0,2021-10-20 02:00:00
2021-10-21,2,2021,10.7,19.3,S,0.2,-96.0,6.8,Low,25.3,65.0,2021-10-21 02:00:00
2021-10-22,2,2021,12.0,27.3,W,0.0,-100.0,6.8,Low,25.3,61.0,2021-10-22 02:00:00
2021-10-23,2,2021,12.4,23.3,NE,0.0,0.0,6.9,Low,24.9,62.0,2021-10-23 02:00:00
2021-10-24,2,2021,11.0,27.5,NW,0.0,0.0,6.7,Low,25.1,60.0,2021-10-24 02:00:00
2021-10-25,2,2021,11.9,18.6,SW,0.5,0.0,6.7,Low,25.7,65.0,2021-10-25 02:00:00
2021-10-26,2,2021,10.9,28.8,S,1.0,75.0,6.9,Low,25.2,61.0,2021-10-26 02:00:00
2021-10-27,2,2021,9.8,18.0,S,1.4,42.0,6.8,Low,25.1,64.0,2021-10-27 02:00:00
2021-10-28,2,2021,9.3,15.2,S,3.9,188.0,6.8,Low,23.8,61.0,2021-10-28 02:00:00
2021-10-29,2,2021,11.7,17.4,S,0.5,-86.0,6.8,Low,24.9,65.0,2021-10-29 02:00:00
2021-10-30,2,2021,10.3,26.5,N,7.6,1294.0,6.9,Low,24.3,63.0,2021-10-30 02:00:00
2021-10-31,2,2021,10.2,18.1,W,2.2,-71.0,6.7,Low,25.6,60.0,2021-10-31 02:00:00
2021-11-01,2,2021,11.5,26.1,SW,0.0,-100.0,6.6,Low,24.7,58.0,2021-11-01 02:00:00
2021-11-02,2,2021,12.0,21.3,S,2.0,0.0,6.9,Low,25.9,68.0,2021-11-02 02:00:00
2021-11-03,2,2021,11.3,20.8,N,4.4,119.0,6.8,Low,24.3,63.0,2021-11-03 02:00:00
2021-11-04,2,2021,9.6,18.4,SW,2.1,-51.0,6.8,Low,26.2,64.0,2021-11-04 02:00:00
2021-11-05,2,2021,10.9,28.8,E,0.0,-100.0,7.0,Low,25.4,60.0,2021-11-05 02:00:00
2021-11-06,2,2021,13.2,22.9,W,3.1,0.0,6.9,Low,25.6,59.0,2021-11-06 02:00:00
2021-11-07,2,2021,9.9,26.8,N,7.8,155.0,6.8,Low,25.7,59.0,2021-11-07 02:00:00
2021-11-08,2,2021,11.9,27.9,SW,0.2,-98.0,7.0,Low,25.2,59.0,2021-11-08 02:00:00
2021-11-09,2,2021,11.3,25.2,S,0.7,346.0,7.0,Low,26.7,60.0,2021-11-09 02:00:00
2021-11-10,2,2021,11.8,21.4,E,3.2,362.0,6.7,Low,26.0,65.0,2021-11-10 02:00:00
2021-11-11,2,2021,9.8,16.9,SW,11.3,253.0,6.6,Low,26.3,60.0,2021-11-11 02:00:00
2021-11-12,2,2021,9.4,19.9,S,1.1,-90.0,7.0,Low,25.6,57.0,2021-11-12 02:00:00
2021-11-13,2,2021,10.6,22.6,NE,0.1,-93.0,6.7,Low,26.6,62.0,2021-11-13 02:00:00
2021-11-14,2,2021,9.9,25.3,NE,1.1,1358.0,6.9,Low,25.0,64.0,2021-11-14 02:00:00
2021-11-15,2,2021,10.1,17.8,NW,0.9,-12.0,6.7,Low,25.6,58.0,2021-11-15 02:00:00
2021-11-16,2,2021,13.7,31.0,W,3.5,275.0,7.1,Low,25.4,61.0,2021-11-16 02:00:00
2021-11-17,2,2021,14.2,26.1,SE,1.0,-71.0,6.9,Low,25.1,60.0,2021-11-17 02:00:00
2021-11-18,2,2021,9.0,16.7,SE,1.8,75.0,6.9,Low,24.2,62.0,2021-11-18 02:00:00
2021-11-19,2,2021,12.7,19.1,W,3.1,73.0,6.9,Low,25.7,64.0,2021-11-19 02:00:00
2021-11-20,2,2021,12.6,27.3,N,0.5,-84.0,7.0,Low,24.2,60.0,2021-11-20 02:00:00
2021-11-21,2,2021,9.4,18.6,N,0.2,-61.0,6.9,Low,24.5,62.0,2021-11-21 02:00:00
2021-11-22,2,2021,11.9,22.3,NW,1.9,895.0,6.7,Low,25.1,61.0,2021-11-22 02:00:00
2021-11-23,2,2021,11.7,29.6,SE,1.2,-37.0,6.9,Low,25.9,58.0,2021-11-23 02:00:00
2021-11-24,2,2021,8.9,15.6,E,1.1,-7.0,6.9,Low,26.1,62.0,2021-11-24 02:00:00
2021-11-25,2,2021,8.2,17.3,W,0.4,-60.0,6.8,Low,25.8,58.0,2021-11-25 02:00:00
2021-11-26,2,2021,12.2,25.8,SE,1.2,170.0,6.7,Low,26.3,61.0,2021-11-26 02:00:00
2021-11-27,2,2021,13.0,23.5,NE,0.0,-100.0,6.8,Low,25.7,64.0,2021-11-27 02:00:00
2021-11-28,2,2021,8.3,16.9,S,0.0,0.0,6.6,Low,24.6,61.0,2021-11-28 02:00:00
2021-11-29,2,2021,11.2,28.5,E,0.0,0.0,7.0,Low,24.7,61.0,2021-11-29 02:00:00
2021-11-30,2,2021,7.5,20.5,NW,0.0,0.0,6.9,Low,25.3,64.0,2021-11-30 02:00:00
2021-12-01,2,2021,10.1,22.6,E,0.0,0.0,6.8,Low,26.8,62.0,2021-12-01 02:00:00
2021-12-02,2,2021,13.7,19.2,W,0.5,0.0,6.8,Low,25.3,63.0,2021-12-02 02:00:00
2021-12-03,2,2021,9.3,20.9,W,0.0,-100.0,7.0,Low,24.9,61.0,2021-12-03 02:00:00
2021-12-04,2,2021,10.2,21.1,W,0.6,0.0,6.8,Low,23.9,60.0,2021-12-04 02:00:00
2021-12-05,2,2021,10.7,27.2,SW,3.4,505.0,6.9,Low,25.7,61.0,2021-12-05 02:00:00
2021-12-06,2,2021,12.0,22.9,W,0.0,-100.0,6.8,Low,25.2,64.0,2021-12-06 02:00:00
2021-12-07,2,2021,9.8,22.8,NE,0.0,0.0,6.8,Low,25.7,56.0,2021-12-07 02:00:00
2021-12-08,2,2021,10.7,28.2,NE,0.0,0.0,6.8,Low,26.1,59.0,2021-12-08 02:00:00
2021-12-09,2,2021,10.7,21.1,E,0.0,-100.0,6.8,Low,24.8,60.0,2021-12-09 02:00:00
2021-12-10,2,2021,10.6,20.6,W,0.1,0.0,6.9,Low,26.5,59.0,2021-12-10 02:00:00
2021-12-11,2,2021,11.6,25.6,E,3.2,2150.0,6.8,Low,23.4,60.0,2021-12-11 02:00:00
2021-12-12,2,2021,10.8,24.6,N,1.1,-65.0,6.8,Low,25.2,57.0,2021-12-12 02:00:00
2021-12-13,2,2021,12.7,18.8,NE,0.0,-100.0,6.8,Low,26.1,64.0,2021-12-13 02:00:00
2021-12-14,2,2021,11.9,25.7,NW,0.0,0.0,6.9,Low,24.8,60.0,2021-12-14 02:00:00
2021-12-15,2,2021,12.1,18.4,S,4.5,0.0,6.8,Low,26.4,58.0,2021-12-15 02:00:00
2021-12-16,2,2021,10.2,27.2,SE,0.0,-100.0,6.6,Low,26.3,64.0,2021-12-16 02:00:00
2021-12-17,2,2021,10.8,23.8,NE,0.0,0.0,6.8,Low,25.1,59.0,2021-12-17 02:00:00
2021-12-18,2,2021,8.1,22.5,E,0.0,0.0,6.8,Low,26.0,61.0,2021-12-18 02:00:00
2021-12-19,2,2021,11.1,21.5,S,2.8,0.0,6.9,Low,25.3,58.0,2021-12-19 02:00:00
2021-12-20,2,2021,10.5,27.6,N,0.8,-72.0,6.7,Low,25.5,61.0,2021-12-20 02:00:00
2021-12-21,2,2021,9.0,15.3,N,0.0,-100.0,6.8,Low,25.8,59.0,2021-12-21 02:00:00
2021-12-22,2,2021,12.5,24.6,SE,0.0,0.0,6.8,Low,25.2,62.0,2021-12-22 02:00:00
2021-12-23,2,2021,10.4,22.1,W,0.4,0.0,6.8,Low,26.6,53.0,2021-12-23 02:00:00
2021-12-24,2,2021,11.2,25.5,SE,0.9,99.0,6.7,Low,25.6,64.0,2021-12-24 02:00:00
2021-12-25,2,2021,9.8,25.1,W,0.0,-100.0,6.8,Low,24.9,63.0,2021-12-25 02:00:00
2021-12-26,2,2021,10.4,18.0,E,1.6,0.0,6.6,Low,26.0,60.0,2021-12-26 02:00:00
2021-12-27,2,2021,9.1,18.5,N,2.7,66.0,6.7,Low,25.5,60.0,2021-12-27 02:00:00
2021-12-28,2,2021,11.5,25.7,NW,0.0,-100.0,6.9,Low,26.0,63.0,2021-12-28 02:00:00
2021-12-29,2,2021,9.7,18.7,N,0.0,0.0,7.0,Low,26.1,57.0,2021-12-29 02:00:00
2021-12-30,2,2021,10.5,24.4,W,0.0,0.0,6.8,Low,26.2,57.0,2021-12-30 02:00:00
2021-12-31,2,2021,12.1,29.1,NW,0.2,0.0,6.7,Low,25.9,58.0,2021-12-31 02:00:00
2022-01-01,2,2022,10.4,20.1,N,0.3,0.0,7.2,Med-High,23.1,74.0,2022-01-01 02:00:00
2022-01-02,2,2022,9.6,25.8,SW,3.2,887.0,7.1,Med-High,22.3,74.0,2022-01-02 02:00:00
2022-01-03,2,2022,9.9,26.4,NE,3.3,3.0,7.2,Med-High,22.2,76.0,2022-01-03 02:00:00
2022-01-04,2,2022,12.2,29.1,SW,0.9,-73.0,7.2,Med-High,21.3,72.0,2022-01-04 02:00:00
2022-01-05,2,2022,8.9,20.8,NE,0.3,-67.0,7.1,Med-High,20.9,77.0,2022-01-05 02:00:00
2022-01-06,2,2022,9.8,24.1,SE,0.6,111.0,7.0,Med-High,22.5,73.0,2022-01-06 02:00:00
2022-01-07,2,2022,9.9,25.6,NW,5.4,799.0,7.1,Med-High,23.0,73.0,2022-01-07 02:00:00
2022-01-08,2,2022,12.1,29.4,E,3.7,-32.0,7.3,Med-High,21.1,72.0,2022-01-08 02:00:00
2022-01-09,2,2022,6.7,15.2,N,0.4,-90.0,7.1,Med-High,22.1,73.0,2022-01-09 02:00:00
2022-01-10,2,2022,10.9,25.3,SW,0.0,-100.0,7.3,Medium,21.6,66.0,2022-01-10 02:00:00
2022-01-11,2,2022,11.5,17.4,N,0.6,0.0,7.2,Medium,21.8,78.0,2022-01-11 02:00:00
2022-01-12,2,2022,10.4,19.0,E,0.2,-74.0,7.2,Medium,22.6,73.0,2022-01-12 02:00:00
2022-01-13,2,2022,11.7,28.5,N,0.2,20.0,7.3,Medium,21.9,68.0,2022-01-13 02:00:00
2022-01-14,2,2022,11.3,26.3,SE,0.0,-100.0,7.2,Medium,22.8,67.0,2022-01-14 02:00:00
2022-01-15,2,2022,10.1,19.2,S,1.4,0.0,7.2,Medium,22.0,72.0,2022-01-15 02:00:00
2022-01-16,2,2022,11.3,22.4,S,2.0,40.0,7.1,Medium,21.6,71.0,2022-01-16 02:00:00
2022-01-17,2,2022,10.4,27.9,SE,2.2,13.0,7.1,Medium,21.8,72.0,2022-01-17 02:00:00
2022-01-18,2,2022,10.4,23.1,W,4.6,107.0,7.1,Medium,22.0,67.0,2022-01-18 02:00:00
2022-01-19,2,2022,12.6,27.2,SE,6.5,40.0,7.3,Medium,22.9,76.0,2022-01-19 02:00:00
2022-01-20,2,2022,10.3,26.6,NW,1.4,-79.0,7.4,Medium,22.1,69.0,2022-01-20 02:00:00
2022-01-21,2,2022,8.3,14.5,W,2.5,83.0,7.2,Medium,22.4,68.0,2022-01-21 02:00:00
2022-01-22,2,2022,9.2,20.5,NE,2.7,8.0,7.2,Medium,21.3,68.0,2022-01-22 02:00:00
2022-01-23,2,2022,8.2,24.8,S,0.0,-100.0,7.5,Medium,23.0,72.0,2022-01-23 02:00:00
2022-01-24,2,2022,8.8,15.9,NE,0.0,0.0,7.1,Medium,23.1,69.0,2022-01-24 02:00:00
2022-01-25,2,2022,11.0,25.7,SE,1.0,0.0,7.0,Medium,22.2,70.0,2022-01-25 02:00:00
2022-01-26,2,2022,13.1,25.7,NE,0.3,-71.0,7.1,Medium,21.9,74.0,2022-01-26 02:00:00
2022-01-27,2,2022,12.2,24.7,NE,3.3,1091.0,7.1,Medium,21.9,72.0,2022-01-27 02:00:00
2022-01-28,2,2022,10.9,25.1,S,4.4,35.0,7.3,Medium,22.6,71.0,2022-01-28 02:00:00
2022-01-29,2,2022,13.1,18.9,E,0.5,-89.0,7.1,Medium,21.8,71.0,2022-01-29 02:00:00
2022-01-30,2,2022,11.7,23.5,NE,3.5,642.0,7.3,Medium,22.4,70.0,2022-01-30 02:00:00
2022-01-31,2,2022,11.7,24.5,N,0.3,-91.0,7.1,Medium,21.2,73.0,2022-01-31 02:00:00
2022-02-01,2,2022,9.7,16.2,SE,2.8,741.0,7.1,Medium,22.9,73.0,2022-02-01 02:00:00
2022-02-02,2,2022,10.0,25.2,E,0.9,-69.0,7.2,Medium,23.1,70.0,2022-02-02 02:00:00
2022-02-03,2,2022,11.2,22.5,SE,0.3,-65.0,7.1,Medium,22.5,75.0,2022-02-03 02:00:00
2022-02-04,2,2022,12.5,17.9,S,0.9,184.0,7.3,Medium,22.6,66.0,2022-02-04 02:00:00
2022-02-05,2,2022,9.6,16.3,NE,5.5,540.0,7.3,Medium,22.4,70.0,2022-02-05 02:00:00
2022-02-06,2,2022,9.8,22.2,NE,0.2,-96.0,7.2,Medium,22.0,70.0,2022-02-06 02:00:00
2022-02-07,2,2022,9.7,16.9,NE,0.7,249.0,7.3,Medium,22.8,73.0,2022-02-07 02:00:00
2022-02-08,2,2022,8.9,17.9,E,0.3,-61.0,7.2,Medium,22.0,71.0,2022-02-08 02:00:00
2022-02-09,2,2022,13.8,31.8,S,2.2,709.0,7.4,Medium,23.4,71.0,2022-02-09 02:00:00
2022-02-10,2,2022,11.2,20.0,NW,3.2,44.0,7.1,Medium,22.6,67.0,2022-02-10 02:00:00
2022-02-11,2,2022,7.7,12.7,NW,1.1,-66.0,7.2,Low,22.8,71.0,2022-02-11 02:00:00
2022-02-12,2,2022,9.5,14.7,W,2.2,105.0,7.2,Medium,21.8,69.0,2022-02-12 02:00:00
2022-02-13,2,2022,11.6,25.8,SW,0.0,-100.0,6.9,Med-High,21.0,72.0,2022-02-13 02:00:00
2022-02-14,2,2022,10.0,20.6,S,1.0,0.0,7.1,Medium,22.0,70.0,2022-02-14 02:00:00
2022-02-15,2,2022,8.9,21.0,SE,0.6,-41.0,7.2,Medium,22.8,68.0,2022-02-15 02:00:00
2022-02-16,2,2022,11.8,24.1,N,0.3,-42.0,7.3,Medium,23.1,76.0,2022-02-16 02:00:00
2022-02-17,2,2022,12.4,22.3,N,2.7,724.0,7.1,Medium,23.3,70.0,2022-02-17 02:00:00
2022-02-18,2,2022,12.1,20.5,SW,0.0,-100.0,7.3,Medium,22.0,73.0,2022-02-18 02:00:00
2022-02-19,2,2022,9.9,15.0,SE,0.2,0.0,7.0,Medium,22.7,67.0,2022-02-19 02:00:00
2022-02-20,2,2022,12.4,26.1,NW,6.1,3381.0,7.2,Medium,22.9,64.0,2022-02-20 02:00:00
2022-02-21,2,2022,10.8,19.3,SE,0.4,-93.0,7.4,Medium,21.5,70.0,2022-02-21 02:00:00
2022-02-22,2,2022,11.1,28.6,SE,2.7,543.0,7.2,Medium,23.7,69.0,2022-02-22 02:00:00
2022-02-23,2,2022,10.3,17.4,W,0.4,-84.0,7.2,Low,22.3,75.0,2022-02-23 02:00:00
2022-02-24,2,2022,11.4,16.5,SW,0.1,-68.0,7.1,Medium,21.6,70.0,2022-02-24 02:00:00
2022-02-25,2,2022,10.3,16.7,NW,0.4,184.0,7.0,Low,22.4,70.0,2022-02-25 02:00:00
2022-02-26,2,2022,9.7,18.2,E,1.4,277.0,7.1,Low,22.1,66.0,2022-02-26 02:00:00
2022-02-27,2,2022,11.6,17.7,E,1.0,-29.0,7.3,Low,22.7,73.0,2022-02-27 02:00:00
2022-02-28,2,2022,10.8,23.7,E,2.5,147.0,7.2,Low,22.7,69.0,2022-02-28 02:00:00
2022-03-01,2,2022,14.0,21.2,NW,4.7,88.0,7.3,Low,21.7,72.0,2022-03-01 02:00:00
2022-03-02,2,2022,11.0,16.4,NE,2.6,-43.0,7.1,Low,22.9,63.0,2022-03-02 02:00:00
2022-03-03,2,2022,9.2,18.7,S,0.0,-98.0,7.2,Low,22.1,67.0,2022-03-03 02:00:00
2022-03-04,2,2022,11.3,23.9,SW,0.5,1020.0,7.3,Low,22.2,75.0,2022-03-04 02:00:00
2022-03-05,2,2022,11.1,24.7,NE,4.2,675.0,7.1,Low,22.2,70.0,2022-03-05 02:00:00
2022-03-06,2,2022,10.7,27.7,SE,0.5,-88.0,7.0,Low,22.9,71.0,2022-03-06 02:00:00
2022-03-07,2,2022,10.7,16.4,NW,2.3,366.0,7.2,Medium,22.6,74.0,2022-03-07 02:00:00
2022-03-08,2,2022,9.6,24.3,E,0.2,-91.0,7.0,Low,23.4,68.0,2022-03-08 02:00:00
2022-03-09,2,2022,9.7,16.3,NW,0.0,-88.0,7.3,Low,22.5,70.0,2022-03-09 02:00:00
2022-03-10,2,2022,7.3,12.9,S,4.0,16640.0,7.1,Low,23.0,73.0,2022-03-10 02:00:00
2022-03-11,2,2022,11.5,18.5,S,0.8,-80.0,7.1,Low,22.2,73.0,2022-03-11 02:00:00
2022-03-12,2,2022,13.7,24.6,SW,0.7,-17.0,7.3,Low,22.2,70.0,2022-03-12 02:00:00
2022-03-13,2,2022,7.7,23.5,SE,2.5,279.0,7.2,Low,21.6,72.0,2022-03-13 02:00:00
2022-03-14,2,2022,12.5,24.7,NE,2.1,-17.0,7.1,Medium,23.9,68.0,2022-03-14 02:00:00
2022-03-15,2,2022,9.0,16.1,W,5.2,150.0,7.2,Medium,21.8,72.0,2022-03-15 02:00:00
2022-03-16,2,2022,10.9,19.3,SW,0.0,-100.0,7.3,Medium,22.8,69.0,2022-03-16 02:00:00
2022-03-17,2,2022,11.1,22.3,E,0.2,0.0,7.2,Medium,24.8,75.0,2022-03-17 02:00:00
2022-03-18,2,2022,10.0,21.9,N,1.4,498.0,7.1,Medium,22.8,70.0,2022-03-18 02:00:00
2022-03-19,2,2022,11.6,20.1,N,3.1,118.0,7.1,Medium,22.5,69.0,2022-03-19 02:00:00
2022-03-20,2,2022,8.5,24.1,NE,0.3,-89.0,7.0,Medium,22.4,70.0,2022-03-20 02:00:00
2022-03-21,2,2022,10.7,17.2,E,0.2,-46.0,7.2,Medium,23.1,72.0,2022-03-21 02:00:00
2022-03-22,2,2022,11.0,19.3,NE,0.0,-100.0,7.2,Low,22.3,69.0,2022-03-22 02:00:00
2022-03-23,2,2022,12.7,18.8,S,0.6,0.0,7.1,Low,23.2,70.0,2022-03-23 02:00:00
2022-03-24,2,2022,10.2,25.7,S,1.6,178.0,7.1,Medium,23.0,75.0,2022-03-24 02:00:00
2022-03-25,2,2022,12.6,28.0,NW,1.4,-11.0,7.1,Medium,21.9,73.0,2022-03-25 02:00:00
2022-03-26,2,2022,11.3,25.9,SW,1.9,32.0,7.3,Medium,23.5,73.0,2022-03-26 02:00:00
2022-03-27,2,2022,10.0,20.5,SW,1.6,-15.0,7.2,Medium,21.7,69.0,2022-03-27 02:00:00
2022-03-28,2,2022,12.7,18.5,E,0.6,-65.0,7.1,Medium,23.2,72.0,2022-03-28 02:00:00
2022-03-29,2,2022,11.2,22.8,N,0.7,26.0,7.3,Medium,23.4,70.0,2022-03-29 02:00:00
2022-03-30,2,2022,9.1,21.2,NE,5.0,595.0,7.3,Medium,22.7,70.0,2022-03-30 02:00:00
2022-03-31,2,2022,11.1,21.3,S,0.0,-100.0,7.2,Medium,22.7,74.0,2022-03-31 02:00:00
2022-04-01,2,2022,11.1,27.0,E,0.3,0.0,7.2,Medium,23.8,69.0,2022-04-01 02:00:00
2022-04-02,2,2022,11.9,17.3,NE,1.0,285.0,6.9,Med-High,22.5,66.0,2022-04-02 02:00:00
2022-04-03,2,2022,10.4,18.4,NE,1.2,17.0,7.2,Med-High,22.3,71.0,2022-04-03 02:00:00
2022-04-04,2,2022,8.9,14.3,SW,2.3,95.0,7.1,Med-High,24.2,69.0,2022-04-04 02:00:00
2022-04-05,2,2022,10.9,18.4,NE,2.3,-2.0,7.1,Medium,22.8,72.0,2022-04-05 02:00:00
2022-04-06,2,2022,11.0,20.7,W,0.1,-97.0,7.1,Medium,22.4,70.0,2022-04-06 02:00:00
2022-04-07,2,2022,10.3,23.6,SW,2.9,4803.0,7.1,Medium,22.7,71.0,2022-04-07 02:00:00
2022-04-08,2,2022,10.1,26.6,N,1.7,-39.0,7.1,Medium,23.3,70.0,2022-04-08 02:00:00
2022-04-09,2,2022,10.3,26.8,N,3.2,85.0,7.2,Med-High,22.5,67.0,2022-04-09 02:00:00
2022-04-10,2,2022,10.9,25.2,N,1.0,-69.0,7.1,Med-High,24.1,72.0,2022-04-10 02:00:00
2022-04-11,2,2022,11.1,16.5,W,0.0,-100.0,7.2,Med-High,22.3,67.0,2022-04-11 02:00:00
2022-04-12,2,2022,10.5,20.3,NW,4.6,0.0,7.1,Med-High,23.6,66.0,2022-04-12 02:00:00
2022-04-13,2,2022,13.3,28.9,N,1.8,-61.0,7.0,Med-High,23.4,69.0,2022-04-13 02:00:00
2022-04-14,2,2022,7.5,12.7,S,0.1,-96.0,7.2,Medium,23.2,63.0,2022-04-14 02:00:00
2022-04-15,2,2022,12.4,30.4,N,2.9,4439.0,7.1,Medium,22.2,65.0,2022-04-15 02:00:00
2022-04-16,2,2022,9.4,24.9,E,0.5,-84.0,7.2,Medium,23.1,71.0,2022-04-16 02:00:00
2022-04-17,2,2022,10.9,27.1,SE,1.0,114.0,6.9,Medium,22.6,67.0,2022-04-17 02:00:00
2022-04-18,2,2022,10.5,16.0,E,0.1,-90.0,7.1,Medium,23.8,72.0,2022-04-18 02:00:00
2022-04-19,2,2022,8.1,15.1,N,0.0,-100.0,7.1,Medium,24.0,74.0,2022-04-19 02:00:00
2022-04-20,2,2022,9.2,15.7,SE,6.7,0.0,7.0,Medium,22.0,72.0,2022-04-20 02:00:00
2022-04-21,2,2022,9.7,18.4,NE,1.5,-78.0,6.9,Medium,23.1,68.0,2022-04-21 02:00:00
2022-04-22,2,2022,11.0,17.1,W,0.6,-56.0,7.1,Med-High,22.1,64.0,2022-04-22 02:00:00
2022-04-23,2,2022,11.9,22.6,W,0.0,-100.0,7.0,Med-High,22.6,66.0,2022-04-23 02:00:00
2022-04-24,2,2022,9.9,16.8,NE,3.6,0.0,7.1,Med-High,23.7,72.0,2022-04-24 02:00:00
2022-04-25,2,2022,10.5,17.6,W,0.5,-86.0,7.2,Med-High,22.9,66.0,2022-04-25 02:00:00
2022-04-26,2,2022,9.3,22.0,NE,0.0,-100.0,7.2,Med-High,23.4,63.0,2022-04-26 02:00:00
2022-04-27,2,2022,10.5,20.6,SE,0.5,0.0,7.1,Med-High,22.5,73.0,2022-04-27 02:00:00
2022-04-28,2,2022,9.7,18.2,S,0.2,-58.0,7.0,Med-High,22.6,69.0,2022-04-28 02:00:00
2022-04-29,2,2022,10.5,19.9,E,0.3,15.0,7.1,Medium,22.3,68.0,2022-04-29 02:00:00
2022-04-30,2,2022,10.1,25.5,N,0.8,225.0,7.0,Medium,23.3,66.0,2022-04-30 02:00:00
2022-05-01,2,2022,11.3,17.9,S,1.6,92.0,7.0,Med-High,23.6,68.0,2022-05-01 02:00:00
2022-05-02,2,2022,13.8,29.3,E,1.1,-27.0,7.1,Med-High,24.0,64.0,2022-05-02 02:00:00
2022-05-03,2,2022,11.0,28.8,NE,0.0,-100.0,7.0,Med-High,23.9,66.0,2022-05-03 02:00:00
2022-05-04,2,2022,10.4,19.7,S,3.7,79876.0,7.2,Med-High,23.4,68.0,2022-05-04 02:00:00
2022-05-05,2,2022,12.4,28.4,W,2.7,-27.0,7.2,Med-High,23.4,70.0,2022-05-05 02:00:00
2022-05-06,2,2022,11.7,26.1,W,1.0,-62.0,7.1,Medium,24.9,67.0,2022-05-06 02:00:00
2022-05-07,2,2022,11.1,21.6,E,0.9,-14.0,7.1,Medium,23.9,66.0,2022-05-07 02:00:00
2022-05-08,2,2022,10.8,26.4,NW,2.8,218.0,7.0,Medium,22.3,71.0,2022-05-08 02:00:00
2022-05-09,2,2022,11.9,24.6,E,0.1,-98.0,7.0,Medium,22.7,63.0,2022-05-09 02:00:00
2022-05-10,2,2022,10.2,17.7,E,1.9,3193.0,7.1,Medium,23.9,68.0,2022-05-10 02:00:00
2022-05-11,2,2022,11.7,24.3,E,1.5,-22.0,7.1,Medium,23.1,71.0,2022-05-11 02:00:00
2022-05-12,2,2022,10.6,22.9,SE,0.8,-47.0,7.1,Medium,23.4,70.0,2022-05-12 02:00:00
2022-05-13,2,2022,10.7,21.2,SW,0.6,-25.0,6.9,Medium,23.0,71.0,2022-05-13 02:00:00
2022-05-14,2,2022,12.1,27.3,S,0.0,-100.0,6.9,Low,23.6,69.0,2022-05-14 02:00:00
2022-05-15,2,2022,11.9,20.1,NE,2.7,0.0,7.0,Low,24.7,70.0,2022-05-15 02:00:00
2022-05-16,2,2022,9.5,17.9,NE,0.7,-73.0,7.2,Low,22.9,66.0,2022-05-16 02:00:00
2022-05-17,2,2022,9.0,26.9,S,2.7,273.0,7.0,Low,22.6,66.0,2022-05-17 02:00:00
2022-05-18,2,2022,12.2,19.8,SW,1.2,-54.0,7.1,Low,22.1,72.0,2022-05-18 02:00:00
2022-05-19,2,2022,11.8,28.3,N,0.6,-48.0,6.9,Low,23.8,67.0,2022-05-19 02:00:00
2022-05-20,2,2022,10.0,17.4,W,0.6,-4.0,7.2,Low,24.4,65.0,2022-05-20 02:00:00
2022-05-21,2,2022,10.6,25.1,N,2.6,313.0,7.0,Low,23.4,63.0,2022-05-21 02:00:00
2022-05-22,2,2022,8.2,22.7,NW,2.0,-23.0,7.0,Low,24.3,60.0,2022-05-22 02:00:00
2022-05-23,2,2022,15.1,31.2,NW,0.8,-59.0,7.1,Low,24.1,65.0,2022-05-23 02:00:00
2022-05-24,2,2022,9.2,14.5,SE,0.3,-64.0,6.9,Low,23.7,67.0,2022-05-24 02:00:00
2022-05-25,2,2022,10.5,20.9,SE,0.2,-32.0,7.0,Low,23.9,70.0,2022-05-25 02:00:00
2022-05-26,2,2022,9.5,25.9,NE,0.0,-100.0,6.9,Low,23.5,68.0,2022-05-26 02:00:00
2022-05-27,2,2022,9.2,25.0,S,0.7,0.0,7.0,Low,23.5,72.0,2022-05-27 02:00:00
2022-05-28,2,2022,11.5,24.7,E,0.5,-29.0,7.0,Low,23.0,70.0,2022-05-28 02:00:00
2022-05-29,2,2022,11.0,21.9,W,1.5,201.0,7.1,Low,22.8,70.0,2022-05-29 02:00:00
2022-05-30,2,2022,12.7,29.5,NE,0.9,-39.0,7.0,Low,24.5,65.0,2022-05-30 02:00:00
2022-05-31,2,2022,13.5,18.5,SW,0.0,-95.0,7.0,Low,23.9,68.0,2022-05-31 02:00:00
2022-06-01,2,2022,9.9,18.4,E,0.9,1857.0,6.9,Low,23.6,60.0,2022-06-01 02:00:00
2022-06-02,2,2022,12.0,23.7,N,0.8,-15.0,7.0,Low,23.4,70.0,2022-06-02 02:00:00
2022-06-03,2,2022,10.9,24.1,NW,2.5,233.0,7.2,Low,24.0,63.0,2022-06-03 02:00:00
2022-06-04,2,2022,11.1,17.7,W,3.3,29.0,7.0,Low,24.0,67.0,2022-06-04 02:00:00
2022-06-05,2,2022,10.5,17.8,NE,0.1,-97.0,7.0,Low,24.5,70.0,2022-06-05 02:00:00
2022-06-06,2,2022,10.2,23.0,S,1.4,1380.0,6.8,Low,23.5,70.0,2022-06-06 02:00:00
2022-06-07,2,2022,10.1,16.0,S,3.2,127.0,7.1,Low,22.7,65.0,2022-06-07 02:00:00
2022-06-08,2,2022,11.7,23.6,NE,0.0,-100.0,7.2,Low,22.9,67.0,2022-06-08 02:00:00
2022-06-09,2,2022,10.7,21.7,NE,1.1,0.0,6.9,Low,24.2,73.0,2022-06-09 02:00:00
2022-06-10,2,2022,10.9,17.9,E,1.1,-8.0,7.1,Low,23.8,68.0,2022-06-10 02:00:00
2022-06-11,2,2022,10.8,18.8,W,1.7,59.0,7.0,Low,24.4,71.0,2022-06-11 02:00:00
2022-06-12,2,2022,11.3,16.9,NE,6.9,313.0,7.0,Low,23.0,67.0,2022-06-12 02:00:00
2022-06-13,2,2022,8.5,16.0,N,1.2,-83.0,7.2,Low,23.6,76.0,2022-06-13 02:00:00
2022-06-14,2,2022,10.3,22.7,NW,1.3,12.0,7.1,Low,24.8,68.0,2022-06-14 02:00:00
2022-06-15,2,2022,8.9,15.5,S,0.8,-41.0,7.0,Low,22.2,67.0,2022-06-15 02:00:00
2022-06-16,2,2022,9.5,19.6,W,4.5,475.0,7.1,Low,23.3,66.0,2022-06-16 02:00:00
2022-06-17,2,2022,9.4,24.5,W,1.5,-66.0,7.1,Low,23.4,65.0,2022-06-17 02:00:00
2022-06-18,2,2022,14.0,30.1,N,10.6,590.0,7.0,Low,24.0,67.0,2022-06-18 02:00:00
2022-06-19,2,2022,9.4,14.5,SE,0.8,-92.0,7.1,Low,23.5,68.0,2022-06-19 02:00:00
2022-06-20,2,2022,8.6,21.6,NW,0.5,-39.0,7.1,Low,23.9,62.0,2022-06-20 02:00:00
2022-06-21,2,2022,9.3,25.8,N,0.0,-100.0,7.1,Low,25.3,76.0,2022-06-21 02:00:00
2022-06-22,2,2022,10.3,24.3,SW,2.9,0.0,7.2,Low,24.0,64.0,2022-06-22 02:00:00
2022-06-23,2,2022,12.0,17.6,NW,0.0,-100.0,6.8,Low,24.6,68.0,2022-06-23 02:00:00
2022-06-24,2,2022,10.9,17.2,E,0.0,0.0,7.2,Low,22.1,65.0,2022-06-24 02:00:00
2022-06-25,2,2022,12.7,17.8,W,0.9,0.0,7.0,Low,24.3,61.0,2022-06-25 02:00:00
2022-06-26,2,2022,12.2,27.0,N,0.9,-2.0,7.1,Low,23.5,66.0,2022-06-26 02:00:00
2022-06-27,2,2022,10.6,17.4,S,0.7,-25.0,7.1,Low,22.4,65.0,2022-06-27 02:00:00
2022-06-28,2,2022,14.2,21.1,W,0.0,-100.0,7.1,Low,24.0,68.0,2022-06-28 02:00:00
2022-06-29,2,2022,10.1,24.4,N,2.9,0.0,6.8,Low,24.5,69.0,2022-06-29 02:00:00
2022-06-30,2,2022,14.9,20.4,N,0.0,-100.0,7.1,Low,25.0,69.0,2022-06-30 02:00:00
2022-07-01,2,2022,9.7,24.5,NW,3.6,0.0,7.1,Low,22.8,67.0,2022-07-01 02:00:00
2022-07-02,2,2022,8.7,20.0,NW,0.0,-100.0,6.8,Low,25.1,73.0,2022-07-02 02:00:00
2022-07-03,2,2022,11.2,24.7,SW,3.6,0.0,7.0,Low,23.4,69.0,2022-07-03 02:00:00
2022-07-04,2,2022,11.1,22.2,W,1.5,-59.0,7.0,Low,25.2,66.0,2022-07-04 02:00:00
2022-07-05,2,2022,10.4,26.9,NE,1.3,-11.0,6.9,Low,23.6,67.0,2022-07-05 02:00:00
2022-07-06,2,2022,10.8,17.4,SW,0.0,-100.0,6.9,Low,23.6,64.0,2022-07-06 02:00:00
2022-07-07,2,2022,14.1,20.0,S,4.3,0.0,7.0,Low,23.2,69.0,2022-07-07 02:00:00
2022-07-08,2,2022,8.3,21.8,SE,0.0,-100.0,7.1,Low,24.3,63.0,2022-07-08 02:00:00
2022-07-09,2,2022,10.6,18.6,SW,0.0,0.0,7.0,Low,24.0,69.0,2022-07-09 02:00:00
2022-07-10,2,2022,12.5,20.5,SE,2.8,0.0,7.0,Low,25.2,68.0,2022-07-10 02:00:00
2022-07-11,2,2022,10.3,17.3,SW,0.0,-100.0,6.9,Low,25.5,67.0,2022-07-11 02:00:00
2022-07-12,2,2022,10.6,28.5,E,0.5,0.0,7.0,Low,23.4,61.0,2022-07-12 02:00:00
2022-07-13,2,2022,10.9,21.1,NW,4.8,909.0,7.0,Low,23.7,67.0,2022-07-13 02:00:00
2022-07-14,2,2022,12.8,29.3,W,0.0,-100.0,7.1,Low,22.8,71.0,2022-07-14 02:00:00
2022-07-15,2,2022,10.7,20.2,NW,0.7,0.0,7.1,Low,23.1,71.0,2022-07-15 02:00:00
2022-07-16,2,2022,10.2,25.8,SW,0.0,-100.0,7.1,Low,23.8,69.0,2022-07-16 02:00:00
2022-07-17,2,2022,12.0,17.6,S,0.8,0.0,7.0,Low,23.3,60.0,2022-07-17 02:00:00
2022-07-18,2,2022,8.5,16.2,N,1.6,95.0,7.0,Low,24.1,68.0,2022-07-18 02:00:00
2022-07-19,2,2022,9.1,20.1,N,0.3,-81.0,7.2,Low,23.7,64.0,2022-07-19 02:00:00
2022-07-20,2,2022,12.5,20.5,N,0.2,-37.0,7.0,Low,24.0,65.0,2022-07-20 02:00:00
2022-07-21,2,2022,10.2,19.4,E,0.0,-100.0,6.9,Low,24.4,67.0,2022-07-21 02:00:00
2022-07-22,2,2022,11.1,23.3,S,1.5,0.0,7.2,Low,23.9,65.0,2022-07-22 02:00:00
2022-07-23,2,2022,9.8,18.4,S,0.4,-72.0,7.1,Low,24.7,65.0,2022-07-23 02:00:00
2022-07-24,2,2022,11.0,21.2,W,0.3,-38.0,7.1,Low,24.3,65.0,2022-07-24 02:00:00
2022-07-25,2,2022,9.9,17.2,SW,0.0,-100.0,6.9,Low,22.7,63.0,2022-07-25 02:00:00
2022-07-26,2,2022,11.0,25.6,W,1.5,0.0,6.9,Low,24.0,68.0,2022-07-26 02:00:00
2022-07-27,2,2022,11.0,17.6,E,1.2,-20.0,6.9,Low,25.3,71.0,2022-07-27 02:00:00
2022-07-28,2,2022,11.7,25.9,N,1.3,4.0,7.0,Low,23.7,66.0,2022-07-28 02:00:00
2022-07-29,2,2022,12.4,26.0,SW,3.2,151.0,7.0,Low,24.1,67.0,2022-07-29 02:00:00
2022-07-30,2,2022,10.7,18.7,S,0.0,-100.0,7.0,Low,23.6,67.0,2022-07-30 02:00:00
2022-07-31,2,2022,9.1,18.5,W,0.0,0.0,7.0,Low,23.4,59.0,2022-07-31 02:00:00
2022-08-01,2,2022,10.5,20.3,E,0.0,0.0,7.0,Low,24.1,67.0,2022-08-01 02:00:00
2022-08-02,2,2022,12.4,28.0,NW,0.6,0.0,6.9,Low,24.0,63.0,2022-08-02 02:00:00
2022-08-03,2,2022,10.6,20.6,W,0.8,29.0,6.9,Low,24.9,63.0,2022-08-03 02:00:00
2022-08-04,2,2022,11.0,18.3,E,5.1,562.0,6.9,Low,23.2,63.0,2022-08-04 02:00:00
2022-08-05,2,2022,13.6,27.2,NW,4.2,-18.0,7.0,Low,24.4,71.0,2022-08-05 02:00:00
2022-08-06,2,2022,13.4,19.7,NE,1.7,-61.0,7.1,Low,24.4,69.0,2022-08-06 02:00:00
2022-08-07,2,2022,11.8,23.6,NE,0.0,-100.0,6.9,Low,23.0,68.0,2022-08-07 02:00:00
2022-08-08,2,2022,11.7,22.2,S,0.3,0.0,6.9,Low,24.0,66.0,2022-08-08 02:00:00
2022-08-09,2,2022,9.9,15.7,W,0.0,-100.0,7.0,Low,24.4,67.0,2022-08-09 02:00:00
2022-08-10,2,2022,10.9,25.6,SW,0.8,0.0,7.0,Low,23.8,64.0,2022-08-10 02:00:00
2022-08-11,2,2022,12.3,29.3,NE,4.9,533.0,7.0,Low,24.6,64.0,2022-08-11 02:00:00
2022-08-12,2,2022,13.6,24.9,SE,0.0,-99.0,6.9,Low,24.3,61.0,2022-08-12 02:00:00
2022-08-13,2,2022,9.8,25.4,S,11.1,22774.0,7.0,Low,25.4,64.0,2022-08-13 02:00:00
2022-08-14,2,2022,10.5,19.4,NW,0.0,-100.0,6.8,Low,23.6,67.0,2022-08-14 02:00:00
2022-08-15,2,2022,10.3,24.2,N,1.6,0.0,6.8,Low,23.9,67.0,2022-08-15 02:00:00
2022-08-16,2,2022,11.0,26.5,N,2.1,31.0,6.8,Low,23.8,65.0,2022-08-16 02:00:00
2022-08-17,2,2022,10.1,17.2,E,0.6,-70.0,7.1,Low,23.4,60.0,2022-08-17 02:00:00
2022-08-18,2,2022,10.4,19.1,NW,1.3,99.0,6.9,Low,23.6,67.0,2022-08-18 02:00:00
2022-08-19,2,2022,10.0,17.3,E,0.0,-100.0,6.9,Low,24.7,66.0,2022-08-19 02:00:00
2022-08-20,2,2022,12.9,24.5,N,6.1,0.0,6.7,Low,24.2,59.0,2022-08-20 02:00:00
2022-08-21,2,2022,12.0,26.9,SE,0.2,-97.0,7.0,Low,24.2,63.0,2022-08-21 02:00:00
2022-08-22,2,2022,11.1,23.8,E,1.8,909.0,6.8,Low,23.8,69.0,2022-08-22 02:00:00
2022-08-23,2,2022,9.0,26.1,S,0.6,-68.0,7.0,Low,24.4,61.0,2022-08-23 02:00:00
2022-08-24,2,2022,12.8,25.7,NE,0.9,54.0,6.9,Low,24.9,65.0,2022-08-24 02:00:00
2022-08-25,2,2022,7.6,16.7,S,0.3,-68.0,6.9,Low,24.6,67.0,2022-08-25 02:00:00
2022-08-26,2,2022,10.3,21.7,SE,0.0,-100.0,6.9,Low,24.6,66.0,2022-08-26 02:00:00
2022-08-27,2,2022,10.6,22.4,N,0.1,0.0,6.7,Low,23.7,64.0,2022-08-27 02:00:00
2022-08-28,2,2022,10.9,28.7,E,0.0,-100.0,6.9,Low,24.8,65.0,2022-08-28 02:00:00
2022-08-29,2,2022,8.9,26.3,NW,1.0,0.0,7.0,Low,24.5,68.0,2022-08-29 02:00:00
2022-08-30,2,2022,9.1,25.5,W,0.8,-19.0,6.9,Low,23.8,60.0,2022-08-30 02:00:00
2022-08-31,2,2022,9.3,22.7,E,6.8,762.0,7.0,Low,24.3,59.0,2022-08-31 02:00:00
2022-09-01,2,2022,12.3,28.1,S,1.2,-83.0,6.8,Low,24.8,69.0,2022-09-01 02:00:00
2022-09-02,2,2022,9.1,23.4,NW,0.0,-100.0,7.0,Low,25.2,65.0,2022-09-02 02:00:00
2022-09-03,2,2022,8.5,18.4,E,0.0,0.0,6.9,Low,23.9,71.0,2022-09-03 02:00:00
2022-09-04,2,2022,9.3,17.4,SW,0.0,0.0,7.0,Low,23.7,61.0,2022-09-04 02:00:00
2022-09-05,2,2022,10.5,17.1,W,0.0,0.0,6.8,Low,22.8,66.0,2022-09-05 02:00:00
2022-09-06,2,2022,12.1,24.2,SW,3.0,0.0,6.9,Low,23.8,61.0,2022-09-06 02:00:00
2022-09-07,2,2022,11.6,19.0,N,0.3,-91.0,6.9,Low,25.1,63.0,2022-09-07 02:00:00
2022-09-08,2,2022,12.5,19.8,NW,0.3,-7.0,6.8,Low,24.2,63.0,2022-09-08 02:00:00
2022-09-09,2,2022,10.5,19.1,N,3.4,1174.0,6.8,Low,24.8,61.0,2022-09-09 02:00:00
2022-09-10,2,2022,10.9,21.6,SE,7.3,115.0,6.9,Low,24.9,67.0,2022-09-10 02:00:00
2022-09-11,2,2022,9.1,20.6,NW,0.0,-100.0,6.8,Low,25.0,63.0,2022-09-11 02:00:00
2022-09-12,2,2022,9.7,17.7,S,0.1,0.0,7.0,Low,25.8,64.0,2022-09-12 02:00:00
2022-09-13,2,2022,13.0,21.3,W,2.3,3017.0,6.9,Low,25.3,71.0,2022-09-13 02:00:00
2022-09-14,2,2022,9.8,16.8,NW,0.0,-100.0,6.9,Low,25.2,65.0,2022-09-14 02:00:00
2022-09-15,2,2022,11.3,23.6,W,0.0,0.0,6.9,Low,25.1,61.0,2022-09-15 02:00:00
2022-09-16,2,2022,9.8,21.8,W,0.3,0.0,6.9,Low,23.9,57.0,2022-09-16 02:00:00
2022-09-17,2,2022,12.1,25.0,NW,2.6,878.0,7.0,Low,24.3,68.0,2022-09-17 02:00:00
2022-09-18,2,2022,11.8,29.5,SW,3.3,28.0,6.9,Low,23.6,67.0,2022-09-18 02:00:00
2022-09-19,2,2022,10.3,18.3,N,0.9,-74.0,6.7,Low,25.6,59.0,2022-09-19 02:00:00
2022-09-20,2,2022,15.7,31.4,N,0.0,-100.0,7.0,Low,23.9,63.0,2022-09-20 02:00:00
2022-09-21,2,2022,12.0,25.3,SW,3.0,0.0,6.7,Low,24.7,60.0,2022-09-21 02:00:00
2022-09-22,2,2022,9.0,25.7,N,2.6,-13.0,6.9,Low,25.2,63.0,2022-09-22 02:00:00
2022-09-23,2,2022,12.5,22.8,W,0.0,-100.0,7.0,Low,25.4,60.0,2022-09-23 02:00:00
2022-09-24,2,2022,10.0,25.9,N,0.0,0.0,7.0,Low,26.1,58.0,2022-09-24 02:00:00
2022-09-25,2,2022,11.5,23.2,N,0.0,0.0,6.9,Low,25.2,62.0,2022-09-25 02:00:00
2022-09-26,2,2022,9.9,21.4,N,0.8,0.0,6.9,Low,25.5,64.0,2022-09-26 02:00:00
2022-09-27,2,2022,8.4,24.8,E,1.7,103.0,6.9,Low,24.9,59.0,2022-09-27 02:00:00
2022-09-28,2,2022,12.1,26.4,SE,5.8,240.0,6.9,Low,25.3,68.0,2022-09-28 02:00:00
2022-09-29,2,2022,9.2,17.8,E,7.8,34.0,7.1,Low,25.7,66.0,2022-09-29 02:00:00
2022-09-30,2,2022,11.6,22.5,S,0.0,-100.0,7.2,Low,24.8,60.0,2022-09-30 02:00:00
2022-10-01,2,2022,9.2,19.6,W,0.3,0.0,6.9,Low,24.5,58.0,2022-10-01 02:00:00
2022-10-02,2,2022,11.4,24.9,W,0.6,124.0,6.9,Low,25.2,64.0,2022-10-02 02:00:00
2022-10-03,2,2022,11.2,20.7,NW,0.0,-100.0,7.0,Low,24.0,62.0,2022-10-03 02:00:00
2022-10-04,2,2022,10.8,22.0,N,2.9,0.0,6.8,Low,23.7,65.0,2022-10-04 02:00:00
2022-10-05,2,2022,10.7,17.3,N,0.0,-99.0,6.8,Low,24.8,57.0,2022-10-05 02:00:00
2022-10-06,2,2022,10.9,20.6,W,0.7,4354.0,7.0,Low,24.7,65.0,2022-10-06 02:00:00
2022-10-07,2,2022,8.0,24.7,N,0.0,-100.0,6.9,Low,23.1,66.0,2022-10-07 02:00:00
2022-10-08,2,2022,8.8,26.5,S,0.0,0.0,6.9,Low,25.4,65.0,2022-10-08 02:00:00
2022-10-09,2,2022,11.2,26.5,N,0.0,0.0,6.7,Low,24.9,58.0,2022-10-09 02:00:00
2022-10-10,2,2022,9.6,25.6,SE,0.0,0.0,6.7,Low,24.0,60.0,2022-10-10 02:00:00
2022-10-11,2,2022,12.3,22.4,N,0.0,0.0,6.9,Low,26.1,63.0,2022-10-11 02:00:00
2022-10-12,2,2022,12.0,27.8,W,1.1,0.0,6.9,Low,25.2,65.0,2022-10-12 02:00:00
2022-10-13,2,2022,9.6,22.8,SE,0.4,-58.0,6.9,Low,24.9,65.0,2022-10-13 02:00:00
2022-10-14,2,2022,10.1,23.1,S,0.0,-100.0,7.0,Low,24.0,62.0,2022-10-14 02:00:00
2022-10-15,2,2022,10.3,23.1,SW,3.1,0.0,7.0,Low,24.9,56.0,2022-10-15 02:00:00
2022-10-16,2,2022,11.0,18.3,NE,0.0,-100.0,6.9,Low,25.7,66.0,2022-10-16 02:00:00
2022-10-17,2,2022,12.1,22.3,W,1.9,0.0,6.9,Low,24.2,58.0,2022-10-17 02:00:00
2022-10-18,2,2022,8.7,21.6,W,0.8,-59.0,6.8,Low,24.9,65.0,2022-10-18 02:00:00
2022-10-19,2,2022,9.9,26.3,SE,0.4,-48.0,7.0,Low,26.7,66.0,2022-10-19 02:00:00
2022-10-20,2,2022,10.4,18.6,NE,1.1,178.0,6.7,Low,24.0,68.0,2022-10-20 02:00:00
2022-10-21,2,2022,11.4,19.0,E,1.3,18.0,6.8,Low,25.4,63.0,2022-10-21 02:00:00
2022-10-22,2,2022,11.4,23.0,W,0.0,-100.0,6.9,Low,25.1,59.0,2022-10-22 02:00:00
2022-10-23,2,2022,10.4,21.0,NW,2.1,0.0,6.8,Low,24.4,57.0,2022-10-23 02:00:00
2022-10-24,2,2022,10.8,24.8,NW,0.4,-79.0,6.8,Low,24.6,58.0,2022-10-24 02:00:00
2022-10-25,2,2022,9.1,17.0,N,0.0,-100.0,7.0,Low,25.1,56.0,2022-10-25 02:00:00
2022-10-26,2,2022,11.0,25.9,NW,0.0,0.0,7.1,Low,25.8,63.0,2022-10-26 02:00:00
2022-10-27,2,2022,9.5,25.3,S,0.1,0.0,6.8,Low,25.5,61.0,2022-10-27 02:00:00
2022-10-28,2,2022,11.3,27.0,NE,2.2,2069.0,6.9,Low,23.5,56.0,2022-10-28 02:00:00
2022-10-29,2,2022,9.7,27.2,W,0.6,-72.0,6.8,Low,25.4,58.0,2022-10-29 02:00:00
2022-10-30,2,2022,10.6,19.8,NW,0.1,-87.0,6.7,Low,25.1,61.0,2022-10-30 02:00:00
2022-10-31,2,2022,13.2,19.8,S,2.4,2885.0,6.8,Low,24.9,62.0,2022-10-31 02:00:00
2022-11-01,2,2022,8.4,14.9,NE,1.0,-56.0,6.8,Low,25.2,64.0,2022-11-01 02:00:00
2022-11-02,2,2022,9.5,24.3,SE,1.1,2.0,6.8,Low,25.1,64.0,2022-11-02 02:00:00
2022-11-03,2,2022,12.0,27.1,N,1.3,19.0,6.8,Low,24.6,59.0,2022-11-03 02:00:00
2022-11-04,2,2022,11.0,27.1,SW,0.5,-60.0,6.7,Low,25.0,59.0,2022-11-04 02:00:00
2022-11-05,2,2022,11.4,20.3,W,1.4,182.0,6.9,Low,24.1,61.0,2022-11-05 02:00:00
2022-11-06,2,2022,12.0,19.3,NW,4.7,228.0,6.9,Low,25.1,67.0,2022-11-06 02:00:00
2022-11-07,2,2022,10.3,24.0,S,0.0,-100.0,6.9,Low,25.0,62.0,2022-11-07 02:00:00
2022-11-08,2,2022,12.2,28.3,SE,8.9,0.0,6.9,Low,25.4,61.0,2022-11-08 02:00:00
2022-11-09,2,2022,11.1,28.8,NW,0.3,-97.0,7.0,Low,25.4,60.0,2022-11-09 02:00:00
2022-11-10,2,2022,9.0,24.5,W,0.1,-70.0,6.8,Low,24.8,54.0,2022-11-10 02:00:00
2022-11-11,2,2022,10.1,19.7,S,1.7,1833.0,6.7,Low,25.6,58.0,2022-11-11 02:00:00
2022-11-12,2,2022,11.7,21.3,SE,0.1,-93.0,6.9,Low,25.6,59.0,2022-11-12 02:00:00
2022-11-13,2,2022,12.9,26.9,W,0.8,626.0,6.9,Low,25.4,65.0,2022-11-13 02:00:00
2022-11-14,2,2022,10.0,21.3,NW,0.1,-87.0,7.1,Low,26.4,59.0,2022-11-14 02:00:00
2022-11-15,2,2022,11.0,25.8,SW,5.2,4682.0,6.9,Low,26.4,56.0,2022-11-15 02:00:00
2022-11-16,2,2022,12.0,28.0,NW,2.4,-54.0,6.9,Low,25.9,63.0,2022-11-16 02:00:00
2022-11-17,2,2022,12.2,30.0,N,0.1,-96.0,6.9,Low,26.1,58.0,2022-11-17 02:00:00
2022-11-18,2,2022,14.3,20.0,SW,0.0,-100.0,6.9,Low,25.5,66.0,2022-11-18 02:00:00
2022-11-19,2,2022,11.9,18.8,S,1.3,0.0,6.9,Low,25.6,61.0,2022-11-19 02:00:00
2022-11-20,2,2022,9.9,26.4,E,1.1,-16.0,6.8,Low,25.2,61.0,2022-11-20 02:00:00
2022-11-21,2,2022,11.7,20.9,NW,0.0,-100.0,6.8,Low,25.7,62.0,2022-11-21 02:00:00
2022-11-22,2,2022,10.4,19.4,NW,0.0,0.0,6.9,Low,25.0,62.0,2022-11-22 02:00:00
2022-11-23,2,2022,12.9,28.1,N,3.4,0.0,6.7,Low,25.0,64.0,2022-11-23 02:00:00
2022-11-24,2,2022,11.0,26.4,SW,6.5,90.0,7.0,Low,25.9,58.0,2022-11-24 02:00:00
2022-11-25,2,2022,12.0,18.6,S,0.0,-100.0,6.7,Low,25.8,61.0,2022-11-25 02:00:00
2022-11-26,2,2022,9.2,15.5,E,1.4,0.0,6.9,Low,23.8,60.0,2022-11-26 02:00:00
2022-11-27,2,2022,8.3,23.6,NW,0.3,-82.0,6.8,Low,25.2,64.0,2022-11-27 02:00:00
2022-11-28,2,2022,9.3,25.5,SW,0.5,117.0,7.0,Low,25.1,60.0,2022-11-28 02:00:00
2022-11-29,2,2022,10.9,27.4,NE,0.5,-7.0,6.9,Low,25.4,63.0,2022-11-29 02:00:00
2022-11-30,2,2022,10.0,22.4,E,0.0,-100.0,6.9,Low,25.5,62.0,2022-11-30 02:00:00
2022-12-01,2,2022,8.4,24.7,NE,1.5,0.0,6.9,Low,25.2,57.0,2022-12-01 02:00:00
2022-12-02,2,2022,11.7,24.5,SW,2.2,47.0,7.1,Low,25.4,59.0,2022-12-02 02:00:00
2022-12-03,2,2022,11.2,28.9,NE,0.0,-100.0,6.8,Low,25.8,60.0,2022-12-03 02:00:00
2022-12-04,2,2022,11.0,21.9,N,0.0,0.0,6.9,Low,24.8,58.0,2022-12-04 02:00:00
2022-12-05,2,2022,10.5,23.2,NE,0.0,0.0,6.9,Low,24.6,61.0,2022-12-05 02:00:00
2022-12-06,2,2022,11.3,20.8,NW,0.5,0.0,6.9,Low,24.7,58.0,2022-12-06 02:00:00
2022-12-07,2,2022,9.9,17.4,NW,0.5,-10.0,7.0,Low,24.6,62.0,2022-12-07 02:00:00
2022-12-08,2,2022,11.2,23.7,NW,0.0,-93.0,6.9,Low,26.5,61.0,2022-12-08 02:00:00
2022-12-09,2,2022,10.5,23.4,NE,0.0,-100.0,6.8,Low,25.6,62.0,2022-12-09 02:00:00
2022-12-10,2,2022,9.6,21.4,NW,0.1,0.0,6.7,Low,25.0,62.0,2022-12-10 02:00:00
2022-12-11,2,2022,10.5,27.1,NW,0.2,65.0,6.8,Low,25.3,61.0,2022-12-11 02:00:00
2022-12-12,2,2022,7.4,14.3,SW,0.0,-100.0,6.9,Low,25.6,62.0,2022-12-12 02:00:00
2022-12-13,2,2022,11.1,25.8,N,5.0,0.0,6.8,Low,26.4,57.0,2022-12-13 02:00:00
2022-12-14,2,2022,12.7,23.7,E,0.3,-94.0,6.9,Low,26.5,57.0,2022-12-14 02:00:00
2022-12-15,2,2022,10.3,16.1,NW,1.1,282.0,6.7,Low,25.0,63.0,2022-12-15 02:00:00
2022-12-16,2,2022,9.6,20.5,SE,8.5,690.0,6.9,Low,25.7,56.0,2022-12-16 02:00:00
2022-12-17,2,2022,8.7,15.4,NE,0.0,-100.0,6.7,Low,25.5,61.0,2022-12-17 02:00:00
2022-12-18,2,2022,9.3,19.9,SE,2.9,0.0,6.8,Low,25.1,61.0,2022-12-18 02:00:00
2022-12-19,2,2022,8.8,23.8,NW,0.0,-100.0,6.8,Low,24.7,59.0,2022-12-19 02:00:00
2022-12-20,2,2022,7.0,22.4,NW,0.0,0.0,6.9,Low,25.1,58.0,2022-12-20 02:00:00
2022-12-21,2,2022,7.4,16.1,S,0.8,0.0,7.0,Low,26.9,59.0,2022-12-21 02:00:00
2022-12-22,2,2022,11.7,27.7,NE,1.9,126.0,6.7,Low,26.0,61.0,2022-12-22 02:00:00
2022-12-23,2,2022,12.2,30.0,N,1.5,-20.0,6.8,Low,27.5,55.0,2022-12-23 02:00:00
2022-12-24,2,2022,11.3,18.6,SW,1.3,-13.0,6.8,Low,25.5,60.0,2022-12-24 02:00:00
2022-12-25,2,2022,7.4,15.1,SW,0.7,-49.0,6.9,Low,25.6,63.0,2022-12-25 02:00:00
2022-12-26,2,2022,11.6,29.1,NW,6.2,834.0,6.9,Low,26.4,56.0,2022-12-26 02:00:00
2022-12-27,2,2022,12.4,29.3,NE,0.3,-94.0,7.0,Low,26.8,62.0,2022-12-27 02:00:00
2022-12-28,2,2022,6.9,24.7,W,0.4,20.0,6.9,Low,25.4,60.0,2022-12-28 02:00:00
2022-12-29,2,2022,11.6,23.8,S,0.0,-100.0,6.8,Low,25.2,60.0,2022-12-29 02:00:00
2022-12-30,2,2022,11.7,25.1,SW,5.7,0.0,6.7,Low,24.9,57.0,2022-12-30 02:00:00
2022-12-31,2,2022,9.4,25.9,SW,1.2,-79.0,6.8,Low,25.1,59.0,2022-12-31 02:00:00
2020-01-02,3,2020,12.0,28.8,E,2.1,0.0,7.0,Med-High,22.1,72.0,2020-01-02 02:00:00
2020-01-03,3,2020,14.0,25.1,NW,0.1,-97.0,7.3,Med-High,22.1,71.0,2020-01-03 02:00:00
2020-01-04,3,2020,11.0,22.0,NW,5.1,8240.0,7.1,Med-High,22.4,68.0,2020-01-04 02:00:00
2020-01-05,3,2020,10.4,18.0,NW,3.5,-32.0,7.1,Med-High,22.1,69.0,2020-01-05 02:00:00
2020-01-06,3,2020,9.6,21.8,SE,1.3,-64.0,7.2,Med-High,21.1,77.0,2020-01-06 02:00:00
2020-01-07,3,2020,12.3,17.7,NW,3.7,197.0,7.1,Med-High,21.1,75.0,2020-01-07 02:00:00
2020-01-08,3,2020,13.4,27.2,W,0.3,-93.0,7.2,Med-High,20.9,74.0,2020-01-08 02:00:00
2020-01-09,3,2020,12.1,19.5,SE,1.8,551.0,7.1,Med-High,23.5,73.0,2020-01-09 02:00:00
2020-01-10,3,2020,11.9,18.8,SW,1.0,-44.0,7.4,Med-High,23.1,71.0,2020-01-10 02:00:00
2020-01-11,3,2020,9.1,16.8,SE,1.6,59.0,7.2,Med-High,22.7,72.0,2020-01-11 02:00:00
2020-01-12,3,2020,9.1,14.8,SW,1.6,1.0,7.2,Med-High,23.2,73.0,2020-01-12 02:00:00
2020-01-13,3,2020,12.4,23.0,SW,0.1,-94.0,7.1,Med-High,22.5,72.0,2020-01-13 02:00:00
2020-01-14,3,2020,13.0,29.0,W,0.8,747.0,7.2,Medium,22.9,74.0,2020-01-14 02:00:00
2020-01-15,3,2020,11.3,17.4,E,4.8,491.0,7.2,Med-High,22.2,71.0,2020-01-15 02:00:00
2020-01-16,3,2020,11.9,23.0,W,4.5,-6.0,7.0,Med-High,22.6,73.0,2020-01-16 02:00:00
2020-01-17,3,2020,8.8,25.3,SE,3.1,-32.0,7.3,Med-High,21.7,79.0,2020-01-17 02:00:00
2020-01-18,3,2020,9.1,26.8,SW,5.5,79.0,7.3,Med-High,21.2,71.0,2020-01-18 02:00:00
2020-01-19,3,2020,9.9,21.6,W,1.3,-76.0,7.2,Med-High,22.6,74.0,2020-01-19 02:00:00
2020-01-20,3,2020,12.7,18.9,SE,2.0,49.0,7.1,Med-High,23.4,68.0,2020-01-20 02:00:00
2020-01-21,3,2020,12.0,25.2,SW,0.4,-78.0,7.2,Med-High,21.7,71.0,2020-01-21 02:00:00
2020-01-22,3,2020,9.8,16.0,NE,3.8,767.0,7.1,Med-High,21.8,70.0,2020-01-22 02:00:00
2020-01-23,3,2020,11.5,25.8,N,3.1,-19.0,7.2,Med-High,21.8,77.0,2020-01-23 02:00:00
2020-01-24,3,2020,10.4,26.3,SE,0.0,-100.0,7.3,Med-High,21.3,72.0,2020-01-24 02:00:00
2020-01-25,3,2020,10.3,26.0,S,1.3,0.0,7.0,Med-High,21.7,68.0,2020-01-25 02:00:00
2020-01-26,3,2020,9.9,20.2,S,7.7,494.0,7.1,Med-High,21.5,74.0,2020-01-26 02:00:00
2020-01-27,3,2020,11.0,21.1,S,0.2,-98.0,7.1,Med-High,22.4,71.0,2020-01-27 02:00:00
2020-01-28,3,2020,7.5,23.5,SE,1.7,986.0,7.2,Med-High,22.6,72.0,2020-01-28 02:00:00
2020-01-29,3,2020,9.8,14.9,N,1.5,-10.0,7.1,Med-High,21.3,69.0,2020-01-29 02:00:00
2020-01-30,3,2020,10.5,24.7,E,0.9,-43.0,7.0,Med-High,22.4,70.0,2020-01-30 02:00:00
2020-01-31,3,2020,12.6,28.6,N,6.9,690.0,7.3,Med-High,21.1,70.0,2020-01-31 02:00:00
2020-02-01,3,2020,11.0,24.7,SE,1.4,-80.0,7.2,Med-High,22.0,66.0,2020-02-01 02:00:00
2020-02-02,3,2020,12.3,23.0,SW,1.0,-28.0,7.2,Med-High,21.6,69.0,2020-02-02 02:00:00
2020-02-03,3,2020,9.7,18.2,S,3.4,250.0,7.3,Med-High,22.2,72.0,2020-02-03 02:00:00
2020-02-04,3,2020,11.6,23.5,W,0.0,-100.0,7.3,Med-High,23.4,71.0,2020-02-04 02:00:00
2020-02-05,3,2020,10.1,17.1,NW,0.0,0.0,7.3,Med-High,22.3,70.0,2020-02-05 02:00:00
2020-02-06,3,2020,12.3,25.1,NE,1.1,0.0,7.2,Med-High,23.4,73.0,2020-02-06 02:00:00
2020-02-07,3,2020,9.6,17.1,SW,1.6,46.0,7.2,Med-High,22.0,73.0,2020-02-07 02:00:00
2020-02-08,3,2020,10.2,17.0,N,0.0,-100.0,7.3,Med-High,21.6,73.0,2020-02-08 02:00:00
2020-02-09,3,2020,10.1,22.9,E,4.0,0.0,7.2,Med-High,23.1,70.0,2020-02-09 02:00:00
2020-02-10,3,2020,12.5,29.1,SE,0.0,-100.0,7.1,Med-High,22.4,74.0,2020-02-10 02:00:00
2020-02-11,3,2020,10.5,18.8,S,0.6,0.0,7.1,Med-High,22.2,72.0,2020-02-11 02:00:00
2020-02-12,3,2020,10.9,27.1,NW,0.1,-79.0,7.3,Med-High,23.1,67.0,2020-02-12 02:00:00
2020-02-13,3,2020,11.7,28.2,NE,0.8,548.0,7.2,Med-High,21.9,73.0,2020-02-13 02:00:00
2020-02-14,3,2020,9.2,22.7,NE,6.1,672.0,7.1,Med-High,22.5,71.0,2020-02-14 02:00:00
2020-02-15,3,2020,11.3,26.1,NW,1.6,-74.0,7.0,Med-High,22.7,75.0,2020-02-15 02:00:00
2020-02-16,3,2020,13.1,19.7,NW,0.4,-78.0,7.2,Med-High,21.8,71.0,2020-02-16 02:00:00
2020-02-17,3,2020,11.3,26.2,SW,0.0,-100.0,7.2,Med-High,21.2,71.0,2020-02-17 02:00:00
2020-02-18,3,2020,12.3,29.4,S,1.2,0.0,7.2,Med-High,23.0,73.0,2020-02-18 02:00:00
2020-02-19,3,2020,10.9,26.4,SE,1.5,23.0,7.1,Med-High,21.6,79.0,2020-02-19 02:00:00
2020-02-20,3,2020,13.7,27.9,NE,4.6,213.0,7.2,Med-High,23.3,69.0,2020-02-20 02:00:00
2020-02-21,3,2020,10.5,22.7,NW,3.0,-35.0,7.1,Med-High,22.6,71.0,2020-02-21 02:00:00
2020-02-22,3,2020,11.1,23.9,NE,0.0,-100.0,7.1,Med-High,22.9,69.0,2020-02-22 02:00:00
2020-02-23,3,2020,8.0,22.4,N,0.1,0.0,7.1,Med-High,23.6,70.0,2020-02-23 02:00:00
2020-02-24,3,2020,11.3,18.3,SW,1.0,657.0,7.2,Med-High,22.0,67.0,2020-02-24 02:00:00
2020-02-25,3,2020,7.1,13.6,N,0.1,-90.0,7.1,Med-High,23.8,71.0,2020-02-25 02:00:00
2020-02-26,3,2020,9.8,27.2,NE,7.2,7440.0,7.2,Med-High,22.4,71.0,2020-02-26 02:00:00
2020-02-27,3,2020,9.3,23.3,SW,0.1,-99.0,7.0,Med-High,22.7,75.0,2020-02-27 02:00:00
2020-02-28,3,2020,11.3,28.0,SE,0.0,-100.0,7.3,Med-High,22.3,73.0,2020-02-28 02:00:00
2020-02-29,3,2020,8.3,19.0,NE,0.3,0.0,7.3,Med-High,22.0,69.0,2020-02-29 02:00:00
2020-03-01,3,2020,10.3,24.6,SW,2.1,513.0,7.3,Med-High,22.2,71.0,2020-03-01 02:00:00
2020-03-02,3,2020,11.1,16.2,W,6.0,182.0,7.2,Med-High,21.6,72.0,2020-03-02 02:00:00
2020-03-03,3,2020,11.1,19.7,N,3.4,-43.0,7.0,Med-High,22.1,68.0,2020-03-03 02:00:00
2020-03-04,3,2020,11.5,29.3,SE,0.5,-85.0,7.3,Med-High,23.8,68.0,2020-03-04 02:00:00
2020-03-05,3,2020,9.1,19.8,SE,0.9,69.0,7.1,Med-High,22.1,68.0,2020-03-05 02:00:00
2020-03-06,3,2020,9.9,16.4,SW,0.0,-100.0,7.3,Med-High,24.2,68.0,2020-03-06 02:00:00
2020-03-07,3,2020,9.0,15.8,SW,0.0,0.0,7.1,Med-High,22.4,71.0,2020-03-07 02:00:00
2020-03-08,3,2020,12.5,27.6,NE,0.1,0.0,7.1,Med-High,23.0,74.0,2020-03-08 02:00:00
2020-03-09,3,2020,11.2,28.9,NE,0.5,440.0,7.0,Med-High,22.7,69.0,2020-03-09 02:00:00
2020-03-10,3,2020,9.9,27.3,SE,2.7,435.0,7.0,Med-High,22.6,71.0,2020-03-10 02:00:00
2020-03-11,3,2020,10.6,26.2,NE,0.4,-84.0,6.9,Medium,23.1,72.0,2020-03-11 02:00:00
2020-03-12,3,2020,12.3,17.3,N,0.5,19.0,7.2,Medium,21.8,73.0,2020-03-12 02:00:00
2020-03-13,3,2020,10.9,19.8,SE,2.1,312.0,7.0,Medium,23.2,63.0,2020-03-13 02:00:00
2020-03-14,3,2020,10.1,23.4,SE,0.0,-100.0,7.1,Medium,22.8,67.0,2020-03-14 02:00:00
2020-03-15,3,2020,7.8,15.3,E,3.9,0.0,7.1,Medium,22.0,73.0,2020-03-15 02:00:00
2020-03-16,3,2020,9.7,25.1,E,1.1,-71.0,7.0,Medium,22.2,69.0,2020-03-16 02:00:00
2020-03-17,3,2020,11.3,18.8,W,1.1,-2.0,7.2,Medium,23.1,73.0,2020-03-17 02:00:00
2020-03-18,3,2020,9.0,22.4,W,0.4,-61.0,7.3,Medium,23.5,66.0,2020-03-18 02:00:00
2020-03-19,3,2020,11.3,22.3,SW,0.9,113.0,7.1,Medium,22.5,70.0,2020-03-19 02:00:00
2020-03-20,3,2020,12.1,28.7,NE,4.5,382.0,7.0,Medium,21.4,64.0,2020-03-20 02:00:00
2020-03-21,3,2020,9.5,25.5,S,0.0,-100.0,7.2,Low,22.7,70.0,2020-03-21 02:00:00
2020-03-22,3,2020,13.1,25.2,E,1.5,0.0,7.2,Medium,23.0,70.0,2020-03-22 02:00:00
2020-03-23,3,2020,9.8,24.7,SW,2.0,28.0,7.1,Medium,21.9,68.0,2020-03-23 02:00:00
2020-03-24,3,2020,12.3,28.6,NE,0.9,-53.0,7.0,Medium,23.1,75.0,2020-03-24 02:00:00
2020-03-25,3,2020,9.8,22.6,SE,1.5,64.0,7.1,Medium,23.1,65.0,2020-03-25 02:00:00
2020-03-26,3,2020,10.3,16.4,S,0.3,-83.0,7.1,Medium,23.0,74.0,2020-03-26 02:00:00
2020-03-27,3,2020,11.1,25.6,S,1.8,566.0,7.1,Low,23.0,73.0,2020-03-27 02:00:00
2020-03-28,3,2020,8.1,21.0,N,1.1,-35.0,7.2,Low,23.0,68.0,2020-03-28 02:00:00
2020-03-29,3,2020,10.5,21.5,W,0.2,-82.0,7.4,Low,23.2,72.0,2020-03-29 02:00:00
2020-03-30,3,2020,8.8,20.4,N,1.2,501.0,7.1,Low,23.6,73.0,2020-03-30 02:00:00
2020-03-31,3,2020,10.3,24.9,N,4.0,226.0,7.2,Low,23.2,70.0,2020-03-31 02:00:00
2020-04-01,3,2020,11.2,22.0,SW,1.2,-71.0,7.0,Low,22.1,66.0,2020-04-01 02:00:00
2020-04-02,3,2020,12.6,27.7,S,2.4,102.0,7.1,Low,22.6,75.0,2020-04-02 02:00:00
2020-04-03,3,2020,10.7,19.5,SE,2.1,-13.0,7.1,Medium,22.8,62.0,2020-04-03 02:00:00
2020-04-04,3,2020,10.4,21.1,N,0.7,-66.0,7.2,Low,22.3,66.0,2020-04-04 02:00:00
2020-04-05,3,2020,11.6,16.8,SW,2.3,236.0,7.2,Low,22.6,69.0,2020-04-05 02:00:00
2020-04-06,3,2020,11.3,22.8,S,2.8,19.0,7.0,Low,23.4,71.0,2020-04-06 02:00:00
2020-04-07,3,2020,11.0,21.4,S,6.3,124.0,7.0,Medium,22.6,69.0,2020-04-07 02:00:00
2020-04-08,3,2020,13.5,26.2,SE,0.2,-96.0,7.1,Low,23.6,75.0,2020-04-08 02:00:00
2020-04-09,3,2020,9.8,21.0,SE,0.4,57.0,7.3,Low,23.9,71.0,2020-04-09 02:00:00
2020-04-10,3,2020,8.1,16.9,SE,1.5,281.0,7.1,Medium,22.9,71.0,2020-04-10 02:00:00
2020-04-11,3,2020,10.7,26.3,W,0.0,-99.0,7.1,Low,22.9,73.0,2020-04-11 02:00:00
2020-04-12,3,2020,13.6,23.8,NW,0.0,-100.0,7.1,Low,23.0,74.0,2020-04-12 02:00:00
2020-04-13,3,2020,11.5,20.4,W,0.0,0.0,7.2,Low,23.9,71.0,2020-04-13 02:00:00
2020-04-14,3,2020,12.7,19.4,E,0.2,0.0,6.9,Low,22.7,64.0,2020-04-14 02:00:00
2020-04-15,3,2020,11.0,25.8,E,0.0,-77.0,7.0,Low,23.0,71.0,2020-04-15 02:00:00
2020-04-16,3,2020,8.7,23.6,NW,1.3,3601.0,6.9,Low,24.6,67.0,2020-04-16 02:00:00
2020-04-17,3,2020,9.7,17.7,SW,0.1,-92.0,7.2,Low,21.8,62.0,2020-04-17 02:00:00
2020-04-18,3,2020,12.9,27.6,N,8.7,8656.0,7.1,Low,23.1,66.0,2020-04-18 02:00:00
2020-04-19,3,2020,10.2,16.3,NW,0.0,-100.0,7.1,Low,23.6,64.0,2020-04-19 02:00:00
2020-04-20,3,2020,11.2,24.9,SW,2.8,44895.0,7.1,Low,21.9,66.0,2020-04-20 02:00:00
2020-04-21,3,2020,10.0,26.7,S,0.7,-76.0,6.9,Low,22.7,68.0,2020-04-21 02:00:00
2020-04-22,3,2020,12.4,26.4,N,1.0,55.0,7.0,Low,22.5,66.0,2020-04-22 02:00:00
2020-04-23,3,2020,9.1,22.6,SW,0.0,-100.0,7.0,Low,23.3,68.0,2020-04-23 02:00:00
2020-04-24,3,2020,10.7,26.0,NW,0.7,0.0,6.9,Low,23.6,68.0,2020-04-24 02:00:00
2020-04-25,3,2020,11.7,27.4,N,4.6,577.0,7.0,Low,22.8,67.0,2020-04-25 02:00:00
2020-04-26,3,2020,6.0,17.8,S,2.0,-57.0,7.2,Low,23.4,66.0,2020-04-26 02:00:00
2020-04-27,3,2020,11.1,18.7,SW,2.9,51.0,6.9,Low,24.4,65.0,2020-04-27 02:00:00
2020-04-28,3,2020,12.0,24.8,NW,0.0,-100.0,7.2,Low,24.2,69.0,2020-04-28 02:00:00
2020-04-29,3,2020,12.4,28.9,NW,13.5,154227.0,7.2,Low,24.6,68.0,2020-04-29 02:00:00
2020-04-30,3,2020,12.8,24.5,W,1.2,-91.0,7.0,Low,23.6,67.0,2020-04-30 02:00:00
2020-05-01,3,2020,9.7,27.5,SW,0.1,-92.0,7.1,Low,23.2,67.0,2020-05-01 02:00:00
2020-05-02,3,2020,10.7,17.5,N,0.4,336.0,6.8,Low,22.8,72.0,2020-05-02 02:00:00
2020-05-03,3,2020,10.3,21.7,NE,4.8,998.0,6.8,Medium,21.9,68.0,2020-05-03 02:00:00
2020-05-04,3,2020,10.4,17.0,W,5.9,22.0,7.2,Medium,23.8,68.0,2020-05-04 02:00:00
2020-05-05,3,2020,12.0,26.0,E,0.5,-92.0,7.1,Medium,22.9,73.0,2020-05-05 02:00:00
2020-05-06,3,2020,11.2,19.3,NW,0.0,-100.0,7.1,Medium,23.4,66.0,2020-05-06 02:00:00
2020-05-07,3,2020,13.6,22.6,N,1.3,0.0,7.0,Medium,22.9,69.0,2020-05-07 02:00:00
2020-05-08,3,2020,13.0,27.5,NW,0.0,-100.0,7.0,Medium,24.2,66.0,2020-05-08 02:00:00
2020-05-09,3,2020,13.3,24.5,SW,0.3,0.0,7.2,Low,24.0,65.0,2020-05-09 02:00:00
2020-05-10,3,2020,11.8,26.5,NW,2.9,808.0,7.1,Medium,23.1,65.0,2020-05-10 02:00:00
2020-05-11,3,2020,13.7,25.7,N,3.1,7.0,7.2,Medium,23.0,68.0,2020-05-11 02:00:00
2020-05-12,3,2020,9.8,19.5,NE,2.0,-36.0,6.9,Medium,22.3,61.0,2020-05-12 02:00:00
2020-05-13,3,2020,14.9,28.9,NW,0.0,-100.0,7.1,Low,23.4,71.0,2020-05-13 02:00:00
2020-05-14,3,2020,10.4,28.0,NW,0.0,0.0,7.0,Low,23.9,66.0,2020-05-14 02:00:00
2020-05-15,3,2020,10.1,25.7,S,1.5,0.0,7.0,Low,22.9,64.0,2020-05-15 02:00:00
2020-05-16,3,2020,12.8,23.9,W,0.4,-72.0,7.0,Low,23.9,67.0,2020-05-16 02:00:00
2020-05-17,3,2020,10.1,16.5,SE,0.7,73.0,7.0,Low,23.8,65.0,2020-05-17 02:00:00
2020-05-18,3,2020,9.1,23.4,E,0.1,-89.0,6.9,Low,21.9,64.0,2020-05-18 02:00:00
2020-05-19,3,2020,12.3,24.4,N,2.1,2540.0,6.9,Low,23.2,68.0,2020-05-19 02:00:00
2020-05-20,3,2020,13.3,30.4,S,0.0,-100.0,7.0,Low,22.5,72.0,2020-05-20 02:00:00
2020-05-21,3,2020,10.9,28.6,NW,7.5,0.0,7.2,Low,23.2,71.0,2020-05-21 02:00:00
2020-05-22,3,2020,12.2,25.1,E,4.0,-47.0,6.9,Low,22.4,70.0,2020-05-22 02:00:00
2020-05-23,3,2020,11.1,27.1,NW,0.1,-97.0,6.8,Low,24.8,69.0,2020-05-23 02:00:00
2020-05-24,3,2020,11.1,17.7,SE,0.4,209.0,7.1,Low,23.1,63.0,2020-05-24 02:00:00
2020-05-25,3,2020,10.2,21.9,NE,14.1,3661.0,7.0,Low,24.4,66.0,2020-05-25 02:00:00
2020-05-26,3,2020,9.8,21.8,SW,3.7,-74.0,7.1,Low,24.0,70.0,2020-05-26 02:00:00
2020-05-27,3,2020,10.5,17.3,NW,0.7,-82.0,7.1,Low,23.2,61.0,2020-05-27 02:00:00
2020-05-28,3,2020,12.5,26.7,NW,0.5,-30.0,7.0,Low,23.7,63.0,2020-05-28 02:00:00
2020-05-29,3,2020,13.0,21.2,NW,2.4,416.0,7.1,Medium,23.4,67.0,2020-05-29 02:00:00
2020-05-30,3,2020,9.5,15.7,NW,1.3,-44.0,6.9,Low,25.1,65.0,2020-05-30 02:00:00
2020-05-31,3,2020,10.6,24.7,SE,0.8,-39.0,7.3,Low,24.0,65.0,2020-05-31 02:00:00
2020-06-01,3,2020,10.0,26.9,NE,0.1,-88.0,7.0,Medium,23.5,69.0,2020-06-01 02:00:00
2020-06-02,3,2020,10.8,21.4,S,0.1,-39.0,7.1,Medium,23.8,63.0,2020-06-02 02:00:00
2020-06-03,3,2020,13.8,21.9,SE,0.0,-100.0,7.0,Medium,23.7,63.0,2020-06-03 02:00:00
2020-06-04,3,2020,8.5,20.1,S,1.3,0.0,7.0,Medium,22.7,70.0,2020-06-04 02:00:00
2020-06-05,3,2020,13.1,28.9,N,0.0,-100.0,7.2,Medium,23.2,67.0,2020-06-05 02:00:00
2020-06-06,3,2020,9.6,14.8,W,4.3,0.0,7.0,Medium,23.2,64.0,2020-06-06 02:00:00
2020-06-07,3,2020,10.5,21.7,W,1.8,-57.0,7.2,Medium,23.8,68.0,2020-06-07 02:00:00
2020-06-08,3,2020,9.7,22.3,SW,0.0,-100.0,7.3,Medium,23.6,66.0,2020-06-08 02:00:00
2020-06-09,3,2020,10.7,23.4,SE,5.2,0.0,7.0,Medium,24.3,68.0,2020-06-09 02:00:00
2020-06-10,3,2020,12.1,19.6,W,0.1,-99.0,7.2,Med-High,24.1,61.0,2020-06-10 02:00:00
2020-06-11,3,2020,8.8,23.7,W,2.3,3105.0,7.0,Med-High,23.3,69.0,2020-06-11 02:00:00
2020-06-12,3,2020,11.9,21.8,NE,7.6,229.0,6.8,Med-High,23.6,67.0,2020-06-12 02:00:00
2020-06-13,3,2020,11.8,28.3,SW,4.3,-43.0,7.0,Med-High,23.1,69.0,2020-06-13 02:00:00
2020-06-14,3,2020,10.4,26.1,E,0.1,-97.0,7.0,Med-High,22.9,64.0,2020-06-14 02:00:00
2020-06-15,3,2020,11.0,21.2,W,0.7,386.0,6.9,Med-High,23.3,72.0,2020-06-15 02:00:00
2020-06-16,3,2020,9.8,20.0,W,3.0,345.0,7.0,Med-High,23.2,59.0,2020-06-16 02:00:00
2020-06-17,3,2020,8.2,17.6,E,4.8,58.0,7.2,Med-High,24.0,67.0,2020-06-17 02:00:00
2020-06-18,3,2020,10.6,23.4,SE,4.0,-17.0,6.9,Med-High,24.1,65.0,2020-06-18 02:00:00
2020-06-19,3,2020,10.9,17.8,NW,5.9,49.0,7.0,Med-High,25.4,69.0,2020-06-19 02:00:00
2020-06-20,3,2020,11.6,17.3,NW,1.8,-70.0,7.0,Med-High,24.6,68.0,2020-06-20 02:00:00
2020-06-21,3,2020,8.7,16.2,S,0.0,-100.0,7.2,Med-High,24.4,70.0,2020-06-21 02:00:00
2020-06-22,3,2020,9.8,18.3,SE,3.2,0.0,6.9,Med-High,22.7,66.0,2020-06-22 02:00:00
2020-06-23,3,2020,8.2,20.0,W,1.3,-60.0,6.9,Med-High,22.6,69.0,2020-06-23 02:00:00
2020-06-24,3,2020,12.0,29.9,W,0.0,-100.0,6.9,Med-High,24.0,66.0,2020-06-24 02:00:00
2020-06-25,3,2020,10.5,26.3,NE,6.2,0.0,6.9,Med-High,23.8,65.0,2020-06-25 02:00:00
2020-06-26,3,2020,7.7,18.1,E,0.0,-100.0,6.9,Med-High,23.7,69.0,2020-06-26 02:00:00
2020-06-27,3,2020,12.7,21.7,N,0.6,0.0,7.2,Med-High,23.4,61.0,2020-06-27 02:00:00
2020-06-28,3,2020,13.6,20.7,SW,0.6,-2.0,6.9,Med-High,24.6,66.0,2020-06-28 02:00:00
2020-06-29,3,2020,9.5,24.4,E,1.8,189.0,7.2,Med-High,23.8,65.0,2020-06-29 02:00:00
2020-06-30,3,2020,11.3,22.3,NE,0.0,-100.0,7.1,Med-High,24.2,69.0,2020-06-30 02:00:00
2020-07-01,3,2020,12.3,26.9,SW,0.4,0.0,6.9,Med-High,23.6,67.0,2020-07-01 02:00:00
2020-07-02,3,2020,9.6,24.2,W,1.5,297.0,6.9,Med-High,21.9,66.0,2020-07-02 02:00:00
2020-07-03,3,2020,10.7,25.2,NE,1.0,-37.0,7.2,Med-High,23.4,67.0,2020-07-03 02:00:00
2020-07-04,3,2020,10.3,23.2,E,3.2,225.0,7.0,Med-High,22.8,69.0,2020-07-04 02:00:00
2020-07-05,3,2020,10.1,20.8,W,5.7,82.0,6.9,Med-High,23.6,69.0,2020-07-05 02:00:00
2020-07-06,3,2020,13.0,22.6,SW,2.5,-57.0,6.9,Med-High,23.8,64.0,2020-07-06 02:00:00
2020-07-07,3,2020,10.3,15.8,SW,0.6,-76.0,6.9,Med-High,23.4,66.0,2020-07-07 02:00:00
2020-07-08,3,2020,11.0,26.7,S,0.3,-54.0,6.9,Med-High,23.7,63.0,2020-07-08 02:00:00
2020-07-09,3,2020,11.5,18.3,S,0.4,46.0,7.1,Med-High,23.0,67.0,2020-07-09 02:00:00
2020-07-10,3,2020,11.4,21.0,NE,0.5,37.0,6.7,Med-High,25.5,64.0,2020-07-10 02:00:00
2020-07-11,3,2020,12.9,19.9,E,3.3,513.0,7.1,Med-High,24.4,67.0,2020-07-11 02:00:00
2020-07-12,3,2020,8.6,24.7,SW,1.8,-44.0,7.0,Med-High,23.4,65.0,2020-07-12 02:00:00
2020-07-13,3,2020,12.4,17.6,S,0.0,-100.0,7.2,Med-High,23.8,66.0,2020-07-13 02:00:00
2020-07-14,3,2020,11.5,16.9,N,0.0,0.0,6.9,Medium,23.0,65.0,2020-07-14 02:00:00
2020-07-15,3,2020,12.1,23.4,N,0.3,0.0,6.9,Medium,23.7,67.0,2020-07-15 02:00:00
2020-07-16,3,2020,11.8,28.2,NE,1.4,326.0,6.8,Medium,23.9,70.0,2020-07-16 02:00:00
2020-07-17,3,2020,11.3,26.3,SE,0.3,-78.0,6.9,Medium,24.2,67.0,2020-07-17 02:00:00
2020-07-18,3,2020,11.3,18.8,E,2.0,540.0,6.9,Medium,23.5,67.0,2020-07-18 02:00:00
2020-07-19,3,2020,8.6,19.9,E,0.0,-100.0,7.0,Low,23.5,65.0,2020-07-19 02:00:00
2020-07-20,3,2020,12.6,20.1,W,0.5,0.0,7.0,Low,23.8,70.0,2020-07-20 02:00:00
2020-07-21,3,2020,12.9,21.2,E,0.1,-74.0,7.0,Low,23.4,65.0,2020-07-21 02:00:00
2020-07-22,3,2020,9.3,23.4,W,1.2,895.0,7.1,Low,25.5,62.0,2020-07-22 02:00:00
2020-07-23,3,2020,11.1,20.7,SW,1.7,37.0,6.9,Low,23.5,66.0,2020-07-23 02:00:00
2020-07-24,3,2020,11.4,16.9,SW,2.1,25.0,6.9,Low,24.3,69.0,2020-07-24 02:00:00
2020-07-25,3,2020,10.0,15.0,E,3.7,79.0,6.8,Low,24.4,63.0,2020-07-25 02:00:00
2020-07-26,3,2020,10.0,24.4,E,0.0,-100.0,6.9,Low,24.7,69.0,2020-07-26 02:00:00
2020-07-27,3,2020,13.5,24.9,SW,0.1,0.0,7.0,Low,24.0,70.0,2020-07-27 02:00:00
2020-07-28,3,2020,11.5,26.5,SW,0.4,634.0,6.9,Low,22.6,67.0,2020-07-28 02:00:00
2020-07-29,3,2020,12.6,23.1,W,5.6,1237.0,6.9,Low,24.1,68.0,2020-07-29 02:00:00
2020-07-30,3,2020,8.6,25.6,E,0.0,-100.0,6.9,Low,23.6,58.0,2020-07-30 02:00:00
2020-07-31,3,2020,12.2,20.7,NW,0.1,5162.0,7.1,Low,25.1,64.0,2020-07-31 02:00:00
2020-08-01,3,2020,10.4,16.9,NW,2.8,4618.0,7.0,Low,24.3,66.0,2020-08-01 02:00:00
2020-08-02,3,2020,11.0,27.1,S,1.2,-59.0,7.0,Low,24.5,69.0,2020-08-02 02:00:00
2020-08-03,3,2020,9.4,26.7,N,1.1,-5.0,7.0,Low,24.7,65.0,2020-08-03 02:00:00
2020-08-04,3,2020,11.4,28.5,SE,0.1,-90.0,6.9,Low,24.1,65.0,2020-08-04 02:00:00
2020-08-05,3,2020,11.0,24.0,S,0.0,-82.0,7.0,Low,24.2,68.0,2020-08-05 02:00:00
2020-08-06,3,2020,12.4,17.7,NE,0.4,1800.0,6.8,Low,24.6,63.0,2020-08-06 02:00:00
2020-08-07,3,2020,10.8,21.5,E,0.0,-100.0,6.9,Low,24.3,64.0,2020-08-07 02:00:00
2020-08-08,3,2020,10.9,17.5,NW,0.1,0.0,6.9,Low,25.0,61.0,2020-08-08 02:00:00
2020-08-09,3,2020,11.6,19.6,N,0.0,-100.0,6.8,Low,23.8,65.0,2020-08-09 02:00:00
2020-08-10,3,2020,10.4,24.6,N,3.6,0.0,7.0,Low,24.0,66.0,2020-08-10 02:00:00
2020-08-11,3,2020,10.6,19.2,SE,0.3,-91.0,7.0,Low,24.1,62.0,2020-08-11 02:00:00
2020-08-12,3,2020,12.1,17.4,SE,1.2,283.0,7.0,Low,24.2,60.0,2020-08-12 02:00:00
2020-08-13,3,2020,8.8,22.8,SE,1.1,-10.0,6.9,Low,24.5,66.0,2020-08-13 02:00:00
2020-08-14,3,2020,10.6,20.4,SW,0.2,-82.0,6.8,Low,24.4,66.0,2020-08-14 02:00:00
2020-08-15,3,2020,11.9,20.6,S,1.4,618.0,6.9,Low,24.1,60.0,2020-08-15 02:00:00
2020-08-16,3,2020,10.3,22.3,NE,0.5,-66.0,7.0,Low,23.9,63.0,2020-08-16 02:00:00
2020-08-17,3,2020,11.1,26.2,E,0.9,96.0,6.9,Low,24.5,66.0,2020-08-17 02:00:00
2020-08-18,3,2020,8.2,14.6,S,8.3,813.0,6.8,Low,25.3,66.0,2020-08-18 02:00:00
2020-08-19,3,2020,12.4,19.8,E,1.8,-78.0,7.2,Low,24.7,64.0,2020-08-19 02:00:00
2020-08-20,3,2020,9.0,14.1,S,1.1,-39.0,7.0,Low,23.8,63.0,2020-08-20 02:00:00
2020-08-21,3,2020,11.4,16.6,NW,0.0,-100.0,6.8,Low,23.6,64.0,2020-08-21 02:00:00
2020-08-22,3,2020,12.5,25.3,N,0.0,0.0,6.9,Low,25.8,65.0,2020-08-22 02:00:00
2020-08-23,3,2020,12.9,22.3,S,0.6,0.0,6.8,Low,25.0,67.0,2020-08-23 02:00:00
2020-08-24,3,2020,10.2,16.2,N,1.3,99.0,6.7,Low,24.7,56.0,2020-08-24 02:00:00
2020-08-25,3,2020,12.0,19.7,NW,3.8,197.0,6.8,Low,25.7,65.0,2020-08-25 02:00:00
2020-08-26,3,2020,10.1,19.5,W,0.0,-100.0,6.8,Low,24.3,65.0,2020-08-26 02:00:00
2020-08-27,3,2020,11.8,19.5,NW,0.4,0.0,6.9,Low,25.3,67.0,2020-08-27 02:00:00
2020-08-28,3,2020,9.9,25.7,W,3.2,809.0,6.8,Low,25.0,65.0,2020-08-28 02:00:00
2020-08-29,3,2020,10.0,21.9,W,0.9,-71.0,6.9,Low,24.5,66.0,2020-08-29 02:00:00
2020-08-30,3,2020,11.9,18.3,W,0.3,-64.0,6.8,Low,25.4,68.0,2020-08-30 02:00:00
2020-08-31,3,2020,13.3,22.4,SW,0.0,-100.0,7.1,Low,24.9,63.0,2020-08-31 02:00:00
2020-09-01,3,2020,9.4,21.0,SW,3.1,0.0,7.0,Low,24.2,63.0,2020-09-01 02:00:00
2020-09-02,3,2020,11.5,27.6,N,0.0,-100.0,6.9,Low,24.8,60.0,2020-09-02 02:00:00
2020-09-03,3,2020,13.3,24.3,E,0.0,0.0,7.1,Low,23.1,62.0,2020-09-03 02:00:00
2020-09-04,3,2020,9.9,17.9,E,0.0,-100.0,7.0,Low,24.1,59.0,2020-09-04 02:00:00
2020-09-05,3,2020,10.8,18.9,NE,1.4,0.0,6.9,Low,24.8,66.0,2020-09-05 02:00:00
2020-09-06,3,2020,11.6,25.6,E,1.3,-10.0,7.1,Low,25.0,66.0,2020-09-06 02:00:00
2020-09-07,3,2020,8.6,25.4,S,0.0,-100.0,7.0,Low,24.6,67.0,2020-09-07 02:00:00
2020-09-08,3,2020,8.7,19.5,NE,4.4,0.0,6.9,Low,25.1,65.0,2020-09-08 02:00:00
2020-09-09,3,2020,9.3,27.1,N,0.2,-96.0,6.8,Low,24.9,59.0,2020-09-09 02:00:00
2020-09-10,3,2020,8.5,25.9,SW,1.0,435.0,6.9,Low,24.7,62.0,2020-09-10 02:00:00
2020-09-11,3,2020,10.9,25.5,NW,0.2,-78.0,6.9,Low,24.4,62.0,2020-09-11 02:00:00
2020-09-12,3,2020,11.6,24.7,NE,3.6,1483.0,6.9,Low,23.0,60.0,2020-09-12 02:00:00
2020-09-13,3,2020,10.5,21.4,S,0.2,-94.0,7.0,Low,24.6,62.0,2020-09-13 02:00:00
2020-09-14,3,2020,9.3,24.0,W,0.9,356.0,7.0,Low,24.6,65.0,2020-09-14 02:00:00
2020-09-15,3,2020,8.5,17.3,NW,0.0,-100.0,7.0,Low,24.5,55.0,2020-09-15 02:00:00
2020-09-16,3,2020,10.1,18.6,N,0.9,0.0,7.1,Low,25.2,64.0,2020-09-16 02:00:00
2020-09-17,3,2020,12.6,20.7,N,0.1,-94.0,7.0,Low,25.0,62.0,2020-09-17 02:00:00
2020-09-18,3,2020,12.6,19.0,E,0.7,1136.0,6.9,Low,24.9,68.0,2020-09-18 02:00:00
2020-09-19,3,2020,11.4,26.6,N,0.0,-100.0,7.1,Low,24.1,60.0,2020-09-19 02:00:00
2020-09-20,3,2020,10.5,19.1,NW,3.1,0.0,6.9,Low,24.8,66.0,2020-09-20 02:00:00
2020-09-21,3,2020,9.5,23.3,SE,0.0,-100.0,6.9,Low,24.8,58.0,2020-09-21 02:00:00
2020-09-22,3,2020,9.2,21.3,W,2.7,0.0,6.9,Low,25.3,64.0,2020-09-22 02:00:00
2020-09-23,3,2020,11.4,28.7,NW,2.4,-12.0,7.0,Low,24.3,63.0,2020-09-23 02:00:00
2020-09-24,3,2020,10.9,26.6,SW,0.0,-100.0,7.0,Low,25.6,56.0,2020-09-24 02:00:00
2020-09-25,3,2020,9.9,17.3,S,0.1,0.0,7.1,Low,24.9,61.0,2020-09-25 02:00:00
2020-09-26,3,2020,10.0,25.2,W,0.3,359.0,7.0,Low,25.0,66.0,2020-09-26 02:00:00
2020-09-27,3,2020,9.8,20.4,W,3.8,1267.0,6.8,Low,25.1,62.0,2020-09-27 02:00:00
2020-09-28,3,2020,10.8,28.2,SW,0.0,-100.0,7.1,Low,24.2,66.0,2020-09-28 02:00:00
2020-09-29,3,2020,11.6,27.3,NE,3.9,0.0,7.0,Low,24.1,69.0,2020-09-29 02:00:00
2020-09-30,3,2020,10.6,27.8,E,0.2,-94.0,6.9,Low,25.0,60.0,2020-09-30 02:00:00
2020-10-01,3,2020,11.1,25.2,N,5.8,2401.0,6.9,Low,24.9,58.0,2020-10-01 02:00:00
2020-10-02,3,2020,13.8,26.7,SW,0.0,-100.0,6.7,Low,24.9,63.0,2020-10-02 02:00:00
2020-10-03,3,2020,9.6,24.6,E,1.1,3916.0,6.8,Low,23.6,64.0,2020-10-03 02:00:00
2020-10-04,3,2020,11.8,18.2,SE,0.3,-69.0,6.9,Low,25.7,64.0,2020-10-04 02:00:00
2020-10-05,3,2020,10.0,25.2,S,4.1,1130.0,6.8,Low,24.6,62.0,2020-10-05 02:00:00
2020-10-06,3,2020,9.6,26.3,E,0.0,-100.0,6.9,Low,24.7,62.0,2020-10-06 02:00:00
2020-10-07,3,2020,8.6,24.9,N,1.6,0.0,7.0,Low,24.6,61.0,2020-10-07 02:00:00
2020-10-08,3,2020,9.0,19.7,NE,0.0,-100.0,7.0,Low,25.2,60.0,2020-10-08 02:00:00
2020-10-09,3,2020,10.5,20.0,E,0.3,0.0,6.7,Low,24.6,66.0,2020-10-09 02:00:00
2020-10-10,3,2020,12.0,24.0,W,0.0,-100.0,6.7,Low,24.7,66.0,2020-10-10 02:00:00
2020-10-11,3,2020,9.7,16.8,NE,2.0,0.0,6.9,Low,24.7,62.0,2020-10-11 02:00:00
2020-10-12,3,2020,10.9,22.0,SE,0.2,-88.0,6.8,Low,25.4,66.0,2020-10-12 02:00:00
2020-10-13,3,2020,11.9,29.0,SE,3.5,1371.0,6.9,Low,24.8,61.0,2020-10-13 02:00:00
2020-10-14,3,2020,7.7,23.0,NE,3.5,1.0,7.0,Low,25.4,66.0,2020-10-14 02:00:00
2020-10-15,3,2020,10.8,15.9,E,1.3,-63.0,7.0,Low,25.3,57.0,2020-10-15 02:00:00
2020-10-16,3,2020,11.1,22.5,SE,0.0,-100.0,6.9,Low,25.4,66.0,2020-10-16 02:00:00
2020-10-17,3,2020,8.7,15.9,NW,2.2,0.0,6.9,Low,25.9,63.0,2020-10-17 02:00:00
2020-10-18,3,2020,11.5,27.5,NW,4.0,87.0,6.9,Low,24.9,61.0,2020-10-18 02:00:00
2020-10-19,3,2020,10.1,23.3,NW,8.5,112.0,6.9,Low,24.8,60.0,2020-10-19 02:00:00
2020-10-20,3,2020,7.8,13.2,SE,1.7,-80.0,6.9,Low,24.2,60.0,2020-10-20 02:00:00
2020-10-21,3,2020,12.9,21.6,E,8.3,399.0,6.8,Medium,26.1,65.0,2020-10-21 02:00:00
2020-10-22,3,2020,11.0,26.2,SW,0.5,-94.0,6.9,Medium,24.4,66.0,2020-10-22 02:00:00
2020-10-23,3,2020,10.8,24.8,SE,0.5,-6.0,7.0,Medium,25.2,63.0,2020-10-23 02:00:00
2020-10-24,3,2020,12.8,26.8,E,2.5,458.0,6.9,Medium,24.8,63.0,2020-10-24 02:00:00
2020-10-25,3,2020,11.0,21.4,NE,4.7,86.0,6.9,Medium,25.3,63.0,2020-10-25 02:00:00
2020-10-26,3,2020,12.8,27.9,SW,0.7,-85.0,6.9,Medium,24.8,60.0,2020-10-26 02:00:00
2020-10-27,3,2020,7.9,14.3,NW,0.0,-100.0,6.9,Medium,25.8,64.0,2020-10-27 02:00:00
2020-10-28,3,2020,8.4,21.0,NE,0.0,0.0,6.8,Medium,24.7,62.0,2020-10-28 02:00:00
2020-10-29,3,2020,11.8,26.6,E,0.0,0.0,6.8,Medium,24.3,63.0,2020-10-29 02:00:00
2020-10-30,3,2020,10.0,23.3,E,1.9,0.0,6.9,Medium,25.6,60.0,2020-10-30 02:00:00
2020-10-31,3,2020,8.5,14.2,S,0.4,-77.0,6.8,Medium,25.8,57.0,2020-10-31 02:00:00
2020-11-01,3,2020,10.0,17.8,SE,2.4,454.0,7.0,Medium,25.8,64.0,2020-11-01 02:00:00
2020-11-02,3,2020,10.5,25.9,W,3.5,47.0,6.8,Medium,24.7,65.0,2020-11-02 02:00:00
2020-11-03,3,2020,11.5,26.7,SW,0.0,-100.0,7.0,Medium,25.1,68.0,2020-11-03 02:00:00
2020-11-04,3,2020,11.0,27.8,E,0.0,0.0,6.8,Medium,25.4,61.0,2020-11-04 02:00:00
2020-11-05,3,2020,12.7,18.9,W,0.0,0.0,6.8,Low,26.1,62.0,2020-11-05 02:00:00
2020-11-06,3,2020,11.2,18.3,NE,2.4,0.0,6.8,Low,24.6,63.0,2020-11-06 02:00:00
2020-11-07,3,2020,10.4,15.8,NW,0.0,-100.0,7.0,Low,24.3,67.0,2020-11-07 02:00:00
2020-11-08,3,2020,8.3,17.5,NE,0.1,0.0,6.8,Low,25.9,64.0,2020-11-08 02:00:00
2020-11-09,3,2020,13.6,25.4,S,0.0,-100.0,6.8,Low,25.8,66.0,2020-11-09 02:00:00
2020-11-10,3,2020,8.6,17.0,NW,4.2,0.0,6.8,Low,24.4,59.0,2020-11-10 02:00:00
2020-11-11,3,2020,10.0,19.1,NE,0.0,-100.0,6.9,Low,25.3,63.0,2020-11-11 02:00:00
2020-11-12,3,2020,9.8,25.5,W,1.3,0.0,7.0,Low,26.0,60.0,2020-11-12 02:00:00
2020-11-13,3,2020,9.4,26.5,N,8.0,501.0,6.8,Low,25.5,59.0,2020-11-13 02:00:00
2020-11-14,3,2020,11.2,26.0,W,3.4,-58.0,7.0,Low,25.3,63.0,2020-11-14 02:00:00
2020-11-15,3,2020,11.9,23.5,W,0.0,-100.0,6.8,Low,25.6,59.0,2020-11-15 02:00:00
2020-11-16,3,2020,7.4,21.9,SW,1.0,0.0,6.9,Low,25.3,61.0,2020-11-16 02:00:00
2020-11-17,3,2020,11.3,17.2,S,0.4,-56.0,6.8,Low,25.5,59.0,2020-11-17 02:00:00
2020-11-18,3,2020,11.8,24.5,SW,1.0,129.0,6.7,Low,26.2,61.0,2020-11-18 02:00:00
2020-11-19,3,2020,10.5,20.8,S,0.4,-59.0,6.9,Low,25.3,63.0,2020-11-19 02:00:00
2020-11-20,3,2020,10.3,26.8,S,0.0,-100.0,6.8,Low,25.7,61.0,2020-11-20 02:00:00
2020-11-21,3,2020,8.9,14.1,NW,10.7,0.0,6.8,Low,25.6,64.0,2020-11-21 02:00:00
2020-11-22,3,2020,11.0,24.9,NW,0.0,-100.0,6.9,Low,26.1,61.0,2020-11-22 02:00:00
2020-11-23,3,2020,9.9,20.2,SE,0.0,0.0,6.9,Low,25.9,62.0,2020-11-23 02:00:00
2020-11-24,3,2020,11.8,21.3,NE,2.7,0.0,7.1,Low,24.9,62.0,2020-11-24 02:00:00
2020-11-25,3,2020,10.1,26.5,SW,0.8,-72.0,6.8,Low,25.2,57.0,2020-11-25 02:00:00
2020-11-26,3,2020,11.3,27.4,NE,0.0,-100.0,6.8,Low,25.1,58.0,2020-11-26 02:00:00
2020-11-27,3,2020,12.5,27.4,N,0.8,0.0,6.8,Low,25.7,62.0,2020-11-27 02:00:00
2020-11-28,3,2020,10.9,17.1,NW,0.0,-100.0,6.9,Low,25.0,62.0,2020-11-28 02:00:00
2020-11-29,3,2020,6.9,13.0,SW,0.3,0.0,6.9,Low,24.3,64.0,2020-11-29 02:00:00
2020-11-30,3,2020,10.3,27.3,N,1.2,347.0,6.9,Low,24.3,60.0,2020-11-30 02:00:00
2020-12-01,3,2020,12.2,24.0,W,2.0,59.0,7.0,Low,24.5,59.0,2020-12-01 02:00:00
2020-12-02,3,2020,12.6,19.6,SE,1.3,-35.0,6.8,Low,24.9,65.0,2020-12-02 02:00:00
2020-12-03,3,2020,10.2,24.8,NW,3.3,157.0,6.7,Low,26.4,61.0,2020-12-03 02:00:00
2020-12-04,3,2020,10.1,18.6,SE,0.5,-84.0,6.8,Low,24.7,62.0,2020-12-04 02:00:00
2020-12-05,3,2020,9.7,16.4,NW,1.0,93.0,6.8,Low,24.9,64.0,2020-12-05 02:00:00
2020-12-06,3,2020,12.0,26.3,SW,3.1,212.0,6.7,Low,26.3,63.0,2020-12-06 02:00:00
2020-12-07,3,2020,11.1,17.7,NW,0.0,-100.0,6.8,Low,26.2,59.0,2020-12-07 02:00:00
2020-12-08,3,2020,7.6,17.5,W,1.1,0.0,6.9,Low,25.7,59.0,2020-12-08 02:00:00
2020-12-09,3,2020,12.1,17.7,S,0.6,-44.0,7.0,Low,25.0,64.0,2020-12-09 02:00:00
2020-12-10,3,2020,11.1,19.1,W,0.1,-79.0,6.7,Low,25.9,60.0,2020-12-10 02:00:00
2020-12-11,3,2020,11.8,19.7,NE,1.6,1194.0,6.7,Low,25.6,62.0,2020-12-11 02:00:00
2020-12-12,3,2020,12.9,18.7,W,3.5,119.0,6.7,Low,24.6,64.0,2020-12-12 02:00:00
2020-12-13,3,2020,10.3,25.4,SE,0.1,-98.0,6.7,Low,26.3,60.0,2020-12-13 02:00:00
2020-12-14,3,2020,11.6,26.5,NW,2.0,2351.0,6.9,Low,24.8,63.0,2020-12-14 02:00:00
2020-12-15,3,2020,9.2,21.9,W,0.0,-100.0,7.0,Low,25.2,56.0,2020-12-15 02:00:00
2020-12-16,3,2020,12.2,21.6,SW,0.0,0.0,6.9,Low,25.7,61.0,2020-12-16 02:00:00
2020-12-17,3,2020,12.8,18.0,NE,7.0,0.0,6.8,Low,25.0,61.0,2020-12-17 02:00:00
2020-12-18,3,2020,10.4,20.0,SW,8.6,23.0,6.9,Low,24.1,56.0,2020-12-18 02:00:00
2020-12-19,3,2020,8.1,16.5,NW,0.0,-100.0,6.8,Low,27.1,61.0,2020-12-19 02:00:00
2020-12-20,3,2020,10.9,24.3,NW,0.0,0.0,6.7,Low,25.2,65.0,2020-12-20 02:00:00
2020-12-21,3,2020,9.6,19.5,N,0.2,0.0,6.9,Low,27.1,67.0,2020-12-21 02:00:00
2020-12-22,3,2020,12.1,19.4,N,4.6,1784.0,6.8,Low,25.5,62.0,2020-12-22 02:00:00
2020-12-23,3,2020,10.2,20.8,NE,3.4,-27.0,6.8,Low,27.4,57.0,2020-12-23 02:00:00
2020-12-24,3,2020,11.9,29.1,E,0.4,-88.0,6.8,Low,25.8,59.0,2020-12-24 02:00:00
2020-12-25,3,2020,12.8,30.0,N,1.1,160.0,6.6,Low,25.1,55.0,2020-12-25 02:00:00
2020-12-26,3,2020,13.7,20.2,NW,0.7,-32.0,6.8,Low,26.4,63.0,2020-12-26 02:00:00
2020-12-27,3,2020,10.2,19.6,E,0.4,-47.0,7.0,Low,26.0,62.0,2020-12-27 02:00:00
2020-12-28,3,2020,8.4,21.2,E,0.3,-23.0,6.8,Low,24.9,64.0,2020-12-28 02:00:00
2020-12-29,3,2020,10.6,27.4,N,3.9,1254.0,6.8,Low,26.2,58.0,2020-12-29 02:00:00
2020-12-30,3,2020,11.3,17.6,SE,4.3,9.0,6.8,Low,25.8,63.0,2020-12-30 02:00:00
2020-12-31,3,2020,14.5,26.6,NW,0.0,-100.0,6.8,Low,27.3,63.0,2020-12-31 02:00:00
2021-01-01,3,2021,11.6,26.2,NW,0.4,0.0,7.1,Med-High,22.3,75.0,2021-01-01 02:00:00
2021-01-02,3,2021,10.1,16.1,NW,0.2,-50.0,7.4,Med-High,21.9,73.0,2021-01-02 02:00:00
2021-01-03,3,2021,12.6,24.0,SW,0.7,213.0,7.2,Med-High,21.8,69.0,2021-01-03 02:00:00
2021-01-04,3,2021,9.4,16.6,S,3.8,462.0,7.0,Med-High,22.0,72.0,2021-01-04 02:00:00
2021-01-05,3,2021,9.1,22.9,W,0.3,-92.0,7.1,Med-High,22.3,66.0,2021-01-05 02:00:00
2021-01-06,3,2021,6.8,21.7,E,1.4,382.0,7.0,Med-High,21.9,75.0,2021-01-06 02:00:00
2021-01-07,3,2021,8.9,20.8,NW,1.5,11.0,7.3,Med-High,22.5,69.0,2021-01-07 02:00:00
2021-01-08,3,2021,13.0,20.9,NW,1.8,18.0,7.2,Med-High,22.9,70.0,2021-01-08 02:00:00
2021-01-09,3,2021,8.6,22.9,NW,2.4,31.0,7.1,Med-High,23.1,78.0,2021-01-09 02:00:00
2021-01-10,3,2021,9.4,23.9,S,0.0,-100.0,7.3,Med-High,22.1,69.0,2021-01-10 02:00:00
2021-01-11,3,2021,11.3,26.1,N,0.3,0.0,7.1,Medium,21.9,74.0,2021-01-11 02:00:00
2021-01-12,3,2021,11.1,19.2,S,0.8,159.0,7.3,Medium,20.0,70.0,2021-01-12 02:00:00
2021-01-13,3,2021,10.7,25.1,NW,7.2,819.0,7.3,Med-High,20.7,69.0,2021-01-13 02:00:00
2021-01-14,3,2021,9.6,25.6,N,2.3,-68.0,7.2,Med-High,22.0,76.0,2021-01-14 02:00:00
2021-01-15,3,2021,12.0,24.0,SW,0.6,-73.0,7.2,Med-High,21.8,78.0,2021-01-15 02:00:00
2021-01-16,3,2021,10.8,19.5,E,3.7,494.0,7.1,Med-High,21.9,71.0,2021-01-16 02:00:00
2021-01-17,3,2021,9.8,20.4,NE,2.3,-37.0,7.3,Med-High,22.5,68.0,2021-01-17 02:00:00
2021-01-18,3,2021,11.1,28.0,SE,0.2,-92.0,7.3,Med-High,22.3,67.0,2021-01-18 02:00:00
2021-01-19,3,2021,10.5,15.7,E,2.2,1047.0,7.2,Med-High,22.0,70.0,2021-01-19 02:00:00
2021-01-20,3,2021,10.0,16.5,N,3.2,42.0,7.3,Med-High,22.2,66.0,2021-01-20 02:00:00
2021-01-21,3,2021,10.1,21.9,NE,7.3,130.0,7.3,Med-High,23.0,75.0,2021-01-21 02:00:00
2021-01-22,3,2021,10.2,17.6,NE,1.1,-85.0,7.1,Med-High,20.8,72.0,2021-01-22 02:00:00
2021-01-23,3,2021,8.9,14.3,SW,2.6,139.0,7.2,Med-High,21.9,72.0,2021-01-23 02:00:00
2021-01-24,3,2021,9.7,27.5,S,2.1,-19.0,7.2,Med-High,21.2,70.0,2021-01-24 02:00:00
2021-01-25,3,2021,9.1,24.1,NW,1.2,-45.0,7.1,Med-High,24.5,68.0,2021-01-25 02:00:00
2021-01-26,3,2021,11.3,27.9,SE,1.5,32.0,7.2,Med-High,22.3,72.0,2021-01-26 02:00:00
2021-01-27,3,2021,9.2,17.7,S,1.5,0.0,7.1,Med-High,24.2,67.0,2021-01-27 02:00:00
2021-01-28,3,2021,9.7,17.0,SE,0.0,-100.0,7.3,Med-High,22.8,72.0,2021-01-28 02:00:00
2021-01-29,3,2021,11.3,19.3,NW,2.1,0.0,7.2,Med-High,23.2,77.0,2021-01-29 02:00:00
2021-01-30,3,2021,10.9,24.3,W,1.9,-12.0,7.3,Med-High,23.1,71.0,2021-01-30 02:00:00
2021-01-31,3,2021,12.0,19.6,NE,1.5,-21.0,7.3,Med-High,23.1,73.0,2021-01-31 02:00:00
2021-02-01,3,2021,9.7,27.0,NW,0.2,-89.0,7.3,Med-High,22.2,71.0,2021-02-01 02:00:00
2021-02-02,3,2021,10.3,26.5,W,1.4,783.0,7.3,Med-High,21.0,71.0,2021-02-02 02:00:00
2021-02-03,3,2021,13.7,23.8,NW,1.1,-18.0,7.3,Med-High,21.9,70.0,2021-02-03 02:00:00
2021-02-04,3,2021,10.3,26.5,SE,2.9,157.0,7.2,Med-High,22.5,72.0,2021-02-04 02:00:00
2021-02-05,3,2021,11.2,22.9,NE,0.0,-100.0,7.3,Med-High,21.1,71.0,2021-02-05 02:00:00
2021-02-06,3,2021,11.9,26.8,NW,0.2,0.0,7.1,Med-High,23.2,72.0,2021-02-06 02:00:00
2021-02-07,3,2021,9.7,18.1,SE,2.8,1033.0,7.2,Med-High,22.5,74.0,2021-02-07 02:00:00
2021-02-08,3,2021,9.0,22.2,N,1.0,-64.0,7.0,Med-High,22.6,71.0,2021-02-08 02:00:00
2021-02-09,3,2021,12.7,28.9,SE,0.3,-71.0,7.0,Med-High,21.1,68.0,2021-02-09 02:00:00
2021-02-10,3,2021,10.1,21.9,SE,2.6,786.0,7.1,Med-High,22.0,74.0,2021-02-10 02:00:00
2021-02-11,3,2021,11.3,25.3,SE,1.2,-54.0,7.1,Med-High,22.1,72.0,2021-02-11 02:00:00
2021-02-12,3,2021,11.2,24.9,NE,0.9,-24.0,7.2,Med-High,22.1,73.0,2021-02-12 02:00:00
2021-02-13,3,2021,12.2,23.7,N,2.3,155.0,7.1,Med-High,22.9,73.0,2021-02-13 02:00:00
2021-02-14,3,2021,11.6,21.3,S,3.9,65.0,7.1,Med-High,23.6,71.0,2021-02-14 02:00:00
2021-02-15,3,2021,7.3,16.2,W,2.6,-33.0,7.1,Med-High,23.6,71.0,2021-02-15 02:00:00
2021-02-16,3,2021,10.4,23.5,E,0.2,-91.0,7.2,Med-High,22.7,70.0,2021-02-16 02:00:00
2021-02-17,3,2021,12.7,18.2,W,0.9,291.0,7.1,Medium,22.5,77.0,2021-02-17 02:00:00
2021-02-18,3,2021,11.7,23.4,W,0.5,-38.0,7.2,Medium,21.3,76.0,2021-02-18 02:00:00
2021-02-19,3,2021,10.0,16.2,W,1.4,154.0,7.2,Med-High,22.8,67.0,2021-02-19 02:00:00
2021-02-20,3,2021,11.7,29.3,NE,3.3,138.0,7.2,Med-High,20.9,74.0,2021-02-20 02:00:00
2021-02-21,3,2021,11.0,21.9,SE,1.4,-58.0,7.0,Med-High,22.9,75.0,2021-02-21 02:00:00
2021-02-22,3,2021,6.9,19.7,NW,1.4,0.0,7.1,Med-High,22.7,63.0,2021-02-22 02:00:00
2021-02-23,3,2021,11.2,20.2,SW,1.9,36.0,6.9,Med-High,24.4,67.0,2021-02-23 02:00:00
2021-02-24,3,2021,14.5,28.9,NW,2.2,19.0,7.0,Med-High,21.9,74.0,2021-02-24 02:00:00
2021-02-25,3,2021,13.0,19.9,S,3.5,58.0,7.1,Med-High,23.1,74.0,2021-02-25 02:00:00
2021-02-26,3,2021,10.6,21.8,SW,0.8,-76.0,7.2,Med-High,23.4,66.0,2021-02-26 02:00:00
2021-02-27,3,2021,9.1,17.2,S,0.0,-100.0,7.1,Med-High,22.8,70.0,2021-02-27 02:00:00
2021-02-28,3,2021,8.8,18.4,SW,1.3,0.0,7.2,Med-High,22.8,64.0,2021-02-28 02:00:00
2021-03-01,3,2021,6.7,16.0,W,1.2,-13.0,7.0,Med-High,23.8,75.0,2021-03-01 02:00:00
2021-03-02,3,2021,11.2,29.0,E,0.0,-100.0,7.2,Med-High,22.8,72.0,2021-03-02 02:00:00
2021-03-03,3,2021,8.7,22.6,N,5.0,0.0,7.2,Med-High,22.8,73.0,2021-03-03 02:00:00
2021-03-04,3,2021,10.0,26.6,NE,2.5,-50.0,7.4,Med-High,25.0,71.0,2021-03-04 02:00:00
2021-03-05,3,2021,10.3,20.5,S,3.0,18.0,7.1,Med-High,23.0,68.0,2021-03-05 02:00:00
2021-03-06,3,2021,9.4,23.9,S,0.3,-91.0,7.3,Med-High,22.4,68.0,2021-03-06 02:00:00
2021-03-07,3,2021,12.8,29.2,NW,0.3,27.0,7.1,Med-High,22.6,69.0,2021-03-07 02:00:00
2021-03-08,3,2021,10.6,23.6,N,0.5,67.0,7.3,Med-High,23.4,72.0,2021-03-08 02:00:00
2021-03-09,3,2021,10.5,25.2,SE,0.5,-15.0,7.1,Med-High,23.0,72.0,2021-03-09 02:00:00
2021-03-10,3,2021,8.0,23.0,S,3.3,602.0,7.1,Med-High,21.7,72.0,2021-03-10 02:00:00
2021-03-11,3,2021,10.4,21.9,E,3.9,20.0,7.2,Med-High,23.3,67.0,2021-03-11 02:00:00
2021-03-12,3,2021,11.4,27.8,SE,3.7,-6.0,7.0,Med-High,22.5,65.0,2021-03-12 02:00:00
2021-03-13,3,2021,9.2,17.7,W,0.0,-100.0,7.0,Med-High,22.7,67.0,2021-03-13 02:00:00
2021-03-14,3,2021,8.3,17.8,SW,0.1,0.0,7.1,Med-High,22.4,67.0,2021-03-14 02:00:00
2021-03-15,3,2021,13.1,26.8,SE,0.3,315.0,7.0,Med-High,23.3,72.0,2021-03-15 02:00:00
2021-03-16,3,2021,10.4,20.1,NE,0.2,-47.0,7.0,Med-High,23.8,70.0,2021-03-16 02:00:00
2021-03-17,3,2021,10.5,24.9,SE,2.5,1287.0,7.3,Med-High,22.7,70.0,2021-03-17 02:00:00
2021-03-18,3,2021,10.7,24.4,S,0.3,-87.0,7.1,Med-High,23.0,67.0,2021-03-18 02:00:00
2021-03-19,3,2021,12.2,29.6,E,0.9,185.0,7.2,Medium,22.6,73.0,2021-03-19 02:00:00
2021-03-20,3,2021,11.3,24.9,SW,0.3,-70.0,7.1,Medium,22.1,70.0,2021-03-20 02:00:00
2021-03-21,3,2021,9.6,15.1,S,0.0,-97.0,7.0,Medium,21.7,64.0,2021-03-21 02:00:00
2021-03-22,3,2021,10.8,22.3,NW,0.2,2680.0,7.1,Medium,22.6,72.0,2021-03-22 02:00:00
2021-03-23,3,2021,12.7,28.9,E,1.9,698.0,7.0,Medium,22.0,72.0,2021-03-23 02:00:00
2021-03-24,3,2021,11.5,17.0,SW,0.1,-95.0,7.3,Low,22.4,72.0,2021-03-24 02:00:00
2021-03-25,3,2021,11.0,18.4,SE,0.8,787.0,7.2,Low,23.0,69.0,2021-03-25 02:00:00
2021-03-26,3,2021,11.5,17.7,E,0.0,-95.0,7.0,Low,22.1,71.0,2021-03-26 02:00:00
2021-03-27,3,2021,8.6,18.2,NE,0.0,-100.0,7.0,Low,22.3,72.0,2021-03-27 02:00:00
2021-03-28,3,2021,10.5,15.6,N,4.4,0.0,7.3,Low,22.0,71.0,2021-03-28 02:00:00
2021-03-29,3,2021,10.7,23.4,N,1.9,-57.0,7.1,Low,23.9,70.0,2021-03-29 02:00:00
2021-03-30,3,2021,12.8,28.4,SW,7.8,320.0,7.1,Low,23.3,74.0,2021-03-30 02:00:00
2021-03-31,3,2021,10.8,19.1,W,0.0,-100.0,7.2,Low,22.6,70.0,2021-03-31 02:00:00
2021-04-01,3,2021,12.6,30.5,SE,0.6,0.0,7.1,Low,23.2,71.0,2021-04-01 02:00:00
2021-04-02,3,2021,11.8,24.2,N,1.3,121.0,7.2,Low,22.0,67.0,2021-04-02 02:00:00
2021-04-03,3,2021,13.4,23.3,E,2.5,89.0,6.9,Low,23.5,72.0,2021-04-03 02:00:00
2021-04-04,3,2021,9.9,26.5,SW,0.5,-80.0,7.1,Low,24.0,67.0,2021-04-04 02:00:00
2021-04-05,3,2021,12.0,18.8,SE,2.0,294.0,7.1,Low,22.9,72.0,2021-04-05 02:00:00
2021-04-06,3,2021,11.3,16.8,N,0.2,-88.0,7.0,Low,22.6,66.0,2021-04-06 02:00:00
2021-04-07,3,2021,12.0,21.1,SW,0.9,279.0,7.1,Low,23.7,68.0,2021-04-07 02:00:00
2021-04-08,3,2021,13.0,22.1,NW,0.4,-55.0,7.2,Low,22.0,69.0,2021-04-08 02:00:00
2021-04-09,3,2021,11.1,27.9,N,0.6,34.0,7.0,Low,23.7,64.0,2021-04-09 02:00:00
2021-04-10,3,2021,10.5,22.1,NE,5.1,829.0,7.0,Low,23.6,67.0,2021-04-10 02:00:00
2021-04-11,3,2021,9.8,22.0,S,3.4,-33.0,7.0,Low,22.4,66.0,2021-04-11 02:00:00
2021-04-12,3,2021,12.2,19.7,N,1.7,-51.0,7.2,Low,22.6,63.0,2021-04-12 02:00:00
2021-04-13,3,2021,10.1,20.0,SE,5.4,223.0,7.0,Low,23.3,68.0,2021-04-13 02:00:00
2021-04-14,3,2021,13.7,18.9,S,0.7,-88.0,7.0,Low,22.6,67.0,2021-04-14 02:00:00
2021-04-15,3,2021,11.2,16.7,SW,0.3,-56.0,7.3,Low,23.0,66.0,2021-04-15 02:00:00
2021-04-16,3,2021,11.3,27.4,SW,3.1,960.0,7.2,Low,23.1,73.0,2021-04-16 02:00:00
2021-04-17,3,2021,9.8,23.9,NW,1.9,-39.0,7.2,Low,23.0,72.0,2021-04-17 02:00:00
2021-04-18,3,2021,13.0,24.8,SW,0.1,-93.0,7.1,Low,23.0,74.0,2021-04-18 02:00:00
2021-04-19,3,2021,11.7,17.3,S,0.0,-100.0,7.1,Low,23.3,68.0,2021-04-19 02:00:00
2021-04-20,3,2021,11.2,19.8,NE,0.0,0.0,7.1,Low,22.1,67.0,2021-04-20 02:00:00
2021-04-21,3,2021,10.8,19.9,SW,0.1,0.0,7.1,Low,23.7,69.0,2021-04-21 02:00:00
2021-04-22,3,2021,10.9,22.3,W,2.5,4359.0,7.0,Low,22.9,66.0,2021-04-22 02:00:00
2021-04-23,3,2021,11.4,20.4,N,2.5,-0.0,7.1,Low,22.8,70.0,2021-04-23 02:00:00
2021-04-24,3,2021,10.0,20.9,NW,11.5,354.0,7.1,Low,22.7,72.0,2021-04-24 02:00:00
2021-04-25,3,2021,9.2,22.6,SW,0.0,-100.0,7.1,Low,22.3,69.0,2021-04-25 02:00:00
2021-04-26,3,2021,10.8,21.9,SW,7.5,0.0,7.0,Medium,22.4,72.0,2021-04-26 02:00:00
2021-04-27,3,2021,8.6,17.8,SE,0.2,-97.0,7.3,Low,22.9,72.0,2021-04-27 02:00:00
2021-04-28,3,2021,10.3,19.8,NE,3.9,1855.0,7.2,Low,23.5,68.0,2021-04-28 02:00:00
2021-04-29,3,2021,11.4,21.4,W,0.3,-93.0,7.2,Low,23.0,61.0,2021-04-29 02:00:00
2021-04-30,3,2021,10.4,19.3,N,0.0,-100.0,7.1,Low,22.6,65.0,2021-04-30 02:00:00
2021-05-01,3,2021,12.2,21.9,SW,0.1,0.0,7.2,Low,22.9,67.0,2021-05-01 02:00:00
2021-05-02,3,2021,11.9,22.9,N,0.9,805.0,7.0,Low,24.3,65.0,2021-05-02 02:00:00
2021-05-03,3,2021,8.0,18.1,S,0.3,-72.0,7.2,Low,22.7,64.0,2021-05-03 02:00:00
2021-05-04,3,2021,10.8,17.5,NE,5.4,2038.0,7.0,Low,22.6,69.0,2021-05-04 02:00:00
2021-05-05,3,2021,9.4,19.9,W,0.3,-95.0,7.1,Low,22.8,66.0,2021-05-05 02:00:00
2021-05-06,3,2021,11.2,18.6,NE,2.1,737.0,7.2,Medium,23.8,70.0,2021-05-06 02:00:00
2021-05-07,3,2021,9.7,20.2,W,0.0,-100.0,7.1,Medium,23.4,65.0,2021-05-07 02:00:00
2021-05-08,3,2021,10.5,26.1,NW,1.8,0.0,7.0,Medium,23.5,65.0,2021-05-08 02:00:00
2021-05-09,3,2021,9.5,23.2,E,2.6,48.0,7.3,Medium,22.8,69.0,2021-05-09 02:00:00
2021-05-10,3,2021,8.2,18.6,N,2.1,-21.0,7.0,Medium,23.2,70.0,2021-05-10 02:00:00
2021-05-11,3,2021,10.6,22.8,W,0.0,-100.0,7.2,Medium,23.2,66.0,2021-05-11 02:00:00
2021-05-12,3,2021,13.7,25.0,SW,9.3,0.0,7.2,Medium,23.7,75.0,2021-05-12 02:00:00
2021-05-13,3,2021,10.8,19.1,SW,1.0,-89.0,7.0,Medium,22.2,70.0,2021-05-13 02:00:00
2021-05-14,3,2021,13.4,22.0,S,0.9,-13.0,6.9,Medium,23.4,67.0,2021-05-14 02:00:00
2021-05-15,3,2021,9.9,20.5,S,22.9,2552.0,7.1,Med-High,23.1,60.0,2021-05-15 02:00:00
2021-05-16,3,2021,10.7,22.2,NW,1.2,-95.0,7.0,Med-High,23.1,68.0,2021-05-16 02:00:00
2021-05-17,3,2021,9.4,16.8,SE,1.9,59.0,7.1,Med-High,23.0,67.0,2021-05-17 02:00:00
2021-05-18,3,2021,12.3,21.0,N,0.9,-55.0,7.1,Med-High,22.6,72.0,2021-05-18 02:00:00
2021-05-19,3,2021,9.9,23.8,SW,0.5,-46.0,7.0,Med-High,23.7,69.0,2021-05-19 02:00:00
2021-05-20,3,2021,9.7,24.7,N,0.0,-100.0,7.1,Med-High,22.8,65.0,2021-05-20 02:00:00
2021-05-21,3,2021,10.0,22.1,SW,6.6,0.0,7.2,Med-High,22.9,68.0,2021-05-21 02:00:00
2021-05-22,3,2021,10.1,26.7,E,0.8,-88.0,7.1,Med-High,23.4,63.0,2021-05-22 02:00:00
2021-05-23,3,2021,10.4,25.0,NW,1.2,54.0,6.9,Med-High,22.8,71.0,2021-05-23 02:00:00
2021-05-24,3,2021,7.4,17.3,E,1.6,37.0,6.8,Med-High,22.8,66.0,2021-05-24 02:00:00
2021-05-25,3,2021,8.4,22.1,S,1.7,2.0,7.1,Med-High,23.7,64.0,2021-05-25 02:00:00
2021-05-26,3,2021,9.3,20.1,E,1.1,-31.0,7.0,Med-High,24.4,64.0,2021-05-26 02:00:00
2021-05-27,3,2021,11.4,20.9,SW,1.2,3.0,7.0,Med-High,23.6,68.0,2021-05-27 02:00:00
2021-05-28,3,2021,10.8,25.2,NW,2.8,134.0,7.1,Med-High,24.0,66.0,2021-05-28 02:00:00
2021-05-29,3,2021,8.8,14.5,S,2.3,-18.0,7.1,Med-High,24.3,66.0,2021-05-29 02:00:00
2021-05-30,3,2021,10.9,24.3,W,3.2,41.0,7.2,Med-High,23.4,64.0,2021-05-30 02:00:00
2021-05-31,3,2021,12.4,19.3,NW,0.6,-80.0,6.9,Med-High,23.8,74.0,2021-05-31 02:00:00
2021-06-01,3,2021,10.7,19.2,NE,5.5,763.0,7.0,Med-High,22.2,69.0,2021-06-01 02:00:00
2021-06-02,3,2021,9.8,15.8,SW,0.9,-83.0,7.0,Med-High,23.3,69.0,2021-06-02 02:00:00
2021-06-03,3,2021,10.4,24.9,NE,0.2,-82.0,6.9,Med-High,23.0,65.0,2021-06-03 02:00:00
2021-06-04,3,2021,10.7,19.2,SE,0.0,-100.0,6.9,Medium,23.8,65.0,2021-06-04 02:00:00
2021-06-05,3,2021,11.7,17.8,S,0.0,0.0,7.0,Medium,23.0,71.0,2021-06-05 02:00:00
2021-06-06,3,2021,9.6,27.0,S,0.4,0.0,7.1,Medium,23.7,65.0,2021-06-06 02:00:00
2021-06-07,3,2021,11.6,24.1,E,0.3,-31.0,7.1,Medium,23.4,63.0,2021-06-07 02:00:00
2021-06-08,3,2021,11.2,19.8,SE,1.8,582.0,6.9,Medium,24.3,65.0,2021-06-08 02:00:00
2021-06-09,3,2021,9.0,20.5,N,0.0,-100.0,7.1,Low,22.8,69.0,2021-06-09 02:00:00
2021-06-10,3,2021,10.6,20.4,SE,9.9,0.0,7.1,Medium,23.7,67.0,2021-06-10 02:00:00
2021-06-11,3,2021,10.7,22.2,NW,0.7,-93.0,6.8,Medium,23.0,67.0,2021-06-11 02:00:00
2021-06-12,3,2021,9.8,24.1,W,1.1,59.0,7.0,Medium,23.7,65.0,2021-06-12 02:00:00
2021-06-13,3,2021,7.9,15.9,W,5.3,391.0,7.1,Medium,23.6,65.0,2021-06-13 02:00:00
2021-06-14,3,2021,12.7,19.0,NE,0.5,-90.0,6.9,Medium,22.7,65.0,2021-06-14 02:00:00
2021-06-15,3,2021,9.6,14.6,W,1.4,165.0,6.9,Medium,23.4,64.0,2021-06-15 02:00:00
2021-06-16,3,2021,11.3,18.9,NE,0.7,-52.0,7.1,Low,24.2,64.0,2021-06-16 02:00:00
2021-06-17,3,2021,10.7,15.7,SW,1.4,107.0,7.1,Low,22.9,68.0,2021-06-17 02:00:00
2021-06-18,3,2021,12.5,24.0,S,3.6,164.0,7.0,Low,23.9,68.0,2021-06-18 02:00:00
2021-06-19,3,2021,13.4,19.3,SE,0.0,-100.0,6.9,Low,23.9,66.0,2021-06-19 02:00:00
2021-06-20,3,2021,10.7,28.1,NE,0.2,0.0,6.9,Low,23.3,60.0,2021-06-20 02:00:00
2021-06-21,3,2021,13.7,22.3,W,0.9,421.0,7.0,Low,24.5,67.0,2021-06-21 02:00:00
2021-06-22,3,2021,10.4,25.9,S,1.7,93.0,7.0,Low,23.7,66.0,2021-06-22 02:00:00
2021-06-23,3,2021,10.2,22.8,SW,1.0,-41.0,7.0,Low,23.4,62.0,2021-06-23 02:00:00
2021-06-24,3,2021,11.5,28.2,S,0.0,-100.0,7.1,Low,24.4,65.0,2021-06-24 02:00:00
2021-06-25,3,2021,10.4,24.0,SW,2.5,0.0,6.9,Low,24.4,70.0,2021-06-25 02:00:00
2021-06-26,3,2021,10.7,26.8,W,0.0,-100.0,7.2,Low,23.4,71.0,2021-06-26 02:00:00
2021-06-27,3,2021,9.2,24.3,E,2.9,0.0,6.9,Low,24.4,68.0,2021-06-27 02:00:00
2021-06-28,3,2021,10.3,16.4,SW,1.4,-53.0,6.9,Low,24.2,68.0,2021-06-28 02:00:00
2021-06-29,3,2021,10.8,27.5,E,1.0,-28.0,7.1,Low,22.8,71.0,2021-06-29 02:00:00
2021-06-30,3,2021,9.0,17.8,SW,14.1,1311.0,6.9,Medium,23.1,63.0,2021-06-30 02:00:00
2021-07-01,3,2021,10.0,20.7,NE,0.0,-100.0,7.0,Medium,24.7,61.0,2021-07-01 02:00:00
2021-07-02,3,2021,9.9,25.4,NE,0.0,0.0,7.0,Low,23.7,65.0,2021-07-02 02:00:00
2021-07-03,3,2021,9.5,15.2,N,0.5,0.0,6.8,Low,24.6,69.0,2021-07-03 02:00:00
2021-07-04,3,2021,10.0,25.0,NW,2.8,496.0,7.0,Low,25.0,64.0,2021-07-04 02:00:00
2021-07-05,3,2021,7.5,17.4,NW,0.5,-80.0,7.1,Low,23.2,69.0,2021-07-05 02:00:00
2021-07-06,3,2021,9.8,22.6,NW,0.0,-100.0,7.0,Low,24.5,65.0,2021-07-06 02:00:00
2021-07-07,3,2021,9.7,16.0,N,0.8,0.0,7.0,Low,25.2,66.0,2021-07-07 02:00:00
2021-07-08,3,2021,10.6,23.0,N,6.8,701.0,6.8,Low,23.6,68.0,2021-07-08 02:00:00
2021-07-09,3,2021,9.3,22.9,NE,0.0,-100.0,7.2,Low,24.4,61.0,2021-07-09 02:00:00
2021-07-10,3,2021,12.7,28.9,N,2.7,0.0,7.0,Low,24.5,63.0,2021-07-10 02:00:00
2021-07-11,3,2021,10.8,25.6,NW,0.0,-100.0,7.0,Low,23.3,67.0,2021-07-11 02:00:00
2021-07-12,3,2021,12.2,28.5,NW,5.6,0.0,6.8,Low,23.8,67.0,2021-07-12 02:00:00
2021-07-13,3,2021,10.1,16.3,S,6.3,13.0,7.0,Low,24.6,63.0,2021-07-13 02:00:00
2021-07-14,3,2021,11.4,24.1,E,0.0,-100.0,6.8,Low,25.0,65.0,2021-07-14 02:00:00
2021-07-15,3,2021,13.1,27.8,SW,1.3,0.0,7.0,Low,24.3,70.0,2021-07-15 02:00:00
2021-07-16,3,2021,10.9,26.1,N,1.2,-12.0,7.1,Low,24.4,65.0,2021-07-16 02:00:00
2021-07-17,3,2021,13.0,25.4,SE,0.2,-79.0,7.0,Low,23.4,61.0,2021-07-17 02:00:00
2021-07-18,3,2021,10.1,19.2,NE,1.0,310.0,6.9,Low,23.8,69.0,2021-07-18 02:00:00
2021-07-19,3,2021,11.1,26.9,S,1.6,58.0,6.9,Low,23.6,57.0,2021-07-19 02:00:00
2021-07-20,3,2021,12.7,22.0,NE,0.3,-78.0,7.0,Low,24.1,73.0,2021-07-20 02:00:00
2021-07-21,3,2021,12.0,29.5,W,1.6,360.0,7.0,Low,23.5,69.0,2021-07-21 02:00:00
2021-07-22,3,2021,10.4,21.7,S,1.5,-7.0,6.9,Low,24.9,64.0,2021-07-22 02:00:00
2021-07-23,3,2021,9.6,15.0,NW,1.3,-12.0,7.0,Low,22.8,70.0,2021-07-23 02:00:00
2021-07-24,3,2021,9.4,23.5,SW,1.5,14.0,7.0,Low,23.7,65.0,2021-07-24 02:00:00
2021-07-25,3,2021,8.8,26.5,E,0.6,-56.0,7.1,Low,24.1,66.0,2021-07-25 02:00:00
2021-07-26,3,2021,9.8,26.4,NE,3.3,419.0,7.0,Low,25.4,72.0,2021-07-26 02:00:00
2021-07-27,3,2021,9.4,24.3,SW,1.3,-60.0,6.9,Low,23.6,63.0,2021-07-27 02:00:00
2021-07-28,3,2021,10.8,23.1,SW,6.5,394.0,7.0,Low,24.2,64.0,2021-07-28 02:00:00
2021-07-29,3,2021,9.4,17.6,SW,3.0,-55.0,6.8,Low,23.4,64.0,2021-07-29 02:00:00
2021-07-30,3,2021,11.4,27.1,E,0.6,-80.0,7.0,Low,24.9,67.0,2021-07-30 02:00:00
2021-07-31,3,2021,10.5,25.7,SW,0.0,-100.0,6.8,Low,25.3,69.0,2021-07-31 02:00:00
2021-08-01,3,2021,10.2,20.9,SE,0.2,0.0,7.0,Low,23.9,65.0,2021-08-01 02:00:00
2021-08-02,3,2021,12.6,27.4,SE,0.1,-73.0,7.0,Low,23.8,66.0,2021-08-02 02:00:00
2021-08-03,3,2021,12.9,18.6,W,0.1,14.0,6.9,Low,24.8,60.0,2021-08-03 02:00:00
2021-08-04,3,2021,8.3,15.5,W,1.1,1600.0,6.9,Low,25.0,68.0,2021-08-04 02:00:00
2021-08-05,3,2021,12.4,21.6,E,0.5,-57.0,6.9,Low,23.3,70.0,2021-08-05 02:00:00
2021-08-06,3,2021,11.5,26.6,SE,3.9,709.0,7.1,Low,24.3,68.0,2021-08-06 02:00:00
2021-08-07,3,2021,11.2,25.5,NW,7.5,93.0,7.1,Low,25.5,64.0,2021-08-07 02:00:00
2021-08-08,3,2021,9.4,26.1,NW,0.3,-96.0,7.0,Low,23.8,61.0,2021-08-08 02:00:00
2021-08-09,3,2021,11.3,16.5,NE,5.7,1937.0,6.9,Low,24.4,68.0,2021-08-09 02:00:00
2021-08-10,3,2021,8.7,17.6,SW,2.2,-62.0,6.9,Low,24.1,67.0,2021-08-10 02:00:00
2021-08-11,3,2021,10.9,26.7,NE,2.3,6.0,6.9,Low,24.2,66.0,2021-08-11 02:00:00
2021-08-12,3,2021,8.5,23.0,N,0.0,-100.0,7.1,Low,24.2,64.0,2021-08-12 02:00:00
2021-08-13,3,2021,9.5,18.6,W,4.3,0.0,7.0,Low,24.4,63.0,2021-08-13 02:00:00
2021-08-14,3,2021,10.2,17.8,N,0.5,-89.0,7.1,Low,24.1,63.0,2021-08-14 02:00:00
2021-08-15,3,2021,8.6,26.5,N,0.6,34.0,7.0,Low,23.8,66.0,2021-08-15 02:00:00
2021-08-16,3,2021,12.5,17.5,W,0.0,-100.0,7.0,Low,24.4,68.0,2021-08-16 02:00:00
2021-08-17,3,2021,11.4,22.2,N,1.0,0.0,7.1,Low,24.6,61.0,2021-08-17 02:00:00
2021-08-18,3,2021,9.3,17.0,E,1.2,27.0,6.9,Low,24.6,66.0,2021-08-18 02:00:00
2021-08-19,3,2021,13.1,19.0,SW,0.3,-72.0,7.0,Low,25.2,63.0,2021-08-19 02:00:00
2021-08-20,3,2021,6.5,17.7,S,0.5,50.0,6.8,Low,24.8,63.0,2021-08-20 02:00:00
2021-08-21,3,2021,13.7,24.5,NW,1.1,114.0,7.0,Low,24.5,56.0,2021-08-21 02:00:00
2021-08-22,3,2021,10.5,25.0,NW,3.5,214.0,7.1,Low,24.3,63.0,2021-08-22 02:00:00
2021-08-23,3,2021,12.4,20.5,N,0.0,-100.0,6.7,Low,24.7,68.0,2021-08-23 02:00:00
2021-08-24,3,2021,11.4,26.4,NE,0.0,0.0,7.0,Low,24.4,64.0,2021-08-24 02:00:00
2021-08-25,3,2021,9.6,16.5,NE,3.7,0.0,6.9,Low,23.8,65.0,2021-08-25 02:00:00
2021-08-26,3,2021,11.4,16.9,S,1.6,-56.0,6.8,Low,24.1,67.0,2021-08-26 02:00:00
2021-08-27,3,2021,10.7,21.7,NE,0.0,-100.0,6.9,Low,24.9,64.0,2021-08-27 02:00:00
2021-08-28,3,2021,11.3,28.5,NE,0.0,0.0,7.0,Low,24.2,61.0,2021-08-28 02:00:00
2021-08-29,3,2021,11.3,20.6,E,6.8,0.0,6.9,Low,24.6,60.0,2021-08-29 02:00:00
2021-08-30,3,2021,9.5,21.2,S,0.3,-96.0,6.9,Low,23.2,65.0,2021-08-30 02:00:00
2021-08-31,3,2021,11.2,21.2,N,0.8,180.0,6.9,Low,24.3,66.0,2021-08-31 02:00:00
2021-09-01,3,2021,9.2,18.3,SE,0.0,-100.0,7.0,Low,23.7,66.0,2021-09-01 02:00:00
2021-09-02,3,2021,13.0,26.9,E,3.3,0.0,6.9,Low,25.0,65.0,2021-09-02 02:00:00
2021-09-03,3,2021,12.5,29.7,N,12.3,276.0,7.0,Low,25.6,64.0,2021-09-03 02:00:00
2021-09-04,3,2021,9.3,27.0,SE,3.1,-75.0,6.8,Low,23.6,65.0,2021-09-04 02:00:00
2021-09-05,3,2021,11.2,19.2,NW,0.8,-73.0,6.9,Low,23.1,72.0,2021-09-05 02:00:00
2021-09-06,3,2021,11.0,28.2,SW,1.0,24.0,7.0,Low,24.3,65.0,2021-09-06 02:00:00
2021-09-07,3,2021,12.3,22.4,S,0.0,-100.0,7.0,Low,25.1,66.0,2021-09-07 02:00:00
2021-09-08,3,2021,8.9,21.8,SW,5.6,0.0,7.0,Low,24.1,61.0,2021-09-08 02:00:00
2021-09-09,3,2021,10.8,20.5,SE,2.2,-61.0,6.9,Low,23.6,67.0,2021-09-09 02:00:00
2021-09-10,3,2021,9.5,17.1,E,2.6,21.0,6.8,Low,26.7,63.0,2021-09-10 02:00:00
2021-09-11,3,2021,9.7,17.8,NW,0.3,-89.0,7.0,Low,25.0,63.0,2021-09-11 02:00:00
2021-09-12,3,2021,13.4,22.4,S,2.7,854.0,6.8,Low,25.3,65.0,2021-09-12 02:00:00
2021-09-13,3,2021,12.2,22.4,S,0.0,-100.0,6.8,Low,25.1,61.0,2021-09-13 02:00:00
2021-09-14,3,2021,10.3,17.3,N,0.0,0.0,6.9,Low,25.1,68.0,2021-09-14 02:00:00
2021-09-15,3,2021,13.4,19.0,N,2.7,0.0,7.0,Low,24.5,62.0,2021-09-15 02:00:00
2021-09-16,3,2021,13.8,27.2,N,0.0,-100.0,6.9,Low,23.9,60.0,2021-09-16 02:00:00
2021-09-17,3,2021,10.8,26.5,SE,1.9,0.0,7.0,Low,24.0,64.0,2021-09-17 02:00:00
2021-09-18,3,2021,12.7,28.2,S,3.6,88.0,6.8,Low,25.1,59.0,2021-09-18 02:00:00
2021-09-19,3,2021,9.0,25.8,N,0.0,-100.0,7.0,Low,24.5,65.0,2021-09-19 02:00:00
2021-09-20,3,2021,7.3,18.3,NW,2.5,0.0,6.9,Low,24.1,67.0,2021-09-20 02:00:00
2021-09-21,3,2021,8.5,18.6,S,0.0,-100.0,7.0,Low,24.5,66.0,2021-09-21 02:00:00
2021-09-22,3,2021,9.6,24.9,NE,0.0,0.0,6.7,Low,24.6,59.0,2021-09-22 02:00:00
2021-09-23,3,2021,11.7,21.0,SW,0.6,0.0,7.0,Low,23.4,64.0,2021-09-23 02:00:00
2021-09-24,3,2021,11.8,24.6,NE,0.7,15.0,6.9,Low,24.8,62.0,2021-09-24 02:00:00
2021-09-25,3,2021,10.6,22.9,W,2.6,248.0,6.9,Low,24.9,66.0,2021-09-25 02:00:00
2021-09-26,3,2021,10.0,21.4,SW,0.7,-74.0,6.9,Low,24.7,55.0,2021-09-26 02:00:00
2021-09-27,3,2021,9.2,16.0,NE,2.3,235.0,6.9,Low,25.0,60.0,2021-09-27 02:00:00
2021-09-28,3,2021,10.7,23.3,S,1.2,-48.0,6.9,Low,23.5,67.0,2021-09-28 02:00:00
2021-09-29,3,2021,9.4,25.0,SW,1.2,4.0,6.9,Low,24.8,64.0,2021-09-29 02:00:00
2021-09-30,3,2021,11.1,27.5,SW,0.0,-100.0,6.7,Low,24.3,58.0,2021-09-30 02:00:00
2021-10-01,3,2021,8.9,20.0,SE,0.2,0.0,7.2,Low,25.1,60.0,2021-10-01 02:00:00
2021-10-02,3,2021,9.3,24.0,SW,1.5,734.0,6.8,Low,25.1,59.0,2021-10-02 02:00:00
2021-10-03,3,2021,13.5,26.3,NE,0.3,-82.0,7.0,Low,24.5,66.0,2021-10-03 02:00:00
2021-10-04,3,2021,11.4,18.2,NW,6.5,2314.0,6.9,Low,24.6,64.0,2021-10-04 02:00:00
2021-10-05,3,2021,12.1,24.9,SE,1.0,-85.0,6.9,Low,26.6,62.0,2021-10-05 02:00:00
2021-10-06,3,2021,11.7,28.5,NW,1.8,83.0,7.0,Low,25.2,63.0,2021-10-06 02:00:00
2021-10-07,3,2021,11.7,21.7,NW,0.0,-100.0,6.9,Low,24.6,66.0,2021-10-07 02:00:00
2021-10-08,3,2021,10.0,22.2,NW,3.0,0.0,6.9,Low,25.2,61.0,2021-10-08 02:00:00
2021-10-09,3,2021,9.5,22.6,N,0.1,-95.0,6.9,Low,24.6,57.0,2021-10-09 02:00:00
2021-10-10,3,2021,12.2,19.2,W,0.0,-100.0,7.0,Low,23.5,69.0,2021-10-10 02:00:00
2021-10-11,3,2021,9.3,22.5,S,0.6,0.0,6.9,Low,24.8,61.0,2021-10-11 02:00:00
2021-10-12,3,2021,8.2,16.1,E,0.0,-100.0,6.9,Low,24.7,59.0,2021-10-12 02:00:00
2021-10-13,3,2021,8.7,23.7,N,0.8,0.0,6.7,Low,25.1,57.0,2021-10-13 02:00:00
2021-10-14,3,2021,9.0,25.1,N,3.0,280.0,6.8,Low,24.6,63.0,2021-10-14 02:00:00
2021-10-15,3,2021,11.8,28.0,W,0.0,-100.0,7.1,Low,25.5,62.0,2021-10-15 02:00:00
2021-10-16,3,2021,11.2,26.2,S,0.7,0.0,6.8,Low,25.4,63.0,2021-10-16 02:00:00
2021-10-17,3,2021,10.2,24.2,W,0.9,26.0,7.0,Low,24.5,59.0,2021-10-17 02:00:00
2021-10-18,3,2021,8.2,21.9,W,3.0,224.0,6.7,Low,25.1,63.0,2021-10-18 02:00:00
2021-10-19,3,2021,9.8,15.5,NE,0.5,-84.0,7.0,Low,25.9,57.0,2021-10-19 02:00:00
2021-10-20,3,2021,9.2,26.0,SW,0.0,-100.0,6.9,Low,25.5,59.0,2021-10-20 02:00:00
2021-10-21,3,2021,11.4,24.9,W,0.2,0.0,6.7,Low,24.8,62.0,2021-10-21 02:00:00
2021-10-22,3,2021,10.6,22.7,W,2.2,927.0,7.1,Low,25.3,67.0,2021-10-22 02:00:00
2021-10-23,3,2021,9.5,23.3,E,1.6,-28.0,6.9,Low,24.8,59.0,2021-10-23 02:00:00
2021-10-24,3,2021,11.5,23.0,E,0.0,-100.0,6.9,Low,25.8,68.0,2021-10-24 02:00:00
2021-10-25,3,2021,12.0,21.0,SE,2.0,0.0,6.8,Low,24.1,66.0,2021-10-25 02:00:00
2021-10-26,3,2021,14.3,23.2,W,2.8,42.0,6.9,Low,25.7,57.0,2021-10-26 02:00:00
2021-10-27,3,2021,10.4,19.7,SE,1.2,-58.0,6.9,Low,25.1,70.0,2021-10-27 02:00:00
2021-10-28,3,2021,13.8,21.4,N,3.4,188.0,6.9,Low,25.3,62.0,2021-10-28 02:00:00
2021-10-29,3,2021,12.1,21.9,NW,0.0,-100.0,6.9,Low,24.8,64.0,2021-10-29 02:00:00
2021-10-30,3,2021,11.1,29.1,E,0.0,0.0,6.8,Low,25.5,59.0,2021-10-30 02:00:00
2021-10-31,3,2021,8.3,14.4,S,0.0,0.0,6.9,Low,26.5,55.0,2021-10-31 02:00:00
2021-11-01,3,2021,10.2,22.4,SE,1.1,0.0,6.9,Low,24.9,58.0,2021-11-01 02:00:00
2021-11-02,3,2021,12.5,28.6,S,1.3,24.0,6.9,Low,24.5,61.0,2021-11-02 02:00:00
2021-11-03,3,2021,12.7,24.0,S,1.9,44.0,6.8,Low,24.4,63.0,2021-11-03 02:00:00
2021-11-04,3,2021,12.7,23.1,N,0.2,-92.0,6.7,Low,25.7,61.0,2021-11-04 02:00:00
2021-11-05,3,2021,9.6,20.9,E,0.3,113.0,7.0,Low,25.1,63.0,2021-11-05 02:00:00
2021-11-06,3,2021,7.9,20.6,NE,1.9,452.0,6.7,Low,25.1,64.0,2021-11-06 02:00:00
2021-11-07,3,2021,11.6,21.1,W,1.2,-39.0,6.8,Low,25.3,66.0,2021-11-07 02:00:00
2021-11-08,3,2021,9.9,23.2,SE,0.0,-100.0,6.8,Low,25.5,65.0,2021-11-08 02:00:00
2021-11-09,3,2021,11.2,17.3,N,0.0,0.0,6.8,Low,24.2,63.0,2021-11-09 02:00:00
2021-11-10,3,2021,9.1,15.9,SE,0.2,0.0,6.8,Low,24.9,63.0,2021-11-10 02:00:00
2021-11-11,3,2021,15.0,29.9,NW,0.5,155.0,6.9,Low,26.4,59.0,2021-11-11 02:00:00
2021-11-12,3,2021,11.5,27.0,W,4.3,741.0,6.8,Low,24.7,55.0,2021-11-12 02:00:00
2021-11-13,3,2021,12.7,24.3,N,2.2,-48.0,7.1,Low,24.0,61.0,2021-11-13 02:00:00
2021-11-14,3,2021,12.7,17.8,NE,1.9,-15.0,6.8,Low,24.7,66.0,2021-11-14 02:00:00
2021-11-15,3,2021,9.8,21.8,S,0.0,-100.0,6.9,Low,25.3,62.0,2021-11-15 02:00:00
2021-11-16,3,2021,12.3,23.7,N,1.6,0.0,7.0,Low,24.7,56.0,2021-11-16 02:00:00
2021-11-17,3,2021,10.7,27.8,NW,2.2,38.0,6.8,Low,25.4,66.0,2021-11-17 02:00:00
2021-11-18,3,2021,8.8,26.1,N,2.5,14.0,6.8,Low,25.6,61.0,2021-11-18 02:00:00
2021-11-19,3,2021,10.7,23.2,SW,0.1,-95.0,7.0,Low,24.9,63.0,2021-11-19 02:00:00
2021-11-20,3,2021,12.6,17.7,NE,0.1,22.0,7.1,Low,24.3,61.0,2021-11-20 02:00:00
2021-11-21,3,2021,9.9,19.8,N,1.3,778.0,6.8,Low,26.3,62.0,2021-11-21 02:00:00
2021-11-22,3,2021,11.1,24.8,NE,0.0,-100.0,6.8,Low,24.8,63.0,2021-11-22 02:00:00
2021-11-23,3,2021,8.9,20.6,N,1.6,0.0,6.9,Low,26.4,66.0,2021-11-23 02:00:00
2021-11-24,3,2021,11.5,29.1,W,0.7,-59.0,6.8,Low,25.8,57.0,2021-11-24 02:00:00
2021-11-25,3,2021,10.8,21.9,SW,1.2,87.0,6.9,Low,24.5,60.0,2021-11-25 02:00:00
2021-11-26,3,2021,10.4,20.4,E,1.3,3.0,6.7,Low,25.4,61.0,2021-11-26 02:00:00
2021-11-27,3,2021,11.3,19.4,N,1.2,-2.0,7.0,Low,25.9,63.0,2021-11-27 02:00:00
2021-11-28,3,2021,10.9,17.9,E,0.0,-100.0,6.9,Low,25.1,61.0,2021-11-28 02:00:00
2021-11-29,3,2021,10.0,26.9,SE,0.0,0.0,6.9,Low,24.9,65.0,2021-11-29 02:00:00
2021-11-30,3,2021,10.4,17.4,W,0.0,0.0,6.8,Low,24.8,57.0,2021-11-30 02:00:00
2021-12-01,3,2021,10.0,16.8,N,0.3,0.0,6.9,Low,26.4,62.0,2021-12-01 02:00:00
2021-12-02,3,2021,10.0,20.4,NW,0.2,-48.0,6.9,Low,26.4,59.0,2021-12-02 02:00:00
2021-12-03,3,2021,10.4,21.8,E,0.1,-72.0,7.0,Low,24.1,60.0,2021-12-03 02:00:00
2021-12-04,3,2021,9.4,25.9,N,0.3,534.0,6.9,Low,26.2,62.0,2021-12-04 02:00:00
2021-12-05,3,2021,8.9,20.7,E,0.3,-5.0,6.8,Low,25.9,64.0,2021-12-05 02:00:00
2021-12-06,3,2021,9.0,22.1,W,7.3,2328.0,6.9,Low,24.1,57.0,2021-12-06 02:00:00
2021-12-07,3,2021,11.9,21.8,SE,6.9,-6.0,6.8,Low,24.8,63.0,2021-12-07 02:00:00
2021-12-08,3,2021,11.2,25.4,E,6.0,-13.0,6.9,Low,25.3,59.0,2021-12-08 02:00:00
2021-12-09,3,2021,13.9,28.8,NE,1.0,-84.0,6.9,Low,25.9,61.0,2021-12-09 02:00:00
2021-12-10,3,2021,10.3,26.5,NW,0.0,-100.0,6.8,Low,26.6,63.0,2021-12-10 02:00:00
2021-12-11,3,2021,9.6,21.7,W,2.6,0.0,6.8,Low,24.6,57.0,2021-12-11 02:00:00
2021-12-12,3,2021,10.0,15.5,S,0.0,-100.0,6.8,Low,25.7,58.0,2021-12-12 02:00:00
2021-12-13,3,2021,10.7,20.5,W,1.4,0.0,6.9,Low,24.4,55.0,2021-12-13 02:00:00
2021-12-14,3,2021,12.4,23.2,N,0.4,-71.0,6.9,Low,26.3,59.0,2021-12-14 02:00:00
2021-12-15,3,2021,11.4,28.3,E,1.4,255.0,6.9,Low,25.2,58.0,2021-12-15 02:00:00
2021-12-16,3,2021,11.5,24.1,SW,20.6,1331.0,6.8,Low,25.6,57.0,2021-12-16 02:00:00
2021-12-17,3,2021,11.4,19.7,S,0.0,-100.0,6.8,Low,25.7,68.0,2021-12-17 02:00:00
2021-12-18,3,2021,10.0,19.7,N,0.3,0.0,6.6,Low,24.6,58.0,2021-12-18 02:00:00
2021-12-19,3,2021,11.7,22.7,N,0.0,-100.0,6.9,Low,25.5,57.0,2021-12-19 02:00:00
2021-12-20,3,2021,13.1,26.2,SW,0.0,0.0,6.8,Low,26.1,65.0,2021-12-20 02:00:00
2021-12-21,3,2021,11.1,22.4,NE,2.6,0.0,7.0,Low,25.5,57.0,2021-12-21 02:00:00
2021-12-22,3,2021,11.1,19.9,W,0.3,-88.0,6.6,Low,26.6,55.0,2021-12-22 02:00:00
2021-12-23,3,2021,10.9,20.1,NW,0.0,-100.0,6.8,Low,26.3,60.0,2021-12-23 02:00:00
2021-12-24,3,2021,9.1,14.8,SW,0.0,0.0,6.9,Low,27.7,57.0,2021-12-24 02:00:00
2021-12-25,3,2021,12.1,19.3,E,0.0,0.0,6.7,Low,26.2,61.0,2021-12-25 02:00:00
2021-12-26,3,2021,13.3,25.6,E,0.5,0.0,6.9,Low,24.8,65.0,2021-12-26 02:00:00
2021-12-27,3,2021,10.5,20.3,N,3.2,504.0,6.8,Low,25.7,58.0,2021-12-27 02:00:00
2021-12-28,3,2021,11.4,25.4,E,2.0,-37.0,6.9,Low,26.3,59.0,2021-12-28 02:00:00
2021-12-29,3,2021,9.5,24.3,S,0.0,-100.0,6.9,Low,26.1,60.0,2021-12-29 02:00:00
2021-12-30,3,2021,11.6,16.8,N,4.8,0.0,6.9,Low,26.1,61.0,2021-12-30 02:00:00
2021-12-31,3,2021,9.5,23.1,NW,1.2,-75.0,7.0,Low,25.0,63.0,2021-12-31 02:00:00
2022-01-01,3,2022,10.6,16.1,NW,0.3,0.0,7.2,Med-High,22.1,72.0,2022-01-01 02:00:00
2022-01-02,3,2022,11.9,28.8,N,0.4,77.0,7.2,Med-High,22.2,73.0,2022-01-02 02:00:00
2022-01-03,3,2022,10.2,23.3,E,1.6,261.0,7.1,Med-High,22.1,77.0,2022-01-03 02:00:00
2022-01-04,3,2022,11.1,20.9,S,7.4,358.0,7.5,Med-High,23.0,73.0,2022-01-04 02:00:00
2022-01-05,3,2022,12.3,19.2,E,0.0,-100.0,7.3,Med-High,21.4,74.0,2022-01-05 02:00:00
2022-01-06,3,2022,10.0,20.8,N,2.4,0.0,7.2,Med-High,21.1,72.0,2022-01-06 02:00:00
2022-01-07,3,2022,9.2,17.7,S,1.0,-60.0,7.1,Med-High,21.7,72.0,2022-01-07 02:00:00
2022-01-08,3,2022,12.1,23.4,N,0.3,-68.0,7.2,Med-High,21.6,70.0,2022-01-08 02:00:00
2022-01-09,3,2022,11.6,28.4,E,2.3,632.0,7.2,Med-High,22.8,74.0,2022-01-09 02:00:00
2022-01-10,3,2022,12.2,28.3,E,2.3,2.0,7.2,Med-High,22.6,71.0,2022-01-10 02:00:00
2022-01-11,3,2022,9.6,22.1,SW,3.6,57.0,7.3,Med-High,22.6,72.0,2022-01-11 02:00:00
2022-01-12,3,2022,10.9,25.4,SW,0.7,-80.0,7.2,Med-High,22.1,62.0,2022-01-12 02:00:00
2022-01-13,3,2022,10.0,18.0,NE,2.5,245.0,7.2,Med-High,21.7,69.0,2022-01-13 02:00:00
2022-01-14,3,2022,12.4,26.1,NE,1.7,-31.0,7.2,Med-High,22.0,74.0,2022-01-14 02:00:00
2022-01-15,3,2022,8.6,21.3,E,2.3,36.0,7.1,Med-High,22.9,63.0,2022-01-15 02:00:00
2022-01-16,3,2022,12.7,28.1,NW,2.9,24.0,7.1,Med-High,22.6,70.0,2022-01-16 02:00:00
2022-01-17,3,2022,9.9,17.1,S,3.8,35.0,7.2,Med-High,21.9,71.0,2022-01-17 02:00:00
2022-01-18,3,2022,9.7,18.9,NW,1.3,-65.0,7.3,Med-High,21.8,71.0,2022-01-18 02:00:00
2022-01-19,3,2022,11.9,16.9,NW,2.4,79.0,7.3,Med-High,23.0,77.0,2022-01-19 02:00:00
2022-01-20,3,2022,10.5,20.2,SE,1.4,-43.0,7.1,Med-High,22.4,70.0,2022-01-20 02:00:00
2022-01-21,3,2022,10.3,20.3,W,2.4,77.0,7.2,Med-High,21.2,68.0,2022-01-21 02:00:00
2022-01-22,3,2022,10.7,20.1,SE,0.4,-85.0,7.2,Med-High,22.1,69.0,2022-01-22 02:00:00
2022-01-23,3,2022,9.7,26.1,NE,1.8,422.0,7.2,Med-High,22.4,71.0,2022-01-23 02:00:00
2022-01-24,3,2022,10.7,22.5,SE,3.2,75.0,7.2,Med-High,23.0,69.0,2022-01-24 02:00:00
2022-01-25,3,2022,10.2,17.8,S,1.9,-42.0,7.3,Med-High,23.1,72.0,2022-01-25 02:00:00
2022-01-26,3,2022,11.0,21.3,N,1.5,-21.0,7.2,Med-High,22.7,74.0,2022-01-26 02:00:00
2022-01-27,3,2022,8.2,14.5,SW,0.0,-100.0,7.3,Med-High,21.3,70.0,2022-01-27 02:00:00
2022-01-28,3,2022,9.3,26.8,NW,0.0,0.0,7.1,Med-High,22.6,72.0,2022-01-28 02:00:00
2022-01-29,3,2022,7.4,24.0,SE,1.3,3093.0,7.2,Med-High,21.8,74.0,2022-01-29 02:00:00
2022-01-30,3,2022,10.8,19.0,SW,2.0,55.0,7.0,Med-High,22.8,71.0,2022-01-30 02:00:00
2022-01-31,3,2022,10.4,25.5,NE,1.6,-20.0,7.2,Med-High,22.7,69.0,2022-01-31 02:00:00
2022-02-01,3,2022,9.6,21.2,NW,0.3,-83.0,7.1,Med-High,21.3,75.0,2022-02-01 02:00:00
2022-02-02,3,2022,11.8,28.5,SE,0.1,-80.0,7.2,Med-High,22.1,72.0,2022-02-02 02:00:00
2022-02-03,3,2022,9.7,15.7,SE,0.0,-100.0,7.3,Medium,21.6,68.0,2022-02-03 02:00:00
2022-02-04,3,2022,10.4,27.5,N,0.3,0.0,7.2,Medium,21.5,68.0,2022-02-04 02:00:00
2022-02-05,3,2022,10.6,18.9,NE,0.8,191.0,7.1,Medium,22.5,70.0,2022-02-05 02:00:00
2022-02-06,3,2022,12.8,23.9,SE,2.6,247.0,7.1,Medium,21.5,70.0,2022-02-06 02:00:00
2022-02-07,3,2022,13.5,23.0,SE,0.1,-96.0,7.3,Medium,22.7,69.0,2022-02-07 02:00:00
2022-02-08,3,2022,10.5,25.1,SW,0.5,323.0,7.3,Medium,21.3,61.0,2022-02-08 02:00:00
2022-02-09,3,2022,10.3,16.3,S,2.9,534.0,7.0,Medium,23.8,68.0,2022-02-09 02:00:00
2022-02-10,3,2022,11.1,21.5,W,0.8,-72.0,7.1,Medium,24.3,74.0,2022-02-10 02:00:00
2022-02-11,3,2022,11.8,19.0,SE,1.8,120.0,7.2,Medium,23.1,76.0,2022-02-11 02:00:00
2022-02-12,3,2022,7.1,14.4,N,1.4,-20.0,7.0,Medium,22.9,69.0,2022-02-12 02:00:00
2022-02-13,3,2022,12.4,25.5,S,0.4,-75.0,7.1,Medium,22.1,69.0,2022-02-13 02:00:00
2022-02-14,3,2022,11.2,21.9,S,1.0,171.0,7.3,Medium,21.8,70.0,2022-02-14 02:00:00
2022-02-15,3,2022,10.4,26.0,SW,0.1,-85.0,7.2,Medium,23.1,74.0,2022-02-15 02:00:00
2022-02-16,3,2022,9.0,17.5,SE,3.3,2222.0,7.1,Medium,23.3,72.0,2022-02-16 02:00:00
2022-02-17,3,2022,15.1,28.5,N,1.4,-58.0,7.2,Medium,23.0,71.0,2022-02-17 02:00:00
2022-02-18,3,2022,10.9,18.0,NE,0.1,-95.0,7.1,Medium,22.7,68.0,2022-02-18 02:00:00
2022-02-19,3,2022,9.2,17.9,SE,0.3,270.0,7.2,Medium,21.9,74.0,2022-02-19 02:00:00
2022-02-20,3,2022,8.2,23.7,E,2.2,734.0,7.1,Medium,22.1,71.0,2022-02-20 02:00:00
2022-02-21,3,2022,10.9,23.8,NW,2.7,23.0,7.0,Medium,22.2,70.0,2022-02-21 02:00:00
2022-02-22,3,2022,11.6,28.8,S,0.6,-79.0,7.1,Medium,22.5,69.0,2022-02-22 02:00:00
2022-02-23,3,2022,10.7,22.0,E,0.6,6.0,7.0,Medium,22.3,69.0,2022-02-23 02:00:00
2022-02-24,3,2022,9.3,15.1,N,4.2,580.0,7.0,Medium,22.4,69.0,2022-02-24 02:00:00
2022-02-25,3,2022,10.6,24.4,N,2.5,-41.0,7.1,Medium,22.7,65.0,2022-02-25 02:00:00
2022-02-26,3,2022,9.8,26.4,N,6.2,148.0,7.0,Medium,21.8,72.0,2022-02-26 02:00:00
2022-02-27,3,2022,12.4,24.0,S,0.5,-92.0,7.2,Medium,23.7,69.0,2022-02-27 02:00:00
2022-02-28,3,2022,9.4,22.3,S,0.0,-100.0,7.3,Medium,21.3,74.0,2022-02-28 02:00:00
2022-03-01,3,2022,12.4,18.1,W,0.3,0.0,7.3,Low,22.3,73.0,2022-03-01 02:00:00
2022-03-02,3,2022,10.7,18.5,NW,4.0,1484.0,7.1,Medium,23.3,76.0,2022-03-02 02:00:00
2022-03-03,3,2022,10.3,16.7,E,0.7,-82.0,7.1,Low,23.8,67.0,2022-03-03 02:00:00
2022-03-04,3,2022,11.5,27.2,W,0.0,-100.0,7.2,Low,22.3,68.0,2022-03-04 02:00:00
2022-03-05,3,2022,9.8,21.2,W,0.3,0.0,7.1,Low,21.5,67.0,2022-03-05 02:00:00
2022-03-06,3,2022,11.8,28.2,NW,0.6,104.0,7.0,Low,23.3,67.0,2022-03-06 02:00:00
2022-03-07,3,2022,11.2,19.5,E,1.5,137.0,7.0,Low,22.4,70.0,2022-03-07 02:00:00
2022-03-08,3,2022,11.0,19.9,E,1.2,-18.0,7.2,Low,23.1,66.0,2022-03-08 02:00:00
2022-03-09,3,2022,9.0,18.2,W,2.2,85.0,7.2,Low,23.1,65.0,2022-03-09 02:00:00
2022-03-10,3,2022,10.9,23.5,N,2.4,6.0,7.3,Low,21.8,71.0,2022-03-10 02:00:00
2022-03-11,3,2022,11.0,26.6,W,3.3,41.0,7.1,Low,22.1,70.0,2022-03-11 02:00:00
2022-03-12,3,2022,9.3,22.6,W,4.2,27.0,7.1,Low,22.7,68.0,2022-03-12 02:00:00
2022-03-13,3,2022,8.9,16.9,W,0.0,-99.0,7.3,Low,23.4,75.0,2022-03-13 02:00:00
2022-03-14,3,2022,12.3,18.1,W,1.2,2686.0,7.1,Low,21.8,74.0,2022-03-14 02:00:00
2022-03-15,3,2022,11.4,17.3,SE,4.6,289.0,7.1,Low,22.5,65.0,2022-03-15 02:00:00
2022-03-16,3,2022,11.8,26.1,SE,1.6,-66.0,6.9,Low,23.3,73.0,2022-03-16 02:00:00
2022-03-17,3,2022,8.8,17.9,SE,0.4,-77.0,7.1,Low,22.7,71.0,2022-03-17 02:00:00
2022-03-18,3,2022,13.0,21.8,S,1.6,329.0,7.1,Low,22.3,72.0,2022-03-18 02:00:00
2022-03-19,3,2022,11.6,28.0,N,3.2,105.0,7.2,Low,23.5,72.0,2022-03-19 02:00:00
2022-03-20,3,2022,9.8,22.8,N,0.9,-72.0,7.1,Low,22.3,72.0,2022-03-20 02:00:00
2022-03-21,3,2022,11.3,20.4,S,0.0,-100.0,7.1,Low,23.1,72.0,2022-03-21 02:00:00
2022-03-22,3,2022,10.1,23.0,E,0.8,0.0,7.3,Low,22.2,71.0,2022-03-22 02:00:00
2022-03-23,3,2022,12.1,27.5,SE,6.0,653.0,7.0,Low,23.0,70.0,2022-03-23 02:00:00
2022-03-24,3,2022,12.5,21.3,NW,0.6,-90.0,7.0,Low,22.3,66.0,2022-03-24 02:00:00
2022-03-25,3,2022,11.6,20.6,NE,2.1,263.0,7.3,Low,22.1,63.0,2022-03-25 02:00:00
2022-03-26,3,2022,10.1,26.6,NW,0.2,-88.0,7.2,Low,23.4,69.0,2022-03-26 02:00:00
2022-03-27,3,2022,8.9,19.8,NE,2.4,888.0,6.9,Low,22.9,67.0,2022-03-27 02:00:00
2022-03-28,3,2022,11.5,20.5,SW,0.8,-66.0,7.2,Low,22.4,73.0,2022-03-28 02:00:00
2022-03-29,3,2022,8.7,21.8,NW,0.7,-13.0,7.1,Low,22.6,66.0,2022-03-29 02:00:00
2022-03-30,3,2022,11.6,25.2,W,0.6,-12.0,7.0,Low,23.3,70.0,2022-03-30 02:00:00
2022-03-31,3,2022,11.4,19.9,E,0.6,-10.0,7.0,Low,23.0,69.0,2022-03-31 02:00:00
2022-04-01,3,2022,9.0,23.2,NW,0.5,-4.0,6.9,Low,23.3,75.0,2022-04-01 02:00:00
2022-04-02,3,2022,13.6,26.1,NE,2.2,305.0,7.3,Low,23.1,72.0,2022-04-02 02:00:00
2022-04-03,3,2022,11.3,20.6,S,4.6,108.0,7.2,Low,22.2,72.0,2022-04-03 02:00:00
2022-04-04,3,2022,7.8,18.8,N,0.2,-96.0,7.1,Low,22.3,68.0,2022-04-04 02:00:00
2022-04-05,3,2022,13.0,28.5,NE,2.1,972.0,7.1,Low,22.8,72.0,2022-04-05 02:00:00
2022-04-06,3,2022,13.5,27.7,NE,0.2,-91.0,7.1,Low,24.0,68.0,2022-04-06 02:00:00
2022-04-07,3,2022,9.4,24.8,E,0.0,-100.0,7.1,Low,22.8,69.0,2022-04-07 02:00:00
2022-04-08,3,2022,8.0,14.1,NE,0.7,0.0,6.9,Low,23.1,62.0,2022-04-08 02:00:00
2022-04-09,3,2022,12.1,23.9,SW,0.5,-23.0,7.1,Low,23.0,70.0,2022-04-09 02:00:00
2022-04-10,3,2022,12.0,27.9,NE,0.1,-77.0,7.1,Low,22.2,70.0,2022-04-10 02:00:00
2022-04-11,3,2022,9.6,25.4,W,0.0,-100.0,7.0,Low,22.1,64.0,2022-04-11 02:00:00
2022-04-12,3,2022,12.7,23.8,NW,2.6,0.0,7.2,Low,22.4,65.0,2022-04-12 02:00:00
2022-04-13,3,2022,10.8,17.1,NW,0.0,-100.0,7.3,Low,22.1,67.0,2022-04-13 02:00:00
2022-04-14,3,2022,9.1,15.5,NW,4.0,0.0,7.1,Low,22.2,66.0,2022-04-14 02:00:00
2022-04-15,3,2022,12.3,23.6,S,7.0,77.0,6.9,Low,22.4,69.0,2022-04-15 02:00:00
2022-04-16,3,2022,13.9,26.2,S,5.1,-27.0,7.0,Medium,22.7,66.0,2022-04-16 02:00:00
2022-04-17,3,2022,12.6,23.9,W,1.6,-68.0,7.1,Medium,23.2,67.0,2022-04-17 02:00:00
2022-04-18,3,2022,13.6,20.2,E,1.4,-11.0,7.2,Medium,22.0,65.0,2022-04-18 02:00:00
2022-04-19,3,2022,10.2,23.9,E,1.4,-1.0,7.2,Low,23.3,62.0,2022-04-19 02:00:00
2022-04-20,3,2022,10.5,24.1,NW,0.0,-100.0,7.1,Low,23.0,69.0,2022-04-20 02:00:00
2022-04-21,3,2022,11.4,28.3,E,0.6,0.0,6.9,Low,23.7,64.0,2022-04-21 02:00:00
2022-04-22,3,2022,10.5,16.7,S,1.3,117.0,7.1,Low,23.6,74.0,2022-04-22 02:00:00
2022-04-23,3,2022,10.8,28.5,SE,0.9,-34.0,7.1,Low,22.3,72.0,2022-04-23 02:00:00
2022-04-24,3,2022,10.5,24.5,N,0.1,-91.0,7.1,Low,23.1,70.0,2022-04-24 02:00:00
2022-04-25,3,2022,10.9,28.8,E,0.4,423.0,6.9,Low,23.6,68.0,2022-04-25 02:00:00
2022-04-26,3,2022,8.2,15.2,E,0.6,52.0,7.2,Low,22.2,68.0,2022-04-26 02:00:00
2022-04-27,3,2022,9.6,24.6,E,0.7,2.0,6.9,Low,24.2,70.0,2022-04-27 02:00:00
2022-04-28,3,2022,11.0,28.0,E,0.5,-21.0,7.1,Low,22.3,66.0,2022-04-28 02:00:00
2022-04-29,3,2022,11.4,24.2,N,0.4,-21.0,7.1,Low,23.5,61.0,2022-04-29 02:00:00
2022-04-30,3,2022,11.4,18.9,E,0.1,-86.0,7.0,Low,22.8,69.0,2022-04-30 02:00:00
2022-05-01,3,2022,9.1,15.1,E,1.0,1621.0,7.1,Low,22.3,67.0,2022-05-01 02:00:00
2022-05-02,3,2022,11.3,24.8,SE,0.7,-27.0,7.2,Low,23.1,66.0,2022-05-02 02:00:00
2022-05-03,3,2022,10.2,22.8,NW,0.9,21.0,7.2,Low,22.7,67.0,2022-05-03 02:00:00
2022-05-04,3,2022,12.2,20.3,NE,0.8,-11.0,7.1,Low,22.8,66.0,2022-05-04 02:00:00
2022-05-05,3,2022,12.0,17.3,S,0.6,-17.0,7.0,Low,23.0,62.0,2022-05-05 02:00:00
2022-05-06,3,2022,11.3,17.4,SW,1.4,122.0,7.1,Low,22.9,72.0,2022-05-06 02:00:00
2022-05-07,3,2022,12.0,25.6,NW,0.4,-74.0,7.2,Low,23.4,65.0,2022-05-07 02:00:00
2022-05-08,3,2022,11.8,19.4,NW,0.7,83.0,7.1,Low,22.8,67.0,2022-05-08 02:00:00
2022-05-09,3,2022,11.7,20.7,SW,0.8,16.0,7.2,Low,22.5,68.0,2022-05-09 02:00:00
2022-05-10,3,2022,9.2,20.9,NW,1.8,126.0,7.1,Low,24.1,67.0,2022-05-10 02:00:00
2022-05-11,3,2022,12.9,28.4,N,0.0,-100.0,7.2,Low,23.5,67.0,2022-05-11 02:00:00
2022-05-12,3,2022,11.3,27.5,E,2.9,0.0,7.0,Low,24.7,65.0,2022-05-12 02:00:00
2022-05-13,3,2022,9.5,23.2,SE,1.2,-57.0,7.0,Low,22.9,64.0,2022-05-13 02:00:00
2022-05-14,3,2022,11.5,19.4,E,0.9,-24.0,7.1,Low,22.8,65.0,2022-05-14 02:00:00
2022-05-15,3,2022,10.1,26.6,W,0.9,-9.0,7.0,Low,23.0,65.0,2022-05-15 02:00:00
2022-05-16,3,2022,11.0,20.0,W,12.2,1324.0,7.0,Low,24.9,69.0,2022-05-16 02:00:00
2022-05-17,3,2022,11.8,23.8,SE,1.3,-89.0,7.1,Low,23.3,71.0,2022-05-17 02:00:00
2022-05-18,3,2022,10.9,26.4,W,1.2,-13.0,7.1,Low,22.0,69.0,2022-05-18 02:00:00
2022-05-19,3,2022,12.0,19.6,NE,2.9,149.0,7.0,Low,24.0,72.0,2022-05-19 02:00:00
2022-05-20,3,2022,9.5,27.1,W,4.3,48.0,7.2,Low,23.2,70.0,2022-05-20 02:00:00
2022-05-21,3,2022,11.5,21.6,SE,1.6,-62.0,7.2,Low,22.5,71.0,2022-05-21 02:00:00
2022-05-22,3,2022,11.0,19.8,SW,1.3,-17.0,6.9,Low,23.3,69.0,2022-05-22 02:00:00
2022-05-23,3,2022,9.1,19.5,SE,1.7,25.0,6.9,Low,23.0,70.0,2022-05-23 02:00:00
2022-05-24,3,2022,10.6,16.0,SE,5.4,226.0,7.0,Medium,23.7,65.0,2022-05-24 02:00:00
2022-05-25,3,2022,12.7,27.1,SE,0.4,-94.0,7.0,Low,24.4,68.0,2022-05-25 02:00:00
2022-05-26,3,2022,11.0,18.9,E,4.6,1204.0,7.1,Low,23.9,74.0,2022-05-26 02:00:00
2022-05-27,3,2022,12.8,28.2,SW,5.7,25.0,7.1,Medium,24.0,66.0,2022-05-27 02:00:00
2022-05-28,3,2022,9.7,17.3,NW,0.0,-100.0,7.1,Low,24.5,63.0,2022-05-28 02:00:00
2022-05-29,3,2022,11.9,27.7,NE,2.2,0.0,7.1,Medium,23.3,68.0,2022-05-29 02:00:00
2022-05-30,3,2022,9.2,25.0,S,0.0,-100.0,7.0,Medium,24.0,64.0,2022-05-30 02:00:00
2022-05-31,3,2022,8.2,22.4,SW,1.2,0.0,7.1,Medium,23.0,68.0,2022-05-31 02:00:00
2022-06-01,3,2022,11.0,19.8,SW,5.3,338.0,7.1,Medium,23.6,65.0,2022-06-01 02:00:00
2022-06-02,3,2022,11.7,22.0,W,0.0,-100.0,7.1,Medium,22.8,70.0,2022-06-02 02:00:00
2022-06-03,3,2022,10.6,27.1,NE,4.2,0.0,6.9,Medium,23.1,70.0,2022-06-03 02:00:00
2022-06-04,3,2022,13.1,19.4,E,7.2,71.0,7.1,Medium,23.1,68.0,2022-06-04 02:00:00
2022-06-05,3,2022,8.9,20.4,SW,2.1,-70.0,7.2,Med-High,22.4,66.0,2022-06-05 02:00:00
2022-06-06,3,2022,8.9,26.1,S,0.0,-98.0,7.0,Medium,23.0,68.0,2022-06-06 02:00:00
2022-06-07,3,2022,9.2,18.8,W,0.1,186.0,7.0,Medium,23.6,69.0,2022-06-07 02:00:00
2022-06-08,3,2022,8.4,24.4,SW,2.6,1920.0,6.8,Med-High,23.7,63.0,2022-06-08 02:00:00
2022-06-09,3,2022,11.7,17.5,NW,0.7,-74.0,6.9,Med-High,23.1,70.0,2022-06-09 02:00:00
2022-06-10,3,2022,11.8,25.1,SE,0.8,13.0,7.2,Medium,24.6,66.0,2022-06-10 02:00:00
2022-06-11,3,2022,10.4,18.6,NE,0.0,-100.0,7.0,Medium,24.3,64.0,2022-06-11 02:00:00
2022-06-12,3,2022,12.0,29.7,NW,1.9,0.0,7.1,Medium,23.6,67.0,2022-06-12 02:00:00
2022-06-13,3,2022,10.6,21.8,SW,0.0,-100.0,7.1,Medium,24.3,67.0,2022-06-13 02:00:00
2022-06-14,3,2022,10.2,22.5,NW,0.7,0.0,7.0,Medium,24.2,71.0,2022-06-14 02:00:00
2022-06-15,3,2022,9.9,18.5,NE,4.3,503.0,7.1,Medium,23.3,66.0,2022-06-15 02:00:00
2022-06-16,3,2022,12.3,17.8,SW,1.0,-76.0,6.8,Medium,24.1,68.0,2022-06-16 02:00:00
2022-06-17,3,2022,8.4,21.6,E,0.0,-100.0,6.9,Low,23.1,70.0,2022-06-17 02:00:00
2022-06-18,3,2022,10.7,27.7,E,0.8,0.0,7.1,Low,24.2,71.0,2022-06-18 02:00:00
2022-06-19,3,2022,9.5,21.2,NE,0.0,-100.0,7.0,Low,24.4,62.0,2022-06-19 02:00:00
2022-06-20,3,2022,8.8,24.0,N,0.5,0.0,7.1,Low,24.3,66.0,2022-06-20 02:00:00
2022-06-21,3,2022,9.4,20.1,SW,0.7,52.0,7.0,Low,24.5,71.0,2022-06-21 02:00:00
2022-06-22,3,2022,11.7,19.5,S,0.0,-100.0,7.0,Low,24.6,66.0,2022-06-22 02:00:00
2022-06-23,3,2022,10.1,15.2,SW,0.1,0.0,7.1,Low,24.1,66.0,2022-06-23 02:00:00
2022-06-24,3,2022,12.5,24.8,N,0.5,589.0,7.1,Low,23.8,64.0,2022-06-24 02:00:00
2022-06-25,3,2022,10.9,16.8,NW,1.8,300.0,7.1,Low,23.9,66.0,2022-06-25 02:00:00
2022-06-26,3,2022,10.0,17.1,NE,2.4,28.0,6.9,Low,24.1,68.0,2022-06-26 02:00:00
2022-06-27,3,2022,11.5,19.8,S,1.7,-27.0,6.9,Low,22.8,67.0,2022-06-27 02:00:00
2022-06-28,3,2022,12.7,24.2,SE,0.3,-81.0,7.1,Low,24.6,68.0,2022-06-28 02:00:00
2022-06-29,3,2022,9.9,15.3,NE,2.3,610.0,6.9,Low,23.3,70.0,2022-06-29 02:00:00
2022-06-30,3,2022,10.1,18.5,NE,2.0,-13.0,6.9,Low,24.3,64.0,2022-06-30 02:00:00
2022-07-01,3,2022,11.3,17.5,SE,0.1,-95.0,6.9,Low,22.9,72.0,2022-07-01 02:00:00
2022-07-02,3,2022,12.6,26.2,E,0.0,-100.0,6.9,Low,24.5,71.0,2022-07-02 02:00:00
2022-07-03,3,2022,8.7,22.6,S,0.1,0.0,7.1,Low,23.4,72.0,2022-07-03 02:00:00
2022-07-04,3,2022,11.1,17.4,W,1.5,1464.0,6.9,Low,24.4,64.0,2022-07-04 02:00:00
2022-07-05,3,2022,9.7,25.0,NE,0.6,-60.0,6.9,Low,25.1,64.0,2022-07-05 02:00:00
2022-07-06,3,2022,13.1,21.1,SW,1.0,67.0,7.0,Low,24.0,60.0,2022-07-06 02:00:00
2022-07-07,3,2022,10.8,26.0,NW,0.7,-34.0,7.2,Low,23.7,65.0,2022-07-07 02:00:00
2022-07-08,3,2022,11.6,21.0,N,0.3,-54.0,7.2,Low,23.3,65.0,2022-07-08 02:00:00
2022-07-09,3,2022,10.1,23.9,W,9.2,2889.0,7.0,Low,23.5,67.0,2022-07-09 02:00:00
2022-07-10,3,2022,10.7,23.8,NE,0.2,-98.0,7.2,Low,24.4,62.0,2022-07-10 02:00:00
2022-07-11,3,2022,10.9,22.0,E,2.9,1655.0,6.9,Low,23.3,69.0,2022-07-11 02:00:00
2022-07-12,3,2022,13.3,27.4,S,0.0,-100.0,7.0,Low,25.2,72.0,2022-07-12 02:00:00
2022-07-13,3,2022,11.4,19.6,N,0.0,0.0,6.8,Low,23.9,68.0,2022-07-13 02:00:00
2022-07-14,3,2022,8.6,15.1,NE,0.0,0.0,7.0,Low,23.4,66.0,2022-07-14 02:00:00
2022-07-15,3,2022,11.5,17.7,SE,0.0,0.0,7.1,Low,25.3,68.0,2022-07-15 02:00:00
2022-07-16,3,2022,10.6,17.7,N,3.3,0.0,7.1,Low,24.6,64.0,2022-07-16 02:00:00
2022-07-17,3,2022,11.8,24.6,SW,2.8,-14.0,7.3,Low,23.8,67.0,2022-07-17 02:00:00
2022-07-18,3,2022,13.2,22.3,NW,4.2,51.0,7.1,Low,24.1,67.0,2022-07-18 02:00:00
2022-07-19,3,2022,11.7,29.4,NW,0.1,-97.0,7.0,Low,23.1,65.0,2022-07-19 02:00:00
2022-07-20,3,2022,12.8,21.4,NW,0.0,-100.0,7.2,Low,23.5,64.0,2022-07-20 02:00:00
2022-07-21,3,2022,10.7,22.0,SE,4.7,0.0,6.9,Low,24.0,69.0,2022-07-21 02:00:00
2022-07-22,3,2022,13.6,27.8,E,0.0,-100.0,7.0,Low,23.2,65.0,2022-07-22 02:00:00
2022-07-23,3,2022,9.4,14.5,SW,0.7,0.0,7.0,Low,24.2,68.0,2022-07-23 02:00:00
2022-07-24,3,2022,10.6,17.1,S,1.7,139.0,6.9,Low,24.8,67.0,2022-07-24 02:00:00
2022-07-25,3,2022,13.0,25.7,NE,0.0,-100.0,6.8,Low,23.3,69.0,2022-07-25 02:00:00
2022-07-26,3,2022,11.1,23.3,E,0.9,0.0,6.9,Low,24.7,65.0,2022-07-26 02:00:00
2022-07-27,3,2022,11.0,16.0,NE,0.5,-44.0,6.9,Low,23.7,63.0,2022-07-27 02:00:00
2022-07-28,3,2022,10.2,24.6,NW,0.0,-100.0,6.9,Low,25.1,62.0,2022-07-28 02:00:00
2022-07-29,3,2022,11.3,17.8,SE,8.1,0.0,6.9,Low,22.7,67.0,2022-07-29 02:00:00
2022-07-30,3,2022,11.8,24.3,W,1.7,-79.0,6.9,Low,23.7,69.0,2022-07-30 02:00:00
2022-07-31,3,2022,11.7,23.8,S,4.1,141.0,7.2,Low,23.5,67.0,2022-07-31 02:00:00
2022-08-01,3,2022,12.1,17.4,SE,2.0,-51.0,7.0,Low,23.6,69.0,2022-08-01 02:00:00
2022-08-02,3,2022,10.6,26.6,NE,1.4,-28.0,7.0,Low,24.0,72.0,2022-08-02 02:00:00
2022-08-03,3,2022,11.3,25.8,N,0.0,-100.0,6.9,Low,24.0,64.0,2022-08-03 02:00:00
2022-08-04,3,2022,10.8,24.5,SE,2.0,0.0,7.1,Low,23.8,63.0,2022-08-04 02:00:00
2022-08-05,3,2022,11.4,26.7,N,0.0,-100.0,7.1,Low,24.4,65.0,2022-08-05 02:00:00
2022-08-06,3,2022,11.1,25.0,W,3.6,0.0,7.0,Low,24.8,63.0,2022-08-06 02:00:00
2022-08-07,3,2022,11.7,20.9,SW,4.9,37.0,7.0,Medium,23.5,67.0,2022-08-07 02:00:00
2022-08-08,3,2022,12.1,24.0,N,3.8,-24.0,6.9,Medium,24.4,67.0,2022-08-08 02:00:00
2022-08-09,3,2022,13.3,22.7,E,1.3,-66.0,6.8,Low,24.4,59.0,2022-08-09 02:00:00
2022-08-10,3,2022,9.6,22.5,NW,0.0,-100.0,7.0,Low,24.0,70.0,2022-08-10 02:00:00
2022-08-11,3,2022,13.0,26.3,W,0.0,0.0,7.1,Low,23.7,67.0,2022-08-11 02:00:00
2022-08-12,3,2022,12.9,27.9,NE,0.3,0.0,7.0,Low,24.6,67.0,2022-08-12 02:00:00
2022-08-13,3,2022,10.2,25.5,NW,0.6,114.0,6.8,Low,24.0,68.0,2022-08-13 02:00:00
2022-08-14,3,2022,10.7,25.1,E,4.2,603.0,6.8,Low,24.9,65.0,2022-08-14 02:00:00
2022-08-15,3,2022,9.6,25.7,NE,0.0,-100.0,6.9,Low,25.3,67.0,2022-08-15 02:00:00
2022-08-16,3,2022,11.6,23.4,SW,0.1,0.0,6.9,Low,25.2,65.0,2022-08-16 02:00:00
2022-08-17,3,2022,11.3,27.0,NE,1.0,1356.0,6.9,Low,22.6,60.0,2022-08-17 02:00:00
2022-08-18,3,2022,10.0,15.9,S,0.5,-52.0,7.1,Low,24.6,60.0,2022-08-18 02:00:00
2022-08-19,3,2022,10.2,17.1,NW,0.0,-100.0,7.0,Low,24.8,62.0,2022-08-19 02:00:00
2022-08-20,3,2022,12.7,25.6,S,0.0,0.0,7.0,Low,24.7,64.0,2022-08-20 02:00:00
2022-08-21,3,2022,8.4,14.2,SW,2.0,0.0,6.9,Low,22.9,67.0,2022-08-21 02:00:00
2022-08-22,3,2022,13.0,20.8,E,0.9,-55.0,6.9,Low,24.7,59.0,2022-08-22 02:00:00
2022-08-23,3,2022,15.0,23.0,N,1.2,34.0,7.0,Low,24.8,64.0,2022-08-23 02:00:00
2022-08-24,3,2022,10.5,16.2,NW,0.0,-100.0,6.9,Low,24.2,63.0,2022-08-24 02:00:00
2022-08-25,3,2022,10.4,15.6,NE,0.8,0.0,6.9,Low,25.2,67.0,2022-08-25 02:00:00
2022-08-26,3,2022,9.6,24.7,NE,0.0,-100.0,6.9,Low,25.2,61.0,2022-08-26 02:00:00
2022-08-27,3,2022,10.4,15.6,N,0.5,0.0,7.0,Low,24.1,61.0,2022-08-27 02:00:00
2022-08-28,3,2022,14.1,27.5,E,1.0,75.0,7.1,Low,25.2,65.0,2022-08-28 02:00:00
2022-08-29,3,2022,10.8,17.0,N,0.4,-60.0,6.9,Low,25.4,63.0,2022-08-29 02:00:00
2022-08-30,3,2022,8.8,17.6,S,2.8,633.0,7.1,Low,25.1,58.0,2022-08-30 02:00:00
2022-08-31,3,2022,12.2,28.7,W,0.1,-97.0,6.9,Low,23.8,64.0,2022-08-31 02:00:00
2022-09-01,3,2022,10.0,21.4,NW,0.0,-84.0,6.9,Low,24.9,69.0,2022-09-01 02:00:00
2022-09-02,3,2022,10.9,23.1,SE,1.8,11763.0,7.0,Low,24.7,61.0,2022-09-02 02:00:00
2022-09-03,3,2022,11.3,21.3,W,0.6,-66.0,7.1,Low,25.0,64.0,2022-09-03 02:00:00
2022-09-04,3,2022,9.5,18.8,S,1.7,174.0,6.9,Low,23.8,60.0,2022-09-04 02:00:00
2022-09-05,3,2022,12.4,26.5,SE,0.0,-100.0,6.9,Low,24.5,67.0,2022-09-05 02:00:00
2022-09-06,3,2022,11.2,24.3,E,2.4,0.0,7.0,Low,25.0,66.0,2022-09-06 02:00:00
2022-09-07,3,2022,11.2,18.9,W,0.0,-100.0,6.9,Low,24.9,69.0,2022-09-07 02:00:00
2022-09-08,3,2022,12.2,29.1,N,0.0,0.0,6.9,Low,23.4,65.0,2022-09-08 02:00:00
2022-09-09,3,2022,10.9,22.9,NW,3.1,0.0,6.9,Low,23.3,66.0,2022-09-09 02:00:00
2022-09-10,3,2022,11.0,25.7,NW,1.6,-48.0,7.0,Low,23.4,66.0,2022-09-10 02:00:00
2022-09-11,3,2022,7.4,20.3,E,0.0,-98.0,6.9,Low,24.3,61.0,2022-09-11 02:00:00
2022-09-12,3,2022,11.2,24.6,SW,0.0,-100.0,6.9,Low,24.2,62.0,2022-09-12 02:00:00
2022-09-13,3,2022,12.1,29.3,N,0.0,0.0,6.9,Low,24.3,59.0,2022-09-13 02:00:00
2022-09-14,3,2022,9.6,22.3,SW,0.0,0.0,7.0,Low,24.4,63.0,2022-09-14 02:00:00
2022-09-15,3,2022,11.8,19.4,E,0.0,0.0,6.9,Low,24.6,66.0,2022-09-15 02:00:00
2022-09-16,3,2022,9.8,26.4,NE,0.0,0.0,6.9,Low,25.2,64.0,2022-09-16 02:00:00
2022-09-17,3,2022,9.3,16.0,S,0.0,0.0,6.8,Low,25.2,64.0,2022-09-17 02:00:00
2022-09-18,3,2022,11.1,28.7,W,0.0,0.0,6.9,Low,24.9,64.0,2022-09-18 02:00:00
2022-09-19,3,2022,10.8,18.8,SW,1.2,0.0,6.9,Low,24.9,64.0,2022-09-19 02:00:00
2022-09-20,3,2022,10.7,23.7,SW,0.5,-55.0,7.0,Low,25.8,67.0,2022-09-20 02:00:00
2022-09-21,3,2022,11.8,18.0,S,0.0,-100.0,6.8,Low,24.8,65.0,2022-09-21 02:00:00
2022-09-22,3,2022,9.7,17.5,E,1.8,0.0,6.8,Low,25.6,63.0,2022-09-22 02:00:00
2022-09-23,3,2022,10.7,20.5,NW,1.0,-45.0,6.9,Low,24.4,61.0,2022-09-23 02:00:00
2022-09-24,3,2022,9.5,27.3,SE,6.2,511.0,6.8,Low,24.8,66.0,2022-09-24 02:00:00
2022-09-25,3,2022,10.2,24.9,N,0.4,-94.0,6.9,Low,24.7,63.0,2022-09-25 02:00:00
2022-09-26,3,2022,11.6,18.2,SE,0.4,7.0,7.0,Low,27.6,64.0,2022-09-26 02:00:00
2022-09-27,3,2022,12.3,26.6,NE,0.6,39.0,6.9,Low,23.5,57.0,2022-09-27 02:00:00
2022-09-28,3,2022,13.4,24.9,N,0.3,-45.0,6.9,Low,24.0,62.0,2022-09-28 02:00:00
2022-09-29,3,2022,10.4,17.4,NW,4.3,1263.0,7.0,Low,23.9,61.0,2022-09-29 02:00:00
2022-09-30,3,2022,11.2,21.4,W,0.0,-100.0,6.9,Low,24.1,68.0,2022-09-30 02:00:00
2022-10-01,3,2022,10.8,21.7,S,2.6,0.0,6.7,Low,24.8,64.0,2022-10-01 02:00:00
2022-10-02,3,2022,11.0,26.2,SW,0.8,-70.0,6.8,Low,25.0,58.0,2022-10-02 02:00:00
2022-10-03,3,2022,11.1,24.8,W,1.0,28.0,6.9,Low,24.5,59.0,2022-10-03 02:00:00
2022-10-04,3,2022,14.1,24.5,SE,2.2,118.0,7.0,Low,23.5,66.0,2022-10-04 02:00:00
2022-10-05,3,2022,9.7,17.2,W,0.1,-96.0,6.8,Low,24.3,64.0,2022-10-05 02:00:00
2022-10-06,3,2022,10.5,20.8,SW,1.0,980.0,6.7,Low,25.9,62.0,2022-10-06 02:00:00
2022-10-07,3,2022,10.7,16.8,W,0.0,-100.0,6.7,Low,24.5,65.0,2022-10-07 02:00:00
2022-10-08,3,2022,11.6,24.9,SE,0.3,0.0,6.9,Low,24.4,62.0,2022-10-08 02:00:00
2022-10-09,3,2022,13.4,23.9,E,0.2,-52.0,6.9,Low,25.0,68.0,2022-10-09 02:00:00
2022-10-10,3,2022,10.7,18.1,E,1.4,758.0,6.9,Low,25.3,58.0,2022-10-10 02:00:00
2022-10-11,3,2022,10.4,24.7,NW,0.0,-100.0,6.9,Low,24.8,60.0,2022-10-11 02:00:00
2022-10-12,3,2022,8.7,21.2,SW,0.0,0.0,6.8,Low,25.6,65.0,2022-10-12 02:00:00
2022-10-13,3,2022,10.4,26.4,S,0.1,0.0,6.8,Low,25.0,64.0,2022-10-13 02:00:00
2022-10-14,3,2022,9.5,23.5,S,0.0,-100.0,6.8,Low,25.1,63.0,2022-10-14 02:00:00
2022-10-15,3,2022,10.1,22.5,W,2.1,0.0,6.9,Low,24.6,56.0,2022-10-15 02:00:00
2022-10-16,3,2022,12.5,25.6,N,4.0,86.0,6.9,Low,25.8,58.0,2022-10-16 02:00:00
2022-10-17,3,2022,10.6,19.3,W,0.9,-77.0,6.7,Low,25.3,58.0,2022-10-17 02:00:00
2022-10-18,3,2022,9.0,18.4,E,0.0,-100.0,7.0,Low,24.4,63.0,2022-10-18 02:00:00
2022-10-19,3,2022,12.9,29.1,E,0.0,0.0,6.8,Low,26.2,62.0,2022-10-19 02:00:00
2022-10-20,3,2022,8.2,24.6,S,2.3,0.0,6.9,Low,24.9,68.0,2022-10-20 02:00:00
2022-10-21,3,2022,11.7,25.4,NW,0.0,-100.0,7.0,Low,25.3,60.0,2022-10-21 02:00:00
2022-10-22,3,2022,9.7,20.0,SW,0.0,0.0,6.8,Low,23.9,63.0,2022-10-22 02:00:00
2022-10-23,3,2022,10.5,21.2,N,0.9,0.0,6.9,Low,24.9,66.0,2022-10-23 02:00:00
2022-10-24,3,2022,8.4,25.3,SW,0.5,-43.0,6.9,Low,24.9,64.0,2022-10-24 02:00:00
2022-10-25,3,2022,12.4,22.6,N,0.7,48.0,6.8,Low,24.9,60.0,2022-10-25 02:00:00
2022-10-26,3,2022,8.0,23.8,NE,0.0,-100.0,7.0,Low,25.6,60.0,2022-10-26 02:00:00
2022-10-27,3,2022,8.3,20.5,E,0.0,0.0,6.9,Low,25.5,63.0,2022-10-27 02:00:00
2022-10-28,3,2022,10.8,19.6,NW,0.1,0.0,6.8,Low,24.1,62.0,2022-10-28 02:00:00
2022-10-29,3,2022,10.6,21.9,NE,1.2,1926.0,6.9,Low,25.7,63.0,2022-10-29 02:00:00
2022-10-30,3,2022,10.9,22.4,S,1.2,-4.0,7.0,Low,24.4,58.0,2022-10-30 02:00:00
2022-10-31,3,2022,9.5,22.7,NW,1.4,18.0,6.8,Low,25.2,60.0,2022-10-31 02:00:00
2022-11-01,3,2022,13.3,20.0,N,0.6,-55.0,6.7,Low,25.5,60.0,2022-11-01 02:00:00
2022-11-02,3,2022,9.2,25.0,NW,0.0,-100.0,6.9,Low,26.1,63.0,2022-11-02 02:00:00
2022-11-03,3,2022,11.5,20.4,NE,0.8,0.0,6.8,Low,25.0,62.0,2022-11-03 02:00:00
2022-11-04,3,2022,12.7,29.1,S,3.0,301.0,6.9,Low,25.3,66.0,2022-11-04 02:00:00
2022-11-05,3,2022,13.3,19.3,E,0.0,-100.0,6.8,Low,25.0,64.0,2022-11-05 02:00:00
2022-11-06,3,2022,12.1,26.2,W,1.5,0.0,6.9,Low,25.9,65.0,2022-11-06 02:00:00
2022-11-07,3,2022,7.9,19.6,W,3.6,134.0,7.0,Low,23.2,61.0,2022-11-07 02:00:00
2022-11-08,3,2022,10.0,25.6,SE,0.0,-100.0,6.8,Low,25.9,60.0,2022-11-08 02:00:00
2022-11-09,3,2022,8.5,15.7,E,0.0,0.0,7.1,Low,26.3,56.0,2022-11-09 02:00:00
2022-11-10,3,2022,11.4,20.1,SW,1.4,0.0,7.0,Low,24.3,65.0,2022-11-10 02:00:00
2022-11-11,3,2022,8.8,20.8,NW,0.0,-100.0,6.8,Low,24.9,62.0,2022-11-11 02:00:00
2022-11-12,3,2022,9.7,27.3,E,0.2,0.0,6.8,Low,24.9,58.0,2022-11-12 02:00:00
2022-11-13,3,2022,11.1,23.1,S,2.1,776.0,6.9,Low,24.7,67.0,2022-11-13 02:00:00
2022-11-14,3,2022,8.8,22.7,E,4.7,121.0,6.9,Low,25.2,63.0,2022-11-14 02:00:00
2022-11-15,3,2022,11.4,28.5,E,0.0,-100.0,7.0,Low,26.9,60.0,2022-11-15 02:00:00
2022-11-16,3,2022,11.3,22.0,SE,1.1,0.0,6.9,Low,25.2,63.0,2022-11-16 02:00:00
2022-11-17,3,2022,10.9,26.5,W,7.4,575.0,7.1,Low,25.7,61.0,2022-11-17 02:00:00
2022-11-18,3,2022,12.3,27.6,NE,3.3,-55.0,7.0,Low,24.4,59.0,2022-11-18 02:00:00
2022-11-19,3,2022,9.5,19.2,SW,1.4,-57.0,6.8,Low,24.9,58.0,2022-11-19 02:00:00
2022-11-20,3,2022,10.5,18.6,NE,1.4,-3.0,6.8,Low,26.3,67.0,2022-11-20 02:00:00
2022-11-21,3,2022,9.5,23.8,N,1.3,-7.0,6.8,Low,25.6,56.0,2022-11-21 02:00:00
2022-11-22,3,2022,9.5,21.5,NW,1.4,5.0,6.8,Low,25.3,57.0,2022-11-22 02:00:00
2022-11-23,3,2022,8.6,26.3,NE,5.1,271.0,6.8,Low,25.6,58.0,2022-11-23 02:00:00
2022-11-24,3,2022,9.4,15.0,S,0.5,-91.0,6.8,Low,25.0,62.0,2022-11-24 02:00:00
2022-11-25,3,2022,11.0,23.7,NE,0.8,62.0,7.0,Low,24.6,62.0,2022-11-25 02:00:00
2022-11-26,3,2022,9.8,19.8,SE,1.7,121.0,7.0,Low,24.4,55.0,2022-11-26 02:00:00
2022-11-27,3,2022,9.4,18.1,SW,2.9,65.0,7.0,Low,24.8,59.0,2022-11-27 02:00:00
2022-11-28,3,2022,9.7,23.4,N,2.5,-12.0,6.9,Low,24.5,70.0,2022-11-28 02:00:00
2022-11-29,3,2022,10.4,22.8,W,0.9,-66.0,6.8,Low,25.1,61.0,2022-11-29 02:00:00
2022-11-30,3,2022,10.7,23.7,SE,1.9,120.0,6.8,Low,25.7,66.0,2022-11-30 02:00:00
2022-12-01,3,2022,12.8,23.2,N,3.2,72.0,6.8,Low,24.6,59.0,2022-12-01 02:00:00
2022-12-02,3,2022,12.2,29.3,N,0.2,-94.0,6.8,Low,26.6,62.0,2022-12-02 02:00:00
2022-12-03,3,2022,10.7,16.6,SE,0.0,-100.0,6.9,Low,25.2,61.0,2022-12-03 02:00:00
2022-12-04,3,2022,12.0,20.2,E,0.6,0.0,6.8,Low,26.0,63.0,2022-12-04 02:00:00
2022-12-05,3,2022,10.2,23.5,S,1.2,91.0,6.8,Low,25.5,66.0,2022-12-05 02:00:00
2022-12-06,3,2022,11.1,16.3,S,0.0,-100.0,6.7,Low,26.1,57.0,2022-12-06 02:00:00
2022-12-07,3,2022,9.2,24.2,S,3.7,0.0,7.0,Low,25.0,57.0,2022-12-07 02:00:00
2022-12-08,3,2022,12.1,18.8,S,0.0,-99.0,6.9,Low,25.1,61.0,2022-12-08 02:00:00
2022-12-09,3,2022,11.9,29.4,E,0.0,-100.0,6.8,Low,25.0,58.0,2022-12-09 02:00:00
2022-12-10,3,2022,13.3,20.8,SE,0.3,0.0,6.9,Low,25.4,59.0,2022-12-10 02:00:00
2022-12-11,3,2022,10.4,27.1,SW,0.0,-100.0,6.8,Low,26.0,62.0,2022-12-11 02:00:00
2022-12-12,3,2022,12.5,17.7,SE,8.4,0.0,6.7,Low,24.7,61.0,2022-12-12 02:00:00
2022-12-13,3,2022,9.7,27.6,NW,0.5,-94.0,6.9,Medium,25.3,61.0,2022-12-13 02:00:00
2022-12-14,3,2022,9.4,15.7,NW,3.3,601.0,7.0,Medium,25.2,60.0,2022-12-14 02:00:00
2022-12-15,3,2022,11.3,28.1,N,0.9,-71.0,6.9,Medium,25.2,60.0,2022-12-15 02:00:00
2022-12-16,3,2022,10.0,27.0,NW,1.4,52.0,6.7,Medium,25.5,54.0,2022-12-16 02:00:00
2022-12-17,3,2022,10.0,23.1,N,6.2,333.0,6.6,Medium,25.1,59.0,2022-12-17 02:00:00
2022-12-18,3,2022,12.0,29.7,SW,0.0,-100.0,6.8,Medium,25.2,60.0,2022-12-18 02:00:00
2022-12-19,3,2022,10.1,20.1,SW,3.6,0.0,7.0,Medium,25.1,59.0,2022-12-19 02:00:00
2022-12-20,3,2022,8.2,16.3,N,1.5,-59.0,6.8,Medium,25.9,56.0,2022-12-20 02:00:00
2022-12-21,3,2022,11.2,17.4,NW,0.3,-78.0,6.9,Low,25.9,61.0,2022-12-21 02:00:00
2022-12-22,3,2022,13.7,27.8,N,0.0,-100.0,6.9,Low,26.8,59.0,2022-12-22 02:00:00
2022-12-23,3,2022,9.3,14.6,E,0.6,0.0,6.8,Low,24.6,64.0,2022-12-23 02:00:00
2022-12-24,3,2022,11.8,18.2,NE,1.0,69.0,6.8,Low,25.7,61.0,2022-12-24 02:00:00
2022-12-25,3,2022,12.3,25.2,W,0.7,-28.0,6.8,Low,26.8,55.0,2022-12-25 02:00:00
2022-12-26,3,2022,11.4,25.9,N,1.8,156.0,6.7,Low,25.1,59.0,2022-12-26 02:00:00
2022-12-27,3,2022,11.2,24.6,SW,6.4,245.0,6.9,Low,26.0,60.0,2022-12-27 02:00:00
2022-12-28,3,2022,10.8,23.0,E,0.0,-100.0,6.8,Low,26.5,59.0,2022-12-28 02:00:00
2022-12-29,3,2022,10.0,27.1,SE,1.6,0.0,6.7,Low,24.9,64.0,2022-12-29 02:00:00
2022-12-30,3,2022,11.3,18.0,NW,1.6,2.0,6.8,Low,26.2,60.0,2022-12-30 02:00:00
2022-12-31,3,2022,13.9,22.0,SE,0.0,-100.0,6.7,Low,26.7,56.0,2022-12-31 02:00:00
2020-01-02,4,2020,8.5,13.7,NE,0.8,0.0,7.3,Med-High,22.6,75.0,2020-01-02 02:00:00
2020-01-03,4,2020,10.4,26.3,NW,4.0,381.0,7.2,Med-High,23.1,74.0,2020-01-03 02:00:00
2020-01-04,4,2020,14.8,24.0,N,3.4,-13.0,7.2,Med-High,23.5,72.0,2020-01-04 02:00:00
2020-01-05,4,2020,12.7,23.8,SE,2.3,-32.0,7.2,Med-High,21.9,73.0,2020-01-05 02:00:00
2020-01-06,4,2020,11.7,20.5,NE,3.8,60.0,7.0,Med-High,22.7,71.0,2020-01-06 02:00:00
2020-01-07,4,2020,9.3,22.9,NE,0.7,-81.0,7.2,Med-High,22.6,76.0,2020-01-07 02:00:00
2020-01-08,4,2020,10.4,26.2,SW,1.4,92.0,7.1,Med-High,21.9,76.0,2020-01-08 02:00:00
2020-01-09,4,2020,12.0,27.7,W,4.3,209.0,7.3,Med-High,21.1,74.0,2020-01-09 02:00:00
2020-01-10,4,2020,12.6,26.7,W,0.2,-96.0,7.3,Med-High,22.4,70.0,2020-01-10 02:00:00
2020-01-11,4,2020,12.4,22.9,NE,0.8,349.0,7.2,Med-High,21.3,69.0,2020-01-11 02:00:00
2020-01-12,4,2020,11.5,19.5,E,4.7,456.0,7.1,Med-High,22.4,70.0,2020-01-12 02:00:00
2020-01-13,4,2020,10.5,22.2,NW,0.7,-86.0,7.3,Med-High,22.5,73.0,2020-01-13 02:00:00
2020-01-14,4,2020,11.6,26.1,W,0.8,16.0,7.1,Med-High,23.7,75.0,2020-01-14 02:00:00
2020-01-15,4,2020,10.5,23.7,W,1.3,64.0,7.4,Med-High,23.4,69.0,2020-01-15 02:00:00
2020-01-16,4,2020,10.4,22.4,SE,0.7,-42.0,7.2,Medium,22.7,77.0,2020-01-16 02:00:00
2020-01-17,4,2020,10.6,27.2,NE,5.4,635.0,7.3,Med-High,22.5,74.0,2020-01-17 02:00:00
2020-01-18,4,2020,9.9,25.3,E,1.9,-65.0,7.1,Med-High,21.7,73.0,2020-01-18 02:00:00
2020-01-19,4,2020,11.0,17.5,S,0.5,-72.0,7.0,Medium,22.3,71.0,2020-01-19 02:00:00
2020-01-20,4,2020,11.7,20.9,W,5.6,935.0,7.2,Med-High,23.0,74.0,2020-01-20 02:00:00
2020-01-21,4,2020,11.5,17.3,SE,1.4,-75.0,7.2,Med-High,21.6,68.0,2020-01-21 02:00:00
2020-01-22,4,2020,10.4,23.2,E,2.4,70.0,7.0,Med-High,22.9,70.0,2020-01-22 02:00:00
2020-01-23,4,2020,9.3,23.0,NE,3.0,26.0,7.1,Med-High,22.7,69.0,2020-01-23 02:00:00
2020-01-24,4,2020,8.3,17.0,N,2.8,-6.0,7.0,Med-High,22.0,70.0,2020-01-24 02:00:00
2020-01-25,4,2020,12.6,24.8,N,0.2,-93.0,7.2,Medium,21.6,71.0,2020-01-25 02:00:00
2020-01-26,4,2020,10.7,23.2,N,1.2,493.0,7.1,Medium,21.8,70.0,2020-01-26 02:00:00
2020-01-27,4,2020,8.2,15.5,E,2.4,90.0,7.1,Medium,23.1,71.0,2020-01-27 02:00:00
2020-01-28,4,2020,10.6,18.5,NE,1.5,-36.0,7.2,Med-High,22.8,67.0,2020-01-28 02:00:00
2020-01-29,4,2020,11.1,17.2,SW,1.5,1.0,7.2,Med-High,21.4,71.0,2020-01-29 02:00:00
2020-01-30,4,2020,9.4,15.7,S,1.8,17.0,7.2,Med-High,23.0,76.0,2020-01-30 02:00:00
2020-01-31,4,2020,12.3,27.0,SE,3.1,75.0,7.1,Med-High,22.5,70.0,2020-01-31 02:00:00
2020-02-01,4,2020,11.8,23.3,N,0.0,-100.0,7.2,Med-High,22.0,69.0,2020-02-01 02:00:00
2020-02-02,4,2020,16.0,24.9,SW,2.2,0.0,7.0,Med-High,22.0,70.0,2020-02-02 02:00:00
2020-02-03,4,2020,11.4,22.9,SW,7.2,227.0,7.2,Med-High,23.3,72.0,2020-02-03 02:00:00
2020-02-04,4,2020,10.5,21.3,NW,5.8,-20.0,7.2,Med-High,21.8,73.0,2020-02-04 02:00:00
2020-02-05,4,2020,11.5,28.8,SE,0.1,-98.0,7.2,Med-High,22.5,74.0,2020-02-05 02:00:00
2020-02-06,4,2020,12.0,21.8,NE,2.9,2747.0,7.3,Med-High,20.9,69.0,2020-02-06 02:00:00
2020-02-07,4,2020,12.5,22.9,E,0.0,-100.0,7.0,Med-High,22.7,68.0,2020-02-07 02:00:00
2020-02-08,4,2020,10.1,21.6,NE,2.2,0.0,7.2,Med-High,21.8,69.0,2020-02-08 02:00:00
2020-02-09,4,2020,9.2,17.3,NW,0.4,-82.0,7.3,Med-High,23.4,67.0,2020-02-09 02:00:00
2020-02-10,4,2020,11.6,19.1,W,0.1,-81.0,7.1,Med-High,24.5,66.0,2020-02-10 02:00:00
2020-02-11,4,2020,11.2,24.7,NE,3.7,4685.0,7.0,Med-High,22.7,71.0,2020-02-11 02:00:00
2020-02-12,4,2020,8.1,24.7,N,0.0,-100.0,7.1,Med-High,23.2,69.0,2020-02-12 02:00:00
2020-02-13,4,2020,10.6,23.7,E,0.6,0.0,7.2,Med-High,21.5,72.0,2020-02-13 02:00:00
2020-02-14,4,2020,7.7,16.5,S,1.8,205.0,7.2,Med-High,23.3,73.0,2020-02-14 02:00:00
2020-02-15,4,2020,14.4,20.0,NE,6.5,262.0,7.2,Med-High,22.0,73.0,2020-02-15 02:00:00
2020-02-16,4,2020,11.7,26.1,W,4.0,-39.0,7.0,Med-High,22.8,65.0,2020-02-16 02:00:00
2020-02-17,4,2020,10.1,17.1,NE,0.6,-84.0,7.0,Med-High,22.4,70.0,2020-02-17 02:00:00
2020-02-18,4,2020,10.5,20.5,NE,0.0,-97.0,7.3,Med-High,22.1,78.0,2020-02-18 02:00:00
2020-02-19,4,2020,12.4,25.2,SE,2.2,10594.0,7.0,Med-High,22.7,77.0,2020-02-19 02:00:00
2020-02-20,4,2020,12.5,17.9,SW,2.6,17.0,7.0,Med-High,21.0,79.0,2020-02-20 02:00:00
2020-02-21,4,2020,11.6,25.0,E,2.3,-10.0,7.1,Med-High,22.4,65.0,2020-02-21 02:00:00
2020-02-22,4,2020,10.9,17.3,W,1.2,-46.0,7.2,Med-High,22.8,73.0,2020-02-22 02:00:00
2020-02-23,4,2020,10.9,21.8,E,0.9,-31.0,7.2,Med-High,20.8,73.0,2020-02-23 02:00:00
2020-02-24,4,2020,10.8,20.5,W,0.1,-87.0,7.0,Med-High,22.4,73.0,2020-02-24 02:00:00
2020-02-25,4,2020,12.6,21.9,E,1.3,1062.0,7.3,Med-High,22.5,70.0,2020-02-25 02:00:00
2020-02-26,4,2020,9.0,19.8,NE,0.6,-56.0,7.1,Med-High,22.5,70.0,2020-02-26 02:00:00
2020-02-27,4,2020,11.0,27.5,NW,0.5,-16.0,7.0,Med-High,22.1,66.0,2020-02-27 02:00:00
2020-02-28,4,2020,11.3,20.7,E,0.0,-100.0,7.1,Med-High,22.6,70.0,2020-02-28 02:00:00
2020-02-29,4,2020,11.5,27.4,S,2.6,0.0,7.1,Med-High,21.7,66.0,2020-02-29 02:00:00
2020-03-01,4,2020,10.9,22.6,S,1.8,-32.0,7.0,Med-High,22.4,66.0,2020-03-01 02:00:00
2020-03-02,4,2020,11.7,27.7,N,2.4,33.0,7.2,Med-High,22.4,77.0,2020-03-02 02:00:00
2020-03-03,4,2020,10.5,24.7,NE,0.3,-88.0,7.1,Med-High,22.6,70.0,2020-03-03 02:00:00
2020-03-04,4,2020,10.9,23.6,N,0.6,137.0,7.0,Med-High,22.9,68.0,2020-03-04 02:00:00
2020-03-05,4,2020,10.7,24.6,NE,0.8,22.0,7.3,Med-High,23.0,72.0,2020-03-05 02:00:00
2020-03-06,4,2020,9.6,23.4,W,0.5,-42.0,7.2,Med-High,23.2,69.0,2020-03-06 02:00:00
2020-03-07,4,2020,10.0,16.0,SE,1.0,126.0,7.1,Med-High,22.9,75.0,2020-03-07 02:00:00
2020-03-08,4,2020,11.7,22.0,W,3.4,225.0,7.2,Med-High,21.9,71.0,2020-03-08 02:00:00
2020-03-09,4,2020,10.6,25.7,W,0.0,-100.0,7.1,Med-High,23.8,68.0,2020-03-09 02:00:00
2020-03-10,4,2020,10.9,26.0,N,0.1,1475.0,7.1,Med-High,22.3,70.0,2020-03-10 02:00:00
2020-03-11,4,2020,12.5,22.6,E,0.6,407.0,7.1,Medium,22.4,70.0,2020-03-11 02:00:00
2020-03-12,4,2020,11.0,27.0,W,0.4,-22.0,7.2,Medium,21.6,63.0,2020-03-12 02:00:00
2020-03-13,4,2020,11.4,22.9,W,0.6,32.0,7.2,Medium,23.4,69.0,2020-03-13 02:00:00
2020-03-14,4,2020,8.6,15.9,E,0.0,-100.0,7.2,Medium,22.8,69.0,2020-03-14 02:00:00
2020-03-15,4,2020,9.3,25.7,SE,4.6,0.0,7.0,Medium,23.2,77.0,2020-03-15 02:00:00
2020-03-16,4,2020,12.4,17.6,E,2.5,-46.0,7.2,Medium,22.9,70.0,2020-03-16 02:00:00
2020-03-17,4,2020,11.2,16.6,N,0.4,-85.0,7.0,Medium,23.0,71.0,2020-03-17 02:00:00
2020-03-18,4,2020,10.1,18.4,N,0.5,27.0,7.1,Medium,23.9,65.0,2020-03-18 02:00:00
2020-03-19,4,2020,10.4,22.4,SW,0.3,-46.0,7.2,Medium,23.8,67.0,2020-03-19 02:00:00
2020-03-20,4,2020,9.5,24.9,N,1.6,542.0,7.2,Medium,24.3,72.0,2020-03-20 02:00:00
2020-03-21,4,2020,9.1,24.0,N,1.0,-36.0,7.3,Medium,22.6,72.0,2020-03-21 02:00:00
2020-03-22,4,2020,10.7,25.7,S,0.0,-100.0,7.1,Medium,24.3,70.0,2020-03-22 02:00:00
2020-03-23,4,2020,11.1,22.1,NW,7.2,0.0,6.9,Medium,22.7,77.0,2020-03-23 02:00:00
2020-03-24,4,2020,12.3,19.7,NE,1.3,-82.0,7.3,Medium,22.2,68.0,2020-03-24 02:00:00
2020-03-25,4,2020,8.0,18.6,W,4.6,254.0,7.0,Medium,22.6,72.0,2020-03-25 02:00:00
2020-03-26,4,2020,10.6,15.7,W,0.3,-93.0,7.2,Medium,22.5,69.0,2020-03-26 02:00:00
2020-03-27,4,2020,8.8,14.3,N,0.7,129.0,7.1,Medium,23.5,72.0,2020-03-27 02:00:00
2020-03-28,4,2020,10.4,23.3,SW,0.0,-100.0,7.2,Medium,23.0,70.0,2020-03-28 02:00:00
2020-03-29,4,2020,10.1,26.6,S,0.5,0.0,7.0,Low,22.9,67.0,2020-03-29 02:00:00
2020-03-30,4,2020,14.0,20.2,S,0.0,-100.0,7.0,Low,22.0,71.0,2020-03-30 02:00:00
2020-03-31,4,2020,13.5,23.1,S,0.6,0.0,7.2,Low,23.4,64.0,2020-03-31 02:00:00
2020-04-01,4,2020,10.6,25.4,W,0.6,4.0,7.2,Low,22.1,66.0,2020-04-01 02:00:00
2020-04-02,4,2020,13.7,22.5,NW,4.7,619.0,7.2,Medium,21.8,68.0,2020-04-02 02:00:00
2020-04-03,4,2020,13.5,23.7,N,0.5,-89.0,7.1,Medium,22.5,70.0,2020-04-03 02:00:00
2020-04-04,4,2020,11.6,23.1,SW,3.4,545.0,7.1,Medium,23.5,64.0,2020-04-04 02:00:00
2020-04-05,4,2020,10.7,25.5,E,2.3,-32.0,7.1,Medium,22.6,68.0,2020-04-05 02:00:00
2020-04-06,4,2020,10.2,20.3,NE,2.0,-17.0,6.9,Medium,22.9,68.0,2020-04-06 02:00:00
2020-04-07,4,2020,9.6,22.9,SW,5.4,176.0,6.9,Medium,21.8,68.0,2020-04-07 02:00:00
2020-04-08,4,2020,11.7,19.2,E,4.1,-25.0,7.0,Med-High,22.9,70.0,2020-04-08 02:00:00
2020-04-09,4,2020,9.1,24.3,N,0.4,-91.0,7.3,Medium,24.5,68.0,2020-04-09 02:00:00
2020-04-10,4,2020,9.2,25.9,NW,0.8,127.0,7.1,Medium,23.2,67.0,2020-04-10 02:00:00
2020-04-11,4,2020,9.0,26.6,N,0.0,-100.0,6.9,Medium,24.4,70.0,2020-04-11 02:00:00
2020-04-12,4,2020,12.3,23.0,S,5.2,0.0,7.0,Medium,22.8,70.0,2020-04-12 02:00:00
2020-04-13,4,2020,14.3,20.6,SE,0.2,-96.0,7.2,Medium,22.7,75.0,2020-04-13 02:00:00
2020-04-14,4,2020,7.9,14.4,SW,3.1,1389.0,7.1,Medium,24.3,63.0,2020-04-14 02:00:00
2020-04-15,4,2020,11.2,18.2,S,0.3,-89.0,7.0,Medium,22.8,68.0,2020-04-15 02:00:00
2020-04-16,4,2020,9.9,16.1,NW,0.6,81.0,7.1,Medium,24.1,74.0,2020-04-16 02:00:00
2020-04-17,4,2020,11.5,26.9,SE,0.6,-6.0,7.1,Low,23.8,66.0,2020-04-17 02:00:00
2020-04-18,4,2020,10.2,25.8,S,0.1,-80.0,7.1,Medium,22.7,63.0,2020-04-18 02:00:00
2020-04-19,4,2020,12.3,22.2,N,1.0,769.0,7.1,Low,23.2,77.0,2020-04-19 02:00:00
2020-04-20,4,2020,11.4,25.8,N,3.8,269.0,7.3,Medium,23.0,72.0,2020-04-20 02:00:00
2020-04-21,4,2020,11.1,24.8,NE,0.4,-89.0,7.3,Low,22.6,69.0,2020-04-21 02:00:00
2020-04-22,4,2020,11.1,25.3,NE,0.0,-94.0,7.0,Low,23.4,70.0,2020-04-22 02:00:00
2020-04-23,4,2020,12.7,24.7,SW,1.0,3637.0,7.1,Low,23.5,65.0,2020-04-23 02:00:00
2020-04-24,4,2020,10.3,27.0,NW,0.7,-25.0,7.0,Medium,24.5,67.0,2020-04-24 02:00:00
2020-04-25,4,2020,13.4,31.3,SW,0.8,13.0,7.2,Medium,22.4,68.0,2020-04-25 02:00:00
2020-04-26,4,2020,11.0,18.3,N,4.2,396.0,7.0,Medium,23.8,73.0,2020-04-26 02:00:00
2020-04-27,4,2020,11.3,28.5,E,4.8,14.0,7.2,Medium,23.5,71.0,2020-04-27 02:00:00
2020-04-28,4,2020,12.4,27.2,W,2.4,-49.0,7.0,Medium,22.6,69.0,2020-04-28 02:00:00
2020-04-29,4,2020,8.7,17.2,E,0.6,-73.0,7.0,Medium,23.3,69.0,2020-04-29 02:00:00
2020-04-30,4,2020,11.3,28.0,NW,0.0,-100.0,7.1,Medium,23.3,67.0,2020-04-30 02:00:00
2020-05-01,4,2020,9.5,21.9,NW,3.6,0.0,6.9,Medium,23.2,73.0,2020-05-01 02:00:00
2020-05-02,4,2020,8.5,26.2,SW,5.1,40.0,7.0,Medium,22.8,71.0,2020-05-02 02:00:00
2020-05-03,4,2020,11.9,18.4,E,0.1,-97.0,7.1,Medium,21.5,71.0,2020-05-03 02:00:00
2020-05-04,4,2020,11.4,16.9,SE,0.5,292.0,7.0,Medium,22.8,66.0,2020-05-04 02:00:00
2020-05-05,4,2020,10.9,28.8,S,1.6,194.0,7.0,Medium,22.8,70.0,2020-05-05 02:00:00
2020-05-06,4,2020,10.3,27.7,W,3.7,133.0,7.0,Medium,23.8,65.0,2020-05-06 02:00:00
2020-05-07,4,2020,11.9,18.6,NW,0.0,-100.0,6.9,Medium,22.7,64.0,2020-05-07 02:00:00
2020-05-08,4,2020,9.6,17.2,N,0.6,0.0,7.1,Low,23.4,67.0,2020-05-08 02:00:00
2020-05-09,4,2020,11.3,22.6,NE,1.1,79.0,6.8,Low,23.2,70.0,2020-05-09 02:00:00
2020-05-10,4,2020,10.6,28.5,SE,0.1,-93.0,7.0,Low,22.8,65.0,2020-05-10 02:00:00
2020-05-11,4,2020,10.4,15.7,N,1.1,1305.0,6.9,Low,22.5,67.0,2020-05-11 02:00:00
2020-05-12,4,2020,10.4,17.0,NW,2.0,87.0,7.0,Low,23.1,68.0,2020-05-12 02:00:00
2020-05-13,4,2020,11.3,22.5,SW,2.8,42.0,7.1,Low,23.7,66.0,2020-05-13 02:00:00
2020-05-14,4,2020,11.3,17.3,W,0.2,-94.0,7.1,Low,22.2,65.0,2020-05-14 02:00:00
2020-05-15,4,2020,13.3,29.1,S,0.4,173.0,7.0,Low,25.1,65.0,2020-05-15 02:00:00
2020-05-16,4,2020,12.5,27.3,SE,1.0,122.0,7.0,Low,22.5,67.0,2020-05-16 02:00:00
2020-05-17,4,2020,13.8,26.3,NE,1.5,52.0,7.0,Low,22.6,62.0,2020-05-17 02:00:00
2020-05-18,4,2020,11.0,27.2,S,1.5,-2.0,6.9,Low,24.5,67.0,2020-05-18 02:00:00
2020-05-19,4,2020,9.0,15.7,NE,0.0,-98.0,7.2,Low,22.3,65.0,2020-05-19 02:00:00
2020-05-20,4,2020,11.7,23.6,E,2.2,8227.0,7.2,Low,23.3,67.0,2020-05-20 02:00:00
2020-05-21,4,2020,10.1,18.0,NW,2.2,-1.0,6.9,Low,23.8,68.0,2020-05-21 02:00:00
2020-05-22,4,2020,10.7,22.7,SE,0.7,-67.0,7.1,Low,23.2,73.0,2020-05-22 02:00:00
2020-05-23,4,2020,9.3,20.1,W,0.0,-100.0,7.0,Low,23.4,63.0,2020-05-23 02:00:00
2020-05-24,4,2020,12.5,29.7,W,0.0,0.0,6.9,Low,23.1,64.0,2020-05-24 02:00:00
2020-05-25,4,2020,9.7,16.1,N,3.1,0.0,6.9,Low,22.6,64.0,2020-05-25 02:00:00
2020-05-26,4,2020,12.3,24.6,SE,0.7,-77.0,7.0,Low,23.3,68.0,2020-05-26 02:00:00
2020-05-27,4,2020,12.4,19.6,SW,3.0,317.0,7.3,Low,23.6,68.0,2020-05-27 02:00:00
2020-05-28,4,2020,8.5,16.1,SE,1.6,-47.0,7.0,Low,22.7,68.0,2020-05-28 02:00:00
2020-05-29,4,2020,11.0,20.4,SE,5.7,257.0,7.1,Low,23.4,64.0,2020-05-29 02:00:00
2020-05-30,4,2020,8.6,21.1,SW,4.1,-28.0,7.0,Low,23.4,72.0,2020-05-30 02:00:00
2020-05-31,4,2020,14.1,23.4,W,0.0,-99.0,7.0,Low,23.8,64.0,2020-05-31 02:00:00
2020-06-01,4,2020,11.9,24.2,S,1.7,4190.0,6.9,Low,22.7,69.0,2020-06-01 02:00:00
2020-06-02,4,2020,11.8,26.9,N,0.0,-100.0,6.9,Low,22.8,64.0,2020-06-02 02:00:00
2020-06-03,4,2020,12.0,17.5,NE,0.0,0.0,7.1,Low,23.5,69.0,2020-06-03 02:00:00
2020-06-04,4,2020,13.3,23.1,NE,0.3,0.0,7.1,Low,22.4,65.0,2020-06-04 02:00:00
2020-06-05,4,2020,8.2,15.9,W,0.3,-13.0,7.0,Low,22.9,73.0,2020-06-05 02:00:00
2020-06-06,4,2020,11.9,24.1,NE,7.3,2379.0,7.1,Low,24.2,65.0,2020-06-06 02:00:00
2020-06-07,4,2020,9.8,20.2,W,0.2,-98.0,7.0,Low,23.3,69.0,2020-06-07 02:00:00
2020-06-08,4,2020,10.7,27.9,SW,1.1,565.0,7.0,Low,23.8,71.0,2020-06-08 02:00:00
2020-06-09,4,2020,11.0,23.9,W,0.4,-66.0,7.0,Low,24.4,68.0,2020-06-09 02:00:00
2020-06-10,4,2020,10.8,26.8,SW,0.0,-100.0,7.2,Low,23.0,70.0,2020-06-10 02:00:00
2020-06-11,4,2020,11.4,20.2,N,0.8,0.0,7.0,Low,22.8,67.0,2020-06-11 02:00:00
2020-06-12,4,2020,10.5,23.2,NE,2.9,243.0,7.1,Low,23.1,66.0,2020-06-12 02:00:00
2020-06-13,4,2020,10.7,16.3,NE,0.2,-93.0,7.1,Low,23.4,68.0,2020-06-13 02:00:00
2020-06-14,4,2020,7.5,20.9,W,0.0,-77.0,7.0,Low,24.3,69.0,2020-06-14 02:00:00
2020-06-15,4,2020,8.9,14.3,W,0.0,-33.0,7.0,Low,23.7,65.0,2020-06-15 02:00:00
2020-06-16,4,2020,9.8,23.3,SW,5.5,16590.0,7.0,Low,23.5,64.0,2020-06-16 02:00:00
2020-06-17,4,2020,12.2,26.0,S,0.2,-97.0,7.0,Low,24.4,67.0,2020-06-17 02:00:00
2020-06-18,4,2020,9.2,22.0,NW,0.0,-100.0,7.0,Low,24.4,71.0,2020-06-18 02:00:00
2020-06-19,4,2020,12.4,22.3,NW,1.3,0.0,6.9,Low,23.7,74.0,2020-06-19 02:00:00
2020-06-20,4,2020,9.9,27.9,NE,4.9,265.0,6.7,Low,22.7,67.0,2020-06-20 02:00:00
2020-06-21,4,2020,9.9,27.4,N,0.3,-95.0,7.0,Low,23.6,72.0,2020-06-21 02:00:00
2020-06-22,4,2020,9.4,27.1,SW,12.7,4738.0,7.0,Low,24.3,65.0,2020-06-22 02:00:00
2020-06-23,4,2020,11.4,27.4,W,0.5,-96.0,7.2,Low,24.1,67.0,2020-06-23 02:00:00
2020-06-24,4,2020,10.5,26.9,NW,0.3,-31.0,7.1,Low,24.3,72.0,2020-06-24 02:00:00
2020-06-25,4,2020,10.3,24.6,E,0.0,-100.0,7.1,Low,22.3,64.0,2020-06-25 02:00:00
2020-06-26,4,2020,12.1,24.8,SE,2.1,0.0,7.1,Low,23.2,70.0,2020-06-26 02:00:00
2020-06-27,4,2020,10.4,28.0,S,1.1,-45.0,6.9,Low,24.2,66.0,2020-06-27 02:00:00
2020-06-28,4,2020,13.8,25.2,N,0.0,-100.0,7.0,Low,23.8,64.0,2020-06-28 02:00:00
2020-06-29,4,2020,11.2,26.4,E,0.7,0.0,6.9,Low,24.1,63.0,2020-06-29 02:00:00
2020-06-30,4,2020,10.1,24.3,SE,0.2,-70.0,6.9,Low,24.9,68.0,2020-06-30 02:00:00
2020-07-01,4,2020,11.4,21.8,N,0.2,-17.0,7.1,Low,24.2,62.0,2020-07-01 02:00:00
2020-07-02,4,2020,11.8,26.2,S,0.6,279.0,7.0,Low,23.4,67.0,2020-07-02 02:00:00
2020-07-03,4,2020,13.4,31.2,E,0.0,-100.0,6.9,Low,23.3,67.0,2020-07-03 02:00:00
2020-07-04,4,2020,12.6,19.9,SE,0.1,0.0,6.9,Low,23.9,64.0,2020-07-04 02:00:00
2020-07-05,4,2020,8.7,23.3,N,3.1,3632.0,7.0,Low,23.8,64.0,2020-07-05 02:00:00
2020-07-06,4,2020,10.4,18.0,SW,0.1,-98.0,7.0,Low,22.7,70.0,2020-07-06 02:00:00
2020-07-07,4,2020,11.5,25.4,E,1.3,1722.0,7.0,Low,24.0,65.0,2020-07-07 02:00:00
2020-07-08,4,2020,8.0,18.7,E,0.0,-100.0,7.0,Low,23.7,65.0,2020-07-08 02:00:00
2020-07-09,4,2020,12.3,22.8,E,1.6,0.0,7.0,Low,23.5,61.0,2020-07-09 02:00:00
2020-07-10,4,2020,13.6,25.6,N,0.1,-94.0,7.0,Low,24.4,63.0,2020-07-10 02:00:00
2020-07-11,4,2020,10.6,18.6,NW,0.4,359.0,6.9,Low,23.6,64.0,2020-07-11 02:00:00
2020-07-12,4,2020,12.6,24.3,N,5.1,1040.0,7.1,Low,24.0,68.0,2020-07-12 02:00:00
2020-07-13,4,2020,13.7,25.6,NW,0.1,-99.0,6.9,Low,24.6,60.0,2020-07-13 02:00:00
2020-07-14,4,2020,9.2,25.8,SW,1.4,1727.0,7.0,Low,22.9,67.0,2020-07-14 02:00:00
2020-07-15,4,2020,10.4,21.9,NW,0.9,-36.0,6.9,Low,23.6,67.0,2020-07-15 02:00:00
2020-07-16,4,2020,12.2,23.4,W,1.1,23.0,7.0,Low,23.7,63.0,2020-07-16 02:00:00
2020-07-17,4,2020,12.1,29.1,E,2.8,163.0,6.9,Low,23.8,64.0,2020-07-17 02:00:00
2020-07-18,4,2020,11.7,19.0,N,0.4,-85.0,7.1,Low,25.4,63.0,2020-07-18 02:00:00
2020-07-19,4,2020,10.2,21.1,SW,0.3,-23.0,7.0,Low,24.7,67.0,2020-07-19 02:00:00
2020-07-20,4,2020,10.7,15.8,W,0.6,70.0,6.8,Low,23.7,64.0,2020-07-20 02:00:00
2020-07-21,4,2020,11.9,20.2,SE,1.1,91.0,7.0,Low,23.8,62.0,2020-07-21 02:00:00
2020-07-22,4,2020,12.5,30.0,NW,2.4,125.0,6.8,Low,23.5,62.0,2020-07-22 02:00:00
2020-07-23,4,2020,11.0,28.8,S,7.3,209.0,6.8,Low,22.5,68.0,2020-07-23 02:00:00
2020-07-24,4,2020,11.9,22.6,S,0.0,-100.0,7.3,Low,23.7,67.0,2020-07-24 02:00:00
2020-07-25,4,2020,10.8,23.7,SW,1.5,0.0,7.1,Low,23.3,69.0,2020-07-25 02:00:00
2020-07-26,4,2020,10.7,25.6,W,1.7,10.0,7.1,Low,23.9,67.0,2020-07-26 02:00:00
2020-07-27,4,2020,9.7,22.2,E,0.3,-82.0,6.9,Low,25.0,66.0,2020-07-27 02:00:00
2020-07-28,4,2020,12.5,24.4,W,3.9,1153.0,7.1,Low,24.2,68.0,2020-07-28 02:00:00
2020-07-29,4,2020,10.7,19.4,NE,1.6,-57.0,6.9,Low,24.2,67.0,2020-07-29 02:00:00
2020-07-30,4,2020,13.1,21.8,E,0.0,-100.0,6.9,Low,25.8,71.0,2020-07-30 02:00:00
2020-07-31,4,2020,12.6,20.5,NW,0.0,0.0,6.9,Low,24.4,66.0,2020-07-31 02:00:00
2020-08-01,4,2020,11.7,28.7,SE,1.1,0.0,7.1,Low,24.9,60.0,2020-08-01 02:00:00
2020-08-02,4,2020,13.0,25.3,S,0.0,-100.0,7.0,Low,24.5,68.0,2020-08-02 02:00:00
2020-08-03,4,2020,11.8,19.0,SE,0.0,0.0,6.9,Low,24.5,58.0,2020-08-03 02:00:00
2020-08-04,4,2020,11.6,21.8,W,4.6,0.0,7.0,Low,24.0,63.0,2020-08-04 02:00:00
2020-08-05,4,2020,11.4,19.3,NW,1.7,-64.0,6.9,Low,23.5,61.0,2020-08-05 02:00:00
2020-08-06,4,2020,11.5,17.5,NW,0.0,-100.0,7.1,Low,22.6,65.0,2020-08-06 02:00:00
2020-08-07,4,2020,10.6,24.3,NE,0.6,0.0,7.0,Low,25.1,65.0,2020-08-07 02:00:00
2020-08-08,4,2020,10.4,25.2,NE,1.2,115.0,7.1,Low,23.6,66.0,2020-08-08 02:00:00
2020-08-09,4,2020,9.2,25.9,N,1.1,-12.0,7.0,Low,23.4,69.0,2020-08-09 02:00:00
2020-08-10,4,2020,12.8,26.2,NW,0.1,-92.0,7.0,Low,23.9,65.0,2020-08-10 02:00:00
2020-08-11,4,2020,9.6,22.6,NW,0.0,-100.0,7.0,Low,25.1,66.0,2020-08-11 02:00:00
2020-08-12,4,2020,12.2,23.3,NE,2.8,0.0,7.2,Low,24.3,63.0,2020-08-12 02:00:00
2020-08-13,4,2020,9.4,24.2,N,0.0,-100.0,6.9,Low,24.4,64.0,2020-08-13 02:00:00
2020-08-14,4,2020,9.8,26.5,W,0.0,0.0,7.1,Low,25.4,64.0,2020-08-14 02:00:00
2020-08-15,4,2020,10.8,26.9,SW,0.6,0.0,7.0,Low,25.4,66.0,2020-08-15 02:00:00
2020-08-16,4,2020,11.2,27.8,W,1.1,76.0,7.0,Low,23.9,64.0,2020-08-16 02:00:00
2020-08-17,4,2020,9.1,18.4,NE,0.0,-100.0,6.9,Low,24.4,62.0,2020-08-17 02:00:00
2020-08-18,4,2020,10.7,17.9,SW,0.0,0.0,7.1,Low,23.7,70.0,2020-08-18 02:00:00
2020-08-19,4,2020,14.8,31.4,W,0.4,0.0,7.0,Low,23.7,65.0,2020-08-19 02:00:00
2020-08-20,4,2020,10.0,27.2,W,0.1,-77.0,6.7,Low,23.9,61.0,2020-08-20 02:00:00
2020-08-21,4,2020,10.6,18.4,N,5.8,5611.0,7.0,Low,24.7,68.0,2020-08-21 02:00:00
2020-08-22,4,2020,12.5,29.3,W,0.0,-100.0,6.9,Low,24.9,64.0,2020-08-22 02:00:00
2020-08-23,4,2020,10.9,28.5,S,0.4,0.0,6.9,Low,24.8,70.0,2020-08-23 02:00:00
2020-08-24,4,2020,13.0,30.5,NE,0.0,-100.0,7.0,Low,25.6,66.0,2020-08-24 02:00:00
2020-08-25,4,2020,11.4,20.0,NW,0.0,0.0,7.0,Low,25.2,65.0,2020-08-25 02:00:00
2020-08-26,4,2020,13.4,23.9,NW,0.3,0.0,7.0,Low,24.7,63.0,2020-08-26 02:00:00
2020-08-27,4,2020,13.7,23.1,NW,0.7,96.0,6.8,Low,24.0,63.0,2020-08-27 02:00:00
2020-08-28,4,2020,11.2,22.1,E,2.6,301.0,7.0,Low,23.3,63.0,2020-08-28 02:00:00
2020-08-29,4,2020,12.0,17.5,NE,0.1,-96.0,6.8,Low,24.1,64.0,2020-08-29 02:00:00
2020-08-30,4,2020,10.8,17.6,SE,0.2,45.0,7.0,Low,24.0,70.0,2020-08-30 02:00:00
2020-08-31,4,2020,12.9,25.3,S,0.0,-100.0,6.9,Low,24.5,61.0,2020-08-31 02:00:00
2020-09-01,4,2020,12.5,20.5,SW,0.0,0.0,6.9,Low,24.7,65.0,2020-09-01 02:00:00
2020-09-02,4,2020,9.3,15.4,E,0.7,0.0,7.1,Low,24.4,62.0,2020-09-02 02:00:00
2020-09-03,4,2020,10.4,15.4,N,0.0,-100.0,7.0,Low,23.4,64.0,2020-09-03 02:00:00
2020-09-04,4,2020,10.7,17.4,NW,2.5,0.0,6.9,Low,24.4,63.0,2020-09-04 02:00:00
2020-09-05,4,2020,11.5,19.0,W,0.0,-100.0,6.8,Low,24.4,61.0,2020-09-05 02:00:00
2020-09-06,4,2020,13.2,18.2,E,1.0,0.0,6.9,Low,24.8,61.0,2020-09-06 02:00:00
2020-09-07,4,2020,10.0,22.8,N,3.6,252.0,6.9,Low,26.2,61.0,2020-09-07 02:00:00
2020-09-08,4,2020,12.9,22.1,SE,2.5,-29.0,7.0,Low,24.2,60.0,2020-09-08 02:00:00
2020-09-09,4,2020,11.6,26.0,SE,2.5,-1.0,6.9,Low,25.2,60.0,2020-09-09 02:00:00
2020-09-10,4,2020,7.8,20.5,S,0.1,-95.0,6.9,Low,24.5,58.0,2020-09-10 02:00:00
2020-09-11,4,2020,10.8,22.3,NE,0.0,-100.0,6.9,Low,24.0,61.0,2020-09-11 02:00:00
2020-09-12,4,2020,13.8,30.8,NW,0.6,0.0,6.9,Low,24.5,66.0,2020-09-12 02:00:00
2020-09-13,4,2020,13.3,19.4,NW,2.9,413.0,6.9,Low,24.8,62.0,2020-09-13 02:00:00
2020-09-14,4,2020,10.8,18.3,W,0.0,-100.0,6.9,Low,24.1,66.0,2020-09-14 02:00:00
2020-09-15,4,2020,12.6,18.1,W,0.0,0.0,7.0,Low,24.3,64.0,2020-09-15 02:00:00
2020-09-16,4,2020,9.0,14.8,SE,0.0,0.0,6.6,Low,25.1,64.0,2020-09-16 02:00:00
2020-09-17,4,2020,11.9,21.0,S,0.0,0.0,6.9,Low,26.1,65.0,2020-09-17 02:00:00
2020-09-18,4,2020,12.6,28.7,N,0.9,0.0,7.0,Low,25.3,62.0,2020-09-18 02:00:00
2020-09-19,4,2020,10.2,22.3,E,0.0,-100.0,6.8,Low,24.8,64.0,2020-09-19 02:00:00
2020-09-20,4,2020,12.4,26.4,N,0.1,0.0,6.9,Low,24.4,63.0,2020-09-20 02:00:00
2020-09-21,4,2020,7.2,23.2,SE,1.4,1008.0,7.1,Low,24.2,62.0,2020-09-21 02:00:00
2020-09-22,4,2020,11.4,21.5,SE,3.2,133.0,7.1,Low,24.2,63.0,2020-09-22 02:00:00
2020-09-23,4,2020,11.0,23.1,NE,0.9,-73.0,6.7,Low,25.4,61.0,2020-09-23 02:00:00
2020-09-24,4,2020,10.8,18.8,NW,0.0,-100.0,6.9,Low,24.0,69.0,2020-09-24 02:00:00
2020-09-25,4,2020,8.6,14.2,W,0.5,0.0,7.1,Low,24.1,63.0,2020-09-25 02:00:00
2020-09-26,4,2020,10.6,18.8,NW,0.0,-100.0,6.9,Low,24.6,66.0,2020-09-26 02:00:00
2020-09-27,4,2020,8.8,25.3,SE,6.4,0.0,7.1,Low,23.7,62.0,2020-09-27 02:00:00
2020-09-28,4,2020,10.9,18.6,W,0.0,-100.0,6.9,Low,24.6,63.0,2020-09-28 02:00:00
2020-09-29,4,2020,12.4,20.2,SE,0.0,0.0,6.9,Low,24.4,64.0,2020-09-29 02:00:00
2020-09-30,4,2020,10.8,18.1,S,0.0,0.0,6.9,Low,24.9,63.0,2020-09-30 02:00:00
2020-10-01,4,2020,8.0,24.4,E,0.4,0.0,7.1,Low,25.4,65.0,2020-10-01 02:00:00
2020-10-02,4,2020,11.3,28.9,N,2.3,513.0,7.0,Low,24.0,61.0,2020-10-02 02:00:00
2020-10-03,4,2020,8.9,26.5,NW,0.0,-100.0,6.8,Low,25.0,63.0,2020-10-03 02:00:00
2020-10-04,4,2020,10.9,18.7,SW,0.0,0.0,6.9,Low,24.5,60.0,2020-10-04 02:00:00
2020-10-05,4,2020,10.4,21.4,SE,0.9,0.0,6.9,Low,24.7,62.0,2020-10-05 02:00:00
2020-10-06,4,2020,9.5,18.2,NW,0.0,-100.0,6.8,Low,24.3,62.0,2020-10-06 02:00:00
2020-10-07,4,2020,10.0,16.8,NE,1.7,0.0,6.9,Low,25.9,65.0,2020-10-07 02:00:00
2020-10-08,4,2020,9.4,17.4,SE,0.0,-100.0,6.8,Low,24.2,60.0,2020-10-08 02:00:00
2020-10-09,4,2020,9.6,26.8,E,1.4,0.0,7.0,Low,25.2,58.0,2020-10-09 02:00:00
2020-10-10,4,2020,11.4,27.3,E,2.5,76.0,7.0,Low,24.6,61.0,2020-10-10 02:00:00
2020-10-11,4,2020,8.7,14.0,E,0.0,-98.0,7.0,Low,26.2,60.0,2020-10-11 02:00:00
2020-10-12,4,2020,9.9,22.5,N,0.2,419.0,7.0,Low,26.5,65.0,2020-10-12 02:00:00
2020-10-13,4,2020,10.5,15.6,NW,0.0,-100.0,7.0,Low,24.5,60.0,2020-10-13 02:00:00
2020-10-14,4,2020,11.6,25.5,E,0.8,0.0,7.1,Low,25.2,61.0,2020-10-14 02:00:00
2020-10-15,4,2020,7.6,22.6,NE,3.1,269.0,6.7,Low,25.4,57.0,2020-10-15 02:00:00
2020-10-16,4,2020,12.7,18.5,SE,1.5,-51.0,6.9,Low,24.6,62.0,2020-10-16 02:00:00
2020-10-17,4,2020,10.7,28.5,NE,0.3,-83.0,6.9,Low,25.6,66.0,2020-10-17 02:00:00
2020-10-18,4,2020,10.8,17.7,NW,0.0,-100.0,6.8,Low,25.2,63.0,2020-10-18 02:00:00
2020-10-19,4,2020,9.1,19.9,W,3.3,0.0,6.7,Low,25.3,65.0,2020-10-19 02:00:00
2020-10-20,4,2020,11.1,16.3,SW,0.0,-100.0,6.8,Low,25.5,62.0,2020-10-20 02:00:00
2020-10-21,4,2020,8.3,15.8,S,1.2,0.0,6.7,Low,25.5,65.0,2020-10-21 02:00:00
2020-10-22,4,2020,8.6,19.4,W,2.7,119.0,7.0,Low,25.5,64.0,2020-10-22 02:00:00
2020-10-23,4,2020,10.5,16.7,NW,0.1,-95.0,6.8,Low,25.2,64.0,2020-10-23 02:00:00
2020-10-24,4,2020,11.2,22.3,SW,0.0,-100.0,6.9,Low,24.1,61.0,2020-10-24 02:00:00
2020-10-25,4,2020,8.7,18.7,N,0.0,0.0,6.7,Low,25.5,63.0,2020-10-25 02:00:00
2020-10-26,4,2020,11.3,24.5,NE,0.1,0.0,6.9,Low,24.9,62.0,2020-10-26 02:00:00
2020-10-27,4,2020,12.1,19.0,E,7.6,8873.0,6.8,Low,25.5,60.0,2020-10-27 02:00:00
2020-10-28,4,2020,10.2,23.5,E,0.6,-92.0,6.9,Low,24.7,63.0,2020-10-28 02:00:00
2020-10-29,4,2020,10.1,19.1,SE,0.0,-100.0,6.8,Low,25.5,60.0,2020-10-29 02:00:00
2020-10-30,4,2020,9.1,25.8,W,0.0,0.0,6.8,Low,24.8,65.0,2020-10-30 02:00:00
2020-10-31,4,2020,12.5,26.3,W,1.4,0.0,7.0,Low,26.2,62.0,2020-10-31 02:00:00
2020-11-01,4,2020,11.7,28.8,NE,0.6,-55.0,6.9,Low,25.3,58.0,2020-11-01 02:00:00
2020-11-02,4,2020,7.9,23.9,SE,0.0,-100.0,6.9,Low,24.3,58.0,2020-11-02 02:00:00
2020-11-03,4,2020,15.0,25.9,E,2.8,0.0,6.8,Low,24.6,62.0,2020-11-03 02:00:00
2020-11-04,4,2020,8.2,14.2,SE,0.5,-84.0,6.9,Low,25.4,62.0,2020-11-04 02:00:00
2020-11-05,4,2020,12.4,29.9,NW,4.2,824.0,6.9,Low,25.3,60.0,2020-11-05 02:00:00
2020-11-06,4,2020,10.9,19.1,S,2.6,-39.0,7.0,Low,25.1,57.0,2020-11-06 02:00:00
2020-11-07,4,2020,8.8,16.6,E,2.2,-14.0,6.9,Low,24.9,59.0,2020-11-07 02:00:00
2020-11-08,4,2020,11.6,27.0,E,0.0,-100.0,6.8,Low,24.7,66.0,2020-11-08 02:00:00
2020-11-09,4,2020,9.4,25.4,E,1.1,0.0,6.8,Low,25.7,61.0,2020-11-09 02:00:00
2020-11-10,4,2020,11.0,23.3,NW,2.9,159.0,6.9,Low,25.3,63.0,2020-11-10 02:00:00
2020-11-11,4,2020,10.0,25.8,NW,1.2,-59.0,6.8,Low,25.1,63.0,2020-11-11 02:00:00
2020-11-12,4,2020,8.2,19.0,W,2.8,143.0,6.9,Low,24.3,54.0,2020-11-12 02:00:00
2020-11-13,4,2020,9.4,26.0,E,0.0,-100.0,6.8,Low,25.3,62.0,2020-11-13 02:00:00
2020-11-14,4,2020,9.9,15.7,E,0.0,0.0,6.8,Low,26.0,58.0,2020-11-14 02:00:00
2020-11-15,4,2020,11.1,18.9,SE,0.0,-100.0,6.7,Low,25.8,63.0,2020-11-15 02:00:00
2020-11-16,4,2020,10.9,25.9,SW,1.8,0.0,6.6,Low,26.9,63.0,2020-11-16 02:00:00
2020-11-17,4,2020,9.2,16.8,NW,5.0,179.0,6.7,Low,26.0,63.0,2020-11-17 02:00:00
2020-11-18,4,2020,12.0,28.0,NE,0.3,-94.0,6.8,Low,26.5,56.0,2020-11-18 02:00:00
2020-11-19,4,2020,12.7,19.7,NE,0.0,-100.0,6.8,Low,25.5,64.0,2020-11-19 02:00:00
2020-11-20,4,2020,7.7,22.3,SW,1.3,0.0,6.8,Low,25.6,61.0,2020-11-20 02:00:00
2020-11-21,4,2020,9.3,22.6,W,5.7,332.0,6.9,Low,26.4,58.0,2020-11-21 02:00:00
2020-11-22,4,2020,12.1,21.1,NE,0.0,-100.0,6.9,Low,24.5,56.0,2020-11-22 02:00:00
2020-11-23,4,2020,12.1,28.3,E,6.7,0.0,6.9,Low,24.7,64.0,2020-11-23 02:00:00
2020-11-24,4,2020,10.7,26.7,NW,0.0,-100.0,6.9,Low,24.3,63.0,2020-11-24 02:00:00
2020-11-25,4,2020,9.9,24.7,NE,0.0,-100.0,6.8,Low,25.5,57.0,2020-11-25 02:00:00
2020-11-26,4,2020,10.3,18.3,E,5.7,0.0,6.7,Low,25.6,57.0,2020-11-26 02:00:00
2020-11-27,4,2020,10.9,28.7,NE,3.3,-43.0,6.8,Low,25.3,64.0,2020-11-27 02:00:00
2020-11-28,4,2020,9.3,21.1,NW,2.0,-39.0,7.1,Low,25.8,65.0,2020-11-28 02:00:00
2020-11-29,4,2020,11.8,26.6,NW,2.4,22.0,6.9,Low,25.6,59.0,2020-11-29 02:00:00
2020-11-30,4,2020,10.4,27.6,S,1.3,-46.0,6.7,Low,26.0,60.0,2020-11-30 02:00:00
2020-12-01,4,2020,11.5,21.3,SW,1.8,33.0,7.0,Low,24.9,62.0,2020-12-01 02:00:00
2020-12-02,4,2020,10.0,18.0,NE,0.4,-80.0,6.6,Low,25.3,65.0,2020-12-02 02:00:00
2020-12-03,4,2020,8.5,15.4,W,4.7,1221.0,6.9,Low,26.6,59.0,2020-12-03 02:00:00
2020-12-04,4,2020,10.5,18.7,W,0.0,-100.0,6.9,Low,25.8,66.0,2020-12-04 02:00:00
2020-12-05,4,2020,10.5,19.3,S,0.0,0.0,6.8,Low,24.7,61.0,2020-12-05 02:00:00
2020-12-06,4,2020,11.7,26.4,S,9.6,0.0,6.8,Low,25.0,63.0,2020-12-06 02:00:00
2020-12-07,4,2020,10.2,26.6,S,1.8,-81.0,6.9,Low,26.3,59.0,2020-12-07 02:00:00
2020-12-08,4,2020,11.4,19.9,N,0.0,-100.0,6.9,Low,24.4,63.0,2020-12-08 02:00:00
2020-12-09,4,2020,10.0,17.7,SE,1.6,0.0,6.8,Low,25.6,60.0,2020-12-09 02:00:00
2020-12-10,4,2020,10.6,19.4,NE,0.8,-48.0,7.0,Low,25.7,64.0,2020-12-10 02:00:00
2020-12-11,4,2020,9.7,24.1,S,0.3,-65.0,7.0,Low,26.2,62.0,2020-12-11 02:00:00
2020-12-12,4,2020,11.2,17.7,N,0.3,4.0,6.8,Low,25.1,61.0,2020-12-12 02:00:00
2020-12-13,4,2020,10.5,26.0,SW,3.6,1100.0,6.9,Low,23.8,62.0,2020-12-13 02:00:00
2020-12-14,4,2020,8.7,21.0,NW,2.1,-42.0,6.7,Low,24.1,62.0,2020-12-14 02:00:00
2020-12-15,4,2020,10.7,27.4,N,1.3,-39.0,6.9,Low,26.1,55.0,2020-12-15 02:00:00
2020-12-16,4,2020,11.9,21.4,NW,0.0,-100.0,7.0,Low,25.5,60.0,2020-12-16 02:00:00
2020-12-17,4,2020,10.3,25.7,SW,0.0,0.0,6.9,Low,26.2,59.0,2020-12-17 02:00:00
2020-12-18,4,2020,10.2,27.7,W,0.1,0.0,6.9,Low,26.4,60.0,2020-12-18 02:00:00
2020-12-19,4,2020,8.5,13.8,SW,0.0,-100.0,6.7,Low,25.3,63.0,2020-12-19 02:00:00
2020-12-20,4,2020,10.3,20.3,S,1.4,0.0,6.7,Low,25.9,59.0,2020-12-20 02:00:00
2020-12-21,4,2020,8.2,21.6,SE,0.0,-100.0,7.0,Low,25.7,62.0,2020-12-21 02:00:00
2020-12-22,4,2020,12.3,29.3,SE,1.0,0.0,6.8,Low,25.7,62.0,2020-12-22 02:00:00
2020-12-23,4,2020,12.3,24.8,NW,0.0,-100.0,6.7,Low,25.4,57.0,2020-12-23 02:00:00
2020-12-24,4,2020,10.2,20.9,E,0.7,0.0,6.9,Low,26.0,59.0,2020-12-24 02:00:00
2020-12-25,4,2020,11.1,27.3,S,1.0,34.0,6.8,Low,24.5,60.0,2020-12-25 02:00:00
2020-12-26,4,2020,14.4,28.7,W,2.0,104.0,6.6,Low,25.4,58.0,2020-12-26 02:00:00
2020-12-27,4,2020,10.2,17.6,S,0.0,-100.0,6.8,Low,25.1,63.0,2020-12-27 02:00:00
2020-12-28,4,2020,9.1,22.2,SW,0.0,0.0,6.9,Low,26.8,60.0,2020-12-28 02:00:00
2020-12-29,4,2020,10.2,16.7,N,0.5,0.0,6.8,Low,25.6,62.0,2020-12-29 02:00:00
2020-12-30,4,2020,10.2,16.0,SE,0.0,-100.0,6.8,Low,25.3,61.0,2020-12-30 02:00:00
2020-12-31,4,2020,9.7,24.0,NW,0.0,0.0,6.8,Low,25.7,63.0,2020-12-31 02:00:00
2021-01-01,4,2021,12.0,29.7,SW,0.2,0.0,7.2,Med-High,21.9,71.0,2021-01-01 02:00:00
2021-01-02,4,2021,10.3,26.5,W,3.3,1637.0,7.3,Med-High,21.1,72.0,2021-01-02 02:00:00
2021-01-03,4,2021,11.0,24.3,S,1.1,-66.0,7.0,Med-High,22.8,71.0,2021-01-03 02:00:00
2021-01-04,4,2021,9.2,19.4,SW,2.4,118.0,7.0,Med-High,20.9,64.0,2021-01-04 02:00:00
2021-01-05,4,2021,9.3,26.1,E,1.6,-33.0,7.2,Med-High,21.9,73.0,2021-01-05 02:00:00
2021-01-06,4,2021,11.1,16.6,N,0.4,-74.0,7.3,Med-High,22.7,69.0,2021-01-06 02:00:00
2021-01-07,4,2021,8.1,23.9,N,0.1,-81.0,7.2,Med-High,21.4,70.0,2021-01-07 02:00:00
2021-01-08,4,2021,10.7,18.4,W,3.1,3866.0,7.3,Med-High,22.2,72.0,2021-01-08 02:00:00
2021-01-09,4,2021,10.9,16.4,N,1.2,-62.0,7.1,Med-High,22.5,74.0,2021-01-09 02:00:00
2021-01-10,4,2021,12.7,19.5,N,4.0,240.0,7.3,Med-High,21.2,70.0,2021-01-10 02:00:00
2021-01-11,4,2021,11.5,20.1,W,0.0,-100.0,7.3,Med-High,22.4,68.0,2021-01-11 02:00:00
2021-01-12,4,2021,11.0,20.2,SW,4.0,0.0,7.2,Med-High,21.9,75.0,2021-01-12 02:00:00
2021-01-13,4,2021,11.7,17.7,S,1.6,-60.0,7.2,Med-High,22.3,72.0,2021-01-13 02:00:00
2021-01-14,4,2021,12.9,26.5,NE,0.2,-87.0,7.2,Med-High,22.3,72.0,2021-01-14 02:00:00
2021-01-15,4,2021,11.6,18.8,S,2.7,1180.0,7.1,Med-High,21.7,67.0,2021-01-15 02:00:00
2021-01-16,4,2021,10.1,22.0,SE,2.9,4.0,7.2,Med-High,21.2,68.0,2021-01-16 02:00:00
2021-01-17,4,2021,11.0,19.0,SE,3.4,20.0,7.3,Med-High,22.5,73.0,2021-01-17 02:00:00
2021-01-18,4,2021,10.0,18.8,S,0.0,-100.0,7.1,Med-High,22.5,67.0,2021-01-18 02:00:00
2021-01-19,4,2021,11.9,20.8,S,1.4,0.0,7.2,Med-High,22.6,70.0,2021-01-19 02:00:00
2021-01-20,4,2021,11.1,24.9,NW,3.1,117.0,7.2,Med-High,21.0,79.0,2021-01-20 02:00:00
2021-01-21,4,2021,12.2,26.7,NE,3.8,21.0,7.3,Med-High,22.0,67.0,2021-01-21 02:00:00
2021-01-22,4,2021,10.7,21.2,SW,3.5,-7.0,7.1,Med-High,22.8,76.0,2021-01-22 02:00:00
2021-01-23,4,2021,10.7,17.2,S,0.8,-76.0,7.1,Med-High,23.8,73.0,2021-01-23 02:00:00
2021-01-24,4,2021,9.6,18.4,W,2.8,246.0,7.2,Med-High,21.3,70.0,2021-01-24 02:00:00
2021-01-25,4,2021,13.2,28.7,NE,0.3,-91.0,7.1,Med-High,22.0,71.0,2021-01-25 02:00:00
2021-01-26,4,2021,11.2,22.8,E,3.7,1362.0,7.4,Med-High,22.2,75.0,2021-01-26 02:00:00
2021-01-27,4,2021,10.2,22.7,NE,3.8,3.0,7.4,Med-High,21.3,73.0,2021-01-27 02:00:00
2021-01-28,4,2021,8.1,13.8,S,0.3,-93.0,7.2,Med-High,22.6,71.0,2021-01-28 02:00:00
2021-01-29,4,2021,8.6,22.3,SW,0.0,-96.0,7.2,Med-High,23.0,73.0,2021-01-29 02:00:00
2021-01-30,4,2021,8.7,24.1,S,10.3,93419.0,7.2,Med-High,23.6,69.0,2021-01-30 02:00:00
2021-01-31,4,2021,10.8,26.6,SW,1.4,-86.0,7.0,Med-High,21.5,75.0,2021-01-31 02:00:00
2021-02-01,4,2021,11.1,26.7,SW,1.3,-11.0,7.2,Med-High,20.9,72.0,2021-02-01 02:00:00
2021-02-02,4,2021,10.6,17.2,NW,0.8,-34.0,7.1,Med-High,22.9,69.0,2021-02-02 02:00:00
2021-02-03,4,2021,12.1,23.4,SW,1.8,120.0,7.2,Med-High,22.3,74.0,2021-02-03 02:00:00
2021-02-04,4,2021,9.7,21.6,N,0.8,-56.0,7.1,Med-High,22.4,67.0,2021-02-04 02:00:00
2021-02-05,4,2021,11.6,27.6,W,2.7,238.0,7.0,Med-High,22.4,66.0,2021-02-05 02:00:00
2021-02-06,4,2021,10.6,22.2,S,0.1,-95.0,7.2,Med-High,22.3,70.0,2021-02-06 02:00:00
2021-02-07,4,2021,10.8,27.6,W,1.0,676.0,7.1,Med-High,22.5,68.0,2021-02-07 02:00:00
2021-02-08,4,2021,11.9,21.8,W,1.2,17.0,7.1,Med-High,23.7,71.0,2021-02-08 02:00:00
2021-02-09,4,2021,9.4,17.0,E,0.2,-84.0,7.3,Med-High,22.3,74.0,2021-02-09 02:00:00
2021-02-10,4,2021,11.7,28.9,NW,1.3,528.0,7.2,Med-High,22.7,67.0,2021-02-10 02:00:00
2021-02-11,4,2021,10.4,27.8,NW,0.4,-68.0,7.0,Med-High,22.0,72.0,2021-02-11 02:00:00
2021-02-12,4,2021,9.9,21.2,NE,1.3,220.0,7.3,Med-High,21.3,68.0,2021-02-12 02:00:00
2021-02-13,4,2021,11.4,17.7,W,1.1,-19.0,7.2,Med-High,22.9,71.0,2021-02-13 02:00:00
2021-02-14,4,2021,9.5,24.7,NE,0.5,-49.0,7.2,Med-High,22.6,69.0,2021-02-14 02:00:00
2021-02-15,4,2021,9.1,15.2,SE,2.3,316.0,7.1,Med-High,21.8,72.0,2021-02-15 02:00:00
2021-02-16,4,2021,10.8,26.7,N,6.2,172.0,7.1,Med-High,22.7,65.0,2021-02-16 02:00:00
2021-02-17,4,2021,10.1,24.9,SE,0.5,-91.0,7.3,Med-High,22.2,71.0,2021-02-17 02:00:00
2021-02-18,4,2021,10.3,27.4,NE,1.7,206.0,7.1,Med-High,22.0,71.0,2021-02-18 02:00:00
2021-02-19,4,2021,11.7,22.8,W,1.4,-16.0,6.9,Med-High,23.3,68.0,2021-02-19 02:00:00
2021-02-20,4,2021,10.6,22.0,N,3.2,128.0,6.9,Med-High,22.4,70.0,2021-02-20 02:00:00
2021-02-21,4,2021,13.1,26.5,E,4.0,26.0,7.3,Med-High,22.3,75.0,2021-02-21 02:00:00
2021-02-22,4,2021,11.9,19.1,W,3.8,-6.0,7.0,Med-High,22.0,65.0,2021-02-22 02:00:00
2021-02-23,4,2021,8.9,14.5,SE,0.4,-89.0,7.0,Med-High,22.3,67.0,2021-02-23 02:00:00
2021-02-24,4,2021,10.1,15.8,E,0.3,-38.0,7.2,Med-High,23.0,64.0,2021-02-24 02:00:00
2021-02-25,4,2021,12.0,18.9,SE,0.0,-100.0,7.1,Med-High,23.2,71.0,2021-02-25 02:00:00
2021-02-26,4,2021,12.0,23.0,N,1.2,0.0,7.1,Med-High,22.4,70.0,2021-02-26 02:00:00
2021-02-27,4,2021,9.8,17.1,NE,9.2,663.0,7.1,Med-High,22.7,71.0,2021-02-27 02:00:00
2021-02-28,4,2021,9.6,23.6,SW,1.5,-84.0,7.0,Med-High,23.0,70.0,2021-02-28 02:00:00
2021-03-01,4,2021,12.7,27.5,W,0.0,-100.0,7.2,Med-High,22.8,70.0,2021-03-01 02:00:00
2021-03-02,4,2021,10.4,22.0,SW,2.1,0.0,7.1,Med-High,22.3,72.0,2021-03-02 02:00:00
2021-03-03,4,2021,8.2,23.4,S,0.6,-70.0,7.0,Med-High,22.8,69.0,2021-03-03 02:00:00
2021-03-04,4,2021,10.8,17.1,N,0.4,-37.0,7.1,Med-High,24.2,71.0,2021-03-04 02:00:00
2021-03-05,4,2021,9.3,27.1,E,7.6,1789.0,7.2,Med-High,23.7,68.0,2021-03-05 02:00:00
2021-03-06,4,2021,9.1,15.5,N,8.8,15.0,7.1,Med-High,21.9,73.0,2021-03-06 02:00:00
2021-03-07,4,2021,8.7,25.9,W,1.8,-79.0,7.1,Med-High,23.0,68.0,2021-03-07 02:00:00
2021-03-08,4,2021,10.1,16.6,SW,0.2,-90.0,7.2,Med-High,22.5,75.0,2021-03-08 02:00:00
2021-03-09,4,2021,11.1,26.3,E,0.2,5.0,7.0,Med-High,22.4,70.0,2021-03-09 02:00:00
2021-03-10,4,2021,9.0,25.9,N,0.0,-100.0,7.1,Med-High,22.6,70.0,2021-03-10 02:00:00
2021-03-11,4,2021,10.8,20.5,N,0.8,188316.0,7.1,Med-High,22.9,69.0,2021-03-11 02:00:00
2021-03-12,4,2021,11.8,26.3,N,2.6,224.0,7.3,Med-High,23.4,71.0,2021-03-12 02:00:00
2021-03-13,4,2021,11.1,20.1,S,2.5,-4.0,7.2,Med-High,22.2,65.0,2021-03-13 02:00:00
2021-03-14,4,2021,9.9,18.4,SE,2.6,6.0,7.2,Med-High,22.9,71.0,2021-03-14 02:00:00
2021-03-15,4,2021,9.8,24.2,NW,3.0,15.0,7.1,Med-High,22.5,72.0,2021-03-15 02:00:00
2021-03-16,4,2021,11.2,17.7,N,2.0,-34.0,7.1,Med-High,23.4,73.0,2021-03-16 02:00:00
2021-03-17,4,2021,6.0,21.3,E,0.0,-100.0,7.2,Med-High,22.8,68.0,2021-03-17 02:00:00
2021-03-18,4,2021,12.0,21.8,W,0.0,0.0,7.2,Med-High,22.3,68.0,2021-03-18 02:00:00
2021-03-19,4,2021,9.8,25.3,S,2.1,0.0,7.2,Med-High,23.5,71.0,2021-03-19 02:00:00
2021-03-20,4,2021,11.5,17.3,SW,2.5,16.0,7.1,Med-High,22.1,68.0,2021-03-20 02:00:00
2021-03-21,4,2021,10.5,27.5,SE,0.2,-92.0,7.2,Med-High,21.9,70.0,2021-03-21 02:00:00
2021-03-22,4,2021,11.0,23.8,SE,1.1,456.0,7.2,Med-High,22.1,64.0,2021-03-22 02:00:00
2021-03-23,4,2021,11.5,17.6,N,1.2,12.0,7.0,Med-High,23.7,72.0,2021-03-23 02:00:00
2021-03-24,4,2021,11.1,20.7,S,0.0,-100.0,7.2,Med-High,22.0,68.0,2021-03-24 02:00:00
2021-03-25,4,2021,10.8,28.0,E,1.0,0.0,7.0,Med-High,23.3,66.0,2021-03-25 02:00:00
2021-03-26,4,2021,12.2,29.4,E,1.6,67.0,7.2,Medium,23.9,66.0,2021-03-26 02:00:00
2021-03-27,4,2021,9.7,23.8,NW,1.6,0.0,7.1,Medium,22.9,70.0,2021-03-27 02:00:00
2021-03-28,4,2021,10.3,18.3,SE,2.3,44.0,6.9,Med-High,23.3,69.0,2021-03-28 02:00:00
2021-03-29,4,2021,12.5,18.9,N,0.4,-84.0,7.2,Med-High,21.9,67.0,2021-03-29 02:00:00
2021-03-30,4,2021,10.4,21.3,N,1.0,175.0,7.1,Medium,23.6,71.0,2021-03-30 02:00:00
2021-03-31,4,2021,9.7,24.6,SW,0.1,-90.0,7.2,Medium,24.1,73.0,2021-03-31 02:00:00
2021-04-01,4,2021,9.9,19.3,NE,1.0,886.0,6.9,Medium,23.7,74.0,2021-04-01 02:00:00
2021-04-02,4,2021,10.5,16.3,SW,4.3,325.0,7.0,Medium,23.0,68.0,2021-04-02 02:00:00
2021-04-03,4,2021,11.0,22.4,SW,2.4,-44.0,7.0,Medium,22.2,73.0,2021-04-03 02:00:00
2021-04-04,4,2021,10.8,25.4,NE,0.6,-73.0,7.1,Medium,22.0,74.0,2021-04-04 02:00:00
2021-04-05,4,2021,11.5,23.3,S,0.0,-100.0,7.1,Medium,23.5,72.0,2021-04-05 02:00:00
2021-04-06,4,2021,10.4,15.5,SW,1.4,0.0,7.0,Medium,22.7,71.0,2021-04-06 02:00:00
2021-04-07,4,2021,10.2,23.1,SE,6.0,329.0,7.1,Medium,22.8,69.0,2021-04-07 02:00:00
2021-04-08,4,2021,8.6,22.8,E,1.3,-79.0,7.1,Medium,22.3,67.0,2021-04-08 02:00:00
2021-04-09,4,2021,11.7,25.1,NE,1.4,15.0,7.1,Medium,22.7,68.0,2021-04-09 02:00:00
2021-04-10,4,2021,10.3,27.1,SW,0.5,-63.0,7.1,Medium,22.4,67.0,2021-04-10 02:00:00
2021-04-11,4,2021,12.6,23.3,N,1.7,223.0,7.1,Medium,23.4,69.0,2021-04-11 02:00:00
2021-04-12,4,2021,11.1,20.1,NE,2.4,39.0,7.1,Medium,23.2,67.0,2021-04-12 02:00:00
2021-04-13,4,2021,13.8,23.6,W,6.6,176.0,7.1,Medium,21.6,66.0,2021-04-13 02:00:00
2021-04-14,4,2021,10.8,16.2,SW,0.0,-100.0,6.9,Medium,22.3,66.0,2021-04-14 02:00:00
2021-04-15,4,2021,10.2,27.4,NW,0.0,0.0,7.1,Low,22.5,66.0,2021-04-15 02:00:00
2021-04-16,4,2021,10.9,17.0,NW,1.6,0.0,6.9,Low,24.5,70.0,2021-04-16 02:00:00
2021-04-17,4,2021,10.9,17.9,E,2.2,38.0,6.8,Low,23.4,68.0,2021-04-17 02:00:00
2021-04-18,4,2021,10.3,24.5,S,0.0,-100.0,7.0,Low,21.9,66.0,2021-04-18 02:00:00
2021-04-19,4,2021,10.2,22.9,SE,1.9,0.0,7.1,Low,23.0,73.0,2021-04-19 02:00:00
2021-04-20,4,2021,13.0,29.4,N,1.6,-18.0,7.0,Low,23.9,63.0,2021-04-20 02:00:00
2021-04-21,4,2021,11.5,23.8,SE,1.4,-10.0,7.1,Low,22.5,66.0,2021-04-21 02:00:00
2021-04-22,4,2021,11.2,20.7,SW,0.0,-100.0,7.0,Low,23.5,70.0,2021-04-22 02:00:00
2021-04-23,4,2021,9.7,20.8,S,4.3,0.0,7.0,Low,22.8,68.0,2021-04-23 02:00:00
2021-04-24,4,2021,11.2,17.3,SE,4.8,14.0,7.0,Low,23.4,67.0,2021-04-24 02:00:00
2021-04-25,4,2021,11.2,22.0,NW,0.3,-94.0,7.1,Low,23.9,67.0,2021-04-25 02:00:00
2021-04-26,4,2021,10.9,26.4,E,0.5,68.0,7.2,Low,22.7,64.0,2021-04-26 02:00:00
2021-04-27,4,2021,10.0,26.9,NW,0.6,35.0,7.0,Low,24.0,66.0,2021-04-27 02:00:00
2021-04-28,4,2021,10.2,18.8,S,3.1,393.0,7.1,Low,23.9,65.0,2021-04-28 02:00:00
2021-04-29,4,2021,9.5,20.5,N,0.0,-100.0,7.1,Low,23.1,69.0,2021-04-29 02:00:00
2021-04-30,4,2021,11.6,23.7,S,0.0,0.0,7.1,Low,22.5,70.0,2021-04-30 02:00:00
2021-05-01,4,2021,8.9,20.0,N,1.1,0.0,7.0,Low,23.0,71.0,2021-05-01 02:00:00
2021-05-02,4,2021,12.4,18.3,E,0.1,-89.0,6.9,Low,23.0,67.0,2021-05-02 02:00:00
2021-05-03,4,2021,12.2,19.5,S,1.7,1303.0,7.3,Low,23.4,70.0,2021-05-03 02:00:00
2021-05-04,4,2021,11.8,25.3,SE,2.7,56.0,7.0,Low,23.0,69.0,2021-05-04 02:00:00
2021-05-05,4,2021,11.0,17.0,SW,2.4,-11.0,7.0,Low,22.9,69.0,2021-05-05 02:00:00
2021-05-06,4,2021,9.0,17.3,SE,4.6,94.0,6.9,Low,22.4,69.0,2021-05-06 02:00:00
2021-05-07,4,2021,9.2,27.1,E,0.8,-83.0,7.0,Low,22.5,65.0,2021-05-07 02:00:00
2021-05-08,4,2021,13.7,25.0,NW,1.4,79.0,7.0,Low,23.0,66.0,2021-05-08 02:00:00
2021-05-09,4,2021,11.0,17.1,SE,2.2,55.0,7.0,Low,22.4,66.0,2021-05-09 02:00:00
2021-05-10,4,2021,12.6,18.8,E,6.7,202.0,7.0,Low,22.7,72.0,2021-05-10 02:00:00
2021-05-11,4,2021,11.9,20.9,W,1.9,-72.0,7.1,Low,23.2,66.0,2021-05-11 02:00:00
2021-05-12,4,2021,7.7,17.0,NE,1.4,-26.0,7.1,Low,25.0,66.0,2021-05-12 02:00:00
2021-05-13,4,2021,10.1,28.0,E,0.5,-62.0,7.1,Low,23.3,72.0,2021-05-13 02:00:00
2021-05-14,4,2021,10.1,18.5,NE,0.0,-100.0,7.1,Low,22.9,66.0,2021-05-14 02:00:00
2021-05-15,4,2021,12.1,19.6,E,0.3,0.0,7.1,Low,23.3,72.0,2021-05-15 02:00:00
2021-05-16,4,2021,12.2,20.8,S,12.0,4012.0,7.0,Medium,23.6,67.0,2021-05-16 02:00:00
2021-05-17,4,2021,9.1,17.3,N,0.5,-96.0,7.0,Medium,22.9,69.0,2021-05-17 02:00:00
2021-05-18,4,2021,11.6,22.3,SW,1.8,256.0,7.1,Medium,22.6,69.0,2021-05-18 02:00:00
2021-05-19,4,2021,8.4,19.2,W,0.8,-55.0,7.1,Medium,23.8,65.0,2021-05-19 02:00:00
2021-05-20,4,2021,12.6,20.4,W,1.0,25.0,7.0,Medium,25.4,70.0,2021-05-20 02:00:00
2021-05-21,4,2021,12.0,17.8,E,1.0,-3.0,7.1,Low,24.1,66.0,2021-05-21 02:00:00
2021-05-22,4,2021,10.2,27.9,SW,3.6,266.0,7.1,Medium,24.2,68.0,2021-05-22 02:00:00
2021-05-23,4,2021,12.4,27.2,S,2.0,-45.0,7.2,Low,24.7,66.0,2021-05-23 02:00:00
2021-05-24,4,2021,9.9,25.7,W,0.9,-53.0,7.0,Medium,22.7,73.0,2021-05-24 02:00:00
2021-05-25,4,2021,10.4,21.4,NE,0.2,-79.0,7.0,Medium,22.9,69.0,2021-05-25 02:00:00
2021-05-26,4,2021,12.5,26.0,SW,0.8,306.0,7.0,Low,21.3,62.0,2021-05-26 02:00:00
2021-05-27,4,2021,8.3,24.6,SE,1.4,83.0,7.1,Low,24.0,65.0,2021-05-27 02:00:00
2021-05-28,4,2021,10.0,22.4,N,1.8,26.0,7.1,Low,23.8,69.0,2021-05-28 02:00:00
2021-05-29,4,2021,11.7,29.5,N,2.9,62.0,7.1,Low,22.8,69.0,2021-05-29 02:00:00
2021-05-30,4,2021,11.0,18.7,S,0.7,-75.0,7.0,Low,23.8,66.0,2021-05-30 02:00:00
2021-05-31,4,2021,9.7,15.1,NE,1.6,120.0,7.0,Low,22.1,60.0,2021-05-31 02:00:00
2021-06-01,4,2021,12.0,22.0,W,0.0,-99.0,7.0,Low,22.8,63.0,2021-06-01 02:00:00
2021-06-02,4,2021,11.4,24.3,W,0.0,-100.0,7.1,Low,24.4,65.0,2021-06-02 02:00:00
2021-06-03,4,2021,11.4,22.8,E,4.5,0.0,7.0,Low,24.2,64.0,2021-06-03 02:00:00
2021-06-04,4,2021,10.5,25.6,E,3.2,-28.0,7.2,Low,22.9,70.0,2021-06-04 02:00:00
2021-06-05,4,2021,12.1,24.8,SE,0.0,-100.0,7.1,Low,23.9,66.0,2021-06-05 02:00:00
2021-06-06,4,2021,9.5,21.9,W,0.0,0.0,7.0,Low,24.5,69.0,2021-06-06 02:00:00
2021-06-07,4,2021,11.4,16.5,SE,0.5,0.0,6.9,Low,24.0,66.0,2021-06-07 02:00:00
2021-06-08,4,2021,12.4,27.2,W,1.4,205.0,7.2,Low,23.4,70.0,2021-06-08 02:00:00
2021-06-09,4,2021,11.1,23.7,W,0.0,-100.0,6.9,Low,24.1,67.0,2021-06-09 02:00:00
2021-06-10,4,2021,11.9,18.0,S,0.0,0.0,7.0,Low,23.4,65.0,2021-06-10 02:00:00
2021-06-11,4,2021,11.6,28.3,NW,2.3,0.0,6.9,Low,23.0,69.0,2021-06-11 02:00:00
2021-06-12,4,2021,11.1,21.9,S,0.2,-91.0,7.1,Low,24.2,65.0,2021-06-12 02:00:00
2021-06-13,4,2021,9.3,25.7,NW,0.0,-100.0,6.9,Low,23.3,64.0,2021-06-13 02:00:00
2021-06-14,4,2021,11.4,18.6,E,4.2,0.0,7.1,Low,24.4,64.0,2021-06-14 02:00:00
2021-06-15,4,2021,8.8,15.6,SE,2.0,-52.0,7.0,Low,23.5,69.0,2021-06-15 02:00:00
2021-06-16,4,2021,11.8,22.1,W,0.0,-99.0,7.0,Low,24.5,70.0,2021-06-16 02:00:00
2021-06-17,4,2021,11.4,27.6,NE,1.5,14012.0,6.9,Low,22.9,66.0,2021-06-17 02:00:00
2021-06-18,4,2021,11.6,22.1,SW,0.5,-69.0,7.1,Low,23.7,65.0,2021-06-18 02:00:00
2021-06-19,4,2021,8.8,25.4,SE,0.0,-100.0,6.9,Low,24.2,67.0,2021-06-19 02:00:00
2021-06-20,4,2021,9.6,27.4,E,0.0,0.0,7.1,Low,23.3,68.0,2021-06-20 02:00:00
2021-06-21,4,2021,9.7,18.8,NW,4.4,24000.0,7.1,Low,23.3,71.0,2021-06-21 02:00:00
2021-06-22,4,2021,9.6,15.9,N,0.0,-99.0,7.2,Low,24.3,70.0,2021-06-22 02:00:00
2021-06-23,4,2021,11.5,26.9,S,3.4,11262.0,7.1,Low,23.2,67.0,2021-06-23 02:00:00
2021-06-24,4,2021,11.3,17.5,NW,0.0,-100.0,6.9,Low,23.6,63.0,2021-06-24 02:00:00
2021-06-25,4,2021,13.4,26.8,SE,1.1,0.0,6.9,Low,23.2,66.0,2021-06-25 02:00:00
2021-06-26,4,2021,11.4,28.2,N,0.0,-100.0,6.9,Low,24.6,63.0,2021-06-26 02:00:00
2021-06-27,4,2021,11.1,24.8,SE,2.8,0.0,7.0,Low,24.1,68.0,2021-06-27 02:00:00
2021-06-28,4,2021,11.5,18.6,NW,0.0,-100.0,7.0,Low,24.0,67.0,2021-06-28 02:00:00
2021-06-29,4,2021,8.9,21.7,W,1.1,10677.0,6.8,Low,22.9,58.0,2021-06-29 02:00:00
2021-06-30,4,2021,12.1,21.8,E,6.2,486.0,7.0,Low,23.2,63.0,2021-06-30 02:00:00
2021-07-01,4,2021,11.1,23.9,S,1.8,-71.0,6.9,Low,23.1,66.0,2021-07-01 02:00:00
2021-07-02,4,2021,10.0,21.8,NE,0.7,-59.0,7.0,Low,23.3,65.0,2021-07-02 02:00:00
2021-07-03,4,2021,9.2,17.7,E,0.0,-100.0,7.1,Low,23.8,68.0,2021-07-03 02:00:00
2021-07-04,4,2021,7.7,18.3,SE,0.0,0.0,7.0,Low,23.7,63.0,2021-07-04 02:00:00
2021-07-05,4,2021,8.4,25.4,E,1.5,0.0,7.1,Low,23.4,66.0,2021-07-05 02:00:00
2021-07-06,4,2021,9.9,22.9,E,0.0,-100.0,6.9,Low,23.9,69.0,2021-07-06 02:00:00
2021-07-07,4,2021,11.8,27.7,SW,0.9,0.0,7.0,Low,22.6,67.0,2021-07-07 02:00:00
2021-07-08,4,2021,9.5,17.2,E,0.6,-34.0,6.8,Low,24.4,65.0,2021-07-08 02:00:00
2021-07-09,4,2021,12.0,26.6,NW,1.2,103.0,7.0,Low,25.8,67.0,2021-07-09 02:00:00
2021-07-10,4,2021,13.0,25.9,N,1.2,-6.0,7.1,Low,23.3,64.0,2021-07-10 02:00:00
2021-07-11,4,2021,10.7,19.1,NE,0.0,-100.0,7.0,Low,24.3,69.0,2021-07-11 02:00:00
2021-07-12,4,2021,9.0,19.3,N,3.2,0.0,7.1,Low,25.2,69.0,2021-07-12 02:00:00
2021-07-13,4,2021,12.8,28.5,SW,0.3,-92.0,7.0,Low,23.3,66.0,2021-07-13 02:00:00
2021-07-14,4,2021,12.4,18.8,E,3.7,1331.0,6.8,Low,23.0,68.0,2021-07-14 02:00:00
2021-07-15,4,2021,9.6,16.8,S,0.0,-100.0,6.8,Low,23.3,67.0,2021-07-15 02:00:00
2021-07-16,4,2021,11.2,21.1,N,0.0,0.0,7.1,Low,25.0,62.0,2021-07-16 02:00:00
2021-07-17,4,2021,10.9,17.4,W,3.6,0.0,7.1,Low,23.3,68.0,2021-07-17 02:00:00
2021-07-18,4,2021,11.5,24.4,SW,0.4,-89.0,7.0,Low,25.1,61.0,2021-07-18 02:00:00
2021-07-19,4,2021,11.4,24.7,SW,1.9,405.0,6.9,Low,23.9,60.0,2021-07-19 02:00:00
2021-07-20,4,2021,8.8,18.2,SW,8.6,347.0,7.1,Low,22.8,67.0,2021-07-20 02:00:00
2021-07-21,4,2021,9.0,18.2,N,5.0,-42.0,6.9,Low,24.6,56.0,2021-07-21 02:00:00
2021-07-22,4,2021,12.1,21.5,N,1.2,-76.0,7.0,Low,23.6,62.0,2021-07-22 02:00:00
2021-07-23,4,2021,8.8,22.0,NW,0.2,-86.0,7.0,Low,25.1,69.0,2021-07-23 02:00:00
2021-07-24,4,2021,8.7,18.7,W,0.0,-100.0,7.1,Low,24.1,62.0,2021-07-24 02:00:00
2021-07-25,4,2021,7.1,15.0,SW,0.6,0.0,6.8,Low,23.9,61.0,2021-07-25 02:00:00
2021-07-26,4,2021,9.0,16.2,E,1.5,140.0,6.9,Low,24.1,57.0,2021-07-26 02:00:00
2021-07-27,4,2021,9.7,21.6,SW,2.9,92.0,6.9,Low,24.7,66.0,2021-07-27 02:00:00
2021-07-28,4,2021,10.3,26.6,SW,0.5,-84.0,6.9,Low,23.2,69.0,2021-07-28 02:00:00
2021-07-29,4,2021,13.5,22.0,S,2.1,351.0,7.1,Low,24.1,67.0,2021-07-29 02:00:00
2021-07-30,4,2021,9.2,21.1,E,0.4,-83.0,6.9,Low,24.2,60.0,2021-07-30 02:00:00
2021-07-31,4,2021,12.0,17.9,N,0.2,-43.0,7.0,Low,23.6,68.0,2021-07-31 02:00:00
2021-08-01,4,2021,10.2,21.3,N,0.3,59.0,6.9,Low,24.4,72.0,2021-08-01 02:00:00
2021-08-02,4,2021,13.1,24.6,NE,1.2,254.0,7.0,Low,24.4,66.0,2021-08-02 02:00:00
2021-08-03,4,2021,11.1,16.5,W,0.0,-100.0,6.8,Low,24.8,64.0,2021-08-03 02:00:00
2021-08-04,4,2021,7.0,18.6,NW,1.5,0.0,6.9,Low,25.0,65.0,2021-08-04 02:00:00
2021-08-05,4,2021,7.6,22.3,NE,0.8,-46.0,6.9,Low,24.9,69.0,2021-08-05 02:00:00
2021-08-06,4,2021,9.1,24.2,NE,3.3,291.0,7.1,Low,23.5,67.0,2021-08-06 02:00:00
2021-08-07,4,2021,10.0,16.4,NE,2.1,-35.0,7.0,Low,23.6,69.0,2021-08-07 02:00:00
2021-08-08,4,2021,9.8,23.6,NW,2.0,-5.0,6.9,Low,24.5,68.0,2021-08-08 02:00:00
2021-08-09,4,2021,10.8,24.5,NW,3.1,50.0,6.9,Low,23.9,67.0,2021-08-09 02:00:00
2021-08-10,4,2021,11.7,28.1,SW,0.9,-72.0,7.0,Low,23.8,64.0,2021-08-10 02:00:00
2021-08-11,4,2021,11.9,26.4,S,2.3,173.0,7.0,Low,23.9,67.0,2021-08-11 02:00:00
2021-08-12,4,2021,12.9,29.5,N,0.3,-89.0,7.0,Low,23.9,69.0,2021-08-12 02:00:00
2021-08-13,4,2021,10.3,24.3,W,0.1,-51.0,7.0,Low,24.3,64.0,2021-08-13 02:00:00
2021-08-14,4,2021,10.1,17.1,S,1.4,1035.0,6.9,Low,25.4,67.0,2021-08-14 02:00:00
2021-08-15,4,2021,11.7,18.7,E,2.3,68.0,6.8,Low,24.3,63.0,2021-08-15 02:00:00
2021-08-16,4,2021,9.6,20.4,SE,0.0,-100.0,7.0,Low,23.5,65.0,2021-08-16 02:00:00
2021-08-17,4,2021,8.5,23.7,E,0.1,0.0,6.8,Low,23.9,61.0,2021-08-17 02:00:00
2021-08-18,4,2021,10.4,17.2,E,0.3,85.0,7.1,Low,24.2,62.0,2021-08-18 02:00:00
2021-08-19,4,2021,11.5,26.8,SW,0.0,-100.0,6.9,Low,24.3,67.0,2021-08-19 02:00:00
2021-08-20,4,2021,10.6,24.9,SE,1.4,0.0,6.8,Low,24.4,64.0,2021-08-20 02:00:00
2021-08-21,4,2021,13.5,20.8,N,0.1,-93.0,7.0,Low,23.2,64.0,2021-08-21 02:00:00
2021-08-22,4,2021,11.5,19.8,W,4.0,4056.0,6.9,Low,24.8,65.0,2021-08-22 02:00:00
2021-08-23,4,2021,11.5,24.0,NE,0.5,-86.0,7.1,Low,23.3,68.0,2021-08-23 02:00:00
2021-08-24,4,2021,10.4,21.4,SW,0.5,-16.0,7.0,Low,24.8,63.0,2021-08-24 02:00:00
2021-08-25,4,2021,11.2,16.4,W,0.6,34.0,7.0,Low,25.3,62.0,2021-08-25 02:00:00
2021-08-26,4,2021,12.4,20.6,N,3.1,409.0,6.8,Low,24.7,65.0,2021-08-26 02:00:00
2021-08-27,4,2021,11.2,27.5,SW,6.4,105.0,6.9,Low,24.5,64.0,2021-08-27 02:00:00
2021-08-28,4,2021,11.8,22.6,SW,0.0,-100.0,6.9,Low,24.4,64.0,2021-08-28 02:00:00
2021-08-29,4,2021,12.8,20.4,SW,0.0,0.0,6.8,Low,24.3,62.0,2021-08-29 02:00:00
2021-08-30,4,2021,11.1,23.5,NE,0.1,0.0,6.9,Low,24.7,64.0,2021-08-30 02:00:00
2021-08-31,4,2021,10.5,24.3,N,0.7,416.0,7.1,Low,24.6,66.0,2021-08-31 02:00:00
2021-09-01,4,2021,12.3,17.8,SW,0.0,-100.0,6.9,Low,24.8,67.0,2021-09-01 02:00:00
2021-09-02,4,2021,10.6,19.4,NW,4.2,0.0,7.1,Low,24.1,63.0,2021-09-02 02:00:00
2021-09-03,4,2021,10.3,25.1,SE,0.0,-100.0,6.8,Low,24.9,63.0,2021-09-03 02:00:00
2021-09-04,4,2021,9.4,20.6,N,1.0,0.0,6.8,Low,24.6,71.0,2021-09-04 02:00:00
2021-09-05,4,2021,9.7,21.4,NW,0.7,-32.0,7.0,Low,24.3,67.0,2021-09-05 02:00:00
2021-09-06,4,2021,10.0,15.4,SE,0.0,-100.0,7.0,Low,25.0,66.0,2021-09-06 02:00:00
2021-09-07,4,2021,10.1,23.1,N,0.0,0.0,6.7,Low,25.6,66.0,2021-09-07 02:00:00
2021-09-08,4,2021,11.2,27.8,SE,0.9,0.0,7.0,Low,24.5,62.0,2021-09-08 02:00:00
2021-09-09,4,2021,11.5,26.6,N,4.3,381.0,7.0,Low,24.8,65.0,2021-09-09 02:00:00
2021-09-10,4,2021,10.1,20.3,N,0.0,-100.0,6.9,Low,25.0,62.0,2021-09-10 02:00:00
2021-09-11,4,2021,12.1,17.3,NW,6.4,0.0,7.0,Low,24.3,58.0,2021-09-11 02:00:00
2021-09-12,4,2021,9.9,26.4,W,2.1,-68.0,6.9,Low,24.6,64.0,2021-09-12 02:00:00
2021-09-13,4,2021,9.4,25.1,W,3.0,44.0,6.8,Low,25.0,59.0,2021-09-13 02:00:00
2021-09-14,4,2021,11.8,18.7,S,0.7,-75.0,6.7,Low,23.8,65.0,2021-09-14 02:00:00
2021-09-15,4,2021,11.5,25.2,SE,1.0,35.0,7.0,Low,24.3,59.0,2021-09-15 02:00:00
2021-09-16,4,2021,10.1,20.0,W,0.6,-38.0,6.8,Low,24.3,64.0,2021-09-16 02:00:00
2021-09-17,4,2021,11.6,21.0,S,4.8,673.0,6.7,Low,23.9,64.0,2021-09-17 02:00:00
2021-09-18,4,2021,10.5,19.3,N,0.7,-85.0,7.0,Low,23.9,71.0,2021-09-18 02:00:00
2021-09-19,4,2021,9.9,21.3,SW,3.4,379.0,6.8,Low,24.2,62.0,2021-09-19 02:00:00
2021-09-20,4,2021,10.3,17.9,SE,4.0,18.0,6.9,Low,24.7,59.0,2021-09-20 02:00:00
2021-09-21,4,2021,8.6,22.2,SE,0.4,-91.0,7.1,Low,23.3,66.0,2021-09-21 02:00:00
2021-09-22,4,2021,12.2,24.4,W,0.2,-48.0,6.8,Low,24.9,61.0,2021-09-22 02:00:00
2021-09-23,4,2021,10.3,18.9,NW,0.0,-100.0,6.7,Low,25.5,64.0,2021-09-23 02:00:00
2021-09-24,4,2021,8.6,19.8,S,3.6,0.0,7.1,Low,25.2,62.0,2021-09-24 02:00:00
2021-09-25,4,2021,12.3,24.7,E,8.0,120.0,6.9,Medium,24.7,64.0,2021-09-25 02:00:00
2021-09-26,4,2021,14.0,29.5,E,4.8,-39.0,6.9,Medium,24.6,63.0,2021-09-26 02:00:00
2021-09-27,4,2021,11.1,17.5,N,3.8,-21.0,6.9,Medium,24.4,66.0,2021-09-27 02:00:00
2021-09-28,4,2021,7.1,22.1,NE,0.7,-82.0,7.0,Medium,25.3,64.0,2021-09-28 02:00:00
2021-09-29,4,2021,10.8,21.5,W,0.0,-100.0,6.8,Low,25.6,62.0,2021-09-29 02:00:00
2021-09-30,4,2021,10.5,21.2,N,0.0,0.0,7.0,Low,25.5,65.0,2021-09-30 02:00:00
2021-10-01,4,2021,11.7,18.7,NW,1.1,0.0,6.8,Low,24.5,64.0,2021-10-01 02:00:00
2021-10-02,4,2021,10.3,22.8,NW,0.0,-100.0,6.9,Low,24.6,60.0,2021-10-02 02:00:00
2021-10-03,4,2021,11.3,19.5,NW,4.2,0.0,7.0,Medium,25.0,64.0,2021-10-03 02:00:00
2021-10-04,4,2021,12.3,18.6,NW,2.7,-36.0,6.8,Medium,25.7,61.0,2021-10-04 02:00:00
2021-10-05,4,2021,11.4,17.5,E,0.9,-66.0,6.8,Low,25.4,68.0,2021-10-05 02:00:00
2021-10-06,4,2021,10.8,24.0,N,0.0,-100.0,6.8,Low,25.2,67.0,2021-10-06 02:00:00
2021-10-07,4,2021,8.9,21.6,E,0.4,0.0,6.9,Low,25.3,66.0,2021-10-07 02:00:00
2021-10-08,4,2021,12.0,25.4,NW,0.0,-100.0,6.9,Low,25.2,65.0,2021-10-08 02:00:00
2021-10-09,4,2021,9.5,25.2,S,0.0,0.0,7.0,Low,24.8,64.0,2021-10-09 02:00:00
2021-10-10,4,2021,10.3,22.0,NW,0.0,0.0,7.1,Low,25.2,61.0,2021-10-10 02:00:00
2021-10-11,4,2021,12.2,25.1,E,0.0,0.0,6.8,Low,25.2,65.0,2021-10-11 02:00:00
2021-10-12,4,2021,10.7,19.4,W,0.0,0.0,6.7,Low,25.5,67.0,2021-10-12 02:00:00
2021-10-13,4,2021,9.2,15.7,E,0.0,0.0,6.8,Low,23.4,64.0,2021-10-13 02:00:00
2021-10-14,4,2021,10.2,21.8,SE,1.0,0.0,6.7,Low,26.3,63.0,2021-10-14 02:00:00
2021-10-15,4,2021,11.8,23.1,E,2.1,101.0,6.8,Low,25.1,67.0,2021-10-15 02:00:00
2021-10-16,4,2021,11.1,17.1,SW,1.1,-47.0,6.8,Low,24.3,65.0,2021-10-16 02:00:00
2021-10-17,4,2021,10.4,19.7,S,3.5,208.0,6.8,Low,25.4,65.0,2021-10-17 02:00:00
2021-10-18,4,2021,11.0,28.5,NW,1.7,-51.0,6.9,Low,24.5,57.0,2021-10-18 02:00:00
2021-10-19,4,2021,11.2,22.7,NW,3.3,96.0,7.0,Low,24.0,63.0,2021-10-19 02:00:00
2021-10-20,4,2021,7.5,16.9,N,0.0,-100.0,7.0,Low,25.2,61.0,2021-10-20 02:00:00
2021-10-21,4,2021,10.2,21.5,W,0.8,0.0,6.9,Low,26.3,61.0,2021-10-21 02:00:00
2021-10-22,4,2021,13.5,26.8,NE,0.3,-54.0,7.0,Low,25.7,63.0,2021-10-22 02:00:00
2021-10-23,4,2021,14.3,19.4,N,6.6,1775.0,6.7,Low,25.0,62.0,2021-10-23 02:00:00
2021-10-24,4,2021,11.4,27.1,SE,0.4,-94.0,7.0,Low,24.7,58.0,2021-10-24 02:00:00
2021-10-25,4,2021,13.0,26.1,S,0.0,-100.0,6.8,Low,24.6,63.0,2021-10-25 02:00:00
2021-10-26,4,2021,11.6,22.2,SW,1.9,0.0,6.8,Low,24.1,61.0,2021-10-26 02:00:00
2021-10-27,4,2021,8.3,22.7,NE,0.0,-100.0,6.8,Low,25.9,64.0,2021-10-27 02:00:00
2021-10-28,4,2021,12.7,26.5,NW,0.7,0.0,6.9,Low,24.5,59.0,2021-10-28 02:00:00
2021-10-29,4,2021,12.9,27.1,NW,0.0,-100.0,6.9,Low,24.4,69.0,2021-10-29 02:00:00
2021-10-30,4,2021,11.7,22.5,N,3.6,0.0,6.9,Low,23.9,63.0,2021-10-30 02:00:00
2021-10-31,4,2021,11.2,28.8,S,2.0,-43.0,7.0,Low,25.0,64.0,2021-10-31 02:00:00
2021-11-01,4,2021,12.1,18.3,SW,1.3,-37.0,7.1,Low,24.4,57.0,2021-11-01 02:00:00
2021-11-02,4,2021,11.2,22.9,SW,0.0,-100.0,6.8,Low,24.7,63.0,2021-11-02 02:00:00
2021-11-03,4,2021,9.6,26.3,NW,3.1,0.0,6.8,Low,25.3,63.0,2021-11-03 02:00:00
2021-11-04,4,2021,11.9,28.3,N,0.4,-88.0,6.9,Low,25.5,64.0,2021-11-04 02:00:00
2021-11-05,4,2021,10.4,25.1,NW,8.3,2077.0,7.0,Low,24.4,66.0,2021-11-05 02:00:00
2021-11-06,4,2021,11.1,19.5,NW,0.0,-100.0,7.0,Low,24.8,62.0,2021-11-06 02:00:00
2021-11-07,4,2021,9.2,15.2,SE,0.0,0.0,6.8,Low,26.4,57.0,2021-11-07 02:00:00
2021-11-08,4,2021,11.9,23.5,E,0.3,0.0,6.8,Low,24.5,61.0,2021-11-08 02:00:00
2021-11-09,4,2021,10.5,23.2,N,0.0,-100.0,6.7,Low,24.4,59.0,2021-11-09 02:00:00
2021-11-10,4,2021,10.7,22.9,S,0.0,0.0,6.7,Low,25.4,60.0,2021-11-10 02:00:00
2021-11-11,4,2021,10.5,18.5,NE,0.4,0.0,6.8,Low,25.3,62.0,2021-11-11 02:00:00
2021-11-12,4,2021,9.3,27.1,S,0.0,-100.0,6.9,Low,25.6,60.0,2021-11-12 02:00:00
2021-11-13,4,2021,9.6,16.4,SE,0.0,0.0,6.8,Low,26.1,64.0,2021-11-13 02:00:00
2021-11-14,4,2021,11.0,28.9,NE,0.3,0.0,6.8,Low,25.7,58.0,2021-11-14 02:00:00
2021-11-15,4,2021,9.6,22.2,SE,0.0,-98.0,6.8,Low,26.2,62.0,2021-11-15 02:00:00
2021-11-16,4,2021,11.3,20.6,W,2.7,62539.0,6.7,Low,25.7,64.0,2021-11-16 02:00:00
2021-11-17,4,2021,12.1,22.1,N,1.3,-52.0,6.8,Low,25.3,60.0,2021-11-17 02:00:00
2021-11-18,4,2021,9.9,27.6,NW,0.0,-100.0,6.8,Low,26.0,61.0,2021-11-18 02:00:00
2021-11-19,4,2021,9.0,17.9,S,0.0,0.0,6.8,Low,24.9,64.0,2021-11-19 02:00:00
2021-11-20,4,2021,10.4,23.4,SE,0.0,0.0,6.7,Low,24.6,65.0,2021-11-20 02:00:00
2021-11-21,4,2021,11.3,26.3,NE,0.0,0.0,6.8,Low,25.0,62.0,2021-11-21 02:00:00
2021-11-22,4,2021,8.7,23.8,S,3.6,0.0,6.9,Low,24.5,55.0,2021-11-22 02:00:00
2021-11-23,4,2021,12.2,24.0,NE,3.5,-4.0,6.8,Low,24.0,57.0,2021-11-23 02:00:00
2021-11-24,4,2021,10.6,24.1,SW,0.3,-91.0,6.9,Low,25.2,65.0,2021-11-24 02:00:00
2021-11-25,4,2021,11.0,19.2,S,0.7,111.0,6.7,Low,24.8,65.0,2021-11-25 02:00:00
2021-11-26,4,2021,10.2,26.8,W,1.7,154.0,6.6,Low,25.3,63.0,2021-11-26 02:00:00
2021-11-27,4,2021,11.9,19.5,SW,0.5,-69.0,6.9,Low,24.8,58.0,2021-11-27 02:00:00
2021-11-28,4,2021,11.3,27.9,SW,3.2,522.0,6.8,Low,25.1,56.0,2021-11-28 02:00:00
2021-11-29,4,2021,11.8,25.5,NE,0.0,-100.0,6.9,Low,27.1,62.0,2021-11-29 02:00:00
2021-11-30,4,2021,12.8,29.6,W,1.3,0.0,6.7,Low,25.6,67.0,2021-11-30 02:00:00
2021-12-01,4,2021,13.0,20.0,NW,0.6,-56.0,6.6,Low,24.8,61.0,2021-12-01 02:00:00
2021-12-02,4,2021,10.9,23.4,NE,0.0,-100.0,6.8,Low,24.9,57.0,2021-12-02 02:00:00
2021-12-03,4,2021,11.5,22.1,E,3.1,0.0,6.8,Low,25.4,58.0,2021-12-03 02:00:00
2021-12-04,4,2021,10.3,20.6,NE,0.9,-71.0,7.0,Low,25.2,59.0,2021-12-04 02:00:00
2021-12-05,4,2021,8.2,22.9,E,1.1,25.0,7.0,Low,26.0,59.0,2021-12-05 02:00:00
2021-12-06,4,2021,13.0,30.7,W,0.8,-30.0,6.8,Low,24.9,60.0,2021-12-06 02:00:00
2021-12-07,4,2021,11.0,21.9,NW,2.1,170.0,7.0,Low,26.1,59.0,2021-12-07 02:00:00
2021-12-08,4,2021,10.4,25.0,SE,0.0,-100.0,6.6,Low,25.2,60.0,2021-12-08 02:00:00
2021-12-09,4,2021,10.8,17.0,S,3.3,0.0,6.8,Low,24.0,59.0,2021-12-09 02:00:00
2021-12-10,4,2021,9.9,27.4,W,0.0,-100.0,7.0,Low,25.3,63.0,2021-12-10 02:00:00
2021-12-11,4,2021,10.4,21.2,NW,7.0,0.0,6.7,Low,24.9,59.0,2021-12-11 02:00:00
2021-12-12,4,2021,14.1,23.6,NW,0.0,-100.0,6.9,Low,26.4,61.0,2021-12-12 02:00:00
2021-12-13,4,2021,9.4,15.8,E,2.0,0.0,6.7,Low,25.5,62.0,2021-12-13 02:00:00
2021-12-14,4,2021,7.6,22.7,S,2.4,20.0,6.9,Low,26.5,60.0,2021-12-14 02:00:00
2021-12-15,4,2021,10.4,17.7,N,0.8,-67.0,7.0,Low,24.5,60.0,2021-12-15 02:00:00
2021-12-16,4,2021,8.9,21.7,E,0.6,-29.0,6.9,Low,26.5,60.0,2021-12-16 02:00:00
2021-12-17,4,2021,14.1,22.2,SW,0.2,-71.0,6.8,Low,25.9,61.0,2021-12-17 02:00:00
2021-12-18,4,2021,10.5,17.4,W,0.2,7.0,6.8,Low,25.6,62.0,2021-12-18 02:00:00
2021-12-19,4,2021,10.9,17.8,N,4.3,2372.0,7.0,Low,25.7,62.0,2021-12-19 02:00:00
2021-12-20,4,2021,9.3,23.0,NW,3.2,-24.0,6.7,Low,25.1,62.0,2021-12-20 02:00:00
2021-12-21,4,2021,12.9,24.0,W,3.6,12.0,6.7,Low,25.7,59.0,2021-12-21 02:00:00
2021-12-22,4,2021,10.9,26.5,NW,3.4,-6.0,6.6,Low,26.0,61.0,2021-12-22 02:00:00
2021-12-23,4,2021,8.6,19.8,S,0.0,-100.0,6.6,Low,26.4,63.0,2021-12-23 02:00:00
2021-12-24,4,2021,9.6,22.8,SE,0.3,0.0,6.9,Low,25.9,65.0,2021-12-24 02:00:00
2021-12-25,4,2021,12.0,27.9,N,0.3,11.0,6.9,Low,25.9,62.0,2021-12-25 02:00:00
2021-12-26,4,2021,11.9,24.8,NW,0.0,-100.0,6.8,Low,26.1,63.0,2021-12-26 02:00:00
2021-12-27,4,2021,12.3,19.1,E,0.2,0.0,6.9,Low,26.7,63.0,2021-12-27 02:00:00
2021-12-28,4,2021,10.0,15.2,E,0.0,-100.0,6.7,Low,25.6,58.0,2021-12-28 02:00:00
2021-12-29,4,2021,11.5,26.9,N,0.0,0.0,6.8,Low,26.2,63.0,2021-12-29 02:00:00
2021-12-30,4,2021,11.5,20.9,E,1.1,0.0,6.9,Low,26.1,58.0,2021-12-30 02:00:00
2021-12-31,4,2021,11.1,27.4,SW,0.0,-100.0,6.9,Low,26.1,62.0,2021-12-31 02:00:00
2022-01-01,4,2022,9.6,18.7,NW,0.8,0.0,7.2,Med-High,21.9,70.0,2022-01-01 02:00:00
2022-01-02,4,2022,10.6,22.9,NW,2.2,174.0,7.1,Med-High,22.3,75.0,2022-01-02 02:00:00
2022-01-03,4,2022,9.4,24.9,S,4.8,119.0,7.1,Med-High,23.4,74.0,2022-01-03 02:00:00
2022-01-04,4,2022,9.7,15.1,NW,3.4,-30.0,7.0,Med-High,22.5,75.0,2022-01-04 02:00:00
2022-01-05,4,2022,11.3,22.2,W,12.4,265.0,7.2,Med-High,21.9,68.0,2022-01-05 02:00:00
2022-01-06,4,2022,8.6,19.2,S,0.7,-95.0,7.3,Med-High,22.5,74.0,2022-01-06 02:00:00
2022-01-07,4,2022,10.5,23.6,W,0.5,-20.0,7.2,Med-High,21.5,71.0,2022-01-07 02:00:00
2022-01-08,4,2022,11.6,27.0,W,0.7,30.0,7.3,Med-High,22.7,70.0,2022-01-08 02:00:00
2022-01-09,4,2022,11.5,22.3,S,1.5,116.0,7.2,Med-High,22.7,73.0,2022-01-09 02:00:00
2022-01-10,4,2022,8.1,21.2,SE,0.7,-55.0,7.4,Med-High,21.2,75.0,2022-01-10 02:00:00
2022-01-11,4,2022,10.0,16.3,NW,0.2,-71.0,7.1,Med-High,20.9,75.0,2022-01-11 02:00:00
2022-01-12,4,2022,11.0,17.4,W,0.2,-18.0,7.1,Med-High,22.4,69.0,2022-01-12 02:00:00
2022-01-13,4,2022,12.8,18.9,N,0.2,26.0,7.1,Med-High,23.6,68.0,2022-01-13 02:00:00
2022-01-14,4,2022,9.5,18.3,SE,0.5,154.0,7.2,Med-High,22.8,73.0,2022-01-14 02:00:00
2022-01-15,4,2022,11.6,21.9,SE,1.5,199.0,7.2,Med-High,23.0,73.0,2022-01-15 02:00:00
2022-01-16,4,2022,9.4,21.3,NE,1.8,14.0,7.1,Medium,21.4,74.0,2022-01-16 02:00:00
2022-01-17,4,2022,10.0,25.4,SE,0.1,-96.0,7.2,Medium,22.8,69.0,2022-01-17 02:00:00
2022-01-18,4,2022,10.3,28.0,SE,1.9,2353.0,7.3,Medium,23.4,68.0,2022-01-18 02:00:00
2022-01-19,4,2022,12.0,19.6,SE,3.0,57.0,7.1,Medium,22.5,68.0,2022-01-19 02:00:00
2022-01-20,4,2022,11.3,26.1,SW,1.2,-59.0,7.1,Medium,22.1,70.0,2022-01-20 02:00:00
2022-01-21,4,2022,9.6,19.0,SW,3.3,168.0,7.4,Medium,22.5,69.0,2022-01-21 02:00:00
2022-01-22,4,2022,9.0,17.2,E,1.2,-64.0,7.3,Medium,22.6,74.0,2022-01-22 02:00:00
2022-01-23,4,2022,12.2,22.5,NW,0.4,-68.0,7.4,Medium,22.2,66.0,2022-01-23 02:00:00
2022-01-24,4,2022,9.6,27.3,E,1.6,302.0,7.2,Medium,21.6,68.0,2022-01-24 02:00:00
2022-01-25,4,2022,7.4,22.3,E,2.8,81.0,7.3,Medium,23.3,72.0,2022-01-25 02:00:00
2022-01-26,4,2022,8.6,15.0,NW,0.5,-84.0,7.1,Medium,22.4,68.0,2022-01-26 02:00:00
2022-01-27,4,2022,10.6,19.5,N,0.1,-77.0,7.3,Low,22.7,70.0,2022-01-27 02:00:00
2022-01-28,4,2022,12.7,23.6,S,0.1,-11.0,7.0,Low,21.2,77.0,2022-01-28 02:00:00
2022-01-29,4,2022,11.5,18.4,S,4.8,5067.0,7.0,Low,22.5,75.0,2022-01-29 02:00:00
2022-01-30,4,2022,11.2,19.9,SW,1.5,-70.0,7.2,Low,22.5,71.0,2022-01-30 02:00:00
2022-01-31,4,2022,10.9,26.5,NW,1.7,16.0,7.1,Low,22.6,73.0,2022-01-31 02:00:00
2022-02-01,4,2022,9.6,18.8,S,1.8,9.0,7.1,Low,22.4,70.0,2022-02-01 02:00:00
2022-02-02,4,2022,10.2,24.1,W,0.2,-92.0,7.1,Low,23.4,69.0,2022-02-02 02:00:00
2022-02-03,4,2022,10.6,25.0,N,1.8,1100.0,7.2,Low,22.4,69.0,2022-02-03 02:00:00
2022-02-04,4,2022,12.0,24.6,W,0.7,-59.0,6.9,Low,22.2,66.0,2022-02-04 02:00:00
2022-02-05,4,2022,8.6,26.0,E,1.2,57.0,7.2,Low,23.5,70.0,2022-02-05 02:00:00
2022-02-06,4,2022,12.2,20.8,NE,3.1,164.0,7.2,Low,21.2,72.0,2022-02-06 02:00:00
2022-02-07,4,2022,12.1,20.1,S,1.3,-58.0,7.2,Low,24.1,72.0,2022-02-07 02:00:00
2022-02-08,4,2022,10.3,23.8,W,0.6,-53.0,7.2,Low,23.4,75.0,2022-02-08 02:00:00
2022-02-09,4,2022,8.3,23.0,W,3.6,504.0,7.2,Low,22.4,75.0,2022-02-09 02:00:00
2022-02-10,4,2022,11.4,24.3,NE,2.1,-43.0,7.0,Low,21.9,74.0,2022-02-10 02:00:00
2022-02-11,4,2022,9.9,16.7,NW,3.5,66.0,7.1,Low,23.5,69.0,2022-02-11 02:00:00
2022-02-12,4,2022,11.2,26.1,N,1.0,-72.0,7.0,Low,22.0,70.0,2022-02-12 02:00:00
2022-02-13,4,2022,10.5,21.1,SW,0.0,-95.0,7.1,Low,22.2,75.0,2022-02-13 02:00:00
2022-02-14,4,2022,8.3,16.2,SW,0.5,1019.0,7.2,Low,22.5,69.0,2022-02-14 02:00:00
2022-02-15,4,2022,11.2,17.3,N,1.0,94.0,7.2,Low,22.5,69.0,2022-02-15 02:00:00
2022-02-16,4,2022,11.0,23.8,W,4.0,295.0,7.1,Low,22.9,73.0,2022-02-16 02:00:00
2022-02-17,4,2022,10.3,16.1,S,0.4,-91.0,7.3,Low,23.0,73.0,2022-02-17 02:00:00
2022-02-18,4,2022,12.7,29.7,NE,1.1,201.0,7.2,Low,22.5,70.0,2022-02-18 02:00:00
2022-02-19,4,2022,10.3,20.2,NW,1.0,-2.0,7.2,Low,22.0,67.0,2022-02-19 02:00:00
2022-02-20,4,2022,10.8,26.0,NW,0.4,-58.0,7.0,Low,22.9,71.0,2022-02-20 02:00:00
2022-02-21,4,2022,11.0,27.4,S,2.5,468.0,7.3,Low,23.6,67.0,2022-02-21 02:00:00
2022-02-22,4,2022,9.3,23.8,SW,0.0,-100.0,7.0,Low,21.9,64.0,2022-02-22 02:00:00
2022-02-23,4,2022,11.9,28.8,N,3.4,0.0,7.1,Low,21.5,64.0,2022-02-23 02:00:00
2022-02-24,4,2022,8.3,25.5,S,2.1,-39.0,7.0,Low,23.2,67.0,2022-02-24 02:00:00
2022-02-25,4,2022,10.8,27.9,NW,0.6,-71.0,7.2,Low,23.0,75.0,2022-02-25 02:00:00
2022-02-26,4,2022,11.0,29.0,SE,0.0,-100.0,7.1,Low,23.0,73.0,2022-02-26 02:00:00
2022-02-27,4,2022,8.9,24.0,SE,5.3,0.0,7.1,Low,23.1,71.0,2022-02-27 02:00:00
2022-02-28,4,2022,9.6,27.3,W,0.6,-89.0,7.1,Low,23.0,75.0,2022-02-28 02:00:00
2022-03-01,4,2022,11.5,17.9,S,0.6,4.0,7.1,Low,22.6,70.0,2022-03-01 02:00:00
2022-03-02,4,2022,12.6,27.4,SW,3.6,482.0,7.2,Low,24.1,72.0,2022-03-02 02:00:00
2022-03-03,4,2022,8.6,15.1,NE,0.3,-92.0,7.0,Low,23.0,70.0,2022-03-03 02:00:00
2022-03-04,4,2022,12.0,24.4,SE,1.2,320.0,7.1,Low,22.8,71.0,2022-03-04 02:00:00
2022-03-05,4,2022,10.4,27.0,E,0.3,-73.0,7.2,Low,23.6,75.0,2022-03-05 02:00:00
2022-03-06,4,2022,10.9,24.6,NE,0.2,-39.0,7.2,Low,22.6,74.0,2022-03-06 02:00:00
2022-03-07,4,2022,11.9,24.1,N,8.4,4299.0,7.2,Low,21.7,80.0,2022-03-07 02:00:00
2022-03-08,4,2022,9.5,20.9,NE,0.7,-92.0,7.2,Low,23.2,70.0,2022-03-08 02:00:00
2022-03-09,4,2022,11.0,27.0,W,1.1,60.0,7.2,Low,24.0,76.0,2022-03-09 02:00:00
2022-03-10,4,2022,12.3,18.7,NW,8.6,699.0,7.1,Low,22.6,70.0,2022-03-10 02:00:00
2022-03-11,4,2022,12.3,27.8,SE,2.9,-66.0,7.1,Medium,22.1,68.0,2022-03-11 02:00:00
2022-03-12,4,2022,11.5,25.4,NE,0.0,-100.0,7.3,Medium,22.8,65.0,2022-03-12 02:00:00
2022-03-13,4,2022,10.9,22.4,S,5.5,0.0,6.9,Medium,21.9,70.0,2022-03-13 02:00:00
2022-03-14,4,2022,8.2,24.8,S,0.0,-100.0,7.1,Medium,22.2,68.0,2022-03-14 02:00:00
2022-03-15,4,2022,9.1,20.0,SE,0.2,2648.0,7.1,Medium,23.6,69.0,2022-03-15 02:00:00
2022-03-16,4,2022,14.0,20.3,N,0.0,-100.0,7.2,Medium,21.1,68.0,2022-03-16 02:00:00
2022-03-17,4,2022,11.8,18.2,N,1.6,0.0,7.0,Medium,23.1,64.0,2022-03-17 02:00:00
2022-03-18,4,2022,10.3,17.2,SE,0.9,-41.0,7.2,Low,22.5,72.0,2022-03-18 02:00:00
2022-03-19,4,2022,10.0,16.4,S,2.8,198.0,7.0,Low,23.1,71.0,2022-03-19 02:00:00
2022-03-20,4,2022,11.4,23.3,S,2.0,-29.0,7.0,Low,21.5,67.0,2022-03-20 02:00:00
2022-03-21,4,2022,9.7,21.3,SE,2.3,15.0,7.0,Medium,22.9,68.0,2022-03-21 02:00:00
2022-03-22,4,2022,11.1,17.3,NW,1.6,-32.0,7.2,Medium,22.2,73.0,2022-03-22 02:00:00
2022-03-23,4,2022,9.4,24.9,NE,0.4,-75.0,7.1,Low,22.6,68.0,2022-03-23 02:00:00
2022-03-24,4,2022,9.9,20.4,SE,1.5,295.0,7.1,Low,22.9,70.0,2022-03-24 02:00:00
2022-03-25,4,2022,8.6,23.2,S,1.7,12.0,6.9,Low,22.6,60.0,2022-03-25 02:00:00
2022-03-26,4,2022,10.4,26.3,E,4.2,146.0,7.0,Low,21.9,65.0,2022-03-26 02:00:00
2022-03-27,4,2022,10.6,27.2,W,0.3,-92.0,7.3,Low,23.7,68.0,2022-03-27 02:00:00
2022-03-28,4,2022,8.4,24.2,NE,0.0,-100.0,7.0,Low,21.9,67.0,2022-03-28 02:00:00
2022-03-29,4,2022,9.2,21.0,N,5.7,0.0,7.1,Low,23.2,71.0,2022-03-29 02:00:00
2022-03-30,4,2022,12.1,17.2,E,2.1,-63.0,7.3,Low,22.6,66.0,2022-03-30 02:00:00
2022-03-31,4,2022,10.6,27.1,W,0.3,-85.0,7.2,Low,23.1,72.0,2022-03-31 02:00:00
2022-04-01,4,2022,10.7,18.9,N,1.7,433.0,7.1,Low,22.7,70.0,2022-04-01 02:00:00
2022-04-02,4,2022,12.3,17.7,W,4.9,182.0,7.1,Low,22.4,71.0,2022-04-02 02:00:00
2022-04-03,4,2022,11.2,26.7,NW,3.0,-38.0,7.0,Low,22.5,67.0,2022-04-03 02:00:00
2022-04-04,4,2022,10.7,24.9,S,0.6,-81.0,7.2,Low,22.4,68.0,2022-04-04 02:00:00
2022-04-05,4,2022,9.9,17.5,SE,0.0,-100.0,7.2,Low,22.4,65.0,2022-04-05 02:00:00
2022-04-06,4,2022,11.9,23.2,SW,0.7,0.0,7.1,Low,22.2,69.0,2022-04-06 02:00:00
2022-04-07,4,2022,9.7,19.1,N,2.5,252.0,7.0,Low,23.1,68.0,2022-04-07 02:00:00
2022-04-08,4,2022,9.4,20.1,W,2.6,5.0,7.2,Low,22.9,63.0,2022-04-08 02:00:00
2022-04-09,4,2022,8.5,14.0,SW,1.2,-53.0,7.0,Low,24.3,63.0,2022-04-09 02:00:00
2022-04-10,4,2022,11.2,27.7,E,4.6,278.0,7.0,Low,23.8,65.0,2022-04-10 02:00:00
2022-04-11,4,2022,11.6,21.4,W,0.2,-96.0,7.1,Low,21.8,70.0,2022-04-11 02:00:00
2022-04-12,4,2022,12.7,21.4,SE,0.7,289.0,7.2,Low,22.5,69.0,2022-04-12 02:00:00
2022-04-13,4,2022,11.5,22.2,W,0.9,29.0,7.3,Low,23.7,63.0,2022-04-13 02:00:00
2022-04-14,4,2022,8.8,21.5,SE,3.7,300.0,7.1,Low,24.0,68.0,2022-04-14 02:00:00
2022-04-15,4,2022,11.7,28.8,E,6.7,82.0,7.1,Low,22.7,66.0,2022-04-15 02:00:00
2022-04-16,4,2022,9.3,20.6,NW,0.1,-98.0,7.1,Low,24.1,63.0,2022-04-16 02:00:00
2022-04-17,4,2022,13.0,23.9,W,0.5,231.0,7.1,Low,23.0,72.0,2022-04-17 02:00:00
2022-04-18,4,2022,12.4,25.8,W,3.6,661.0,7.2,Low,23.7,73.0,2022-04-18 02:00:00
2022-04-19,4,2022,11.7,17.6,NE,3.6,-1.0,7.2,Low,21.7,69.0,2022-04-19 02:00:00
2022-04-20,4,2022,8.2,14.8,S,3.6,1.0,7.0,Low,23.2,67.0,2022-04-20 02:00:00
2022-04-21,4,2022,11.5,28.1,SW,0.0,-100.0,7.1,Low,23.3,67.0,2022-04-21 02:00:00
2022-04-22,4,2022,11.4,28.6,W,1.0,0.0,7.0,Low,23.3,68.0,2022-04-22 02:00:00
2022-04-23,4,2022,6.9,20.1,NE,3.9,279.0,7.1,Low,23.4,71.0,2022-04-23 02:00:00
2022-04-24,4,2022,11.4,23.3,N,1.7,-57.0,7.1,Low,22.9,66.0,2022-04-24 02:00:00
2022-04-25,4,2022,10.9,26.6,W,0.7,-56.0,7.1,Low,23.2,73.0,2022-04-25 02:00:00
2022-04-26,4,2022,12.1,17.7,NE,0.0,-96.0,7.2,Low,22.4,70.0,2022-04-26 02:00:00
2022-04-27,4,2022,10.1,19.5,SW,7.8,25889.0,7.2,Low,22.6,69.0,2022-04-27 02:00:00
2022-04-28,4,2022,10.9,27.8,NE,0.4,-95.0,7.1,Low,23.7,69.0,2022-04-28 02:00:00
2022-04-29,4,2022,10.9,17.9,S,3.4,743.0,7.1,Low,24.3,73.0,2022-04-29 02:00:00
2022-04-30,4,2022,10.1,18.3,NW,0.5,-87.0,7.0,Low,23.8,69.0,2022-04-30 02:00:00
2022-05-01,4,2022,10.2,20.3,SE,0.7,55.0,7.0,Low,23.4,71.0,2022-05-01 02:00:00
2022-05-02,4,2022,10.9,16.6,E,1.3,86.0,6.9,Low,23.5,69.0,2022-05-02 02:00:00
2022-05-03,4,2022,9.0,26.8,NE,0.8,-38.0,7.0,Low,23.7,63.0,2022-05-03 02:00:00
2022-05-04,4,2022,8.8,23.4,E,9.3,1027.0,7.0,Low,23.6,67.0,2022-05-04 02:00:00
2022-05-05,4,2022,10.2,18.6,SW,0.0,-100.0,7.0,Low,22.8,68.0,2022-05-05 02:00:00
2022-05-06,4,2022,12.4,18.4,S,2.9,0.0,7.1,Low,23.8,73.0,2022-05-06 02:00:00
2022-05-07,4,2022,9.8,25.1,NE,0.3,-88.0,7.0,Low,24.9,67.0,2022-05-07 02:00:00
2022-05-08,4,2022,10.4,22.9,SE,1.4,318.0,7.0,Low,23.7,71.0,2022-05-08 02:00:00
2022-05-09,4,2022,13.1,22.7,NW,3.9,181.0,7.1,Low,22.6,72.0,2022-05-09 02:00:00
2022-05-10,4,2022,13.3,20.5,E,8.8,125.0,7.0,Medium,23.7,69.0,2022-05-10 02:00:00
2022-05-11,4,2022,10.1,21.5,E,0.6,-93.0,6.9,Medium,23.7,69.0,2022-05-11 02:00:00
2022-05-12,4,2022,10.7,16.2,S,0.6,-9.0,7.1,Medium,23.0,61.0,2022-05-12 02:00:00
2022-05-13,4,2022,11.5,17.7,SW,1.6,179.0,6.9,Medium,23.1,60.0,2022-05-13 02:00:00
2022-05-14,4,2022,10.1,15.4,S,0.6,-62.0,7.0,Medium,23.4,65.0,2022-05-14 02:00:00
2022-05-15,4,2022,9.3,20.1,NW,2.1,263.0,6.9,Medium,24.7,62.0,2022-05-15 02:00:00
2022-05-16,4,2022,13.3,19.6,S,1.9,-11.0,7.1,Medium,22.4,68.0,2022-05-16 02:00:00
2022-05-17,4,2022,9.9,20.7,SW,0.7,-65.0,7.2,Medium,23.0,72.0,2022-05-17 02:00:00
2022-05-18,4,2022,6.4,22.1,W,1.5,127.0,7.0,Medium,22.9,68.0,2022-05-18 02:00:00
2022-05-19,4,2022,11.1,22.4,E,0.1,-92.0,7.1,Medium,22.0,65.0,2022-05-19 02:00:00
2022-05-20,4,2022,10.2,18.5,NE,0.0,-100.0,7.1,Medium,23.8,69.0,2022-05-20 02:00:00
2022-05-21,4,2022,8.1,20.1,E,0.0,0.0,7.1,Low,23.2,64.0,2022-05-21 02:00:00
2022-05-22,4,2022,8.7,14.9,W,5.8,24512.0,7.0,Medium,23.4,65.0,2022-05-22 02:00:00
2022-05-23,4,2022,11.2,27.2,SW,1.0,-84.0,7.0,Medium,23.5,73.0,2022-05-23 02:00:00
2022-05-24,4,2022,11.8,20.1,S,0.7,-31.0,6.9,Medium,23.8,67.0,2022-05-24 02:00:00
2022-05-25,4,2022,11.2,28.9,SW,0.0,-100.0,7.1,Medium,24.1,69.0,2022-05-25 02:00:00
2022-05-26,4,2022,8.4,14.6,S,0.7,0.0,7.2,Medium,23.5,67.0,2022-05-26 02:00:00
2022-05-27,4,2022,8.8,24.9,N,2.5,234.0,6.9,Medium,23.8,65.0,2022-05-27 02:00:00
2022-05-28,4,2022,9.9,26.2,NE,0.3,-89.0,7.2,Low,23.1,68.0,2022-05-28 02:00:00
2022-05-29,4,2022,11.1,25.5,S,0.3,9.0,7.0,Low,23.7,64.0,2022-05-29 02:00:00
2022-05-30,4,2022,7.7,21.1,W,0.2,-16.0,7.0,Medium,22.7,66.0,2022-05-30 02:00:00
2022-05-31,4,2022,10.9,17.6,S,0.1,-50.0,7.1,Low,23.2,71.0,2022-05-31 02:00:00
2022-06-01,4,2022,10.3,20.8,N,1.1,771.0,6.8,Low,24.3,66.0,2022-06-01 02:00:00
2022-06-02,4,2022,13.3,26.2,N,2.9,168.0,7.0,Low,23.9,64.0,2022-06-02 02:00:00
2022-06-03,4,2022,12.7,22.6,W,4.7,63.0,7.0,Low,24.1,68.0,2022-06-03 02:00:00
2022-06-04,4,2022,8.9,18.0,E,0.5,-90.0,7.2,Low,24.7,71.0,2022-06-04 02:00:00
2022-06-05,4,2022,10.7,20.0,NW,0.2,-49.0,7.0,Low,24.2,63.0,2022-06-05 02:00:00
2022-06-06,4,2022,11.9,20.5,NE,4.3,1664.0,7.0,Low,24.0,68.0,2022-06-06 02:00:00
2022-06-07,4,2022,9.8,25.0,NW,0.5,-89.0,6.8,Low,22.8,73.0,2022-06-07 02:00:00
2022-06-08,4,2022,13.3,30.2,NE,0.0,-100.0,7.0,Low,23.2,67.0,2022-06-08 02:00:00
2022-06-09,4,2022,14.0,31.6,SE,0.8,0.0,7.2,Low,22.5,64.0,2022-06-09 02:00:00
2022-06-10,4,2022,12.2,23.7,NW,0.1,-83.0,7.1,Medium,23.6,73.0,2022-06-10 02:00:00
2022-06-11,4,2022,10.6,22.2,SE,7.4,5204.0,7.0,Medium,22.7,68.0,2022-06-11 02:00:00
2022-06-12,4,2022,14.8,20.0,W,0.4,-95.0,7.0,Medium,24.4,70.0,2022-06-12 02:00:00
2022-06-13,4,2022,13.8,28.0,E,2.4,509.0,7.0,Medium,23.6,65.0,2022-06-13 02:00:00
2022-06-14,4,2022,10.1,23.2,SE,6.0,146.0,7.0,Medium,22.9,66.0,2022-06-14 02:00:00
2022-06-15,4,2022,9.7,22.8,W,2.8,-54.0,7.0,Medium,22.8,66.0,2022-06-15 02:00:00
2022-06-16,4,2022,11.0,22.5,N,0.8,-71.0,7.0,Medium,24.0,61.0,2022-06-16 02:00:00
2022-06-17,4,2022,12.1,21.6,S,2.0,155.0,7.1,Medium,23.6,69.0,2022-06-17 02:00:00
2022-06-18,4,2022,13.6,23.2,SE,11.1,444.0,7.0,Med-High,23.0,64.0,2022-06-18 02:00:00
2022-06-19,4,2022,10.7,17.3,W,3.5,-69.0,7.0,Med-High,23.7,71.0,2022-06-19 02:00:00
2022-06-20,4,2022,10.6,19.1,SE,0.2,-94.0,7.0,Med-High,23.4,66.0,2022-06-20 02:00:00
2022-06-21,4,2022,11.5,19.2,E,0.1,-28.0,6.9,Med-High,22.5,66.0,2022-06-21 02:00:00
2022-06-22,4,2022,10.6,23.2,E,0.4,166.0,7.0,Med-High,22.3,68.0,2022-06-22 02:00:00
2022-06-23,4,2022,11.1,18.9,SE,2.3,495.0,6.9,Med-High,23.6,66.0,2022-06-23 02:00:00
2022-06-24,4,2022,11.1,23.8,SE,0.0,-100.0,7.0,Med-High,24.8,71.0,2022-06-24 02:00:00
2022-06-25,4,2022,12.1,25.6,NW,0.0,0.0,6.8,Med-High,25.0,71.0,2022-06-25 02:00:00
2022-06-26,4,2022,10.2,17.7,W,3.6,0.0,7.1,Med-High,22.8,69.0,2022-06-26 02:00:00
2022-06-27,4,2022,12.6,24.6,SW,1.6,-57.0,6.9,Med-High,24.2,65.0,2022-06-27 02:00:00
2022-06-28,4,2022,10.6,22.2,S,1.8,15.0,7.0,Med-High,22.5,67.0,2022-06-28 02:00:00
2022-06-29,4,2022,9.6,14.9,W,0.0,-100.0,7.1,Med-High,23.2,66.0,2022-06-29 02:00:00
2022-06-30,4,2022,13.4,29.8,S,4.6,0.0,7.0,Med-High,23.6,64.0,2022-06-30 02:00:00
2022-07-01,4,2022,10.0,22.5,S,0.0,-100.0,6.9,Med-High,21.9,65.0,2022-07-01 02:00:00
2022-07-02,4,2022,11.4,16.8,S,1.6,0.0,7.1,Medium,24.5,63.0,2022-07-02 02:00:00
2022-07-03,4,2022,11.6,22.7,SE,0.0,-100.0,7.0,Medium,24.5,69.0,2022-07-03 02:00:00
2022-07-04,4,2022,10.9,17.3,N,0.8,0.0,7.1,Medium,24.3,63.0,2022-07-04 02:00:00
2022-07-05,4,2022,12.8,23.7,E,0.1,-84.0,6.9,Medium,23.8,66.0,2022-07-05 02:00:00
2022-07-06,4,2022,10.1,27.3,SE,1.9,1382.0,7.0,Medium,24.4,71.0,2022-07-06 02:00:00
2022-07-07,4,2022,10.8,21.9,SW,1.6,-14.0,7.0,Medium,23.6,64.0,2022-07-07 02:00:00
2022-07-08,4,2022,12.1,23.7,NE,2.1,32.0,6.9,Medium,23.8,70.0,2022-07-08 02:00:00
2022-07-09,4,2022,11.0,17.5,NW,1.5,-30.0,7.0,Medium,22.6,63.0,2022-07-09 02:00:00
2022-07-10,4,2022,10.9,17.5,SW,1.4,-6.0,7.0,Medium,23.2,65.0,2022-07-10 02:00:00
2022-07-11,4,2022,11.8,23.0,E,2.1,52.0,6.7,Medium,23.6,61.0,2022-07-11 02:00:00
2022-07-12,4,2022,10.7,28.3,SW,0.0,-100.0,6.9,Medium,24.0,72.0,2022-07-12 02:00:00
2022-07-13,4,2022,12.6,24.1,N,2.2,0.0,7.1,Medium,24.4,64.0,2022-07-13 02:00:00
2022-07-14,4,2022,9.1,15.8,NW,0.1,-93.0,7.0,Low,24.2,65.0,2022-07-14 02:00:00
2022-07-15,4,2022,9.2,25.2,NE,0.5,220.0,7.0,Low,26.2,65.0,2022-07-15 02:00:00
2022-07-16,4,2022,10.0,26.3,S,10.2,2035.0,6.8,Medium,24.9,64.0,2022-07-16 02:00:00
2022-07-17,4,2022,10.1,22.4,SE,0.0,-100.0,7.0,Medium,23.6,61.0,2022-07-17 02:00:00
2022-07-18,4,2022,11.0,19.5,SE,0.1,416.0,6.9,Low,25.2,66.0,2022-07-18 02:00:00
2022-07-19,4,2022,10.2,26.8,SE,0.3,142.0,6.9,Low,24.3,63.0,2022-07-19 02:00:00
2022-07-20,4,2022,10.0,27.3,S,0.4,19.0,7.1,Low,24.4,70.0,2022-07-20 02:00:00
2022-07-21,4,2022,12.2,18.9,SW,0.0,-100.0,7.3,Low,24.7,64.0,2022-07-21 02:00:00
2022-07-22,4,2022,10.9,24.6,E,3.3,0.0,7.0,Low,23.4,64.0,2022-07-22 02:00:00
2022-07-23,4,2022,11.7,29.5,N,0.7,-80.0,6.9,Low,24.5,63.0,2022-07-23 02:00:00
2022-07-24,4,2022,9.8,17.5,S,1.8,168.0,6.9,Low,22.1,65.0,2022-07-24 02:00:00
2022-07-25,4,2022,10.9,19.7,SE,0.0,-100.0,7.0,Low,24.6,67.0,2022-07-25 02:00:00
2022-07-26,4,2022,11.6,21.9,S,0.1,0.0,6.9,Low,24.3,69.0,2022-07-26 02:00:00
2022-07-27,4,2022,13.2,22.1,S,0.5,413.0,7.1,Low,24.1,67.0,2022-07-27 02:00:00
2022-07-28,4,2022,12.1,22.2,W,4.8,811.0,7.1,Low,25.1,74.0,2022-07-28 02:00:00
2022-07-29,4,2022,11.0,27.7,SE,0.9,-82.0,7.0,Low,23.3,69.0,2022-07-29 02:00:00
2022-07-30,4,2022,11.1,17.0,SE,1.3,53.0,7.2,Low,24.0,67.0,2022-07-30 02:00:00
2022-07-31,4,2022,8.9,26.5,NE,0.0,-100.0,7.1,Low,24.3,63.0,2022-07-31 02:00:00
2022-08-01,4,2022,13.0,23.9,NE,1.9,0.0,6.8,Low,25.5,69.0,2022-08-01 02:00:00
2022-08-02,4,2022,9.1,24.8,W,0.4,-78.0,7.0,Low,23.5,66.0,2022-08-02 02:00:00
2022-08-03,4,2022,11.1,19.8,NW,0.5,19.0,7.0,Low,24.7,65.0,2022-08-03 02:00:00
2022-08-04,4,2022,11.1,25.8,SW,9.7,1866.0,7.1,Medium,24.1,65.0,2022-08-04 02:00:00
2022-08-05,4,2022,7.1,22.8,SE,0.0,-100.0,7.0,Low,24.8,66.0,2022-08-05 02:00:00
2022-08-06,4,2022,10.4,21.7,E,7.1,0.0,6.9,Medium,24.4,64.0,2022-08-06 02:00:00
2022-08-07,4,2022,8.0,16.4,SW,3.4,-53.0,6.9,Medium,24.6,64.0,2022-08-07 02:00:00
2022-08-08,4,2022,11.3,21.8,S,0.6,-84.0,6.9,Low,23.1,64.0,2022-08-08 02:00:00
2022-08-09,4,2022,9.3,14.9,NE,3.5,534.0,6.9,Medium,22.8,68.0,2022-08-09 02:00:00
2022-08-10,4,2022,13.4,24.1,SE,7.0,99.0,6.8,Medium,24.1,61.0,2022-08-10 02:00:00
2022-08-11,4,2022,11.1,28.9,NW,2.8,-61.0,7.0,Medium,25.2,63.0,2022-08-11 02:00:00
2022-08-12,4,2022,12.1,20.8,SE,0.1,-96.0,6.9,Medium,24.2,66.0,2022-08-12 02:00:00
2022-08-13,4,2022,13.4,24.4,S,1.7,1272.0,6.9,Medium,23.6,64.0,2022-08-13 02:00:00
2022-08-14,4,2022,9.6,19.9,S,2.3,39.0,6.8,Medium,23.7,65.0,2022-08-14 02:00:00
2022-08-15,4,2022,12.1,22.9,SW,1.8,-20.0,7.0,Medium,24.3,59.0,2022-08-15 02:00:00
2022-08-16,4,2022,11.9,27.7,SE,3.8,105.0,6.9,Medium,24.9,65.0,2022-08-16 02:00:00
2022-08-17,4,2022,10.4,19.2,N,3.1,-17.0,6.9,Medium,25.5,64.0,2022-08-17 02:00:00
2022-08-18,4,2022,9.3,20.8,S,0.0,-100.0,6.8,Medium,24.5,70.0,2022-08-18 02:00:00
2022-08-19,4,2022,11.5,25.6,NW,0.0,0.0,7.0,Medium,22.9,63.0,2022-08-19 02:00:00
2022-08-20,4,2022,11.9,19.9,SE,0.9,0.0,7.0,Medium,25.1,60.0,2022-08-20 02:00:00
2022-08-21,4,2022,11.7,25.2,NW,0.5,-44.0,6.9,Medium,23.7,66.0,2022-08-21 02:00:00
2022-08-22,4,2022,11.3,21.3,SE,0.0,-100.0,6.9,Medium,23.8,62.0,2022-08-22 02:00:00
2022-08-23,4,2022,10.7,27.3,SE,1.2,0.0,6.9,Medium,25.3,60.0,2022-08-23 02:00:00
2022-08-24,4,2022,8.6,15.4,W,2.9,132.0,6.9,Medium,24.1,69.0,2022-08-24 02:00:00
2022-08-25,4,2022,11.9,23.4,NE,2.8,-0.0,7.1,Medium,25.2,65.0,2022-08-25 02:00:00
2022-08-26,4,2022,8.0,18.4,W,0.2,-93.0,6.9,Medium,24.7,65.0,2022-08-26 02:00:00
2022-08-27,4,2022,11.5,22.9,E,8.8,4266.0,7.0,Medium,24.5,64.0,2022-08-27 02:00:00
2022-08-28,4,2022,10.3,24.1,N,1.4,-84.0,6.9,Medium,25.0,63.0,2022-08-28 02:00:00
2022-08-29,4,2022,11.3,16.8,NW,0.0,-100.0,6.7,Medium,24.6,68.0,2022-08-29 02:00:00
2022-08-30,4,2022,13.9,23.7,E,1.9,0.0,6.9,Medium,25.7,68.0,2022-08-30 02:00:00
2022-08-31,4,2022,11.7,17.1,NW,0.6,-71.0,6.7,Medium,25.0,60.0,2022-08-31 02:00:00
2022-09-01,4,2022,12.6,18.1,SE,0.0,-100.0,7.0,Low,26.1,60.0,2022-09-01 02:00:00
2022-09-02,4,2022,10.4,26.2,SE,1.8,0.0,6.9,Low,23.7,62.0,2022-09-02 02:00:00
2022-09-03,4,2022,10.9,16.3,E,0.0,-100.0,7.0,Low,22.7,63.0,2022-09-03 02:00:00
2022-09-04,4,2022,11.2,26.1,SE,5.0,0.0,6.9,Low,24.4,66.0,2022-09-04 02:00:00
2022-09-05,4,2022,11.6,29.4,SW,0.0,-100.0,6.9,Low,25.1,65.0,2022-09-05 02:00:00
2022-09-06,4,2022,10.3,22.7,N,1.9,0.0,6.9,Low,24.5,68.0,2022-09-06 02:00:00
2022-09-07,4,2022,7.8,24.4,N,0.2,-92.0,7.0,Low,25.4,67.0,2022-09-07 02:00:00
2022-09-08,4,2022,11.2,27.6,SW,2.7,1572.0,6.9,Low,23.6,63.0,2022-09-08 02:00:00
2022-09-09,4,2022,11.1,22.0,SW,0.1,-97.0,6.8,Low,24.7,62.0,2022-09-09 02:00:00
2022-09-10,4,2022,10.0,25.7,SE,0.8,833.0,6.8,Low,24.7,60.0,2022-09-10 02:00:00
2022-09-11,4,2022,11.1,20.8,SE,0.0,-100.0,6.9,Low,23.8,60.0,2022-09-11 02:00:00
2022-09-12,4,2022,10.6,23.1,W,7.8,0.0,6.8,Low,25.8,61.0,2022-09-12 02:00:00
2022-09-13,4,2022,10.8,22.0,NE,1.4,-82.0,7.0,Low,24.4,61.0,2022-09-13 02:00:00
2022-09-14,4,2022,9.9,23.5,N,3.6,161.0,6.8,Low,23.6,62.0,2022-09-14 02:00:00
2022-09-15,4,2022,12.3,23.9,NW,4.1,15.0,7.0,Medium,23.9,66.0,2022-09-15 02:00:00
2022-09-16,4,2022,12.0,24.7,N,0.7,-82.0,6.8,Low,25.0,63.0,2022-09-16 02:00:00
2022-09-17,4,2022,9.8,22.3,S,1.3,73.0,6.9,Low,24.2,59.0,2022-09-17 02:00:00
2022-09-18,4,2022,9.3,22.3,W,0.6,-52.0,6.9,Low,24.4,66.0,2022-09-18 02:00:00
2022-09-19,4,2022,12.7,18.1,SE,5.5,828.0,6.9,Low,26.2,63.0,2022-09-19 02:00:00
2022-09-20,4,2022,11.4,19.9,NW,4.5,-18.0,7.0,Low,24.4,62.0,2022-09-20 02:00:00
2022-09-21,4,2022,12.0,19.6,N,0.4,-92.0,6.9,Low,24.6,62.0,2022-09-21 02:00:00
2022-09-22,4,2022,12.2,17.7,E,2.8,632.0,6.7,Low,23.0,67.0,2022-09-22 02:00:00
2022-09-23,4,2022,11.6,29.4,NE,4.5,61.0,6.9,Low,26.2,61.0,2022-09-23 02:00:00
2022-09-24,4,2022,7.6,18.0,SW,0.4,-91.0,7.0,Low,25.2,61.0,2022-09-24 02:00:00
2022-09-25,4,2022,11.7,29.1,N,9.7,2259.0,6.6,Medium,25.0,63.0,2022-09-25 02:00:00
2022-09-26,4,2022,11.5,26.6,SE,1.0,-90.0,7.1,Low,24.4,64.0,2022-09-26 02:00:00
2022-09-27,4,2022,11.6,27.0,W,0.0,-100.0,6.9,Low,25.0,59.0,2022-09-27 02:00:00
2022-09-28,4,2022,10.9,25.2,E,5.0,0.0,7.1,Low,25.2,64.0,2022-09-28 02:00:00
2022-09-29,4,2022,11.0,22.0,N,3.3,-33.0,6.9,Low,23.6,66.0,2022-09-29 02:00:00
2022-09-30,4,2022,11.8,23.9,W,0.0,-100.0,7.0,Low,25.3,60.0,2022-09-30 02:00:00
2022-10-01,4,2022,11.1,25.6,SW,0.2,0.0,7.0,Low,24.0,68.0,2022-10-01 02:00:00
2022-10-02,4,2022,14.8,30.6,S,0.8,406.0,6.9,Low,24.7,60.0,2022-10-02 02:00:00
2022-10-03,4,2022,11.3,22.1,SE,0.0,-100.0,6.9,Low,24.0,65.0,2022-10-03 02:00:00
2022-10-04,4,2022,9.8,26.4,W,28.3,0.0,7.0,Med-High,24.0,61.0,2022-10-04 02:00:00
2022-10-05,4,2022,11.9,18.0,E,0.7,-97.0,7.1,Medium,25.2,62.0,2022-10-05 02:00:00
2022-10-06,4,2022,12.3,29.2,NW,0.0,-100.0,6.9,Medium,23.8,62.0,2022-10-06 02:00:00
2022-10-07,4,2022,12.8,17.9,NW,0.0,0.0,6.8,Medium,26.2,63.0,2022-10-07 02:00:00
2022-10-08,4,2022,13.2,27.9,S,4.7,0.0,6.9,Medium,24.5,63.0,2022-10-08 02:00:00
2022-10-09,4,2022,12.5,26.4,NW,0.0,-100.0,6.8,Medium,25.4,61.0,2022-10-09 02:00:00
2022-10-10,4,2022,11.6,29.2,NW,3.6,0.0,6.7,Medium,24.2,62.0,2022-10-10 02:00:00
2022-10-11,4,2022,10.0,24.1,W,6.3,75.0,6.9,Med-High,24.6,67.0,2022-10-11 02:00:00
2022-10-12,4,2022,8.6,17.9,SE,3.3,-47.0,7.0,Med-High,25.0,67.0,2022-10-12 02:00:00
2022-10-13,4,2022,12.0,21.0,SE,1.4,-59.0,7.0,Med-High,26.1,63.0,2022-10-13 02:00:00
2022-10-14,4,2022,13.2,30.8,NE,0.0,-100.0,6.8,Medium,23.9,64.0,2022-10-14 02:00:00
2022-10-15,4,2022,9.0,26.5,S,0.0,0.0,6.8,Medium,24.8,62.0,2022-10-15 02:00:00
2022-10-16,4,2022,9.5,26.2,W,1.7,0.0,6.7,Med-High,26.0,61.0,2022-10-16 02:00:00
2022-10-17,4,2022,11.1,20.0,NE,1.0,-41.0,6.6,Med-High,24.8,69.0,2022-10-17 02:00:00
2022-10-18,4,2022,8.3,24.7,NW,1.7,69.0,6.9,Medium,24.5,61.0,2022-10-18 02:00:00
2022-10-19,4,2022,12.2,18.3,SW,0.0,-100.0,6.8,Medium,25.1,66.0,2022-10-19 02:00:00
2022-10-20,4,2022,10.2,23.5,NW,2.4,0.0,7.0,Medium,24.4,57.0,2022-10-20 02:00:00
2022-10-21,4,2022,10.5,19.6,SW,5.3,116.0,6.8,Medium,26.2,61.0,2022-10-21 02:00:00
2022-10-22,4,2022,11.5,20.9,SE,0.9,-82.0,6.9,Medium,24.3,59.0,2022-10-22 02:00:00
2022-10-23,4,2022,14.3,25.2,NW,0.0,-100.0,6.9,Medium,25.6,60.0,2022-10-23 02:00:00
2022-10-24,4,2022,9.9,18.9,SW,1.5,0.0,6.9,Medium,25.1,63.0,2022-10-24 02:00:00
2022-10-25,4,2022,10.1,18.6,N,2.3,53.0,6.7,Medium,24.4,62.0,2022-10-25 02:00:00
2022-10-26,4,2022,11.2,27.4,SE,0.0,-100.0,6.9,Low,25.9,59.0,2022-10-26 02:00:00
2022-10-27,4,2022,11.5,27.3,N,0.0,0.0,6.9,Low,25.4,66.0,2022-10-27 02:00:00
2022-10-28,4,2022,10.2,21.7,NE,5.1,0.0,7.0,Low,24.3,60.0,2022-10-28 02:00:00
2022-10-29,4,2022,9.3,23.1,W,0.3,-93.0,7.0,Low,25.0,64.0,2022-10-29 02:00:00
2022-10-30,4,2022,10.1,17.6,SE,0.0,-100.0,6.9,Low,24.4,66.0,2022-10-30 02:00:00
2022-10-31,4,2022,11.8,22.1,NE,0.0,0.0,6.9,Low,25.1,64.0,2022-10-31 02:00:00
2022-11-01,4,2022,12.7,25.9,W,0.0,0.0,6.6,Low,26.1,66.0,2022-11-01 02:00:00
2022-11-02,4,2022,10.3,15.5,SW,0.0,0.0,6.9,Low,24.0,68.0,2022-11-02 02:00:00
2022-11-03,4,2022,10.3,22.4,E,0.0,0.0,6.8,Low,25.7,63.0,2022-11-03 02:00:00
2022-11-04,4,2022,12.1,23.7,S,0.6,0.0,6.9,Low,25.5,58.0,2022-11-04 02:00:00
2022-11-05,4,2022,12.3,18.6,S,0.2,-61.0,6.7,Low,25.0,62.0,2022-11-05 02:00:00
2022-11-06,4,2022,9.4,15.3,NW,0.4,85.0,6.9,Low,26.2,64.0,2022-11-06 02:00:00
2022-11-07,4,2022,9.5,25.0,SE,0.0,-100.0,6.8,Low,24.0,61.0,2022-11-07 02:00:00
2022-11-08,4,2022,12.2,26.7,N,0.0,0.0,6.8,Low,25.2,61.0,2022-11-08 02:00:00
2022-11-09,4,2022,10.3,16.8,W,0.0,0.0,6.8,Low,24.9,61.0,2022-11-09 02:00:00
2022-11-10,4,2022,10.0,21.5,SE,4.9,0.0,6.7,Low,25.7,62.0,2022-11-10 02:00:00
2022-11-11,4,2022,9.5,16.9,NW,0.0,-100.0,6.8,Low,25.0,64.0,2022-11-11 02:00:00
2022-11-12,4,2022,12.2,21.4,W,2.4,0.0,6.8,Low,24.6,60.0,2022-11-12 02:00:00
2022-11-13,4,2022,9.2,18.6,E,8.0,234.0,6.9,Low,25.3,63.0,2022-11-13 02:00:00
2022-11-14,4,2022,12.8,22.5,NE,2.2,-73.0,6.9,Low,25.7,61.0,2022-11-14 02:00:00
2022-11-15,4,2022,7.9,15.0,NW,0.0,-100.0,6.9,Low,25.7,56.0,2022-11-15 02:00:00
2022-11-16,4,2022,11.4,20.0,N,0.9,0.0,6.8,Low,25.8,60.0,2022-11-16 02:00:00
2022-11-17,4,2022,9.2,14.5,SE,6.3,578.0,6.8,Low,25.4,66.0,2022-11-17 02:00:00
2022-11-18,4,2022,12.4,22.6,NW,0.4,-94.0,6.9,Low,26.6,58.0,2022-11-18 02:00:00
2022-11-19,4,2022,13.1,26.3,W,0.0,-100.0,7.0,Low,24.6,63.0,2022-11-19 02:00:00
2022-11-20,4,2022,9.3,21.3,N,6.1,0.0,6.9,Low,25.6,60.0,2022-11-20 02:00:00
2022-11-21,4,2022,11.3,17.2,S,6.7,10.0,6.7,Low,24.9,63.0,2022-11-21 02:00:00
2022-11-22,4,2022,10.7,17.3,SW,1.4,-79.0,7.0,Low,25.3,60.0,2022-11-22 02:00:00
2022-11-23,4,2022,10.6,27.7,S,5.5,282.0,6.9,Low,25.0,56.0,2022-11-23 02:00:00
2022-11-24,4,2022,11.1,26.4,N,5.7,5.0,6.8,Low,24.5,61.0,2022-11-24 02:00:00
2022-11-25,4,2022,9.2,17.2,W,0.0,-100.0,6.9,Low,25.3,59.0,2022-11-25 02:00:00
2022-11-26,4,2022,11.8,22.1,NE,2.9,0.0,6.8,Low,24.2,65.0,2022-11-26 02:00:00
2022-11-27,4,2022,10.8,19.3,NE,1.0,-64.0,6.8,Low,25.2,65.0,2022-11-27 02:00:00
2022-11-28,4,2022,11.7,22.2,SW,0.7,-33.0,6.7,Low,25.7,63.0,2022-11-28 02:00:00
2022-11-29,4,2022,10.7,28.7,NW,0.0,-100.0,6.7,Low,25.3,56.0,2022-11-29 02:00:00
2022-11-30,4,2022,11.9,17.4,NW,0.4,0.0,6.9,Low,25.0,59.0,2022-11-30 02:00:00
2022-12-01,4,2022,10.5,20.4,E,0.1,-80.0,6.9,Low,25.7,64.0,2022-12-01 02:00:00
2022-12-02,4,2022,12.2,29.4,S,0.0,-100.0,6.8,Low,24.9,60.0,2022-12-02 02:00:00
2022-12-03,4,2022,8.9,21.0,W,0.2,0.0,6.9,Low,23.1,56.0,2022-12-03 02:00:00
2022-12-04,4,2022,10.6,26.2,NE,2.7,1354.0,6.8,Low,26.6,58.0,2022-12-04 02:00:00
2022-12-05,4,2022,9.3,20.6,S,1.7,-35.0,6.9,Low,25.4,64.0,2022-12-05 02:00:00
2022-12-06,4,2022,11.2,18.5,NE,0.0,-100.0,6.9,Low,26.2,64.0,2022-12-06 02:00:00
2022-12-07,4,2022,9.4,20.7,SE,13.0,0.0,6.9,Low,26.3,62.0,2022-12-07 02:00:00
2022-12-08,4,2022,10.6,28.2,NE,3.4,-74.0,7.0,Low,24.7,63.0,2022-12-08 02:00:00
2022-12-09,4,2022,10.9,26.8,N,1.5,-55.0,6.9,Low,25.4,58.0,2022-12-09 02:00:00
2022-12-10,4,2022,9.0,18.9,SW,0.0,-100.0,6.8,Low,26.5,63.0,2022-12-10 02:00:00
2022-12-11,4,2022,9.5,18.0,E,0.6,0.0,6.8,Low,26.8,61.0,2022-12-11 02:00:00
2022-12-12,4,2022,8.7,19.1,E,0.1,-83.0,6.9,Low,25.5,62.0,2022-12-12 02:00:00
2022-12-13,4,2022,7.9,25.6,E,0.0,-100.0,6.9,Low,24.1,59.0,2022-12-13 02:00:00
2022-12-14,4,2022,7.8,20.1,N,0.1,0.0,6.6,Low,25.2,61.0,2022-12-14 02:00:00
2022-12-15,4,2022,11.5,19.9,S,1.1,634.0,6.8,Low,25.5,59.0,2022-12-15 02:00:00
2022-12-16,4,2022,10.8,26.5,E,0.0,-100.0,6.8,Low,26.2,54.0,2022-12-16 02:00:00
2022-12-17,4,2022,12.6,21.9,N,8.3,0.0,6.9,Low,23.6,62.0,2022-12-17 02:00:00
2022-12-18,4,2022,8.6,25.0,W,0.0,-100.0,6.9,Low,25.7,66.0,2022-12-18 02:00:00
2022-12-19,4,2022,10.0,17.5,S,2.8,0.0,6.7,Low,26.1,61.0,2022-12-19 02:00:00
2022-12-20,4,2022,11.3,16.8,SW,0.0,-100.0,6.8,Low,25.7,66.0,2022-12-20 02:00:00
2022-12-21,4,2022,8.5,16.8,SW,0.5,0.0,6.7,Low,25.0,57.0,2022-12-21 02:00:00
2022-12-22,4,2022,8.9,18.6,NW,0.0,-100.0,6.8,Low,26.3,66.0,2022-12-22 02:00:00
2022-12-23,4,2022,11.6,25.3,NW,0.2,0.0,6.9,Low,25.6,63.0,2022-12-23 02:00:00
2022-12-24,4,2022,9.6,20.9,S,0.8,364.0,6.8,Low,26.7,59.0,2022-12-24 02:00:00
2022-12-25,4,2022,10.3,18.0,N,0.5,-37.0,6.9,Low,25.4,63.0,2022-12-25 02:00:00
2022-12-26,4,2022,11.4,20.6,SE,3.0,480.0,6.9,Low,25.8,59.0,2022-12-26 02:00:00
2022-12-27,4,2022,10.2,16.3,N,1.5,-49.0,6.8,Low,25.2,57.0,2022-12-27 02:00:00
2022-12-28,4,2022,10.3,27.4,NE,3.6,134.0,6.8,Low,26.1,62.0,2022-12-28 02:00:00
2022-12-29,4,2022,10.7,22.6,NE,3.9,8.0,6.8,Low,26.2,65.0,2022-12-29 02:00:00
2022-12-30,4,2022,13.2,23.9,E,1.5,-61.0,6.6,Low,25.8,60.0,2022-12-30 02:00:00
2022-12-31,4,2022,12.3,28.2,E,1.5,-3.0,7.0,Low,26.5,60.0,2022-12-31 02:00:00
2020-01-02,5,2020,13.3,20.8,N,1.9,0.0,7.1,Med-High,21.9,68.0,2020-01-02 02:00:00
2020-01-03,5,2020,12.5,28.5,E,4.3,120.0,7.3,Med-High,21.5,69.0,2020-01-03 02:00:00
2020-01-04,5,2020,10.7,27.6,NE,1.5,-65.0,7.2,Med-High,21.8,75.0,2020-01-04 02:00:00
2020-01-05,5,2020,7.8,14.2,N,0.5,-65.0,7.2,Med-High,22.6,72.0,2020-01-05 02:00:00
2020-01-06,5,2020,10.4,20.3,SE,1.0,98.0,6.9,Med-High,22.5,75.0,2020-01-06 02:00:00
2020-01-07,5,2020,12.1,23.6,NW,4.4,326.0,7.2,Med-High,22.1,74.0,2020-01-07 02:00:00
2020-01-08,5,2020,11.7,21.5,NE,0.4,-90.0,7.1,Med-High,22.5,77.0,2020-01-08 02:00:00
2020-01-09,5,2020,11.5,19.1,NW,1.9,334.0,7.3,Med-High,22.3,71.0,2020-01-09 02:00:00
2020-01-10,5,2020,10.1,24.6,SW,0.9,-51.0,7.1,Med-High,22.1,74.0,2020-01-10 02:00:00
2020-01-11,5,2020,10.2,27.7,NW,2.0,120.0,7.1,Med-High,22.8,75.0,2020-01-11 02:00:00
2020-01-12,5,2020,9.7,25.7,E,0.1,-97.0,7.1,Med-High,22.2,73.0,2020-01-12 02:00:00
2020-01-13,5,2020,9.0,15.2,NE,0.1,75.0,7.3,Med-High,23.5,69.0,2020-01-13 02:00:00
2020-01-14,5,2020,10.8,24.9,NW,0.0,-100.0,7.3,Med-High,22.5,73.0,2020-01-14 02:00:00
2020-01-15,5,2020,9.3,15.9,SE,0.7,0.0,7.2,Medium,21.5,72.0,2020-01-15 02:00:00
2020-01-16,5,2020,11.9,22.2,E,0.4,-43.0,7.3,Medium,22.6,68.0,2020-01-16 02:00:00
2020-01-17,5,2020,10.6,17.3,NE,0.1,-71.0,7.2,Medium,22.9,75.0,2020-01-17 02:00:00
2020-01-18,5,2020,10.2,21.0,SE,1.9,1498.0,7.2,Medium,21.9,67.0,2020-01-18 02:00:00
2020-01-19,5,2020,10.5,16.4,SW,0.6,-69.0,7.3,Medium,23.3,72.0,2020-01-19 02:00:00
2020-01-20,5,2020,12.9,30.4,NE,6.0,928.0,7.0,Medium,23.3,70.0,2020-01-20 02:00:00
2020-01-21,5,2020,11.5,23.5,NE,0.1,-98.0,7.3,Medium,23.5,69.0,2020-01-21 02:00:00
2020-01-22,5,2020,9.5,20.1,W,1.1,815.0,7.2,Medium,22.1,68.0,2020-01-22 02:00:00
2020-01-23,5,2020,11.1,20.9,S,3.8,253.0,7.4,Medium,22.8,76.0,2020-01-23 02:00:00
2020-01-24,5,2020,11.9,26.6,SE,2.2,-44.0,7.2,Medium,22.4,72.0,2020-01-24 02:00:00
2020-01-25,5,2020,10.8,20.4,S,1.0,-52.0,7.3,Medium,21.8,73.0,2020-01-25 02:00:00
2020-01-26,5,2020,8.4,17.6,N,9.3,796.0,7.1,Med-High,21.9,68.0,2020-01-26 02:00:00
2020-01-27,5,2020,11.1,26.1,E,0.8,-92.0,7.1,Medium,23.3,68.0,2020-01-27 02:00:00
2020-01-28,5,2020,11.9,22.0,SE,0.6,-26.0,7.3,Medium,22.3,70.0,2020-01-28 02:00:00
2020-01-29,5,2020,11.1,28.8,SE,1.4,158.0,7.2,Medium,22.7,73.0,2020-01-29 02:00:00
2020-01-30,5,2020,12.1,20.2,SW,0.5,-62.0,7.2,Med-High,22.7,70.0,2020-01-30 02:00:00
2020-01-31,5,2020,13.2,22.5,NE,3.5,548.0,7.0,Med-High,22.6,73.0,2020-01-31 02:00:00
2020-02-01,5,2020,11.2,16.7,NW,0.0,-100.0,7.2,Medium,21.4,68.0,2020-02-01 02:00:00
2020-02-02,5,2020,11.3,17.8,SE,0.7,0.0,7.2,Medium,22.5,74.0,2020-02-02 02:00:00
2020-02-03,5,2020,10.4,23.9,N,3.6,410.0,7.2,Medium,21.0,68.0,2020-02-03 02:00:00
2020-02-04,5,2020,9.1,19.0,SE,0.0,-99.0,7.2,Medium,22.6,74.0,2020-02-04 02:00:00
2020-02-05,5,2020,11.0,27.2,N,3.6,11383.0,7.4,Medium,21.9,68.0,2020-02-05 02:00:00
2020-02-06,5,2020,11.1,22.3,NW,0.0,-100.0,7.3,Medium,22.2,68.0,2020-02-06 02:00:00
2020-02-07,5,2020,10.4,22.9,SE,6.7,0.0,7.3,Medium,21.9,69.0,2020-02-07 02:00:00
2020-02-08,5,2020,11.6,22.6,SW,1.3,-81.0,7.0,Medium,21.5,70.0,2020-02-08 02:00:00
2020-02-09,5,2020,11.5,17.9,SW,1.4,11.0,7.2,Medium,21.6,76.0,2020-02-09 02:00:00
2020-02-10,5,2020,12.2,17.7,W,1.1,-20.0,7.2,Med-High,23.2,77.0,2020-02-10 02:00:00
2020-02-11,5,2020,10.5,26.8,NW,2.9,159.0,7.1,Med-High,21.4,69.0,2020-02-11 02:00:00
2020-02-12,5,2020,13.0,27.5,S,2.0,-30.0,7.1,Med-High,22.8,73.0,2020-02-12 02:00:00
2020-02-13,5,2020,8.8,20.8,SW,1.1,-47.0,7.2,Med-High,21.2,69.0,2020-02-13 02:00:00
2020-02-14,5,2020,11.4,25.9,S,0.1,-91.0,7.3,Med-High,20.9,71.0,2020-02-14 02:00:00
2020-02-15,5,2020,13.4,31.2,S,2.3,2187.0,7.0,Med-High,21.3,72.0,2020-02-15 02:00:00
2020-02-16,5,2020,13.4,23.7,SE,0.3,-86.0,7.1,Med-High,22.9,68.0,2020-02-16 02:00:00
2020-02-17,5,2020,7.9,16.2,SW,3.3,906.0,7.0,Med-High,23.2,75.0,2020-02-17 02:00:00
2020-02-18,5,2020,12.3,30.3,S,2.7,-18.0,7.2,Med-High,21.8,70.0,2020-02-18 02:00:00
2020-02-19,5,2020,9.4,23.7,W,1.4,-50.0,7.2,Med-High,22.3,67.0,2020-02-19 02:00:00
2020-02-20,5,2020,13.3,25.4,S,1.4,1.0,7.0,Med-High,23.4,71.0,2020-02-20 02:00:00
2020-02-21,5,2020,9.9,23.1,SE,1.7,25.0,7.1,Med-High,23.8,70.0,2020-02-21 02:00:00
2020-02-22,5,2020,11.1,24.9,SW,0.6,-68.0,7.0,Med-High,23.1,72.0,2020-02-22 02:00:00
2020-02-23,5,2020,11.8,20.1,N,2.6,374.0,7.2,Med-High,21.6,70.0,2020-02-23 02:00:00
2020-02-24,5,2020,10.1,17.0,S,2.0,-23.0,7.1,Med-High,22.5,68.0,2020-02-24 02:00:00
2020-02-25,5,2020,10.8,26.1,SW,3.9,94.0,7.3,Med-High,22.4,69.0,2020-02-25 02:00:00
2020-02-26,5,2020,11.6,19.9,NW,2.7,-31.0,7.1,Med-High,22.4,76.0,2020-02-26 02:00:00
2020-02-27,5,2020,8.8,22.9,W,1.5,-46.0,7.2,Med-High,23.4,70.0,2020-02-27 02:00:00
2020-02-28,5,2020,10.3,15.5,W,0.3,-82.0,7.2,Med-High,22.6,73.0,2020-02-28 02:00:00
2020-02-29,5,2020,10.4,25.0,SE,0.1,-80.0,7.3,Med-High,23.3,71.0,2020-02-29 02:00:00
2020-03-01,5,2020,12.5,19.7,W,1.0,1781.0,7.2,Medium,22.4,67.0,2020-03-01 02:00:00
2020-03-02,5,2020,9.3,25.1,S,1.7,67.0,7.2,Med-High,22.5,76.0,2020-03-02 02:00:00
2020-03-03,5,2020,10.0,16.8,SW,0.2,-88.0,7.2,Med-High,22.3,62.0,2020-03-03 02:00:00
2020-03-04,5,2020,9.5,25.6,NW,1.2,507.0,7.1,Med-High,22.4,68.0,2020-03-04 02:00:00
2020-03-05,5,2020,8.3,25.3,W,0.1,-90.0,7.1,Med-High,22.5,75.0,2020-03-05 02:00:00
2020-03-06,5,2020,9.8,26.1,E,0.0,-100.0,7.4,Medium,22.4,73.0,2020-03-06 02:00:00
2020-03-07,5,2020,9.8,24.0,S,6.6,0.0,7.2,Med-High,22.2,72.0,2020-03-07 02:00:00
2020-03-08,5,2020,7.7,25.1,SW,1.2,-83.0,7.1,Med-High,23.1,68.0,2020-03-08 02:00:00
2020-03-09,5,2020,9.6,15.2,NW,0.4,-63.0,7.1,Medium,23.9,67.0,2020-03-09 02:00:00
2020-03-10,5,2020,11.7,29.2,W,1.1,171.0,7.3,Medium,22.6,71.0,2020-03-10 02:00:00
2020-03-11,5,2020,10.4,23.5,SE,0.4,-66.0,7.0,Medium,22.6,65.0,2020-03-11 02:00:00
2020-03-12,5,2020,11.2,25.9,NE,4.0,927.0,7.1,Medium,23.3,68.0,2020-03-12 02:00:00
2020-03-13,5,2020,11.9,21.2,SE,2.4,-39.0,7.1,Medium,22.2,71.0,2020-03-13 02:00:00
2020-03-14,5,2020,11.7,23.3,NW,0.4,-82.0,7.2,Medium,22.8,66.0,2020-03-14 02:00:00
2020-03-15,5,2020,11.5,17.8,SE,9.4,2076.0,7.2,Med-High,21.4,71.0,2020-03-15 02:00:00
2020-03-16,5,2020,9.2,25.9,S,1.6,-83.0,7.1,Med-High,22.9,67.0,2020-03-16 02:00:00
2020-03-17,5,2020,11.1,19.9,W,2.2,40.0,7.2,Med-High,22.6,74.0,2020-03-17 02:00:00
2020-03-18,5,2020,11.2,18.1,NE,1.4,-36.0,7.2,Med-High,23.1,67.0,2020-03-18 02:00:00
2020-03-19,5,2020,10.3,22.7,S,0.0,-100.0,7.0,Medium,22.0,66.0,2020-03-19 02:00:00
2020-03-20,5,2020,11.9,19.5,N,1.6,0.0,7.1,Medium,23.1,70.0,2020-03-20 02:00:00
2020-03-21,5,2020,10.0,19.2,S,1.8,10.0,7.1,Med-High,22.6,71.0,2020-03-21 02:00:00
2020-03-22,5,2020,12.4,19.6,SW,0.2,-89.0,7.0,Med-High,22.5,68.0,2020-03-22 02:00:00
2020-03-23,5,2020,14.3,23.4,W,3.0,1462.0,7.0,Med-High,22.7,69.0,2020-03-23 02:00:00
2020-03-24,5,2020,10.9,16.4,SE,5.0,69.0,7.0,Med-High,22.3,68.0,2020-03-24 02:00:00
2020-03-25,5,2020,8.9,24.3,NW,2.2,-56.0,6.8,Med-High,22.6,73.0,2020-03-25 02:00:00
2020-03-26,5,2020,10.7,20.7,W,2.5,15.0,7.0,Med-High,22.8,69.0,2020-03-26 02:00:00
2020-03-27,5,2020,9.8,26.7,W,0.1,-96.0,7.2,Med-High,22.2,73.0,2020-03-27 02:00:00
2020-03-28,5,2020,11.0,28.0,SE,0.0,-97.0,7.2,Med-High,22.4,66.0,2020-03-28 02:00:00
2020-03-29,5,2020,9.5,20.8,N,1.4,47117.0,7.3,Med-High,22.6,67.0,2020-03-29 02:00:00
2020-03-30,5,2020,8.6,14.2,SW,2.4,74.0,7.2,Med-High,22.2,70.0,2020-03-30 02:00:00
2020-03-31,5,2020,8.6,24.2,E,0.5,-81.0,7.1,Med-High,21.7,67.0,2020-03-31 02:00:00
2020-04-01,5,2020,9.9,27.1,NW,1.4,187.0,7.1,Med-High,23.4,68.0,2020-04-01 02:00:00
2020-04-02,5,2020,14.3,29.0,E,0.7,-50.0,7.0,Med-High,23.4,69.0,2020-04-02 02:00:00
2020-04-03,5,2020,13.5,24.2,SE,0.2,-66.0,7.3,Med-High,21.9,66.0,2020-04-03 02:00:00
2020-04-04,5,2020,9.8,15.5,SW,0.6,147.0,6.9,Med-High,22.6,70.0,2020-04-04 02:00:00
2020-04-05,5,2020,10.1,21.1,SE,1.8,218.0,7.0,Med-High,22.4,65.0,2020-04-05 02:00:00
2020-04-06,5,2020,9.2,18.9,W,3.0,64.0,7.1,Med-High,22.6,70.0,2020-04-06 02:00:00
2020-04-07,5,2020,9.6,26.2,E,1.9,-36.0,7.1,Med-High,21.6,77.0,2020-04-07 02:00:00
2020-04-08,5,2020,13.4,24.2,N,5.2,174.0,7.0,Med-High,22.7,74.0,2020-04-08 02:00:00
2020-04-09,5,2020,12.2,27.7,SE,3.5,-33.0,7.2,Med-High,23.0,68.0,2020-04-09 02:00:00
2020-04-10,5,2020,7.0,17.3,SW,5.1,44.0,7.0,Med-High,22.0,71.0,2020-04-10 02:00:00
2020-04-11,5,2020,12.1,24.1,NE,0.0,-100.0,7.1,Med-High,22.2,71.0,2020-04-11 02:00:00
2020-04-12,5,2020,12.6,18.0,W,0.2,1299.0,7.2,Med-High,22.7,68.0,2020-04-12 02:00:00
2020-04-13,5,2020,9.9,22.0,SE,0.1,-52.0,7.1,Med-High,22.9,64.0,2020-04-13 02:00:00
2020-04-14,5,2020,10.3,23.1,SW,0.4,294.0,6.9,Med-High,23.2,65.0,2020-04-14 02:00:00
2020-04-15,5,2020,11.7,28.9,SE,1.1,175.0,7.3,Med-High,23.7,67.0,2020-04-15 02:00:00
2020-04-16,5,2020,11.3,16.9,SE,0.1,-90.0,7.1,Med-High,23.8,64.0,2020-04-16 02:00:00
2020-04-17,5,2020,10.8,17.5,W,0.0,-100.0,7.0,Medium,24.2,70.0,2020-04-17 02:00:00
2020-04-18,5,2020,9.4,18.3,W,1.7,0.0,7.1,Medium,24.0,70.0,2020-04-18 02:00:00
2020-04-19,5,2020,10.1,24.3,S,2.1,19.0,7.1,Med-High,23.2,69.0,2020-04-19 02:00:00
2020-04-20,5,2020,11.5,17.4,NE,3.0,43.0,7.0,Med-High,22.7,68.0,2020-04-20 02:00:00
2020-04-21,5,2020,7.3,21.5,W,4.5,52.0,6.9,Med-High,23.4,72.0,2020-04-21 02:00:00
2020-04-22,5,2020,11.8,17.2,S,1.4,-69.0,7.1,Med-High,22.6,65.0,2020-04-22 02:00:00
2020-04-23,5,2020,11.1,16.6,W,1.5,9.0,7.3,Med-High,22.5,69.0,2020-04-23 02:00:00
2020-04-24,5,2020,13.7,29.3,NW,1.4,-8.0,7.2,Med-High,23.7,69.0,2020-04-24 02:00:00
2020-04-25,5,2020,11.2,23.4,SE,1.9,39.0,7.0,Med-High,23.5,68.0,2020-04-25 02:00:00
2020-04-26,5,2020,12.0,25.3,W,0.3,-83.0,7.0,Medium,23.8,70.0,2020-04-26 02:00:00
2020-04-27,5,2020,11.6,18.4,SE,2.0,530.0,7.0,Medium,23.3,68.0,2020-04-27 02:00:00
2020-04-28,5,2020,10.9,21.6,N,3.7,85.0,6.9,Med-High,23.6,59.0,2020-04-28 02:00:00
2020-04-29,5,2020,11.3,26.0,SW,1.9,-49.0,7.2,Med-High,22.8,71.0,2020-04-29 02:00:00
2020-04-30,5,2020,12.2,29.9,NE,5.6,191.0,7.1,Med-High,22.9,72.0,2020-04-30 02:00:00
2020-05-01,5,2020,9.2,21.8,NW,0.6,-89.0,7.1,Med-High,23.8,70.0,2020-05-01 02:00:00
2020-05-02,5,2020,10.2,19.0,SE,0.0,-100.0,7.0,Med-High,22.8,64.0,2020-05-02 02:00:00
2020-05-03,5,2020,10.2,16.0,S,3.9,0.0,7.1,Med-High,23.3,63.0,2020-05-03 02:00:00
2020-05-04,5,2020,11.3,26.9,N,0.0,-100.0,7.1,Med-High,23.0,67.0,2020-05-04 02:00:00
2020-05-05,5,2020,10.9,25.3,W,0.0,0.0,6.9,Med-High,23.2,62.0,2020-05-05 02:00:00
2020-05-06,5,2020,11.6,22.0,W,5.1,0.0,7.0,Med-High,23.8,70.0,2020-05-06 02:00:00
2020-05-07,5,2020,10.4,17.5,NE,0.0,-100.0,7.0,Med-High,23.9,71.0,2020-05-07 02:00:00
2020-05-08,5,2020,8.8,14.4,W,0.3,0.0,6.9,Med-High,22.6,70.0,2020-05-08 02:00:00
2020-05-09,5,2020,9.9,20.8,N,0.0,-100.0,7.0,Med-High,24.1,65.0,2020-05-09 02:00:00
2020-05-10,5,2020,9.1,24.1,NW,0.8,0.0,7.0,Med-High,23.0,66.0,2020-05-10 02:00:00
2020-05-11,5,2020,10.0,23.5,W,0.0,-100.0,7.2,Med-High,24.0,70.0,2020-05-11 02:00:00
2020-05-12,5,2020,11.5,20.0,SE,0.4,0.0,7.0,Med-High,23.5,64.0,2020-05-12 02:00:00
2020-05-13,5,2020,11.3,20.4,NE,0.2,-59.0,7.1,Med-High,24.0,70.0,2020-05-13 02:00:00
2020-05-14,5,2020,11.4,18.2,SE,2.6,1464.0,6.9,Med-High,23.6,59.0,2020-05-14 02:00:00
2020-05-15,5,2020,10.1,20.0,NW,0.3,-87.0,7.2,Medium,24.7,67.0,2020-05-15 02:00:00
2020-05-16,5,2020,10.6,25.2,W,0.3,2.0,7.0,Medium,24.8,66.0,2020-05-16 02:00:00
2020-05-17,5,2020,10.7,16.3,S,0.3,-2.0,7.2,Medium,23.1,70.0,2020-05-17 02:00:00
2020-05-18,5,2020,10.2,16.6,NE,0.0,-100.0,6.9,Medium,23.4,68.0,2020-05-18 02:00:00
2020-05-19,5,2020,9.2,23.4,SW,1.8,0.0,7.0,Medium,22.6,65.0,2020-05-19 02:00:00
2020-05-20,5,2020,7.6,23.0,W,0.5,-73.0,6.9,Medium,22.1,68.0,2020-05-20 02:00:00
2020-05-21,5,2020,10.1,26.0,S,0.0,-100.0,6.9,Medium,23.7,70.0,2020-05-21 02:00:00
2020-05-22,5,2020,9.2,21.8,NW,4.0,0.0,7.0,Medium,23.4,63.0,2020-05-22 02:00:00
2020-05-23,5,2020,9.4,26.0,N,3.5,-12.0,7.0,Medium,24.1,68.0,2020-05-23 02:00:00
2020-05-24,5,2020,12.4,26.1,N,17.8,407.0,6.9,Med-High,24.2,68.0,2020-05-24 02:00:00
2020-05-25,5,2020,11.2,18.1,N,0.0,-100.0,7.1,Med-High,23.9,64.0,2020-05-25 02:00:00
2020-05-26,5,2020,11.4,28.9,S,1.3,0.0,6.9,Med-High,23.8,63.0,2020-05-26 02:00:00
2020-05-27,5,2020,11.3,22.2,W,0.0,-100.0,6.9,Medium,23.0,71.0,2020-05-27 02:00:00
2020-05-28,5,2020,9.1,20.3,NE,2.7,0.0,7.1,Medium,23.3,65.0,2020-05-28 02:00:00
2020-05-29,5,2020,11.8,21.6,E,3.0,13.0,7.1,Medium,24.6,70.0,2020-05-29 02:00:00
2020-05-30,5,2020,9.3,21.7,E,2.8,-7.0,6.9,Medium,23.2,71.0,2020-05-30 02:00:00
2020-05-31,5,2020,11.9,18.8,N,2.4,-13.0,7.1,Medium,23.4,68.0,2020-05-31 02:00:00
2020-06-01,5,2020,8.9,22.8,SE,3.9,58.0,7.0,Med-High,24.3,70.0,2020-06-01 02:00:00
2020-06-02,5,2020,9.8,24.2,SW,0.0,-100.0,6.9,Medium,23.9,65.0,2020-06-02 02:00:00
2020-06-03,5,2020,11.2,18.9,W,2.1,0.0,7.1,Medium,23.4,69.0,2020-06-03 02:00:00
2020-06-04,5,2020,10.4,19.8,W,0.0,-100.0,7.1,Medium,23.9,67.0,2020-06-04 02:00:00
2020-06-05,5,2020,11.1,17.9,N,2.8,0.0,7.0,Medium,23.8,65.0,2020-06-05 02:00:00
2020-06-06,5,2020,10.4,23.6,SW,0.3,-91.0,7.1,Medium,22.5,66.0,2020-06-06 02:00:00
2020-06-07,5,2020,11.5,21.6,N,0.0,-100.0,7.0,Medium,23.2,63.0,2020-06-07 02:00:00
2020-06-08,5,2020,12.4,27.0,N,0.0,0.0,7.0,Medium,24.8,68.0,2020-06-08 02:00:00
2020-06-09,5,2020,10.2,15.4,S,0.0,0.0,7.1,Medium,23.0,67.0,2020-06-09 02:00:00
2020-06-10,5,2020,11.4,16.6,NW,1.9,82376.0,7.0,Medium,24.0,70.0,2020-06-10 02:00:00
2020-06-11,5,2020,9.9,24.8,SE,1.2,-39.0,7.0,Medium,23.8,69.0,2020-06-11 02:00:00
2020-06-12,5,2020,9.2,25.9,N,0.9,-21.0,6.9,Medium,23.6,60.0,2020-06-12 02:00:00
2020-06-13,5,2020,10.1,23.2,N,0.0,-100.0,7.0,Low,23.5,69.0,2020-06-13 02:00:00
2020-06-14,5,2020,10.7,20.7,S,0.0,0.0,7.1,Low,23.6,67.0,2020-06-14 02:00:00
2020-06-15,5,2020,10.4,16.7,NE,3.3,0.0,7.1,Low,22.9,70.0,2020-06-15 02:00:00
2020-06-16,5,2020,12.1,28.3,NW,0.0,-100.0,7.1,Medium,23.4,70.0,2020-06-16 02:00:00
2020-06-17,5,2020,10.6,17.2,S,4.3,0.0,7.1,Medium,23.5,66.0,2020-06-17 02:00:00
2020-06-18,5,2020,11.2,25.3,N,0.3,-94.0,7.1,Low,23.9,64.0,2020-06-18 02:00:00
2020-06-19,5,2020,9.1,15.5,N,2.9,971.0,6.9,Medium,24.0,57.0,2020-06-19 02:00:00
2020-06-20,5,2020,10.4,17.1,W,1.7,-43.0,7.0,Medium,24.2,62.0,2020-06-20 02:00:00
2020-06-21,5,2020,13.7,28.2,W,2.9,71.0,7.0,Medium,24.3,71.0,2020-06-21 02:00:00
2020-06-22,5,2020,9.6,23.7,NW,3.5,21.0,7.0,Medium,23.1,69.0,2020-06-22 02:00:00
2020-06-23,5,2020,8.9,23.8,W,1.1,-69.0,7.1,Medium,23.9,72.0,2020-06-23 02:00:00
2020-06-24,5,2020,9.8,22.8,E,2.2,106.0,6.9,Medium,23.9,65.0,2020-06-24 02:00:00
2020-06-25,5,2020,10.8,24.1,W,0.9,-61.0,7.0,Medium,23.5,71.0,2020-06-25 02:00:00
2020-06-26,5,2020,10.1,23.1,NW,0.4,-57.0,7.1,Medium,23.6,68.0,2020-06-26 02:00:00
2020-06-27,5,2020,10.5,22.6,W,1.2,224.0,7.2,Medium,22.9,66.0,2020-06-27 02:00:00
2020-06-28,5,2020,10.2,19.3,SW,1.8,48.0,6.9,Low,23.1,66.0,2020-06-28 02:00:00
2020-06-29,5,2020,10.6,26.4,N,0.0,-100.0,7.0,Low,24.3,65.0,2020-06-29 02:00:00
2020-06-30,5,2020,12.3,21.3,E,0.0,0.0,7.0,Low,23.6,68.0,2020-06-30 02:00:00
2020-07-01,5,2020,11.3,19.1,S,0.0,0.0,7.1,Low,25.4,65.0,2020-07-01 02:00:00
2020-07-02,5,2020,10.1,18.0,SE,1.0,0.0,7.1,Low,24.6,66.0,2020-07-02 02:00:00
2020-07-03,5,2020,11.2,24.1,NE,0.1,-90.0,7.0,Low,23.0,69.0,2020-07-03 02:00:00
2020-07-04,5,2020,10.9,16.5,N,0.1,16.0,6.9,Low,22.6,69.0,2020-07-04 02:00:00
2020-07-05,5,2020,10.2,18.1,SE,1.2,902.0,7.0,Low,24.9,66.0,2020-07-05 02:00:00
2020-07-06,5,2020,10.0,24.7,NW,5.4,365.0,6.9,Low,24.1,65.0,2020-07-06 02:00:00
2020-07-07,5,2020,9.9,19.1,NE,0.0,-100.0,7.0,Low,25.2,58.0,2020-07-07 02:00:00
2020-07-08,5,2020,10.9,21.0,W,2.6,0.0,7.0,Low,24.8,63.0,2020-07-08 02:00:00
2020-07-09,5,2020,12.1,20.7,SW,0.0,-100.0,6.9,Low,23.4,62.0,2020-07-09 02:00:00
2020-07-10,5,2020,10.8,18.2,NW,0.0,0.0,7.1,Low,24.1,66.0,2020-07-10 02:00:00
2020-07-11,5,2020,10.3,19.1,N,1.9,0.0,7.0,Low,23.5,62.0,2020-07-11 02:00:00
2020-07-12,5,2020,12.3,18.0,S,1.9,-4.0,6.9,Low,23.7,69.0,2020-07-12 02:00:00
2020-07-13,5,2020,12.5,30.1,N,0.0,-100.0,6.9,Low,24.2,65.0,2020-07-13 02:00:00
2020-07-14,5,2020,10.5,24.6,N,0.0,0.0,7.0,Low,24.6,76.0,2020-07-14 02:00:00
2020-07-15,5,2020,12.7,25.0,SW,1.5,0.0,7.0,Low,23.9,67.0,2020-07-15 02:00:00
2020-07-16,5,2020,11.5,20.4,W,0.0,-100.0,6.9,Low,25.2,65.0,2020-07-16 02:00:00
2020-07-17,5,2020,9.3,20.8,N,0.7,0.0,7.1,Low,24.6,59.0,2020-07-17 02:00:00
2020-07-18,5,2020,10.3,26.3,E,0.0,-100.0,7.0,Low,23.4,63.0,2020-07-18 02:00:00
2020-07-19,5,2020,9.7,15.5,SW,2.9,0.0,6.8,Low,23.7,68.0,2020-07-19 02:00:00
2020-07-20,5,2020,12.6,22.7,SE,0.0,-99.0,7.0,Low,24.5,66.0,2020-07-20 02:00:00
2020-07-21,5,2020,9.4,15.9,N,2.9,6649.0,7.0,Low,23.9,66.0,2020-07-21 02:00:00
2020-07-22,5,2020,12.1,23.0,E,1.5,-46.0,6.9,Low,24.1,67.0,2020-07-22 02:00:00
2020-07-23,5,2020,10.1,23.0,SW,0.0,-100.0,6.9,Low,24.2,68.0,2020-07-23 02:00:00
2020-07-24,5,2020,10.2,16.7,N,2.9,0.0,7.0,Low,24.5,69.0,2020-07-24 02:00:00
2020-07-25,5,2020,9.4,26.4,NE,0.0,-99.0,7.0,Low,24.6,65.0,2020-07-25 02:00:00
2020-07-26,5,2020,12.5,23.4,SE,0.0,-100.0,6.9,Low,23.9,62.0,2020-07-26 02:00:00
2020-07-27,5,2020,10.4,25.7,NW,0.0,0.0,7.1,Low,23.9,71.0,2020-07-27 02:00:00
2020-07-28,5,2020,10.7,24.4,NE,3.3,38799.0,7.0,Low,23.8,64.0,2020-07-28 02:00:00
2020-07-29,5,2020,10.3,16.4,S,2.8,-17.0,6.9,Low,23.4,62.0,2020-07-29 02:00:00
2020-07-30,5,2020,11.8,23.2,E,0.3,-89.0,7.0,Low,23.0,62.0,2020-07-30 02:00:00
2020-07-31,5,2020,9.3,15.6,S,0.0,-100.0,7.0,Low,23.7,64.0,2020-07-31 02:00:00
2020-08-01,5,2020,10.9,19.9,SE,0.0,0.0,7.0,Low,23.3,66.0,2020-08-01 02:00:00
2020-08-02,5,2020,8.3,15.3,SE,0.0,-100.0,7.0,Low,24.7,62.0,2020-08-02 02:00:00
2020-08-03,5,2020,12.7,21.6,SE,0.0,0.0,6.7,Low,25.1,61.0,2020-08-03 02:00:00
2020-08-04,5,2020,9.7,21.2,SW,2.9,0.0,6.9,Low,24.5,67.0,2020-08-04 02:00:00
2020-08-05,5,2020,12.4,28.6,SW,0.0,-100.0,6.8,Low,24.2,65.0,2020-08-05 02:00:00
2020-08-06,5,2020,12.6,18.8,NW,3.5,0.0,7.0,Low,23.8,64.0,2020-08-06 02:00:00
2020-08-07,5,2020,10.7,17.5,N,0.4,-89.0,6.7,Low,23.1,64.0,2020-08-07 02:00:00
2020-08-08,5,2020,10.9,24.5,SW,1.2,194.0,6.9,Low,24.5,68.0,2020-08-08 02:00:00
2020-08-09,5,2020,11.7,22.4,SW,9.7,713.0,7.1,Low,23.8,66.0,2020-08-09 02:00:00
2020-08-10,5,2020,11.2,27.1,SW,1.5,-84.0,6.9,Low,23.8,59.0,2020-08-10 02:00:00
2020-08-11,5,2020,9.6,21.0,NE,2.7,73.0,7.2,Low,23.8,69.0,2020-08-11 02:00:00
2020-08-12,5,2020,12.8,24.5,SW,1.2,-53.0,6.7,Low,24.7,61.0,2020-08-12 02:00:00
2020-08-13,5,2020,9.5,16.3,E,0.6,-55.0,7.0,Low,24.2,67.0,2020-08-13 02:00:00
2020-08-14,5,2020,13.3,28.2,E,5.8,942.0,7.0,Low,24.0,63.0,2020-08-14 02:00:00
2020-08-15,5,2020,8.3,16.7,S,0.0,-100.0,7.0,Low,25.0,65.0,2020-08-15 02:00:00
2020-08-16,5,2020,11.5,26.2,E,0.5,0.0,6.8,Low,23.8,66.0,2020-08-16 02:00:00
2020-08-17,5,2020,9.8,17.3,NW,0.0,-100.0,6.9,Low,24.9,61.0,2020-08-17 02:00:00
2020-08-18,5,2020,10.8,25.4,W,1.2,0.0,6.9,Low,24.4,66.0,2020-08-18 02:00:00
2020-08-19,5,2020,9.2,25.6,NW,2.4,106.0,6.9,Low,24.8,62.0,2020-08-19 02:00:00
2020-08-20,5,2020,9.5,16.5,NE,3.2,32.0,6.9,Low,24.9,62.0,2020-08-20 02:00:00
2020-08-21,5,2020,11.5,22.2,E,2.3,-27.0,7.1,Low,23.0,65.0,2020-08-21 02:00:00
2020-08-22,5,2020,9.0,23.8,S,3.3,43.0,6.9,Low,24.3,63.0,2020-08-22 02:00:00
2020-08-23,5,2020,9.4,17.3,NE,0.7,-80.0,7.0,Low,24.3,70.0,2020-08-23 02:00:00
2020-08-24,5,2020,12.7,24.7,W,8.1,1096.0,6.9,Medium,23.4,61.0,2020-08-24 02:00:00
2020-08-25,5,2020,12.8,30.0,SE,0.0,-100.0,6.9,Low,23.9,68.0,2020-08-25 02:00:00
2020-08-26,5,2020,12.8,22.2,SW,5.0,0.0,7.1,Low,24.7,65.0,2020-08-26 02:00:00
2020-08-27,5,2020,9.2,18.0,S,0.0,-100.0,7.0,Low,23.8,66.0,2020-08-27 02:00:00
2020-08-28,5,2020,10.2,16.9,NE,0.5,0.0,6.9,Medium,24.1,68.0,2020-08-28 02:00:00
2020-08-29,5,2020,9.5,22.7,S,0.7,36.0,6.8,Medium,24.9,64.0,2020-08-29 02:00:00
2020-08-30,5,2020,12.3,29.4,N,0.0,-95.0,7.0,Medium,23.9,66.0,2020-08-30 02:00:00
2020-08-31,5,2020,7.1,24.6,S,0.0,-100.0,6.9,Medium,24.2,70.0,2020-08-31 02:00:00
2020-09-01,5,2020,14.1,22.9,E,3.4,0.0,6.9,Medium,23.9,60.0,2020-09-01 02:00:00
2020-09-02,5,2020,12.1,21.0,SW,0.0,-100.0,6.9,Low,25.1,64.0,2020-09-02 02:00:00
2020-09-03,5,2020,13.1,22.9,W,0.7,0.0,7.0,Low,25.6,63.0,2020-09-03 02:00:00
2020-09-04,5,2020,12.8,23.4,NW,2.6,287.0,6.8,Low,24.5,69.0,2020-09-04 02:00:00
2020-09-05,5,2020,10.2,18.9,W,0.0,-100.0,7.0,Low,24.6,65.0,2020-09-05 02:00:00
2020-09-06,5,2020,12.2,27.9,NE,0.0,0.0,6.9,Low,24.3,63.0,2020-09-06 02:00:00
2020-09-07,5,2020,10.9,18.6,SE,1.1,0.0,7.0,Low,24.9,60.0,2020-09-07 02:00:00
2020-09-08,5,2020,12.6,29.4,N,0.2,-83.0,6.9,Low,25.0,64.0,2020-09-08 02:00:00
2020-09-09,5,2020,9.6,19.6,E,3.8,2082.0,6.9,Low,23.4,61.0,2020-09-09 02:00:00
2020-09-10,5,2020,9.7,19.5,NW,0.8,-78.0,6.8,Low,25.6,69.0,2020-09-10 02:00:00
2020-09-11,5,2020,10.8,28.3,NW,0.0,-100.0,7.0,Low,24.0,66.0,2020-09-11 02:00:00
2020-09-12,5,2020,12.2,20.1,SE,0.6,0.0,6.8,Low,25.0,68.0,2020-09-12 02:00:00
2020-09-13,5,2020,10.2,26.8,SW,7.0,1143.0,6.9,Low,25.4,66.0,2020-09-13 02:00:00
2020-09-14,5,2020,12.3,19.0,E,1.8,-74.0,6.9,Low,23.7,65.0,2020-09-14 02:00:00
2020-09-15,5,2020,13.1,20.4,SE,0.0,-100.0,6.7,Low,24.9,67.0,2020-09-15 02:00:00
2020-09-16,5,2020,11.2,19.9,N,3.5,0.0,7.1,Low,25.3,65.0,2020-09-16 02:00:00
2020-09-17,5,2020,10.0,20.3,S,0.0,-100.0,6.8,Low,24.9,62.0,2020-09-17 02:00:00
2020-09-18,5,2020,11.4,28.4,NE,3.1,0.0,6.8,Low,25.2,64.0,2020-09-18 02:00:00
2020-09-19,5,2020,10.7,17.3,N,2.8,-10.0,7.1,Low,24.2,62.0,2020-09-19 02:00:00
2020-09-20,5,2020,10.9,27.1,NW,0.0,-100.0,6.9,Low,25.3,65.0,2020-09-20 02:00:00
2020-09-21,5,2020,12.4,27.6,N,9.5,0.0,7.0,Low,25.1,60.0,2020-09-21 02:00:00
2020-09-22,5,2020,11.7,28.2,E,0.3,-97.0,6.8,Low,24.1,62.0,2020-09-22 02:00:00
2020-09-23,5,2020,11.6,24.2,NW,4.4,1527.0,6.9,Low,25.2,68.0,2020-09-23 02:00:00
2020-09-24,5,2020,12.2,18.0,W,0.2,-95.0,7.1,Low,23.6,65.0,2020-09-24 02:00:00
2020-09-25,5,2020,10.7,25.6,SE,3.1,1348.0,6.8,Low,24.9,64.0,2020-09-25 02:00:00
2020-09-26,5,2020,13.0,29.4,SE,0.0,-100.0,7.0,Low,24.3,63.0,2020-09-26 02:00:00
2020-09-27,5,2020,10.6,20.7,W,0.8,0.0,6.7,Low,24.9,61.0,2020-09-27 02:00:00
2020-09-28,5,2020,10.3,18.4,NW,0.0,-100.0,7.0,Low,24.9,59.0,2020-09-28 02:00:00
2020-09-29,5,2020,8.4,23.6,N,0.0,0.0,6.9,Low,25.0,61.0,2020-09-29 02:00:00
2020-09-30,5,2020,11.0,24.9,SW,0.0,0.0,6.8,Low,24.4,66.0,2020-09-30 02:00:00
2020-10-01,5,2020,13.3,29.1,SE,0.0,0.0,6.7,Low,24.6,66.0,2020-10-01 02:00:00
2020-10-02,5,2020,13.6,22.0,E,1.9,0.0,6.9,Low,26.1,62.0,2020-10-02 02:00:00
2020-10-03,5,2020,11.0,26.9,S,1.6,-15.0,6.7,Low,24.9,63.0,2020-10-03 02:00:00
2020-10-04,5,2020,10.9,17.5,SE,3.5,112.0,6.8,Low,25.4,58.0,2020-10-04 02:00:00
2020-10-05,5,2020,10.0,16.0,SE,0.9,-74.0,6.9,Low,24.9,66.0,2020-10-05 02:00:00
2020-10-06,5,2020,11.7,26.3,W,2.9,224.0,6.9,Low,24.6,62.0,2020-10-06 02:00:00
2020-10-07,5,2020,10.5,20.8,W,1.5,-51.0,6.9,Low,24.6,61.0,2020-10-07 02:00:00
2020-10-08,5,2020,9.6,24.6,N,7.2,393.0,6.8,Low,23.7,58.0,2020-10-08 02:00:00
2020-10-09,5,2020,12.5,19.0,SE,2.4,-66.0,6.9,Low,24.7,59.0,2020-10-09 02:00:00
2020-10-10,5,2020,10.9,16.3,NW,0.0,-100.0,7.0,Low,24.8,61.0,2020-10-10 02:00:00
2020-10-11,5,2020,9.5,22.7,NE,2.4,0.0,6.9,Low,25.7,63.0,2020-10-11 02:00:00
2020-10-12,5,2020,10.5,22.2,SW,0.8,-67.0,6.9,Low,24.4,61.0,2020-10-12 02:00:00
2020-10-13,5,2020,9.7,16.9,NW,0.0,-100.0,6.9,Low,25.5,63.0,2020-10-13 02:00:00
2020-10-14,5,2020,7.7,14.8,N,4.9,0.0,6.9,Low,25.2,62.0,2020-10-14 02:00:00
2020-10-15,5,2020,10.8,21.8,SW,1.0,-80.0,6.7,Low,24.4,64.0,2020-10-15 02:00:00
2020-10-16,5,2020,11.2,20.1,SE,1.6,63.0,6.9,Low,24.2,61.0,2020-10-16 02:00:00
2020-10-17,5,2020,13.6,28.5,E,2.3,44.0,6.8,Low,24.7,63.0,2020-10-17 02:00:00
2020-10-18,5,2020,13.2,27.3,S,0.0,-99.0,7.0,Low,24.6,71.0,2020-10-18 02:00:00
2020-10-19,5,2020,10.2,19.1,W,0.0,-100.0,6.9,Low,24.9,59.0,2020-10-19 02:00:00
2020-10-20,5,2020,11.7,19.1,S,0.1,0.0,6.9,Low,24.2,55.0,2020-10-20 02:00:00
2020-10-21,5,2020,11.3,22.4,W,0.6,590.0,6.9,Low,25.7,60.0,2020-10-21 02:00:00
2020-10-22,5,2020,10.0,26.2,SE,3.2,446.0,6.9,Low,26.1,63.0,2020-10-22 02:00:00
2020-10-23,5,2020,11.0,28.4,NW,0.0,-100.0,6.7,Low,24.0,64.0,2020-10-23 02:00:00
2020-10-24,5,2020,9.2,26.7,SW,0.3,0.0,7.0,Low,24.8,61.0,2020-10-24 02:00:00
2020-10-25,5,2020,8.7,21.3,NE,0.0,-100.0,6.8,Low,26.0,67.0,2020-10-25 02:00:00
2020-10-26,5,2020,10.6,20.7,SE,2.1,0.0,7.0,Low,25.3,65.0,2020-10-26 02:00:00
2020-10-27,5,2020,10.1,17.2,W,5.0,141.0,6.8,Low,24.8,59.0,2020-10-27 02:00:00
2020-10-28,5,2020,9.6,17.3,W,4.2,-16.0,6.9,Low,25.8,62.0,2020-10-28 02:00:00
2020-10-29,5,2020,8.3,13.6,SE,0.9,-77.0,6.9,Low,25.7,66.0,2020-10-29 02:00:00
2020-10-30,5,2020,12.3,24.3,W,1.3,34.0,6.8,Low,25.9,61.0,2020-10-30 02:00:00
2020-10-31,5,2020,9.6,26.8,NW,2.8,121.0,6.9,Low,24.4,60.0,2020-10-31 02:00:00
2020-11-01,5,2020,9.6,23.9,SW,6.7,142.0,6.9,Low,24.3,62.0,2020-11-01 02:00:00
2020-11-02,5,2020,12.3,24.7,E,1.1,-84.0,7.0,Low,25.2,60.0,2020-11-02 02:00:00
2020-11-03,5,2020,9.6,18.9,W,0.0,-100.0,6.9,Low,26.1,65.0,2020-11-03 02:00:00
2020-11-04,5,2020,11.6,25.6,SW,0.0,0.0,7.0,Low,24.6,61.0,2020-11-04 02:00:00
2020-11-05,5,2020,9.2,20.5,S,0.7,0.0,6.9,Low,25.3,62.0,2020-11-05 02:00:00
2020-11-06,5,2020,13.4,26.3,E,0.0,-100.0,6.9,Low,25.4,62.0,2020-11-06 02:00:00
2020-11-07,5,2020,11.7,29.6,SW,0.8,0.0,6.9,Low,24.6,63.0,2020-11-07 02:00:00
2020-11-08,5,2020,9.8,18.8,SW,0.5,-37.0,6.9,Low,25.3,62.0,2020-11-08 02:00:00
2020-11-09,5,2020,10.0,21.6,N,0.0,-100.0,6.9,Low,23.5,57.0,2020-11-09 02:00:00
2020-11-10,5,2020,14.2,29.8,S,0.6,0.0,7.0,Low,25.1,65.0,2020-11-10 02:00:00
2020-11-11,5,2020,11.4,21.2,N,0.0,-100.0,6.7,Low,25.5,62.0,2020-11-11 02:00:00
2020-11-12,5,2020,9.0,24.7,SE,1.0,0.0,7.0,Low,24.6,60.0,2020-11-12 02:00:00
2020-11-13,5,2020,11.9,23.2,SE,1.0,4.0,6.9,Low,25.0,55.0,2020-11-13 02:00:00
2020-11-14,5,2020,11.0,20.5,SW,1.9,88.0,6.8,Low,25.0,65.0,2020-11-14 02:00:00
2020-11-15,5,2020,11.1,18.9,NE,0.9,-54.0,6.6,Low,24.7,59.0,2020-11-15 02:00:00
2020-11-16,5,2020,12.3,27.1,W,0.0,-100.0,6.9,Low,24.1,56.0,2020-11-16 02:00:00
2020-11-17,5,2020,11.1,24.9,SW,0.0,0.0,7.0,Low,25.8,65.0,2020-11-17 02:00:00
2020-11-18,5,2020,11.6,19.2,NW,0.0,0.0,7.0,Low,24.9,57.0,2020-11-18 02:00:00
2020-11-19,5,2020,11.5,18.0,SW,0.1,0.0,6.8,Low,25.4,66.0,2020-11-19 02:00:00
2020-11-20,5,2020,10.9,23.3,S,1.6,1762.0,6.7,Low,26.5,64.0,2020-11-20 02:00:00
2020-11-21,5,2020,11.1,22.9,W,0.4,-77.0,6.8,Low,25.8,66.0,2020-11-21 02:00:00
2020-11-22,5,2020,12.5,22.4,NW,0.0,-100.0,6.9,Low,25.4,62.0,2020-11-22 02:00:00
2020-11-23,5,2020,12.9,20.8,NW,0.0,0.0,6.9,Low,26.0,62.0,2020-11-23 02:00:00
2020-11-24,5,2020,12.2,20.5,N,0.0,0.0,7.1,Low,24.8,60.0,2020-11-24 02:00:00
2020-11-25,5,2020,10.3,21.8,W,10.6,0.0,6.7,Low,25.3,62.0,2020-11-25 02:00:00
2020-11-26,5,2020,9.8,20.2,W,0.0,-100.0,6.8,Low,26.8,58.0,2020-11-26 02:00:00
2020-11-27,5,2020,10.9,25.7,E,1.7,0.0,6.9,Low,25.8,58.0,2020-11-27 02:00:00
2020-11-28,5,2020,11.6,26.5,SE,2.8,65.0,6.7,Low,25.2,66.0,2020-11-28 02:00:00
2020-11-29,5,2020,11.8,19.9,W,0.0,-100.0,6.8,Low,26.3,64.0,2020-11-29 02:00:00
2020-11-30,5,2020,11.8,21.5,SE,0.6,0.0,6.9,Low,25.1,61.0,2020-11-30 02:00:00
2020-12-01,5,2020,9.7,24.9,S,0.0,-100.0,6.9,Low,25.4,60.0,2020-12-01 02:00:00
2020-12-02,5,2020,10.1,24.8,N,1.1,0.0,6.8,Low,24.8,61.0,2020-12-02 02:00:00
2020-12-03,5,2020,9.4,14.8,S,0.3,-72.0,6.7,Low,26.0,59.0,2020-12-03 02:00:00
2020-12-04,5,2020,8.5,16.6,W,1.7,462.0,6.8,Low,26.1,60.0,2020-12-04 02:00:00
2020-12-05,5,2020,10.0,16.5,NW,1.9,11.0,6.9,Low,25.3,58.0,2020-12-05 02:00:00
2020-12-06,5,2020,11.1,20.8,SW,0.0,-100.0,7.0,Low,25.9,61.0,2020-12-06 02:00:00
2020-12-07,5,2020,9.6,25.9,W,0.0,0.0,6.5,Low,25.1,60.0,2020-12-07 02:00:00
2020-12-08,5,2020,13.4,27.0,NE,0.0,0.0,6.8,Low,27.7,63.0,2020-12-08 02:00:00
2020-12-09,5,2020,12.0,17.6,W,0.3,0.0,6.7,Low,25.9,60.0,2020-12-09 02:00:00
2020-12-10,5,2020,9.0,14.0,NE,0.3,-10.0,6.9,Low,26.8,62.0,2020-12-10 02:00:00
2020-12-11,5,2020,11.1,20.7,NW,0.0,-100.0,6.8,Low,25.5,57.0,2020-12-11 02:00:00
2020-12-12,5,2020,10.6,15.7,E,0.0,0.0,6.8,Low,26.6,61.0,2020-12-12 02:00:00
2020-12-13,5,2020,10.3,26.2,W,5.0,0.0,6.9,Low,25.8,57.0,2020-12-13 02:00:00
2020-12-14,5,2020,7.9,22.0,SW,1.7,-65.0,6.9,Low,25.8,59.0,2020-12-14 02:00:00
2020-12-15,5,2020,13.5,29.7,SE,3.5,104.0,6.8,Low,25.8,64.0,2020-12-15 02:00:00
2020-12-16,5,2020,9.7,26.6,N,1.7,-51.0,6.8,Low,24.2,53.0,2020-12-16 02:00:00
2020-12-17,5,2020,9.9,24.3,SW,0.7,-61.0,6.8,Low,27.4,62.0,2020-12-17 02:00:00
2020-12-18,5,2020,10.8,23.6,SW,0.0,-100.0,6.9,Low,24.0,61.0,2020-12-18 02:00:00
2020-12-19,5,2020,9.5,15.6,SE,0.2,0.0,7.0,Low,25.1,62.0,2020-12-19 02:00:00
2020-12-20,5,2020,9.4,20.3,S,0.6,281.0,6.7,Low,25.0,63.0,2020-12-20 02:00:00
2020-12-21,5,2020,9.0,14.3,NE,0.0,-100.0,6.7,Low,25.3,58.0,2020-12-21 02:00:00
2020-12-22,5,2020,10.2,20.0,NE,0.0,0.0,6.7,Low,25.6,65.0,2020-12-22 02:00:00
2020-12-23,5,2020,12.3,22.5,S,0.0,0.0,6.7,Low,24.3,68.0,2020-12-23 02:00:00
2020-12-24,5,2020,10.6,17.8,SE,0.9,0.0,6.9,Low,26.3,60.0,2020-12-24 02:00:00
2020-12-25,5,2020,10.5,27.1,S,0.0,-100.0,6.8,Low,25.6,58.0,2020-12-25 02:00:00
2020-12-26,5,2020,10.2,23.7,SE,0.0,0.0,6.9,Low,25.9,57.0,2020-12-26 02:00:00
2020-12-27,5,2020,11.3,21.5,E,0.0,0.0,6.7,Low,26.6,58.0,2020-12-27 02:00:00
2020-12-28,5,2020,11.6,25.5,SW,0.0,0.0,6.7,Low,25.6,56.0,2020-12-28 02:00:00
2020-12-29,5,2020,9.8,24.3,SW,2.5,0.0,6.8,Low,24.3,60.0,2020-12-29 02:00:00
2020-12-30,5,2020,10.8,25.4,S,4.3,72.0,6.8,Low,24.8,61.0,2020-12-30 02:00:00
2020-12-31,5,2020,8.4,17.2,SW,0.0,-100.0,6.7,Low,24.9,65.0,2020-12-31 02:00:00
2021-01-01,5,2021,10.9,20.0,SE,0.4,0.0,7.2,Med-High,22.0,73.0,2021-01-01 02:00:00
2021-01-02,5,2021,10.4,26.8,SE,3.4,671.0,7.1,Med-High,21.8,64.0,2021-01-02 02:00:00
2021-01-03,5,2021,10.7,23.8,E,0.0,-100.0,7.3,Med-High,21.5,68.0,2021-01-03 02:00:00
2021-01-04,5,2021,10.9,19.3,E,6.1,419689.0,7.2,Med-High,21.8,71.0,2021-01-04 02:00:00
2021-01-05,5,2021,10.5,25.4,S,1.6,-74.0,7.3,Med-High,22.0,67.0,2021-01-05 02:00:00
2021-01-06,5,2021,10.1,20.5,SE,1.0,-36.0,7.2,Med-High,22.7,74.0,2021-01-06 02:00:00
2021-01-07,5,2021,12.6,23.0,S,1.5,52.0,7.3,Med-High,21.8,67.0,2021-01-07 02:00:00
2021-01-08,5,2021,11.4,20.1,SE,0.2,-90.0,7.1,Med-High,22.6,73.0,2021-01-08 02:00:00
2021-01-09,5,2021,12.1,24.9,S,1.8,1031.0,7.3,Med-High,22.5,69.0,2021-01-09 02:00:00
2021-01-10,5,2021,9.2,19.9,NE,0.5,-71.0,7.2,Medium,23.3,73.0,2021-01-10 02:00:00
2021-01-11,5,2021,9.4,17.1,NW,0.9,83.0,7.1,Medium,22.5,70.0,2021-01-11 02:00:00
2021-01-12,5,2021,9.2,14.7,E,1.1,14.0,7.2,Medium,21.8,71.0,2021-01-12 02:00:00
2021-01-13,5,2021,10.3,16.4,E,0.1,-90.0,7.2,Medium,21.8,74.0,2021-01-13 02:00:00
2021-01-14,5,2021,11.5,29.0,NW,1.1,936.0,7.2,Medium,21.8,73.0,2021-01-14 02:00:00
2021-01-15,5,2021,10.9,21.1,W,1.6,51.0,7.1,Medium,22.1,74.0,2021-01-15 02:00:00
2021-01-16,5,2021,9.4,22.0,E,2.1,30.0,7.2,Medium,22.2,73.0,2021-01-16 02:00:00
2021-01-17,5,2021,11.4,26.1,W,1.6,-26.0,7.0,Medium,22.0,73.0,2021-01-17 02:00:00
2021-01-18,5,2021,10.4,16.9,S,1.2,-26.0,7.2,Medium,23.3,70.0,2021-01-18 02:00:00
2021-01-19,5,2021,12.3,23.6,W,4.9,324.0,7.3,Medium,22.5,75.0,2021-01-19 02:00:00
2021-01-20,5,2021,10.2,21.8,SW,0.4,-93.0,7.2,Medium,21.2,70.0,2021-01-20 02:00:00
2021-01-21,5,2021,11.8,24.9,NE,4.2,1038.0,7.3,Medium,21.6,70.0,2021-01-21 02:00:00
2021-01-22,5,2021,7.6,24.9,N,5.2,26.0,7.2,Medium,22.5,70.0,2021-01-22 02:00:00
2021-01-23,5,2021,9.2,15.6,E,0.5,-91.0,7.1,Medium,22.2,70.0,2021-01-23 02:00:00
2021-01-24,5,2021,11.1,19.1,S,0.7,45.0,7.1,Medium,22.3,73.0,2021-01-24 02:00:00
2021-01-25,5,2021,10.2,19.7,S,3.6,414.0,7.3,Medium,22.3,65.0,2021-01-25 02:00:00
2021-01-26,5,2021,10.4,26.6,E,0.6,-84.0,7.3,Medium,21.8,69.0,2021-01-26 02:00:00
2021-01-27,5,2021,12.3,26.5,NE,3.1,454.0,7.2,Medium,22.6,68.0,2021-01-27 02:00:00
2021-01-28,5,2021,8.7,17.7,S,3.3,7.0,7.1,Medium,21.1,76.0,2021-01-28 02:00:00
2021-01-29,5,2021,12.6,25.6,W,0.6,-82.0,7.2,Medium,23.1,68.0,2021-01-29 02:00:00
2021-01-30,5,2021,10.2,17.4,NW,1.3,110.0,7.1,Medium,22.2,69.0,2021-01-30 02:00:00
2021-01-31,5,2021,9.3,23.8,SE,0.2,-83.0,7.2,Medium,21.8,71.0,2021-01-31 02:00:00
2021-02-01,5,2021,10.4,21.4,NW,1.8,742.0,7.3,Medium,21.6,68.0,2021-02-01 02:00:00
2021-02-02,5,2021,11.1,19.9,NW,5.7,215.0,7.2,Medium,21.7,71.0,2021-02-02 02:00:00
2021-02-03,5,2021,11.9,23.4,E,1.8,-68.0,7.1,Medium,21.4,75.0,2021-02-03 02:00:00
2021-02-04,5,2021,10.1,16.9,SW,1.0,-43.0,7.1,Medium,22.0,75.0,2021-02-04 02:00:00
2021-02-05,5,2021,9.8,15.3,W,0.2,-80.0,7.2,Low,21.5,72.0,2021-02-05 02:00:00
2021-02-06,5,2021,11.7,23.3,SE,1.9,835.0,7.4,Low,22.7,64.0,2021-02-06 02:00:00
2021-02-07,5,2021,8.4,24.7,S,3.7,94.0,7.1,Low,22.3,69.0,2021-02-07 02:00:00
2021-02-08,5,2021,9.9,14.9,SW,3.8,3.0,7.3,Medium,22.2,71.0,2021-02-08 02:00:00
2021-02-09,5,2021,11.4,20.4,N,0.5,-86.0,7.2,Low,21.8,79.0,2021-02-09 02:00:00
2021-02-10,5,2021,10.3,20.3,SW,0.4,-28.0,7.3,Low,22.8,76.0,2021-02-10 02:00:00
2021-02-11,5,2021,9.8,26.6,S,5.3,1244.0,7.0,Low,22.4,68.0,2021-02-11 02:00:00
2021-02-12,5,2021,11.6,27.1,SW,1.1,-80.0,7.1,Low,22.7,68.0,2021-02-12 02:00:00
2021-02-13,5,2021,11.7,29.7,W,1.1,5.0,6.9,Low,22.4,72.0,2021-02-13 02:00:00
2021-02-14,5,2021,9.3,18.1,SW,0.2,-85.0,7.1,Low,22.5,69.0,2021-02-14 02:00:00
2021-02-15,5,2021,8.6,21.5,SW,0.4,148.0,7.2,Low,23.2,70.0,2021-02-15 02:00:00
2021-02-16,5,2021,12.9,21.0,NE,0.8,95.0,7.4,Low,22.0,73.0,2021-02-16 02:00:00
2021-02-17,5,2021,12.4,17.8,W,1.5,83.0,7.1,Low,22.6,74.0,2021-02-17 02:00:00
2021-02-18,5,2021,7.9,20.1,S,0.8,-44.0,7.1,Low,22.3,72.0,2021-02-18 02:00:00
2021-02-19,5,2021,14.3,27.5,NW,3.4,303.0,7.0,Low,23.2,72.0,2021-02-19 02:00:00
2021-02-20,5,2021,10.3,18.7,NE,0.8,-77.0,6.9,Low,23.0,72.0,2021-02-20 02:00:00
2021-02-21,5,2021,13.4,29.4,N,2.8,270.0,7.1,Low,22.7,72.0,2021-02-21 02:00:00
2021-02-22,5,2021,9.0,15.2,W,3.5,23.0,7.1,Low,22.9,66.0,2021-02-22 02:00:00
2021-02-23,5,2021,8.4,24.6,NE,1.3,-63.0,6.8,Low,22.9,71.0,2021-02-23 02:00:00
2021-02-24,5,2021,10.2,17.5,N,1.2,-10.0,7.1,Low,23.1,68.0,2021-02-24 02:00:00
2021-02-25,5,2021,12.2,28.2,S,0.7,-41.0,7.2,Low,23.6,73.0,2021-02-25 02:00:00
2021-02-26,5,2021,8.9,20.3,W,2.0,191.0,7.2,Low,23.5,70.0,2021-02-26 02:00:00
2021-02-27,5,2021,9.2,18.9,S,0.8,-58.0,7.2,Low,23.5,73.0,2021-02-27 02:00:00
2021-02-28,5,2021,11.3,18.0,N,0.2,-73.0,7.1,Low,22.3,68.0,2021-02-28 02:00:00
2021-03-01,5,2021,7.8,13.0,NW,0.2,4.0,7.2,Low,23.1,70.0,2021-03-01 02:00:00
2021-03-02,5,2021,8.6,23.3,W,1.8,669.0,7.0,Low,22.2,67.0,2021-03-02 02:00:00
2021-03-03,5,2021,13.2,25.9,NW,0.2,-86.0,7.1,Low,23.2,67.0,2021-03-03 02:00:00
2021-03-04,5,2021,10.4,25.1,W,0.5,114.0,7.1,Low,23.1,69.0,2021-03-04 02:00:00
2021-03-05,5,2021,11.2,23.2,E,3.0,472.0,7.2,Low,22.4,72.0,2021-03-05 02:00:00
2021-03-06,5,2021,9.5,25.1,N,1.4,-52.0,7.1,Low,22.4,68.0,2021-03-06 02:00:00
2021-03-07,5,2021,9.5,17.6,SE,1.7,21.0,7.2,Low,23.0,63.0,2021-03-07 02:00:00
2021-03-08,5,2021,8.3,18.4,SE,0.2,-89.0,7.1,Low,21.4,64.0,2021-03-08 02:00:00
2021-03-09,5,2021,10.1,20.5,SW,0.0,-100.0,7.1,Low,23.1,68.0,2021-03-09 02:00:00
2021-03-10,5,2021,9.8,17.4,N,5.7,0.0,7.2,Low,23.5,68.0,2021-03-10 02:00:00
2021-03-11,5,2021,10.9,17.8,SW,2.0,-64.0,7.3,Low,22.3,70.0,2021-03-11 02:00:00
2021-03-12,5,2021,9.4,14.4,E,2.6,29.0,7.2,Low,22.5,65.0,2021-03-12 02:00:00
2021-03-13,5,2021,11.6,26.2,N,3.7,40.0,7.0,Low,23.7,69.0,2021-03-13 02:00:00
2021-03-14,5,2021,11.1,16.6,SW,0.0,-100.0,7.2,Low,24.1,69.0,2021-03-14 02:00:00
2021-03-15,5,2021,10.0,16.2,SW,0.8,0.0,7.1,Low,20.9,68.0,2021-03-15 02:00:00
2021-03-16,5,2021,11.4,19.6,W,0.5,-41.0,7.0,Low,22.9,71.0,2021-03-16 02:00:00
2021-03-17,5,2021,12.3,25.2,E,1.3,166.0,7.1,Low,22.5,72.0,2021-03-17 02:00:00
2021-03-18,5,2021,10.0,26.4,S,1.2,-8.0,7.0,Low,23.4,68.0,2021-03-18 02:00:00
2021-03-19,5,2021,13.3,31.2,E,1.7,42.0,7.1,Low,21.8,67.0,2021-03-19 02:00:00
2021-03-20,5,2021,11.1,16.2,SE,0.2,-91.0,7.1,Low,22.5,65.0,2021-03-20 02:00:00
2021-03-21,5,2021,11.3,16.8,NW,0.9,455.0,7.1,Low,23.7,69.0,2021-03-21 02:00:00
2021-03-22,5,2021,10.6,20.3,NW,4.9,479.0,7.2,Low,22.1,67.0,2021-03-22 02:00:00
2021-03-23,5,2021,8.2,15.6,S,1.6,-67.0,7.0,Low,23.4,71.0,2021-03-23 02:00:00
2021-03-24,5,2021,7.9,17.6,NE,0.7,-56.0,7.1,Low,22.6,70.0,2021-03-24 02:00:00
2021-03-25,5,2021,10.7,28.4,SE,0.5,-31.0,7.1,Low,21.4,73.0,2021-03-25 02:00:00
2021-03-26,5,2021,9.7,25.5,N,4.5,813.0,7.2,Low,22.5,65.0,2021-03-26 02:00:00
2021-03-27,5,2021,13.1,25.3,E,3.0,-33.0,7.0,Medium,22.9,75.0,2021-03-27 02:00:00
2021-03-28,5,2021,11.3,18.3,N,0.6,-79.0,7.1,Medium,22.9,70.0,2021-03-28 02:00:00
2021-03-29,5,2021,10.6,18.8,W,0.2,-74.0,7.1,Medium,22.6,68.0,2021-03-29 02:00:00
2021-03-30,5,2021,10.7,17.1,NE,0.7,350.0,7.0,Medium,22.6,63.0,2021-03-30 02:00:00
2021-03-31,5,2021,12.4,21.7,W,0.1,-87.0,7.1,Medium,21.9,69.0,2021-03-31 02:00:00
2021-04-01,5,2021,11.2,21.9,NE,11.3,11847.0,7.1,Med-High,23.8,70.0,2021-04-01 02:00:00
2021-04-02,5,2021,7.9,13.2,S,10.2,-10.0,7.2,Med-High,21.6,66.0,2021-04-02 02:00:00
2021-04-03,5,2021,10.1,24.4,SE,0.0,-100.0,7.0,Med-High,23.4,68.0,2021-04-03 02:00:00
2021-04-04,5,2021,11.1,17.2,W,2.6,0.0,7.3,Med-High,23.2,70.0,2021-04-04 02:00:00
2021-04-05,5,2021,10.6,19.2,SW,2.4,-7.0,7.3,Med-High,23.3,74.0,2021-04-05 02:00:00
2021-04-06,5,2021,12.0,27.0,S,0.9,-64.0,7.1,Med-High,23.1,65.0,2021-04-06 02:00:00
2021-04-07,5,2021,11.2,28.7,E,0.4,-58.0,7.3,Med-High,23.1,71.0,2021-04-07 02:00:00
2021-04-08,5,2021,12.9,19.1,N,0.0,-100.0,7.1,Med-High,23.8,71.0,2021-04-08 02:00:00
2021-04-09,5,2021,13.5,27.6,NE,0.2,0.0,7.1,Med-High,23.6,69.0,2021-04-09 02:00:00
2021-04-10,5,2021,12.1,24.0,SW,2.9,1177.0,7.0,Med-High,23.1,73.0,2021-04-10 02:00:00
2021-04-11,5,2021,9.0,25.6,SE,0.1,-98.0,7.0,Med-High,22.3,72.0,2021-04-11 02:00:00
2021-04-12,5,2021,12.8,19.2,SE,0.0,-100.0,7.0,Med-High,22.0,67.0,2021-04-12 02:00:00
2021-04-13,5,2021,11.2,21.8,W,1.9,0.0,7.2,Med-High,22.2,69.0,2021-04-13 02:00:00
2021-04-14,5,2021,12.5,30.1,SE,0.0,-100.0,7.0,Med-High,22.9,67.0,2021-04-14 02:00:00
2021-04-15,5,2021,11.1,28.9,SE,2.9,0.0,7.1,Med-High,22.3,70.0,2021-04-15 02:00:00
2021-04-16,5,2021,11.9,20.2,W,0.0,-100.0,7.1,Medium,23.1,73.0,2021-04-16 02:00:00
2021-04-17,5,2021,11.3,22.3,E,0.2,0.0,7.1,Medium,23.9,67.0,2021-04-17 02:00:00
2021-04-18,5,2021,10.6,20.2,SE,0.1,-34.0,7.2,Medium,25.1,69.0,2021-04-18 02:00:00
2021-04-19,5,2021,13.1,23.7,S,1.2,961.0,7.0,Medium,22.9,69.0,2021-04-19 02:00:00
2021-04-20,5,2021,11.8,20.8,N,1.1,-10.0,6.9,Medium,23.4,69.0,2021-04-20 02:00:00
2021-04-21,5,2021,11.5,22.0,E,2.8,147.0,7.1,Medium,23.5,67.0,2021-04-21 02:00:00
2021-04-22,5,2021,9.1,19.8,E,0.1,-96.0,7.1,Low,23.3,69.0,2021-04-22 02:00:00
2021-04-23,5,2021,12.8,18.6,E,0.2,50.0,7.1,Medium,23.4,64.0,2021-04-23 02:00:00
2021-04-24,5,2021,12.3,17.3,NE,2.5,1493.0,7.2,Medium,22.9,63.0,2021-04-24 02:00:00
2021-04-25,5,2021,12.3,25.0,NE,4.3,73.0,7.3,Medium,22.8,69.0,2021-04-25 02:00:00
2021-04-26,5,2021,10.2,23.6,W,0.0,-99.0,7.0,Medium,23.4,72.0,2021-04-26 02:00:00
2021-04-27,5,2021,11.7,28.7,NE,0.6,1230.0,7.0,Low,23.2,61.0,2021-04-27 02:00:00
2021-04-28,5,2021,9.1,16.6,NE,1.0,73.0,7.0,Low,22.3,63.0,2021-04-28 02:00:00
2021-04-29,5,2021,9.9,22.1,N,0.2,-85.0,7.0,Low,23.8,67.0,2021-04-29 02:00:00
2021-04-30,5,2021,8.1,15.5,NW,0.2,54.0,7.0,Low,23.2,70.0,2021-04-30 02:00:00
2021-05-01,5,2021,8.9,18.2,S,3.0,1159.0,7.1,Low,22.7,72.0,2021-05-01 02:00:00
2021-05-02,5,2021,12.8,28.3,NE,4.3,42.0,7.1,Medium,22.9,73.0,2021-05-02 02:00:00
2021-05-03,5,2021,11.5,24.3,SW,1.2,-71.0,7.0,Low,23.7,67.0,2021-05-03 02:00:00
2021-05-04,5,2021,12.2,22.3,SE,3.5,186.0,6.9,Low,22.9,67.0,2021-05-04 02:00:00
2021-05-05,5,2021,12.2,26.6,W,0.0,-100.0,7.0,Low,23.9,67.0,2021-05-05 02:00:00
2021-05-06,5,2021,12.2,19.9,NE,3.2,0.0,6.8,Low,22.5,67.0,2021-05-06 02:00:00
2021-05-07,5,2021,9.4,14.8,S,0.2,-93.0,7.1,Low,22.7,75.0,2021-05-07 02:00:00
2021-05-08,5,2021,10.7,17.0,E,1.7,627.0,7.0,Low,24.3,71.0,2021-05-08 02:00:00
2021-05-09,5,2021,12.8,30.7,NW,0.2,-88.0,6.9,Low,23.5,66.0,2021-05-09 02:00:00
2021-05-10,5,2021,10.5,23.8,W,2.2,1051.0,6.9,Low,24.1,68.0,2021-05-10 02:00:00
2021-05-11,5,2021,12.5,24.6,S,1.7,-21.0,7.1,Low,23.6,63.0,2021-05-11 02:00:00
2021-05-12,5,2021,12.3,24.8,N,1.6,-6.0,7.1,Low,24.0,64.0,2021-05-12 02:00:00
2021-05-13,5,2021,7.8,23.0,SW,0.0,-100.0,7.0,Low,23.5,70.0,2021-05-13 02:00:00
2021-05-14,5,2021,12.4,21.7,NW,1.8,0.0,7.2,Low,23.9,73.0,2021-05-14 02:00:00
2021-05-15,5,2021,13.2,19.1,NW,3.0,72.0,7.2,Low,23.2,63.0,2021-05-15 02:00:00
2021-05-16,5,2021,9.5,15.0,NE,3.7,21.0,7.2,Low,23.3,68.0,2021-05-16 02:00:00
2021-05-17,5,2021,10.7,25.6,E,0.0,-100.0,6.9,Low,24.8,73.0,2021-05-17 02:00:00
2021-05-18,5,2021,10.4,22.0,E,0.1,0.0,7.1,Low,23.6,68.0,2021-05-18 02:00:00
2021-05-19,5,2021,11.3,21.3,SW,0.0,-100.0,7.1,Low,24.1,69.0,2021-05-19 02:00:00
2021-05-20,5,2021,11.0,26.7,W,0.0,0.0,7.1,Low,23.7,63.0,2021-05-20 02:00:00
2021-05-21,5,2021,10.7,27.1,NW,7.1,0.0,7.1,Low,22.8,66.0,2021-05-21 02:00:00
2021-05-22,5,2021,11.1,20.9,NW,1.7,-76.0,6.9,Low,24.5,66.0,2021-05-22 02:00:00
2021-05-23,5,2021,11.6,19.4,S,0.1,-96.0,7.2,Low,23.7,67.0,2021-05-23 02:00:00
2021-05-24,5,2021,11.7,27.5,E,4.5,6575.0,7.0,Low,22.7,65.0,2021-05-24 02:00:00
2021-05-25,5,2021,9.2,17.5,SW,0.0,-100.0,7.1,Low,23.7,64.0,2021-05-25 02:00:00
2021-05-26,5,2021,11.6,20.0,SW,1.3,0.0,7.0,Low,23.5,72.0,2021-05-26 02:00:00
2021-05-27,5,2021,12.1,23.9,NE,0.2,-86.0,7.0,Low,23.8,66.0,2021-05-27 02:00:00
2021-05-28,5,2021,9.8,27.4,SE,0.0,-100.0,6.9,Low,23.6,67.0,2021-05-28 02:00:00
2021-05-29,5,2021,10.6,25.4,S,0.5,0.0,7.1,Low,22.9,62.0,2021-05-29 02:00:00
2021-05-30,5,2021,10.1,22.7,S,0.0,-94.0,7.0,Low,23.0,67.0,2021-05-30 02:00:00
2021-05-31,5,2021,12.2,28.8,NE,5.7,18910.0,7.1,Low,25.1,71.0,2021-05-31 02:00:00
2021-06-01,5,2021,10.2,23.7,W,0.0,-100.0,7.0,Low,23.7,68.0,2021-06-01 02:00:00
2021-06-02,5,2021,10.1,24.7,N,0.0,0.0,7.0,Low,22.2,71.0,2021-06-02 02:00:00
2021-06-03,5,2021,9.6,16.8,S,0.0,-100.0,7.0,Low,22.5,75.0,2021-06-03 02:00:00
2021-06-04,5,2021,12.8,25.9,S,2.4,0.0,6.9,Low,24.0,63.0,2021-06-04 02:00:00
2021-06-05,5,2021,9.9,27.4,SE,0.6,-77.0,6.9,Low,24.2,64.0,2021-06-05 02:00:00
2021-06-06,5,2021,10.2,18.1,NW,0.6,13.0,7.3,Low,24.5,64.0,2021-06-06 02:00:00
2021-06-07,5,2021,9.9,21.9,S,2.9,355.0,7.1,Low,23.3,64.0,2021-06-07 02:00:00
2021-06-08,5,2021,11.0,27.2,NE,2.8,-3.0,7.2,Low,23.0,71.0,2021-06-08 02:00:00
2021-06-09,5,2021,10.9,26.4,N,0.1,-96.0,6.9,Low,24.6,65.0,2021-06-09 02:00:00
2021-06-10,5,2021,11.5,17.7,NE,0.5,421.0,7.0,Low,24.0,67.0,2021-06-10 02:00:00
2021-06-11,5,2021,11.1,27.8,E,0.5,-6.0,7.1,Low,24.3,67.0,2021-06-11 02:00:00
2021-06-12,5,2021,9.6,17.9,S,1.3,156.0,7.1,Low,23.2,65.0,2021-06-12 02:00:00
2021-06-13,5,2021,13.5,29.9,SE,0.3,-80.0,7.2,Low,24.1,65.0,2021-06-13 02:00:00
2021-06-14,5,2021,9.6,25.3,NW,0.0,-100.0,6.9,Low,23.9,65.0,2021-06-14 02:00:00
2021-06-15,5,2021,10.4,21.2,SE,0.0,0.0,7.0,Low,24.3,62.0,2021-06-15 02:00:00
2021-06-16,5,2021,9.9,25.6,S,1.2,2537.0,7.1,Low,22.5,70.0,2021-06-16 02:00:00
2021-06-17,5,2021,10.0,20.2,E,0.8,-38.0,7.0,Low,24.4,61.0,2021-06-17 02:00:00
2021-06-18,5,2021,10.6,19.7,S,0.0,-95.0,7.1,Low,24.4,68.0,2021-06-18 02:00:00
2021-06-19,5,2021,11.8,17.8,NE,0.0,-100.0,7.2,Low,24.6,70.0,2021-06-19 02:00:00
2021-06-20,5,2021,10.8,26.1,E,3.9,0.0,7.1,Low,23.5,61.0,2021-06-20 02:00:00
2021-06-21,5,2021,10.8,25.9,S,0.8,-78.0,6.8,Low,24.9,68.0,2021-06-21 02:00:00
2021-06-22,5,2021,11.5,17.1,N,3.0,257.0,7.1,Low,23.7,66.0,2021-06-22 02:00:00
2021-06-23,5,2021,12.2,22.1,SW,2.3,-22.0,7.1,Low,24.6,62.0,2021-06-23 02:00:00
2021-06-24,5,2021,9.8,17.5,SE,0.9,-59.0,6.9,Low,24.2,63.0,2021-06-24 02:00:00
2021-06-25,5,2021,10.8,16.0,NW,4.8,407.0,7.1,Low,24.0,64.0,2021-06-25 02:00:00
2021-06-26,5,2021,9.7,18.4,NE,0.4,-92.0,7.0,Low,23.8,65.0,2021-06-26 02:00:00
2021-06-27,5,2021,8.7,21.5,S,1.1,198.0,7.1,Low,23.6,68.0,2021-06-27 02:00:00
2021-06-28,5,2021,11.4,23.4,NE,3.1,179.0,6.9,Low,23.3,65.0,2021-06-28 02:00:00
2021-06-29,5,2021,9.2,16.6,W,0.2,-92.0,7.2,Low,23.6,70.0,2021-06-29 02:00:00
2021-06-30,5,2021,9.6,16.5,E,0.6,123.0,6.9,Low,26.1,66.0,2021-06-30 02:00:00
2021-07-01,5,2021,13.1,30.0,NE,0.2,-64.0,6.9,Low,23.1,61.0,2021-07-01 02:00:00
2021-07-02,5,2021,8.9,19.3,SE,1.8,794.0,7.0,Low,24.0,68.0,2021-07-02 02:00:00
2021-07-03,5,2021,11.8,29.0,SE,0.0,-100.0,7.2,Low,23.6,66.0,2021-07-03 02:00:00
2021-07-04,5,2021,9.2,18.8,W,0.9,0.0,7.0,Low,24.1,68.0,2021-07-04 02:00:00
2021-07-05,5,2021,11.2,18.0,NW,0.0,-100.0,7.0,Low,24.5,66.0,2021-07-05 02:00:00
2021-07-06,5,2021,12.3,29.1,NW,0.2,0.0,7.1,Low,24.2,61.0,2021-07-06 02:00:00
2021-07-07,5,2021,10.5,25.4,SW,2.6,1360.0,7.1,Low,24.3,63.0,2021-07-07 02:00:00
2021-07-08,5,2021,10.5,22.8,NE,1.2,-54.0,7.1,Low,24.2,64.0,2021-07-08 02:00:00
2021-07-09,5,2021,9.6,24.4,NW,0.0,-100.0,6.8,Low,24.7,64.0,2021-07-09 02:00:00
2021-07-10,5,2021,10.6,17.7,N,0.5,0.0,7.0,Low,24.0,61.0,2021-07-10 02:00:00
2021-07-11,5,2021,9.8,24.7,E,1.0,100.0,7.0,Low,23.2,61.0,2021-07-11 02:00:00
2021-07-12,5,2021,10.9,26.7,N,1.8,70.0,7.2,Low,25.1,69.0,2021-07-12 02:00:00
2021-07-13,5,2021,13.0,30.9,N,3.3,87.0,7.0,Low,24.2,58.0,2021-07-13 02:00:00
2021-07-14,5,2021,10.5,25.3,NW,0.2,-93.0,6.9,Low,24.7,71.0,2021-07-14 02:00:00
2021-07-15,5,2021,11.4,28.7,SE,0.3,22.0,7.1,Low,23.6,66.0,2021-07-15 02:00:00
2021-07-16,5,2021,11.1,23.7,S,0.5,86.0,7.0,Low,24.1,65.0,2021-07-16 02:00:00
2021-07-17,5,2021,10.4,20.9,E,0.4,-21.0,7.0,Low,22.7,70.0,2021-07-17 02:00:00
2021-07-18,5,2021,11.7,25.4,SW,0.1,-83.0,7.0,Low,24.8,68.0,2021-07-18 02:00:00
2021-07-19,5,2021,13.0,24.4,E,0.3,390.0,7.0,Low,25.0,64.0,2021-07-19 02:00:00
2021-07-20,5,2021,10.9,19.6,S,0.0,-100.0,6.9,Low,24.5,61.0,2021-07-20 02:00:00
2021-07-21,5,2021,12.1,28.4,W,2.6,0.0,7.2,Low,23.8,66.0,2021-07-21 02:00:00
2021-07-22,5,2021,10.0,21.7,NW,0.5,-82.0,7.1,Low,23.5,65.0,2021-07-22 02:00:00
2021-07-23,5,2021,12.7,20.3,NE,0.8,74.0,7.0,Low,24.0,67.0,2021-07-23 02:00:00
2021-07-24,5,2021,10.3,25.3,S,1.1,32.0,7.0,Low,23.2,70.0,2021-07-24 02:00:00
2021-07-25,5,2021,10.9,23.7,W,6.6,496.0,7.0,Low,23.5,64.0,2021-07-25 02:00:00
2021-07-26,5,2021,10.6,18.2,S,0.0,-100.0,7.1,Low,25.3,58.0,2021-07-26 02:00:00
2021-07-27,5,2021,9.3,18.9,W,0.0,0.0,6.9,Low,26.1,61.0,2021-07-27 02:00:00
2021-07-28,5,2021,7.0,15.3,SE,1.0,0.0,7.1,Low,24.5,64.0,2021-07-28 02:00:00
2021-07-29,5,2021,10.5,25.6,NW,0.0,-100.0,7.2,Low,23.0,63.0,2021-07-29 02:00:00
2021-07-30,5,2021,10.8,20.6,SW,0.0,0.0,7.0,Low,25.4,65.0,2021-07-30 02:00:00
2021-07-31,5,2021,11.1,21.6,SE,1.6,0.0,6.7,Low,23.7,62.0,2021-07-31 02:00:00
2021-08-01,5,2021,9.9,25.4,NW,0.1,-97.0,6.9,Low,24.6,64.0,2021-08-01 02:00:00
2021-08-02,5,2021,8.7,15.5,NE,1.8,3472.0,7.0,Low,24.0,66.0,2021-08-02 02:00:00
2021-08-03,5,2021,11.1,16.8,E,5.1,177.0,6.9,Low,24.7,62.0,2021-08-03 02:00:00
2021-08-04,5,2021,8.4,17.8,S,4.0,-21.0,7.0,Low,24.7,69.0,2021-08-04 02:00:00
2021-08-05,5,2021,12.0,26.4,NW,0.0,-100.0,7.0,Low,23.8,69.0,2021-08-05 02:00:00
2021-08-06,5,2021,9.8,14.9,NW,0.0,0.0,7.1,Low,24.4,68.0,2021-08-06 02:00:00
2021-08-07,5,2021,11.8,27.5,NW,2.3,0.0,6.9,Low,24.3,67.0,2021-08-07 02:00:00
2021-08-08,5,2021,6.7,12.2,NW,1.6,-29.0,7.0,Low,23.2,63.0,2021-08-08 02:00:00
2021-08-09,5,2021,10.5,22.5,NW,0.0,-100.0,7.0,Low,25.7,70.0,2021-08-09 02:00:00
2021-08-10,5,2021,11.1,19.9,W,0.8,0.0,6.8,Low,23.8,64.0,2021-08-10 02:00:00
2021-08-11,5,2021,10.4,28.2,NE,3.3,300.0,6.9,Low,26.3,68.0,2021-08-11 02:00:00
2021-08-12,5,2021,8.7,19.0,E,0.2,-93.0,6.9,Low,24.4,64.0,2021-08-12 02:00:00
2021-08-13,5,2021,12.9,20.2,SE,1.9,695.0,7.0,Low,23.1,69.0,2021-08-13 02:00:00
2021-08-14,5,2021,13.4,21.1,N,2.7,48.0,6.9,Low,23.2,66.0,2021-08-14 02:00:00
2021-08-15,5,2021,12.5,19.8,NW,1.2,-56.0,7.0,Low,25.0,67.0,2021-08-15 02:00:00
2021-08-16,5,2021,10.8,27.9,E,0.7,-39.0,6.9,Low,23.8,59.0,2021-08-16 02:00:00
2021-08-17,5,2021,10.3,17.6,S,0.7,-5.0,6.9,Low,23.2,69.0,2021-08-17 02:00:00
2021-08-18,5,2021,12.3,17.5,SE,3.5,398.0,6.8,Low,25.0,68.0,2021-08-18 02:00:00
2021-08-19,5,2021,9.4,23.2,S,0.0,-100.0,6.9,Low,24.8,64.0,2021-08-19 02:00:00
2021-08-20,5,2021,9.9,21.4,SE,0.0,0.0,6.9,Low,24.8,65.0,2021-08-20 02:00:00
2021-08-21,5,2021,13.5,28.7,NE,1.1,0.0,6.9,Low,23.3,58.0,2021-08-21 02:00:00
2021-08-22,5,2021,9.1,16.2,SE,3.1,175.0,7.0,Low,24.4,66.0,2021-08-22 02:00:00
2021-08-23,5,2021,12.1,27.7,S,0.0,-100.0,6.9,Low,25.4,63.0,2021-08-23 02:00:00
2021-08-24,5,2021,10.3,23.8,SE,0.0,0.0,6.8,Low,23.6,65.0,2021-08-24 02:00:00
2021-08-25,5,2021,10.0,27.1,NE,0.0,0.0,7.0,Low,25.1,66.0,2021-08-25 02:00:00
2021-08-26,5,2021,10.8,25.7,E,0.0,0.0,7.0,Low,24.4,64.0,2021-08-26 02:00:00
2021-08-27,5,2021,8.8,15.5,N,0.0,0.0,6.9,Low,24.8,62.0,2021-08-27 02:00:00
2021-08-28,5,2021,12.7,23.1,S,0.0,0.0,6.9,Low,24.7,66.0,2021-08-28 02:00:00
2021-08-29,5,2021,9.2,19.2,W,6.4,0.0,6.9,Low,24.5,62.0,2021-08-29 02:00:00
2021-08-30,5,2021,9.7,17.9,S,3.0,-53.0,6.8,Low,24.2,66.0,2021-08-30 02:00:00
2021-08-31,5,2021,11.5,21.9,N,3.6,21.0,6.9,Low,24.0,66.0,2021-08-31 02:00:00
2021-09-01,5,2021,7.2,13.8,N,1.0,-74.0,6.9,Low,25.2,57.0,2021-09-01 02:00:00
2021-09-02,5,2021,10.5,26.5,SE,0.0,-100.0,6.8,Low,24.3,69.0,2021-09-02 02:00:00
2021-09-03,5,2021,9.7,17.2,SW,3.8,0.0,6.8,Low,24.4,61.0,2021-09-03 02:00:00
2021-09-04,5,2021,9.7,26.8,E,0.0,-100.0,7.1,Low,24.7,67.0,2021-09-04 02:00:00
2021-09-05,5,2021,9.2,26.7,N,1.1,0.0,7.0,Low,25.2,66.0,2021-09-05 02:00:00
2021-09-06,5,2021,10.0,18.4,W,0.0,-100.0,7.0,Low,24.7,64.0,2021-09-06 02:00:00
2021-09-07,5,2021,12.5,29.2,W,0.0,0.0,6.8,Low,25.4,66.0,2021-09-07 02:00:00
2021-09-08,5,2021,10.1,17.6,NW,3.3,0.0,6.9,Low,25.9,64.0,2021-09-08 02:00:00
2021-09-09,5,2021,9.2,23.5,SE,0.5,-84.0,6.9,Low,24.5,61.0,2021-09-09 02:00:00
2021-09-10,5,2021,5.7,19.8,E,3.8,628.0,7.0,Low,23.2,59.0,2021-09-10 02:00:00
2021-09-11,5,2021,12.5,18.9,NE,2.2,-43.0,6.8,Low,24.0,62.0,2021-09-11 02:00:00
2021-09-12,5,2021,7.8,25.6,E,0.8,-65.0,7.1,Low,24.7,62.0,2021-09-12 02:00:00
2021-09-13,5,2021,13.3,22.5,W,1.4,86.0,6.9,Low,24.4,67.0,2021-09-13 02:00:00
2021-09-14,5,2021,11.7,17.3,SE,1.6,13.0,6.9,Low,25.3,65.0,2021-09-14 02:00:00
2021-09-15,5,2021,11.7,22.4,NE,6.1,282.0,7.0,Low,24.4,65.0,2021-09-15 02:00:00
2021-09-16,5,2021,11.0,25.4,N,0.7,-88.0,7.0,Low,24.5,64.0,2021-09-16 02:00:00
2021-09-17,5,2021,11.6,17.8,N,2.8,284.0,6.7,Low,23.9,56.0,2021-09-17 02:00:00
2021-09-18,5,2021,10.8,22.9,NW,1.4,-49.0,6.9,Low,25.3,66.0,2021-09-18 02:00:00
2021-09-19,5,2021,13.7,30.3,S,0.0,-97.0,6.9,Low,24.4,74.0,2021-09-19 02:00:00
2021-09-20,5,2021,11.6,21.4,S,0.8,1609.0,7.0,Low,25.7,66.0,2021-09-20 02:00:00
2021-09-21,5,2021,9.4,26.4,N,1.9,136.0,7.0,Low,24.7,66.0,2021-09-21 02:00:00
2021-09-22,5,2021,12.5,25.4,NE,0.0,-100.0,6.9,Low,24.3,63.0,2021-09-22 02:00:00
2021-09-23,5,2021,9.4,23.3,S,0.0,0.0,6.8,Low,24.5,60.0,2021-09-23 02:00:00
2021-09-24,5,2021,11.1,21.2,W,0.5,0.0,6.9,Low,24.5,62.0,2021-09-24 02:00:00
2021-09-25,5,2021,13.9,22.5,NW,0.8,74.0,7.0,Low,24.0,62.0,2021-09-25 02:00:00
2021-09-26,5,2021,11.6,19.7,W,0.4,-48.0,6.8,Low,25.4,65.0,2021-09-26 02:00:00
2021-09-27,5,2021,11.4,18.0,E,0.7,77.0,6.8,Low,25.4,63.0,2021-09-27 02:00:00
2021-09-28,5,2021,11.2,24.9,NE,3.0,311.0,6.9,Low,24.5,69.0,2021-09-28 02:00:00
2021-09-29,5,2021,11.4,22.0,S,0.9,-70.0,7.2,Low,25.8,59.0,2021-09-29 02:00:00
2021-09-30,5,2021,8.8,26.7,SW,0.2,-82.0,7.2,Low,25.4,63.0,2021-09-30 02:00:00
2021-10-01,5,2021,10.9,25.7,E,0.1,-7.0,6.8,Low,25.4,61.0,2021-10-01 02:00:00
2021-10-02,5,2021,10.6,19.0,E,0.0,-100.0,7.1,Low,25.1,61.0,2021-10-02 02:00:00
2021-10-03,5,2021,11.6,27.9,SW,1.4,0.0,6.9,Low,24.4,61.0,2021-10-03 02:00:00
2021-10-04,5,2021,13.2,29.6,NW,0.0,-100.0,6.9,Low,25.9,66.0,2021-10-04 02:00:00
2021-10-05,5,2021,10.3,17.2,SE,0.1,0.0,7.1,Low,26.9,66.0,2021-10-05 02:00:00
2021-10-06,5,2021,11.6,25.8,S,0.1,34.0,6.9,Low,25.4,64.0,2021-10-06 02:00:00
2021-10-07,5,2021,12.9,28.4,S,0.0,-100.0,7.0,Low,24.4,60.0,2021-10-07 02:00:00
2021-10-08,5,2021,11.1,17.4,NE,2.2,0.0,7.0,Low,25.3,62.0,2021-10-08 02:00:00
2021-10-09,5,2021,11.8,17.4,E,1.1,-48.0,6.9,Low,25.9,65.0,2021-10-09 02:00:00
2021-10-10,5,2021,9.0,21.0,NW,0.0,-100.0,6.8,Low,25.4,57.0,2021-10-10 02:00:00
2021-10-11,5,2021,11.9,21.5,NW,2.5,0.0,7.0,Low,24.4,64.0,2021-10-11 02:00:00
2021-10-12,5,2021,11.7,24.1,N,0.0,-100.0,6.8,Low,25.4,60.0,2021-10-12 02:00:00
2021-10-13,5,2021,10.7,16.7,SW,1.0,0.0,6.9,Low,25.3,64.0,2021-10-13 02:00:00
2021-10-14,5,2021,12.5,27.2,NW,0.0,-100.0,7.0,Low,25.3,66.0,2021-10-14 02:00:00
2021-10-15,5,2021,11.3,19.6,SE,1.6,0.0,7.0,Low,25.9,62.0,2021-10-15 02:00:00
2021-10-16,5,2021,11.6,25.1,NW,0.0,-100.0,6.9,Low,23.9,62.0,2021-10-16 02:00:00
2021-10-17,5,2021,8.3,17.7,SW,0.0,0.0,6.7,Low,23.4,63.0,2021-10-17 02:00:00
2021-10-18,5,2021,11.1,24.5,W,0.0,0.0,6.9,Low,24.7,61.0,2021-10-18 02:00:00
2021-10-19,5,2021,10.9,24.2,N,3.0,0.0,7.0,Low,24.6,67.0,2021-10-19 02:00:00
2021-10-20,5,2021,9.9,22.4,NW,0.1,-95.0,6.9,Low,25.6,64.0,2021-10-20 02:00:00
2021-10-21,5,2021,10.4,16.6,N,0.1,-10.0,6.8,Low,25.3,64.0,2021-10-21 02:00:00
2021-10-22,5,2021,9.0,18.0,SW,1.3,958.0,6.8,Low,24.7,58.0,2021-10-22 02:00:00
2021-10-23,5,2021,9.0,20.8,N,0.0,-100.0,6.9,Low,24.1,64.0,2021-10-23 02:00:00
2021-10-24,5,2021,10.0,24.5,NW,0.0,0.0,6.9,Low,23.8,56.0,2021-10-24 02:00:00
2021-10-25,5,2021,9.2,26.2,N,3.5,0.0,6.7,Low,24.4,58.0,2021-10-25 02:00:00
2021-10-26,5,2021,10.9,28.9,E,0.0,-100.0,6.9,Low,25.1,62.0,2021-10-26 02:00:00
2021-10-27,5,2021,10.4,25.5,N,0.2,0.0,6.8,Low,24.1,59.0,2021-10-27 02:00:00
2021-10-28,5,2021,9.7,19.6,N,0.1,-77.0,6.9,Low,24.9,62.0,2021-10-28 02:00:00
2021-10-29,5,2021,11.9,28.5,E,7.2,13749.0,7.0,Low,24.7,65.0,2021-10-29 02:00:00
2021-10-30,5,2021,9.8,20.2,NW,1.3,-81.0,7.0,Low,25.9,60.0,2021-10-30 02:00:00
2021-10-31,5,2021,11.0,16.8,E,1.0,-23.0,6.7,Low,24.2,64.0,2021-10-31 02:00:00
2021-11-01,5,2021,12.0,19.3,S,1.0,0.0,6.9,Low,25.0,62.0,2021-11-01 02:00:00
2021-11-02,5,2021,11.7,28.2,E,1.4,34.0,7.1,Low,25.0,62.0,2021-11-02 02:00:00
2021-11-03,5,2021,8.9,15.3,NE,0.8,-43.0,6.9,Low,25.0,63.0,2021-11-03 02:00:00
2021-11-04,5,2021,10.7,18.0,W,0.0,-97.0,6.8,Low,24.2,59.0,2021-11-04 02:00:00
2021-11-05,5,2021,10.1,27.7,NW,1.9,7176.0,7.0,Low,23.7,62.0,2021-11-05 02:00:00
2021-11-06,5,2021,11.8,21.6,S,1.9,2.0,6.8,Low,25.3,61.0,2021-11-06 02:00:00
2021-11-07,5,2021,10.5,27.0,E,0.0,-100.0,6.9,Low,25.0,61.0,2021-11-07 02:00:00
2021-11-08,5,2021,8.8,19.8,SW,5.3,0.0,6.8,Low,26.7,61.0,2021-11-08 02:00:00
2021-11-09,5,2021,9.2,17.2,NW,1.7,-68.0,6.9,Low,23.8,69.0,2021-11-09 02:00:00
2021-11-10,5,2021,9.8,14.9,E,0.6,-63.0,6.8,Low,24.4,64.0,2021-11-10 02:00:00
2021-11-11,5,2021,12.9,30.0,N,1.7,161.0,7.0,Low,25.0,60.0,2021-11-11 02:00:00
2021-11-12,5,2021,13.1,24.9,N,2.0,21.0,6.8,Low,24.7,60.0,2021-11-12 02:00:00
2021-11-13,5,2021,10.0,15.8,W,0.0,-100.0,6.7,Low,26.1,60.0,2021-11-13 02:00:00
2021-11-14,5,2021,10.7,20.8,S,4.5,0.0,6.8,Low,25.9,61.0,2021-11-14 02:00:00
2021-11-15,5,2021,14.8,23.3,E,1.4,-70.0,7.0,Low,24.6,63.0,2021-11-15 02:00:00
2021-11-16,5,2021,9.6,21.3,NW,1.4,6.0,6.8,Low,25.1,68.0,2021-11-16 02:00:00
2021-11-17,5,2021,11.7,19.5,NE,0.0,-100.0,6.8,Low,26.1,57.0,2021-11-17 02:00:00
2021-11-18,5,2021,9.7,20.2,SW,2.5,0.0,6.9,Low,25.5,66.0,2021-11-18 02:00:00
2021-11-19,5,2021,10.4,17.5,NW,0.0,-100.0,6.7,Low,26.2,55.0,2021-11-19 02:00:00
2021-11-20,5,2021,12.4,17.9,SW,3.7,0.0,6.7,Low,25.3,62.0,2021-11-20 02:00:00
2021-11-21,5,2021,12.0,25.7,N,0.3,-92.0,7.0,Low,25.3,55.0,2021-11-21 02:00:00
2021-11-22,5,2021,13.2,29.9,S,0.0,-100.0,6.8,Low,27.0,55.0,2021-11-22 02:00:00
2021-11-23,5,2021,12.8,21.7,SE,0.0,0.0,6.9,Low,26.4,61.0,2021-11-23 02:00:00
2021-11-24,5,2021,11.9,27.2,N,13.3,0.0,6.8,Low,24.8,58.0,2021-11-24 02:00:00
2021-11-25,5,2021,7.5,17.9,S,0.0,-100.0,6.7,Low,25.6,54.0,2021-11-25 02:00:00
2021-11-26,5,2021,10.4,16.4,N,0.1,0.0,6.7,Low,24.9,58.0,2021-11-26 02:00:00
2021-11-27,5,2021,11.7,26.5,E,0.0,-100.0,7.1,Low,25.2,59.0,2021-11-27 02:00:00
2021-11-28,5,2021,10.7,24.2,E,1.5,0.0,6.9,Low,25.8,61.0,2021-11-28 02:00:00
2021-11-29,5,2021,11.3,25.0,SE,0.0,-100.0,7.0,Low,25.3,58.0,2021-11-29 02:00:00
2021-11-30,5,2021,9.7,18.8,E,4.9,0.0,6.9,Low,24.8,62.0,2021-11-30 02:00:00
2021-12-01,5,2021,9.3,15.1,NW,0.0,-100.0,7.0,Low,26.8,61.0,2021-12-01 02:00:00
2021-12-02,5,2021,10.7,20.3,SE,0.0,0.0,6.8,Low,25.6,63.0,2021-12-02 02:00:00
2021-12-03,5,2021,10.9,27.7,E,0.2,0.0,6.8,Low,24.8,62.0,2021-12-03 02:00:00
2021-12-04,5,2021,10.3,20.8,S,0.0,-100.0,6.6,Low,25.1,61.0,2021-12-04 02:00:00
2021-12-05,5,2021,10.3,15.7,N,0.0,0.0,6.7,Low,25.6,62.0,2021-12-05 02:00:00
2021-12-06,5,2021,11.9,22.2,NE,2.4,0.0,6.9,Low,25.9,56.0,2021-12-06 02:00:00
2021-12-07,5,2021,12.3,18.8,SW,2.5,5.0,6.9,Low,24.7,61.0,2021-12-07 02:00:00
2021-12-08,5,2021,9.7,24.9,NE,1.1,-56.0,7.0,Low,25.8,55.0,2021-12-08 02:00:00
2021-12-09,5,2021,10.1,22.5,SE,4.9,352.0,6.8,Low,26.2,59.0,2021-12-09 02:00:00
2021-12-10,5,2021,7.6,18.9,NW,0.0,-100.0,7.0,Low,23.9,64.0,2021-12-10 02:00:00
2021-12-11,5,2021,12.2,24.4,SW,0.0,0.0,6.9,Low,25.0,63.0,2021-12-11 02:00:00
2021-12-12,5,2021,12.0,19.0,E,0.6,0.0,6.8,Low,25.6,62.0,2021-12-12 02:00:00
2021-12-13,5,2021,9.4,21.7,E,0.1,-87.0,7.0,Low,25.0,60.0,2021-12-13 02:00:00
2021-12-14,5,2021,9.1,26.0,N,0.4,357.0,6.9,Low,25.7,59.0,2021-12-14 02:00:00
2021-12-15,5,2021,8.7,26.6,E,0.5,34.0,6.7,Low,25.3,59.0,2021-12-15 02:00:00
2021-12-16,5,2021,14.0,25.8,SW,5.0,903.0,6.7,Low,26.1,55.0,2021-12-16 02:00:00
2021-12-17,5,2021,11.7,24.1,NE,0.0,-100.0,6.9,Low,25.0,60.0,2021-12-17 02:00:00
2021-12-18,5,2021,11.9,27.7,SW,0.0,0.0,6.9,Low,25.6,62.0,2021-12-18 02:00:00
2021-12-19,5,2021,11.2,26.1,NE,0.1,0.0,6.8,Low,26.3,62.0,2021-12-19 02:00:00
2021-12-20,5,2021,11.4,16.4,SW,0.0,-100.0,6.9,Low,24.1,66.0,2021-12-20 02:00:00
2021-12-21,5,2021,11.6,22.1,SW,2.0,0.0,6.6,Low,24.8,59.0,2021-12-21 02:00:00
2021-12-22,5,2021,12.4,20.0,NW,0.0,-100.0,6.8,Low,24.9,55.0,2021-12-22 02:00:00
2021-12-23,5,2021,9.9,22.4,S,1.5,0.0,6.9,Low,27.3,64.0,2021-12-23 02:00:00
2021-12-24,5,2021,12.1,21.6,SE,0.0,-100.0,6.7,Low,26.0,52.0,2021-12-24 02:00:00
2021-12-25,5,2021,9.6,24.6,S,0.0,0.0,6.6,Low,27.2,62.0,2021-12-25 02:00:00
2021-12-26,5,2021,9.8,17.8,SW,0.0,0.0,6.9,Low,26.0,60.0,2021-12-26 02:00:00
2021-12-27,5,2021,12.2,28.5,NW,0.0,0.0,6.8,Low,25.2,56.0,2021-12-27 02:00:00
2021-12-28,5,2021,9.8,24.5,S,1.2,0.0,6.8,Low,24.8,57.0,2021-12-28 02:00:00
2021-12-29,5,2021,9.4,18.1,S,0.9,-22.0,6.7,Low,24.9,64.0,2021-12-29 02:00:00
2021-12-30,5,2021,13.2,22.5,NE,0.1,-92.0,6.8,Low,25.7,66.0,2021-12-30 02:00:00
2021-12-31,5,2021,11.8,24.2,NW,1.1,1514.0,6.7,Low,23.6,61.0,2021-12-31 02:00:00
2022-01-01,5,2022,10.9,25.3,E,0.3,0.0,7.2,Med-High,23.4,67.0,2022-01-01 02:00:00
2022-01-02,5,2022,12.5,27.2,W,0.3,-12.0,7.2,Med-High,22.8,67.0,2022-01-02 02:00:00
2022-01-03,5,2022,10.6,19.0,SE,0.0,-100.0,7.3,Medium,23.0,69.0,2022-01-03 02:00:00
2022-01-04,5,2022,11.3,27.6,SE,2.4,0.0,7.1,Medium,21.8,72.0,2022-01-04 02:00:00
2022-01-05,5,2022,12.4,22.5,S,0.3,-88.0,7.0,Medium,23.1,73.0,2022-01-05 02:00:00
2022-01-06,5,2022,12.9,20.0,S,1.2,289.0,7.1,Medium,22.7,73.0,2022-01-06 02:00:00
2022-01-07,5,2022,10.1,21.7,SE,0.4,-64.0,7.2,Medium,21.0,73.0,2022-01-07 02:00:00
2022-01-08,5,2022,10.9,21.4,NW,1.2,189.0,7.2,Medium,22.3,78.0,2022-01-08 02:00:00
2022-01-09,5,2022,11.3,21.6,NW,0.5,-56.0,7.5,Medium,21.4,70.0,2022-01-09 02:00:00
2022-01-10,5,2022,11.5,24.4,SE,0.5,-2.0,7.4,Medium,22.6,72.0,2022-01-10 02:00:00
2022-01-11,5,2022,10.1,15.7,SW,0.9,77.0,6.9,Medium,21.0,67.0,2022-01-11 02:00:00
2022-01-12,5,2022,9.2,21.8,NE,0.6,-40.0,7.0,Medium,21.5,70.0,2022-01-12 02:00:00
2022-01-13,5,2022,9.2,19.9,NW,3.2,472.0,7.1,Medium,22.0,71.0,2022-01-13 02:00:00
2022-01-14,5,2022,9.8,23.0,E,1.7,-45.0,7.2,Medium,22.0,73.0,2022-01-14 02:00:00
2022-01-15,5,2022,8.9,22.7,NW,1.1,-39.0,7.3,Medium,22.6,72.0,2022-01-15 02:00:00
2022-01-16,5,2022,9.3,20.1,N,4.9,361.0,6.9,Medium,22.4,70.0,2022-01-16 02:00:00
2022-01-17,5,2022,8.8,16.8,N,0.4,-93.0,6.9,Medium,23.2,67.0,2022-01-17 02:00:00
2022-01-18,5,2022,10.7,28.0,E,0.1,-72.0,7.1,Medium,22.1,72.0,2022-01-18 02:00:00
2022-01-19,5,2022,11.1,20.8,N,2.5,2284.0,7.1,Medium,22.4,67.0,2022-01-19 02:00:00
2022-01-20,5,2022,11.3,27.9,N,0.4,-84.0,7.3,Medium,22.4,74.0,2022-01-20 02:00:00
2022-01-21,5,2022,13.8,28.5,NE,2.5,540.0,7.4,Medium,21.6,69.0,2022-01-21 02:00:00
2022-01-22,5,2022,12.5,21.2,NW,1.5,-42.0,7.2,Medium,23.0,72.0,2022-01-22 02:00:00
2022-01-23,5,2022,10.1,27.3,SE,1.3,-10.0,7.2,Medium,22.5,71.0,2022-01-23 02:00:00
2022-01-24,5,2022,9.9,26.8,E,0.6,-56.0,7.2,Medium,22.2,71.0,2022-01-24 02:00:00
2022-01-25,5,2022,10.5,19.0,NW,4.9,747.0,7.2,Medium,21.7,71.0,2022-01-25 02:00:00
2022-01-26,5,2022,11.3,22.3,NW,5.1,5.0,7.2,Med-High,22.5,73.0,2022-01-26 02:00:00
2022-01-27,5,2022,7.7,13.9,S,4.0,-23.0,7.2,Med-High,22.8,75.0,2022-01-27 02:00:00
2022-01-28,5,2022,11.0,22.7,E,3.4,-14.0,7.2,Med-High,22.2,73.0,2022-01-28 02:00:00
2022-01-29,5,2022,8.2,20.7,SW,1.8,-46.0,7.2,Med-High,23.1,71.0,2022-01-29 02:00:00
2022-01-30,5,2022,12.0,27.8,SE,0.8,-57.0,7.1,Med-High,22.8,72.0,2022-01-30 02:00:00
2022-01-31,5,2022,11.2,24.8,NW,0.5,-31.0,7.2,Med-High,22.9,69.0,2022-01-31 02:00:00
2022-02-01,5,2022,10.9,25.7,W,0.3,-45.0,7.3,Medium,22.6,70.0,2022-02-01 02:00:00
2022-02-02,5,2022,9.0,20.5,SW,0.9,199.0,7.2,Medium,23.4,72.0,2022-02-02 02:00:00
2022-02-03,5,2022,11.7,21.9,NE,1.4,53.0,7.1,Medium,23.0,71.0,2022-02-03 02:00:00
2022-02-04,5,2022,10.3,23.5,W,0.0,-100.0,7.2,Medium,22.9,68.0,2022-02-04 02:00:00
2022-02-05,5,2022,11.4,22.6,S,0.1,0.0,7.1,Medium,22.4,66.0,2022-02-05 02:00:00
2022-02-06,5,2022,9.0,24.4,N,1.0,1321.0,7.1,Low,22.0,69.0,2022-02-06 02:00:00
2022-02-07,5,2022,9.6,24.3,W,0.5,-54.0,7.1,Low,21.8,73.0,2022-02-07 02:00:00
2022-02-08,5,2022,12.1,20.9,W,0.5,10.0,7.2,Low,21.6,72.0,2022-02-08 02:00:00
2022-02-09,5,2022,11.2,26.5,N,1.5,205.0,7.2,Low,22.5,71.0,2022-02-09 02:00:00
2022-02-10,5,2022,9.6,15.6,NE,0.0,-100.0,7.2,Low,22.3,72.0,2022-02-10 02:00:00
2022-02-11,5,2022,13.7,25.1,N,0.1,0.0,7.2,Low,22.5,70.0,2022-02-11 02:00:00
2022-02-12,5,2022,9.6,24.6,SE,0.3,487.0,7.1,Low,23.1,71.0,2022-02-12 02:00:00
2022-02-13,5,2022,10.9,16.3,SW,4.5,1361.0,7.2,Low,23.0,74.0,2022-02-13 02:00:00
2022-02-14,5,2022,8.2,15.5,W,3.6,-19.0,7.2,Low,23.1,70.0,2022-02-14 02:00:00
2022-02-15,5,2022,12.6,28.0,S,0.0,-100.0,7.2,Low,22.3,70.0,2022-02-15 02:00:00
2022-02-16,5,2022,12.4,24.5,NE,0.1,1540.0,7.1,Low,23.4,69.0,2022-02-16 02:00:00
2022-02-17,5,2022,7.6,12.7,W,2.3,1928.0,7.1,Low,22.9,70.0,2022-02-17 02:00:00
2022-02-18,5,2022,12.5,19.5,SW,0.7,-69.0,7.0,Low,22.1,74.0,2022-02-18 02:00:00
2022-02-19,5,2022,10.6,22.7,W,0.5,-27.0,7.1,Low,23.6,74.0,2022-02-19 02:00:00
2022-02-20,5,2022,10.4,24.9,W,1.9,254.0,7.2,Low,22.5,73.0,2022-02-20 02:00:00
2022-02-21,5,2022,10.8,18.7,N,0.5,-72.0,7.1,Low,23.3,67.0,2022-02-21 02:00:00
2022-02-22,5,2022,12.1,28.1,SE,1.0,93.0,7.3,Low,22.8,66.0,2022-02-22 02:00:00
2022-02-23,5,2022,10.2,25.5,NE,1.1,6.0,7.1,Low,22.0,73.0,2022-02-23 02:00:00
2022-02-24,5,2022,8.1,22.0,NW,1.8,69.0,7.2,Low,23.2,66.0,2022-02-24 02:00:00
2022-02-25,5,2022,11.8,20.0,S,1.9,8.0,7.0,Low,23.1,72.0,2022-02-25 02:00:00
2022-02-26,5,2022,10.3,17.3,S,5.1,163.0,7.0,Low,21.7,67.0,2022-02-26 02:00:00
2022-02-27,5,2022,12.5,28.6,S,0.2,-97.0,7.1,Low,22.9,66.0,2022-02-27 02:00:00
2022-02-28,5,2022,11.8,22.8,E,0.6,269.0,7.3,Low,22.9,73.0,2022-02-28 02:00:00
2022-03-01,5,2022,11.0,26.1,N,0.6,4.0,7.4,Low,21.4,69.0,2022-03-01 02:00:00
2022-03-02,5,2022,14.4,21.2,NE,5.7,805.0,7.1,Low,22.8,76.0,2022-03-02 02:00:00
2022-03-03,5,2022,12.2,20.0,S,2.8,-50.0,7.2,Low,22.7,72.0,2022-03-03 02:00:00
2022-03-04,5,2022,12.1,21.7,E,0.0,-100.0,7.1,Low,21.7,67.0,2022-03-04 02:00:00
2022-03-05,5,2022,12.0,25.2,S,9.5,95605.0,7.1,Medium,22.5,74.0,2022-03-05 02:00:00
2022-03-06,5,2022,10.5,25.3,SE,0.0,-100.0,7.1,Low,22.5,72.0,2022-03-06 02:00:00
2022-03-07,5,2022,13.3,26.7,E,0.9,0.0,7.2,Low,23.6,69.0,2022-03-07 02:00:00
2022-03-08,5,2022,8.5,21.9,SW,0.0,-100.0,7.1,Low,23.5,68.0,2022-03-08 02:00:00
2022-03-09,5,2022,9.6,22.5,S,7.3,0.0,7.0,Low,23.1,68.0,2022-03-09 02:00:00
2022-03-10,5,2022,13.0,20.3,SE,2.7,-63.0,7.2,Low,22.7,73.0,2022-03-10 02:00:00
2022-03-11,5,2022,12.0,27.6,NW,0.3,-88.0,7.2,Low,22.4,73.0,2022-03-11 02:00:00
2022-03-12,5,2022,12.3,21.6,SE,0.4,9.0,7.3,Low,22.4,70.0,2022-03-12 02:00:00
2022-03-13,5,2022,9.4,25.6,W,1.0,178.0,7.2,Low,23.0,73.0,2022-03-13 02:00:00
2022-03-14,5,2022,8.1,17.9,S,0.8,-20.0,7.2,Low,21.9,70.0,2022-03-14 02:00:00
2022-03-15,5,2022,11.3,25.3,NE,0.0,-97.0,7.0,Low,22.3,68.0,2022-03-15 02:00:00
2022-03-16,5,2022,8.8,21.2,SW,1.3,6234.0,7.2,Low,21.9,73.0,2022-03-16 02:00:00
2022-03-17,5,2022,8.7,19.4,N,9.3,626.0,7.1,Low,22.0,74.0,2022-03-17 02:00:00
2022-03-18,5,2022,12.7,28.0,W,0.0,-100.0,7.0,Low,21.5,63.0,2022-03-18 02:00:00
2022-03-19,5,2022,13.0,19.0,SW,0.1,0.0,7.0,Low,22.2,67.0,2022-03-19 02:00:00
2022-03-20,5,2022,12.3,26.7,SE,3.7,3081.0,6.9,Low,22.4,67.0,2022-03-20 02:00:00
2022-03-21,5,2022,13.7,27.8,NE,1.7,-53.0,7.1,Low,23.0,70.0,2022-03-21 02:00:00
2022-03-22,5,2022,11.6,27.0,NW,0.7,-61.0,7.1,Low,22.4,70.0,2022-03-22 02:00:00
2022-03-23,5,2022,10.3,24.0,W,0.2,-75.0,7.3,Low,24.2,73.0,2022-03-23 02:00:00
2022-03-24,5,2022,12.9,30.6,SW,4.9,2809.0,6.8,Low,21.5,65.0,2022-03-24 02:00:00
2022-03-25,5,2022,14.8,23.0,W,0.0,-100.0,7.1,Low,22.3,70.0,2022-03-25 02:00:00
2022-03-26,5,2022,11.6,27.6,E,0.1,0.0,7.0,Low,22.9,70.0,2022-03-26 02:00:00
2022-03-27,5,2022,8.5,20.1,SE,0.7,694.0,7.1,Low,23.3,70.0,2022-03-27 02:00:00
2022-03-28,5,2022,11.6,24.6,SE,3.2,376.0,7.2,Low,21.7,68.0,2022-03-28 02:00:00
2022-03-29,5,2022,9.2,19.3,NW,1.2,-62.0,7.1,Low,22.8,71.0,2022-03-29 02:00:00
2022-03-30,5,2022,9.3,23.9,S,2.7,118.0,7.2,Low,22.4,74.0,2022-03-30 02:00:00
2022-03-31,5,2022,10.8,19.6,N,1.5,-45.0,7.2,Low,23.2,72.0,2022-03-31 02:00:00
2022-04-01,5,2022,13.2,22.5,W,0.0,-100.0,7.2,Low,22.8,69.0,2022-04-01 02:00:00
2022-04-02,5,2022,10.7,20.3,W,0.6,9656.0,7.1,Low,24.1,68.0,2022-04-02 02:00:00
2022-04-03,5,2022,11.9,29.1,S,1.7,176.0,7.4,Low,21.6,67.0,2022-04-03 02:00:00
2022-04-04,5,2022,12.1,28.1,S,0.0,-100.0,7.3,Low,23.1,67.0,2022-04-04 02:00:00
2022-04-05,5,2022,12.0,25.5,W,1.0,0.0,7.1,Low,22.3,70.0,2022-04-05 02:00:00
2022-04-06,5,2022,9.9,15.8,W,0.7,-36.0,7.0,Low,22.4,68.0,2022-04-06 02:00:00
2022-04-07,5,2022,12.9,27.3,W,0.3,-59.0,7.0,Low,23.6,75.0,2022-04-07 02:00:00
2022-04-08,5,2022,7.6,21.6,NW,0.5,76.0,7.0,Low,23.7,71.0,2022-04-08 02:00:00
2022-04-09,5,2022,12.1,28.2,N,0.0,-100.0,7.1,Low,22.3,67.0,2022-04-09 02:00:00
2022-04-10,5,2022,11.5,28.7,E,3.8,0.0,7.0,Low,22.3,68.0,2022-04-10 02:00:00
2022-04-11,5,2022,12.0,26.4,SW,1.1,-72.0,7.2,Low,21.6,76.0,2022-04-11 02:00:00
2022-04-12,5,2022,9.2,15.2,SW,1.9,76.0,6.9,Low,24.8,74.0,2022-04-12 02:00:00
2022-04-13,5,2022,10.3,27.6,SW,3.2,67.0,7.0,Low,22.8,63.0,2022-04-13 02:00:00
2022-04-14,5,2022,9.2,22.1,S,2.3,-27.0,7.2,Low,23.1,70.0,2022-04-14 02:00:00
2022-04-15,5,2022,11.1,21.4,N,2.0,-15.0,7.2,Low,23.5,71.0,2022-04-15 02:00:00
2022-04-16,5,2022,11.2,25.0,SW,0.0,-100.0,7.2,Low,23.0,68.0,2022-04-16 02:00:00
2022-04-17,5,2022,10.5,27.3,SE,1.1,0.0,6.9,Low,22.8,71.0,2022-04-17 02:00:00
2022-04-18,5,2022,11.6,21.5,NE,0.3,-75.0,7.0,Low,23.2,70.0,2022-04-18 02:00:00
2022-04-19,5,2022,10.9,26.5,SE,1.5,436.0,7.0,Low,22.6,71.0,2022-04-19 02:00:00
2022-04-20,5,2022,10.3,26.4,NE,1.7,10.0,7.2,Low,23.8,65.0,2022-04-20 02:00:00
2022-04-21,5,2022,10.7,27.5,NE,0.0,-100.0,7.1,Low,22.8,67.0,2022-04-21 02:00:00
2022-04-22,5,2022,8.6,16.8,W,1.5,0.0,7.2,Low,22.4,65.0,2022-04-22 02:00:00
2022-04-23,5,2022,12.6,23.6,SE,0.4,-75.0,6.9,Low,22.7,68.0,2022-04-23 02:00:00
2022-04-24,5,2022,9.8,23.5,SE,7.0,1678.0,7.1,Low,22.9,69.0,2022-04-24 02:00:00
2022-04-25,5,2022,10.7,25.6,SE,3.1,-55.0,7.2,Low,22.7,61.0,2022-04-25 02:00:00
2022-04-26,5,2022,6.5,13.4,N,1.6,-50.0,7.0,Low,22.4,69.0,2022-04-26 02:00:00
2022-04-27,5,2022,9.7,26.0,S,0.4,-77.0,7.1,Low,24.4,67.0,2022-04-27 02:00:00
2022-04-28,5,2022,11.1,24.8,S,0.6,61.0,6.9,Low,25.3,67.0,2022-04-28 02:00:00
2022-04-29,5,2022,10.5,28.5,SW,5.5,865.0,7.2,Low,23.4,71.0,2022-04-29 02:00:00
2022-04-30,5,2022,9.5,17.4,E,2.5,-54.0,7.0,Low,22.8,67.0,2022-04-30 02:00:00
2022-05-01,5,2022,10.9,22.9,NE,3.3,33.0,6.9,Low,23.5,69.0,2022-05-01 02:00:00
2022-05-02,5,2022,8.6,24.8,SW,0.0,-100.0,7.1,Low,23.8,73.0,2022-05-02 02:00:00
2022-05-03,5,2022,10.9,19.7,N,0.2,0.0,7.1,Low,23.3,68.0,2022-05-03 02:00:00
2022-05-04,5,2022,11.5,23.5,E,4.1,1973.0,7.0,Low,23.6,69.0,2022-05-04 02:00:00
2022-05-05,5,2022,10.0,23.8,NE,0.3,-94.0,6.9,Low,21.9,75.0,2022-05-05 02:00:00
2022-05-06,5,2022,10.5,19.0,N,2.9,1043.0,6.9,Low,23.1,69.0,2022-05-06 02:00:00
2022-05-07,5,2022,14.1,21.0,SW,0.0,-100.0,7.2,Low,23.4,67.0,2022-05-07 02:00:00
2022-05-08,5,2022,11.3,19.9,E,2.6,0.0,7.1,Low,23.7,69.0,2022-05-08 02:00:00
2022-05-09,5,2022,9.5,24.8,SW,0.3,-90.0,7.2,Low,21.8,66.0,2022-05-09 02:00:00
2022-05-10,5,2022,9.3,16.6,NW,1.2,368.0,7.1,Low,22.5,69.0,2022-05-10 02:00:00
2022-05-11,5,2022,11.8,17.9,SE,0.0,-100.0,7.1,Low,23.1,74.0,2022-05-11 02:00:00
2022-05-12,5,2022,10.1,16.9,SE,5.9,0.0,6.9,Low,23.8,72.0,2022-05-12 02:00:00
2022-05-13,5,2022,10.9,23.0,S,0.0,-100.0,7.0,Low,22.5,63.0,2022-05-13 02:00:00
2022-05-14,5,2022,11.1,25.8,N,0.3,0.0,7.2,Low,24.5,68.0,2022-05-14 02:00:00
2022-05-15,5,2022,11.6,28.0,SW,0.0,-99.0,7.0,Low,23.4,74.0,2022-05-15 02:00:00
2022-05-16,5,2022,11.0,26.5,E,2.1,123592.0,7.2,Low,22.4,64.0,2022-05-16 02:00:00
2022-05-17,5,2022,11.8,23.7,NW,0.0,-98.0,7.1,Low,23.5,63.0,2022-05-17 02:00:00
2022-05-18,5,2022,10.9,19.3,N,0.6,1738.0,7.2,Low,23.3,64.0,2022-05-18 02:00:00
2022-05-19,5,2022,11.9,19.9,N,1.4,126.0,6.9,Low,23.6,68.0,2022-05-19 02:00:00
2022-05-20,5,2022,10.5,24.0,N,0.0,-100.0,7.1,Low,23.7,64.0,2022-05-20 02:00:00
2022-05-21,5,2022,13.7,22.5,W,0.9,0.0,7.1,Low,24.0,69.0,2022-05-21 02:00:00
2022-05-22,5,2022,7.6,21.8,N,0.1,-85.0,7.1,Low,23.7,67.0,2022-05-22 02:00:00
2022-05-23,5,2022,12.2,26.8,SW,1.8,1267.0,7.0,Low,23.8,63.0,2022-05-23 02:00:00
2022-05-24,5,2022,11.3,25.9,S,0.0,-100.0,6.9,Low,23.7,66.0,2022-05-24 02:00:00
2022-05-25,5,2022,10.9,22.9,NE,6.8,0.0,7.1,Low,24.6,72.0,2022-05-25 02:00:00
2022-05-26,5,2022,8.5,20.5,E,1.8,-74.0,7.0,Low,22.2,68.0,2022-05-26 02:00:00
2022-05-27,5,2022,10.5,18.0,S,1.1,-38.0,7.1,Low,23.8,62.0,2022-05-27 02:00:00
2022-05-28,5,2022,11.3,25.2,E,0.0,-100.0,7.2,Low,24.0,75.0,2022-05-28 02:00:00
2022-05-29,5,2022,9.4,26.0,NE,0.0,0.0,7.0,Low,23.7,63.0,2022-05-29 02:00:00
2022-05-30,5,2022,11.4,16.8,SE,2.2,0.0,6.9,Low,23.4,68.0,2022-05-30 02:00:00
2022-05-31,5,2022,10.2,24.2,E,2.6,17.0,7.1,Low,23.9,66.0,2022-05-31 02:00:00
2022-06-01,5,2022,11.3,20.4,SW,0.0,-100.0,7.0,Low,24.0,69.0,2022-06-01 02:00:00
2022-06-02,5,2022,12.8,18.0,S,1.7,0.0,7.0,Low,22.7,65.0,2022-06-02 02:00:00
2022-06-03,5,2022,10.4,24.9,E,1.6,-10.0,7.1,Low,23.3,67.0,2022-06-03 02:00:00
2022-06-04,5,2022,13.2,22.1,NE,4.5,185.0,7.1,Low,24.0,69.0,2022-06-04 02:00:00
2022-06-05,5,2022,8.7,22.5,SE,3.5,-22.0,7.1,Low,23.4,65.0,2022-06-05 02:00:00
2022-06-06,5,2022,13.0,23.5,NW,2.2,-39.0,7.2,Low,22.7,67.0,2022-06-06 02:00:00
2022-06-07,5,2022,11.8,28.1,E,1.7,-23.0,7.0,Low,24.1,65.0,2022-06-07 02:00:00
2022-06-08,5,2022,12.7,27.5,N,3.3,100.0,7.1,Low,23.3,61.0,2022-06-08 02:00:00
2022-06-09,5,2022,10.3,28.2,NW,1.4,-57.0,7.1,Low,23.3,68.0,2022-06-09 02:00:00
2022-06-10,5,2022,11.8,17.2,SW,0.0,-100.0,7.1,Low,23.3,67.0,2022-06-10 02:00:00
2022-06-11,5,2022,11.0,25.3,E,0.6,0.0,6.8,Low,22.3,68.0,2022-06-11 02:00:00
2022-06-12,5,2022,11.2,27.9,S,4.9,683.0,7.1,Low,23.1,63.0,2022-06-12 02:00:00
2022-06-13,5,2022,11.9,21.3,E,0.0,-100.0,7.2,Low,24.3,69.0,2022-06-13 02:00:00
2022-06-14,5,2022,9.7,21.6,NE,1.6,0.0,7.0,Low,23.6,65.0,2022-06-14 02:00:00
2022-06-15,5,2022,9.2,26.8,E,6.1,275.0,6.9,Low,24.1,70.0,2022-06-15 02:00:00
2022-06-16,5,2022,11.5,22.2,S,0.0,-100.0,7.0,Low,23.6,65.0,2022-06-16 02:00:00
2022-06-17,5,2022,9.2,27.1,SW,0.0,0.0,7.0,Low,23.8,69.0,2022-06-17 02:00:00
2022-06-18,5,2022,11.2,27.1,NE,1.5,0.0,7.1,Low,23.3,69.0,2022-06-18 02:00:00
2022-06-19,5,2022,12.1,29.3,NW,0.6,-58.0,6.9,Low,23.3,63.0,2022-06-19 02:00:00
2022-06-20,5,2022,10.1,21.2,N,1.1,70.0,6.9,Low,23.8,66.0,2022-06-20 02:00:00
2022-06-21,5,2022,9.4,16.1,SE,1.8,71.0,6.9,Low,23.7,70.0,2022-06-21 02:00:00
2022-06-22,5,2022,11.0,17.3,SW,4.2,129.0,6.9,Low,23.8,63.0,2022-06-22 02:00:00
2022-06-23,5,2022,8.3,19.3,S,2.9,-31.0,7.1,Low,24.3,63.0,2022-06-23 02:00:00
2022-06-24,5,2022,10.2,21.6,SE,0.2,-95.0,7.0,Low,23.3,68.0,2022-06-24 02:00:00
2022-06-25,5,2022,7.7,23.5,E,0.3,130.0,6.9,Low,22.3,67.0,2022-06-25 02:00:00
2022-06-26,5,2022,9.8,26.7,S,2.3,573.0,7.1,Low,22.7,68.0,2022-06-26 02:00:00
2022-06-27,5,2022,8.2,17.7,N,1.0,-58.0,6.8,Low,23.5,64.0,2022-06-27 02:00:00
2022-06-28,5,2022,10.0,17.6,N,0.5,-52.0,7.0,Low,24.1,72.0,2022-06-28 02:00:00
2022-06-29,5,2022,9.7,18.6,S,0.9,97.0,7.2,Low,23.6,68.0,2022-06-29 02:00:00
2022-06-30,5,2022,12.4,24.0,NE,4.1,346.0,7.1,Low,23.8,66.0,2022-06-30 02:00:00
2022-07-01,5,2022,8.3,21.1,E,3.0,-27.0,7.0,Low,23.4,67.0,2022-07-01 02:00:00
2022-07-02,5,2022,8.8,24.1,NW,1.2,-60.0,7.2,Low,24.8,67.0,2022-07-02 02:00:00
2022-07-03,5,2022,8.8,17.9,SW,0.0,-100.0,7.0,Low,23.9,64.0,2022-07-03 02:00:00
2022-07-04,5,2022,10.7,24.0,NW,0.8,0.0,7.2,Low,23.5,63.0,2022-07-04 02:00:00
2022-07-05,5,2022,10.0,15.1,S,0.0,-100.0,6.9,Low,23.2,67.0,2022-07-05 02:00:00
2022-07-06,5,2022,11.1,24.3,W,1.9,0.0,7.2,Low,24.0,66.0,2022-07-06 02:00:00
2022-07-07,5,2022,12.6,22.9,NE,1.7,-13.0,7.1,Low,24.7,68.0,2022-07-07 02:00:00
2022-07-08,5,2022,12.2,29.6,N,0.0,-100.0,7.0,Low,25.4,72.0,2022-07-08 02:00:00
2022-07-09,5,2022,9.9,16.8,NW,2.0,0.0,7.0,Low,24.6,68.0,2022-07-09 02:00:00
2022-07-10,5,2022,7.1,18.0,W,1.5,-21.0,6.9,Low,24.2,68.0,2022-07-10 02:00:00
2022-07-11,5,2022,9.3,19.5,W,1.4,-7.0,7.1,Low,24.2,69.0,2022-07-11 02:00:00
2022-07-12,5,2022,7.7,21.5,SW,0.2,-84.0,6.9,Low,23.1,66.0,2022-07-12 02:00:00
2022-07-13,5,2022,10.3,27.9,NW,0.8,276.0,6.9,Low,23.7,70.0,2022-07-13 02:00:00
2022-07-14,5,2022,13.7,22.4,SE,0.2,-71.0,7.0,Low,24.7,71.0,2022-07-14 02:00:00
2022-07-15,5,2022,13.5,22.7,E,0.3,24.0,7.1,Low,24.5,67.0,2022-07-15 02:00:00
2022-07-16,5,2022,8.9,18.4,W,0.0,-86.0,6.9,Low,23.5,67.0,2022-07-16 02:00:00
2022-07-17,5,2022,10.0,23.4,E,1.2,2762.0,7.0,Low,23.0,73.0,2022-07-17 02:00:00
2022-07-18,5,2022,11.9,18.8,E,5.3,323.0,6.9,Low,24.6,66.0,2022-07-18 02:00:00
2022-07-19,5,2022,11.4,27.4,SE,0.8,-85.0,6.8,Low,23.8,68.0,2022-07-19 02:00:00
2022-07-20,5,2022,11.1,22.4,SW,0.0,-100.0,7.0,Low,22.7,74.0,2022-07-20 02:00:00
2022-07-21,5,2022,12.9,24.4,NE,0.9,0.0,7.0,Low,23.6,67.0,2022-07-21 02:00:00
2022-07-22,5,2022,12.0,21.1,NW,0.0,-100.0,7.0,Low,24.1,62.0,2022-07-22 02:00:00
2022-07-23,5,2022,12.5,23.7,N,1.6,0.0,7.1,Low,23.6,64.0,2022-07-23 02:00:00
2022-07-24,5,2022,11.8,23.6,S,0.7,-59.0,7.0,Low,24.9,70.0,2022-07-24 02:00:00
2022-07-25,5,2022,10.9,23.0,W,0.0,-100.0,7.0,Low,24.5,68.0,2022-07-25 02:00:00
2022-07-26,5,2022,10.7,26.3,N,4.9,0.0,7.1,Low,23.2,60.0,2022-07-26 02:00:00
2022-07-27,5,2022,9.7,20.0,W,0.0,-100.0,6.8,Low,24.9,63.0,2022-07-27 02:00:00
2022-07-28,5,2022,10.7,22.6,E,1.5,0.0,7.0,Low,23.1,65.0,2022-07-28 02:00:00
2022-07-29,5,2022,8.2,23.1,NW,0.2,-86.0,6.9,Low,24.2,66.0,2022-07-29 02:00:00
2022-07-30,5,2022,11.7,18.1,SE,0.0,-100.0,7.0,Low,25.2,62.0,2022-07-30 02:00:00
2022-07-31,5,2022,12.0,20.9,E,1.0,0.0,6.7,Low,24.5,62.0,2022-07-31 02:00:00
2022-08-01,5,2022,9.9,16.3,N,0.0,-100.0,7.1,Low,23.8,62.0,2022-08-01 02:00:00
2022-08-02,5,2022,10.2,25.5,SW,2.7,0.0,7.1,Low,23.1,69.0,2022-08-02 02:00:00
2022-08-03,5,2022,12.5,26.6,NE,0.0,-100.0,7.0,Low,23.9,62.0,2022-08-03 02:00:00
2022-08-04,5,2022,10.1,16.0,S,0.8,0.0,6.9,Low,25.0,68.0,2022-08-04 02:00:00
2022-08-05,5,2022,12.5,25.6,NE,0.1,-84.0,6.8,Low,24.9,63.0,2022-08-05 02:00:00
2022-08-06,5,2022,11.4,20.9,NE,2.7,2186.0,7.1,Low,24.8,65.0,2022-08-06 02:00:00
2022-08-07,5,2022,13.8,23.1,SW,0.5,-83.0,7.0,Low,23.7,68.0,2022-08-07 02:00:00
2022-08-08,5,2022,10.1,23.3,SE,1.1,131.0,6.9,Low,24.0,66.0,2022-08-08 02:00:00
2022-08-09,5,2022,10.5,16.6,E,4.1,286.0,7.0,Low,23.4,63.0,2022-08-09 02:00:00
2022-08-10,5,2022,11.2,19.3,NW,2.5,-40.0,6.9,Low,25.7,67.0,2022-08-10 02:00:00
2022-08-11,5,2022,10.8,22.7,SE,0.3,-87.0,6.9,Low,24.6,63.0,2022-08-11 02:00:00
2022-08-12,5,2022,11.8,17.6,E,0.0,-100.0,7.0,Low,24.8,67.0,2022-08-12 02:00:00
2022-08-13,5,2022,10.3,17.8,S,0.2,0.0,6.9,Low,24.7,64.0,2022-08-13 02:00:00
2022-08-14,5,2022,10.1,16.0,E,1.3,510.0,7.1,Low,24.0,65.0,2022-08-14 02:00:00
2022-08-15,5,2022,10.7,21.6,NW,4.7,252.0,7.1,Low,25.3,65.0,2022-08-15 02:00:00
2022-08-16,5,2022,10.6,25.2,SE,0.0,-99.0,7.0,Low,24.3,60.0,2022-08-16 02:00:00
2022-08-17,5,2022,11.8,25.6,W,1.6,5686.0,7.0,Low,24.3,65.0,2022-08-17 02:00:00
2022-08-18,5,2022,10.8,27.9,E,3.5,123.0,6.8,Low,23.9,71.0,2022-08-18 02:00:00
2022-08-19,5,2022,11.5,29.3,SW,0.1,-98.0,7.0,Low,25.1,66.0,2022-08-19 02:00:00
2022-08-20,5,2022,11.8,18.0,NW,6.2,11528.0,7.0,Low,24.2,60.0,2022-08-20 02:00:00
2022-08-21,5,2022,11.1,16.1,NE,0.0,-100.0,7.0,Low,23.6,72.0,2022-08-21 02:00:00
2022-08-22,5,2022,14.3,23.8,NW,1.4,0.0,7.0,Low,24.1,66.0,2022-08-22 02:00:00
2022-08-23,5,2022,10.7,27.0,SE,1.1,-16.0,7.0,Low,23.6,62.0,2022-08-23 02:00:00
2022-08-24,5,2022,12.0,22.6,W,0.0,-100.0,7.0,Low,24.5,65.0,2022-08-24 02:00:00
2022-08-25,5,2022,10.3,16.7,NE,0.0,0.0,6.9,Low,23.9,60.0,2022-08-25 02:00:00
2022-08-26,5,2022,8.1,21.6,SW,0.0,0.0,7.0,Low,24.5,69.0,2022-08-26 02:00:00
2022-08-27,5,2022,12.6,25.8,W,2.0,0.0,6.9,Low,24.2,65.0,2022-08-27 02:00:00
2022-08-28,5,2022,10.8,26.7,NW,0.0,-100.0,6.9,Low,23.8,61.0,2022-08-28 02:00:00
2022-08-29,5,2022,10.1,25.8,NW,3.5,0.0,6.8,Low,24.2,59.0,2022-08-29 02:00:00
2022-08-30,5,2022,9.5,20.9,E,0.7,-80.0,6.9,Low,24.4,63.0,2022-08-30 02:00:00
2022-08-31,5,2022,8.6,21.8,S,1.0,41.0,7.0,Low,24.6,66.0,2022-08-31 02:00:00
2022-09-01,5,2022,9.5,26.6,SW,1.9,100.0,6.8,Low,25.1,62.0,2022-09-01 02:00:00
2022-09-02,5,2022,11.8,25.1,N,1.6,-16.0,6.9,Low,25.6,67.0,2022-09-02 02:00:00
2022-09-03,5,2022,11.3,25.7,NW,1.1,-34.0,7.0,Low,24.2,61.0,2022-09-03 02:00:00
2022-09-04,5,2022,11.5,28.3,N,0.0,-100.0,6.8,Low,26.1,67.0,2022-09-04 02:00:00
2022-09-05,5,2022,10.9,25.3,SW,0.1,0.0,6.9,Low,23.5,66.0,2022-09-05 02:00:00
2022-09-06,5,2022,12.1,21.6,NE,4.2,4549.0,6.9,Low,24.4,64.0,2022-09-06 02:00:00
2022-09-07,5,2022,11.2,21.5,N,0.4,-90.0,6.9,Low,24.6,62.0,2022-09-07 02:00:00
2022-09-08,5,2022,12.1,28.5,NE,0.1,-65.0,6.9,Low,25.4,63.0,2022-09-08 02:00:00
2022-09-09,5,2022,7.9,21.6,S,0.1,-17.0,6.8,Low,24.2,67.0,2022-09-09 02:00:00
2022-09-10,5,2022,10.9,21.0,E,0.3,164.0,7.0,Low,25.2,63.0,2022-09-10 02:00:00
2022-09-11,5,2022,13.0,27.6,W,1.9,481.0,7.0,Low,25.1,62.0,2022-09-11 02:00:00
2022-09-12,5,2022,11.6,20.9,SE,0.1,-97.0,6.8,Low,24.6,60.0,2022-09-12 02:00:00
2022-09-13,5,2022,10.4,23.9,S,2.5,3632.0,6.9,Low,23.9,65.0,2022-09-13 02:00:00
2022-09-14,5,2022,11.8,20.1,N,2.4,-4.0,6.8,Low,25.0,64.0,2022-09-14 02:00:00
2022-09-15,5,2022,10.4,19.5,N,0.1,-95.0,6.9,Low,23.8,65.0,2022-09-15 02:00:00
2022-09-16,5,2022,10.6,18.9,SW,0.6,352.0,6.9,Low,23.7,64.0,2022-09-16 02:00:00
2022-09-17,5,2022,9.0,16.0,SW,3.5,525.0,6.9,Low,24.0,57.0,2022-09-17 02:00:00
2022-09-18,5,2022,11.1,28.3,N,0.2,-95.0,6.8,Low,24.3,62.0,2022-09-18 02:00:00
2022-09-19,5,2022,10.0,27.7,S,2.2,1266.0,6.8,Low,24.1,61.0,2022-09-19 02:00:00
2022-09-20,5,2022,10.4,20.4,W,0.7,-70.0,6.9,Low,25.5,66.0,2022-09-20 02:00:00
2022-09-21,5,2022,11.2,24.5,W,0.4,-46.0,6.7,Low,24.9,58.0,2022-09-21 02:00:00
2022-09-22,5,2022,9.6,21.3,NE,1.4,306.0,7.0,Low,24.5,60.0,2022-09-22 02:00:00
2022-09-23,5,2022,9.7,19.1,SW,1.7,18.0,7.0,Low,24.3,63.0,2022-09-23 02:00:00
2022-09-24,5,2022,10.6,17.7,SE,0.1,-94.0,6.9,Low,24.5,59.0,2022-09-24 02:00:00
2022-09-25,5,2022,10.9,17.0,N,0.0,-100.0,6.9,Low,24.8,67.0,2022-09-25 02:00:00
2022-09-26,5,2022,12.7,24.9,SE,0.5,0.0,7.0,Low,23.9,65.0,2022-09-26 02:00:00
2022-09-27,5,2022,8.7,16.5,SE,3.3,625.0,6.9,Low,25.1,63.0,2022-09-27 02:00:00
2022-09-28,5,2022,9.0,22.2,E,1.2,-65.0,7.0,Low,25.1,60.0,2022-09-28 02:00:00
2022-09-29,5,2022,10.7,22.9,SE,0.8,-27.0,7.1,Low,25.0,66.0,2022-09-29 02:00:00
2022-09-30,5,2022,13.3,27.6,N,1.0,18.0,6.6,Low,25.2,65.0,2022-09-30 02:00:00
2022-10-01,5,2022,11.3,21.8,E,0.1,-94.0,7.0,Low,25.0,62.0,2022-10-01 02:00:00
2022-10-02,5,2022,8.0,16.4,N,0.0,-100.0,6.8,Low,25.0,65.0,2022-10-02 02:00:00
2022-10-03,5,2022,10.5,21.5,NW,0.0,0.0,6.9,Low,25.7,62.0,2022-10-03 02:00:00
2022-10-04,5,2022,9.9,16.4,SW,0.0,0.0,6.8,Low,24.6,64.0,2022-10-04 02:00:00
2022-10-05,5,2022,13.7,29.9,NE,0.0,0.0,7.0,Low,24.6,59.0,2022-10-05 02:00:00
2022-10-06,5,2022,9.0,18.5,NW,0.0,0.0,6.9,Low,24.6,63.0,2022-10-06 02:00:00
2022-10-07,5,2022,11.7,27.3,NW,1.4,0.0,6.8,Low,24.5,58.0,2022-10-07 02:00:00
2022-10-08,5,2022,9.3,15.8,SE,0.9,-34.0,6.9,Low,24.6,66.0,2022-10-08 02:00:00
2022-10-09,5,2022,9.9,20.9,NW,2.7,182.0,6.9,Low,25.2,61.0,2022-10-09 02:00:00
2022-10-10,5,2022,14.6,27.6,NE,0.0,-100.0,6.9,Low,24.6,70.0,2022-10-10 02:00:00
2022-10-11,5,2022,9.6,26.1,E,3.3,0.0,7.0,Low,25.7,66.0,2022-10-11 02:00:00
2022-10-12,5,2022,9.5,16.9,SW,0.2,-95.0,6.7,Low,27.2,59.0,2022-10-12 02:00:00
2022-10-13,5,2022,10.9,20.9,SE,3.8,2436.0,6.8,Low,25.9,63.0,2022-10-13 02:00:00
2022-10-14,5,2022,8.7,21.4,SW,1.4,-62.0,6.8,Low,25.0,66.0,2022-10-14 02:00:00
2022-10-15,5,2022,11.4,22.1,E,0.0,-100.0,7.0,Low,25.7,66.0,2022-10-15 02:00:00
2022-10-16,5,2022,10.7,19.8,NW,3.1,0.0,6.9,Low,24.3,66.0,2022-10-16 02:00:00
2022-10-17,5,2022,12.1,30.1,E,0.0,-100.0,6.8,Low,24.7,57.0,2022-10-17 02:00:00
2022-10-18,5,2022,10.9,23.2,S,0.5,0.0,7.0,Low,25.4,67.0,2022-10-18 02:00:00
2022-10-19,5,2022,11.1,24.0,E,0.0,-100.0,6.9,Low,25.9,63.0,2022-10-19 02:00:00
2022-10-20,5,2022,10.1,26.5,NE,0.8,0.0,7.1,Low,25.9,61.0,2022-10-20 02:00:00
2022-10-21,5,2022,9.9,21.0,SW,1.1,32.0,6.8,Low,24.4,65.0,2022-10-21 02:00:00
2022-10-22,5,2022,13.1,19.8,E,1.9,75.0,7.0,Low,23.2,62.0,2022-10-22 02:00:00
2022-10-23,5,2022,14.0,31.3,S,0.9,-54.0,6.9,Low,24.7,58.0,2022-10-23 02:00:00
2022-10-24,5,2022,12.3,19.0,E,2.9,233.0,6.9,Low,24.5,64.0,2022-10-24 02:00:00
2022-10-25,5,2022,11.7,23.4,NW,1.1,-62.0,6.8,Low,24.6,61.0,2022-10-25 02:00:00
2022-10-26,5,2022,7.7,19.9,N,0.9,-16.0,7.1,Low,25.0,62.0,2022-10-26 02:00:00
2022-10-27,5,2022,11.2,20.2,W,0.0,-97.0,6.9,Low,25.0,68.0,2022-10-27 02:00:00
2022-10-28,5,2022,8.0,14.9,N,3.9,13874.0,6.8,Low,24.7,68.0,2022-10-28 02:00:00
2022-10-29,5,2022,11.0,28.7,NE,6.8,73.0,6.7,Low,26.3,63.0,2022-10-29 02:00:00
2022-10-30,5,2022,12.4,22.9,S,0.6,-91.0,6.8,Low,25.2,61.0,2022-10-30 02:00:00
2022-10-31,5,2022,12.2,20.0,NE,0.0,-100.0,6.8,Low,25.4,60.0,2022-10-31 02:00:00
2022-11-01,5,2022,11.3,17.3,NE,0.2,0.0,6.7,Low,25.7,59.0,2022-11-01 02:00:00
2022-11-02,5,2022,9.0,22.8,S,6.1,2461.0,6.8,Low,24.6,64.0,2022-11-02 02:00:00
2022-11-03,5,2022,9.7,20.5,SE,2.4,-61.0,6.8,Low,25.6,59.0,2022-11-03 02:00:00
2022-11-04,5,2022,9.9,22.3,E,0.0,-100.0,6.9,Low,24.9,61.0,2022-11-04 02:00:00
2022-11-05,5,2022,10.9,25.2,SE,0.0,0.0,6.8,Low,25.3,59.0,2022-11-05 02:00:00
2022-11-06,5,2022,10.0,25.5,SE,0.0,0.0,6.8,Low,27.2,61.0,2022-11-06 02:00:00
2022-11-07,5,2022,10.9,27.3,SE,0.0,0.0,6.9,Low,25.4,64.0,2022-11-07 02:00:00
2022-11-08,5,2022,8.4,20.3,NE,2.1,0.0,6.9,Low,26.0,63.0,2022-11-08 02:00:00
2022-11-09,5,2022,11.2,25.2,SW,0.0,-100.0,6.9,Low,24.4,61.0,2022-11-09 02:00:00
2022-11-10,5,2022,13.5,20.3,E,3.1,0.0,6.9,Low,25.2,60.0,2022-11-10 02:00:00
2022-11-11,5,2022,10.4,22.3,SW,2.4,-20.0,6.8,Low,25.2,61.0,2022-11-11 02:00:00
2022-11-12,5,2022,13.2,30.6,NW,0.0,-100.0,6.8,Low,24.6,63.0,2022-11-12 02:00:00
2022-11-13,5,2022,10.8,27.8,E,7.0,0.0,6.8,Low,24.2,63.0,2022-11-13 02:00:00
2022-11-14,5,2022,9.2,25.7,SW,3.9,-44.0,7.0,Low,24.8,55.0,2022-11-14 02:00:00
2022-11-15,5,2022,10.0,17.1,N,1.7,-56.0,7.0,Low,26.5,59.0,2022-11-15 02:00:00
2022-11-16,5,2022,10.9,20.4,S,0.0,-100.0,7.0,Low,24.1,66.0,2022-11-16 02:00:00
2022-11-17,5,2022,12.1,27.6,S,0.4,0.0,6.7,Low,25.7,61.0,2022-11-17 02:00:00
2022-11-18,5,2022,12.0,18.8,SE,0.3,-13.0,6.7,Low,25.5,65.0,2022-11-18 02:00:00
2022-11-19,5,2022,8.6,24.5,NE,0.0,-100.0,7.1,Low,25.8,66.0,2022-11-19 02:00:00
2022-11-20,5,2022,12.5,20.8,W,0.0,0.0,6.9,Low,24.6,65.0,2022-11-20 02:00:00
2022-11-21,5,2022,10.8,26.0,SE,0.0,0.0,6.9,Low,26.4,66.0,2022-11-21 02:00:00
2022-11-22,5,2022,15.3,29.1,N,0.7,0.0,6.7,Low,26.7,63.0,2022-11-22 02:00:00
2022-11-23,5,2022,11.4,16.9,S,0.0,-100.0,7.0,Low,26.4,61.0,2022-11-23 02:00:00
2022-11-24,5,2022,9.7,15.4,SE,6.3,0.0,7.0,Low,24.3,60.0,2022-11-24 02:00:00
2022-11-25,5,2022,10.8,21.1,W,0.8,-87.0,6.7,Low,24.3,64.0,2022-11-25 02:00:00
2022-11-26,5,2022,10.6,17.8,S,0.0,-100.0,6.9,Low,24.5,65.0,2022-11-26 02:00:00
2022-11-27,5,2022,12.4,18.9,NE,0.0,0.0,6.9,Low,24.6,58.0,2022-11-27 02:00:00
2022-11-28,5,2022,11.9,24.0,N,0.0,0.0,6.7,Low,24.9,57.0,2022-11-28 02:00:00
2022-11-29,5,2022,12.8,19.5,S,17.1,0.0,6.9,Low,27.1,62.0,2022-11-29 02:00:00
2022-11-30,5,2022,7.5,25.2,NW,0.0,-100.0,6.9,Low,24.8,59.0,2022-11-30 02:00:00
2022-12-01,5,2022,12.7,22.0,E,3.1,0.0,6.9,Low,24.5,61.0,2022-12-01 02:00:00
2022-12-02,5,2022,11.3,21.5,E,0.4,-86.0,6.8,Low,24.4,63.0,2022-12-02 02:00:00
2022-12-03,5,2022,10.1,27.0,SE,0.0,-93.0,6.8,Low,26.4,62.0,2022-12-03 02:00:00
2022-12-04,5,2022,11.0,21.2,NW,0.0,-100.0,6.7,Low,25.0,58.0,2022-12-04 02:00:00
2022-12-05,5,2022,7.8,16.2,E,0.0,0.0,7.0,Low,25.4,61.0,2022-12-05 02:00:00
2022-12-06,5,2022,9.8,26.8,NE,1.1,0.0,6.7,Low,25.6,59.0,2022-12-06 02:00:00
2022-12-07,5,2022,9.5,18.0,W,2.1,84.0,7.0,Low,24.9,64.0,2022-12-07 02:00:00
2022-12-08,5,2022,8.8,22.1,N,4.1,101.0,6.8,Medium,25.6,56.0,2022-12-08 02:00:00
2022-12-09,5,2022,11.8,24.5,NE,3.2,-22.0,6.8,Med-High,25.0,60.0,2022-12-09 02:00:00
2022-12-10,5,2022,10.5,17.5,S,0.6,-80.0,6.7,Medium,25.3,63.0,2022-12-10 02:00:00
2022-12-11,5,2022,8.4,16.4,SW,0.2,-76.0,6.7,Medium,25.0,59.0,2022-12-11 02:00:00
2022-12-12,5,2022,13.0,22.9,N,0.0,-100.0,6.9,Medium,25.2,64.0,2022-12-12 02:00:00
2022-12-13,5,2022,8.2,20.9,NW,0.0,0.0,6.8,Medium,27.1,61.0,2022-12-13 02:00:00
2022-12-14,5,2022,12.5,24.5,N,0.0,0.0,6.9,Medium,25.7,66.0,2022-12-14 02:00:00
2022-12-15,5,2022,9.9,24.8,NW,0.8,0.0,6.8,Medium,25.6,59.0,2022-12-15 02:00:00
2022-12-16,5,2022,12.1,17.5,SE,0.0,-100.0,6.6,Medium,26.4,61.0,2022-12-16 02:00:00
2022-12-17,5,2022,8.0,17.9,N,5.3,0.0,7.0,Medium,26.1,62.0,2022-12-17 02:00:00
2022-12-18,5,2022,11.0,25.3,NW,1.2,-78.0,6.9,Med-High,27.1,63.0,2022-12-18 02:00:00
2022-12-19,5,2022,11.7,23.1,NE,0.0,-100.0,6.8,Med-High,26.7,62.0,2022-12-19 02:00:00
2022-12-20,5,2022,9.5,24.5,W,5.2,0.0,6.9,Med-High,25.1,61.0,2022-12-20 02:00:00
2022-12-21,5,2022,11.4,19.7,W,0.0,-100.0,6.6,Medium,24.2,62.0,2022-12-21 02:00:00
2022-12-22,5,2022,8.3,14.0,SE,0.0,0.0,6.9,Medium,24.9,55.0,2022-12-22 02:00:00
2022-12-23,5,2022,10.6,24.4,NE,0.4,0.0,6.9,Medium,25.7,63.0,2022-12-23 02:00:00
2022-12-24,5,2022,9.6,24.6,NE,2.2,459.0,6.9,Med-High,24.3,58.0,2022-12-24 02:00:00
2022-12-25,5,2022,10.6,27.8,SW,0.0,-100.0,6.9,Medium,25.9,59.0,2022-12-25 02:00:00
2022-12-26,5,2022,11.3,22.9,SE,3.2,0.0,6.9,Medium,25.0,60.0,2022-12-26 02:00:00
2022-12-27,5,2022,9.7,17.1,W,0.0,-100.0,6.7,Medium,25.7,56.0,2022-12-27 02:00:00
2022-12-28,5,2022,8.7,26.2,E,0.3,0.0,6.8,Medium,25.6,63.0,2022-12-28 02:00:00
2022-12-29,5,2022,9.8,27.7,SW,0.0,-100.0,6.9,Medium,25.8,59.0,2022-12-29 02:00:00
2022-12-30,5,2022,9.3,21.4,SW,4.6,0.0,6.7,Medium,26.5,54.0,2022-12-30 02:00:00
2022-12-31,5,2022,11.9,29.2,E,0.0,-100.0,6.8,Low,25.8,63.0,2022-12-31 02:00:00
