time,region_id,year_id,precipitation_mm,evapotranspiration_mm,groundwater_depth_m,runoff_mm,river_flow_m3s,reservoir_storage_m3,irrigation_supply_available_m3,soil_water_deficit_index_mm,water_balance_percent,updated_at
2020-01-02,1,2020,11.5,6.6,5.07,1.3,41.5,5031453.0,93303.0,-4.96,175.34,2020-01-02 02:00:00
2020-01-03,1,2020,1.1,6.4,4.67,0.0,12.37,5012892.0,76622.0,5.31,16.62,2020-01-03 02:00:00
2020-01-04,1,2020,2.0,5.9,5.17,0.3,10.7,4950157.0,77669.0,3.86,34.58,2020-01-04 02:00:00
2020-01-05,1,2020,0.2,5.5,4.28,0.0,11.79,4843449.0,95861.0,5.32,3.66,2020-01-05 02:00:00
2020-01-06,1,2020,4.5,6.8,4.76,1.5,17.12,4921189.0,73107.0,2.34,65.9,2020-01-06 02:00:00
2020-01-07,1,2020,1.1,6.3,4.59,0.0,18.02,4911172.0,116623.0,5.16,17.83,2020-01-07 02:00:00
2020-01-08,1,2020,2.9,6.4,4.43,0.0,15.85,4748401.0,104548.0,3.54,44.85,2020-01-08 02:00:00
2020-01-09,1,2020,0.1,5.9,4.76,1.7,12.19,4726285.0,100644.0,5.79,1.62,2020-01-09 02:00:00
2020-01-10,1,2020,0.3,6.9,5.04,0.5,12.68,4821914.0,118856.0,6.57,4.94,2020-01-10 02:00:00
2020-01-11,1,2020,3.1,5.9,4.76,0.2,18.99,4662699.0,105533.0,2.76,53.04,2020-01-11 02:00:00
2020-01-12,1,2020,0.3,6.0,4.4,0.0,11.53,4595485.0,87479.0,5.78,4.19,2020-01-12 02:00:00
2020-01-13,1,2020,0.5,6.2,5.34,0.3,10.06,4486557.0,92867.0,5.69,8.61,2020-01-13 02:00:00
2020-01-14,1,2020,5.5,6.4,5.04,0.9,17.93,4526085.0,83753.0,0.9,85.89,2020-01-14 02:00:00
2020-01-15,1,2020,1.6,6.4,5.11,0.0,15.83,4502468.0,103874.0,4.84,24.46,2020-01-15 02:00:00
2020-01-16,1,2020,0.3,6.1,5.43,0.0,11.48,4401653.0,113048.0,5.73,5.42,2020-01-16 02:00:00
2020-01-17,1,2020,1.0,6.4,5.4,1.6,9.67,4406837.0,97457.0,5.36,16.13,2020-01-17 02:00:00
2020-01-18,1,2020,2.5,6.0,4.97,0.0,16.0,4308786.0,128429.0,3.52,41.71,2020-01-18 02:00:00
2020-01-19,1,2020,1.3,6.4,4.83,0.6,14.51,4315499.0,96827.0,5.16,19.64,2020-01-19 02:00:00
2020-01-20,1,2020,0.9,5.8,5.55,1.9,12.02,4224706.0,102413.0,4.88,15.83,2020-01-20 02:00:00
2020-01-21,1,2020,0.7,6.1,5.22,0.0,8.81,4095483.0,80523.0,5.42,10.95,2020-01-21 02:00:00
2020-01-22,1,2020,3.0,6.4,5.2,0.6,20.17,4056925.0,111701.0,3.48,46.05,2020-01-22 02:00:00
2020-01-23,1,2020,0.0,5.8,4.1,0.0,4.9,4086529.0,115047.0,5.85,0.0,2020-01-23 02:00:00
2020-01-24,1,2020,1.6,6.2,4.58,0.0,18.3,4058300.0,73467.0,4.6,26.04,2020-01-24 02:00:00
2020-01-25,1,2020,1.5,6.0,4.97,0.4,15.65,4037983.0,103088.0,4.49,24.87,2020-01-25 02:00:00
2020-01-26,1,2020,0.7,6.6,5.59,1.2,7.75,3952118.0,159214.0,1.88,133.27,2020-01-26 02:00:00
2020-01-27,1,2020,7.0,6.5,4.85,0.4,27.29,3914684.0,132958.0,-0.54,108.42,2020-01-27 02:00:00
2020-01-28,1,2020,5.3,6.4,5.07,0.5,26.27,3921708.0,179672.0,1.1,82.83,2020-01-28 02:00:00
2020-01-29,1,2020,0.6,6.4,4.38,0.4,10.35,3941978.0,131292.0,5.75,10.03,2020-01-29 02:00:00
2020-01-30,1,2020,1.2,5.9,4.59,0.4,12.72,3863084.0,142555.0,4.71,19.86,2020-01-30 02:00:00
2020-01-31,1,2020,0.0,6.5,4.83,1.0,12.22,3696406.0,119925.0,6.51,0.0,2020-01-31 02:00:00
2020-02-01,1,2020,0.4,6.1,5.31,0.7,15.81,3651246.0,118970.0,5.76,6.17,2020-02-01 02:00:00
2020-02-02,1,2020,0.9,5.8,5.04,0.0,13.55,3495070.0,133418.0,4.91,15.09,2020-02-02 02:00:00
2020-02-03,1,2020,0.8,6.4,4.37,0.0,11.65,3627983.0,157008.0,5.56,12.78,2020-02-03 02:00:00
2020-02-04,1,2020,2.9,6.0,5.5,1.1,16.89,3566706.0,138265.0,3.1,48.45,2020-02-04 02:00:00
2020-02-05,1,2020,1.7,6.3,4.92,1.5,17.64,3534167.0,165347.0,4.66,26.44,2020-02-05 02:00:00
2020-02-06,1,2020,4.2,6.4,4.89,1.5,15.63,3541395.0,148943.0,2.23,65.09,2020-02-06 02:00:00
2020-02-07,1,2020,0.3,6.5,4.22,0.0,13.39,3442431.0,134244.0,6.11,5.24,2020-02-07 02:00:00
2020-02-08,1,2020,0.0,6.8,5.35,1.0,12.88,3291605.0,117723.0,6.76,0.0,2020-02-08 02:00:00
2020-02-09,1,2020,2.6,6.6,5.26,0.0,17.97,3308118.0,163377.0,1.03,129.34,2020-02-09 02:00:00
2020-02-10,1,2020,1.9,6.5,4.99,0.7,8.95,3289717.0,212410.0,0.66,150.52,2020-02-10 02:00:00
2020-02-11,1,2020,1.3,6.2,5.46,0.0,13.28,3248612.0,179806.0,4.87,21.28,2020-02-11 02:00:00
2020-02-12,1,2020,1.3,6.9,5.1,1.2,7.9,3189928.0,234041.0,5.67,18.14,2020-02-12 02:00:00
2020-02-13,1,2020,0.2,6.6,5.9,0.0,12.04,3270292.0,189385.0,6.33,3.45,2020-02-13 02:00:00
2020-02-14,1,2020,0.2,6.1,5.59,0.3,11.37,3054480.0,216667.0,5.89,3.56,2020-02-14 02:00:00
2020-02-15,1,2020,0.5,6.5,5.32,0.9,7.55,2952322.0,257767.0,5.92,8.29,2020-02-15 02:00:00
2020-02-16,1,2020,0.0,6.6,5.18,1.1,9.2,2938502.0,208945.0,6.57,0.0,2020-02-16 02:00:00
2020-02-17,1,2020,0.6,6.4,5.1,0.0,14.4,2840927.0,197226.0,5.74,9.7,2020-02-17 02:00:00
2020-02-18,1,2020,0.3,6.7,5.04,0.3,7.36,2750804.0,214281.0,6.44,4.35,2020-02-18 02:00:00
2020-02-19,1,2020,0.9,6.9,5.24,0.5,11.41,2791764.0,197938.0,6.04,12.9,2020-02-19 02:00:00
2020-02-20,1,2020,0.0,6.3,5.27,0.0,9.78,2645086.0,228672.0,6.31,0.4,2020-02-20 02:00:00
2020-02-21,1,2020,0.4,6.8,4.42,0.9,10.69,2573092.0,188105.0,6.38,5.66,2020-02-21 02:00:00
2020-02-22,1,2020,0.0,5.5,5.36,0.3,10.64,2590073.0,201286.0,5.53,0.0,2020-02-22 02:00:00
2020-02-23,1,2020,0.7,6.7,4.74,0.0,11.64,2473212.0,201897.0,5.99,10.1,2020-02-23 02:00:00
2020-02-24,1,2020,1.6,5.9,5.45,0.0,14.21,2445581.0,196377.0,4.29,27.18,2020-02-24 02:00:00
2020-02-25,1,2020,1.0,6.7,5.56,0.7,11.39,2346640.0,197215.0,5.72,15.22,2020-02-25 02:00:00
2020-02-26,1,2020,0.0,6.5,5.25,0.0,14.92,2356776.0,253286.0,6.5,0.21,2020-02-26 02:00:00
2020-02-27,1,2020,1.3,6.4,4.75,1.0,11.05,2304074.0,205401.0,1.05,147.14,2020-02-27 02:00:00
2020-02-28,1,2020,5.4,6.6,5.05,0.9,26.97,2349642.0,265435.0,-0.83,142.74,2020-02-28 02:00:00
2020-02-29,1,2020,0.0,6.5,4.52,0.0,6.48,2268876.0,247334.0,6.48,0.0,2020-02-29 02:00:00
2020-03-01,1,2020,0.6,6.6,5.81,0.0,10.5,2221225.0,283373.0,6.05,8.56,2020-03-01 02:00:00
2020-03-02,1,2020,1.3,6.1,5.04,1.1,9.15,2065489.0,257182.0,4.73,21.88,2020-03-02 02:00:00
2020-03-03,1,2020,11.0,5.9,4.79,2.6,39.69,2070220.0,275881.0,-5.13,187.65,2020-03-03 02:00:00
2020-03-04,1,2020,0.7,6.5,4.6,0.0,16.37,2106775.0,271501.0,5.82,10.14,2020-03-04 02:00:00
2020-03-05,1,2020,1.4,5.9,4.98,1.2,14.31,2049326.0,263101.0,4.47,23.98,2020-03-05 02:00:00
2020-03-06,1,2020,9.4,6.5,5.26,1.2,33.23,2036278.0,279226.0,-2.95,145.67,2020-03-06 02:00:00
2020-03-07,1,2020,8.5,6.2,5.28,0.5,29.97,2142220.0,268618.0,-2.25,136.07,2020-03-07 02:00:00
2020-03-08,1,2020,1.0,7.0,5.53,0.8,14.17,2026943.0,262066.0,5.97,14.57,2020-03-08 02:00:00
2020-03-09,1,2020,0.0,6.2,5.06,0.0,12.4,2087008.0,277461.0,6.21,0.0,2020-03-09 02:00:00
2020-03-10,1,2020,0.9,6.2,4.49,0.0,11.5,1891036.0,248634.0,5.29,14.52,2020-03-10 02:00:00
2020-03-11,1,2020,0.5,6.9,5.21,1.5,8.12,1803689.0,285727.0,6.36,7.54,2020-03-11 02:00:00
2020-03-12,1,2020,2.8,6.1,5.88,0.0,12.52,1774291.0,252229.0,3.37,45.22,2020-03-12 02:00:00
2020-03-13,1,2020,1.7,6.5,5.37,0.1,12.36,1707221.0,295385.0,4.77,26.69,2020-03-13 02:00:00
2020-03-14,1,2020,1.1,6.9,4.78,0.1,15.64,1634223.0,280827.0,5.84,15.37,2020-03-14 02:00:00
2020-03-15,1,2020,1.0,6.8,4.55,0.8,4.44,1737381.0,273869.0,5.76,14.76,2020-03-15 02:00:00
2020-03-16,1,2020,1.7,5.9,5.38,0.9,11.74,1667433.0,274682.0,4.17,29.27,2020-03-16 02:00:00
2020-03-17,1,2020,0.0,6.2,4.9,0.2,8.72,1458455.0,258642.0,6.24,0.0,2020-03-17 02:00:00
2020-03-18,1,2020,1.0,6.8,4.51,0.2,14.92,1541454.0,261694.0,5.84,14.65,2020-03-18 02:00:00
2020-03-19,1,2020,3.0,6.6,4.62,0.6,12.49,1452224.0,295613.0,3.54,46.19,2020-03-19 02:00:00
2020-03-20,1,2020,0.0,7.0,5.37,0.4,15.94,1397344.0,251356.0,7.04,0.0,2020-03-20 02:00:00
2020-03-21,1,2020,0.1,6.1,4.72,0.1,11.15,1310743.0,271181.0,6.07,1.27,2020-03-21 02:00:00
2020-03-22,1,2020,2.0,6.6,5.13,0.9,14.96,1339701.0,264105.0,4.68,29.57,2020-03-22 02:00:00
2020-03-23,1,2020,0.6,7.2,5.3,0.0,11.77,1277791.0,312813.0,3.15,103.84,2020-03-23 02:00:00
2020-03-24,1,2020,0.7,6.6,4.63,1.3,15.21,1115329.0,274532.0,5.9,10.0,2020-03-24 02:00:00
2020-03-25,1,2020,0.8,6.3,4.41,1.0,12.83,1067200.0,306733.0,5.49,13.38,2020-03-25 02:00:00
2020-03-26,1,2020,0.2,6.6,5.3,1.2,8.86,953373.0,325631.0,6.41,2.91,2020-03-26 02:00:00
2020-03-27,1,2020,3.9,6.1,5.13,1.7,17.09,1056340.0,332350.0,2.24,63.28,2020-03-27 02:00:00
2020-03-28,1,2020,0.4,6.9,5.38,2.2,12.41,921578.0,279056.0,6.49,5.85,2020-03-28 02:00:00
2020-03-29,1,2020,0.0,7.0,5.16,0.0,9.91,859917.0,287287.0,6.96,0.21,2020-03-29 02:00:00
2020-03-30,1,2020,1.4,6.0,5.78,0.3,14.7,855507.0,298008.0,4.57,23.88,2020-03-30 02:00:00
2020-03-31,1,2020,2.0,6.5,5.17,0.0,15.35,756164.0,306987.0,4.5,30.66,2020-03-31 02:00:00
2020-04-01,1,2020,2.3,6.8,4.89,0.8,17.34,796836.0,310030.0,4.42,34.52,2020-04-01 02:00:00
2020-04-02,1,2020,0.1,6.8,4.89,1.0,13.94,705815.0,306288.0,6.66,2.05,2020-04-02 02:00:00
2020-04-03,1,2020,2.9,6.5,5.81,1.0,17.84,636887.0,340917.0,3.64,44.16,2020-04-03 02:00:00
2020-04-04,1,2020,1.9,6.3,5.19,0.5,13.77,645281.0,278222.0,4.42,29.92,2020-04-04 02:00:00
2020-04-05,1,2020,1.6,6.1,5.01,0.0,12.17,602120.0,324391.0,2.47,92.75,2020-04-05 02:00:00
2020-04-06,1,2020,0.2,6.6,5.12,0.0,10.89,473823.0,380318.0,6.38,2.79,2020-04-06 02:00:00
2020-04-07,1,2020,0.3,6.5,5.33,0.0,9.8,422389.0,340111.0,6.13,5.25,2020-04-07 02:00:00
2020-04-08,1,2020,0.7,6.4,5.59,0.3,6.67,406140.0,326466.0,5.72,10.87,2020-04-08 02:00:00
2020-04-09,1,2020,3.6,6.5,5.42,0.6,12.97,383779.0,325159.0,2.92,54.89,2020-04-09 02:00:00
2020-04-10,1,2020,0.0,6.6,5.36,1.1,9.7,228990.0,313682.0,6.64,0.0,2020-04-10 02:00:00
2020-04-11,1,2020,0.0,6.9,5.08,0.1,5.72,200497.0,325557.0,6.89,0.0,2020-04-11 02:00:00
2020-04-12,1,2020,0.0,6.7,4.94,0.2,13.34,109508.0,290240.0,6.68,0.0,2020-04-12 02:00:00
2020-04-13,1,2020,1.0,6.2,5.56,0.1,13.78,118990.0,287255.0,5.2,16.13,2020-04-13 02:00:00
2020-04-14,1,2020,1.1,5.9,5.8,0.0,10.95,80353.0,325646.0,4.75,18.85,2020-04-14 02:00:00
2020-04-15,1,2020,1.4,6.4,5.22,0.0,9.14,68027.0,336571.0,4.98,21.61,2020-04-15 02:00:00
2020-04-16,1,2020,1.8,6.8,5.52,0.0,13.82,0.0,329493.0,4.96,27.02,2020-04-16 02:00:00
2020-04-17,1,2020,0.6,6.3,5.63,0.6,14.7,0.0,317052.0,5.74,9.64,2020-04-17 02:00:00
2020-04-18,1,2020,0.0,6.8,5.62,0.5,7.38,0.0,334860.0,6.85,0.0,2020-04-18 02:00:00
2020-04-19,1,2020,2.2,6.5,5.54,0.0,12.27,0.0,336672.0,4.21,34.68,2020-04-19 02:00:00
2020-04-20,1,2020,1.3,6.4,5.0,1.6,11.73,0.0,328300.0,5.05,20.78,2020-04-20 02:00:00
2020-04-21,1,2020,3.2,7.2,5.97,0.0,12.82,0.0,330432.0,4.01,44.29,2020-04-21 02:00:00
2020-04-22,1,2020,0.0,6.7,5.51,0.0,12.88,0.0,345505.0,6.68,0.0,2020-04-22 02:00:00
2020-04-23,1,2020,0.0,6.3,5.52,0.0,8.93,0.0,347688.0,3.62,84.76,2020-04-23 02:00:00
2020-04-24,1,2020,0.4,6.3,5.08,1.2,14.69,0.0,359254.0,5.88,6.55,2020-04-24 02:00:00
2020-04-25,1,2020,1.0,6.4,5.8,0.3,11.0,0.0,366521.0,5.43,15.66,2020-04-25 02:00:00
2020-04-26,1,2020,3.6,7.0,5.59,1.6,20.35,0.0,335909.0,3.45,51.05,2020-04-26 02:00:00
2020-04-27,1,2020,2.8,7.3,5.14,2.7,19.82,0.0,361685.0,4.49,38.15,2020-04-27 02:00:00
2020-04-28,1,2020,0.1,7.0,5.56,0.2,9.51,0.0,369418.0,3.41,101.45,2020-04-28 02:00:00
2020-04-29,1,2020,5.1,6.2,5.82,1.6,23.25,0.0,389954.0,1.05,82.97,2020-04-29 02:00:00
2020-04-30,1,2020,1.9,6.1,5.58,0.0,17.23,0.0,326829.0,4.2,31.58,2020-04-30 02:00:00
2020-05-01,1,2020,2.8,6.5,5.13,1.0,19.72,0.0,380982.0,3.69,43.37,2020-05-01 02:00:00
2020-05-02,1,2020,1.3,6.9,5.92,0.9,7.09,0.0,383883.0,5.55,19.5,2020-05-02 02:00:00
2020-05-03,1,2020,1.5,7.1,5.07,0.5,9.43,0.0,393138.0,5.62,20.59,2020-05-03 02:00:00
2020-05-04,1,2020,0.0,5.9,5.84,0.6,9.97,0.0,385390.0,5.92,0.0,2020-05-04 02:00:00
2020-05-05,1,2020,4.1,6.8,5.68,1.2,18.39,0.0,340130.0,2.7,60.36,2020-05-05 02:00:00
2020-05-06,1,2020,1.2,6.1,5.62,0.0,11.73,0.0,410845.0,2.91,84.15,2020-05-06 02:00:00
2020-05-07,1,2020,1.6,6.0,5.97,0.0,16.97,0.0,390745.0,3.37,60.8,2020-05-07 02:00:00
2020-05-08,1,2020,0.8,6.8,5.79,0.0,11.31,0.0,399892.0,6.09,11.0,2020-05-08 02:00:00
2020-05-09,1,2020,0.3,7.1,5.52,0.5,3.67,0.0,430523.0,6.85,3.61,2020-05-09 02:00:00
2020-05-10,1,2020,0.6,6.5,5.14,0.8,15.87,0.0,429860.0,5.9,9.43,2020-05-10 02:00:00
2020-05-11,1,2020,0.4,6.5,4.9,0.6,13.53,0.0,453442.0,2.65,111.77,2020-05-11 02:00:00
2020-05-12,1,2020,0.1,6.7,5.48,0.0,7.45,0.0,436722.0,6.55,1.58,2020-05-12 02:00:00
2020-05-13,1,2020,2.2,7.0,5.56,1.3,24.3,0.0,462239.0,4.78,31.71,2020-05-13 02:00:00
2020-05-14,1,2020,4.4,6.6,5.98,0.9,24.33,0.0,460560.0,2.17,66.95,2020-05-14 02:00:00
2020-05-15,1,2020,0.0,7.3,5.26,0.4,12.15,0.0,464422.0,7.28,0.0,2020-05-15 02:00:00
2020-05-16,1,2020,1.7,7.0,5.52,1.2,21.64,0.0,498611.0,1.91,121.0,2020-05-16 02:00:00
2020-05-17,1,2020,2.5,6.9,5.0,0.7,12.73,0.0,503935.0,0.38,152.31,2020-05-17 02:00:00
2020-05-18,1,2020,0.1,6.7,5.78,0.2,9.49,0.0,485960.0,6.56,1.58,2020-05-18 02:00:00
2020-05-19,1,2020,5.7,6.4,5.77,1.8,19.0,0.0,531793.0,0.72,88.81,2020-05-19 02:00:00
2020-05-20,1,2020,0.7,7.1,5.36,0.0,11.22,0.0,538079.0,6.39,10.16,2020-05-20 02:00:00
2020-05-21,1,2020,4.3,6.9,5.37,1.6,16.18,0.0,564758.0,-0.69,158.26,2020-05-21 02:00:00
2020-05-22,1,2020,2.3,7.3,5.62,0.1,15.56,0.0,571476.0,1.06,139.28,2020-05-22 02:00:00
2020-05-23,1,2020,2.2,6.8,5.54,0.4,23.18,0.0,580833.0,4.56,32.88,2020-05-23 02:00:00
2020-05-24,1,2020,5.7,6.6,5.7,1.2,22.39,0.0,579225.0,0.9,86.42,2020-05-24 02:00:00
2020-05-25,1,2020,0.2,6.9,5.43,0.4,9.79,0.0,616078.0,6.71,2.85,2020-05-25 02:00:00
2020-05-26,1,2020,2.5,6.4,5.43,0.1,15.5,0.0,600597.0,3.82,39.92,2020-05-26 02:00:00
2020-05-27,1,2020,0.3,6.5,5.22,0.0,9.35,0.0,597102.0,6.2,5.19,2020-05-27 02:00:00
2020-05-28,1,2020,4.4,6.2,5.47,0.0,17.64,0.0,595602.0,1.84,70.4,2020-05-28 02:00:00
2020-05-29,1,2020,0.0,7.0,5.94,0.0,14.55,0.0,606033.0,6.99,0.0,2020-05-29 02:00:00
2020-05-30,1,2020,0.8,6.9,5.02,0.0,16.95,0.0,594144.0,6.03,12.32,2020-05-30 02:00:00
2020-05-31,1,2020,3.6,6.6,5.53,1.4,19.05,0.0,603022.0,2.91,55.63,2020-05-31 02:00:00
2020-06-01,1,2020,0.3,6.8,5.62,0.0,12.18,0.0,631974.0,1.7,145.34,2020-06-01 02:00:00
2020-06-02,1,2020,4.7,6.7,5.11,0.3,21.27,0.0,653412.0,1.97,70.4,2020-06-02 02:00:00
2020-06-03,1,2020,2.3,6.5,5.62,0.0,13.93,0.0,698331.0,1.9,106.17,2020-06-03 02:00:00
2020-06-04,1,2020,0.0,7.2,5.55,0.7,10.13,0.0,719650.0,2.55,128.74,2020-06-04 02:00:00
2020-06-05,1,2020,0.0,7.0,5.68,0.3,7.67,0.0,763422.0,2.78,120.17,2020-06-05 02:00:00
2020-06-06,1,2020,0.0,7.1,5.77,0.0,0.83,0.0,731483.0,7.08,0.0,2020-06-06 02:00:00
2020-06-07,1,2020,0.3,7.4,5.64,0.1,9.41,0.0,781933.0,7.03,4.73,2020-06-07 02:00:00
2020-06-08,1,2020,2.7,7.2,5.43,0.2,16.14,0.0,769885.0,4.51,37.82,2020-06-08 02:00:00
2020-06-09,1,2020,0.7,6.8,4.85,0.0,10.28,0.0,762193.0,6.17,9.74,2020-06-09 02:00:00
2020-06-10,1,2020,0.0,6.9,5.2,0.0,12.14,0.0,751635.0,6.9,0.0,2020-06-10 02:00:00
2020-06-11,1,2020,0.0,6.5,4.92,1.1,10.62,0.0,748821.0,6.46,0.0,2020-06-11 02:00:00
2020-06-12,1,2020,1.6,6.6,5.07,0.2,12.75,0.0,799709.0,5.02,23.88,2020-06-12 02:00:00
2020-06-13,1,2020,0.2,6.6,5.82,0.0,9.36,0.0,776496.0,6.38,3.02,2020-06-13 02:00:00
2020-06-14,1,2020,2.5,6.6,5.85,0.0,18.86,0.0,733626.0,4.12,37.96,2020-06-14 02:00:00
2020-06-15,1,2020,4.7,7.4,5.87,1.2,19.24,0.0,770229.0,2.72,63.31,2020-06-15 02:00:00
2020-06-16,1,2020,0.0,6.8,5.75,0.0,2.9,0.0,708496.0,6.83,0.0,2020-06-16 02:00:00
2020-06-17,1,2020,0.3,6.6,5.5,1.1,11.06,0.0,732298.0,6.37,4.07,2020-06-17 02:00:00
2020-06-18,1,2020,4.6,6.8,5.66,0.0,16.31,0.0,715842.0,2.11,68.75,2020-06-18 02:00:00
2020-06-19,1,2020,1.0,6.6,5.35,0.0,12.91,0.0,744254.0,5.64,14.7,2020-06-19 02:00:00
2020-06-20,1,2020,0.0,5.9,5.47,0.5,10.41,0.0,798879.0,5.87,0.0,2020-06-20 02:00:00
2020-06-21,1,2020,0.0,6.7,4.87,0.0,8.06,0.0,759644.0,6.72,0.0,2020-06-21 02:00:00
2020-06-22,1,2020,0.6,6.9,5.8,0.0,16.66,0.0,773825.0,6.34,8.62,2020-06-22 02:00:00
2020-06-23,1,2020,0.0,6.7,6.32,1.2,7.17,0.0,745652.0,6.69,0.0,2020-06-23 02:00:00
2020-06-24,1,2020,1.7,6.5,5.25,0.0,9.91,0.0,730910.0,4.82,26.09,2020-06-24 02:00:00
2020-06-25,1,2020,1.8,7.0,5.41,2.0,12.39,0.0,781997.0,5.16,26.16,2020-06-25 02:00:00
2020-06-26,1,2020,2.4,7.0,5.67,1.1,18.15,0.0,741232.0,4.62,34.37,2020-06-26 02:00:00
2020-06-27,1,2020,0.5,6.9,5.36,0.6,18.04,0.0,782176.0,6.43,6.72,2020-06-27 02:00:00
2020-06-28,1,2020,2.7,7.1,6.01,0.0,17.76,0.0,789859.0,4.44,37.79,2020-06-28 02:00:00
2020-06-29,1,2020,2.1,6.4,5.86,0.7,16.66,0.0,745660.0,4.28,33.16,2020-06-29 02:00:00
2020-06-30,1,2020,3.6,6.5,5.12,0.9,21.52,0.0,735646.0,2.94,55.03,2020-06-30 02:00:00
2020-07-01,1,2020,2.8,7.4,5.94,0.4,16.83,0.0,699494.0,4.61,37.64,2020-07-01 02:00:00
2020-07-02,1,2020,0.6,6.4,6.28,0.0,10.41,0.0,783847.0,5.76,10.07,2020-07-02 02:00:00
2020-07-03,1,2020,0.0,7.0,5.4,1.3,9.87,0.0,756799.0,6.98,0.0,2020-07-03 02:00:00
2020-07-04,1,2020,0.5,6.6,5.88,0.7,14.56,0.0,768820.0,6.01,8.37,2020-07-04 02:00:00
2020-07-05,1,2020,1.7,6.7,5.36,1.6,13.24,0.0,775877.0,4.93,26.02,2020-07-05 02:00:00
2020-07-06,1,2020,2.1,7.3,6.32,0.9,21.71,0.0,780776.0,5.18,28.87,2020-07-06 02:00:00
2020-07-07,1,2020,0.1,6.7,5.18,0.3,9.39,0.0,791326.0,4.15,74.0,2020-07-07 02:00:00
2020-07-08,1,2020,1.5,7.0,5.45,0.0,12.05,0.0,810581.0,4.01,64.7,2020-07-08 02:00:00
2020-07-09,1,2020,0.0,7.0,5.87,1.2,11.17,0.0,831185.0,7.03,0.0,2020-07-09 02:00:00
2020-07-10,1,2020,0.4,7.1,6.23,0.0,10.0,0.0,800203.0,6.67,6.25,2020-07-10 02:00:00
2020-07-11,1,2020,0.5,7.1,5.58,0.0,15.26,0.0,813323.0,6.6,6.94,2020-07-11 02:00:00
2020-07-12,1,2020,3.9,6.6,5.69,0.3,23.52,0.0,764746.0,2.79,57.99,2020-07-12 02:00:00
2020-07-13,1,2020,0.5,6.9,5.45,0.0,11.25,0.0,811128.0,6.41,7.51,2020-07-13 02:00:00
2020-07-14,1,2020,2.5,6.8,5.87,0.0,17.47,0.0,785888.0,4.35,36.06,2020-07-14 02:00:00
2020-07-15,1,2020,0.2,6.7,5.2,0.2,10.47,0.0,827294.0,4.18,71.88,2020-07-15 02:00:00
2020-07-16,1,2020,0.0,6.6,6.14,0.8,4.31,0.0,818328.0,6.64,0.0,2020-07-16 02:00:00
2020-07-17,1,2020,0.0,7.2,6.86,0.0,11.11,0.0,839521.0,7.23,0.0,2020-07-17 02:00:00
2020-07-18,1,2020,2.6,7.2,5.64,0.4,21.84,0.0,849069.0,4.54,36.8,2020-07-18 02:00:00
2020-07-19,1,2020,3.0,7.3,5.71,0.9,14.19,0.0,845571.0,4.22,41.9,2020-07-19 02:00:00
2020-07-20,1,2020,0.3,7.5,5.98,0.2,17.87,0.0,799652.0,7.24,4.01,2020-07-20 02:00:00
2020-07-21,1,2020,3.9,6.8,5.43,0.0,19.15,0.0,841525.0,2.9,57.33,2020-07-21 02:00:00
2020-07-22,1,2020,1.5,7.7,5.65,0.0,11.11,0.0,837465.0,4.04,75.62,2020-07-22 02:00:00
2020-07-23,1,2020,0.1,7.6,6.03,0.8,9.96,0.0,836716.0,7.55,0.69,2020-07-23 02:00:00
2020-07-24,1,2020,0.0,7.3,6.07,0.3,9.63,0.0,846319.0,7.32,0.0,2020-07-24 02:00:00
2020-07-25,1,2020,1.8,7.8,5.65,0.0,17.66,0.0,878106.0,5.97,23.53,2020-07-25 02:00:00
2020-07-26,1,2020,0.0,7.3,5.99,0.3,9.46,0.0,870184.0,7.29,0.0,2020-07-26 02:00:00
2020-07-27,1,2020,4.3,6.9,5.69,0.8,23.72,0.0,868965.0,2.55,62.93,2020-07-27 02:00:00
2020-07-28,1,2020,3.2,7.2,5.58,0.0,19.28,0.0,849243.0,4.04,43.91,2020-07-28 02:00:00
2020-07-29,1,2020,6.7,7.2,5.87,1.7,27.03,0.0,920332.0,-2.64,179.64,2020-07-29 02:00:00
2020-07-30,1,2020,2.1,7.1,5.84,0.3,9.94,0.0,885362.0,4.99,30.01,2020-07-30 02:00:00
2020-07-31,1,2020,0.5,6.9,5.63,2.0,6.88,0.0,895090.0,6.43,6.93,2020-07-31 02:00:00
2020-08-01,1,2020,0.4,6.9,5.71,0.0,14.27,0.0,856518.0,6.47,5.59,2020-08-01 02:00:00
2020-08-02,1,2020,0.6,6.8,5.79,0.7,7.4,0.0,871938.0,6.23,8.63,2020-08-02 02:00:00
2020-08-03,1,2020,3.8,6.9,5.33,0.5,21.42,0.0,866072.0,3.14,54.6,2020-08-03 02:00:00
2020-08-04,1,2020,0.0,7.1,5.76,0.1,6.85,0.0,892558.0,7.09,0.0,2020-08-04 02:00:00
2020-08-05,1,2020,0.6,6.6,5.96,0.6,13.66,0.0,889534.0,5.94,9.46,2020-08-05 02:00:00
2020-08-06,1,2020,0.0,7.0,5.41,0.0,11.77,0.0,875422.0,7.04,0.0,2020-08-06 02:00:00
2020-08-07,1,2020,0.0,6.7,5.21,0.6,10.68,0.0,885727.0,6.68,0.0,2020-08-07 02:00:00
2020-08-08,1,2020,6.0,7.1,6.1,0.0,24.45,0.0,871007.0,1.12,84.28,2020-08-08 02:00:00
2020-08-09,1,2020,1.6,7.6,5.93,0.0,11.44,0.0,869201.0,6.03,20.98,2020-08-09 02:00:00
2020-08-10,1,2020,1.8,7.0,5.89,1.0,17.25,0.0,888291.0,5.23,25.34,2020-08-10 02:00:00
2020-08-11,1,2020,2.0,7.3,6.71,0.0,13.0,0.0,886044.0,5.24,27.86,2020-08-11 02:00:00
2020-08-12,1,2020,0.0,7.0,5.1,0.0,10.63,0.0,856362.0,7.02,0.0,2020-08-12 02:00:00
2020-08-13,1,2020,0.0,6.9,5.82,0.4,4.86,0.0,877454.0,6.91,0.0,2020-08-13 02:00:00
2020-08-14,1,2020,2.9,6.9,5.9,0.0,20.89,0.0,849105.0,4.06,41.42,2020-08-14 02:00:00
2020-08-15,1,2020,0.0,6.9,6.21,1.4,12.93,0.0,844952.0,6.87,0.0,2020-08-15 02:00:00
2020-08-16,1,2020,2.2,7.3,5.27,0.6,18.79,0.0,878278.0,5.1,30.5,2020-08-16 02:00:00
2020-08-17,1,2020,0.5,7.6,5.78,0.7,12.44,0.0,862521.0,7.07,6.39,2020-08-17 02:00:00
2020-08-18,1,2020,1.0,7.6,5.98,0.5,14.45,0.0,863390.0,6.6,12.78,2020-08-18 02:00:00
2020-08-19,1,2020,0.0,7.1,5.86,0.0,8.76,0.0,864170.0,7.09,0.0,2020-08-19 02:00:00
2020-08-20,1,2020,0.7,7.1,6.49,1.5,7.79,0.0,856721.0,6.36,10.55,2020-08-20 02:00:00
2020-08-21,1,2020,1.4,7.0,6.23,0.2,18.5,0.0,867725.0,5.62,19.86,2020-08-21 02:00:00
2020-08-22,1,2020,2.2,6.9,5.68,0.4,17.2,0.0,920804.0,-0.15,172.23,2020-08-22 02:00:00
2020-08-23,1,2020,1.1,7.1,5.79,0.0,14.75,0.0,904449.0,5.95,16.0,2020-08-23 02:00:00
2020-08-24,1,2020,3.1,7.1,6.09,0.0,14.45,0.0,925710.0,3.96,44.21,2020-08-24 02:00:00
2020-08-25,1,2020,1.1,6.8,4.84,0.7,6.78,0.0,969761.0,5.71,16.15,2020-08-25 02:00:00
2020-08-26,1,2020,0.0,7.3,5.87,0.0,10.07,0.0,906092.0,7.26,0.0,2020-08-26 02:00:00
2020-08-27,1,2020,0.6,7.7,5.52,0.0,13.9,0.0,924165.0,7.05,8.34,2020-08-27 02:00:00
2020-08-28,1,2020,3.1,6.7,6.14,0.0,19.25,0.0,913135.0,3.66,45.65,2020-08-28 02:00:00
2020-08-29,1,2020,0.0,7.5,4.92,0.0,11.82,0.0,929224.0,7.52,0.0,2020-08-29 02:00:00
2020-08-30,1,2020,1.2,7.6,5.47,0.0,13.19,0.0,885553.0,6.46,15.48,2020-08-30 02:00:00
2020-08-31,1,2020,0.0,6.8,5.65,0.3,9.19,0.0,895645.0,6.83,0.0,2020-08-31 02:00:00
2020-09-01,1,2020,3.8,6.9,6.25,0.4,17.57,0.0,916415.0,3.1,55.18,2020-09-01 02:00:00
2020-09-02,1,2020,0.0,7.1,6.07,0.0,12.51,0.0,905280.0,7.09,0.0,2020-09-02 02:00:00
2020-09-03,1,2020,3.5,7.0,5.86,0.2,15.99,0.0,941686.0,3.46,50.25,2020-09-03 02:00:00
2020-09-04,1,2020,0.3,7.0,5.55,0.0,14.78,0.0,904188.0,6.7,4.41,2020-09-04 02:00:00
2020-09-05,1,2020,0.0,6.9,6.36,0.0,11.29,0.0,918875.0,6.95,0.0,2020-09-05 02:00:00
2020-09-06,1,2020,3.2,7.3,6.18,0.0,15.85,0.0,927327.0,4.12,43.77,2020-09-06 02:00:00
2020-09-07,1,2020,0.8,6.9,6.33,1.2,6.6,0.0,893555.0,6.13,10.95,2020-09-07 02:00:00
2020-09-08,1,2020,0.1,6.7,5.77,0.0,12.11,0.0,908266.0,6.53,2.13,2020-09-08 02:00:00
2020-09-09,1,2020,0.1,6.7,5.92,0.0,5.84,0.0,903209.0,6.63,1.17,2020-09-09 02:00:00
2020-09-10,1,2020,1.2,7.2,6.02,0.0,10.57,0.0,906391.0,5.99,16.32,2020-09-10 02:00:00
2020-09-11,1,2020,1.6,7.5,5.11,0.6,11.9,0.0,926380.0,5.89,21.84,2020-09-11 02:00:00
2020-09-12,1,2020,0.0,8.1,6.31,0.0,9.31,0.0,896567.0,8.07,0.0,2020-09-12 02:00:00
2020-09-13,1,2020,2.2,6.9,5.78,0.0,8.16,0.0,922515.0,4.7,31.9,2020-09-13 02:00:00
2020-09-14,1,2020,1.1,7.5,5.75,0.0,10.5,0.0,931180.0,6.47,14.12,2020-09-14 02:00:00
2020-09-15,1,2020,0.0,7.1,5.77,0.5,8.8,0.0,892670.0,7.05,0.0,2020-09-15 02:00:00
2020-09-16,1,2020,2.2,7.4,5.47,0.1,24.95,0.0,903517.0,5.24,29.28,2020-09-16 02:00:00
2020-09-17,1,2020,0.0,6.9,5.66,0.0,2.43,0.0,969916.0,3.2,107.38,2020-09-17 02:00:00
2020-09-18,1,2020,0.5,7.2,6.23,0.8,15.12,0.0,956939.0,6.75,6.77,2020-09-18 02:00:00
2020-09-19,1,2020,0.8,7.2,5.16,0.4,19.23,0.0,989094.0,6.44,11.13,2020-09-19 02:00:00
2020-09-20,1,2020,0.3,7.3,5.9,0.0,10.49,0.0,955031.0,7.01,4.43,2020-09-20 02:00:00
2020-09-21,1,2020,0.0,7.5,6.2,0.0,6.69,0.0,961178.0,7.49,0.0,2020-09-21 02:00:00
2020-09-22,1,2020,0.4,7.6,6.37,0.7,14.13,0.0,1011301.0,3.96,90.73,2020-09-22 02:00:00
2020-09-23,1,2020,0.2,7.1,5.5,1.4,10.47,0.0,1024409.0,6.93,2.44,2020-09-23 02:00:00
2020-09-24,1,2020,0.0,7.2,6.66,0.3,10.7,0.0,1012011.0,7.25,0.0,2020-09-24 02:00:00
2020-09-25,1,2020,0.0,7.7,5.67,1.6,8.03,0.0,970305.0,7.71,0.0,2020-09-25 02:00:00
2020-09-26,1,2020,0.0,7.7,5.46,1.1,7.94,0.0,1024510.0,7.7,0.0,2020-09-26 02:00:00
2020-09-27,1,2020,0.7,7.6,5.48,0.6,20.02,0.0,985150.0,6.98,8.63,2020-09-27 02:00:00
2020-09-28,1,2020,1.1,7.4,6.32,0.0,6.76,0.0,955749.0,6.33,14.63,2020-09-28 02:00:00
2020-09-29,1,2020,0.0,7.4,6.32,0.4,5.54,0.0,990810.0,7.4,0.0,2020-09-29 02:00:00
2020-09-30,1,2020,0.0,7.1,6.4,0.0,6.43,0.0,994458.0,7.08,0.0,2020-09-30 02:00:00
2020-10-01,1,2020,0.0,7.6,5.76,0.0,10.37,0.0,982076.0,7.58,0.0,2020-10-01 02:00:00
2020-10-02,1,2020,7.8,6.8,5.87,1.5,29.14,0.0,995380.0,-0.95,113.93,2020-10-02 02:00:00
2020-10-03,1,2020,2.8,8.0,6.92,0.1,18.1,0.0,986255.0,5.14,35.55,2020-10-03 02:00:00
2020-10-04,1,2020,0.2,7.3,5.99,0.0,11.6,0.0,982387.0,7.08,3.11,2020-10-04 02:00:00
2020-10-05,1,2020,0.0,7.5,6.39,1.4,12.72,0.0,989468.0,7.5,0.0,2020-10-05 02:00:00
2020-10-06,1,2020,1.5,7.5,6.07,0.1,11.2,0.0,982433.0,5.99,20.32,2020-10-06 02:00:00
2020-10-07,1,2020,0.0,7.1,5.16,0.0,12.44,0.0,945509.0,7.12,0.0,2020-10-07 02:00:00
2020-10-08,1,2020,0.0,7.6,6.59,0.3,11.33,0.0,991513.0,7.58,0.18,2020-10-08 02:00:00
2020-10-09,1,2020,1.8,7.4,5.89,0.2,13.28,0.0,973827.0,5.6,24.43,2020-10-09 02:00:00
2020-10-10,1,2020,1.6,7.2,6.74,0.0,10.71,0.0,991010.0,5.63,22.3,2020-10-10 02:00:00
2020-10-11,1,2020,1.7,8.2,5.26,1.3,14.68,0.0,1000760.0,6.49,20.84,2020-10-11 02:00:00
2020-10-12,1,2020,0.0,7.2,6.39,0.7,8.26,0.0,975757.0,7.21,0.0,2020-10-12 02:00:00
2020-10-13,1,2020,4.5,7.0,5.35,0.7,25.2,0.0,951178.0,2.43,65.13,2020-10-13 02:00:00
2020-10-14,1,2020,1.6,7.5,6.4,1.7,15.7,0.0,1010490.0,5.94,20.9,2020-10-14 02:00:00
2020-10-15,1,2020,3.6,7.3,5.84,1.3,22.54,0.0,969174.0,3.67,49.6,2020-10-15 02:00:00
2020-10-16,1,2020,0.7,7.7,5.73,0.3,9.22,0.0,1004870.0,6.94,9.37,2020-10-16 02:00:00
2020-10-17,1,2020,1.0,6.9,5.86,0.0,16.17,0.0,983008.0,5.87,14.58,2020-10-17 02:00:00
2020-10-18,1,2020,4.6,7.3,6.38,0.1,22.45,0.0,976700.0,2.74,62.57,2020-10-18 02:00:00
2020-10-19,1,2020,0.6,7.4,5.8,0.0,9.61,0.0,998546.0,6.76,8.39,2020-10-19 02:00:00
2020-10-20,1,2020,0.0,7.2,5.77,0.8,6.78,0.0,997620.0,7.23,0.0,2020-10-20 02:00:00
2020-10-21,1,2020,0.0,7.6,5.7,0.0,3.94,0.0,1006129.0,7.6,0.0,2020-10-21 02:00:00
2020-10-22,1,2020,4.0,7.8,5.99,1.2,24.36,0.0,967318.0,3.79,51.65,2020-10-22 02:00:00
2020-10-23,1,2020,2.5,7.0,5.6,0.5,13.94,0.0,1014313.0,1.09,133.64,2020-10-23 02:00:00
2020-10-24,1,2020,0.3,7.2,6.13,0.0,16.11,0.0,1024911.0,6.85,4.65,2020-10-24 02:00:00
2020-10-25,1,2020,5.6,7.5,6.52,1.5,21.64,0.0,1021573.0,1.9,74.69,2020-10-25 02:00:00
2020-10-26,1,2020,0.0,7.3,5.82,0.0,9.83,0.0,1036843.0,7.35,0.0,2020-10-26 02:00:00
2020-10-27,1,2020,0.0,7.8,5.46,1.4,8.2,0.0,1015048.0,7.79,0.0,2020-10-27 02:00:00
2020-10-28,1,2020,1.1,7.8,5.5,0.1,13.41,0.0,1050874.0,3.65,92.64,2020-10-28 02:00:00
2020-10-29,1,2020,3.4,7.7,6.27,0.0,19.67,0.0,1029956.0,4.33,43.91,2020-10-29 02:00:00
2020-10-30,1,2020,8.1,7.9,6.8,2.5,30.76,0.0,1081428.0,-0.21,102.7,2020-10-30 02:00:00
2020-10-31,1,2020,0.4,7.5,5.9,1.0,12.92,0.0,1059043.0,7.16,4.97,2020-10-31 02:00:00
2020-11-01,1,2020,2.0,7.7,5.99,0.4,16.27,0.0,1026091.0,5.73,25.74,2020-11-01 02:00:00
2020-11-02,1,2020,0.0,7.5,5.46,0.1,13.29,0.0,1058864.0,7.51,0.0,2020-11-02 02:00:00
2020-11-03,1,2020,0.0,8.2,5.88,0.0,17.74,0.0,1030634.0,8.23,0.0,2020-11-03 02:00:00
2020-11-04,1,2020,1.2,7.9,5.54,0.3,10.1,0.0,1010224.0,6.76,14.89,2020-11-04 02:00:00
2020-11-05,1,2020,5.5,7.7,5.51,1.7,29.31,0.0,1050486.0,2.16,71.95,2020-11-05 02:00:00
2020-11-06,1,2020,2.4,7.6,6.0,0.2,17.68,0.0,1064458.0,5.17,31.9,2020-11-06 02:00:00
2020-11-07,1,2020,0.3,7.4,6.03,0.0,11.14,0.0,1038127.0,7.11,3.92,2020-11-07 02:00:00
2020-11-08,1,2020,0.0,8.0,5.96,0.0,10.54,0.0,1030517.0,8.03,0.0,2020-11-08 02:00:00
2020-11-09,1,2020,0.0,7.5,6.45,0.0,9.88,0.0,1051652.0,7.46,0.0,2020-11-09 02:00:00
2020-11-10,1,2020,2.3,7.5,6.12,0.0,17.16,0.0,1060550.0,5.19,30.78,2020-11-10 02:00:00
2020-11-11,1,2020,0.0,7.3,6.06,0.0,9.61,0.0,1046904.0,7.33,0.0,2020-11-11 02:00:00
2020-11-12,1,2020,9.4,7.7,6.19,0.4,35.12,0.0,1055041.0,-1.67,121.72,2020-11-12 02:00:00
2020-11-13,1,2020,2.4,7.9,6.31,1.4,17.57,0.0,1086316.0,5.56,29.83,2020-11-13 02:00:00
2020-11-14,1,2020,0.0,6.6,6.41,0.0,9.4,0.0,1092208.0,6.64,0.0,2020-11-14 02:00:00
2020-11-15,1,2020,0.9,6.8,5.83,2.7,10.21,0.0,1046705.0,5.95,12.91,2020-11-15 02:00:00
2020-11-16,1,2020,1.8,7.5,6.28,0.0,14.09,0.0,1068555.0,5.66,24.41,2020-11-16 02:00:00
2020-11-17,1,2020,0.5,7.6,5.69,0.5,10.39,0.0,1070927.0,3.24,108.96,2020-11-17 02:00:00
2020-11-18,1,2020,0.0,7.4,5.73,0.0,8.22,0.0,1120358.0,7.44,0.0,2020-11-18 02:00:00
2020-11-19,1,2020,2.0,6.6,5.62,0.0,20.92,0.0,1119939.0,4.61,30.16,2020-11-19 02:00:00
2020-11-20,1,2020,5.5,7.2,6.68,0.5,18.78,0.0,1117029.0,1.66,76.84,2020-11-20 02:00:00
2020-11-21,1,2020,0.0,8.0,5.86,0.2,7.52,0.0,1054953.0,8.0,0.39,2020-11-21 02:00:00
2020-11-22,1,2020,3.3,7.1,5.87,0.1,18.23,0.0,1109971.0,3.78,46.71,2020-11-22 02:00:00
2020-11-23,1,2020,0.0,7.5,6.19,0.7,14.77,0.0,1103834.0,7.51,0.0,2020-11-23 02:00:00
2020-11-24,1,2020,0.1,7.5,6.34,0.4,13.99,0.0,1071576.0,7.4,1.37,2020-11-24 02:00:00
2020-11-25,1,2020,2.0,8.1,5.34,0.3,17.82,0.0,1086297.0,6.12,24.28,2020-11-25 02:00:00
2020-11-26,1,2020,1.1,7.6,5.83,1.4,13.39,0.0,1115519.0,6.44,14.82,2020-11-26 02:00:00
2020-11-27,1,2020,0.6,8.1,5.98,0.0,9.29,0.0,1091715.0,7.46,7.78,2020-11-27 02:00:00
2020-11-28,1,2020,0.0,7.1,5.61,0.5,12.79,0.0,1076556.0,7.08,0.0,2020-11-28 02:00:00
2020-11-29,1,2020,0.0,7.4,6.31,0.0,11.0,0.0,1106230.0,7.42,0.0,2020-11-29 02:00:00
2020-11-30,1,2020,0.7,7.8,5.82,0.0,14.79,0.0,1060001.0,7.1,9.53,2020-11-30 02:00:00
2020-12-01,1,2020,0.4,7.6,6.47,0.1,10.52,0.0,1123869.0,7.26,4.89,2020-12-01 02:00:00
2020-12-02,1,2020,3.0,7.4,6.29,1.4,19.83,0.0,1099728.0,4.37,41.08,2020-12-02 02:00:00
2020-12-03,1,2020,0.0,8.0,6.55,0.0,9.8,0.0,1091888.0,7.97,0.0,2020-12-03 02:00:00
2020-12-04,1,2020,7.8,7.8,6.66,1.5,31.96,0.0,1071690.0,-0.03,100.43,2020-12-04 02:00:00
2020-12-05,1,2020,5.7,7.7,5.43,0.0,27.87,0.0,1120721.0,0.62,109.47,2020-12-05 02:00:00
2020-12-06,1,2020,2.6,7.4,6.02,1.4,18.71,0.0,1104232.0,4.75,35.75,2020-12-06 02:00:00
2020-12-07,1,2020,8.2,8.2,6.82,2.9,30.35,0.0,1093900.0,0.02,99.75,2020-12-07 02:00:00
2020-12-08,1,2020,0.0,7.9,6.23,1.6,5.95,0.0,1116764.0,7.89,0.0,2020-12-08 02:00:00
2020-12-09,1,2020,0.0,7.6,5.82,0.0,1.71,0.0,1109396.0,7.61,0.0,2020-12-09 02:00:00
2020-12-10,1,2020,0.0,7.2,6.5,0.0,5.62,0.0,1049464.0,7.15,0.0,2020-12-10 02:00:00
2020-12-11,1,2020,0.0,7.8,6.48,0.2,8.9,0.0,1151391.0,7.76,0.0,2020-12-11 02:00:00
2020-12-12,1,2020,1.4,7.7,6.21,0.0,16.57,0.0,1113502.0,6.34,17.98,2020-12-12 02:00:00
2020-12-13,1,2020,0.0,7.5,5.4,0.0,11.72,0.0,1120590.0,7.47,0.0,2020-12-13 02:00:00
2020-12-14,1,2020,0.0,8.1,6.09,0.0,2.12,0.0,1183757.0,4.23,96.07,2020-12-14 02:00:00
2020-12-15,1,2020,0.0,7.6,6.47,0.0,9.86,0.0,1157372.0,7.58,0.0,2020-12-15 02:00:00
2020-12-16,1,2020,3.0,7.8,5.77,0.6,14.93,0.0,1175137.0,4.74,38.94,2020-12-16 02:00:00
2020-12-17,1,2020,0.4,7.6,6.58,0.8,12.46,0.0,1186942.0,7.13,5.68,2020-12-17 02:00:00
2020-12-18,1,2020,0.0,7.6,6.49,0.0,8.91,0.0,1154087.0,7.64,0.0,2020-12-18 02:00:00
2020-12-19,1,2020,0.0,7.7,5.42,0.9,12.48,0.0,1148648.0,7.73,0.0,2020-12-19 02:00:00
2020-12-20,1,2020,2.9,7.4,6.15,0.4,15.07,0.0,1136660.0,4.48,39.23,2020-12-20 02:00:00
2020-12-21,1,2020,0.0,7.9,6.47,0.2,11.63,0.0,1174673.0,7.9,0.33,2020-12-21 02:00:00
2020-12-22,1,2020,0.0,7.6,6.67,0.0,5.03,0.0,1156564.0,7.65,0.0,2020-12-22 02:00:00
2020-12-23,1,2020,4.7,7.3,5.9,0.0,25.7,0.0,1158717.0,2.69,63.41,2020-12-23 02:00:00
2020-12-24,1,2020,0.0,7.4,6.98,0.0,10.6,0.0,1118306.0,7.39,0.0,2020-12-24 02:00:00
2020-12-25,1,2020,3.0,7.5,5.78,1.1,14.94,0.0,1154809.0,4.59,39.16,2020-12-25 02:00:00
2020-12-26,1,2020,0.1,7.7,5.85,0.8,10.75,0.0,1151035.0,7.54,1.88,2020-12-26 02:00:00
2020-12-27,1,2020,4.6,7.5,6.49,0.0,26.77,0.0,1184254.0,1.11,108.46,2020-12-27 02:00:00
2020-12-28,1,2020,0.4,7.9,6.23,0.1,13.94,0.0,1131745.0,7.45,5.39,2020-12-28 02:00:00
2020-12-29,1,2020,0.6,7.9,5.78,0.0,11.21,0.0,1206434.0,7.27,7.58,2020-12-29 02:00:00
2020-12-30,1,2020,3.9,7.4,5.99,1.0,22.63,0.0,1184769.0,3.51,52.67,2020-12-30 02:00:00
2020-12-31,1,2020,0.0,7.6,6.03,0.0,8.92,0.0,1139107.0,7.64,0.0,2020-12-31 02:00:00
2021-01-01,1,2021,0.6,6.0,5.41,0.2,14.42,5014974.0,60070.0,5.42,10.22,2021-01-01 02:00:00
2021-01-02,1,2021,3.3,6.4,4.88,0.0,17.61,4809009.0,113183.0,-0.53,165.33,2021-01-02 02:00:00
2021-01-03,1,2021,0.5,6.4,5.48,0.0,13.0,4849143.0,130965.0,5.86,7.86,2021-01-03 02:00:00
2021-01-04,1,2021,1.4,6.1,5.67,0.0,11.29,4831645.0,163875.0,2.6,93.35,2021-01-04 02:00:00
2021-01-05,1,2021,0.3,5.7,4.84,0.0,9.86,4772673.0,123989.0,5.43,5.4,2021-01-05 02:00:00
2021-01-06,1,2021,0.5,6.1,5.43,1.2,14.89,4724299.0,184176.0,5.6,8.63,2021-01-06 02:00:00
2021-01-07,1,2021,1.2,6.2,4.66,0.0,7.59,4736964.0,191651.0,0.74,156.89,2021-01-07 02:00:00
2021-01-08,1,2021,1.3,6.4,5.24,0.1,13.03,4581453.0,209518.0,5.1,20.68,2021-01-08 02:00:00
2021-01-09,1,2021,0.2,6.6,5.62,0.0,12.63,4570492.0,175234.0,6.37,2.96,2021-01-09 02:00:00
2021-01-10,1,2021,5.6,6.0,5.32,1.6,28.93,4526708.0,193814.0,0.33,94.54,2021-01-10 02:00:00
2021-01-11,1,2021,0.1,6.2,4.28,0.0,9.5,4419664.0,170889.0,6.07,2.19,2021-01-11 02:00:00
2021-01-12,1,2021,2.1,5.8,5.62,1.0,14.18,4468277.0,217956.0,3.69,36.62,2021-01-12 02:00:00
2021-01-13,1,2021,0.0,6.1,5.35,0.6,12.29,4415898.0,199037.0,6.1,0.06,2021-01-13 02:00:00
2021-01-14,1,2021,0.4,6.2,4.32,0.0,11.71,4192519.0,196876.0,5.72,7.1,2021-01-14 02:00:00
2021-01-15,1,2021,0.7,6.4,5.05,1.0,7.46,4263495.0,239376.0,5.76,10.59,2021-01-15 02:00:00
2021-01-16,1,2021,6.0,6.0,5.14,2.7,21.01,4272310.0,192278.0,0.05,99.25,2021-01-16 02:00:00
2021-01-17,1,2021,0.2,6.1,5.75,0.4,6.11,4192231.0,206406.0,5.9,3.5,2021-01-17 02:00:00
2021-01-18,1,2021,10.0,5.9,5.22,3.6,34.21,4310312.0,215389.0,-4.04,168.33,2021-01-18 02:00:00
2021-01-19,1,2021,2.0,6.0,5.74,0.0,9.57,4224937.0,217137.0,0.32,155.24,2021-01-19 02:00:00
2021-01-20,1,2021,0.1,6.5,5.46,0.0,16.26,4127131.0,221979.0,6.37,1.89,2021-01-20 02:00:00
2021-01-21,1,2021,0.0,6.0,5.02,0.0,7.64,4018296.0,209869.0,6.0,0.0,2021-01-21 02:00:00
2021-01-22,1,2021,0.1,6.6,4.48,0.4,7.03,3969818.0,229687.0,6.54,1.18,2021-01-22 02:00:00
2021-01-23,1,2021,1.7,6.3,5.26,0.3,18.96,3931596.0,260568.0,1.3,131.99,2021-01-23 02:00:00
2021-01-24,1,2021,5.2,6.1,4.67,0.5,19.85,3917635.0,277177.0,0.91,85.07,2021-01-24 02:00:00
2021-01-25,1,2021,0.8,5.9,4.66,0.0,10.08,3869890.0,274894.0,5.11,13.86,2021-01-25 02:00:00
2021-01-26,1,2021,1.6,6.5,4.91,0.0,11.4,3825713.0,281867.0,2.62,93.49,2021-01-26 02:00:00
2021-01-27,1,2021,0.2,6.0,5.42,0.1,13.02,3745357.0,299411.0,5.79,3.96,2021-01-27 02:00:00
2021-01-28,1,2021,1.3,6.5,5.47,0.4,10.93,3671382.0,295724.0,5.19,20.43,2021-01-28 02:00:00
2021-01-29,1,2021,0.2,5.6,5.98,1.6,12.85,3667222.0,263472.0,5.39,3.44,2021-01-29 02:00:00
2021-01-30,1,2021,0.3,6.3,4.9,1.7,10.94,3657034.0,310477.0,6.0,4.42,2021-01-30 02:00:00
2021-01-31,1,2021,0.7,6.1,4.79,1.3,8.75,3585428.0,237441.0,5.42,11.37,2021-01-31 02:00:00
2021-02-01,1,2021,1.9,6.5,5.25,0.0,13.37,3420261.0,284811.0,4.62,29.22,2021-02-01 02:00:00
2021-02-02,1,2021,1.9,6.7,5.31,2.7,16.45,3578905.0,284420.0,4.81,27.81,2021-02-02 02:00:00
2021-02-03,1,2021,0.4,6.1,4.74,0.0,13.51,3457888.0,295047.0,5.78,5.87,2021-02-03 02:00:00
2021-02-04,1,2021,3.6,6.1,4.64,0.5,24.75,3314792.0,303801.0,2.52,58.91,2021-02-04 02:00:00
2021-02-05,1,2021,2.0,6.2,5.88,0.0,14.85,3356979.0,317438.0,4.18,32.48,2021-02-05 02:00:00
2021-02-06,1,2021,1.9,6.7,4.81,0.5,11.0,3290914.0,295631.0,4.76,28.39,2021-02-06 02:00:00
2021-02-07,1,2021,2.5,6.4,5.06,0.0,18.08,3337219.0,286644.0,3.84,39.8,2021-02-07 02:00:00
2021-02-08,1,2021,0.3,5.9,5.18,0.0,16.52,3269603.0,296506.0,5.58,5.72,2021-02-08 02:00:00
2021-02-09,1,2021,2.0,6.2,4.93,0.9,11.54,3203473.0,294625.0,4.2,32.12,2021-02-09 02:00:00
2021-02-10,1,2021,2.3,6.4,5.68,1.3,15.1,3215050.0,264127.0,4.05,36.4,2021-02-10 02:00:00
2021-02-11,1,2021,4.8,6.6,5.0,1.4,20.38,3093965.0,260459.0,1.78,73.04,2021-02-11 02:00:00
2021-02-12,1,2021,4.3,6.3,4.82,2.1,20.65,3093379.0,307469.0,-0.94,161.79,2021-02-12 02:00:00
2021-02-13,1,2021,0.1,5.9,5.21,0.6,14.16,3109675.0,329245.0,5.84,1.61,2021-02-13 02:00:00
2021-02-14,1,2021,0.0,6.3,5.49,0.0,14.19,3025055.0,305715.0,6.27,0.0,2021-02-14 02:00:00
2021-02-15,1,2021,0.0,6.6,5.44,0.8,10.86,2847120.0,323087.0,6.59,0.69,2021-02-15 02:00:00
2021-02-16,1,2021,2.6,6.2,5.16,1.7,13.9,2848554.0,328029.0,3.66,41.37,2021-02-16 02:00:00
2021-02-17,1,2021,0.1,6.1,4.47,0.2,12.39,2863323.0,352744.0,6.02,1.29,2021-02-17 02:00:00
2021-02-18,1,2021,0.5,6.2,5.29,0.2,15.51,2802676.0,347739.0,1.07,157.09,2021-02-18 02:00:00
2021-02-19,1,2021,2.9,6.8,4.26,0.1,20.37,2669629.0,357822.0,3.94,42.25,2021-02-19 02:00:00
2021-02-20,1,2021,0.1,6.1,4.88,0.0,10.1,2571676.0,380239.0,5.96,2.39,2021-02-20 02:00:00
2021-02-21,1,2021,3.7,6.1,4.96,0.0,22.72,2668671.0,378785.0,2.42,60.59,2021-02-21 02:00:00
2021-02-22,1,2021,6.5,6.3,6.24,2.4,28.98,2641247.0,380495.0,-0.23,103.58,2021-02-22 02:00:00
2021-02-23,1,2021,1.2,6.4,5.05,0.7,10.3,2492848.0,362625.0,5.19,19.2,2021-02-23 02:00:00
2021-02-24,1,2021,1.7,6.3,5.53,0.0,19.72,2489241.0,403039.0,1.34,130.57,2021-02-24 02:00:00
2021-02-25,1,2021,10.3,6.2,5.02,2.1,39.15,2639690.0,426190.0,-4.09,165.54,2021-02-25 02:00:00
2021-02-26,1,2021,0.3,6.3,5.89,0.7,16.98,2563833.0,413524.0,6.08,3.97,2021-02-26 02:00:00
2021-02-27,1,2021,5.9,6.3,4.25,1.0,25.63,2475419.0,378001.0,0.37,94.15,2021-02-27 02:00:00
2021-02-28,1,2021,0.7,6.2,5.69,0.0,13.12,2440304.0,425774.0,5.55,10.84,2021-02-28 02:00:00
2021-03-01,1,2021,0.9,5.8,4.88,0.5,9.06,2426588.0,426141.0,4.92,14.98,2021-03-01 02:00:00
2021-03-02,1,2021,0.9,6.2,5.06,2.2,12.37,2274771.0,419203.0,5.36,14.05,2021-03-02 02:00:00
2021-03-03,1,2021,1.4,6.4,5.3,0.0,17.82,2354237.0,401018.0,5.01,21.97,2021-03-03 02:00:00
2021-03-04,1,2021,0.5,5.8,4.8,0.5,16.61,2265699.0,399482.0,5.32,9.0,2021-03-04 02:00:00
2021-03-05,1,2021,0.8,6.2,4.92,0.0,17.76,2171006.0,390855.0,2.66,100.97,2021-03-05 02:00:00
2021-03-06,1,2021,3.6,6.5,4.83,0.0,16.65,2156122.0,493696.0,-1.84,200.92,2021-03-06 02:00:00
2021-03-07,1,2021,3.0,5.9,5.05,0.3,14.58,2106795.0,471506.0,2.9,50.8,2021-03-07 02:00:00
2021-03-08,1,2021,0.2,6.7,5.18,0.0,12.68,2063512.0,498759.0,6.51,2.7,2021-03-08 02:00:00
2021-03-09,1,2021,0.5,6.5,5.63,0.0,8.55,1988265.0,487273.0,6.02,7.82,2021-03-09 02:00:00
2021-03-10,1,2021,0.9,6.3,5.1,1.3,12.6,1959261.0,488578.0,5.44,14.05,2021-03-10 02:00:00
2021-03-11,1,2021,0.0,6.7,5.24,0.0,15.02,1832355.0,489916.0,6.65,0.0,2021-03-11 02:00:00
2021-03-12,1,2021,1.8,7.1,5.12,0.6,15.5,1824598.0,509412.0,5.31,24.82,2021-03-12 02:00:00
2021-03-13,1,2021,1.3,6.6,5.34,1.8,13.52,1802292.0,472230.0,5.29,19.46,2021-03-13 02:00:00
2021-03-14,1,2021,2.3,6.5,5.38,0.0,12.65,1756923.0,475550.0,4.15,35.63,2021-03-14 02:00:00
2021-03-15,1,2021,0.2,6.3,5.14,0.0,8.94,1709850.0,489248.0,6.1,3.93,2021-03-15 02:00:00
2021-03-16,1,2021,0.8,6.3,5.51,0.3,12.19,1621736.0,496733.0,5.53,12.49,2021-03-16 02:00:00
2021-03-17,1,2021,0.6,7.1,4.66,0.3,11.63,1552699.0,453308.0,6.46,8.6,2021-03-17 02:00:00
2021-03-18,1,2021,4.8,6.2,5.33,2.1,17.71,1555575.0,536248.0,-1.83,181.0,2021-03-18 02:00:00
2021-03-19,1,2021,4.5,7.0,5.24,0.7,14.48,1565750.0,533774.0,2.52,64.23,2021-03-19 02:00:00
2021-03-20,1,2021,2.6,6.8,5.46,0.4,16.55,1539324.0,500568.0,4.2,37.86,2021-03-20 02:00:00
2021-03-21,1,2021,0.0,6.0,5.05,0.0,16.54,1454335.0,476744.0,6.0,0.0,2021-03-21 02:00:00
2021-03-22,1,2021,0.8,6.6,5.78,0.4,16.39,1382225.0,528449.0,5.87,11.7,2021-03-22 02:00:00
2021-03-23,1,2021,0.0,6.6,5.45,0.8,9.94,1328571.0,492034.0,6.54,0.57,2021-03-23 02:00:00
2021-03-24,1,2021,1.2,6.6,5.05,0.2,17.74,1294427.0,515776.0,5.42,18.2,2021-03-24 02:00:00
2021-03-25,1,2021,0.1,6.3,4.88,2.1,6.88,1253908.0,538175.0,6.23,1.89,2021-03-25 02:00:00
2021-03-26,1,2021,0.2,6.0,5.14,0.0,14.61,1181970.0,509099.0,5.9,2.53,2021-03-26 02:00:00
2021-03-27,1,2021,2.8,6.0,5.99,2.0,17.8,1153717.0,478041.0,3.23,46.58,2021-03-27 02:00:00
2021-03-28,1,2021,0.0,6.4,4.55,1.1,11.29,1027068.0,496602.0,6.39,0.0,2021-03-28 02:00:00
2021-03-29,1,2021,3.4,6.7,5.57,0.0,15.72,967562.0,518220.0,3.27,51.32,2021-03-29 02:00:00
2021-03-30,1,2021,2.2,6.7,5.43,0.0,19.54,929097.0,558444.0,4.47,33.38,2021-03-30 02:00:00
2021-03-31,1,2021,0.4,6.0,4.96,0.4,11.44,953888.0,517729.0,5.54,6.98,2021-03-31 02:00:00
2021-04-01,1,2021,0.2,6.1,4.64,0.0,7.62,814106.0,522319.0,2.81,105.35,2021-04-01 02:00:00
2021-04-02,1,2021,2.9,6.1,5.12,0.6,17.25,703116.0,510763.0,3.13,48.41,2021-04-02 02:00:00
2021-04-03,1,2021,0.4,6.4,5.51,0.0,8.04,643390.0,562313.0,5.97,6.41,2021-04-03 02:00:00
2021-04-04,1,2021,5.1,6.3,5.11,0.9,23.9,695816.0,504780.0,1.17,81.32,2021-04-04 02:00:00
2021-04-05,1,2021,0.9,6.2,4.53,0.0,13.53,646388.0,524623.0,3.52,70.3,2021-04-05 02:00:00
2021-04-06,1,2021,0.1,6.2,5.09,0.0,11.08,612008.0,568808.0,6.06,1.79,2021-04-06 02:00:00
2021-04-07,1,2021,6.8,6.3,5.17,1.4,27.09,621750.0,568618.0,-2.58,173.59,2021-04-07 02:00:00
2021-04-08,1,2021,0.3,6.2,5.34,0.0,9.98,606262.0,544415.0,5.92,4.79,2021-04-08 02:00:00
2021-04-09,1,2021,0.0,6.8,5.22,0.7,11.82,490774.0,572432.0,5.41,41.05,2021-04-09 02:00:00
2021-04-10,1,2021,2.2,6.1,5.37,0.0,19.12,398579.0,641314.0,1.56,112.52,2021-04-10 02:00:00
2021-04-11,1,2021,1.8,6.4,4.74,1.0,11.31,452737.0,625927.0,4.58,28.6,2021-04-11 02:00:00
2021-04-12,1,2021,4.6,6.6,6.08,0.5,25.43,427111.0,631461.0,2.02,69.38,2021-04-12 02:00:00
2021-04-13,1,2021,0.3,6.1,5.92,0.0,8.63,276780.0,601368.0,5.79,4.69,2021-04-13 02:00:00
2021-04-14,1,2021,0.5,6.7,5.61,0.7,5.18,225111.0,595227.0,6.25,6.78,2021-04-14 02:00:00
2021-04-15,1,2021,1.4,6.4,4.99,0.0,16.57,113453.0,610796.0,4.97,22.01,2021-04-15 02:00:00
2021-04-16,1,2021,0.7,6.5,5.31,0.0,8.55,198418.0,645519.0,5.86,10.23,2021-04-16 02:00:00
2021-04-17,1,2021,4.8,5.9,5.17,0.5,23.24,274373.0,644304.0,1.09,81.6,2021-04-17 02:00:00
2021-04-18,1,2021,1.0,6.8,5.49,0.0,11.51,0.0,620970.0,5.88,13.92,2021-04-18 02:00:00
2021-04-19,1,2021,0.0,6.2,5.1,1.0,10.23,37428.0,614180.0,6.21,0.0,2021-04-19 02:00:00
2021-04-20,1,2021,1.5,6.0,5.78,0.3,12.55,0.0,632367.0,1.37,129.84,2021-04-20 02:00:00
2021-04-21,1,2021,4.9,7.1,5.45,1.5,22.4,0.0,622957.0,2.25,68.37,2021-04-21 02:00:00
2021-04-22,1,2021,0.0,6.2,4.84,0.0,12.48,0.0,642565.0,6.22,0.0,2021-04-22 02:00:00
2021-04-23,1,2021,4.3,6.9,4.91,1.2,24.43,0.0,643459.0,2.52,63.28,2021-04-23 02:00:00
2021-04-24,1,2021,2.9,6.3,5.09,1.3,21.07,0.0,651209.0,3.37,46.27,2021-04-24 02:00:00
2021-04-25,1,2021,0.8,6.6,5.34,0.3,10.61,0.0,636747.0,5.82,11.99,2021-04-25 02:00:00
2021-04-26,1,2021,0.3,6.8,5.31,0.0,10.8,0.0,632285.0,6.51,4.53,2021-04-26 02:00:00
2021-04-27,1,2021,4.7,6.2,5.64,0.1,17.91,0.0,620354.0,1.45,76.53,2021-04-27 02:00:00
2021-04-28,1,2021,0.0,6.4,5.11,0.0,15.6,0.0,626641.0,6.4,0.0,2021-04-28 02:00:00
2021-04-29,1,2021,0.2,6.9,4.95,0.0,5.77,0.0,645675.0,6.73,2.46,2021-04-29 02:00:00
2021-04-30,1,2021,2.0,6.7,5.99,0.0,11.68,0.0,649902.0,4.73,29.18,2021-04-30 02:00:00
2021-05-01,1,2021,0.8,6.5,5.48,0.8,10.96,0.0,621922.0,5.71,12.42,2021-05-01 02:00:00
2021-05-02,1,2021,0.7,6.8,5.81,0.1,11.29,0.0,638643.0,6.1,9.96,2021-05-02 02:00:00
2021-05-03,1,2021,11.3,6.4,5.79,3.6,44.02,0.0,626715.0,-4.83,174.98,2021-05-03 02:00:00
2021-05-04,1,2021,0.4,6.6,5.76,0.4,12.33,0.0,640166.0,6.2,5.84,2021-05-04 02:00:00
2021-05-05,1,2021,0.3,6.8,5.65,0.0,8.71,0.0,652741.0,6.57,4.02,2021-05-05 02:00:00
2021-05-06,1,2021,2.5,6.3,5.61,0.0,13.73,0.0,633250.0,3.8,39.57,2021-05-06 02:00:00
2021-05-07,1,2021,0.0,6.9,4.76,0.3,10.9,0.0,680298.0,6.85,0.47,2021-05-07 02:00:00
2021-05-08,1,2021,2.1,6.8,5.14,0.0,15.43,0.0,653485.0,4.72,30.35,2021-05-08 02:00:00
2021-05-09,1,2021,2.8,6.8,5.37,0.2,18.1,0.0,668893.0,4.02,41.32,2021-05-09 02:00:00
2021-05-10,1,2021,1.0,6.3,5.35,0.0,12.78,0.0,652140.0,5.27,16.12,2021-05-10 02:00:00
2021-05-11,1,2021,0.8,6.4,6.04,0.3,12.92,0.0,635614.0,5.67,11.89,2021-05-11 02:00:00
2021-05-12,1,2021,3.1,6.3,4.79,0.0,17.01,0.0,624626.0,3.14,49.94,2021-05-12 02:00:00
2021-05-13,1,2021,5.3,6.6,5.45,0.0,19.93,0.0,688207.0,1.29,80.37,2021-05-13 02:00:00
2021-05-14,1,2021,0.0,7.3,5.36,0.0,9.31,0.0,630326.0,7.26,0.0,2021-05-14 02:00:00
2021-05-15,1,2021,1.1,6.6,5.42,1.1,14.6,0.0,634046.0,5.53,16.25,2021-05-15 02:00:00
2021-05-16,1,2021,0.0,6.6,5.05,1.0,9.03,0.0,653919.0,6.59,0.49,2021-05-16 02:00:00
2021-05-17,1,2021,0.5,6.8,4.98,0.0,5.45,0.0,652104.0,6.26,7.43,2021-05-17 02:00:00
2021-05-18,1,2021,4.3,6.4,5.49,0.9,13.93,0.0,614933.0,2.09,67.29,2021-05-18 02:00:00
2021-05-19,1,2021,3.4,6.3,5.26,2.2,16.29,0.0,648696.0,2.98,52.99,2021-05-19 02:00:00
2021-05-20,1,2021,1.4,6.6,5.0,1.7,11.86,0.0,663299.0,5.18,21.58,2021-05-20 02:00:00
2021-05-21,1,2021,0.0,6.6,6.14,0.4,12.71,0.0,629170.0,6.57,0.0,2021-05-21 02:00:00
2021-05-22,1,2021,0.8,6.8,5.77,0.0,12.25,0.0,603853.0,6.0,11.47,2021-05-22 02:00:00
2021-05-23,1,2021,1.9,7.1,5.0,0.0,13.49,0.0,664888.0,5.24,26.46,2021-05-23 02:00:00
2021-05-24,1,2021,2.8,6.9,5.44,0.0,15.98,0.0,623942.0,4.03,41.22,2021-05-24 02:00:00
2021-05-25,1,2021,4.8,7.0,5.54,1.4,14.73,0.0,634524.0,2.17,68.88,2021-05-25 02:00:00
2021-05-26,1,2021,0.0,7.0,5.16,0.0,6.19,0.0,683177.0,7.03,0.0,2021-05-26 02:00:00
2021-05-27,1,2021,0.0,6.7,5.48,1.2,14.46,0.0,625911.0,6.7,0.0,2021-05-27 02:00:00
2021-05-28,1,2021,4.3,7.1,5.36,0.5,21.23,0.0,648031.0,2.8,60.42,2021-05-28 02:00:00
2021-05-29,1,2021,0.5,6.3,5.15,0.0,10.92,0.0,677514.0,1.18,153.95,2021-05-29 02:00:00
2021-05-30,1,2021,1.5,7.2,5.45,0.9,13.42,0.0,715166.0,5.71,21.02,2021-05-30 02:00:00
2021-05-31,1,2021,0.0,6.8,4.99,0.0,8.18,0.0,705864.0,4.11,78.15,2021-05-31 02:00:00
2021-06-01,1,2021,0.0,6.3,5.59,1.0,12.27,0.0,731241.0,2.94,106.63,2021-06-01 02:00:00
2021-06-02,1,2021,1.4,6.9,5.58,0.2,11.45,0.0,798921.0,5.54,19.73,2021-06-02 02:00:00
2021-06-03,1,2021,2.3,7.0,5.95,0.3,18.7,0.0,740736.0,4.79,32.03,2021-06-03 02:00:00
2021-06-04,1,2021,2.0,6.7,5.34,0.0,12.98,0.0,744967.0,4.68,29.63,2021-06-04 02:00:00
2021-06-05,1,2021,0.7,6.9,5.36,0.6,19.97,0.0,767052.0,6.17,10.54,2021-06-05 02:00:00
2021-06-06,1,2021,0.3,6.5,5.46,0.0,8.91,0.0,765238.0,6.28,4.09,2021-06-06 02:00:00
2021-06-07,1,2021,1.0,7.1,5.33,0.0,12.75,0.0,779088.0,6.05,14.63,2021-06-07 02:00:00
2021-06-08,1,2021,0.0,6.8,6.0,0.3,9.53,0.0,763319.0,6.8,0.0,2021-06-08 02:00:00
2021-06-09,1,2021,3.6,6.8,5.17,0.3,19.46,0.0,793262.0,-0.77,169.28,2021-06-09 02:00:00
2021-06-10,1,2021,0.0,6.8,4.6,1.8,9.97,0.0,796105.0,6.81,0.0,2021-06-10 02:00:00
2021-06-11,1,2021,1.1,7.6,5.54,0.0,9.92,0.0,770810.0,6.48,14.8,2021-06-11 02:00:00
2021-06-12,1,2021,1.7,7.0,6.08,1.4,16.62,0.0,775020.0,5.37,23.5,2021-06-12 02:00:00
2021-06-13,1,2021,2.3,6.6,5.68,0.5,15.24,0.0,794317.0,4.25,35.53,2021-06-13 02:00:00
2021-06-14,1,2021,1.0,6.5,6.06,1.6,12.7,0.0,779431.0,5.48,15.93,2021-06-14 02:00:00
2021-06-15,1,2021,0.1,7.4,5.37,0.0,8.67,0.0,795340.0,7.33,0.86,2021-06-15 02:00:00
2021-06-16,1,2021,0.6,6.6,5.82,0.9,4.12,0.0,762078.0,6.04,8.75,2021-06-16 02:00:00
2021-06-17,1,2021,0.6,7.3,5.4,0.4,13.42,0.0,832849.0,3.04,108.92,2021-06-17 02:00:00
2021-06-18,1,2021,0.0,7.2,5.45,0.0,11.55,0.0,826024.0,7.22,0.0,2021-06-18 02:00:00
2021-06-19,1,2021,1.7,6.8,5.65,0.0,9.9,0.0,865916.0,5.19,24.22,2021-06-19 02:00:00
2021-06-20,1,2021,0.6,6.7,5.76,0.0,8.59,0.0,837474.0,6.05,9.7,2021-06-20 02:00:00
2021-06-21,1,2021,0.0,6.9,5.1,0.0,7.95,0.0,817296.0,6.85,0.0,2021-06-21 02:00:00
2021-06-22,1,2021,3.1,6.7,5.8,1.2,18.99,0.0,828589.0,3.55,46.69,2021-06-22 02:00:00
2021-06-23,1,2021,3.7,6.6,5.53,0.0,19.05,0.0,851874.0,2.89,56.31,2021-06-23 02:00:00
2021-06-24,1,2021,1.4,7.1,5.27,1.5,5.99,0.0,842610.0,5.66,19.95,2021-06-24 02:00:00
2021-06-25,1,2021,0.7,7.0,6.03,0.0,10.52,0.0,798891.0,6.25,10.06,2021-06-25 02:00:00
2021-06-26,1,2021,1.6,7.3,6.21,0.0,12.91,0.0,842602.0,5.65,22.51,2021-06-26 02:00:00
2021-06-27,1,2021,0.1,6.5,5.7,0.0,12.29,0.0,849201.0,6.37,1.48,2021-06-27 02:00:00
2021-06-28,1,2021,0.3,7.1,5.44,0.2,15.18,0.0,876808.0,2.04,137.74,2021-06-28 02:00:00
2021-06-29,1,2021,0.8,7.1,6.75,0.1,11.99,0.0,892592.0,6.31,11.6,2021-06-29 02:00:00
2021-06-30,1,2021,2.5,7.2,6.06,0.9,14.53,0.0,912916.0,4.69,34.68,2021-06-30 02:00:00
2021-07-01,1,2021,1.0,7.1,6.19,0.5,17.68,0.0,890215.0,2.89,103.59,2021-07-01 02:00:00
2021-07-02,1,2021,0.3,6.5,5.2,0.5,14.2,0.0,851426.0,6.25,3.9,2021-07-02 02:00:00
2021-07-03,1,2021,0.6,6.9,4.87,1.5,7.66,0.0,950835.0,6.25,9.1,2021-07-03 02:00:00
2021-07-04,1,2021,0.0,7.1,6.25,1.0,8.66,0.0,941961.0,7.12,0.0,2021-07-04 02:00:00
2021-07-05,1,2021,0.9,6.9,5.25,1.8,13.02,0.0,917292.0,5.98,13.67,2021-07-05 02:00:00
2021-07-06,1,2021,0.0,7.2,5.39,0.0,9.88,0.0,899458.0,7.19,0.66,2021-07-06 02:00:00
2021-07-07,1,2021,0.6,6.3,5.79,0.0,12.57,0.0,893702.0,5.64,9.97,2021-07-07 02:00:00
2021-07-08,1,2021,0.0,6.8,6.02,0.2,9.32,0.0,914034.0,6.78,0.16,2021-07-08 02:00:00
2021-07-09,1,2021,3.3,6.5,6.37,0.6,16.78,0.0,966232.0,3.26,49.96,2021-07-09 02:00:00
2021-07-10,1,2021,0.6,6.4,5.35,0.9,13.5,0.0,911136.0,5.74,9.92,2021-07-10 02:00:00
2021-07-11,1,2021,3.6,6.8,4.94,1.6,24.32,0.0,900311.0,3.27,52.12,2021-07-11 02:00:00
2021-07-12,1,2021,6.3,7.1,4.93,0.7,22.26,0.0,861204.0,0.8,88.84,2021-07-12 02:00:00
2021-07-13,1,2021,0.2,7.0,5.08,0.1,17.08,0.0,929266.0,5.22,48.08,2021-07-13 02:00:00
2021-07-14,1,2021,2.3,7.4,5.15,0.3,21.38,0.0,910304.0,5.15,30.63,2021-07-14 02:00:00
2021-07-15,1,2021,0.0,7.2,5.44,1.0,13.49,0.0,904951.0,7.22,0.0,2021-07-15 02:00:00
2021-07-16,1,2021,7.2,7.0,4.95,0.4,27.38,0.0,918728.0,-0.19,102.67,2021-07-16 02:00:00
2021-07-17,1,2021,2.1,7.0,6.03,1.5,12.85,0.0,934677.0,4.9,29.65,2021-07-17 02:00:00
2021-07-18,1,2021,1.6,6.4,5.24,0.2,16.54,0.0,944121.0,4.76,25.68,2021-07-18 02:00:00
2021-07-19,1,2021,0.0,7.0,5.66,0.0,13.87,0.0,903560.0,6.96,0.28,2021-07-19 02:00:00
2021-07-20,1,2021,0.0,7.0,5.44,1.4,11.18,0.0,891852.0,7.0,0.0,2021-07-20 02:00:00
2021-07-21,1,2021,1.0,6.9,4.7,2.0,8.06,0.0,939640.0,4.33,60.14,2021-07-21 02:00:00
2021-07-22,1,2021,0.2,7.2,4.88,0.0,14.69,0.0,957374.0,2.55,126.91,2021-07-22 02:00:00
2021-07-23,1,2021,1.2,7.1,6.32,0.0,10.09,0.0,992894.0,5.97,16.22,2021-07-23 02:00:00
2021-07-24,1,2021,6.0,6.5,5.66,0.0,26.43,0.0,1004753.0,0.46,92.92,2021-07-24 02:00:00
2021-07-25,1,2021,1.2,7.0,5.83,0.6,14.43,0.0,981722.0,5.87,16.52,2021-07-25 02:00:00
2021-07-26,1,2021,0.0,6.7,5.48,0.0,6.09,0.0,939183.0,6.68,0.0,2021-07-26 02:00:00
2021-07-27,1,2021,2.2,7.7,5.7,1.0,12.93,0.0,983836.0,5.47,28.61,2021-07-27 02:00:00
2021-07-28,1,2021,0.0,7.1,5.7,0.0,9.07,0.0,992484.0,5.51,45.35,2021-07-28 02:00:00
2021-07-29,1,2021,5.2,6.8,5.66,1.9,23.25,0.0,1038465.0,-0.1,126.71,2021-07-29 02:00:00
2021-07-30,1,2021,0.0,6.7,5.64,0.6,9.98,0.0,1041320.0,6.67,0.0,2021-07-30 02:00:00
2021-07-31,1,2021,0.0,7.6,6.18,0.0,9.28,0.0,954653.0,7.58,0.0,2021-07-31 02:00:00
2021-08-01,1,2021,0.1,6.8,5.65,0.8,11.19,0.0,999785.0,6.7,1.48,2021-08-01 02:00:00
2021-08-02,1,2021,1.5,7.2,5.74,0.0,13.57,0.0,1035663.0,5.73,20.89,2021-08-02 02:00:00
2021-08-03,1,2021,0.0,7.3,5.3,0.1,10.27,0.0,1014564.0,7.34,0.0,2021-08-03 02:00:00
2021-08-04,1,2021,2.3,7.2,5.66,2.3,14.1,0.0,1036464.0,4.88,32.13,2021-08-04 02:00:00
2021-08-05,1,2021,0.0,7.4,6.5,0.0,11.24,0.0,1034227.0,7.36,0.0,2021-08-05 02:00:00
2021-08-06,1,2021,1.2,7.5,5.44,1.7,17.58,0.0,1025010.0,6.27,15.93,2021-08-06 02:00:00
2021-08-07,1,2021,0.0,7.1,6.61,0.0,10.6,0.0,1040935.0,5.65,41.49,2021-08-07 02:00:00
2021-08-08,1,2021,2.7,7.1,5.56,1.6,18.66,0.0,1021986.0,4.46,37.29,2021-08-08 02:00:00
2021-08-09,1,2021,0.7,7.6,5.68,0.2,13.76,0.0,1016985.0,6.92,9.27,2021-08-09 02:00:00
2021-08-10,1,2021,2.5,6.7,5.51,1.1,13.62,0.0,1003851.0,4.23,36.82,2021-08-10 02:00:00
2021-08-11,1,2021,4.9,7.2,6.29,0.6,20.69,0.0,994921.0,2.23,68.84,2021-08-11 02:00:00
2021-08-12,1,2021,0.0,6.8,5.73,0.2,13.91,0.0,1006669.0,6.79,0.0,2021-08-12 02:00:00
2021-08-13,1,2021,4.3,7.0,5.75,2.5,25.34,0.0,1005381.0,2.64,62.24,2021-08-13 02:00:00
2021-08-14,1,2021,0.0,7.8,6.14,1.7,14.51,0.0,1023068.0,7.78,0.0,2021-08-14 02:00:00
2021-08-15,1,2021,5.7,7.5,5.73,0.1,24.33,0.0,1077478.0,1.76,76.32,2021-08-15 02:00:00
2021-08-16,1,2021,0.6,7.1,5.41,0.2,16.13,0.0,1006880.0,6.52,8.43,2021-08-16 02:00:00
2021-08-17,1,2021,0.0,7.5,5.17,0.0,12.86,0.0,1058332.0,7.44,0.62,2021-08-17 02:00:00
2021-08-18,1,2021,1.2,7.6,5.34,0.0,20.18,0.0,1036164.0,6.4,15.66,2021-08-18 02:00:00
2021-08-19,1,2021,2.0,6.8,5.5,0.1,11.31,0.0,1016025.0,4.83,29.36,2021-08-19 02:00:00
2021-08-20,1,2021,0.1,7.6,5.71,0.4,11.82,0.0,1044620.0,7.46,1.92,2021-08-20 02:00:00
2021-08-21,1,2021,3.2,6.8,6.12,0.0,23.17,0.0,1053970.0,3.6,46.97,2021-08-21 02:00:00
2021-08-22,1,2021,1.6,7.5,5.59,1.4,16.73,0.0,1046888.0,5.93,20.98,2021-08-22 02:00:00
2021-08-23,1,2021,2.1,7.0,5.02,0.7,14.94,0.0,1061002.0,4.86,30.16,2021-08-23 02:00:00
2021-08-24,1,2021,0.0,6.8,5.67,0.0,6.92,0.0,1057695.0,6.8,0.0,2021-08-24 02:00:00
2021-08-25,1,2021,0.0,7.2,6.42,0.0,12.95,0.0,1018865.0,7.22,0.0,2021-08-25 02:00:00
2021-08-26,1,2021,1.8,7.6,6.17,0.0,16.0,0.0,1041268.0,5.81,23.24,2021-08-26 02:00:00
2021-08-27,1,2021,0.6,6.9,5.25,1.1,13.13,0.0,1035101.0,6.28,9.01,2021-08-27 02:00:00
2021-08-28,1,2021,0.6,6.2,5.26,0.0,15.56,0.0,1054579.0,0.64,169.54,2021-08-28 02:00:00
2021-08-29,1,2021,3.8,6.7,5.89,0.8,18.63,0.0,1057240.0,2.82,57.65,2021-08-29 02:00:00
2021-08-30,1,2021,0.1,6.9,5.81,0.0,7.79,0.0,1114870.0,6.84,1.12,2021-08-30 02:00:00
2021-08-31,1,2021,0.0,7.2,5.9,0.7,10.5,0.0,1087469.0,7.2,0.0,2021-08-31 02:00:00
2021-09-01,1,2021,0.0,6.7,5.88,0.0,5.64,0.0,1079529.0,4.45,68.01,2021-09-01 02:00:00
2021-09-02,1,2021,1.1,6.7,5.36,0.0,15.06,0.0,1114925.0,5.63,16.0,2021-09-02 02:00:00
2021-09-03,1,2021,0.0,6.9,5.68,0.0,9.67,0.0,1142212.0,6.87,0.0,2021-09-03 02:00:00
2021-09-04,1,2021,1.0,6.6,6.0,0.0,8.88,0.0,1161962.0,1.82,130.3,2021-09-04 02:00:00
2021-09-05,1,2021,3.0,7.3,5.37,0.0,13.0,0.0,1101425.0,4.33,40.95,2021-09-05 02:00:00
2021-09-06,1,2021,0.0,6.6,5.7,0.3,8.63,0.0,1155147.0,6.64,0.0,2021-09-06 02:00:00
2021-09-07,1,2021,2.1,7.2,5.87,1.2,14.28,0.0,1172823.0,5.06,29.41,2021-09-07 02:00:00
2021-09-08,1,2021,2.9,7.3,6.09,0.2,15.69,0.0,1172411.0,4.39,39.92,2021-09-08 02:00:00
2021-09-09,1,2021,0.5,6.8,6.03,0.2,6.34,0.0,1153749.0,6.34,7.23,2021-09-09 02:00:00
2021-09-10,1,2021,0.1,7.4,6.26,0.8,12.73,0.0,1132975.0,7.31,1.39,2021-09-10 02:00:00
2021-09-11,1,2021,0.0,6.8,5.51,0.0,5.68,0.0,1145612.0,6.76,0.0,2021-09-11 02:00:00
2021-09-12,1,2021,1.4,7.4,6.05,0.6,14.19,0.0,1132744.0,6.03,18.95,2021-09-12 02:00:00
2021-09-13,1,2021,3.2,6.7,6.17,1.8,15.36,0.0,1097318.0,3.47,48.0,2021-09-13 02:00:00
2021-09-14,1,2021,0.7,7.4,5.8,0.3,12.33,0.0,1163305.0,6.71,9.73,2021-09-14 02:00:00
2021-09-15,1,2021,0.5,7.2,5.85,0.0,13.21,0.0,1136486.0,6.72,6.7,2021-09-15 02:00:00
2021-09-16,1,2021,0.0,6.9,5.78,0.0,1.77,0.0,1188530.0,1.98,142.3,2021-09-16 02:00:00
2021-09-17,1,2021,1.2,7.8,5.77,0.1,16.03,0.0,1199919.0,6.59,15.14,2021-09-17 02:00:00
2021-09-18,1,2021,2.0,7.2,5.42,1.2,10.1,0.0,1149389.0,5.18,27.67,2021-09-18 02:00:00
2021-09-19,1,2021,0.9,7.4,5.99,0.0,9.82,0.0,1233025.0,2.0,133.29,2021-09-19 02:00:00
2021-09-20,1,2021,9.2,7.5,6.01,1.4,36.91,0.0,1196400.0,-1.75,123.38,2021-09-20 02:00:00
2021-09-21,1,2021,0.0,7.0,5.91,0.0,8.29,0.0,1254402.0,7.02,0.0,2021-09-21 02:00:00
2021-09-22,1,2021,1.7,7.2,5.75,0.3,12.8,0.0,1239977.0,5.57,22.87,2021-09-22 02:00:00
2021-09-23,1,2021,5.2,7.4,5.97,0.4,24.57,0.0,1225578.0,2.22,70.21,2021-09-23 02:00:00
2021-09-24,1,2021,0.9,7.2,5.81,1.1,11.35,0.0,1214221.0,6.28,12.83,2021-09-24 02:00:00
2021-09-25,1,2021,0.0,7.5,5.85,0.6,10.3,0.0,1181008.0,7.5,0.0,2021-09-25 02:00:00
2021-09-26,1,2021,0.0,7.6,6.03,0.1,13.3,0.0,1224489.0,7.52,0.65,2021-09-26 02:00:00
2021-09-27,1,2021,0.1,7.3,5.25,0.0,11.41,0.0,1212534.0,7.2,1.84,2021-09-27 02:00:00
2021-09-28,1,2021,0.0,7.5,6.28,0.0,15.09,0.0,1271856.0,7.45,0.0,2021-09-28 02:00:00
2021-09-29,1,2021,0.0,7.3,5.85,0.3,2.8,0.0,1220514.0,7.34,0.0,2021-09-29 02:00:00
2021-09-30,1,2021,2.6,6.9,5.41,2.4,15.92,0.0,1221635.0,4.27,38.08,2021-09-30 02:00:00
2021-10-01,1,2021,2.2,7.1,6.04,1.2,14.44,0.0,1241914.0,4.82,31.73,2021-10-01 02:00:00
2021-10-02,1,2021,2.9,7.1,5.92,0.0,16.74,0.0,1276258.0,4.2,40.8,2021-10-02 02:00:00
2021-10-03,1,2021,3.2,6.8,6.21,1.0,15.6,0.0,1240944.0,3.57,47.27,2021-10-03 02:00:00
2021-10-04,1,2021,2.1,7.6,6.14,1.9,18.06,0.0,1266084.0,5.51,27.13,2021-10-04 02:00:00
2021-10-05,1,2021,0.0,7.0,6.23,0.0,12.01,0.0,1237812.0,6.99,0.0,2021-10-05 02:00:00
2021-10-06,1,2021,2.4,7.1,6.4,0.0,15.7,0.0,1194883.0,4.71,33.73,2021-10-06 02:00:00
2021-10-07,1,2021,1.1,7.3,6.22,1.4,8.09,0.0,1221485.0,6.2,15.04,2021-10-07 02:00:00
2021-10-08,1,2021,0.0,6.9,6.32,0.0,13.68,0.0,1232989.0,6.86,0.0,2021-10-08 02:00:00
2021-10-09,1,2021,0.0,7.1,5.31,0.0,14.44,0.0,1265798.0,7.11,0.0,2021-10-09 02:00:00
2021-10-10,1,2021,0.0,7.7,6.01,0.6,9.58,0.0,1251178.0,7.74,0.0,2021-10-10 02:00:00
2021-10-11,1,2021,1.5,7.7,6.13,0.0,9.39,0.0,1228376.0,6.26,19.17,2021-10-11 02:00:00
2021-10-12,1,2021,0.9,7.9,5.63,0.4,9.73,0.0,1245041.0,7.03,11.43,2021-10-12 02:00:00
2021-10-13,1,2021,0.8,7.5,6.77,0.0,14.37,0.0,1237781.0,6.75,10.58,2021-10-13 02:00:00
2021-10-14,1,2021,0.4,7.8,5.9,0.0,15.97,0.0,1275530.0,5.31,57.59,2021-10-14 02:00:00
2021-10-15,1,2021,3.4,7.4,6.26,1.0,19.28,0.0,1224713.0,4.03,45.64,2021-10-15 02:00:00
2021-10-16,1,2021,4.6,6.8,5.99,2.2,22.19,0.0,1294484.0,-1.35,171.36,2021-10-16 02:00:00
2021-10-17,1,2021,0.0,7.8,5.58,0.5,7.9,0.0,1319167.0,7.75,0.0,2021-10-17 02:00:00
2021-10-18,1,2021,0.0,7.5,5.93,0.2,7.39,0.0,1296599.0,7.47,0.0,2021-10-18 02:00:00
2021-10-19,1,2021,0.0,7.6,5.67,0.5,9.46,0.0,1291220.0,7.56,0.0,2021-10-19 02:00:00
2021-10-20,1,2021,0.0,7.2,5.82,0.0,8.42,0.0,1338819.0,4.71,68.89,2021-10-20 02:00:00
2021-10-21,1,2021,3.8,7.6,6.62,0.6,21.75,0.0,1264226.0,3.82,50.02,2021-10-21 02:00:00
2021-10-22,1,2021,0.0,7.0,5.22,0.0,13.58,0.0,1276259.0,7.04,0.0,2021-10-22 02:00:00
2021-10-23,1,2021,0.0,7.6,6.13,0.8,10.53,0.0,1348382.0,7.57,0.0,2021-10-23 02:00:00
2021-10-24,1,2021,5.3,7.6,5.41,1.6,16.65,0.0,1307791.0,2.27,70.12,2021-10-24 02:00:00
2021-10-25,1,2021,2.0,7.0,5.72,0.0,10.82,0.0,1312882.0,5.03,28.64,2021-10-25 02:00:00
2021-10-26,1,2021,4.0,7.6,5.74,1.3,18.09,0.0,1313751.0,3.69,51.77,2021-10-26 02:00:00
2021-10-27,1,2021,0.0,7.5,6.27,0.3,10.36,0.0,1314788.0,7.54,0.0,2021-10-27 02:00:00
2021-10-28,1,2021,0.0,7.3,5.99,1.0,11.71,0.0,1320787.0,7.27,0.66,2021-10-28 02:00:00
2021-10-29,1,2021,0.3,7.5,5.54,0.0,14.65,0.0,1329863.0,7.12,4.6,2021-10-29 02:00:00
2021-10-30,1,2021,5.0,7.4,6.9,1.8,24.61,0.0,1292001.0,2.41,67.52,2021-10-30 02:00:00
2021-10-31,1,2021,0.4,7.6,6.02,1.7,9.96,0.0,1324899.0,7.13,5.88,2021-10-31 02:00:00
2021-11-01,1,2021,0.9,7.5,6.59,0.0,16.31,0.0,1270285.0,6.61,12.42,2021-11-01 02:00:00
2021-11-02,1,2021,0.0,7.7,6.32,0.3,5.04,0.0,1309879.0,7.72,0.0,2021-11-02 02:00:00
2021-11-03,1,2021,0.5,7.4,6.34,0.0,13.22,0.0,1325670.0,6.82,7.33,2021-11-03 02:00:00
2021-11-04,1,2021,0.1,8.3,5.99,0.5,13.42,0.0,1332562.0,3.5,114.66,2021-11-04 02:00:00
2021-11-05,1,2021,0.3,7.6,5.74,0.0,12.71,0.0,1396184.0,4.6,75.32,2021-11-05 02:00:00
2021-11-06,1,2021,0.0,8.5,5.63,0.1,3.45,0.0,1364761.0,8.47,0.0,2021-11-06 02:00:00
2021-11-07,1,2021,0.0,7.9,6.54,0.3,7.28,0.0,1359924.0,7.92,0.0,2021-11-07 02:00:00
2021-11-08,1,2021,0.0,7.8,5.77,0.2,6.42,0.0,1376977.0,7.84,0.0,2021-11-08 02:00:00
2021-11-09,1,2021,1.5,7.4,6.09,0.0,8.5,0.0,1395869.0,5.89,20.64,2021-11-09 02:00:00
2021-11-10,1,2021,0.1,7.4,5.91,0.0,7.09,0.0,1393434.0,7.3,0.94,2021-11-10 02:00:00
2021-11-11,1,2021,4.4,7.2,6.14,1.5,20.85,0.0,1389747.0,2.87,60.37,2021-11-11 02:00:00
2021-11-12,1,2021,1.2,7.4,7.44,0.9,8.49,0.0,1402775.0,6.22,15.91,2021-11-12 02:00:00
2021-11-13,1,2021,0.9,7.5,5.92,0.5,11.43,0.0,1427010.0,6.52,12.71,2021-11-13 02:00:00
2021-11-14,1,2021,0.6,7.6,6.44,0.0,12.85,0.0,1395303.0,7.06,7.71,2021-11-14 02:00:00
2021-11-15,1,2021,0.0,7.4,5.74,0.0,9.69,0.0,1357077.0,7.32,0.53,2021-11-15 02:00:00
2021-11-16,1,2021,0.0,8.0,5.45,0.0,9.38,0.0,1368658.0,8.0,0.0,2021-11-16 02:00:00
2021-11-17,1,2021,0.6,7.1,6.29,0.0,15.87,0.0,1396213.0,6.45,8.99,2021-11-17 02:00:00
2021-11-18,1,2021,1.2,7.4,5.47,0.0,17.25,0.0,1394362.0,6.18,16.77,2021-11-18 02:00:00
2021-11-19,1,2021,0.3,8.1,5.76,0.0,13.2,0.0,1389711.0,7.79,3.5,2021-11-19 02:00:00
2021-11-20,1,2021,0.4,7.8,5.96,0.1,9.18,0.0,1372353.0,7.41,5.5,2021-11-20 02:00:00
2021-11-21,1,2021,1.4,7.4,6.39,0.1,7.95,0.0,1391599.0,6.06,18.56,2021-11-21 02:00:00
2021-11-22,1,2021,0.0,7.5,5.8,0.0,3.72,0.0,1359538.0,7.46,0.0,2021-11-22 02:00:00
2021-11-23,1,2021,0.0,8.0,6.53,0.4,13.73,0.0,1354935.0,8.0,0.0,2021-11-23 02:00:00
2021-11-24,1,2021,0.0,8.0,5.47,0.0,12.72,0.0,1389759.0,7.99,0.0,2021-11-24 02:00:00
2021-11-25,1,2021,0.0,7.2,5.95,0.0,12.28,0.0,1364590.0,7.18,0.0,2021-11-25 02:00:00
2021-11-26,1,2021,0.8,7.5,6.27,0.0,12.51,0.0,1404491.0,6.7,11.01,2021-11-26 02:00:00
2021-11-27,1,2021,0.6,7.4,5.55,0.0,7.2,0.0,1414976.0,6.82,7.65,2021-11-27 02:00:00
2021-11-28,1,2021,1.6,7.4,6.17,1.0,16.38,0.0,1358350.0,5.73,22.27,2021-11-28 02:00:00
2021-11-29,1,2021,1.5,7.9,5.33,0.3,12.78,0.0,1362968.0,6.43,18.71,2021-11-29 02:00:00
2021-11-30,1,2021,1.1,7.8,5.9,0.0,13.76,0.0,1373898.0,6.63,14.7,2021-11-30 02:00:00
2021-12-01,1,2021,1.5,7.3,5.73,1.2,14.1,0.0,1414311.0,5.77,20.88,2021-12-01 02:00:00
2021-12-02,1,2021,1.5,7.6,5.48,1.6,12.15,0.0,1372485.0,6.05,20.11,2021-12-02 02:00:00
2021-12-03,1,2021,4.8,7.2,6.6,0.0,23.64,0.0,1395838.0,2.36,66.94,2021-12-03 02:00:00
2021-12-04,1,2021,0.1,7.3,5.94,0.0,10.16,0.0,1422899.0,7.28,0.85,2021-12-04 02:00:00
2021-12-05,1,2021,0.6,8.0,5.34,0.4,17.0,0.0,1346114.0,7.42,7.71,2021-12-05 02:00:00
2021-12-06,1,2021,0.9,7.4,5.91,0.4,18.68,0.0,1403702.0,3.41,94.77,2021-12-06 02:00:00
2021-12-07,1,2021,1.3,7.7,6.41,0.4,12.69,0.0,1432265.0,6.43,16.54,2021-12-07 02:00:00
2021-12-08,1,2021,0.4,7.4,6.95,0.0,11.53,0.0,1396820.0,6.99,5.3,2021-12-08 02:00:00
2021-12-09,1,2021,1.0,8.2,6.34,0.0,13.85,0.0,1446986.0,7.28,11.7,2021-12-09 02:00:00
2021-12-10,1,2021,0.0,7.7,6.24,0.0,8.27,0.0,1454737.0,7.65,0.0,2021-12-10 02:00:00
2021-12-11,1,2021,0.3,7.6,6.45,0.4,11.36,0.0,1426875.0,7.34,3.52,2021-12-11 02:00:00
2021-12-12,1,2021,0.0,7.4,5.75,1.1,9.51,0.0,1418249.0,7.43,0.0,2021-12-12 02:00:00
2021-12-13,1,2021,3.1,7.9,6.74,0.2,20.31,0.0,1391080.0,4.83,39.06,2021-12-13 02:00:00
2021-12-14,1,2021,0.6,7.4,6.28,0.0,13.99,0.0,1424308.0,6.81,7.97,2021-12-14 02:00:00
2021-12-15,1,2021,0.0,7.2,5.45,0.0,11.9,0.0,1418396.0,7.17,0.0,2021-12-15 02:00:00
2021-12-16,1,2021,0.0,7.8,6.34,0.0,6.19,0.0,1402873.0,7.76,0.0,2021-12-16 02:00:00
2021-12-17,1,2021,0.0,7.6,6.6,1.1,10.41,0.0,1378095.0,7.57,0.0,2021-12-17 02:00:00
2021-12-18,1,2021,0.1,7.3,5.8,0.3,11.33,0.0,1434696.0,7.21,0.78,2021-12-18 02:00:00
2021-12-19,1,2021,0.7,7.8,5.65,0.8,14.86,0.0,1417712.0,7.04,9.58,2021-12-19 02:00:00
2021-12-20,1,2021,0.0,7.4,6.14,0.1,8.18,0.0,1455059.0,3.43,107.59,2021-12-20 02:00:00
2021-12-21,1,2021,0.0,8.0,6.3,0.0,8.06,0.0,1419638.0,7.97,0.0,2021-12-21 02:00:00
2021-12-22,1,2021,2.6,7.8,5.77,0.0,17.19,0.0,1493304.0,5.2,33.28,2021-12-22 02:00:00
2021-12-23,1,2021,1.2,7.3,5.73,1.1,11.33,0.0,1446304.0,6.06,17.05,2021-12-23 02:00:00
2021-12-24,1,2021,0.8,7.8,6.3,0.0,6.0,0.0,1448372.0,6.94,10.84,2021-12-24 02:00:00
2021-12-25,1,2021,0.0,7.8,6.41,0.0,11.77,0.0,1439761.0,7.81,0.0,2021-12-25 02:00:00
2021-12-26,1,2021,2.6,7.9,6.18,0.9,18.96,0.0,1481869.0,5.27,32.94,2021-12-26 02:00:00
2021-12-27,1,2021,0.0,7.8,6.44,0.0,5.37,0.0,1466850.0,7.79,0.0,2021-12-27 02:00:00
2021-12-28,1,2021,1.1,7.3,5.8,1.1,12.94,0.0,1490832.0,6.19,15.23,2021-12-28 02:00:00
2021-12-29,1,2021,5.7,7.9,5.77,0.0,22.65,0.0,1423593.0,2.2,72.1,2021-12-29 02:00:00
2021-12-30,1,2021,0.0,7.7,6.11,0.0,4.9,0.0,1454756.0,7.66,0.0,2021-12-30 02:00:00
2021-12-31,1,2021,2.9,8.0,5.27,0.1,19.04,0.0,1451716.0,5.07,36.34,2021-12-31 02:00:00
2022-01-01,1,2022,2.9,6.3,4.67,0.0,16.42,5008229.0,157364.0,0.12,150.42,2022-01-01 02:00:00
2022-01-02,1,2022,0.1,5.6,4.61,0.6,11.12,4820928.0,142002.0,5.48,1.84,2022-01-02 02:00:00
2022-01-03,1,2022,0.5,5.8,5.08,0.7,15.24,4904373.0,144213.0,5.25,9.32,2022-01-03 02:00:00
2022-01-04,1,2022,1.6,5.7,4.71,0.1,12.62,4746272.0,177931.0,4.1,28.53,2022-01-04 02:00:00
2022-01-05,1,2022,2.3,6.0,5.52,0.0,17.35,4841977.0,135680.0,3.73,37.73,2022-01-05 02:00:00
2022-01-06,1,2022,0.3,6.4,4.68,1.3,14.92,4725631.0,173232.0,2.45,119.78,2022-01-06 02:00:00
2022-01-07,1,2022,2.4,6.8,4.95,0.7,20.15,4649273.0,182562.0,4.4,35.72,2022-01-07 02:00:00
2022-01-08,1,2022,0.3,6.0,4.62,1.6,15.41,4605896.0,141110.0,5.68,4.86,2022-01-08 02:00:00
2022-01-09,1,2022,1.0,5.7,5.45,2.2,13.25,4572439.0,170287.0,4.69,18.18,2022-01-09 02:00:00
2022-01-10,1,2022,2.3,6.4,4.73,0.2,12.73,4559880.0,164229.0,4.09,35.95,2022-01-10 02:00:00
2022-01-11,1,2022,2.5,5.8,4.82,0.6,18.12,4521122.0,160309.0,3.31,42.97,2022-01-11 02:00:00
2022-01-12,1,2022,2.3,5.6,5.27,1.9,15.97,4472523.0,130945.0,3.35,40.42,2022-01-12 02:00:00
2022-01-13,1,2022,0.3,6.4,4.73,0.0,9.44,4294460.0,183868.0,6.09,5.39,2022-01-13 02:00:00
2022-01-14,1,2022,0.0,5.9,5.34,0.3,10.33,4299611.0,205555.0,4.86,34.78,2022-01-14 02:00:00
2022-01-15,1,2022,3.1,6.3,5.48,0.0,18.87,4378621.0,161930.0,3.22,48.84,2022-01-15 02:00:00
2022-01-16,1,2022,1.1,6.2,4.77,1.4,15.17,4281991.0,178833.0,5.13,17.71,2022-01-16 02:00:00
2022-01-17,1,2022,2.0,6.2,5.13,0.0,13.68,4174159.0,206177.0,4.21,32.58,2022-01-17 02:00:00
2022-01-18,1,2022,0.3,6.4,4.78,0.0,13.26,4188621.0,181063.0,6.06,4.69,2022-01-18 02:00:00
2022-01-19,1,2022,0.4,6.0,4.64,0.0,7.21,4068314.0,177731.0,5.55,6.93,2022-01-19 02:00:00
2022-01-20,1,2022,2.2,6.8,6.15,0.8,17.21,4141311.0,182060.0,4.63,32.07,2022-01-20 02:00:00
2022-01-21,1,2022,4.6,6.1,4.95,2.3,21.73,3964392.0,159002.0,1.54,74.85,2022-01-21 02:00:00
2022-01-22,1,2022,5.5,6.5,4.49,1.4,25.74,4083714.0,156396.0,0.97,85.06,2022-01-22 02:00:00
2022-01-23,1,2022,2.1,5.8,5.15,0.8,18.8,3997808.0,198318.0,3.72,36.14,2022-01-23 02:00:00
2022-01-24,1,2022,1.7,6.3,4.67,0.3,15.28,3905460.0,180140.0,4.61,26.78,2022-01-24 02:00:00
2022-01-25,1,2022,0.4,6.0,5.17,0.0,10.11,3919464.0,189380.0,5.58,6.33,2022-01-25 02:00:00
2022-01-26,1,2022,4.0,6.6,4.81,0.5,23.51,3849172.0,201626.0,2.63,60.32,2022-01-26 02:00:00
2022-01-27,1,2022,0.8,6.3,5.47,0.1,13.91,3778291.0,187177.0,5.5,12.31,2022-01-27 02:00:00
2022-01-28,1,2022,0.0,6.3,5.83,0.3,11.87,3715351.0,167014.0,6.29,0.0,2022-01-28 02:00:00
2022-01-29,1,2022,3.3,6.5,5.11,0.0,17.72,3704568.0,177574.0,0.79,124.94,2022-01-29 02:00:00
2022-01-30,1,2022,0.4,6.3,5.32,0.0,11.72,3642363.0,212442.0,4.06,64.06,2022-01-30 02:00:00
2022-01-31,1,2022,1.2,6.2,4.82,0.3,8.3,3503167.0,242173.0,5.04,19.31,2022-01-31 02:00:00
2022-02-01,1,2022,0.4,6.2,5.16,0.0,14.86,3597835.0,200869.0,5.72,7.2,2022-02-01 02:00:00
2022-02-02,1,2022,5.1,6.0,5.36,0.8,18.95,3564847.0,205010.0,0.88,85.41,2022-02-02 02:00:00
2022-02-03,1,2022,0.2,6.1,4.89,0.0,7.94,3493825.0,203261.0,5.87,3.57,2022-02-03 02:00:00
2022-02-04,1,2022,0.8,6.5,5.41,1.3,11.53,3360573.0,236349.0,5.68,12.16,2022-02-04 02:00:00
2022-02-05,1,2022,0.6,6.5,4.37,0.0,14.14,3409289.0,227747.0,5.96,8.64,2022-02-05 02:00:00
2022-02-06,1,2022,0.0,6.0,5.6,1.3,9.73,3281160.0,197614.0,6.02,0.0,2022-02-06 02:00:00
2022-02-07,1,2022,0.5,6.0,5.52,1.1,8.5,3205179.0,201917.0,5.55,7.79,2022-02-07 02:00:00
2022-02-08,1,2022,1.2,6.3,4.59,1.0,12.5,3171010.0,222476.0,5.06,19.34,2022-02-08 02:00:00
2022-02-09,1,2022,1.6,5.8,5.17,1.4,17.3,3202123.0,213066.0,4.24,27.11,2022-02-09 02:00:00
2022-02-10,1,2022,0.1,5.8,5.3,2.0,13.31,3098829.0,238172.0,5.77,0.98,2022-02-10 02:00:00
2022-02-11,1,2022,0.8,6.2,5.25,0.6,7.21,2988991.0,280147.0,3.3,81.23,2022-02-11 02:00:00
2022-02-12,1,2022,1.9,6.4,5.59,0.9,14.66,3086215.0,251575.0,4.53,29.79,2022-02-12 02:00:00
2022-02-13,1,2022,0.0,6.3,4.17,0.3,11.52,2992707.0,278543.0,6.27,0.0,2022-02-13 02:00:00
2022-02-14,1,2022,0.7,6.2,5.59,0.0,17.37,2865218.0,210813.0,5.56,10.77,2022-02-14 02:00:00
2022-02-15,1,2022,0.2,6.4,5.46,0.4,7.39,2834578.0,248795.0,6.16,3.62,2022-02-15 02:00:00
2022-02-16,1,2022,3.3,6.1,5.31,1.4,17.53,2831024.0,269082.0,2.78,54.55,2022-02-16 02:00:00
2022-02-17,1,2022,2.4,6.6,4.31,0.6,18.01,2746901.0,209974.0,4.15,37.14,2022-02-17 02:00:00
2022-02-18,1,2022,0.0,7.0,5.2,0.0,10.2,2730103.0,229885.0,6.99,0.0,2022-02-18 02:00:00
2022-02-19,1,2022,0.3,5.9,5.29,0.0,11.76,2554174.0,258924.0,5.58,5.44,2022-02-19 02:00:00
2022-02-20,1,2022,0.5,5.8,5.4,0.0,7.29,2544516.0,238340.0,5.27,9.29,2022-02-20 02:00:00
2022-02-21,1,2022,2.4,6.2,5.4,0.4,15.21,2502620.0,269056.0,3.76,39.19,2022-02-21 02:00:00
2022-02-22,1,2022,0.2,6.0,5.46,0.0,7.64,2535565.0,242774.0,5.83,3.37,2022-02-22 02:00:00
2022-02-23,1,2022,4.1,6.0,5.0,0.1,18.45,2490569.0,274747.0,1.9,68.43,2022-02-23 02:00:00
2022-02-24,1,2022,6.4,6.0,4.47,0.7,20.65,2444508.0,217636.0,-0.49,108.2,2022-02-24 02:00:00
2022-02-25,1,2022,0.6,6.6,5.51,0.1,11.01,2444269.0,254292.0,6.07,8.71,2022-02-25 02:00:00
2022-02-26,1,2022,0.2,6.3,5.27,0.5,6.3,2178253.0,257633.0,6.11,2.55,2022-02-26 02:00:00
2022-02-27,1,2022,4.0,6.2,4.9,0.2,18.32,2329797.0,233891.0,2.19,64.54,2022-02-27 02:00:00
2022-02-28,1,2022,2.7,6.3,4.89,0.7,18.43,2256701.0,269225.0,1.06,122.49,2022-02-28 02:00:00
2022-03-01,1,2022,0.5,6.1,4.92,0.0,13.46,2220177.0,225594.0,5.67,7.76,2022-03-01 02:00:00
2022-03-02,1,2022,2.1,6.6,5.32,0.1,14.35,2181483.0,263975.0,4.49,31.66,2022-03-02 02:00:00
2022-03-03,1,2022,3.2,6.0,6.25,0.0,22.35,2228784.0,256961.0,2.71,54.46,2022-03-03 02:00:00
2022-03-04,1,2022,1.8,6.6,4.76,0.9,12.81,2134514.0,254508.0,4.83,26.88,2022-03-04 02:00:00
2022-03-05,1,2022,2.5,6.7,4.75,0.6,15.65,1983878.0,311937.0,4.2,37.59,2022-03-05 02:00:00
2022-03-06,1,2022,0.0,6.2,4.9,2.0,8.1,1962562.0,300929.0,6.18,0.0,2022-03-06 02:00:00
2022-03-07,1,2022,0.2,6.4,5.57,0.0,5.76,1931833.0,269319.0,6.22,2.47,2022-03-07 02:00:00
2022-03-08,1,2022,1.8,6.3,5.74,0.4,17.82,1832257.0,257244.0,4.44,29.18,2022-03-08 02:00:00
2022-03-09,1,2022,1.6,6.2,5.1,0.0,17.21,1872235.0,270582.0,4.67,25.16,2022-03-09 02:00:00
2022-03-10,1,2022,1.7,6.6,5.58,0.0,12.12,1728568.0,292451.0,4.9,26.19,2022-03-10 02:00:00
2022-03-11,1,2022,0.6,6.1,4.84,0.0,17.96,1728790.0,272268.0,5.47,9.94,2022-03-11 02:00:00
2022-03-12,1,2022,1.2,5.8,4.46,0.8,12.7,1695759.0,276175.0,4.53,21.47,2022-03-12 02:00:00
2022-03-13,1,2022,0.8,6.4,5.74,0.7,6.96,1602654.0,225615.0,5.55,12.59,2022-03-13 02:00:00
2022-03-14,1,2022,1.4,6.8,5.77,0.0,15.97,1566063.0,270339.0,5.42,20.17,2022-03-14 02:00:00
2022-03-15,1,2022,2.1,6.2,5.46,0.4,18.69,1544079.0,297951.0,4.1,34.13,2022-03-15 02:00:00
2022-03-16,1,2022,0.0,6.6,5.8,0.0,8.71,1580283.0,256036.0,6.55,0.12,2022-03-16 02:00:00
2022-03-17,1,2022,0.7,6.3,4.53,0.8,9.4,1494000.0,319215.0,0.93,159.39,2022-03-17 02:00:00
2022-03-18,1,2022,0.0,6.9,5.05,0.0,13.04,1321428.0,302980.0,6.91,0.0,2022-03-18 02:00:00
2022-03-19,1,2022,0.3,6.5,5.62,0.1,10.27,1348781.0,325045.0,2.78,110.32,2022-03-19 02:00:00
2022-03-20,1,2022,0.9,6.7,4.61,0.0,15.55,1244237.0,338199.0,5.78,13.25,2022-03-20 02:00:00
2022-03-21,1,2022,0.1,6.5,5.11,0.0,14.84,1111953.0,308698.0,6.37,1.56,2022-03-21 02:00:00
2022-03-22,1,2022,0.1,6.3,5.76,0.0,14.68,1153947.0,344484.0,6.25,1.15,2022-03-22 02:00:00
2022-03-23,1,2022,0.0,6.8,5.5,0.1,11.81,1080784.0,347647.0,6.77,0.0,2022-03-23 02:00:00
2022-03-24,1,2022,0.0,5.7,5.29,1.0,12.58,1009700.0,319743.0,5.7,0.0,2022-03-24 02:00:00
2022-03-25,1,2022,0.7,6.6,5.64,0.0,3.41,941733.0,352790.0,5.93,10.23,2022-03-25 02:00:00
2022-03-26,1,2022,0.0,5.5,4.77,0.0,10.08,815638.0,374143.0,5.52,0.0,2022-03-26 02:00:00
2022-03-27,1,2022,0.1,6.8,4.94,0.0,14.73,868521.0,356677.0,6.75,0.93,2022-03-27 02:00:00
2022-03-28,1,2022,0.7,6.7,4.93,0.7,9.85,698154.0,381359.0,5.94,10.96,2022-03-28 02:00:00
2022-03-29,1,2022,0.2,7.0,5.28,0.0,10.07,696467.0,364869.0,6.81,2.98,2022-03-29 02:00:00
2022-03-30,1,2022,0.4,6.6,5.0,0.0,13.39,599246.0,344682.0,6.19,6.25,2022-03-30 02:00:00
2022-03-31,1,2022,5.2,6.8,5.58,1.3,27.37,600952.0,342995.0,1.6,76.59,2022-03-31 02:00:00
2022-04-01,1,2022,1.4,6.5,4.91,0.0,11.14,481081.0,358971.0,5.14,21.43,2022-04-01 02:00:00
2022-04-02,1,2022,5.2,6.3,5.43,1.4,23.49,532238.0,382167.0,-1.15,154.01,2022-04-02 02:00:00
2022-04-03,1,2022,5.9,5.9,5.71,1.1,25.11,575242.0,358329.0,-0.01,100.23,2022-04-03 02:00:00
2022-04-04,1,2022,0.2,6.4,5.07,0.0,9.86,415727.0,380213.0,6.22,2.5,2022-04-04 02:00:00
2022-04-05,1,2022,10.8,6.3,4.99,2.2,39.44,492920.0,374690.0,-4.45,170.27,2022-04-05 02:00:00
2022-04-06,1,2022,3.0,6.9,5.66,1.2,16.08,431549.0,364805.0,3.84,44.11,2022-04-06 02:00:00
2022-04-07,1,2022,0.0,6.2,5.36,0.0,13.36,501237.0,382801.0,6.25,0.0,2022-04-07 02:00:00
2022-04-08,1,2022,2.4,6.3,5.6,0.6,11.89,363615.0,358163.0,3.8,39.17,2022-04-08 02:00:00
2022-04-09,1,2022,3.2,6.9,4.33,1.2,14.81,279953.0,357892.0,3.69,46.49,2022-04-09 02:00:00
2022-04-10,1,2022,1.3,6.2,5.71,0.0,14.1,234039.0,396769.0,4.87,21.6,2022-04-10 02:00:00
2022-04-11,1,2022,2.0,6.6,5.15,0.0,8.32,281250.0,408360.0,4.55,30.88,2022-04-11 02:00:00
2022-04-12,1,2022,0.2,6.6,5.29,0.2,13.42,128452.0,378439.0,6.4,3.34,2022-04-12 02:00:00
2022-04-13,1,2022,0.4,6.6,4.89,0.0,13.81,109580.0,377680.0,6.2,6.07,2022-04-13 02:00:00
2022-04-14,1,2022,0.7,6.2,4.94,0.0,15.71,69658.0,392503.0,5.46,11.88,2022-04-14 02:00:00
2022-04-15,1,2022,0.0,6.7,5.2,0.0,9.66,0.0,385012.0,6.69,0.0,2022-04-15 02:00:00
2022-04-16,1,2022,0.9,6.6,4.58,0.8,15.76,0.0,378706.0,5.64,13.98,2022-04-16 02:00:00
2022-04-17,1,2022,4.7,6.2,5.13,1.1,17.31,0.0,412564.0,1.46,76.53,2022-04-17 02:00:00
2022-04-18,1,2022,0.0,7.0,5.9,0.0,13.5,0.0,341807.0,6.99,0.0,2022-04-18 02:00:00
2022-04-19,1,2022,0.2,6.4,5.13,1.0,6.61,0.0,414598.0,2.52,117.77,2022-04-19 02:00:00
2022-04-20,1,2022,1.0,6.1,4.93,1.1,12.31,0.0,400820.0,5.16,15.97,2022-04-20 02:00:00
2022-04-21,1,2022,4.4,6.5,5.44,0.7,21.97,0.0,407856.0,2.07,68.26,2022-04-21 02:00:00
2022-04-22,1,2022,0.4,6.1,5.37,0.0,12.35,0.0,385695.0,5.7,7.01,2022-04-22 02:00:00
2022-04-23,1,2022,0.0,6.3,5.39,0.2,5.37,0.0,413121.0,6.34,0.0,2022-04-23 02:00:00
2022-04-24,1,2022,0.3,6.5,5.77,0.6,7.95,0.0,456731.0,6.22,4.69,2022-04-24 02:00:00
2022-04-25,1,2022,0.5,6.7,5.58,0.0,10.94,0.0,405363.0,6.27,6.73,2022-04-25 02:00:00
2022-04-26,1,2022,3.3,6.5,5.57,1.3,19.1,0.0,400660.0,3.23,50.61,2022-04-26 02:00:00
2022-04-27,1,2022,7.5,6.6,5.85,1.8,29.55,0.0,421077.0,-0.84,112.67,2022-04-27 02:00:00
2022-04-28,1,2022,0.7,7.2,4.7,0.1,13.39,0.0,384801.0,6.45,10.03,2022-04-28 02:00:00
2022-04-29,1,2022,0.0,6.6,6.0,0.0,11.68,0.0,411312.0,6.62,0.0,2022-04-29 02:00:00
2022-04-30,1,2022,0.0,7.4,5.49,0.8,4.69,0.0,382635.0,7.43,0.0,2022-04-30 02:00:00
2022-05-01,1,2022,0.2,6.3,6.25,0.0,8.94,0.0,416115.0,6.1,2.85,2022-05-01 02:00:00
2022-05-02,1,2022,0.5,6.3,6.4,0.0,9.9,0.0,412469.0,5.8,7.61,2022-05-02 02:00:00
2022-05-03,1,2022,0.0,6.9,5.41,0.2,13.04,0.0,416803.0,6.9,0.0,2022-05-03 02:00:00
2022-05-04,1,2022,4.9,6.5,5.76,2.0,25.37,0.0,396938.0,1.58,75.68,2022-05-04 02:00:00
2022-05-05,1,2022,2.3,7.1,5.02,0.0,15.19,0.0,417190.0,4.8,31.98,2022-05-05 02:00:00
2022-05-06,1,2022,0.0,6.8,5.53,0.1,11.37,0.0,384984.0,6.75,0.0,2022-05-06 02:00:00
2022-05-07,1,2022,4.5,6.7,5.72,0.0,21.75,0.0,401827.0,2.24,66.66,2022-05-07 02:00:00
2022-05-08,1,2022,2.8,6.8,5.11,1.0,19.13,0.0,412962.0,4.06,40.49,2022-05-08 02:00:00
2022-05-09,1,2022,1.6,6.5,4.48,0.8,19.2,0.0,428566.0,4.88,25.26,2022-05-09 02:00:00
2022-05-10,1,2022,1.3,6.4,5.36,0.0,8.75,0.0,433308.0,5.07,20.53,2022-05-10 02:00:00
2022-05-11,1,2022,0.0,7.0,5.32,0.0,14.99,0.0,388453.0,7.01,0.0,2022-05-11 02:00:00
2022-05-12,1,2022,1.9,5.9,4.99,1.0,18.29,0.0,363122.0,4.01,31.97,2022-05-12 02:00:00
2022-05-13,1,2022,0.2,6.3,5.4,0.0,7.04,0.0,399548.0,6.07,3.06,2022-05-13 02:00:00
2022-05-14,1,2022,0.0,5.9,5.4,0.6,10.7,0.0,420538.0,5.94,0.0,2022-05-14 02:00:00
2022-05-15,1,2022,0.3,6.5,5.47,0.0,7.37,0.0,404462.0,6.12,5.17,2022-05-15 02:00:00
2022-05-16,1,2022,0.0,6.7,5.98,0.0,4.04,0.0,401694.0,6.7,0.0,2022-05-16 02:00:00
2022-05-17,1,2022,1.7,7.0,5.16,1.1,16.61,0.0,416343.0,5.3,24.77,2022-05-17 02:00:00
2022-05-18,1,2022,0.0,7.1,5.02,0.0,7.81,0.0,410565.0,7.04,0.66,2022-05-18 02:00:00
2022-05-19,1,2022,4.3,6.7,5.45,0.0,24.69,0.0,401696.0,2.33,65.08,2022-05-19 02:00:00
2022-05-20,1,2022,0.1,6.1,5.5,0.0,15.16,0.0,393272.0,5.94,2.0,2022-05-20 02:00:00
2022-05-21,1,2022,1.3,6.4,5.56,1.0,14.26,0.0,429280.0,5.18,19.65,2022-05-21 02:00:00
2022-05-22,1,2022,3.2,6.4,5.61,0.1,19.14,0.0,426481.0,1.7,96.09,2022-05-22 02:00:00
2022-05-23,1,2022,0.0,6.5,5.1,0.0,6.56,0.0,422156.0,4.9,49.4,2022-05-23 02:00:00
2022-05-24,1,2022,1.6,6.9,5.43,0.7,17.31,0.0,430540.0,5.32,23.24,2022-05-24 02:00:00
2022-05-25,1,2022,1.1,7.2,5.8,0.0,8.81,0.0,431610.0,2.97,101.65,2022-05-25 02:00:00
2022-05-26,1,2022,0.4,6.3,5.55,1.6,12.47,0.0,439616.0,5.91,6.59,2022-05-26 02:00:00
2022-05-27,1,2022,3.4,6.4,5.4,0.3,19.56,0.0,486627.0,2.99,52.95,2022-05-27 02:00:00
2022-05-28,1,2022,0.0,6.3,5.17,0.1,6.51,0.0,440306.0,6.33,0.0,2022-05-28 02:00:00
2022-05-29,1,2022,1.0,6.3,5.63,0.0,11.94,0.0,453335.0,5.27,16.31,2022-05-29 02:00:00
2022-05-30,1,2022,0.6,6.5,5.84,0.2,12.85,0.0,493851.0,5.89,9.74,2022-05-30 02:00:00
2022-05-31,1,2022,4.6,6.6,5.18,1.1,18.45,0.0,432407.0,2.04,69.3,2022-05-31 02:00:00
2022-06-01,1,2022,3.1,7.1,5.42,0.0,17.98,0.0,508342.0,1.78,105.66,2022-06-01 02:00:00
2022-06-02,1,2022,2.1,6.5,5.61,0.7,13.64,0.0,514663.0,4.42,32.54,2022-06-02 02:00:00
2022-06-03,1,2022,0.0,6.4,5.16,0.0,13.43,0.0,497611.0,6.43,0.0,2022-06-03 02:00:00
2022-06-04,1,2022,0.8,6.6,5.81,0.0,13.56,0.0,446352.0,5.82,11.6,2022-06-04 02:00:00
2022-06-05,1,2022,3.6,6.9,5.78,1.5,22.69,0.0,489714.0,3.24,52.94,2022-06-05 02:00:00
2022-06-06,1,2022,0.0,6.8,5.66,1.1,13.97,0.0,476849.0,6.76,0.0,2022-06-06 02:00:00
2022-06-07,1,2022,0.9,6.6,6.22,0.3,8.41,0.0,505299.0,5.75,12.88,2022-06-07 02:00:00
2022-06-08,1,2022,1.4,7.0,5.41,0.0,13.91,0.0,479645.0,5.64,19.9,2022-06-08 02:00:00
2022-06-09,1,2022,2.3,6.6,4.99,0.6,8.55,0.0,536057.0,1.44,121.39,2022-06-09 02:00:00
2022-06-10,1,2022,3.2,6.6,5.45,0.2,18.37,0.0,555661.0,0.83,127.09,2022-06-10 02:00:00
2022-06-11,1,2022,0.0,6.6,5.58,0.0,8.06,0.0,560407.0,6.56,0.0,2022-06-11 02:00:00
2022-06-12,1,2022,0.0,6.8,6.19,0.0,7.29,0.0,585716.0,5.65,33.78,2022-06-12 02:00:00
2022-06-13,1,2022,1.1,7.0,5.26,0.0,13.11,0.0,529918.0,5.91,15.61,2022-06-13 02:00:00
2022-06-14,1,2022,0.7,7.1,5.63,0.0,9.64,0.0,586749.0,6.38,10.51,2022-06-14 02:00:00
2022-06-15,1,2022,4.1,6.5,5.86,0.1,18.47,0.0,527871.0,2.33,63.97,2022-06-15 02:00:00
2022-06-16,1,2022,0.4,6.9,6.35,1.0,10.12,0.0,613410.0,5.33,39.21,2022-06-16 02:00:00
2022-06-17,1,2022,1.1,7.1,5.34,0.9,8.02,0.0,561974.0,6.01,15.19,2022-06-17 02:00:00
2022-06-18,1,2022,0.0,6.8,5.49,1.2,8.54,0.0,570800.0,6.8,0.58,2022-06-18 02:00:00
2022-06-19,1,2022,0.8,7.1,6.24,0.0,9.32,0.0,548461.0,6.32,11.17,2022-06-19 02:00:00
2022-06-20,1,2022,3.5,7.1,6.33,0.6,14.81,0.0,547310.0,3.68,48.39,2022-06-20 02:00:00
2022-06-21,1,2022,0.0,6.9,5.51,0.3,4.45,0.0,560313.0,6.89,0.0,2022-06-21 02:00:00
2022-06-22,1,2022,2.4,7.0,4.68,0.0,13.86,0.0,549505.0,4.59,34.22,2022-06-22 02:00:00
2022-06-23,1,2022,1.9,6.6,5.38,0.0,15.18,0.0,574454.0,4.76,28.17,2022-06-23 02:00:00
2022-06-24,1,2022,0.5,7.1,5.9,0.0,12.08,0.0,583808.0,5.06,50.04,2022-06-24 02:00:00
2022-06-25,1,2022,0.1,7.1,6.01,0.3,7.05,0.0,597536.0,6.99,1.47,2022-06-25 02:00:00
2022-06-26,1,2022,1.1,7.1,5.63,0.0,8.89,0.0,609585.0,2.32,119.04,2022-06-26 02:00:00
2022-06-27,1,2022,0.1,7.1,5.79,0.1,10.1,0.0,599783.0,7.07,1.03,2022-06-27 02:00:00
2022-06-28,1,2022,0.3,6.9,5.54,0.0,8.23,0.0,592703.0,6.54,4.69,2022-06-28 02:00:00
2022-06-29,1,2022,0.0,6.8,5.1,0.3,14.64,0.0,621098.0,6.77,0.0,2022-06-29 02:00:00
2022-06-30,1,2022,0.7,7.1,5.32,0.3,14.43,0.0,632191.0,6.37,10.01,2022-06-30 02:00:00
2022-07-01,1,2022,2.0,6.5,5.84,1.1,20.62,0.0,631475.0,4.57,29.96,2022-07-01 02:00:00
2022-07-02,1,2022,0.0,7.0,5.58,0.0,8.75,0.0,642738.0,7.03,0.0,2022-07-02 02:00:00
2022-07-03,1,2022,3.5,7.2,5.72,1.6,18.31,0.0,622271.0,3.66,48.8,2022-07-03 02:00:00
2022-07-04,1,2022,0.0,6.9,5.89,0.0,10.6,0.0,622725.0,6.9,0.0,2022-07-04 02:00:00
2022-07-05,1,2022,0.6,6.8,5.24,0.0,15.33,0.0,607579.0,6.17,9.0,2022-07-05 02:00:00
2022-07-06,1,2022,5.2,6.4,4.92,1.7,27.31,0.0,641597.0,1.22,80.92,2022-07-06 02:00:00
2022-07-07,1,2022,0.0,6.6,5.25,0.0,7.37,0.0,667801.0,6.6,0.0,2022-07-07 02:00:00
2022-07-08,1,2022,2.0,6.6,5.84,0.8,18.04,0.0,637182.0,4.54,30.87,2022-07-08 02:00:00
2022-07-09,1,2022,1.3,6.5,4.86,1.2,16.3,0.0,610652.0,5.19,20.11,2022-07-09 02:00:00
2022-07-10,1,2022,0.0,7.1,5.22,0.0,11.6,0.0,624213.0,7.06,0.0,2022-07-10 02:00:00
2022-07-11,1,2022,4.9,6.5,4.95,0.4,24.11,0.0,637575.0,1.65,74.83,2022-07-11 02:00:00
2022-07-12,1,2022,0.0,6.7,5.33,0.0,9.66,0.0,619183.0,6.68,0.0,2022-07-12 02:00:00
2022-07-13,1,2022,0.0,7.1,6.13,0.9,8.24,0.0,601750.0,7.15,0.0,2022-07-13 02:00:00
2022-07-14,1,2022,2.4,7.0,5.11,1.3,18.14,0.0,621121.0,4.56,34.46,2022-07-14 02:00:00
2022-07-15,1,2022,0.0,7.2,5.91,0.0,10.97,0.0,637308.0,7.19,0.0,2022-07-15 02:00:00
2022-07-16,1,2022,0.9,6.7,6.01,1.9,9.16,0.0,598054.0,5.84,13.24,2022-07-16 02:00:00
2022-07-17,1,2022,0.0,7.3,5.25,0.1,12.8,0.0,651765.0,7.28,0.0,2022-07-17 02:00:00
2022-07-18,1,2022,1.4,7.1,5.25,0.6,12.59,0.0,609362.0,5.77,19.09,2022-07-18 02:00:00
2022-07-19,1,2022,0.2,6.9,5.17,0.9,9.13,0.0,635111.0,6.7,2.81,2022-07-19 02:00:00
2022-07-20,1,2022,2.8,7.2,5.52,1.3,15.06,0.0,586006.0,4.44,38.64,2022-07-20 02:00:00
2022-07-21,1,2022,4.1,6.7,5.72,0.7,13.33,0.0,582577.0,2.61,61.14,2022-07-21 02:00:00
2022-07-22,1,2022,0.9,7.3,5.15,0.0,15.42,0.0,616738.0,6.37,12.59,2022-07-22 02:00:00
2022-07-23,1,2022,0.0,6.8,5.83,0.5,6.74,0.0,607453.0,6.83,0.0,2022-07-23 02:00:00
2022-07-24,1,2022,1.4,7.0,4.99,0.0,15.79,0.0,624220.0,5.54,20.58,2022-07-24 02:00:00
2022-07-25,1,2022,0.5,7.4,6.42,0.0,9.31,0.0,624212.0,6.88,7.12,2022-07-25 02:00:00
2022-07-26,1,2022,0.3,6.7,6.17,0.0,9.05,0.0,625796.0,6.4,4.61,2022-07-26 02:00:00
2022-07-27,1,2022,3.6,6.6,5.52,0.0,17.33,0.0,665537.0,-0.89,172.14,2022-07-27 02:00:00
2022-07-28,1,2022,0.2,7.0,5.38,0.4,10.17,0.0,665475.0,6.87,2.25,2022-07-28 02:00:00
2022-07-29,1,2022,0.4,6.9,5.87,0.3,13.3,0.0,673711.0,6.47,6.11,2022-07-29 02:00:00
2022-07-30,1,2022,5.3,6.6,6.04,0.3,22.68,0.0,695126.0,1.34,79.78,2022-07-30 02:00:00
2022-07-31,1,2022,0.0,7.0,5.54,0.3,9.18,0.0,648199.0,7.04,0.0,2022-07-31 02:00:00
2022-08-01,1,2022,7.5,7.3,5.07,1.0,26.23,0.0,681656.0,-0.26,103.59,2022-08-01 02:00:00
2022-08-02,1,2022,0.8,7.1,5.73,0.0,13.42,0.0,694624.0,2.08,130.59,2022-08-02 02:00:00
2022-08-03,1,2022,1.8,7.6,5.86,0.2,14.13,0.0,674120.0,5.83,23.15,2022-08-03 02:00:00
2022-08-04,1,2022,0.0,7.1,6.5,0.5,12.57,0.0,697419.0,4.78,65.54,2022-08-04 02:00:00
2022-08-05,1,2022,0.0,6.5,5.76,0.0,6.15,0.0,718425.0,6.54,0.0,2022-08-05 02:00:00
2022-08-06,1,2022,0.0,6.8,5.38,0.0,8.37,0.0,721531.0,6.77,0.0,2022-08-06 02:00:00
2022-08-07,1,2022,0.0,7.2,5.47,0.0,11.71,0.0,707939.0,7.18,0.0,2022-08-07 02:00:00
2022-08-08,1,2022,0.2,7.3,5.65,0.0,6.63,0.0,668847.0,7.14,2.34,2022-08-08 02:00:00
2022-08-09,1,2022,0.6,7.3,5.01,0.4,10.07,0.0,690936.0,6.71,8.29,2022-08-09 02:00:00
2022-08-10,1,2022,0.0,6.8,6.11,0.0,6.86,0.0,715821.0,6.81,0.0,2022-08-10 02:00:00
2022-08-11,1,2022,0.0,7.1,5.82,0.9,6.09,0.0,738506.0,7.12,0.0,2022-08-11 02:00:00
2022-08-12,1,2022,0.8,7.0,5.99,0.0,13.91,0.0,744535.0,6.22,10.92,2022-08-12 02:00:00
2022-08-13,1,2022,0.0,6.2,5.97,0.0,17.48,0.0,732713.0,6.17,0.0,2022-08-13 02:00:00
2022-08-14,1,2022,0.9,7.5,5.63,0.2,15.93,0.0,744548.0,6.6,11.57,2022-08-14 02:00:00
2022-08-15,1,2022,4.8,6.7,5.41,0.6,27.56,0.0,768934.0,1.9,71.76,2022-08-15 02:00:00
2022-08-16,1,2022,0.5,7.1,5.78,0.0,8.04,0.0,658552.0,6.6,7.6,2022-08-16 02:00:00
2022-08-17,1,2022,0.8,7.3,4.88,0.0,14.48,0.0,732097.0,6.48,11.33,2022-08-17 02:00:00
2022-08-18,1,2022,1.1,6.6,6.44,1.0,12.46,0.0,718270.0,5.53,16.42,2022-08-18 02:00:00
2022-08-19,1,2022,0.3,7.3,6.26,0.0,10.17,0.0,701946.0,7.09,3.5,2022-08-19 02:00:00
2022-08-20,1,2022,0.0,7.1,5.55,0.4,14.95,0.0,762531.0,2.28,135.85,2022-08-20 02:00:00
2022-08-21,1,2022,0.0,7.1,6.01,0.0,16.48,0.0,782077.0,7.15,0.0,2022-08-21 02:00:00
2022-08-22,1,2022,0.0,6.7,6.31,0.0,7.42,0.0,803179.0,6.67,0.0,2022-08-22 02:00:00
2022-08-23,1,2022,0.0,6.7,6.39,0.0,13.81,0.0,750808.0,6.73,0.0,2022-08-23 02:00:00
2022-08-24,1,2022,0.6,6.8,6.32,0.0,10.96,0.0,773097.0,6.19,8.3,2022-08-24 02:00:00
2022-08-25,1,2022,1.5,7.6,6.24,0.7,13.36,0.0,718976.0,6.1,19.99,2022-08-25 02:00:00
2022-08-26,1,2022,3.5,7.2,5.13,0.7,20.52,0.0,763579.0,3.66,49.0,2022-08-26 02:00:00
2022-08-27,1,2022,0.6,7.4,5.58,1.8,13.94,0.0,775120.0,6.74,8.62,2022-08-27 02:00:00
2022-08-28,1,2022,2.3,7.4,5.25,0.2,15.32,0.0,786096.0,5.12,30.94,2022-08-28 02:00:00
2022-08-29,1,2022,2.0,7.0,5.58,1.0,17.45,0.0,764751.0,5.06,28.27,2022-08-29 02:00:00
2022-08-30,1,2022,0.0,7.0,6.08,0.0,6.9,0.0,806542.0,3.87,89.63,2022-08-30 02:00:00
2022-08-31,1,2022,0.0,6.7,6.14,0.0,7.96,0.0,808230.0,3.46,96.79,2022-08-31 02:00:00
2022-09-01,1,2022,1.4,7.2,5.62,0.0,13.86,0.0,844322.0,5.85,18.9,2022-09-01 02:00:00
2022-09-02,1,2022,0.5,7.2,6.2,1.2,15.4,0.0,844251.0,6.74,6.61,2022-09-02 02:00:00
2022-09-03,1,2022,0.0,6.6,4.89,0.0,11.53,0.0,864701.0,6.59,0.39,2022-09-03 02:00:00
2022-09-04,1,2022,1.6,6.9,5.78,1.3,18.37,0.0,852685.0,5.31,23.09,2022-09-04 02:00:00
2022-09-05,1,2022,0.0,7.1,6.52,0.0,15.0,0.0,842370.0,7.05,0.0,2022-09-05 02:00:00
2022-09-06,1,2022,0.0,6.7,5.68,0.4,7.84,0.0,820811.0,6.67,0.0,2022-09-06 02:00:00
2022-09-07,1,2022,0.0,7.5,5.93,0.0,10.15,0.0,868434.0,7.49,0.0,2022-09-07 02:00:00
2022-09-08,1,2022,0.4,7.3,5.78,0.0,6.08,0.0,845448.0,6.84,5.77,2022-09-08 02:00:00
2022-09-09,1,2022,5.7,7.1,6.1,1.6,28.39,0.0,879310.0,1.32,81.3,2022-09-09 02:00:00
2022-09-10,1,2022,0.0,7.0,6.16,0.1,8.14,0.0,806683.0,6.97,0.0,2022-09-10 02:00:00
2022-09-11,1,2022,2.6,7.6,5.62,0.3,15.31,0.0,807045.0,5.05,33.82,2022-09-11 02:00:00
2022-09-12,1,2022,0.6,7.3,6.01,1.0,12.19,0.0,882013.0,4.61,64.83,2022-09-12 02:00:00
2022-09-13,1,2022,0.7,7.3,5.77,0.0,15.77,0.0,892034.0,4.09,77.04,2022-09-13 02:00:00
2022-09-14,1,2022,0.0,7.4,7.2,0.8,8.34,0.0,918985.0,7.42,0.0,2022-09-14 02:00:00
2022-09-15,1,2022,1.4,7.0,5.76,0.0,13.85,0.0,859451.0,5.57,20.12,2022-09-15 02:00:00
2022-09-16,1,2022,6.9,7.5,6.43,1.3,23.06,0.0,887427.0,0.59,92.1,2022-09-16 02:00:00
2022-09-17,1,2022,6.1,7.3,6.4,0.9,23.8,0.0,896629.0,1.26,82.78,2022-09-17 02:00:00
2022-09-18,1,2022,0.3,7.4,6.04,0.0,7.26,0.0,875003.0,7.15,3.45,2022-09-18 02:00:00
2022-09-19,1,2022,5.7,7.4,4.93,0.4,22.45,0.0,863394.0,1.7,76.86,2022-09-19 02:00:00
2022-09-20,1,2022,4.4,7.3,5.97,1.3,22.38,0.0,892196.0,2.84,60.78,2022-09-20 02:00:00
2022-09-21,1,2022,0.5,7.2,5.6,0.0,13.22,0.0,880433.0,6.63,7.5,2022-09-21 02:00:00
2022-09-22,1,2022,1.0,7.2,6.09,2.6,10.66,0.0,906561.0,6.22,13.79,2022-09-22 02:00:00
2022-09-23,1,2022,0.0,7.8,6.19,0.1,8.23,0.0,915755.0,5.14,67.39,2022-09-23 02:00:00
2022-09-24,1,2022,0.0,7.4,5.95,0.0,7.56,0.0,947264.0,5.35,54.61,2022-09-24 02:00:00
2022-09-25,1,2022,2.2,7.8,5.34,0.2,16.03,0.0,970990.0,5.61,28.13,2022-09-25 02:00:00
2022-09-26,1,2022,3.5,7.6,6.6,0.4,21.14,0.0,909280.0,4.17,45.27,2022-09-26 02:00:00
2022-09-27,1,2022,0.6,7.4,5.07,0.0,12.39,0.0,949551.0,6.8,7.9,2022-09-27 02:00:00
2022-09-28,1,2022,7.5,7.4,5.88,0.4,32.52,0.0,934106.0,-0.16,102.13,2022-09-28 02:00:00
2022-09-29,1,2022,0.9,7.4,6.15,0.6,9.97,0.0,908618.0,6.46,12.71,2022-09-29 02:00:00
2022-09-30,1,2022,1.0,7.2,5.77,0.0,13.35,0.0,954240.0,6.2,13.77,2022-09-30 02:00:00
2022-10-01,1,2022,0.4,7.6,6.4,0.0,7.2,0.0,919173.0,7.26,4.86,2022-10-01 02:00:00
2022-10-02,1,2022,0.0,8.0,5.83,0.8,11.96,0.0,970695.0,4.32,92.45,2022-10-02 02:00:00
2022-10-03,1,2022,1.6,7.2,6.32,1.6,20.27,0.0,973662.0,5.68,21.57,2022-10-03 02:00:00
2022-10-04,1,2022,0.0,7.9,5.63,0.0,10.65,0.0,972338.0,7.91,0.0,2022-10-04 02:00:00
2022-10-05,1,2022,0.3,7.3,6.68,1.4,13.39,0.0,980713.0,2.63,122.82,2022-10-05 02:00:00
2022-10-06,1,2022,0.4,7.2,5.96,0.7,9.86,0.0,1069984.0,5.6,38.09,2022-10-06 02:00:00
2022-10-07,1,2022,0.5,7.4,6.15,0.0,10.58,0.0,1094110.0,3.14,107.94,2022-10-07 02:00:00
2022-10-08,1,2022,1.6,7.1,5.42,0.5,13.65,0.0,1102583.0,2.7,102.12,2022-10-08 02:00:00
2022-10-09,1,2022,2.9,7.3,5.58,0.0,18.45,0.0,1057715.0,4.42,39.42,2022-10-09 02:00:00
2022-10-10,1,2022,0.4,7.3,6.25,0.5,14.72,0.0,1086325.0,6.94,5.47,2022-10-10 02:00:00
2022-10-11,1,2022,0.1,7.6,5.93,1.2,8.39,0.0,1108611.0,7.53,1.35,2022-10-11 02:00:00
2022-10-12,1,2022,0.5,7.5,6.18,0.1,17.17,0.0,1091069.0,7.06,6.29,2022-10-12 02:00:00
2022-10-13,1,2022,1.7,7.5,6.34,0.0,9.65,0.0,1056116.0,5.85,22.3,2022-10-13 02:00:00
2022-10-14,1,2022,1.3,7.6,6.12,0.4,13.23,0.0,1035363.0,6.28,17.59,2022-10-14 02:00:00
2022-10-15,1,2022,1.6,7.2,6.48,0.3,7.35,0.0,1101492.0,5.58,22.41,2022-10-15 02:00:00
2022-10-16,1,2022,3.9,7.4,6.11,0.0,17.74,0.0,1088750.0,3.55,52.19,2022-10-16 02:00:00
2022-10-17,1,2022,0.6,7.4,5.21,0.0,6.75,0.0,1081122.0,6.79,8.28,2022-10-17 02:00:00
2022-10-18,1,2022,0.2,6.7,6.27,1.2,10.76,0.0,1089076.0,6.47,3.45,2022-10-18 02:00:00
2022-10-19,1,2022,1.8,7.7,5.56,1.2,15.06,0.0,1090782.0,5.88,23.16,2022-10-19 02:00:00
2022-10-20,1,2022,0.1,7.2,6.09,0.0,7.22,0.0,1064201.0,7.06,1.38,2022-10-20 02:00:00
2022-10-21,1,2022,0.0,7.3,6.2,0.0,11.44,0.0,1085410.0,7.29,0.0,2022-10-21 02:00:00
2022-10-22,1,2022,0.7,7.0,6.74,0.6,8.81,0.0,1094900.0,6.21,10.67,2022-10-22 02:00:00
2022-10-23,1,2022,1.0,8.0,5.64,0.0,6.21,0.0,1096759.0,6.96,12.98,2022-10-23 02:00:00
2022-10-24,1,2022,1.0,7.9,6.34,0.4,10.79,0.0,1078875.0,6.95,12.15,2022-10-24 02:00:00
2022-10-25,1,2022,0.6,6.9,5.75,0.2,10.09,0.0,1077673.0,6.37,8.26,2022-10-25 02:00:00
2022-10-26,1,2022,2.2,7.4,6.35,1.6,15.83,0.0,1093590.0,5.18,30.2,2022-10-26 02:00:00
2022-10-27,1,2022,0.2,7.9,5.79,0.0,4.51,0.0,1067031.0,7.72,2.17,2022-10-27 02:00:00
2022-10-28,1,2022,6.5,7.4,5.68,0.5,23.97,0.0,1096432.0,0.96,87.02,2022-10-28 02:00:00
2022-10-29,1,2022,6.3,7.6,6.54,1.5,27.09,0.0,1125953.0,1.25,83.51,2022-10-29 02:00:00
2022-10-30,1,2022,8.3,6.8,6.19,0.6,30.15,0.0,1054752.0,-1.46,121.56,2022-10-30 02:00:00
2022-10-31,1,2022,1.1,7.3,5.83,0.0,13.41,0.0,1121815.0,6.17,15.54,2022-10-31 02:00:00
2022-11-01,1,2022,1.0,7.4,5.65,0.9,11.84,0.0,1096876.0,6.37,13.65,2022-11-01 02:00:00
2022-11-02,1,2022,1.4,7.5,6.25,0.0,15.42,0.0,1100400.0,6.1,18.35,2022-11-02 02:00:00
2022-11-03,1,2022,1.3,7.1,5.84,0.5,11.79,0.0,1048277.0,5.81,17.84,2022-11-03 02:00:00
2022-11-04,1,2022,0.1,7.3,5.79,0.2,12.4,0.0,1086973.0,7.2,1.36,2022-11-04 02:00:00
2022-11-05,1,2022,0.9,7.4,5.27,0.0,8.45,0.0,1071518.0,6.52,11.98,2022-11-05 02:00:00
2022-11-06,1,2022,0.0,7.9,5.96,0.5,11.72,0.0,1089145.0,7.89,0.0,2022-11-06 02:00:00
2022-11-07,1,2022,1.7,7.7,5.63,0.4,10.76,0.0,1072448.0,6.04,21.63,2022-11-07 02:00:00
2022-11-08,1,2022,1.1,7.9,6.47,0.2,13.89,0.0,1073995.0,6.82,13.37,2022-11-08 02:00:00
2022-11-09,1,2022,0.7,7.4,5.95,0.8,12.16,0.0,1076493.0,6.74,9.22,2022-11-09 02:00:00
2022-11-10,1,2022,3.0,6.9,5.5,1.2,19.91,0.0,1104395.0,1.74,106.26,2022-11-10 02:00:00
2022-11-11,1,2022,2.9,7.8,6.24,0.0,15.72,0.0,1053735.0,4.98,36.41,2022-11-11 02:00:00
2022-11-12,1,2022,2.6,8.1,6.28,0.0,20.01,0.0,1077118.0,5.46,32.57,2022-11-12 02:00:00
2022-11-13,1,2022,0.0,7.5,6.04,0.0,9.91,0.0,1128819.0,7.46,0.0,2022-11-13 02:00:00
2022-11-14,1,2022,1.7,6.9,5.61,0.8,15.69,0.0,1100096.0,5.24,24.32,2022-11-14 02:00:00
2022-11-15,1,2022,1.0,7.7,6.21,1.9,15.96,0.0,1106526.0,6.74,12.77,2022-11-15 02:00:00
2022-11-16,1,2022,2.1,7.6,6.12,2.3,12.44,0.0,1142796.0,1.28,139.26,2022-11-16 02:00:00
2022-11-17,1,2022,2.3,7.3,5.39,0.0,15.53,0.0,1137620.0,5.05,31.14,2022-11-17 02:00:00
2022-11-18,1,2022,3.3,7.6,5.57,0.6,15.18,0.0,1147219.0,4.37,42.68,2022-11-18 02:00:00
2022-11-19,1,2022,1.0,7.7,5.96,0.9,11.07,0.0,1185220.0,6.73,13.02,2022-11-19 02:00:00
2022-11-20,1,2022,0.0,7.0,6.63,0.7,12.92,0.0,1117827.0,6.95,0.0,2022-11-20 02:00:00
2022-11-21,1,2022,0.6,7.5,6.36,0.2,7.22,0.0,1141632.0,6.96,7.57,2022-11-21 02:00:00
2022-11-22,1,2022,0.5,7.4,6.49,0.6,10.6,0.0,1169283.0,6.9,7.28,2022-11-22 02:00:00
2022-11-23,1,2022,0.6,7.3,5.53,0.0,9.09,0.0,1117400.0,6.8,7.49,2022-11-23 02:00:00
2022-11-24,1,2022,0.0,7.4,6.33,0.1,6.39,0.0,1157295.0,7.39,0.0,2022-11-24 02:00:00
2022-11-25,1,2022,3.3,7.7,6.06,0.2,13.92,0.0,1190886.0,4.44,42.39,2022-11-25 02:00:00
2022-11-26,1,2022,0.0,7.7,6.64,0.0,9.4,0.0,1171297.0,7.74,0.0,2022-11-26 02:00:00
2022-11-27,1,2022,0.1,7.6,6.0,0.0,4.06,0.0,1222924.0,3.04,118.31,2022-11-27 02:00:00
2022-11-28,1,2022,0.0,7.4,6.51,0.0,10.33,0.0,1160482.0,7.39,0.0,2022-11-28 02:00:00
2022-11-29,1,2022,0.2,8.0,6.57,0.6,14.97,0.0,1180815.0,7.76,2.52,2022-11-29 02:00:00
2022-11-30,1,2022,0.0,7.5,6.1,0.7,13.31,0.0,1215670.0,7.53,0.0,2022-11-30 02:00:00
2022-12-01,1,2022,0.7,8.0,6.4,0.0,12.31,0.0,1180394.0,7.34,8.42,2022-12-01 02:00:00
2022-12-02,1,2022,0.0,8.0,6.53,1.0,5.65,0.0,1185845.0,7.98,0.0,2022-12-02 02:00:00
2022-12-03,1,2022,0.0,7.8,6.37,0.8,8.64,0.0,1213874.0,7.75,0.0,2022-12-03 02:00:00
2022-12-04,1,2022,0.0,7.5,6.5,0.0,8.29,0.0,1203625.0,7.46,0.0,2022-12-04 02:00:00
2022-12-05,1,2022,0.0,7.2,5.87,0.3,9.12,0.0,1154439.0,7.19,0.0,2022-12-05 02:00:00
2022-12-06,1,2022,0.0,7.6,5.64,0.9,8.56,0.0,1186977.0,7.55,0.0,2022-12-06 02:00:00
2022-12-07,1,2022,0.0,7.2,5.83,0.0,5.6,0.0,1217896.0,3.11,113.15,2022-12-07 02:00:00
2022-12-08,1,2022,0.3,7.4,6.2,1.7,11.91,0.0,1255104.0,4.65,70.03,2022-12-08 02:00:00
2022-12-09,1,2022,1.9,7.9,6.39,1.5,15.49,0.0,1249624.0,6.01,23.88,2022-12-09 02:00:00
2022-12-10,1,2022,1.3,7.6,5.9,1.0,17.87,0.0,1300864.0,2.78,109.35,2022-12-10 02:00:00
2022-12-11,1,2022,7.2,8.1,5.72,2.8,29.0,0.0,1296622.0,0.88,89.14,2022-12-11 02:00:00
2022-12-12,1,2022,1.5,7.7,5.54,0.0,14.42,0.0,1266823.0,6.22,19.07,2022-12-12 02:00:00
2022-12-13,1,2022,5.7,8.2,6.14,0.0,20.85,0.0,1320301.0,-1.49,166.24,2022-12-13 02:00:00
2022-12-14,1,2022,0.0,7.7,6.05,0.6,9.54,0.0,1327586.0,7.7,0.0,2022-12-14 02:00:00
2022-12-15,1,2022,0.0,7.7,6.43,0.8,8.77,0.0,1330844.0,7.74,0.0,2022-12-15 02:00:00
2022-12-16,1,2022,7.1,7.9,5.92,2.2,25.32,0.0,1357238.0,0.8,89.81,2022-12-16 02:00:00
2022-12-17,1,2022,0.0,7.7,5.88,1.3,12.54,0.0,1282942.0,7.66,0.38,2022-12-17 02:00:00
2022-12-18,1,2022,0.0,8.4,5.92,0.0,10.62,0.0,1325564.0,8.41,0.0,2022-12-18 02:00:00
2022-12-19,1,2022,0.6,7.8,5.9,0.5,14.09,0.0,1316488.0,7.22,7.67,2022-12-19 02:00:00
2022-12-20,1,2022,0.0,7.5,5.88,1.0,13.29,0.0,1335059.0,7.54,0.0,2022-12-20 02:00:00
2022-12-21,1,2022,0.0,8.4,5.65,0.0,9.42,0.0,1347957.0,8.38,0.0,2022-12-21 02:00:00
2022-12-22,1,2022,0.6,7.4,6.12,0.0,11.08,0.0,1315740.0,6.81,7.72,2022-12-22 02:00:00
2022-12-23,1,2022,2.1,7.7,5.87,0.9,11.09,0.0,1343813.0,5.55,27.69,2022-12-23 02:00:00
2022-12-24,1,2022,0.0,7.9,6.48,0.0,14.78,0.0,1361597.0,7.84,0.56,2022-12-24 02:00:00
2022-12-25,1,2022,1.7,8.1,6.03,0.0,14.26,0.0,1330269.0,6.32,21.64,2022-12-25 02:00:00
2022-12-26,1,2022,0.2,7.8,7.14,0.4,11.85,0.0,1305705.0,7.52,3.03,2022-12-26 02:00:00
2022-12-27,1,2022,5.5,7.8,5.57,0.5,28.11,0.0,1315565.0,2.37,69.81,2022-12-27 02:00:00
2022-12-28,1,2022,0.3,8.3,6.08,0.0,10.68,0.0,1303362.0,8.03,3.4,2022-12-28 02:00:00
2022-12-29,1,2022,0.2,7.9,5.76,0.0,14.74,0.0,1321206.0,7.72,2.05,2022-12-29 02:00:00
2022-12-30,1,2022,4.0,7.2,5.86,0.8,19.94,0.0,1340301.0,3.22,55.37,2022-12-30 02:00:00
2022-12-31,1,2022,0.1,8.4,6.77,0.0,14.62,0.0,1330551.0,8.38,0.66,2022-12-31 02:00:00
2020-01-02,2,2020,0.8,6.2,5.01,0.0,10.38,4994410.0,144606.0,5.45,12.36,2020-01-02 02:00:00
2020-01-03,2,2020,0.6,6.1,5.18,0.3,11.24,4942893.0,89735.0,5.49,10.12,2020-01-03 02:00:00
2020-01-04,2,2020,4.4,5.9,5.08,1.6,22.78,4897382.0,126871.0,-0.32,135.96,2020-01-04 02:00:00
2020-01-05,2,2020,0.1,5.7,4.04,0.0,11.52,4792693.0,98127.0,5.58,2.03,2020-01-05 02:00:00
2020-01-06,2,2020,0.0,6.0,4.6,0.5,14.25,4792124.0,135517.0,6.02,0.05,2020-01-06 02:00:00
2020-01-07,2,2020,0.5,5.8,4.96,0.9,12.73,4699909.0,105984.0,5.35,8.34,2020-01-07 02:00:00
2020-01-08,2,2020,10.6,7.0,4.67,1.5,36.59,4720442.0,106991.0,-3.58,150.86,2020-01-08 02:00:00
2020-01-09,2,2020,2.6,6.4,4.63,0.1,15.17,4754948.0,132437.0,3.79,40.9,2020-01-09 02:00:00
2020-01-10,2,2020,7.0,6.2,5.86,0.4,24.9,4755051.0,110447.0,-0.72,111.49,2020-01-10 02:00:00
2020-01-11,2,2020,0.3,6.4,5.16,0.0,13.34,4758480.0,135790.0,6.08,4.33,2020-01-11 02:00:00
2020-01-12,2,2020,0.8,6.4,4.76,0.0,9.13,4669204.0,96943.0,5.57,12.62,2020-01-12 02:00:00
2020-01-13,2,2020,1.2,6.4,4.83,0.4,6.42,4547062.0,119855.0,5.14,19.35,2020-01-13 02:00:00
2020-01-14,2,2020,2.7,6.3,5.39,0.5,17.21,4472371.0,115492.0,3.63,42.71,2020-01-14 02:00:00
2020-01-15,2,2020,0.0,6.5,4.75,0.4,14.23,4519725.0,85420.0,6.53,0.0,2020-01-15 02:00:00
2020-01-16,2,2020,1.5,5.7,5.54,0.0,13.62,4422565.0,117848.0,4.22,26.43,2020-01-16 02:00:00
2020-01-17,2,2020,1.0,6.3,5.64,0.4,18.36,4354311.0,114399.0,5.22,16.5,2020-01-17 02:00:00
2020-01-18,2,2020,0.6,6.5,4.8,0.8,14.89,4267577.0,107334.0,5.87,9.92,2020-01-18 02:00:00
2020-01-19,2,2020,3.3,6.6,4.73,0.5,12.99,4279818.0,117525.0,3.27,50.19,2020-01-19 02:00:00
2020-01-20,2,2020,0.7,6.3,4.66,0.0,8.04,4271892.0,98662.0,5.66,10.38,2020-01-20 02:00:00
2020-01-21,2,2020,4.5,6.3,5.19,2.7,23.4,4153679.0,139790.0,-1.25,168.51,2020-01-21 02:00:00
2020-01-22,2,2020,2.8,6.3,5.16,0.6,18.49,4223035.0,149405.0,3.43,45.33,2020-01-22 02:00:00
2020-01-23,2,2020,0.4,6.3,5.27,0.4,8.62,4159703.0,128930.0,5.9,6.27,2020-01-23 02:00:00
2020-01-24,2,2020,2.9,6.3,5.42,0.7,20.16,4074448.0,167536.0,3.34,46.75,2020-01-24 02:00:00
2020-01-25,2,2020,1.8,6.7,5.32,0.0,9.85,4029488.0,177619.0,4.97,26.28,2020-01-25 02:00:00
2020-01-26,2,2020,4.0,5.9,5.4,2.2,21.45,4004121.0,161138.0,1.81,69.06,2020-01-26 02:00:00
2020-01-27,2,2020,1.9,5.9,4.99,0.0,17.81,3921557.0,160884.0,4.07,31.46,2020-01-27 02:00:00
2020-01-28,2,2020,8.7,6.4,4.65,2.6,29.86,3880271.0,151130.0,-2.22,134.44,2020-01-28 02:00:00
2020-01-29,2,2020,2.6,6.2,5.38,1.2,16.62,3923737.0,135314.0,3.61,41.49,2020-01-29 02:00:00
2020-01-30,2,2020,0.2,5.7,4.94,0.9,7.02,3843269.0,118846.0,5.49,3.27,2020-01-30 02:00:00
2020-01-31,2,2020,5.3,6.0,5.31,1.0,25.35,3864427.0,172383.0,-0.76,136.35,2020-01-31 02:00:00
2020-02-01,2,2020,0.7,5.8,4.91,0.0,6.91,3759800.0,182312.0,5.15,11.81,2020-02-01 02:00:00
2020-02-02,2,2020,3.1,6.1,5.74,0.0,19.25,3796247.0,162834.0,2.95,51.5,2020-02-02 02:00:00
2020-02-03,2,2020,0.6,6.4,4.78,0.0,5.75,3781894.0,123423.0,5.8,8.89,2020-02-03 02:00:00
2020-02-04,2,2020,0.7,6.3,5.37,0.0,13.61,3664001.0,138815.0,5.62,10.98,2020-02-04 02:00:00
2020-02-05,2,2020,0.8,6.9,5.15,0.0,9.49,3662979.0,190859.0,2.83,105.79,2020-02-05 02:00:00
2020-02-06,2,2020,0.0,7.0,4.95,0.0,11.87,3608857.0,232909.0,6.97,0.0,2020-02-06 02:00:00
2020-02-07,2,2020,0.4,6.4,5.54,0.4,12.75,3502796.0,198949.0,2.47,116.94,2020-02-07 02:00:00
2020-02-08,2,2020,0.0,6.4,5.16,1.4,5.81,3411869.0,230635.0,2.83,111.09,2020-02-08 02:00:00
2020-02-09,2,2020,2.9,6.7,5.35,1.1,16.56,3458087.0,269841.0,3.79,43.42,2020-02-09 02:00:00
2020-02-10,2,2020,1.0,6.5,5.0,0.6,16.92,3300807.0,281503.0,3.38,80.11,2020-02-10 02:00:00
2020-02-11,2,2020,2.7,6.4,5.02,0.1,19.21,3219997.0,296898.0,3.76,41.6,2020-02-11 02:00:00
2020-02-12,2,2020,0.5,6.2,4.96,0.7,8.8,3260665.0,291924.0,5.7,8.61,2020-02-12 02:00:00
2020-02-13,2,2020,4.1,5.8,5.22,1.1,18.82,3110264.0,339754.0,-1.83,192.59,2020-02-13 02:00:00
2020-02-14,2,2020,0.2,6.3,4.38,0.6,4.98,3047655.0,326144.0,6.09,3.2,2020-02-14 02:00:00
2020-02-15,2,2020,8.3,6.8,4.97,2.2,31.31,3146421.0,296814.0,-1.48,121.62,2020-02-15 02:00:00
2020-02-16,2,2020,1.5,6.2,4.69,1.0,16.9,3166034.0,317554.0,4.75,23.59,2020-02-16 02:00:00
2020-02-17,2,2020,1.8,6.3,5.5,0.0,14.21,3094404.0,323284.0,4.46,28.93,2020-02-17 02:00:00
2020-02-18,2,2020,1.1,6.1,5.47,0.6,13.22,3032290.0,305803.0,5.09,17.12,2020-02-18 02:00:00
2020-02-19,2,2020,1.7,6.4,5.08,2.2,7.14,3047691.0,310639.0,4.78,25.8,2020-02-19 02:00:00
2020-02-20,2,2020,1.3,6.4,5.22,0.3,13.2,2800761.0,337296.0,5.03,20.76,2020-02-20 02:00:00
2020-02-21,2,2020,1.8,5.8,4.99,1.7,16.31,2958596.0,286183.0,4.0,30.77,2020-02-21 02:00:00
2020-02-22,2,2020,2.6,6.3,4.9,0.0,13.09,2925742.0,334895.0,3.69,41.57,2020-02-22 02:00:00
2020-02-23,2,2020,0.6,6.6,5.45,0.2,13.51,2823765.0,361825.0,6.01,9.22,2020-02-23 02:00:00
2020-02-24,2,2020,0.0,6.8,5.56,0.0,6.18,2690308.0,308850.0,6.79,0.0,2020-02-24 02:00:00
2020-02-25,2,2020,1.3,6.3,5.4,0.2,18.79,2784847.0,304215.0,4.92,21.49,2020-02-25 02:00:00
2020-02-26,2,2020,2.0,6.3,4.67,0.0,12.28,2728808.0,320831.0,4.35,31.18,2020-02-26 02:00:00
2020-02-27,2,2020,0.6,5.8,4.91,0.4,12.45,2631293.0,354190.0,5.22,9.71,2020-02-27 02:00:00
2020-02-28,2,2020,2.3,6.4,5.35,0.0,15.62,2563715.0,355514.0,4.09,35.81,2020-02-28 02:00:00
2020-02-29,2,2020,0.5,6.3,5.44,0.0,11.5,2437657.0,309541.0,5.79,7.77,2020-02-29 02:00:00
2020-03-01,2,2020,1.2,6.6,4.6,2.5,11.93,2361621.0,303400.0,5.36,18.71,2020-03-01 02:00:00
2020-03-02,2,2020,1.0,6.5,5.55,0.0,11.08,2370006.0,333809.0,5.46,15.97,2020-03-02 02:00:00
2020-03-03,2,2020,0.0,6.5,5.3,0.6,6.68,2275842.0,317919.0,6.54,0.0,2020-03-03 02:00:00
2020-03-04,2,2020,7.8,6.6,5.55,3.1,34.07,2328645.0,314638.0,-1.22,118.43,2020-03-04 02:00:00
2020-03-05,2,2020,2.3,6.3,5.54,0.1,19.02,2303333.0,326903.0,3.97,36.73,2020-03-05 02:00:00
2020-03-06,2,2020,3.6,6.6,4.87,0.5,16.58,2248507.0,296571.0,3.04,54.08,2020-03-06 02:00:00
2020-03-07,2,2020,0.0,6.3,5.4,0.1,9.17,2120107.0,333749.0,6.21,0.73,2020-03-07 02:00:00
2020-03-08,2,2020,1.4,6.0,5.26,0.4,14.28,2203932.0,366799.0,-0.26,185.6,2020-03-08 02:00:00
2020-03-09,2,2020,0.3,5.7,5.97,0.0,7.69,2064430.0,389436.0,5.36,6.05,2020-03-09 02:00:00
2020-03-10,2,2020,0.4,6.3,5.24,0.0,15.53,1985238.0,348873.0,5.84,7.03,2020-03-10 02:00:00
2020-03-11,2,2020,0.0,5.9,4.74,0.0,6.21,1948520.0,386986.0,5.84,0.72,2020-03-11 02:00:00
2020-03-12,2,2020,5.9,6.1,5.09,1.4,21.31,1896046.0,340152.0,0.16,97.43,2020-03-12 02:00:00
2020-03-13,2,2020,0.6,6.4,5.25,1.5,10.08,1876713.0,367302.0,5.78,9.93,2020-03-13 02:00:00
2020-03-14,2,2020,1.6,6.7,5.38,2.2,14.68,1790795.0,358187.0,5.15,23.41,2020-03-14 02:00:00
2020-03-15,2,2020,1.6,6.1,5.81,0.3,15.83,1792054.0,381480.0,4.49,26.44,2020-03-15 02:00:00
2020-03-16,2,2020,1.5,5.7,5.0,0.0,9.62,1681030.0,380042.0,4.13,27.2,2020-03-16 02:00:00
2020-03-17,2,2020,9.7,6.6,4.94,2.0,36.26,1780037.0,397810.0,-3.13,147.79,2020-03-17 02:00:00
2020-03-18,2,2020,0.7,5.9,5.26,0.0,18.56,1802785.0,390854.0,5.17,12.44,2020-03-18 02:00:00
2020-03-19,2,2020,0.1,6.4,5.21,0.3,9.23,1673522.0,354345.0,6.25,1.74,2020-03-19 02:00:00
2020-03-20,2,2020,0.1,6.0,5.32,0.0,9.16,1719488.0,399290.0,5.88,1.4,2020-03-20 02:00:00
2020-03-21,2,2020,1.6,6.4,6.04,0.0,18.99,1588823.0,377520.0,4.81,24.65,2020-03-21 02:00:00
2020-03-22,2,2020,0.9,5.7,5.3,0.3,11.95,1615149.0,377106.0,4.78,16.37,2020-03-22 02:00:00
2020-03-23,2,2020,0.4,6.3,6.05,0.0,14.04,1437161.0,404950.0,5.96,5.91,2020-03-23 02:00:00
2020-03-24,2,2020,0.0,6.4,4.99,0.4,10.03,1392905.0,385797.0,6.42,0.0,2020-03-24 02:00:00
2020-03-25,2,2020,0.0,6.4,4.91,0.0,9.85,1380515.0,351437.0,6.42,0.0,2020-03-25 02:00:00
2020-03-26,2,2020,0.8,6.4,5.71,0.7,9.58,1269885.0,383989.0,4.08,60.22,2020-03-26 02:00:00
2020-03-27,2,2020,0.0,6.4,5.4,0.5,5.48,1200714.0,368110.0,6.41,0.0,2020-03-27 02:00:00
2020-03-28,2,2020,1.0,6.2,5.01,0.0,17.66,1114747.0,401776.0,5.2,16.79,2020-03-28 02:00:00
2020-03-29,2,2020,0.1,6.4,6.19,0.9,7.72,1177905.0,380373.0,6.28,2.2,2020-03-29 02:00:00
2020-03-30,2,2020,0.9,6.0,5.08,0.4,14.18,1068959.0,401500.0,5.08,14.95,2020-03-30 02:00:00
2020-03-31,2,2020,0.0,6.2,5.54,0.0,4.31,960997.0,392647.0,6.22,0.0,2020-03-31 02:00:00
2020-04-01,2,2020,1.5,6.4,5.78,0.0,11.16,880356.0,400768.0,4.83,24.04,2020-04-01 02:00:00
2020-04-02,2,2020,0.0,6.1,5.1,0.6,6.66,936762.0,395133.0,6.05,0.0,2020-04-02 02:00:00
2020-04-03,2,2020,2.6,6.4,4.94,0.0,17.18,915908.0,360789.0,3.82,40.08,2020-04-03 02:00:00
2020-04-04,2,2020,1.2,5.7,5.4,1.2,15.57,832267.0,440863.0,0.67,155.18,2020-04-04 02:00:00
2020-04-05,2,2020,0.2,6.3,5.8,0.0,9.17,760012.0,473019.0,2.36,121.98,2020-04-05 02:00:00
2020-04-06,2,2020,0.0,6.5,5.85,1.6,14.93,700499.0,475849.0,6.5,0.58,2020-04-06 02:00:00
2020-04-07,2,2020,2.0,7.2,5.1,0.0,15.42,636324.0,463527.0,5.24,27.35,2020-04-07 02:00:00
2020-04-08,2,2020,0.4,6.7,5.64,0.1,12.79,567820.0,474188.0,6.3,5.84,2020-04-08 02:00:00
2020-04-09,2,2020,1.0,6.5,5.02,0.2,11.9,555675.0,443199.0,5.48,15.45,2020-04-09 02:00:00
2020-04-10,2,2020,0.7,7.1,5.2,0.0,12.59,422777.0,459613.0,6.45,9.56,2020-04-10 02:00:00
2020-04-11,2,2020,0.0,6.8,4.88,0.0,12.21,398545.0,462650.0,6.83,0.0,2020-04-11 02:00:00
2020-04-12,2,2020,0.4,6.3,5.05,0.2,7.3,273994.0,451991.0,5.84,6.61,2020-04-12 02:00:00
2020-04-13,2,2020,0.2,6.9,5.57,1.9,12.56,310322.0,432343.0,6.65,2.95,2020-04-13 02:00:00
2020-04-14,2,2020,3.3,6.4,5.13,1.5,23.86,195501.0,474154.0,-0.34,159.42,2020-04-14 02:00:00
2020-04-15,2,2020,0.4,6.8,5.19,0.2,12.2,155148.0,546024.0,2.39,124.5,2020-04-15 02:00:00
2020-04-16,2,2020,0.0,6.3,5.23,0.3,13.13,15588.0,547261.0,6.29,0.0,2020-04-16 02:00:00
2020-04-17,2,2020,2.2,6.9,5.43,0.0,10.42,40553.0,542588.0,4.74,31.27,2020-04-17 02:00:00
2020-04-18,2,2020,0.0,6.8,4.97,0.1,15.59,0.0,525873.0,6.84,0.0,2020-04-18 02:00:00
2020-04-19,2,2020,0.0,6.8,4.97,0.4,13.53,0.0,527912.0,6.81,0.0,2020-04-19 02:00:00
2020-04-20,2,2020,3.6,6.6,5.51,0.0,19.9,0.0,518435.0,3.03,54.17,2020-04-20 02:00:00
2020-04-21,2,2020,1.1,6.6,5.78,0.4,14.52,0.0,529058.0,5.52,16.93,2020-04-21 02:00:00
2020-04-22,2,2020,1.4,6.7,5.25,0.0,15.35,0.0,518667.0,5.37,20.16,2020-04-22 02:00:00
2020-04-23,2,2020,0.2,6.3,5.37,0.5,6.81,0.0,568678.0,6.12,3.19,2020-04-23 02:00:00
2020-04-24,2,2020,10.3,6.5,5.3,1.2,32.81,0.0,561765.0,-3.78,158.04,2020-04-24 02:00:00
2020-04-25,2,2020,0.0,6.6,5.45,0.0,10.74,0.0,536807.0,6.56,0.0,2020-04-25 02:00:00
2020-04-26,2,2020,2.0,7.0,4.68,0.0,15.85,0.0,558248.0,5.07,27.95,2020-04-26 02:00:00
2020-04-27,2,2020,7.2,6.5,5.39,1.6,26.53,0.0,544261.0,-0.79,112.23,2020-04-27 02:00:00
2020-04-28,2,2020,2.7,6.5,5.58,0.4,17.65,0.0,563719.0,3.85,40.85,2020-04-28 02:00:00
2020-04-29,2,2020,0.0,6.6,5.49,0.0,12.4,0.0,484191.0,6.65,0.0,2020-04-29 02:00:00
2020-04-30,2,2020,3.3,6.4,4.71,0.0,18.79,0.0,538014.0,3.04,52.09,2020-04-30 02:00:00
2020-05-01,2,2020,0.9,6.2,5.26,0.2,14.31,0.0,573622.0,5.31,14.52,2020-05-01 02:00:00
2020-05-02,2,2020,0.1,7.2,5.13,0.3,12.65,0.0,518378.0,7.04,1.8,2020-05-02 02:00:00
2020-05-03,2,2020,0.0,6.1,5.72,0.0,10.03,0.0,534833.0,6.06,0.64,2020-05-03 02:00:00
2020-05-04,2,2020,5.3,6.7,4.88,0.7,23.59,0.0,599760.0,-3.61,228.31,2020-05-04 02:00:00
2020-05-05,2,2020,2.8,6.5,5.05,0.0,22.46,0.0,578919.0,3.65,43.51,2020-05-05 02:00:00
2020-05-06,2,2020,0.3,6.8,4.87,0.0,12.56,0.0,565855.0,6.47,4.78,2020-05-06 02:00:00
2020-05-07,2,2020,0.9,6.1,5.73,0.0,15.73,0.0,606222.0,5.26,13.98,2020-05-07 02:00:00
2020-05-08,2,2020,1.1,6.4,5.78,1.3,9.8,0.0,585432.0,5.37,16.8,2020-05-08 02:00:00
2020-05-09,2,2020,0.4,6.7,4.86,0.9,10.37,0.0,570467.0,6.31,5.87,2020-05-09 02:00:00
2020-05-10,2,2020,0.2,6.9,5.83,0.0,15.49,0.0,592691.0,6.69,2.92,2020-05-10 02:00:00
2020-05-11,2,2020,0.2,6.8,5.44,0.9,11.04,0.0,585572.0,6.62,3.13,2020-05-11 02:00:00
2020-05-12,2,2020,0.0,6.0,5.81,0.1,12.28,0.0,605247.0,5.95,0.0,2020-05-12 02:00:00
2020-05-13,2,2020,0.9,7.0,4.76,1.6,11.53,0.0,584099.0,6.08,13.32,2020-05-13 02:00:00
2020-05-14,2,2020,0.0,6.2,5.45,0.5,9.67,0.0,612766.0,6.19,0.0,2020-05-14 02:00:00
2020-05-15,2,2020,0.0,6.8,5.79,0.0,11.5,0.0,587192.0,6.8,0.19,2020-05-15 02:00:00
2020-05-16,2,2020,3.7,6.1,5.68,1.3,14.34,0.0,580567.0,2.46,60.01,2020-05-16 02:00:00
2020-05-17,2,2020,0.1,7.0,5.17,0.0,13.0,0.0,621599.0,6.84,1.64,2020-05-17 02:00:00
2020-05-18,2,2020,0.0,6.8,5.39,0.1,12.79,0.0,602999.0,6.8,0.0,2020-05-18 02:00:00
2020-05-19,2,2020,2.2,6.5,6.21,0.4,17.36,0.0,626606.0,4.28,34.38,2020-05-19 02:00:00
2020-05-20,2,2020,0.5,6.6,5.64,0.0,12.5,0.0,575160.0,6.03,8.16,2020-05-20 02:00:00
2020-05-21,2,2020,2.9,6.4,5.99,0.0,21.99,0.0,549054.0,3.49,45.82,2020-05-21 02:00:00
2020-05-22,2,2020,2.4,6.5,4.76,0.0,16.22,0.0,603125.0,4.09,37.38,2020-05-22 02:00:00
2020-05-23,2,2020,0.2,6.4,5.28,0.0,9.5,0.0,619484.0,6.3,2.33,2020-05-23 02:00:00
2020-05-24,2,2020,0.7,6.5,5.76,1.1,11.34,0.0,614221.0,5.84,10.15,2020-05-24 02:00:00
2020-05-25,2,2020,1.2,6.7,5.51,0.0,15.51,0.0,609773.0,5.46,18.53,2020-05-25 02:00:00
2020-05-26,2,2020,0.5,6.4,5.79,0.0,14.23,0.0,602618.0,5.9,7.53,2020-05-26 02:00:00
2020-05-27,2,2020,2.8,6.6,4.98,0.6,17.55,0.0,588530.0,3.79,42.28,2020-05-27 02:00:00
2020-05-28,2,2020,3.9,7.0,5.32,0.0,19.52,0.0,571443.0,3.05,56.22,2020-05-28 02:00:00
2020-05-29,2,2020,1.1,6.9,5.31,0.0,14.06,0.0,580856.0,5.8,15.76,2020-05-29 02:00:00
2020-05-30,2,2020,2.7,6.6,6.11,1.0,11.22,0.0,600652.0,3.87,41.02,2020-05-30 02:00:00
2020-05-31,2,2020,1.6,6.2,5.3,0.0,11.84,0.0,587404.0,4.54,26.33,2020-05-31 02:00:00
2020-06-01,2,2020,0.0,6.8,4.48,0.0,7.91,0.0,605617.0,6.85,0.0,2020-06-01 02:00:00
2020-06-02,2,2020,0.7,7.0,5.65,0.0,13.08,0.0,569062.0,6.34,9.91,2020-06-02 02:00:00
2020-06-03,2,2020,0.9,6.7,5.63,1.2,8.33,0.0,608581.0,5.75,13.54,2020-06-03 02:00:00
2020-06-04,2,2020,0.2,6.3,5.72,0.0,7.54,0.0,590944.0,6.18,2.39,2020-06-04 02:00:00
2020-06-05,2,2020,0.0,6.9,5.7,0.0,12.67,0.0,579857.0,6.91,0.0,2020-06-05 02:00:00
2020-06-06,2,2020,0.0,6.7,5.23,0.4,9.77,0.0,603809.0,6.67,0.0,2020-06-06 02:00:00
2020-06-07,2,2020,1.9,6.5,5.66,1.7,18.32,0.0,589507.0,4.59,29.22,2020-06-07 02:00:00
2020-06-08,2,2020,0.0,7.3,5.89,0.0,11.34,0.0,619487.0,7.31,0.0,2020-06-08 02:00:00
2020-06-09,2,2020,1.0,7.3,4.8,0.4,10.81,0.0,601213.0,6.35,13.11,2020-06-09 02:00:00
2020-06-10,2,2020,10.7,6.3,5.2,1.2,39.36,0.0,578176.0,-4.47,171.13,2020-06-10 02:00:00
2020-06-11,2,2020,4.5,6.5,4.93,1.2,26.93,0.0,580293.0,2.0,69.45,2020-06-11 02:00:00
2020-06-12,2,2020,1.1,7.0,5.91,0.2,9.67,0.0,602057.0,5.91,15.73,2020-06-12 02:00:00
2020-06-13,2,2020,1.3,7.0,4.87,0.2,20.38,0.0,627046.0,5.64,19.15,2020-06-13 02:00:00
2020-06-14,2,2020,6.8,7.0,5.89,0.5,27.63,0.0,565428.0,0.19,97.3,2020-06-14 02:00:00
2020-06-15,2,2020,0.0,6.7,5.74,0.0,6.56,0.0,609383.0,6.74,0.0,2020-06-15 02:00:00
2020-06-16,2,2020,0.0,6.8,5.49,0.0,6.17,0.0,559750.0,6.83,0.0,2020-06-16 02:00:00
2020-06-17,2,2020,4.4,6.3,5.24,1.8,23.24,0.0,549815.0,1.92,69.6,2020-06-17 02:00:00
2020-06-18,2,2020,2.0,6.8,5.05,0.7,19.54,0.0,604620.0,4.85,29.25,2020-06-18 02:00:00
2020-06-19,2,2020,0.5,6.5,5.58,0.0,9.61,0.0,563133.0,6.05,6.97,2020-06-19 02:00:00
2020-06-20,2,2020,2.3,7.3,4.7,0.7,10.31,0.0,599651.0,2.16,110.27,2020-06-20 02:00:00
2020-06-21,2,2020,0.0,7.1,5.66,0.4,13.02,0.0,582811.0,7.15,0.0,2020-06-21 02:00:00
2020-06-22,2,2020,0.0,7.3,4.88,0.0,9.93,0.0,597461.0,7.31,0.0,2020-06-22 02:00:00
2020-06-23,2,2020,0.1,6.7,6.09,0.0,13.17,0.0,638134.0,6.64,1.63,2020-06-23 02:00:00
2020-06-24,2,2020,2.2,7.1,4.67,1.0,17.03,0.0,626133.0,4.88,31.2,2020-06-24 02:00:00
2020-06-25,2,2020,2.6,6.8,5.65,0.5,11.79,0.0,611570.0,4.15,38.78,2020-06-25 02:00:00
2020-06-26,2,2020,0.0,7.2,4.96,0.0,4.97,0.0,631479.0,7.19,0.0,2020-06-26 02:00:00
2020-06-27,2,2020,1.4,6.3,5.84,0.0,15.15,0.0,617983.0,1.94,116.73,2020-06-27 02:00:00
2020-06-28,2,2020,6.5,6.2,5.48,0.6,25.71,0.0,659055.0,-0.29,104.72,2020-06-28 02:00:00
2020-06-29,2,2020,1.3,6.7,6.02,0.8,12.68,0.0,662363.0,4.1,57.18,2020-06-29 02:00:00
2020-06-30,2,2020,0.3,7.1,5.32,1.4,6.5,0.0,662571.0,6.79,4.39,2020-06-30 02:00:00
2020-07-01,2,2020,0.9,7.0,5.46,0.0,9.35,0.0,658732.0,6.13,12.49,2020-07-01 02:00:00
2020-07-02,2,2020,1.6,6.8,6.27,1.1,16.67,0.0,630301.0,5.23,23.17,2020-07-02 02:00:00
2020-07-03,2,2020,0.0,7.2,5.47,0.0,11.39,0.0,658675.0,7.19,0.0,2020-07-03 02:00:00
2020-07-04,2,2020,0.0,6.5,6.26,0.5,13.41,0.0,685134.0,6.49,0.0,2020-07-04 02:00:00
2020-07-05,2,2020,1.6,6.8,5.57,0.2,12.62,0.0,615586.0,5.2,24.09,2020-07-05 02:00:00
2020-07-06,2,2020,0.3,7.0,5.67,0.0,10.78,0.0,649523.0,6.71,3.89,2020-07-06 02:00:00
2020-07-07,2,2020,0.7,6.9,6.01,0.0,8.58,0.0,669987.0,6.16,10.67,2020-07-07 02:00:00
2020-07-08,2,2020,1.3,6.9,5.63,1.0,10.56,0.0,689956.0,2.22,116.38,2020-07-08 02:00:00
2020-07-09,2,2020,1.0,6.7,5.53,0.0,13.47,0.0,727398.0,1.87,130.04,2020-07-09 02:00:00
2020-07-10,2,2020,0.4,7.1,5.12,1.3,11.1,0.0,706580.0,6.77,4.95,2020-07-10 02:00:00
2020-07-11,2,2020,0.0,6.5,5.36,0.0,9.31,0.0,769003.0,6.54,0.0,2020-07-11 02:00:00
2020-07-12,2,2020,3.6,7.0,5.17,1.4,16.0,0.0,734961.0,3.38,51.85,2020-07-12 02:00:00
2020-07-13,2,2020,0.1,7.5,5.76,1.5,13.6,0.0,757493.0,7.35,1.35,2020-07-13 02:00:00
2020-07-14,2,2020,3.4,6.9,6.42,0.5,20.08,0.0,734305.0,3.57,48.67,2020-07-14 02:00:00
2020-07-15,2,2020,0.6,7.1,6.47,0.1,11.39,0.0,727877.0,6.47,8.68,2020-07-15 02:00:00
2020-07-16,2,2020,0.0,6.9,5.97,0.0,11.47,0.0,731138.0,6.88,0.0,2020-07-16 02:00:00
2020-07-17,2,2020,0.7,7.0,6.3,0.0,7.08,0.0,764190.0,6.2,10.76,2020-07-17 02:00:00
2020-07-18,2,2020,3.2,7.0,5.64,1.4,16.84,0.0,759265.0,3.82,45.48,2020-07-18 02:00:00
2020-07-19,2,2020,0.4,6.4,5.6,0.3,14.18,0.0,705830.0,5.98,6.94,2020-07-19 02:00:00
2020-07-20,2,2020,2.8,7.9,5.84,0.2,16.88,0.0,735043.0,5.12,35.36,2020-07-20 02:00:00
2020-07-21,2,2020,2.3,6.8,5.74,0.6,12.12,0.0,715422.0,4.54,33.22,2020-07-21 02:00:00
2020-07-22,2,2020,8.8,6.8,5.28,2.2,35.28,0.0,707651.0,-2.02,129.71,2020-07-22 02:00:00
2020-07-23,2,2020,0.0,6.9,5.03,1.5,7.73,0.0,733635.0,6.91,0.0,2020-07-23 02:00:00
2020-07-24,2,2020,0.0,7.0,5.45,0.0,7.11,0.0,716209.0,6.98,0.0,2020-07-24 02:00:00
2020-07-25,2,2020,3.6,6.9,5.46,0.5,16.25,0.0,744654.0,3.35,51.79,2020-07-25 02:00:00
2020-07-26,2,2020,2.6,6.7,6.65,0.0,19.8,0.0,707278.0,4.13,38.53,2020-07-26 02:00:00
2020-07-27,2,2020,5.1,6.3,6.11,1.0,17.81,0.0,720110.0,1.13,81.94,2020-07-27 02:00:00
2020-07-28,2,2020,0.4,7.0,5.79,1.6,13.99,0.0,736930.0,6.61,5.17,2020-07-28 02:00:00
2020-07-29,2,2020,0.7,7.2,5.25,0.0,9.85,0.0,750403.0,6.54,9.24,2020-07-29 02:00:00
2020-07-30,2,2020,1.4,6.7,6.23,0.0,7.75,0.0,714787.0,5.3,20.88,2020-07-30 02:00:00
2020-07-31,2,2020,0.1,7.0,5.82,0.2,12.67,0.0,779586.0,2.97,113.77,2020-07-31 02:00:00
2020-08-01,2,2020,2.7,6.9,5.43,1.4,19.12,0.0,790418.0,4.14,39.66,2020-08-01 02:00:00
2020-08-02,2,2020,1.0,7.0,5.6,0.0,13.71,0.0,775642.0,6.05,13.79,2020-08-02 02:00:00
2020-08-03,2,2020,1.0,7.3,5.15,0.0,15.02,0.0,771052.0,6.28,13.66,2020-08-03 02:00:00
2020-08-04,2,2020,0.7,6.6,5.92,0.0,13.86,0.0,812388.0,3.63,79.18,2020-08-04 02:00:00
2020-08-05,2,2020,0.0,7.5,5.69,0.0,9.06,0.0,782273.0,7.48,0.0,2020-08-05 02:00:00
2020-08-06,2,2020,1.4,7.1,5.88,0.0,9.92,0.0,822910.0,5.75,19.08,2020-08-06 02:00:00
2020-08-07,2,2020,3.8,7.1,5.94,1.4,24.99,0.0,793949.0,3.3,53.53,2020-08-07 02:00:00
2020-08-08,2,2020,0.0,7.5,5.68,0.9,8.18,0.0,814988.0,4.86,69.8,2020-08-08 02:00:00
2020-08-09,2,2020,0.9,7.3,5.85,0.4,10.86,0.0,806182.0,6.33,12.78,2020-08-09 02:00:00
2020-08-10,2,2020,0.1,7.1,5.94,0.3,10.34,0.0,830678.0,7.0,1.2,2020-08-10 02:00:00
2020-08-11,2,2020,1.3,6.8,4.99,0.7,8.24,0.0,851695.0,5.56,18.37,2020-08-11 02:00:00
2020-08-12,2,2020,0.0,6.9,5.76,0.0,12.01,0.0,822676.0,6.92,0.0,2020-08-12 02:00:00
2020-08-13,2,2020,0.8,7.1,6.32,0.4,14.31,0.0,852429.0,6.38,10.65,2020-08-13 02:00:00
2020-08-14,2,2020,3.5,7.2,5.55,1.5,15.76,0.0,819915.0,3.73,48.38,2020-08-14 02:00:00
2020-08-15,2,2020,1.0,6.8,6.21,0.0,7.93,0.0,823792.0,5.86,14.17,2020-08-15 02:00:00
2020-08-16,2,2020,2.9,7.5,5.7,0.0,19.09,0.0,821622.0,4.54,39.13,2020-08-16 02:00:00
2020-08-17,2,2020,5.0,7.3,5.52,1.4,21.09,0.0,832199.0,2.25,69.19,2020-08-17 02:00:00
2020-08-18,2,2020,1.4,7.0,5.85,0.7,12.0,0.0,861885.0,5.63,19.37,2020-08-18 02:00:00
2020-08-19,2,2020,2.2,7.3,5.64,0.0,16.17,0.0,793061.0,5.11,29.86,2020-08-19 02:00:00
2020-08-20,2,2020,0.8,6.8,6.05,0.5,14.13,0.0,786223.0,5.98,12.29,2020-08-20 02:00:00
2020-08-21,2,2020,0.0,7.7,5.75,0.9,11.35,0.0,851876.0,7.71,0.0,2020-08-21 02:00:00
2020-08-22,2,2020,3.0,7.3,5.37,0.4,21.38,0.0,837185.0,2.29,95.18,2020-08-22 02:00:00
2020-08-23,2,2020,0.0,7.0,6.11,0.1,10.09,0.0,827976.0,6.95,0.0,2020-08-23 02:00:00
2020-08-24,2,2020,0.0,7.8,5.86,0.2,9.83,0.0,811179.0,7.77,0.0,2020-08-24 02:00:00
2020-08-25,2,2020,0.0,7.2,5.71,0.0,6.42,0.0,832041.0,7.23,0.0,2020-08-25 02:00:00
2020-08-26,2,2020,0.7,7.2,5.49,0.1,7.43,0.0,836039.0,6.5,9.6,2020-08-26 02:00:00
2020-08-27,2,2020,0.8,6.6,6.31,0.7,12.77,0.0,894257.0,5.85,11.97,2020-08-27 02:00:00
2020-08-28,2,2020,2.6,7.7,5.4,0.9,15.27,0.0,847380.0,5.07,33.92,2020-08-28 02:00:00
2020-08-29,2,2020,0.0,6.9,5.29,0.0,12.2,0.0,852689.0,6.89,0.0,2020-08-29 02:00:00
2020-08-30,2,2020,0.3,7.0,5.8,0.3,10.16,0.0,873965.0,6.7,4.34,2020-08-30 02:00:00
2020-08-31,2,2020,5.3,6.8,5.77,0.0,20.45,0.0,839706.0,1.48,78.23,2020-08-31 02:00:00
2020-09-01,2,2020,0.0,7.3,6.08,0.0,13.16,0.0,850000.0,4.57,74.27,2020-09-01 02:00:00
2020-09-02,2,2020,0.1,7.7,5.81,0.5,11.32,0.0,883840.0,7.61,1.54,2020-09-02 02:00:00
2020-09-03,2,2020,0.0,6.9,5.59,0.0,8.16,0.0,876822.0,6.89,0.0,2020-09-03 02:00:00
2020-09-04,2,2020,1.4,6.7,5.83,0.9,16.05,0.0,897422.0,5.24,21.35,2020-09-04 02:00:00
2020-09-05,2,2020,0.2,6.9,5.56,0.0,5.56,0.0,876188.0,6.73,2.45,2020-09-05 02:00:00
2020-09-06,2,2020,0.0,7.3,6.74,0.5,4.67,0.0,873986.0,7.31,0.0,2020-09-06 02:00:00
2020-09-07,2,2020,0.0,7.7,6.57,1.6,8.52,0.0,872883.0,7.68,0.0,2020-09-07 02:00:00
2020-09-08,2,2020,0.4,7.1,6.27,0.0,11.22,0.0,859816.0,6.66,6.16,2020-09-08 02:00:00
2020-09-09,2,2020,0.0,7.0,5.57,0.0,10.37,0.0,840527.0,6.97,0.0,2020-09-09 02:00:00
2020-09-10,2,2020,0.0,7.1,6.4,2.3,7.02,0.0,865210.0,7.14,0.0,2020-09-10 02:00:00
2020-09-11,2,2020,0.6,7.1,6.38,1.6,8.52,0.0,873348.0,6.5,8.76,2020-09-11 02:00:00
2020-09-12,2,2020,6.4,7.6,5.76,1.4,27.05,0.0,842061.0,1.23,83.8,2020-09-12 02:00:00
2020-09-13,2,2020,6.2,7.1,5.64,1.6,27.35,0.0,928691.0,-3.63,214.35,2020-09-13 02:00:00
2020-09-14,2,2020,0.0,7.3,5.99,0.0,11.38,0.0,931000.0,7.3,0.0,2020-09-14 02:00:00
2020-09-15,2,2020,0.1,7.2,5.99,0.0,4.88,0.0,885581.0,7.1,0.74,2020-09-15 02:00:00
2020-09-16,2,2020,4.1,7.7,5.66,2.3,16.25,0.0,922619.0,3.55,53.78,2020-09-16 02:00:00
2020-09-17,2,2020,2.5,7.3,5.29,0.0,19.71,0.0,922018.0,4.74,34.71,2020-09-17 02:00:00
2020-09-18,2,2020,0.0,7.7,5.69,0.0,10.64,0.0,915093.0,7.67,0.0,2020-09-18 02:00:00
2020-09-19,2,2020,1.5,7.0,5.48,0.0,13.1,0.0,899169.0,5.46,21.48,2020-09-19 02:00:00
2020-09-20,2,2020,0.8,7.3,6.72,0.5,13.47,0.0,935007.0,6.46,11.3,2020-09-20 02:00:00
2020-09-21,2,2020,1.0,7.9,4.91,0.5,10.64,0.0,918182.0,6.87,12.51,2020-09-21 02:00:00
2020-09-22,2,2020,1.3,7.4,6.01,0.8,12.17,0.0,926225.0,5.07,44.97,2020-09-22 02:00:00
2020-09-23,2,2020,0.8,7.5,6.18,0.0,18.12,0.0,942141.0,4.74,62.82,2020-09-23 02:00:00
2020-09-24,2,2020,0.0,8.1,5.63,0.6,13.31,0.0,940755.0,8.11,0.0,2020-09-24 02:00:00
2020-09-25,2,2020,0.3,7.6,5.19,0.0,9.96,0.0,971727.0,7.33,3.76,2020-09-25 02:00:00
2020-09-26,2,2020,4.0,7.2,6.45,2.1,17.51,0.0,906648.0,3.24,55.21,2020-09-26 02:00:00
2020-09-27,2,2020,1.0,7.3,5.41,1.2,13.0,0.0,945022.0,6.27,14.22,2020-09-27 02:00:00
2020-09-28,2,2020,0.0,7.3,5.42,0.0,15.94,0.0,951451.0,7.26,0.0,2020-09-28 02:00:00
2020-09-29,2,2020,3.0,7.1,6.11,0.0,14.97,0.0,980823.0,0.98,130.64,2020-09-29 02:00:00
2020-09-30,2,2020,3.0,7.0,6.14,0.0,15.98,0.0,997526.0,3.97,43.35,2020-09-30 02:00:00
2020-10-01,2,2020,0.4,7.5,6.33,0.0,12.14,0.0,965228.0,7.1,5.91,2020-10-01 02:00:00
2020-10-02,2,2020,0.0,7.5,6.27,1.1,7.87,0.0,958688.0,7.55,0.0,2020-10-02 02:00:00
2020-10-03,2,2020,5.1,7.5,5.81,0.0,19.61,0.0,948505.0,2.41,67.88,2020-10-03 02:00:00
2020-10-04,2,2020,0.0,7.7,5.44,0.5,15.58,0.0,982809.0,7.65,0.0,2020-10-04 02:00:00
2020-10-05,2,2020,3.7,7.2,6.22,1.1,19.36,0.0,978945.0,3.43,52.06,2020-10-05 02:00:00
2020-10-06,2,2020,0.2,8.0,5.69,0.0,6.84,0.0,970869.0,7.76,2.98,2020-10-06 02:00:00
2020-10-07,2,2020,0.0,7.3,5.48,2.0,7.52,0.0,995630.0,7.27,0.0,2020-10-07 02:00:00
2020-10-08,2,2020,0.2,7.7,5.74,0.0,12.9,0.0,973834.0,7.5,2.46,2020-10-08 02:00:00
2020-10-09,2,2020,0.5,7.5,5.5,0.5,9.44,0.0,966179.0,6.93,7.02,2020-10-09 02:00:00
2020-10-10,2,2020,2.8,6.5,6.25,0.1,16.29,0.0,972164.0,3.71,43.17,2020-10-10 02:00:00
2020-10-11,2,2020,4.2,7.7,6.27,0.9,20.6,0.0,989828.0,3.51,54.37,2020-10-11 02:00:00
2020-10-12,2,2020,0.2,7.7,5.59,0.0,9.24,0.0,968531.0,7.58,2.12,2020-10-12 02:00:00
2020-10-13,2,2020,1.2,7.0,5.88,0.1,12.74,0.0,974973.0,5.74,17.44,2020-10-13 02:00:00
2020-10-14,2,2020,0.0,7.4,6.37,0.0,12.63,0.0,954440.0,7.38,0.0,2020-10-14 02:00:00
2020-10-15,2,2020,2.6,7.5,5.95,1.1,18.2,0.0,952968.0,4.87,34.72,2020-10-15 02:00:00
2020-10-16,2,2020,0.2,6.7,6.11,0.0,5.82,0.0,984046.0,6.55,2.53,2020-10-16 02:00:00
2020-10-17,2,2020,4.1,7.0,5.52,1.3,23.29,0.0,989038.0,2.9,58.45,2020-10-17 02:00:00
2020-10-18,2,2020,0.0,6.8,6.1,0.0,4.72,0.0,969837.0,6.81,0.0,2020-10-18 02:00:00
2020-10-19,2,2020,0.0,7.4,5.98,0.0,15.35,0.0,999131.0,7.38,0.0,2020-10-19 02:00:00
2020-10-20,2,2020,3.0,7.0,5.63,0.0,17.44,0.0,970769.0,3.97,43.25,2020-10-20 02:00:00
2020-10-21,2,2020,0.0,7.4,5.55,0.4,18.97,0.0,971993.0,7.37,0.0,2020-10-21 02:00:00
2020-10-22,2,2020,1.8,7.3,6.36,1.3,14.85,0.0,986600.0,5.5,24.73,2020-10-22 02:00:00
2020-10-23,2,2020,0.0,7.5,5.86,0.5,12.19,0.0,1003811.0,7.47,0.0,2020-10-23 02:00:00
2020-10-24,2,2020,0.0,7.5,5.43,1.6,7.84,0.0,1026043.0,2.7,127.67,2020-10-24 02:00:00
2020-10-25,2,2020,0.9,7.4,6.49,0.0,7.12,0.0,1007493.0,6.53,11.97,2020-10-25 02:00:00
2020-10-26,2,2020,0.5,7.3,5.48,2.1,12.75,0.0,1014817.0,6.84,6.46,2020-10-26 02:00:00
2020-10-27,2,2020,0.0,7.8,6.09,0.9,11.22,0.0,1028802.0,7.8,0.0,2020-10-27 02:00:00
2020-10-28,2,2020,0.4,7.5,6.1,0.0,13.48,0.0,1022634.0,7.07,5.6,2020-10-28 02:00:00
2020-10-29,2,2020,2.5,7.5,6.53,0.4,14.0,0.0,1018448.0,4.94,33.98,2020-10-29 02:00:00
2020-10-30,2,2020,1.0,7.1,6.33,1.9,10.55,0.0,994675.0,6.18,13.36,2020-10-30 02:00:00
2020-10-31,2,2020,9.4,7.9,6.12,2.6,32.22,0.0,1023160.0,-1.5,119.11,2020-10-31 02:00:00
2020-11-01,2,2020,2.7,7.6,5.47,1.6,17.8,0.0,1039536.0,4.9,35.67,2020-11-01 02:00:00
2020-11-02,2,2020,5.2,7.6,6.67,0.8,28.68,0.0,1008107.0,2.37,68.84,2020-11-02 02:00:00
2020-11-03,2,2020,0.3,7.4,6.05,0.7,13.32,0.0,1067100.0,7.14,3.46,2020-11-03 02:00:00
2020-11-04,2,2020,3.3,7.4,5.7,0.9,12.82,0.0,1020775.0,4.09,44.66,2020-11-04 02:00:00
2020-11-05,2,2020,0.3,7.2,6.44,0.0,10.21,0.0,1070817.0,6.87,4.12,2020-11-05 02:00:00
2020-11-06,2,2020,0.1,7.7,5.84,0.8,7.57,0.0,1054181.0,7.65,0.69,2020-11-06 02:00:00
2020-11-07,2,2020,0.1,7.4,6.18,0.7,13.54,0.0,1032183.0,7.27,1.69,2020-11-07 02:00:00
2020-11-08,2,2020,1.6,7.6,6.24,0.0,6.19,0.0,1031792.0,5.97,21.51,2020-11-08 02:00:00
2020-11-09,2,2020,0.0,7.2,6.23,0.0,8.79,0.0,1027190.0,7.2,0.0,2020-11-09 02:00:00
2020-11-10,2,2020,0.0,7.6,6.09,0.0,15.0,0.0,1079715.0,3.25,114.93,2020-11-10 02:00:00
2020-11-11,2,2020,1.0,7.8,5.94,0.0,14.99,0.0,1051804.0,6.82,12.55,2020-11-11 02:00:00
2020-11-12,2,2020,1.7,7.7,7.37,0.0,12.95,0.0,1071710.0,5.98,21.97,2020-11-12 02:00:00
2020-11-13,2,2020,1.1,7.4,6.36,1.1,15.11,0.0,1080180.0,3.73,83.41,2020-11-13 02:00:00
2020-11-14,2,2020,0.5,7.7,6.95,0.6,11.07,0.0,1104946.0,7.2,6.94,2020-11-14 02:00:00
2020-11-15,2,2020,0.5,7.3,5.85,0.0,16.6,0.0,1098014.0,6.74,7.24,2020-11-15 02:00:00
2020-11-16,2,2020,0.0,7.2,5.93,0.2,9.97,0.0,1063698.0,7.19,0.0,2020-11-16 02:00:00
2020-11-17,2,2020,0.8,7.4,6.05,1.4,11.61,0.0,1078979.0,6.61,10.27,2020-11-17 02:00:00
2020-11-18,2,2020,3.0,7.2,6.44,0.9,18.53,0.0,1101777.0,4.21,41.71,2020-11-18 02:00:00
2020-11-19,2,2020,7.3,7.7,7.09,0.0,28.9,0.0,1145025.0,-3.99,208.39,2020-11-19 02:00:00
2020-11-20,2,2020,1.1,8.1,6.11,0.0,16.4,0.0,1139464.0,6.95,13.96,2020-11-20 02:00:00
2020-11-21,2,2020,5.9,7.7,6.46,1.5,20.85,0.0,1137193.0,-0.49,136.92,2020-11-21 02:00:00
2020-11-22,2,2020,1.7,7.6,5.87,0.0,15.2,0.0,1166694.0,5.93,22.37,2020-11-22 02:00:00
2020-11-23,2,2020,0.0,8.0,5.98,0.7,13.03,0.0,1150541.0,7.96,0.0,2020-11-23 02:00:00
2020-11-24,2,2020,0.3,8.0,5.89,0.2,13.74,0.0,1193742.0,6.43,35.99,2020-11-24 02:00:00
2020-11-25,2,2020,0.0,7.7,6.69,1.5,8.82,0.0,1168002.0,7.65,0.0,2020-11-25 02:00:00
2020-11-26,2,2020,0.6,7.6,5.73,0.8,8.68,0.0,1187893.0,6.98,8.02,2020-11-26 02:00:00
2020-11-27,2,2020,0.0,8.0,5.85,0.0,0.14,0.0,1189472.0,7.96,0.0,2020-11-27 02:00:00
2020-11-28,2,2020,4.9,7.6,6.01,0.5,25.95,0.0,1182764.0,2.75,63.94,2020-11-28 02:00:00
2020-11-29,2,2020,0.0,7.9,5.93,0.0,5.36,0.0,1164237.0,7.93,0.0,2020-11-29 02:00:00
2020-11-30,2,2020,0.0,7.7,6.07,0.0,8.02,0.0,1201109.0,4.01,95.22,2020-11-30 02:00:00
2020-12-01,2,2020,0.0,7.8,5.77,0.0,9.48,0.0,1242772.0,7.81,0.0,2020-12-01 02:00:00
2020-12-02,2,2020,2.0,7.4,5.94,0.0,14.83,0.0,1202770.0,5.45,26.56,2020-12-02 02:00:00
2020-12-03,2,2020,0.0,7.6,5.89,0.0,11.4,0.0,1238821.0,7.64,0.0,2020-12-03 02:00:00
2020-12-04,2,2020,0.0,7.4,6.55,0.5,7.12,0.0,1220360.0,7.44,0.0,2020-12-04 02:00:00
2020-12-05,2,2020,0.8,6.9,6.29,0.3,9.85,0.0,1208097.0,6.09,11.59,2020-12-05 02:00:00
2020-12-06,2,2020,0.0,7.2,6.7,0.0,12.6,0.0,1202354.0,7.2,0.0,2020-12-06 02:00:00
2020-12-07,2,2020,0.0,7.0,5.94,1.5,10.24,0.0,1205551.0,7.02,0.0,2020-12-07 02:00:00
2020-12-08,2,2020,1.1,7.3,5.84,0.9,13.16,0.0,1225155.0,6.16,15.27,2020-12-08 02:00:00
2020-12-09,2,2020,0.0,7.2,6.7,0.0,10.41,0.0,1240599.0,7.17,0.0,2020-12-09 02:00:00
2020-12-10,2,2020,0.9,7.9,5.63,0.0,7.55,0.0,1231721.0,6.99,11.96,2020-12-10 02:00:00
2020-12-11,2,2020,3.6,7.8,6.28,0.0,20.49,0.0,1200672.0,4.17,46.5,2020-12-11 02:00:00
2020-12-12,2,2020,2.6,7.6,5.32,0.3,16.47,0.0,1187113.0,4.99,34.57,2020-12-12 02:00:00
2020-12-13,2,2020,0.0,7.9,6.28,0.0,11.06,0.0,1190651.0,7.89,0.0,2020-12-13 02:00:00
2020-12-14,2,2020,2.9,7.0,6.46,0.5,20.2,0.0,1181357.0,4.15,40.88,2020-12-14 02:00:00
2020-12-15,2,2020,2.1,7.9,6.44,0.4,19.85,0.0,1206344.0,5.82,26.53,2020-12-15 02:00:00
2020-12-16,2,2020,0.5,7.7,6.7,0.0,12.37,0.0,1176386.0,7.19,6.1,2020-12-16 02:00:00
2020-12-17,2,2020,1.4,7.3,5.48,1.1,11.62,0.0,1199615.0,5.86,19.68,2020-12-17 02:00:00
2020-12-18,2,2020,0.0,7.6,6.25,0.3,11.79,0.0,1194930.0,7.59,0.0,2020-12-18 02:00:00
2020-12-19,2,2020,0.0,8.1,5.91,0.0,1.44,0.0,1217523.0,8.04,0.23,2020-12-19 02:00:00
2020-12-20,2,2020,3.3,7.9,6.14,0.3,19.34,0.0,1224695.0,4.59,41.78,2020-12-20 02:00:00
2020-12-21,2,2020,0.0,7.6,6.39,1.2,16.03,0.0,1218710.0,7.6,0.0,2020-12-21 02:00:00
2020-12-22,2,2020,2.6,8.1,6.08,1.4,15.54,0.0,1182682.0,5.52,31.71,2020-12-22 02:00:00
2020-12-23,2,2020,0.0,6.9,6.52,0.0,9.24,0.0,1193052.0,6.87,0.0,2020-12-23 02:00:00
2020-12-24,2,2020,0.6,7.8,5.79,0.4,6.51,0.0,1195582.0,7.27,7.22,2020-12-24 02:00:00
2020-12-25,2,2020,0.0,7.8,6.03,0.4,8.35,0.0,1198962.0,4.66,79.97,2020-12-25 02:00:00
2020-12-26,2,2020,0.5,7.5,6.3,0.8,13.92,0.0,1228536.0,6.99,6.23,2020-12-26 02:00:00
2020-12-27,2,2020,1.4,8.1,6.21,0.0,12.96,0.0,1243873.0,4.78,64.48,2020-12-27 02:00:00
2020-12-28,2,2020,0.0,7.2,6.23,1.6,13.56,0.0,1269453.0,5.55,46.37,2020-12-28 02:00:00
2020-12-29,2,2020,0.3,8.1,6.47,0.0,18.74,0.0,1290143.0,7.84,3.72,2020-12-29 02:00:00
2020-12-30,2,2020,0.0,7.6,6.22,0.4,16.45,0.0,1317513.0,7.62,0.0,2020-12-30 02:00:00
2020-12-31,2,2020,3.7,7.4,5.96,0.6,12.96,0.0,1328068.0,-0.66,167.57,2020-12-31 02:00:00
2021-01-01,2,2021,2.7,6.2,5.37,0.0,17.17,5002653.0,81792.0,3.51,43.09,2021-01-01 02:00:00
2021-01-02,2,2021,0.3,6.3,4.58,0.0,7.76,4850794.0,97917.0,6.05,4.37,2021-01-02 02:00:00
2021-01-03,2,2021,2.2,5.7,4.41,0.0,13.02,4848260.0,99681.0,3.54,38.24,2021-01-03 02:00:00
2021-01-04,2,2021,3.9,6.1,4.71,0.7,22.46,4849014.0,114102.0,2.26,63.03,2021-01-04 02:00:00
2021-01-05,2,2021,7.4,6.5,5.3,1.4,27.97,4934600.0,102504.0,-0.94,114.47,2021-01-05 02:00:00
2021-01-06,2,2021,0.2,6.5,5.01,0.0,8.75,4907389.0,125439.0,6.31,2.63,2021-01-06 02:00:00
2021-01-07,2,2021,0.5,5.9,5.1,0.0,12.7,4725896.0,120578.0,5.34,8.97,2021-01-07 02:00:00
2021-01-08,2,2021,1.8,6.5,4.91,0.0,13.45,4736210.0,90532.0,4.68,27.55,2021-01-08 02:00:00
2021-01-09,2,2021,2.1,5.6,4.68,0.6,14.45,4645236.0,121530.0,3.51,37.43,2021-01-09 02:00:00
2021-01-10,2,2021,1.8,6.1,4.75,1.0,19.6,4493886.0,100728.0,4.28,29.73,2021-01-10 02:00:00
2021-01-11,2,2021,0.3,6.1,5.14,0.0,13.34,4579657.0,95393.0,5.78,5.29,2021-01-11 02:00:00
2021-01-12,2,2021,1.9,5.8,4.57,0.5,11.13,4533246.0,75424.0,3.94,32.4,2021-01-12 02:00:00
2021-01-13,2,2021,0.0,6.2,5.17,0.0,11.19,4514628.0,86002.0,6.18,0.34,2021-01-13 02:00:00
2021-01-14,2,2021,6.1,6.1,4.84,0.1,22.82,4450887.0,119749.0,-0.04,100.68,2021-01-14 02:00:00
2021-01-15,2,2021,0.0,6.1,5.02,0.2,8.92,4444514.0,79720.0,6.13,0.0,2021-01-15 02:00:00
2021-01-16,2,2021,2.1,6.6,4.59,1.3,17.05,4404558.0,65399.0,4.44,32.24,2021-01-16 02:00:00
2021-01-17,2,2021,1.9,6.6,4.54,1.0,13.91,4253311.0,73756.0,4.74,28.65,2021-01-17 02:00:00
2021-01-18,2,2021,0.1,6.4,5.43,0.7,5.25,4227131.0,106518.0,6.33,1.28,2021-01-18 02:00:00
2021-01-19,2,2021,4.5,6.4,5.24,0.1,27.8,4174358.0,126563.0,1.87,70.7,2021-01-19 02:00:00
2021-01-20,2,2021,0.3,5.8,4.91,0.0,10.87,4141331.0,101008.0,5.55,4.42,2021-01-20 02:00:00
2021-01-21,2,2021,1.2,6.8,5.15,1.0,10.43,4080286.0,65628.0,5.59,17.57,2021-01-21 02:00:00
2021-01-22,2,2021,1.8,6.2,5.37,0.0,10.99,4122513.0,106235.0,4.48,28.14,2021-01-22 02:00:00
2021-01-23,2,2021,0.6,6.1,4.34,0.0,13.78,4045597.0,119687.0,5.52,10.02,2021-01-23 02:00:00
2021-01-24,2,2021,2.2,5.7,4.89,0.8,11.92,4056806.0,115244.0,3.48,38.49,2021-01-24 02:00:00
2021-01-25,2,2021,1.4,6.6,5.53,1.6,11.06,3923373.0,91294.0,5.23,21.06,2021-01-25 02:00:00
2021-01-26,2,2021,1.9,6.0,5.44,1.1,12.04,3956957.0,91305.0,4.08,31.58,2021-01-26 02:00:00
2021-01-27,2,2021,0.2,6.1,5.25,0.0,15.28,3852959.0,94794.0,4.36,52.92,2021-01-27 02:00:00
2021-01-28,2,2021,3.5,5.7,5.19,0.8,18.03,3828797.0,117346.0,2.28,60.24,2021-01-28 02:00:00
2021-01-29,2,2021,0.2,5.9,4.44,0.5,8.97,3810269.0,115702.0,5.72,2.76,2021-01-29 02:00:00
2021-01-30,2,2021,2.6,6.4,5.42,0.1,18.43,3699435.0,93649.0,3.85,40.22,2021-01-30 02:00:00
2021-01-31,2,2021,0.9,6.3,5.41,2.2,10.63,3622432.0,112386.0,5.36,15.05,2021-01-31 02:00:00
2021-02-01,2,2021,2.1,5.9,5.09,0.0,16.72,3712074.0,131671.0,3.75,36.43,2021-02-01 02:00:00
2021-02-02,2,2021,1.4,6.2,5.35,0.0,10.69,3566449.0,87191.0,4.8,22.3,2021-02-02 02:00:00
2021-02-03,2,2021,2.8,6.9,5.11,1.4,17.12,3500034.0,76549.0,4.12,40.68,2021-02-03 02:00:00
2021-02-04,2,2021,0.3,6.5,4.83,0.3,10.58,3523501.0,115559.0,6.26,4.42,2021-02-04 02:00:00
2021-02-05,2,2021,1.2,6.6,4.85,0.8,11.45,3386395.0,146708.0,1.43,138.18,2021-02-05 02:00:00
2021-02-06,2,2021,0.2,6.1,5.24,0.1,15.12,3309776.0,211166.0,1.3,154.68,2021-02-06 02:00:00
2021-02-07,2,2021,2.7,6.1,5.65,0.0,17.51,3291909.0,195810.0,3.39,44.45,2021-02-07 02:00:00
2021-02-08,2,2021,0.8,6.3,5.63,0.0,11.7,3266777.0,214788.0,5.48,12.83,2021-02-08 02:00:00
2021-02-09,2,2021,0.1,6.4,5.75,0.0,10.15,3140159.0,168520.0,6.23,1.98,2021-02-09 02:00:00
2021-02-10,2,2021,1.7,6.5,5.3,1.5,12.38,3176814.0,162882.0,4.79,26.46,2021-02-10 02:00:00
2021-02-11,2,2021,1.7,5.9,5.0,0.0,18.35,3086097.0,158500.0,4.23,28.77,2021-02-11 02:00:00
2021-02-12,2,2021,0.4,5.8,5.07,0.0,9.16,3028034.0,178268.0,5.42,6.68,2021-02-12 02:00:00
2021-02-13,2,2021,3.0,6.7,5.45,0.7,12.49,2976505.0,216798.0,3.74,44.47,2021-02-13 02:00:00
2021-02-14,2,2021,5.0,6.0,5.13,1.8,16.55,3051588.0,173016.0,0.94,84.35,2021-02-14 02:00:00
2021-02-15,2,2021,3.3,6.1,4.99,2.0,15.73,2950429.0,194457.0,2.81,54.0,2021-02-15 02:00:00
2021-02-16,2,2021,0.0,6.0,4.94,0.3,10.36,2970914.0,192454.0,6.03,0.0,2021-02-16 02:00:00
2021-02-17,2,2021,0.5,6.3,5.52,2.3,11.87,2879976.0,178610.0,5.81,7.42,2021-02-17 02:00:00
2021-02-18,2,2021,0.8,5.8,5.0,1.0,10.01,2868557.0,168211.0,5.01,14.07,2021-02-18 02:00:00
2021-02-19,2,2021,4.7,6.7,5.49,2.3,17.3,2762443.0,247785.0,1.94,70.94,2021-02-19 02:00:00
2021-02-20,2,2021,0.0,6.8,5.55,0.3,2.68,2654341.0,166212.0,6.83,0.07,2021-02-20 02:00:00
2021-02-21,2,2021,4.7,6.5,5.61,0.0,21.24,2774179.0,194995.0,1.76,72.87,2021-02-21 02:00:00
2021-02-22,2,2021,2.7,6.7,5.67,1.0,20.18,2703716.0,203854.0,4.05,40.02,2021-02-22 02:00:00
2021-02-23,2,2021,7.0,6.0,5.44,2.0,29.76,2615609.0,186041.0,-0.98,116.23,2021-02-23 02:00:00
2021-02-24,2,2021,0.9,6.2,5.75,0.7,12.42,2661321.0,251274.0,0.89,157.27,2021-02-24 02:00:00
2021-02-25,2,2021,1.5,6.2,5.28,0.0,8.68,2547893.0,266613.0,4.73,24.04,2021-02-25 02:00:00
2021-02-26,2,2021,1.6,6.8,5.16,1.2,11.58,2491088.0,234979.0,5.14,24.23,2021-02-26 02:00:00
2021-02-27,2,2021,1.1,6.5,5.9,0.5,11.19,2546596.0,272919.0,5.43,16.94,2021-02-27 02:00:00
2021-02-28,2,2021,0.8,6.2,4.56,1.1,8.6,2386535.0,240840.0,5.44,12.15,2021-02-28 02:00:00
2021-03-01,2,2021,4.7,6.1,5.34,0.0,18.38,2315097.0,224151.0,1.44,76.5,2021-03-01 02:00:00
2021-03-02,2,2021,0.0,6.8,5.12,0.0,10.74,2322289.0,227077.0,6.76,0.0,2021-03-02 02:00:00
2021-03-03,2,2021,0.3,6.9,4.55,2.1,11.99,2162524.0,253098.0,6.67,3.91,2021-03-03 02:00:00
2021-03-04,2,2021,0.0,6.1,5.63,0.0,11.54,2194507.0,211349.0,6.09,0.0,2021-03-04 02:00:00
2021-03-05,2,2021,0.2,6.3,5.11,0.0,14.92,2099335.0,227028.0,6.07,2.93,2021-03-05 02:00:00
2021-03-06,2,2021,0.0,6.2,4.95,1.3,5.9,2066679.0,255503.0,6.24,0.0,2021-03-06 02:00:00
2021-03-07,2,2021,0.4,6.6,5.43,0.0,10.58,2024900.0,250348.0,6.16,6.31,2021-03-07 02:00:00
2021-03-08,2,2021,0.7,6.8,5.36,1.4,12.96,1941657.0,252519.0,6.11,9.93,2021-03-08 02:00:00
2021-03-09,2,2021,0.0,6.3,4.51,1.1,10.06,1879259.0,254468.0,6.31,0.0,2021-03-09 02:00:00
2021-03-10,2,2021,4.3,6.7,4.28,2.6,21.66,1805388.0,267544.0,2.44,63.73,2021-03-10 02:00:00
2021-03-11,2,2021,0.6,6.2,5.55,0.0,12.3,1856541.0,256863.0,5.64,9.53,2021-03-11 02:00:00
2021-03-12,2,2021,2.5,6.3,5.14,0.7,19.08,1651474.0,264681.0,3.88,38.71,2021-03-12 02:00:00
2021-03-13,2,2021,0.3,6.0,4.36,0.8,12.23,1733868.0,254295.0,3.52,77.08,2021-03-13 02:00:00
2021-03-14,2,2021,1.2,6.5,4.85,0.6,13.46,1637441.0,276423.0,5.24,19.25,2021-03-14 02:00:00
2021-03-15,2,2021,0.4,6.5,5.04,0.0,11.8,1616140.0,275844.0,6.13,6.24,2021-03-15 02:00:00
2021-03-16,2,2021,0.8,6.5,5.16,2.1,12.47,1593818.0,280864.0,5.64,12.9,2021-03-16 02:00:00
2021-03-17,2,2021,0.7,6.5,5.4,0.0,10.99,1491584.0,291667.0,4.13,61.23,2021-03-17 02:00:00
2021-03-18,2,2021,0.0,6.8,5.78,0.0,9.86,1417272.0,266450.0,6.79,0.0,2021-03-18 02:00:00
2021-03-19,2,2021,5.9,6.4,4.68,1.9,24.61,1475206.0,286260.0,0.49,92.44,2021-03-19 02:00:00
2021-03-20,2,2021,0.6,6.0,4.86,2.5,9.13,1450234.0,308861.0,2.25,115.0,2021-03-20 02:00:00
2021-03-21,2,2021,0.0,6.3,4.87,0.0,11.45,1282840.0,344163.0,6.34,0.0,2021-03-21 02:00:00
2021-03-22,2,2021,0.3,6.5,5.68,1.0,12.88,1256626.0,323421.0,6.27,4.19,2021-03-22 02:00:00
2021-03-23,2,2021,1.0,6.4,4.54,0.1,18.71,1125627.0,329569.0,0.47,169.19,2021-03-23 02:00:00
2021-03-24,2,2021,0.3,6.7,5.44,0.3,13.53,1087395.0,349912.0,6.4,4.98,2021-03-24 02:00:00
2021-03-25,2,2021,0.2,5.8,5.63,0.3,9.97,1088023.0,375931.0,5.52,4.16,2021-03-25 02:00:00
2021-03-26,2,2021,0.1,6.2,5.0,1.6,8.76,961679.0,372701.0,6.1,1.98,2021-03-26 02:00:00
2021-03-27,2,2021,3.5,6.2,4.84,1.1,20.22,983945.0,389394.0,1.34,100.34,2021-03-27 02:00:00
2021-03-28,2,2021,0.4,6.3,5.4,0.3,9.0,870867.0,380755.0,5.93,5.91,2021-03-28 02:00:00
2021-03-29,2,2021,1.2,6.2,4.77,0.0,18.89,926839.0,375913.0,3.1,79.97,2021-03-29 02:00:00
2021-03-30,2,2021,0.0,6.4,4.29,0.1,6.55,878705.0,376650.0,6.39,0.0,2021-03-30 02:00:00
2021-03-31,2,2021,2.8,6.5,5.6,0.6,19.61,721057.0,407093.0,3.73,42.8,2021-03-31 02:00:00
2021-04-01,2,2021,0.3,6.4,5.71,0.0,3.31,727370.0,412336.0,6.13,4.83,2021-04-01 02:00:00
2021-04-02,2,2021,0.0,6.5,5.05,1.1,11.72,618052.0,396114.0,6.45,0.0,2021-04-02 02:00:00
2021-04-03,2,2021,0.0,6.2,5.14,0.2,5.38,635765.0,373803.0,6.19,0.0,2021-04-03 02:00:00
2021-04-04,2,2021,0.0,6.6,5.15,0.0,7.59,576247.0,406479.0,3.24,101.41,2021-04-04 02:00:00
2021-04-05,2,2021,0.0,7.0,5.53,1.2,10.82,491265.0,426549.0,6.98,0.0,2021-04-05 02:00:00
2021-04-06,2,2021,0.2,6.8,5.44,0.0,7.15,424231.0,490480.0,6.6,3.5,2021-04-06 02:00:00
2021-04-07,2,2021,1.4,6.4,5.37,0.1,15.54,346265.0,456813.0,4.02,53.61,2021-04-07 02:00:00
2021-04-08,2,2021,1.7,6.3,5.79,0.3,12.29,284926.0,424749.0,4.52,27.88,2021-04-08 02:00:00
2021-04-09,2,2021,9.4,6.8,5.21,1.6,37.58,229386.0,429288.0,-2.68,139.66,2021-04-09 02:00:00
2021-04-10,2,2021,4.6,6.6,5.64,0.8,25.81,257046.0,421980.0,1.94,70.55,2021-04-10 02:00:00
2021-04-11,2,2021,0.0,6.8,5.22,0.0,10.48,182708.0,433609.0,6.8,0.0,2021-04-11 02:00:00
2021-04-12,2,2021,0.1,6.7,5.18,1.6,15.96,121305.0,444608.0,6.56,1.68,2021-04-12 02:00:00
2021-04-13,2,2021,0.5,6.4,4.91,0.4,9.66,25283.0,433634.0,5.89,7.38,2021-04-13 02:00:00
2021-04-14,2,2021,1.7,6.1,5.61,0.0,10.06,28092.0,447285.0,4.42,27.68,2021-04-14 02:00:00
2021-04-15,2,2021,0.0,6.4,5.39,0.5,10.55,139235.0,393777.0,6.4,0.0,2021-04-15 02:00:00
2021-04-16,2,2021,7.7,6.5,4.89,1.3,30.53,32485.0,430050.0,-1.22,118.84,2021-04-16 02:00:00
2021-04-17,2,2021,10.4,6.7,4.67,1.8,39.79,27535.0,447449.0,-3.7,155.05,2021-04-17 02:00:00
2021-04-18,2,2021,1.8,6.7,5.18,0.1,18.1,0.0,455368.0,4.94,26.77,2021-04-18 02:00:00
2021-04-19,2,2021,2.5,6.4,5.77,0.6,18.75,0.0,421430.0,3.89,38.95,2021-04-19 02:00:00
2021-04-20,2,2021,3.6,6.7,5.05,0.0,19.69,0.0,446054.0,3.09,54.01,2021-04-20 02:00:00
2021-04-21,2,2021,0.1,6.6,5.25,0.4,5.35,0.0,443157.0,6.51,1.27,2021-04-21 02:00:00
2021-04-22,2,2021,0.7,6.5,5.7,2.2,10.29,0.0,436011.0,3.89,69.41,2021-04-22 02:00:00
2021-04-23,2,2021,0.2,6.8,5.14,0.0,12.93,0.0,449785.0,6.68,2.25,2021-04-23 02:00:00
2021-04-24,2,2021,0.9,6.4,5.5,0.5,5.46,0.0,447563.0,5.57,13.49,2021-04-24 02:00:00
2021-04-25,2,2021,0.3,6.5,4.91,0.6,10.88,0.0,427470.0,6.15,4.82,2021-04-25 02:00:00
2021-04-26,2,2021,0.0,6.3,5.44,0.0,13.43,0.0,409044.0,6.27,0.0,2021-04-26 02:00:00
2021-04-27,2,2021,0.0,6.6,4.77,0.0,11.33,0.0,454529.0,6.6,0.0,2021-04-27 02:00:00
2021-04-28,2,2021,6.2,6.0,4.59,0.9,26.85,0.0,446544.0,-0.22,103.72,2021-04-28 02:00:00
2021-04-29,2,2021,0.0,6.5,5.52,0.1,7.47,0.0,449221.0,6.48,0.0,2021-04-29 02:00:00
2021-04-30,2,2021,0.8,6.6,5.43,0.0,12.68,0.0,438056.0,5.8,11.69,2021-04-30 02:00:00
2021-05-01,2,2021,0.7,6.8,5.54,0.0,10.97,0.0,435026.0,6.02,10.89,2021-05-01 02:00:00
2021-05-02,2,2021,0.8,6.6,5.8,0.2,11.76,0.0,447465.0,5.8,12.68,2021-05-02 02:00:00
2021-05-03,2,2021,1.3,6.9,5.74,0.4,13.64,0.0,433601.0,5.64,18.52,2021-05-03 02:00:00
2021-05-04,2,2021,0.1,6.8,5.13,0.0,7.26,0.0,430084.0,6.71,1.22,2021-05-04 02:00:00
2021-05-05,2,2021,0.9,6.5,5.26,0.0,16.0,0.0,480855.0,5.6,13.74,2021-05-05 02:00:00
2021-05-06,2,2021,2.0,6.6,5.57,0.0,15.33,0.0,475254.0,3.46,63.7,2021-05-06 02:00:00
2021-05-07,2,2021,0.8,6.4,6.13,0.0,12.92,0.0,435584.0,5.56,13.24,2021-05-07 02:00:00
2021-05-08,2,2021,0.0,6.8,5.26,0.5,11.35,0.0,463518.0,6.85,0.0,2021-05-08 02:00:00
2021-05-09,2,2021,3.5,6.8,4.99,1.5,17.96,0.0,465117.0,3.27,51.81,2021-05-09 02:00:00
2021-05-10,2,2021,0.1,6.4,5.12,0.0,10.6,0.0,476356.0,6.31,1.32,2021-05-10 02:00:00
2021-05-11,2,2021,1.0,6.6,4.79,1.1,10.82,0.0,474520.0,5.63,14.69,2021-05-11 02:00:00
2021-05-12,2,2021,0.3,6.5,5.02,1.3,11.78,0.0,444221.0,6.14,5.04,2021-05-12 02:00:00
2021-05-13,2,2021,6.4,6.4,5.51,1.1,29.07,0.0,459817.0,0.03,99.54,2021-05-13 02:00:00
2021-05-14,2,2021,3.3,6.6,5.8,0.7,21.74,0.0,469546.0,3.35,49.41,2021-05-14 02:00:00
2021-05-15,2,2021,1.0,6.9,5.55,1.2,10.3,0.0,494635.0,5.88,14.8,2021-05-15 02:00:00
2021-05-16,2,2021,0.8,6.5,5.41,0.0,10.56,0.0,440399.0,5.74,11.85,2021-05-16 02:00:00
2021-05-17,2,2021,0.0,6.4,6.4,1.9,18.96,0.0,481363.0,6.43,0.0,2021-05-17 02:00:00
2021-05-18,2,2021,1.9,6.5,5.5,0.1,15.88,0.0,437413.0,4.61,29.54,2021-05-18 02:00:00
2021-05-19,2,2021,0.8,6.9,4.9,0.2,16.73,0.0,496695.0,6.15,11.28,2021-05-19 02:00:00
2021-05-20,2,2021,5.8,6.9,5.28,0.7,31.04,0.0,448883.0,1.13,83.64,2021-05-20 02:00:00
2021-05-21,2,2021,0.4,6.7,5.64,0.0,14.57,0.0,476996.0,6.32,5.33,2021-05-21 02:00:00
2021-05-22,2,2021,5.4,6.3,5.62,2.0,22.3,0.0,513306.0,-3.59,227.41,2021-05-22 02:00:00
2021-05-23,2,2021,4.8,6.9,5.58,0.3,28.69,0.0,585444.0,-1.51,174.6,2021-05-23 02:00:00
2021-05-24,2,2021,1.7,6.7,6.06,0.9,18.18,0.0,544489.0,4.97,25.61,2021-05-24 02:00:00
2021-05-25,2,2021,0.0,6.9,4.98,0.4,8.32,0.0,568873.0,6.93,0.0,2021-05-25 02:00:00
2021-05-26,2,2021,2.8,7.4,5.85,0.6,16.49,0.0,530560.0,4.61,37.49,2021-05-26 02:00:00
2021-05-27,2,2021,0.4,6.2,5.97,0.0,10.42,0.0,566398.0,5.81,6.64,2021-05-27 02:00:00
2021-05-28,2,2021,0.0,7.4,5.7,0.0,10.76,0.0,534776.0,7.4,0.0,2021-05-28 02:00:00
2021-05-29,2,2021,1.5,6.9,5.0,0.0,8.77,0.0,533255.0,5.45,21.3,2021-05-29 02:00:00
2021-05-30,2,2021,0.0,6.2,5.68,1.2,15.71,0.0,578318.0,6.19,0.0,2021-05-30 02:00:00
2021-05-31,2,2021,2.3,6.6,5.72,0.0,12.23,0.0,537681.0,4.27,34.84,2021-05-31 02:00:00
2021-06-01,2,2021,0.1,6.9,5.91,0.0,11.22,0.0,555208.0,6.8,1.88,2021-06-01 02:00:00
2021-06-02,2,2021,2.5,6.9,5.8,0.0,17.31,0.0,568773.0,4.3,37.17,2021-06-02 02:00:00
2021-06-03,2,2021,0.0,6.4,5.45,0.0,15.42,0.0,575864.0,6.41,0.0,2021-06-03 02:00:00
2021-06-04,2,2021,2.6,6.7,5.99,0.0,18.25,0.0,555345.0,4.05,39.12,2021-06-04 02:00:00
2021-06-05,2,2021,5.7,6.5,6.24,1.0,28.56,0.0,525424.0,0.86,86.88,2021-06-05 02:00:00
2021-06-06,2,2021,1.7,6.8,5.21,0.0,15.99,0.0,540858.0,5.07,25.44,2021-06-06 02:00:00
2021-06-07,2,2021,6.2,6.5,5.37,0.0,22.82,0.0,542854.0,0.36,94.55,2021-06-07 02:00:00
2021-06-08,2,2021,2.8,6.7,5.64,0.0,14.85,0.0,551172.0,3.92,41.54,2021-06-08 02:00:00
2021-06-09,2,2021,1.7,6.5,5.01,0.0,17.65,0.0,550568.0,4.77,26.22,2021-06-09 02:00:00
2021-06-10,2,2021,0.9,7.0,5.62,1.2,6.78,0.0,536315.0,6.14,12.55,2021-06-10 02:00:00
2021-06-11,2,2021,1.9,6.7,5.55,0.0,19.33,0.0,579486.0,0.89,144.95,2021-06-11 02:00:00
2021-06-12,2,2021,0.1,7.2,5.52,0.0,9.22,0.0,625102.0,7.08,1.92,2021-06-12 02:00:00
2021-06-13,2,2021,0.8,7.2,5.32,2.2,7.04,0.0,564972.0,4.4,67.49,2021-06-13 02:00:00
2021-06-14,2,2021,0.0,6.7,6.46,0.0,10.42,0.0,627124.0,6.69,0.0,2021-06-14 02:00:00
2021-06-15,2,2021,1.3,6.9,5.62,0.6,11.91,0.0,633647.0,5.63,18.37,2021-06-15 02:00:00
2021-06-16,2,2021,1.1,6.8,5.6,0.8,14.13,0.0,562591.0,5.66,16.63,2021-06-16 02:00:00
2021-06-17,2,2021,0.1,6.7,5.98,0.2,8.22,0.0,608250.0,6.66,1.1,2021-06-17 02:00:00
2021-06-18,2,2021,0.6,6.8,5.6,0.6,11.09,0.0,625492.0,6.21,8.47,2021-06-18 02:00:00
2021-06-19,2,2021,0.6,6.8,5.4,0.8,9.65,0.0,624494.0,6.14,9.28,2021-06-19 02:00:00
2021-06-20,2,2021,0.6,6.6,5.73,0.0,10.5,0.0,628098.0,6.01,8.88,2021-06-20 02:00:00
2021-06-21,2,2021,0.0,6.7,4.91,0.0,8.86,0.0,586265.0,6.71,0.0,2021-06-21 02:00:00
2021-06-22,2,2021,0.0,7.0,5.73,0.0,14.77,0.0,604169.0,6.96,0.0,2021-06-22 02:00:00
2021-06-23,2,2021,0.0,6.7,5.47,0.0,7.33,0.0,613655.0,6.67,0.0,2021-06-23 02:00:00
2021-06-24,2,2021,1.0,6.6,5.71,0.6,13.5,0.0,596217.0,5.56,15.27,2021-06-24 02:00:00
2021-06-25,2,2021,1.0,6.8,5.49,0.0,12.73,0.0,570727.0,5.78,14.98,2021-06-25 02:00:00
2021-06-26,2,2021,0.0,7.0,5.36,0.0,4.53,0.0,618034.0,7.04,0.0,2021-06-26 02:00:00
2021-06-27,2,2021,0.0,7.4,5.18,0.0,17.07,0.0,606783.0,7.42,0.0,2021-06-27 02:00:00
2021-06-28,2,2021,0.6,6.7,5.49,0.3,11.03,0.0,670399.0,1.8,136.59,2021-06-28 02:00:00
2021-06-29,2,2021,3.4,6.2,5.35,0.6,19.45,0.0,627385.0,2.81,54.53,2021-06-29 02:00:00
2021-06-30,2,2021,2.2,6.9,5.74,0.0,12.23,0.0,663197.0,4.73,31.51,2021-06-30 02:00:00
2021-07-01,2,2021,2.9,6.6,5.8,0.2,10.99,0.0,640056.0,3.68,44.2,2021-07-01 02:00:00
2021-07-02,2,2021,0.7,6.8,5.79,0.2,15.54,0.0,614360.0,6.14,10.17,2021-07-02 02:00:00
2021-07-03,2,2021,0.3,7.2,5.07,0.0,9.4,0.0,653851.0,6.89,4.53,2021-07-03 02:00:00
2021-07-04,2,2021,0.7,6.9,5.05,0.7,16.78,0.0,660026.0,6.19,9.91,2021-07-04 02:00:00
2021-07-05,2,2021,0.0,7.1,5.83,0.0,5.09,0.0,614553.0,7.06,0.0,2021-07-05 02:00:00
2021-07-06,2,2021,0.2,6.3,6.04,0.7,9.44,0.0,704440.0,2.25,125.75,2021-07-06 02:00:00
2021-07-07,2,2021,3.7,7.1,5.68,0.7,16.38,0.0,728012.0,1.91,93.64,2021-07-07 02:00:00
2021-07-08,2,2021,0.1,7.0,5.62,0.1,3.67,0.0,719828.0,6.94,0.86,2021-07-08 02:00:00
2021-07-09,2,2021,9.9,7.0,6.3,3.4,40.55,0.0,699523.0,-2.85,140.59,2021-07-09 02:00:00
2021-07-10,2,2021,0.0,6.7,5.49,1.6,11.17,0.0,733629.0,4.75,58.66,2021-07-10 02:00:00
2021-07-11,2,2021,0.0,7.0,6.31,0.0,7.06,0.0,733372.0,6.96,0.0,2021-07-11 02:00:00
2021-07-12,2,2021,0.0,7.0,5.18,0.0,8.22,0.0,787085.0,7.01,0.0,2021-07-12 02:00:00
2021-07-13,2,2021,0.0,7.3,5.09,0.5,16.33,0.0,767223.0,4.06,88.01,2021-07-13 02:00:00
2021-07-14,2,2021,1.1,6.9,5.89,0.4,13.17,0.0,783747.0,5.8,16.5,2021-07-14 02:00:00
2021-07-15,2,2021,0.0,6.7,5.25,0.5,8.64,0.0,744119.0,6.65,0.34,2021-07-15 02:00:00
2021-07-16,2,2021,0.4,6.2,5.8,0.0,13.49,0.0,760440.0,5.78,7.11,2021-07-16 02:00:00
2021-07-17,2,2021,0.0,7.0,5.84,0.3,8.21,0.0,765791.0,7.04,0.0,2021-07-17 02:00:00
2021-07-18,2,2021,1.5,7.0,6.08,0.6,12.42,0.0,752822.0,5.5,20.93,2021-07-18 02:00:00
2021-07-19,2,2021,0.1,6.7,5.38,0.0,9.35,0.0,773562.0,6.65,0.76,2021-07-19 02:00:00
2021-07-20,2,2021,2.4,6.9,5.98,1.3,12.71,0.0,791149.0,4.47,34.78,2021-07-20 02:00:00
2021-07-21,2,2021,0.7,6.7,5.74,0.0,12.86,0.0,719576.0,5.95,10.78,2021-07-21 02:00:00
2021-07-22,2,2021,0.7,6.2,5.62,0.6,13.13,0.0,728664.0,5.53,11.45,2021-07-22 02:00:00
2021-07-23,2,2021,0.7,7.2,4.94,0.0,11.48,0.0,733508.0,6.52,10.0,2021-07-23 02:00:00
2021-07-24,2,2021,0.0,6.8,5.92,0.0,8.12,0.0,773546.0,6.78,0.0,2021-07-24 02:00:00
2021-07-25,2,2021,0.7,7.0,5.23,0.0,16.27,0.0,817206.0,4.8,53.32,2021-07-25 02:00:00
2021-07-26,2,2021,2.5,7.1,5.32,0.0,18.51,0.0,784061.0,4.52,36.05,2021-07-26 02:00:00
2021-07-27,2,2021,3.7,7.0,5.89,0.9,22.81,0.0,782302.0,3.32,52.5,2021-07-27 02:00:00
2021-07-28,2,2021,0.1,6.7,5.51,1.2,10.78,0.0,788878.0,6.64,1.14,2021-07-28 02:00:00
2021-07-29,2,2021,0.0,6.4,6.02,0.6,10.27,0.0,757925.0,6.44,0.0,2021-07-29 02:00:00
2021-07-30,2,2021,1.2,7.2,5.82,0.4,11.21,0.0,812512.0,5.98,17.02,2021-07-30 02:00:00
2021-07-31,2,2021,3.3,6.8,5.37,0.8,19.65,0.0,744005.0,3.52,48.59,2021-07-31 02:00:00
2021-08-01,2,2021,0.3,7.1,5.11,0.0,14.05,0.0,748956.0,4.87,58.47,2021-08-01 02:00:00
2021-08-02,2,2021,5.8,7.0,5.35,0.4,22.79,0.0,777211.0,1.21,82.67,2021-08-02 02:00:00
2021-08-03,2,2021,7.4,6.9,4.76,1.2,28.89,0.0,823719.0,-4.05,210.3,2021-08-03 02:00:00
2021-08-04,2,2021,3.2,7.1,6.12,1.5,25.69,0.0,872162.0,3.91,44.95,2021-08-04 02:00:00
2021-08-05,2,2021,0.0,7.0,5.38,0.4,12.26,0.0,827036.0,6.96,0.0,2021-08-05 02:00:00
2021-08-06,2,2021,0.0,7.8,5.28,0.6,8.15,0.0,784902.0,7.79,0.0,2021-08-06 02:00:00
2021-08-07,2,2021,0.1,6.5,5.57,0.3,12.97,0.0,885965.0,2.08,133.97,2021-08-07 02:00:00
2021-08-08,2,2021,1.3,6.7,5.41,0.7,14.89,0.0,886968.0,5.45,19.1,2021-08-08 02:00:00
2021-08-09,2,2021,3.8,6.7,6.77,2.0,12.66,0.0,880755.0,2.91,56.43,2021-08-09 02:00:00
2021-08-10,2,2021,0.5,7.3,5.81,0.8,13.31,0.0,899413.0,6.78,6.75,2021-08-10 02:00:00
2021-08-11,2,2021,0.3,7.2,5.68,0.2,8.69,0.0,883815.0,6.87,4.79,2021-08-11 02:00:00
2021-08-12,2,2021,0.0,7.0,6.24,2.4,9.02,0.0,917099.0,4.25,78.08,2021-08-12 02:00:00
2021-08-13,2,2021,0.3,6.9,6.07,0.0,7.56,0.0,881936.0,6.61,4.36,2021-08-13 02:00:00
2021-08-14,2,2021,0.0,6.5,5.62,0.0,10.02,0.0,906833.0,6.51,0.0,2021-08-14 02:00:00
2021-08-15,2,2021,0.1,7.0,4.96,0.0,15.98,0.0,913621.0,6.9,1.17,2021-08-15 02:00:00
2021-08-16,2,2021,0.3,7.3,5.36,0.0,10.02,0.0,904511.0,6.94,4.56,2021-08-16 02:00:00
2021-08-17,2,2021,0.3,6.9,5.87,0.0,10.25,0.0,884834.0,6.61,4.64,2021-08-17 02:00:00
2021-08-18,2,2021,0.6,7.2,6.11,0.1,11.52,0.0,910490.0,6.61,8.53,2021-08-18 02:00:00
2021-08-19,2,2021,3.2,6.8,5.36,1.3,19.81,0.0,929632.0,3.67,46.35,2021-08-19 02:00:00
2021-08-20,2,2021,0.2,7.5,5.74,0.0,8.27,0.0,895597.0,7.26,2.83,2021-08-20 02:00:00
2021-08-21,2,2021,0.0,7.1,5.3,0.0,4.4,0.0,892632.0,7.11,0.0,2021-08-21 02:00:00
2021-08-22,2,2021,7.5,6.9,5.32,1.6,27.37,0.0,880999.0,-0.58,108.41,2021-08-22 02:00:00
2021-08-23,2,2021,0.3,6.7,5.54,0.0,10.99,0.0,931145.0,6.42,3.88,2021-08-23 02:00:00
2021-08-24,2,2021,0.0,7.1,5.26,0.0,14.8,0.0,897071.0,7.05,0.0,2021-08-24 02:00:00
2021-08-25,2,2021,2.2,7.2,5.87,0.5,17.0,0.0,930136.0,5.03,30.45,2021-08-25 02:00:00
2021-08-26,2,2021,0.0,7.3,6.09,0.0,14.71,0.0,944074.0,2.63,128.52,2021-08-26 02:00:00
2021-08-27,2,2021,0.0,7.9,6.3,0.0,12.92,0.0,918989.0,7.85,0.0,2021-08-27 02:00:00
2021-08-28,2,2021,0.0,7.1,6.16,0.9,11.07,0.0,947192.0,7.1,0.0,2021-08-28 02:00:00
2021-08-29,2,2021,0.0,7.2,6.12,0.0,14.71,0.0,968950.0,7.22,0.0,2021-08-29 02:00:00
2021-08-30,2,2021,5.9,7.9,6.02,0.7,27.03,0.0,963489.0,1.96,75.2,2021-08-30 02:00:00
2021-08-31,2,2021,0.2,7.7,6.13,1.3,7.25,0.0,958369.0,7.47,2.79,2021-08-31 02:00:00
2021-09-01,2,2021,0.2,6.9,5.57,0.0,9.14,0.0,940345.0,6.76,2.53,2021-09-01 02:00:00
2021-09-02,2,2021,0.0,7.3,6.02,0.0,7.04,0.0,961498.0,7.33,0.0,2021-09-02 02:00:00
2021-09-03,2,2021,5.0,7.3,5.84,0.9,23.61,0.0,938358.0,2.33,68.16,2021-09-03 02:00:00
2021-09-04,2,2021,0.9,7.6,5.68,0.0,16.22,0.0,950643.0,6.66,11.96,2021-09-04 02:00:00
2021-09-05,2,2021,1.1,6.7,5.62,0.0,8.62,0.0,958102.0,5.61,16.67,2021-09-05 02:00:00
2021-09-06,2,2021,0.5,7.1,5.17,0.0,14.21,0.0,1004839.0,2.76,114.69,2021-09-06 02:00:00
2021-09-07,2,2021,0.5,7.7,5.27,0.0,8.67,0.0,974175.0,7.2,6.56,2021-09-07 02:00:00
2021-09-08,2,2021,2.1,7.1,5.66,0.2,15.97,0.0,994405.0,4.95,30.02,2021-09-08 02:00:00
2021-09-09,2,2021,0.4,7.4,5.81,0.4,9.96,0.0,997706.0,7.02,4.79,2021-09-09 02:00:00
2021-09-10,2,2021,4.4,7.3,6.54,0.1,15.5,0.0,977803.0,2.9,60.38,2021-09-10 02:00:00
2021-09-11,2,2021,0.1,7.4,5.9,0.0,14.32,0.0,974888.0,7.28,1.86,2021-09-11 02:00:00
2021-09-12,2,2021,1.5,7.3,5.57,0.0,16.03,0.0,978986.0,4.64,53.42,2021-09-12 02:00:00
2021-09-13,2,2021,0.5,8.0,6.07,0.0,14.47,0.0,970766.0,7.43,6.52,2021-09-13 02:00:00
2021-09-14,2,2021,1.7,7.5,6.1,0.0,16.16,0.0,949795.0,5.76,22.66,2021-09-14 02:00:00
2021-09-15,2,2021,0.4,7.4,6.22,1.4,7.27,0.0,990299.0,7.03,4.77,2021-09-15 02:00:00
2021-09-16,2,2021,4.8,6.8,5.81,0.0,23.41,0.0,937206.0,1.97,70.86,2021-09-16 02:00:00
2021-09-17,2,2021,1.2,7.1,5.38,1.0,11.26,0.0,981554.0,5.88,16.94,2021-09-17 02:00:00
2021-09-18,2,2021,3.6,7.2,5.26,0.0,15.02,0.0,977746.0,3.61,49.81,2021-09-18 02:00:00
2021-09-19,2,2021,0.9,7.6,6.04,0.8,10.55,0.0,1017360.0,6.74,11.26,2021-09-19 02:00:00
2021-09-20,2,2021,0.3,7.5,6.04,0.0,11.3,0.0,995451.0,7.26,3.48,2021-09-20 02:00:00
2021-09-21,2,2021,0.9,7.2,5.8,0.5,15.14,0.0,1002293.0,6.27,12.39,2021-09-21 02:00:00
2021-09-22,2,2021,0.0,7.0,5.28,0.7,14.15,0.0,1019206.0,6.98,0.0,2021-09-22 02:00:00
2021-09-23,2,2021,1.8,7.4,5.5,0.5,12.87,0.0,980490.0,5.63,23.82,2021-09-23 02:00:00
2021-09-24,2,2021,5.2,7.4,5.77,0.6,25.15,0.0,978089.0,2.22,70.06,2021-09-24 02:00:00
2021-09-25,2,2021,0.0,7.0,6.07,0.0,11.59,0.0,1016838.0,7.03,0.0,2021-09-25 02:00:00
2021-09-26,2,2021,0.0,7.1,5.39,0.6,11.5,0.0,1033294.0,7.09,0.0,2021-09-26 02:00:00
2021-09-27,2,2021,0.4,7.6,6.86,0.0,10.67,0.0,1005779.0,7.23,5.19,2021-09-27 02:00:00
2021-09-28,2,2021,2.1,7.2,6.32,0.1,15.62,0.0,1029729.0,1.32,134.85,2021-09-28 02:00:00
2021-09-29,2,2021,0.0,7.2,6.48,0.3,7.86,0.0,1021844.0,7.16,0.0,2021-09-29 02:00:00
2021-09-30,2,2021,0.0,7.2,5.85,0.0,6.37,0.0,1033319.0,7.16,0.0,2021-09-30 02:00:00
2021-10-01,2,2021,0.6,7.1,6.69,0.7,14.09,0.0,1029969.0,6.54,7.77,2021-10-01 02:00:00
2021-10-02,2,2021,4.1,7.4,6.15,0.0,21.02,0.0,1044237.0,3.32,55.06,2021-10-02 02:00:00
2021-10-03,2,2021,0.3,7.6,5.53,0.0,13.1,0.0,1037234.0,7.26,4.44,2021-10-03 02:00:00
2021-10-04,2,2021,2.9,7.2,6.48,0.2,17.95,0.0,1028929.0,4.39,39.4,2021-10-04 02:00:00
2021-10-05,2,2021,0.0,7.5,6.37,0.0,11.13,0.0,1007462.0,7.46,0.0,2021-10-05 02:00:00
2021-10-06,2,2021,1.4,8.1,5.82,0.0,12.98,0.0,1030247.0,6.73,17.38,2021-10-06 02:00:00
2021-10-07,2,2021,1.5,7.8,6.08,1.7,14.47,0.0,1037591.0,6.34,19.13,2021-10-07 02:00:00
2021-10-08,2,2021,0.0,7.0,5.67,1.4,7.86,0.0,1055797.0,5.01,57.41,2021-10-08 02:00:00
2021-10-09,2,2021,6.5,7.0,6.07,0.6,26.89,0.0,1043963.0,0.5,92.89,2021-10-09 02:00:00
2021-10-10,2,2021,0.6,7.3,6.12,0.0,6.99,0.0,1067222.0,6.72,7.87,2021-10-10 02:00:00
2021-10-11,2,2021,0.0,7.4,5.94,1.8,12.72,0.0,1021601.0,7.39,0.0,2021-10-11 02:00:00
2021-10-12,2,2021,2.6,7.3,6.1,0.7,10.09,0.0,1084399.0,4.68,35.64,2021-10-12 02:00:00
2021-10-13,2,2021,2.3,7.3,5.88,2.1,18.87,0.0,1061027.0,5.08,30.8,2021-10-13 02:00:00
2021-10-14,2,2021,0.3,6.9,5.55,0.7,11.22,0.0,1039007.0,6.63,4.08,2021-10-14 02:00:00
2021-10-15,2,2021,0.9,6.8,5.66,0.0,11.18,0.0,1060664.0,5.83,13.69,2021-10-15 02:00:00
2021-10-16,2,2021,0.0,7.8,5.72,0.4,14.27,0.0,1003595.0,7.76,0.0,2021-10-16 02:00:00
2021-10-17,2,2021,1.7,7.3,5.46,0.0,13.15,0.0,1029435.0,5.59,23.13,2021-10-17 02:00:00
2021-10-18,2,2021,2.2,6.9,6.61,1.8,16.58,0.0,1054584.0,4.72,31.75,2021-10-18 02:00:00
2021-10-19,2,2021,0.4,7.5,5.87,0.4,6.81,0.0,1067974.0,7.15,5.09,2021-10-19 02:00:00
2021-10-20,2,2021,4.2,7.8,6.26,2.6,25.53,0.0,1077707.0,3.58,54.16,2021-10-20 02:00:00
2021-10-21,2,2021,0.2,7.3,5.63,0.5,10.23,0.0,1046695.0,7.19,2.04,2021-10-21 02:00:00
2021-10-22,2,2021,0.0,7.2,6.08,0.0,8.94,0.0,1073966.0,7.16,0.0,2021-10-22 02:00:00
2021-10-23,2,2021,0.0,8.0,5.71,0.0,5.09,0.0,1043822.0,8.0,0.0,2021-10-23 02:00:00
2021-10-24,2,2021,0.0,7.7,5.27,0.2,8.89,0.0,1059139.0,7.67,0.0,2021-10-24 02:00:00
2021-10-25,2,2021,0.5,7.2,5.85,0.8,8.02,0.0,1002090.0,6.65,7.59,2021-10-25 02:00:00
2021-10-26,2,2021,1.0,8.0,6.11,1.4,13.01,0.0,1060962.0,7.06,11.96,2021-10-26 02:00:00
2021-10-27,2,2021,1.4,7.4,5.82,0.0,12.68,0.0,1041062.0,6.05,18.42,2021-10-27 02:00:00
2021-10-28,2,2021,3.9,7.3,5.79,0.5,25.84,0.0,1080354.0,3.34,54.02,2021-10-28 02:00:00
2021-10-29,2,2021,0.5,7.8,5.92,0.0,7.45,0.0,1001832.0,7.3,6.99,2021-10-29 02:00:00
2021-10-30,2,2021,7.6,7.5,6.69,0.6,28.59,0.0,1081621.0,-0.16,102.1,2021-10-30 02:00:00
2021-10-31,2,2021,2.2,7.7,5.82,0.2,13.38,0.0,1005792.0,5.5,28.52,2021-10-31 02:00:00
2021-11-01,2,2021,0.0,7.3,6.33,0.6,10.58,0.0,1012147.0,7.26,0.0,2021-11-01 02:00:00
2021-11-02,2,2021,2.0,6.8,6.24,0.8,15.2,0.0,1048083.0,4.84,29.23,2021-11-02 02:00:00
2021-11-03,2,2021,4.4,7.3,5.53,0.6,17.81,0.0,1073134.0,0.82,117.5,2021-11-03 02:00:00
2021-11-04,2,2021,2.1,7.4,5.81,0.0,21.23,0.0,1096461.0,5.24,28.87,2021-11-04 02:00:00
2021-11-05,2,2021,0.0,7.3,6.29,0.0,8.98,0.0,1046417.0,7.27,0.0,2021-11-05 02:00:00
2021-11-06,2,2021,3.1,7.9,5.6,1.0,24.62,0.0,1074980.0,4.78,39.1,2021-11-06 02:00:00
2021-11-07,2,2021,7.8,7.8,6.02,2.4,29.81,0.0,1073431.0,-0.03,100.32,2021-11-07 02:00:00
2021-11-08,2,2021,0.2,7.1,6.09,0.4,13.3,0.0,1068327.0,6.91,2.2,2021-11-08 02:00:00
2021-11-09,2,2021,0.7,7.8,6.16,0.0,11.14,0.0,1092140.0,7.14,8.86,2021-11-09 02:00:00
2021-11-10,2,2021,3.2,7.6,5.5,0.7,14.87,0.0,1095919.0,4.42,42.05,2021-11-10 02:00:00
2021-11-11,2,2021,11.3,7.8,6.61,2.1,34.03,0.0,1068246.0,-3.57,146.01,2021-11-11 02:00:00
2021-11-12,2,2021,1.1,7.3,6.15,0.7,10.04,0.0,1054332.0,6.16,15.15,2021-11-12 02:00:00
2021-11-13,2,2021,0.1,7.4,5.79,1.1,10.42,0.0,1050155.0,7.28,0.99,2021-11-13 02:00:00
2021-11-14,2,2021,1.1,7.5,6.31,0.0,16.16,0.0,1031287.0,6.46,14.07,2021-11-14 02:00:00
2021-11-15,2,2021,0.9,6.8,6.34,0.0,12.36,0.0,1065607.0,5.91,13.64,2021-11-15 02:00:00
2021-11-16,2,2021,3.5,7.7,6.11,0.4,18.47,0.0,1064966.0,4.17,45.66,2021-11-16 02:00:00
2021-11-17,2,2021,1.0,7.4,5.94,0.1,8.52,0.0,1073985.0,6.38,13.9,2021-11-17 02:00:00
2021-11-18,2,2021,1.8,7.6,5.29,0.6,11.35,0.0,1043376.0,5.78,23.73,2021-11-18 02:00:00
2021-11-19,2,2021,3.1,8.0,5.9,0.6,20.96,0.0,1067982.0,4.85,39.15,2021-11-19 02:00:00
2021-11-20,2,2021,0.5,7.1,6.24,0.0,13.67,0.0,1142613.0,4.28,72.36,2021-11-20 02:00:00
2021-11-21,2,2021,0.2,7.3,6.25,0.2,10.95,0.0,1098304.0,7.1,2.6,2021-11-21 02:00:00
2021-11-22,2,2021,1.9,8.2,6.13,0.0,17.6,0.0,1094757.0,6.32,22.95,2021-11-22 02:00:00
2021-11-23,2,2021,1.2,7.6,5.84,0.0,10.56,0.0,1112652.0,6.45,15.62,2021-11-23 02:00:00
2021-11-24,2,2021,1.1,7.6,5.64,0.0,20.97,0.0,1105386.0,4.35,70.78,2021-11-24 02:00:00
2021-11-25,2,2021,0.4,7.4,5.61,0.0,9.63,0.0,1092447.0,6.93,6.06,2021-11-25 02:00:00
2021-11-26,2,2021,1.2,7.5,5.95,0.0,13.56,0.0,1122412.0,6.32,16.03,2021-11-26 02:00:00
2021-11-27,2,2021,0.0,7.5,5.96,0.1,6.65,0.0,1125661.0,7.49,0.0,2021-11-27 02:00:00
2021-11-28,2,2021,0.0,7.2,6.43,0.5,13.09,0.0,1146217.0,7.19,0.0,2021-11-28 02:00:00
2021-11-29,2,2021,0.0,7.5,6.15,0.0,9.1,0.0,1104254.0,7.52,0.0,2021-11-29 02:00:00
2021-11-30,2,2021,0.0,7.8,6.36,0.2,8.97,0.0,1122915.0,7.82,0.0,2021-11-30 02:00:00
2021-12-01,2,2021,0.0,7.5,6.33,0.8,17.51,0.0,1130187.0,7.52,0.0,2021-12-01 02:00:00
2021-12-02,2,2021,0.5,8.3,5.97,0.0,9.69,0.0,1100208.0,7.83,6.09,2021-12-02 02:00:00
2021-12-03,2,2021,0.0,7.7,6.29,0.6,8.95,0.0,1125940.0,7.73,0.0,2021-12-03 02:00:00
2021-12-04,2,2021,0.6,7.4,6.1,0.3,10.95,0.0,1113229.0,6.81,7.71,2021-12-04 02:00:00
2021-12-05,2,2021,3.4,7.7,6.22,0.4,20.81,0.0,1146749.0,4.3,44.45,2021-12-05 02:00:00
2021-12-06,2,2021,0.0,7.7,6.63,0.0,18.04,0.0,1178674.0,3.47,109.46,2021-12-06 02:00:00
2021-12-07,2,2021,0.0,8.0,5.87,0.0,5.76,0.0,1179758.0,7.97,0.0,2021-12-07 02:00:00
2021-12-08,2,2021,0.0,8.0,5.65,0.0,11.06,0.0,1132126.0,8.03,0.16,2021-12-08 02:00:00
2021-12-09,2,2021,0.0,7.4,6.36,0.0,7.25,0.0,1171663.0,7.39,0.0,2021-12-09 02:00:00
2021-12-10,2,2021,0.1,7.5,6.06,0.9,10.6,0.0,1155860.0,7.35,1.9,2021-12-10 02:00:00
2021-12-11,2,2021,3.2,7.4,5.79,1.3,14.72,0.0,1148587.0,4.16,43.51,2021-12-11 02:00:00
2021-12-12,2,2021,1.1,7.8,5.66,0.6,8.06,0.0,1176706.0,6.71,14.3,2021-12-12 02:00:00
2021-12-13,2,2021,0.0,7.8,6.46,0.1,12.36,0.0,1172523.0,7.79,0.0,2021-12-13 02:00:00
2021-12-14,2,2021,0.0,8.3,6.44,0.0,8.07,0.0,1137730.0,8.31,0.0,2021-12-14 02:00:00
2021-12-15,2,2021,4.5,7.8,6.05,1.6,21.62,0.0,1155919.0,3.38,56.94,2021-12-15 02:00:00
2021-12-16,2,2021,0.0,8.2,5.92,0.0,9.77,0.0,1115684.0,8.23,0.0,2021-12-16 02:00:00
2021-12-17,2,2021,0.0,7.9,6.15,0.7,10.92,0.0,1176364.0,7.86,0.0,2021-12-17 02:00:00
2021-12-18,2,2021,0.0,7.2,5.79,1.5,10.92,0.0,1174564.0,7.17,0.0,2021-12-18 02:00:00
2021-12-19,2,2021,2.8,6.9,6.66,0.0,16.17,0.0,1165749.0,4.06,40.99,2021-12-19 02:00:00
2021-12-20,2,2021,0.8,7.2,6.03,0.6,10.41,0.0,1178608.0,6.37,11.02,2021-12-20 02:00:00
2021-12-21,2,2021,0.0,8.0,6.13,0.0,8.09,0.0,1147076.0,8.03,0.0,2021-12-21 02:00:00
2021-12-22,2,2021,0.0,7.5,5.82,0.0,7.87,0.0,1172976.0,7.48,0.0,2021-12-22 02:00:00
2021-12-23,2,2021,0.4,7.9,5.97,0.5,12.08,0.0,1126134.0,7.42,5.66,2021-12-23 02:00:00
2021-12-24,2,2021,0.9,8.0,6.8,0.7,14.57,0.0,1149441.0,7.14,11.05,2021-12-24 02:00:00
2021-12-25,2,2021,0.0,7.9,6.18,0.7,5.37,0.0,1160425.0,7.9,0.0,2021-12-25 02:00:00
2021-12-26,2,2021,1.6,8.0,6.07,1.1,7.66,0.0,1180463.0,6.33,20.66,2021-12-26 02:00:00
2021-12-27,2,2021,2.7,7.8,6.19,1.1,15.43,0.0,1144719.0,5.06,35.08,2021-12-27 02:00:00
2021-12-28,2,2021,0.0,8.1,6.54,0.6,11.77,0.0,1130088.0,8.1,0.0,2021-12-28 02:00:00
2021-12-29,2,2021,0.0,8.1,6.44,0.9,11.3,0.0,1154399.0,8.06,0.0,2021-12-29 02:00:00
2021-12-30,2,2021,0.0,8.4,7.17,0.6,10.37,0.0,1174650.0,8.37,0.0,2021-12-30 02:00:00
2021-12-31,2,2021,0.2,7.9,6.68,1.3,8.63,0.0,1143660.0,7.78,1.92,2021-12-31 02:00:00
2022-01-01,2,2022,0.3,6.2,5.34,1.1,6.59,4948639.0,70730.0,5.9,5.16,2022-01-01 02:00:00
2022-01-02,2,2022,3.2,6.8,4.97,0.0,21.16,4834506.0,72072.0,3.67,46.35,2022-01-02 02:00:00
2022-01-03,2,2022,3.3,6.2,4.85,1.5,21.27,4882864.0,68433.0,2.93,52.73,2022-01-03 02:00:00
2022-01-04,2,2022,0.9,5.6,4.64,0.9,15.67,4855137.0,83776.0,4.77,15.49,2022-01-04 02:00:00
2022-01-05,2,2022,0.3,5.8,4.84,0.5,11.58,4749402.0,111495.0,5.48,4.93,2022-01-05 02:00:00
2022-01-06,2,2022,0.6,6.3,5.9,0.6,10.69,4676705.0,121229.0,5.71,9.5,2022-01-06 02:00:00
2022-01-07,2,2022,5.4,6.0,4.96,0.0,27.38,4767276.0,120029.0,0.66,89.07,2022-01-07 02:00:00
2022-01-08,2,2022,3.7,6.2,5.02,1.4,20.7,4644321.0,125934.0,2.53,59.31,2022-01-08 02:00:00
2022-01-09,2,2022,0.4,6.5,5.55,0.0,14.7,4514927.0,108241.0,6.12,5.75,2022-01-09 02:00:00
2022-01-10,2,2022,0.0,5.6,5.03,1.3,14.23,4609230.0,96279.0,5.61,0.0,2022-01-10 02:00:00
2022-01-11,2,2022,0.6,6.1,5.3,0.0,16.35,4494674.0,89787.0,5.52,9.5,2022-01-11 02:00:00
2022-01-12,2,2022,0.2,6.2,4.74,0.4,7.19,4384116.0,106455.0,6.09,2.46,2022-01-12 02:00:00
2022-01-13,2,2022,0.2,6.4,5.12,0.5,10.69,4373644.0,129576.0,6.17,2.9,2022-01-13 02:00:00
2022-01-14,2,2022,0.0,6.2,5.23,2.0,9.41,4371453.0,154809.0,6.24,0.0,2022-01-14 02:00:00
2022-01-15,2,2022,1.4,6.0,4.94,0.0,15.29,4241824.0,114946.0,4.54,23.87,2022-01-15 02:00:00
2022-01-16,2,2022,2.0,5.8,5.1,0.9,13.61,4163310.0,114521.0,3.86,33.99,2022-01-16 02:00:00
2022-01-17,2,2022,2.2,6.1,4.72,0.4,14.73,4239595.0,113316.0,3.84,36.83,2022-01-17 02:00:00
2022-01-18,2,2022,4.6,6.3,5.54,1.4,18.8,4178783.0,83095.0,1.65,73.65,2022-01-18 02:00:00
2022-01-19,2,2022,6.5,6.4,5.19,0.3,24.99,4199488.0,79737.0,-0.06,100.96,2022-01-19 02:00:00
2022-01-20,2,2022,1.4,6.5,5.07,0.5,12.94,4148931.0,70591.0,5.15,21.02,2022-01-20 02:00:00
2022-01-21,2,2022,2.5,6.0,5.05,0.4,12.02,4124611.0,118897.0,3.47,41.95,2022-01-21 02:00:00
2022-01-22,2,2022,2.7,6.2,5.01,1.0,18.4,4126294.0,90126.0,3.44,44.11,2022-01-22 02:00:00
2022-01-23,2,2022,0.0,6.1,5.39,0.0,14.97,4007931.0,130117.0,6.14,0.0,2022-01-23 02:00:00
2022-01-24,2,2022,0.0,6.0,5.34,0.6,14.38,3970239.0,105454.0,6.0,0.0,2022-01-24 02:00:00
2022-01-25,2,2022,1.0,6.4,5.47,1.2,10.85,3855757.0,126831.0,2.84,96.1,2022-01-25 02:00:00
2022-01-26,2,2022,0.3,6.3,4.88,0.0,3.29,3950486.0,169560.0,6.01,4.4,2022-01-26 02:00:00
2022-01-27,2,2022,3.3,6.1,4.35,0.0,18.42,3759821.0,90379.0,2.8,54.09,2022-01-27 02:00:00
2022-01-28,2,2022,4.4,6.5,4.35,0.0,24.97,3769466.0,154377.0,2.08,68.07,2022-01-28 02:00:00
2022-01-29,2,2022,0.5,6.4,4.59,0.0,10.44,3746749.0,163113.0,5.93,7.43,2022-01-29 02:00:00
2022-01-30,2,2022,3.5,6.4,5.89,1.6,22.98,3656121.0,124754.0,2.88,55.07,2022-01-30 02:00:00
2022-01-31,2,2022,0.3,5.8,5.15,0.0,13.17,3657390.0,117407.0,5.46,5.76,2022-01-31 02:00:00
2022-02-01,2,2022,2.8,6.0,4.58,0.0,16.61,3685790.0,109849.0,3.21,46.66,2022-02-01 02:00:00
2022-02-02,2,2022,0.9,7.2,4.82,0.4,8.21,3496716.0,149827.0,2.61,115.85,2022-02-02 02:00:00
2022-02-03,2,2022,0.3,6.2,3.97,0.6,11.0,3476633.0,111980.0,5.91,4.87,2022-02-03 02:00:00
2022-02-04,2,2022,0.9,7.1,4.92,0.0,19.1,3431719.0,174090.0,6.24,12.11,2022-02-04 02:00:00
2022-02-05,2,2022,5.5,6.4,4.92,1.9,18.51,3445436.0,146857.0,0.93,85.48,2022-02-05 02:00:00
2022-02-06,2,2022,0.2,6.4,5.12,0.0,14.59,3372467.0,181556.0,5.0,40.32,2022-02-06 02:00:00
2022-02-07,2,2022,0.7,6.4,5.15,0.3,13.97,3317681.0,191610.0,5.65,11.03,2022-02-07 02:00:00
2022-02-08,2,2022,0.3,6.6,5.56,0.0,10.68,3288319.0,174109.0,6.33,4.14,2022-02-08 02:00:00
2022-02-09,2,2022,2.2,6.0,4.06,1.6,17.51,3324225.0,169551.0,3.8,36.77,2022-02-09 02:00:00
2022-02-10,2,2022,3.2,6.0,4.86,0.0,20.44,3227034.0,173926.0,2.84,52.8,2022-02-10 02:00:00
2022-02-11,2,2022,1.1,6.9,5.27,0.0,18.19,3051387.0,207036.0,5.81,15.55,2022-02-11 02:00:00
2022-02-12,2,2022,2.2,6.4,5.35,0.8,14.2,2991384.0,198901.0,1.43,121.48,2022-02-12 02:00:00
2022-02-13,2,2022,0.0,6.0,4.91,0.0,15.94,2936918.0,240894.0,1.76,141.67,2022-02-13 02:00:00
2022-02-14,2,2022,1.0,6.8,5.68,0.0,10.96,2875669.0,282117.0,5.82,14.27,2022-02-14 02:00:00
2022-02-15,2,2022,0.6,6.5,5.14,1.6,10.23,2855001.0,235844.0,5.94,8.73,2022-02-15 02:00:00
2022-02-16,2,2022,0.3,6.6,5.19,0.3,11.5,2757133.0,242717.0,6.31,4.98,2022-02-16 02:00:00
2022-02-17,2,2022,2.7,6.0,5.16,0.2,16.07,2779759.0,232107.0,3.31,45.17,2022-02-17 02:00:00
2022-02-18,2,2022,0.0,6.2,5.23,0.0,9.28,2686943.0,213795.0,6.25,0.0,2022-02-18 02:00:00
2022-02-19,2,2022,0.2,6.1,4.63,1.6,12.21,2691010.0,256856.0,5.93,2.88,2022-02-19 02:00:00
2022-02-20,2,2022,6.1,6.5,5.25,0.3,26.44,2626626.0,248101.0,0.34,94.79,2022-02-20 02:00:00
2022-02-21,2,2022,0.4,6.6,4.72,0.7,8.99,2621378.0,262785.0,6.18,6.31,2022-02-21 02:00:00
2022-02-22,2,2022,2.7,6.3,5.55,0.0,20.74,2590860.0,264791.0,3.67,42.18,2022-02-22 02:00:00
2022-02-23,2,2022,0.4,6.8,5.7,0.3,16.32,2576762.0,196316.0,6.42,6.11,2022-02-23 02:00:00
2022-02-24,2,2022,0.1,6.1,5.29,0.5,12.02,2450546.0,256370.0,4.23,58.33,2022-02-24 02:00:00
2022-02-25,2,2022,0.4,6.5,5.3,0.0,12.14,2399098.0,273602.0,6.17,5.74,2022-02-25 02:00:00
2022-02-26,2,2022,1.4,6.5,5.45,0.0,8.23,2406225.0,287233.0,5.12,21.69,2022-02-26 02:00:00
2022-02-27,2,2022,1.0,6.7,4.45,0.0,8.78,2370674.0,240092.0,5.65,15.16,2022-02-27 02:00:00
2022-02-28,2,2022,2.5,6.3,5.82,0.0,12.55,2266760.0,278911.0,3.76,39.87,2022-02-28 02:00:00
2022-03-01,2,2022,4.7,6.2,4.9,1.0,23.41,2273345.0,266281.0,1.5,75.74,2022-03-01 02:00:00
2022-03-02,2,2022,2.6,6.5,5.04,0.1,22.93,2213647.0,280007.0,3.85,40.73,2022-03-02 02:00:00
2022-03-03,2,2022,0.0,6.5,5.11,1.2,14.89,2132019.0,269821.0,6.46,0.74,2022-03-03 02:00:00
2022-03-04,2,2022,0.5,5.9,4.55,1.0,11.96,2036278.0,256413.0,5.33,9.21,2022-03-04 02:00:00
2022-03-05,2,2022,4.2,6.7,5.39,0.4,15.69,1997481.0,276157.0,2.49,62.75,2022-03-05 02:00:00
2022-03-06,2,2022,0.5,6.3,4.76,0.0,11.66,2069271.0,259856.0,5.78,7.97,2022-03-06 02:00:00
2022-03-07,2,2022,2.3,6.0,5.14,0.1,19.25,1980597.0,305262.0,-0.73,185.42,2022-03-07 02:00:00
2022-03-08,2,2022,0.2,6.4,5.67,0.0,12.0,1840499.0,320515.0,6.19,3.14,2022-03-08 02:00:00
2022-03-09,2,2022,0.0,6.4,5.2,0.0,11.14,1852088.0,314729.0,6.41,0.38,2022-03-09 02:00:00
2022-03-10,2,2022,4.0,7.0,4.64,1.1,19.28,1782707.0,281406.0,2.92,58.11,2022-03-10 02:00:00
2022-03-11,2,2022,0.8,6.1,6.0,0.1,10.93,1687163.0,309619.0,5.35,12.87,2022-03-11 02:00:00
2022-03-12,2,2022,0.7,6.3,5.89,0.2,9.95,1643237.0,314706.0,5.69,10.37,2022-03-12 02:00:00
2022-03-13,2,2022,2.5,5.4,4.88,1.6,15.21,1730400.0,279381.0,2.88,46.4,2022-03-13 02:00:00
2022-03-14,2,2022,2.1,6.6,5.11,0.0,14.53,1635377.0,368884.0,1.04,136.87,2022-03-14 02:00:00
2022-03-15,2,2022,5.2,6.2,5.24,0.6,25.53,1542583.0,404725.0,-2.64,201.63,2022-03-15 02:00:00
2022-03-16,2,2022,0.0,6.2,5.52,0.7,6.78,1509218.0,412783.0,6.2,0.0,2022-03-16 02:00:00
2022-03-17,2,2022,0.2,6.5,5.64,0.0,14.23,1510664.0,381025.0,6.29,3.66,2022-03-17 02:00:00
2022-03-18,2,2022,1.4,6.4,5.39,0.0,9.69,1399860.0,351060.0,4.99,22.26,2022-03-18 02:00:00
2022-03-19,2,2022,3.1,6.5,5.16,0.7,17.19,1407636.0,384129.0,3.43,47.62,2022-03-19 02:00:00
2022-03-20,2,2022,0.3,5.9,5.09,0.8,9.59,1320007.0,368545.0,5.53,5.63,2022-03-20 02:00:00
2022-03-21,2,2022,0.2,6.4,5.35,0.0,8.39,1299070.0,401164.0,6.26,2.78,2022-03-21 02:00:00
2022-03-22,2,2022,0.0,6.4,5.4,0.9,13.23,1146360.0,365299.0,6.44,0.0,2022-03-22 02:00:00
2022-03-23,2,2022,0.6,6.6,5.46,0.1,11.0,1121647.0,375338.0,6.06,8.69,2022-03-23 02:00:00
2022-03-24,2,2022,1.6,6.4,5.08,1.6,17.07,1143501.0,394112.0,0.11,171.68,2022-03-24 02:00:00
2022-03-25,2,2022,1.4,6.7,5.04,0.7,11.93,1092362.0,452372.0,2.52,103.55,2022-03-25 02:00:00
2022-03-26,2,2022,1.9,6.4,4.77,1.3,20.7,976875.0,446343.0,4.51,29.57,2022-03-26 02:00:00
2022-03-27,2,2022,1.6,6.6,5.48,0.0,11.95,877011.0,486117.0,5.02,24.3,2022-03-27 02:00:00
2022-03-28,2,2022,0.6,6.8,5.75,0.2,13.04,824576.0,444850.0,6.2,8.37,2022-03-28 02:00:00
2022-03-29,2,2022,0.7,6.7,5.32,0.3,17.92,890895.0,451075.0,3.09,97.04,2022-03-29 02:00:00
2022-03-30,2,2022,5.0,6.8,5.77,1.0,26.91,713024.0,470677.0,1.87,72.55,2022-03-30 02:00:00
2022-03-31,2,2022,0.0,6.4,5.48,0.0,6.14,746860.0,483209.0,6.43,0.0,2022-03-31 02:00:00
2022-04-01,2,2022,0.3,6.7,4.88,0.0,10.23,618365.0,453449.0,6.44,3.99,2022-04-01 02:00:00
2022-04-02,2,2022,1.0,7.2,6.12,0.3,11.79,543001.0,549959.0,1.56,142.79,2022-04-02 02:00:00
2022-04-03,2,2022,1.2,5.7,5.46,0.0,5.91,581770.0,500102.0,4.49,21.12,2022-04-03 02:00:00
2022-04-04,2,2022,2.3,6.6,5.48,0.2,16.54,541159.0,545888.0,4.23,35.68,2022-04-04 02:00:00
2022-04-05,2,2022,2.3,6.3,4.95,0.0,18.89,463679.0,511576.0,3.98,36.57,2022-04-05 02:00:00
2022-04-06,2,2022,0.1,6.3,5.32,0.0,14.5,442877.0,576346.0,6.29,0.93,2022-04-06 02:00:00
2022-04-07,2,2022,2.9,5.9,5.36,0.0,14.99,431765.0,551997.0,3.01,48.89,2022-04-07 02:00:00
2022-04-08,2,2022,1.7,6.5,5.44,0.2,14.12,404462.0,549981.0,4.71,27.05,2022-04-08 02:00:00
2022-04-09,2,2022,3.2,6.0,5.46,1.7,18.08,243563.0,537622.0,-0.81,173.23,2022-04-09 02:00:00
2022-04-10,2,2022,1.0,6.5,5.56,1.4,11.75,193174.0,583310.0,5.49,15.54,2022-04-10 02:00:00
2022-04-11,2,2022,0.0,6.7,5.63,1.3,2.85,331774.0,535375.0,6.67,0.0,2022-04-11 02:00:00
2022-04-12,2,2022,4.6,7.1,5.32,1.5,19.8,146169.0,577856.0,2.45,65.37,2022-04-12 02:00:00
2022-04-13,2,2022,1.8,6.8,5.73,0.2,16.4,63627.0,566976.0,4.95,26.87,2022-04-13 02:00:00
2022-04-14,2,2022,0.1,6.9,5.06,0.0,11.97,143699.0,587106.0,6.83,0.94,2022-04-14 02:00:00
2022-04-15,2,2022,2.9,6.2,5.39,0.0,11.97,87346.0,541370.0,3.25,47.53,2022-04-15 02:00:00
2022-04-16,2,2022,0.5,6.8,5.14,0.1,10.87,17441.0,582579.0,6.31,6.75,2022-04-16 02:00:00
2022-04-17,2,2022,1.0,6.3,5.61,0.2,13.36,0.0,560907.0,5.27,15.64,2022-04-17 02:00:00
2022-04-18,2,2022,0.1,6.1,5.15,0.3,9.23,0.0,567967.0,4.31,56.49,2022-04-18 02:00:00
2022-04-19,2,2022,0.0,7.2,5.33,0.8,9.49,0.0,579545.0,7.21,0.0,2022-04-19 02:00:00
2022-04-20,2,2022,6.7,6.3,5.82,1.8,27.18,0.0,566211.0,-0.39,106.22,2022-04-20 02:00:00
2022-04-21,2,2022,1.5,6.8,5.09,0.0,13.2,0.0,544429.0,5.39,21.24,2022-04-21 02:00:00
2022-04-22,2,2022,0.6,6.1,5.27,1.6,11.49,0.0,646127.0,1.28,147.69,2022-04-22 02:00:00
2022-04-23,2,2022,0.0,6.1,4.98,0.1,16.21,0.0,628530.0,6.14,0.0,2022-04-23 02:00:00
2022-04-24,2,2022,3.6,6.2,5.63,0.1,19.94,0.0,630933.0,1.03,109.22,2022-04-24 02:00:00
2022-04-25,2,2022,0.5,6.5,5.42,0.6,17.61,0.0,677029.0,2.62,112.06,2022-04-25 02:00:00
2022-04-26,2,2022,0.0,6.8,5.3,0.0,7.79,0.0,675656.0,6.76,0.0,2022-04-26 02:00:00
2022-04-27,2,2022,0.5,6.3,5.47,0.0,11.48,0.0,652695.0,5.77,8.27,2022-04-27 02:00:00
2022-04-28,2,2022,0.2,7.1,5.2,0.0,12.25,0.0,648056.0,6.89,3.06,2022-04-28 02:00:00
2022-04-29,2,2022,0.3,6.8,5.57,1.6,11.16,0.0,679367.0,6.57,3.68,2022-04-29 02:00:00
2022-04-30,2,2022,0.8,6.6,5.61,0.0,13.07,0.0,675820.0,5.74,12.45,2022-04-30 02:00:00
2022-05-01,2,2022,1.6,6.3,5.56,0.5,16.28,0.0,712862.0,0.51,158.85,2022-05-01 02:00:00
2022-05-02,2,2022,1.1,6.9,6.32,0.0,9.73,0.0,707626.0,5.8,16.39,2022-05-02 02:00:00
2022-05-03,2,2022,0.0,6.3,5.49,0.0,13.35,0.0,741407.0,6.3,0.07,2022-05-03 02:00:00
2022-05-04,2,2022,3.7,6.7,5.2,1.2,23.46,0.0,707356.0,3.02,54.88,2022-05-04 02:00:00
2022-05-05,2,2022,2.7,6.6,5.38,0.7,18.52,0.0,697254.0,3.98,40.11,2022-05-05 02:00:00
2022-05-06,2,2022,1.0,6.1,4.76,0.3,11.86,0.0,709194.0,5.09,16.7,2022-05-06 02:00:00
2022-05-07,2,2022,0.9,7.1,5.38,1.1,15.67,0.0,716560.0,6.22,12.37,2022-05-07 02:00:00
2022-05-08,2,2022,2.8,6.4,4.76,0.0,19.76,0.0,724003.0,3.64,43.45,2022-05-08 02:00:00
2022-05-09,2,2022,0.1,6.5,5.52,0.6,12.11,0.0,762048.0,6.43,0.91,2022-05-09 02:00:00
2022-05-10,2,2022,1.9,6.5,4.91,0.4,17.58,0.0,687326.0,4.56,29.8,2022-05-10 02:00:00
2022-05-11,2,2022,1.5,6.6,5.27,0.9,14.71,0.0,731759.0,5.11,22.86,2022-05-11 02:00:00
2022-05-12,2,2022,0.8,6.4,4.98,0.2,16.87,0.0,697198.0,5.55,12.67,2022-05-12 02:00:00
2022-05-13,2,2022,0.6,6.7,5.86,0.0,6.45,0.0,719695.0,6.07,9.06,2022-05-13 02:00:00
2022-05-14,2,2022,0.0,6.9,4.96,0.0,6.16,0.0,720790.0,6.93,0.0,2022-05-14 02:00:00
2022-05-15,2,2022,2.7,7.0,5.22,0.9,16.93,0.0,720106.0,4.34,37.91,2022-05-15 02:00:00
2022-05-16,2,2022,0.7,6.7,5.76,0.7,11.91,0.0,720194.0,6.0,10.73,2022-05-16 02:00:00
2022-05-17,2,2022,2.7,5.8,6.04,0.1,12.28,0.0,714395.0,3.06,46.78,2022-05-17 02:00:00
2022-05-18,2,2022,1.2,6.5,4.65,1.1,11.61,0.0,719760.0,5.25,19.01,2022-05-18 02:00:00
2022-05-19,2,2022,0.6,7.3,5.2,0.0,16.09,0.0,710536.0,6.68,8.78,2022-05-19 02:00:00
2022-05-20,2,2022,0.6,6.8,5.57,0.2,13.27,0.0,724476.0,6.23,9.02,2022-05-20 02:00:00
2022-05-21,2,2022,2.6,6.9,5.43,0.5,15.85,0.0,691820.0,4.39,36.74,2022-05-21 02:00:00
2022-05-22,2,2022,2.0,6.9,5.09,0.0,19.59,0.0,739958.0,4.89,28.67,2022-05-22 02:00:00
2022-05-23,2,2022,0.8,6.7,5.76,1.0,14.46,0.0,744349.0,5.86,12.06,2022-05-23 02:00:00
2022-05-24,2,2022,0.3,6.7,5.77,0.0,9.48,0.0,713874.0,5.15,42.44,2022-05-24 02:00:00
2022-05-25,2,2022,0.2,6.3,5.9,0.0,12.75,0.0,697406.0,6.09,3.14,2022-05-25 02:00:00
2022-05-26,2,2022,0.0,7.1,4.97,0.0,9.14,0.0,701993.0,7.08,0.0,2022-05-26 02:00:00
2022-05-27,2,2022,0.7,6.8,5.68,0.9,10.08,0.0,715611.0,6.1,10.48,2022-05-27 02:00:00
2022-05-28,2,2022,0.5,7.1,5.37,0.0,9.78,0.0,714440.0,6.6,7.12,2022-05-28 02:00:00
2022-05-29,2,2022,1.5,7.0,5.89,0.0,13.57,0.0,730597.0,5.5,21.7,2022-05-29 02:00:00
2022-05-30,2,2022,0.9,6.5,5.44,1.1,9.49,0.0,723546.0,5.55,14.35,2022-05-30 02:00:00
2022-05-31,2,2022,0.0,6.7,4.81,0.0,8.05,0.0,750855.0,6.61,0.69,2022-05-31 02:00:00
2022-06-01,2,2022,0.9,6.8,6.08,0.0,12.76,0.0,736747.0,5.88,13.23,2022-06-01 02:00:00
2022-06-02,2,2022,0.8,7.1,6.13,0.0,9.18,0.0,753863.0,6.33,10.71,2022-06-02 02:00:00
2022-06-03,2,2022,2.5,6.9,6.18,0.3,14.54,0.0,762365.0,1.8,111.67,2022-06-03 02:00:00
2022-06-04,2,2022,3.3,6.9,4.84,0.8,18.73,0.0,724663.0,3.64,47.31,2022-06-04 02:00:00
2022-06-05,2,2022,0.1,7.1,5.37,0.0,11.48,0.0,738835.0,7.05,1.34,2022-06-05 02:00:00
2022-06-06,2,2022,1.4,6.5,5.37,1.0,14.5,0.0,743934.0,5.06,21.82,2022-06-06 02:00:00
2022-06-07,2,2022,3.2,7.3,5.71,0.7,18.62,0.0,742205.0,4.11,43.9,2022-06-07 02:00:00
2022-06-08,2,2022,0.0,6.7,4.92,0.6,11.43,0.0,738176.0,6.74,0.0,2022-06-08 02:00:00
2022-06-09,2,2022,1.1,6.8,5.48,0.0,16.52,0.0,757540.0,4.5,50.12,2022-06-09 02:00:00
2022-06-10,2,2022,1.1,6.1,5.46,1.5,14.85,0.0,757740.0,5.06,17.28,2022-06-10 02:00:00
2022-06-11,2,2022,1.7,6.8,5.77,0.0,14.32,0.0,747272.0,5.14,24.6,2022-06-11 02:00:00
2022-06-12,2,2022,6.9,6.8,5.61,1.4,27.74,0.0,768115.0,-0.15,102.27,2022-06-12 02:00:00
2022-06-13,2,2022,1.2,6.6,5.79,1.0,12.46,0.0,770624.0,3.74,68.85,2022-06-13 02:00:00
2022-06-14,2,2022,1.3,7.2,4.98,0.5,12.68,0.0,765955.0,5.88,18.45,2022-06-14 02:00:00
2022-06-15,2,2022,0.8,6.6,5.19,0.7,14.51,0.0,746281.0,5.8,11.96,2022-06-15 02:00:00
2022-06-16,2,2022,4.5,6.8,5.23,0.4,18.76,0.0,751195.0,2.25,66.83,2022-06-16 02:00:00
2022-06-17,2,2022,1.5,6.9,5.08,0.0,14.21,0.0,794741.0,5.38,22.27,2022-06-17 02:00:00
2022-06-18,2,2022,10.6,6.2,5.61,2.1,37.79,0.0,783050.0,-4.4,170.43,2022-06-18 02:00:00
2022-06-19,2,2022,0.8,6.8,5.72,2.0,8.27,0.0,841481.0,6.0,11.79,2022-06-19 02:00:00
2022-06-20,2,2022,0.5,6.8,5.84,0.7,16.25,0.0,773764.0,6.3,7.16,2022-06-20 02:00:00
2022-06-21,2,2022,0.0,7.4,5.29,0.2,13.08,0.0,762895.0,7.41,0.0,2022-06-21 02:00:00
2022-06-22,2,2022,2.9,6.7,4.63,0.5,17.61,0.0,766071.0,3.75,43.67,2022-06-22 02:00:00
2022-06-23,2,2022,0.0,7.4,6.26,0.9,9.22,0.0,744550.0,7.36,0.0,2022-06-23 02:00:00
2022-06-24,2,2022,0.0,7.0,5.63,0.3,10.51,0.0,771857.0,7.03,0.0,2022-06-24 02:00:00
2022-06-25,2,2022,0.9,6.7,5.73,0.8,11.1,0.0,752905.0,5.81,13.78,2022-06-25 02:00:00
2022-06-26,2,2022,0.9,7.4,5.03,0.0,14.0,0.0,797070.0,6.52,12.27,2022-06-26 02:00:00
2022-06-27,2,2022,0.7,6.6,5.37,1.0,8.01,0.0,753871.0,5.89,10.45,2022-06-27 02:00:00
2022-06-28,2,2022,0.0,6.7,5.24,0.0,8.22,0.0,785060.0,6.73,0.0,2022-06-28 02:00:00
2022-06-29,2,2022,2.9,7.4,5.69,1.7,14.37,0.0,766109.0,4.49,39.06,2022-06-29 02:00:00
2022-06-30,2,2022,0.0,6.8,5.37,0.3,7.49,0.0,791650.0,6.82,0.0,2022-06-30 02:00:00
2022-07-01,2,2022,3.6,6.8,5.43,1.2,15.65,0.0,764068.0,3.21,53.0,2022-07-01 02:00:00
2022-07-02,2,2022,0.0,6.8,5.31,0.1,15.56,0.0,803447.0,6.8,0.0,2022-07-02 02:00:00
2022-07-03,2,2022,3.6,6.9,6.23,1.7,17.28,0.0,754436.0,3.22,53.05,2022-07-03 02:00:00
2022-07-04,2,2022,1.5,7.9,5.97,0.0,12.68,0.0,804562.0,6.37,18.91,2022-07-04 02:00:00
2022-07-05,2,2022,1.3,7.0,5.87,0.7,18.02,0.0,757524.0,5.64,19.0,2022-07-05 02:00:00
2022-07-06,2,2022,0.0,6.7,5.69,0.0,12.72,0.0,753095.0,6.66,0.0,2022-07-06 02:00:00
2022-07-07,2,2022,4.3,6.9,5.61,0.8,24.43,0.0,806684.0,2.62,62.15,2022-07-07 02:00:00
2022-07-08,2,2022,0.0,6.3,5.21,0.5,14.28,0.0,761064.0,6.3,0.0,2022-07-08 02:00:00
2022-07-09,2,2022,0.0,6.5,5.61,0.0,9.64,0.0,772306.0,6.48,0.0,2022-07-09 02:00:00
2022-07-10,2,2022,2.8,6.8,5.02,1.0,13.74,0.0,828049.0,3.98,41.51,2022-07-10 02:00:00
2022-07-11,2,2022,0.0,6.7,5.45,0.9,12.89,0.0,815213.0,6.72,0.0,2022-07-11 02:00:00
2022-07-12,2,2022,0.5,7.2,5.74,0.7,11.14,0.0,777130.0,6.76,6.54,2022-07-12 02:00:00
2022-07-13,2,2022,4.8,7.2,5.62,0.0,21.88,0.0,778552.0,2.39,66.66,2022-07-13 02:00:00
2022-07-14,2,2022,0.0,6.8,5.56,0.0,8.48,0.0,774176.0,6.81,0.0,2022-07-14 02:00:00
2022-07-15,2,2022,0.7,6.9,4.96,0.0,5.52,0.0,755197.0,6.23,9.49,2022-07-15 02:00:00
2022-07-16,2,2022,0.0,6.6,5.84,0.0,11.57,0.0,781322.0,6.64,0.0,2022-07-16 02:00:00
2022-07-17,2,2022,0.8,6.8,5.42,0.0,10.69,0.0,809283.0,5.96,11.76,2022-07-17 02:00:00
2022-07-18,2,2022,1.6,6.4,5.55,0.0,15.63,0.0,762914.0,4.87,24.19,2022-07-18 02:00:00
2022-07-19,2,2022,0.3,7.2,5.23,0.7,12.02,0.0,790849.0,6.9,4.05,2022-07-19 02:00:00
2022-07-20,2,2022,0.2,7.0,5.82,0.4,6.69,0.0,792439.0,6.84,2.61,2022-07-20 02:00:00
2022-07-21,2,2022,0.0,6.9,5.14,0.9,7.18,0.0,762408.0,6.91,0.0,2022-07-21 02:00:00
2022-07-22,2,2022,1.5,6.4,5.24,0.0,10.5,0.0,813598.0,4.84,23.93,2022-07-22 02:00:00
2022-07-23,2,2022,0.4,8.0,5.99,0.0,13.19,0.0,739450.0,7.56,5.28,2022-07-23 02:00:00
2022-07-24,2,2022,0.3,7.1,5.9,0.7,11.61,0.0,793729.0,6.83,3.71,2022-07-24 02:00:00
2022-07-25,2,2022,0.0,6.7,6.85,1.1,13.15,0.0,785671.0,6.68,0.0,2022-07-25 02:00:00
2022-07-26,2,2022,1.5,6.9,6.23,0.2,6.97,0.0,758928.0,5.35,22.01,2022-07-26 02:00:00
2022-07-27,2,2022,1.2,7.3,5.94,0.8,15.92,0.0,759380.0,6.06,16.61,2022-07-27 02:00:00
2022-07-28,2,2022,1.3,6.8,5.91,0.0,12.76,0.0,790973.0,5.58,18.4,2022-07-28 02:00:00
2022-07-29,2,2022,3.2,6.6,5.49,1.4,21.46,0.0,777712.0,3.48,47.52,2022-07-29 02:00:00
2022-07-30,2,2022,0.0,7.1,6.25,0.0,7.64,0.0,794813.0,7.07,0.0,2022-07-30 02:00:00
2022-07-31,2,2022,0.0,7.0,5.83,1.4,6.48,0.0,768876.0,7.02,0.0,2022-07-31 02:00:00
2022-08-01,2,2022,0.0,7.2,5.97,0.8,13.8,0.0,778287.0,7.16,0.0,2022-08-01 02:00:00
2022-08-02,2,2022,0.6,6.7,5.0,0.0,16.13,0.0,765088.0,6.07,8.98,2022-08-02 02:00:00
2022-08-03,2,2022,0.8,6.8,5.15,0.3,10.52,0.0,831968.0,6.0,11.41,2022-08-03 02:00:00
2022-08-04,2,2022,5.1,7.5,5.74,2.0,22.79,0.0,783593.0,2.34,68.61,2022-08-04 02:00:00
2022-08-05,2,2022,4.2,6.9,5.62,1.0,19.08,0.0,769685.0,2.73,60.66,2022-08-05 02:00:00
2022-08-06,2,2022,1.7,7.0,5.58,0.7,12.12,0.0,786337.0,5.32,23.75,2022-08-06 02:00:00
2022-08-07,2,2022,0.0,7.2,5.38,1.0,3.29,0.0,802054.0,7.23,0.0,2022-08-07 02:00:00
2022-08-08,2,2022,0.3,7.1,5.57,0.0,13.39,0.0,763347.0,6.82,3.65,2022-08-08 02:00:00
2022-08-09,2,2022,0.0,7.3,5.47,0.0,8.27,0.0,784482.0,7.34,0.0,2022-08-09 02:00:00
2022-08-10,2,2022,0.8,6.7,5.74,0.7,8.8,0.0,768073.0,5.95,11.61,2022-08-10 02:00:00
2022-08-11,2,2022,4.9,6.9,5.76,1.6,20.08,0.0,786922.0,1.94,71.76,2022-08-11 02:00:00
2022-08-12,2,2022,0.0,7.0,5.6,2.1,7.98,0.0,760905.0,6.96,0.69,2022-08-12 02:00:00
2022-08-13,2,2022,11.1,7.4,4.44,1.2,33.72,0.0,807812.0,-3.7,149.8,2022-08-13 02:00:00
2022-08-14,2,2022,0.0,6.8,6.49,1.0,6.56,0.0,751861.0,6.78,0.0,2022-08-14 02:00:00
2022-08-15,2,2022,1.6,6.7,6.52,1.3,10.44,0.0,791897.0,5.09,24.32,2022-08-15 02:00:00
2022-08-16,2,2022,2.1,7.0,5.61,1.9,14.83,0.0,750009.0,4.88,30.42,2022-08-16 02:00:00
2022-08-17,2,2022,0.6,7.3,6.32,0.6,10.8,0.0,813959.0,3.98,81.53,2022-08-17 02:00:00
2022-08-18,2,2022,1.3,7.3,6.44,0.0,15.99,0.0,823327.0,5.99,17.67,2022-08-18 02:00:00
2022-08-19,2,2022,0.0,7.3,6.57,0.0,12.48,0.0,795135.0,7.26,0.0,2022-08-19 02:00:00
2022-08-20,2,2022,6.1,7.8,5.97,1.8,24.85,0.0,846349.0,-2.43,184.06,2022-08-20 02:00:00
2022-08-21,2,2022,0.2,7.1,5.56,0.0,6.14,0.0,845216.0,6.89,2.56,2022-08-21 02:00:00
2022-08-22,2,2022,1.8,6.9,6.07,0.0,10.16,0.0,860691.0,5.11,26.32,2022-08-22 02:00:00
2022-08-23,2,2022,0.6,7.0,5.45,0.0,10.85,0.0,864682.0,6.43,8.33,2022-08-23 02:00:00
2022-08-24,2,2022,0.9,7.5,5.73,0.9,10.84,0.0,836337.0,6.57,12.09,2022-08-24 02:00:00
2022-08-25,2,2022,0.3,7.1,5.55,0.5,8.6,0.0,860864.0,6.79,4.03,2022-08-25 02:00:00
2022-08-26,2,2022,0.0,6.7,5.65,0.1,11.92,0.0,813778.0,6.73,0.0,2022-08-26 02:00:00
2022-08-27,2,2022,0.1,6.8,5.57,0.3,5.32,0.0,849662.0,6.68,1.85,2022-08-27 02:00:00
2022-08-28,2,2022,0.0,7.6,5.59,0.2,11.89,0.0,885720.0,7.6,0.0,2022-08-28 02:00:00
2022-08-29,2,2022,1.0,6.9,6.36,0.1,13.63,0.0,877747.0,5.96,14.05,2022-08-29 02:00:00
2022-08-30,2,2022,0.8,7.1,6.34,0.2,19.08,0.0,856062.0,6.34,11.04,2022-08-30 02:00:00
2022-08-31,2,2022,6.8,7.3,6.06,2.0,28.27,0.0,830668.0,0.52,92.92,2022-08-31 02:00:00
2022-09-01,2,2022,1.2,7.6,6.42,0.0,10.99,0.0,849223.0,6.43,15.32,2022-09-01 02:00:00
2022-09-02,2,2022,0.0,7.1,5.02,0.6,8.24,0.0,853306.0,7.09,0.0,2022-09-02 02:00:00
2022-09-03,2,2022,0.0,6.9,5.68,0.0,14.82,0.0,846214.0,6.87,0.0,2022-09-03 02:00:00
2022-09-04,2,2022,0.0,7.1,6.39,0.0,3.38,0.0,868003.0,7.08,0.0,2022-09-04 02:00:00
2022-09-05,2,2022,0.0,7.3,5.73,0.0,9.47,0.0,868867.0,7.32,0.0,2022-09-05 02:00:00
2022-09-06,2,2022,3.0,7.0,6.0,0.0,20.01,0.0,822984.0,3.97,43.19,2022-09-06 02:00:00
2022-09-07,2,2022,0.3,7.0,5.69,0.0,15.22,0.0,848893.0,6.69,4.1,2022-09-07 02:00:00
2022-09-08,2,2022,0.3,7.0,5.36,0.0,10.59,0.0,811126.0,6.73,3.82,2022-09-08 02:00:00
2022-09-09,2,2022,3.4,7.2,5.7,0.5,18.07,0.0,880590.0,3.75,47.61,2022-09-09 02:00:00
2022-09-10,2,2022,7.3,7.3,6.62,0.5,24.78,0.0,852128.0,-3.94,207.77,2022-09-10 02:00:00
2022-09-11,2,2022,0.0,6.7,6.07,2.4,13.33,0.0,901359.0,6.73,0.0,2022-09-11 02:00:00
2022-09-12,2,2022,0.1,7.2,5.95,1.0,10.31,0.0,898461.0,7.1,1.01,2022-09-12 02:00:00
2022-09-13,2,2022,2.3,7.3,5.18,1.0,13.26,0.0,893377.0,5.01,31.03,2022-09-13 02:00:00
2022-09-14,2,2022,0.0,7.2,5.71,0.0,8.58,0.0,938668.0,7.22,0.0,2022-09-14 02:00:00
2022-09-15,2,2022,0.0,7.1,5.78,0.2,10.56,0.0,911403.0,7.05,0.0,2022-09-15 02:00:00
2022-09-16,2,2022,0.3,7.2,6.21,0.7,8.69,0.0,947654.0,3.58,97.23,2022-09-16 02:00:00
2022-09-17,2,2022,2.6,7.3,5.66,1.5,9.42,0.0,929331.0,4.71,35.48,2022-09-17 02:00:00
2022-09-18,2,2022,3.3,7.4,5.61,0.0,21.48,0.0,882167.0,4.08,44.88,2022-09-18 02:00:00
2022-09-19,2,2022,0.9,7.5,5.65,0.8,12.62,0.0,923192.0,3.42,96.52,2022-09-19 02:00:00
2022-09-20,2,2022,0.0,7.7,6.58,0.0,12.43,0.0,962469.0,7.66,0.0,2022-09-20 02:00:00
2022-09-21,2,2022,3.0,7.2,6.06,0.2,18.38,0.0,1015319.0,0.85,134.71,2022-09-21 02:00:00
2022-09-22,2,2022,2.6,7.4,6.73,0.0,17.25,0.0,948469.0,4.8,35.22,2022-09-22 02:00:00
2022-09-23,2,2022,0.0,8.0,6.26,1.0,7.53,0.0,1022954.0,8.01,0.0,2022-09-23 02:00:00
2022-09-24,2,2022,0.0,7.0,6.33,0.6,8.29,0.0,991855.0,7.04,0.0,2022-09-24 02:00:00
2022-09-25,2,2022,0.0,7.7,6.12,0.6,9.87,0.0,987173.0,7.73,0.0,2022-09-25 02:00:00
2022-09-26,2,2022,0.8,7.6,6.73,1.7,14.43,0.0,975832.0,6.75,11.1,2022-09-26 02:00:00
2022-09-27,2,2022,1.7,7.5,5.8,0.6,16.72,0.0,971658.0,5.73,23.03,2022-09-27 02:00:00
2022-09-28,2,2022,5.8,7.2,6.8,1.5,20.28,0.0,1018208.0,-1.99,174.25,2022-09-28 02:00:00
2022-09-29,2,2022,7.8,7.5,6.61,2.4,33.86,0.0,1025897.0,-0.33,104.38,2022-09-29 02:00:00
2022-09-30,2,2022,0.0,7.1,5.06,0.6,8.05,0.0,1028045.0,7.14,0.0,2022-09-30 02:00:00
2022-10-01,2,2022,0.3,7.7,5.72,0.2,8.09,0.0,992437.0,7.4,3.59,2022-10-01 02:00:00
2022-10-02,2,2022,0.6,7.1,6.07,0.0,14.7,0.0,1030110.0,6.49,8.69,2022-10-02 02:00:00
2022-10-03,2,2022,0.0,6.9,6.37,0.2,10.02,0.0,1054674.0,5.21,49.76,2022-10-03 02:00:00
2022-10-04,2,2022,2.9,7.2,5.6,0.8,21.51,0.0,1020741.0,4.28,40.79,2022-10-04 02:00:00
2022-10-05,2,2022,0.0,8.1,5.59,0.8,8.91,0.0,1058753.0,8.11,0.2,2022-10-05 02:00:00
2022-10-06,2,2022,0.7,7.5,5.82,1.0,11.9,0.0,1077451.0,6.8,9.49,2022-10-06 02:00:00
2022-10-07,2,2022,0.0,6.7,5.92,0.0,8.57,0.0,1037019.0,6.75,0.0,2022-10-07 02:00:00
2022-10-08,2,2022,0.0,6.9,6.6,1.2,3.47,0.0,1038423.0,6.9,0.0,2022-10-08 02:00:00
2022-10-09,2,2022,0.0,7.4,5.87,0.8,11.19,0.0,1012965.0,7.39,0.0,2022-10-09 02:00:00
2022-10-10,2,2022,0.0,7.1,6.06,0.1,12.42,0.0,1033861.0,7.08,0.0,2022-10-10 02:00:00
2022-10-11,2,2022,0.0,7.5,6.66,0.0,13.72,0.0,1041339.0,7.48,0.0,2022-10-11 02:00:00
2022-10-12,2,2022,1.1,7.1,6.07,1.4,11.08,0.0,1006387.0,6.0,15.13,2022-10-12 02:00:00
2022-10-13,2,2022,0.4,7.1,6.2,0.1,13.43,0.0,1062145.0,6.63,6.32,2022-10-13 02:00:00
2022-10-14,2,2022,0.0,7.7,5.94,0.5,7.96,0.0,1007648.0,7.66,0.0,2022-10-14 02:00:00
2022-10-15,2,2022,3.1,7.9,5.63,1.2,18.88,0.0,1105087.0,1.26,128.98,2022-10-15 02:00:00
2022-10-16,2,2022,0.0,7.2,5.86,0.2,16.5,0.0,1084340.0,7.2,0.0,2022-10-16 02:00:00
2022-10-17,2,2022,1.9,7.2,6.02,1.5,17.73,0.0,1059700.0,5.3,26.3,2022-10-17 02:00:00
2022-10-18,2,2022,0.8,7.1,5.67,0.0,13.2,0.0,1121720.0,6.29,11.03,2022-10-18 02:00:00
2022-10-19,2,2022,0.4,7.4,6.29,0.3,10.03,0.0,1047658.0,7.04,5.43,2022-10-19 02:00:00
2022-10-20,2,2022,1.1,7.1,5.94,0.1,13.78,0.0,1067287.0,5.98,15.85,2022-10-20 02:00:00
2022-10-21,2,2022,1.3,7.7,5.79,1.3,13.09,0.0,1079773.0,6.4,17.17,2022-10-21 02:00:00
2022-10-22,2,2022,0.0,7.6,5.57,1.5,9.35,0.0,1071584.0,7.63,0.0,2022-10-22 02:00:00
2022-10-23,2,2022,2.1,7.4,6.18,0.0,17.22,0.0,1115210.0,5.34,27.86,2022-10-23 02:00:00
2022-10-24,2,2022,0.4,7.8,6.05,1.4,17.43,0.0,1084029.0,7.39,5.54,2022-10-24 02:00:00
2022-10-25,2,2022,0.0,7.5,6.44,0.0,9.2,0.0,1030615.0,7.53,0.0,2022-10-25 02:00:00
2022-10-26,2,2022,0.0,7.6,5.76,0.0,4.27,0.0,1075499.0,7.61,0.0,2022-10-26 02:00:00
2022-10-27,2,2022,0.1,7.7,5.84,0.2,12.61,0.0,1068615.0,7.56,1.31,2022-10-27 02:00:00
2022-10-28,2,2022,2.2,7.1,6.17,0.9,17.62,0.0,1064318.0,4.92,30.65,2022-10-28 02:00:00
2022-10-29,2,2022,0.6,7.9,6.14,0.0,12.07,0.0,1104145.0,4.74,72.48,2022-10-29 02:00:00
2022-10-30,2,2022,0.1,7.8,6.24,0.0,12.05,0.0,1106592.0,7.68,1.02,2022-10-30 02:00:00
2022-10-31,2,2022,2.4,7.4,6.19,0.5,15.25,0.0,1125772.0,5.06,31.88,2022-10-31 02:00:00
2022-11-01,2,2022,1.0,7.2,5.74,0.0,9.53,0.0,1115877.0,6.15,14.42,2022-11-01 02:00:00
2022-11-02,2,2022,1.1,7.8,5.99,1.3,7.64,0.0,1077344.0,6.74,13.57,2022-11-02 02:00:00
2022-11-03,2,2022,1.3,7.4,5.78,0.0,13.97,0.0,1080689.0,6.13,16.99,2022-11-03 02:00:00
2022-11-04,2,2022,0.5,7.6,6.1,0.0,9.97,0.0,1113093.0,7.07,6.65,2022-11-04 02:00:00
2022-11-05,2,2022,1.4,7.3,5.85,0.6,19.49,0.0,1128311.0,5.88,19.46,2022-11-05 02:00:00
2022-11-06,2,2022,4.7,7.7,5.74,0.0,16.35,0.0,1080898.0,2.99,60.89,2022-11-06 02:00:00
2022-11-07,2,2022,0.0,7.5,6.33,0.0,9.12,0.0,1086759.0,7.48,0.0,2022-11-07 02:00:00
2022-11-08,2,2022,8.9,7.3,5.68,1.3,30.03,0.0,1143900.0,-1.61,121.94,2022-11-08 02:00:00
2022-11-09,2,2022,0.3,7.9,5.88,0.0,12.31,0.0,1082172.0,7.58,3.86,2022-11-09 02:00:00
2022-11-10,2,2022,0.1,7.1,6.0,0.0,11.82,0.0,1098559.0,6.98,1.27,2022-11-10 02:00:00
2022-11-11,2,2022,1.7,7.7,5.77,0.0,15.84,0.0,1106787.0,5.97,22.55,2022-11-11 02:00:00
2022-11-12,2,2022,0.1,7.7,6.2,0.3,15.81,0.0,1081156.0,6.24,36.55,2022-11-12 02:00:00
2022-11-13,2,2022,0.8,7.8,6.21,0.2,10.78,0.0,1086423.0,6.95,10.68,2022-11-13 02:00:00
2022-11-14,2,2022,0.1,8.0,5.95,0.0,6.94,0.0,1125094.0,7.87,1.36,2022-11-14 02:00:00
2022-11-15,2,2022,5.2,8.0,6.25,0.2,22.03,0.0,1121150.0,2.83,64.79,2022-11-15 02:00:00
2022-11-16,2,2022,2.4,7.3,5.65,0.0,13.21,0.0,1103673.0,4.96,32.41,2022-11-16 02:00:00
2022-11-17,2,2022,0.1,8.0,5.97,0.0,8.19,0.0,1114196.0,7.88,1.13,2022-11-17 02:00:00
2022-11-18,2,2022,0.0,7.9,6.42,0.0,7.09,0.0,1091116.0,7.93,0.0,2022-11-18 02:00:00
2022-11-19,2,2022,1.3,7.8,6.1,0.3,10.56,0.0,1081919.0,6.54,16.57,2022-11-19 02:00:00
2022-11-20,2,2022,1.1,7.4,5.56,0.2,13.21,0.0,1116018.0,6.32,14.66,2022-11-20 02:00:00
2022-11-21,2,2022,0.0,7.6,6.09,0.2,7.74,0.0,1121914.0,7.59,0.0,2022-11-21 02:00:00
2022-11-22,2,2022,0.0,7.2,6.12,2.1,12.9,0.0,1109219.0,7.23,0.0,2022-11-22 02:00:00
2022-11-23,2,2022,3.4,7.9,5.77,0.9,23.25,0.0,1100180.0,4.44,43.46,2022-11-23 02:00:00
2022-11-24,2,2022,6.5,7.2,5.61,1.2,28.53,0.0,1098124.0,0.74,89.79,2022-11-24 02:00:00
2022-11-25,2,2022,0.0,7.8,6.32,0.4,4.52,0.0,1085892.0,7.8,0.0,2022-11-25 02:00:00
2022-11-26,2,2022,1.4,7.2,5.58,0.0,15.48,0.0,1091249.0,5.87,18.95,2022-11-26 02:00:00
2022-11-27,2,2022,0.3,7.5,6.3,0.5,3.63,0.0,1092965.0,7.27,3.32,2022-11-27 02:00:00
2022-11-28,2,2022,0.5,7.6,5.5,0.4,12.8,0.0,1112873.0,7.09,7.11,2022-11-28 02:00:00
2022-11-29,2,2022,0.5,7.3,5.88,0.0,12.89,0.0,1095252.0,6.79,6.94,2022-11-29 02:00:00
2022-11-30,2,2022,0.0,6.7,5.39,0.0,14.66,0.0,1125659.0,6.69,0.0,2022-11-30 02:00:00
2022-12-01,2,2022,1.5,7.3,6.91,0.6,14.83,0.0,1114545.0,3.71,78.2,2022-12-01 02:00:00
2022-12-02,2,2022,2.2,7.7,5.41,0.0,16.29,0.0,1145974.0,5.51,28.12,2022-12-02 02:00:00
2022-12-03,2,2022,0.0,7.9,6.41,1.2,7.1,0.0,1175806.0,7.88,0.0,2022-12-03 02:00:00
2022-12-04,2,2022,0.0,8.0,5.87,0.0,8.14,0.0,1135322.0,8.05,0.0,2022-12-04 02:00:00
2022-12-05,2,2022,0.0,7.6,5.41,0.0,12.04,0.0,1113872.0,7.63,0.0,2022-12-05 02:00:00
2022-12-06,2,2022,0.5,7.2,6.01,0.0,9.61,0.0,1155217.0,6.68,7.54,2022-12-06 02:00:00
2022-12-07,2,2022,0.5,7.4,6.01,0.5,7.83,0.0,1125155.0,6.93,6.59,2022-12-07 02:00:00
2022-12-08,2,2022,0.0,7.8,5.86,0.0,8.37,0.0,1141519.0,7.76,0.45,2022-12-08 02:00:00
2022-12-09,2,2022,0.0,7.3,6.27,0.8,10.14,0.0,1136657.0,7.27,0.0,2022-12-09 02:00:00
2022-12-10,2,2022,0.1,7.7,6.25,0.0,10.39,0.0,1140640.0,7.54,1.52,2022-12-10 02:00:00
2022-12-11,2,2022,0.2,7.4,6.01,0.6,13.28,0.0,1167831.0,7.22,2.6,2022-12-11 02:00:00
2022-12-12,2,2022,0.0,7.8,5.87,0.0,18.55,0.0,1142431.0,7.79,0.0,2022-12-12 02:00:00
2022-12-13,2,2022,5.0,7.5,6.33,2.6,19.88,0.0,1128382.0,2.52,66.43,2022-12-13 02:00:00
2022-12-14,2,2022,0.3,7.8,6.19,0.1,8.88,0.0,1143412.0,7.55,3.59,2022-12-14 02:00:00
2022-12-15,2,2022,1.1,7.8,6.5,0.1,16.65,0.0,1145676.0,6.74,13.75,2022-12-15 02:00:00
2022-12-16,2,2022,8.5,8.0,6.87,0.2,27.41,0.0,1101402.0,-0.44,105.44,2022-12-16 02:00:00
2022-12-17,2,2022,0.0,7.7,6.89,0.8,7.98,0.0,1116921.0,7.65,0.0,2022-12-17 02:00:00
2022-12-18,2,2022,2.9,7.6,6.02,0.2,20.4,0.0,1170826.0,4.74,37.6,2022-12-18 02:00:00
2022-12-19,2,2022,0.0,8.0,5.96,0.1,10.54,0.0,1103594.0,7.96,0.0,2022-12-19 02:00:00
2022-12-20,2,2022,0.0,7.5,6.26,0.0,10.43,0.0,1124034.0,7.54,0.0,2022-12-20 02:00:00
2022-12-21,2,2022,0.8,7.8,6.31,0.0,17.6,0.0,1149124.0,6.99,10.67,2022-12-21 02:00:00
2022-12-22,2,2022,1.9,7.4,5.67,1.2,18.8,0.0,1117496.0,5.55,25.32,2022-12-22 02:00:00
2022-12-23,2,2022,1.5,7.8,6.11,0.3,10.43,0.0,1160429.0,6.28,19.27,2022-12-23 02:00:00
2022-12-24,2,2022,1.3,7.8,6.85,1.3,12.77,0.0,1146362.0,6.48,16.8,2022-12-24 02:00:00
2022-12-25,2,2022,0.7,8.5,6.04,1.0,9.76,0.0,1140417.0,7.84,7.83,2022-12-25 02:00:00
2022-12-26,2,2022,6.2,7.6,6.04,0.9,26.0,0.0,1171657.0,1.35,82.1,2022-12-26 02:00:00
2022-12-27,2,2022,0.3,7.7,6.08,0.9,10.83,0.0,1143062.0,7.34,4.5,2022-12-27 02:00:00
2022-12-28,2,2022,0.4,7.2,6.29,0.0,11.95,0.0,1131271.0,6.76,5.78,2022-12-28 02:00:00
2022-12-29,2,2022,0.0,8.0,5.54,0.3,11.26,0.0,1156258.0,8.0,0.0,2022-12-29 02:00:00
2022-12-30,2,2022,5.7,7.5,5.99,0.0,28.32,0.0,1142888.0,1.8,76.13,2022-12-30 02:00:00
2022-12-31,2,2022,1.2,7.3,6.19,0.0,6.14,0.0,1133864.0,6.14,16.33,2022-12-31 02:00:00
2020-01-02,3,2020,2.1,6.2,5.22,0.0,15.44,4966602.0,101866.0,2.45,87.02,2020-01-02 02:00:00
2020-01-03,3,2020,0.1,6.1,5.17,0.0,10.44,4974055.0,123913.0,6.02,1.01,2020-01-03 02:00:00
2020-01-04,3,2020,5.1,5.4,4.66,2.3,26.12,4901843.0,115970.0,0.26,95.2,2020-01-04 02:00:00
2020-01-05,3,2020,3.5,5.7,4.64,1.4,23.44,4914736.0,99505.0,0.06,136.87,2020-01-05 02:00:00
2020-01-06,3,2020,1.3,6.1,4.9,0.6,13.69,4791280.0,107173.0,4.83,20.59,2020-01-06 02:00:00
2020-01-07,3,2020,3.7,6.1,4.98,0.1,20.38,4771334.0,117154.0,2.32,61.58,2020-01-07 02:00:00
2020-01-08,3,2020,0.3,5.8,5.12,0.0,17.63,4707865.0,155179.0,5.49,4.75,2020-01-08 02:00:00
2020-01-09,3,2020,1.8,6.4,4.26,0.4,17.32,4688397.0,129087.0,4.66,27.67,2020-01-09 02:00:00
2020-01-10,3,2020,1.0,6.1,5.0,1.0,11.3,4726836.0,159368.0,5.06,16.57,2020-01-10 02:00:00
2020-01-11,3,2020,1.6,5.7,4.74,0.4,9.38,4631222.0,147016.0,4.15,27.8,2020-01-11 02:00:00
2020-01-12,3,2020,1.6,6.2,5.99,0.5,10.07,4606386.0,166359.0,4.58,26.03,2020-01-12 02:00:00
2020-01-13,3,2020,0.1,6.3,4.92,0.9,12.46,4483652.0,160456.0,6.2,1.52,2020-01-13 02:00:00
2020-01-14,3,2020,0.8,5.9,5.6,0.8,18.32,4412077.0,158691.0,5.07,13.77,2020-01-14 02:00:00
2020-01-15,3,2020,4.8,6.8,5.03,0.0,21.68,4495448.0,98220.0,1.98,70.7,2020-01-15 02:00:00
2020-01-16,3,2020,4.5,5.9,5.44,1.3,23.42,4372110.0,127564.0,1.41,76.13,2020-01-16 02:00:00
2020-01-17,3,2020,3.1,5.9,5.16,1.4,15.54,4352134.0,128303.0,2.82,52.23,2020-01-17 02:00:00
2020-01-18,3,2020,5.5,5.8,4.75,1.1,22.42,4374627.0,132082.0,0.31,94.68,2020-01-18 02:00:00
2020-01-19,3,2020,1.3,6.5,5.06,0.0,10.06,4425091.0,131408.0,5.15,20.41,2020-01-19 02:00:00
2020-01-20,3,2020,2.0,6.3,5.16,2.6,9.96,4281680.0,127943.0,4.37,31.09,2020-01-20 02:00:00
2020-01-21,3,2020,0.4,6.3,5.07,0.8,8.02,4202409.0,145125.0,5.89,6.87,2020-01-21 02:00:00
2020-01-22,3,2020,3.8,5.9,5.2,0.5,20.38,4210952.0,106507.0,2.14,63.74,2020-01-22 02:00:00
2020-01-23,3,2020,3.1,6.3,5.54,1.0,15.94,4192338.0,110963.0,3.28,48.28,2020-01-23 02:00:00
2020-01-24,3,2020,0.0,6.5,5.01,0.0,5.18,4101813.0,167206.0,6.45,0.0,2020-01-24 02:00:00
2020-01-25,3,2020,1.3,5.7,5.93,0.0,11.46,3972791.0,141706.0,4.35,23.01,2020-01-25 02:00:00
2020-01-26,3,2020,7.7,6.7,5.67,0.0,25.92,4058183.0,108935.0,-1.01,115.04,2020-01-26 02:00:00
2020-01-27,3,2020,0.2,6.1,5.07,1.4,14.25,4059540.0,171894.0,3.31,88.71,2020-01-27 02:00:00
2020-01-28,3,2020,1.7,6.4,4.63,0.4,10.71,4063444.0,207348.0,0.29,164.19,2020-01-28 02:00:00
2020-01-29,3,2020,1.5,6.1,5.72,0.0,14.99,3834222.0,193074.0,4.59,25.04,2020-01-29 02:00:00
2020-01-30,3,2020,0.9,6.4,4.79,0.0,5.11,3892216.0,217043.0,5.54,13.6,2020-01-30 02:00:00
2020-01-31,3,2020,6.9,5.7,5.18,0.2,26.12,3844701.0,240506.0,-1.19,120.78,2020-01-31 02:00:00
2020-02-01,3,2020,1.4,6.3,5.47,1.4,15.74,3786481.0,224083.0,4.94,21.51,2020-02-01 02:00:00
2020-02-02,3,2020,1.0,6.1,5.29,0.0,10.22,3868262.0,187300.0,5.16,15.87,2020-02-02 02:00:00
2020-02-03,3,2020,3.4,6.2,5.04,1.9,16.55,3744491.0,261352.0,2.75,55.35,2020-02-03 02:00:00
2020-02-04,3,2020,0.0,6.3,5.05,0.0,12.97,3786997.0,204205.0,6.27,0.0,2020-02-04 02:00:00
2020-02-05,3,2020,0.0,6.0,5.33,0.0,13.74,3636885.0,259869.0,6.0,0.0,2020-02-05 02:00:00
2020-02-06,3,2020,1.1,6.2,4.72,0.1,13.03,3602120.0,209284.0,5.11,17.63,2020-02-06 02:00:00
2020-02-07,3,2020,1.6,6.2,4.73,0.0,13.96,3495641.0,191615.0,4.59,25.78,2020-02-07 02:00:00
2020-02-08,3,2020,0.0,6.7,5.06,0.0,13.71,3446372.0,208449.0,6.74,0.0,2020-02-08 02:00:00
2020-02-09,3,2020,4.0,6.7,4.6,0.8,20.97,3484916.0,223364.0,2.69,59.81,2020-02-09 02:00:00
2020-02-10,3,2020,0.0,5.9,4.91,0.0,10.72,3364790.0,247863.0,1.47,150.22,2020-02-10 02:00:00
2020-02-11,3,2020,0.6,6.0,5.01,0.0,12.64,3354806.0,259428.0,5.36,9.92,2020-02-11 02:00:00
2020-02-12,3,2020,0.1,6.6,4.96,0.0,3.59,3371957.0,244894.0,6.48,1.84,2020-02-12 02:00:00
2020-02-13,3,2020,0.8,6.2,4.9,0.0,11.57,3196618.0,217376.0,5.46,12.6,2020-02-13 02:00:00
2020-02-14,3,2020,6.1,6.6,4.69,0.8,29.45,3222637.0,279027.0,0.52,92.17,2020-02-14 02:00:00
2020-02-15,3,2020,1.6,6.3,4.79,0.4,13.53,3167052.0,227633.0,4.72,25.28,2020-02-15 02:00:00
2020-02-16,3,2020,0.4,5.9,5.77,0.5,13.7,3131160.0,266181.0,5.56,5.96,2020-02-16 02:00:00
2020-02-17,3,2020,0.0,6.3,5.41,0.3,13.56,3055868.0,241745.0,6.25,0.0,2020-02-17 02:00:00
2020-02-18,3,2020,1.2,7.0,5.81,1.3,12.1,2935223.0,259881.0,5.76,17.18,2020-02-18 02:00:00
2020-02-19,3,2020,1.5,6.5,5.38,0.2,11.42,2930107.0,274184.0,5.01,22.66,2020-02-19 02:00:00
2020-02-20,3,2020,4.6,6.3,5.54,2.0,23.05,2851963.0,210569.0,1.71,72.81,2020-02-20 02:00:00
2020-02-21,3,2020,3.0,6.4,5.13,1.0,20.51,2925662.0,296895.0,-0.65,173.29,2020-02-21 02:00:00
2020-02-22,3,2020,0.0,6.6,5.44,0.0,11.88,2799452.0,319233.0,6.55,0.0,2020-02-22 02:00:00
2020-02-23,3,2020,0.1,6.0,5.69,0.2,8.65,2734831.0,323477.0,5.87,2.12,2020-02-23 02:00:00
2020-02-24,3,2020,1.0,6.2,5.77,0.6,13.27,2712855.0,326980.0,2.87,92.79,2020-02-24 02:00:00
2020-02-25,3,2020,0.1,6.8,5.42,0.0,8.86,2619443.0,281934.0,6.75,1.39,2020-02-25 02:00:00
2020-02-26,3,2020,7.2,6.1,5.05,1.2,25.93,2662029.0,311804.0,-1.12,118.46,2020-02-26 02:00:00
2020-02-27,3,2020,0.1,6.0,5.42,0.4,8.09,2566924.0,351679.0,2.87,103.34,2020-02-27 02:00:00
2020-02-28,3,2020,0.0,6.6,6.4,0.3,13.51,2499829.0,351838.0,6.63,0.0,2020-02-28 02:00:00
2020-02-29,3,2020,0.3,6.0,5.06,0.1,13.57,2485898.0,331463.0,5.69,5.71,2020-02-29 02:00:00
2020-03-01,3,2020,2.1,6.3,6.3,0.0,16.2,2525875.0,376397.0,4.14,33.8,2020-03-01 02:00:00
2020-03-02,3,2020,6.0,6.6,5.57,0.5,24.86,2432588.0,327109.0,0.59,90.95,2020-03-02 02:00:00
2020-03-03,3,2020,3.4,6.5,5.25,0.0,15.66,2403381.0,319262.0,3.06,52.75,2020-03-03 02:00:00
2020-03-04,3,2020,0.5,6.3,5.77,0.6,8.63,2342104.0,363233.0,5.77,8.07,2020-03-04 02:00:00
2020-03-05,3,2020,0.9,6.1,5.2,0.3,13.47,2266753.0,380055.0,5.22,14.13,2020-03-05 02:00:00
2020-03-06,3,2020,0.0,6.8,5.07,1.3,10.14,2223032.0,373979.0,6.85,0.0,2020-03-06 02:00:00
2020-03-07,3,2020,0.0,6.5,6.04,0.9,9.24,2094789.0,342004.0,6.53,0.0,2020-03-07 02:00:00
2020-03-08,3,2020,0.1,5.9,5.15,1.4,8.19,2057005.0,337710.0,5.81,1.56,2020-03-08 02:00:00
2020-03-09,3,2020,0.5,6.7,5.62,0.0,12.15,2012027.0,319372.0,6.22,7.39,2020-03-09 02:00:00
2020-03-10,3,2020,2.7,6.3,5.4,0.6,16.6,2021220.0,340708.0,3.65,42.11,2020-03-10 02:00:00
2020-03-11,3,2020,0.4,6.2,5.25,1.0,15.12,1982621.0,315240.0,5.75,6.86,2020-03-11 02:00:00
2020-03-12,3,2020,0.5,6.7,5.84,0.2,9.67,1966444.0,377515.0,6.23,7.47,2020-03-12 02:00:00
2020-03-13,3,2020,2.1,5.7,4.86,0.0,15.37,1856555.0,356164.0,3.59,36.58,2020-03-13 02:00:00
2020-03-14,3,2020,0.0,6.7,5.36,0.0,9.85,1746997.0,335059.0,6.66,0.0,2020-03-14 02:00:00
2020-03-15,3,2020,3.9,6.8,5.58,1.3,25.14,1805387.0,347075.0,2.91,57.58,2020-03-15 02:00:00
2020-03-16,3,2020,1.1,6.6,5.45,0.6,11.53,1706314.0,355363.0,5.49,17.16,2020-03-16 02:00:00
2020-03-17,3,2020,1.1,6.4,4.96,0.8,11.93,1570669.0,374633.0,5.24,17.5,2020-03-17 02:00:00
2020-03-18,3,2020,0.4,6.5,4.5,0.1,10.68,1555659.0,344770.0,6.04,6.75,2020-03-18 02:00:00
2020-03-19,3,2020,0.9,5.8,5.91,0.8,9.52,1576915.0,368581.0,4.9,15.94,2020-03-19 02:00:00
2020-03-20,3,2020,4.5,6.1,5.03,1.1,23.96,1468003.0,360482.0,1.61,73.54,2020-03-20 02:00:00
2020-03-21,3,2020,0.0,6.5,5.56,0.2,9.9,1440895.0,356091.0,6.47,0.0,2020-03-21 02:00:00
2020-03-22,3,2020,1.5,6.5,5.29,0.0,15.87,1421815.0,393736.0,1.36,134.79,2020-03-22 02:00:00
2020-03-23,3,2020,2.0,6.6,5.15,0.0,17.06,1333051.0,406181.0,4.6,29.94,2020-03-23 02:00:00
2020-03-24,3,2020,0.9,6.4,5.6,0.7,12.93,1308578.0,365081.0,5.43,14.57,2020-03-24 02:00:00
2020-03-25,3,2020,1.5,6.6,4.65,0.4,12.2,1291542.0,414551.0,5.07,23.08,2020-03-25 02:00:00
2020-03-26,3,2020,0.3,6.4,5.63,0.4,4.09,1136538.0,321464.0,6.18,4.12,2020-03-26 02:00:00
2020-03-27,3,2020,1.8,6.5,5.2,1.5,15.79,1155312.0,360987.0,4.76,27.07,2020-03-27 02:00:00
2020-03-28,3,2020,1.1,6.6,5.38,0.1,12.49,1078349.0,412238.0,5.4,17.51,2020-03-28 02:00:00
2020-03-29,3,2020,0.2,6.6,5.55,0.1,16.29,1047945.0,409489.0,6.35,3.14,2020-03-29 02:00:00
2020-03-30,3,2020,1.2,6.3,4.89,2.3,13.74,868987.0,355118.0,5.04,19.68,2020-03-30 02:00:00
2020-03-31,3,2020,4.0,6.6,4.81,0.0,22.55,858326.0,383345.0,2.59,60.85,2020-03-31 02:00:00
2020-04-01,3,2020,1.2,6.1,5.41,0.0,19.41,951433.0,402379.0,2.62,95.0,2020-04-01 02:00:00
2020-04-02,3,2020,2.4,6.3,5.03,1.1,12.09,769275.0,404877.0,3.97,37.26,2020-04-02 02:00:00
2020-04-03,3,2020,2.1,6.4,5.54,0.0,15.72,786501.0,427393.0,3.11,70.9,2020-04-03 02:00:00
2020-04-04,3,2020,0.7,6.6,5.49,0.0,14.38,781548.0,418876.0,5.88,10.64,2020-04-04 02:00:00
2020-04-05,3,2020,2.3,6.6,4.86,0.9,9.54,636916.0,421785.0,4.24,35.63,2020-04-05 02:00:00
2020-04-06,3,2020,2.8,7.1,4.94,0.4,18.18,666612.0,387213.0,4.3,39.39,2020-04-06 02:00:00
2020-04-07,3,2020,6.3,6.5,5.61,2.0,28.22,606076.0,479992.0,0.21,96.77,2020-04-07 02:00:00
2020-04-08,3,2020,0.2,6.4,5.14,1.3,11.45,665406.0,419735.0,6.2,3.83,2020-04-08 02:00:00
2020-04-09,3,2020,0.4,6.8,5.73,0.0,15.51,518428.0,458166.0,6.4,5.72,2020-04-09 02:00:00
2020-04-10,3,2020,1.5,6.7,5.16,0.5,14.59,505002.0,448650.0,2.62,99.15,2020-04-10 02:00:00
2020-04-11,3,2020,0.0,6.9,4.73,0.2,12.34,470222.0,432797.0,6.92,0.29,2020-04-11 02:00:00
2020-04-12,3,2020,0.0,6.6,6.04,0.0,12.11,253669.0,445098.0,6.64,0.0,2020-04-12 02:00:00
2020-04-13,3,2020,0.0,7.2,6.43,0.0,8.97,230750.0,487557.0,7.17,0.0,2020-04-13 02:00:00
2020-04-14,3,2020,0.2,6.2,5.34,0.0,14.2,231230.0,430854.0,6.03,2.49,2020-04-14 02:00:00
2020-04-15,3,2020,0.0,6.3,5.53,1.5,12.45,168713.0,467159.0,6.24,0.56,2020-04-15 02:00:00
2020-04-16,3,2020,1.3,6.1,5.94,0.0,6.5,85126.0,488222.0,3.57,60.33,2020-04-16 02:00:00
2020-04-17,3,2020,0.1,6.4,5.31,0.6,10.38,55595.0,435402.0,6.26,1.57,2020-04-17 02:00:00
2020-04-18,3,2020,8.7,6.8,4.98,1.0,30.65,143505.0,456304.0,-1.97,129.16,2020-04-18 02:00:00
2020-04-19,3,2020,0.0,6.9,5.34,0.6,8.9,0.0,462978.0,6.9,0.09,2020-04-19 02:00:00
2020-04-20,3,2020,2.8,6.8,4.89,0.0,17.0,0.0,463115.0,3.98,41.17,2020-04-20 02:00:00
2020-04-21,3,2020,0.7,7.1,5.06,0.7,6.03,0.0,466757.0,6.43,9.38,2020-04-21 02:00:00
2020-04-22,3,2020,1.0,6.1,5.18,0.5,10.07,0.0,430952.0,5.07,16.92,2020-04-22 02:00:00
2020-04-23,3,2020,0.0,6.4,4.55,1.7,7.64,0.0,444462.0,6.44,0.0,2020-04-23 02:00:00
2020-04-24,3,2020,0.7,6.6,5.24,1.5,10.7,0.0,426684.0,5.94,10.24,2020-04-24 02:00:00
2020-04-25,3,2020,4.6,6.7,5.42,0.2,22.65,0.0,456064.0,2.08,68.76,2020-04-25 02:00:00
2020-04-26,3,2020,2.0,6.9,4.3,0.0,13.37,0.0,436305.0,4.93,28.4,2020-04-26 02:00:00
2020-04-27,3,2020,2.9,6.5,6.08,0.7,14.24,0.0,451483.0,3.6,44.99,2020-04-27 02:00:00
2020-04-28,3,2020,0.0,6.5,5.83,0.5,7.6,0.0,508812.0,6.44,0.14,2020-04-28 02:00:00
2020-04-29,3,2020,13.5,6.8,5.41,2.0,42.67,0.0,493842.0,-6.69,197.71,2020-04-29 02:00:00
2020-04-30,3,2020,1.2,6.5,5.54,0.0,15.19,0.0,457675.0,5.27,18.86,2020-04-30 02:00:00
2020-05-01,3,2020,0.1,6.2,5.95,0.1,5.96,0.0,541158.0,1.72,143.05,2020-05-01 02:00:00
2020-05-02,3,2020,0.4,6.7,5.74,0.4,12.73,0.0,452860.0,6.27,6.55,2020-05-02 02:00:00
2020-05-03,3,2020,4.8,6.8,5.47,1.8,28.59,0.0,525175.0,-2.51,202.97,2020-05-03 02:00:00
2020-05-04,3,2020,5.9,6.3,5.09,2.7,21.54,0.0,533754.0,0.46,92.81,2020-05-04 02:00:00
2020-05-05,3,2020,0.5,6.5,5.61,0.0,12.58,0.0,518262.0,6.05,7.02,2020-05-05 02:00:00
2020-05-06,3,2020,0.0,6.7,5.41,0.1,10.82,0.0,551955.0,6.7,0.0,2020-05-06 02:00:00
2020-05-07,3,2020,1.3,7.2,5.3,0.0,13.8,0.0,539698.0,5.9,18.04,2020-05-07 02:00:00
2020-05-08,3,2020,0.0,7.3,5.1,0.6,9.82,0.0,493114.0,7.29,0.0,2020-05-08 02:00:00
2020-05-09,3,2020,0.3,6.8,5.53,0.3,9.34,0.0,523787.0,6.44,4.73,2020-05-09 02:00:00
2020-05-10,3,2020,2.9,6.4,5.14,0.2,18.7,0.0,521967.0,1.81,97.81,2020-05-10 02:00:00
2020-05-11,3,2020,3.1,6.6,5.79,0.1,14.59,0.0,544459.0,3.5,46.93,2020-05-11 02:00:00
2020-05-12,3,2020,2.0,6.7,5.27,0.1,12.41,0.0,569708.0,4.68,29.7,2020-05-12 02:00:00
2020-05-13,3,2020,0.0,7.1,5.16,0.7,9.67,0.0,593560.0,7.07,0.0,2020-05-13 02:00:00
2020-05-14,3,2020,0.0,6.7,5.85,0.0,13.25,0.0,555879.0,6.67,0.0,2020-05-14 02:00:00
2020-05-15,3,2020,1.5,6.7,5.03,0.0,9.7,0.0,541843.0,5.16,22.67,2020-05-15 02:00:00
2020-05-16,3,2020,0.4,6.8,5.61,0.5,11.89,0.0,546879.0,6.39,6.28,2020-05-16 02:00:00
2020-05-17,3,2020,0.7,6.5,4.99,0.0,13.59,0.0,585491.0,5.73,11.47,2020-05-17 02:00:00
2020-05-18,3,2020,0.1,6.6,5.01,0.0,14.37,0.0,582486.0,6.53,1.2,2020-05-18 02:00:00
2020-05-19,3,2020,2.1,6.6,6.42,0.5,12.41,0.0,566701.0,4.53,31.61,2020-05-19 02:00:00
2020-05-20,3,2020,0.0,6.4,5.97,0.0,2.29,0.0,555033.0,6.37,0.0,2020-05-20 02:00:00
2020-05-21,3,2020,7.5,7.1,5.5,1.1,32.32,0.0,578518.0,-0.46,106.51,2020-05-21 02:00:00
2020-05-22,3,2020,4.0,6.7,5.22,0.1,19.12,0.0,562359.0,2.74,59.21,2020-05-22 02:00:00
2020-05-23,3,2020,0.1,7.0,5.48,0.0,9.64,0.0,574778.0,6.89,1.73,2020-05-23 02:00:00
2020-05-24,3,2020,0.4,6.8,5.4,0.0,8.51,0.0,557625.0,6.38,5.54,2020-05-24 02:00:00
2020-05-25,3,2020,14.1,6.5,6.21,2.2,45.38,0.0,568807.0,-7.56,216.01,2020-05-25 02:00:00
2020-05-26,3,2020,3.7,6.8,5.96,0.1,21.43,0.0,547749.0,3.16,53.85,2020-05-26 02:00:00
2020-05-27,3,2020,0.7,7.1,5.21,1.1,12.33,0.0,567044.0,6.42,9.35,2020-05-27 02:00:00
2020-05-28,3,2020,0.5,6.6,5.4,1.4,9.41,0.0,544289.0,6.17,6.95,2020-05-28 02:00:00
2020-05-29,3,2020,2.4,6.5,5.01,0.7,19.49,0.0,562782.0,0.13,159.56,2020-05-29 02:00:00
2020-05-30,3,2020,1.3,6.9,5.34,0.4,9.48,0.0,598788.0,5.52,19.36,2020-05-30 02:00:00
2020-05-31,3,2020,0.8,7.1,5.0,0.0,12.73,0.0,572586.0,6.31,11.38,2020-05-31 02:00:00
2020-06-01,3,2020,0.1,6.8,5.98,0.0,9.21,0.0,618287.0,2.81,115.9,2020-06-01 02:00:00
2020-06-02,3,2020,0.1,6.6,5.77,0.7,5.69,0.0,656990.0,6.5,0.92,2020-06-02 02:00:00
2020-06-03,3,2020,0.0,7.6,5.94,0.0,17.51,0.0,667131.0,5.81,46.49,2020-06-03 02:00:00
2020-06-04,3,2020,1.3,6.5,5.21,1.6,10.69,0.0,737822.0,2.93,89.87,2020-06-04 02:00:00
2020-06-05,3,2020,0.0,7.1,5.46,2.0,9.38,0.0,679103.0,7.09,0.0,2020-06-05 02:00:00
2020-06-06,3,2020,4.3,6.4,5.3,0.6,21.56,0.0,684006.0,0.71,111.69,2020-06-06 02:00:00
2020-06-07,3,2020,1.8,6.6,5.73,0.3,15.48,0.0,710876.0,2.61,93.53,2020-06-07 02:00:00
2020-06-08,3,2020,0.0,6.4,5.28,1.2,11.41,0.0,717353.0,6.4,0.0,2020-06-08 02:00:00
2020-06-09,3,2020,5.2,6.9,5.52,0.7,20.04,0.0,690977.0,1.68,75.8,2020-06-09 02:00:00
2020-06-10,3,2020,0.1,7.7,5.89,0.0,11.65,0.0,765259.0,2.71,129.02,2020-06-10 02:00:00
2020-06-11,3,2020,2.3,6.4,5.63,1.6,18.01,0.0,760578.0,4.13,35.81,2020-06-11 02:00:00
2020-06-12,3,2020,7.6,6.9,5.39,0.9,28.77,0.0,804480.0,-0.65,109.35,2020-06-12 02:00:00
2020-06-13,3,2020,4.3,6.9,5.05,0.0,22.24,0.0,779005.0,2.64,62.05,2020-06-13 02:00:00
2020-06-14,3,2020,0.1,6.3,5.87,0.0,10.67,0.0,765700.0,6.15,2.22,2020-06-14 02:00:00
2020-06-15,3,2020,0.7,6.5,5.61,0.8,8.82,0.0,750611.0,5.87,10.39,2020-06-15 02:00:00
2020-06-16,3,2020,3.0,7.5,5.51,0.5,20.6,0.0,759589.0,4.46,40.41,2020-06-16 02:00:00
2020-06-17,3,2020,4.8,7.0,5.71,1.5,21.04,0.0,787682.0,0.57,114.9,2020-06-17 02:00:00
2020-06-18,3,2020,4.0,7.0,5.11,0.0,26.85,0.0,774851.0,3.08,56.33,2020-06-18 02:00:00
2020-06-19,3,2020,5.9,7.2,5.56,0.7,29.45,0.0,791328.0,1.25,82.59,2020-06-19 02:00:00
2020-06-20,3,2020,1.8,6.2,6.0,1.9,11.25,0.0,775537.0,4.45,28.44,2020-06-20 02:00:00
2020-06-21,3,2020,0.0,6.6,5.08,0.3,13.48,0.0,780256.0,6.64,0.0,2020-06-21 02:00:00
2020-06-22,3,2020,3.2,6.9,5.53,0.0,14.62,0.0,770047.0,3.73,45.92,2020-06-22 02:00:00
2020-06-23,3,2020,1.3,6.2,5.58,0.0,14.24,0.0,773427.0,4.97,20.27,2020-06-23 02:00:00
2020-06-24,3,2020,0.0,6.9,4.91,0.0,11.26,0.0,749245.0,6.93,0.0,2020-06-24 02:00:00
2020-06-25,3,2020,6.2,7.3,6.48,2.1,22.55,0.0,781795.0,1.09,85.06,2020-06-25 02:00:00
2020-06-26,3,2020,0.0,6.7,5.96,0.0,9.76,0.0,812957.0,6.71,0.0,2020-06-26 02:00:00
2020-06-27,3,2020,0.6,6.6,5.45,0.0,7.83,0.0,831668.0,2.45,116.61,2020-06-27 02:00:00
2020-06-28,3,2020,0.6,6.7,5.59,0.1,10.31,0.0,805341.0,6.06,9.2,2020-06-28 02:00:00
2020-06-29,3,2020,1.8,6.5,5.38,1.3,13.95,0.0,834410.0,4.68,27.53,2020-06-29 02:00:00
2020-06-30,3,2020,0.0,7.0,5.42,1.0,7.13,0.0,840296.0,6.99,0.0,2020-06-30 02:00:00
2020-07-01,3,2020,0.4,6.6,5.98,0.4,14.56,0.0,814688.0,6.18,5.87,2020-07-01 02:00:00
2020-07-02,3,2020,1.5,6.8,6.16,0.2,19.98,0.0,843079.0,5.27,22.51,2020-07-02 02:00:00
2020-07-03,3,2020,1.0,7.0,5.46,0.6,16.53,0.0,815293.0,6.02,13.89,2020-07-03 02:00:00
2020-07-04,3,2020,3.2,6.9,6.06,0.0,15.3,0.0,835462.0,3.76,45.61,2020-07-04 02:00:00
2020-07-05,3,2020,5.7,6.9,5.66,0.6,21.17,0.0,869119.0,-3.05,205.07,2020-07-05 02:00:00
2020-07-06,3,2020,2.5,6.7,5.48,0.0,15.89,0.0,852558.0,4.25,36.82,2020-07-06 02:00:00
2020-07-07,3,2020,0.6,6.8,6.02,0.7,11.45,0.0,822755.0,6.24,8.6,2020-07-07 02:00:00
2020-07-08,3,2020,0.3,7.1,5.79,1.9,7.43,0.0,861929.0,6.8,3.79,2020-07-08 02:00:00
2020-07-09,3,2020,0.4,7.0,5.06,0.0,10.22,0.0,836917.0,6.63,5.57,2020-07-09 02:00:00
2020-07-10,3,2020,0.5,7.1,5.44,0.3,14.43,0.0,867106.0,6.52,7.61,2020-07-10 02:00:00
2020-07-11,3,2020,3.3,6.6,5.81,0.0,16.31,0.0,904150.0,3.35,49.56,2020-07-11 02:00:00
2020-07-12,3,2020,1.8,7.2,5.3,1.8,13.92,0.0,902136.0,5.35,25.64,2020-07-12 02:00:00
2020-07-13,3,2020,0.0,6.9,6.0,0.0,13.37,0.0,831565.0,6.89,0.0,2020-07-13 02:00:00
2020-07-14,3,2020,0.0,7.3,5.65,0.0,7.77,0.0,866916.0,7.27,0.0,2020-07-14 02:00:00
2020-07-15,3,2020,0.3,7.6,5.08,2.0,12.57,0.0,842294.0,7.23,4.47,2020-07-15 02:00:00
2020-07-16,3,2020,1.4,6.6,5.44,0.0,14.08,0.0,901705.0,5.13,21.92,2020-07-16 02:00:00
2020-07-17,3,2020,0.3,6.6,5.71,0.5,6.01,0.0,847759.0,6.27,4.77,2020-07-17 02:00:00
2020-07-18,3,2020,2.0,6.8,5.42,1.3,15.06,0.0,852575.0,4.75,29.7,2020-07-18 02:00:00
2020-07-19,3,2020,0.0,7.0,6.03,0.5,8.26,0.0,879501.0,7.04,0.0,2020-07-19 02:00:00
2020-07-20,3,2020,0.5,7.3,5.97,0.0,11.62,0.0,881099.0,6.85,6.46,2020-07-20 02:00:00
2020-07-21,3,2020,0.1,6.7,5.47,0.0,8.31,0.0,858382.0,6.6,1.83,2020-07-21 02:00:00
2020-07-22,3,2020,1.2,7.2,4.95,0.0,13.87,0.0,874057.0,6.01,16.91,2020-07-22 02:00:00
2020-07-23,3,2020,1.7,7.0,6.25,0.2,13.85,0.0,860308.0,5.32,24.0,2020-07-23 02:00:00
2020-07-24,3,2020,2.1,6.6,5.68,0.3,13.81,0.0,836937.0,4.49,31.82,2020-07-24 02:00:00
2020-07-25,3,2020,3.7,7.2,5.72,1.1,20.04,0.0,886668.0,3.41,52.37,2020-07-25 02:00:00
2020-07-26,3,2020,0.0,6.9,4.84,0.0,9.66,0.0,863255.0,6.95,0.0,2020-07-26 02:00:00
2020-07-27,3,2020,0.1,6.9,5.33,0.0,11.86,0.0,871394.0,6.87,0.82,2020-07-27 02:00:00
2020-07-28,3,2020,0.4,7.0,5.7,0.0,8.19,0.0,928010.0,2.0,137.32,2020-07-28 02:00:00
2020-07-29,3,2020,5.6,6.6,5.75,0.9,23.5,0.0,900192.0,1.01,84.68,2020-07-29 02:00:00
2020-07-30,3,2020,0.0,7.3,6.49,0.0,10.26,0.0,914857.0,7.29,0.02,2020-07-30 02:00:00
2020-07-31,3,2020,0.1,7.5,5.2,0.0,12.96,0.0,901773.0,7.4,0.81,2020-07-31 02:00:00
2020-08-01,3,2020,2.8,7.2,6.07,0.6,17.24,0.0,890648.0,4.3,39.82,2020-08-01 02:00:00
2020-08-02,3,2020,1.2,7.1,5.75,0.0,10.64,0.0,896273.0,5.89,16.45,2020-08-02 02:00:00
2020-08-03,3,2020,1.1,7.0,5.64,2.3,13.6,0.0,912246.0,5.86,15.78,2020-08-03 02:00:00
2020-08-04,3,2020,0.1,6.7,5.11,0.0,17.81,0.0,906049.0,6.57,1.62,2020-08-04 02:00:00
2020-08-05,3,2020,0.0,7.2,5.4,0.7,10.57,0.0,912520.0,7.22,0.26,2020-08-05 02:00:00
2020-08-06,3,2020,0.4,6.8,6.04,0.0,14.36,0.0,932081.0,6.41,5.37,2020-08-06 02:00:00
2020-08-07,3,2020,0.0,7.3,4.93,1.2,8.75,0.0,871012.0,7.29,0.0,2020-08-07 02:00:00
2020-08-08,3,2020,0.1,6.9,6.68,1.0,8.15,0.0,900986.0,6.87,0.75,2020-08-08 02:00:00
2020-08-09,3,2020,0.0,7.4,5.75,0.0,14.79,0.0,902369.0,7.36,0.0,2020-08-09 02:00:00
2020-08-10,3,2020,3.6,7.3,6.02,0.0,20.82,0.0,884781.0,3.73,48.8,2020-08-10 02:00:00
2020-08-11,3,2020,0.3,7.4,5.47,0.0,7.14,0.0,923967.0,7.1,4.17,2020-08-11 02:00:00
2020-08-12,3,2020,1.2,7.3,5.98,0.8,12.73,0.0,927704.0,6.1,16.26,2020-08-12 02:00:00
2020-08-13,3,2020,1.1,7.2,5.94,1.1,19.25,0.0,962821.0,1.95,130.71,2020-08-13 02:00:00
2020-08-14,3,2020,0.2,6.6,5.44,0.4,8.65,0.0,984126.0,6.37,2.87,2020-08-14 02:00:00
2020-08-15,3,2020,1.4,6.8,5.47,1.1,13.82,0.0,959253.0,5.48,19.8,2020-08-15 02:00:00
2020-08-16,3,2020,0.5,7.3,6.27,0.1,10.09,0.0,949668.0,6.8,6.38,2020-08-16 02:00:00
2020-08-17,3,2020,0.9,7.2,5.97,0.7,14.19,0.0,927643.0,6.24,12.66,2020-08-17 02:00:00
2020-08-18,3,2020,8.3,7.1,5.8,0.5,29.21,0.0,943500.0,-1.13,115.82,2020-08-18 02:00:00
2020-08-19,3,2020,1.8,7.4,6.06,0.0,7.97,0.0,933864.0,5.65,24.07,2020-08-19 02:00:00
2020-08-20,3,2020,1.1,7.2,5.23,0.0,12.1,0.0,953945.0,6.1,15.16,2020-08-20 02:00:00
2020-08-21,3,2020,0.0,7.1,6.28,0.0,9.75,0.0,984730.0,7.06,0.0,2020-08-21 02:00:00
2020-08-22,3,2020,0.0,7.3,5.74,0.7,1.36,0.0,910553.0,7.33,0.0,2020-08-22 02:00:00
2020-08-23,3,2020,0.6,6.9,5.94,0.4,4.75,0.0,971850.0,4.95,47.75,2020-08-23 02:00:00
2020-08-24,3,2020,1.3,6.8,5.71,0.0,8.63,0.0,970703.0,5.5,18.9,2020-08-24 02:00:00
2020-08-25,3,2020,3.8,6.7,6.14,1.4,14.1,0.0,978340.0,2.93,56.52,2020-08-25 02:00:00
2020-08-26,3,2020,0.0,7.2,5.21,0.6,11.27,0.0,952795.0,7.25,0.0,2020-08-26 02:00:00
2020-08-27,3,2020,0.4,7.2,6.54,0.0,13.07,0.0,960429.0,6.85,4.9,2020-08-27 02:00:00
2020-08-28,3,2020,3.2,7.8,5.23,1.2,17.38,0.0,961799.0,4.56,41.28,2020-08-28 02:00:00
2020-08-29,3,2020,0.9,6.5,6.13,0.0,11.09,0.0,984774.0,5.59,14.12,2020-08-29 02:00:00
2020-08-30,3,2020,0.3,7.2,6.49,0.0,6.51,0.0,1021392.0,6.87,4.61,2020-08-30 02:00:00
2020-08-31,3,2020,0.0,7.3,5.4,0.0,12.36,0.0,999491.0,7.28,0.0,2020-08-31 02:00:00
2020-09-01,3,2020,3.1,6.6,5.63,0.5,22.3,0.0,935302.0,3.5,46.93,2020-09-01 02:00:00
2020-09-02,3,2020,0.0,7.6,6.33,2.9,8.96,0.0,974911.0,7.59,0.0,2020-09-02 02:00:00
2020-09-03,3,2020,0.0,7.2,6.2,0.0,12.86,0.0,953261.0,7.14,0.21,2020-09-03 02:00:00
2020-09-04,3,2020,0.0,7.4,6.16,0.1,11.21,0.0,974230.0,5.78,43.87,2020-09-04 02:00:00
2020-09-05,3,2020,1.4,7.2,5.65,0.1,15.61,0.0,1007430.0,5.79,19.76,2020-09-05 02:00:00
2020-09-06,3,2020,1.3,8.0,5.29,0.0,15.12,0.0,955342.0,6.7,16.14,2020-09-06 02:00:00
2020-09-07,3,2020,0.0,7.1,5.38,0.0,9.77,0.0,1011911.0,7.12,0.0,2020-09-07 02:00:00
2020-09-08,3,2020,4.4,7.3,4.94,0.0,21.25,0.0,1005508.0,2.9,60.43,2020-09-08 02:00:00
2020-09-09,3,2020,0.2,7.7,5.82,0.0,12.09,0.0,960203.0,7.51,2.48,2020-09-09 02:00:00
2020-09-10,3,2020,1.0,7.4,6.26,0.9,9.65,0.0,927117.0,6.43,13.7,2020-09-10 02:00:00
2020-09-11,3,2020,0.2,7.1,5.78,0.0,12.05,0.0,959208.0,6.85,3.17,2020-09-11 02:00:00
2020-09-12,3,2020,3.6,7.3,5.79,1.0,19.48,0.0,1000235.0,1.71,104.13,2020-09-12 02:00:00
2020-09-13,3,2020,0.2,6.7,5.57,0.4,10.19,0.0,1009723.0,6.53,3.01,2020-09-13 02:00:00
2020-09-14,3,2020,0.9,7.6,6.34,0.7,15.57,0.0,1016681.0,6.63,12.25,2020-09-14 02:00:00
2020-09-15,3,2020,0.0,6.8,5.79,1.4,11.38,0.0,986694.0,6.84,0.0,2020-09-15 02:00:00
2020-09-16,3,2020,0.9,7.3,5.71,1.2,5.76,0.0,988805.0,6.43,12.2,2020-09-16 02:00:00
2020-09-17,3,2020,0.1,7.6,6.22,0.0,14.49,0.0,1027828.0,7.59,0.71,2020-09-17 02:00:00
2020-09-18,3,2020,0.7,7.5,5.54,1.7,15.56,0.0,1008994.0,6.87,8.94,2020-09-18 02:00:00
2020-09-19,3,2020,0.0,7.3,5.55,0.3,9.21,0.0,1012090.0,7.28,0.0,2020-09-19 02:00:00
2020-09-20,3,2020,3.1,7.2,6.18,0.3,20.32,0.0,979643.0,4.13,42.83,2020-09-20 02:00:00
2020-09-21,3,2020,0.0,7.5,6.38,0.6,14.19,0.0,1011476.0,4.88,70.09,2020-09-21 02:00:00
2020-09-22,3,2020,2.7,7.2,5.39,0.4,22.87,0.0,1057233.0,2.59,90.71,2020-09-22 02:00:00
2020-09-23,3,2020,2.4,6.9,6.29,0.2,14.6,0.0,1042877.0,1.37,125.12,2020-09-23 02:00:00
2020-09-24,3,2020,0.0,7.7,5.5,0.0,3.71,0.0,1052317.0,7.67,0.0,2020-09-24 02:00:00
2020-09-25,3,2020,0.1,7.3,6.28,0.0,11.95,0.0,1084644.0,7.27,0.83,2020-09-25 02:00:00
2020-09-26,3,2020,0.3,7.6,5.37,0.0,5.9,0.0,1027574.0,7.35,3.65,2020-09-26 02:00:00
2020-09-27,3,2020,3.8,7.6,6.14,1.1,20.96,0.0,1097223.0,3.79,50.07,2020-09-27 02:00:00
2020-09-28,3,2020,0.0,7.3,5.62,0.4,15.77,0.0,1056209.0,7.31,0.0,2020-09-28 02:00:00
2020-09-29,3,2020,3.9,7.6,5.64,0.9,21.24,0.0,1089496.0,3.71,51.23,2020-09-29 02:00:00
2020-09-30,3,2020,0.2,7.6,5.59,0.1,12.41,0.0,1122887.0,3.49,104.53,2020-09-30 02:00:00
2020-10-01,3,2020,5.8,6.9,6.14,0.9,26.75,0.0,1146891.0,1.1,84.08,2020-10-01 02:00:00
2020-10-02,3,2020,0.0,7.5,6.3,0.0,13.46,0.0,1140016.0,7.44,0.36,2020-10-02 02:00:00
2020-10-03,3,2020,1.1,7.1,5.6,0.0,16.12,0.0,1129810.0,6.05,15.11,2020-10-03 02:00:00
2020-10-04,3,2020,0.3,7.7,6.46,2.1,10.54,0.0,1102729.0,5.79,44.95,2020-10-04 02:00:00
2020-10-05,3,2020,4.1,7.4,5.71,1.3,22.53,0.0,1110971.0,3.29,55.54,2020-10-05 02:00:00
2020-10-06,3,2020,0.0,7.1,6.55,0.7,13.24,0.0,1158708.0,3.53,100.11,2020-10-06 02:00:00
2020-10-07,3,2020,1.6,8.0,6.21,1.3,13.47,0.0,1178825.0,6.46,19.62,2020-10-07 02:00:00
2020-10-08,3,2020,0.0,7.1,6.65,0.0,15.27,0.0,1156674.0,7.1,0.0,2020-10-08 02:00:00
2020-10-09,3,2020,0.3,6.6,5.6,0.4,9.0,0.0,1165871.0,6.3,4.93,2020-10-09 02:00:00
2020-10-10,3,2020,0.0,7.5,6.62,1.2,10.44,0.0,1139324.0,7.5,0.0,2020-10-10 02:00:00
2020-10-11,3,2020,2.0,6.9,6.04,0.0,20.89,0.0,1185143.0,1.46,129.02,2020-10-11 02:00:00
2020-10-12,3,2020,0.2,8.0,5.6,1.1,13.23,0.0,1236295.0,7.79,2.94,2020-10-12 02:00:00
2020-10-13,3,2020,3.5,6.8,5.84,0.0,21.17,0.0,1233832.0,3.35,50.87,2020-10-13 02:00:00
2020-10-14,3,2020,3.5,7.5,5.94,1.5,20.35,0.0,1237030.0,-0.47,165.74,2020-10-14 02:00:00
2020-10-15,3,2020,1.3,8.0,6.21,0.4,9.34,0.0,1270586.0,6.72,16.26,2020-10-15 02:00:00
2020-10-16,3,2020,0.0,7.4,6.46,0.0,7.72,0.0,1253766.0,7.38,0.0,2020-10-16 02:00:00
2020-10-17,3,2020,2.2,8.0,5.16,0.0,18.92,0.0,1246238.0,5.8,27.06,2020-10-17 02:00:00
2020-10-18,3,2020,4.0,7.2,6.95,2.5,18.58,0.0,1261176.0,3.14,56.14,2020-10-18 02:00:00
2020-10-19,3,2020,8.5,7.6,6.09,0.0,35.56,0.0,1233825.0,-0.93,112.27,2020-10-19 02:00:00
2020-10-20,3,2020,1.7,7.9,5.49,0.5,13.49,0.0,1223655.0,6.2,21.2,2020-10-20 02:00:00
2020-10-21,3,2020,8.3,7.5,6.56,1.0,32.23,0.0,1242629.0,-0.85,111.35,2020-10-21 02:00:00
2020-10-22,3,2020,0.5,7.0,5.53,0.0,11.77,0.0,1267615.0,2.91,110.45,2020-10-22 02:00:00
2020-10-23,3,2020,0.5,7.7,5.16,0.3,3.59,0.0,1300737.0,7.29,5.87,2020-10-23 02:00:00
2020-10-24,3,2020,2.5,7.7,5.29,0.6,15.24,0.0,1278852.0,5.12,33.15,2020-10-24 02:00:00
2020-10-25,3,2020,4.7,7.7,5.96,1.7,23.69,0.0,1270020.0,3.02,60.95,2020-10-25 02:00:00
2020-10-26,3,2020,0.7,7.3,6.31,0.0,15.26,0.0,1296134.0,6.56,9.67,2020-10-26 02:00:00
2020-10-27,3,2020,0.0,7.3,5.91,0.4,8.56,0.0,1323790.0,4.86,65.97,2020-10-27 02:00:00
2020-10-28,3,2020,0.0,7.5,5.67,0.5,6.11,0.0,1316500.0,5.8,44.39,2020-10-28 02:00:00
2020-10-29,3,2020,0.0,7.9,6.6,0.1,11.01,0.0,1310558.0,7.9,0.0,2020-10-29 02:00:00
2020-10-30,3,2020,1.9,8.0,5.77,0.2,10.92,0.0,1344393.0,1.19,146.35,2020-10-30 02:00:00
2020-10-31,3,2020,0.4,7.5,5.05,0.0,10.61,0.0,1355390.0,7.07,5.71,2020-10-31 02:00:00
2020-11-01,3,2020,2.4,8.1,5.75,0.0,16.41,0.0,1344095.0,5.77,29.11,2020-11-01 02:00:00
2020-11-02,3,2020,3.5,7.3,5.45,0.2,17.39,0.0,1338304.0,3.78,47.96,2020-11-02 02:00:00
2020-11-03,3,2020,0.0,7.8,6.78,0.5,10.24,0.0,1367266.0,7.84,0.0,2020-11-03 02:00:00
2020-11-04,3,2020,0.0,7.2,6.69,0.0,13.18,0.0,1382474.0,7.2,0.0,2020-11-04 02:00:00
2020-11-05,3,2020,0.0,7.6,6.01,0.0,14.76,0.0,1373743.0,7.56,0.0,2020-11-05 02:00:00
2020-11-06,3,2020,2.4,6.9,7.33,0.0,14.33,0.0,1365843.0,4.53,34.57,2020-11-06 02:00:00
2020-11-07,3,2020,0.0,7.8,6.23,1.1,14.7,0.0,1372789.0,5.85,50.23,2020-11-07 02:00:00
2020-11-08,3,2020,0.1,7.2,6.1,0.5,15.43,0.0,1405070.0,7.13,0.82,2020-11-08 02:00:00
2020-11-09,3,2020,0.0,8.0,6.28,1.6,9.23,0.0,1357086.0,7.96,0.0,2020-11-09 02:00:00
2020-11-10,3,2020,4.2,7.6,5.98,1.5,15.5,0.0,1381026.0,3.45,54.81,2020-11-10 02:00:00
2020-11-11,3,2020,0.0,7.7,5.86,0.4,6.78,0.0,1402169.0,7.73,0.0,2020-11-11 02:00:00
2020-11-12,3,2020,1.3,7.9,5.83,1.0,10.82,0.0,1388778.0,6.58,16.87,2020-11-12 02:00:00
2020-11-13,3,2020,8.0,7.8,5.55,1.1,29.63,0.0,1380025.0,-0.24,103.03,2020-11-13 02:00:00
2020-11-14,3,2020,3.4,7.2,5.9,2.2,18.37,0.0,1376245.0,3.77,47.3,2020-11-14 02:00:00
2020-11-15,3,2020,0.0,7.0,5.91,0.7,12.32,0.0,1387139.0,7.05,0.0,2020-11-15 02:00:00
2020-11-16,3,2020,1.0,7.5,5.83,0.8,11.33,0.0,1408960.0,6.47,13.22,2020-11-16 02:00:00
2020-11-17,3,2020,0.4,7.5,5.66,0.0,8.84,0.0,1413477.0,7.1,5.71,2020-11-17 02:00:00
2020-11-18,3,2020,1.0,7.1,5.96,1.0,12.67,0.0,1361320.0,6.14,13.8,2020-11-18 02:00:00
2020-11-19,3,2020,0.4,7.3,6.21,1.2,3.91,0.0,1404488.0,6.86,5.55,2020-11-19 02:00:00
2020-11-20,3,2020,0.0,7.2,5.25,0.7,8.9,0.0,1411761.0,7.24,0.0,2020-11-20 02:00:00
2020-11-21,3,2020,10.7,7.5,5.8,1.6,34.68,0.0,1383483.0,-3.18,142.4,2020-11-21 02:00:00
2020-11-22,3,2020,0.0,7.6,6.75,0.0,13.13,0.0,1389446.0,7.58,0.0,2020-11-22 02:00:00
2020-11-23,3,2020,0.0,8.4,6.74,0.0,7.8,0.0,1376465.0,8.36,0.0,2020-11-23 02:00:00
2020-11-24,3,2020,2.7,7.8,5.41,1.3,16.58,0.0,1417570.0,5.1,34.35,2020-11-24 02:00:00
2020-11-25,3,2020,0.8,7.3,5.49,0.0,13.0,0.0,1417018.0,4.0,79.58,2020-11-25 02:00:00
2020-11-26,3,2020,0.0,7.0,6.09,0.5,9.29,0.0,1410931.0,6.97,0.0,2020-11-26 02:00:00
2020-11-27,3,2020,0.8,7.2,6.44,0.0,10.65,0.0,1409032.0,6.42,10.93,2020-11-27 02:00:00
2020-11-28,3,2020,0.0,7.1,6.12,0.1,9.97,0.0,1407473.0,4.61,69.59,2020-11-28 02:00:00
2020-11-29,3,2020,0.3,7.2,6.8,0.0,5.19,0.0,1480354.0,6.92,3.83,2020-11-29 02:00:00
2020-11-30,3,2020,1.2,8.1,5.09,0.2,12.66,0.0,1485509.0,6.86,15.19,2020-11-30 02:00:00
2020-12-01,3,2020,2.0,6.7,6.09,0.0,9.05,0.0,1476401.0,4.71,29.35,2020-12-01 02:00:00
2020-12-02,3,2020,1.3,7.2,5.83,0.0,11.49,0.0,1431019.0,5.89,17.87,2020-12-02 02:00:00
2020-12-03,3,2020,3.3,7.9,5.67,0.3,17.23,0.0,1433688.0,4.63,41.6,2020-12-03 02:00:00
2020-12-04,3,2020,0.5,7.4,5.94,1.4,10.96,0.0,1439216.0,6.85,6.98,2020-12-04 02:00:00
2020-12-05,3,2020,1.0,7.1,6.55,0.0,13.87,0.0,1436556.0,6.07,14.07,2020-12-05 02:00:00
2020-12-06,3,2020,3.1,8.2,6.15,0.8,17.26,0.0,1437473.0,5.05,37.99,2020-12-06 02:00:00
2020-12-07,3,2020,0.0,7.7,5.38,0.8,6.35,0.0,1416910.0,7.7,0.0,2020-12-07 02:00:00
2020-12-08,3,2020,1.1,7.2,6.41,0.6,12.1,0.0,1426838.0,6.16,14.87,2020-12-08 02:00:00
2020-12-09,3,2020,0.6,7.4,5.98,0.3,12.26,0.0,1441140.0,6.81,8.08,2020-12-09 02:00:00
2020-12-10,3,2020,0.1,7.6,5.75,0.0,7.88,0.0,1436975.0,7.49,1.63,2020-12-10 02:00:00
2020-12-11,3,2020,1.6,7.6,6.17,0.0,14.49,0.0,1423333.0,6.04,20.98,2020-12-11 02:00:00
2020-12-12,3,2020,3.5,8.4,5.73,0.5,19.58,0.0,1396412.0,4.89,41.81,2020-12-12 02:00:00
2020-12-13,3,2020,0.1,8.0,5.88,0.0,9.18,0.0,1435442.0,7.95,1.0,2020-12-13 02:00:00
2020-12-14,3,2020,2.0,7.8,6.24,0.0,15.82,0.0,1432949.0,5.85,25.1,2020-12-14 02:00:00
2020-12-15,3,2020,0.0,6.9,5.85,0.5,7.66,0.0,1454291.0,6.94,0.0,2020-12-15 02:00:00
2020-12-16,3,2020,0.0,7.9,5.57,0.2,9.93,0.0,1446021.0,7.95,0.0,2020-12-16 02:00:00
2020-12-17,3,2020,7.0,7.6,5.74,2.7,28.53,0.0,1435005.0,0.67,91.21,2020-12-17 02:00:00
2020-12-18,3,2020,8.6,7.3,6.3,3.1,29.12,0.0,1446892.0,-1.29,117.72,2020-12-18 02:00:00
2020-12-19,3,2020,0.0,7.4,6.22,0.6,12.83,0.0,1426492.0,7.37,0.0,2020-12-19 02:00:00
2020-12-20,3,2020,0.0,7.9,6.27,0.8,6.01,0.0,1451048.0,7.85,0.0,2020-12-20 02:00:00
2020-12-21,3,2020,0.2,7.4,6.03,0.8,12.52,0.0,1429968.0,7.11,3.35,2020-12-21 02:00:00
2020-12-22,3,2020,4.6,8.0,6.16,1.1,16.61,0.0,1443457.0,2.24,86.03,2020-12-22 02:00:00
2020-12-23,3,2020,3.4,8.4,6.18,1.0,17.79,0.0,1439538.0,5.04,40.07,2020-12-23 02:00:00
2020-12-24,3,2020,0.4,7.3,5.7,0.1,13.58,0.0,1469341.0,3.39,101.07,2020-12-24 02:00:00
2020-12-25,3,2020,1.1,7.3,5.7,0.0,10.79,0.0,1507059.0,6.2,14.57,2020-12-25 02:00:00
2020-12-26,3,2020,0.7,7.2,6.11,0.6,9.14,0.0,1488921.0,6.49,9.96,2020-12-26 02:00:00
2020-12-27,3,2020,0.4,7.5,5.98,0.0,5.68,0.0,1488501.0,5.02,61.08,2020-12-27 02:00:00
2020-12-28,3,2020,0.3,7.8,5.7,0.0,8.75,0.0,1479828.0,7.46,3.74,2020-12-28 02:00:00
2020-12-29,3,2020,3.9,7.9,5.91,1.4,19.86,0.0,1529233.0,3.98,49.68,2020-12-29 02:00:00
2020-12-30,3,2020,4.3,7.6,6.67,0.4,24.77,0.0,1525198.0,3.31,56.32,2020-12-30 02:00:00
2020-12-31,3,2020,0.0,8.0,5.62,0.0,10.58,0.0,1551252.0,6.25,44.2,2020-12-31 02:00:00
2021-01-01,3,2021,0.4,5.9,4.62,0.6,16.54,4947296.0,85613.0,5.49,7.16,2021-01-01 02:00:00
2021-01-02,3,2021,0.2,6.0,5.01,0.1,12.38,4870474.0,95549.0,5.78,3.57,2021-01-02 02:00:00
2021-01-03,3,2021,0.7,6.5,5.28,0.0,13.89,4869085.0,154451.0,2.23,121.46,2021-01-03 02:00:00
2021-01-04,3,2021,3.8,6.1,4.3,0.1,15.29,4785362.0,124215.0,2.38,61.16,2021-01-04 02:00:00
2021-01-05,3,2021,0.3,5.9,5.02,0.4,17.15,4820370.0,149879.0,5.58,4.9,2021-01-05 02:00:00
2021-01-06,3,2021,1.4,6.1,4.97,0.0,16.13,4742930.0,143087.0,4.68,22.84,2021-01-06 02:00:00
2021-01-07,3,2021,1.5,6.3,5.52,1.0,13.61,4639344.0,136436.0,4.73,24.48,2021-01-07 02:00:00
2021-01-08,3,2021,1.8,5.6,4.39,0.9,17.12,4570834.0,180747.0,3.81,32.12,2021-01-08 02:00:00
2021-01-09,3,2021,2.4,6.0,4.79,0.0,17.58,4602403.0,142019.0,3.6,39.63,2021-01-09 02:00:00
2021-01-10,3,2021,0.0,6.5,5.2,0.4,8.11,4485338.0,152915.0,6.51,0.0,2021-01-10 02:00:00
2021-01-11,3,2021,0.3,5.9,5.62,1.3,12.01,4369194.0,144378.0,5.64,5.09,2021-01-11 02:00:00
2021-01-12,3,2021,0.8,5.5,4.89,0.7,13.95,4416810.0,132216.0,4.73,14.22,2021-01-12 02:00:00
2021-01-13,3,2021,7.2,6.0,4.29,1.5,25.16,4343657.0,153037.0,-1.22,120.34,2021-01-13 02:00:00
2021-01-14,3,2021,2.3,6.4,4.9,1.6,13.3,4426645.0,193471.0,4.16,35.31,2021-01-14 02:00:00
2021-01-15,3,2021,0.6,6.2,5.36,0.0,12.21,4280944.0,101480.0,5.55,10.05,2021-01-15 02:00:00
2021-01-16,3,2021,3.7,6.1,6.14,0.9,22.43,4238881.0,142418.0,2.43,60.18,2021-01-16 02:00:00
2021-01-17,3,2021,2.3,6.7,4.71,0.4,19.18,4179269.0,201371.0,-0.54,181.66,2021-01-17 02:00:00
2021-01-18,3,2021,0.2,6.5,5.16,0.0,9.34,4232086.0,210939.0,6.3,2.99,2021-01-18 02:00:00
2021-01-19,3,2021,2.2,5.8,5.33,0.1,12.55,4219078.0,198551.0,1.46,111.63,2021-01-19 02:00:00
2021-01-20,3,2021,3.2,6.6,5.38,0.6,16.46,4208153.0,258299.0,1.2,115.52,2021-01-20 02:00:00
2021-01-21,3,2021,7.3,6.5,5.23,1.6,25.94,4209388.0,220061.0,-0.81,112.49,2021-01-21 02:00:00
2021-01-22,3,2021,1.1,5.8,4.83,0.3,14.17,4080597.0,234578.0,4.74,18.83,2021-01-22 02:00:00
2021-01-23,3,2021,2.6,6.2,4.41,0.5,15.67,4117802.0,252080.0,3.55,42.58,2021-01-23 02:00:00
2021-01-24,3,2021,2.1,5.7,6.2,1.0,16.06,4048120.0,297204.0,-0.03,163.55,2021-01-24 02:00:00
2021-01-25,3,2021,1.2,6.0,5.18,0.0,12.62,3834216.0,248662.0,4.84,19.35,2021-01-25 02:00:00
2021-01-26,3,2021,1.5,6.8,4.9,0.0,15.25,3839546.0,259056.0,5.23,22.66,2021-01-26 02:00:00
2021-01-27,3,2021,1.5,6.6,5.52,1.0,15.88,3859649.0,261294.0,5.11,23.08,2021-01-27 02:00:00
2021-01-28,3,2021,0.0,6.1,5.07,0.0,7.88,3798423.0,283573.0,6.14,0.0,2021-01-28 02:00:00
2021-01-29,3,2021,2.1,6.1,5.09,0.5,19.48,3781263.0,255526.0,3.98,34.53,2021-01-29 02:00:00
2021-01-30,3,2021,1.9,6.5,4.95,1.3,16.81,3690880.0,264973.0,4.66,28.48,2021-01-30 02:00:00
2021-01-31,3,2021,1.5,6.1,4.93,0.8,17.72,3657832.0,295757.0,4.63,24.02,2021-01-31 02:00:00
2021-02-01,3,2021,0.2,6.0,4.95,0.2,12.87,3615652.0,277458.0,5.86,2.56,2021-02-01 02:00:00
2021-02-02,3,2021,1.4,5.9,5.9,0.4,17.13,3539152.0,275213.0,4.49,23.23,2021-02-02 02:00:00
2021-02-03,3,2021,1.1,6.9,4.92,0.0,17.39,3525603.0,253373.0,5.84,16.0,2021-02-03 02:00:00
2021-02-04,3,2021,2.9,6.3,5.6,0.3,16.99,3514137.0,274146.0,-1.03,187.16,2021-02-04 02:00:00
2021-02-05,3,2021,0.0,5.7,4.95,0.0,15.59,3455237.0,308192.0,5.71,0.0,2021-02-05 02:00:00
2021-02-06,3,2021,0.2,6.5,5.55,0.0,11.42,3351808.0,335223.0,6.22,3.79,2021-02-06 02:00:00
2021-02-07,3,2021,2.8,6.9,5.11,0.2,20.16,3311134.0,315567.0,4.09,40.41,2021-02-07 02:00:00
2021-02-08,3,2021,1.0,5.9,5.87,0.4,7.96,3213818.0,298510.0,4.9,16.95,2021-02-08 02:00:00
2021-02-09,3,2021,0.3,6.5,5.49,0.0,12.19,3192496.0,293670.0,6.21,4.51,2021-02-09 02:00:00
2021-02-10,3,2021,2.6,6.5,4.62,0.5,23.18,3207976.0,264514.0,3.95,39.66,2021-02-10 02:00:00
2021-02-11,3,2021,1.2,5.5,5.47,1.5,14.72,3204120.0,331624.0,4.32,21.83,2021-02-11 02:00:00
2021-02-12,3,2021,0.9,6.0,4.35,0.0,12.23,3096395.0,302497.0,5.1,15.3,2021-02-12 02:00:00
2021-02-13,3,2021,2.3,6.4,4.53,0.5,17.18,3030252.0,298412.0,4.04,36.74,2021-02-13 02:00:00
2021-02-14,3,2021,3.9,6.3,5.91,0.6,18.25,2977352.0,319558.0,2.46,61.17,2021-02-14 02:00:00
2021-02-15,3,2021,2.6,6.1,5.38,0.2,17.15,2973924.0,345644.0,3.48,42.59,2021-02-15 02:00:00
2021-02-16,3,2021,0.2,6.4,5.7,0.0,13.25,2932955.0,307636.0,6.19,3.47,2021-02-16 02:00:00
2021-02-17,3,2021,0.9,6.1,5.11,0.1,12.69,2836358.0,275173.0,5.19,14.36,2021-02-17 02:00:00
2021-02-18,3,2021,0.5,6.2,5.18,0.7,10.23,2826903.0,311156.0,5.66,8.76,2021-02-18 02:00:00
2021-02-19,3,2021,1.4,6.1,5.41,0.8,13.64,2864282.0,363569.0,0.9,148.21,2021-02-19 02:00:00
2021-02-20,3,2021,3.3,6.4,5.0,1.8,19.37,2602609.0,362946.0,3.08,51.61,2021-02-20 02:00:00
2021-02-21,3,2021,1.4,5.8,5.03,1.4,14.05,2686428.0,341624.0,4.47,23.56,2021-02-21 02:00:00
2021-02-22,3,2021,1.4,6.4,4.84,0.0,13.69,2643750.0,333926.0,5.05,21.46,2021-02-22 02:00:00
2021-02-23,3,2021,1.9,6.7,5.28,0.8,12.17,2600620.0,351311.0,4.78,28.16,2021-02-23 02:00:00
2021-02-24,3,2021,2.2,6.0,4.82,1.7,13.26,2502058.0,360048.0,0.13,158.24,2021-02-24 02:00:00
2021-02-25,3,2021,3.5,6.3,5.05,1.3,19.23,2479234.0,404917.0,2.81,55.71,2021-02-25 02:00:00
2021-02-26,3,2021,0.8,6.5,5.16,0.8,12.26,2525721.0,434993.0,3.74,72.37,2021-02-26 02:00:00
2021-02-27,3,2021,0.0,6.0,5.04,0.2,14.04,2430455.0,353186.0,5.97,0.0,2021-02-27 02:00:00
2021-02-28,3,2021,1.3,6.4,5.07,0.2,9.35,2321404.0,409108.0,5.07,20.77,2021-02-28 02:00:00
2021-03-01,3,2021,1.2,6.4,5.2,0.0,16.68,2296153.0,393333.0,5.26,18.05,2021-03-01 02:00:00
2021-03-02,3,2021,0.0,7.2,4.89,0.0,8.72,2265386.0,437992.0,3.38,106.35,2021-03-02 02:00:00
2021-03-03,3,2021,5.0,5.8,4.55,0.9,17.1,2251621.0,427219.0,0.78,86.48,2021-03-03 02:00:00
2021-03-04,3,2021,2.5,6.8,5.86,0.1,17.28,2198699.0,454040.0,4.25,37.18,2021-03-04 02:00:00
2021-03-05,3,2021,3.0,6.5,4.89,0.3,19.45,2068311.0,446687.0,3.56,45.51,2021-03-05 02:00:00
2021-03-06,3,2021,0.3,6.8,5.37,0.2,10.34,2070496.0,457033.0,6.57,3.75,2021-03-06 02:00:00
2021-03-07,3,2021,0.3,6.5,4.82,0.0,15.56,2047216.0,461188.0,6.22,4.98,2021-03-07 02:00:00
2021-03-08,3,2021,0.5,6.2,5.0,0.0,10.11,1962508.0,419448.0,5.67,8.76,2021-03-08 02:00:00
2021-03-09,3,2021,0.5,6.8,5.11,0.6,12.39,1886217.0,409313.0,6.33,6.82,2021-03-09 02:00:00
2021-03-10,3,2021,3.3,6.5,5.85,1.4,19.54,1853387.0,426957.0,3.26,49.98,2021-03-10 02:00:00
2021-03-11,3,2021,3.9,6.3,5.57,1.1,19.71,1782404.0,460197.0,2.44,61.53,2021-03-11 02:00:00
2021-03-12,3,2021,3.7,6.6,5.63,0.1,20.44,1747764.0,442847.0,2.93,55.65,2021-03-12 02:00:00
2021-03-13,3,2021,0.0,6.4,5.47,0.0,8.87,1743652.0,470106.0,6.37,0.0,2021-03-13 02:00:00
2021-03-14,3,2021,0.1,6.2,5.11,0.0,4.25,1688277.0,468302.0,3.36,90.14,2021-03-14 02:00:00
2021-03-15,3,2021,0.3,6.1,5.09,0.8,14.08,1628887.0,454107.0,5.75,5.51,2021-03-15 02:00:00
2021-03-16,3,2021,0.2,6.4,4.95,0.7,9.09,1502217.0,488368.0,6.2,2.79,2021-03-16 02:00:00
2021-03-17,3,2021,2.5,6.3,5.64,1.4,15.33,1460861.0,445723.0,3.87,38.95,2021-03-17 02:00:00
2021-03-18,3,2021,0.3,6.5,4.89,0.0,12.25,1393603.0,463321.0,6.19,4.8,2021-03-18 02:00:00
2021-03-19,3,2021,0.9,6.5,5.34,0.7,9.84,1331214.0,441368.0,5.62,13.65,2021-03-19 02:00:00
2021-03-20,3,2021,0.3,6.3,5.05,1.5,8.57,1348903.0,465250.0,6.06,4.25,2021-03-20 02:00:00
2021-03-21,3,2021,0.0,6.8,5.62,0.0,13.39,1288377.0,474522.0,6.82,0.12,2021-03-21 02:00:00
2021-03-22,3,2021,0.2,6.4,5.18,0.5,9.05,1227823.0,459177.0,6.15,3.68,2021-03-22 02:00:00
2021-03-23,3,2021,1.9,6.6,5.11,0.0,10.9,1176177.0,466072.0,4.73,28.38,2021-03-23 02:00:00
2021-03-24,3,2021,0.1,6.7,4.62,1.8,8.66,1169900.0,475892.0,6.61,1.32,2021-03-24 02:00:00
2021-03-25,3,2021,0.8,6.5,5.29,0.5,9.39,1107336.0,465677.0,5.73,12.01,2021-03-25 02:00:00
2021-03-26,3,2021,0.0,5.8,5.51,0.4,11.4,977492.0,479699.0,5.78,0.72,2021-03-26 02:00:00
2021-03-27,3,2021,0.0,6.5,5.47,0.5,11.63,880796.0,408614.0,6.47,0.0,2021-03-27 02:00:00
2021-03-28,3,2021,4.4,6.3,4.77,1.4,21.16,869122.0,496377.0,1.91,69.48,2021-03-28 02:00:00
2021-03-29,3,2021,1.9,6.3,4.83,2.2,19.92,825939.0,462197.0,4.42,29.61,2021-03-29 02:00:00
2021-03-30,3,2021,7.8,6.5,5.43,0.9,34.3,909411.0,434145.0,-1.32,120.25,2021-03-30 02:00:00
2021-03-31,3,2021,0.0,6.5,4.21,0.0,11.48,779736.0,473365.0,6.51,0.0,2021-03-31 02:00:00
2021-04-01,3,2021,0.6,6.6,5.51,0.2,16.11,791564.0,479579.0,6.0,9.2,2021-04-01 02:00:00
2021-04-02,3,2021,1.3,5.8,5.55,0.0,17.98,638550.0,503682.0,1.19,136.22,2021-04-02 02:00:00
2021-04-03,3,2021,2.5,6.8,5.25,0.2,19.39,629939.0,473568.0,4.28,37.17,2021-04-03 02:00:00
2021-04-04,3,2021,0.5,6.7,5.21,1.9,10.29,524432.0,513671.0,6.21,7.5,2021-04-04 02:00:00
2021-04-05,3,2021,2.0,6.5,4.93,0.6,18.05,511173.0,508244.0,4.54,30.42,2021-04-05 02:00:00
2021-04-06,3,2021,0.2,6.4,5.13,0.4,8.23,410067.0,508300.0,6.11,3.82,2021-04-06 02:00:00
2021-04-07,3,2021,0.9,6.7,5.84,0.8,6.48,420704.0,482548.0,5.76,13.76,2021-04-07 02:00:00
2021-04-08,3,2021,0.4,6.1,5.34,0.0,5.84,465547.0,513080.0,5.72,6.71,2021-04-08 02:00:00
2021-04-09,3,2021,0.6,6.0,5.57,0.6,11.33,327292.0,521051.0,5.44,9.21,2021-04-09 02:00:00
2021-04-10,3,2021,5.1,6.9,5.54,1.7,29.17,273095.0,488634.0,1.78,74.3,2021-04-10 02:00:00
2021-04-11,3,2021,3.4,6.7,4.72,1.3,23.6,308457.0,501110.0,3.32,50.75,2021-04-11 02:00:00
2021-04-12,3,2021,1.7,6.6,5.84,1.1,14.38,198946.0,496735.0,4.92,25.37,2021-04-12 02:00:00
2021-04-13,3,2021,5.4,6.5,5.04,1.7,25.25,195230.0,542678.0,1.09,83.22,2021-04-13 02:00:00
2021-04-14,3,2021,0.7,6.5,5.46,1.3,14.11,134625.0,437620.0,5.85,10.23,2021-04-14 02:00:00
2021-04-15,3,2021,0.3,7.1,4.97,0.2,13.84,0.0,539599.0,6.85,4.09,2021-04-15 02:00:00
2021-04-16,3,2021,3.1,6.1,5.45,0.6,27.62,0.0,501015.0,3.04,50.49,2021-04-16 02:00:00
2021-04-17,3,2021,1.9,6.6,4.99,0.6,14.13,0.0,555581.0,4.75,28.41,2021-04-17 02:00:00
2021-04-18,3,2021,0.1,6.7,5.93,0.0,9.23,0.0,486077.0,6.54,1.85,2021-04-18 02:00:00
2021-04-19,3,2021,0.0,6.3,5.49,0.1,6.54,0.0,527272.0,6.34,0.0,2021-04-19 02:00:00
2021-04-20,3,2021,0.0,6.5,5.52,1.1,8.75,0.0,546219.0,1.93,140.85,2021-04-20 02:00:00
2021-04-21,3,2021,0.1,6.7,4.48,0.0,11.0,0.0,570686.0,6.67,0.84,2021-04-21 02:00:00
2021-04-22,3,2021,2.5,6.9,5.61,0.0,18.89,0.0,565885.0,2.83,81.27,2021-04-22 02:00:00
2021-04-23,3,2021,2.5,6.3,5.07,0.0,16.24,0.0,596559.0,3.77,40.14,2021-04-23 02:00:00
2021-04-24,3,2021,11.5,6.7,4.81,0.0,35.71,0.0,561968.0,-4.82,172.42,2021-04-24 02:00:00
2021-04-25,3,2021,0.0,7.3,4.44,0.0,12.63,0.0,579428.0,7.29,0.0,2021-04-25 02:00:00
2021-04-26,3,2021,7.5,6.9,5.56,1.6,30.09,0.0,525244.0,-0.64,109.25,2021-04-26 02:00:00
2021-04-27,3,2021,0.2,6.8,5.57,1.0,12.13,0.0,553437.0,6.61,2.94,2021-04-27 02:00:00
2021-04-28,3,2021,3.9,7.1,5.13,1.8,17.3,0.0,570618.0,3.17,55.26,2021-04-28 02:00:00
2021-04-29,3,2021,0.3,6.6,5.66,1.1,9.72,0.0,545665.0,6.29,4.42,2021-04-29 02:00:00
2021-04-30,3,2021,0.0,6.7,4.55,0.0,7.53,0.0,580838.0,6.67,0.0,2021-04-30 02:00:00
2021-05-01,3,2021,0.1,6.6,5.59,0.0,12.93,0.0,542470.0,6.53,1.52,2021-05-01 02:00:00
2021-05-02,3,2021,0.9,6.7,5.08,0.0,14.93,0.0,612860.0,1.58,139.47,2021-05-02 02:00:00
2021-05-03,3,2021,0.3,6.2,5.52,0.5,10.07,0.0,623437.0,5.9,4.13,2021-05-03 02:00:00
2021-05-04,3,2021,5.4,6.7,5.78,2.2,20.71,0.0,585488.0,1.28,80.95,2021-05-04 02:00:00
2021-05-05,3,2021,0.3,7.1,5.1,0.0,8.01,0.0,571301.0,6.8,3.63,2021-05-05 02:00:00
2021-05-06,3,2021,2.1,6.8,5.26,1.9,16.19,0.0,663779.0,-0.08,170.78,2021-05-06 02:00:00
2021-05-07,3,2021,0.0,6.6,5.4,0.0,10.71,0.0,626221.0,6.64,0.0,2021-05-07 02:00:00
2021-05-08,3,2021,1.8,6.8,5.22,0.5,12.34,0.0,657467.0,5.02,26.12,2021-05-08 02:00:00
2021-05-09,3,2021,2.6,6.2,5.93,0.0,12.65,0.0,654529.0,1.19,119.65,2021-05-09 02:00:00
2021-05-10,3,2021,2.1,6.7,5.19,0.1,18.03,0.0,687881.0,4.61,31.03,2021-05-10 02:00:00
2021-05-11,3,2021,0.0,7.0,5.99,0.0,15.83,0.0,697291.0,6.97,0.0,2021-05-11 02:00:00
2021-05-12,3,2021,9.3,6.9,5.72,2.7,35.04,0.0,664762.0,-2.36,133.96,2021-05-12 02:00:00
2021-05-13,3,2021,1.0,6.3,4.91,0.5,17.1,0.0,708701.0,5.34,15.69,2021-05-13 02:00:00
2021-05-14,3,2021,0.9,6.6,5.58,0.0,8.16,0.0,688216.0,5.69,13.17,2021-05-14 02:00:00
2021-05-15,3,2021,22.9,6.7,5.08,3.4,68.05,0.0,677468.0,-16.17,250.0,2021-05-15 02:00:00
2021-05-16,3,2021,1.2,6.8,6.04,0.0,13.54,0.0,677786.0,5.63,17.59,2021-05-16 02:00:00
2021-05-17,3,2021,1.9,6.6,5.6,0.0,15.94,0.0,647148.0,4.67,29.09,2021-05-17 02:00:00
2021-05-18,3,2021,0.9,6.8,5.89,0.7,10.33,0.0,658723.0,5.97,12.72,2021-05-18 02:00:00
2021-05-19,3,2021,0.5,6.7,4.99,1.3,14.55,0.0,662294.0,6.19,7.09,2021-05-19 02:00:00
2021-05-20,3,2021,0.0,6.5,5.44,0.3,6.95,0.0,690981.0,6.5,0.0,2021-05-20 02:00:00
2021-05-21,3,2021,6.6,6.8,5.29,0.2,32.37,0.0,685621.0,0.27,96.11,2021-05-21 02:00:00
2021-05-22,3,2021,0.8,6.5,5.53,0.2,14.0,0.0,672545.0,3.24,88.41,2021-05-22 02:00:00
2021-05-23,3,2021,1.2,6.5,5.67,0.1,14.42,0.0,690117.0,5.36,18.06,2021-05-23 02:00:00
2021-05-24,3,2021,1.6,6.8,4.95,0.0,15.47,0.0,678098.0,5.21,23.65,2021-05-24 02:00:00
2021-05-25,3,2021,1.7,6.7,6.06,0.0,12.3,0.0,690396.0,5.01,24.77,2021-05-25 02:00:00
2021-05-26,3,2021,1.1,6.5,5.45,0.5,10.5,0.0,692696.0,5.36,17.55,2021-05-26 02:00:00
2021-05-27,3,2021,1.2,6.2,5.59,0.0,16.05,0.0,728635.0,5.02,18.97,2021-05-27 02:00:00
2021-05-28,3,2021,2.8,6.3,5.03,0.7,16.75,0.0,727872.0,3.57,43.54,2021-05-28 02:00:00
2021-05-29,3,2021,2.3,6.3,5.33,0.7,14.19,0.0,643663.0,4.05,35.89,2021-05-29 02:00:00
2021-05-30,3,2021,3.2,6.6,6.08,0.6,14.42,0.0,675938.0,3.45,48.06,2021-05-30 02:00:00
2021-05-31,3,2021,0.6,6.8,4.56,0.8,11.14,0.0,710830.0,6.12,9.43,2021-05-31 02:00:00
2021-06-01,3,2021,5.5,6.2,5.33,0.0,20.78,0.0,653056.0,0.69,88.91,2021-06-01 02:00:00
2021-06-02,3,2021,0.9,7.8,5.74,0.0,12.37,0.0,683403.0,6.86,12.07,2021-06-02 02:00:00
2021-06-03,3,2021,0.2,7.0,5.6,1.0,11.38,0.0,715746.0,6.8,2.37,2021-06-03 02:00:00
2021-06-04,3,2021,0.0,7.1,5.28,0.0,10.28,0.0,726226.0,7.09,0.0,2021-06-04 02:00:00
2021-06-05,3,2021,0.0,6.8,5.64,0.0,10.92,0.0,690732.0,6.84,0.0,2021-06-05 02:00:00
2021-06-06,3,2021,0.4,6.9,4.79,1.0,8.98,0.0,727432.0,6.49,5.53,2021-06-06 02:00:00
2021-06-07,3,2021,0.3,6.3,5.78,0.0,10.89,0.0,689291.0,6.05,4.18,2021-06-07 02:00:00
2021-06-08,3,2021,1.8,6.5,5.23,0.0,8.48,0.0,680351.0,4.75,27.47,2021-06-08 02:00:00
2021-06-09,3,2021,0.0,6.5,5.7,0.0,12.65,0.0,689559.0,6.48,0.0,2021-06-09 02:00:00
2021-06-10,3,2021,9.9,6.6,4.36,1.1,35.69,0.0,699484.0,-3.29,149.67,2021-06-10 02:00:00
2021-06-11,3,2021,0.7,6.6,5.14,0.1,14.87,0.0,693520.0,5.97,10.21,2021-06-11 02:00:00
2021-06-12,3,2021,1.1,6.4,5.88,0.0,11.69,0.0,679355.0,5.35,16.79,2021-06-12 02:00:00
2021-06-13,3,2021,5.3,6.7,5.21,1.3,25.4,0.0,718281.0,1.37,79.42,2021-06-13 02:00:00
2021-06-14,3,2021,0.5,6.9,6.16,0.0,13.66,0.0,739721.0,6.41,7.58,2021-06-14 02:00:00
2021-06-15,3,2021,1.4,6.3,5.52,1.2,14.67,0.0,711138.0,4.95,21.95,2021-06-15 02:00:00
2021-06-16,3,2021,0.7,6.8,5.3,1.1,14.13,0.0,684815.0,6.1,9.79,2021-06-16 02:00:00
2021-06-17,3,2021,1.4,6.7,5.0,0.1,7.61,0.0,683527.0,5.33,20.51,2021-06-17 02:00:00
2021-06-18,3,2021,3.6,6.8,5.08,0.8,16.53,0.0,697246.0,3.19,53.19,2021-06-18 02:00:00
2021-06-19,3,2021,0.0,6.3,5.31,0.7,11.83,0.0,711518.0,6.32,0.0,2021-06-19 02:00:00
2021-06-20,3,2021,0.2,7.4,5.18,0.3,6.43,0.0,689645.0,7.2,2.25,2021-06-20 02:00:00
2021-06-21,3,2021,0.9,6.6,5.2,0.1,11.73,0.0,676798.0,5.75,13.07,2021-06-21 02:00:00
2021-06-22,3,2021,1.7,7.4,5.51,0.0,11.12,0.0,752222.0,1.82,127.83,2021-06-22 02:00:00
2021-06-23,3,2021,1.0,6.6,6.06,0.0,12.91,0.0,758916.0,3.98,64.61,2021-06-23 02:00:00
2021-06-24,3,2021,0.0,7.3,4.82,1.7,10.98,0.0,752551.0,7.3,0.0,2021-06-24 02:00:00
2021-06-25,3,2021,2.5,6.8,5.79,1.5,21.95,0.0,755413.0,4.26,37.02,2021-06-25 02:00:00
2021-06-26,3,2021,0.0,6.7,5.61,0.9,4.82,0.0,785269.0,4.2,74.65,2021-06-26 02:00:00
2021-06-27,3,2021,2.9,6.7,5.42,0.5,16.66,0.0,795246.0,3.78,43.6,2021-06-27 02:00:00
2021-06-28,3,2021,1.4,6.7,4.76,0.3,17.55,0.0,790084.0,5.35,20.59,2021-06-28 02:00:00
2021-06-29,3,2021,1.0,7.1,5.46,0.3,8.26,0.0,803279.0,6.09,14.11,2021-06-29 02:00:00
2021-06-30,3,2021,14.1,6.9,5.69,2.3,45.8,0.0,768788.0,-7.26,205.86,2021-06-30 02:00:00
2021-07-01,3,2021,0.0,7.5,5.19,0.2,5.77,0.0,771770.0,7.49,0.0,2021-07-01 02:00:00
2021-07-02,3,2021,0.0,6.8,5.32,0.2,11.28,0.0,790992.0,6.79,0.0,2021-07-02 02:00:00
2021-07-03,3,2021,0.5,6.8,5.51,0.8,8.54,0.0,778078.0,6.38,6.84,2021-07-03 02:00:00
2021-07-04,3,2021,2.8,7.2,6.43,0.0,19.8,0.0,789855.0,4.4,38.77,2021-07-04 02:00:00
2021-07-05,3,2021,0.5,6.9,5.98,0.3,12.13,0.0,794453.0,6.34,7.9,2021-07-05 02:00:00
2021-07-06,3,2021,0.0,7.2,4.99,0.5,14.86,0.0,759561.0,7.24,0.0,2021-07-06 02:00:00
2021-07-07,3,2021,0.8,6.7,5.04,0.0,10.79,0.0,791331.0,5.86,12.57,2021-07-07 02:00:00
2021-07-08,3,2021,6.8,7.0,5.69,0.6,29.53,0.0,793771.0,0.29,95.9,2021-07-08 02:00:00
2021-07-09,3,2021,0.0,7.0,5.77,0.1,6.28,0.0,789021.0,7.04,0.0,2021-07-09 02:00:00
2021-07-10,3,2021,2.7,6.5,6.24,0.0,17.98,0.0,787559.0,3.87,40.66,2021-07-10 02:00:00
2021-07-11,3,2021,0.0,6.8,6.2,0.0,10.91,0.0,789479.0,6.82,0.0,2021-07-11 02:00:00
2021-07-12,3,2021,5.6,6.7,4.93,0.7,26.5,0.0,748591.0,1.14,82.98,2021-07-12 02:00:00
2021-07-13,3,2021,6.3,7.7,5.32,1.1,23.87,0.0,793174.0,1.36,82.3,2021-07-13 02:00:00
2021-07-14,3,2021,0.0,7.0,5.62,0.6,10.77,0.0,844441.0,2.87,117.57,2021-07-14 02:00:00
2021-07-15,3,2021,1.3,7.1,6.79,0.0,16.8,0.0,847130.0,5.81,18.43,2021-07-15 02:00:00
2021-07-16,3,2021,1.2,6.9,5.69,1.0,21.52,0.0,830094.0,5.74,16.73,2021-07-16 02:00:00
2021-07-17,3,2021,0.2,6.5,6.04,1.2,13.55,0.0,805965.0,6.29,3.73,2021-07-17 02:00:00
2021-07-18,3,2021,1.0,7.2,5.0,0.0,14.42,0.0,819535.0,6.17,13.95,2021-07-18 02:00:00
2021-07-19,3,2021,1.6,7.0,6.16,0.3,10.13,0.0,826673.0,5.4,22.62,2021-07-19 02:00:00
2021-07-20,3,2021,0.3,7.4,5.7,1.4,10.64,0.0,849217.0,7.09,4.62,2021-07-20 02:00:00
2021-07-21,3,2021,1.6,7.2,5.61,0.0,19.43,0.0,833195.0,5.57,22.09,2021-07-21 02:00:00
2021-07-22,3,2021,1.5,6.6,5.89,1.6,11.46,0.0,850015.0,5.1,22.4,2021-07-22 02:00:00
2021-07-23,3,2021,1.3,6.7,5.37,0.0,13.14,0.0,822248.0,5.39,19.44,2021-07-23 02:00:00
2021-07-24,3,2021,1.5,7.0,6.03,0.0,12.67,0.0,903427.0,0.9,153.47,2021-07-24 02:00:00
2021-07-25,3,2021,0.6,6.9,5.72,0.1,3.62,0.0,882883.0,6.25,9.34,2021-07-25 02:00:00
2021-07-26,3,2021,3.3,7.0,5.5,0.5,21.47,0.0,874394.0,3.66,47.71,2021-07-26 02:00:00
2021-07-27,3,2021,1.3,6.8,6.27,1.6,18.98,0.0,859148.0,5.47,19.44,2021-07-27 02:00:00
2021-07-28,3,2021,6.5,6.8,5.79,2.7,26.05,0.0,895373.0,0.26,96.18,2021-07-28 02:00:00
2021-07-29,3,2021,3.0,7.4,6.31,0.2,14.04,0.0,883586.0,4.43,40.01,2021-07-29 02:00:00
2021-07-30,3,2021,0.6,7.1,5.82,1.4,12.79,0.0,879820.0,6.54,8.22,2021-07-30 02:00:00
2021-07-31,3,2021,0.0,7.3,6.11,0.1,14.35,0.0,882713.0,7.3,0.0,2021-07-31 02:00:00
2021-08-01,3,2021,0.2,6.8,4.78,0.0,6.24,0.0,864476.0,6.61,3.08,2021-08-01 02:00:00
2021-08-02,3,2021,0.1,7.2,6.13,0.0,9.11,0.0,882140.0,7.14,0.79,2021-08-02 02:00:00
2021-08-03,3,2021,0.1,7.4,5.28,0.0,10.31,0.0,871884.0,7.32,0.88,2021-08-03 02:00:00
2021-08-04,3,2021,1.1,6.9,5.51,0.5,13.22,0.0,850521.0,3.93,70.67,2021-08-04 02:00:00
2021-08-05,3,2021,0.5,7.0,5.55,0.2,8.63,0.0,892861.0,6.57,6.79,2021-08-05 02:00:00
2021-08-06,3,2021,3.9,6.9,6.13,1.1,17.45,0.0,888399.0,3.08,55.71,2021-08-06 02:00:00
2021-08-07,3,2021,7.5,7.5,5.26,0.4,28.62,0.0,907700.0,0.0,99.98,2021-08-07 02:00:00
2021-08-08,3,2021,0.3,7.4,6.22,0.0,11.11,0.0,894247.0,7.09,3.81,2021-08-08 02:00:00
2021-08-09,3,2021,5.7,7.5,5.55,0.7,22.37,0.0,912303.0,-1.36,159.89,2021-08-09 02:00:00
2021-08-10,3,2021,2.2,7.0,5.25,0.6,12.15,0.0,934163.0,4.8,31.43,2021-08-10 02:00:00
2021-08-11,3,2021,2.3,7.1,6.06,0.0,17.32,0.0,899286.0,4.77,32.77,2021-08-11 02:00:00
2021-08-12,3,2021,0.0,6.9,5.87,1.2,10.78,0.0,902060.0,6.91,0.0,2021-08-12 02:00:00
2021-08-13,3,2021,4.3,7.5,5.67,1.6,22.34,0.0,906000.0,3.23,57.06,2021-08-13 02:00:00
2021-08-14,3,2021,0.5,7.1,5.69,0.0,13.06,0.0,940281.0,2.96,109.94,2021-08-14 02:00:00
2021-08-15,3,2021,0.6,6.9,5.4,0.0,6.43,0.0,982249.0,6.31,8.96,2021-08-15 02:00:00
2021-08-16,3,2021,0.0,7.5,5.58,0.0,7.99,0.0,956752.0,7.46,0.0,2021-08-16 02:00:00
2021-08-17,3,2021,1.0,6.9,5.78,1.5,15.77,0.0,983142.0,5.89,14.25,2021-08-17 02:00:00
2021-08-18,3,2021,1.2,7.1,6.46,0.0,10.7,0.0,987608.0,5.9,17.39,2021-08-18 02:00:00
2021-08-19,3,2021,0.3,7.4,5.05,0.9,8.5,0.0,963477.0,7.03,4.65,2021-08-19 02:00:00
2021-08-20,3,2021,0.5,7.3,5.88,0.7,19.57,0.0,974073.0,6.75,7.09,2021-08-20 02:00:00
2021-08-21,3,2021,1.1,7.0,5.94,2.0,12.82,0.0,953115.0,5.94,15.64,2021-08-21 02:00:00
2021-08-22,3,2021,3.5,7.0,5.81,1.4,16.91,0.0,958917.0,3.59,49.08,2021-08-22 02:00:00
2021-08-23,3,2021,0.0,7.3,6.71,1.1,15.85,0.0,957959.0,7.25,0.0,2021-08-23 02:00:00
2021-08-24,3,2021,0.0,7.5,5.76,1.0,10.97,0.0,973330.0,7.52,0.0,2021-08-24 02:00:00
2021-08-25,3,2021,3.7,7.9,5.52,0.9,18.61,0.0,997917.0,4.13,47.5,2021-08-25 02:00:00
2021-08-26,3,2021,1.6,7.5,5.68,0.0,12.61,0.0,950873.0,5.9,21.84,2021-08-26 02:00:00
2021-08-27,3,2021,0.0,7.1,5.69,2.0,7.37,0.0,980058.0,7.06,0.0,2021-08-27 02:00:00
2021-08-28,3,2021,0.0,7.3,6.34,0.0,12.88,0.0,925748.0,7.26,0.0,2021-08-28 02:00:00
2021-08-29,3,2021,6.8,7.1,5.87,1.6,25.06,0.0,954738.0,0.28,96.1,2021-08-29 02:00:00
2021-08-30,3,2021,0.3,7.4,6.55,0.2,14.09,0.0,955872.0,7.09,4.03,2021-08-30 02:00:00
2021-08-31,3,2021,0.8,7.1,6.92,0.0,10.93,0.0,1011773.0,2.03,131.23,2021-08-31 02:00:00
2021-09-01,3,2021,0.0,6.8,6.23,0.2,9.03,0.0,1012224.0,6.82,0.0,2021-09-01 02:00:00
2021-09-02,3,2021,3.3,7.5,5.64,1.2,15.23,0.0,1021733.0,4.24,43.44,2021-09-02 02:00:00
2021-09-03,3,2021,12.3,7.0,5.72,3.8,39.24,0.0,1034008.0,-5.26,175.12,2021-09-03 02:00:00
2021-09-04,3,2021,3.1,7.2,5.2,0.0,20.93,0.0,1012230.0,4.08,42.95,2021-09-04 02:00:00
2021-09-05,3,2021,0.8,7.0,5.72,0.0,16.44,0.0,1016219.0,6.17,12.03,2021-09-05 02:00:00
2021-09-06,3,2021,1.0,7.0,5.58,0.2,16.55,0.0,1017471.0,5.94,14.98,2021-09-06 02:00:00
2021-09-07,3,2021,0.0,7.3,5.99,0.7,10.32,0.0,1001793.0,7.32,0.0,2021-09-07 02:00:00
2021-09-08,3,2021,5.6,6.9,5.44,0.3,27.41,0.0,1010012.0,1.36,80.31,2021-09-08 02:00:00
2021-09-09,3,2021,2.2,7.3,6.4,1.0,17.74,0.0,1023646.0,2.34,106.07,2021-09-09 02:00:00
2021-09-10,3,2021,2.6,7.0,5.47,1.6,14.58,0.0,1024788.0,4.35,37.84,2021-09-10 02:00:00
2021-09-11,3,2021,0.3,7.5,5.88,0.3,10.76,0.0,1026956.0,7.24,3.82,2021-09-11 02:00:00
2021-09-12,3,2021,2.7,8.0,6.41,0.5,14.55,0.0,1045493.0,5.21,34.53,2021-09-12 02:00:00
2021-09-13,3,2021,0.0,7.8,6.14,0.8,13.74,0.0,1044346.0,7.79,0.0,2021-09-13 02:00:00
2021-09-14,3,2021,0.0,7.5,6.02,0.5,6.42,0.0,1003247.0,7.47,0.0,2021-09-14 02:00:00
2021-09-15,3,2021,2.7,7.1,5.6,0.5,15.26,0.0,1021784.0,4.39,38.42,2021-09-15 02:00:00
2021-09-16,3,2021,0.0,7.6,5.52,0.0,6.56,0.0,1015776.0,7.57,0.0,2021-09-16 02:00:00
2021-09-17,3,2021,1.9,6.8,5.89,0.4,19.68,0.0,1043332.0,4.86,28.07,2021-09-17 02:00:00
2021-09-18,3,2021,3.6,7.4,6.1,0.9,13.33,0.0,1038381.0,3.87,47.96,2021-09-18 02:00:00
2021-09-19,3,2021,0.0,6.7,6.26,1.1,12.5,0.0,1045270.0,6.67,0.0,2021-09-19 02:00:00
2021-09-20,3,2021,2.5,7.2,5.43,0.5,18.98,0.0,1029695.0,4.73,34.67,2021-09-20 02:00:00
2021-09-21,3,2021,0.0,7.2,5.28,0.9,9.96,0.0,1063003.0,4.78,66.89,2021-09-21 02:00:00
2021-09-22,3,2021,0.0,7.2,5.61,0.7,10.19,0.0,1048220.0,7.16,0.0,2021-09-22 02:00:00
2021-09-23,3,2021,0.6,7.8,6.41,0.9,11.56,0.0,1078740.0,7.11,8.37,2021-09-23 02:00:00
2021-09-24,3,2021,0.7,7.2,5.99,0.4,15.37,0.0,1050707.0,6.47,10.34,2021-09-24 02:00:00
2021-09-25,3,2021,2.6,7.4,5.99,0.1,14.67,0.0,1028447.0,2.94,85.06,2021-09-25 02:00:00
2021-09-26,3,2021,0.7,6.8,4.99,0.7,11.53,0.0,1081194.0,2.8,108.13,2021-09-26 02:00:00
2021-09-27,3,2021,2.3,7.9,6.45,0.8,17.57,0.0,1074945.0,5.63,28.62,2021-09-27 02:00:00
2021-09-28,3,2021,1.2,6.8,4.98,0.3,7.84,0.0,1099528.0,4.29,55.81,2021-09-28 02:00:00
2021-09-29,3,2021,1.2,7.2,5.63,0.3,15.61,0.0,1103683.0,5.96,16.91,2021-09-29 02:00:00
2021-09-30,3,2021,0.0,6.8,6.38,0.7,5.84,0.0,1096912.0,6.83,0.0,2021-09-30 02:00:00
2021-10-01,3,2021,0.2,7.3,5.47,0.2,6.28,0.0,1130398.0,7.12,2.51,2021-10-01 02:00:00
2021-10-02,3,2021,1.5,6.9,6.44,1.5,10.73,0.0,1125739.0,5.41,22.03,2021-10-02 02:00:00
2021-10-03,3,2021,0.3,7.4,6.15,0.0,8.75,0.0,1098338.0,7.13,3.66,2021-10-03 02:00:00
2021-10-04,3,2021,6.5,7.7,6.99,0.7,27.72,0.0,1105044.0,1.17,84.78,2021-10-04 02:00:00
2021-10-05,3,2021,1.0,8.0,5.87,0.0,9.76,0.0,1149738.0,6.98,12.64,2021-10-05 02:00:00
2021-10-06,3,2021,1.8,7.7,6.22,0.0,12.66,0.0,1120415.0,5.82,24.09,2021-10-06 02:00:00
2021-10-07,3,2021,0.0,7.8,5.95,0.0,12.94,0.0,1101592.0,7.77,0.0,2021-10-07 02:00:00
2021-10-08,3,2021,3.0,7.4,6.63,0.5,15.98,0.0,1120426.0,4.37,41.01,2021-10-08 02:00:00
2021-10-09,3,2021,0.1,7.8,6.02,0.0,9.13,0.0,1159530.0,7.61,1.91,2021-10-09 02:00:00
2021-10-10,3,2021,0.0,7.0,6.11,0.0,18.19,0.0,1107842.0,7.03,0.0,2021-10-10 02:00:00
2021-10-11,3,2021,0.6,7.4,6.49,0.7,13.0,0.0,1140352.0,6.81,7.82,2021-10-11 02:00:00
2021-10-12,3,2021,0.0,7.5,6.54,0.8,9.42,0.0,1108604.0,7.52,0.0,2021-10-12 02:00:00
2021-10-13,3,2021,0.8,7.3,5.05,0.7,7.62,0.0,1083336.0,6.52,10.7,2021-10-13 02:00:00
2021-10-14,3,2021,3.0,7.7,5.8,1.3,20.07,0.0,1091508.0,4.77,38.35,2021-10-14 02:00:00
2021-10-15,3,2021,0.0,7.1,5.5,0.0,13.41,0.0,1142684.0,7.11,0.0,2021-10-15 02:00:00
2021-10-16,3,2021,0.7,7.2,5.27,0.0,9.88,0.0,1128380.0,6.44,10.33,2021-10-16 02:00:00
2021-10-17,3,2021,0.9,7.1,5.95,1.4,17.08,0.0,1145050.0,6.17,13.12,2021-10-17 02:00:00
2021-10-18,3,2021,3.0,6.9,5.65,0.7,15.35,0.0,1139248.0,3.84,44.07,2021-10-18 02:00:00
2021-10-19,3,2021,0.5,7.6,5.93,0.0,11.34,0.0,1122914.0,7.14,6.47,2021-10-19 02:00:00
2021-10-20,3,2021,0.0,7.7,5.94,0.0,11.25,0.0,1136151.0,7.68,0.0,2021-10-20 02:00:00
2021-10-21,3,2021,0.2,7.5,6.03,0.0,8.51,0.0,1079265.0,7.26,2.85,2021-10-21 02:00:00
2021-10-22,3,2021,2.2,7.2,6.09,0.3,20.47,0.0,1130577.0,5.06,30.23,2021-10-22 02:00:00
2021-10-23,3,2021,1.6,7.4,6.56,0.2,17.15,0.0,1121650.0,5.8,21.32,2021-10-23 02:00:00
2021-10-24,3,2021,0.0,7.1,5.78,0.5,14.22,0.0,1137188.0,3.91,89.2,2021-10-24 02:00:00
2021-10-25,3,2021,2.0,7.4,6.67,0.5,16.88,0.0,1170133.0,5.41,26.68,2021-10-25 02:00:00
2021-10-26,3,2021,2.8,7.4,6.19,0.8,15.96,0.0,1157830.0,4.63,37.72,2021-10-26 02:00:00
2021-10-27,3,2021,1.2,7.3,5.94,0.0,13.42,0.0,1136191.0,6.19,15.83,2021-10-27 02:00:00
2021-10-28,3,2021,3.4,7.5,5.89,0.0,18.98,0.0,1126065.0,4.14,44.77,2021-10-28 02:00:00
2021-10-29,3,2021,0.0,7.1,5.84,0.0,10.37,0.0,1137861.0,7.08,0.0,2021-10-29 02:00:00
2021-10-30,3,2021,0.0,7.3,5.87,1.0,7.0,0.0,1160596.0,7.31,0.0,2021-10-30 02:00:00
2021-10-31,3,2021,0.0,7.3,6.09,1.1,11.83,0.0,1127579.0,7.28,0.0,2021-10-31 02:00:00
2021-11-01,3,2021,1.1,7.5,6.34,0.0,13.73,0.0,1169311.0,6.39,14.4,2021-11-01 02:00:00
2021-11-02,3,2021,1.3,7.3,6.52,0.5,13.37,0.0,1132547.0,6.01,18.1,2021-11-02 02:00:00
2021-11-03,3,2021,1.9,7.2,6.35,0.1,17.13,0.0,1109285.0,5.31,26.5,2021-11-03 02:00:00
2021-11-04,3,2021,0.2,7.8,5.32,0.0,15.04,0.0,1108900.0,7.63,2.07,2021-11-04 02:00:00
2021-11-05,3,2021,0.3,7.0,5.59,0.0,15.95,0.0,1173771.0,6.68,4.91,2021-11-05 02:00:00
2021-11-06,3,2021,1.9,7.1,5.87,0.4,18.83,0.0,1148888.0,5.25,26.6,2021-11-06 02:00:00
2021-11-07,3,2021,1.2,7.6,6.11,0.0,14.22,0.0,1138224.0,6.43,15.27,2021-11-07 02:00:00
2021-11-08,3,2021,0.0,7.4,5.53,0.0,11.63,0.0,1145348.0,7.44,0.0,2021-11-08 02:00:00
2021-11-09,3,2021,0.0,8.1,5.52,1.0,10.38,0.0,1112763.0,8.07,0.0,2021-11-09 02:00:00
2021-11-10,3,2021,0.2,7.9,5.81,1.6,10.49,0.0,1149222.0,7.75,2.54,2021-11-10 02:00:00
2021-11-11,3,2021,0.5,7.7,6.01,0.0,7.62,0.0,1172049.0,7.14,6.72,2021-11-11 02:00:00
2021-11-12,3,2021,4.3,7.2,6.04,0.8,24.15,0.0,1196202.0,2.85,60.34,2021-11-12 02:00:00
2021-11-13,3,2021,2.2,7.0,5.86,1.0,15.67,0.0,1157281.0,4.73,32.17,2021-11-13 02:00:00
2021-11-14,3,2021,1.9,7.7,6.6,0.2,15.15,0.0,1148782.0,5.77,24.81,2021-11-14 02:00:00
2021-11-15,3,2021,0.0,7.6,5.91,0.0,12.63,0.0,1117946.0,7.62,0.0,2021-11-15 02:00:00
2021-11-16,3,2021,1.6,7.6,6.64,1.3,12.94,0.0,1119509.0,6.02,21.25,2021-11-16 02:00:00
2021-11-17,3,2021,2.2,7.6,5.79,0.0,15.55,0.0,1175040.0,1.78,123.56,2021-11-17 02:00:00
2021-11-18,3,2021,2.5,7.9,5.71,1.1,14.09,0.0,1172693.0,5.32,32.4,2021-11-18 02:00:00
2021-11-19,3,2021,0.1,7.1,5.6,0.6,17.02,0.0,1169828.0,6.99,1.69,2021-11-19 02:00:00
2021-11-20,3,2021,0.1,7.2,5.74,0.0,3.51,0.0,1200364.0,7.0,2.06,2021-11-20 02:00:00
2021-11-21,3,2021,1.3,7.6,5.33,0.6,10.0,0.0,1186317.0,6.34,16.91,2021-11-21 02:00:00
2021-11-22,3,2021,0.0,7.6,5.96,0.5,17.29,0.0,1192277.0,7.64,0.0,2021-11-22 02:00:00
2021-11-23,3,2021,1.6,7.6,6.01,0.3,9.5,0.0,1163169.0,6.02,21.14,2021-11-23 02:00:00
2021-11-24,3,2021,0.7,8.1,5.72,0.8,6.43,0.0,1147704.0,7.45,8.14,2021-11-24 02:00:00
2021-11-25,3,2021,1.2,7.4,5.75,0.0,7.73,0.0,1185485.0,6.2,16.6,2021-11-25 02:00:00
2021-11-26,3,2021,1.3,7.2,6.13,0.7,11.74,0.0,1171827.0,5.92,17.7,2021-11-26 02:00:00
2021-11-27,3,2021,1.2,7.5,5.56,0.0,9.86,0.0,1159467.0,6.28,16.51,2021-11-27 02:00:00
2021-11-28,3,2021,0.0,7.8,6.32,0.4,7.08,0.0,1232035.0,3.95,98.8,2021-11-28 02:00:00
2021-11-29,3,2021,0.0,7.6,5.51,0.0,6.94,0.0,1178201.0,7.56,0.0,2021-11-29 02:00:00
2021-11-30,3,2021,0.0,7.2,5.86,0.5,14.54,0.0,1280563.0,2.39,133.87,2021-11-30 02:00:00
2021-12-01,3,2021,0.3,7.6,6.04,0.0,13.79,0.0,1281069.0,7.23,4.59,2021-12-01 02:00:00
2021-12-02,3,2021,0.2,8.1,6.41,0.0,14.47,0.0,1285253.0,7.89,2.26,2021-12-02 02:00:00
2021-12-03,3,2021,0.1,7.5,5.47,0.0,9.56,0.0,1285856.0,7.42,0.67,2021-12-03 02:00:00
2021-12-04,3,2021,0.3,7.3,6.19,0.2,9.8,0.0,1274966.0,7.01,4.34,2021-12-04 02:00:00
2021-12-05,3,2021,0.3,7.0,5.94,0.0,11.29,0.0,1246673.0,4.75,60.9,2021-12-05 02:00:00
2021-12-06,3,2021,7.3,7.5,6.66,1.6,27.22,0.0,1283437.0,0.15,98.03,2021-12-06 02:00:00
2021-12-07,3,2021,6.9,7.6,6.85,1.8,29.3,0.0,1273939.0,0.76,90.06,2021-12-07 02:00:00
2021-12-08,3,2021,6.0,7.9,6.62,0.2,27.67,0.0,1298700.0,1.94,75.53,2021-12-08 02:00:00
2021-12-09,3,2021,1.0,8.4,5.4,0.6,13.5,0.0,1313790.0,7.47,11.49,2021-12-09 02:00:00
2021-12-10,3,2021,0.0,7.5,6.03,1.8,10.58,0.0,1285882.0,7.54,0.0,2021-12-10 02:00:00
2021-12-11,3,2021,2.6,7.8,5.89,1.1,16.92,0.0,1277785.0,5.12,33.97,2021-12-11 02:00:00
2021-12-12,3,2021,0.0,7.8,6.17,0.3,8.17,0.0,1277093.0,7.83,0.0,2021-12-12 02:00:00
2021-12-13,3,2021,1.4,7.6,5.88,1.4,14.99,0.0,1300400.0,6.2,18.23,2021-12-13 02:00:00
2021-12-14,3,2021,0.4,7.7,6.62,0.0,10.15,0.0,1316536.0,7.28,5.28,2021-12-14 02:00:00
2021-12-15,3,2021,1.4,7.3,6.47,1.1,15.07,0.0,1302837.0,5.88,19.67,2021-12-15 02:00:00
2021-12-16,3,2021,20.6,7.4,6.6,4.2,66.83,0.0,1286731.0,-13.23,250.0,2021-12-16 02:00:00
2021-12-17,3,2021,0.0,7.3,5.59,1.1,7.49,0.0,1319742.0,7.3,0.0,2021-12-17 02:00:00
2021-12-18,3,2021,0.3,7.1,6.42,0.9,11.38,0.0,1291594.0,6.81,4.25,2021-12-18 02:00:00
2021-12-19,3,2021,0.0,7.5,5.44,0.3,5.13,0.0,1286313.0,7.5,0.0,2021-12-19 02:00:00
2021-12-20,3,2021,0.0,7.5,6.39,0.1,10.84,0.0,1277686.0,7.51,0.0,2021-12-20 02:00:00
2021-12-21,3,2021,2.6,7.8,6.02,0.4,17.31,0.0,1287878.0,5.14,33.82,2021-12-21 02:00:00
2021-12-22,3,2021,0.3,8.1,6.41,0.0,12.11,0.0,1286762.0,7.84,3.73,2021-12-22 02:00:00
2021-12-23,3,2021,0.0,8.0,6.06,0.0,10.54,0.0,1283202.0,7.99,0.0,2021-12-23 02:00:00
2021-12-24,3,2021,0.0,7.8,6.62,1.2,13.01,0.0,1293830.0,7.85,0.0,2021-12-24 02:00:00
2021-12-25,3,2021,0.0,7.7,5.79,0.1,13.15,0.0,1271797.0,7.74,0.0,2021-12-25 02:00:00
2021-12-26,3,2021,0.5,7.6,5.97,0.0,12.68,0.0,1328439.0,7.05,7.05,2021-12-26 02:00:00
2021-12-27,3,2021,3.2,7.7,6.23,1.1,18.73,0.0,1283878.0,4.47,41.93,2021-12-27 02:00:00
2021-12-28,3,2021,2.0,7.3,6.03,1.8,9.64,0.0,1285001.0,5.28,27.78,2021-12-28 02:00:00
2021-12-29,3,2021,0.0,8.2,6.55,0.0,13.22,0.0,1250599.0,8.18,0.0,2021-12-29 02:00:00
2021-12-30,3,2021,4.8,7.7,6.31,0.7,24.18,0.0,1238843.0,2.87,62.79,2021-12-30 02:00:00
2021-12-31,3,2021,1.2,7.2,5.83,1.2,11.94,0.0,1293444.0,6.04,16.66,2021-12-31 02:00:00
2022-01-01,3,2022,0.3,6.4,5.21,0.0,5.81,5004909.0,119074.0,6.14,3.97,2022-01-01 02:00:00
2022-01-02,3,2022,0.4,6.2,5.22,0.0,9.88,4849586.0,95940.0,5.71,7.28,2022-01-02 02:00:00
2022-01-03,3,2022,1.6,6.0,5.39,0.1,10.31,4845329.0,124367.0,4.35,27.13,2022-01-03 02:00:00
2022-01-04,3,2022,7.4,6.1,5.35,1.2,24.26,4885669.0,71457.0,-1.28,120.83,2022-01-04 02:00:00
2022-01-05,3,2022,0.0,5.9,5.6,0.0,7.07,4776528.0,139121.0,0.99,166.09,2022-01-05 02:00:00
2022-01-06,3,2022,2.4,5.1,4.52,0.5,16.46,4724302.0,128478.0,2.65,47.57,2022-01-06 02:00:00
2022-01-07,3,2022,1.0,6.2,4.85,0.1,12.16,4649690.0,170149.0,5.27,15.48,2022-01-07 02:00:00
2022-01-08,3,2022,0.3,6.2,5.37,0.5,12.33,4609591.0,180002.0,2.01,129.78,2022-01-08 02:00:00
2022-01-09,3,2022,2.3,5.9,4.68,1.5,17.03,4608968.0,136835.0,3.69,38.03,2022-01-09 02:00:00
2022-01-10,3,2022,2.3,6.3,4.82,0.0,19.47,4606156.0,226344.0,3.95,36.9,2022-01-10 02:00:00
2022-01-11,3,2022,3.6,6.2,5.83,0.3,25.86,4565745.0,189562.0,2.61,58.14,2022-01-11 02:00:00
2022-01-12,3,2022,0.7,5.9,5.16,0.0,13.92,4577613.0,212800.0,5.21,12.11,2022-01-12 02:00:00
2022-01-13,3,2022,2.5,6.1,5.41,0.0,13.92,4419861.0,178686.0,3.62,40.55,2022-01-13 02:00:00
2022-01-14,3,2022,1.7,5.9,5.22,0.0,12.42,4414590.0,196465.0,4.21,28.73,2022-01-14 02:00:00
2022-01-15,3,2022,2.3,6.3,4.66,0.4,16.73,4410122.0,188867.0,4.01,36.5,2022-01-15 02:00:00
2022-01-16,3,2022,2.9,6.1,5.33,1.6,15.6,4287603.0,206620.0,1.03,120.09,2022-01-16 02:00:00
2022-01-17,3,2022,3.8,6.2,5.09,1.4,21.81,4375320.0,226505.0,2.41,61.38,2022-01-17 02:00:00
2022-01-18,3,2022,1.3,6.3,4.31,0.0,9.97,4396893.0,206388.0,4.98,21.26,2022-01-18 02:00:00
2022-01-19,3,2022,2.4,6.7,5.06,0.5,19.3,4136309.0,221180.0,4.33,35.7,2022-01-19 02:00:00
2022-01-20,3,2022,1.4,6.9,4.98,0.0,13.27,4213348.0,246358.0,5.54,19.76,2022-01-20 02:00:00
2022-01-21,3,2022,2.4,6.3,5.06,0.0,16.44,4204469.0,242087.0,-0.28,170.73,2022-01-21 02:00:00
2022-01-22,3,2022,0.4,6.5,5.07,0.5,14.08,4086899.0,194145.0,6.19,5.4,2022-01-22 02:00:00
2022-01-23,3,2022,1.8,6.5,5.39,0.0,12.12,4048698.0,256615.0,4.65,28.38,2022-01-23 02:00:00
2022-01-24,3,2022,3.2,5.8,5.15,1.0,20.26,4014605.0,266710.0,1.03,109.21,2022-01-24 02:00:00
2022-01-25,3,2022,1.9,6.7,4.97,0.1,16.89,4005721.0,264736.0,4.8,28.17,2022-01-25 02:00:00
2022-01-26,3,2022,1.5,6.3,5.08,0.0,11.77,3891558.0,260849.0,4.82,23.67,2022-01-26 02:00:00
2022-01-27,3,2022,0.0,6.4,5.07,0.0,8.92,3812583.0,288011.0,6.35,0.0,2022-01-27 02:00:00
2022-01-28,3,2022,0.0,6.1,4.5,0.7,10.33,3722622.0,266592.0,6.07,0.68,2022-01-28 02:00:00
2022-01-29,3,2022,1.3,6.6,5.28,1.1,12.4,3762918.0,263772.0,5.26,20.04,2022-01-29 02:00:00
2022-01-30,3,2022,2.0,6.3,5.14,0.7,10.94,3728617.0,252166.0,4.27,32.39,2022-01-30 02:00:00
2022-01-31,3,2022,1.6,6.6,5.11,1.5,13.62,3663931.0,241572.0,4.99,24.67,2022-01-31 02:00:00
2022-02-01,3,2022,0.3,6.0,5.06,0.1,12.58,3613525.0,266760.0,5.76,4.72,2022-02-01 02:00:00
2022-02-02,3,2022,0.1,6.5,4.87,0.9,9.26,3529050.0,287765.0,6.46,0.89,2022-02-02 02:00:00
2022-02-03,3,2022,0.0,6.3,4.74,0.8,6.18,3388479.0,281235.0,6.34,0.0,2022-02-03 02:00:00
2022-02-04,3,2022,0.3,5.8,5.13,0.0,8.39,3387866.0,238846.0,5.52,4.5,2022-02-04 02:00:00
2022-02-05,3,2022,0.8,6.2,4.37,0.0,11.94,3283218.0,293575.0,5.42,12.25,2022-02-05 02:00:00
2022-02-06,3,2022,2.6,6.5,5.01,0.9,22.95,3388732.0,244512.0,3.92,40.11,2022-02-06 02:00:00
2022-02-07,3,2022,0.1,6.2,5.3,0.3,7.32,3193645.0,287631.0,6.13,1.71,2022-02-07 02:00:00
2022-02-08,3,2022,0.5,6.1,4.9,0.0,15.91,3177661.0,267823.0,5.61,7.45,2022-02-08 02:00:00
2022-02-09,3,2022,2.9,6.5,4.85,0.0,14.62,3176709.0,249042.0,3.6,44.28,2022-02-09 02:00:00
2022-02-10,3,2022,0.8,6.4,5.59,0.5,13.48,3072894.0,288084.0,1.22,149.25,2022-02-10 02:00:00
2022-02-11,3,2022,1.8,5.9,5.39,0.3,12.22,3107796.0,308860.0,4.14,30.02,2022-02-11 02:00:00
2022-02-12,3,2022,1.4,6.1,5.48,1.7,8.48,3034873.0,317546.0,4.69,23.23,2022-02-12 02:00:00
2022-02-13,3,2022,0.4,6.7,4.53,0.2,11.46,2962008.0,340976.0,4.6,57.54,2022-02-13 02:00:00
2022-02-14,3,2022,1.0,6.1,5.56,0.0,9.52,2964511.0,345643.0,5.14,15.67,2022-02-14 02:00:00
2022-02-15,3,2022,0.1,6.6,5.03,0.0,11.08,2850611.0,312076.0,6.46,2.16,2022-02-15 02:00:00
2022-02-16,3,2022,3.3,5.8,5.45,1.8,16.53,2773654.0,329761.0,2.5,57.05,2022-02-16 02:00:00
2022-02-17,3,2022,1.4,6.2,5.45,0.0,11.83,2724226.0,278574.0,4.84,22.54,2022-02-17 02:00:00
2022-02-18,3,2022,0.1,6.0,5.52,0.3,4.58,2771393.0,320521.0,5.97,1.19,2022-02-18 02:00:00
2022-02-19,3,2022,0.3,6.1,5.37,0.0,11.57,2683157.0,334392.0,5.86,4.33,2022-02-19 02:00:00
2022-02-20,3,2022,2.2,6.3,4.94,0.0,15.56,2646890.0,302464.0,2.66,80.43,2022-02-20 02:00:00
2022-02-21,3,2022,2.7,6.5,4.9,1.9,19.38,2560933.0,343169.0,2.7,75.46,2022-02-21 02:00:00
2022-02-22,3,2022,0.6,6.1,5.34,0.3,14.39,2425028.0,313975.0,5.57,9.45,2022-02-22 02:00:00
2022-02-23,3,2022,0.6,5.7,5.21,0.0,7.48,2418234.0,355641.0,5.06,10.88,2022-02-23 02:00:00
2022-02-24,3,2022,4.2,5.9,4.68,0.4,18.54,2530006.0,357618.0,1.73,70.84,2022-02-24 02:00:00
2022-02-25,3,2022,2.5,6.6,6.13,0.7,15.46,2389551.0,380868.0,4.12,37.59,2022-02-25 02:00:00
2022-02-26,3,2022,6.2,6.2,5.27,0.0,25.39,2383511.0,359619.0,0.02,99.6,2022-02-26 02:00:00
2022-02-27,3,2022,0.5,6.2,5.01,1.5,12.89,2334306.0,341823.0,5.73,8.05,2022-02-27 02:00:00
2022-02-28,3,2022,0.0,6.3,4.49,0.4,12.23,2275206.0,334775.0,6.28,0.0,2022-02-28 02:00:00
2022-03-01,3,2022,0.3,5.9,5.78,0.0,13.0,2193961.0,349652.0,5.65,4.32,2022-03-01 02:00:00
2022-03-02,3,2022,4.0,6.3,4.65,1.8,17.02,2201195.0,371297.0,2.22,64.56,2022-03-02 02:00:00
2022-03-03,3,2022,0.7,6.6,5.37,0.0,11.33,2179948.0,382721.0,5.89,11.05,2022-03-03 02:00:00
2022-03-04,3,2022,0.0,6.4,5.03,0.6,8.35,2098522.0,350517.0,6.39,0.0,2022-03-04 02:00:00
2022-03-05,3,2022,0.3,6.4,4.8,0.2,14.03,1844072.0,353739.0,6.12,4.72,2022-03-05 02:00:00
2022-03-06,3,2022,0.6,6.3,5.5,1.4,8.61,1963790.0,341068.0,5.71,9.76,2022-03-06 02:00:00
2022-03-07,3,2022,1.5,6.8,5.33,0.1,14.95,1864999.0,319475.0,5.29,21.69,2022-03-07 02:00:00
2022-03-08,3,2022,1.2,6.7,5.24,0.8,14.6,1764139.0,340755.0,5.46,18.06,2022-03-08 02:00:00
2022-03-09,3,2022,2.2,6.3,5.34,0.9,14.75,1782012.0,382383.0,4.1,35.24,2022-03-09 02:00:00
2022-03-10,3,2022,2.4,6.2,5.32,1.2,14.35,1707604.0,366583.0,3.84,38.02,2022-03-10 02:00:00
2022-03-11,3,2022,3.3,6.7,4.8,0.1,13.18,1736259.0,345918.0,3.38,49.57,2022-03-11 02:00:00
2022-03-12,3,2022,4.2,6.2,5.64,2.4,20.03,1738502.0,385211.0,2.01,67.68,2022-03-12 02:00:00
2022-03-13,3,2022,0.0,6.5,5.9,0.0,7.28,1553738.0,333371.0,6.44,0.65,2022-03-13 02:00:00
2022-03-14,3,2022,1.2,6.5,5.28,0.3,13.55,1619335.0,334106.0,5.31,18.13,2022-03-14 02:00:00
2022-03-15,3,2022,4.6,6.7,4.56,0.5,20.64,1587737.0,370866.0,2.1,68.6,2022-03-15 02:00:00
2022-03-16,3,2022,1.6,6.3,5.05,0.0,14.9,1533762.0,350302.0,4.69,25.16,2022-03-16 02:00:00
2022-03-17,3,2022,0.4,6.6,5.65,0.3,6.88,1450231.0,347667.0,6.23,5.49,2022-03-17 02:00:00
2022-03-18,3,2022,1.6,6.0,5.67,0.0,12.67,1429096.0,386922.0,4.47,25.77,2022-03-18 02:00:00
2022-03-19,3,2022,3.2,6.5,5.15,1.3,21.05,1399788.0,345994.0,3.29,49.16,2022-03-19 02:00:00
2022-03-20,3,2022,0.9,6.4,5.0,0.0,18.27,1407923.0,332936.0,5.5,14.12,2022-03-20 02:00:00
2022-03-21,3,2022,0.0,6.4,5.24,0.0,9.47,1230250.0,361622.0,6.39,0.0,2022-03-21 02:00:00
2022-03-22,3,2022,0.8,6.8,5.33,0.1,10.38,1230364.0,370178.0,6.06,11.55,2022-03-22 02:00:00
2022-03-23,3,2022,6.0,5.9,5.02,0.0,26.28,1239179.0,359126.0,-0.07,101.25,2022-03-23 02:00:00
2022-03-24,3,2022,0.6,6.0,4.75,0.3,8.81,1135441.0,338048.0,5.43,9.63,2022-03-24 02:00:00
2022-03-25,3,2022,2.1,6.2,5.14,0.0,17.2,1164497.0,347751.0,4.09,33.94,2022-03-25 02:00:00
2022-03-26,3,2022,0.2,6.1,5.1,0.0,14.88,1025407.0,330540.0,5.83,4.08,2022-03-26 02:00:00
2022-03-27,3,2022,2.4,6.6,5.35,1.4,14.75,1051314.0,327361.0,4.2,36.86,2022-03-27 02:00:00
2022-03-28,3,2022,0.8,6.5,5.56,1.5,11.87,1023041.0,394834.0,5.71,12.75,2022-03-28 02:00:00
2022-03-29,3,2022,0.7,6.5,5.56,0.2,10.37,914063.0,356911.0,5.8,11.07,2022-03-29 02:00:00
2022-03-30,3,2022,0.6,6.7,5.53,1.3,11.31,772919.0,365188.0,6.02,9.54,2022-03-30 02:00:00
2022-03-31,3,2022,0.6,6.8,5.45,0.1,7.42,762551.0,323162.0,6.23,8.37,2022-03-31 02:00:00
2022-04-01,3,2022,0.5,7.0,5.08,1.5,5.1,755765.0,351119.0,6.41,7.85,2022-04-01 02:00:00
2022-04-02,3,2022,2.2,6.7,4.66,0.2,18.95,553804.0,335922.0,4.49,32.99,2022-04-02 02:00:00
2022-04-03,3,2022,4.6,6.8,5.43,0.3,21.72,680192.0,326522.0,2.25,67.13,2022-04-03 02:00:00
2022-04-04,3,2022,0.2,6.1,5.57,0.0,11.04,604696.0,402953.0,1.27,155.02,2022-04-04 02:00:00
2022-04-05,3,2022,2.1,6.4,4.85,0.6,14.56,507420.0,403482.0,4.35,32.16,2022-04-05 02:00:00
2022-04-06,3,2022,0.2,6.8,5.31,0.0,6.39,550169.0,398081.0,6.58,2.84,2022-04-06 02:00:00
2022-04-07,3,2022,0.0,6.0,5.17,0.0,14.75,370032.0,377062.0,6.04,0.0,2022-04-07 02:00:00
2022-04-08,3,2022,0.7,6.8,5.17,0.0,13.02,359135.0,373380.0,6.13,9.81,2022-04-08 02:00:00
2022-04-09,3,2022,0.5,6.8,4.78,0.0,9.77,299769.0,409953.0,6.28,7.53,2022-04-09 02:00:00
2022-04-10,3,2022,0.1,6.7,5.3,0.0,9.29,128938.0,457043.0,2.08,136.6,2022-04-10 02:00:00
2022-04-11,3,2022,0.0,6.5,4.97,0.0,17.14,129784.0,438796.0,6.48,0.0,2022-04-11 02:00:00
2022-04-12,3,2022,2.6,6.8,5.41,0.4,22.18,77953.0,444845.0,4.14,38.85,2022-04-12 02:00:00
2022-04-13,3,2022,0.0,6.4,5.64,0.9,7.71,90123.0,432117.0,6.45,0.0,2022-04-13 02:00:00
2022-04-14,3,2022,4.0,6.3,5.38,0.5,21.94,0.0,473165.0,0.18,130.8,2022-04-14 02:00:00
2022-04-15,3,2022,7.0,6.4,5.87,1.1,25.64,0.0,463809.0,-0.6,109.27,2022-04-15 02:00:00
2022-04-16,3,2022,5.1,6.4,5.74,0.0,22.93,75647.0,482876.0,-1.91,179.35,2022-04-16 02:00:00
2022-04-17,3,2022,1.6,6.6,5.28,0.0,14.47,0.0,546009.0,4.97,24.57,2022-04-17 02:00:00
2022-04-18,3,2022,1.4,6.2,5.76,0.0,9.73,0.0,494958.0,4.72,23.31,2022-04-18 02:00:00
2022-04-19,3,2022,1.4,6.7,5.3,0.0,14.4,0.0,508344.0,5.25,21.25,2022-04-19 02:00:00
2022-04-20,3,2022,0.0,6.7,4.69,0.3,7.12,0.0,505577.0,6.73,0.0,2022-04-20 02:00:00
2022-04-21,3,2022,0.6,6.5,5.12,0.0,8.38,0.0,567645.0,3.76,74.53,2022-04-21 02:00:00
2022-04-22,3,2022,1.3,6.8,5.74,0.0,13.43,0.0,502125.0,5.42,19.8,2022-04-22 02:00:00
2022-04-23,3,2022,0.9,6.6,4.59,0.0,13.62,0.0,497905.0,5.72,13.42,2022-04-23 02:00:00
2022-04-24,3,2022,0.1,6.6,5.03,0.0,10.32,0.0,510117.0,6.56,1.22,2022-04-24 02:00:00
2022-04-25,3,2022,0.4,6.5,4.85,1.5,16.74,0.0,552958.0,6.1,6.5,2022-04-25 02:00:00
2022-04-26,3,2022,0.6,6.3,5.73,0.3,13.68,0.0,565988.0,1.14,153.45,2022-04-26 02:00:00
2022-04-27,3,2022,0.7,6.6,5.49,0.2,14.68,0.0,555005.0,5.97,9.88,2022-04-27 02:00:00
2022-04-28,3,2022,0.5,6.2,5.22,0.0,4.93,0.0,606316.0,5.66,8.37,2022-04-28 02:00:00
2022-04-29,3,2022,0.4,6.3,5.11,0.0,13.35,0.0,549480.0,5.93,6.44,2022-04-29 02:00:00
2022-04-30,3,2022,0.1,6.5,5.35,0.8,12.03,0.0,593380.0,5.43,31.98,2022-04-30 02:00:00
2022-05-01,3,2022,1.0,6.0,5.15,0.7,13.56,0.0,551698.0,5.06,16.37,2022-05-01 02:00:00
2022-05-02,3,2022,0.7,7.2,5.45,1.1,8.57,0.0,553645.0,6.43,10.12,2022-05-02 02:00:00
2022-05-03,3,2022,0.9,6.7,5.37,0.0,13.1,0.0,560665.0,5.81,13.08,2022-05-03 02:00:00
2022-05-04,3,2022,0.8,6.8,5.0,1.0,16.2,0.0,622961.0,6.04,11.47,2022-05-04 02:00:00
2022-05-05,3,2022,0.6,6.6,5.64,0.0,12.26,0.0,597483.0,5.93,9.84,2022-05-05 02:00:00
2022-05-06,3,2022,1.4,6.9,6.46,0.3,12.2,0.0,581021.0,2.29,112.48,2022-05-06 02:00:00
2022-05-07,3,2022,0.4,6.5,6.02,1.0,12.16,0.0,593082.0,6.17,5.74,2022-05-07 02:00:00
2022-05-08,3,2022,0.7,6.7,5.26,0.9,14.68,0.0,590459.0,6.04,10.22,2022-05-08 02:00:00
2022-05-09,3,2022,0.8,6.6,5.62,0.2,16.29,0.0,577703.0,5.76,12.2,2022-05-09 02:00:00
2022-05-10,3,2022,1.8,6.6,5.04,0.0,13.23,0.0,624006.0,4.8,27.35,2022-05-10 02:00:00
2022-05-11,3,2022,0.0,7.0,5.6,0.0,12.23,0.0,615360.0,6.98,0.0,2022-05-11 02:00:00
2022-05-12,3,2022,2.9,6.7,5.53,0.9,17.87,0.0,617649.0,3.86,42.61,2022-05-12 02:00:00
2022-05-13,3,2022,1.2,6.9,5.27,0.6,12.13,0.0,620853.0,3.5,80.85,2022-05-13 02:00:00
2022-05-14,3,2022,0.9,7.4,6.09,1.4,11.6,0.0,655360.0,6.41,12.8,2022-05-14 02:00:00
2022-05-15,3,2022,0.9,6.3,5.64,1.1,10.23,0.0,607663.0,5.44,13.56,2022-05-15 02:00:00
2022-05-16,3,2022,12.2,6.1,6.06,1.4,38.68,0.0,640366.0,-6.07,199.81,2022-05-16 02:00:00
2022-05-17,3,2022,1.3,6.6,5.36,0.6,13.36,0.0,668696.0,1.16,144.38,2022-05-17 02:00:00
2022-05-18,3,2022,1.2,6.9,6.36,1.4,10.44,0.0,657969.0,5.7,16.88,2022-05-18 02:00:00
2022-05-19,3,2022,2.9,6.7,6.03,0.4,17.27,0.0,667091.0,3.82,42.97,2022-05-19 02:00:00
2022-05-20,3,2022,4.3,6.3,5.58,0.7,22.19,0.0,699834.0,2.05,67.58,2022-05-20 02:00:00
2022-05-21,3,2022,1.6,6.7,5.31,2.1,12.68,0.0,678097.0,5.09,23.98,2022-05-21 02:00:00
2022-05-22,3,2022,1.3,6.7,5.23,0.8,12.95,0.0,693018.0,4.25,52.48,2022-05-22 02:00:00
2022-05-23,3,2022,1.7,7.1,5.49,0.0,22.16,0.0,694399.0,5.41,23.61,2022-05-23 02:00:00
2022-05-24,3,2022,5.4,6.7,5.26,1.5,24.43,0.0,696070.0,1.24,81.49,2022-05-24 02:00:00
2022-05-25,3,2022,0.4,6.8,5.69,0.0,10.48,0.0,701050.0,6.49,5.12,2022-05-25 02:00:00
2022-05-26,3,2022,4.6,6.4,5.04,0.9,22.2,0.0,631646.0,1.81,71.64,2022-05-26 02:00:00
2022-05-27,3,2022,5.7,6.9,5.46,0.6,20.68,0.0,660097.0,1.18,82.88,2022-05-27 02:00:00
2022-05-28,3,2022,0.0,7.0,4.87,0.4,6.4,0.0,666018.0,6.98,0.0,2022-05-28 02:00:00
2022-05-29,3,2022,2.2,6.4,5.34,0.4,16.86,0.0,720985.0,0.4,152.74,2022-05-29 02:00:00
2022-05-30,3,2022,0.0,6.5,5.37,0.0,8.37,0.0,760562.0,6.53,0.0,2022-05-30 02:00:00
2022-05-31,3,2022,1.2,6.9,5.53,0.3,17.27,0.0,739548.0,5.68,17.65,2022-05-31 02:00:00
2022-06-01,3,2022,5.3,7.0,5.58,1.3,24.77,0.0,698935.0,1.66,76.3,2022-06-01 02:00:00
2022-06-02,3,2022,0.0,7.1,5.65,0.0,13.72,0.0,741116.0,7.05,0.0,2022-06-02 02:00:00
2022-06-03,3,2022,4.2,6.7,5.55,0.1,20.9,0.0,703456.0,2.56,61.99,2022-06-03 02:00:00
2022-06-04,3,2022,7.2,6.4,6.08,0.8,25.96,0.0,734534.0,-0.76,111.77,2022-06-04 02:00:00
2022-06-05,3,2022,2.1,6.8,5.76,1.3,16.89,0.0,735274.0,2.61,91.44,2022-06-05 02:00:00
2022-06-06,3,2022,0.0,6.3,5.36,0.2,12.72,0.0,694173.0,6.25,0.71,2022-06-06 02:00:00
2022-06-07,3,2022,0.1,7.0,6.03,0.1,9.46,0.0,717451.0,6.86,1.83,2022-06-07 02:00:00
2022-06-08,3,2022,2.6,6.9,5.12,0.0,17.86,0.0,749790.0,0.09,159.85,2022-06-08 02:00:00
2022-06-09,3,2022,0.7,6.6,4.84,0.0,13.52,0.0,773622.0,5.9,10.3,2022-06-09 02:00:00
2022-06-10,3,2022,0.8,6.9,5.34,0.0,13.77,0.0,790855.0,6.1,11.13,2022-06-10 02:00:00
2022-06-11,3,2022,0.0,6.9,6.07,0.0,10.68,0.0,798816.0,6.86,0.0,2022-06-11 02:00:00
2022-06-12,3,2022,1.9,7.0,6.02,1.5,14.47,0.0,794982.0,5.1,27.66,2022-06-12 02:00:00
2022-06-13,3,2022,0.0,7.2,5.84,0.0,16.67,0.0,766356.0,7.2,0.0,2022-06-13 02:00:00
2022-06-14,3,2022,0.7,7.3,5.38,1.1,9.04,0.0,767962.0,6.56,9.9,2022-06-14 02:00:00
2022-06-15,3,2022,4.3,6.4,5.73,0.7,25.54,0.0,781196.0,2.01,68.36,2022-06-15 02:00:00
2022-06-16,3,2022,1.0,6.9,5.0,0.7,9.97,0.0,809207.0,5.84,15.16,2022-06-16 02:00:00
2022-06-17,3,2022,0.0,6.8,6.12,0.0,9.44,0.0,777676.0,6.79,0.0,2022-06-17 02:00:00
2022-06-18,3,2022,0.8,7.5,4.86,0.0,12.45,0.0,766276.0,6.63,11.13,2022-06-18 02:00:00
2022-06-19,3,2022,0.0,6.7,5.65,0.2,7.23,0.0,817658.0,6.68,0.0,2022-06-19 02:00:00
2022-06-20,3,2022,0.5,7.0,5.06,0.2,4.14,0.0,774793.0,6.56,6.67,2022-06-20 02:00:00
2022-06-21,3,2022,0.7,7.2,6.42,0.1,9.26,0.0,787730.0,6.45,9.96,2022-06-21 02:00:00
2022-06-22,3,2022,0.0,7.0,6.16,0.4,14.14,0.0,784278.0,6.97,0.0,2022-06-22 02:00:00
2022-06-23,3,2022,0.1,6.7,5.75,0.0,10.57,0.0,776635.0,6.65,1.0,2022-06-23 02:00:00
2022-06-24,3,2022,0.5,6.3,5.5,0.0,10.99,0.0,806881.0,5.85,7.31,2022-06-24 02:00:00
2022-06-25,3,2022,1.8,7.5,5.3,0.0,10.97,0.0,777671.0,5.61,24.73,2022-06-25 02:00:00
2022-06-26,3,2022,2.4,7.0,5.62,0.9,16.76,0.0,777230.0,2.61,92.46,2022-06-26 02:00:00
2022-06-27,3,2022,1.7,6.9,4.96,1.1,15.19,0.0,791129.0,5.14,24.92,2022-06-27 02:00:00
2022-06-28,3,2022,0.3,7.0,5.67,0.0,10.21,0.0,785378.0,6.72,4.64,2022-06-28 02:00:00
2022-06-29,3,2022,2.3,7.0,5.57,1.0,14.88,0.0,785752.0,4.65,33.27,2022-06-29 02:00:00
2022-06-30,3,2022,2.0,6.9,5.55,0.0,13.71,0.0,821748.0,4.87,29.3,2022-06-30 02:00:00
2022-07-01,3,2022,0.1,7.0,5.86,0.0,13.61,0.0,792350.0,6.94,1.45,2022-07-01 02:00:00
2022-07-02,3,2022,0.0,7.1,5.59,0.0,8.44,0.0,822021.0,7.14,0.0,2022-07-02 02:00:00
2022-07-03,3,2022,0.1,6.6,5.21,0.1,6.33,0.0,792017.0,6.55,1.48,2022-07-03 02:00:00
2022-07-04,3,2022,1.5,7.1,5.68,0.9,11.12,0.0,792662.0,5.54,21.75,2022-07-04 02:00:00
2022-07-05,3,2022,0.6,7.0,4.92,0.7,13.58,0.0,891975.0,1.88,137.4,2022-07-05 02:00:00
2022-07-06,3,2022,1.0,7.3,5.54,0.0,19.59,0.0,831652.0,6.23,14.18,2022-07-06 02:00:00
2022-07-07,3,2022,0.7,7.1,6.48,0.0,6.16,0.0,870841.0,6.38,9.56,2022-07-07 02:00:00
2022-07-08,3,2022,0.3,7.0,5.27,0.6,15.02,0.0,836964.0,6.65,4.43,2022-07-08 02:00:00
2022-07-09,3,2022,9.2,7.1,5.19,1.8,37.96,0.0,859400.0,-2.08,129.07,2022-07-09 02:00:00
2022-07-10,3,2022,0.2,6.6,5.15,0.8,8.05,0.0,876195.0,6.44,2.53,2022-07-10 02:00:00
2022-07-11,3,2022,2.9,7.0,5.22,0.0,14.11,0.0,859173.0,4.03,42.18,2022-07-11 02:00:00
2022-07-12,3,2022,0.0,6.7,4.87,1.2,7.42,0.0,899845.0,2.4,128.25,2022-07-12 02:00:00
2022-07-13,3,2022,0.0,6.9,5.49,0.0,11.67,0.0,898470.0,6.88,0.0,2022-07-13 02:00:00
2022-07-14,3,2022,0.0,7.2,5.27,0.1,12.89,0.0,883408.0,7.2,0.0,2022-07-14 02:00:00
2022-07-15,3,2022,0.0,7.0,5.72,0.9,6.78,0.0,873699.0,7.03,0.0,2022-07-15 02:00:00
2022-07-16,3,2022,3.3,7.3,5.44,0.3,16.76,0.0,915930.0,4.08,44.32,2022-07-16 02:00:00
2022-07-17,3,2022,2.8,6.7,5.91,2.0,16.23,0.0,889864.0,3.86,41.98,2022-07-17 02:00:00
2022-07-18,3,2022,4.2,6.2,4.79,1.0,24.41,0.0,906386.0,1.98,68.07,2022-07-18 02:00:00
2022-07-19,3,2022,0.1,7.1,5.69,0.0,9.55,0.0,887074.0,6.98,1.52,2022-07-19 02:00:00
2022-07-20,3,2022,0.0,6.6,6.06,0.9,10.57,0.0,908920.0,6.6,0.0,2022-07-20 02:00:00
2022-07-21,3,2022,4.7,6.3,5.38,1.6,17.79,0.0,931337.0,1.59,74.86,2022-07-21 02:00:00
2022-07-22,3,2022,0.0,6.9,5.56,0.8,12.45,0.0,906997.0,6.87,0.0,2022-07-22 02:00:00
2022-07-23,3,2022,0.7,7.0,6.03,0.0,8.51,0.0,859504.0,6.26,10.21,2022-07-23 02:00:00
2022-07-24,3,2022,1.7,7.1,5.41,0.0,16.63,0.0,913675.0,5.36,24.13,2022-07-24 02:00:00
2022-07-25,3,2022,0.0,7.0,5.68,0.4,4.59,0.0,878942.0,7.0,0.0,2022-07-25 02:00:00
2022-07-26,3,2022,0.9,6.8,5.45,0.0,11.23,0.0,886095.0,5.84,13.49,2022-07-26 02:00:00
2022-07-27,3,2022,0.5,6.7,5.77,1.3,11.96,0.0,882815.0,6.2,7.57,2022-07-27 02:00:00
2022-07-28,3,2022,0.0,7.2,5.77,0.0,4.0,0.0,855420.0,7.17,0.0,2022-07-28 02:00:00
2022-07-29,3,2022,8.1,7.1,5.15,0.6,28.21,0.0,909851.0,-1.01,114.14,2022-07-29 02:00:00
2022-07-30,3,2022,1.7,6.9,5.87,1.0,15.42,0.0,903063.0,5.24,24.51,2022-07-30 02:00:00
2022-07-31,3,2022,4.1,7.6,5.92,0.6,22.91,0.0,852130.0,3.52,53.82,2022-07-31 02:00:00
2022-08-01,3,2022,2.0,6.7,6.17,0.0,16.72,0.0,912785.0,4.68,30.03,2022-08-01 02:00:00
2022-08-02,3,2022,1.4,6.5,5.82,0.4,10.7,0.0,883502.0,5.05,22.14,2022-08-02 02:00:00
2022-08-03,3,2022,0.0,6.9,5.6,0.0,10.18,0.0,873817.0,6.94,0.0,2022-08-03 02:00:00
2022-08-04,3,2022,2.0,6.9,6.05,0.5,13.56,0.0,933102.0,0.85,146.54,2022-08-04 02:00:00
2022-08-05,3,2022,0.0,7.6,6.14,0.5,8.8,0.0,981048.0,2.62,131.16,2022-08-05 02:00:00
2022-08-06,3,2022,3.6,6.9,5.18,0.0,19.62,0.0,1006781.0,3.29,52.04,2022-08-06 02:00:00
2022-08-07,3,2022,4.9,7.1,5.26,2.2,21.08,0.0,998669.0,2.23,68.72,2022-08-07 02:00:00
2022-08-08,3,2022,3.8,7.4,5.39,0.8,21.48,0.0,961758.0,3.61,51.0,2022-08-08 02:00:00
2022-08-09,3,2022,1.3,7.1,6.45,1.1,15.25,0.0,968257.0,5.81,17.93,2022-08-09 02:00:00
2022-08-10,3,2022,0.0,6.8,5.89,0.0,7.55,0.0,980129.0,6.78,0.0,2022-08-10 02:00:00
2022-08-11,3,2022,0.0,7.0,6.26,0.0,6.02,0.0,975748.0,6.99,0.0,2022-08-11 02:00:00
2022-08-12,3,2022,0.3,7.1,5.3,0.0,12.05,0.0,980469.0,5.42,42.45,2022-08-12 02:00:00
2022-08-13,3,2022,0.6,7.2,5.42,0.2,10.32,0.0,983680.0,6.64,8.18,2022-08-13 02:00:00
2022-08-14,3,2022,4.2,7.1,5.16,1.7,20.88,0.0,1029503.0,2.91,58.87,2022-08-14 02:00:00
2022-08-15,3,2022,0.0,7.1,5.62,0.1,7.02,0.0,1029367.0,4.22,80.36,2022-08-15 02:00:00
2022-08-16,3,2022,0.1,7.0,5.99,0.0,7.17,0.0,1007536.0,6.96,0.95,2022-08-16 02:00:00
2022-08-17,3,2022,1.0,7.3,5.92,0.0,11.61,0.0,1019694.0,6.3,13.34,2022-08-17 02:00:00
2022-08-18,3,2022,0.5,7.7,6.21,0.0,14.75,0.0,1011163.0,7.2,6.12,2022-08-18 02:00:00
2022-08-19,3,2022,0.0,7.1,6.11,0.6,9.46,0.0,1028803.0,7.11,0.0,2022-08-19 02:00:00
2022-08-20,3,2022,0.0,7.1,5.7,0.0,8.4,0.0,1033883.0,7.14,0.0,2022-08-20 02:00:00
2022-08-21,3,2022,2.0,6.4,6.09,0.0,15.5,0.0,1025026.0,4.36,31.95,2022-08-21 02:00:00
2022-08-22,3,2022,0.9,7.2,5.66,0.6,11.49,0.0,994569.0,6.3,12.68,2022-08-22 02:00:00
2022-08-23,3,2022,1.2,7.5,4.52,0.2,19.04,0.0,1005829.0,6.3,16.26,2022-08-23 02:00:00
2022-08-24,3,2022,0.0,7.3,6.03,0.2,11.12,0.0,1027193.0,7.31,0.0,2022-08-24 02:00:00
2022-08-25,3,2022,0.8,7.0,5.32,0.7,14.73,0.0,999219.0,6.19,11.1,2022-08-25 02:00:00
2022-08-26,3,2022,0.0,7.3,5.27,0.0,9.43,0.0,1009334.0,7.29,0.0,2022-08-26 02:00:00
2022-08-27,3,2022,0.5,7.6,5.57,0.4,8.81,0.0,1024705.0,7.03,7.2,2022-08-27 02:00:00
2022-08-28,3,2022,1.0,7.6,5.17,0.2,13.81,0.0,993340.0,6.6,12.64,2022-08-28 02:00:00
2022-08-29,3,2022,0.4,7.3,5.5,0.0,8.68,0.0,985848.0,6.88,5.27,2022-08-29 02:00:00
2022-08-30,3,2022,2.8,7.0,5.97,0.0,17.59,0.0,1017432.0,4.24,39.86,2022-08-30 02:00:00
2022-08-31,3,2022,0.1,6.4,5.43,0.8,13.87,0.0,1023685.0,6.28,1.53,2022-08-31 02:00:00
2022-09-01,3,2022,0.0,7.1,5.84,0.0,10.29,0.0,973110.0,7.05,0.22,2022-09-01 02:00:00
2022-09-02,3,2022,1.8,7.2,4.87,1.5,10.88,0.0,1034657.0,5.37,25.52,2022-09-02 02:00:00
2022-09-03,3,2022,0.6,7.5,5.41,0.0,14.83,0.0,1028999.0,6.9,8.31,2022-09-03 02:00:00
2022-09-04,3,2022,1.7,6.8,5.76,1.1,17.65,0.0,1039698.0,5.07,25.3,2022-09-04 02:00:00
2022-09-05,3,2022,0.0,7.1,6.25,0.0,6.01,0.0,1029190.0,7.1,0.0,2022-09-05 02:00:00
2022-09-06,3,2022,2.4,7.3,5.47,0.2,16.19,0.0,1014379.0,4.88,33.37,2022-09-06 02:00:00
2022-09-07,3,2022,0.0,7.4,5.55,1.1,9.92,0.0,1028476.0,7.37,0.0,2022-09-07 02:00:00
2022-09-08,3,2022,0.0,6.7,6.06,1.7,10.74,0.0,1048488.0,6.74,0.0,2022-09-08 02:00:00
2022-09-09,3,2022,3.1,7.1,5.66,1.7,16.78,0.0,1004655.0,3.96,44.13,2022-09-09 02:00:00
2022-09-10,3,2022,1.6,6.9,5.76,0.0,15.88,0.0,1017931.0,5.26,23.48,2022-09-10 02:00:00
2022-09-11,3,2022,0.0,6.8,6.13,0.5,14.31,0.0,1019708.0,6.77,0.5,2022-09-11 02:00:00
2022-09-12,3,2022,0.0,7.0,6.07,0.0,9.52,0.0,1071675.0,6.98,0.0,2022-09-12 02:00:00
2022-09-13,3,2022,0.0,7.2,5.85,1.1,10.93,0.0,1017908.0,7.16,0.0,2022-09-13 02:00:00
2022-09-14,3,2022,0.0,7.2,5.94,0.9,6.52,0.0,1005456.0,7.19,0.0,2022-09-14 02:00:00
2022-09-15,3,2022,0.0,7.2,5.85,0.0,11.9,0.0,1014384.0,7.21,0.0,2022-09-15 02:00:00
2022-09-16,3,2022,0.0,7.3,6.05,0.0,6.67,0.0,1024375.0,7.3,0.0,2022-09-16 02:00:00
2022-09-17,3,2022,0.0,6.8,5.82,0.0,7.16,0.0,1046867.0,3.85,87.33,2022-09-17 02:00:00
2022-09-18,3,2022,0.0,7.5,6.27,0.4,6.61,0.0,1066259.0,7.45,0.0,2022-09-18 02:00:00
2022-09-19,3,2022,1.2,7.2,5.69,1.6,9.69,0.0,1031768.0,6.0,16.17,2022-09-19 02:00:00
2022-09-20,3,2022,0.5,7.8,5.41,0.0,9.83,0.0,1057735.0,7.24,6.68,2022-09-20 02:00:00
2022-09-21,3,2022,0.0,6.7,5.94,0.2,2.37,0.0,1058005.0,5.53,35.83,2022-09-21 02:00:00
2022-09-22,3,2022,1.8,7.7,5.59,1.3,17.56,0.0,1061619.0,5.82,24.05,2022-09-22 02:00:00
2022-09-23,3,2022,1.0,7.4,5.47,0.0,11.68,0.0,1063733.0,6.4,13.69,2022-09-23 02:00:00
2022-09-24,3,2022,6.2,7.0,5.73,0.8,28.31,0.0,1046855.0,0.76,89.12,2022-09-24 02:00:00
2022-09-25,3,2022,0.4,7.4,5.94,0.0,9.91,0.0,1052559.0,7.02,5.22,2022-09-25 02:00:00
2022-09-26,3,2022,0.4,7.7,6.72,0.4,11.64,0.0,1066507.0,7.24,5.41,2022-09-26 02:00:00
2022-09-27,3,2022,0.6,8.0,5.84,0.0,12.61,0.0,1031064.0,7.45,7.17,2022-09-27 02:00:00
2022-09-28,3,2022,0.3,7.4,6.08,0.0,14.0,0.0,1119637.0,2.18,137.05,2022-09-28 02:00:00
2022-09-29,3,2022,4.3,7.6,6.47,2.2,21.66,0.0,1115865.0,3.25,56.96,2022-09-29 02:00:00
2022-09-30,3,2022,0.0,7.5,5.86,0.8,7.27,0.0,1126792.0,7.55,0.0,2022-09-30 02:00:00
2022-10-01,3,2022,2.6,7.4,6.1,0.0,14.05,0.0,1099488.0,4.82,35.08,2022-10-01 02:00:00
2022-10-02,3,2022,0.8,7.8,5.82,0.2,6.1,0.0,1125176.0,7.0,10.13,2022-10-02 02:00:00
2022-10-03,3,2022,1.0,7.1,6.11,0.9,15.48,0.0,1095513.0,6.11,14.17,2022-10-03 02:00:00
2022-10-04,3,2022,2.2,7.5,5.4,1.1,14.94,0.0,1138174.0,5.3,29.36,2022-10-04 02:00:00
2022-10-05,3,2022,0.1,7.1,5.54,0.0,11.92,0.0,1103498.0,7.02,1.27,2022-10-05 02:00:00
2022-10-06,3,2022,1.0,8.1,5.66,0.0,12.42,0.0,1139889.0,7.12,12.02,2022-10-06 02:00:00
2022-10-07,3,2022,0.0,6.9,6.33,0.1,13.7,0.0,1107170.0,6.85,0.0,2022-10-07 02:00:00
2022-10-08,3,2022,0.3,7.2,5.95,0.1,8.53,0.0,1097741.0,6.82,4.88,2022-10-08 02:00:00
2022-10-09,3,2022,0.2,7.4,5.58,0.5,12.88,0.0,1136134.0,7.24,2.26,2022-10-09 02:00:00
2022-10-10,3,2022,1.4,7.5,5.46,0.0,10.71,0.0,1111391.0,6.05,19.19,2022-10-10 02:00:00
2022-10-11,3,2022,0.0,6.9,5.55,0.0,5.02,0.0,1090151.0,6.95,0.0,2022-10-11 02:00:00
2022-10-12,3,2022,0.0,7.8,4.95,0.5,8.66,0.0,1130950.0,7.81,0.0,2022-10-12 02:00:00
2022-10-13,3,2022,0.1,7.4,5.91,0.0,13.61,0.0,1136230.0,5.18,58.93,2022-10-13 02:00:00
2022-10-14,3,2022,0.0,7.3,6.29,0.0,13.84,0.0,1118956.0,7.34,0.0,2022-10-14 02:00:00
2022-10-15,3,2022,2.1,7.4,5.64,0.0,17.89,0.0,1151086.0,5.29,28.68,2022-10-15 02:00:00
2022-10-16,3,2022,4.0,7.1,5.65,0.9,18.06,0.0,1104300.0,3.13,55.79,2022-10-16 02:00:00
2022-10-17,3,2022,0.9,7.7,5.21,0.5,12.23,0.0,1127767.0,6.82,11.68,2022-10-17 02:00:00
2022-10-18,3,2022,0.0,7.2,6.05,0.9,10.26,0.0,1143485.0,7.19,0.0,2022-10-18 02:00:00
2022-10-19,3,2022,0.0,7.8,6.29,1.3,9.57,0.0,1150234.0,7.84,0.0,2022-10-19 02:00:00
2022-10-20,3,2022,2.3,7.3,5.65,0.3,16.92,0.0,1119325.0,4.94,31.99,2022-10-20 02:00:00
2022-10-21,3,2022,0.0,7.9,6.1,0.3,11.52,0.0,1192552.0,4.51,85.42,2022-10-21 02:00:00
2022-10-22,3,2022,0.0,7.3,5.73,0.0,10.62,0.0,1129598.0,7.31,0.0,2022-10-22 02:00:00
2022-10-23,3,2022,0.9,7.8,6.63,0.0,11.73,0.0,1143008.0,6.94,11.24,2022-10-23 02:00:00
2022-10-24,3,2022,0.5,7.8,6.38,0.0,6.78,0.0,1144741.0,7.33,6.38,2022-10-24 02:00:00
2022-10-25,3,2022,0.7,7.7,5.83,1.7,7.98,0.0,1174639.0,6.99,9.59,2022-10-25 02:00:00
2022-10-26,3,2022,0.0,7.4,6.48,1.1,7.64,0.0,1186719.0,7.38,0.0,2022-10-26 02:00:00
2022-10-27,3,2022,0.0,7.5,5.52,0.7,4.14,0.0,1150528.0,7.5,0.0,2022-10-27 02:00:00
2022-10-28,3,2022,0.1,7.5,6.56,0.0,12.99,0.0,1209011.0,7.39,0.81,2022-10-28 02:00:00
2022-10-29,3,2022,1.2,7.1,5.37,0.0,11.33,0.0,1178620.0,5.89,17.17,2022-10-29 02:00:00
2022-10-30,3,2022,1.2,7.7,5.68,0.3,8.02,0.0,1152889.0,6.54,15.14,2022-10-30 02:00:00
2022-10-31,3,2022,1.4,6.9,6.29,0.5,11.27,0.0,1168844.0,5.48,20.02,2022-10-31 02:00:00
2022-11-01,3,2022,0.6,7.2,5.89,1.2,9.7,0.0,1207330.0,6.61,8.51,2022-11-01 02:00:00
2022-11-02,3,2022,0.0,7.5,6.78,0.0,13.2,0.0,1185725.0,7.48,0.0,2022-11-02 02:00:00
2022-11-03,3,2022,0.8,7.2,6.09,0.0,12.01,0.0,1180461.0,6.42,10.53,2022-11-03 02:00:00
2022-11-04,3,2022,3.0,7.3,5.59,0.0,14.47,0.0,1208748.0,1.14,126.82,2022-11-04 02:00:00
2022-11-05,3,2022,0.0,7.5,6.35,0.2,5.47,0.0,1217322.0,7.46,0.0,2022-11-05 02:00:00
2022-11-06,3,2022,1.5,7.3,5.72,0.5,16.76,0.0,1167832.0,5.81,20.79,2022-11-06 02:00:00
2022-11-07,3,2022,3.6,6.9,6.21,0.4,18.01,0.0,1191480.0,3.37,51.36,2022-11-07 02:00:00
2022-11-08,3,2022,0.0,7.3,5.62,0.2,7.2,0.0,1188052.0,7.3,0.0,2022-11-08 02:00:00
2022-11-09,3,2022,0.0,7.9,5.64,0.1,13.72,0.0,1211509.0,7.95,0.0,2022-11-09 02:00:00
2022-11-10,3,2022,1.4,7.5,6.77,0.6,9.6,0.0,1200886.0,6.1,19.14,2022-11-10 02:00:00
2022-11-11,3,2022,0.0,7.6,5.92,0.0,12.11,0.0,1240580.0,7.61,0.0,2022-11-11 02:00:00
2022-11-12,3,2022,0.2,7.0,6.33,0.2,1.61,0.0,1207737.0,6.77,3.46,2022-11-12 02:00:00
2022-11-13,3,2022,2.1,7.4,6.2,0.0,13.52,0.0,1189069.0,5.22,28.94,2022-11-13 02:00:00
2022-11-14,3,2022,4.7,7.4,6.34,0.8,23.4,0.0,1198379.0,2.75,63.07,2022-11-14 02:00:00
2022-11-15,3,2022,0.0,7.2,6.42,1.6,4.78,0.0,1208521.0,7.22,0.0,2022-11-15 02:00:00
2022-11-16,3,2022,1.1,7.7,6.08,0.2,11.45,0.0,1225393.0,3.19,102.45,2022-11-16 02:00:00
2022-11-17,3,2022,7.4,7.0,6.21,0.2,29.39,0.0,1214872.0,-0.46,106.62,2022-11-17 02:00:00
2022-11-18,3,2022,3.3,7.9,5.98,1.5,18.35,0.0,1244710.0,4.6,42.01,2022-11-18 02:00:00
2022-11-19,3,2022,1.4,7.1,5.97,1.2,11.29,0.0,1239599.0,5.64,20.39,2022-11-19 02:00:00
2022-11-20,3,2022,1.4,7.6,5.87,0.3,15.14,0.0,1183122.0,6.21,18.45,2022-11-20 02:00:00
2022-11-21,3,2022,1.3,7.6,6.08,0.0,8.46,0.0,1225211.0,6.28,17.27,2022-11-21 02:00:00
2022-11-22,3,2022,1.4,7.4,6.08,1.9,14.35,0.0,1215134.0,6.02,18.6,2022-11-22 02:00:00
2022-11-23,3,2022,5.1,7.3,5.5,0.0,23.83,0.0,1236586.0,2.18,70.04,2022-11-23 02:00:00
2022-11-24,3,2022,0.5,7.0,5.52,0.0,11.72,0.0,1212018.0,6.55,6.89,2022-11-24 02:00:00
2022-11-25,3,2022,0.8,7.5,5.63,0.0,15.55,0.0,1250744.0,6.7,10.47,2022-11-25 02:00:00
2022-11-26,3,2022,1.7,7.8,5.72,2.6,16.03,0.0,1249195.0,6.06,22.25,2022-11-26 02:00:00
2022-11-27,3,2022,2.9,7.5,5.88,1.5,16.15,0.0,1245935.0,4.66,38.03,2022-11-27 02:00:00
2022-11-28,3,2022,2.5,7.4,6.46,0.9,15.16,0.0,1256371.0,4.85,34.1,2022-11-28 02:00:00
2022-11-29,3,2022,0.9,7.2,6.85,1.3,11.14,0.0,1240104.0,6.34,11.83,2022-11-29 02:00:00
2022-11-30,3,2022,1.9,7.7,5.93,1.3,12.04,0.0,1282396.0,5.88,24.16,2022-11-30 02:00:00
2022-12-01,3,2022,3.2,7.7,6.24,0.7,16.65,0.0,1262050.0,4.49,41.72,2022-12-01 02:00:00
2022-12-02,3,2022,0.2,7.8,6.1,0.4,12.34,0.0,1222385.0,7.58,2.4,2022-12-02 02:00:00
2022-12-03,3,2022,0.0,8.1,6.2,0.6,8.62,0.0,1203087.0,8.06,0.0,2022-12-03 02:00:00
2022-12-04,3,2022,0.6,7.3,6.59,0.0,8.94,0.0,1266841.0,6.64,8.5,2022-12-04 02:00:00
2022-12-05,3,2022,1.2,7.9,5.89,0.0,18.99,0.0,1214134.0,6.71,14.92,2022-12-05 02:00:00
2022-12-06,3,2022,0.0,7.7,6.81,0.0,9.96,0.0,1262300.0,7.72,0.0,2022-12-06 02:00:00
2022-12-07,3,2022,3.7,7.8,6.74,0.6,22.11,0.0,1251159.0,4.17,46.83,2022-12-07 02:00:00
2022-12-08,3,2022,0.0,7.3,5.72,0.0,5.05,0.0,1306066.0,2.95,118.3,2022-12-08 02:00:00
2022-12-09,3,2022,0.0,7.8,6.17,0.0,12.09,0.0,1306118.0,3.62,106.96,2022-12-09 02:00:00
2022-12-10,3,2022,0.3,7.9,6.04,0.0,8.3,0.0,1325033.0,7.63,3.24,2022-12-10 02:00:00
2022-12-11,3,2022,0.0,7.9,5.82,0.0,13.28,0.0,1313636.0,7.95,0.0,2022-12-11 02:00:00
2022-12-12,3,2022,8.4,7.7,6.7,2.7,32.57,0.0,1307227.0,-3.56,182.81,2022-12-12 02:00:00
2022-12-13,3,2022,0.5,7.6,5.91,0.0,5.14,0.0,1423490.0,2.26,134.17,2022-12-13 02:00:00
2022-12-14,3,2022,3.3,7.2,6.79,1.5,23.94,0.0,1357689.0,3.91,45.73,2022-12-14 02:00:00
2022-12-15,3,2022,0.9,7.4,5.78,0.0,9.65,0.0,1392337.0,6.47,12.72,2022-12-15 02:00:00
2022-12-16,3,2022,1.4,7.4,6.24,0.0,9.95,0.0,1381099.0,5.95,19.38,2022-12-16 02:00:00
2022-12-17,3,2022,6.2,7.6,6.06,1.7,22.6,0.0,1403303.0,1.38,81.77,2022-12-17 02:00:00
2022-12-18,3,2022,0.0,7.2,6.56,0.0,14.67,0.0,1404125.0,7.24,0.0,2022-12-18 02:00:00
2022-12-19,3,2022,3.6,7.3,5.78,0.6,15.54,0.0,1398060.0,3.7,49.39,2022-12-19 02:00:00
2022-12-20,3,2022,1.5,7.6,6.17,0.3,12.68,0.0,1373384.0,6.09,19.53,2022-12-20 02:00:00
2022-12-21,3,2022,0.3,7.1,6.34,0.0,8.64,0.0,1366399.0,6.78,4.52,2022-12-21 02:00:00
2022-12-22,3,2022,0.0,7.4,5.77,0.0,5.59,0.0,1382982.0,7.44,0.0,2022-12-22 02:00:00
2022-12-23,3,2022,0.6,7.5,5.82,0.0,9.2,0.0,1386316.0,6.95,7.84,2022-12-23 02:00:00
2022-12-24,3,2022,1.0,7.8,5.46,0.0,14.08,0.0,1386112.0,6.83,12.75,2022-12-24 02:00:00
2022-12-25,3,2022,0.7,8.3,6.18,0.5,7.61,0.0,1347237.0,7.59,8.65,2022-12-25 02:00:00
2022-12-26,3,2022,1.8,7.9,6.06,1.1,17.41,0.0,1408827.0,6.02,23.4,2022-12-26 02:00:00
2022-12-27,3,2022,6.4,7.7,6.34,1.3,23.85,0.0,1382587.0,1.36,82.41,2022-12-27 02:00:00
2022-12-28,3,2022,0.0,8.0,6.01,0.6,11.05,0.0,1364075.0,8.0,0.0,2022-12-28 02:00:00
2022-12-29,3,2022,1.6,7.7,6.49,0.8,11.32,0.0,1375377.0,6.11,20.83,2022-12-29 02:00:00
2022-12-30,3,2022,1.6,7.7,6.29,0.2,18.12,0.0,1387160.0,6.11,21.16,2022-12-30 02:00:00
2022-12-31,3,2022,0.0,8.1,6.43,0.1,11.27,0.0,1382015.0,8.07,0.0,2022-12-31 02:00:00
2020-01-02,4,2020,0.8,5.9,4.87,1.2,13.48,4947749.0,76215.0,5.08,13.96,2020-01-02 02:00:00
2020-01-03,4,2020,4.0,6.4,4.96,2.0,25.61,4929328.0,95302.0,2.42,62.07,2020-01-03 02:00:00
2020-01-04,4,2020,3.4,6.6,4.28,0.8,17.7,4834540.0,98165.0,3.14,52.35,2020-01-04 02:00:00
2020-01-05,4,2020,2.3,5.7,4.6,0.9,14.23,4875960.0,90575.0,3.31,41.53,2020-01-05 02:00:00
2020-01-06,4,2020,3.8,6.3,4.0,0.4,17.35,4817285.0,49430.0,2.53,59.73,2020-01-06 02:00:00
2020-01-07,4,2020,0.7,6.4,4.79,0.3,12.4,4693249.0,111648.0,5.65,11.32,2020-01-07 02:00:00
2020-01-08,4,2020,1.4,6.0,5.36,1.0,10.89,4740105.0,120598.0,4.59,23.19,2020-01-08 02:00:00
2020-01-09,4,2020,4.3,5.6,4.86,1.1,16.38,4695372.0,93574.0,1.31,76.64,2020-01-09 02:00:00
2020-01-10,4,2020,0.2,6.2,5.8,0.6,6.79,4673109.0,98103.0,5.98,3.03,2020-01-10 02:00:00
2020-01-11,4,2020,0.8,6.0,4.98,0.0,13.09,4564450.0,110508.0,5.12,14.08,2020-01-11 02:00:00
2020-01-12,4,2020,4.7,5.9,5.16,1.2,21.13,4642517.0,86593.0,1.19,79.67,2020-01-12 02:00:00
2020-01-13,4,2020,0.7,6.0,4.31,0.0,13.2,4478127.0,77477.0,5.32,11.18,2020-01-13 02:00:00
2020-01-14,4,2020,0.8,6.3,4.55,0.0,16.78,4492884.0,96025.0,5.5,12.43,2020-01-14 02:00:00
2020-01-15,4,2020,1.3,6.3,5.33,0.0,12.16,4329975.0,103523.0,5.04,20.23,2020-01-15 02:00:00
2020-01-16,4,2020,0.7,6.2,4.34,0.1,10.2,4360064.0,117447.0,5.43,11.99,2020-01-16 02:00:00
2020-01-17,4,2020,5.4,6.7,4.79,2.1,22.47,4386869.0,77791.0,1.26,81.21,2020-01-17 02:00:00
2020-01-18,4,2020,1.9,5.8,4.7,1.8,13.61,4337397.0,98465.0,3.83,33.51,2020-01-18 02:00:00
2020-01-19,4,2020,0.5,6.2,4.79,0.0,7.73,4273875.0,88275.0,5.63,8.74,2020-01-19 02:00:00
2020-01-20,4,2020,5.6,6.1,5.44,0.0,18.96,4295657.0,94860.0,0.51,91.68,2020-01-20 02:00:00
2020-01-21,4,2020,1.4,6.0,5.01,0.0,18.73,4198864.0,119386.0,4.63,23.08,2020-01-21 02:00:00
2020-01-22,4,2020,2.4,6.2,5.12,0.3,18.5,4218891.0,108720.0,3.8,38.3,2020-01-22 02:00:00
2020-01-23,4,2020,3.0,5.9,4.9,1.1,14.84,4150570.0,96954.0,2.93,50.44,2020-01-23 02:00:00
2020-01-24,4,2020,2.8,6.3,5.01,0.0,16.09,4175394.0,124368.0,3.5,44.5,2020-01-24 02:00:00
2020-01-25,4,2020,0.2,5.8,4.89,0.0,11.81,4075730.0,93218.0,5.58,3.6,2020-01-25 02:00:00
2020-01-26,4,2020,1.2,6.1,4.68,1.7,19.73,4115292.0,99092.0,4.82,20.41,2020-01-26 02:00:00
2020-01-27,4,2020,2.4,6.6,4.82,0.5,15.85,3890559.0,128047.0,4.24,35.71,2020-01-27 02:00:00
2020-01-28,4,2020,1.5,6.4,5.46,0.0,15.37,3920728.0,150163.0,2.73,91.27,2020-01-28 02:00:00
2020-01-29,4,2020,1.5,6.0,4.66,0.0,14.44,3911773.0,162415.0,0.11,170.76,2020-01-29 02:00:00
2020-01-30,4,2020,1.8,6.1,4.99,2.7,20.28,3822828.0,177813.0,4.28,29.55,2020-01-30 02:00:00
2020-01-31,4,2020,3.1,6.3,5.25,1.8,13.89,3850254.0,182438.0,1.77,94.67,2020-01-31 02:00:00
2020-02-01,4,2020,0.0,6.3,5.37,0.4,7.38,3730772.0,163692.0,6.26,0.0,2020-02-01 02:00:00
2020-02-02,4,2020,2.2,6.5,5.35,2.4,16.31,3732320.0,197109.0,4.29,33.96,2020-02-02 02:00:00
2020-02-03,4,2020,7.2,6.6,5.81,1.0,28.65,3718093.0,167232.0,-0.58,108.78,2020-02-03 02:00:00
2020-02-04,4,2020,5.8,6.7,4.85,0.0,20.46,3779345.0,126763.0,0.95,85.86,2020-02-04 02:00:00
2020-02-05,4,2020,0.1,6.0,4.92,0.0,9.13,3741329.0,208367.0,5.88,1.72,2020-02-05 02:00:00
2020-02-06,4,2020,2.9,5.7,5.37,0.2,18.38,3577531.0,172402.0,2.75,51.61,2020-02-06 02:00:00
2020-02-07,4,2020,0.0,6.5,5.17,0.0,13.85,3508892.0,160231.0,6.54,0.0,2020-02-07 02:00:00
2020-02-08,4,2020,2.2,5.8,5.22,0.7,13.36,3477014.0,192172.0,3.57,37.91,2020-02-08 02:00:00
2020-02-09,4,2020,0.4,6.5,4.63,0.9,6.61,3438750.0,201543.0,1.6,144.67,2020-02-09 02:00:00
2020-02-10,4,2020,0.1,6.3,4.49,0.0,14.93,3341121.0,255711.0,6.2,1.24,2020-02-10 02:00:00
2020-02-11,4,2020,3.7,6.1,5.43,1.4,15.74,3294520.0,236701.0,2.39,60.87,2020-02-11 02:00:00
2020-02-12,4,2020,0.0,6.1,4.75,0.0,11.71,3307817.0,199786.0,6.1,0.0,2020-02-12 02:00:00
2020-02-13,4,2020,0.6,5.9,5.11,0.0,8.53,3207877.0,292920.0,0.56,171.19,2020-02-13 02:00:00
2020-02-14,4,2020,1.8,6.1,5.0,0.2,16.91,3112001.0,286180.0,4.34,29.38,2020-02-14 02:00:00
2020-02-15,4,2020,6.5,6.4,4.76,0.8,29.56,3203407.0,315690.0,-0.19,102.98,2020-02-15 02:00:00
2020-02-16,4,2020,4.0,6.4,5.01,1.0,17.71,3204998.0,279697.0,2.44,61.91,2020-02-16 02:00:00
2020-02-17,4,2020,0.6,6.2,4.57,0.5,10.7,3169170.0,299346.0,5.58,10.34,2020-02-17 02:00:00
2020-02-18,4,2020,0.0,6.6,5.22,0.0,9.73,3058048.0,314885.0,6.56,0.31,2020-02-18 02:00:00
2020-02-19,4,2020,2.2,6.2,4.95,1.5,21.35,3006505.0,240048.0,3.96,35.65,2020-02-19 02:00:00
2020-02-20,4,2020,2.6,6.2,5.47,0.5,12.67,3048877.0,335340.0,-1.04,192.19,2020-02-20 02:00:00
2020-02-21,4,2020,2.3,6.5,4.87,0.1,10.15,2998102.0,324823.0,4.16,35.67,2020-02-21 02:00:00
2020-02-22,4,2020,1.2,6.2,4.61,0.9,10.1,2855176.0,314440.0,4.93,20.13,2020-02-22 02:00:00
2020-02-23,4,2020,0.9,6.1,4.9,0.0,12.55,2841361.0,344128.0,2.26,111.31,2020-02-23 02:00:00
2020-02-24,4,2020,0.1,6.7,5.51,0.5,8.04,2772954.0,335620.0,6.55,1.71,2020-02-24 02:00:00
2020-02-25,4,2020,1.3,6.1,4.83,0.0,9.75,2679899.0,339932.0,4.73,21.88,2020-02-25 02:00:00
2020-02-26,4,2020,0.6,6.7,5.26,0.9,14.25,2646103.0,306642.0,6.11,8.67,2020-02-26 02:00:00
2020-02-27,4,2020,0.5,6.4,5.34,0.1,8.7,2496811.0,366669.0,3.86,71.9,2020-02-27 02:00:00
2020-02-28,4,2020,0.0,7.1,4.21,0.2,5.61,2602183.0,345105.0,7.12,0.0,2020-02-28 02:00:00
2020-02-29,4,2020,2.6,6.0,4.6,0.7,16.91,2674823.0,395093.0,3.34,44.12,2020-02-29 02:00:00
2020-03-01,4,2020,1.8,6.1,5.09,0.0,15.58,2390912.0,380750.0,4.29,29.47,2020-03-01 02:00:00
2020-03-02,4,2020,2.4,6.1,5.46,0.0,12.87,2419931.0,373801.0,3.69,39.16,2020-03-02 02:00:00
2020-03-03,4,2020,0.3,6.4,5.5,0.0,5.15,2293119.0,398418.0,6.15,4.26,2020-03-03 02:00:00
2020-03-04,4,2020,0.6,6.0,4.12,0.9,12.56,2335824.0,370003.0,5.4,10.72,2020-03-04 02:00:00
2020-03-05,4,2020,0.8,5.8,5.91,0.0,9.18,2243803.0,353860.0,5.03,13.58,2020-03-05 02:00:00
2020-03-06,4,2020,0.5,7.0,4.89,0.7,14.82,2208622.0,348184.0,6.55,6.53,2020-03-06 02:00:00
2020-03-07,4,2020,1.0,6.0,5.47,0.0,10.39,2145860.0,353539.0,4.96,17.24,2020-03-07 02:00:00
2020-03-08,4,2020,3.4,6.0,4.59,0.0,19.52,2000101.0,359590.0,2.61,56.3,2020-03-08 02:00:00
2020-03-09,4,2020,0.0,6.3,5.66,1.0,14.44,2123467.0,393227.0,4.3,63.45,2020-03-09 02:00:00
2020-03-10,4,2020,0.1,6.3,5.08,0.0,11.2,2023761.0,396378.0,6.17,1.78,2020-03-10 02:00:00
2020-03-11,4,2020,0.6,5.9,4.91,0.4,11.4,1889003.0,390211.0,5.35,9.57,2020-03-11 02:00:00
2020-03-12,4,2020,0.4,6.9,5.01,0.0,9.34,1896727.0,376173.0,6.43,6.41,2020-03-12 02:00:00
2020-03-13,4,2020,0.6,6.8,5.83,0.5,7.51,1823711.0,400072.0,6.21,8.59,2020-03-13 02:00:00
2020-03-14,4,2020,0.0,6.1,4.91,0.0,11.53,1699879.0,399611.0,6.1,0.0,2020-03-14 02:00:00
2020-03-15,4,2020,4.6,6.5,4.8,0.7,24.41,1750712.0,378654.0,1.85,71.39,2020-03-15 02:00:00
2020-03-16,4,2020,2.5,6.2,5.57,2.0,20.93,1685869.0,389744.0,3.74,39.94,2020-03-16 02:00:00
2020-03-17,4,2020,0.4,6.9,5.8,0.0,11.77,1563591.0,391044.0,6.53,5.35,2020-03-17 02:00:00
2020-03-18,4,2020,0.5,6.4,5.63,0.2,11.9,1647635.0,383934.0,5.97,7.29,2020-03-18 02:00:00
2020-03-19,4,2020,0.3,6.4,4.79,1.2,15.1,1472753.0,442425.0,2.08,130.99,2020-03-19 02:00:00
2020-03-20,4,2020,1.6,6.5,6.78,0.0,11.06,1484410.0,421337.0,4.89,25.1,2020-03-20 02:00:00
2020-03-21,4,2020,1.0,6.5,5.92,0.0,8.83,1385730.0,429875.0,5.41,16.18,2020-03-21 02:00:00
2020-03-22,4,2020,0.0,7.0,5.54,0.0,11.89,1259336.0,487761.0,6.97,0.0,2020-03-22 02:00:00
2020-03-23,4,2020,7.2,6.3,5.82,1.8,36.69,1332448.0,428230.0,-0.91,114.46,2020-03-23 02:00:00
2020-03-24,4,2020,1.3,5.9,5.62,0.0,12.46,1412600.0,426428.0,4.66,21.71,2020-03-24 02:00:00
2020-03-25,4,2020,4.6,6.8,5.76,1.1,27.45,1256414.0,478645.0,2.21,67.35,2020-03-25 02:00:00
2020-03-26,4,2020,0.3,6.7,5.2,0.7,9.32,1247670.0,431068.0,6.39,4.8,2020-03-26 02:00:00
2020-03-27,4,2020,0.7,6.2,5.14,0.0,12.82,1062607.0,422457.0,4.2,52.03,2020-03-27 02:00:00
2020-03-28,4,2020,0.0,6.0,5.19,0.0,5.2,1040504.0,446862.0,5.97,0.0,2020-03-28 02:00:00
2020-03-29,4,2020,0.5,6.4,5.84,0.4,11.59,1044920.0,437488.0,5.84,8.59,2020-03-29 02:00:00
2020-03-30,4,2020,0.0,6.6,5.05,0.0,13.05,888052.0,453322.0,6.56,0.0,2020-03-30 02:00:00
2020-03-31,4,2020,0.6,7.2,4.91,0.0,8.2,967924.0,431728.0,6.55,8.74,2020-03-31 02:00:00
2020-04-01,4,2020,0.6,6.7,4.93,0.6,16.71,819956.0,434927.0,3.83,75.66,2020-04-01 02:00:00
2020-04-02,4,2020,4.7,6.4,5.01,0.0,21.88,895439.0,480857.0,-1.93,187.4,2020-04-02 02:00:00
2020-04-03,4,2020,0.5,6.4,6.2,0.0,12.55,837723.0,537685.0,5.85,8.34,2020-04-03 02:00:00
2020-04-04,4,2020,3.4,6.6,6.24,1.1,13.26,780008.0,555500.0,1.34,107.21,2020-04-04 02:00:00
2020-04-05,4,2020,2.3,6.6,4.8,0.2,18.4,709441.0,526242.0,4.28,35.45,2020-04-05 02:00:00
2020-04-06,4,2020,2.0,6.3,6.01,0.6,13.39,661488.0,513135.0,4.33,31.05,2020-04-06 02:00:00
2020-04-07,4,2020,5.4,6.0,5.54,1.6,27.47,636597.0,477717.0,0.58,90.28,2020-04-07 02:00:00
2020-04-08,4,2020,4.1,6.5,5.31,0.0,16.27,678250.0,498205.0,2.4,62.8,2020-04-08 02:00:00
2020-04-09,4,2020,0.4,6.2,4.98,0.0,10.05,557154.0,511209.0,5.85,5.74,2020-04-09 02:00:00
2020-04-10,4,2020,0.8,6.4,5.1,0.1,7.81,481306.0,543461.0,5.58,12.65,2020-04-10 02:00:00
2020-04-11,4,2020,0.0,7.3,4.95,0.0,13.34,485143.0,523079.0,7.27,0.0,2020-04-11 02:00:00
2020-04-12,4,2020,5.2,6.4,5.25,0.7,23.26,459797.0,517227.0,1.22,80.93,2020-04-12 02:00:00
2020-04-13,4,2020,0.2,6.9,5.18,0.0,10.91,341183.0,509560.0,6.65,3.03,2020-04-13 02:00:00
2020-04-14,4,2020,3.1,6.5,4.59,1.0,21.07,233689.0,555502.0,3.42,47.46,2020-04-14 02:00:00
2020-04-15,4,2020,0.3,6.5,5.42,0.9,10.95,335478.0,523395.0,6.19,5.24,2020-04-15 02:00:00
2020-04-16,4,2020,0.6,6.4,4.67,0.0,13.18,185078.0,520802.0,5.75,9.7,2020-04-16 02:00:00
2020-04-17,4,2020,0.6,6.2,5.39,1.2,14.18,168193.0,539984.0,5.63,9.36,2020-04-17 02:00:00
2020-04-18,4,2020,0.1,6.2,5.69,0.0,5.27,33773.0,530170.0,3.63,80.76,2020-04-18 02:00:00
2020-04-19,4,2020,1.0,6.9,5.31,1.0,14.91,19580.0,560594.0,5.9,14.76,2020-04-19 02:00:00
2020-04-20,4,2020,3.8,5.8,5.16,0.0,18.15,114661.0,550307.0,2.04,64.84,2020-04-20 02:00:00
2020-04-21,4,2020,0.4,6.3,5.29,0.4,7.82,0.0,569856.0,5.89,6.53,2020-04-21 02:00:00
2020-04-22,4,2020,0.0,6.2,6.18,1.1,11.85,0.0,539068.0,6.17,0.43,2020-04-22 02:00:00
2020-04-23,4,2020,1.0,6.8,5.94,0.0,13.96,0.0,547764.0,5.81,14.66,2020-04-23 02:00:00
2020-04-24,4,2020,0.7,6.9,5.84,0.0,14.38,0.0,599997.0,1.42,148.3,2020-04-24 02:00:00
2020-04-25,4,2020,0.8,6.6,5.93,0.6,15.48,0.0,614167.0,4.28,57.46,2020-04-25 02:00:00
2020-04-26,4,2020,4.2,6.8,5.04,0.3,24.03,0.0,602076.0,2.57,62.0,2020-04-26 02:00:00
2020-04-27,4,2020,4.8,5.9,4.7,1.5,19.38,0.0,591183.0,1.16,80.4,2020-04-27 02:00:00
2020-04-28,4,2020,2.4,6.1,4.69,1.6,16.42,0.0,602354.0,3.72,39.51,2020-04-28 02:00:00
2020-04-29,4,2020,0.6,5.9,5.24,1.4,13.92,0.0,629609.0,5.24,11.02,2020-04-29 02:00:00
2020-04-30,4,2020,0.0,6.5,5.81,0.0,10.83,0.0,569110.0,6.48,0.0,2020-04-30 02:00:00
2020-05-01,4,2020,3.6,6.9,5.37,1.0,16.71,0.0,600753.0,3.27,52.69,2020-05-01 02:00:00
2020-05-02,4,2020,5.1,6.9,5.16,1.6,24.53,0.0,616634.0,1.84,73.51,2020-05-02 02:00:00
2020-05-03,4,2020,0.1,6.0,6.11,0.0,9.12,0.0,609205.0,5.86,2.29,2020-05-03 02:00:00
2020-05-04,4,2020,0.5,6.3,5.29,0.0,13.38,0.0,630278.0,5.79,8.5,2020-05-04 02:00:00
2020-05-05,4,2020,1.6,6.9,5.58,0.0,15.0,0.0,568767.0,5.29,22.99,2020-05-05 02:00:00
2020-05-06,4,2020,3.7,6.7,5.7,1.4,23.71,0.0,625280.0,3.05,54.74,2020-05-06 02:00:00
2020-05-07,4,2020,0.0,6.0,6.46,0.0,7.72,0.0,624144.0,4.41,53.14,2020-05-07 02:00:00
2020-05-08,4,2020,0.6,6.8,5.8,1.0,14.95,0.0,616918.0,6.17,8.95,2020-05-08 02:00:00
2020-05-09,4,2020,1.1,7.1,4.82,0.8,13.14,0.0,606622.0,5.98,15.39,2020-05-09 02:00:00
2020-05-10,4,2020,0.1,6.4,4.89,0.8,8.65,0.0,613872.0,6.35,1.16,2020-05-10 02:00:00
2020-05-11,4,2020,1.1,6.8,5.45,0.9,14.95,0.0,636752.0,5.72,15.51,2020-05-11 02:00:00
2020-05-12,4,2020,2.0,7.1,5.17,0.0,16.24,0.0,636801.0,5.17,27.56,2020-05-12 02:00:00
2020-05-13,4,2020,2.8,6.4,5.36,0.0,14.96,0.0,645401.0,3.61,43.72,2020-05-13 02:00:00
2020-05-14,4,2020,0.2,6.8,5.56,0.0,9.43,0.0,644670.0,2.44,126.01,2020-05-14 02:00:00
2020-05-15,4,2020,0.4,7.1,4.76,0.1,16.48,0.0,651705.0,6.69,6.15,2020-05-15 02:00:00
2020-05-16,4,2020,1.0,6.8,6.03,0.0,9.61,0.0,676414.0,5.87,14.21,2020-05-16 02:00:00
2020-05-17,4,2020,1.5,6.8,5.44,0.3,13.35,0.0,666697.0,5.28,21.85,2020-05-17 02:00:00
2020-05-18,4,2020,1.5,6.8,5.98,0.0,13.07,0.0,682328.0,5.37,21.29,2020-05-18 02:00:00
2020-05-19,4,2020,0.0,6.2,5.31,0.6,6.05,0.0,667831.0,6.17,0.43,2020-05-19 02:00:00
2020-05-20,4,2020,2.2,6.8,5.53,0.0,10.18,0.0,624889.0,4.58,32.72,2020-05-20 02:00:00
2020-05-21,4,2020,2.2,7.7,5.7,0.0,20.43,0.0,711666.0,2.71,101.32,2020-05-21 02:00:00
2020-05-22,4,2020,0.7,6.6,5.7,0.0,14.36,0.0,739470.0,5.86,10.98,2020-05-22 02:00:00
2020-05-23,4,2020,0.0,6.6,5.03,0.6,7.35,0.0,703277.0,6.62,0.0,2020-05-23 02:00:00
2020-05-24,4,2020,0.0,7.2,5.39,0.0,7.53,0.0,688123.0,7.17,0.0,2020-05-24 02:00:00
2020-05-25,4,2020,3.1,6.9,5.75,1.5,19.45,0.0,694851.0,3.8,45.18,2020-05-25 02:00:00
2020-05-26,4,2020,0.7,6.9,5.59,0.0,12.59,0.0,692850.0,5.14,41.14,2020-05-26 02:00:00
2020-05-27,4,2020,3.0,6.8,6.23,1.0,20.12,0.0,709069.0,3.76,44.45,2020-05-27 02:00:00
2020-05-28,4,2020,1.6,6.4,6.6,0.4,11.98,0.0,727334.0,4.79,25.02,2020-05-28 02:00:00
2020-05-29,4,2020,5.7,6.1,5.35,1.4,24.4,0.0,712135.0,0.4,93.48,2020-05-29 02:00:00
2020-05-30,4,2020,4.1,6.1,6.13,1.1,17.91,0.0,710636.0,2.05,66.65,2020-05-30 02:00:00
2020-05-31,4,2020,0.0,7.1,5.03,0.0,10.12,0.0,747493.0,7.05,0.57,2020-05-31 02:00:00
2020-06-01,4,2020,1.7,6.6,5.25,0.0,14.31,0.0,680325.0,4.92,25.96,2020-06-01 02:00:00
2020-06-02,4,2020,0.0,6.5,5.73,0.0,15.08,0.0,709109.0,6.48,0.0,2020-06-02 02:00:00
2020-06-03,4,2020,0.0,6.9,5.67,0.3,11.86,0.0,730685.0,6.93,0.0,2020-06-03 02:00:00
2020-06-04,4,2020,0.3,6.9,6.04,0.0,10.74,0.0,785252.0,2.56,120.43,2020-06-04 02:00:00
2020-06-05,4,2020,0.3,6.2,5.1,0.9,9.04,0.0,704042.0,5.95,4.71,2020-06-05 02:00:00
2020-06-06,4,2020,7.3,6.5,5.47,1.8,33.05,0.0,715634.0,-0.82,112.73,2020-06-06 02:00:00
2020-06-07,4,2020,0.2,6.5,5.29,1.6,12.07,0.0,741358.0,4.13,69.77,2020-06-07 02:00:00
2020-06-08,4,2020,1.1,7.2,5.3,1.4,12.23,0.0,758621.0,6.07,15.41,2020-06-08 02:00:00
2020-06-09,4,2020,0.4,6.8,5.91,0.2,7.13,0.0,748248.0,6.38,5.53,2020-06-09 02:00:00
2020-06-10,4,2020,0.0,6.2,5.36,0.0,9.89,0.0,793588.0,6.16,0.0,2020-06-10 02:00:00
2020-06-11,4,2020,0.8,6.7,5.39,0.8,11.67,0.0,781142.0,5.83,12.62,2020-06-11 02:00:00
2020-06-12,4,2020,2.9,7.2,5.06,0.3,19.82,0.0,741196.0,4.34,39.93,2020-06-12 02:00:00
2020-06-13,4,2020,0.2,7.3,5.09,2.0,13.92,0.0,794263.0,7.05,2.9,2020-06-13 02:00:00
2020-06-14,4,2020,0.0,6.5,5.82,0.4,11.2,0.0,786940.0,1.46,154.35,2020-06-14 02:00:00
2020-06-15,4,2020,0.0,7.3,4.96,0.0,12.35,0.0,863719.0,7.24,0.45,2020-06-15 02:00:00
2020-06-16,4,2020,5.5,6.6,5.3,1.0,24.26,0.0,796663.0,1.05,84.0,2020-06-16 02:00:00
2020-06-17,4,2020,0.2,6.7,5.33,0.0,10.9,0.0,822520.0,6.53,2.27,2020-06-17 02:00:00
2020-06-18,4,2020,0.0,6.9,5.03,0.9,4.94,0.0,817453.0,6.94,0.0,2020-06-18 02:00:00
2020-06-19,4,2020,1.3,6.4,5.79,0.7,17.91,0.0,825382.0,5.11,20.81,2020-06-19 02:00:00
2020-06-20,4,2020,4.9,6.8,5.63,0.8,20.59,0.0,804264.0,1.94,71.64,2020-06-20 02:00:00
2020-06-21,4,2020,0.3,7.1,6.62,0.0,11.71,0.0,782761.0,6.87,3.68,2020-06-21 02:00:00
2020-06-22,4,2020,12.7,6.6,5.33,2.4,40.9,0.0,809739.0,-6.12,193.06,2020-06-22 02:00:00
2020-06-23,4,2020,0.5,6.8,5.11,0.8,10.32,0.0,813840.0,6.38,6.76,2020-06-23 02:00:00
2020-06-24,4,2020,0.3,7.5,5.4,1.4,2.81,0.0,819407.0,7.17,4.24,2020-06-24 02:00:00
2020-06-25,4,2020,0.0,6.4,5.19,0.8,12.13,0.0,789109.0,6.42,0.0,2020-06-25 02:00:00
2020-06-26,4,2020,2.1,5.9,5.5,0.0,13.87,0.0,819318.0,3.84,34.97,2020-06-26 02:00:00
2020-06-27,4,2020,1.1,7.0,5.22,0.8,12.33,0.0,824599.0,5.84,16.32,2020-06-27 02:00:00
2020-06-28,4,2020,0.0,6.7,5.6,0.6,7.58,0.0,812379.0,6.75,0.0,2020-06-28 02:00:00
2020-06-29,4,2020,0.7,7.2,5.26,0.0,15.36,0.0,796610.0,6.52,9.33,2020-06-29 02:00:00
2020-06-30,4,2020,0.2,6.8,5.58,0.0,6.7,0.0,834820.0,2.16,133.2,2020-06-30 02:00:00
2020-07-01,4,2020,0.2,6.6,5.49,0.8,16.22,0.0,871531.0,6.48,2.5,2020-07-01 02:00:00
2020-07-02,4,2020,0.6,6.6,5.92,0.4,10.63,0.0,858235.0,5.97,9.54,2020-07-02 02:00:00
2020-07-03,4,2020,0.0,6.7,5.69,0.4,10.66,0.0,881376.0,6.74,0.0,2020-07-03 02:00:00
2020-07-04,4,2020,0.1,6.8,5.53,0.4,6.34,0.0,856611.0,6.75,1.2,2020-07-04 02:00:00
2020-07-05,4,2020,3.1,7.7,5.9,0.5,16.35,0.0,856891.0,4.6,39.98,2020-07-05 02:00:00
2020-07-06,4,2020,0.1,6.6,5.83,0.5,10.65,0.0,855535.0,6.51,1.12,2020-07-06 02:00:00
2020-07-07,4,2020,1.3,6.8,5.53,1.7,11.25,0.0,861300.0,5.45,19.84,2020-07-07 02:00:00
2020-07-08,4,2020,0.0,6.5,5.94,0.8,12.47,0.0,843954.0,6.47,0.0,2020-07-08 02:00:00
2020-07-09,4,2020,1.6,7.2,5.28,0.0,17.97,0.0,881600.0,5.66,21.92,2020-07-09 02:00:00
2020-07-10,4,2020,0.1,7.0,5.15,0.4,12.93,0.0,865375.0,6.9,1.39,2020-07-10 02:00:00
2020-07-11,4,2020,0.4,7.4,5.52,0.5,8.02,0.0,832325.0,6.95,6.03,2020-07-11 02:00:00
2020-07-12,4,2020,5.1,7.1,6.24,0.0,23.96,0.0,877460.0,2.04,71.41,2020-07-12 02:00:00
2020-07-13,4,2020,0.1,7.2,4.85,0.0,8.13,0.0,922532.0,4.98,60.56,2020-07-13 02:00:00
2020-07-14,4,2020,1.4,7.0,5.1,0.0,14.2,0.0,846331.0,5.62,19.62,2020-07-14 02:00:00
2020-07-15,4,2020,0.9,6.7,5.82,0.8,14.43,0.0,886964.0,5.81,13.15,2020-07-15 02:00:00
2020-07-16,4,2020,1.1,7.4,6.2,0.8,15.83,0.0,867340.0,6.29,14.66,2020-07-16 02:00:00
2020-07-17,4,2020,2.8,6.6,5.44,0.0,18.25,0.0,897613.0,3.72,43.35,2020-07-17 02:00:00
2020-07-18,4,2020,0.4,7.2,5.76,0.5,9.84,0.0,862627.0,6.8,5.87,2020-07-18 02:00:00
2020-07-19,4,2020,0.3,6.9,6.02,1.1,10.66,0.0,894643.0,6.61,4.69,2020-07-19 02:00:00
2020-07-20,4,2020,0.6,7.1,5.56,0.3,7.26,0.0,866005.0,6.57,7.75,2020-07-20 02:00:00
2020-07-21,4,2020,1.1,6.8,6.01,0.0,15.6,0.0,880652.0,5.76,15.47,2020-07-21 02:00:00
2020-07-22,4,2020,2.4,6.6,5.23,0.4,14.71,0.0,850099.0,4.22,36.0,2020-07-22 02:00:00
2020-07-23,4,2020,7.3,6.9,4.82,1.1,26.65,0.0,841171.0,-0.41,105.96,2020-07-23 02:00:00
2020-07-24,4,2020,0.0,6.7,6.2,0.0,9.82,0.0,869492.0,6.72,0.0,2020-07-24 02:00:00
2020-07-25,4,2020,1.5,6.8,5.34,1.2,12.04,0.0,886986.0,5.23,22.74,2020-07-25 02:00:00
2020-07-26,4,2020,1.7,6.9,6.11,0.4,11.84,0.0,879043.0,5.2,24.54,2020-07-26 02:00:00
2020-07-27,4,2020,0.3,7.1,5.86,0.3,14.21,0.0,857988.0,6.75,4.36,2020-07-27 02:00:00
2020-07-28,4,2020,3.9,7.0,5.82,1.4,31.68,0.0,892820.0,3.19,54.73,2020-07-28 02:00:00
2020-07-29,4,2020,1.6,7.3,5.68,0.9,11.85,0.0,884658.0,5.69,22.48,2020-07-29 02:00:00
2020-07-30,4,2020,0.0,7.4,5.18,0.2,9.22,0.0,852033.0,7.41,0.0,2020-07-30 02:00:00
2020-07-31,4,2020,0.0,7.0,5.3,0.0,16.08,0.0,868953.0,7.02,0.0,2020-07-31 02:00:00
2020-08-01,4,2020,1.1,7.2,5.48,0.0,10.84,0.0,873944.0,6.07,15.53,2020-08-01 02:00:00
2020-08-02,4,2020,0.0,6.8,5.97,0.9,8.4,0.0,875376.0,6.79,0.0,2020-08-02 02:00:00
2020-08-03,4,2020,0.0,7.1,5.47,0.0,6.51,0.0,860396.0,7.09,0.0,2020-08-03 02:00:00
2020-08-04,4,2020,4.6,7.2,5.39,1.0,22.24,0.0,862376.0,2.58,64.23,2020-08-04 02:00:00
2020-08-05,4,2020,1.7,7.0,6.1,0.2,14.72,0.0,875779.0,5.3,24.08,2020-08-05 02:00:00
2020-08-06,4,2020,0.0,6.5,6.3,0.1,15.59,0.0,871036.0,6.52,0.0,2020-08-06 02:00:00
2020-08-07,4,2020,0.6,7.2,6.31,0.2,11.89,0.0,893100.0,6.65,7.83,2020-08-07 02:00:00
2020-08-08,4,2020,1.2,7.0,5.66,1.9,15.62,0.0,903541.0,5.77,17.35,2020-08-08 02:00:00
2020-08-09,4,2020,1.1,7.5,5.8,0.0,11.02,0.0,885561.0,6.42,14.3,2020-08-09 02:00:00
2020-08-10,4,2020,0.1,6.8,5.27,0.0,8.63,0.0,924419.0,6.72,1.32,2020-08-10 02:00:00
2020-08-11,4,2020,0.0,6.6,6.27,0.0,10.81,0.0,864083.0,6.6,0.0,2020-08-11 02:00:00
2020-08-12,4,2020,2.8,6.8,6.05,1.2,23.0,0.0,909861.0,4.03,40.84,2020-08-12 02:00:00
2020-08-13,4,2020,0.0,7.0,5.53,0.0,7.8,0.0,846598.0,6.98,0.0,2020-08-13 02:00:00
2020-08-14,4,2020,0.0,7.7,5.88,0.0,15.09,0.0,882395.0,7.66,0.0,2020-08-14 02:00:00
2020-08-15,4,2020,0.6,7.5,6.31,0.1,17.22,0.0,873677.0,6.86,8.3,2020-08-15 02:00:00
2020-08-16,4,2020,1.1,7.2,5.49,0.6,16.85,0.0,940456.0,2.34,119.19,2020-08-16 02:00:00
2020-08-17,4,2020,0.0,7.3,6.26,1.1,16.19,0.0,912031.0,7.29,0.0,2020-08-17 02:00:00
2020-08-18,4,2020,0.0,6.7,6.7,0.0,11.67,0.0,901772.0,6.7,0.0,2020-08-18 02:00:00
2020-08-19,4,2020,0.4,6.9,5.38,0.0,11.7,0.0,910398.0,6.51,6.25,2020-08-19 02:00:00
2020-08-20,4,2020,0.1,7.2,5.92,0.0,10.98,0.0,907944.0,7.1,1.41,2020-08-20 02:00:00
2020-08-21,4,2020,5.8,6.8,5.19,2.5,23.17,0.0,917972.0,0.97,85.62,2020-08-21 02:00:00
2020-08-22,4,2020,0.0,7.2,5.94,0.6,12.99,0.0,948474.0,7.18,0.0,2020-08-22 02:00:00
2020-08-23,4,2020,0.4,7.7,5.27,0.0,8.3,0.0,936274.0,7.37,4.57,2020-08-23 02:00:00
2020-08-24,4,2020,0.0,7.8,5.17,0.0,10.51,0.0,924275.0,7.82,0.0,2020-08-24 02:00:00
2020-08-25,4,2020,0.0,6.6,6.36,0.0,5.42,0.0,895763.0,6.61,0.0,2020-08-25 02:00:00
2020-08-26,4,2020,0.3,7.4,5.71,0.0,5.95,0.0,954525.0,2.44,129.69,2020-08-26 02:00:00
2020-08-27,4,2020,0.7,7.2,5.82,0.1,9.5,0.0,969259.0,6.57,9.07,2020-08-27 02:00:00
2020-08-28,4,2020,2.6,6.5,5.84,0.0,21.07,0.0,953353.0,3.88,40.4,2020-08-28 02:00:00
2020-08-29,4,2020,0.1,7.4,5.48,0.2,8.02,0.0,949534.0,7.27,1.52,2020-08-29 02:00:00
2020-08-30,4,2020,0.2,6.8,6.55,0.7,15.4,0.0,990134.0,4.98,52.19,2020-08-30 02:00:00
2020-08-31,4,2020,0.0,7.2,5.88,0.0,12.31,0.0,989343.0,7.19,0.0,2020-08-31 02:00:00
2020-09-01,4,2020,0.0,7.4,5.32,0.0,14.46,0.0,967910.0,7.43,0.0,2020-09-01 02:00:00
2020-09-02,4,2020,0.7,7.4,6.2,0.3,11.42,0.0,953484.0,6.68,9.41,2020-09-02 02:00:00
2020-09-03,4,2020,0.0,6.7,6.06,0.0,9.94,0.0,967379.0,6.72,0.0,2020-09-03 02:00:00
2020-09-04,4,2020,2.5,7.1,6.04,0.2,14.28,0.0,979272.0,4.6,34.78,2020-09-04 02:00:00
2020-09-05,4,2020,0.0,7.4,6.27,0.0,8.78,0.0,1005689.0,3.43,107.26,2020-09-05 02:00:00
2020-09-06,4,2020,1.0,7.1,5.17,1.6,12.59,0.0,1016112.0,6.13,14.2,2020-09-06 02:00:00
2020-09-07,4,2020,3.6,7.7,5.96,0.8,17.89,0.0,1036835.0,4.15,46.21,2020-09-07 02:00:00
2020-09-08,4,2020,2.5,7.0,5.1,1.4,16.54,0.0,1024693.0,4.48,36.02,2020-09-08 02:00:00
2020-09-09,4,2020,2.5,7.2,5.95,1.7,17.11,0.0,1033429.0,4.67,34.76,2020-09-09 02:00:00
2020-09-10,4,2020,0.1,6.4,6.01,0.0,10.46,0.0,1010204.0,6.27,1.88,2020-09-10 02:00:00
2020-09-11,4,2020,0.0,6.7,5.48,0.2,12.25,0.0,1029786.0,6.73,0.0,2020-09-11 02:00:00
2020-09-12,4,2020,0.6,7.6,6.17,0.0,10.68,0.0,1025425.0,7.07,7.3,2020-09-12 02:00:00
2020-09-13,4,2020,2.9,7.4,6.33,0.0,13.9,0.0,1018189.0,4.51,38.78,2020-09-13 02:00:00
2020-09-14,4,2020,0.0,6.9,6.08,0.0,7.13,0.0,1045110.0,6.89,0.0,2020-09-14 02:00:00
2020-09-15,4,2020,0.0,7.0,6.38,0.0,11.25,0.0,1000796.0,7.03,0.0,2020-09-15 02:00:00
2020-09-16,4,2020,0.0,7.7,6.06,0.6,9.82,0.0,1003058.0,7.67,0.0,2020-09-16 02:00:00
2020-09-17,4,2020,0.0,7.2,6.46,0.0,7.58,0.0,1041516.0,7.19,0.0,2020-09-17 02:00:00
2020-09-18,4,2020,0.9,7.0,5.12,0.0,10.76,0.0,1051995.0,4.04,72.62,2020-09-18 02:00:00
2020-09-19,4,2020,0.0,6.8,4.97,0.0,11.0,0.0,1036979.0,6.83,0.0,2020-09-19 02:00:00
2020-09-20,4,2020,0.1,7.4,6.63,0.0,5.59,0.0,1037103.0,7.23,1.71,2020-09-20 02:00:00
2020-09-21,4,2020,1.4,7.4,5.17,0.3,13.56,0.0,1027617.0,6.05,18.69,2020-09-21 02:00:00
2020-09-22,4,2020,3.2,8.0,5.7,1.0,18.84,0.0,1088388.0,1.22,129.01,2020-09-22 02:00:00
2020-09-23,4,2020,0.9,7.6,5.5,1.9,7.91,0.0,1111828.0,3.56,94.27,2020-09-23 02:00:00
2020-09-24,4,2020,0.0,7.1,6.02,0.0,6.83,0.0,1084523.0,7.06,0.0,2020-09-24 02:00:00
2020-09-25,4,2020,0.5,7.0,5.84,0.9,9.06,0.0,1066622.0,6.44,7.62,2020-09-25 02:00:00
2020-09-26,4,2020,0.0,7.2,5.69,1.1,12.17,0.0,1094856.0,7.24,0.0,2020-09-26 02:00:00
2020-09-27,4,2020,6.4,7.1,5.69,1.2,26.45,0.0,1111863.0,-0.49,124.69,2020-09-27 02:00:00
2020-09-28,4,2020,0.0,7.3,5.01,0.0,6.51,0.0,1121966.0,7.34,0.0,2020-09-28 02:00:00
2020-09-29,4,2020,0.0,7.4,4.72,0.2,5.88,0.0,1098101.0,7.39,0.0,2020-09-29 02:00:00
2020-09-30,4,2020,0.0,7.1,5.97,1.2,8.04,0.0,1133635.0,7.13,0.0,2020-09-30 02:00:00
2020-10-01,4,2020,0.4,7.3,6.0,0.1,15.28,0.0,1097296.0,6.89,5.27,2020-10-01 02:00:00
2020-10-02,4,2020,2.3,6.9,5.93,1.1,15.47,0.0,1125660.0,4.53,34.12,2020-10-02 02:00:00
2020-10-03,4,2020,0.0,7.7,6.32,0.0,10.74,0.0,1119675.0,6.29,36.62,2020-10-03 02:00:00
2020-10-04,4,2020,0.0,7.5,5.79,0.5,10.7,0.0,1101095.0,7.49,0.0,2020-10-04 02:00:00
2020-10-05,4,2020,0.9,7.4,5.3,1.3,15.41,0.0,1220323.0,2.01,133.23,2020-10-05 02:00:00
2020-10-06,4,2020,0.0,6.9,5.71,0.0,13.03,0.0,1171995.0,6.95,0.0,2020-10-06 02:00:00
2020-10-07,4,2020,1.7,7.0,5.8,0.2,19.13,0.0,1182233.0,5.29,24.6,2020-10-07 02:00:00
2020-10-08,4,2020,0.0,7.0,5.2,0.0,10.29,0.0,1212036.0,7.03,0.0,2020-10-08 02:00:00
2020-10-09,4,2020,1.4,7.4,6.44,1.1,12.63,0.0,1162326.0,5.92,19.65,2020-10-09 02:00:00
2020-10-10,4,2020,2.5,7.4,5.73,0.0,15.34,0.0,1195951.0,4.81,34.57,2020-10-10 02:00:00
2020-10-11,4,2020,0.0,7.2,6.96,0.0,8.09,0.0,1236493.0,2.88,119.21,2020-10-11 02:00:00
2020-10-12,4,2020,0.2,7.0,5.47,0.4,9.75,0.0,1233732.0,6.74,3.22,2020-10-12 02:00:00
2020-10-13,4,2020,0.0,7.6,5.62,0.0,4.48,0.0,1225618.0,7.62,0.0,2020-10-13 02:00:00
2020-10-14,4,2020,0.8,7.7,5.62,0.7,11.56,0.0,1221336.0,6.87,10.96,2020-10-14 02:00:00
2020-10-15,4,2020,3.1,7.6,5.89,0.6,13.37,0.0,1235484.0,4.51,40.86,2020-10-15 02:00:00
2020-10-16,4,2020,1.5,7.4,6.37,0.4,16.08,0.0,1199253.0,5.87,20.76,2020-10-16 02:00:00
2020-10-17,4,2020,0.3,7.4,6.06,0.7,14.32,0.0,1235936.0,7.16,3.42,2020-10-17 02:00:00
2020-10-18,4,2020,0.0,7.6,5.5,0.0,10.17,0.0,1233113.0,7.57,0.0,2020-10-18 02:00:00
2020-10-19,4,2020,3.3,7.1,5.87,0.0,23.76,0.0,1238349.0,1.81,102.09,2020-10-19 02:00:00
2020-10-20,4,2020,0.0,7.3,5.64,0.2,13.15,0.0,1226360.0,7.29,0.0,2020-10-20 02:00:00
2020-10-21,4,2020,1.2,7.0,6.48,0.0,17.2,0.0,1247895.0,5.74,17.88,2020-10-21 02:00:00
2020-10-22,4,2020,2.7,7.6,6.12,1.3,14.39,0.0,1284212.0,4.84,36.14,2020-10-22 02:00:00
2020-10-23,4,2020,0.1,7.3,6.32,0.3,12.45,0.0,1275614.0,7.16,1.73,2020-10-23 02:00:00
2020-10-24,4,2020,0.0,7.4,5.98,0.4,3.46,0.0,1233102.0,7.44,0.0,2020-10-24 02:00:00
2020-10-25,4,2020,0.0,7.4,4.87,0.4,10.2,0.0,1274820.0,7.35,0.0,2020-10-25 02:00:00
2020-10-26,4,2020,0.1,6.8,5.78,0.4,15.49,0.0,1241015.0,6.7,1.25,2020-10-26 02:00:00
2020-10-27,4,2020,7.6,7.0,6.29,1.2,35.04,0.0,1263689.0,-0.63,108.99,2020-10-27 02:00:00
2020-10-28,4,2020,0.6,7.4,5.77,0.9,15.2,0.0,1253634.0,6.73,8.65,2020-10-28 02:00:00
2020-10-29,4,2020,0.0,8.2,6.64,0.0,13.25,0.0,1247387.0,8.18,0.0,2020-10-29 02:00:00
2020-10-30,4,2020,0.0,7.2,6.43,1.1,8.19,0.0,1250231.0,7.17,0.0,2020-10-30 02:00:00
2020-10-31,4,2020,1.4,8.0,5.76,1.1,15.36,0.0,1226259.0,6.6,17.15,2020-10-31 02:00:00
2020-11-01,4,2020,0.6,7.8,5.89,1.6,12.14,0.0,1245552.0,7.22,7.92,2020-11-01 02:00:00
2020-11-02,4,2020,0.0,8.1,6.31,1.5,8.98,0.0,1236871.0,8.05,0.0,2020-11-02 02:00:00
2020-11-03,4,2020,2.8,7.5,5.63,0.0,21.11,0.0,1235902.0,4.72,36.93,2020-11-03 02:00:00
2020-11-04,4,2020,0.5,7.8,5.83,0.4,9.27,0.0,1261654.0,7.34,5.84,2020-11-04 02:00:00
2020-11-05,4,2020,4.2,7.7,5.31,1.0,12.46,0.0,1266070.0,3.48,54.71,2020-11-05 02:00:00
2020-11-06,4,2020,2.6,7.5,5.62,0.7,21.03,0.0,1240973.0,4.88,34.48,2020-11-06 02:00:00
2020-11-07,4,2020,2.2,7.6,6.27,0.8,18.48,0.0,1267832.0,5.37,29.06,2020-11-07 02:00:00
2020-11-08,4,2020,0.0,6.7,5.95,0.0,8.86,0.0,1260557.0,6.68,0.0,2020-11-08 02:00:00
2020-11-09,4,2020,1.1,7.4,6.43,0.6,12.3,0.0,1258606.0,6.28,14.89,2020-11-09 02:00:00
2020-11-10,4,2020,2.9,7.8,5.33,0.1,18.06,0.0,1231676.0,4.93,36.63,2020-11-10 02:00:00
2020-11-11,4,2020,1.2,7.5,5.94,0.6,12.78,0.0,1254761.0,6.31,15.48,2020-11-11 02:00:00
2020-11-12,4,2020,2.8,7.8,6.8,0.0,23.04,0.0,1262987.0,1.38,128.56,2020-11-12 02:00:00
2020-11-13,4,2020,0.0,7.8,6.18,0.0,8.2,0.0,1314934.0,7.84,0.0,2020-11-13 02:00:00
2020-11-14,4,2020,0.0,8.1,6.49,0.1,13.57,0.0,1299998.0,8.05,0.1,2020-11-14 02:00:00
2020-11-15,4,2020,0.0,8.0,5.87,0.0,12.54,0.0,1257496.0,7.96,0.0,2020-11-15 02:00:00
2020-11-16,4,2020,1.8,7.5,6.17,0.0,18.74,0.0,1295341.0,5.7,23.92,2020-11-16 02:00:00
2020-11-17,4,2020,5.0,7.5,5.4,1.2,24.39,0.0,1325324.0,2.54,66.36,2020-11-17 02:00:00
2020-11-18,4,2020,0.3,7.6,5.58,0.0,9.8,0.0,1303892.0,7.27,4.16,2020-11-18 02:00:00
2020-11-19,4,2020,0.0,7.6,5.81,0.0,13.89,0.0,1259604.0,7.56,0.0,2020-11-19 02:00:00
2020-11-20,4,2020,1.3,7.5,5.95,0.0,11.47,0.0,1299495.0,6.21,17.63,2020-11-20 02:00:00
2020-11-21,4,2020,5.7,7.6,6.01,0.4,23.03,0.0,1322330.0,1.9,75.07,2020-11-21 02:00:00
2020-11-22,4,2020,0.0,7.2,5.53,0.0,16.68,0.0,1273614.0,7.17,0.0,2020-11-22 02:00:00
2020-11-23,4,2020,6.7,7.3,6.18,0.3,30.47,0.0,1282101.0,0.52,92.88,2020-11-23 02:00:00
2020-11-24,4,2020,0.0,7.6,5.13,0.0,10.27,0.0,1318928.0,4.79,74.35,2020-11-24 02:00:00
2020-11-25,4,2020,0.0,7.5,6.01,0.0,8.24,0.0,1319830.0,7.51,0.0,2020-11-25 02:00:00
2020-11-26,4,2020,5.7,7.3,5.47,1.3,22.69,0.0,1284722.0,1.65,77.47,2020-11-26 02:00:00
2020-11-27,4,2020,3.3,7.7,6.86,0.0,18.06,0.0,1305192.0,4.41,42.47,2020-11-27 02:00:00
2020-11-28,4,2020,2.0,7.5,5.86,0.3,13.49,0.0,1316007.0,2.95,95.15,2020-11-28 02:00:00
2020-11-29,4,2020,2.4,8.2,7.23,0.0,20.09,0.0,1313019.0,5.76,29.65,2020-11-29 02:00:00
2020-11-30,4,2020,1.3,7.3,6.79,0.5,10.9,0.0,1341904.0,6.02,18.01,2020-11-30 02:00:00
2020-12-01,4,2020,1.8,7.6,5.72,0.0,11.16,0.0,1285196.0,5.89,22.99,2020-12-01 02:00:00
2020-12-02,4,2020,0.4,7.6,6.2,0.0,18.47,0.0,1303657.0,7.27,4.67,2020-12-02 02:00:00
2020-12-03,4,2020,4.7,7.8,6.26,1.9,21.02,0.0,1312919.0,0.6,124.62,2020-12-03 02:00:00
2020-12-04,4,2020,0.0,7.4,6.97,1.0,10.52,0.0,1393848.0,7.43,0.0,2020-12-04 02:00:00
2020-12-05,4,2020,0.0,7.3,6.21,0.6,17.16,0.0,1380272.0,7.35,0.0,2020-12-05 02:00:00
2020-12-06,4,2020,9.6,8.2,6.89,3.2,33.73,0.0,1325390.0,-1.41,117.27,2020-12-06 02:00:00
2020-12-07,4,2020,1.8,7.9,5.75,0.0,14.92,0.0,1406966.0,2.14,122.78,2020-12-07 02:00:00
2020-12-08,4,2020,0.0,7.6,6.89,0.5,14.08,0.0,1364204.0,7.63,0.0,2020-12-08 02:00:00
2020-12-09,4,2020,1.6,7.7,5.85,0.2,20.2,0.0,1381892.0,6.14,20.73,2020-12-09 02:00:00
2020-12-10,4,2020,0.8,7.3,6.54,0.7,12.34,0.0,1391237.0,6.48,11.35,2020-12-10 02:00:00
2020-12-11,4,2020,0.3,7.4,5.77,0.0,13.05,0.0,1375704.0,7.15,3.9,2020-12-11 02:00:00
2020-12-12,4,2020,0.3,7.6,5.82,0.0,10.73,0.0,1358151.0,7.31,3.95,2020-12-12 02:00:00
2020-12-13,4,2020,3.6,7.4,5.57,1.6,17.79,0.0,1394248.0,3.8,48.72,2020-12-13 02:00:00
2020-12-14,4,2020,2.1,7.3,6.15,2.4,17.59,0.0,1400784.0,5.24,28.41,2020-12-14 02:00:00
2020-12-15,4,2020,1.3,7.9,6.57,2.1,15.89,0.0,1435630.0,2.73,115.09,2020-12-15 02:00:00
2020-12-16,4,2020,0.0,7.6,7.12,0.0,10.99,0.0,1398849.0,7.65,0.0,2020-12-16 02:00:00
2020-12-17,4,2020,0.0,7.9,6.88,0.0,7.5,0.0,1421218.0,7.86,0.0,2020-12-17 02:00:00
2020-12-18,4,2020,0.1,7.4,6.07,1.2,8.63,0.0,1410752.0,7.35,1.0,2020-12-18 02:00:00
2020-12-19,4,2020,0.0,7.6,5.76,1.4,5.65,0.0,1477163.0,7.64,0.0,2020-12-19 02:00:00
2020-12-20,4,2020,1.4,7.4,6.5,0.0,12.4,0.0,1438991.0,6.0,19.02,2020-12-20 02:00:00
2020-12-21,4,2020,0.0,7.7,6.58,1.4,13.24,0.0,1478713.0,7.7,0.0,2020-12-21 02:00:00
2020-12-22,4,2020,1.0,7.3,6.1,0.5,10.17,0.0,1423595.0,6.22,14.34,2020-12-22 02:00:00
2020-12-23,4,2020,0.0,7.2,6.32,0.0,11.38,0.0,1408829.0,7.21,0.0,2020-12-23 02:00:00
2020-12-24,4,2020,0.7,8.0,6.25,0.0,15.95,0.0,1455615.0,7.3,9.23,2020-12-24 02:00:00
2020-12-25,4,2020,1.0,7.6,6.18,0.0,11.56,0.0,1470624.0,6.65,12.98,2020-12-25 02:00:00
2020-12-26,4,2020,2.0,7.6,6.17,0.4,17.09,0.0,1418065.0,5.62,26.5,2020-12-26 02:00:00
2020-12-27,4,2020,0.0,7.5,5.75,0.0,7.29,0.0,1465840.0,7.48,0.0,2020-12-27 02:00:00
2020-12-28,4,2020,0.0,7.6,6.16,0.0,16.29,0.0,1475011.0,7.64,0.0,2020-12-28 02:00:00
2020-12-29,4,2020,0.5,7.4,6.15,0.0,12.07,0.0,1406842.0,6.84,7.37,2020-12-29 02:00:00
2020-12-30,4,2020,0.0,7.3,5.96,0.0,10.83,0.0,1423905.0,7.28,0.0,2020-12-30 02:00:00
2020-12-31,4,2020,0.0,7.8,6.31,0.0,5.39,0.0,1460058.0,7.81,0.0,2020-12-31 02:00:00
2021-01-01,4,2021,0.2,5.4,4.68,0.5,11.99,4965891.0,101077.0,5.18,3.5,2021-01-01 02:00:00
2021-01-02,4,2021,3.3,6.2,5.24,0.5,19.77,4999264.0,119078.0,1.74,90.84,2021-01-02 02:00:00
2021-01-03,4,2021,1.1,6.7,5.03,0.9,10.13,4847856.0,103642.0,5.61,16.3,2021-01-03 02:00:00
2021-01-04,4,2021,2.4,6.1,4.97,0.1,17.28,4843093.0,105426.0,3.73,38.95,2021-01-04 02:00:00
2021-01-05,4,2021,1.6,6.3,5.67,0.3,11.77,4868310.0,77109.0,4.71,25.17,2021-01-05 02:00:00
2021-01-06,4,2021,0.4,6.2,4.93,0.3,9.65,4705890.0,100865.0,5.83,6.62,2021-01-06 02:00:00
2021-01-07,4,2021,0.1,5.9,5.48,0.0,8.99,4652533.0,152597.0,1.83,137.06,2021-01-07 02:00:00
2021-01-08,4,2021,3.1,6.1,5.57,0.0,13.46,4590810.0,197949.0,-1.62,202.24,2021-01-08 02:00:00
2021-01-09,4,2021,1.2,6.4,4.48,1.0,12.39,4527113.0,179542.0,5.17,18.7,2021-01-09 02:00:00
2021-01-10,4,2021,4.0,6.1,5.6,0.0,18.2,4536071.0,198337.0,2.09,65.88,2021-01-10 02:00:00
2021-01-11,4,2021,0.0,6.2,4.61,0.2,10.76,4508274.0,199057.0,6.22,0.0,2021-01-11 02:00:00
2021-01-12,4,2021,4.0,6.0,5.24,0.8,15.91,4507089.0,189040.0,1.97,67.18,2021-01-12 02:00:00
2021-01-13,4,2021,1.6,5.7,5.2,0.1,12.99,4397510.0,199104.0,4.07,28.33,2021-01-13 02:00:00
2021-01-14,4,2021,0.2,6.0,4.59,0.0,6.33,4380636.0,196488.0,5.8,3.56,2021-01-14 02:00:00
2021-01-15,4,2021,2.7,6.5,4.88,0.0,17.76,4252919.0,150971.0,3.8,41.9,2021-01-15 02:00:00
2021-01-16,4,2021,2.9,5.7,4.32,0.5,11.1,4354788.0,159421.0,2.86,50.03,2021-01-16 02:00:00
2021-01-17,4,2021,3.4,6.2,4.89,0.0,19.01,4255966.0,263092.0,-1.4,190.02,2021-01-17 02:00:00
2021-01-18,4,2021,0.0,6.0,5.4,0.0,11.7,4204716.0,215626.0,5.99,0.0,2021-01-18 02:00:00
2021-01-19,4,2021,1.4,6.5,5.09,0.5,12.45,4138308.0,188473.0,5.06,22.06,2021-01-19 02:00:00
2021-01-20,4,2021,3.1,6.2,4.87,0.0,21.92,4095653.0,268655.0,3.1,50.04,2021-01-20 02:00:00
2021-01-21,4,2021,3.8,6.0,5.77,1.0,25.32,4150315.0,222577.0,2.27,62.29,2021-01-21 02:00:00
2021-01-22,4,2021,3.5,5.9,5.58,0.0,23.06,4081491.0,223679.0,2.41,59.07,2021-01-22 02:00:00
2021-01-23,4,2021,0.8,6.8,5.14,0.6,18.49,4038743.0,238847.0,5.97,12.12,2021-01-23 02:00:00
2021-01-24,4,2021,2.8,6.3,5.27,0.9,14.92,4036556.0,253919.0,3.5,44.86,2021-01-24 02:00:00
2021-01-25,4,2021,0.3,6.4,5.58,1.1,8.75,3887105.0,247552.0,4.94,42.3,2021-01-25 02:00:00
2021-01-26,4,2021,3.7,6.3,4.5,0.8,15.89,3887971.0,264683.0,-0.97,172.14,2021-01-26 02:00:00
2021-01-27,4,2021,3.8,6.2,4.97,0.4,18.89,3875083.0,280583.0,2.4,61.25,2021-01-27 02:00:00
2021-01-28,4,2021,0.3,6.2,5.05,0.8,6.37,3933158.0,270737.0,5.91,4.23,2021-01-28 02:00:00
2021-01-29,4,2021,0.0,6.7,3.92,0.0,11.0,3846989.0,263285.0,6.67,0.16,2021-01-29 02:00:00
2021-01-30,4,2021,10.3,5.8,5.2,2.0,41.39,3777485.0,292669.0,-4.45,176.24,2021-01-30 02:00:00
2021-01-31,4,2021,1.4,5.8,5.21,0.7,9.6,3762192.0,322703.0,0.75,149.57,2021-01-31 02:00:00
2021-02-01,4,2021,1.3,6.2,4.51,0.8,11.53,3716425.0,289819.0,4.91,20.46,2021-02-01 02:00:00
2021-02-02,4,2021,0.8,6.9,5.52,0.0,13.0,3687849.0,323435.0,6.06,12.02,2021-02-02 02:00:00
2021-02-03,4,2021,1.8,6.3,5.38,0.6,9.58,3603219.0,338900.0,4.51,28.75,2021-02-03 02:00:00
2021-02-04,4,2021,0.8,6.0,5.26,0.0,9.95,3604246.0,316780.0,5.18,13.46,2021-02-04 02:00:00
2021-02-05,4,2021,2.7,6.6,5.43,0.0,14.81,3518556.0,321549.0,3.92,40.96,2021-02-05 02:00:00
2021-02-06,4,2021,0.1,6.6,4.97,0.8,10.35,3472798.0,330928.0,6.47,2.04,2021-02-06 02:00:00
2021-02-07,4,2021,1.0,5.9,4.75,0.6,11.5,3375171.0,343868.0,4.85,17.74,2021-02-07 02:00:00
2021-02-08,4,2021,1.2,5.9,5.3,0.8,15.03,3380060.0,351702.0,1.96,112.22,2021-02-08 02:00:00
2021-02-09,4,2021,0.2,6.1,5.07,0.3,6.54,3371954.0,376978.0,3.43,84.47,2021-02-09 02:00:00
2021-02-10,4,2021,1.3,5.7,5.44,0.3,15.16,3102387.0,372385.0,4.42,22.19,2021-02-10 02:00:00
2021-02-11,4,2021,0.4,6.4,5.33,0.1,10.2,3148277.0,384867.0,5.97,6.4,2021-02-11 02:00:00
2021-02-12,4,2021,1.3,6.4,5.35,0.0,14.93,3198871.0,398367.0,5.08,20.41,2021-02-12 02:00:00
2021-02-13,4,2021,1.1,6.0,4.68,0.7,10.88,3077169.0,357245.0,4.96,17.63,2021-02-13 02:00:00
2021-02-14,4,2021,0.5,6.3,5.23,0.2,11.62,3036621.0,361427.0,5.76,8.62,2021-02-14 02:00:00
2021-02-15,4,2021,2.3,6.7,5.06,1.5,11.51,3017430.0,396130.0,4.49,33.5,2021-02-15 02:00:00
2021-02-16,4,2021,6.2,5.6,4.9,1.4,21.58,2968451.0,408004.0,-4.16,238.86,2021-02-16 02:00:00
2021-02-17,4,2021,0.5,6.2,4.92,0.0,8.85,2931292.0,417893.0,5.71,8.64,2021-02-17 02:00:00
2021-02-18,4,2021,1.7,6.2,5.3,1.4,14.98,2987971.0,413491.0,2.9,79.74,2021-02-18 02:00:00
2021-02-19,4,2021,1.4,6.5,5.04,0.5,11.1,2918941.0,449234.0,5.08,21.48,2021-02-19 02:00:00
2021-02-20,4,2021,3.2,6.2,5.58,0.0,19.6,2861756.0,430983.0,3.04,51.1,2021-02-20 02:00:00
2021-02-21,4,2021,4.0,5.8,4.94,2.0,21.74,2770758.0,444113.0,1.77,69.26,2021-02-21 02:00:00
2021-02-22,4,2021,3.8,6.1,4.96,0.9,17.36,2739420.0,410159.0,2.37,61.32,2021-02-22 02:00:00
2021-02-23,4,2021,0.4,6.8,5.73,1.3,7.79,2679845.0,430867.0,6.43,6.1,2021-02-23 02:00:00
2021-02-24,4,2021,0.3,6.5,5.56,1.4,13.04,2647116.0,424619.0,6.2,3.98,2021-02-24 02:00:00
2021-02-25,4,2021,0.0,6.5,4.81,0.0,12.05,2577727.0,434299.0,6.52,0.0,2021-02-25 02:00:00
2021-02-26,4,2021,1.2,5.9,5.32,0.1,11.06,2515961.0,405792.0,4.66,20.53,2021-02-26 02:00:00
2021-02-27,4,2021,9.2,6.5,5.32,1.5,37.46,2628013.0,430688.0,-2.67,141.07,2021-02-27 02:00:00
2021-02-28,4,2021,1.5,6.8,5.13,0.0,15.65,2528729.0,431902.0,5.34,21.47,2021-02-28 02:00:00
2021-03-01,4,2021,0.0,6.3,4.29,0.0,9.64,2376412.0,431600.0,6.27,0.0,2021-03-01 02:00:00
2021-03-02,4,2021,2.1,6.5,5.65,0.1,15.42,2421375.0,414077.0,4.4,32.66,2021-03-02 02:00:00
2021-03-03,4,2021,0.6,6.5,5.33,1.5,11.9,2347722.0,419466.0,5.86,9.81,2021-03-03 02:00:00
2021-03-04,4,2021,0.4,6.8,5.23,0.5,10.4,2269279.0,457231.0,6.37,5.97,2021-03-04 02:00:00
2021-03-05,4,2021,7.6,6.6,5.41,1.1,25.0,2367282.0,414432.0,-1.08,116.43,2021-03-05 02:00:00
2021-03-06,4,2021,8.8,6.0,5.21,0.8,32.39,2402532.0,454714.0,-6.37,250.0,2021-03-06 02:00:00
2021-03-07,4,2021,1.8,6.7,5.6,0.0,11.57,2251763.0,477039.0,4.91,27.0,2021-03-07 02:00:00
2021-03-08,4,2021,0.2,5.7,5.67,0.0,9.67,2319435.0,479047.0,5.53,3.09,2021-03-08 02:00:00
2021-03-09,4,2021,0.2,6.5,4.84,0.0,12.02,2085319.0,435764.0,6.35,2.84,2021-03-09 02:00:00
2021-03-10,4,2021,0.0,6.1,5.28,1.2,6.58,2100941.0,449310.0,6.11,0.01,2021-03-10 02:00:00
2021-03-11,4,2021,0.8,6.1,5.54,0.4,16.1,2019111.0,469633.0,5.31,13.08,2021-03-11 02:00:00
2021-03-12,4,2021,2.6,6.6,5.09,0.0,16.1,2024967.0,463434.0,3.98,39.35,2021-03-12 02:00:00
2021-03-13,4,2021,2.5,6.4,5.0,0.4,20.26,2003434.0,452335.0,3.9,38.93,2021-03-13 02:00:00
2021-03-14,4,2021,2.6,6.9,4.81,0.6,16.86,1915038.0,486814.0,4.3,38.09,2021-03-14 02:00:00
2021-03-15,4,2021,3.0,6.2,6.08,0.2,21.88,1894622.0,434315.0,3.18,48.91,2021-03-15 02:00:00
2021-03-16,4,2021,2.0,6.8,4.49,0.0,10.01,1801699.0,448672.0,4.79,29.52,2021-03-16 02:00:00
2021-03-17,4,2021,0.0,6.4,4.96,0.0,4.27,1781073.0,472263.0,6.4,0.0,2021-03-17 02:00:00
2021-03-18,4,2021,0.0,6.3,4.82,0.0,7.88,1640588.0,434071.0,6.32,0.0,2021-03-18 02:00:00
2021-03-19,4,2021,2.1,6.3,5.02,0.0,13.32,1619223.0,490758.0,0.26,158.08,2021-03-19 02:00:00
2021-03-20,4,2021,2.5,6.5,5.14,0.3,15.8,1626747.0,527718.0,4.04,37.77,2021-03-20 02:00:00
2021-03-21,4,2021,0.2,6.6,5.43,0.7,11.23,1598073.0,510738.0,5.11,41.5,2021-03-21 02:00:00
2021-03-22,4,2021,1.1,6.6,5.51,2.2,12.45,1561342.0,481002.0,5.46,16.76,2021-03-22 02:00:00
2021-03-23,4,2021,1.2,6.6,4.96,0.2,11.68,1475565.0,528285.0,5.34,18.69,2021-03-23 02:00:00
2021-03-24,4,2021,0.0,6.7,5.6,0.0,11.32,1357664.0,514427.0,6.69,0.0,2021-03-24 02:00:00
2021-03-25,4,2021,1.0,6.8,5.17,1.6,11.14,1371095.0,533824.0,5.82,14.2,2021-03-25 02:00:00
2021-03-26,4,2021,1.6,7.1,5.95,0.0,15.32,1285748.0,543413.0,5.45,22.82,2021-03-26 02:00:00
2021-03-27,4,2021,1.6,6.6,5.2,0.0,13.77,1222498.0,527733.0,5.0,24.41,2021-03-27 02:00:00
2021-03-28,4,2021,2.3,6.4,5.63,0.0,19.38,1221319.0,531729.0,1.95,101.99,2021-03-28 02:00:00
2021-03-29,4,2021,0.4,6.1,6.05,0.0,16.78,1144373.0,557170.0,5.75,6.18,2021-03-29 02:00:00
2021-03-30,4,2021,1.0,6.7,5.48,0.4,8.27,1216131.0,529808.0,5.63,15.63,2021-03-30 02:00:00
2021-03-31,4,2021,0.1,6.3,5.24,0.0,12.99,1039017.0,521816.0,6.24,1.62,2021-03-31 02:00:00
2021-04-01,4,2021,1.0,6.4,5.79,0.0,11.81,995801.0,571600.0,5.43,15.71,2021-04-01 02:00:00
2021-04-02,4,2021,4.3,6.5,4.19,1.2,19.87,967751.0,566417.0,2.22,65.96,2021-04-02 02:00:00
2021-04-03,4,2021,2.4,6.3,4.97,0.9,16.47,852723.0,517239.0,3.87,38.54,2021-04-03 02:00:00
2021-04-04,4,2021,0.6,6.2,5.88,0.0,9.8,830781.0,535657.0,5.56,10.44,2021-04-04 02:00:00
2021-04-05,4,2021,0.0,6.9,5.51,0.8,12.68,799001.0,532446.0,6.87,0.0,2021-04-05 02:00:00
2021-04-06,4,2021,1.4,7.0,5.32,0.0,12.42,724113.0,564268.0,5.57,19.98,2021-04-06 02:00:00
2021-04-07,4,2021,6.0,7.0,5.4,1.3,25.38,722985.0,542364.0,1.01,85.51,2021-04-07 02:00:00
2021-04-08,4,2021,1.3,7.0,4.9,0.0,14.34,646719.0,557102.0,5.74,17.89,2021-04-08 02:00:00
2021-04-09,4,2021,1.4,6.9,5.78,0.2,11.48,568667.0,541513.0,5.48,20.84,2021-04-09 02:00:00
2021-04-10,4,2021,0.5,6.5,5.69,0.0,15.57,467720.0,574654.0,4.73,47.11,2021-04-10 02:00:00
2021-04-11,4,2021,1.7,6.2,5.2,0.0,8.2,501061.0,576881.0,4.53,27.44,2021-04-11 02:00:00
2021-04-12,4,2021,2.4,6.8,5.66,0.0,17.03,469324.0,580368.0,4.4,35.15,2021-04-12 02:00:00
2021-04-13,4,2021,6.6,6.3,5.64,1.8,27.31,392261.0,550880.0,-0.33,105.23,2021-04-13 02:00:00
2021-04-14,4,2021,0.0,6.7,5.41,0.0,7.39,431537.0,554163.0,6.74,0.0,2021-04-14 02:00:00
2021-04-15,4,2021,0.0,6.6,5.14,0.0,5.0,320488.0,575036.0,6.56,0.0,2021-04-15 02:00:00
2021-04-16,4,2021,1.6,6.9,5.13,0.3,12.7,253823.0,566046.0,5.33,22.83,2021-04-16 02:00:00
2021-04-17,4,2021,2.2,6.7,5.15,0.5,12.12,127874.0,567843.0,4.57,32.27,2021-04-17 02:00:00
2021-04-18,4,2021,0.0,6.1,5.2,1.7,4.59,176420.0,547197.0,6.07,0.0,2021-04-18 02:00:00
2021-04-19,4,2021,1.9,6.5,5.32,0.0,16.74,89448.0,520580.0,4.62,29.32,2021-04-19 02:00:00
2021-04-20,4,2021,1.6,6.8,5.1,0.9,16.62,54515.0,534893.0,5.27,22.99,2021-04-20 02:00:00
2021-04-21,4,2021,1.4,6.5,5.01,0.4,15.37,0.0,564148.0,5.07,21.78,2021-04-21 02:00:00
2021-04-22,4,2021,0.0,6.8,5.48,0.0,13.84,0.0,542051.0,6.81,0.0,2021-04-22 02:00:00
2021-04-23,4,2021,4.3,6.8,6.56,0.0,19.75,0.0,593354.0,2.53,62.71,2021-04-23 02:00:00
2021-04-24,4,2021,4.8,6.1,4.87,1.1,22.59,0.0,553058.0,1.27,79.27,2021-04-24 02:00:00
2021-04-25,4,2021,0.3,6.3,5.5,0.4,9.46,0.0,532440.0,6.05,4.39,2021-04-25 02:00:00
2021-04-26,4,2021,0.5,6.7,5.17,0.0,11.27,0.0,577482.0,6.25,6.92,2021-04-26 02:00:00
2021-04-27,4,2021,0.6,7.1,5.33,0.0,13.81,0.0,524381.0,6.49,8.83,2021-04-27 02:00:00
2021-04-28,4,2021,3.1,6.6,5.16,0.3,18.69,0.0,517832.0,3.52,46.79,2021-04-28 02:00:00
2021-04-29,4,2021,0.0,6.4,5.78,0.8,10.38,0.0,552480.0,6.42,0.0,2021-04-29 02:00:00
2021-04-30,4,2021,0.0,6.3,5.25,0.9,4.86,0.0,575218.0,6.35,0.0,2021-04-30 02:00:00
2021-05-01,4,2021,1.1,6.4,5.92,0.4,13.81,0.0,537508.0,5.22,17.92,2021-05-01 02:00:00
2021-05-02,4,2021,0.1,6.9,6.12,0.0,7.39,0.0,572472.0,6.74,1.8,2021-05-02 02:00:00
2021-05-03,4,2021,1.7,6.3,5.65,1.7,14.24,0.0,539519.0,4.6,27.32,2021-05-03 02:00:00
2021-05-04,4,2021,2.7,6.4,5.35,1.4,15.36,0.0,533417.0,3.73,41.88,2021-05-04 02:00:00
2021-05-05,4,2021,2.4,6.6,5.8,1.5,15.44,0.0,560594.0,1.66,113.26,2021-05-05 02:00:00
2021-05-06,4,2021,4.6,6.8,4.78,2.2,19.49,0.0,550315.0,2.15,68.28,2021-05-06 02:00:00
2021-05-07,4,2021,0.8,6.9,5.5,0.5,5.45,0.0,634257.0,2.06,128.85,2021-05-07 02:00:00
2021-05-08,4,2021,1.4,6.9,5.54,1.0,12.37,0.0,590154.0,5.46,20.77,2021-05-08 02:00:00
2021-05-09,4,2021,2.2,6.4,5.71,0.5,18.19,0.0,648027.0,4.2,34.51,2021-05-09 02:00:00
2021-05-10,4,2021,6.7,7.1,5.09,1.7,30.99,0.0,633536.0,0.38,94.62,2021-05-10 02:00:00
2021-05-11,4,2021,1.9,7.1,6.32,0.5,15.23,0.0,599135.0,5.26,26.03,2021-05-11 02:00:00
2021-05-12,4,2021,1.4,7.0,4.64,0.0,15.48,0.0,610999.0,5.62,19.58,2021-05-12 02:00:00
2021-05-13,4,2021,0.5,6.7,5.26,0.0,8.87,0.0,592822.0,6.14,7.73,2021-05-13 02:00:00
2021-05-14,4,2021,0.0,6.9,4.08,1.1,11.27,0.0,608524.0,6.91,0.0,2021-05-14 02:00:00
2021-05-15,4,2021,0.3,7.0,5.08,1.3,9.27,0.0,654314.0,2.25,131.05,2021-05-15 02:00:00
2021-05-16,4,2021,12.0,6.8,5.54,3.3,43.89,0.0,663168.0,-6.6,218.21,2021-05-16 02:00:00
2021-05-17,4,2021,0.5,7.0,5.37,0.4,11.53,0.0,699875.0,6.48,7.27,2021-05-17 02:00:00
2021-05-18,4,2021,1.8,7.3,5.53,0.0,20.74,0.0,670789.0,5.53,24.65,2021-05-18 02:00:00
2021-05-19,4,2021,0.8,6.8,5.89,0.4,19.43,0.0,663301.0,5.95,11.94,2021-05-19 02:00:00
2021-05-20,4,2021,1.0,6.9,5.56,0.4,15.48,0.0,665665.0,5.93,14.54,2021-05-20 02:00:00
2021-05-21,4,2021,1.0,7.0,5.65,0.0,12.92,0.0,669004.0,6.01,14.06,2021-05-21 02:00:00
2021-05-22,4,2021,3.6,6.4,5.25,0.5,19.41,0.0,680532.0,2.8,56.25,2021-05-22 02:00:00
2021-05-23,4,2021,2.0,7.0,5.5,0.0,14.16,0.0,655208.0,4.97,28.62,2021-05-23 02:00:00
2021-05-24,4,2021,0.9,6.5,5.08,1.0,8.23,0.0,693468.0,3.26,85.05,2021-05-24 02:00:00
2021-05-25,4,2021,0.2,6.4,5.8,0.0,14.16,0.0,696902.0,6.24,3.0,2021-05-25 02:00:00
2021-05-26,4,2021,0.8,6.0,5.68,0.0,8.02,0.0,737050.0,5.17,13.18,2021-05-26 02:00:00
2021-05-27,4,2021,1.4,6.5,5.93,0.8,6.97,0.0,713757.0,5.1,22.02,2021-05-27 02:00:00
2021-05-28,4,2021,1.8,7.0,5.26,0.0,12.02,0.0,692705.0,5.17,25.95,2021-05-28 02:00:00
2021-05-29,4,2021,2.9,7.1,5.54,1.4,18.7,0.0,677039.0,4.14,41.48,2021-05-29 02:00:00
2021-05-30,4,2021,0.7,6.9,5.68,0.4,12.87,0.0,718293.0,6.18,10.56,2021-05-30 02:00:00
2021-05-31,4,2021,1.6,6.3,5.49,0.4,14.22,0.0,720079.0,4.66,25.7,2021-05-31 02:00:00
2021-06-01,4,2021,0.0,6.8,5.53,0.0,9.72,0.0,699768.0,4.75,59.48,2021-06-01 02:00:00
2021-06-02,4,2021,0.0,6.5,5.34,0.0,11.51,0.0,718464.0,6.45,0.0,2021-06-02 02:00:00
2021-06-03,4,2021,4.5,7.1,6.1,0.5,21.28,0.0,726870.0,2.62,63.04,2021-06-03 02:00:00
2021-06-04,4,2021,3.2,6.7,5.49,0.4,20.82,0.0,779652.0,3.49,47.96,2021-06-04 02:00:00
2021-06-05,4,2021,0.0,6.9,6.21,0.0,13.09,0.0,701516.0,6.87,0.0,2021-06-05 02:00:00
2021-06-06,4,2021,0.0,7.1,5.69,0.5,9.89,0.0,667660.0,7.08,0.0,2021-06-06 02:00:00
2021-06-07,4,2021,0.5,6.6,5.37,1.6,4.81,0.0,701317.0,6.12,6.89,2021-06-07 02:00:00
2021-06-08,4,2021,1.4,6.8,5.94,1.2,18.25,0.0,701246.0,5.45,20.2,2021-06-08 02:00:00
2021-06-09,4,2021,0.0,7.0,6.11,0.8,11.83,0.0,703855.0,6.95,0.0,2021-06-09 02:00:00
2021-06-10,4,2021,0.0,6.9,5.09,0.0,13.59,0.0,684498.0,6.95,0.0,2021-06-10 02:00:00
2021-06-11,4,2021,2.3,6.6,5.37,1.1,16.16,0.0,711668.0,4.28,35.27,2021-06-11 02:00:00
2021-06-12,4,2021,0.2,6.7,5.08,0.1,7.98,0.0,681274.0,6.52,3.25,2021-06-12 02:00:00
2021-06-13,4,2021,0.0,6.4,6.14,0.3,6.73,0.0,684578.0,6.35,0.0,2021-06-13 02:00:00
2021-06-14,4,2021,4.2,6.9,5.91,1.4,20.88,0.0,715261.0,2.77,60.06,2021-06-14 02:00:00
2021-06-15,4,2021,2.0,6.5,5.04,0.8,12.51,0.0,713847.0,4.5,30.56,2021-06-15 02:00:00
2021-06-16,4,2021,0.0,6.8,5.06,0.7,9.93,0.0,712928.0,6.82,0.16,2021-06-16 02:00:00
2021-06-17,4,2021,1.5,6.7,5.61,1.8,14.01,0.0,707686.0,5.18,22.55,2021-06-17 02:00:00
2021-06-18,4,2021,0.5,6.5,5.56,0.2,8.44,0.0,715527.0,6.05,7.12,2021-06-18 02:00:00
2021-06-19,4,2021,0.0,6.6,5.63,0.5,13.87,0.0,709310.0,6.6,0.0,2021-06-19 02:00:00
2021-06-20,4,2021,0.0,6.8,5.18,0.0,3.56,0.0,703173.0,6.8,0.27,2021-06-20 02:00:00
2021-06-21,4,2021,4.4,7.3,5.58,0.7,20.01,0.0,688319.0,2.87,60.63,2021-06-21 02:00:00
2021-06-22,4,2021,0.0,6.8,6.07,0.9,7.52,0.0,712079.0,6.76,0.44,2021-06-22 02:00:00
2021-06-23,4,2021,3.4,6.4,6.31,0.7,16.76,0.0,765052.0,2.99,53.07,2021-06-23 02:00:00
2021-06-24,4,2021,0.0,7.2,5.14,1.4,6.44,0.0,723742.0,7.19,0.0,2021-06-24 02:00:00
2021-06-25,4,2021,1.1,7.5,5.11,0.0,11.62,0.0,787178.0,1.39,147.89,2021-06-25 02:00:00
2021-06-26,4,2021,0.0,6.7,5.5,1.3,16.44,0.0,757541.0,6.68,0.0,2021-06-26 02:00:00
2021-06-27,4,2021,2.8,7.6,5.43,2.6,9.91,0.0,785738.0,4.8,36.81,2021-06-27 02:00:00
2021-06-28,4,2021,0.0,6.3,5.05,0.5,6.95,0.0,792211.0,6.29,0.16,2021-06-28 02:00:00
2021-06-29,4,2021,1.1,6.6,4.85,0.6,9.54,0.0,790962.0,5.52,16.03,2021-06-29 02:00:00
2021-06-30,4,2021,6.2,7.2,5.43,1.2,23.68,0.0,779631.0,0.98,86.36,2021-06-30 02:00:00
2021-07-01,4,2021,1.8,7.2,6.18,0.0,19.7,0.0,765735.0,5.47,24.54,2021-07-01 02:00:00
2021-07-02,4,2021,0.7,7.0,4.84,0.2,18.56,0.0,788393.0,2.09,129.56,2021-07-02 02:00:00
2021-07-03,4,2021,0.0,7.1,5.5,0.0,9.14,0.0,899876.0,3.4,103.76,2021-07-03 02:00:00
2021-07-04,4,2021,0.0,6.4,5.13,1.0,13.88,0.0,844653.0,6.36,0.0,2021-07-04 02:00:00
2021-07-05,4,2021,1.5,7.6,4.98,0.1,6.25,0.0,836444.0,6.11,19.71,2021-07-05 02:00:00
2021-07-06,4,2021,0.0,7.0,5.34,0.0,6.42,0.0,818302.0,7.0,0.0,2021-07-06 02:00:00
2021-07-07,4,2021,0.9,6.7,5.11,1.0,13.85,0.0,817032.0,5.73,13.83,2021-07-07 02:00:00
2021-07-08,4,2021,0.6,7.1,5.24,0.0,14.57,0.0,831342.0,6.47,8.57,2021-07-08 02:00:00
2021-07-09,4,2021,1.2,7.5,5.87,0.0,11.09,0.0,840528.0,6.3,16.32,2021-07-09 02:00:00
2021-07-10,4,2021,1.2,6.2,5.93,1.2,14.54,0.0,831691.0,5.08,18.54,2021-07-10 02:00:00
2021-07-11,4,2021,0.0,7.0,5.74,0.6,9.24,0.0,845180.0,7.0,0.0,2021-07-11 02:00:00
2021-07-12,4,2021,3.2,7.4,5.36,0.0,16.18,0.0,844372.0,4.14,43.75,2021-07-12 02:00:00
2021-07-13,4,2021,0.3,6.9,5.55,0.0,12.08,0.0,864182.0,2.42,126.0,2021-07-13 02:00:00
2021-07-14,4,2021,3.7,6.6,5.98,2.0,24.16,0.0,910037.0,2.89,56.11,2021-07-14 02:00:00
2021-07-15,4,2021,0.0,7.3,5.42,0.0,12.98,0.0,902223.0,7.26,0.0,2021-07-15 02:00:00
2021-07-16,4,2021,0.0,7.5,5.61,0.0,10.09,0.0,878736.0,7.5,0.0,2021-07-16 02:00:00
2021-07-17,4,2021,3.6,6.4,5.68,1.3,13.17,0.0,896019.0,2.75,56.81,2021-07-17 02:00:00
2021-07-18,4,2021,0.4,7.5,5.42,0.3,10.43,0.0,880958.0,7.1,5.1,2021-07-18 02:00:00
2021-07-19,4,2021,1.9,7.4,5.18,0.3,16.9,0.0,887348.0,5.44,26.15,2021-07-19 02:00:00
2021-07-20,4,2021,8.6,6.3,6.28,0.4,37.59,0.0,903256.0,-2.32,136.85,2021-07-20 02:00:00
2021-07-21,4,2021,5.0,6.9,5.35,1.4,20.98,0.0,915602.0,1.9,72.38,2021-07-21 02:00:00
2021-07-22,4,2021,1.2,6.7,5.78,0.0,11.82,0.0,873328.0,3.53,76.55,2021-07-22 02:00:00
2021-07-23,4,2021,0.2,7.1,5.7,1.0,11.54,0.0,906175.0,6.96,2.44,2021-07-23 02:00:00
2021-07-24,4,2021,0.0,7.4,5.98,0.0,6.95,0.0,896095.0,7.36,0.0,2021-07-24 02:00:00
2021-07-25,4,2021,0.6,7.3,5.75,0.0,9.61,0.0,916580.0,6.63,8.73,2021-07-25 02:00:00
2021-07-26,4,2021,1.5,6.1,6.41,0.4,10.26,0.0,876958.0,4.63,24.75,2021-07-26 02:00:00
2021-07-27,4,2021,2.9,6.4,5.21,0.5,18.67,0.0,897335.0,3.44,45.9,2021-07-27 02:00:00
2021-07-28,4,2021,0.5,6.8,5.27,0.6,9.69,0.0,889592.0,6.32,6.9,2021-07-28 02:00:00
2021-07-29,4,2021,2.1,6.8,5.31,0.6,16.66,0.0,917761.0,4.7,31.03,2021-07-29 02:00:00
2021-07-30,4,2021,0.4,6.8,5.72,0.0,8.78,0.0,924335.0,6.39,5.45,2021-07-30 02:00:00
2021-07-31,4,2021,0.2,6.6,5.86,0.0,7.56,0.0,898757.0,6.42,3.19,2021-07-31 02:00:00
2021-08-01,4,2021,0.3,7.2,5.88,0.0,3.01,0.0,889586.0,6.83,4.69,2021-08-01 02:00:00
2021-08-02,4,2021,1.2,7.0,6.06,0.6,17.7,0.0,988336.0,1.93,128.3,2021-08-02 02:00:00
2021-08-03,4,2021,0.0,7.2,5.72,0.0,15.67,0.0,949745.0,7.22,0.0,2021-08-03 02:00:00
2021-08-04,4,2021,1.5,7.6,5.78,0.0,10.58,0.0,949405.0,6.1,20.18,2021-08-04 02:00:00
2021-08-05,4,2021,0.8,7.4,5.24,0.9,11.22,0.0,969548.0,4.7,60.75,2021-08-05 02:00:00
2021-08-06,4,2021,3.3,7.2,5.69,0.7,23.02,0.0,967745.0,3.95,45.3,2021-08-06 02:00:00
2021-08-07,4,2021,2.1,7.5,6.43,0.1,20.54,0.0,986029.0,3.05,89.7,2021-08-07 02:00:00
2021-08-08,4,2021,2.0,7.2,5.83,1.1,15.54,0.0,980416.0,5.14,28.42,2021-08-08 02:00:00
2021-08-09,4,2021,3.1,6.7,5.86,0.5,15.1,0.0,1007928.0,3.61,45.9,2021-08-09 02:00:00
2021-08-10,4,2021,0.9,7.3,5.67,0.0,14.05,0.0,967988.0,6.45,11.67,2021-08-10 02:00:00
2021-08-11,4,2021,2.3,7.3,4.99,1.8,10.55,0.0,1011856.0,4.99,31.85,2021-08-11 02:00:00
2021-08-12,4,2021,0.3,6.4,5.44,1.6,11.61,0.0,975132.0,6.18,3.9,2021-08-12 02:00:00
2021-08-13,4,2021,0.1,7.1,5.03,1.4,15.42,0.0,992491.0,6.97,1.72,2021-08-13 02:00:00
2021-08-14,4,2021,1.4,7.0,6.0,0.2,9.04,0.0,960606.0,5.58,19.87,2021-08-14 02:00:00
2021-08-15,4,2021,2.3,7.0,5.63,0.9,20.77,0.0,940196.0,4.71,33.05,2021-08-15 02:00:00
2021-08-16,4,2021,0.0,7.0,5.38,0.0,8.87,0.0,985016.0,7.03,0.0,2021-08-16 02:00:00
2021-08-17,4,2021,0.1,6.4,6.36,0.0,7.57,0.0,1029560.0,6.22,2.33,2021-08-17 02:00:00
2021-08-18,4,2021,0.3,7.2,6.16,0.2,12.12,0.0,987488.0,6.96,3.79,2021-08-18 02:00:00
2021-08-19,4,2021,0.0,6.8,5.93,0.0,15.46,0.0,961592.0,6.84,0.0,2021-08-19 02:00:00
2021-08-20,4,2021,1.4,7.4,5.97,0.0,12.69,0.0,983389.0,6.01,18.43,2021-08-20 02:00:00
2021-08-21,4,2021,0.1,6.9,6.02,0.0,9.64,0.0,971033.0,6.79,1.38,2021-08-21 02:00:00
2021-08-22,4,2021,4.0,7.7,5.93,0.6,20.24,0.0,970305.0,3.72,51.55,2021-08-22 02:00:00
2021-08-23,4,2021,0.5,6.9,6.74,0.0,9.02,0.0,964750.0,6.33,7.85,2021-08-23 02:00:00
2021-08-24,4,2021,0.5,7.1,6.45,0.4,12.9,0.0,964693.0,6.69,6.37,2021-08-24 02:00:00
2021-08-25,4,2021,0.6,7.1,6.7,0.0,6.28,0.0,996979.0,6.52,8.56,2021-08-25 02:00:00
2021-08-26,4,2021,3.1,7.5,5.42,1.5,13.09,0.0,1022175.0,4.35,41.65,2021-08-26 02:00:00
2021-08-27,4,2021,6.4,7.3,5.18,1.9,32.76,0.0,1000964.0,0.91,87.48,2021-08-27 02:00:00
2021-08-28,4,2021,0.0,6.8,6.12,1.1,7.03,0.0,974619.0,6.83,0.0,2021-08-28 02:00:00
2021-08-29,4,2021,0.0,7.3,6.24,0.0,1.63,0.0,957094.0,7.34,0.0,2021-08-29 02:00:00
2021-08-30,4,2021,0.1,6.8,5.6,0.0,10.61,0.0,1036065.0,1.96,140.34,2021-08-30 02:00:00
2021-08-31,4,2021,0.7,7.6,6.34,0.3,11.11,0.0,1014888.0,6.95,9.0,2021-08-31 02:00:00
2021-09-01,4,2021,0.0,7.0,5.34,0.5,7.99,0.0,1049871.0,6.96,0.0,2021-09-01 02:00:00
2021-09-02,4,2021,4.2,6.5,5.93,0.2,17.03,0.0,1070492.0,-0.61,153.39,2021-09-02 02:00:00
2021-09-03,4,2021,0.0,7.3,5.7,0.3,11.23,0.0,1045845.0,7.33,0.0,2021-09-03 02:00:00
2021-09-04,4,2021,1.0,6.8,5.39,0.0,16.88,0.0,1083066.0,5.82,14.54,2021-09-04 02:00:00
2021-09-05,4,2021,0.7,7.1,6.11,0.0,9.47,0.0,1086119.0,6.47,9.41,2021-09-05 02:00:00
2021-09-06,4,2021,0.0,7.5,6.25,0.9,9.01,0.0,1063567.0,7.48,0.0,2021-09-06 02:00:00
2021-09-07,4,2021,0.0,7.2,6.32,0.9,12.47,0.0,1044561.0,7.17,0.0,2021-09-07 02:00:00
2021-09-08,4,2021,0.9,7.5,5.62,0.3,10.4,0.0,1064059.0,6.56,12.04,2021-09-08 02:00:00
2021-09-09,4,2021,4.3,7.2,5.82,0.0,24.36,0.0,1034613.0,2.92,59.65,2021-09-09 02:00:00
2021-09-10,4,2021,0.0,7.2,6.05,0.0,9.11,0.0,1086993.0,5.04,59.68,2021-09-10 02:00:00
2021-09-11,4,2021,6.4,7.2,5.93,2.2,20.55,0.0,1083824.0,0.82,88.6,2021-09-11 02:00:00
2021-09-12,4,2021,2.1,7.4,5.15,1.0,14.83,0.0,1104444.0,5.31,28.03,2021-09-12 02:00:00
2021-09-13,4,2021,3.0,7.5,6.07,0.3,19.81,0.0,1130101.0,0.25,153.63,2021-09-13 02:00:00
2021-09-14,4,2021,0.7,7.1,6.03,1.0,14.91,0.0,1128987.0,6.4,10.36,2021-09-14 02:00:00
2021-09-15,4,2021,1.0,7.4,5.28,0.0,10.46,0.0,1116539.0,6.38,13.53,2021-09-15 02:00:00
2021-09-16,4,2021,0.6,7.5,5.67,0.3,12.44,0.0,1134010.0,6.91,8.21,2021-09-16 02:00:00
2021-09-17,4,2021,4.8,7.3,6.13,1.0,22.16,0.0,1082327.0,2.55,65.17,2021-09-17 02:00:00
2021-09-18,4,2021,0.7,7.3,6.18,0.5,12.47,0.0,1130734.0,6.57,9.73,2021-09-18 02:00:00
2021-09-19,4,2021,3.4,7.6,5.76,0.4,18.58,0.0,1128312.0,4.17,44.85,2021-09-19 02:00:00
2021-09-20,4,2021,4.0,6.8,5.44,1.4,23.54,0.0,1126730.0,2.83,58.63,2021-09-20 02:00:00
2021-09-21,4,2021,0.4,7.2,5.97,1.0,12.1,0.0,1123118.0,6.81,5.06,2021-09-21 02:00:00
2021-09-22,4,2021,0.2,6.7,5.52,0.3,10.94,0.0,1168066.0,2.81,113.11,2021-09-22 02:00:00
2021-09-23,4,2021,0.0,6.8,5.56,0.0,15.73,0.0,1215739.0,4.12,79.23,2021-09-23 02:00:00
2021-09-24,4,2021,3.6,7.7,5.48,0.0,16.29,0.0,1243643.0,4.1,46.81,2021-09-24 02:00:00
2021-09-25,4,2021,8.0,7.1,6.12,0.0,26.73,0.0,1218412.0,-0.81,111.3,2021-09-25 02:00:00
2021-09-26,4,2021,4.8,6.9,5.21,1.6,20.33,0.0,1180934.0,2.08,70.0,2021-09-26 02:00:00
2021-09-27,4,2021,3.8,7.0,5.28,0.0,19.84,0.0,1200106.0,3.15,54.86,2021-09-27 02:00:00
2021-09-28,4,2021,0.7,7.2,5.3,0.0,13.87,0.0,1183624.0,6.47,9.78,2021-09-28 02:00:00
2021-09-29,4,2021,0.0,7.4,5.86,0.6,5.93,0.0,1233595.0,7.39,0.0,2021-09-29 02:00:00
2021-09-30,4,2021,0.0,7.4,6.14,0.0,9.44,0.0,1182657.0,7.45,0.0,2021-09-30 02:00:00
2021-10-01,4,2021,1.1,8.0,6.26,0.1,16.33,0.0,1207113.0,6.89,13.42,2021-10-01 02:00:00
2021-10-02,4,2021,0.0,7.4,5.81,0.0,14.04,0.0,1190756.0,7.44,0.0,2021-10-02 02:00:00
2021-10-03,4,2021,4.2,7.4,6.15,0.4,21.0,0.0,1225116.0,-1.63,187.32,2021-10-03 02:00:00
2021-10-04,4,2021,2.7,7.5,6.53,0.4,19.67,0.0,1236874.0,4.8,35.97,2021-10-04 02:00:00
2021-10-05,4,2021,0.9,7.2,6.04,0.0,8.84,0.0,1261295.0,6.25,12.94,2021-10-05 02:00:00
2021-10-06,4,2021,0.0,7.3,6.49,0.0,12.52,0.0,1235681.0,7.27,0.0,2021-10-06 02:00:00
2021-10-07,4,2021,0.4,7.1,5.51,1.4,7.63,0.0,1219293.0,6.66,5.95,2021-10-07 02:00:00
2021-10-08,4,2021,0.0,7.5,5.43,0.9,12.47,0.0,1234109.0,7.54,0.0,2021-10-08 02:00:00
2021-10-09,4,2021,0.0,7.4,5.42,0.0,15.11,0.0,1245158.0,7.43,0.0,2021-10-09 02:00:00
2021-10-10,4,2021,0.0,6.9,6.36,0.2,10.89,0.0,1218889.0,6.9,0.0,2021-10-10 02:00:00
2021-10-11,4,2021,0.0,7.2,5.94,0.0,9.2,0.0,1234736.0,7.21,0.0,2021-10-11 02:00:00
2021-10-12,4,2021,0.0,7.5,6.36,0.0,10.11,0.0,1170237.0,7.45,0.0,2021-10-12 02:00:00
2021-10-13,4,2021,0.0,7.2,6.3,0.1,8.92,0.0,1278970.0,7.18,0.0,2021-10-13 02:00:00
2021-10-14,4,2021,1.0,6.9,6.1,0.0,16.8,0.0,1214691.0,5.84,15.23,2021-10-14 02:00:00
2021-10-15,4,2021,2.1,7.9,5.87,0.0,23.32,0.0,1295143.0,1.68,130.65,2021-10-15 02:00:00
2021-10-16,4,2021,1.1,7.7,6.44,0.1,17.34,0.0,1250020.0,6.53,14.65,2021-10-16 02:00:00
2021-10-17,4,2021,3.5,7.5,6.19,2.0,13.99,0.0,1277498.0,1.25,120.98,2021-10-17 02:00:00
2021-10-18,4,2021,1.7,8.0,5.9,0.1,9.61,0.0,1299360.0,6.28,21.11,2021-10-18 02:00:00
2021-10-19,4,2021,3.3,7.6,5.64,0.7,17.97,0.0,1273587.0,4.29,43.38,2021-10-19 02:00:00
2021-10-20,4,2021,0.0,7.7,6.36,0.0,10.37,0.0,1314989.0,5.56,55.57,2021-10-20 02:00:00
2021-10-21,4,2021,0.8,7.3,5.6,0.0,9.34,0.0,1295798.0,6.51,10.44,2021-10-21 02:00:00
2021-10-22,4,2021,0.3,7.5,5.52,0.1,9.14,0.0,1312761.0,7.14,4.67,2021-10-22 02:00:00
2021-10-23,4,2021,6.6,8.1,5.76,0.8,26.74,0.0,1328607.0,1.52,81.17,2021-10-23 02:00:00
2021-10-24,4,2021,0.4,7.1,6.23,0.0,9.52,0.0,1338191.0,6.66,5.71,2021-10-24 02:00:00
2021-10-25,4,2021,0.0,6.9,5.99,0.6,14.64,0.0,1372909.0,6.93,0.0,2021-10-25 02:00:00
2021-10-26,4,2021,1.9,7.8,5.76,1.0,14.45,0.0,1334772.0,3.35,90.81,2021-10-26 02:00:00
2021-10-27,4,2021,0.0,7.9,6.51,0.0,14.32,0.0,1318540.0,7.9,0.0,2021-10-27 02:00:00
2021-10-28,4,2021,0.7,6.9,5.87,2.6,14.5,0.0,1359519.0,6.26,9.76,2021-10-28 02:00:00
2021-10-29,4,2021,0.0,7.7,5.1,0.1,6.14,0.0,1357669.0,7.73,0.0,2021-10-29 02:00:00
2021-10-30,4,2021,3.6,6.9,6.43,0.5,18.84,0.0,1336501.0,3.37,51.31,2021-10-30 02:00:00
2021-10-31,4,2021,2.0,7.6,6.1,0.0,18.26,0.0,1392579.0,3.3,86.23,2021-10-31 02:00:00
2021-11-01,4,2021,1.3,7.4,6.51,0.0,13.32,0.0,1358721.0,6.11,17.48,2021-11-01 02:00:00
2021-11-02,4,2021,0.0,7.4,6.04,0.0,10.17,0.0,1372556.0,4.03,90.66,2021-11-02 02:00:00
2021-11-03,4,2021,3.1,7.6,6.26,0.0,20.49,0.0,1414861.0,4.5,40.7,2021-11-03 02:00:00
2021-11-04,4,2021,0.4,7.3,5.47,0.0,9.57,0.0,1417361.0,6.87,5.28,2021-11-04 02:00:00
2021-11-05,4,2021,8.3,7.9,5.72,1.2,35.08,0.0,1426946.0,-0.42,105.36,2021-11-05 02:00:00
2021-11-06,4,2021,0.0,8.0,5.88,0.1,10.76,0.0,1398119.0,8.03,0.0,2021-11-06 02:00:00
2021-11-07,4,2021,0.0,8.2,5.92,0.6,13.78,0.0,1396379.0,8.15,0.0,2021-11-07 02:00:00
2021-11-08,4,2021,0.3,7.2,6.21,0.0,10.5,0.0,1385078.0,6.9,3.63,2021-11-08 02:00:00
2021-11-09,4,2021,0.0,8.0,6.02,0.0,11.39,0.0,1404381.0,7.98,0.0,2021-11-09 02:00:00
2021-11-10,4,2021,0.0,7.2,5.9,0.0,2.19,0.0,1394352.0,7.2,0.0,2021-11-10 02:00:00
2021-11-11,4,2021,0.4,7.9,6.0,0.2,19.11,0.0,1414489.0,7.44,5.64,2021-11-11 02:00:00
2021-11-12,4,2021,0.0,7.7,5.85,0.0,7.25,0.0,1420606.0,7.73,0.0,2021-11-12 02:00:00
2021-11-13,4,2021,0.0,7.8,5.98,0.5,10.52,0.0,1410776.0,7.8,0.0,2021-11-13 02:00:00
2021-11-14,4,2021,0.3,7.9,5.6,0.0,12.06,0.0,1418807.0,7.64,3.48,2021-11-14 02:00:00
2021-11-15,4,2021,0.0,7.8,5.95,0.6,10.01,0.0,1398655.0,7.76,0.06,2021-11-15 02:00:00
2021-11-16,4,2021,2.7,7.5,6.39,1.7,19.33,0.0,1395579.0,4.77,36.3,2021-11-16 02:00:00
2021-11-17,4,2021,1.3,7.7,6.19,0.2,6.31,0.0,1390353.0,6.44,16.86,2021-11-17 02:00:00
2021-11-18,4,2021,0.0,7.0,5.82,0.1,11.22,0.0,1450567.0,7.0,0.0,2021-11-18 02:00:00
2021-11-19,4,2021,0.0,7.8,5.64,0.0,16.26,0.0,1400303.0,7.8,0.0,2021-11-19 02:00:00
2021-11-20,4,2021,0.0,6.8,5.83,0.0,11.55,0.0,1403250.0,6.79,0.0,2021-11-20 02:00:00
2021-11-21,4,2021,0.0,7.4,6.05,0.7,10.97,0.0,1353436.0,7.42,0.0,2021-11-21 02:00:00
2021-11-22,4,2021,3.6,7.5,5.62,0.8,16.74,0.0,1425541.0,3.82,48.86,2021-11-22 02:00:00
2021-11-23,4,2021,3.5,7.3,6.01,0.0,19.86,0.0,1409432.0,3.75,48.36,2021-11-23 02:00:00
2021-11-24,4,2021,0.3,7.9,6.22,0.7,8.27,0.0,1423554.0,7.63,3.89,2021-11-24 02:00:00
2021-11-25,4,2021,0.7,7.0,6.12,0.0,15.49,0.0,1426730.0,6.34,9.32,2021-11-25 02:00:00
2021-11-26,4,2021,1.7,7.7,6.21,0.2,10.96,0.0,1386369.0,6.07,21.42,2021-11-26 02:00:00
2021-11-27,4,2021,0.5,7.2,6.52,0.7,8.79,0.0,1398051.0,6.68,7.16,2021-11-27 02:00:00
2021-11-28,4,2021,3.2,7.6,5.8,0.0,24.28,0.0,1420729.0,4.39,42.19,2021-11-28 02:00:00
2021-11-29,4,2021,0.0,7.8,5.85,1.1,7.38,0.0,1411580.0,4.18,92.59,2021-11-29 02:00:00
2021-11-30,4,2021,1.3,7.7,5.75,0.0,10.82,0.0,1474668.0,6.41,16.52,2021-11-30 02:00:00
2021-12-01,4,2021,0.6,7.5,5.97,0.3,17.1,0.0,1485570.0,2.46,127.4,2021-12-01 02:00:00
2021-12-02,4,2021,0.0,7.5,6.48,0.0,10.82,0.0,1481441.0,7.47,0.0,2021-12-02 02:00:00
2021-12-03,4,2021,3.1,7.7,5.4,0.0,21.12,0.0,1490169.0,4.56,40.71,2021-12-03 02:00:00
2021-12-04,4,2021,0.9,7.3,6.24,0.5,13.2,0.0,1501660.0,6.37,12.38,2021-12-04 02:00:00
2021-12-05,4,2021,1.1,7.3,6.2,0.7,15.12,0.0,1477594.0,6.14,15.43,2021-12-05 02:00:00
2021-12-06,4,2021,0.8,7.4,6.51,0.7,8.54,0.0,1496110.0,6.63,10.56,2021-12-06 02:00:00
2021-12-07,4,2021,2.1,8.0,6.15,0.0,9.98,0.0,1506678.0,5.88,26.43,2021-12-07 02:00:00
2021-12-08,4,2021,0.0,7.6,5.63,0.0,5.87,0.0,1470019.0,7.56,0.0,2021-12-08 02:00:00
2021-12-09,4,2021,3.3,7.3,6.14,0.1,20.45,0.0,1538950.0,0.77,133.58,2021-12-09 02:00:00
2021-12-10,4,2021,0.0,7.7,6.71,0.2,10.13,0.0,1550323.0,7.73,0.0,2021-12-10 02:00:00
2021-12-11,4,2021,7.0,7.6,6.55,0.6,27.2,0.0,1533841.0,0.66,91.42,2021-12-11 02:00:00
2021-12-12,4,2021,0.0,7.6,6.53,0.5,7.94,0.0,1517381.0,7.58,0.0,2021-12-12 02:00:00
2021-12-13,4,2021,2.0,7.8,6.46,0.9,17.66,0.0,1526381.0,5.8,25.43,2021-12-13 02:00:00
2021-12-14,4,2021,2.4,7.1,5.8,0.7,12.55,0.0,1505408.0,4.74,33.33,2021-12-14 02:00:00
2021-12-15,4,2021,0.8,7.9,5.77,0.3,8.97,0.0,1553728.0,7.08,9.88,2021-12-15 02:00:00
2021-12-16,4,2021,0.6,7.5,6.71,0.0,13.2,0.0,1553224.0,6.99,7.33,2021-12-16 02:00:00
2021-12-17,4,2021,0.2,8.1,7.14,1.8,7.28,0.0,1505652.0,7.99,1.98,2021-12-17 02:00:00
2021-12-18,4,2021,0.2,7.4,6.22,0.0,9.25,0.0,1541911.0,7.2,2.34,2021-12-18 02:00:00
2021-12-19,4,2021,4.3,7.9,6.3,0.0,19.04,0.0,1543573.0,3.63,54.06,2021-12-19 02:00:00
2021-12-20,4,2021,3.2,7.8,6.46,0.6,21.74,0.0,1519808.0,4.52,41.75,2021-12-20 02:00:00
2021-12-21,4,2021,3.6,7.4,5.67,1.3,19.56,0.0,1507924.0,3.73,49.33,2021-12-21 02:00:00
2021-12-22,4,2021,3.4,7.7,6.51,0.5,24.74,0.0,1501387.0,4.31,44.18,2021-12-22 02:00:00
2021-12-23,4,2021,0.0,7.5,5.4,0.4,6.3,0.0,1522827.0,7.54,0.0,2021-12-23 02:00:00
2021-12-24,4,2021,0.3,7.7,5.9,0.0,15.47,0.0,1527244.0,7.41,3.95,2021-12-24 02:00:00
2021-12-25,4,2021,0.3,7.9,6.23,0.8,12.11,0.0,1514430.0,7.6,4.27,2021-12-25 02:00:00
2021-12-26,4,2021,0.0,7.5,6.06,0.0,6.58,0.0,1534344.0,7.53,0.0,2021-12-26 02:00:00
2021-12-27,4,2021,0.2,7.5,6.69,0.1,8.73,0.0,1514942.0,7.34,2.19,2021-12-27 02:00:00
2021-12-28,4,2021,0.0,8.4,6.0,1.0,10.64,0.0,1568141.0,7.03,32.43,2021-12-28 02:00:00
2021-12-29,4,2021,0.0,7.0,5.59,0.0,7.45,0.0,1521801.0,7.02,0.0,2021-12-29 02:00:00
2021-12-30,4,2021,1.1,8.3,5.89,0.0,12.61,0.0,1528250.0,7.18,13.18,2021-12-30 02:00:00
2021-12-31,4,2021,0.0,7.9,6.31,0.0,11.71,0.0,1507437.0,7.9,0.0,2021-12-31 02:00:00
2022-01-01,4,2022,0.8,5.8,5.2,0.6,13.52,5010847.0,99443.0,4.99,13.84,2022-01-01 02:00:00
2022-01-02,4,2022,2.2,6.3,5.55,1.0,15.69,4918236.0,76062.0,4.11,34.8,2022-01-02 02:00:00
2022-01-03,4,2022,4.8,6.4,5.09,2.9,24.88,4777777.0,108744.0,0.15,120.56,2022-01-03 02:00:00
2022-01-04,4,2022,3.4,6.2,5.38,2.3,15.87,4866333.0,113318.0,2.79,54.87,2022-01-04 02:00:00
2022-01-05,4,2022,12.4,6.0,4.85,2.3,47.28,5001455.0,108734.0,-6.41,207.41,2022-01-05 02:00:00
2022-01-06,4,2022,0.7,6.1,5.07,0.3,12.48,4819521.0,176377.0,1.83,129.55,2022-01-06 02:00:00
2022-01-07,4,2022,0.5,6.1,5.18,1.2,13.32,4838324.0,169182.0,5.59,8.72,2022-01-07 02:00:00
2022-01-08,4,2022,0.7,6.0,4.91,0.0,12.65,4744710.0,139864.0,5.34,11.47,2022-01-08 02:00:00
2022-01-09,4,2022,1.5,6.2,5.37,0.8,12.6,4811229.0,160126.0,4.66,24.31,2022-01-09 02:00:00
2022-01-10,4,2022,0.7,6.4,5.37,0.0,4.45,4554297.0,160802.0,5.78,10.36,2022-01-10 02:00:00
2022-01-11,4,2022,0.2,5.8,5.09,0.0,12.59,4620652.0,171011.0,5.6,3.37,2022-01-11 02:00:00
2022-01-12,4,2022,0.2,6.1,5.23,0.3,11.95,4586851.0,158753.0,5.98,2.6,2022-01-12 02:00:00
2022-01-13,4,2022,0.2,6.0,5.02,0.0,7.89,4558304.0,187918.0,5.78,3.36,2022-01-13 02:00:00
2022-01-14,4,2022,0.5,6.4,5.15,0.1,9.87,4358245.0,119208.0,5.89,8.0,2022-01-14 02:00:00
2022-01-15,4,2022,1.5,6.4,4.32,0.0,13.9,4384112.0,145219.0,4.85,24.03,2022-01-15 02:00:00
2022-01-16,4,2022,1.8,6.4,4.94,0.0,16.79,4471859.0,152593.0,4.66,27.35,2022-01-16 02:00:00
2022-01-17,4,2022,0.1,6.4,5.3,0.0,12.83,4225363.0,145668.0,6.31,1.23,2022-01-17 02:00:00
2022-01-18,4,2022,1.9,6.8,5.13,0.0,14.9,4209017.0,137609.0,4.83,28.54,2022-01-18 02:00:00
2022-01-19,4,2022,3.0,6.4,5.0,1.0,21.41,4145482.0,171791.0,3.36,47.28,2022-01-19 02:00:00
2022-01-20,4,2022,1.2,6.0,5.62,0.3,14.7,4074949.0,155507.0,4.72,20.82,2022-01-20 02:00:00
2022-01-21,4,2022,3.3,5.8,4.56,0.0,14.78,4109451.0,123174.0,2.51,57.05,2022-01-21 02:00:00
2022-01-22,4,2022,1.2,6.0,5.68,2.0,15.36,4010451.0,155180.0,4.85,19.83,2022-01-22 02:00:00
2022-01-23,4,2022,0.4,6.6,5.36,0.0,12.34,3974075.0,147768.0,6.19,5.87,2022-01-23 02:00:00
2022-01-24,4,2022,1.6,6.5,4.83,0.9,13.76,3940939.0,145117.0,4.92,23.99,2022-01-24 02:00:00
2022-01-25,4,2022,2.8,5.9,5.0,0.0,12.83,3975909.0,134974.0,3.11,47.47,2022-01-25 02:00:00
2022-01-26,4,2022,0.5,6.1,4.95,0.2,12.9,3902852.0,159971.0,5.69,7.37,2022-01-26 02:00:00
2022-01-27,4,2022,0.1,6.2,4.8,2.2,10.48,3876852.0,134141.0,6.12,1.68,2022-01-27 02:00:00
2022-01-28,4,2022,0.1,6.2,4.64,0.0,6.07,3740645.0,131863.0,6.15,1.49,2022-01-28 02:00:00
2022-01-29,4,2022,4.8,6.1,4.48,1.8,20.51,3649853.0,148642.0,1.34,78.23,2022-01-29 02:00:00
2022-01-30,4,2022,1.5,6.5,4.96,0.4,14.98,3836580.0,138577.0,5.06,22.3,2022-01-30 02:00:00
2022-01-31,4,2022,1.7,6.1,5.34,0.2,12.75,3709652.0,146148.0,4.43,27.48,2022-01-31 02:00:00
2022-02-01,4,2022,1.8,6.4,5.44,1.0,10.82,3491015.0,114189.0,4.55,28.61,2022-02-01 02:00:00
2022-02-02,4,2022,0.2,6.4,5.24,0.3,13.31,3520031.0,135887.0,6.29,2.37,2022-02-02 02:00:00
2022-02-03,4,2022,1.8,6.3,5.94,0.2,15.52,3425939.0,176794.0,4.43,29.3,2022-02-03 02:00:00
2022-02-04,4,2022,0.7,6.2,4.86,0.0,14.66,3352802.0,137598.0,5.43,12.07,2022-02-04 02:00:00
2022-02-05,4,2022,1.2,6.5,5.45,0.0,12.07,3308783.0,169091.0,5.33,18.02,2022-02-05 02:00:00
2022-02-06,4,2022,3.1,6.3,5.05,1.2,12.63,3394792.0,197618.0,3.24,48.83,2022-02-06 02:00:00
2022-02-07,4,2022,1.3,6.2,5.82,0.0,11.89,3292666.0,127735.0,4.88,20.85,2022-02-07 02:00:00
2022-02-08,4,2022,0.6,6.2,4.91,0.0,6.3,3371053.0,170549.0,5.64,9.65,2022-02-08 02:00:00
2022-02-09,4,2022,3.6,5.8,5.54,0.8,21.63,3203566.0,137084.0,2.16,62.77,2022-02-09 02:00:00
2022-02-10,4,2022,2.1,6.1,5.63,1.4,13.64,3209349.0,176381.0,3.97,34.5,2022-02-10 02:00:00
2022-02-11,4,2022,3.5,5.9,4.51,1.3,19.22,3135870.0,163917.0,2.42,58.87,2022-02-11 02:00:00
2022-02-12,4,2022,1.0,6.3,5.01,1.6,7.16,3172721.0,133018.0,5.32,15.63,2022-02-12 02:00:00
2022-02-13,4,2022,0.0,6.2,5.1,0.7,8.24,2925626.0,149490.0,6.19,0.75,2022-02-13 02:00:00
2022-02-14,4,2022,0.5,6.4,5.1,0.5,13.39,3061759.0,146440.0,5.88,8.16,2022-02-14 02:00:00
2022-02-15,4,2022,1.0,6.7,4.9,0.0,7.46,2935324.0,132423.0,5.65,15.2,2022-02-15 02:00:00
2022-02-16,4,2022,4.0,6.4,5.5,0.4,11.43,2874823.0,165038.0,2.38,62.72,2022-02-16 02:00:00
2022-02-17,4,2022,0.4,6.6,5.11,0.0,10.0,2831699.0,160838.0,5.01,42.62,2022-02-17 02:00:00
2022-02-18,4,2022,1.1,6.6,6.15,0.6,8.31,2758223.0,191984.0,5.53,16.14,2022-02-18 02:00:00
2022-02-19,4,2022,1.0,6.6,6.27,0.0,9.84,2727041.0,168744.0,5.56,15.77,2022-02-19 02:00:00
2022-02-20,4,2022,0.4,6.5,5.24,0.9,16.74,2661558.0,170318.0,6.09,6.64,2022-02-20 02:00:00
2022-02-21,4,2022,2.5,6.5,4.77,0.0,14.03,2679003.0,164815.0,1.38,120.3,2022-02-21 02:00:00
2022-02-22,4,2022,0.0,6.1,5.45,0.0,5.36,2430867.0,187031.0,6.15,0.0,2022-02-22 02:00:00
2022-02-23,4,2022,3.4,6.7,5.1,0.7,16.78,2488808.0,173533.0,3.29,50.61,2022-02-23 02:00:00
2022-02-24,4,2022,2.1,6.4,5.55,0.8,12.7,2474299.0,190492.0,4.38,31.99,2022-02-24 02:00:00
2022-02-25,4,2022,0.6,5.9,5.28,1.3,13.61,2380155.0,182970.0,5.33,10.16,2022-02-25 02:00:00
2022-02-26,4,2022,0.0,6.5,5.0,0.2,10.3,2466532.0,185651.0,6.53,0.0,2022-02-26 02:00:00
2022-02-27,4,2022,5.3,6.6,5.6,0.0,23.98,2345852.0,161052.0,1.3,80.33,2022-02-27 02:00:00
2022-02-28,4,2022,0.6,6.2,5.76,0.8,10.85,2211859.0,179273.0,5.62,9.51,2022-02-28 02:00:00
2022-03-01,4,2022,0.6,5.9,5.01,0.2,8.6,2286148.0,222172.0,5.28,10.43,2022-03-01 02:00:00
2022-03-02,4,2022,3.6,6.2,5.25,0.0,18.03,2226284.0,179661.0,2.6,57.91,2022-03-02 02:00:00
2022-03-03,4,2022,0.3,6.0,5.58,0.3,17.39,2081385.0,211880.0,4.18,57.13,2022-03-03 02:00:00
2022-03-04,4,2022,1.2,6.3,5.19,0.0,11.39,2200246.0,235889.0,5.15,18.37,2022-03-04 02:00:00
2022-03-05,4,2022,0.3,6.6,6.15,0.1,7.56,2039418.0,209889.0,6.32,4.7,2022-03-05 02:00:00
2022-03-06,4,2022,0.2,6.0,5.6,0.7,9.75,2040806.0,258880.0,1.19,157.44,2022-03-06 02:00:00
2022-03-07,4,2022,8.4,6.6,5.44,1.1,30.95,2014701.0,268021.0,-1.79,127.18,2022-03-07 02:00:00
2022-03-08,4,2022,0.7,5.6,5.31,0.4,9.19,1918458.0,288411.0,4.94,12.0,2022-03-08 02:00:00
2022-03-09,4,2022,1.1,6.8,5.06,0.0,14.93,1902789.0,262473.0,5.71,15.86,2022-03-09 02:00:00
2022-03-10,4,2022,8.6,6.6,4.4,1.9,31.63,1947054.0,238073.0,-2.02,130.71,2022-03-10 02:00:00
2022-03-11,4,2022,2.9,6.2,4.61,2.4,18.34,1896813.0,323472.0,-1.73,208.41,2022-03-11 02:00:00
2022-03-12,4,2022,0.0,6.2,4.6,0.0,10.51,1816590.0,310241.0,6.23,0.0,2022-03-12 02:00:00
2022-03-13,4,2022,5.5,6.3,5.04,1.5,24.62,1750794.0,330090.0,0.75,88.03,2022-03-13 02:00:00
2022-03-14,4,2022,0.0,7.0,5.33,0.0,8.15,1750936.0,297382.0,6.96,0.13,2022-03-14 02:00:00
2022-03-15,4,2022,0.2,6.8,5.13,1.1,14.88,1646882.0,359346.0,6.53,3.67,2022-03-15 02:00:00
2022-03-16,4,2022,0.0,6.3,5.31,0.0,6.25,1755801.0,289276.0,6.31,0.0,2022-03-16 02:00:00
2022-03-17,4,2022,1.6,6.3,5.12,0.0,11.47,1545327.0,326801.0,4.76,25.05,2022-03-17 02:00:00
2022-03-18,4,2022,0.9,6.0,4.86,0.8,16.12,1438256.0,312136.0,5.05,15.64,2022-03-18 02:00:00
2022-03-19,4,2022,2.8,6.8,5.28,0.0,12.72,1407244.0,317606.0,3.96,41.4,2022-03-19 02:00:00
2022-03-20,4,2022,2.0,5.8,4.38,0.0,12.44,1390664.0,320344.0,3.83,34.05,2022-03-20 02:00:00
2022-03-21,4,2022,2.3,6.1,5.69,0.8,12.67,1316806.0,325413.0,1.53,112.79,2022-03-21 02:00:00
2022-03-22,4,2022,1.6,6.1,5.6,1.3,9.22,1310285.0,337366.0,4.52,25.68,2022-03-22 02:00:00
2022-03-23,4,2022,0.4,6.3,4.87,0.0,8.92,1240333.0,299607.0,5.88,6.23,2022-03-23 02:00:00
2022-03-24,4,2022,1.5,7.4,5.03,0.0,9.95,1270276.0,354156.0,5.86,20.85,2022-03-24 02:00:00
2022-03-25,4,2022,1.7,6.5,4.87,0.0,15.19,1112977.0,319431.0,4.78,26.49,2022-03-25 02:00:00
2022-03-26,4,2022,4.2,6.1,5.47,1.5,18.29,1128471.0,299415.0,1.85,69.67,2022-03-26 02:00:00
2022-03-27,4,2022,0.3,6.8,5.41,0.2,13.9,1144089.0,289867.0,6.44,4.73,2022-03-27 02:00:00
2022-03-28,4,2022,0.0,6.3,5.0,1.1,10.98,1045113.0,329266.0,6.31,0.0,2022-03-28 02:00:00
2022-03-29,4,2022,5.7,6.5,5.55,0.9,23.79,1047204.0,336361.0,0.74,88.58,2022-03-29 02:00:00
2022-03-30,4,2022,2.1,6.4,4.16,0.2,20.42,991659.0,352908.0,4.21,33.8,2022-03-30 02:00:00
2022-03-31,4,2022,0.3,6.9,5.36,0.0,13.1,965187.0,274845.0,6.54,4.72,2022-03-31 02:00:00
2022-04-01,4,2022,1.7,6.3,4.79,0.3,9.26,873050.0,314831.0,4.54,27.57,2022-04-01 02:00:00
2022-04-02,4,2022,4.9,6.4,5.06,1.0,24.47,873851.0,344167.0,1.51,76.33,2022-04-02 02:00:00
2022-04-03,4,2022,3.0,6.3,5.65,0.3,16.7,845803.0,330211.0,3.22,48.48,2022-04-03 02:00:00
2022-04-04,4,2022,0.6,6.0,5.27,0.1,13.4,762713.0,317494.0,5.48,9.32,2022-04-04 02:00:00
2022-04-05,4,2022,0.0,6.4,5.18,0.0,5.99,658672.0,335684.0,6.41,0.0,2022-04-05 02:00:00
2022-04-06,4,2022,0.7,6.9,5.19,1.0,6.26,781189.0,354597.0,6.24,10.05,2022-04-06 02:00:00
2022-04-07,4,2022,2.5,6.4,5.15,0.9,9.93,575506.0,327111.0,3.94,38.38,2022-04-07 02:00:00
2022-04-08,4,2022,2.6,7.3,5.04,1.3,13.45,558908.0,366848.0,1.2,131.6,2022-04-08 02:00:00
2022-04-09,4,2022,1.2,6.6,5.61,0.1,13.14,585869.0,371588.0,5.36,18.62,2022-04-09 02:00:00
2022-04-10,4,2022,4.6,6.9,4.95,0.0,18.53,499163.0,372440.0,2.21,67.7,2022-04-10 02:00:00
2022-04-11,4,2022,0.2,6.6,5.01,0.2,9.58,425272.0,375942.0,6.42,2.74,2022-04-11 02:00:00
2022-04-12,4,2022,0.7,6.9,5.62,0.1,10.26,407069.0,386234.0,6.16,10.26,2022-04-12 02:00:00
2022-04-13,4,2022,0.9,6.2,5.29,0.2,17.84,335375.0,386546.0,5.25,14.8,2022-04-13 02:00:00
2022-04-14,4,2022,3.7,6.8,5.16,0.7,23.89,255897.0,392525.0,3.17,53.55,2022-04-14 02:00:00
2022-04-15,4,2022,6.7,6.5,5.35,0.9,24.67,386582.0,382836.0,-0.14,102.19,2022-04-15 02:00:00
2022-04-16,4,2022,0.1,6.5,4.65,1.8,15.23,245043.0,361675.0,6.32,2.21,2022-04-16 02:00:00
2022-04-17,4,2022,0.5,6.9,5.03,0.5,8.65,149246.0,353706.0,6.46,6.81,2022-04-17 02:00:00
2022-04-18,4,2022,3.6,6.2,5.35,1.2,24.41,169469.0,352048.0,2.62,57.83,2022-04-18 02:00:00
2022-04-19,4,2022,3.6,5.9,5.44,1.4,15.65,97471.0,370737.0,2.31,60.74,2022-04-19 02:00:00
2022-04-20,4,2022,3.6,6.8,5.68,0.0,21.48,145997.0,381998.0,3.19,53.04,2022-04-20 02:00:00
2022-04-21,4,2022,0.0,7.1,6.3,0.0,9.94,31799.0,366864.0,7.05,0.0,2022-04-21 02:00:00
2022-04-22,4,2022,1.0,6.7,5.09,0.5,10.11,0.0,384857.0,5.66,15.46,2022-04-22 02:00:00
2022-04-23,4,2022,3.9,6.6,5.68,0.0,15.67,21449.0,370923.0,2.66,59.6,2022-04-23 02:00:00
2022-04-24,4,2022,1.7,6.3,5.73,0.0,10.08,0.0,360089.0,4.6,26.77,2022-04-24 02:00:00
2022-04-25,4,2022,0.7,6.4,5.1,0.1,11.94,0.0,363679.0,5.66,11.65,2022-04-25 02:00:00
2022-04-26,4,2022,0.0,7.3,5.51,0.0,8.32,0.0,369562.0,7.27,0.41,2022-04-26 02:00:00
2022-04-27,4,2022,7.8,6.5,5.21,1.8,28.58,0.0,368795.0,-1.25,119.19,2022-04-27 02:00:00
2022-04-28,4,2022,0.4,7.1,5.72,0.9,8.51,0.0,393168.0,4.41,69.53,2022-04-28 02:00:00
2022-04-29,4,2022,3.4,7.2,4.9,0.3,21.48,0.0,373438.0,3.77,47.46,2022-04-29 02:00:00
2022-04-30,4,2022,0.5,6.8,4.76,0.0,17.72,0.0,377372.0,6.31,6.77,2022-04-30 02:00:00
2022-05-01,4,2022,0.7,6.4,5.47,0.3,10.47,0.0,399347.0,5.7,11.11,2022-05-01 02:00:00
2022-05-02,4,2022,1.3,6.3,5.67,0.0,9.64,0.0,413562.0,4.97,21.01,2022-05-02 02:00:00
2022-05-03,4,2022,0.8,6.7,5.41,0.1,12.93,0.0,363569.0,5.91,12.21,2022-05-03 02:00:00
2022-05-04,4,2022,9.3,6.7,5.03,1.5,34.87,0.0,422882.0,-2.54,137.73,2022-05-04 02:00:00
2022-05-05,4,2022,0.0,6.9,5.11,0.5,8.23,0.0,385392.0,6.91,0.0,2022-05-05 02:00:00
2022-05-06,4,2022,2.9,6.6,5.32,0.6,16.22,0.0,393443.0,3.74,43.49,2022-05-06 02:00:00
2022-05-07,4,2022,0.3,6.6,5.74,0.8,9.96,0.0,398825.0,6.29,5.05,2022-05-07 02:00:00
2022-05-08,4,2022,1.4,7.0,4.7,0.2,16.85,0.0,411324.0,1.72,130.6,2022-05-08 02:00:00
2022-05-09,4,2022,3.9,6.6,4.83,0.4,22.23,0.0,444937.0,-0.17,145.99,2022-05-09 02:00:00
2022-05-10,4,2022,8.8,7.0,5.2,1.9,32.26,0.0,419860.0,-1.88,127.01,2022-05-10 02:00:00
2022-05-11,4,2022,0.6,6.6,6.31,1.3,10.89,0.0,446630.0,6.03,9.28,2022-05-11 02:00:00
2022-05-12,4,2022,0.6,7.5,5.39,0.0,11.78,0.0,469548.0,5.71,39.53,2022-05-12 02:00:00
2022-05-13,4,2022,1.6,6.7,5.31,2.0,9.82,0.0,488871.0,2.98,88.33,2022-05-13 02:00:00
2022-05-14,4,2022,0.6,6.6,5.34,1.0,15.73,0.0,512766.0,6.04,8.91,2022-05-14 02:00:00
2022-05-15,4,2022,2.1,7.1,5.76,0.0,15.16,0.0,477112.0,4.97,30.16,2022-05-15 02:00:00
2022-05-16,4,2022,1.9,6.6,5.88,0.0,7.92,0.0,492921.0,0.99,140.95,2022-05-16 02:00:00
2022-05-17,4,2022,0.7,6.8,5.84,1.1,8.06,0.0,500374.0,6.16,9.75,2022-05-17 02:00:00
2022-05-18,4,2022,1.5,6.8,5.78,0.8,13.86,0.0,547750.0,5.3,22.21,2022-05-18 02:00:00
2022-05-19,4,2022,0.1,6.5,5.73,0.3,7.64,0.0,540390.0,6.34,1.85,2022-05-19 02:00:00
2022-05-20,4,2022,0.0,7.2,5.17,0.0,8.31,0.0,509513.0,7.2,0.0,2022-05-20 02:00:00
2022-05-21,4,2022,0.0,6.5,5.98,0.0,9.72,0.0,524011.0,6.52,0.36,2022-05-21 02:00:00
2022-05-22,4,2022,5.8,6.3,4.97,0.5,29.28,0.0,539116.0,0.5,92.15,2022-05-22 02:00:00
2022-05-23,4,2022,1.0,6.9,5.16,0.0,12.36,0.0,560303.0,1.93,129.96,2022-05-23 02:00:00
2022-05-24,4,2022,0.7,7.0,6.18,1.1,14.31,0.0,527160.0,6.33,9.39,2022-05-24 02:00:00
2022-05-25,4,2022,0.0,7.0,5.59,0.4,12.6,0.0,545259.0,7.04,0.0,2022-05-25 02:00:00
2022-05-26,4,2022,0.7,6.9,5.46,0.2,10.24,0.0,627111.0,6.19,10.65,2022-05-26 02:00:00
2022-05-27,4,2022,2.5,7.2,5.35,0.4,21.53,0.0,568230.0,4.76,34.08,2022-05-27 02:00:00
2022-05-28,4,2022,0.3,6.5,5.61,0.0,13.71,0.0,545630.0,6.26,4.08,2022-05-28 02:00:00
2022-05-29,4,2022,0.3,6.8,5.09,0.1,11.87,0.0,553268.0,6.49,4.28,2022-05-29 02:00:00
2022-05-30,4,2022,0.2,6.5,6.02,0.0,3.96,0.0,602203.0,2.39,122.16,2022-05-30 02:00:00
2022-05-31,4,2022,0.1,6.6,5.73,0.0,14.73,0.0,613117.0,6.44,1.87,2022-05-31 02:00:00
2022-06-01,4,2022,1.1,6.7,5.72,0.3,11.35,0.0,588362.0,5.62,15.98,2022-06-01 02:00:00
2022-06-02,4,2022,2.9,6.6,5.51,2.1,17.66,0.0,576081.0,3.73,43.47,2022-06-02 02:00:00
2022-06-03,4,2022,4.7,6.9,5.92,1.7,20.2,0.0,604895.0,2.28,67.2,2022-06-03 02:00:00
2022-06-04,4,2022,0.5,7.2,6.1,0.0,13.28,0.0,593379.0,6.7,6.64,2022-06-04 02:00:00
2022-06-05,4,2022,0.2,7.2,6.11,0.0,14.7,0.0,603293.0,6.98,3.36,2022-06-05 02:00:00
2022-06-06,4,2022,4.3,6.7,5.62,0.0,15.94,0.0,566914.0,2.44,63.68,2022-06-06 02:00:00
2022-06-07,4,2022,0.5,6.9,5.95,0.0,13.75,0.0,611731.0,6.47,6.62,2022-06-07 02:00:00
2022-06-08,4,2022,0.0,7.5,5.43,0.0,9.27,0.0,652406.0,2.8,125.51,2022-06-08 02:00:00
2022-06-09,4,2022,0.8,7.2,5.5,0.8,8.57,0.0,653170.0,6.36,11.66,2022-06-09 02:00:00
2022-06-10,4,2022,0.1,6.9,5.2,0.0,2.69,0.0,681083.0,3.98,82.69,2022-06-10 02:00:00
2022-06-11,4,2022,7.4,6.1,5.65,0.8,30.11,0.0,684978.0,-1.24,120.2,2022-06-11 02:00:00
2022-06-12,4,2022,0.4,6.6,5.31,0.0,18.09,0.0,692621.0,5.13,39.49,2022-06-12 02:00:00
2022-06-13,4,2022,2.4,6.3,5.59,0.0,16.43,0.0,685706.0,3.87,38.72,2022-06-13 02:00:00
2022-06-14,4,2022,6.0,6.5,4.42,0.0,27.78,0.0,690699.0,0.48,92.66,2022-06-14 02:00:00
2022-06-15,4,2022,2.8,7.0,5.73,1.2,18.22,0.0,684171.0,4.25,39.49,2022-06-15 02:00:00
2022-06-16,4,2022,0.8,6.9,6.25,0.1,14.15,0.0,700471.0,6.11,11.6,2022-06-16 02:00:00
2022-06-17,4,2022,2.0,7.0,5.85,0.5,17.79,0.0,653428.0,4.92,29.39,2022-06-17 02:00:00
2022-06-18,4,2022,11.1,7.0,5.71,2.3,35.17,0.0,694283.0,-4.14,159.14,2022-06-18 02:00:00
2022-06-19,4,2022,3.5,6.9,5.85,0.0,13.88,0.0,680038.0,3.43,50.45,2022-06-19 02:00:00
2022-06-20,4,2022,0.2,6.7,5.7,0.0,14.18,0.0,705491.0,6.54,3.06,2022-06-20 02:00:00
2022-06-21,4,2022,0.1,7.2,5.63,0.0,9.34,0.0,728645.0,2.46,129.63,2022-06-21 02:00:00
2022-06-22,4,2022,0.4,6.3,4.85,0.8,16.7,0.0,749410.0,2.28,121.32,2022-06-22 02:00:00
2022-06-23,4,2022,2.3,7.0,5.68,1.6,16.19,0.0,790754.0,4.68,33.35,2022-06-23 02:00:00
2022-06-24,4,2022,0.0,7.1,5.65,0.5,8.21,0.0,769654.0,7.12,0.0,2022-06-24 02:00:00
2022-06-25,4,2022,0.0,7.2,6.23,1.3,15.19,0.0,741159.0,7.2,0.0,2022-06-25 02:00:00
2022-06-26,4,2022,3.6,7.3,5.18,0.0,18.38,0.0,724230.0,3.7,49.65,2022-06-26 02:00:00
2022-06-27,4,2022,1.6,7.1,5.32,0.0,17.94,0.0,797157.0,5.52,22.29,2022-06-27 02:00:00
2022-06-28,4,2022,1.8,6.7,5.34,0.9,11.51,0.0,766762.0,4.88,27.15,2022-06-28 02:00:00
2022-06-29,4,2022,0.0,6.4,4.88,0.0,8.91,0.0,763236.0,6.38,0.0,2022-06-29 02:00:00
2022-06-30,4,2022,4.6,7.2,5.32,1.4,19.89,0.0,790435.0,2.51,64.89,2022-06-30 02:00:00
2022-07-01,4,2022,0.0,6.5,5.08,0.0,14.37,0.0,782045.0,6.52,0.0,2022-07-01 02:00:00
2022-07-02,4,2022,1.6,7.0,5.81,0.0,10.04,0.0,769282.0,5.43,22.3,2022-07-02 02:00:00
2022-07-03,4,2022,0.0,7.2,5.0,0.1,9.49,0.0,782503.0,7.15,0.0,2022-07-03 02:00:00
2022-07-04,4,2022,0.8,6.4,4.96,0.2,17.89,0.0,743247.0,5.62,12.43,2022-07-04 02:00:00
2022-07-05,4,2022,0.1,6.8,5.56,0.6,10.94,0.0,773354.0,6.65,1.84,2022-07-05 02:00:00
2022-07-06,4,2022,1.9,6.7,4.97,0.9,13.29,0.0,800795.0,4.83,27.69,2022-07-06 02:00:00
2022-07-07,4,2022,1.6,6.6,6.43,0.0,18.42,0.0,739678.0,5.0,24.1,2022-07-07 02:00:00
2022-07-08,4,2022,2.1,6.3,5.18,0.8,13.27,0.0,792427.0,0.77,142.53,2022-07-08 02:00:00
2022-07-09,4,2022,1.5,6.9,5.61,0.0,8.14,0.0,777117.0,5.46,21.09,2022-07-09 02:00:00
2022-07-10,4,2022,1.4,6.6,5.81,0.0,12.15,0.0,823755.0,5.25,20.78,2022-07-10 02:00:00
2022-07-11,4,2022,2.1,6.2,5.21,0.0,16.21,0.0,768034.0,4.15,33.45,2022-07-11 02:00:00
2022-07-12,4,2022,0.0,7.0,5.21,0.4,5.51,0.0,800089.0,6.95,0.0,2022-07-12 02:00:00
2022-07-13,4,2022,2.2,7.2,4.89,0.0,21.67,0.0,820882.0,5.03,30.5,2022-07-13 02:00:00
2022-07-14,4,2022,0.1,7.0,5.67,0.1,12.94,0.0,772235.0,6.88,2.13,2022-07-14 02:00:00
2022-07-15,4,2022,0.5,6.6,5.77,0.0,10.02,0.0,825484.0,6.07,7.29,2022-07-15 02:00:00
2022-07-16,4,2022,10.2,7.2,6.49,1.7,31.77,0.0,832421.0,-3.0,141.69,2022-07-16 02:00:00
2022-07-17,4,2022,0.0,7.3,5.98,0.7,5.47,0.0,816622.0,7.23,0.38,2022-07-17 02:00:00
2022-07-18,4,2022,0.1,7.4,5.42,0.0,10.02,0.0,773347.0,7.22,1.94,2022-07-18 02:00:00
2022-07-19,4,2022,0.3,7.3,5.56,0.4,6.64,0.0,815678.0,4.49,72.29,2022-07-19 02:00:00
2022-07-20,4,2022,0.4,7.5,5.65,0.0,9.43,0.0,826086.0,7.11,5.48,2022-07-20 02:00:00
2022-07-21,4,2022,0.0,7.6,5.65,0.0,14.35,0.0,801075.0,7.55,0.0,2022-07-21 02:00:00
2022-07-22,4,2022,3.3,6.8,6.0,0.9,20.48,0.0,842617.0,3.54,48.2,2022-07-22 02:00:00
2022-07-23,4,2022,0.7,7.3,5.78,0.2,13.29,0.0,809273.0,6.64,9.1,2022-07-23 02:00:00
2022-07-24,4,2022,1.8,7.1,6.16,0.7,17.5,0.0,792688.0,5.37,24.91,2022-07-24 02:00:00
2022-07-25,4,2022,0.0,7.0,5.28,0.8,11.95,0.0,835955.0,3.71,93.96,2022-07-25 02:00:00
2022-07-26,4,2022,0.1,7.0,4.82,1.6,8.43,0.0,812938.0,6.91,1.46,2022-07-26 02:00:00
2022-07-27,4,2022,0.5,6.8,5.9,0.4,16.91,0.0,841966.0,6.26,7.74,2022-07-27 02:00:00
2022-07-28,4,2022,4.8,7.0,6.17,1.1,22.63,0.0,872418.0,2.18,68.73,2022-07-28 02:00:00
2022-07-29,4,2022,0.9,6.5,5.85,0.0,11.4,0.0,844157.0,5.66,13.43,2022-07-29 02:00:00
2022-07-30,4,2022,1.3,7.0,5.85,0.0,17.23,0.0,881839.0,2.02,123.57,2022-07-30 02:00:00
2022-07-31,4,2022,0.0,6.5,5.97,0.0,9.18,0.0,919389.0,6.47,0.0,2022-07-31 02:00:00
2022-08-01,4,2022,1.9,7.1,5.46,0.7,14.24,0.0,913065.0,5.18,27.12,2022-08-01 02:00:00
2022-08-02,4,2022,0.4,7.0,5.51,0.5,12.72,0.0,899004.0,6.58,5.95,2022-08-02 02:00:00
2022-08-03,4,2022,0.5,7.0,5.09,0.0,13.18,0.0,868323.0,6.46,7.1,2022-08-03 02:00:00
2022-08-04,4,2022,9.7,6.6,5.77,0.7,35.4,0.0,900020.0,-5.84,230.02,2022-08-04 02:00:00
2022-08-05,4,2022,0.0,6.8,6.35,0.0,7.61,0.0,954979.0,6.8,0.0,2022-08-05 02:00:00
2022-08-06,4,2022,7.1,7.3,5.25,0.2,30.17,0.0,950735.0,0.18,97.57,2022-08-06 02:00:00
2022-08-07,4,2022,3.4,7.3,6.48,0.3,20.27,0.0,883601.0,3.89,46.52,2022-08-07 02:00:00
2022-08-08,4,2022,0.6,7.4,4.4,0.5,9.31,0.0,942328.0,6.81,7.57,2022-08-08 02:00:00
2022-08-09,4,2022,3.5,7.0,6.38,0.0,18.39,0.0,907729.0,3.45,50.62,2022-08-09 02:00:00
2022-08-10,4,2022,7.0,7.5,6.11,1.3,31.39,0.0,945035.0,-1.94,157.99,2022-08-10 02:00:00
2022-08-11,4,2022,2.8,7.5,4.98,0.4,17.1,0.0,989062.0,4.76,36.64,2022-08-11 02:00:00
2022-08-12,4,2022,0.1,7.2,5.21,0.0,10.11,0.0,942836.0,7.09,1.67,2022-08-12 02:00:00
2022-08-13,4,2022,1.7,7.2,5.46,0.0,11.93,0.0,970254.0,5.53,22.99,2022-08-13 02:00:00
2022-08-14,4,2022,2.3,6.7,5.4,1.0,19.28,0.0,976646.0,4.39,34.34,2022-08-14 02:00:00
2022-08-15,4,2022,1.8,7.1,5.32,1.1,22.67,0.0,950060.0,5.29,25.86,2022-08-15 02:00:00
2022-08-16,4,2022,3.8,6.7,6.18,0.9,24.23,0.0,938125.0,2.88,56.74,2022-08-16 02:00:00
2022-08-17,4,2022,3.1,6.7,5.99,0.3,19.87,0.0,967160.0,3.54,46.89,2022-08-17 02:00:00
2022-08-18,4,2022,0.0,6.4,4.9,0.0,11.57,0.0,964992.0,3.93,77.89,2022-08-18 02:00:00
2022-08-19,4,2022,0.0,6.9,5.61,0.0,7.55,0.0,989441.0,6.88,0.0,2022-08-19 02:00:00
2022-08-20,4,2022,0.9,7.6,5.23,0.0,9.61,0.0,982910.0,6.75,11.27,2022-08-20 02:00:00
2022-08-21,4,2022,0.5,6.5,5.73,0.0,5.36,0.0,1010801.0,3.23,93.5,2022-08-21 02:00:00
2022-08-22,4,2022,0.0,7.1,5.77,1.2,13.05,0.0,1006825.0,7.13,0.0,2022-08-22 02:00:00
2022-08-23,4,2022,1.2,6.7,6.15,0.3,15.12,0.0,1008560.0,2.44,109.13,2022-08-23 02:00:00
2022-08-24,4,2022,2.9,6.8,5.86,1.7,15.91,0.0,1026997.0,3.95,42.0,2022-08-24 02:00:00
2022-08-25,4,2022,2.8,7.3,6.11,0.0,14.41,0.0,1051618.0,4.41,39.22,2022-08-25 02:00:00
2022-08-26,4,2022,0.2,6.9,6.41,0.0,15.6,0.0,1044206.0,6.67,2.92,2022-08-26 02:00:00
2022-08-27,4,2022,8.8,7.0,5.19,2.5,32.95,0.0,1041126.0,-1.8,125.88,2022-08-27 02:00:00
2022-08-28,4,2022,1.4,6.7,5.66,0.7,13.44,0.0,1020720.0,5.27,21.46,2022-08-28 02:00:00
2022-08-29,4,2022,0.0,7.4,5.26,0.0,7.93,0.0,1038505.0,7.4,0.0,2022-08-29 02:00:00
2022-08-30,4,2022,1.9,7.1,6.2,0.8,14.64,0.0,1031350.0,5.18,26.56,2022-08-30 02:00:00
2022-08-31,4,2022,0.6,6.7,5.76,0.4,15.08,0.0,1019831.0,6.12,8.26,2022-08-31 02:00:00
2022-09-01,4,2022,0.0,6.9,6.5,1.2,8.22,0.0,1033606.0,6.94,0.0,2022-09-01 02:00:00
2022-09-02,4,2022,1.8,7.4,6.02,1.8,14.47,0.0,1041148.0,5.55,24.78,2022-09-02 02:00:00
2022-09-03,4,2022,0.0,6.1,6.14,0.5,10.54,0.0,1029657.0,6.11,0.0,2022-09-03 02:00:00
2022-09-04,4,2022,5.0,7.0,5.84,1.7,25.9,0.0,1016473.0,2.0,71.48,2022-09-04 02:00:00
2022-09-05,4,2022,0.0,7.2,5.66,0.0,6.61,0.0,1040844.0,7.21,0.0,2022-09-05 02:00:00
2022-09-06,4,2022,1.9,7.3,5.59,0.5,14.95,0.0,1062418.0,5.38,26.57,2022-09-06 02:00:00
2022-09-07,4,2022,0.2,7.2,5.51,0.2,16.04,0.0,997211.0,7.07,2.21,2022-09-07 02:00:00
2022-09-08,4,2022,2.7,7.0,5.38,0.0,15.3,0.0,1070873.0,0.64,143.27,2022-09-08 02:00:00
2022-09-09,4,2022,0.1,7.5,6.72,0.8,7.57,0.0,1074500.0,7.46,1.09,2022-09-09 02:00:00
2022-09-10,4,2022,0.8,7.8,6.41,0.2,10.44,0.0,1057287.0,7.02,9.89,2022-09-10 02:00:00
2022-09-11,4,2022,0.0,7.0,5.95,0.0,8.29,0.0,1070880.0,7.01,0.0,2022-09-11 02:00:00
2022-09-12,4,2022,7.8,7.2,5.25,2.2,28.33,0.0,1054121.0,-0.58,108.11,2022-09-12 02:00:00
2022-09-13,4,2022,1.4,6.8,5.99,1.3,11.62,0.0,1101665.0,2.8,98.2,2022-09-13 02:00:00
2022-09-14,4,2022,3.6,6.8,5.64,1.8,16.64,0.0,1123200.0,3.23,52.41,2022-09-14 02:00:00
2022-09-15,4,2022,4.1,6.7,6.32,2.1,23.17,0.0,1068512.0,2.66,60.58,2022-09-15 02:00:00
2022-09-16,4,2022,0.7,7.5,4.89,1.3,10.3,0.0,1069851.0,6.74,9.68,2022-09-16 02:00:00
2022-09-17,4,2022,1.3,7.5,6.37,2.1,11.52,0.0,1084348.0,6.26,16.68,2022-09-17 02:00:00
2022-09-18,4,2022,0.6,7.3,6.92,0.8,9.9,0.0,1072752.0,6.69,8.19,2022-09-18 02:00:00
2022-09-19,4,2022,5.5,6.8,5.07,0.0,20.5,0.0,1093677.0,1.22,81.9,2022-09-19 02:00:00
2022-09-20,4,2022,4.5,8.0,5.55,0.6,15.84,0.0,1121654.0,3.45,56.72,2022-09-20 02:00:00
2022-09-21,4,2022,0.4,7.6,6.09,0.2,13.43,0.0,1056622.0,7.18,5.07,2022-09-21 02:00:00
2022-09-22,4,2022,2.8,7.0,6.47,0.5,19.25,0.0,1094754.0,4.14,40.4,2022-09-22 02:00:00
2022-09-23,4,2022,4.5,7.4,5.39,0.0,17.87,0.0,1076301.0,2.86,61.28,2022-09-23 02:00:00
2022-09-24,4,2022,0.4,6.8,5.87,0.8,13.7,0.0,1086655.0,6.41,6.05,2022-09-24 02:00:00
2022-09-25,4,2022,9.7,7.7,6.38,1.3,39.98,0.0,1094132.0,-2.03,126.39,2022-09-25 02:00:00
2022-09-26,4,2022,1.0,7.0,4.89,0.7,13.36,0.0,1073329.0,6.07,13.65,2022-09-26 02:00:00
2022-09-27,4,2022,0.0,7.3,5.37,0.0,12.74,0.0,1099902.0,7.31,0.0,2022-09-27 02:00:00
2022-09-28,4,2022,5.0,7.2,5.99,1.0,20.43,0.0,1099541.0,2.23,69.05,2022-09-28 02:00:00
2022-09-29,4,2022,3.3,7.4,5.96,0.0,14.22,0.0,1088507.0,4.0,45.55,2022-09-29 02:00:00
2022-09-30,4,2022,0.0,7.3,5.71,1.2,11.46,0.0,1087249.0,7.32,0.0,2022-09-30 02:00:00
2022-10-01,4,2022,0.2,7.0,5.56,0.0,9.71,0.0,1080740.0,6.87,2.29,2022-10-01 02:00:00
2022-10-02,4,2022,0.8,7.0,5.54,0.5,13.99,0.0,1098015.0,6.17,11.65,2022-10-02 02:00:00
2022-10-03,4,2022,0.0,7.4,5.11,0.0,13.56,0.0,1127869.0,7.38,0.0,2022-10-03 02:00:00
2022-10-04,4,2022,28.3,7.5,5.12,7.0,78.33,0.0,1053649.0,-20.79,250.0,2022-10-04 02:00:00
2022-10-05,4,2022,0.7,7.1,5.56,0.0,11.55,0.0,1122917.0,6.37,10.04,2022-10-05 02:00:00
2022-10-06,4,2022,0.0,7.1,5.89,1.4,11.42,0.0,1060535.0,7.07,0.0,2022-10-06 02:00:00
2022-10-07,4,2022,0.0,7.5,5.78,0.2,8.87,0.0,1112994.0,7.55,0.0,2022-10-07 02:00:00
2022-10-08,4,2022,4.7,7.2,5.78,2.2,16.35,0.0,1109913.0,2.46,65.62,2022-10-08 02:00:00
2022-10-09,4,2022,0.0,7.0,5.48,0.0,12.34,0.0,1132814.0,2.96,115.27,2022-10-09 02:00:00
2022-10-10,4,2022,3.6,7.5,6.05,0.2,19.7,0.0,1102705.0,3.91,47.96,2022-10-10 02:00:00
2022-10-11,4,2022,6.3,7.2,5.65,0.4,20.2,0.0,1192396.0,0.91,87.36,2022-10-11 02:00:00
2022-10-12,4,2022,3.3,7.8,6.1,2.5,13.3,0.0,1148112.0,4.44,42.8,2022-10-12 02:00:00
2022-10-13,4,2022,1.4,7.6,5.24,1.1,12.85,0.0,1152903.0,6.25,17.86,2022-10-13 02:00:00
2022-10-14,4,2022,0.0,7.8,5.92,0.3,6.69,0.0,1141584.0,7.76,0.0,2022-10-14 02:00:00
2022-10-15,4,2022,0.0,7.2,5.67,0.0,9.47,0.0,1110358.0,7.22,0.0,2022-10-15 02:00:00
2022-10-16,4,2022,1.7,7.4,5.99,0.1,11.3,0.0,1175233.0,1.66,131.55,2022-10-16 02:00:00
2022-10-17,4,2022,1.0,7.2,5.69,0.0,18.0,0.0,1196872.0,6.2,14.16,2022-10-17 02:00:00
2022-10-18,4,2022,1.7,7.5,6.46,1.5,13.49,0.0,1148474.0,5.77,23.02,2022-10-18 02:00:00
2022-10-19,4,2022,0.0,7.4,6.13,0.0,8.27,0.0,1188697.0,7.35,0.0,2022-10-19 02:00:00
2022-10-20,4,2022,2.4,7.6,5.72,2.1,13.4,0.0,1167143.0,5.13,32.28,2022-10-20 02:00:00
2022-10-21,4,2022,5.3,7.6,5.92,0.8,22.92,0.0,1196880.0,2.31,69.56,2022-10-21 02:00:00
2022-10-22,4,2022,0.9,7.5,5.96,1.1,11.25,0.0,1193550.0,6.59,12.46,2022-10-22 02:00:00
2022-10-23,4,2022,0.0,7.2,6.38,0.0,10.21,0.0,1160754.0,7.22,0.0,2022-10-23 02:00:00
2022-10-24,4,2022,1.5,7.0,6.16,0.0,12.74,0.0,1198007.0,5.47,21.44,2022-10-24 02:00:00
2022-10-25,4,2022,2.3,7.2,5.65,0.3,12.2,0.0,1170363.0,4.88,31.93,2022-10-25 02:00:00
2022-10-26,4,2022,0.0,7.5,5.75,1.2,15.49,0.0,1193468.0,7.52,0.0,2022-10-26 02:00:00
2022-10-27,4,2022,0.0,7.1,5.9,2.0,11.76,0.0,1144442.0,7.12,0.0,2022-10-27 02:00:00
2022-10-28,4,2022,5.1,7.3,5.01,0.0,24.82,0.0,1167006.0,2.14,70.65,2022-10-28 02:00:00
2022-10-29,4,2022,0.3,7.6,6.13,0.0,11.1,0.0,1175822.0,7.26,4.58,2022-10-29 02:00:00
2022-10-30,4,2022,0.0,7.0,5.53,0.1,10.29,0.0,1158088.0,6.97,0.0,2022-10-30 02:00:00
2022-10-31,4,2022,0.0,8.3,5.78,0.0,11.35,0.0,1150370.0,8.3,0.0,2022-10-31 02:00:00
2022-11-01,4,2022,0.0,7.2,5.79,0.4,6.6,0.0,1174787.0,7.2,0.0,2022-11-01 02:00:00
2022-11-02,4,2022,0.0,7.6,6.43,0.2,11.75,0.0,1192730.0,4.82,72.58,2022-11-02 02:00:00
2022-11-03,4,2022,0.0,7.5,6.88,0.6,9.6,0.0,1202888.0,7.52,0.0,2022-11-03 02:00:00
2022-11-04,4,2022,0.6,7.8,6.02,0.6,11.18,0.0,1193430.0,7.27,7.36,2022-11-04 02:00:00
2022-11-05,4,2022,0.2,7.1,5.98,0.0,14.97,0.0,1212684.0,6.87,3.17,2022-11-05 02:00:00
2022-11-06,4,2022,0.4,7.5,5.93,0.0,14.28,0.0,1235300.0,7.12,5.51,2022-11-06 02:00:00
2022-11-07,4,2022,0.0,7.1,6.09,0.8,10.16,0.0,1140013.0,7.08,0.0,2022-11-07 02:00:00
2022-11-08,4,2022,0.0,7.8,6.0,0.0,10.08,0.0,1185878.0,7.83,0.0,2022-11-08 02:00:00
2022-11-09,4,2022,0.0,7.4,5.66,1.0,4.93,0.0,1189484.0,7.37,0.0,2022-11-09 02:00:00
2022-11-10,4,2022,4.9,7.9,6.22,0.4,18.4,0.0,1191324.0,3.03,61.61,2022-11-10 02:00:00
2022-11-11,4,2022,0.0,7.7,6.14,0.6,15.21,0.0,1192483.0,7.66,0.0,2022-11-11 02:00:00
2022-11-12,4,2022,2.4,7.9,5.9,0.0,18.37,0.0,1177023.0,5.5,30.37,2022-11-12 02:00:00
2022-11-13,4,2022,8.0,7.3,6.17,0.7,32.05,0.0,1207727.0,-3.14,176.3,2022-11-13 02:00:00
2022-11-14,4,2022,2.2,7.5,6.12,0.0,17.86,0.0,1220633.0,5.29,29.24,2022-11-14 02:00:00
2022-11-15,4,2022,0.0,7.9,5.98,0.0,15.85,0.0,1215085.0,7.86,0.0,2022-11-15 02:00:00
2022-11-16,4,2022,0.9,7.8,5.9,0.6,9.41,0.0,1236768.0,6.88,11.97,2022-11-16 02:00:00
2022-11-17,4,2022,6.3,7.1,5.85,0.2,26.98,0.0,1246968.0,0.73,89.68,2022-11-17 02:00:00
2022-11-18,4,2022,0.4,7.7,6.14,0.5,10.91,0.0,1275182.0,7.36,4.96,2022-11-18 02:00:00
2022-11-19,4,2022,0.0,7.2,6.47,0.0,10.09,0.0,1243161.0,7.21,0.0,2022-11-19 02:00:00
2022-11-20,4,2022,6.1,7.5,6.76,2.1,32.43,0.0,1220707.0,1.42,81.07,2022-11-20 02:00:00
2022-11-21,4,2022,6.7,7.9,6.39,0.8,19.62,0.0,1251279.0,1.17,85.15,2022-11-21 02:00:00
2022-11-22,4,2022,1.4,7.4,6.35,0.0,15.43,0.0,1184651.0,5.99,19.31,2022-11-22 02:00:00
2022-11-23,4,2022,5.5,7.8,5.86,0.0,25.4,0.0,1173381.0,2.34,70.1,2022-11-23 02:00:00
2022-11-24,4,2022,5.7,7.8,6.32,1.9,32.09,0.0,1228696.0,2.03,73.8,2022-11-24 02:00:00
2022-11-25,4,2022,0.0,7.6,6.3,0.2,9.73,0.0,1235364.0,7.6,0.0,2022-11-25 02:00:00
2022-11-26,4,2022,2.9,7.9,5.82,0.0,17.86,0.0,1229848.0,5.01,36.49,2022-11-26 02:00:00
2022-11-27,4,2022,1.0,7.5,6.3,0.4,15.03,0.0,1196893.0,6.5,13.74,2022-11-27 02:00:00
2022-11-28,4,2022,0.7,7.5,6.14,0.1,12.3,0.0,1213558.0,6.77,9.3,2022-11-28 02:00:00
2022-11-29,4,2022,0.0,7.7,6.34,0.0,10.52,0.0,1198603.0,7.66,0.0,2022-11-29 02:00:00
2022-11-30,4,2022,0.4,7.6,6.38,0.4,12.93,0.0,1240705.0,7.19,5.09,2022-11-30 02:00:00
2022-12-01,4,2022,0.1,7.7,6.78,0.0,10.51,0.0,1230878.0,7.64,1.0,2022-12-01 02:00:00
2022-12-02,4,2022,0.0,7.3,5.35,0.0,6.92,0.0,1226012.0,7.29,0.0,2022-12-02 02:00:00
2022-12-03,4,2022,0.2,7.4,7.35,0.0,13.04,0.0,1237703.0,7.22,2.48,2022-12-03 02:00:00
2022-12-04,4,2022,2.7,7.8,6.0,0.0,15.72,0.0,1212292.0,5.15,34.17,2022-12-04 02:00:00
2022-12-05,4,2022,1.7,8.1,6.37,1.3,14.2,0.0,1216578.0,6.35,21.52,2022-12-05 02:00:00
2022-12-06,4,2022,0.0,7.7,5.94,0.0,6.45,0.0,1253910.0,5.57,54.43,2022-12-06 02:00:00
2022-12-07,4,2022,13.0,8.0,5.17,1.4,42.49,0.0,1273652.0,-5.01,162.52,2022-12-07 02:00:00
2022-12-08,4,2022,3.4,8.0,6.33,1.0,20.23,0.0,1250794.0,4.57,42.75,2022-12-08 02:00:00
2022-12-09,4,2022,1.5,7.8,6.35,0.9,11.93,0.0,1254831.0,6.26,19.59,2022-12-09 02:00:00
2022-12-10,4,2022,0.0,7.9,6.0,0.0,7.03,0.0,1247486.0,7.95,0.0,2022-12-10 02:00:00
2022-12-11,4,2022,0.6,7.4,5.64,0.0,12.26,0.0,1258922.0,4.56,67.85,2022-12-11 02:00:00
2022-12-12,4,2022,0.1,8.2,6.1,0.6,11.38,0.0,1262597.0,8.09,1.28,2022-12-12 02:00:00
2022-12-13,4,2022,0.0,7.8,5.8,0.0,12.58,0.0,1250790.0,7.81,0.0,2022-12-13 02:00:00
2022-12-14,4,2022,0.1,7.1,6.2,0.0,13.38,0.0,1301415.0,6.96,2.05,2022-12-14 02:00:00
2022-12-15,4,2022,1.1,8.1,6.05,0.3,10.9,0.0,1266086.0,7.01,13.22,2022-12-15 02:00:00
2022-12-16,4,2022,0.0,7.8,5.97,0.0,7.37,0.0,1309052.0,7.85,0.0,2022-12-16 02:00:00
2022-12-17,4,2022,8.3,6.9,6.28,2.5,33.06,0.0,1269031.0,-1.45,121.14,2022-12-17 02:00:00
2022-12-18,4,2022,0.0,7.6,5.17,0.0,12.94,0.0,1273781.0,7.59,0.0,2022-12-18 02:00:00
2022-12-19,4,2022,2.8,7.9,5.67,0.0,13.38,0.0,1292603.0,5.09,35.17,2022-12-19 02:00:00
2022-12-20,4,2022,0.0,7.2,5.42,0.8,16.59,0.0,1268165.0,7.2,0.0,2022-12-20 02:00:00
2022-12-21,4,2022,0.5,7.8,6.03,0.9,9.5,0.0,1239059.0,7.26,6.81,2022-12-21 02:00:00
2022-12-22,4,2022,0.0,8.1,6.04,0.4,12.97,0.0,1264660.0,8.08,0.0,2022-12-22 02:00:00
2022-12-23,4,2022,0.2,8.2,6.14,0.6,11.35,0.0,1252053.0,8.01,2.15,2022-12-23 02:00:00
2022-12-24,4,2022,0.8,7.7,6.41,0.0,13.69,0.0,1346944.0,2.36,127.93,2022-12-24 02:00:00
2022-12-25,4,2022,0.5,7.2,6.38,1.3,10.25,0.0,1289768.0,6.71,7.14,2022-12-25 02:00:00
2022-12-26,4,2022,3.0,7.4,6.18,0.8,19.72,0.0,1294496.0,4.38,40.6,2022-12-26 02:00:00
2022-12-27,4,2022,1.5,7.9,6.32,0.0,13.1,0.0,1292696.0,6.4,19.42,2022-12-27 02:00:00
2022-12-28,4,2022,3.6,7.5,6.21,0.0,12.89,0.0,1274884.0,3.94,47.73,2022-12-28 02:00:00
2022-12-29,4,2022,3.9,8.2,6.59,2.2,18.33,0.0,1316423.0,4.36,47.09,2022-12-29 02:00:00
2022-12-30,4,2022,1.5,7.2,6.55,1.2,11.26,0.0,1283873.0,5.7,21.14,2022-12-30 02:00:00
2022-12-31,4,2022,1.5,7.8,6.4,0.0,14.19,0.0,1324939.0,6.33,19.05,2022-12-31 02:00:00
2020-01-02,5,2020,1.9,6.2,5.41,0.0,21.37,4930676.0,72762.0,4.26,31.39,2020-01-02 02:00:00
2020-01-03,5,2020,4.3,6.5,5.02,0.0,25.31,4929170.0,106171.0,2.22,65.93,2020-01-03 02:00:00
2020-01-04,5,2020,1.5,6.9,5.18,0.5,20.03,5037476.0,147956.0,3.38,80.02,2020-01-04 02:00:00
2020-01-05,5,2020,0.5,6.1,5.39,0.0,8.94,4767303.0,141862.0,5.61,8.54,2020-01-05 02:00:00
2020-01-06,5,2020,1.0,6.1,4.9,0.2,18.19,4780603.0,168873.0,1.89,121.03,2020-01-06 02:00:00
2020-01-07,5,2020,4.4,6.4,4.85,0.5,22.92,4742499.0,178009.0,2.02,68.58,2020-01-07 02:00:00
2020-01-08,5,2020,0.4,6.2,4.4,0.2,14.17,4696827.0,129864.0,5.78,6.97,2020-01-08 02:00:00
2020-01-09,5,2020,1.9,6.4,5.34,0.7,14.78,4661011.0,129570.0,4.54,29.27,2020-01-09 02:00:00
2020-01-10,5,2020,0.9,6.3,5.61,0.2,14.36,4550164.0,158638.0,5.43,14.38,2020-01-10 02:00:00
2020-01-11,5,2020,2.0,6.9,4.92,0.7,15.18,4523477.0,139484.0,4.86,29.17,2020-01-11 02:00:00
2020-01-12,5,2020,0.1,5.7,5.25,0.0,11.27,4504909.0,198774.0,5.68,1.06,2020-01-12 02:00:00
2020-01-13,5,2020,0.1,6.3,5.4,0.5,7.24,4447538.0,143059.0,6.23,1.68,2020-01-13 02:00:00
2020-01-14,5,2020,0.0,6.5,5.41,0.5,13.68,4298893.0,140557.0,6.49,0.0,2020-01-14 02:00:00
2020-01-15,5,2020,0.7,5.8,5.29,0.0,13.14,4285296.0,156085.0,5.06,12.27,2020-01-15 02:00:00
2020-01-16,5,2020,0.4,5.8,4.88,0.0,12.91,4233607.0,152180.0,5.43,6.92,2020-01-16 02:00:00
2020-01-17,5,2020,0.1,6.2,4.96,0.8,10.66,4213043.0,127985.0,6.1,1.89,2020-01-17 02:00:00
2020-01-18,5,2020,1.9,5.8,5.83,0.0,17.29,4118044.0,154175.0,3.96,32.16,2020-01-18 02:00:00
2020-01-19,5,2020,0.6,6.7,5.14,1.6,11.23,4098663.0,155055.0,6.09,8.77,2020-01-19 02:00:00
2020-01-20,5,2020,6.0,6.2,5.12,0.9,26.31,4076314.0,185189.0,-1.59,153.79,2020-01-20 02:00:00
2020-01-21,5,2020,0.1,6.3,4.52,0.0,9.71,3995536.0,185760.0,6.17,1.88,2020-01-21 02:00:00
2020-01-22,5,2020,1.1,5.8,5.08,0.8,9.4,4055302.0,215111.0,4.72,18.69,2020-01-22 02:00:00
2020-01-23,5,2020,3.8,6.4,4.84,1.0,22.32,3978555.0,160011.0,2.59,59.67,2020-01-23 02:00:00
2020-01-24,5,2020,2.2,6.5,5.39,0.0,16.81,3911571.0,145450.0,4.31,33.29,2020-01-24 02:00:00
2020-01-25,5,2020,1.0,6.2,5.27,0.1,10.83,3846442.0,143255.0,5.16,16.72,2020-01-25 02:00:00
2020-01-26,5,2020,9.3,6.2,4.54,2.1,28.73,3890864.0,158854.0,-3.04,148.64,2020-01-26 02:00:00
2020-01-27,5,2020,0.8,6.1,4.61,0.0,5.78,3849704.0,115759.0,5.32,12.41,2020-01-27 02:00:00
2020-01-28,5,2020,0.6,6.2,5.09,0.0,9.4,3794758.0,178488.0,5.65,8.95,2020-01-28 02:00:00
2020-01-29,5,2020,1.4,6.7,5.07,0.4,9.9,3752003.0,138748.0,5.24,21.48,2020-01-29 02:00:00
2020-01-30,5,2020,0.5,5.8,5.4,0.8,10.36,3787548.0,201155.0,2.02,121.27,2020-01-30 02:00:00
2020-01-31,5,2020,3.5,6.4,4.66,1.3,15.52,3688093.0,187500.0,2.83,55.47,2020-01-31 02:00:00
2020-02-01,5,2020,0.0,6.0,5.52,0.3,3.75,3594335.0,194798.0,6.03,0.0,2020-02-01 02:00:00
2020-02-02,5,2020,0.7,6.1,5.37,0.0,12.52,3583205.0,179590.0,5.36,11.64,2020-02-02 02:00:00
2020-02-03,5,2020,3.6,6.8,5.29,0.0,14.38,3355687.0,229323.0,3.18,53.11,2020-02-03 02:00:00
2020-02-04,5,2020,0.0,6.4,5.29,0.0,6.91,3474376.0,176525.0,6.36,0.5,2020-02-04 02:00:00
2020-02-05,5,2020,3.6,6.0,5.31,1.1,16.62,3422298.0,253868.0,2.35,60.84,2020-02-05 02:00:00
2020-02-06,5,2020,0.0,6.4,5.57,1.2,6.08,3328674.0,194165.0,6.43,0.0,2020-02-06 02:00:00
2020-02-07,5,2020,6.7,6.6,5.43,1.6,25.07,3400367.0,170948.0,-0.06,100.95,2020-02-07 02:00:00
2020-02-08,5,2020,1.3,6.3,4.89,0.1,15.46,3279442.0,167102.0,5.09,19.75,2020-02-08 02:00:00
2020-02-09,5,2020,1.4,6.6,5.31,0.7,13.91,3227802.0,187411.0,5.25,20.94,2020-02-09 02:00:00
2020-02-10,5,2020,1.1,6.1,4.88,0.4,13.49,3219255.0,229671.0,0.3,171.86,2020-02-10 02:00:00
2020-02-11,5,2020,2.9,6.5,5.07,0.0,12.12,3139225.0,242883.0,0.16,150.47,2020-02-11 02:00:00
2020-02-12,5,2020,2.0,6.2,4.4,0.0,18.59,3103661.0,285934.0,4.2,32.54,2020-02-12 02:00:00
2020-02-13,5,2020,1.1,6.0,4.95,0.0,15.47,3001765.0,293268.0,4.96,17.93,2020-02-13 02:00:00
2020-02-14,5,2020,0.1,6.2,5.44,0.2,5.71,3083422.0,290479.0,6.13,1.63,2020-02-14 02:00:00
2020-02-15,5,2020,2.3,5.8,5.08,0.5,17.37,2988554.0,320673.0,0.08,157.33,2020-02-15 02:00:00
2020-02-16,5,2020,0.3,6.5,5.4,0.0,7.88,2909822.0,362360.0,6.17,5.05,2020-02-16 02:00:00
2020-02-17,5,2020,3.3,6.7,5.43,0.1,18.81,2918179.0,318979.0,3.43,49.08,2020-02-17 02:00:00
2020-02-18,5,2020,2.7,6.5,5.19,1.6,18.52,2865481.0,268937.0,3.79,41.67,2020-02-18 02:00:00
2020-02-19,5,2020,1.4,6.4,5.49,1.5,13.72,2842630.0,329735.0,5.02,21.28,2020-02-19 02:00:00
2020-02-20,5,2020,1.4,6.9,5.16,2.3,13.41,2683489.0,315614.0,5.48,20.02,2020-02-20 02:00:00
2020-02-21,5,2020,1.7,6.6,5.02,0.0,11.49,2721541.0,353068.0,4.93,25.76,2020-02-21 02:00:00
2020-02-22,5,2020,0.6,6.5,5.34,2.5,15.57,2642190.0,285748.0,5.92,8.52,2020-02-22 02:00:00
2020-02-23,5,2020,2.6,6.7,5.27,0.5,15.03,2646995.0,308876.0,4.05,39.21,2020-02-23 02:00:00
2020-02-24,5,2020,2.0,6.4,4.45,0.7,15.28,2615237.0,283897.0,4.43,31.32,2020-02-24 02:00:00
2020-02-25,5,2020,3.9,6.7,5.21,0.5,22.52,2511697.0,338267.0,2.78,58.49,2020-02-25 02:00:00
2020-02-26,5,2020,2.7,6.4,5.39,0.4,12.31,2474161.0,333263.0,3.7,42.09,2020-02-26 02:00:00
2020-02-27,5,2020,1.5,6.0,5.46,0.0,10.88,2481330.0,308032.0,4.52,24.43,2020-02-27 02:00:00
2020-02-28,5,2020,0.3,6.0,5.41,0.0,11.58,2340713.0,323947.0,5.7,4.35,2020-02-28 02:00:00
2020-02-29,5,2020,0.1,6.0,5.14,0.0,9.76,2382400.0,342192.0,5.94,0.88,2020-02-29 02:00:00
2020-03-01,5,2020,1.0,6.1,4.84,1.2,17.07,2205983.0,303086.0,5.1,16.31,2020-03-01 02:00:00
2020-03-02,5,2020,1.7,5.8,5.78,0.0,16.27,2220366.0,349532.0,0.44,156.59,2020-03-02 02:00:00
2020-03-03,5,2020,0.2,6.7,5.43,0.1,16.2,2227031.0,375455.0,6.49,2.94,2020-03-03 02:00:00
2020-03-04,5,2020,1.2,6.8,4.97,0.3,16.53,2099916.0,376713.0,5.57,17.61,2020-03-04 02:00:00
2020-03-05,5,2020,0.1,6.7,4.93,1.6,11.47,2093604.0,321446.0,6.57,1.86,2020-03-05 02:00:00
2020-03-06,5,2020,0.0,6.2,5.34,0.0,6.26,1881004.0,363270.0,6.19,0.0,2020-03-06 02:00:00
2020-03-07,5,2020,6.6,6.6,5.69,1.9,29.36,1967406.0,353112.0,0.01,99.81,2020-03-07 02:00:00
2020-03-08,5,2020,1.2,6.2,5.02,0.6,12.23,1993430.0,361660.0,5.05,18.59,2020-03-08 02:00:00
2020-03-09,5,2020,0.4,6.7,5.9,0.0,9.01,1906114.0,346801.0,6.29,6.29,2020-03-09 02:00:00
2020-03-10,5,2020,1.1,6.3,4.99,0.0,12.55,1809648.0,368551.0,5.2,18.04,2020-03-10 02:00:00
2020-03-11,5,2020,0.4,6.2,5.43,0.0,10.66,1773890.0,312891.0,5.83,6.27,2020-03-11 02:00:00
2020-03-12,5,2020,4.0,6.3,5.57,0.2,19.91,1758981.0,364050.0,2.26,63.92,2020-03-12 02:00:00
2020-03-13,5,2020,2.4,6.6,5.27,0.0,14.02,1756023.0,322878.0,4.19,36.71,2020-03-13 02:00:00
2020-03-14,5,2020,0.4,6.1,3.9,1.2,12.61,1578209.0,356516.0,5.62,7.17,2020-03-14 02:00:00
2020-03-15,5,2020,9.4,6.0,5.91,3.3,34.82,1640386.0,417137.0,-5.76,234.73,2020-03-15 02:00:00
2020-03-16,5,2020,1.6,6.3,4.62,0.5,13.67,1588868.0,381098.0,4.71,25.16,2020-03-16 02:00:00
2020-03-17,5,2020,2.2,6.3,4.92,0.0,19.68,1629124.0,370888.0,4.11,35.0,2020-03-17 02:00:00
2020-03-18,5,2020,1.4,6.2,5.26,0.0,16.1,1524931.0,336053.0,4.77,22.9,2020-03-18 02:00:00
2020-03-19,5,2020,0.0,6.3,5.44,0.0,13.78,1505968.0,360509.0,6.33,0.0,2020-03-19 02:00:00
2020-03-20,5,2020,1.6,6.1,5.72,0.0,11.15,1506564.0,404508.0,4.45,26.88,2020-03-20 02:00:00
2020-03-21,5,2020,1.8,6.8,5.51,0.7,15.31,1451220.0,395379.0,2.35,104.86,2020-03-21 02:00:00
2020-03-22,5,2020,0.2,6.3,5.16,1.8,11.72,1454456.0,441960.0,1.53,148.24,2020-03-22 02:00:00
2020-03-23,5,2020,3.0,6.7,5.72,0.4,19.33,1304161.0,458764.0,3.73,44.26,2020-03-23 02:00:00
2020-03-24,5,2020,5.0,6.6,5.54,2.0,26.07,1230805.0,396169.0,1.55,76.42,2020-03-24 02:00:00
2020-03-25,5,2020,2.2,6.8,5.38,0.0,11.15,1217915.0,427295.0,4.57,32.57,2020-03-25 02:00:00
2020-03-26,5,2020,2.5,6.3,4.95,0.0,11.58,1203213.0,450294.0,3.77,40.22,2020-03-26 02:00:00
2020-03-27,5,2020,0.1,6.3,5.51,0.6,13.46,1086709.0,413169.0,6.15,1.63,2020-03-27 02:00:00
2020-03-28,5,2020,0.0,6.6,5.37,0.2,14.96,977592.0,499805.0,5.06,47.56,2020-03-28 02:00:00
2020-03-29,5,2020,1.4,6.6,5.01,0.6,14.04,985479.0,485256.0,5.15,21.44,2020-03-29 02:00:00
2020-03-30,5,2020,2.4,6.4,5.22,1.4,19.97,1000461.0,466392.0,3.92,38.38,2020-03-30 02:00:00
2020-03-31,5,2020,0.5,6.2,5.56,0.0,11.19,893592.0,464027.0,5.75,7.63,2020-03-31 02:00:00
2020-04-01,5,2020,1.4,6.5,5.74,0.4,13.61,855367.0,455688.0,5.18,20.87,2020-04-01 02:00:00
2020-04-02,5,2020,0.7,6.9,5.17,0.7,11.78,887493.0,434034.0,6.17,9.95,2020-04-02 02:00:00
2020-04-03,5,2020,0.2,6.4,5.16,0.0,8.01,733309.0,474100.0,6.18,3.64,2020-04-03 02:00:00
2020-04-04,5,2020,0.6,7.0,5.18,0.0,13.01,653838.0,440227.0,4.94,50.4,2020-04-04 02:00:00
2020-04-05,5,2020,1.8,6.4,5.82,0.3,15.52,634702.0,508519.0,4.53,28.74,2020-04-05 02:00:00
2020-04-06,5,2020,3.0,5.7,5.11,0.3,18.59,598828.0,458384.0,2.74,52.25,2020-04-06 02:00:00
2020-04-07,5,2020,1.9,6.3,5.63,0.0,8.19,502542.0,462491.0,4.37,30.43,2020-04-07 02:00:00
2020-04-08,5,2020,5.2,6.8,5.05,0.3,23.35,477213.0,440658.0,1.57,76.96,2020-04-08 02:00:00
2020-04-09,5,2020,3.5,6.9,4.48,0.1,22.02,484316.0,460645.0,3.37,51.13,2020-04-09 02:00:00
2020-04-10,5,2020,5.1,6.7,5.16,0.5,21.54,441928.0,463317.0,1.67,75.27,2020-04-10 02:00:00
2020-04-11,5,2020,0.0,6.8,5.16,0.1,10.09,371386.0,512189.0,2.23,134.74,2020-04-11 02:00:00
2020-04-12,5,2020,0.2,7.0,5.44,0.0,6.46,372884.0,519067.0,6.8,2.89,2020-04-12 02:00:00
2020-04-13,5,2020,0.1,6.7,5.42,0.0,6.08,190828.0,524594.0,6.6,1.46,2020-04-13 02:00:00
2020-04-14,5,2020,0.4,7.0,5.51,1.6,13.91,184545.0,535654.0,6.58,5.53,2020-04-14 02:00:00
2020-04-15,5,2020,1.1,6.4,5.37,0.2,12.16,235800.0,539159.0,5.37,16.51,2020-04-15 02:00:00
2020-04-16,5,2020,0.1,6.5,5.08,0.8,8.13,0.0,552731.0,6.37,1.65,2020-04-16 02:00:00
2020-04-17,5,2020,0.0,6.8,5.38,0.6,8.31,32878.0,547206.0,6.82,0.0,2020-04-17 02:00:00
2020-04-18,5,2020,1.7,6.6,5.15,0.0,12.23,0.0,518285.0,4.87,26.34,2020-04-18 02:00:00
2020-04-19,5,2020,2.1,6.6,5.66,0.4,12.97,0.0,567421.0,1.18,132.41,2020-04-19 02:00:00
2020-04-20,5,2020,3.0,6.0,5.92,0.0,16.62,0.0,576126.0,3.03,49.56,2020-04-20 02:00:00
2020-04-21,5,2020,4.5,6.4,5.56,2.0,24.65,0.0,539073.0,1.85,70.97,2020-04-21 02:00:00
2020-04-22,5,2020,1.4,6.4,6.19,1.4,16.44,0.0,548758.0,4.99,21.68,2020-04-22 02:00:00
2020-04-23,5,2020,1.5,6.6,5.67,0.0,13.74,0.0,529338.0,5.09,22.74,2020-04-23 02:00:00
2020-04-24,5,2020,1.4,5.9,5.41,0.0,13.9,0.0,532228.0,4.56,23.15,2020-04-24 02:00:00
2020-04-25,5,2020,1.9,6.6,5.59,1.5,16.36,0.0,526493.0,4.72,28.88,2020-04-25 02:00:00
2020-04-26,5,2020,0.3,6.7,5.59,0.0,5.3,0.0,550011.0,6.39,4.77,2020-04-26 02:00:00
2020-04-27,5,2020,2.0,6.5,5.32,0.0,15.52,0.0,581268.0,4.52,30.87,2020-04-27 02:00:00
2020-04-28,5,2020,3.7,6.9,5.62,0.0,16.1,0.0,555088.0,3.18,54.03,2020-04-28 02:00:00
2020-04-29,5,2020,1.9,7.5,5.39,0.1,15.68,0.0,589601.0,0.75,154.18,2020-04-29 02:00:00
2020-04-30,5,2020,5.6,6.1,5.65,0.7,25.8,0.0,626927.0,0.58,90.52,2020-04-30 02:00:00
2020-05-01,5,2020,0.6,6.5,5.15,0.5,9.76,0.0,628494.0,2.07,126.68,2020-05-01 02:00:00
2020-05-02,5,2020,0.0,6.5,5.29,0.0,8.93,0.0,673146.0,6.51,0.0,2020-05-02 02:00:00
2020-05-03,5,2020,3.9,6.8,5.57,1.9,16.45,0.0,678329.0,2.92,56.99,2020-05-03 02:00:00
2020-05-04,5,2020,0.0,6.7,5.34,0.0,5.47,0.0,658229.0,6.72,0.0,2020-05-04 02:00:00
2020-05-05,5,2020,0.0,7.0,5.78,0.0,7.5,0.0,651833.0,7.01,0.0,2020-05-05 02:00:00
2020-05-06,5,2020,5.1,6.5,5.69,0.8,18.07,0.0,645843.0,-0.9,149.07,2020-05-06 02:00:00
2020-05-07,5,2020,0.0,6.9,5.14,0.6,10.43,0.0,672118.0,6.86,0.0,2020-05-07 02:00:00
2020-05-08,5,2020,0.3,6.6,5.81,0.4,13.58,0.0,660560.0,6.27,4.51,2020-05-08 02:00:00
2020-05-09,5,2020,0.0,6.8,5.35,0.0,6.09,0.0,690503.0,6.75,0.0,2020-05-09 02:00:00
2020-05-10,5,2020,0.8,6.7,5.83,0.8,14.32,0.0,645924.0,5.87,11.99,2020-05-10 02:00:00
2020-05-11,5,2020,0.0,6.8,5.46,0.0,8.04,0.0,649543.0,6.83,0.0,2020-05-11 02:00:00
2020-05-12,5,2020,0.4,6.9,5.26,0.5,11.85,0.0,696307.0,6.46,5.98,2020-05-12 02:00:00
2020-05-13,5,2020,0.2,6.4,5.81,0.0,11.91,0.0,682187.0,5.12,38.33,2020-05-13 02:00:00
2020-05-14,5,2020,2.6,6.7,5.0,0.0,15.96,0.0,700978.0,4.13,38.73,2020-05-14 02:00:00
2020-05-15,5,2020,0.3,6.9,5.58,0.0,11.98,0.0,677020.0,6.57,4.89,2020-05-15 02:00:00
2020-05-16,5,2020,0.3,7.1,4.84,1.3,14.65,0.0,692818.0,6.76,4.82,2020-05-16 02:00:00
2020-05-17,5,2020,0.3,7.1,5.35,0.0,14.75,0.0,675605.0,6.74,4.74,2020-05-17 02:00:00
2020-05-18,5,2020,0.0,6.7,5.55,0.0,12.35,0.0,682896.0,6.74,0.0,2020-05-18 02:00:00
2020-05-19,5,2020,1.8,6.1,4.67,0.1,17.6,0.0,695304.0,4.37,28.93,2020-05-19 02:00:00
2020-05-20,5,2020,0.5,5.7,5.95,1.0,13.46,0.0,650942.0,5.26,8.5,2020-05-20 02:00:00
2020-05-21,5,2020,0.0,7.1,5.51,0.1,7.51,0.0,703589.0,4.96,60.24,2020-05-21 02:00:00
2020-05-22,5,2020,4.0,6.8,5.05,1.9,20.64,0.0,716648.0,2.78,58.85,2020-05-22 02:00:00
2020-05-23,5,2020,3.5,7.1,5.56,0.3,19.6,0.0,688757.0,3.6,49.36,2020-05-23 02:00:00
2020-05-24,5,2020,17.8,7.2,6.19,5.3,57.1,0.0,707115.0,-10.63,248.4,2020-05-24 02:00:00
2020-05-25,5,2020,0.0,7.2,5.48,1.1,7.82,0.0,726902.0,7.16,0.0,2020-05-25 02:00:00
2020-05-26,5,2020,1.3,7.4,5.31,1.7,12.71,0.0,709831.0,6.11,17.32,2020-05-26 02:00:00
2020-05-27,5,2020,0.0,6.5,5.77,0.0,10.78,0.0,710708.0,6.47,0.0,2020-05-27 02:00:00
2020-05-28,5,2020,2.7,6.8,5.09,0.0,19.86,0.0,698810.0,4.18,38.87,2020-05-28 02:00:00
2020-05-29,5,2020,3.0,6.7,5.32,1.0,20.44,0.0,676598.0,3.67,45.03,2020-05-29 02:00:00
2020-05-30,5,2020,2.8,6.2,5.34,0.0,18.03,0.0,740911.0,3.39,45.18,2020-05-30 02:00:00
2020-05-31,5,2020,2.4,6.4,5.53,1.3,22.74,0.0,710444.0,3.96,38.13,2020-05-31 02:00:00
2020-06-01,5,2020,3.9,6.2,5.03,0.4,17.19,0.0,683290.0,2.37,62.01,2020-06-01 02:00:00
2020-06-02,5,2020,0.0,7.1,5.88,0.3,10.05,0.0,711597.0,7.11,0.0,2020-06-02 02:00:00
2020-06-03,5,2020,2.1,6.9,5.49,0.0,13.57,0.0,695042.0,4.78,30.76,2020-06-03 02:00:00
2020-06-04,5,2020,0.0,7.0,4.72,0.0,9.62,0.0,733841.0,7.04,0.0,2020-06-04 02:00:00
2020-06-05,5,2020,2.8,6.5,5.48,0.6,16.71,0.0,696826.0,3.65,43.64,2020-06-05 02:00:00
2020-06-06,5,2020,0.3,7.0,5.32,0.0,11.03,0.0,675333.0,6.7,3.77,2020-06-06 02:00:00
2020-06-07,5,2020,0.0,6.8,5.99,0.0,8.72,0.0,748570.0,1.88,144.6,2020-06-07 02:00:00
2020-06-08,5,2020,0.0,7.0,6.19,1.3,9.24,0.0,774640.0,6.96,0.0,2020-06-08 02:00:00
2020-06-09,5,2020,0.0,7.1,5.54,0.0,8.15,0.0,755626.0,7.08,0.03,2020-06-09 02:00:00
2020-06-10,5,2020,1.9,6.8,5.52,0.0,15.06,0.0,732286.0,4.83,28.67,2020-06-10 02:00:00
2020-06-11,5,2020,1.2,7.2,4.5,0.7,15.6,0.0,762588.0,6.0,16.44,2020-06-11 02:00:00
2020-06-12,5,2020,0.9,6.9,5.7,0.0,13.13,0.0,762505.0,6.0,13.5,2020-06-12 02:00:00
2020-06-13,5,2020,0.0,6.7,5.59,0.0,12.45,0.0,766658.0,6.72,0.0,2020-06-13 02:00:00
2020-06-14,5,2020,0.0,6.6,5.41,0.0,13.82,0.0,749849.0,6.56,0.0,2020-06-14 02:00:00
2020-06-15,5,2020,3.3,6.9,5.04,0.1,17.86,0.0,735384.0,3.6,47.75,2020-06-15 02:00:00
2020-06-16,5,2020,0.0,7.2,4.89,0.1,9.66,0.0,804586.0,3.01,116.63,2020-06-16 02:00:00
2020-06-17,5,2020,4.3,6.8,5.71,1.4,22.23,0.0,789819.0,2.56,62.51,2020-06-17 02:00:00
2020-06-18,5,2020,0.3,6.7,5.84,0.0,10.65,0.0,753303.0,6.46,4.02,2020-06-18 02:00:00
2020-06-19,5,2020,2.9,7.1,6.27,0.0,15.09,0.0,838111.0,-0.33,168.56,2020-06-19 02:00:00
2020-06-20,5,2020,1.7,7.5,5.71,1.8,18.91,0.0,832652.0,5.85,22.14,2020-06-20 02:00:00
2020-06-21,5,2020,2.9,7.1,5.46,0.4,16.98,0.0,839813.0,4.24,40.19,2020-06-21 02:00:00
2020-06-22,5,2020,3.5,6.7,5.83,0.2,16.26,0.0,811359.0,3.23,51.69,2020-06-22 02:00:00
2020-06-23,5,2020,1.1,6.8,5.62,0.0,13.15,0.0,862646.0,5.68,15.9,2020-06-23 02:00:00
2020-06-24,5,2020,2.2,7.5,5.74,0.9,15.28,0.0,834344.0,5.25,29.59,2020-06-24 02:00:00
2020-06-25,5,2020,0.9,7.1,5.02,0.4,12.72,0.0,853610.0,6.18,12.33,2020-06-25 02:00:00
2020-06-26,5,2020,0.4,6.6,6.02,0.2,10.38,0.0,817044.0,6.18,5.68,2020-06-26 02:00:00
2020-06-27,5,2020,1.2,6.5,5.57,0.8,10.11,0.0,837449.0,5.32,18.52,2020-06-27 02:00:00
2020-06-28,5,2020,1.8,6.2,5.83,0.0,9.74,0.0,838455.0,4.4,28.84,2020-06-28 02:00:00
2020-06-29,5,2020,0.0,6.7,5.35,0.0,11.82,0.0,837348.0,6.68,0.0,2020-06-29 02:00:00
2020-06-30,5,2020,0.0,6.6,6.09,0.3,5.93,0.0,883160.0,3.85,83.74,2020-06-30 02:00:00
2020-07-01,5,2020,0.0,6.7,5.68,1.0,10.82,0.0,839217.0,6.74,0.0,2020-07-01 02:00:00
2020-07-02,5,2020,1.0,7.0,5.04,0.9,13.19,0.0,844966.0,6.04,13.77,2020-07-02 02:00:00
2020-07-03,5,2020,0.1,6.6,5.41,0.0,12.86,0.0,844915.0,6.48,1.53,2020-07-03 02:00:00
2020-07-04,5,2020,0.1,6.4,5.52,0.3,10.99,0.0,852662.0,6.33,1.81,2020-07-04 02:00:00
2020-07-05,5,2020,1.2,7.4,5.18,0.0,12.48,0.0,870797.0,4.14,71.58,2020-07-05 02:00:00
2020-07-06,5,2020,5.4,6.9,5.63,0.1,25.09,0.0,884835.0,1.46,78.8,2020-07-06 02:00:00
2020-07-07,5,2020,0.0,6.1,6.26,0.0,10.41,0.0,900584.0,2.82,107.68,2020-07-07 02:00:00
2020-07-08,5,2020,2.6,7.0,6.01,0.0,16.11,0.0,919170.0,4.42,36.63,2020-07-08 02:00:00
2020-07-09,5,2020,0.0,6.9,4.5,0.3,11.83,0.0,910062.0,6.92,0.0,2020-07-09 02:00:00
2020-07-10,5,2020,0.0,6.8,5.32,0.8,3.25,0.0,939276.0,6.84,0.0,2020-07-10 02:00:00
2020-07-11,5,2020,1.9,6.6,5.14,0.7,18.73,0.0,880841.0,4.67,29.35,2020-07-11 02:00:00
2020-07-12,5,2020,1.9,7.0,5.44,0.0,15.02,0.0,923201.0,5.14,26.66,2020-07-12 02:00:00
2020-07-13,5,2020,0.0,6.7,5.96,0.0,10.0,0.0,940294.0,6.68,0.0,2020-07-13 02:00:00
2020-07-14,5,2020,0.0,7.0,5.21,1.3,6.17,0.0,916745.0,6.98,0.0,2020-07-14 02:00:00
2020-07-15,5,2020,1.5,7.2,5.55,0.6,11.23,0.0,938720.0,5.64,21.15,2020-07-15 02:00:00
2020-07-16,5,2020,0.0,6.8,4.66,0.0,9.59,0.0,907973.0,6.79,0.0,2020-07-16 02:00:00
2020-07-17,5,2020,0.7,7.1,5.13,0.7,15.14,0.0,885218.0,6.4,10.29,2020-07-17 02:00:00
2020-07-18,5,2020,0.0,7.4,5.06,0.0,3.14,0.0,947199.0,7.4,0.0,2020-07-18 02:00:00
2020-07-19,5,2020,2.9,7.0,5.47,1.5,19.37,0.0,899651.0,4.12,41.44,2020-07-19 02:00:00
2020-07-20,5,2020,0.0,7.4,6.17,0.0,11.36,0.0,951547.0,2.55,130.22,2020-07-20 02:00:00
2020-07-21,5,2020,2.9,7.0,5.71,0.3,16.34,0.0,954562.0,4.16,40.79,2020-07-21 02:00:00
2020-07-22,5,2020,1.5,7.4,6.23,1.3,15.54,0.0,967142.0,5.83,20.91,2020-07-22 02:00:00
2020-07-23,5,2020,0.0,6.5,5.82,0.8,10.82,0.0,942642.0,6.55,0.0,2020-07-23 02:00:00
2020-07-24,5,2020,2.9,6.4,6.02,1.5,18.17,0.0,1019059.0,-1.03,186.7,2020-07-24 02:00:00
2020-07-25,5,2020,0.0,7.0,5.62,0.9,12.87,0.0,1012074.0,6.93,0.44,2020-07-25 02:00:00
2020-07-26,5,2020,0.0,7.2,5.45,0.0,10.86,0.0,1005568.0,7.16,0.0,2020-07-26 02:00:00
2020-07-27,5,2020,0.0,6.7,5.46,0.4,11.09,0.0,1015515.0,6.68,0.13,2020-07-27 02:00:00
2020-07-28,5,2020,3.3,7.0,5.78,0.7,19.6,0.0,1005137.0,3.64,47.81,2020-07-28 02:00:00
2020-07-29,5,2020,2.8,7.1,5.55,0.0,16.01,0.0,1043937.0,4.3,39.07,2020-07-29 02:00:00
2020-07-30,5,2020,0.3,7.3,5.76,0.0,11.21,0.0,1047645.0,3.01,113.24,2020-07-30 02:00:00
2020-07-31,5,2020,0.0,6.3,5.45,0.0,7.62,0.0,1069346.0,6.33,0.0,2020-07-31 02:00:00
2020-08-01,5,2020,0.0,7.3,5.11,0.5,11.68,0.0,1070952.0,7.3,0.26,2020-08-01 02:00:00
2020-08-02,5,2020,0.0,7.7,5.13,0.0,10.2,0.0,1103889.0,7.69,0.0,2020-08-02 02:00:00
2020-08-03,5,2020,0.0,6.8,5.04,0.5,11.3,0.0,1043968.0,6.78,0.0,2020-08-03 02:00:00
2020-08-04,5,2020,2.9,6.9,5.46,0.6,14.78,0.0,1038487.0,4.02,41.58,2020-08-04 02:00:00
2020-08-05,5,2020,0.0,7.0,5.37,0.9,13.65,0.0,1055431.0,7.03,0.0,2020-08-05 02:00:00
2020-08-06,5,2020,3.5,7.3,5.84,0.8,16.65,0.0,1042526.0,3.77,48.34,2020-08-06 02:00:00
2020-08-07,5,2020,0.4,7.3,5.44,0.5,14.44,0.0,1055953.0,6.92,5.53,2020-08-07 02:00:00
2020-08-08,5,2020,1.2,6.6,5.3,0.0,10.29,0.0,1113083.0,1.58,133.87,2020-08-08 02:00:00
2020-08-09,5,2020,9.7,6.9,5.67,3.5,32.2,0.0,1077527.0,-2.74,139.41,2020-08-09 02:00:00
2020-08-10,5,2020,1.5,7.4,5.57,0.0,14.63,0.0,1075767.0,5.81,20.96,2020-08-10 02:00:00
2020-08-11,5,2020,2.7,6.6,5.62,0.5,16.3,0.0,1078116.0,3.91,40.51,2020-08-11 02:00:00
2020-08-12,5,2020,1.2,6.8,5.98,0.2,19.42,0.0,1121139.0,5.56,18.33,2020-08-12 02:00:00
2020-08-13,5,2020,0.6,6.4,4.9,0.0,13.36,0.0,1039047.0,5.88,8.65,2020-08-13 02:00:00
2020-08-14,5,2020,5.8,7.1,5.57,1.6,25.33,0.0,1076877.0,1.32,81.51,2020-08-14 02:00:00
2020-08-15,5,2020,0.0,6.9,5.7,1.0,1.65,0.0,1125077.0,2.56,126.04,2020-08-15 02:00:00
2020-08-16,5,2020,0.5,6.9,5.32,0.0,8.17,0.0,1104736.0,6.36,7.91,2020-08-16 02:00:00
2020-08-17,5,2020,0.0,7.4,6.18,0.2,4.61,0.0,1217663.0,4.79,70.26,2020-08-17 02:00:00
2020-08-18,5,2020,1.2,7.1,5.61,1.0,9.99,0.0,1136883.0,5.9,16.6,2020-08-18 02:00:00
2020-08-19,5,2020,2.4,7.2,5.75,0.3,17.86,0.0,1162912.0,4.74,33.79,2020-08-19 02:00:00
2020-08-20,5,2020,3.2,6.9,5.79,1.7,14.71,0.0,1184129.0,3.73,46.16,2020-08-20 02:00:00
2020-08-21,5,2020,2.3,6.8,5.78,0.0,16.36,0.0,1181543.0,4.44,34.34,2020-08-21 02:00:00
2020-08-22,5,2020,3.3,6.7,6.1,0.0,13.06,0.0,1161619.0,3.39,49.51,2020-08-22 02:00:00
2020-08-23,5,2020,0.7,6.7,5.69,0.0,7.79,0.0,1163427.0,6.02,10.09,2020-08-23 02:00:00
2020-08-24,5,2020,8.1,7.1,5.93,2.6,32.21,0.0,1145509.0,-0.99,113.96,2020-08-24 02:00:00
2020-08-25,5,2020,0.0,7.1,5.57,0.0,9.42,0.0,1158282.0,7.1,0.0,2020-08-25 02:00:00
2020-08-26,5,2020,5.0,6.9,5.92,0.4,22.35,0.0,1136029.0,1.94,71.89,2020-08-26 02:00:00
2020-08-27,5,2020,0.0,6.8,5.71,1.3,6.31,0.0,1154752.0,6.78,0.0,2020-08-27 02:00:00
2020-08-28,5,2020,0.5,7.0,6.29,1.1,11.68,0.0,1141844.0,2.98,107.96,2020-08-28 02:00:00
2020-08-29,5,2020,0.7,7.1,6.39,0.5,11.66,0.0,1256560.0,3.2,100.83,2020-08-29 02:00:00
2020-08-30,5,2020,0.0,6.9,6.61,0.5,8.66,0.0,1194552.0,6.85,0.45,2020-08-30 02:00:00
2020-08-31,5,2020,0.0,7.2,5.89,0.5,9.65,0.0,1231442.0,7.16,0.0,2020-08-31 02:00:00
2020-09-01,5,2020,3.4,6.9,6.24,0.0,20.9,0.0,1198469.0,3.47,49.71,2020-09-01 02:00:00
2020-09-02,5,2020,0.0,7.3,6.42,0.0,10.91,0.0,1254887.0,7.27,0.0,2020-09-02 02:00:00
2020-09-03,5,2020,0.7,7.4,6.03,0.0,17.09,0.0,1239138.0,6.68,9.19,2020-09-03 02:00:00
2020-09-04,5,2020,2.6,7.0,6.41,0.0,16.51,0.0,1216680.0,4.37,37.43,2020-09-04 02:00:00
2020-09-05,5,2020,0.0,7.2,5.7,0.0,11.03,0.0,1241895.0,5.49,46.55,2020-09-05 02:00:00
2020-09-06,5,2020,0.0,7.1,5.75,0.0,9.95,0.0,1238404.0,7.09,0.0,2020-09-06 02:00:00
2020-09-07,5,2020,1.1,7.1,5.72,0.6,17.74,0.0,1282573.0,6.07,14.85,2020-09-07 02:00:00
2020-09-08,5,2020,0.2,7.3,5.99,0.2,11.57,0.0,1254817.0,7.11,2.41,2020-09-08 02:00:00
2020-09-09,5,2020,3.8,7.2,6.2,1.2,18.97,0.0,1261421.0,3.39,53.06,2020-09-09 02:00:00
2020-09-10,5,2020,0.8,6.4,5.66,0.0,11.63,0.0,1274154.0,5.59,13.16,2020-09-10 02:00:00
2020-09-11,5,2020,0.0,6.4,6.03,0.0,7.74,0.0,1279067.0,2.56,119.66,2020-09-11 02:00:00
2020-09-12,5,2020,0.6,7.1,5.58,0.0,11.92,0.0,1278553.0,6.5,7.94,2020-09-12 02:00:00
2020-09-13,5,2020,7.0,7.2,5.94,1.2,29.19,0.0,1284979.0,0.24,96.69,2020-09-13 02:00:00
2020-09-14,5,2020,1.8,7.0,6.04,1.1,14.71,0.0,1285086.0,5.17,26.2,2020-09-14 02:00:00
2020-09-15,5,2020,0.0,7.4,5.32,1.4,6.05,0.0,1301670.0,7.42,0.0,2020-09-15 02:00:00
2020-09-16,5,2020,3.5,7.2,6.07,0.0,12.46,0.0,1263790.0,3.68,48.61,2020-09-16 02:00:00
2020-09-17,5,2020,0.0,7.6,5.76,0.0,9.56,0.0,1263667.0,7.64,0.0,2020-09-17 02:00:00
2020-09-18,5,2020,3.1,7.0,5.97,0.6,16.3,0.0,1257919.0,3.88,44.43,2020-09-18 02:00:00
2020-09-19,5,2020,2.8,7.3,5.49,0.4,19.29,0.0,1266017.0,4.53,38.09,2020-09-19 02:00:00
2020-09-20,5,2020,0.0,7.5,5.82,0.0,8.87,0.0,1246959.0,7.52,0.0,2020-09-20 02:00:00
2020-09-21,5,2020,9.5,7.2,5.55,1.3,33.48,0.0,1307126.0,-2.27,131.32,2020-09-21 02:00:00
2020-09-22,5,2020,0.3,7.6,6.27,0.8,8.77,0.0,1278649.0,7.33,3.54,2020-09-22 02:00:00
2020-09-23,5,2020,4.4,7.1,6.23,0.7,29.23,0.0,1310381.0,0.73,118.13,2020-09-23 02:00:00
2020-09-24,5,2020,0.2,6.8,6.01,0.1,8.53,0.0,1304598.0,6.59,3.19,2020-09-24 02:00:00
2020-09-25,5,2020,3.1,7.1,5.95,1.4,22.78,0.0,1313046.0,2.52,84.83,2020-09-25 02:00:00
2020-09-26,5,2020,0.0,6.7,6.84,0.7,9.74,0.0,1314417.0,6.68,0.0,2020-09-26 02:00:00
2020-09-27,5,2020,0.8,7.4,5.82,0.0,12.78,0.0,1311775.0,6.52,11.44,2020-09-27 02:00:00
2020-09-28,5,2020,0.0,7.2,6.3,0.7,9.94,0.0,1331375.0,7.19,0.0,2020-09-28 02:00:00
2020-09-29,5,2020,0.0,7.0,6.26,0.3,11.11,0.0,1301526.0,7.05,0.0,2020-09-29 02:00:00
2020-09-30,5,2020,0.0,7.6,5.73,0.0,9.91,0.0,1323701.0,7.55,0.0,2020-09-30 02:00:00
2020-10-01,5,2020,0.0,7.3,5.58,0.0,5.97,0.0,1311753.0,7.29,0.0,2020-10-01 02:00:00
2020-10-02,5,2020,1.9,7.5,6.08,0.6,17.87,0.0,1333623.0,5.57,25.73,2020-10-02 02:00:00
2020-10-03,5,2020,1.6,7.3,5.84,0.0,13.54,0.0,1348787.0,3.15,91.21,2020-10-03 02:00:00
2020-10-04,5,2020,3.5,7.1,6.2,0.7,17.87,0.0,1338212.0,2.6,77.74,2020-10-04 02:00:00
2020-10-05,5,2020,0.9,6.9,5.37,0.1,16.09,0.0,1359876.0,6.0,13.13,2020-10-05 02:00:00
2020-10-06,5,2020,2.9,7.1,5.8,0.1,11.97,0.0,1317045.0,4.15,41.46,2020-10-06 02:00:00
2020-10-07,5,2020,1.5,6.8,6.09,1.6,12.43,0.0,1381024.0,5.3,21.52,2020-10-07 02:00:00
2020-10-08,5,2020,7.2,7.5,6.18,2.6,30.42,0.0,1388385.0,-3.43,195.97,2020-10-08 02:00:00
2020-10-09,5,2020,2.4,7.4,5.43,0.8,15.56,0.0,1391727.0,4.98,32.77,2020-10-09 02:00:00
2020-10-10,5,2020,0.0,6.7,6.22,0.9,6.86,0.0,1366199.0,6.72,0.0,2020-10-10 02:00:00
2020-10-11,5,2020,2.4,7.7,6.04,0.6,16.1,0.0,1367242.0,5.31,30.8,2020-10-11 02:00:00
2020-10-12,5,2020,0.8,7.1,5.76,0.0,12.59,0.0,1382647.0,6.27,11.18,2020-10-12 02:00:00
2020-10-13,5,2020,0.0,7.0,5.92,1.0,7.23,0.0,1396102.0,7.04,0.0,2020-10-13 02:00:00
2020-10-14,5,2020,4.9,7.4,5.53,0.9,20.06,0.0,1410663.0,-0.56,148.31,2020-10-14 02:00:00
2020-10-15,5,2020,1.0,7.6,6.14,1.5,13.38,0.0,1427289.0,6.56,13.1,2020-10-15 02:00:00
2020-10-16,5,2020,1.6,6.6,5.81,0.8,22.29,0.0,1435287.0,5.04,24.19,2020-10-16 02:00:00
2020-10-17,5,2020,2.3,7.2,6.32,0.4,15.61,0.0,1438980.0,4.84,32.38,2020-10-17 02:00:00
2020-10-18,5,2020,0.0,7.0,5.72,1.0,10.57,0.0,1411972.0,7.01,0.32,2020-10-18 02:00:00
2020-10-19,5,2020,0.0,7.3,6.06,0.0,12.55,0.0,1428731.0,7.26,0.0,2020-10-19 02:00:00
2020-10-20,5,2020,0.1,6.9,6.16,0.0,14.16,0.0,1405699.0,6.79,1.25,2020-10-20 02:00:00
2020-10-21,5,2020,0.6,7.2,5.91,0.0,14.37,0.0,1448658.0,6.64,8.22,2020-10-21 02:00:00
2020-10-22,5,2020,3.2,7.6,6.28,1.4,16.69,0.0,1412019.0,4.33,42.87,2020-10-22 02:00:00
2020-10-23,5,2020,0.0,7.4,5.74,0.4,10.24,0.0,1432339.0,7.35,0.0,2020-10-23 02:00:00
2020-10-24,5,2020,0.3,7.8,6.0,0.0,8.5,0.0,1409987.0,7.53,3.67,2020-10-24 02:00:00
2020-10-25,5,2020,0.0,7.2,5.43,0.1,7.08,0.0,1440679.0,7.22,0.0,2020-10-25 02:00:00
2020-10-26,5,2020,2.1,7.4,5.69,0.0,9.0,0.0,1404758.0,5.29,28.18,2020-10-26 02:00:00
2020-10-27,5,2020,5.0,7.2,6.51,1.6,23.37,0.0,1431081.0,2.18,69.62,2020-10-27 02:00:00
2020-10-28,5,2020,4.2,7.3,5.95,0.8,20.02,0.0,1407772.0,3.06,57.76,2020-10-28 02:00:00
2020-10-29,5,2020,0.9,6.9,5.53,0.0,11.41,0.0,1459523.0,5.94,13.75,2020-10-29 02:00:00
2020-10-30,5,2020,1.3,7.6,6.4,1.7,16.0,0.0,1422555.0,6.31,16.68,2020-10-30 02:00:00
2020-10-31,5,2020,2.8,7.4,5.69,0.0,23.26,0.0,1391705.0,4.61,37.69,2020-10-31 02:00:00
2020-11-01,5,2020,6.7,6.8,6.18,0.5,25.75,0.0,1443450.0,0.09,98.65,2020-11-01 02:00:00
2020-11-02,5,2020,1.1,7.6,6.47,0.5,12.31,0.0,1431404.0,6.56,13.96,2020-11-02 02:00:00
2020-11-03,5,2020,0.0,7.4,6.35,0.1,6.02,0.0,1408230.0,7.39,0.0,2020-11-03 02:00:00
2020-11-04,5,2020,0.0,7.2,5.82,0.0,13.37,0.0,1406659.0,7.24,0.0,2020-11-04 02:00:00
2020-11-05,5,2020,0.7,6.5,6.94,0.2,19.41,0.0,1450079.0,5.78,10.91,2020-11-05 02:00:00
2020-11-06,5,2020,0.0,7.4,5.96,0.0,4.85,0.0,1432575.0,7.38,0.0,2020-11-06 02:00:00
2020-11-07,5,2020,0.8,7.1,5.04,0.0,9.24,0.0,1396311.0,6.27,11.31,2020-11-07 02:00:00
2020-11-08,5,2020,0.5,7.2,6.17,1.1,8.12,0.0,1463249.0,6.73,6.91,2020-11-08 02:00:00
2020-11-09,5,2020,0.0,7.1,6.2,0.0,8.91,0.0,1413652.0,7.1,0.0,2020-11-09 02:00:00
2020-11-10,5,2020,0.6,7.0,6.17,0.0,19.14,0.0,1417439.0,6.34,9.18,2020-11-10 02:00:00
2020-11-11,5,2020,0.0,7.4,6.29,0.7,5.12,0.0,1420254.0,7.43,0.0,2020-11-11 02:00:00
2020-11-12,5,2020,1.0,7.8,6.54,0.2,12.8,0.0,1430415.0,6.81,12.54,2020-11-12 02:00:00
2020-11-13,5,2020,1.0,7.4,5.77,0.0,13.21,0.0,1424245.0,6.4,13.67,2020-11-13 02:00:00
2020-11-14,5,2020,1.9,7.7,6.06,0.3,15.59,0.0,1438298.0,5.76,24.85,2020-11-14 02:00:00
2020-11-15,5,2020,0.9,7.6,6.35,0.4,9.44,0.0,1436847.0,3.93,85.93,2020-11-15 02:00:00
2020-11-16,5,2020,0.0,7.7,6.41,0.0,11.65,0.0,1490267.0,7.75,0.0,2020-11-16 02:00:00
2020-11-17,5,2020,0.0,7.8,6.84,0.0,11.78,0.0,1469959.0,7.81,0.0,2020-11-17 02:00:00
2020-11-18,5,2020,0.0,8.0,6.19,0.0,9.67,0.0,1433631.0,7.97,0.0,2020-11-18 02:00:00
2020-11-19,5,2020,0.1,7.1,5.84,0.0,11.28,0.0,1451251.0,7.04,1.22,2020-11-19 02:00:00
2020-11-20,5,2020,1.6,7.8,6.57,0.0,7.75,0.0,1419441.0,6.18,20.73,2020-11-20 02:00:00
2020-11-21,5,2020,0.4,7.4,6.35,0.0,9.93,0.0,1425001.0,7.06,4.93,2020-11-21 02:00:00
2020-11-22,5,2020,0.0,7.1,5.83,0.5,6.07,0.0,1405637.0,7.11,0.0,2020-11-22 02:00:00
2020-11-23,5,2020,0.0,7.4,5.96,0.0,7.41,0.0,1475178.0,7.37,0.0,2020-11-23 02:00:00
2020-11-24,5,2020,0.0,7.5,6.55,0.3,7.34,0.0,1431260.0,7.47,0.0,2020-11-24 02:00:00
2020-11-25,5,2020,10.6,7.5,6.22,2.3,35.46,0.0,1432223.0,-3.16,142.37,2020-11-25 02:00:00
2020-11-26,5,2020,0.0,8.2,6.3,0.0,9.04,0.0,1424129.0,8.23,0.0,2020-11-26 02:00:00
2020-11-27,5,2020,1.7,7.9,5.17,0.0,11.83,0.0,1425104.0,6.23,21.52,2020-11-27 02:00:00
2020-11-28,5,2020,2.8,7.7,6.49,0.7,17.69,0.0,1474103.0,4.85,36.85,2020-11-28 02:00:00
2020-11-29,5,2020,0.0,7.7,5.28,0.0,4.73,0.0,1439868.0,7.69,0.0,2020-11-29 02:00:00
2020-11-30,5,2020,0.6,7.7,5.85,0.3,12.05,0.0,1502103.0,3.21,108.34,2020-11-30 02:00:00
2020-12-01,5,2020,0.0,8.1,6.2,0.0,8.96,0.0,1499614.0,5.67,59.81,2020-12-01 02:00:00
2020-12-02,5,2020,1.1,6.8,6.02,0.0,15.03,0.0,1515134.0,5.73,15.89,2020-12-02 02:00:00
2020-12-03,5,2020,0.3,7.2,6.02,1.0,16.38,0.0,1534902.0,6.89,4.27,2020-12-03 02:00:00
2020-12-04,5,2020,1.7,7.5,5.98,0.0,16.39,0.0,1538522.0,5.82,22.87,2020-12-04 02:00:00
2020-12-05,5,2020,1.9,8.0,6.05,0.0,10.13,0.0,1480766.0,6.07,24.03,2020-12-05 02:00:00
2020-12-06,5,2020,0.0,7.9,5.91,0.0,12.6,0.0,1477407.0,7.9,0.0,2020-12-06 02:00:00
2020-12-07,5,2020,0.0,7.6,6.3,0.0,9.76,0.0,1543994.0,7.65,0.0,2020-12-07 02:00:00
2020-12-08,5,2020,0.0,7.9,6.18,0.0,12.36,0.0,1537220.0,7.95,0.0,2020-12-08 02:00:00
2020-12-09,5,2020,0.3,8.0,6.8,1.2,9.77,0.0,1497603.0,7.68,3.72,2020-12-09 02:00:00
2020-12-10,5,2020,0.3,8.5,5.53,0.0,7.46,0.0,1492805.0,8.23,3.16,2020-12-10 02:00:00
2020-12-11,5,2020,0.0,7.7,5.69,0.0,8.7,0.0,1516126.0,7.67,0.0,2020-12-11 02:00:00
2020-12-12,5,2020,0.0,7.0,6.14,0.0,13.71,0.0,1499149.0,7.0,0.0,2020-12-12 02:00:00
2020-12-13,5,2020,5.0,8.0,6.1,0.4,23.31,0.0,1536019.0,3.06,61.85,2020-12-13 02:00:00
2020-12-14,5,2020,1.7,8.1,5.87,0.0,15.26,0.0,1471125.0,6.34,21.28,2020-12-14 02:00:00
2020-12-15,5,2020,3.5,8.1,5.77,2.1,14.53,0.0,1521189.0,4.59,43.25,2020-12-15 02:00:00
2020-12-16,5,2020,1.7,7.5,6.76,1.5,14.64,0.0,1486714.0,5.78,22.74,2020-12-16 02:00:00
2020-12-17,5,2020,0.7,7.5,6.44,1.0,11.62,0.0,1494518.0,6.81,8.92,2020-12-17 02:00:00
2020-12-18,5,2020,0.0,7.6,6.26,0.0,9.25,0.0,1492996.0,7.61,0.0,2020-12-18 02:00:00
2020-12-19,5,2020,0.2,7.6,6.21,0.3,9.67,0.0,1496056.0,7.42,2.22,2020-12-19 02:00:00
2020-12-20,5,2020,0.6,7.0,6.28,0.4,13.66,0.0,1494400.0,6.35,9.18,2020-12-20 02:00:00
2020-12-21,5,2020,0.0,7.5,6.25,0.1,6.88,0.0,1505462.0,7.54,0.0,2020-12-21 02:00:00
2020-12-22,5,2020,0.0,7.5,5.85,0.0,11.72,0.0,1463620.0,7.52,0.0,2020-12-22 02:00:00
2020-12-23,5,2020,0.0,7.6,6.12,0.8,13.8,0.0,1521792.0,7.56,0.0,2020-12-23 02:00:00
2020-12-24,5,2020,0.9,7.9,6.02,0.2,14.58,0.0,1519058.0,7.0,11.59,2020-12-24 02:00:00
2020-12-25,5,2020,0.0,7.9,7.1,0.0,13.72,0.0,1533860.0,7.9,0.0,2020-12-25 02:00:00
2020-12-26,5,2020,0.0,7.9,6.28,0.3,12.94,0.0,1533608.0,7.91,0.0,2020-12-26 02:00:00
2020-12-27,5,2020,0.0,7.8,6.37,0.0,6.94,0.0,1510545.0,7.76,0.0,2020-12-27 02:00:00
2020-12-28,5,2020,0.0,7.5,5.81,0.0,11.35,0.0,1504627.0,7.54,0.0,2020-12-28 02:00:00
2020-12-29,5,2020,2.5,7.9,5.37,0.1,15.49,0.0,1512419.0,5.41,31.59,2020-12-29 02:00:00
2020-12-30,5,2020,4.3,7.9,5.93,1.9,23.31,0.0,1502029.0,3.64,54.12,2020-12-30 02:00:00
2020-12-31,5,2020,0.0,7.8,6.04,0.4,14.86,0.0,1501688.0,7.79,0.0,2020-12-31 02:00:00
2021-01-01,5,2021,0.4,5.8,4.84,0.1,10.94,4949924.0,103340.0,5.33,7.59,2021-01-01 02:00:00
2021-01-02,5,2021,3.4,6.2,4.66,0.6,17.39,4938803.0,107740.0,2.87,54.06,2021-01-02 02:00:00
2021-01-03,5,2021,0.0,6.1,5.08,0.4,9.75,4871499.0,54079.0,6.08,0.02,2021-01-03 02:00:00
2021-01-04,5,2021,6.1,6.0,5.1,2.0,26.32,4863281.0,139678.0,-0.14,102.33,2021-01-04 02:00:00
2021-01-05,5,2021,1.6,6.2,5.2,0.1,12.68,4808524.0,86193.0,4.6,25.82,2021-01-05 02:00:00
2021-01-06,5,2021,1.0,6.6,5.01,0.4,8.87,4729709.0,92443.0,5.58,15.41,2021-01-06 02:00:00
2021-01-07,5,2021,1.5,6.3,5.14,0.0,12.48,4638678.0,147915.0,4.74,24.52,2021-01-07 02:00:00
2021-01-08,5,2021,0.2,5.9,4.97,0.0,11.91,4636208.0,132141.0,5.7,2.72,2021-01-08 02:00:00
2021-01-09,5,2021,1.8,5.9,4.9,0.0,11.32,4658433.0,86101.0,4.11,30.48,2021-01-09 02:00:00
2021-01-10,5,2021,0.5,6.5,4.61,0.0,7.24,4482825.0,92464.0,5.99,7.95,2021-01-10 02:00:00
2021-01-11,5,2021,0.9,6.1,5.48,0.7,11.87,4494294.0,81554.0,5.11,15.58,2021-01-11 02:00:00
2021-01-12,5,2021,1.1,5.9,5.48,2.3,15.18,4448791.0,116282.0,4.79,18.35,2021-01-12 02:00:00
2021-01-13,5,2021,0.1,5.9,5.58,1.3,6.65,4463964.0,80107.0,5.79,1.77,2021-01-13 02:00:00
2021-01-14,5,2021,1.1,6.6,5.13,1.1,6.14,4342460.0,87231.0,5.48,16.49,2021-01-14 02:00:00
2021-01-15,5,2021,1.6,6.3,4.85,1.9,14.87,4337295.0,170058.0,1.4,129.16,2021-01-15 02:00:00
2021-01-16,5,2021,2.1,6.2,4.53,0.1,21.36,4287681.0,142634.0,4.11,34.05,2021-01-16 02:00:00
2021-01-17,5,2021,1.6,6.5,5.41,1.2,11.28,4225598.0,126709.0,4.94,24.0,2021-01-17 02:00:00
2021-01-18,5,2021,1.2,6.4,4.74,1.4,15.12,4201478.0,133856.0,5.27,18.03,2021-01-18 02:00:00
2021-01-19,5,2021,4.9,6.0,5.61,0.0,21.49,4222716.0,136862.0,1.13,81.36,2021-01-19 02:00:00
2021-01-20,5,2021,0.4,6.0,5.17,0.0,9.59,4059021.0,116102.0,5.68,6.04,2021-01-20 02:00:00
2021-01-21,5,2021,4.2,6.1,4.54,1.5,20.68,4107937.0,122931.0,1.95,68.09,2021-01-21 02:00:00
2021-01-22,5,2021,5.2,6.0,4.51,1.2,20.5,4043553.0,141731.0,0.76,87.29,2021-01-22 02:00:00
2021-01-23,5,2021,0.5,5.8,5.35,1.5,15.24,3977504.0,89946.0,5.3,8.25,2021-01-23 02:00:00
2021-01-24,5,2021,0.7,6.2,4.99,0.3,12.32,3878666.0,146007.0,5.46,11.24,2021-01-24 02:00:00
2021-01-25,5,2021,3.6,6.2,5.15,1.0,18.26,4044565.0,130005.0,2.65,57.3,2021-01-25 02:00:00
2021-01-26,5,2021,0.6,5.8,4.74,0.0,13.96,3888791.0,99922.0,5.28,9.66,2021-01-26 02:00:00
2021-01-27,5,2021,3.1,5.6,4.78,0.0,18.85,3811238.0,146330.0,2.45,56.04,2021-01-27 02:00:00
2021-01-28,5,2021,3.3,5.6,5.03,0.8,18.02,3820402.0,148044.0,2.21,60.28,2021-01-28 02:00:00
2021-01-29,5,2021,0.6,6.4,4.62,1.4,13.1,3702319.0,135190.0,5.78,9.58,2021-01-29 02:00:00
2021-01-30,5,2021,1.3,6.5,4.63,0.0,7.81,3620512.0,151573.0,5.23,19.75,2021-01-30 02:00:00
2021-01-31,5,2021,0.2,5.9,4.7,0.5,10.13,3663175.0,122373.0,5.66,3.66,2021-01-31 02:00:00
2021-02-01,5,2021,1.8,6.3,4.99,1.0,14.06,3625674.0,115030.0,4.45,28.93,2021-02-01 02:00:00
2021-02-02,5,2021,5.7,6.2,5.38,0.9,25.47,3666724.0,109089.0,0.54,91.3,2021-02-02 02:00:00
2021-02-03,5,2021,1.8,5.7,4.63,0.4,14.02,3657818.0,149542.0,3.82,32.45,2021-02-03 02:00:00
2021-02-04,5,2021,1.0,6.5,5.33,0.0,16.54,3492544.0,113337.0,5.48,16.05,2021-02-04 02:00:00
2021-02-05,5,2021,0.2,6.4,5.16,0.0,14.42,3516515.0,160950.0,6.21,3.21,2021-02-05 02:00:00
2021-02-06,5,2021,1.9,6.5,5.07,0.0,17.0,3416556.0,123739.0,4.58,29.62,2021-02-06 02:00:00
2021-02-07,5,2021,3.7,6.5,4.79,0.7,18.55,3342573.0,118949.0,2.76,57.51,2021-02-07 02:00:00
2021-02-08,5,2021,3.8,6.3,4.66,0.2,16.78,3330004.0,171574.0,2.47,60.79,2021-02-08 02:00:00
2021-02-09,5,2021,0.5,5.8,4.8,0.0,4.35,3255936.0,159150.0,5.24,9.49,2021-02-09 02:00:00
2021-02-10,5,2021,0.4,6.6,4.69,0.2,7.68,3320399.0,145409.0,6.18,6.04,2021-02-10 02:00:00
2021-02-11,5,2021,5.3,6.1,5.41,1.0,28.3,3245859.0,163155.0,0.78,87.31,2021-02-11 02:00:00
2021-02-12,5,2021,1.1,6.7,5.2,0.6,11.54,3205939.0,112140.0,5.6,15.93,2021-02-12 02:00:00
2021-02-13,5,2021,1.1,6.0,5.16,0.0,12.25,3109522.0,106955.0,4.89,18.61,2021-02-13 02:00:00
2021-02-14,5,2021,0.2,5.9,4.83,1.7,13.46,3080449.0,120697.0,5.74,2.88,2021-02-14 02:00:00
2021-02-15,5,2021,0.4,6.1,5.38,0.0,16.24,2977118.0,150162.0,5.68,6.92,2021-02-15 02:00:00
2021-02-16,5,2021,0.8,6.2,6.13,0.0,12.51,3017842.0,131024.0,5.39,13.26,2021-02-16 02:00:00
2021-02-17,5,2021,1.5,6.1,5.23,0.0,14.44,2877186.0,136684.0,4.62,24.58,2021-02-17 02:00:00
2021-02-18,5,2021,0.8,6.2,5.35,0.4,9.59,2932313.0,133967.0,5.38,13.48,2021-02-18 02:00:00
2021-02-19,5,2021,3.4,6.3,5.55,1.3,14.43,2708696.0,136121.0,2.87,54.1,2021-02-19 02:00:00
2021-02-20,5,2021,0.8,6.0,5.26,0.4,9.03,2766371.0,130255.0,5.21,12.77,2021-02-20 02:00:00
2021-02-21,5,2021,2.8,6.0,5.12,1.0,16.99,2770566.0,187708.0,-1.71,209.75,2021-02-21 02:00:00
2021-02-22,5,2021,3.5,6.9,5.37,1.0,22.49,2670839.0,173332.0,3.4,50.57,2021-02-22 02:00:00
2021-02-23,5,2021,1.3,6.6,5.39,0.0,20.94,2602564.0,148056.0,5.35,19.42,2021-02-23 02:00:00
2021-02-24,5,2021,1.2,6.5,5.34,0.0,12.02,2644742.0,173932.0,5.35,17.82,2021-02-24 02:00:00
2021-02-25,5,2021,0.7,6.5,6.23,0.1,10.77,2546006.0,170438.0,5.84,10.55,2021-02-25 02:00:00
2021-02-26,5,2021,2.0,6.0,5.14,0.6,12.92,2464196.0,187539.0,4.04,33.1,2021-02-26 02:00:00
2021-02-27,5,2021,0.8,6.0,4.91,0.5,10.14,2393209.0,153898.0,5.17,13.97,2021-02-27 02:00:00
2021-02-28,5,2021,0.2,6.6,5.15,0.0,13.45,2421271.0,189050.0,6.4,3.37,2021-02-28 02:00:00
2021-03-01,5,2021,0.2,6.3,4.76,0.3,11.93,2264226.0,168687.0,6.02,3.71,2021-03-01 02:00:00
2021-03-02,5,2021,1.8,6.2,5.98,0.4,18.64,2275861.0,180046.0,4.46,28.63,2021-03-02 02:00:00
2021-03-03,5,2021,0.2,6.7,5.33,1.1,11.64,2173304.0,194584.0,6.42,3.65,2021-03-03 02:00:00
2021-03-04,5,2021,0.5,6.5,4.81,0.0,9.21,2093038.0,227871.0,5.94,8.05,2021-03-04 02:00:00
2021-03-05,5,2021,3.0,6.5,5.56,0.5,15.72,2052912.0,193715.0,3.51,45.86,2021-03-05 02:00:00
2021-03-06,5,2021,1.4,6.1,5.14,0.1,14.11,1933745.0,205224.0,4.68,23.29,2021-03-06 02:00:00
2021-03-07,5,2021,1.7,6.5,5.35,0.8,10.49,1971449.0,173643.0,4.82,26.24,2021-03-07 02:00:00
2021-03-08,5,2021,0.2,6.2,5.5,1.2,10.03,2034569.0,225146.0,2.26,124.33,2021-03-08 02:00:00
2021-03-09,5,2021,0.0,6.6,5.4,0.0,6.29,1818432.0,225341.0,6.64,0.0,2021-03-09 02:00:00
2021-03-10,5,2021,5.7,7.0,5.1,1.0,25.16,1890070.0,230317.0,1.25,82.01,2021-03-10 02:00:00
2021-03-11,5,2021,2.0,6.6,5.48,0.0,14.97,1917415.0,234303.0,4.61,30.69,2021-03-11 02:00:00
2021-03-12,5,2021,2.6,7.0,5.19,0.3,16.51,1766630.0,249252.0,4.38,37.55,2021-03-12 02:00:00
2021-03-13,5,2021,3.7,6.8,6.01,1.4,20.36,1710347.0,212699.0,3.14,54.03,2021-03-13 02:00:00
2021-03-14,5,2021,0.0,6.6,4.94,0.0,7.08,1678566.0,215440.0,6.56,0.0,2021-03-14 02:00:00
2021-03-15,5,2021,0.8,6.3,5.14,0.0,17.02,1695665.0,213544.0,5.46,13.09,2021-03-15 02:00:00
2021-03-16,5,2021,0.5,6.2,4.97,0.8,8.53,1572763.0,194128.0,5.75,7.75,2021-03-16 02:00:00
2021-03-17,5,2021,1.3,6.0,4.81,0.4,15.74,1630743.0,231411.0,4.69,21.48,2021-03-17 02:00:00
2021-03-18,5,2021,1.2,5.8,4.96,0.0,12.34,1468660.0,242554.0,4.6,20.48,2021-03-18 02:00:00
2021-03-19,5,2021,1.7,6.2,5.76,0.3,15.41,1449324.0,205808.0,4.55,26.98,2021-03-19 02:00:00
2021-03-20,5,2021,0.2,6.0,5.44,0.0,6.35,1394214.0,270095.0,1.91,133.25,2021-03-20 02:00:00
2021-03-21,5,2021,0.9,6.9,5.57,0.0,8.95,1402115.0,258398.0,6.02,12.43,2021-03-21 02:00:00
2021-03-22,5,2021,4.9,6.8,4.86,1.2,24.68,1324825.0,245200.0,1.85,72.8,2021-03-22 02:00:00
2021-03-23,5,2021,1.6,6.7,5.95,0.0,17.47,1296186.0,261828.0,1.6,128.44,2021-03-23 02:00:00
2021-03-24,5,2021,0.7,6.7,5.47,0.0,13.13,1255677.0,297579.0,5.95,10.65,2021-03-24 02:00:00
2021-03-25,5,2021,0.5,7.0,5.8,0.0,12.08,1157750.0,302976.0,3.35,96.68,2021-03-25 02:00:00
2021-03-26,5,2021,4.5,6.6,5.49,2.5,27.24,1021204.0,327903.0,2.15,67.46,2021-03-26 02:00:00
2021-03-27,5,2021,3.0,6.1,4.54,0.5,23.46,1102703.0,340102.0,-0.64,172.18,2021-03-27 02:00:00
2021-03-28,5,2021,0.6,6.8,5.09,0.8,12.9,1100576.0,347206.0,6.19,9.04,2021-03-28 02:00:00
2021-03-29,5,2021,0.2,6.2,4.98,0.9,12.02,1012868.0,385090.0,2.56,114.37,2021-03-29 02:00:00
2021-03-30,5,2021,0.7,6.5,5.55,0.4,10.53,972804.0,398927.0,5.73,11.36,2021-03-30 02:00:00
2021-03-31,5,2021,0.1,6.7,6.39,0.1,15.22,793186.0,382788.0,6.58,1.41,2021-03-31 02:00:00
2021-04-01,5,2021,11.3,6.7,4.78,1.9,34.75,934753.0,460863.0,-8.86,250.0,2021-04-01 02:00:00
2021-04-02,5,2021,10.2,6.6,4.84,2.4,34.44,874435.0,455829.0,-3.56,153.52,2021-04-02 02:00:00
2021-04-03,5,2021,0.0,6.4,5.45,0.0,9.1,814100.0,414187.0,6.38,0.0,2021-04-03 02:00:00
2021-04-04,5,2021,2.6,7.1,5.67,1.2,16.6,839768.0,471945.0,1.15,131.13,2021-04-04 02:00:00
2021-04-05,5,2021,2.4,6.1,5.43,0.8,17.94,805566.0,456245.0,3.77,38.77,2021-04-05 02:00:00
2021-04-06,5,2021,0.9,6.9,5.28,0.1,9.66,630948.0,515425.0,3.46,87.45,2021-04-06 02:00:00
2021-04-07,5,2021,0.4,6.1,5.13,0.0,12.58,601233.0,472835.0,5.7,5.92,2021-04-07 02:00:00
2021-04-08,5,2021,0.0,6.4,5.32,0.0,10.56,607555.0,515253.0,6.36,0.0,2021-04-08 02:00:00
2021-04-09,5,2021,0.2,6.8,5.77,1.3,12.09,553610.0,517290.0,6.55,3.38,2021-04-09 02:00:00
2021-04-10,5,2021,2.9,6.6,5.49,1.3,15.72,471481.0,513904.0,3.65,44.46,2021-04-10 02:00:00
2021-04-11,5,2021,0.1,6.9,4.71,0.0,6.02,419475.0,513793.0,6.8,0.87,2021-04-11 02:00:00
2021-04-12,5,2021,0.0,6.8,5.37,1.0,8.43,296654.0,457020.0,6.78,0.0,2021-04-12 02:00:00
2021-04-13,5,2021,1.9,6.4,5.51,0.0,12.98,306985.0,522473.0,4.51,29.75,2021-04-13 02:00:00
2021-04-14,5,2021,0.0,6.2,5.64,0.0,7.55,243445.0,513463.0,6.24,0.0,2021-04-14 02:00:00
2021-04-15,5,2021,2.9,6.4,5.32,1.1,20.91,135848.0,479394.0,3.49,45.1,2021-04-15 02:00:00
2021-04-16,5,2021,0.0,6.4,5.51,0.6,5.46,133644.0,510831.0,6.38,0.0,2021-04-16 02:00:00
2021-04-17,5,2021,0.2,6.4,5.09,0.0,8.84,97600.0,494779.0,6.26,2.75,2021-04-17 02:00:00
2021-04-18,5,2021,0.1,6.8,5.83,0.0,12.19,0.0,515410.0,6.65,1.74,2021-04-18 02:00:00
2021-04-19,5,2021,1.2,7.0,5.75,0.2,10.74,15383.0,487411.0,5.73,17.87,2021-04-19 02:00:00
2021-04-20,5,2021,1.1,6.5,5.66,0.0,12.2,3927.0,483686.0,5.41,17.27,2021-04-20 02:00:00
2021-04-21,5,2021,2.8,6.6,5.76,0.7,14.99,0.0,512519.0,3.85,41.99,2021-04-21 02:00:00
2021-04-22,5,2021,0.1,7.2,5.33,0.0,10.8,0.0,538718.0,7.08,1.44,2021-04-22 02:00:00
2021-04-23,5,2021,0.2,6.6,5.45,0.0,7.51,0.0,547607.0,3.16,102.45,2021-04-23 02:00:00
2021-04-24,5,2021,2.5,6.9,5.75,0.7,14.59,0.0,535857.0,4.48,35.48,2021-04-24 02:00:00
2021-04-25,5,2021,4.3,6.4,6.0,1.5,19.58,0.0,577813.0,2.12,66.78,2021-04-25 02:00:00
2021-04-26,5,2021,0.0,6.5,5.37,0.9,7.66,0.0,523207.0,6.5,0.67,2021-04-26 02:00:00
2021-04-27,5,2021,0.6,7.4,4.96,1.2,10.02,0.0,522718.0,6.82,7.89,2021-04-27 02:00:00
2021-04-28,5,2021,1.0,6.9,6.18,1.0,12.58,0.0,516768.0,5.84,14.75,2021-04-28 02:00:00
2021-04-29,5,2021,0.2,6.6,5.39,0.4,13.11,0.0,539693.0,5.08,44.86,2021-04-29 02:00:00
2021-04-30,5,2021,0.2,6.4,5.03,1.6,10.59,0.0,538614.0,6.15,3.73,2021-04-30 02:00:00
2021-05-01,5,2021,3.0,7.0,4.54,0.3,14.15,0.0,579245.0,3.98,43.02,2021-05-01 02:00:00
2021-05-02,5,2021,4.3,6.6,5.61,1.3,21.48,0.0,530858.0,1.08,102.59,2021-05-02 02:00:00
2021-05-03,5,2021,1.2,6.5,5.38,0.0,13.88,0.0,543099.0,5.24,19.08,2021-05-03 02:00:00
2021-05-04,5,2021,3.5,6.8,5.06,1.7,17.28,0.0,540420.0,3.23,52.18,2021-05-04 02:00:00
2021-05-05,5,2021,0.0,6.8,5.65,0.0,8.76,0.0,561138.0,6.84,0.0,2021-05-05 02:00:00
2021-05-06,5,2021,3.2,6.3,5.33,0.4,12.43,0.0,563447.0,3.11,50.77,2021-05-06 02:00:00
2021-05-07,5,2021,0.2,6.9,4.85,0.0,8.27,0.0,550701.0,6.64,3.34,2021-05-07 02:00:00
2021-05-08,5,2021,1.7,6.6,4.46,0.2,15.55,0.0,553389.0,4.96,25.15,2021-05-08 02:00:00
2021-05-09,5,2021,0.2,6.4,5.55,0.0,8.45,0.0,526063.0,6.24,3.0,2021-05-09 02:00:00
2021-05-10,5,2021,2.2,6.8,5.63,0.1,11.13,0.0,521808.0,4.59,32.58,2021-05-10 02:00:00
2021-05-11,5,2021,1.7,6.7,5.08,0.3,13.92,0.0,581785.0,4.93,26.17,2021-05-11 02:00:00
2021-05-12,5,2021,1.6,7.6,5.76,1.4,12.44,0.0,571783.0,5.92,21.76,2021-05-12 02:00:00
2021-05-13,5,2021,0.0,6.7,5.64,0.0,12.6,0.0,548589.0,6.74,0.0,2021-05-13 02:00:00
2021-05-14,5,2021,1.8,6.7,5.05,0.0,20.21,0.0,568706.0,4.98,26.16,2021-05-14 02:00:00
2021-05-15,5,2021,3.0,6.7,5.34,0.2,17.73,0.0,621187.0,0.5,139.27,2021-05-15 02:00:00
2021-05-16,5,2021,3.7,7.0,5.16,0.3,15.41,0.0,587695.0,3.31,52.56,2021-05-16 02:00:00
2021-05-17,5,2021,0.0,6.8,5.22,0.0,7.57,0.0,618348.0,6.79,0.0,2021-05-17 02:00:00
2021-05-18,5,2021,0.1,7.0,5.12,1.1,10.55,0.0,574219.0,6.92,1.39,2021-05-18 02:00:00
2021-05-19,5,2021,0.0,6.8,5.8,0.0,11.61,0.0,573977.0,6.8,0.0,2021-05-19 02:00:00
2021-05-20,5,2021,0.0,6.7,5.34,0.8,13.01,0.0,596363.0,6.68,0.0,2021-05-20 02:00:00
2021-05-21,5,2021,7.1,6.6,5.01,0.0,31.51,0.0,582977.0,-0.49,107.42,2021-05-21 02:00:00
2021-05-22,5,2021,1.7,6.8,5.12,0.5,14.28,0.0,607435.0,5.12,24.83,2021-05-22 02:00:00
2021-05-23,5,2021,0.1,6.7,6.08,0.0,4.92,0.0,579729.0,6.64,1.0,2021-05-23 02:00:00
2021-05-24,5,2021,4.5,6.9,5.49,0.1,20.0,0.0,589452.0,2.4,65.16,2021-05-24 02:00:00
2021-05-25,5,2021,0.0,6.6,5.66,0.0,11.21,0.0,586857.0,6.61,0.0,2021-05-25 02:00:00
2021-05-26,5,2021,1.3,6.8,5.54,1.8,14.61,0.0,625028.0,5.48,19.25,2021-05-26 02:00:00
2021-05-27,5,2021,0.2,6.7,5.75,0.0,10.17,0.0,608854.0,3.03,106.86,2021-05-27 02:00:00
2021-05-28,5,2021,0.0,7.0,4.6,0.9,14.37,0.0,639455.0,7.04,0.0,2021-05-28 02:00:00
2021-05-29,5,2021,0.5,7.0,5.16,1.5,9.69,0.0,605855.0,6.44,7.64,2021-05-29 02:00:00
2021-05-30,5,2021,0.0,6.6,5.71,0.0,9.45,0.0,616083.0,6.59,0.45,2021-05-30 02:00:00
2021-05-31,5,2021,5.7,6.8,5.01,1.1,23.59,0.0,623951.0,1.12,83.61,2021-05-31 02:00:00
2021-06-01,5,2021,0.0,6.6,5.4,1.8,16.32,0.0,632296.0,6.59,0.0,2021-06-01 02:00:00
2021-06-02,5,2021,0.0,6.2,5.2,0.0,11.57,0.0,661847.0,6.24,0.19,2021-06-02 02:00:00
2021-06-03,5,2021,0.0,6.7,5.5,0.0,6.0,0.0,621913.0,6.67,0.0,2021-06-03 02:00:00
2021-06-04,5,2021,2.4,7.1,5.52,0.0,17.36,0.0,646162.0,4.66,34.36,2021-06-04 02:00:00
2021-06-05,5,2021,0.6,6.6,5.97,0.0,12.28,0.0,644251.0,6.08,8.47,2021-06-05 02:00:00
2021-06-06,5,2021,0.6,7.3,4.88,0.0,15.05,0.0,621884.0,6.67,8.68,2021-06-06 02:00:00
2021-06-07,5,2021,2.9,7.1,4.57,0.8,17.56,0.0,622162.0,4.26,40.32,2021-06-07 02:00:00
2021-06-08,5,2021,2.8,6.6,5.91,0.0,18.09,0.0,600053.0,3.86,42.01,2021-06-08 02:00:00
2021-06-09,5,2021,0.1,6.7,5.96,0.0,5.17,0.0,656502.0,6.55,1.55,2021-06-09 02:00:00
2021-06-10,5,2021,0.5,6.9,5.44,0.0,12.12,0.0,586205.0,6.33,7.83,2021-06-10 02:00:00
2021-06-11,5,2021,0.5,6.6,6.25,0.0,15.38,0.0,613134.0,6.11,7.67,2021-06-11 02:00:00
2021-06-12,5,2021,1.3,7.1,5.74,0.6,12.1,0.0,652392.0,5.78,18.34,2021-06-12 02:00:00
2021-06-13,5,2021,0.3,6.7,5.11,0.0,5.22,0.0,615698.0,6.44,3.92,2021-06-13 02:00:00
2021-06-14,5,2021,0.0,6.8,5.59,0.0,9.33,0.0,605561.0,6.81,0.0,2021-06-14 02:00:00
2021-06-15,5,2021,0.0,6.9,5.37,0.3,16.21,0.0,644006.0,6.9,0.66,2021-06-15 02:00:00
2021-06-16,5,2021,1.2,7.4,5.42,0.0,11.91,0.0,648279.0,6.2,16.3,2021-06-16 02:00:00
2021-06-17,5,2021,0.8,6.9,5.76,0.0,7.94,0.0,626300.0,6.16,10.9,2021-06-17 02:00:00
2021-06-18,5,2021,0.0,7.0,5.94,0.0,9.0,0.0,629681.0,6.99,0.53,2021-06-18 02:00:00
2021-06-19,5,2021,0.0,7.0,5.33,0.0,11.08,0.0,587726.0,6.95,0.0,2021-06-19 02:00:00
2021-06-20,5,2021,3.9,6.9,6.06,2.7,18.02,0.0,649768.0,3.03,55.95,2021-06-20 02:00:00
2021-06-21,5,2021,0.8,6.7,6.65,0.0,11.93,0.0,612774.0,5.87,12.5,2021-06-21 02:00:00
2021-06-22,5,2021,3.0,7.3,6.07,1.3,21.87,0.0,658688.0,4.27,41.22,2021-06-22 02:00:00
2021-06-23,5,2021,2.3,7.5,5.92,1.4,17.79,0.0,602660.0,5.12,31.31,2021-06-23 02:00:00
2021-06-24,5,2021,0.9,6.5,5.92,0.4,10.99,0.0,653042.0,2.2,117.31,2021-06-24 02:00:00
2021-06-25,5,2021,4.8,7.0,5.74,1.6,25.12,0.0,695709.0,2.18,68.71,2021-06-25 02:00:00
2021-06-26,5,2021,0.4,6.7,5.66,0.0,4.82,0.0,637501.0,6.35,5.52,2021-06-26 02:00:00
2021-06-27,5,2021,1.1,6.3,5.65,0.3,12.67,0.0,630239.0,5.24,17.43,2021-06-27 02:00:00
2021-06-28,5,2021,3.1,6.9,5.4,1.2,20.26,0.0,663591.0,3.81,44.75,2021-06-28 02:00:00
2021-06-29,5,2021,0.2,7.6,5.75,0.0,15.67,0.0,637166.0,7.31,3.31,2021-06-29 02:00:00
2021-06-30,5,2021,0.6,7.2,5.54,0.8,17.76,0.0,679289.0,6.68,7.69,2021-06-30 02:00:00
2021-07-01,5,2021,0.2,7.2,4.65,0.0,6.18,0.0,648923.0,6.99,2.78,2021-07-01 02:00:00
2021-07-02,5,2021,1.8,6.4,5.42,1.2,14.46,0.0,679331.0,4.59,28.03,2021-07-02 02:00:00
2021-07-03,5,2021,0.0,6.9,6.25,1.0,11.54,0.0,636965.0,6.87,0.0,2021-07-03 02:00:00
2021-07-04,5,2021,0.9,7.1,5.0,0.5,14.78,0.0,642937.0,6.22,12.07,2021-07-04 02:00:00
2021-07-05,5,2021,0.0,7.1,5.56,0.2,10.7,0.0,661856.0,7.14,0.0,2021-07-05 02:00:00
2021-07-06,5,2021,0.2,7.0,5.32,0.5,15.13,0.0,629765.0,6.84,2.58,2021-07-06 02:00:00
2021-07-07,5,2021,2.6,7.1,5.47,0.7,15.82,0.0,637684.0,3.36,67.07,2021-07-07 02:00:00
2021-07-08,5,2021,1.2,6.9,5.78,0.3,11.41,0.0,669965.0,5.65,17.78,2021-07-08 02:00:00
2021-07-09,5,2021,0.0,7.2,5.17,1.6,6.43,0.0,700183.0,7.2,0.0,2021-07-09 02:00:00
2021-07-10,5,2021,0.5,7.1,5.08,0.0,13.98,0.0,659724.0,6.59,7.33,2021-07-10 02:00:00
2021-07-11,5,2021,1.0,6.9,5.77,0.0,18.75,0.0,694820.0,5.91,14.98,2021-07-11 02:00:00
2021-07-12,5,2021,1.8,7.0,5.73,0.2,17.99,0.0,645542.0,5.23,25.26,2021-07-12 02:00:00
2021-07-13,5,2021,3.3,6.7,5.2,0.1,20.07,0.0,654370.0,3.42,49.16,2021-07-13 02:00:00
2021-07-14,5,2021,0.2,7.1,5.53,1.0,10.07,0.0,685526.0,3.12,109.3,2021-07-14 02:00:00
2021-07-15,5,2021,0.3,6.4,5.52,0.0,8.81,0.0,687683.0,6.11,4.49,2021-07-15 02:00:00
2021-07-16,5,2021,0.5,7.2,5.61,1.0,12.03,0.0,697346.0,6.62,7.45,2021-07-16 02:00:00
2021-07-17,5,2021,0.4,7.3,5.84,0.9,10.13,0.0,696078.0,6.87,5.77,2021-07-17 02:00:00
2021-07-18,5,2021,0.1,7.3,6.19,0.4,3.83,0.0,719000.0,7.18,0.98,2021-07-18 02:00:00
2021-07-19,5,2021,0.3,7.0,5.8,0.0,13.26,0.0,724068.0,6.7,4.95,2021-07-19 02:00:00
2021-07-20,5,2021,0.0,7.6,6.14,0.7,10.6,0.0,701122.0,7.64,0.0,2021-07-20 02:00:00
2021-07-21,5,2021,2.6,7.0,5.22,0.6,17.64,0.0,690785.0,4.39,37.31,2021-07-21 02:00:00
2021-07-22,5,2021,0.5,7.2,6.21,0.4,6.92,0.0,732488.0,6.77,6.6,2021-07-22 02:00:00
2021-07-23,5,2021,0.8,7.1,5.97,0.0,10.54,0.0,669135.0,6.25,11.76,2021-07-23 02:00:00
2021-07-24,5,2021,1.1,6.9,5.57,0.1,13.56,0.0,698209.0,5.79,16.0,2021-07-24 02:00:00
2021-07-25,5,2021,6.6,7.1,5.67,0.3,27.51,0.0,693552.0,0.51,92.8,2021-07-25 02:00:00
2021-07-26,5,2021,0.0,7.2,5.98,0.0,7.22,0.0,710904.0,7.24,0.0,2021-07-26 02:00:00
2021-07-27,5,2021,0.0,7.3,6.49,0.2,9.76,0.0,705098.0,7.32,0.0,2021-07-27 02:00:00
2021-07-28,5,2021,1.0,6.9,5.81,0.1,16.28,0.0,730549.0,5.9,13.97,2021-07-28 02:00:00
2021-07-29,5,2021,0.0,6.9,5.16,0.8,9.63,0.0,701286.0,6.92,0.0,2021-07-29 02:00:00
2021-07-30,5,2021,0.0,7.2,6.11,0.0,8.96,0.0,731718.0,7.16,0.0,2021-07-30 02:00:00
2021-07-31,5,2021,1.6,7.0,5.58,0.0,13.85,0.0,681746.0,3.39,80.8,2021-07-31 02:00:00
2021-08-01,5,2021,0.1,6.3,5.26,1.6,11.82,0.0,751525.0,6.21,0.82,2021-08-01 02:00:00
2021-08-02,5,2021,1.8,7.5,5.26,2.3,11.33,0.0,758268.0,5.69,24.42,2021-08-02 02:00:00
2021-08-03,5,2021,5.1,7.2,5.88,0.1,18.72,0.0,720537.0,2.12,70.62,2021-08-03 02:00:00
2021-08-04,5,2021,4.0,6.9,5.5,0.5,15.68,0.0,723468.0,2.9,58.22,2021-08-04 02:00:00
2021-08-05,5,2021,0.0,6.3,5.59,0.2,14.1,0.0,748223.0,6.32,0.0,2021-08-05 02:00:00
2021-08-06,5,2021,0.0,7.1,6.1,0.1,9.19,0.0,725169.0,7.1,0.0,2021-08-06 02:00:00
2021-08-07,5,2021,2.3,7.4,6.09,0.4,14.37,0.0,726315.0,5.12,30.63,2021-08-07 02:00:00
2021-08-08,5,2021,1.6,7.0,5.77,0.7,13.86,0.0,736665.0,5.38,22.99,2021-08-08 02:00:00
2021-08-09,5,2021,0.0,6.9,6.11,0.2,12.17,0.0,725310.0,6.9,0.0,2021-08-09 02:00:00
2021-08-10,5,2021,0.8,6.8,6.22,0.2,9.62,0.0,717054.0,6.03,11.9,2021-08-10 02:00:00
2021-08-11,5,2021,3.3,6.7,5.85,0.1,19.4,0.0,685426.0,3.41,48.88,2021-08-11 02:00:00
2021-08-12,5,2021,0.2,6.8,5.73,0.5,8.85,0.0,730391.0,6.56,3.43,2021-08-12 02:00:00
2021-08-13,5,2021,1.9,7.2,5.53,1.5,12.64,0.0,696518.0,5.38,25.63,2021-08-13 02:00:00
2021-08-14,5,2021,2.7,7.1,5.71,2.4,16.79,0.0,709782.0,4.4,38.38,2021-08-14 02:00:00
2021-08-15,5,2021,1.2,7.1,5.75,0.8,12.3,0.0,769926.0,5.89,16.99,2021-08-15 02:00:00
2021-08-16,5,2021,0.7,6.5,6.36,0.7,9.18,0.0,751135.0,5.77,11.32,2021-08-16 02:00:00
2021-08-17,5,2021,0.7,7.2,5.89,0.6,10.94,0.0,732094.0,6.49,9.7,2021-08-17 02:00:00
2021-08-18,5,2021,3.5,7.6,5.82,0.7,21.5,0.0,721621.0,4.1,45.88,2021-08-18 02:00:00
2021-08-19,5,2021,0.0,7.4,5.57,0.0,13.09,0.0,741239.0,6.25,30.65,2021-08-19 02:00:00
2021-08-20,5,2021,0.0,7.1,4.99,0.5,11.42,0.0,724596.0,7.09,0.0,2021-08-20 02:00:00
2021-08-21,5,2021,1.1,6.5,5.83,0.2,13.18,0.0,765732.0,1.69,130.01,2021-08-21 02:00:00
2021-08-22,5,2021,3.1,7.2,5.92,0.2,15.9,0.0,789623.0,4.07,43.57,2021-08-22 02:00:00
2021-08-23,5,2021,0.0,7.3,7.03,0.2,8.75,0.0,761414.0,7.32,0.0,2021-08-23 02:00:00
2021-08-24,5,2021,0.0,7.6,5.99,0.7,8.44,0.0,789082.0,7.57,0.0,2021-08-24 02:00:00
2021-08-25,5,2021,0.0,6.6,5.72,0.0,16.35,0.0,746380.0,6.57,0.0,2021-08-25 02:00:00
2021-08-26,5,2021,0.0,7.4,6.02,0.0,8.19,0.0,746052.0,7.35,0.0,2021-08-26 02:00:00
2021-08-27,5,2021,0.0,7.2,6.28,0.0,9.16,0.0,806917.0,7.17,0.0,2021-08-27 02:00:00
2021-08-28,5,2021,0.0,7.6,5.43,0.0,7.17,0.0,812231.0,7.6,0.0,2021-08-28 02:00:00
2021-08-29,5,2021,6.4,7.3,5.91,3.1,26.96,0.0,807899.0,0.88,87.87,2021-08-29 02:00:00
2021-08-30,5,2021,3.0,7.2,6.07,0.0,16.44,0.0,806022.0,4.2,41.72,2021-08-30 02:00:00
2021-08-31,5,2021,3.6,7.2,6.65,0.0,20.86,0.0,767364.0,3.53,50.68,2021-08-31 02:00:00
2021-09-01,5,2021,1.0,7.2,5.24,0.3,15.53,0.0,760309.0,6.25,13.25,2021-09-01 02:00:00
2021-09-02,5,2021,0.0,7.5,5.67,0.0,14.56,0.0,764190.0,7.46,0.0,2021-09-02 02:00:00
2021-09-03,5,2021,3.8,7.2,6.27,0.3,19.01,0.0,832112.0,1.37,109.06,2021-09-03 02:00:00
2021-09-04,5,2021,0.0,7.3,5.87,0.3,11.29,0.0,806452.0,7.34,0.0,2021-09-04 02:00:00
2021-09-05,5,2021,1.1,7.0,5.88,0.0,12.63,0.0,799771.0,5.9,15.43,2021-09-05 02:00:00
2021-09-06,5,2021,0.0,6.8,5.98,0.0,7.13,0.0,771332.0,6.77,0.0,2021-09-06 02:00:00
2021-09-07,5,2021,0.0,7.5,5.71,0.0,6.65,0.0,781784.0,7.52,0.0,2021-09-07 02:00:00
2021-09-08,5,2021,3.3,7.4,5.57,1.0,20.95,0.0,851785.0,1.77,106.7,2021-09-08 02:00:00
2021-09-09,5,2021,0.5,7.3,5.5,0.0,9.67,0.0,860012.0,6.74,7.21,2021-09-09 02:00:00
2021-09-10,5,2021,3.8,6.7,5.63,2.3,19.59,0.0,848268.0,2.94,56.5,2021-09-10 02:00:00
2021-09-11,5,2021,2.2,6.8,5.97,0.0,20.87,0.0,801130.0,4.64,31.89,2021-09-11 02:00:00
2021-09-12,5,2021,0.8,7.3,5.94,0.4,12.66,0.0,788700.0,6.51,10.49,2021-09-12 02:00:00
2021-09-13,5,2021,1.4,7.3,5.04,0.0,11.56,0.0,806921.0,5.91,19.35,2021-09-13 02:00:00
2021-09-14,5,2021,1.6,6.8,6.24,0.0,16.46,0.0,788255.0,5.22,23.44,2021-09-14 02:00:00
2021-09-15,5,2021,6.1,7.2,5.88,1.0,24.68,0.0,836724.0,1.08,84.96,2021-09-15 02:00:00
2021-09-16,5,2021,0.7,7.6,5.75,0.0,7.16,0.0,826540.0,6.88,9.44,2021-09-16 02:00:00
2021-09-17,5,2021,2.8,7.2,5.91,0.7,15.1,0.0,818845.0,4.48,38.11,2021-09-17 02:00:00
2021-09-18,5,2021,1.4,6.9,5.37,1.4,16.7,0.0,801865.0,5.49,20.49,2021-09-18 02:00:00
2021-09-19,5,2021,0.0,6.7,5.5,0.0,9.39,0.0,827640.0,6.69,0.69,2021-09-19 02:00:00
2021-09-20,5,2021,0.8,7.0,6.49,1.1,10.97,0.0,852000.0,6.23,11.25,2021-09-20 02:00:00
2021-09-21,5,2021,1.9,7.5,5.89,1.0,15.57,0.0,817578.0,5.61,24.9,2021-09-21 02:00:00
2021-09-22,5,2021,0.0,7.0,6.4,0.0,11.86,0.0,802835.0,7.0,0.0,2021-09-22 02:00:00
2021-09-23,5,2021,0.0,6.9,6.13,0.6,10.09,0.0,798213.0,6.85,0.0,2021-09-23 02:00:00
2021-09-24,5,2021,0.5,7.1,5.24,0.0,10.94,0.0,810320.0,4.71,61.26,2021-09-24 02:00:00
2021-09-25,5,2021,0.8,7.5,5.29,0.5,13.53,0.0,828062.0,6.67,10.65,2021-09-25 02:00:00
2021-09-26,5,2021,0.4,7.0,5.67,1.5,7.52,0.0,858827.0,6.61,5.88,2021-09-26 02:00:00
2021-09-27,5,2021,0.7,7.3,5.79,0.1,11.55,0.0,868200.0,6.62,9.97,2021-09-27 02:00:00
2021-09-28,5,2021,3.0,6.7,5.92,1.2,21.78,0.0,837746.0,3.71,44.78,2021-09-28 02:00:00
2021-09-29,5,2021,0.9,7.1,5.19,0.7,12.38,0.0,827313.0,6.23,12.58,2021-09-29 02:00:00
2021-09-30,5,2021,0.2,8.2,6.28,0.1,14.52,0.0,866580.0,4.79,80.55,2021-09-30 02:00:00
2021-10-01,5,2021,0.1,7.9,6.04,0.8,12.33,0.0,855085.0,7.8,1.83,2021-10-01 02:00:00
2021-10-02,5,2021,0.0,7.4,6.09,0.0,9.49,0.0,886163.0,7.41,0.0,2021-10-02 02:00:00
2021-10-03,5,2021,1.4,6.9,6.39,0.4,16.2,0.0,878624.0,5.56,19.95,2021-10-03 02:00:00
2021-10-04,5,2021,0.0,8.3,6.21,0.0,9.96,0.0,840433.0,8.26,0.0,2021-10-04 02:00:00
2021-10-05,5,2021,0.1,7.6,6.12,0.0,8.11,0.0,879934.0,7.51,0.92,2021-10-05 02:00:00
2021-10-06,5,2021,0.1,8.1,6.06,0.0,4.09,0.0,852342.0,7.99,1.15,2021-10-06 02:00:00
2021-10-07,5,2021,0.0,7.5,5.76,0.7,9.92,0.0,891986.0,7.54,0.0,2021-10-07 02:00:00
2021-10-08,5,2021,2.2,7.5,5.92,1.5,18.91,0.0,865369.0,5.29,29.28,2021-10-08 02:00:00
2021-10-09,5,2021,1.1,7.4,5.57,0.0,19.06,0.0,879223.0,6.27,15.42,2021-10-09 02:00:00
2021-10-10,5,2021,0.0,7.8,5.26,0.0,9.84,0.0,869784.0,7.76,0.0,2021-10-10 02:00:00
2021-10-11,5,2021,2.5,6.9,5.96,0.0,20.17,0.0,906774.0,4.37,36.82,2021-10-11 02:00:00
2021-10-12,5,2021,0.0,7.7,6.28,0.6,9.7,0.0,869019.0,7.72,0.0,2021-10-12 02:00:00
2021-10-13,5,2021,1.0,7.4,5.88,1.2,20.77,0.0,858219.0,4.22,72.3,2021-10-13 02:00:00
2021-10-14,5,2021,0.0,7.8,6.2,0.2,10.22,0.0,894742.0,7.84,0.0,2021-10-14 02:00:00
2021-10-15,5,2021,1.6,7.4,6.46,0.7,9.18,0.0,918821.0,5.74,22.18,2021-10-15 02:00:00
2021-10-16,5,2021,0.0,7.6,6.15,0.0,18.42,0.0,958204.0,5.1,64.92,2021-10-16 02:00:00
2021-10-17,5,2021,0.0,7.1,6.68,0.6,10.6,0.0,917148.0,7.13,0.0,2021-10-17 02:00:00
2021-10-18,5,2021,0.0,7.3,6.32,0.3,7.91,0.0,939854.0,7.28,0.0,2021-10-18 02:00:00
2021-10-19,5,2021,3.0,7.8,5.58,0.0,25.32,0.0,934054.0,4.71,39.2,2021-10-19 02:00:00
2021-10-20,5,2021,0.1,7.4,6.11,0.0,12.93,0.0,906606.0,7.3,1.85,2021-10-20 02:00:00
2021-10-21,5,2021,0.1,7.6,5.21,1.2,13.5,0.0,904322.0,7.48,1.63,2021-10-21 02:00:00
2021-10-22,5,2021,1.3,7.0,6.23,0.8,12.71,0.0,942949.0,2.22,117.69,2021-10-22 02:00:00
2021-10-23,5,2021,0.0,7.2,5.12,1.7,11.61,0.0,945681.0,7.17,0.0,2021-10-23 02:00:00
2021-10-24,5,2021,0.0,7.3,6.34,0.1,9.36,0.0,965099.0,7.32,0.0,2021-10-24 02:00:00
2021-10-25,5,2021,3.5,7.3,5.8,1.0,15.59,0.0,981774.0,1.95,99.21,2021-10-25 02:00:00
2021-10-26,5,2021,0.0,7.9,6.45,0.0,11.94,0.0,979534.0,7.9,0.0,2021-10-26 02:00:00
2021-10-27,5,2021,0.2,7.8,5.44,0.4,12.09,0.0,989117.0,4.72,75.35,2021-10-27 02:00:00
2021-10-28,5,2021,0.1,7.6,5.7,0.3,3.92,0.0,987232.0,7.54,0.68,2021-10-28 02:00:00
2021-10-29,5,2021,7.2,7.5,5.58,0.7,24.71,0.0,1011825.0,0.34,95.52,2021-10-29 02:00:00
2021-10-30,5,2021,1.3,7.7,6.79,1.3,9.64,0.0,990635.0,6.41,17.12,2021-10-30 02:00:00
2021-10-31,5,2021,1.0,6.9,5.35,2.3,18.74,0.0,1030945.0,5.88,14.87,2021-10-31 02:00:00
2021-11-01,5,2021,1.0,7.6,6.58,0.0,16.6,0.0,971460.0,6.56,13.56,2021-11-01 02:00:00
2021-11-02,5,2021,1.4,7.8,7.33,0.7,18.61,0.0,983443.0,6.45,17.59,2021-11-02 02:00:00
2021-11-03,5,2021,0.8,7.8,5.92,0.0,10.45,0.0,1012412.0,7.05,10.05,2021-11-03 02:00:00
2021-11-04,5,2021,0.0,7.3,5.35,0.9,8.91,0.0,1020544.0,7.25,0.35,2021-11-04 02:00:00
2021-11-05,5,2021,1.9,7.4,6.56,0.6,10.83,0.0,992937.0,5.55,25.27,2021-11-05 02:00:00
2021-11-06,5,2021,1.9,7.4,6.41,0.9,16.59,0.0,970926.0,5.44,26.07,2021-11-06 02:00:00
2021-11-07,5,2021,0.0,7.3,5.61,0.0,8.97,0.0,976855.0,7.32,0.0,2021-11-07 02:00:00
2021-11-08,5,2021,5.3,7.3,5.39,0.3,19.68,0.0,1035999.0,2.04,72.13,2021-11-08 02:00:00
2021-11-09,5,2021,1.7,7.1,5.86,0.0,12.64,0.0,1030860.0,5.36,24.26,2021-11-09 02:00:00
2021-11-10,5,2021,0.6,6.9,5.82,0.3,11.34,0.0,1018021.0,3.47,90.75,2021-11-10 02:00:00
2021-11-11,5,2021,1.7,7.4,5.69,0.8,18.53,0.0,1032333.0,5.75,22.43,2021-11-11 02:00:00
2021-11-12,5,2021,2.0,7.4,5.9,0.2,12.82,0.0,1025737.0,2.74,98.01,2021-11-12 02:00:00
2021-11-13,5,2021,0.0,7.5,6.2,1.7,11.22,0.0,1031942.0,7.5,0.0,2021-11-13 02:00:00
2021-11-14,5,2021,4.5,7.2,6.05,1.4,18.26,0.0,1037388.0,0.16,133.68,2021-11-14 02:00:00
2021-11-15,5,2021,1.4,7.6,5.55,0.0,15.34,0.0,1055709.0,6.24,17.9,2021-11-15 02:00:00
2021-11-16,5,2021,1.4,7.5,6.68,0.4,13.24,0.0,1066484.0,6.09,19.15,2021-11-16 02:00:00
2021-11-17,5,2021,0.0,7.5,5.91,0.0,14.12,0.0,1052269.0,7.53,0.0,2021-11-17 02:00:00
2021-11-18,5,2021,2.5,7.2,6.0,0.0,16.28,0.0,1063855.0,3.32,73.29,2021-11-18 02:00:00
2021-11-19,5,2021,0.0,7.5,5.51,0.0,12.08,0.0,1100047.0,7.46,0.0,2021-11-19 02:00:00
2021-11-20,5,2021,3.7,7.5,6.63,0.9,15.79,0.0,1092302.0,3.82,49.13,2021-11-20 02:00:00
2021-11-21,5,2021,0.3,7.5,4.92,0.0,10.73,0.0,1096206.0,7.2,3.91,2021-11-21 02:00:00
2021-11-22,5,2021,0.0,7.9,6.17,0.0,9.91,0.0,1091200.0,7.93,0.0,2021-11-22 02:00:00
2021-11-23,5,2021,0.0,7.6,5.77,0.0,10.99,0.0,1111442.0,7.57,0.0,2021-11-23 02:00:00
2021-11-24,5,2021,13.3,7.2,5.69,2.5,42.36,0.0,1077672.0,-6.08,184.51,2021-11-24 02:00:00
2021-11-25,5,2021,0.0,7.8,6.33,0.2,13.33,0.0,1092640.0,7.83,0.0,2021-11-25 02:00:00
2021-11-26,5,2021,0.1,7.4,6.03,0.9,10.58,0.0,1063368.0,7.27,1.88,2021-11-26 02:00:00
2021-11-27,5,2021,0.0,7.8,6.13,0.0,12.26,0.0,1091768.0,7.75,0.0,2021-11-27 02:00:00
2021-11-28,5,2021,1.5,7.5,5.84,0.7,19.3,0.0,1070375.0,5.95,20.58,2021-11-28 02:00:00
2021-11-29,5,2021,0.0,7.7,5.02,0.0,11.56,0.0,1172209.0,2.92,124.49,2021-11-29 02:00:00
2021-11-30,5,2021,4.9,7.7,6.19,0.4,24.49,0.0,1140332.0,2.81,63.65,2021-11-30 02:00:00
2021-12-01,5,2021,0.0,8.5,5.81,0.0,11.37,0.0,1181452.0,5.15,78.53,2021-12-01 02:00:00
2021-12-02,5,2021,0.0,7.8,6.13,1.2,8.56,0.0,1155283.0,7.75,0.0,2021-12-02 02:00:00
2021-12-03,5,2021,0.2,7.8,5.47,0.0,8.68,0.0,1150782.0,7.6,2.53,2021-12-03 02:00:00
2021-12-04,5,2021,0.0,7.6,5.52,0.2,6.29,0.0,1145393.0,7.63,0.0,2021-12-04 02:00:00
2021-12-05,5,2021,0.0,8.2,6.25,0.0,8.37,0.0,1161326.0,8.21,0.0,2021-12-05 02:00:00
2021-12-06,5,2021,2.4,7.5,6.09,1.2,15.77,0.0,1184097.0,5.18,31.26,2021-12-06 02:00:00
2021-12-07,5,2021,2.5,7.3,6.27,1.1,13.32,0.0,1204952.0,3.52,70.05,2021-12-07 02:00:00
2021-12-08,5,2021,1.1,7.6,6.2,0.5,16.14,0.0,1179109.0,6.56,14.21,2021-12-08 02:00:00
2021-12-09,5,2021,4.9,7.5,5.8,0.0,26.04,0.0,1200942.0,2.59,65.48,2021-12-09 02:00:00
2021-12-10,5,2021,0.0,7.8,5.67,0.4,11.3,0.0,1186483.0,7.79,0.0,2021-12-10 02:00:00
2021-12-11,5,2021,0.0,7.5,7.17,0.0,10.33,0.0,1164856.0,7.48,0.0,2021-12-11 02:00:00
2021-12-12,5,2021,0.6,7.8,6.09,0.0,10.74,0.0,1195108.0,7.17,8.18,2021-12-12 02:00:00
2021-12-13,5,2021,0.1,7.5,5.58,0.0,12.73,0.0,1189307.0,7.46,1.09,2021-12-13 02:00:00
2021-12-14,5,2021,0.4,7.5,6.19,0.0,9.72,0.0,1224848.0,7.09,5.03,2021-12-14 02:00:00
2021-12-15,5,2021,0.5,7.4,7.4,0.9,7.5,0.0,1244723.0,6.89,6.79,2021-12-15 02:00:00
2021-12-16,5,2021,5.0,7.8,6.76,1.8,24.63,0.0,1150523.0,1.74,91.11,2021-12-16 02:00:00
2021-12-17,5,2021,0.0,7.5,6.22,0.0,9.5,0.0,1208371.0,7.55,0.0,2021-12-17 02:00:00
2021-12-18,5,2021,0.0,7.3,6.7,0.8,10.84,0.0,1197061.0,7.29,0.0,2021-12-18 02:00:00
2021-12-19,5,2021,0.1,7.9,6.97,0.4,13.91,0.0,1171213.0,7.79,1.24,2021-12-19 02:00:00
2021-12-20,5,2021,0.0,7.8,6.4,0.0,7.14,0.0,1211197.0,7.8,0.0,2021-12-20 02:00:00
2021-12-21,5,2021,2.0,7.7,6.43,0.2,12.32,0.0,1180380.0,5.63,26.48,2021-12-21 02:00:00
2021-12-22,5,2021,0.0,7.4,6.16,0.0,10.54,0.0,1201805.0,7.43,0.0,2021-12-22 02:00:00
2021-12-23,5,2021,1.5,7.6,6.16,0.4,17.57,0.0,1215824.0,6.14,19.48,2021-12-23 02:00:00
2021-12-24,5,2021,0.0,8.0,6.11,0.5,7.37,0.0,1175478.0,7.96,0.0,2021-12-24 02:00:00
2021-12-25,5,2021,0.0,7.9,5.62,1.5,12.05,0.0,1216989.0,7.86,0.0,2021-12-25 02:00:00
2021-12-26,5,2021,0.0,8.0,6.35,0.1,13.31,0.0,1196158.0,7.96,0.0,2021-12-26 02:00:00
2021-12-27,5,2021,0.0,7.4,5.61,0.7,9.84,0.0,1213064.0,7.36,0.0,2021-12-27 02:00:00
2021-12-28,5,2021,1.2,7.6,6.03,0.3,8.47,0.0,1201245.0,6.38,15.92,2021-12-28 02:00:00
2021-12-29,5,2021,0.9,8.1,6.41,0.0,11.87,0.0,1249964.0,2.54,125.79,2021-12-29 02:00:00
2021-12-30,5,2021,0.1,8.2,6.86,0.4,13.24,0.0,1254355.0,8.13,0.86,2021-12-30 02:00:00
2021-12-31,5,2021,1.1,7.5,5.14,0.9,10.54,0.0,1279987.0,3.62,88.65,2021-12-31 02:00:00
2022-01-01,5,2022,0.3,6.4,5.18,0.0,17.21,4975226.0,112226.0,6.15,4.52,2022-01-01 02:00:00
2022-01-02,5,2022,0.3,6.4,4.71,0.0,13.09,4876689.0,117689.0,6.1,4.03,2022-01-02 02:00:00
2022-01-03,5,2022,0.0,6.7,5.19,0.0,11.19,4881514.0,103131.0,6.71,0.0,2022-01-03 02:00:00
2022-01-04,5,2022,2.4,6.2,5.33,0.0,16.32,4815191.0,124968.0,3.75,39.29,2022-01-04 02:00:00
2022-01-05,5,2022,0.3,6.6,4.86,1.6,13.31,4765544.0,95500.0,6.34,4.53,2022-01-05 02:00:00
2022-01-06,5,2022,1.2,6.9,5.51,0.9,14.52,4602605.0,116626.0,5.71,17.0,2022-01-06 02:00:00
2022-01-07,5,2022,0.4,5.9,4.71,0.0,6.64,4667022.0,101372.0,5.45,7.16,2022-01-07 02:00:00
2022-01-08,5,2022,1.2,6.0,5.06,0.0,16.2,4721262.0,104121.0,4.76,20.31,2022-01-08 02:00:00
2022-01-09,5,2022,0.5,6.4,4.37,0.9,14.86,4493124.0,101118.0,3.18,91.75,2022-01-09 02:00:00
2022-01-10,5,2022,0.5,6.3,5.3,0.0,9.3,4404647.0,121244.0,5.74,8.37,2022-01-10 02:00:00
2022-01-11,5,2022,0.9,5.9,4.47,0.0,9.3,4333700.0,88482.0,4.93,15.82,2022-01-11 02:00:00
2022-01-12,5,2022,0.6,5.9,5.63,0.0,4.82,4353161.0,154680.0,2.19,115.97,2022-01-12 02:00:00
2022-01-13,5,2022,3.2,5.6,5.2,0.8,20.38,4316544.0,149657.0,2.46,56.26,2022-01-13 02:00:00
2022-01-14,5,2022,1.7,6.3,4.72,0.4,13.33,4267068.0,178123.0,4.58,27.54,2022-01-14 02:00:00
2022-01-15,5,2022,1.1,6.2,4.47,0.0,10.39,4166322.0,151950.0,5.17,17.08,2022-01-15 02:00:00
2022-01-16,5,2022,4.9,6.2,5.05,0.2,20.54,4254672.0,141666.0,1.34,78.57,2022-01-16 02:00:00
2022-01-17,5,2022,0.4,6.5,4.8,0.4,15.31,4240350.0,181193.0,6.1,5.62,2022-01-17 02:00:00
2022-01-18,5,2022,0.1,6.1,5.77,0.0,13.22,4025975.0,122035.0,6.04,1.69,2022-01-18 02:00:00
2022-01-19,5,2022,2.5,6.4,5.1,1.8,13.84,3981020.0,142136.0,3.9,38.74,2022-01-19 02:00:00
2022-01-20,5,2022,0.4,6.4,4.94,0.0,9.45,3934802.0,203659.0,1.47,148.0,2022-01-20 02:00:00
2022-01-21,5,2022,2.5,6.0,5.34,0.1,19.82,3965044.0,209893.0,3.47,42.29,2022-01-21 02:00:00
2022-01-22,5,2022,1.5,6.4,5.53,0.7,9.22,3837753.0,225170.0,4.92,22.98,2022-01-22 02:00:00
2022-01-23,5,2022,1.3,7.0,5.32,1.0,12.5,3793227.0,200995.0,5.67,18.88,2022-01-23 02:00:00
2022-01-24,5,2022,0.6,5.9,5.3,0.8,15.34,3776826.0,217792.0,5.34,9.75,2022-01-24 02:00:00
2022-01-25,5,2022,4.9,5.8,5.34,2.6,25.05,3760518.0,242144.0,0.94,83.89,2022-01-25 02:00:00
2022-01-26,5,2022,5.1,6.6,5.0,0.0,19.81,3788691.0,229866.0,0.21,115.42,2022-01-26 02:00:00
2022-01-27,5,2022,4.0,6.5,5.1,0.7,21.0,3834657.0,217821.0,2.57,60.77,2022-01-27 02:00:00
2022-01-28,5,2022,3.4,6.1,5.46,1.4,14.81,3683991.0,252209.0,2.66,56.36,2022-01-28 02:00:00
2022-01-29,5,2022,1.8,6.5,5.46,0.0,11.49,3669353.0,227574.0,4.68,28.31,2022-01-29 02:00:00
2022-01-30,5,2022,0.8,6.6,4.93,0.5,17.57,3570426.0,225930.0,5.8,12.06,2022-01-30 02:00:00
2022-01-31,5,2022,0.5,6.1,5.51,0.0,7.58,3495985.0,222541.0,5.59,8.88,2022-01-31 02:00:00
2022-02-01,5,2022,0.3,6.7,4.99,0.4,11.35,3535387.0,197516.0,6.38,4.51,2022-02-01 02:00:00
2022-02-02,5,2022,0.9,5.7,6.14,0.4,8.76,3496207.0,214575.0,4.8,15.8,2022-02-02 02:00:00
2022-02-03,5,2022,1.4,6.6,5.2,0.5,16.07,3343724.0,221989.0,5.26,20.78,2022-02-03 02:00:00
2022-02-04,5,2022,0.0,5.8,5.3,0.0,16.86,3312878.0,227400.0,5.8,0.0,2022-02-04 02:00:00
2022-02-05,5,2022,0.1,6.7,5.22,0.3,11.47,3311694.0,187033.0,6.63,1.04,2022-02-05 02:00:00
2022-02-06,5,2022,1.0,6.1,4.48,0.1,10.14,3203218.0,217724.0,5.12,16.22,2022-02-06 02:00:00
2022-02-07,5,2022,0.5,6.5,5.71,0.0,14.85,3127413.0,211156.0,6.02,7.06,2022-02-07 02:00:00
2022-02-08,5,2022,0.5,6.6,5.05,0.8,8.55,3066343.0,230747.0,6.14,7.58,2022-02-08 02:00:00
2022-02-09,5,2022,1.5,6.5,5.79,1.0,14.0,3048538.0,212747.0,4.98,23.55,2022-02-09 02:00:00
2022-02-10,5,2022,0.0,6.3,5.14,0.0,10.91,2941808.0,250156.0,6.29,0.0,2022-02-10 02:00:00
2022-02-11,5,2022,0.1,6.2,5.08,0.8,9.59,2934241.0,194511.0,6.11,0.85,2022-02-11 02:00:00
2022-02-12,5,2022,0.3,5.8,4.4,0.0,11.5,2864192.0,210534.0,5.53,5.3,2022-02-12 02:00:00
2022-02-13,5,2022,4.5,6.0,5.87,1.4,25.28,2866567.0,222558.0,1.46,75.56,2022-02-13 02:00:00
2022-02-14,5,2022,3.6,6.3,5.29,0.0,18.42,2791502.0,196261.0,2.68,57.58,2022-02-14 02:00:00
2022-02-15,5,2022,0.0,6.2,5.55,0.0,4.26,2820499.0,207572.0,6.21,0.11,2022-02-15 02:00:00
2022-02-16,5,2022,0.1,6.5,5.11,0.3,5.88,2692140.0,251218.0,6.34,1.79,2022-02-16 02:00:00
2022-02-17,5,2022,2.3,6.4,5.06,0.5,12.95,2669186.0,200882.0,4.04,36.73,2022-02-17 02:00:00
2022-02-18,5,2022,0.7,6.2,5.07,0.0,10.77,2517900.0,221286.0,5.46,11.82,2022-02-18 02:00:00
2022-02-19,5,2022,0.5,6.1,5.16,0.0,16.18,2624898.0,190784.0,5.6,8.72,2022-02-19 02:00:00
2022-02-20,5,2022,1.9,6.4,5.48,0.0,12.32,2469768.0,206847.0,4.52,29.59,2022-02-20 02:00:00
2022-02-21,5,2022,0.5,6.3,5.72,1.0,4.22,2416096.0,228099.0,5.81,8.3,2022-02-21 02:00:00
2022-02-22,5,2022,1.0,6.2,5.38,0.0,15.75,2386424.0,198223.0,5.22,16.24,2022-02-22 02:00:00
2022-02-23,5,2022,1.1,6.9,5.8,0.0,12.72,2352886.0,231446.0,5.85,15.45,2022-02-23 02:00:00
2022-02-24,5,2022,1.8,6.6,4.82,0.0,11.87,2328300.0,166433.0,4.8,27.38,2022-02-24 02:00:00
2022-02-25,5,2022,1.9,7.8,4.69,0.0,11.76,2240216.0,212522.0,5.82,25.07,2022-02-25 02:00:00
2022-02-26,5,2022,5.1,6.3,5.32,1.7,21.79,2120313.0,229465.0,1.15,81.63,2022-02-26 02:00:00
2022-02-27,5,2022,0.2,6.2,4.73,0.1,10.78,2065345.0,198821.0,6.02,2.66,2022-02-27 02:00:00
2022-02-28,5,2022,0.6,6.3,5.15,0.0,11.88,2077490.0,218731.0,5.71,9.59,2022-02-28 02:00:00
2022-03-01,5,2022,0.6,6.6,5.2,0.0,9.17,1958796.0,224385.0,3.78,75.61,2022-03-01 02:00:00
2022-03-02,5,2022,5.7,6.5,4.35,1.3,22.77,2022911.0,275622.0,-3.04,205.55,2022-03-02 02:00:00
2022-03-03,5,2022,2.8,6.1,5.32,0.8,17.16,2005037.0,307790.0,3.28,46.37,2022-03-03 02:00:00
2022-03-04,5,2022,0.0,7.0,5.31,0.5,7.77,1944388.0,314804.0,6.98,0.14,2022-03-04 02:00:00
2022-03-05,5,2022,9.5,6.4,5.87,1.5,31.68,1963620.0,279318.0,-3.01,146.79,2022-03-05 02:00:00
2022-03-06,5,2022,0.0,5.9,5.47,0.1,9.55,1845710.0,291684.0,5.88,0.0,2022-03-06 02:00:00
2022-03-07,5,2022,0.9,5.9,5.39,0.0,8.86,1868644.0,277115.0,5.03,15.14,2022-03-07 02:00:00
2022-03-08,5,2022,0.0,6.4,5.04,0.4,12.24,1807550.0,257332.0,6.42,0.0,2022-03-08 02:00:00
2022-03-09,5,2022,7.3,6.6,5.06,0.3,23.74,1785631.0,255671.0,-0.65,109.87,2022-03-09 02:00:00
2022-03-10,5,2022,2.7,6.7,4.97,0.3,13.42,1675281.0,270788.0,3.98,40.45,2022-03-10 02:00:00
2022-03-11,5,2022,0.3,6.3,5.38,0.0,11.85,1651804.0,285945.0,5.96,5.15,2022-03-11 02:00:00
2022-03-12,5,2022,0.4,6.4,5.52,0.0,10.68,1597505.0,306388.0,6.07,5.52,2022-03-12 02:00:00
2022-03-13,5,2022,1.0,6.7,4.83,0.5,12.45,1550786.0,274158.0,5.76,14.62,2022-03-13 02:00:00
2022-03-14,5,2022,0.8,6.5,5.21,0.2,8.73,1526117.0,289076.0,5.68,12.24,2022-03-14 02:00:00
2022-03-15,5,2022,0.0,6.4,5.68,0.4,11.98,1429194.0,261331.0,6.4,0.32,2022-03-15 02:00:00
2022-03-16,5,2022,1.3,6.3,5.19,0.0,13.2,1369117.0,276488.0,4.98,20.51,2022-03-16 02:00:00
2022-03-17,5,2022,9.3,5.9,5.3,0.7,33.37,1376250.0,256439.0,-3.44,158.39,2022-03-17 02:00:00
2022-03-18,5,2022,0.0,6.3,5.71,0.7,11.25,1403043.0,301819.0,6.31,0.0,2022-03-18 02:00:00
2022-03-19,5,2022,0.1,6.1,5.29,1.2,6.19,1292689.0,288576.0,6.0,1.88,2022-03-19 02:00:00
2022-03-20,5,2022,3.7,6.1,5.19,0.7,19.12,1389632.0,274538.0,2.43,60.0,2022-03-20 02:00:00
2022-03-21,5,2022,1.7,6.3,4.32,0.0,21.13,1313841.0,233173.0,4.54,27.55,2022-03-21 02:00:00
2022-03-22,5,2022,0.7,6.0,5.07,0.1,8.97,1203258.0,292415.0,5.37,11.06,2022-03-22 02:00:00
2022-03-23,5,2022,0.2,6.3,4.75,0.5,10.51,1103446.0,307145.0,6.11,2.71,2022-03-23 02:00:00
2022-03-24,5,2022,4.9,6.4,4.1,1.9,21.45,1151044.0,259127.0,1.4,77.91,2022-03-24 02:00:00
2022-03-25,5,2022,0.0,6.9,6.09,0.1,8.59,1014146.0,257113.0,6.87,0.0,2022-03-25 02:00:00
2022-03-26,5,2022,0.1,6.3,5.63,0.8,3.37,1048066.0,309035.0,6.21,1.37,2022-03-26 02:00:00
2022-03-27,5,2022,0.7,6.6,5.12,0.0,8.71,936168.0,255169.0,5.93,10.32,2022-03-27 02:00:00
2022-03-28,5,2022,3.2,6.6,4.84,1.0,20.04,916949.0,295069.0,3.4,48.86,2022-03-28 02:00:00
2022-03-29,5,2022,1.2,6.0,4.96,0.1,11.47,901512.0,366870.0,-0.08,181.78,2022-03-29 02:00:00
2022-03-30,5,2022,2.7,6.8,5.9,1.7,20.41,806861.0,310377.0,4.06,40.12,2022-03-30 02:00:00
2022-03-31,5,2022,1.5,6.6,5.6,1.1,11.75,748841.0,325086.0,5.07,22.73,2022-03-31 02:00:00
2022-04-01,5,2022,0.0,7.0,5.42,0.0,8.94,616392.0,284972.0,6.95,0.09,2022-04-01 02:00:00
2022-04-02,5,2022,0.6,6.7,5.25,0.5,8.97,604694.0,335163.0,6.11,9.06,2022-04-02 02:00:00
2022-04-03,5,2022,1.7,6.8,5.0,0.0,7.33,481237.0,311514.0,5.12,24.71,2022-04-03 02:00:00
2022-04-04,5,2022,0.0,6.5,5.06,0.7,10.96,481728.0,396095.0,2.21,131.57,2022-04-04 02:00:00
2022-04-05,5,2022,1.0,6.6,4.44,0.0,11.79,488392.0,351806.0,5.55,15.42,2022-04-05 02:00:00
2022-04-06,5,2022,0.7,6.8,6.1,0.5,12.97,374871.0,362856.0,6.13,9.61,2022-04-06 02:00:00
2022-04-07,5,2022,0.3,6.7,5.49,1.2,9.17,306193.0,380760.0,2.68,115.71,2022-04-07 02:00:00
2022-04-08,5,2022,0.5,6.7,5.34,1.2,12.03,300982.0,419787.0,6.27,7.05,2022-04-08 02:00:00
2022-04-09,5,2022,0.0,6.7,5.6,0.0,10.84,91454.0,391510.0,6.74,0.0,2022-04-09 02:00:00
2022-04-10,5,2022,3.8,6.5,4.97,0.7,20.81,150745.0,424491.0,2.61,59.6,2022-04-10 02:00:00
2022-04-11,5,2022,1.1,6.6,4.63,2.0,16.14,76423.0,400786.0,5.52,16.41,2022-04-11 02:00:00
2022-04-12,5,2022,1.9,6.2,5.57,0.6,14.72,0.0,416797.0,1.95,105.59,2022-04-12 02:00:00
2022-04-13,5,2022,3.2,6.6,5.02,1.2,14.83,72288.0,431643.0,3.37,48.51,2022-04-13 02:00:00
2022-04-14,5,2022,2.3,7.0,5.72,0.4,12.06,6541.0,429388.0,4.65,33.21,2022-04-14 02:00:00
2022-04-15,5,2022,2.0,6.6,6.13,0.0,14.63,0.0,473041.0,2.99,79.67,2022-04-15 02:00:00
2022-04-16,5,2022,0.0,6.4,5.22,0.1,8.51,0.0,467065.0,6.44,0.0,2022-04-16 02:00:00
2022-04-17,5,2022,1.1,6.1,5.49,0.0,13.36,0.0,459028.0,5.01,18.14,2022-04-17 02:00:00
2022-04-18,5,2022,0.3,6.5,5.36,1.0,11.14,0.0,426246.0,6.24,4.32,2022-04-18 02:00:00
2022-04-19,5,2022,1.5,6.6,5.65,0.0,12.56,0.0,440245.0,5.06,22.94,2022-04-19 02:00:00
2022-04-20,5,2022,1.7,6.2,5.51,0.1,17.48,0.0,442716.0,4.5,27.02,2022-04-20 02:00:00
2022-04-21,5,2022,0.0,6.4,5.48,0.0,13.96,0.0,449436.0,6.38,0.0,2022-04-21 02:00:00
2022-04-22,5,2022,1.5,6.4,5.2,1.3,17.02,0.0,424862.0,2.79,88.56,2022-04-22 02:00:00
2022-04-23,5,2022,0.4,6.5,5.16,0.0,11.78,0.0,497788.0,6.13,6.02,2022-04-23 02:00:00
2022-04-24,5,2022,7.0,6.6,5.52,1.3,26.96,0.0,449608.0,-0.42,106.44,2022-04-24 02:00:00
2022-04-25,5,2022,3.1,6.7,6.01,0.0,16.63,0.0,464619.0,3.62,46.28,2022-04-25 02:00:00
2022-04-26,5,2022,1.6,6.8,5.25,0.2,12.32,0.0,429008.0,5.21,23.12,2022-04-26 02:00:00
2022-04-27,5,2022,0.4,6.8,4.74,0.6,15.9,0.0,484163.0,6.49,5.18,2022-04-27 02:00:00
2022-04-28,5,2022,0.6,7.0,5.8,1.0,9.39,0.0,493764.0,6.42,8.15,2022-04-28 02:00:00
2022-04-29,5,2022,5.5,7.1,5.23,1.1,25.0,0.0,528414.0,1.61,77.36,2022-04-29 02:00:00
2022-04-30,5,2022,2.5,6.3,4.88,0.3,13.92,0.0,457646.0,3.79,39.85,2022-04-30 02:00:00
2022-05-01,5,2022,3.3,6.6,5.59,0.0,17.16,0.0,443354.0,3.28,50.37,2022-05-01 02:00:00
2022-05-02,5,2022,0.0,6.6,4.87,0.7,13.95,0.0,476234.0,6.56,0.0,2022-05-02 02:00:00
2022-05-03,5,2022,0.2,6.5,4.73,1.4,5.12,0.0,466342.0,6.26,3.08,2022-05-03 02:00:00
2022-05-04,5,2022,4.1,6.1,5.24,1.8,20.19,0.0,496416.0,1.96,67.74,2022-05-04 02:00:00
2022-05-05,5,2022,0.3,6.5,4.74,0.6,8.15,0.0,478049.0,6.26,3.86,2022-05-05 02:00:00
2022-05-06,5,2022,2.9,7.0,5.0,0.2,18.78,0.0,456558.0,4.15,40.92,2022-05-06 02:00:00
2022-05-07,5,2022,0.0,6.4,5.24,0.0,10.54,0.0,469509.0,6.44,0.0,2022-05-07 02:00:00
2022-05-08,5,2022,2.6,6.7,4.86,0.0,14.85,0.0,485689.0,4.08,38.79,2022-05-08 02:00:00
2022-05-09,5,2022,0.3,6.7,5.78,0.8,8.72,0.0,478867.0,6.44,3.74,2022-05-09 02:00:00
2022-05-10,5,2022,1.2,7.0,4.68,0.8,8.12,0.0,463196.0,5.83,16.73,2022-05-10 02:00:00
2022-05-11,5,2022,0.0,6.8,5.21,0.0,3.69,0.0,454237.0,6.85,0.0,2022-05-11 02:00:00
2022-05-12,5,2022,5.9,6.9,5.99,0.9,19.4,0.0,525761.0,-3.49,214.97,2022-05-12 02:00:00
2022-05-13,5,2022,0.0,6.8,4.46,0.0,13.19,0.0,517639.0,6.81,0.0,2022-05-13 02:00:00
2022-05-14,5,2022,0.3,6.5,5.64,0.0,7.74,0.0,483395.0,5.05,39.58,2022-05-14 02:00:00
2022-05-15,5,2022,0.0,5.8,4.91,0.0,10.93,0.0,534534.0,5.78,0.03,2022-05-15 02:00:00
2022-05-16,5,2022,2.1,6.9,5.65,1.2,16.29,0.0,530695.0,4.87,29.64,2022-05-16 02:00:00
2022-05-17,5,2022,0.0,6.6,5.25,0.0,11.76,0.0,524510.0,6.59,0.52,2022-05-17 02:00:00
2022-05-18,5,2022,0.6,6.6,4.76,0.0,16.12,0.0,521913.0,6.0,9.57,2022-05-18 02:00:00
2022-05-19,5,2022,1.4,6.4,5.82,0.0,11.14,0.0,505295.0,4.98,22.34,2022-05-19 02:00:00
2022-05-20,5,2022,0.0,6.6,5.46,0.5,11.13,0.0,545291.0,6.59,0.0,2022-05-20 02:00:00
2022-05-21,5,2022,0.9,6.7,4.93,0.0,19.05,0.0,535081.0,5.81,13.53,2022-05-21 02:00:00
2022-05-22,5,2022,0.1,6.5,4.82,0.3,12.69,0.0,531316.0,6.32,2.07,2022-05-22 02:00:00
2022-05-23,5,2022,1.8,6.0,5.53,0.9,19.14,0.0,572660.0,2.99,71.12,2022-05-23 02:00:00
2022-05-24,5,2022,0.0,7.0,5.53,0.0,8.82,0.0,509395.0,7.01,0.0,2022-05-24 02:00:00
2022-05-25,5,2022,6.8,7.2,4.72,1.0,25.32,0.0,546515.0,0.42,94.21,2022-05-25 02:00:00
2022-05-26,5,2022,1.8,6.6,4.99,0.0,17.7,0.0,539795.0,4.85,26.72,2022-05-26 02:00:00
2022-05-27,5,2022,1.1,6.9,5.72,0.1,14.54,0.0,535634.0,5.84,15.72,2022-05-27 02:00:00
2022-05-28,5,2022,0.0,6.6,5.9,1.3,6.53,0.0,531104.0,6.56,0.0,2022-05-28 02:00:00
2022-05-29,5,2022,0.0,7.1,5.68,0.0,7.21,0.0,541631.0,7.1,0.0,2022-05-29 02:00:00
2022-05-30,5,2022,2.2,6.7,5.24,1.3,11.16,0.0,503963.0,4.49,32.7,2022-05-30 02:00:00
2022-05-31,5,2022,2.6,7.4,5.72,0.0,13.71,0.0,526378.0,4.89,34.3,2022-05-31 02:00:00
2022-06-01,5,2022,0.0,6.5,5.17,0.0,3.68,0.0,550677.0,6.54,0.0,2022-06-01 02:00:00
2022-06-02,5,2022,1.7,7.0,5.62,0.9,13.8,0.0,537648.0,5.24,24.89,2022-06-02 02:00:00
2022-06-03,5,2022,1.6,6.9,5.63,0.0,15.47,0.0,497668.0,5.3,22.82,2022-06-03 02:00:00
2022-06-04,5,2022,4.5,6.7,5.22,2.0,15.6,0.0,541754.0,2.21,66.9,2022-06-04 02:00:00
2022-06-05,5,2022,3.5,7.3,5.05,1.1,15.41,0.0,528241.0,3.77,48.14,2022-06-05 02:00:00
2022-06-06,5,2022,2.2,6.7,5.5,0.4,16.39,0.0,540552.0,4.6,31.87,2022-06-06 02:00:00
2022-06-07,5,2022,1.7,7.4,4.95,0.0,17.66,0.0,516212.0,5.78,22.25,2022-06-07 02:00:00
2022-06-08,5,2022,3.3,6.8,5.66,0.0,21.24,0.0,515856.0,3.53,48.34,2022-06-08 02:00:00
2022-06-09,5,2022,1.4,6.5,5.69,2.1,13.08,0.0,538501.0,5.04,21.88,2022-06-09 02:00:00
2022-06-10,5,2022,0.0,7.0,5.48,0.0,15.49,0.0,536903.0,6.96,0.0,2022-06-10 02:00:00
2022-06-11,5,2022,0.6,6.7,5.57,0.0,11.63,0.0,561135.0,3.39,89.03,2022-06-11 02:00:00
2022-06-12,5,2022,4.9,6.7,5.81,2.1,19.28,0.0,615855.0,-1.45,170.06,2022-06-12 02:00:00
2022-06-13,5,2022,0.0,7.1,5.08,1.3,10.32,0.0,599971.0,7.1,0.0,2022-06-13 02:00:00
2022-06-14,5,2022,1.6,6.6,5.0,1.0,13.33,0.0,587236.0,4.97,24.64,2022-06-14 02:00:00
2022-06-15,5,2022,6.1,7.1,5.96,1.2,31.62,0.0,578470.0,0.98,86.17,2022-06-15 02:00:00
2022-06-16,5,2022,0.0,6.7,5.9,0.8,4.59,0.0,609176.0,6.73,0.0,2022-06-16 02:00:00
2022-06-17,5,2022,0.0,7.0,6.14,0.4,10.37,0.0,563893.0,6.98,0.0,2022-06-17 02:00:00
2022-06-18,5,2022,1.5,7.1,5.24,0.0,12.01,0.0,567424.0,5.62,20.98,2022-06-18 02:00:00
2022-06-19,5,2022,0.6,6.7,4.78,0.0,12.81,0.0,611847.0,6.12,9.26,2022-06-19 02:00:00
2022-06-20,5,2022,1.1,6.2,6.03,0.0,14.79,0.0,574017.0,5.13,17.13,2022-06-20 02:00:00
2022-06-21,5,2022,1.8,6.7,5.09,0.3,18.03,0.0,585959.0,4.85,27.17,2022-06-21 02:00:00
2022-06-22,5,2022,4.2,6.6,5.31,1.7,16.65,0.0,601657.0,2.4,63.36,2022-06-22 02:00:00
2022-06-23,5,2022,2.9,7.0,5.84,0.0,12.82,0.0,619841.0,4.14,40.88,2022-06-23 02:00:00
2022-06-24,5,2022,0.2,7.0,5.92,0.0,10.48,0.0,569204.0,6.83,2.16,2022-06-24 02:00:00
2022-06-25,5,2022,0.3,7.0,6.4,0.9,15.98,0.0,582730.0,6.61,4.98,2022-06-25 02:00:00
2022-06-26,5,2022,2.3,6.6,6.13,1.3,13.01,0.0,570156.0,4.31,35.12,2022-06-26 02:00:00
2022-06-27,5,2022,1.0,6.8,5.29,0.0,14.5,0.0,578836.0,5.83,14.46,2022-06-27 02:00:00
2022-06-28,5,2022,0.5,6.9,5.16,0.6,9.99,0.0,612799.0,6.41,6.86,2022-06-28 02:00:00
2022-06-29,5,2022,0.9,6.7,5.16,0.9,13.0,0.0,621637.0,5.74,13.91,2022-06-29 02:00:00
2022-06-30,5,2022,4.1,6.7,5.81,0.0,23.33,0.0,579066.0,2.58,61.6,2022-06-30 02:00:00
2022-07-01,5,2022,3.0,7.2,5.71,1.6,18.61,0.0,592288.0,4.17,42.18,2022-07-01 02:00:00
2022-07-02,5,2022,1.2,7.1,5.45,0.0,11.04,0.0,647738.0,1.91,128.68,2022-07-02 02:00:00
2022-07-03,5,2022,0.0,6.6,5.94,1.8,10.47,0.0,650243.0,6.57,0.0,2022-07-03 02:00:00
2022-07-04,5,2022,0.8,7.3,5.16,0.0,16.25,0.0,607002.0,6.45,11.55,2022-07-04 02:00:00
2022-07-05,5,2022,0.0,6.3,5.26,1.7,9.29,0.0,646438.0,6.35,0.0,2022-07-05 02:00:00
2022-07-06,5,2022,1.9,7.2,5.62,0.2,13.42,0.0,594360.0,5.26,26.88,2022-07-06 02:00:00
2022-07-07,5,2022,1.7,6.7,6.2,0.0,12.68,0.0,640847.0,4.99,25.27,2022-07-07 02:00:00
2022-07-08,5,2022,0.0,7.1,5.67,0.0,11.47,0.0,641555.0,7.09,0.0,2022-07-08 02:00:00
2022-07-09,5,2022,2.0,6.8,5.81,0.0,14.78,0.0,675898.0,-0.05,172.88,2022-07-09 02:00:00
2022-07-10,5,2022,1.5,6.9,5.23,0.9,14.97,0.0,691241.0,5.31,22.48,2022-07-10 02:00:00
2022-07-11,5,2022,1.4,7.5,6.05,1.2,12.82,0.0,705810.0,6.03,19.28,2022-07-11 02:00:00
2022-07-12,5,2022,0.2,6.4,5.94,0.0,8.35,0.0,736259.0,3.64,81.73,2022-07-12 02:00:00
2022-07-13,5,2022,0.8,6.9,5.9,0.9,11.26,0.0,760260.0,6.03,12.31,2022-07-13 02:00:00
2022-07-14,5,2022,0.2,6.7,5.06,0.0,14.1,0.0,723684.0,6.5,3.7,2022-07-14 02:00:00
2022-07-15,5,2022,0.3,6.8,5.58,0.0,11.3,0.0,729072.0,6.53,4.52,2022-07-15 02:00:00
2022-07-16,5,2022,0.0,7.2,5.68,0.0,7.73,0.0,703677.0,7.16,0.61,2022-07-16 02:00:00
2022-07-17,5,2022,1.2,6.7,5.92,0.8,10.63,0.0,696999.0,5.48,18.54,2022-07-17 02:00:00
2022-07-18,5,2022,5.3,7.0,5.67,0.7,22.76,0.0,702892.0,1.76,74.99,2022-07-18 02:00:00
2022-07-19,5,2022,0.8,6.9,5.08,0.0,7.7,0.0,719895.0,6.15,11.38,2022-07-19 02:00:00
2022-07-20,5,2022,0.0,6.5,5.69,0.0,5.41,0.0,776152.0,6.46,0.0,2022-07-20 02:00:00
2022-07-21,5,2022,0.9,7.0,6.47,0.0,8.71,0.0,714623.0,6.1,12.55,2022-07-21 02:00:00
2022-07-22,5,2022,0.0,6.8,6.48,0.4,5.21,0.0,680965.0,6.76,0.0,2022-07-22 02:00:00
2022-07-23,5,2022,1.6,6.8,5.98,0.9,12.62,0.0,690727.0,5.2,23.73,2022-07-23 02:00:00
2022-07-24,5,2022,0.7,7.3,6.32,0.8,7.16,0.0,723792.0,6.65,9.05,2022-07-24 02:00:00
2022-07-25,5,2022,0.0,7.2,6.26,1.3,7.69,0.0,685559.0,7.16,0.0,2022-07-25 02:00:00
2022-07-26,5,2022,4.9,7.0,6.13,0.0,26.8,0.0,711394.0,2.11,70.08,2022-07-26 02:00:00
2022-07-27,5,2022,0.0,7.6,5.84,0.2,7.84,0.0,726080.0,7.64,0.0,2022-07-27 02:00:00
2022-07-28,5,2022,1.5,6.9,5.39,0.0,11.04,0.0,717726.0,5.41,21.79,2022-07-28 02:00:00
2022-07-29,5,2022,0.2,7.0,5.38,0.0,4.71,0.0,724741.0,6.82,3.1,2022-07-29 02:00:00
2022-07-30,5,2022,0.0,6.9,5.5,0.0,9.55,0.0,695041.0,6.94,0.0,2022-07-30 02:00:00
2022-07-31,5,2022,1.0,7.4,5.98,1.6,14.7,0.0,684797.0,6.36,13.9,2022-07-31 02:00:00
2022-08-01,5,2022,0.0,6.6,5.99,0.6,4.43,0.0,684066.0,6.64,0.0,2022-08-01 02:00:00
2022-08-02,5,2022,2.7,6.7,5.98,1.5,17.77,0.0,670893.0,4.02,39.93,2022-08-02 02:00:00
2022-08-03,5,2022,0.0,7.6,5.29,0.3,14.19,0.0,713059.0,7.63,0.0,2022-08-03 02:00:00
2022-08-04,5,2022,0.8,6.7,5.84,0.0,13.49,0.0,729914.0,5.96,11.3,2022-08-04 02:00:00
2022-08-05,5,2022,0.1,7.7,5.94,1.5,9.59,0.0,661147.0,7.62,1.53,2022-08-05 02:00:00
2022-08-06,5,2022,2.7,7.0,5.89,0.2,14.91,0.0,721853.0,4.27,38.8,2022-08-06 02:00:00
2022-08-07,5,2022,0.5,6.8,6.12,0.0,14.78,0.0,722522.0,6.36,6.82,2022-08-07 02:00:00
2022-08-08,5,2022,1.1,7.4,6.19,0.9,8.14,0.0,701872.0,6.37,14.42,2022-08-08 02:00:00
2022-08-09,5,2022,4.1,6.6,5.33,2.2,21.73,0.0,720111.0,2.44,62.94,2022-08-09 02:00:00
2022-08-10,5,2022,2.5,7.3,6.28,2.1,16.42,0.0,675247.0,4.8,34.06,2022-08-10 02:00:00
2022-08-11,5,2022,0.3,6.6,5.95,0.0,16.84,0.0,690173.0,6.26,4.87,2022-08-11 02:00:00
2022-08-12,5,2022,0.0,7.4,5.75,0.0,10.83,0.0,706875.0,7.43,0.0,2022-08-12 02:00:00
2022-08-13,5,2022,0.2,6.8,4.48,0.0,8.99,0.0,678997.0,6.57,3.21,2022-08-13 02:00:00
2022-08-14,5,2022,1.3,7.4,5.03,0.0,7.63,0.0,716928.0,6.11,17.87,2022-08-14 02:00:00
2022-08-15,5,2022,4.7,7.1,6.29,1.8,21.73,0.0,708829.0,2.45,65.71,2022-08-15 02:00:00
2022-08-16,5,2022,0.0,7.8,5.25,0.8,11.33,0.0,715868.0,7.75,0.35,2022-08-16 02:00:00
2022-08-17,5,2022,1.6,7.1,5.14,1.8,17.58,0.0,708222.0,5.51,22.0,2022-08-17 02:00:00
2022-08-18,5,2022,3.5,7.1,5.48,0.0,22.3,0.0,677616.0,3.68,48.51,2022-08-18 02:00:00
2022-08-19,5,2022,0.1,6.9,5.99,1.1,17.47,0.0,710196.0,6.85,0.77,2022-08-19 02:00:00
2022-08-20,5,2022,6.2,7.2,4.97,1.8,23.04,0.0,714194.0,1.05,85.49,2022-08-20 02:00:00
2022-08-21,5,2022,0.0,6.8,5.81,0.0,11.34,0.0,731588.0,6.75,0.0,2022-08-21 02:00:00
2022-08-22,5,2022,1.4,7.2,5.84,0.5,15.5,0.0,711541.0,5.87,18.89,2022-08-22 02:00:00
2022-08-23,5,2022,1.1,7.0,5.37,0.6,12.21,0.0,680757.0,5.89,16.32,2022-08-23 02:00:00
2022-08-24,5,2022,0.0,7.0,6.55,0.0,13.36,0.0,697873.0,7.04,0.0,2022-08-24 02:00:00
2022-08-25,5,2022,0.0,7.1,5.16,0.0,13.96,0.0,691847.0,7.06,0.0,2022-08-25 02:00:00
2022-08-26,5,2022,0.0,7.6,5.76,0.9,10.44,0.0,653528.0,7.65,0.0,2022-08-26 02:00:00
2022-08-27,5,2022,2.0,7.3,5.96,0.2,16.69,0.0,701331.0,5.3,27.03,2022-08-27 02:00:00
2022-08-28,5,2022,0.0,7.1,5.54,0.3,9.58,0.0,717080.0,7.14,0.0,2022-08-28 02:00:00
2022-08-29,5,2022,3.5,7.4,6.39,0.1,18.69,0.0,706945.0,3.9,47.05,2022-08-29 02:00:00
2022-08-30,5,2022,0.7,7.4,5.18,1.7,9.02,0.0,722287.0,6.72,9.23,2022-08-30 02:00:00
2022-08-31,5,2022,1.0,6.8,6.16,0.0,11.27,0.0,724717.0,5.85,14.14,2022-08-31 02:00:00
2022-09-01,5,2022,1.9,7.4,6.32,0.2,14.25,0.0,723859.0,5.48,26.03,2022-09-01 02:00:00
2022-09-02,5,2022,1.6,7.4,5.69,0.0,15.55,0.0,721400.0,5.79,21.83,2022-09-02 02:00:00
2022-09-03,5,2022,1.1,7.3,5.66,0.0,14.72,0.0,717112.0,6.26,14.62,2022-09-03 02:00:00
2022-09-04,5,2022,0.0,6.8,5.64,0.0,15.25,0.0,683185.0,6.77,0.0,2022-09-04 02:00:00
2022-09-05,5,2022,0.1,6.5,6.23,0.0,8.26,0.0,691268.0,6.45,1.37,2022-09-05 02:00:00
2022-09-06,5,2022,4.2,7.9,6.06,1.0,16.42,0.0,746536.0,3.68,53.18,2022-09-06 02:00:00
2022-09-07,5,2022,0.4,6.9,5.38,0.0,11.84,0.0,735991.0,2.58,118.85,2022-09-07 02:00:00
2022-09-08,5,2022,0.1,7.7,5.73,0.0,14.9,0.0,738047.0,7.55,1.94,2022-09-08 02:00:00
2022-09-09,5,2022,0.1,6.5,5.99,0.0,5.69,0.0,756793.0,6.35,1.91,2022-09-09 02:00:00
2022-09-10,5,2022,0.3,7.6,6.32,0.0,10.83,0.0,731581.0,7.3,4.28,2022-09-10 02:00:00
2022-09-11,5,2022,1.9,7.7,5.33,0.0,16.1,0.0,725222.0,5.78,24.7,2022-09-11 02:00:00
2022-09-12,5,2022,0.1,6.6,5.0,0.0,7.75,0.0,716933.0,6.5,1.0,2022-09-12 02:00:00
2022-09-13,5,2022,2.5,7.1,6.36,0.9,16.52,0.0,736395.0,4.69,34.37,2022-09-13 02:00:00
2022-09-14,5,2022,2.4,7.2,6.02,0.5,16.78,0.0,745477.0,3.66,66.06,2022-09-14 02:00:00
2022-09-15,5,2022,0.1,6.6,6.38,0.2,10.47,0.0,783679.0,6.45,1.9,2022-09-15 02:00:00
2022-09-16,5,2022,0.6,7.3,5.65,1.1,11.63,0.0,767557.0,6.73,7.74,2022-09-16 02:00:00
2022-09-17,5,2022,3.5,7.1,5.51,0.9,19.2,0.0,760632.0,3.59,49.56,2022-09-17 02:00:00
2022-09-18,5,2022,0.2,7.3,5.7,0.2,9.75,0.0,776539.0,7.18,2.18,2022-09-18 02:00:00
2022-09-19,5,2022,2.2,6.8,6.06,1.0,11.52,0.0,830930.0,0.37,157.18,2022-09-19 02:00:00
2022-09-20,5,2022,0.7,7.0,5.56,0.4,18.38,0.0,799450.0,6.33,9.46,2022-09-20 02:00:00
2022-09-21,5,2022,0.4,6.6,5.64,0.0,11.08,0.0,815837.0,6.23,5.42,2022-09-21 02:00:00
2022-09-22,5,2022,1.4,7.3,5.52,1.0,15.89,0.0,780715.0,5.84,19.88,2022-09-22 02:00:00
2022-09-23,5,2022,1.7,7.5,5.12,0.2,13.18,0.0,817142.0,5.77,22.78,2022-09-23 02:00:00
2022-09-24,5,2022,0.1,7.3,6.23,0.0,14.81,0.0,811161.0,7.22,1.4,2022-09-24 02:00:00
2022-09-25,5,2022,0.0,7.7,6.27,0.0,11.04,0.0,795256.0,7.7,0.0,2022-09-25 02:00:00
2022-09-26,5,2022,0.5,7.6,6.11,0.0,11.32,0.0,858668.0,5.66,45.6,2022-09-26 02:00:00
2022-09-27,5,2022,3.3,7.3,5.46,1.0,15.37,0.0,836645.0,3.96,45.81,2022-09-27 02:00:00
2022-09-28,5,2022,1.2,7.6,5.37,1.4,18.0,0.0,837132.0,6.4,15.37,2022-09-28 02:00:00
2022-09-29,5,2022,0.8,6.9,5.56,0.5,13.41,0.0,824836.0,6.1,12.17,2022-09-29 02:00:00
2022-09-30,5,2022,1.0,7.0,6.06,0.0,11.01,0.0,802269.0,5.98,14.28,2022-09-30 02:00:00
2022-10-01,5,2022,0.1,7.2,5.62,0.0,13.03,0.0,789276.0,7.11,0.8,2022-10-01 02:00:00
2022-10-02,5,2022,0.0,7.2,6.75,0.5,5.97,0.0,798026.0,7.24,0.0,2022-10-02 02:00:00
2022-10-03,5,2022,0.0,7.2,5.12,0.0,9.88,0.0,840553.0,7.25,0.0,2022-10-03 02:00:00
2022-10-04,5,2022,0.0,7.3,6.06,0.2,7.86,0.0,813843.0,7.3,0.0,2022-10-04 02:00:00
2022-10-05,5,2022,0.0,7.7,5.68,0.0,9.28,0.0,858541.0,7.74,0.0,2022-10-05 02:00:00
2022-10-06,5,2022,0.0,7.6,5.7,0.8,11.76,0.0,785429.0,7.58,0.0,2022-10-06 02:00:00
2022-10-07,5,2022,1.4,7.5,5.64,0.0,12.72,0.0,837345.0,6.1,19.07,2022-10-07 02:00:00
2022-10-08,5,2022,0.9,7.2,5.82,0.0,3.61,0.0,818166.0,6.29,13.06,2022-10-08 02:00:00
2022-10-09,5,2022,2.7,8.1,5.57,0.6,15.21,0.0,818294.0,5.46,32.8,2022-10-09 02:00:00
2022-10-10,5,2022,0.0,7.3,5.89,0.0,7.58,0.0,813688.0,7.31,0.0,2022-10-10 02:00:00
2022-10-11,5,2022,3.3,7.6,6.76,0.0,20.91,0.0,793707.0,4.35,42.91,2022-10-11 02:00:00
2022-10-12,5,2022,0.2,7.7,5.65,0.0,8.37,0.0,811723.0,7.58,1.96,2022-10-12 02:00:00
2022-10-13,5,2022,3.8,7.6,6.63,1.5,18.63,0.0,816218.0,3.79,50.26,2022-10-13 02:00:00
2022-10-14,5,2022,1.4,6.5,5.99,0.0,13.96,0.0,810223.0,5.07,22.1,2022-10-14 02:00:00
2022-10-15,5,2022,0.0,6.9,6.09,0.0,11.08,0.0,818173.0,6.89,0.0,2022-10-15 02:00:00
2022-10-16,5,2022,3.1,6.9,5.2,1.0,12.35,0.0,808384.0,3.82,44.9,2022-10-16 02:00:00
2022-10-17,5,2022,0.0,7.0,6.32,0.0,9.59,0.0,802748.0,6.99,0.0,2022-10-17 02:00:00
2022-10-18,5,2022,0.5,6.9,5.84,0.5,12.1,0.0,807849.0,6.43,6.57,2022-10-18 02:00:00
2022-10-19,5,2022,0.0,7.6,5.91,0.1,15.51,0.0,817280.0,7.55,0.0,2022-10-19 02:00:00
2022-10-20,5,2022,0.8,6.7,5.51,1.2,10.81,0.0,817933.0,5.83,12.46,2022-10-20 02:00:00
2022-10-21,5,2022,1.1,6.8,5.73,1.0,13.29,0.0,784486.0,5.73,16.03,2022-10-21 02:00:00
2022-10-22,5,2022,1.9,7.3,6.37,0.2,16.99,0.0,800849.0,5.4,26.15,2022-10-22 02:00:00
2022-10-23,5,2022,0.9,7.6,6.26,0.0,10.05,0.0,806944.0,6.73,11.6,2022-10-23 02:00:00
2022-10-24,5,2022,2.9,7.3,6.09,2.1,16.11,0.0,830071.0,2.96,78.1,2022-10-24 02:00:00
2022-10-25,5,2022,1.1,7.8,6.07,0.5,8.08,0.0,811499.0,6.67,14.2,2022-10-25 02:00:00
2022-10-26,5,2022,0.9,7.4,6.29,0.0,12.63,0.0,817625.0,6.44,12.65,2022-10-26 02:00:00
2022-10-27,5,2022,0.0,7.2,5.85,0.5,10.2,0.0,806526.0,7.15,0.39,2022-10-27 02:00:00
2022-10-28,5,2022,3.9,7.7,5.84,1.8,17.69,0.0,850615.0,3.82,50.74,2022-10-28 02:00:00
2022-10-29,5,2022,6.8,7.7,5.48,0.5,27.43,0.0,791965.0,0.87,88.6,2022-10-29 02:00:00
2022-10-30,5,2022,0.6,6.8,6.18,0.5,8.59,0.0,839061.0,6.16,9.4,2022-10-30 02:00:00
2022-10-31,5,2022,0.0,7.8,5.83,0.0,10.74,0.0,795406.0,7.77,0.0,2022-10-31 02:00:00
2022-11-01,5,2022,0.2,7.6,6.53,0.0,11.8,0.0,845262.0,7.38,3.13,2022-11-01 02:00:00
2022-11-02,5,2022,6.1,7.3,5.98,2.1,31.1,0.0,817361.0,1.23,83.19,2022-11-02 02:00:00
2022-11-03,5,2022,2.4,7.6,6.36,1.0,16.51,0.0,825660.0,4.09,60.75,2022-11-03 02:00:00
2022-11-04,5,2022,0.0,7.4,6.48,0.1,6.3,0.0,850225.0,7.42,0.0,2022-11-04 02:00:00
2022-11-05,5,2022,0.0,8.3,6.96,0.0,5.39,0.0,850266.0,8.31,0.0,2022-11-05 02:00:00
2022-11-06,5,2022,0.0,7.6,6.37,0.0,11.45,0.0,811498.0,7.63,0.0,2022-11-06 02:00:00
2022-11-07,5,2022,0.0,7.6,5.39,0.8,8.6,0.0,838743.0,7.55,0.0,2022-11-07 02:00:00
2022-11-08,5,2022,2.1,8.2,5.66,0.0,12.1,0.0,807105.0,6.09,25.92,2022-11-08 02:00:00
2022-11-09,5,2022,0.0,7.0,6.1,0.0,7.33,0.0,851340.0,7.01,0.0,2022-11-09 02:00:00
2022-11-10,5,2022,3.1,7.6,6.36,0.4,20.23,0.0,831142.0,4.54,40.26,2022-11-10 02:00:00
2022-11-11,5,2022,2.4,7.4,5.64,0.0,19.91,0.0,816449.0,4.95,33.0,2022-11-11 02:00:00
2022-11-12,5,2022,0.0,7.4,6.12,0.0,13.96,0.0,841180.0,7.39,0.0,2022-11-12 02:00:00
2022-11-13,5,2022,7.0,7.4,6.69,1.3,27.87,0.0,860128.0,0.46,93.85,2022-11-13 02:00:00
2022-11-14,5,2022,3.9,7.4,6.55,0.4,19.03,0.0,845995.0,3.48,52.78,2022-11-14 02:00:00
2022-11-15,5,2022,1.7,7.2,5.92,0.0,14.25,0.0,849909.0,5.47,23.8,2022-11-15 02:00:00
2022-11-16,5,2022,0.0,7.6,5.98,1.1,11.4,0.0,820286.0,7.65,0.0,2022-11-16 02:00:00
2022-11-17,5,2022,0.4,7.7,5.6,0.0,18.05,0.0,830209.0,7.33,4.89,2022-11-17 02:00:00
2022-11-18,5,2022,0.3,7.5,6.82,0.9,11.38,0.0,863508.0,7.16,4.39,2022-11-18 02:00:00
2022-11-19,5,2022,0.0,8.1,5.96,0.3,12.73,0.0,868576.0,3.75,107.17,2022-11-19 02:00:00
2022-11-20,5,2022,0.0,7.5,6.08,0.2,11.25,0.0,897413.0,7.53,0.0,2022-11-20 02:00:00
2022-11-21,5,2022,0.0,7.7,6.49,0.2,13.79,0.0,937524.0,2.74,128.41,2022-11-21 02:00:00
2022-11-22,5,2022,0.7,8.6,5.87,0.1,11.98,0.0,943852.0,7.9,7.79,2022-11-22 02:00:00
2022-11-23,5,2022,0.0,7.3,6.23,0.3,10.71,0.0,961900.0,7.28,0.0,2022-11-23 02:00:00
2022-11-24,5,2022,6.3,7.3,6.08,1.5,25.33,0.0,928586.0,0.96,86.8,2022-11-24 02:00:00
2022-11-25,5,2022,0.8,6.9,5.54,0.3,9.58,0.0,924663.0,6.08,11.68,2022-11-25 02:00:00
2022-11-26,5,2022,0.0,6.8,6.75,0.5,12.55,0.0,938990.0,6.84,0.0,2022-11-26 02:00:00
2022-11-27,5,2022,0.0,7.4,6.69,0.1,5.97,0.0,935766.0,7.4,0.0,2022-11-27 02:00:00
2022-11-28,5,2022,0.0,7.6,6.11,1.4,10.84,0.0,937306.0,7.63,0.0,2022-11-28 02:00:00
2022-11-29,5,2022,17.1,8.3,6.5,2.3,50.18,0.0,908049.0,-8.84,206.81,2022-11-29 02:00:00
2022-11-30,5,2022,0.0,7.3,5.92,0.0,11.95,0.0,905230.0,7.26,0.0,2022-11-30 02:00:00
2022-12-01,5,2022,3.1,7.3,5.96,0.6,18.87,0.0,940068.0,4.2,42.37,2022-12-01 02:00:00
2022-12-02,5,2022,0.4,6.8,5.75,0.0,9.57,0.0,921876.0,6.36,6.42,2022-12-02 02:00:00
2022-12-03,5,2022,0.0,7.7,5.9,0.0,7.36,0.0,919593.0,7.7,0.37,2022-12-03 02:00:00
2022-12-04,5,2022,0.0,8.1,5.82,0.0,12.71,0.0,921155.0,4.76,82.11,2022-12-04 02:00:00
2022-12-05,5,2022,0.0,7.9,5.84,0.8,8.49,0.0,1022815.0,4.04,97.66,2022-12-05 02:00:00
2022-12-06,5,2022,1.1,7.8,6.12,1.2,13.38,0.0,969270.0,6.71,14.29,2022-12-06 02:00:00
2022-12-07,5,2022,2.1,7.6,6.34,0.0,15.65,0.0,1008623.0,5.54,27.05,2022-12-07 02:00:00
2022-12-08,5,2022,4.1,7.3,5.73,0.4,21.02,0.0,1033694.0,-1.15,174.98,2022-12-08 02:00:00
2022-12-09,5,2022,3.2,7.4,5.59,0.5,14.93,0.0,1089059.0,-0.51,170.1,2022-12-09 02:00:00
2022-12-10,5,2022,0.6,7.5,5.81,0.0,6.18,0.0,1099205.0,6.83,8.6,2022-12-10 02:00:00
2022-12-11,5,2022,0.2,8.0,6.61,0.5,9.93,0.0,1081845.0,7.86,1.9,2022-12-11 02:00:00
2022-12-12,5,2022,0.0,7.8,5.57,0.0,11.13,0.0,1077489.0,7.8,0.0,2022-12-12 02:00:00
2022-12-13,5,2022,0.0,8.0,6.02,0.0,12.58,0.0,1101763.0,4.18,95.2,2022-12-13 02:00:00
2022-12-14,5,2022,0.0,7.1,5.9,0.0,8.55,0.0,1152517.0,7.09,0.0,2022-12-14 02:00:00
2022-12-15,5,2022,0.8,8.1,5.62,0.0,6.05,0.0,1140859.0,7.29,9.49,2022-12-15 02:00:00
2022-12-16,5,2022,0.0,7.7,6.77,0.5,8.01,0.0,1201266.0,3.57,106.79,2022-12-16 02:00:00
2022-12-17,5,2022,5.3,7.2,6.48,1.6,28.0,0.0,1166355.0,1.87,73.84,2022-12-17 02:00:00
2022-12-18,5,2022,1.2,7.8,6.45,0.0,15.46,0.0,1232447.0,3.66,90.49,2022-12-18 02:00:00
2022-12-19,5,2022,0.0,7.6,5.43,0.3,12.75,0.0,1215195.0,7.6,0.0,2022-12-19 02:00:00
2022-12-20,5,2022,5.2,8.0,6.05,1.1,27.32,0.0,1198718.0,2.79,65.2,2022-12-20 02:00:00
2022-12-21,5,2022,0.0,7.5,4.92,0.0,10.89,0.0,1141838.0,7.52,0.0,2022-12-21 02:00:00
2022-12-22,5,2022,0.0,8.0,6.28,2.5,13.16,0.0,1183000.0,7.98,0.0,2022-12-22 02:00:00
2022-12-23,5,2022,0.4,7.2,5.83,0.7,8.51,0.0,1209245.0,6.83,5.47,2022-12-23 02:00:00
2022-12-24,5,2022,2.2,7.2,6.58,0.8,11.6,0.0,1258874.0,0.48,155.77,2022-12-24 02:00:00
2022-12-25,5,2022,0.0,7.6,6.47,0.0,5.39,0.0,1274156.0,7.61,0.0,2022-12-25 02:00:00
2022-12-26,5,2022,3.2,7.8,7.09,0.0,13.82,0.0,1260950.0,4.66,40.37,2022-12-26 02:00:00
2022-12-27,5,2022,0.0,7.2,5.98,0.0,9.62,0.0,1215179.0,7.24,0.0,2022-12-27 02:00:00
2022-12-28,5,2022,0.3,7.2,5.67,0.4,10.7,0.0,1228841.0,6.89,4.61,2022-12-28 02:00:00
2022-12-29,5,2022,0.0,7.7,6.09,0.2,9.89,0.0,1255067.0,7.74,0.0,2022-12-29 02:00:00
2022-12-30,5,2022,4.6,8.1,6.38,1.7,23.29,0.0,1234619.0,3.49,57.08,2022-12-30 02:00:00
2022-12-31,5,2022,0.0,8.0,5.73,0.0,8.2,0.0,1268227.0,7.96,0.0,2022-12-31 02:00:00
