time,region_id,year_id,ndvi,ndwi,land_surface_temperature_c,satellite_soil_moisture_percent,satellite_source,vegetation_condition_index,evapotranspiration_sebal_mmday,updated_at
2020-01-02,1,2020,0.729,0.6,24.81,29.92,MODIS,77.54,6.49,2020-01-02 02:00:00
2020-01-03,1,2020,0.727,0.215,27.54,33.03,MODIS,76.8,5.8,2020-01-03 02:00:00
2020-01-04,1,2020,0.747,0.289,26.52,31.66,MODIS,84.79,5.35,2020-01-04 02:00:00
2020-01-05,1,2020,0.756,0.211,27.8,32.17,MODIS,88.7,4.78,2020-01-05 02:00:00
2020-01-06,1,2020,0.737,0.43,25.39,30.82,MODIS,80.85,6.1,2020-01-06 02:00:00
2020-01-07,1,2020,0.745,0.21,26.24,29.91,MODIS,84.22,5.67,2020-01-07 02:00:00
2020-01-08,1,2020,0.754,0.326,25.38,34.66,MODIS,87.77,6.17,2020-01-08 02:00:00
2020-01-09,1,2020,0.746,0.194,26.01,29.63,MODIS,84.7,5.49,2020-01-09 02:00:00
2020-01-10,1,2020,0.744,0.211,26.66,31.43,MODIS,83.74,6.22,2020-01-10 02:00:00
2020-01-11,1,2020,0.784,0.346,26.69,33.57,MODIS,100.0,5.23,2020-01-11 02:00:00
2020-01-12,1,2020,0.769,0.194,25.82,30.57,MODIS,93.62,5.49,2020-01-12 02:00:00
2020-01-13,1,2020,0.753,0.216,25.98,27.17,MODIS,87.34,5.46,2020-01-13 02:00:00
2020-01-14,1,2020,0.758,0.422,26.86,29.95,MODIS,89.31,5.78,2020-01-14 02:00:00
2020-01-15,1,2020,0.778,0.278,25.77,31.74,MODIS,97.4,5.7,2020-01-15 02:00:00
2020-01-16,1,2020,0.763,0.176,27.95,31.41,MODIS,91.56,5.33,2020-01-16 02:00:00
2020-01-17,1,2020,0.697,0.213,25.74,30.98,MODIS,64.6,5.98,2020-01-17 02:00:00
2020-01-18,1,2020,0.732,0.324,26.55,23.4,MODIS,78.77,5.92,2020-01-18 02:00:00
2020-01-19,1,2020,0.733,0.232,25.15,30.74,MODIS,79.14,6.27,2020-01-19 02:00:00
2020-01-20,1,2020,0.729,0.215,26.99,28.2,MODIS,77.56,5.39,2020-01-20 02:00:00
2020-01-21,1,2020,0.733,0.202,27.18,31.53,MODIS,79.36,5.55,2020-01-21 02:00:00
2020-01-22,1,2020,0.719,0.336,27.04,29.23,MODIS,73.46,6.09,2020-01-22 02:00:00
2020-01-23,1,2020,0.781,0.205,26.61,25.59,MODIS,98.58,4.88,2020-01-23 02:00:00
2020-01-24,1,2020,0.734,0.217,26.75,31.81,MODIS,79.85,5.54,2020-01-24 02:00:00
2020-01-25,1,2020,0.726,0.236,25.16,30.08,MODIS,76.47,4.98,2020-01-25 02:00:00
2020-01-26,1,2020,0.75,0.227,25.54,29.51,MODIS,86.04,5.91,2020-01-26 02:00:00
2020-01-27,1,2020,0.734,0.483,27.0,28.02,MODIS,79.65,6.08,2020-01-27 02:00:00
2020-01-28,1,2020,0.716,0.429,26.36,32.04,MODIS,72.42,5.5,2020-01-28 02:00:00
2020-01-29,1,2020,0.741,0.186,25.73,27.39,MODIS,82.68,6.07,2020-01-29 02:00:00
2020-01-30,1,2020,0.707,0.254,26.65,30.59,MODIS,68.96,5.5,2020-01-30 02:00:00
2020-01-31,1,2020,0.735,0.186,26.21,29.76,MODIS,80.15,4.82,2020-01-31 02:00:00
2020-02-01,1,2020,0.736,0.207,25.93,30.11,MODIS,80.56,5.11,2020-02-01 02:00:00
2020-02-02,1,2020,0.739,0.231,25.75,30.73,MODIS,81.59,4.95,2020-02-02 02:00:00
2020-02-03,1,2020,0.749,0.235,26.9,29.62,MODIS,85.89,5.45,2020-02-03 02:00:00
2020-02-04,1,2020,0.765,0.283,26.93,27.65,MODIS,92.38,5.43,2020-02-04 02:00:00
2020-02-05,1,2020,0.722,0.265,27.08,31.11,MODIS,74.79,5.15,2020-02-05 02:00:00
2020-02-06,1,2020,0.743,0.359,26.16,27.51,MODIS,83.28,6.05,2020-02-06 02:00:00
2020-02-07,1,2020,0.746,0.224,26.37,30.08,MODIS,84.6,6.03,2020-02-07 02:00:00
2020-02-08,1,2020,0.745,0.187,25.04,28.67,MODIS,83.98,6.07,2020-02-08 02:00:00
2020-02-09,1,2020,0.728,0.271,26.2,32.15,MODIS,77.11,6.04,2020-02-09 02:00:00
2020-02-10,1,2020,0.732,0.274,26.09,33.13,MODIS,78.98,5.83,2020-02-10 02:00:00
2020-02-11,1,2020,0.715,0.258,27.53,30.03,MODIS,72.2,5.37,2020-02-11 02:00:00
2020-02-12,1,2020,0.747,0.281,26.46,30.04,MODIS,84.77,6.37,2020-02-12 02:00:00
2020-02-13,1,2020,0.712,0.216,25.96,27.32,MODIS,71.03,5.73,2020-02-13 02:00:00
2020-02-14,1,2020,0.712,0.228,25.79,29.25,MODIS,70.71,5.3,2020-02-14 02:00:00
2020-02-15,1,2020,0.738,0.217,26.98,29.76,MODIS,81.43,5.71,2020-02-15 02:00:00
2020-02-16,1,2020,0.724,0.205,26.9,32.54,MODIS,75.72,6.68,2020-02-16 02:00:00
2020-02-17,1,2020,0.73,0.199,26.76,28.69,MODIS,78.1,5.35,2020-02-17 02:00:00
2020-02-18,1,2020,0.727,0.222,26.9,27.29,MODIS,76.88,6.29,2020-02-18 02:00:00
2020-02-19,1,2020,0.747,0.22,26.0,32.58,MODIS,85.09,6.08,2020-02-19 02:00:00
2020-02-20,1,2020,0.704,0.184,26.57,30.82,MODIS,67.68,5.68,2020-02-20 02:00:00
2020-02-21,1,2020,0.748,0.221,27.14,29.98,MODIS,85.36,5.78,2020-02-21 02:00:00
2020-02-22,1,2020,0.731,0.164,25.99,30.04,MODIS,78.55,5.15,2020-02-22 02:00:00
2020-02-23,1,2020,0.732,0.208,26.54,28.94,MODIS,79.08,6.02,2020-02-23 02:00:00
2020-02-24,1,2020,0.727,0.251,26.26,30.68,MODIS,76.99,5.69,2020-02-24 02:00:00
2020-02-25,1,2020,0.71,0.248,26.37,29.48,MODIS,70.06,5.54,2020-02-25 02:00:00
2020-02-26,1,2020,0.741,0.208,26.69,29.53,MODIS,82.71,6.19,2020-02-26 02:00:00
2020-02-27,1,2020,0.715,0.241,26.28,28.77,MODIS,72.05,5.58,2020-02-27 02:00:00
2020-02-28,1,2020,0.744,0.449,26.9,28.43,MODIS,83.78,6.18,2020-02-28 02:00:00
2020-02-29,1,2020,0.738,0.228,26.06,31.14,MODIS,81.21,5.97,2020-02-29 02:00:00
2020-03-01,1,2020,0.726,0.223,26.4,26.09,MODIS,76.35,6.05,2020-03-01 02:00:00
2020-03-02,1,2020,0.714,0.273,25.99,29.77,MODIS,71.71,5.47,2020-03-02 02:00:00
2020-03-03,1,2020,0.735,0.6,27.98,33.11,MODIS,80.09,5.13,2020-03-03 02:00:00
2020-03-04,1,2020,0.758,0.216,26.86,26.17,MODIS,89.55,6.02,2020-03-04 02:00:00
2020-03-05,1,2020,0.719,0.267,27.93,29.1,MODIS,73.76,5.02,2020-03-05 02:00:00
2020-03-06,1,2020,0.707,0.6,26.02,32.25,MODIS,68.62,6.02,2020-03-06 02:00:00
2020-03-07,1,2020,0.718,0.571,27.09,29.97,MODIS,73.34,5.45,2020-03-07 02:00:00
2020-03-08,1,2020,0.735,0.229,27.68,29.01,MODIS,80.11,5.69,2020-03-08 02:00:00
2020-03-09,1,2020,0.733,0.246,26.52,23.59,MODIS,79.29,5.9,2020-03-09 02:00:00
2020-03-10,1,2020,0.699,0.229,27.35,28.27,MODIS,65.51,5.38,2020-03-10 02:00:00
2020-03-11,1,2020,0.727,0.229,27.5,27.48,MODIS,76.83,6.39,2020-03-11 02:00:00
2020-03-12,1,2020,0.719,0.35,26.77,29.89,MODIS,73.68,5.89,2020-03-12 02:00:00
2020-03-13,1,2020,0.732,0.301,27.2,32.75,MODIS,78.71,5.8,2020-03-13 02:00:00
2020-03-14,1,2020,0.723,0.264,27.11,28.23,MODIS,75.28,7.04,2020-03-14 02:00:00
2020-03-15,1,2020,0.731,0.227,26.17,23.81,MODIS,78.48,6.14,2020-03-15 02:00:00
2020-03-16,1,2020,0.735,0.264,26.73,27.76,MODIS,80.16,5.16,2020-03-16 02:00:00
2020-03-17,1,2020,0.709,0.226,27.4,29.5,MODIS,69.45,5.63,2020-03-17 02:00:00
2020-03-18,1,2020,0.707,0.272,27.76,29.61,MODIS,68.86,5.85,2020-03-18 02:00:00
2020-03-19,1,2020,0.734,0.344,28.41,28.82,MODIS,79.62,6.26,2020-03-19 02:00:00
2020-03-20,1,2020,0.696,0.247,26.25,30.32,MODIS,64.4,6.17,2020-03-20 02:00:00
2020-03-21,1,2020,0.716,0.215,27.04,28.65,MODIS,72.63,5.88,2020-03-21 02:00:00
2020-03-22,1,2020,0.707,0.286,28.08,30.83,MODIS,68.89,5.97,2020-03-22 02:00:00
2020-03-23,1,2020,0.715,0.193,26.85,25.23,MODIS,72.13,6.36,2020-03-23 02:00:00
2020-03-24,1,2020,0.684,0.207,26.54,27.49,MODIS,59.36,5.81,2020-03-24 02:00:00
2020-03-25,1,2020,0.704,0.226,26.94,28.52,MODIS,67.65,5.21,2020-03-25 02:00:00
2020-03-26,1,2020,0.709,0.232,26.67,29.27,MODIS,69.52,6.16,2020-03-26 02:00:00
2020-03-27,1,2020,0.695,0.384,26.62,28.87,MODIS,63.85,4.93,2020-03-27 02:00:00
2020-03-28,1,2020,0.708,0.239,25.4,27.67,MODIS,69.14,5.41,2020-03-28 02:00:00
2020-03-29,1,2020,0.7,0.229,26.55,29.92,MODIS,65.93,6.33,2020-03-29 02:00:00
2020-03-30,1,2020,0.724,0.26,26.78,29.73,MODIS,75.58,5.29,2020-03-30 02:00:00
2020-03-31,1,2020,0.731,0.246,26.3,29.25,MODIS,78.65,5.42,2020-03-31 02:00:00
2020-04-01,1,2020,0.716,0.321,26.11,32.69,MODIS,72.58,5.86,2020-04-01 02:00:00
2020-04-02,1,2020,0.701,0.176,27.72,28.82,MODIS,66.45,6.19,2020-04-02 02:00:00
2020-04-03,1,2020,0.727,0.327,27.06,27.14,MODIS,76.84,5.59,2020-04-03 02:00:00
2020-04-04,1,2020,0.719,0.257,25.19,25.64,MODIS,73.56,5.38,2020-04-04 02:00:00
2020-04-05,1,2020,0.685,0.25,27.53,32.23,MODIS,60.07,5.49,2020-04-05 02:00:00
2020-04-06,1,2020,0.708,0.207,25.75,29.4,MODIS,69.32,6.81,2020-04-06 02:00:00
2020-04-07,1,2020,0.698,0.225,26.09,27.26,MODIS,65.1,6.4,2020-04-07 02:00:00
2020-04-08,1,2020,0.687,0.205,27.24,29.38,MODIS,60.63,6.27,2020-04-08 02:00:00
2020-04-09,1,2020,0.695,0.371,26.97,28.37,MODIS,63.83,5.58,2020-04-09 02:00:00
2020-04-10,1,2020,0.708,0.191,27.07,28.71,MODIS,69.25,6.11,2020-04-10 02:00:00
2020-04-11,1,2020,0.707,0.209,26.99,26.36,MODIS,68.64,6.44,2020-04-11 02:00:00
2020-04-12,1,2020,0.691,0.213,27.26,28.52,MODIS,62.46,6.11,2020-04-12 02:00:00
2020-04-13,1,2020,0.693,0.227,27.26,29.81,MODIS,63.31,5.62,2020-04-13 02:00:00
2020-04-14,1,2020,0.715,0.255,27.05,29.5,MODIS,72.23,4.62,2020-04-14 02:00:00
2020-04-15,1,2020,0.684,0.245,26.83,27.62,MODIS,59.74,5.9,2020-04-15 02:00:00
2020-04-16,1,2020,0.687,0.279,27.19,31.86,MODIS,60.58,6.57,2020-04-16 02:00:00
2020-04-17,1,2020,0.699,0.264,26.58,30.35,MODIS,65.77,5.76,2020-04-17 02:00:00
2020-04-18,1,2020,0.7,0.197,27.55,26.74,MODIS,66.13,6.26,2020-04-18 02:00:00
2020-04-19,1,2020,0.716,0.28,26.78,28.89,MODIS,72.55,5.88,2020-04-19 02:00:00
2020-04-20,1,2020,0.707,0.253,28.23,28.85,MODIS,68.95,5.56,2020-04-20 02:00:00
2020-04-21,1,2020,0.703,0.377,26.73,26.08,MODIS,67.04,6.51,2020-04-21 02:00:00
2020-04-22,1,2020,0.685,0.184,26.57,28.68,MODIS,59.84,5.84,2020-04-22 02:00:00
2020-04-23,1,2020,0.694,0.224,27.71,24.3,MODIS,63.68,6.39,2020-04-23 02:00:00
2020-04-24,1,2020,0.68,0.196,26.31,27.48,MODIS,58.08,6.18,2020-04-24 02:00:00
2020-04-25,1,2020,0.7,0.232,27.01,28.81,MODIS,65.89,5.75,2020-04-25 02:00:00
2020-04-26,1,2020,0.708,0.35,27.8,27.0,MODIS,69.18,6.21,2020-04-26 02:00:00
2020-04-27,1,2020,0.692,0.355,26.29,28.71,MODIS,62.85,6.58,2020-04-27 02:00:00
2020-04-28,1,2020,0.694,0.178,26.86,28.3,MODIS,63.69,6.39,2020-04-28 02:00:00
2020-04-29,1,2020,0.693,0.446,28.4,26.31,MODIS,62.98,5.45,2020-04-29 02:00:00
2020-04-30,1,2020,0.705,0.272,27.99,29.45,MODIS,68.18,5.71,2020-04-30 02:00:00
2020-05-01,1,2020,0.68,0.329,27.27,28.24,MODIS,57.79,5.47,2020-05-01 02:00:00
2020-05-02,1,2020,0.721,0.257,27.16,25.85,MODIS,74.6,5.76,2020-05-02 02:00:00
2020-05-03,1,2020,0.694,0.247,27.31,26.47,MODIS,63.6,6.34,2020-05-03 02:00:00
2020-05-04,1,2020,0.702,0.224,28.28,27.01,MODIS,66.93,5.13,2020-05-04 02:00:00
2020-05-05,1,2020,0.69,0.361,28.34,29.53,MODIS,61.98,6.27,2020-05-05 02:00:00
2020-05-06,1,2020,0.719,0.217,26.33,21.13,MODIS,73.59,5.53,2020-05-06 02:00:00
2020-05-07,1,2020,0.7,0.259,27.81,26.16,MODIS,66.09,5.27,2020-05-07 02:00:00
2020-05-08,1,2020,0.666,0.225,27.12,28.76,MODIS,52.15,6.19,2020-05-08 02:00:00
2020-05-09,1,2020,0.673,0.195,27.48,27.85,MODIS,55.09,7.14,2020-05-09 02:00:00
2020-05-10,1,2020,0.658,0.265,27.14,27.61,MODIS,48.9,5.72,2020-05-10 02:00:00
2020-05-11,1,2020,0.704,0.229,27.52,31.95,MODIS,67.7,4.99,2020-05-11 02:00:00
2020-05-12,1,2020,0.702,0.174,26.95,24.16,MODIS,66.65,5.75,2020-05-12 02:00:00
2020-05-13,1,2020,0.689,0.289,28.45,29.81,MODIS,61.53,6.24,2020-05-13 02:00:00
2020-05-14,1,2020,0.679,0.372,27.28,29.92,MODIS,57.35,6.15,2020-05-14 02:00:00
2020-05-15,1,2020,0.666,0.223,28.3,28.84,MODIS,52.14,6.12,2020-05-15 02:00:00
2020-05-16,1,2020,0.654,0.263,26.89,24.1,MODIS,47.4,7.24,2020-05-16 02:00:00
2020-05-17,1,2020,0.684,0.336,28.48,31.39,MODIS,59.63,6.29,2020-05-17 02:00:00
2020-05-18,1,2020,0.677,0.232,27.34,27.4,MODIS,56.89,6.19,2020-05-18 02:00:00
2020-05-19,1,2020,0.709,0.464,27.38,26.92,MODIS,69.62,5.84,2020-05-19 02:00:00
2020-05-20,1,2020,0.664,0.252,28.39,25.42,MODIS,51.46,6.26,2020-05-20 02:00:00
2020-05-21,1,2020,0.675,0.358,28.76,28.38,MODIS,56.09,5.88,2020-05-21 02:00:00
2020-05-22,1,2020,0.679,0.291,27.89,29.84,MODIS,57.68,6.65,2020-05-22 02:00:00
2020-05-23,1,2020,0.665,0.267,26.3,25.03,MODIS,51.88,6.11,2020-05-23 02:00:00
2020-05-24,1,2020,0.644,0.47,27.47,28.99,MODIS,43.45,5.55,2020-05-24 02:00:00
2020-05-25,1,2020,0.66,0.193,26.21,30.74,MODIS,49.84,6.43,2020-05-25 02:00:00
2020-05-26,1,2020,0.697,0.315,27.18,30.11,MODIS,64.88,6.09,2020-05-26 02:00:00
2020-05-27,1,2020,0.676,0.213,27.53,29.51,MODIS,56.51,5.51,2020-05-27 02:00:00
2020-05-28,1,2020,0.679,0.403,29.09,29.95,MODIS,57.7,5.34,2020-05-28 02:00:00
2020-05-29,1,2020,0.64,0.196,28.52,23.72,MODIS,41.99,6.73,2020-05-29 02:00:00
2020-05-30,1,2020,0.676,0.237,27.94,29.73,MODIS,56.34,5.9,2020-05-30 02:00:00
2020-05-31,1,2020,0.689,0.368,27.27,28.18,MODIS,61.73,5.37,2020-05-31 02:00:00
2020-06-01,1,2020,0.642,0.246,28.49,24.6,MODIS,42.8,5.58,2020-06-01 02:00:00
2020-06-02,1,2020,0.659,0.405,27.55,27.55,MODIS,49.55,6.07,2020-06-02 02:00:00
2020-06-03,1,2020,0.682,0.288,27.03,27.51,MODIS,58.57,5.52,2020-06-03 02:00:00
2020-06-04,1,2020,0.676,0.182,28.26,27.2,MODIS,56.21,6.86,2020-06-04 02:00:00
2020-06-05,1,2020,0.68,0.206,26.87,27.64,MODIS,57.99,6.72,2020-06-05 02:00:00
2020-06-06,1,2020,0.664,0.187,28.14,28.95,MODIS,51.56,5.83,2020-06-06 02:00:00
2020-06-07,1,2020,0.667,0.179,27.47,27.12,MODIS,52.75,6.46,2020-06-07 02:00:00
2020-06-08,1,2020,0.682,0.297,28.09,26.86,MODIS,58.75,6.61,2020-06-08 02:00:00
2020-06-09,1,2020,0.667,0.228,27.67,29.37,MODIS,52.76,6.18,2020-06-09 02:00:00
2020-06-10,1,2020,0.688,0.201,27.57,30.76,MODIS,61.02,6.56,2020-06-10 02:00:00
2020-06-11,1,2020,0.659,0.18,26.86,26.99,MODIS,49.36,5.54,2020-06-11 02:00:00
2020-06-12,1,2020,0.673,0.277,26.88,28.14,MODIS,54.97,5.94,2020-06-12 02:00:00
2020-06-13,1,2020,0.683,0.214,27.39,29.74,MODIS,59.31,5.81,2020-06-13 02:00:00
2020-06-14,1,2020,0.662,0.297,28.14,27.26,MODIS,50.79,5.88,2020-06-14 02:00:00
2020-06-15,1,2020,0.656,0.414,28.15,23.36,MODIS,48.07,7.39,2020-06-15 02:00:00
2020-06-16,1,2020,0.695,0.213,28.62,25.23,MODIS,64.02,6.56,2020-06-16 02:00:00
2020-06-17,1,2020,0.696,0.23,27.97,28.95,MODIS,64.24,5.78,2020-06-17 02:00:00
2020-06-18,1,2020,0.646,0.413,28.47,29.48,MODIS,44.08,6.27,2020-06-18 02:00:00
2020-06-19,1,2020,0.649,0.251,28.6,27.64,MODIS,45.49,5.91,2020-06-19 02:00:00
2020-06-20,1,2020,0.666,0.166,27.23,24.24,MODIS,52.39,5.5,2020-06-20 02:00:00
2020-06-21,1,2020,0.661,0.2,26.46,27.09,MODIS,50.37,5.73,2020-06-21 02:00:00
2020-06-22,1,2020,0.681,0.229,27.09,28.41,MODIS,58.25,6.09,2020-06-22 02:00:00
2020-06-23,1,2020,0.664,0.212,27.67,27.06,MODIS,51.46,6.91,2020-06-23 02:00:00
2020-06-24,1,2020,0.661,0.259,27.59,27.64,MODIS,50.45,5.93,2020-06-24 02:00:00
2020-06-25,1,2020,0.651,0.242,29.4,25.73,MODIS,46.1,6.3,2020-06-25 02:00:00
2020-06-26,1,2020,0.656,0.318,28.23,28.98,MODIS,48.15,6.36,2020-06-26 02:00:00
2020-06-27,1,2020,0.615,0.194,27.31,26.79,MODIS,31.54,6.63,2020-06-27 02:00:00
2020-06-28,1,2020,0.642,0.318,26.74,27.02,MODIS,42.76,6.39,2020-06-28 02:00:00
2020-06-29,1,2020,0.646,0.29,27.53,24.04,MODIS,44.17,6.18,2020-06-29 02:00:00
2020-06-30,1,2020,0.663,0.364,27.93,25.5,MODIS,50.98,6.27,2020-06-30 02:00:00
2020-07-01,1,2020,0.68,0.341,27.22,29.59,MODIS,58.05,6.83,2020-07-01 02:00:00
2020-07-02,1,2020,0.661,0.247,28.81,26.68,MODIS,50.29,5.57,2020-07-02 02:00:00
2020-07-03,1,2020,0.658,0.209,27.87,30.01,MODIS,49.0,6.49,2020-07-03 02:00:00
2020-07-04,1,2020,0.649,0.257,27.45,23.62,MODIS,45.27,6.18,2020-07-04 02:00:00
2020-07-05,1,2020,0.622,0.276,27.77,26.26,MODIS,34.63,6.58,2020-07-05 02:00:00
2020-07-06,1,2020,0.657,0.28,27.25,30.09,MODIS,48.67,7.09,2020-07-06 02:00:00
2020-07-07,1,2020,0.645,0.172,28.52,25.57,MODIS,43.86,6.28,2020-07-07 02:00:00
2020-07-08,1,2020,0.682,0.253,28.05,27.68,MODIS,58.59,6.37,2020-07-08 02:00:00
2020-07-09,1,2020,0.662,0.223,28.82,27.27,MODIS,50.76,6.27,2020-07-09 02:00:00
2020-07-10,1,2020,0.663,0.225,28.34,26.08,MODIS,51.18,6.88,2020-07-10 02:00:00
2020-07-11,1,2020,0.664,0.234,28.91,27.51,MODIS,51.48,5.84,2020-07-11 02:00:00
2020-07-12,1,2020,0.663,0.378,29.18,27.35,MODIS,50.95,5.88,2020-07-12 02:00:00
2020-07-13,1,2020,0.619,0.184,28.38,26.99,MODIS,33.44,5.79,2020-07-13 02:00:00
2020-07-14,1,2020,0.626,0.324,28.21,27.76,MODIS,36.1,6.73,2020-07-14 02:00:00
2020-07-15,1,2020,0.668,0.217,28.6,26.66,MODIS,53.26,5.62,2020-07-15 02:00:00
2020-07-16,1,2020,0.659,0.237,27.94,27.35,MODIS,49.32,6.01,2020-07-16 02:00:00
2020-07-17,1,2020,0.664,0.211,27.42,28.86,MODIS,51.34,6.33,2020-07-17 02:00:00
2020-07-18,1,2020,0.658,0.315,28.39,26.12,MODIS,49.19,6.72,2020-07-18 02:00:00
2020-07-19,1,2020,0.614,0.359,28.6,28.53,MODIS,31.45,6.76,2020-07-19 02:00:00
2020-07-20,1,2020,0.674,0.233,28.22,29.45,MODIS,55.63,6.25,2020-07-20 02:00:00
2020-07-21,1,2020,0.64,0.389,27.97,26.22,MODIS,41.88,6.44,2020-07-21 02:00:00
2020-07-22,1,2020,0.664,0.284,27.84,24.59,MODIS,51.35,6.97,2020-07-22 02:00:00
2020-07-23,1,2020,0.643,0.208,28.25,27.02,MODIS,42.84,5.79,2020-07-23 02:00:00
2020-07-24,1,2020,0.622,0.187,28.93,20.58,MODIS,34.44,6.35,2020-07-24 02:00:00
2020-07-25,1,2020,0.65,0.279,28.97,24.28,MODIS,45.88,7.65,2020-07-25 02:00:00
2020-07-26,1,2020,0.646,0.195,28.97,21.76,MODIS,44.12,5.79,2020-07-26 02:00:00
2020-07-27,1,2020,0.659,0.401,28.05,27.66,MODIS,49.3,6.98,2020-07-27 02:00:00
2020-07-28,1,2020,0.641,0.355,27.04,26.92,MODIS,42.24,6.22,2020-07-28 02:00:00
2020-07-29,1,2020,0.644,0.488,27.9,29.31,MODIS,43.45,6.0,2020-07-29 02:00:00
2020-07-30,1,2020,0.661,0.285,28.86,28.46,MODIS,50.31,6.99,2020-07-30 02:00:00
2020-07-31,1,2020,0.669,0.207,27.7,27.1,MODIS,53.52,6.06,2020-07-31 02:00:00
2020-08-01,1,2020,0.669,0.215,28.54,28.63,MODIS,53.36,5.76,2020-08-01 02:00:00
2020-08-02,1,2020,0.662,0.218,28.55,26.31,MODIS,50.62,6.08,2020-08-02 02:00:00
2020-08-03,1,2020,0.662,0.343,27.8,27.93,MODIS,50.55,6.26,2020-08-03 02:00:00
2020-08-04,1,2020,0.64,0.224,28.73,22.7,MODIS,41.68,6.8,2020-08-04 02:00:00
2020-08-05,1,2020,0.661,0.237,26.74,28.34,MODIS,50.17,5.99,2020-08-05 02:00:00
2020-08-06,1,2020,0.615,0.229,27.8,30.12,MODIS,31.82,6.21,2020-08-06 02:00:00
2020-08-07,1,2020,0.627,0.204,27.9,20.89,MODIS,36.4,6.24,2020-08-07 02:00:00
2020-08-08,1,2020,0.66,0.462,29.25,25.97,MODIS,49.67,6.49,2020-08-08 02:00:00
2020-08-09,1,2020,0.645,0.258,28.59,24.67,MODIS,43.91,7.24,2020-08-09 02:00:00
2020-08-10,1,2020,0.644,0.286,29.11,26.88,MODIS,43.47,5.92,2020-08-10 02:00:00
2020-08-11,1,2020,0.664,0.317,28.09,28.64,MODIS,51.39,6.66,2020-08-11 02:00:00
2020-08-12,1,2020,0.651,0.207,27.99,25.63,MODIS,46.33,6.47,2020-08-12 02:00:00
2020-08-13,1,2020,0.646,0.225,27.63,26.63,MODIS,44.34,6.73,2020-08-13 02:00:00
2020-08-14,1,2020,0.631,0.331,28.51,28.82,MODIS,38.13,6.12,2020-08-14 02:00:00
2020-08-15,1,2020,0.633,0.196,28.54,28.3,MODIS,39.03,6.52,2020-08-15 02:00:00
2020-08-16,1,2020,0.632,0.318,28.56,22.74,MODIS,38.51,6.52,2020-08-16 02:00:00
2020-08-17,1,2020,0.65,0.217,28.95,26.08,MODIS,45.69,6.65,2020-08-17 02:00:00
2020-08-18,1,2020,0.641,0.254,29.22,25.26,MODIS,42.39,7.05,2020-08-18 02:00:00
2020-08-19,1,2020,0.628,0.23,27.89,25.0,MODIS,36.88,6.6,2020-08-19 02:00:00
2020-08-20,1,2020,0.67,0.226,29.65,27.3,MODIS,53.95,6.58,2020-08-20 02:00:00
2020-08-21,1,2020,0.619,0.275,28.55,28.14,MODIS,33.42,6.42,2020-08-21 02:00:00
2020-08-22,1,2020,0.649,0.322,27.9,25.66,MODIS,45.4,6.8,2020-08-22 02:00:00
2020-08-23,1,2020,0.656,0.257,28.7,24.83,MODIS,48.18,6.34,2020-08-23 02:00:00
2020-08-24,1,2020,0.638,0.351,27.87,26.93,MODIS,41.16,5.97,2020-08-24 02:00:00
2020-08-25,1,2020,0.637,0.268,27.99,28.24,MODIS,40.76,5.55,2020-08-25 02:00:00
2020-08-26,1,2020,0.628,0.209,28.93,23.64,MODIS,36.82,6.96,2020-08-26 02:00:00
2020-08-27,1,2020,0.623,0.244,28.09,24.46,MODIS,34.82,7.45,2020-08-27 02:00:00
2020-08-28,1,2020,0.649,0.348,28.05,24.41,MODIS,45.59,6.49,2020-08-28 02:00:00
2020-08-29,1,2020,0.628,0.188,27.75,27.41,MODIS,37.04,6.55,2020-08-29 02:00:00
2020-08-30,1,2020,0.619,0.249,28.35,22.64,MODIS,33.15,7.05,2020-08-30 02:00:00
2020-08-31,1,2020,0.627,0.198,27.34,25.74,MODIS,36.38,5.93,2020-08-31 02:00:00
2020-09-01,1,2020,0.633,0.368,29.29,29.22,MODIS,39.06,6.51,2020-09-01 02:00:00
2020-09-02,1,2020,0.641,0.18,29.14,26.26,MODIS,42.04,6.41,2020-09-02 02:00:00
2020-09-03,1,2020,0.657,0.343,28.66,21.49,MODIS,48.58,5.66,2020-09-03 02:00:00
2020-09-04,1,2020,0.63,0.243,28.15,28.15,MODIS,37.85,5.98,2020-09-04 02:00:00
2020-09-05,1,2020,0.629,0.248,27.87,26.83,MODIS,37.3,6.4,2020-09-05 02:00:00
2020-09-06,1,2020,0.623,0.335,28.08,23.76,MODIS,34.86,6.77,2020-09-06 02:00:00
2020-09-07,1,2020,0.624,0.229,28.63,27.59,MODIS,35.4,6.53,2020-09-07 02:00:00
2020-09-08,1,2020,0.648,0.219,29.12,24.6,MODIS,45.12,5.55,2020-09-08 02:00:00
2020-09-09,1,2020,0.612,0.191,28.8,24.5,MODIS,30.56,5.98,2020-09-09 02:00:00
2020-09-10,1,2020,0.602,0.22,28.67,25.57,MODIS,26.46,6.77,2020-09-10 02:00:00
2020-09-11,1,2020,0.626,0.277,28.22,28.76,MODIS,36.23,6.32,2020-09-11 02:00:00
2020-09-12,1,2020,0.635,0.196,28.43,29.84,MODIS,39.8,7.02,2020-09-12 02:00:00
2020-09-13,1,2020,0.617,0.274,29.34,26.3,MODIS,32.5,6.31,2020-09-13 02:00:00
2020-09-14,1,2020,0.634,0.293,29.63,24.29,MODIS,39.19,6.72,2020-09-14 02:00:00
2020-09-15,1,2020,0.631,0.174,29.22,25.93,MODIS,38.09,5.91,2020-09-15 02:00:00
2020-09-16,1,2020,0.633,0.295,29.17,25.75,MODIS,38.95,6.14,2020-09-16 02:00:00
2020-09-17,1,2020,0.617,0.175,30.05,25.75,MODIS,32.33,6.11,2020-09-17 02:00:00
2020-09-18,1,2020,0.653,0.238,28.92,26.66,MODIS,47.21,6.47,2020-09-18 02:00:00
2020-09-19,1,2020,0.602,0.258,28.47,24.55,MODIS,26.57,6.82,2020-09-19 02:00:00
2020-09-20,1,2020,0.627,0.196,28.5,25.52,MODIS,36.5,7.31,2020-09-20 02:00:00
2020-09-21,1,2020,0.641,0.214,28.83,24.76,MODIS,42.27,7.05,2020-09-21 02:00:00
2020-09-22,1,2020,0.621,0.228,29.16,26.88,MODIS,34.33,6.73,2020-09-22 02:00:00
2020-09-23,1,2020,0.607,0.187,27.4,25.37,MODIS,28.5,6.7,2020-09-23 02:00:00
2020-09-24,1,2020,0.602,0.177,29.28,25.72,MODIS,26.68,6.32,2020-09-24 02:00:00
2020-09-25,1,2020,0.612,0.197,29.21,27.6,MODIS,30.59,6.99,2020-09-25 02:00:00
2020-09-26,1,2020,0.597,0.222,28.43,25.42,MODIS,24.29,6.97,2020-09-26 02:00:00
2020-09-27,1,2020,0.619,0.21,28.66,25.48,MODIS,33.25,7.21,2020-09-27 02:00:00
2020-09-28,1,2020,0.593,0.222,28.61,26.65,MODIS,22.69,6.46,2020-09-28 02:00:00
2020-09-29,1,2020,0.618,0.207,28.8,28.49,MODIS,33.09,6.73,2020-09-29 02:00:00
2020-09-30,1,2020,0.624,0.202,29.06,28.34,MODIS,35.25,6.49,2020-09-30 02:00:00
2020-10-01,1,2020,0.62,0.191,28.3,28.36,MODIS,33.62,6.06,2020-10-01 02:00:00
2020-10-02,1,2020,0.609,0.546,29.7,25.97,MODIS,29.19,6.46,2020-10-02 02:00:00
2020-10-03,1,2020,0.649,0.359,28.13,26.95,MODIS,45.23,7.23,2020-10-03 02:00:00
2020-10-04,1,2020,0.615,0.236,28.27,24.51,MODIS,31.73,7.16,2020-10-04 02:00:00
2020-10-05,1,2020,0.612,0.22,29.28,25.48,MODIS,30.68,6.71,2020-10-05 02:00:00
2020-10-06,1,2020,0.584,0.236,28.58,25.02,MODIS,19.34,6.57,2020-10-06 02:00:00
2020-10-07,1,2020,0.599,0.194,28.12,27.09,MODIS,25.35,6.38,2020-10-07 02:00:00
2020-10-08,1,2020,0.601,0.164,28.61,24.04,MODIS,26.07,6.83,2020-10-08 02:00:00
2020-10-09,1,2020,0.636,0.267,28.91,25.5,MODIS,40.18,6.7,2020-10-09 02:00:00
2020-10-10,1,2020,0.613,0.245,29.99,24.03,MODIS,30.85,6.4,2020-10-10 02:00:00
2020-10-11,1,2020,0.597,0.247,28.79,24.35,MODIS,24.51,7.19,2020-10-11 02:00:00
2020-10-12,1,2020,0.604,0.184,29.35,26.35,MODIS,27.46,6.48,2020-10-12 02:00:00
2020-10-13,1,2020,0.606,0.36,29.32,22.65,MODIS,28.17,6.15,2020-10-13 02:00:00
2020-10-14,1,2020,0.624,0.249,29.08,29.92,MODIS,35.36,6.78,2020-10-14 02:00:00
2020-10-15,1,2020,0.62,0.366,28.85,25.63,MODIS,33.89,7.48,2020-10-15 02:00:00
2020-10-16,1,2020,0.624,0.244,30.57,26.23,MODIS,35.35,6.36,2020-10-16 02:00:00
2020-10-17,1,2020,0.606,0.28,27.98,25.4,MODIS,28.1,6.7,2020-10-17 02:00:00
2020-10-18,1,2020,0.604,0.402,27.29,24.64,MODIS,27.1,6.84,2020-10-18 02:00:00
2020-10-19,1,2020,0.609,0.23,29.72,25.37,MODIS,29.48,6.73,2020-10-19 02:00:00
2020-10-20,1,2020,0.605,0.216,28.2,24.95,MODIS,27.61,6.83,2020-10-20 02:00:00
2020-10-21,1,2020,0.621,0.174,30.04,24.5,MODIS,34.25,6.9,2020-10-21 02:00:00
2020-10-22,1,2020,0.595,0.378,28.99,25.65,MODIS,23.69,6.36,2020-10-22 02:00:00
2020-10-23,1,2020,0.622,0.313,28.76,24.27,MODIS,34.46,6.68,2020-10-23 02:00:00
2020-10-24,1,2020,0.592,0.23,28.96,24.37,MODIS,22.42,6.7,2020-10-24 02:00:00
2020-10-25,1,2020,0.587,0.454,28.42,24.09,MODIS,20.31,6.71,2020-10-25 02:00:00
2020-10-26,1,2020,0.623,0.226,29.63,23.54,MODIS,34.92,6.32,2020-10-26 02:00:00
2020-10-27,1,2020,0.588,0.223,28.81,26.51,MODIS,20.95,6.87,2020-10-27 02:00:00
2020-10-28,1,2020,0.61,0.271,28.75,25.03,MODIS,29.76,7.04,2020-10-28 02:00:00
2020-10-29,1,2020,0.613,0.381,29.82,24.5,MODIS,31.1,6.13,2020-10-29 02:00:00
2020-10-30,1,2020,0.606,0.52,27.69,29.43,MODIS,28.21,6.93,2020-10-30 02:00:00
2020-10-31,1,2020,0.615,0.202,30.36,24.95,MODIS,31.87,6.32,2020-10-31 02:00:00
2020-11-01,1,2020,0.598,0.302,29.75,24.61,MODIS,24.82,7.14,2020-11-01 02:00:00
2020-11-02,1,2020,0.612,0.219,29.78,24.67,MODIS,30.46,6.95,2020-11-02 02:00:00
2020-11-03,1,2020,0.595,0.215,28.09,24.92,MODIS,23.65,7.53,2020-11-03 02:00:00
2020-11-04,1,2020,0.634,0.223,29.64,25.77,MODIS,39.53,6.87,2020-11-04 02:00:00
2020-11-05,1,2020,0.602,0.465,30.26,22.47,MODIS,26.29,7.27,2020-11-05 02:00:00
2020-11-06,1,2020,0.592,0.324,28.95,26.11,MODIS,22.31,6.65,2020-11-06 02:00:00
2020-11-07,1,2020,0.562,0.203,28.86,23.1,MODIS,10.21,6.52,2020-11-07 02:00:00
2020-11-08,1,2020,0.601,0.211,30.6,24.06,MODIS,25.87,6.95,2020-11-08 02:00:00
2020-11-09,1,2020,0.603,0.215,29.68,25.19,MODIS,26.71,6.5,2020-11-09 02:00:00
2020-11-10,1,2020,0.589,0.296,29.24,28.49,MODIS,21.3,6.73,2020-11-10 02:00:00
2020-11-11,1,2020,0.594,0.186,28.01,22.67,MODIS,23.35,6.21,2020-11-11 02:00:00
2020-11-12,1,2020,0.603,0.58,29.65,26.2,MODIS,26.97,6.63,2020-11-12 02:00:00
2020-11-13,1,2020,0.583,0.255,28.62,23.3,MODIS,18.99,6.5,2020-11-13 02:00:00
2020-11-14,1,2020,0.583,0.207,29.2,23.53,MODIS,18.68,5.69,2020-11-14 02:00:00
2020-11-15,1,2020,0.599,0.228,30.34,24.43,MODIS,25.44,5.72,2020-11-15 02:00:00
2020-11-16,1,2020,0.597,0.289,29.26,21.77,MODIS,24.59,5.89,2020-11-16 02:00:00
2020-11-17,1,2020,0.598,0.184,30.31,23.33,MODIS,24.83,7.43,2020-11-17 02:00:00
2020-11-18,1,2020,0.602,0.227,29.7,26.83,MODIS,26.31,6.14,2020-11-18 02:00:00
2020-11-19,1,2020,0.587,0.328,29.29,23.18,MODIS,20.3,6.45,2020-11-19 02:00:00
2020-11-20,1,2020,0.586,0.441,30.74,24.22,MODIS,19.99,6.63,2020-11-20 02:00:00
2020-11-21,1,2020,0.608,0.176,29.41,26.34,MODIS,28.87,7.03,2020-11-21 02:00:00
2020-11-22,1,2020,0.579,0.368,28.99,26.04,MODIS,17.28,6.2,2020-11-22 02:00:00
2020-11-23,1,2020,0.606,0.189,27.89,23.03,MODIS,28.09,6.73,2020-11-23 02:00:00
2020-11-24,1,2020,0.603,0.205,30.11,24.03,MODIS,26.8,7.31,2020-11-24 02:00:00
2020-11-25,1,2020,0.594,0.301,30.2,23.75,MODIS,23.18,6.47,2020-11-25 02:00:00
2020-11-26,1,2020,0.574,0.215,29.6,25.05,MODIS,15.03,6.65,2020-11-26 02:00:00
2020-11-27,1,2020,0.568,0.203,30.07,24.3,MODIS,12.69,6.94,2020-11-27 02:00:00
2020-11-28,1,2020,0.606,0.21,30.31,24.89,MODIS,28.16,6.9,2020-11-28 02:00:00
2020-11-29,1,2020,0.603,0.197,29.27,24.73,MODIS,26.7,6.76,2020-11-29 02:00:00
2020-11-30,1,2020,0.587,0.22,28.4,27.74,MODIS,20.59,7.43,2020-11-30 02:00:00
2020-12-01,1,2020,0.581,0.189,29.4,21.7,MODIS,18.03,7.07,2020-12-01 02:00:00
2020-12-02,1,2020,0.572,0.363,30.39,21.57,MODIS,14.19,6.57,2020-12-02 02:00:00
2020-12-03,1,2020,0.591,0.236,28.36,27.49,MODIS,22.14,6.92,2020-12-03 02:00:00
2020-12-04,1,2020,0.565,0.543,30.12,24.83,MODIS,11.35,6.84,2020-12-04 02:00:00
2020-12-05,1,2020,0.597,0.453,31.06,26.96,MODIS,24.58,6.73,2020-12-05 02:00:00
2020-12-06,1,2020,0.579,0.311,29.97,25.07,MODIS,17.4,6.57,2020-12-06 02:00:00
2020-12-07,1,2020,0.579,0.541,29.55,23.16,MODIS,17.03,7.78,2020-12-07 02:00:00
2020-12-08,1,2020,0.553,0.21,30.64,26.82,MODIS,6.78,6.85,2020-12-08 02:00:00
2020-12-09,1,2020,0.589,0.209,29.77,21.82,MODIS,21.14,6.6,2020-12-09 02:00:00
2020-12-10,1,2020,0.568,0.147,29.51,22.81,MODIS,12.65,6.65,2020-12-10 02:00:00
2020-12-11,1,2020,0.557,0.24,30.39,19.06,MODIS,8.39,7.14,2020-12-11 02:00:00
2020-12-12,1,2020,0.568,0.259,30.34,22.41,MODIS,12.87,7.53,2020-12-12 02:00:00
2020-12-13,1,2020,0.582,0.227,28.8,24.68,MODIS,18.61,6.8,2020-12-13 02:00:00
2020-12-14,1,2020,0.588,0.215,29.99,24.76,MODIS,20.99,8.06,2020-12-14 02:00:00
2020-12-15,1,2020,0.581,0.202,29.07,27.18,MODIS,17.96,6.79,2020-12-15 02:00:00
2020-12-16,1,2020,0.57,0.348,29.99,25.43,MODIS,13.53,7.24,2020-12-16 02:00:00
2020-12-17,1,2020,0.559,0.233,29.81,24.19,MODIS,9.29,7.37,2020-12-17 02:00:00
2020-12-18,1,2020,0.576,0.197,29.03,20.92,MODIS,16.1,6.9,2020-12-18 02:00:00
2020-12-19,1,2020,0.581,0.192,30.35,24.8,MODIS,17.86,6.79,2020-12-19 02:00:00
2020-12-20,1,2020,0.561,0.331,31.42,24.26,MODIS,9.95,6.19,2020-12-20 02:00:00
2020-12-21,1,2020,0.595,0.17,30.16,24.49,MODIS,23.5,7.46,2020-12-21 02:00:00
2020-12-22,1,2020,0.545,0.22,29.88,23.36,MODIS,3.61,6.67,2020-12-22 02:00:00
2020-12-23,1,2020,0.595,0.398,30.12,29.06,MODIS,23.83,6.29,2020-12-23 02:00:00
2020-12-24,1,2020,0.577,0.205,30.31,22.73,MODIS,16.3,6.58,2020-12-24 02:00:00
2020-12-25,1,2020,0.596,0.371,29.77,25.74,MODIS,23.87,6.83,2020-12-25 02:00:00
2020-12-26,1,2020,0.596,0.22,30.64,24.21,MODIS,23.96,7.02,2020-12-26 02:00:00
2020-12-27,1,2020,0.569,0.402,30.81,24.29,MODIS,13.07,6.63,2020-12-27 02:00:00
2020-12-28,1,2020,0.557,0.21,28.87,27.91,MODIS,8.34,6.75,2020-12-28 02:00:00
2020-12-29,1,2020,0.557,0.241,30.02,26.62,MODIS,8.15,6.72,2020-12-29 02:00:00
2020-12-30,1,2020,0.536,0.368,29.86,23.72,MODIS,0.0,6.81,2020-12-30 02:00:00
2020-12-31,1,2020,0.559,0.236,30.51,27.7,MODIS,8.93,7.18,2020-12-31 02:00:00
2021-01-01,1,2021,0.76,0.227,25.3,30.53,MODIS,94.86,5.89,2021-01-01 02:00:00
2021-01-02,1,2021,0.771,0.397,25.89,32.79,MODIS,99.87,5.85,2021-01-02 02:00:00
2021-01-03,1,2021,0.748,0.226,25.9,31.86,MODIS,89.2,5.9,2021-01-03 02:00:00
2021-01-04,1,2021,0.738,0.285,26.36,34.07,MODIS,84.86,5.57,2021-01-04 02:00:00
2021-01-05,1,2021,0.737,0.204,26.59,29.02,MODIS,84.16,5.23,2021-01-05 02:00:00
2021-01-06,1,2021,0.739,0.263,26.29,25.68,MODIS,85.35,5.75,2021-01-06 02:00:00
2021-01-07,1,2021,0.733,0.26,26.74,29.33,MODIS,82.62,5.19,2021-01-07 02:00:00
2021-01-08,1,2021,0.723,0.264,27.57,29.04,MODIS,77.87,5.94,2021-01-08 02:00:00
2021-01-09,1,2021,0.742,0.233,25.77,31.37,MODIS,86.54,5.63,2021-01-09 02:00:00
2021-01-10,1,2021,0.731,0.457,26.3,33.42,MODIS,81.33,5.14,2021-01-10 02:00:00
2021-01-11,1,2021,0.733,0.194,24.25,31.71,MODIS,82.26,5.61,2021-01-11 02:00:00
2021-01-12,1,2021,0.75,0.289,25.56,29.49,MODIS,90.36,5.36,2021-01-12 02:00:00
2021-01-13,1,2021,0.733,0.202,25.95,28.81,MODIS,82.53,5.87,2021-01-13 02:00:00
2021-01-14,1,2021,0.743,0.182,25.84,32.46,MODIS,87.29,5.43,2021-01-14 02:00:00
2021-01-15,1,2021,0.739,0.177,25.85,31.37,MODIS,85.13,6.31,2021-01-15 02:00:00
2021-01-16,1,2021,0.728,0.475,26.19,33.47,MODIS,80.26,5.53,2021-01-16 02:00:00
2021-01-17,1,2021,0.75,0.242,26.53,31.23,MODIS,90.08,5.51,2021-01-17 02:00:00
2021-01-18,1,2021,0.755,0.6,25.09,31.27,MODIS,92.44,4.73,2021-01-18 02:00:00
2021-01-19,1,2021,0.762,0.298,25.45,32.54,MODIS,95.9,5.22,2021-01-19 02:00:00
2021-01-20,1,2021,0.769,0.182,25.36,27.26,MODIS,99.29,5.83,2021-01-20 02:00:00
2021-01-21,1,2021,0.738,0.181,24.86,29.08,MODIS,84.6,5.1,2021-01-21 02:00:00
2021-01-22,1,2021,0.721,0.227,25.66,29.55,MODIS,76.9,5.5,2021-01-22 02:00:00
2021-01-23,1,2021,0.724,0.301,25.93,30.83,MODIS,78.22,5.6,2021-01-23 02:00:00
2021-01-24,1,2021,0.723,0.379,26.86,26.66,MODIS,77.94,5.38,2021-01-24 02:00:00
2021-01-25,1,2021,0.742,0.255,25.81,28.97,MODIS,86.79,5.47,2021-01-25 02:00:00
2021-01-26,1,2021,0.761,0.328,26.77,28.35,MODIS,95.33,5.58,2021-01-26 02:00:00
2021-01-27,1,2021,0.722,0.211,27.09,29.48,MODIS,77.17,5.55,2021-01-27 02:00:00
2021-01-28,1,2021,0.716,0.256,26.4,29.17,MODIS,74.54,5.86,2021-01-28 02:00:00
2021-01-29,1,2021,0.722,0.204,26.25,28.19,MODIS,77.35,5.5,2021-01-29 02:00:00
2021-01-30,1,2021,0.722,0.239,27.34,32.66,MODIS,77.4,5.93,2021-01-30 02:00:00
2021-01-31,1,2021,0.771,0.197,26.1,29.69,MODIS,100.0,5.9,2021-01-31 02:00:00
2021-02-01,1,2021,0.746,0.264,26.19,26.21,MODIS,88.66,5.54,2021-02-01 02:00:00
2021-02-02,1,2021,0.725,0.32,25.57,29.29,MODIS,78.53,5.59,2021-02-02 02:00:00
2021-02-03,1,2021,0.751,0.24,25.85,27.67,MODIS,90.89,5.33,2021-02-03 02:00:00
2021-02-04,1,2021,0.726,0.38,25.69,29.83,MODIS,79.15,4.78,2021-02-04 02:00:00
2021-02-05,1,2021,0.739,0.263,26.53,32.24,MODIS,85.12,5.14,2021-02-05 02:00:00
2021-02-06,1,2021,0.738,0.293,26.24,29.41,MODIS,84.65,6.14,2021-02-06 02:00:00
2021-02-07,1,2021,0.747,0.297,25.18,29.7,MODIS,88.88,6.07,2021-02-07 02:00:00
2021-02-08,1,2021,0.74,0.216,26.26,33.47,MODIS,85.79,5.93,2021-02-08 02:00:00
2021-02-09,1,2021,0.757,0.27,26.21,32.47,MODIS,93.48,5.96,2021-02-09 02:00:00
2021-02-10,1,2021,0.763,0.293,26.28,27.54,MODIS,96.14,5.52,2021-02-10 02:00:00
2021-02-11,1,2021,0.752,0.442,26.77,28.12,MODIS,91.41,6.43,2021-02-11 02:00:00
2021-02-12,1,2021,0.752,0.402,26.55,30.2,MODIS,91.04,5.72,2021-02-12 02:00:00
2021-02-13,1,2021,0.724,0.202,25.9,25.8,MODIS,78.22,5.62,2021-02-13 02:00:00
2021-02-14,1,2021,0.729,0.218,25.45,31.6,MODIS,80.34,5.84,2021-02-14 02:00:00
2021-02-15,1,2021,0.732,0.197,26.1,28.21,MODIS,81.8,5.74,2021-02-15 02:00:00
2021-02-16,1,2021,0.722,0.301,27.01,31.43,MODIS,77.24,5.7,2021-02-16 02:00:00
2021-02-17,1,2021,0.748,0.165,26.8,27.82,MODIS,89.61,5.5,2021-02-17 02:00:00
2021-02-18,1,2021,0.701,0.2,26.33,30.56,MODIS,67.47,5.35,2021-02-18 02:00:00
2021-02-19,1,2021,0.724,0.351,26.23,26.22,MODIS,78.36,6.3,2021-02-19 02:00:00
2021-02-20,1,2021,0.736,0.204,27.4,29.61,MODIS,84.01,5.13,2021-02-20 02:00:00
2021-02-21,1,2021,0.737,0.344,27.25,28.92,MODIS,84.09,5.17,2021-02-21 02:00:00
2021-02-22,1,2021,0.724,0.49,28.06,29.88,MODIS,78.34,5.57,2021-02-22 02:00:00
2021-02-23,1,2021,0.733,0.227,26.4,30.65,MODIS,82.38,5.69,2021-02-23 02:00:00
2021-02-24,1,2021,0.719,0.311,27.15,30.37,MODIS,76.1,5.76,2021-02-24 02:00:00
2021-02-25,1,2021,0.703,0.6,25.94,31.22,MODIS,68.3,5.4,2021-02-25 02:00:00
2021-02-26,1,2021,0.734,0.183,26.14,29.96,MODIS,83.12,5.71,2021-02-26 02:00:00
2021-02-27,1,2021,0.711,0.475,27.19,31.55,MODIS,72.41,5.36,2021-02-27 02:00:00
2021-02-28,1,2021,0.715,0.244,26.21,29.13,MODIS,74.06,5.97,2021-02-28 02:00:00
2021-03-01,1,2021,0.716,0.22,26.25,28.52,MODIS,74.49,5.62,2021-03-01 02:00:00
2021-03-02,1,2021,0.71,0.243,26.14,28.52,MODIS,71.69,5.31,2021-03-02 02:00:00
2021-03-03,1,2021,0.717,0.26,26.64,30.25,MODIS,75.19,5.82,2021-03-03 02:00:00
2021-03-04,1,2021,0.703,0.237,27.31,28.34,MODIS,68.4,5.4,2021-03-04 02:00:00
2021-03-05,1,2021,0.712,0.233,26.65,25.89,MODIS,72.61,5.65,2021-03-05 02:00:00
2021-03-06,1,2021,0.711,0.313,27.39,29.21,MODIS,72.12,5.96,2021-03-06 02:00:00
2021-03-07,1,2021,0.732,0.333,26.5,26.25,MODIS,82.09,5.12,2021-03-07 02:00:00
2021-03-08,1,2021,0.714,0.245,27.33,27.39,MODIS,73.44,6.03,2021-03-08 02:00:00
2021-03-09,1,2021,0.718,0.232,27.14,24.89,MODIS,75.39,5.99,2021-03-09 02:00:00
2021-03-10,1,2021,0.698,0.237,26.97,29.99,MODIS,65.98,5.25,2021-03-10 02:00:00
2021-03-11,1,2021,0.739,0.232,27.72,29.51,MODIS,85.31,5.63,2021-03-11 02:00:00
2021-03-12,1,2021,0.729,0.265,27.26,26.03,MODIS,80.5,6.19,2021-03-12 02:00:00
2021-03-13,1,2021,0.716,0.216,27.28,30.06,MODIS,74.74,5.86,2021-03-13 02:00:00
2021-03-14,1,2021,0.708,0.305,26.5,30.85,MODIS,70.88,5.65,2021-03-14 02:00:00
2021-03-15,1,2021,0.709,0.189,27.94,29.27,MODIS,71.14,5.87,2021-03-15 02:00:00
2021-03-16,1,2021,0.724,0.258,27.09,29.48,MODIS,78.42,5.59,2021-03-16 02:00:00
2021-03-17,1,2021,0.707,0.285,28.02,28.31,MODIS,70.22,6.38,2021-03-17 02:00:00
2021-03-18,1,2021,0.692,0.379,28.17,28.6,MODIS,63.49,5.55,2021-03-18 02:00:00
2021-03-19,1,2021,0.696,0.408,28.06,28.15,MODIS,65.17,6.32,2021-03-19 02:00:00
2021-03-20,1,2021,0.724,0.328,28.08,30.89,MODIS,78.05,6.48,2021-03-20 02:00:00
2021-03-21,1,2021,0.677,0.221,26.56,28.7,MODIS,56.65,5.52,2021-03-21 02:00:00
2021-03-22,1,2021,0.711,0.253,26.97,24.71,MODIS,72.08,5.35,2021-03-22 02:00:00
2021-03-23,1,2021,0.718,0.211,26.51,30.22,MODIS,75.24,5.99,2021-03-23 02:00:00
2021-03-24,1,2021,0.682,0.272,26.27,29.52,MODIS,58.54,5.7,2021-03-24 02:00:00
2021-03-25,1,2021,0.672,0.2,26.49,31.3,MODIS,54.32,6.53,2021-03-25 02:00:00
2021-03-26,1,2021,0.724,0.211,26.57,26.48,MODIS,78.2,5.62,2021-03-26 02:00:00
2021-03-27,1,2021,0.708,0.335,26.76,29.74,MODIS,70.94,5.38,2021-03-27 02:00:00
2021-03-28,1,2021,0.717,0.181,28.3,29.46,MODIS,75.07,5.64,2021-03-28 02:00:00
2021-03-29,1,2021,0.703,0.344,26.3,31.15,MODIS,68.52,6.04,2021-03-29 02:00:00
2021-03-30,1,2021,0.728,0.315,27.81,23.94,MODIS,80.13,5.88,2021-03-30 02:00:00
2021-03-31,1,2021,0.709,0.219,25.83,26.96,MODIS,71.46,5.37,2021-03-31 02:00:00
2021-04-01,1,2021,0.736,0.218,26.66,29.25,MODIS,83.74,5.39,2021-04-01 02:00:00
2021-04-02,1,2021,0.693,0.345,27.28,29.29,MODIS,63.7,5.47,2021-04-02 02:00:00
2021-04-03,1,2021,0.702,0.225,27.6,29.51,MODIS,68.11,5.71,2021-04-03 02:00:00
2021-04-04,1,2021,0.702,0.43,27.49,28.29,MODIS,68.27,5.5,2021-04-04 02:00:00
2021-04-05,1,2021,0.726,0.259,28.2,34.25,MODIS,79.05,5.46,2021-04-05 02:00:00
2021-04-06,1,2021,0.692,0.226,26.4,28.3,MODIS,63.27,6.2,2021-04-06 02:00:00
2021-04-07,1,2021,0.702,0.511,27.92,30.27,MODIS,68.03,5.33,2021-04-07 02:00:00
2021-04-08,1,2021,0.697,0.212,26.44,27.51,MODIS,65.76,5.06,2021-04-08 02:00:00
2021-04-09,1,2021,0.71,0.222,27.56,28.12,MODIS,71.97,6.08,2021-04-09 02:00:00
2021-04-10,1,2021,0.707,0.3,25.71,27.66,MODIS,70.26,5.58,2021-04-10 02:00:00
2021-04-11,1,2021,0.702,0.26,27.15,27.44,MODIS,67.96,6.33,2021-04-11 02:00:00
2021-04-12,1,2021,0.707,0.394,26.27,28.81,MODIS,70.16,6.08,2021-04-12 02:00:00
2021-04-13,1,2021,0.725,0.247,25.88,29.22,MODIS,78.59,5.3,2021-04-13 02:00:00
2021-04-14,1,2021,0.708,0.209,27.65,32.42,MODIS,71.02,5.45,2021-04-14 02:00:00
2021-04-15,1,2021,0.709,0.243,27.18,27.1,MODIS,71.52,5.81,2021-04-15 02:00:00
2021-04-16,1,2021,0.695,0.262,26.27,28.29,MODIS,64.72,5.32,2021-04-16 02:00:00
2021-04-17,1,2021,0.69,0.386,25.89,31.12,MODIS,62.66,5.63,2021-04-17 02:00:00
2021-04-18,1,2021,0.701,0.257,26.87,28.49,MODIS,67.43,6.11,2021-04-18 02:00:00
2021-04-19,1,2021,0.686,0.191,27.26,27.33,MODIS,60.75,5.43,2021-04-19 02:00:00
2021-04-20,1,2021,0.696,0.237,28.45,26.15,MODIS,65.45,5.6,2021-04-20 02:00:00
2021-04-21,1,2021,0.705,0.373,27.17,28.02,MODIS,69.52,6.24,2021-04-21 02:00:00
2021-04-22,1,2021,0.699,0.207,27.54,26.45,MODIS,66.45,6.04,2021-04-22 02:00:00
2021-04-23,1,2021,0.684,0.43,27.45,26.82,MODIS,59.55,5.59,2021-04-23 02:00:00
2021-04-24,1,2021,0.71,0.312,27.11,28.22,MODIS,71.56,5.49,2021-04-24 02:00:00
2021-04-25,1,2021,0.682,0.225,27.11,25.48,MODIS,58.94,5.93,2021-04-25 02:00:00
2021-04-26,1,2021,0.699,0.211,27.83,31.68,MODIS,66.68,6.6,2021-04-26 02:00:00
2021-04-27,1,2021,0.696,0.434,26.99,28.12,MODIS,65.11,5.87,2021-04-27 02:00:00
2021-04-28,1,2021,0.67,0.213,26.23,26.16,MODIS,53.23,5.53,2021-04-28 02:00:00
2021-04-29,1,2021,0.71,0.216,27.43,26.59,MODIS,71.78,5.66,2021-04-29 02:00:00
2021-04-30,1,2021,0.683,0.258,26.62,28.61,MODIS,59.11,6.27,2021-04-30 02:00:00
2021-05-01,1,2021,0.69,0.222,28.66,27.34,MODIS,62.64,6.49,2021-05-01 02:00:00
2021-05-02,1,2021,0.688,0.233,28.12,25.6,MODIS,61.73,5.65,2021-05-02 02:00:00
2021-05-03,1,2021,0.663,0.6,27.92,27.83,MODIS,50.14,5.56,2021-05-03 02:00:00
2021-05-04,1,2021,0.686,0.226,27.17,23.59,MODIS,60.55,5.98,2021-05-04 02:00:00
2021-05-05,1,2021,0.689,0.194,26.39,28.42,MODIS,62.23,7.08,2021-05-05 02:00:00
2021-05-06,1,2021,0.658,0.328,27.55,27.29,MODIS,47.83,5.24,2021-05-06 02:00:00
2021-05-07,1,2021,0.695,0.219,27.6,27.73,MODIS,64.57,6.45,2021-05-07 02:00:00
2021-05-08,1,2021,0.68,0.273,27.92,27.42,MODIS,57.67,6.07,2021-05-08 02:00:00
2021-05-09,1,2021,0.678,0.305,27.0,28.47,MODIS,56.99,6.02,2021-05-09 02:00:00
2021-05-10,1,2021,0.677,0.257,27.75,27.48,MODIS,56.47,5.57,2021-05-10 02:00:00
2021-05-11,1,2021,0.707,0.226,27.83,27.91,MODIS,70.39,5.87,2021-05-11 02:00:00
2021-05-12,1,2021,0.693,0.345,27.18,25.5,MODIS,63.93,5.4,2021-05-12 02:00:00
2021-05-13,1,2021,0.685,0.443,27.32,30.56,MODIS,60.37,5.95,2021-05-13 02:00:00
2021-05-14,1,2021,0.688,0.225,26.75,28.08,MODIS,61.55,6.58,2021-05-14 02:00:00
2021-05-15,1,2021,0.69,0.243,27.46,26.38,MODIS,62.67,6.1,2021-05-15 02:00:00
2021-05-16,1,2021,0.684,0.211,27.69,26.27,MODIS,59.82,5.99,2021-05-16 02:00:00
2021-05-17,1,2021,0.693,0.248,27.7,27.15,MODIS,63.92,5.96,2021-05-17 02:00:00
2021-05-18,1,2021,0.693,0.403,28.6,27.49,MODIS,63.75,5.93,2021-05-18 02:00:00
2021-05-19,1,2021,0.668,0.336,27.36,30.41,MODIS,52.37,5.76,2021-05-19 02:00:00
2021-05-20,1,2021,0.668,0.265,27.54,27.63,MODIS,52.4,6.08,2021-05-20 02:00:00
2021-05-21,1,2021,0.675,0.212,28.57,27.34,MODIS,55.73,6.05,2021-05-21 02:00:00
2021-05-22,1,2021,0.683,0.25,26.85,25.24,MODIS,59.33,5.91,2021-05-22 02:00:00
2021-05-23,1,2021,0.692,0.284,27.15,27.07,MODIS,63.38,5.83,2021-05-23 02:00:00
2021-05-24,1,2021,0.69,0.327,27.68,22.83,MODIS,62.42,6.09,2021-05-24 02:00:00
2021-05-25,1,2021,0.688,0.391,28.72,27.02,MODIS,61.48,6.35,2021-05-25 02:00:00
2021-05-26,1,2021,0.671,0.188,27.68,26.13,MODIS,53.8,6.78,2021-05-26 02:00:00
2021-05-27,1,2021,0.685,0.219,27.87,23.72,MODIS,60.34,5.21,2021-05-27 02:00:00
2021-05-28,1,2021,0.671,0.385,27.25,30.64,MODIS,53.65,6.32,2021-05-28 02:00:00
2021-05-29,1,2021,0.667,0.237,28.43,28.38,MODIS,51.97,5.59,2021-05-29 02:00:00
2021-05-30,1,2021,0.688,0.261,26.85,26.07,MODIS,61.58,6.19,2021-05-30 02:00:00
2021-05-31,1,2021,0.691,0.206,27.31,30.71,MODIS,62.88,6.3,2021-05-31 02:00:00
2021-06-01,1,2021,0.662,0.212,27.11,25.13,MODIS,49.63,6.05,2021-06-01 02:00:00
2021-06-02,1,2021,0.673,0.261,28.0,26.47,MODIS,54.73,6.61,2021-06-02 02:00:00
2021-06-03,1,2021,0.656,0.322,27.86,29.36,MODIS,46.48,6.04,2021-06-03 02:00:00
2021-06-04,1,2021,0.685,0.287,28.49,28.69,MODIS,60.26,6.48,2021-06-04 02:00:00
2021-06-05,1,2021,0.681,0.229,28.43,30.23,MODIS,58.22,5.72,2021-06-05 02:00:00
2021-06-06,1,2021,0.699,0.215,27.69,28.0,MODIS,66.56,6.27,2021-06-06 02:00:00
2021-06-07,1,2021,0.676,0.236,26.23,30.49,MODIS,56.19,6.68,2021-06-07 02:00:00
2021-06-08,1,2021,0.682,0.181,27.78,28.62,MODIS,58.98,6.0,2021-06-08 02:00:00
2021-06-09,1,2021,0.685,0.345,27.57,28.4,MODIS,60.34,6.27,2021-06-09 02:00:00
2021-06-10,1,2021,0.681,0.217,26.16,29.02,MODIS,58.1,6.3,2021-06-10 02:00:00
2021-06-11,1,2021,0.674,0.258,26.56,32.4,MODIS,54.88,6.38,2021-06-11 02:00:00
2021-06-12,1,2021,0.674,0.283,27.97,27.04,MODIS,55.09,6.13,2021-06-12 02:00:00
2021-06-13,1,2021,0.686,0.285,26.99,24.81,MODIS,60.41,5.4,2021-06-13 02:00:00
2021-06-14,1,2021,0.675,0.231,28.26,28.16,MODIS,55.29,6.33,2021-06-14 02:00:00
2021-06-15,1,2021,0.66,0.213,29.47,29.59,MODIS,48.61,6.42,2021-06-15 02:00:00
2021-06-16,1,2021,0.668,0.253,26.51,26.49,MODIS,52.37,5.83,2021-06-16 02:00:00
2021-06-17,1,2021,0.661,0.235,26.85,26.13,MODIS,48.82,6.06,2021-06-17 02:00:00
2021-06-18,1,2021,0.683,0.236,27.61,23.56,MODIS,59.16,6.3,2021-06-18 02:00:00
2021-06-19,1,2021,0.655,0.261,27.07,26.26,MODIS,46.38,6.12,2021-06-19 02:00:00
2021-06-20,1,2021,0.668,0.227,28.36,26.12,MODIS,52.49,5.97,2021-06-20 02:00:00
2021-06-21,1,2021,0.678,0.168,28.42,27.68,MODIS,56.88,6.24,2021-06-21 02:00:00
2021-06-22,1,2021,0.661,0.351,28.28,27.59,MODIS,49.0,6.48,2021-06-22 02:00:00
2021-06-23,1,2021,0.647,0.4,27.57,27.27,MODIS,42.45,6.16,2021-06-23 02:00:00
2021-06-24,1,2021,0.675,0.272,28.54,24.67,MODIS,55.73,6.63,2021-06-24 02:00:00
2021-06-25,1,2021,0.649,0.209,27.35,26.69,MODIS,43.6,6.6,2021-06-25 02:00:00
2021-06-26,1,2021,0.673,0.27,27.72,31.01,MODIS,54.72,6.03,2021-06-26 02:00:00
2021-06-27,1,2021,0.653,0.21,27.96,27.04,MODIS,45.45,5.57,2021-06-27 02:00:00
2021-06-28,1,2021,0.667,0.22,27.37,26.08,MODIS,51.67,6.88,2021-06-28 02:00:00
2021-06-29,1,2021,0.672,0.232,28.53,23.98,MODIS,53.99,6.33,2021-06-29 02:00:00
2021-06-30,1,2021,0.679,0.334,27.51,23.17,MODIS,57.45,6.51,2021-06-30 02:00:00
2021-07-01,1,2021,0.641,0.263,28.42,28.2,MODIS,39.66,5.71,2021-07-01 02:00:00
2021-07-02,1,2021,0.636,0.187,27.68,26.12,MODIS,37.5,5.85,2021-07-02 02:00:00
2021-07-03,1,2021,0.645,0.233,27.85,25.72,MODIS,41.79,6.85,2021-07-03 02:00:00
2021-07-04,1,2021,0.658,0.204,28.38,26.01,MODIS,47.6,6.28,2021-07-04 02:00:00
2021-07-05,1,2021,0.676,0.27,29.82,29.16,MODIS,56.05,6.82,2021-07-05 02:00:00
2021-07-06,1,2021,0.68,0.205,27.18,29.12,MODIS,57.62,5.99,2021-07-06 02:00:00
2021-07-07,1,2021,0.678,0.233,27.78,31.14,MODIS,56.85,5.74,2021-07-07 02:00:00
2021-07-08,1,2021,0.646,0.178,28.2,27.8,MODIS,41.91,6.1,2021-07-08 02:00:00
2021-07-09,1,2021,0.654,0.332,26.97,21.37,MODIS,45.81,5.62,2021-07-09 02:00:00
2021-07-10,1,2021,0.66,0.238,28.6,32.09,MODIS,48.48,6.09,2021-07-10 02:00:00
2021-07-11,1,2021,0.647,0.318,28.04,29.38,MODIS,42.32,5.94,2021-07-11 02:00:00
2021-07-12,1,2021,0.669,0.493,28.27,26.37,MODIS,52.75,6.25,2021-07-12 02:00:00
2021-07-13,1,2021,0.691,0.218,28.0,22.34,MODIS,63.1,5.91,2021-07-13 02:00:00
2021-07-14,1,2021,0.668,0.279,27.95,27.52,MODIS,52.05,6.62,2021-07-14 02:00:00
2021-07-15,1,2021,0.666,0.215,28.79,28.04,MODIS,51.24,6.69,2021-07-15 02:00:00
2021-07-16,1,2021,0.654,0.503,28.7,27.01,MODIS,45.54,6.08,2021-07-16 02:00:00
2021-07-17,1,2021,0.664,0.234,28.9,30.25,MODIS,50.29,5.8,2021-07-17 02:00:00
2021-07-18,1,2021,0.654,0.308,27.23,22.24,MODIS,45.56,6.01,2021-07-18 02:00:00
2021-07-19,1,2021,0.662,0.224,27.65,25.59,MODIS,49.61,5.95,2021-07-19 02:00:00
2021-07-20,1,2021,0.651,0.205,27.84,27.88,MODIS,44.59,6.94,2021-07-20 02:00:00
2021-07-21,1,2021,0.645,0.263,27.92,26.52,MODIS,41.44,5.79,2021-07-21 02:00:00
2021-07-22,1,2021,0.678,0.227,27.63,27.56,MODIS,56.84,6.62,2021-07-22 02:00:00
2021-07-23,1,2021,0.661,0.277,29.12,27.34,MODIS,49.09,5.92,2021-07-23 02:00:00
2021-07-24,1,2021,0.626,0.474,28.26,25.99,MODIS,32.94,6.5,2021-07-24 02:00:00
2021-07-25,1,2021,0.669,0.246,28.55,27.57,MODIS,52.58,6.37,2021-07-25 02:00:00
2021-07-26,1,2021,0.633,0.225,29.31,25.86,MODIS,36.1,6.11,2021-07-26 02:00:00
2021-07-27,1,2021,0.643,0.275,27.55,28.27,MODIS,40.71,6.62,2021-07-27 02:00:00
2021-07-28,1,2021,0.663,0.167,27.02,24.0,MODIS,49.84,6.97,2021-07-28 02:00:00
2021-07-29,1,2021,0.653,0.408,28.24,24.26,MODIS,45.34,6.86,2021-07-29 02:00:00
2021-07-30,1,2021,0.622,0.158,29.85,25.94,MODIS,30.8,6.19,2021-07-30 02:00:00
2021-07-31,1,2021,0.642,0.246,28.69,29.25,MODIS,40.0,6.61,2021-07-31 02:00:00
2021-08-01,1,2021,0.643,0.2,28.32,23.72,MODIS,40.57,6.23,2021-08-01 02:00:00
2021-08-02,1,2021,0.657,0.249,29.46,24.23,MODIS,47.17,6.88,2021-08-02 02:00:00
2021-08-03,1,2021,0.682,0.2,28.27,30.75,MODIS,58.8,5.95,2021-08-03 02:00:00
2021-08-04,1,2021,0.648,0.289,28.74,26.37,MODIS,42.92,5.77,2021-08-04 02:00:00
2021-08-05,1,2021,0.644,0.197,29.01,24.94,MODIS,40.91,7.13,2021-08-05 02:00:00
2021-08-06,1,2021,0.645,0.255,28.27,25.89,MODIS,41.6,5.99,2021-08-06 02:00:00
2021-08-07,1,2021,0.657,0.201,28.55,28.73,MODIS,47.18,6.41,2021-08-07 02:00:00
2021-08-08,1,2021,0.64,0.327,28.8,28.04,MODIS,39.12,6.07,2021-08-08 02:00:00
2021-08-09,1,2021,0.652,0.258,29.61,28.47,MODIS,44.74,6.7,2021-08-09 02:00:00
2021-08-10,1,2021,0.667,0.3,28.61,23.84,MODIS,51.84,5.67,2021-08-10 02:00:00
2021-08-11,1,2021,0.649,0.411,28.78,22.8,MODIS,43.26,6.72,2021-08-11 02:00:00
2021-08-12,1,2021,0.647,0.215,29.06,25.06,MODIS,42.29,5.93,2021-08-12 02:00:00
2021-08-13,1,2021,0.649,0.45,28.86,24.68,MODIS,43.35,6.17,2021-08-13 02:00:00
2021-08-14,1,2021,0.639,0.193,27.44,24.16,MODIS,38.64,6.73,2021-08-14 02:00:00
2021-08-15,1,2021,0.64,0.48,29.54,24.34,MODIS,39.14,7.3,2021-08-15 02:00:00
2021-08-16,1,2021,0.631,0.207,27.82,27.4,MODIS,35.09,6.9,2021-08-16 02:00:00
2021-08-17,1,2021,0.665,0.207,27.95,27.56,MODIS,50.79,7.0,2021-08-17 02:00:00
2021-08-18,1,2021,0.64,0.262,28.26,25.22,MODIS,39.08,6.57,2021-08-18 02:00:00
2021-08-19,1,2021,0.646,0.31,28.53,29.21,MODIS,42.16,5.71,2021-08-19 02:00:00
2021-08-20,1,2021,0.646,0.215,28.87,23.0,MODIS,42.15,6.5,2021-08-20 02:00:00
2021-08-21,1,2021,0.66,0.37,26.77,25.41,MODIS,48.55,5.67,2021-08-21 02:00:00
2021-08-22,1,2021,0.616,0.27,28.41,28.79,MODIS,27.94,6.57,2021-08-22 02:00:00
2021-08-23,1,2021,0.659,0.28,29.11,24.93,MODIS,48.03,6.35,2021-08-23 02:00:00
2021-08-24,1,2021,0.622,0.169,29.1,23.91,MODIS,31.08,6.5,2021-08-24 02:00:00
2021-08-25,1,2021,0.629,0.175,28.37,27.52,MODIS,34.39,6.53,2021-08-25 02:00:00
2021-08-26,1,2021,0.632,0.278,28.88,29.24,MODIS,35.73,6.96,2021-08-26 02:00:00
2021-08-27,1,2021,0.643,0.217,28.33,30.43,MODIS,40.79,6.12,2021-08-27 02:00:00
2021-08-28,1,2021,0.637,0.232,29.33,29.13,MODIS,37.71,5.4,2021-08-28 02:00:00
2021-08-29,1,2021,0.617,0.414,28.58,23.36,MODIS,28.75,5.89,2021-08-29 02:00:00
2021-08-30,1,2021,0.637,0.173,27.91,26.16,MODIS,37.96,5.7,2021-08-30 02:00:00
2021-08-31,1,2021,0.644,0.187,28.14,28.51,MODIS,41.07,6.88,2021-08-31 02:00:00
2021-09-01,1,2021,0.623,0.225,27.92,25.6,MODIS,31.28,6.15,2021-09-01 02:00:00
2021-09-02,1,2021,0.65,0.251,28.94,26.16,MODIS,43.82,5.59,2021-09-02 02:00:00
2021-09-03,1,2021,0.639,0.214,29.67,26.92,MODIS,39.0,6.51,2021-09-03 02:00:00
2021-09-04,1,2021,0.629,0.239,28.67,27.89,MODIS,34.31,5.44,2021-09-04 02:00:00
2021-09-05,1,2021,0.632,0.347,27.85,24.33,MODIS,35.41,6.49,2021-09-05 02:00:00
2021-09-06,1,2021,0.647,0.222,27.48,26.9,MODIS,42.56,6.21,2021-09-06 02:00:00
2021-09-07,1,2021,0.623,0.264,28.01,23.83,MODIS,31.35,7.05,2021-09-07 02:00:00
2021-09-08,1,2021,0.596,0.318,28.77,27.12,MODIS,18.86,6.51,2021-09-08 02:00:00
2021-09-09,1,2021,0.624,0.193,28.4,26.7,MODIS,32.03,6.39,2021-09-09 02:00:00
2021-09-10,1,2021,0.633,0.195,28.07,26.97,MODIS,36.21,6.81,2021-09-10 02:00:00
2021-09-11,1,2021,0.611,0.172,27.4,24.72,MODIS,25.86,6.4,2021-09-11 02:00:00
2021-09-12,1,2021,0.604,0.26,28.76,29.01,MODIS,22.41,6.54,2021-09-12 02:00:00
2021-09-13,1,2021,0.612,0.357,28.61,23.12,MODIS,26.07,6.3,2021-09-13 02:00:00
2021-09-14,1,2021,0.624,0.221,29.16,25.41,MODIS,31.82,6.45,2021-09-14 02:00:00
2021-09-15,1,2021,0.612,0.221,28.74,26.39,MODIS,26.25,6.73,2021-09-15 02:00:00
2021-09-16,1,2021,0.593,0.196,27.54,25.04,MODIS,17.66,6.13,2021-09-16 02:00:00
2021-09-17,1,2021,0.632,0.23,29.3,23.87,MODIS,35.69,7.22,2021-09-17 02:00:00
2021-09-18,1,2021,0.621,0.248,28.25,30.05,MODIS,30.31,6.21,2021-09-18 02:00:00
2021-09-19,1,2021,0.612,0.235,28.96,24.86,MODIS,26.5,6.44,2021-09-19 02:00:00
2021-09-20,1,2021,0.595,0.6,29.86,22.21,MODIS,18.5,7.25,2021-09-20 02:00:00
2021-09-21,1,2021,0.608,0.226,28.37,26.45,MODIS,24.19,5.61,2021-09-21 02:00:00
2021-09-22,1,2021,0.602,0.259,29.03,25.51,MODIS,21.78,6.64,2021-09-22 02:00:00
2021-09-23,1,2021,0.619,0.455,30.07,24.41,MODIS,29.37,6.63,2021-09-23 02:00:00
2021-09-24,1,2021,0.624,0.301,27.79,25.03,MODIS,31.89,6.26,2021-09-24 02:00:00
2021-09-25,1,2021,0.626,0.197,28.49,26.76,MODIS,32.87,6.74,2021-09-25 02:00:00
2021-09-26,1,2021,0.623,0.158,28.46,24.47,MODIS,31.43,6.86,2021-09-26 02:00:00
2021-09-27,1,2021,0.61,0.22,28.3,26.02,MODIS,25.19,6.46,2021-09-27 02:00:00
2021-09-28,1,2021,0.604,0.177,28.01,24.11,MODIS,22.56,6.51,2021-09-28 02:00:00
2021-09-29,1,2021,0.582,0.217,29.21,28.82,MODIS,12.38,6.54,2021-09-29 02:00:00
2021-09-30,1,2021,0.639,0.326,30.13,24.57,MODIS,38.78,5.93,2021-09-30 02:00:00
2021-10-01,1,2021,0.631,0.309,29.18,23.39,MODIS,34.91,6.14,2021-10-01 02:00:00
2021-10-02,1,2021,0.603,0.342,29.41,25.47,MODIS,21.96,6.74,2021-10-02 02:00:00
2021-10-03,1,2021,0.594,0.343,28.81,27.63,MODIS,17.73,5.76,2021-10-03 02:00:00
2021-10-04,1,2021,0.626,0.29,28.01,27.19,MODIS,32.68,6.51,2021-10-04 02:00:00
2021-10-05,1,2021,0.614,0.193,29.33,27.23,MODIS,27.22,5.78,2021-10-05 02:00:00
2021-10-06,1,2021,0.619,0.312,27.89,26.34,MODIS,29.73,6.24,2021-10-06 02:00:00
2021-10-07,1,2021,0.597,0.25,27.83,29.67,MODIS,19.35,6.49,2021-10-07 02:00:00
2021-10-08,1,2021,0.609,0.155,29.06,25.57,MODIS,25.04,5.9,2021-10-08 02:00:00
2021-10-09,1,2021,0.598,0.201,28.76,24.7,MODIS,19.66,6.56,2021-10-09 02:00:00
2021-10-10,1,2021,0.645,0.234,29.85,26.37,MODIS,41.79,7.02,2021-10-10 02:00:00
2021-10-11,1,2021,0.62,0.236,29.03,22.13,MODIS,29.79,6.64,2021-10-11 02:00:00
2021-10-12,1,2021,0.624,0.229,28.22,25.54,MODIS,31.79,7.9,2021-10-12 02:00:00
2021-10-13,1,2021,0.602,0.216,29.64,24.19,MODIS,21.83,6.92,2021-10-13 02:00:00
2021-10-14,1,2021,0.6,0.237,29.28,24.24,MODIS,20.83,6.75,2021-10-14 02:00:00
2021-10-15,1,2021,0.593,0.34,28.78,25.73,MODIS,17.32,6.47,2021-10-15 02:00:00
2021-10-16,1,2021,0.608,0.408,27.97,28.13,MODIS,24.35,6.19,2021-10-16 02:00:00
2021-10-17,1,2021,0.588,0.187,29.71,24.11,MODIS,14.95,6.54,2021-10-17 02:00:00
2021-10-18,1,2021,0.596,0.216,28.79,24.14,MODIS,18.7,7.16,2021-10-18 02:00:00
2021-10-19,1,2021,0.613,0.22,28.15,26.93,MODIS,26.51,6.83,2021-10-19 02:00:00
2021-10-20,1,2021,0.613,0.201,28.59,25.24,MODIS,26.85,6.65,2021-10-20 02:00:00
2021-10-21,1,2021,0.603,0.378,29.58,28.33,MODIS,22.22,7.04,2021-10-21 02:00:00
2021-10-22,1,2021,0.619,0.217,29.53,28.24,MODIS,29.68,6.27,2021-10-22 02:00:00
2021-10-23,1,2021,0.593,0.22,28.57,27.94,MODIS,17.6,6.56,2021-10-23 02:00:00
2021-10-24,1,2021,0.633,0.433,29.47,26.98,MODIS,35.79,6.37,2021-10-24 02:00:00
2021-10-25,1,2021,0.615,0.281,28.22,24.43,MODIS,27.81,5.86,2021-10-25 02:00:00
2021-10-26,1,2021,0.567,0.351,30.02,24.24,MODIS,5.28,6.54,2021-10-26 02:00:00
2021-10-27,1,2021,0.595,0.222,27.44,26.54,MODIS,18.2,6.85,2021-10-27 02:00:00
2021-10-28,1,2021,0.607,0.216,29.86,27.39,MODIS,23.89,5.98,2021-10-28 02:00:00
2021-10-29,1,2021,0.591,0.183,29.25,23.95,MODIS,16.54,6.41,2021-10-29 02:00:00
2021-10-30,1,2021,0.634,0.417,29.81,23.27,MODIS,36.59,6.33,2021-10-30 02:00:00
2021-10-31,1,2021,0.585,0.245,29.39,24.55,MODIS,13.89,6.35,2021-10-31 02:00:00
2021-11-01,1,2021,0.606,0.251,29.7,24.69,MODIS,23.64,7.21,2021-11-01 02:00:00
2021-11-02,1,2021,0.602,0.186,28.29,26.88,MODIS,21.72,7.53,2021-11-02 02:00:00
2021-11-03,1,2021,0.573,0.22,29.46,24.37,MODIS,7.98,6.46,2021-11-03 02:00:00
2021-11-04,1,2021,0.612,0.208,30.05,25.72,MODIS,26.27,6.84,2021-11-04 02:00:00
2021-11-05,1,2021,0.608,0.211,28.86,24.48,MODIS,24.26,6.93,2021-11-05 02:00:00
2021-11-06,1,2021,0.593,0.21,29.0,25.73,MODIS,17.65,7.6,2021-11-06 02:00:00
2021-11-07,1,2021,0.6,0.2,30.54,23.5,MODIS,20.77,7.63,2021-11-07 02:00:00
2021-11-08,1,2021,0.57,0.23,30.24,24.14,MODIS,6.74,6.82,2021-11-08 02:00:00
2021-11-09,1,2021,0.578,0.256,29.3,28.38,MODIS,10.44,6.35,2021-11-09 02:00:00
2021-11-10,1,2021,0.588,0.211,30.04,22.58,MODIS,15.19,6.38,2021-11-10 02:00:00
2021-11-11,1,2021,0.586,0.372,30.43,22.39,MODIS,14.24,6.53,2021-11-11 02:00:00
2021-11-12,1,2021,0.617,0.259,29.74,25.82,MODIS,28.71,6.66,2021-11-12 02:00:00
2021-11-13,1,2021,0.6,0.273,28.84,22.62,MODIS,20.84,6.51,2021-11-13 02:00:00
2021-11-14,1,2021,0.582,0.215,28.46,22.05,MODIS,12.13,7.32,2021-11-14 02:00:00
2021-11-15,1,2021,0.571,0.179,30.09,24.24,MODIS,7.32,6.22,2021-11-15 02:00:00
2021-11-16,1,2021,0.592,0.191,28.02,27.32,MODIS,17.04,7.86,2021-11-16 02:00:00
2021-11-17,1,2021,0.573,0.211,30.01,22.73,MODIS,8.35,7.05,2021-11-17 02:00:00
2021-11-18,1,2021,0.619,0.208,30.12,26.12,MODIS,29.35,7.15,2021-11-18 02:00:00
2021-11-19,1,2021,0.603,0.179,30.29,19.96,MODIS,22.2,7.28,2021-11-19 02:00:00
2021-11-20,1,2021,0.609,0.2,30.28,20.46,MODIS,24.74,7.71,2021-11-20 02:00:00
2021-11-21,1,2021,0.571,0.265,29.88,25.87,MODIS,7.15,6.72,2021-11-21 02:00:00
2021-11-22,1,2021,0.603,0.19,29.42,22.03,MODIS,22.25,6.65,2021-11-22 02:00:00
2021-11-23,1,2021,0.573,0.241,28.6,26.82,MODIS,7.99,7.82,2021-11-23 02:00:00
2021-11-24,1,2021,0.587,0.16,29.43,22.78,MODIS,14.86,7.4,2021-11-24 02:00:00
2021-11-25,1,2021,0.597,0.183,28.59,24.79,MODIS,19.25,6.62,2021-11-25 02:00:00
2021-11-26,1,2021,0.587,0.237,28.82,26.12,MODIS,14.88,6.94,2021-11-26 02:00:00
2021-11-27,1,2021,0.58,0.233,28.25,21.87,MODIS,11.45,6.53,2021-11-27 02:00:00
2021-11-28,1,2021,0.564,0.254,30.9,21.14,MODIS,3.89,6.31,2021-11-28 02:00:00
2021-11-29,1,2021,0.603,0.218,28.73,23.57,MODIS,21.89,7.34,2021-11-29 02:00:00
2021-11-30,1,2021,0.59,0.245,28.54,23.28,MODIS,16.17,7.12,2021-11-30 02:00:00
2021-12-01,1,2021,0.559,0.255,29.08,24.73,MODIS,1.67,5.95,2021-12-01 02:00:00
2021-12-02,1,2021,0.596,0.261,28.59,26.23,MODIS,19.06,6.97,2021-12-02 02:00:00
2021-12-03,1,2021,0.584,0.387,30.39,25.07,MODIS,13.48,6.23,2021-12-03 02:00:00
2021-12-04,1,2021,0.564,0.189,29.96,22.74,MODIS,3.77,7.03,2021-12-04 02:00:00
2021-12-05,1,2021,0.589,0.252,31.09,25.83,MODIS,15.47,7.58,2021-12-05 02:00:00
2021-12-06,1,2021,0.564,0.225,29.37,26.89,MODIS,4.05,6.46,2021-12-06 02:00:00
2021-12-07,1,2021,0.578,0.272,30.11,26.23,MODIS,10.59,7.16,2021-12-07 02:00:00
2021-12-08,1,2021,0.608,0.206,28.37,25.5,MODIS,24.33,6.96,2021-12-08 02:00:00
2021-12-09,1,2021,0.57,0.214,30.6,25.92,MODIS,6.56,7.74,2021-12-09 02:00:00
2021-12-10,1,2021,0.579,0.198,29.57,23.31,MODIS,11.1,6.9,2021-12-10 02:00:00
2021-12-11,1,2021,0.56,0.212,29.52,22.09,MODIS,2.06,6.82,2021-12-11 02:00:00
2021-12-12,1,2021,0.581,0.188,28.83,23.69,MODIS,11.86,7.66,2021-12-12 02:00:00
2021-12-13,1,2021,0.566,0.348,30.22,25.76,MODIS,4.88,6.96,2021-12-13 02:00:00
2021-12-14,1,2021,0.561,0.209,28.97,22.35,MODIS,2.7,6.71,2021-12-14 02:00:00
2021-12-15,1,2021,0.575,0.183,30.09,25.93,MODIS,9.15,6.15,2021-12-15 02:00:00
2021-12-16,1,2021,0.555,0.222,29.82,23.1,MODIS,0.0,7.33,2021-12-16 02:00:00
2021-12-17,1,2021,0.571,0.226,29.4,20.43,MODIS,7.25,6.78,2021-12-17 02:00:00
2021-12-18,1,2021,0.6,0.147,31.02,20.57,MODIS,20.75,6.7,2021-12-18 02:00:00
2021-12-19,1,2021,0.573,0.249,29.09,23.81,MODIS,7.95,7.43,2021-12-19 02:00:00
2021-12-20,1,2021,0.564,0.184,29.08,26.53,MODIS,4.21,7.09,2021-12-20 02:00:00
2021-12-21,1,2021,0.565,0.241,29.35,24.9,MODIS,4.51,6.59,2021-12-21 02:00:00
2021-12-22,1,2021,0.565,0.296,30.41,23.23,MODIS,4.38,6.71,2021-12-22 02:00:00
2021-12-23,1,2021,0.569,0.235,29.38,24.07,MODIS,6.12,6.8,2021-12-23 02:00:00
2021-12-24,1,2021,0.576,0.224,28.71,21.89,MODIS,9.46,6.62,2021-12-24 02:00:00
2021-12-25,1,2021,0.579,0.193,29.42,22.49,MODIS,10.9,6.89,2021-12-25 02:00:00
2021-12-26,1,2021,0.58,0.339,30.66,23.8,MODIS,11.27,7.41,2021-12-26 02:00:00
2021-12-27,1,2021,0.571,0.164,29.91,26.1,MODIS,7.1,6.72,2021-12-27 02:00:00
2021-12-28,1,2021,0.57,0.274,30.88,23.21,MODIS,6.72,7.44,2021-12-28 02:00:00
2021-12-29,1,2021,0.583,0.417,30.27,23.36,MODIS,12.85,7.51,2021-12-29 02:00:00
2021-12-30,1,2021,0.571,0.185,30.23,22.2,MODIS,7.35,6.98,2021-12-30 02:00:00
2021-12-31,1,2021,0.585,0.342,30.54,20.38,MODIS,13.91,6.8,2021-12-31 02:00:00
2022-01-01,1,2022,0.742,0.322,26.91,33.82,MODIS,87.25,6.13,2022-01-01 02:00:00
2022-01-02,1,2022,0.746,0.224,26.34,29.07,MODIS,89.16,4.95,2022-01-02 02:00:00
2022-01-03,1,2022,0.766,0.211,26.83,27.25,MODIS,98.49,5.26,2022-01-03 02:00:00
2022-01-04,1,2022,0.74,0.274,25.8,28.23,MODIS,86.47,4.71,2022-01-04 02:00:00
2022-01-05,1,2022,0.76,0.304,27.35,29.36,MODIS,95.51,5.02,2022-01-05 02:00:00
2022-01-06,1,2022,0.746,0.202,26.88,27.9,MODIS,89.21,5.46,2022-01-06 02:00:00
2022-01-07,1,2022,0.748,0.317,25.53,30.47,MODIS,90.17,6.88,2022-01-07 02:00:00
2022-01-08,1,2022,0.754,0.225,26.17,31.5,MODIS,92.92,5.27,2022-01-08 02:00:00
2022-01-09,1,2022,0.749,0.185,26.68,29.13,MODIS,90.55,5.37,2022-01-09 02:00:00
2022-01-10,1,2022,0.746,0.322,25.84,28.64,MODIS,89.24,5.31,2022-01-10 02:00:00
2022-01-11,1,2022,0.756,0.342,25.05,29.68,MODIS,94.0,4.79,2022-01-11 02:00:00
2022-01-12,1,2022,0.705,0.302,26.89,30.48,MODIS,70.68,5.26,2022-01-12 02:00:00
2022-01-13,1,2022,0.751,0.223,26.63,30.14,MODIS,91.55,5.35,2022-01-13 02:00:00
2022-01-14,1,2022,0.737,0.195,25.74,31.43,MODIS,85.05,5.57,2022-01-14 02:00:00
2022-01-15,1,2022,0.77,0.343,25.81,31.18,MODIS,100.0,6.09,2022-01-15 02:00:00
2022-01-16,1,2022,0.731,0.265,26.45,29.89,MODIS,82.32,5.56,2022-01-16 02:00:00
2022-01-17,1,2022,0.739,0.307,24.8,29.82,MODIS,86.26,5.1,2022-01-17 02:00:00
2022-01-18,1,2022,0.726,0.235,26.16,29.66,MODIS,80.27,6.17,2022-01-18 02:00:00
2022-01-19,1,2022,0.728,0.25,27.56,30.63,MODIS,81.16,5.53,2022-01-19 02:00:00
2022-01-20,1,2022,0.731,0.289,25.72,30.95,MODIS,82.41,6.24,2022-01-20 02:00:00
2022-01-21,1,2022,0.74,0.408,24.86,29.62,MODIS,86.38,5.57,2022-01-21 02:00:00
2022-01-22,1,2022,0.747,0.461,26.01,29.37,MODIS,89.75,6.24,2022-01-22 02:00:00
2022-01-23,1,2022,0.717,0.334,26.98,29.87,MODIS,76.13,5.67,2022-01-23 02:00:00
2022-01-24,1,2022,0.731,0.315,25.93,32.54,MODIS,82.43,5.49,2022-01-24 02:00:00
2022-01-25,1,2022,0.746,0.219,27.99,29.2,MODIS,89.15,5.27,2022-01-25 02:00:00
2022-01-26,1,2022,0.741,0.398,25.89,30.09,MODIS,87.09,6.04,2022-01-26 02:00:00
2022-01-27,1,2022,0.717,0.26,26.63,31.24,MODIS,76.18,5.04,2022-01-27 02:00:00
2022-01-28,1,2022,0.726,0.225,25.43,29.29,MODIS,80.25,5.78,2022-01-28 02:00:00
2022-01-29,1,2022,0.744,0.342,26.27,34.2,MODIS,88.57,5.61,2022-01-29 02:00:00
2022-01-30,1,2022,0.735,0.197,25.66,28.3,MODIS,84.18,5.4,2022-01-30 02:00:00
2022-01-31,1,2022,0.759,0.269,26.9,29.83,MODIS,95.28,5.87,2022-01-31 02:00:00
2022-02-01,1,2022,0.734,0.193,25.43,28.55,MODIS,83.67,5.75,2022-02-01 02:00:00
2022-02-02,1,2022,0.745,0.465,25.79,33.44,MODIS,88.71,5.57,2022-02-02 02:00:00
2022-02-03,1,2022,0.753,0.193,26.42,29.39,MODIS,92.36,5.28,2022-02-03 02:00:00
2022-02-04,1,2022,0.744,0.221,26.84,27.26,MODIS,88.54,6.01,2022-02-04 02:00:00
2022-02-05,1,2022,0.731,0.234,25.43,33.39,MODIS,82.44,6.38,2022-02-05 02:00:00
2022-02-06,1,2022,0.736,0.196,27.5,27.2,MODIS,84.91,5.47,2022-02-06 02:00:00
2022-02-07,1,2022,0.721,0.227,25.95,31.84,MODIS,77.82,5.59,2022-02-07 02:00:00
2022-02-08,1,2022,0.741,0.242,26.33,28.03,MODIS,87.12,5.62,2022-02-08 02:00:00
2022-02-09,1,2022,0.728,0.219,26.92,28.85,MODIS,81.29,5.53,2022-02-09 02:00:00
2022-02-10,1,2022,0.741,0.196,26.57,27.92,MODIS,87.19,5.6,2022-02-10 02:00:00
2022-02-11,1,2022,0.709,0.204,25.84,31.7,MODIS,72.49,5.79,2022-02-11 02:00:00
2022-02-12,1,2022,0.715,0.314,26.4,26.33,MODIS,75.26,6.01,2022-02-12 02:00:00
2022-02-13,1,2022,0.713,0.212,27.13,26.81,MODIS,74.45,5.65,2022-02-13 02:00:00
2022-02-14,1,2022,0.716,0.272,26.71,28.72,MODIS,75.73,5.34,2022-02-14 02:00:00
2022-02-15,1,2022,0.707,0.189,25.78,26.07,MODIS,71.63,5.81,2022-02-15 02:00:00
2022-02-16,1,2022,0.728,0.35,27.13,30.59,MODIS,81.14,5.91,2022-02-16 02:00:00
2022-02-17,1,2022,0.712,0.322,26.15,27.13,MODIS,73.72,5.42,2022-02-17 02:00:00
2022-02-18,1,2022,0.725,0.186,25.96,29.08,MODIS,79.78,6.2,2022-02-18 02:00:00
2022-02-19,1,2022,0.724,0.216,26.74,30.62,MODIS,79.19,5.49,2022-02-19 02:00:00
2022-02-20,1,2022,0.719,0.246,26.14,27.25,MODIS,77.03,5.3,2022-02-20 02:00:00
2022-02-21,1,2022,0.712,0.358,25.92,31.78,MODIS,74.02,5.85,2022-02-21 02:00:00
2022-02-22,1,2022,0.736,0.176,26.44,31.06,MODIS,84.57,5.47,2022-02-22 02:00:00
2022-02-23,1,2022,0.702,0.358,27.33,30.11,MODIS,69.31,5.28,2022-02-23 02:00:00
2022-02-24,1,2022,0.699,0.504,25.88,29.12,MODIS,68.02,5.46,2022-02-24 02:00:00
2022-02-25,1,2022,0.729,0.219,26.15,31.86,MODIS,81.49,6.23,2022-02-25 02:00:00
2022-02-26,1,2022,0.718,0.2,26.59,29.27,MODIS,76.55,5.63,2022-02-26 02:00:00
2022-02-27,1,2022,0.702,0.378,26.54,25.86,MODIS,69.07,4.99,2022-02-27 02:00:00
2022-02-28,1,2022,0.731,0.348,26.97,27.9,MODIS,82.6,5.48,2022-02-28 02:00:00
2022-03-01,1,2022,0.731,0.24,27.51,28.0,MODIS,82.34,5.01,2022-03-01 02:00:00
2022-03-02,1,2022,0.725,0.3,26.62,27.39,MODIS,79.69,6.0,2022-03-02 02:00:00
2022-03-03,1,2022,0.726,0.331,25.88,30.37,MODIS,80.02,5.41,2022-03-03 02:00:00
2022-03-04,1,2022,0.702,0.278,28.19,31.73,MODIS,69.14,6.18,2022-03-04 02:00:00
2022-03-05,1,2022,0.744,0.322,26.04,30.05,MODIS,88.14,6.56,2022-03-05 02:00:00
2022-03-06,1,2022,0.702,0.143,26.58,28.96,MODIS,69.07,5.09,2022-03-06 02:00:00
2022-03-07,1,2022,0.697,0.188,26.75,29.19,MODIS,67.16,5.66,2022-03-07 02:00:00
2022-03-08,1,2022,0.729,0.274,26.26,29.11,MODIS,81.76,5.59,2022-03-08 02:00:00
2022-03-09,1,2022,0.732,0.27,26.33,27.52,MODIS,83.07,5.84,2022-03-09 02:00:00
2022-03-10,1,2022,0.714,0.291,26.43,29.9,MODIS,74.58,5.91,2022-03-10 02:00:00
2022-03-11,1,2022,0.712,0.227,27.29,27.57,MODIS,74.02,5.55,2022-03-11 02:00:00
2022-03-12,1,2022,0.71,0.215,26.28,27.74,MODIS,72.99,5.61,2022-03-12 02:00:00
2022-03-13,1,2022,0.698,0.23,25.26,29.58,MODIS,67.28,5.89,2022-03-13 02:00:00
2022-03-14,1,2022,0.725,0.275,25.57,30.39,MODIS,79.95,6.08,2022-03-14 02:00:00
2022-03-15,1,2022,0.712,0.295,26.97,28.11,MODIS,73.67,5.53,2022-03-15 02:00:00
2022-03-16,1,2022,0.716,0.213,27.54,23.98,MODIS,75.64,5.67,2022-03-16 02:00:00
2022-03-17,1,2022,0.71,0.222,26.37,26.86,MODIS,73.02,5.22,2022-03-17 02:00:00
2022-03-18,1,2022,0.736,0.187,25.97,29.71,MODIS,84.62,6.21,2022-03-18 02:00:00
2022-03-19,1,2022,0.703,0.196,27.03,29.14,MODIS,69.9,5.56,2022-03-19 02:00:00
2022-03-20,1,2022,0.713,0.232,26.71,27.47,MODIS,74.07,5.25,2022-03-20 02:00:00
2022-03-21,1,2022,0.699,0.194,25.67,29.72,MODIS,67.88,6.12,2022-03-21 02:00:00
2022-03-22,1,2022,0.694,0.195,26.09,24.37,MODIS,65.65,5.75,2022-03-22 02:00:00
2022-03-23,1,2022,0.716,0.189,26.01,26.95,MODIS,75.8,6.09,2022-03-23 02:00:00
2022-03-24,1,2022,0.703,0.205,26.53,29.77,MODIS,69.89,4.96,2022-03-24 02:00:00
2022-03-25,1,2022,0.699,0.248,28.24,28.48,MODIS,68.11,5.94,2022-03-25 02:00:00
2022-03-26,1,2022,0.715,0.16,28.24,28.71,MODIS,75.28,4.84,2022-03-26 02:00:00
2022-03-27,1,2022,0.687,0.201,27.83,27.68,MODIS,62.44,5.29,2022-03-27 02:00:00
2022-03-28,1,2022,0.699,0.258,27.5,26.78,MODIS,68.03,6.18,2022-03-28 02:00:00
2022-03-29,1,2022,0.721,0.173,26.14,30.3,MODIS,77.76,6.05,2022-03-29 02:00:00
2022-03-30,1,2022,0.717,0.213,26.27,30.75,MODIS,76.16,6.49,2022-03-30 02:00:00
2022-03-31,1,2022,0.713,0.422,27.43,26.73,MODIS,74.23,5.99,2022-03-31 02:00:00
2022-04-01,1,2022,0.727,0.27,26.96,29.37,MODIS,80.53,6.24,2022-04-01 02:00:00
2022-04-02,1,2022,0.694,0.466,27.65,29.88,MODIS,65.57,5.13,2022-04-02 02:00:00
2022-04-03,1,2022,0.728,0.453,26.47,29.78,MODIS,81.07,5.13,2022-04-03 02:00:00
2022-04-04,1,2022,0.684,0.168,27.38,33.25,MODIS,61.25,6.07,2022-04-04 02:00:00
2022-04-05,1,2022,0.689,0.6,26.81,27.98,MODIS,63.59,6.08,2022-04-05 02:00:00
2022-04-06,1,2022,0.709,0.301,26.66,29.78,MODIS,72.25,6.69,2022-04-06 02:00:00
2022-04-07,1,2022,0.729,0.221,27.86,25.51,MODIS,81.39,6.1,2022-04-07 02:00:00
2022-04-08,1,2022,0.707,0.322,27.51,27.48,MODIS,71.77,5.56,2022-04-08 02:00:00
2022-04-09,1,2022,0.669,0.374,27.2,27.76,MODIS,54.4,6.33,2022-04-09 02:00:00
2022-04-10,1,2022,0.69,0.243,26.95,27.51,MODIS,63.71,5.19,2022-04-10 02:00:00
2022-04-11,1,2022,0.687,0.292,25.69,26.15,MODIS,62.68,5.87,2022-04-11 02:00:00
2022-04-12,1,2022,0.722,0.197,26.01,29.09,MODIS,78.15,5.61,2022-04-12 02:00:00
2022-04-13,1,2022,0.688,0.232,26.89,28.54,MODIS,62.83,6.42,2022-04-13 02:00:00
2022-04-14,1,2022,0.712,0.233,27.58,30.14,MODIS,74.04,5.55,2022-04-14 02:00:00
2022-04-15,1,2022,0.704,0.18,27.0,28.86,MODIS,70.16,5.73,2022-04-15 02:00:00
2022-04-16,1,2022,0.737,0.233,27.38,30.1,MODIS,85.04,5.87,2022-04-16 02:00:00
2022-04-17,1,2022,0.681,0.464,25.78,31.81,MODIS,59.84,5.56,2022-04-17 02:00:00
2022-04-18,1,2022,0.7,0.191,26.71,30.33,MODIS,68.52,5.96,2022-04-18 02:00:00
2022-04-19,1,2022,0.685,0.229,26.5,30.15,MODIS,61.69,5.56,2022-04-19 02:00:00
2022-04-20,1,2022,0.692,0.262,27.18,27.02,MODIS,64.56,5.66,2022-04-20 02:00:00
2022-04-21,1,2022,0.685,0.441,28.72,29.79,MODIS,61.77,5.8,2022-04-21 02:00:00
2022-04-22,1,2022,0.683,0.23,27.3,32.65,MODIS,60.44,5.44,2022-04-22 02:00:00
2022-04-23,1,2022,0.689,0.193,27.63,26.22,MODIS,63.51,4.97,2022-04-23 02:00:00
2022-04-24,1,2022,0.689,0.218,28.57,28.07,MODIS,63.18,5.95,2022-04-24 02:00:00
2022-04-25,1,2022,0.71,0.229,27.83,29.66,MODIS,72.83,5.43,2022-04-25 02:00:00
2022-04-26,1,2022,0.677,0.319,26.86,26.29,MODIS,57.94,5.19,2022-04-26 02:00:00
2022-04-27,1,2022,0.706,0.553,28.58,27.17,MODIS,71.3,5.78,2022-04-27 02:00:00
2022-04-28,1,2022,0.708,0.241,27.26,27.48,MODIS,71.85,5.41,2022-04-28 02:00:00
2022-04-29,1,2022,0.675,0.206,26.82,30.87,MODIS,57.13,6.0,2022-04-29 02:00:00
2022-04-30,1,2022,0.689,0.196,27.66,25.97,MODIS,63.19,6.31,2022-04-30 02:00:00
2022-05-01,1,2022,0.682,0.194,27.42,27.16,MODIS,60.32,6.18,2022-05-01 02:00:00
2022-05-02,1,2022,0.688,0.176,28.82,28.12,MODIS,63.01,5.3,2022-05-02 02:00:00
2022-05-03,1,2022,0.703,0.247,27.96,26.37,MODIS,69.56,6.32,2022-05-03 02:00:00
2022-05-04,1,2022,0.674,0.445,26.45,28.74,MODIS,56.61,6.41,2022-05-04 02:00:00
2022-05-05,1,2022,0.674,0.328,26.78,26.73,MODIS,56.73,6.43,2022-05-05 02:00:00
2022-05-06,1,2022,0.666,0.231,27.96,28.62,MODIS,52.95,6.53,2022-05-06 02:00:00
2022-05-07,1,2022,0.693,0.377,27.09,29.2,MODIS,65.09,5.46,2022-05-07 02:00:00
2022-05-08,1,2022,0.681,0.322,27.41,24.05,MODIS,59.63,6.56,2022-05-08 02:00:00
2022-05-09,1,2022,0.697,0.269,27.92,26.26,MODIS,67.18,6.09,2022-05-09 02:00:00
2022-05-10,1,2022,0.667,0.266,26.8,26.18,MODIS,53.45,5.99,2022-05-10 02:00:00
2022-05-11,1,2022,0.685,0.18,27.35,28.65,MODIS,61.71,6.07,2022-05-11 02:00:00
2022-05-12,1,2022,0.707,0.294,27.65,28.66,MODIS,71.42,5.18,2022-05-12 02:00:00
2022-05-13,1,2022,0.692,0.197,26.45,24.48,MODIS,64.84,5.74,2022-05-13 02:00:00
2022-05-14,1,2022,0.667,0.194,27.11,27.37,MODIS,53.2,5.05,2022-05-14 02:00:00
2022-05-15,1,2022,0.686,0.219,26.71,29.75,MODIS,62.21,5.63,2022-05-15 02:00:00
2022-05-16,1,2022,0.687,0.206,28.42,29.74,MODIS,62.38,5.92,2022-05-16 02:00:00
2022-05-17,1,2022,0.675,0.254,27.34,27.56,MODIS,57.1,6.01,2022-05-17 02:00:00
2022-05-18,1,2022,0.641,0.207,27.7,27.14,MODIS,41.35,5.98,2022-05-18 02:00:00
2022-05-19,1,2022,0.677,0.449,27.37,29.52,MODIS,58.1,6.24,2022-05-19 02:00:00
2022-05-20,1,2022,0.696,0.236,27.92,25.86,MODIS,66.42,5.48,2022-05-20 02:00:00
2022-05-21,1,2022,0.67,0.251,27.59,27.87,MODIS,54.66,6.05,2022-05-21 02:00:00
2022-05-22,1,2022,0.681,0.349,27.49,28.51,MODIS,59.65,5.21,2022-05-22 02:00:00
2022-05-23,1,2022,0.679,0.208,28.39,27.86,MODIS,58.93,6.15,2022-05-23 02:00:00
2022-05-24,1,2022,0.684,0.319,26.93,25.01,MODIS,60.94,6.44,2022-05-24 02:00:00
2022-05-25,1,2022,0.671,0.258,28.89,29.29,MODIS,55.34,6.78,2022-05-25 02:00:00
2022-05-26,1,2022,0.69,0.255,27.09,28.13,MODIS,64.04,5.76,2022-05-26 02:00:00
2022-05-27,1,2022,0.683,0.346,27.6,28.62,MODIS,60.76,6.28,2022-05-27 02:00:00
2022-05-28,1,2022,0.681,0.207,28.5,25.55,MODIS,59.92,5.46,2022-05-28 02:00:00
2022-05-29,1,2022,0.659,0.24,27.9,24.36,MODIS,49.78,6.27,2022-05-29 02:00:00
2022-05-30,1,2022,0.681,0.25,27.49,28.92,MODIS,59.57,5.95,2022-05-30 02:00:00
2022-05-31,1,2022,0.673,0.39,27.0,26.41,MODIS,56.27,5.6,2022-05-31 02:00:00
2022-06-01,1,2022,0.707,0.353,27.24,29.95,MODIS,71.54,6.26,2022-06-01 02:00:00
2022-06-02,1,2022,0.678,0.287,27.83,26.16,MODIS,58.21,5.7,2022-06-02 02:00:00
2022-06-03,1,2022,0.698,0.214,27.54,29.91,MODIS,67.66,5.57,2022-06-03 02:00:00
2022-06-04,1,2022,0.647,0.243,26.7,24.81,MODIS,44.44,6.47,2022-06-04 02:00:00
2022-06-05,1,2022,0.632,0.368,27.57,23.76,MODIS,37.49,6.44,2022-06-05 02:00:00
2022-06-06,1,2022,0.676,0.195,26.87,28.66,MODIS,57.52,5.62,2022-06-06 02:00:00
2022-06-07,1,2022,0.687,0.217,28.21,28.67,MODIS,62.28,6.24,2022-06-07 02:00:00
2022-06-08,1,2022,0.668,0.261,28.17,26.67,MODIS,54.04,6.05,2022-06-08 02:00:00
2022-06-09,1,2022,0.673,0.336,28.79,25.45,MODIS,55.89,6.56,2022-06-09 02:00:00
2022-06-10,1,2022,0.672,0.338,27.81,24.35,MODIS,55.56,5.88,2022-06-10 02:00:00
2022-06-11,1,2022,0.674,0.19,27.36,27.18,MODIS,56.33,6.31,2022-06-11 02:00:00
2022-06-12,1,2022,0.666,0.186,27.43,24.64,MODIS,52.8,6.05,2022-06-12 02:00:00
2022-06-13,1,2022,0.676,0.251,28.05,25.77,MODIS,57.44,5.95,2022-06-13 02:00:00
2022-06-14,1,2022,0.642,0.264,28.58,26.1,MODIS,41.94,5.9,2022-06-14 02:00:00
2022-06-15,1,2022,0.662,0.427,26.87,29.75,MODIS,51.2,6.07,2022-06-15 02:00:00
2022-06-16,1,2022,0.683,0.228,28.62,29.19,MODIS,60.68,6.3,2022-06-16 02:00:00
2022-06-17,1,2022,0.689,0.22,27.6,27.65,MODIS,63.45,6.59,2022-06-17 02:00:00
2022-06-18,1,2022,0.663,0.172,29.27,30.09,MODIS,51.54,6.01,2022-06-18 02:00:00
2022-06-19,1,2022,0.667,0.213,28.07,29.83,MODIS,53.53,5.96,2022-06-19 02:00:00
2022-06-20,1,2022,0.675,0.402,28.09,29.91,MODIS,57.05,5.94,2022-06-20 02:00:00
2022-06-21,1,2022,0.654,0.206,28.11,26.26,MODIS,47.29,5.92,2022-06-21 02:00:00
2022-06-22,1,2022,0.667,0.281,28.06,28.64,MODIS,53.24,6.06,2022-06-22 02:00:00
2022-06-23,1,2022,0.675,0.278,28.28,27.79,MODIS,56.85,6.19,2022-06-23 02:00:00
2022-06-24,1,2022,0.62,0.241,29.19,26.46,MODIS,32.23,5.9,2022-06-24 02:00:00
2022-06-25,1,2022,0.665,0.207,27.88,26.09,MODIS,52.33,6.62,2022-06-25 02:00:00
2022-06-26,1,2022,0.653,0.252,27.93,30.21,MODIS,47.14,5.81,2022-06-26 02:00:00
2022-06-27,1,2022,0.666,0.198,26.76,25.5,MODIS,52.83,5.99,2022-06-27 02:00:00
2022-06-28,1,2022,0.67,0.219,27.65,28.06,MODIS,54.54,6.07,2022-06-28 02:00:00
2022-06-29,1,2022,0.656,0.178,27.3,29.24,MODIS,48.25,5.73,2022-06-29 02:00:00
2022-06-30,1,2022,0.637,0.242,28.69,25.62,MODIS,39.86,6.3,2022-06-30 02:00:00
2022-07-01,1,2022,0.673,0.314,28.31,26.88,MODIS,56.03,6.57,2022-07-01 02:00:00
2022-07-02,1,2022,0.646,0.227,29.02,24.76,MODIS,43.81,6.87,2022-07-02 02:00:00
2022-07-03,1,2022,0.695,0.36,27.15,22.53,MODIS,66.15,6.72,2022-07-03 02:00:00
2022-07-04,1,2022,0.661,0.216,28.04,28.16,MODIS,50.56,6.14,2022-07-04 02:00:00
2022-07-05,1,2022,0.645,0.227,27.76,25.73,MODIS,43.48,6.34,2022-07-05 02:00:00
2022-07-06,1,2022,0.641,0.42,28.94,30.26,MODIS,41.78,6.19,2022-07-06 02:00:00
2022-07-07,1,2022,0.686,0.186,28.27,28.2,MODIS,61.78,6.06,2022-07-07 02:00:00
2022-07-08,1,2022,0.673,0.313,29.42,28.63,MODIS,56.09,5.47,2022-07-08 02:00:00
2022-07-09,1,2022,0.666,0.264,28.46,31.45,MODIS,52.87,5.8,2022-07-09 02:00:00
2022-07-10,1,2022,0.657,0.212,28.07,25.39,MODIS,48.63,6.21,2022-07-10 02:00:00
2022-07-11,1,2022,0.665,0.447,29.09,26.66,MODIS,52.35,6.06,2022-07-11 02:00:00
2022-07-12,1,2022,0.674,0.197,27.97,27.44,MODIS,56.75,5.82,2022-07-12 02:00:00
2022-07-13,1,2022,0.653,0.206,29.0,29.31,MODIS,46.9,6.27,2022-07-13 02:00:00
2022-07-14,1,2022,0.642,0.295,28.29,25.24,MODIS,42.07,6.08,2022-07-14 02:00:00
2022-07-15,1,2022,0.655,0.188,27.68,27.26,MODIS,48.0,6.81,2022-07-15 02:00:00
2022-07-16,1,2022,0.646,0.242,27.66,24.89,MODIS,43.9,5.7,2022-07-16 02:00:00
2022-07-17,1,2022,0.658,0.195,28.42,25.68,MODIS,49.27,6.14,2022-07-17 02:00:00
2022-07-18,1,2022,0.665,0.23,27.81,28.64,MODIS,52.64,6.37,2022-07-18 02:00:00
2022-07-19,1,2022,0.655,0.194,27.71,26.14,MODIS,48.09,5.5,2022-07-19 02:00:00
2022-07-20,1,2022,0.643,0.322,27.69,30.16,MODIS,42.54,6.88,2022-07-20 02:00:00
2022-07-21,1,2022,0.643,0.395,27.74,26.39,MODIS,42.64,6.2,2022-07-21 02:00:00
2022-07-22,1,2022,0.656,0.253,27.72,25.2,MODIS,48.27,6.06,2022-07-22 02:00:00
2022-07-23,1,2022,0.627,0.228,29.21,25.88,MODIS,35.41,6.07,2022-07-23 02:00:00
2022-07-24,1,2022,0.639,0.281,27.94,24.54,MODIS,40.7,6.57,2022-07-24 02:00:00
2022-07-25,1,2022,0.653,0.208,28.24,29.77,MODIS,46.98,6.46,2022-07-25 02:00:00
2022-07-26,1,2022,0.658,0.189,28.67,24.03,MODIS,49.09,6.22,2022-07-26 02:00:00
2022-07-27,1,2022,0.635,0.354,27.89,28.97,MODIS,38.93,5.77,2022-07-27 02:00:00
2022-07-28,1,2022,0.643,0.232,28.1,30.25,MODIS,42.56,6.07,2022-07-28 02:00:00
2022-07-29,1,2022,0.631,0.213,29.61,27.49,MODIS,37.17,5.81,2022-07-29 02:00:00
2022-07-30,1,2022,0.616,0.43,27.45,26.06,MODIS,30.35,6.08,2022-07-30 02:00:00
2022-07-31,1,2022,0.639,0.169,29.08,25.2,MODIS,40.85,6.74,2022-07-31 02:00:00
2022-08-01,1,2022,0.625,0.543,27.59,27.31,MODIS,34.48,6.1,2022-08-01 02:00:00
2022-08-02,1,2022,0.647,0.242,27.9,26.53,MODIS,44.28,6.13,2022-08-02 02:00:00
2022-08-03,1,2022,0.62,0.308,27.33,26.69,MODIS,31.94,6.42,2022-08-03 02:00:00
2022-08-04,1,2022,0.646,0.208,28.46,28.8,MODIS,43.77,5.85,2022-08-04 02:00:00
2022-08-05,1,2022,0.662,0.207,28.22,28.12,MODIS,51.09,6.26,2022-08-05 02:00:00
2022-08-06,1,2022,0.648,0.209,28.43,29.22,MODIS,44.66,5.99,2022-08-06 02:00:00
2022-08-07,1,2022,0.619,0.188,27.06,25.85,MODIS,31.7,6.66,2022-08-07 02:00:00
2022-08-08,1,2022,0.625,0.223,28.96,24.57,MODIS,34.12,6.52,2022-08-08 02:00:00
2022-08-09,1,2022,0.639,0.219,29.03,25.12,MODIS,40.82,6.72,2022-08-09 02:00:00
2022-08-10,1,2022,0.666,0.206,29.62,25.41,MODIS,52.8,5.66,2022-08-10 02:00:00
2022-08-11,1,2022,0.637,0.184,28.58,24.33,MODIS,39.8,5.87,2022-08-11 02:00:00
2022-08-12,1,2022,0.644,0.22,27.86,25.61,MODIS,42.87,6.19,2022-08-12 02:00:00
2022-08-13,1,2022,0.622,0.195,26.85,26.75,MODIS,32.77,5.22,2022-08-13 02:00:00
2022-08-14,1,2022,0.63,0.253,28.28,25.39,MODIS,36.74,5.71,2022-08-14 02:00:00
2022-08-15,1,2022,0.654,0.407,28.45,26.47,MODIS,47.26,6.57,2022-08-15 02:00:00
2022-08-16,1,2022,0.637,0.238,29.23,27.24,MODIS,39.95,5.85,2022-08-16 02:00:00
2022-08-17,1,2022,0.62,0.221,27.91,25.25,MODIS,32.06,6.36,2022-08-17 02:00:00
2022-08-18,1,2022,0.639,0.234,29.05,27.12,MODIS,40.79,5.47,2022-08-18 02:00:00
2022-08-19,1,2022,0.662,0.183,29.23,27.37,MODIS,51.09,6.67,2022-08-19 02:00:00
2022-08-20,1,2022,0.648,0.238,28.6,28.06,MODIS,44.55,6.82,2022-08-20 02:00:00
2022-08-21,1,2022,0.619,0.199,26.34,24.57,MODIS,31.69,5.99,2022-08-21 02:00:00
2022-08-22,1,2022,0.652,0.209,28.28,26.29,MODIS,46.43,5.98,2022-08-22 02:00:00
2022-08-23,1,2022,0.632,0.224,29.1,24.0,MODIS,37.46,5.88,2022-08-23 02:00:00
2022-08-24,1,2022,0.614,0.236,28.24,26.8,MODIS,29.21,6.19,2022-08-24 02:00:00
2022-08-25,1,2022,0.619,0.264,27.82,24.44,MODIS,31.58,6.92,2022-08-25 02:00:00
2022-08-26,1,2022,0.617,0.363,27.7,29.41,MODIS,30.65,6.65,2022-08-26 02:00:00
2022-08-27,1,2022,0.618,0.238,28.64,25.55,MODIS,31.3,6.96,2022-08-27 02:00:00
2022-08-28,1,2022,0.638,0.318,28.44,26.19,MODIS,40.3,6.42,2022-08-28 02:00:00
2022-08-29,1,2022,0.623,0.261,28.07,26.59,MODIS,33.18,5.77,2022-08-29 02:00:00
2022-08-30,1,2022,0.627,0.193,28.01,24.1,MODIS,35.12,5.66,2022-08-30 02:00:00
2022-08-31,1,2022,0.638,0.207,28.38,28.35,MODIS,40.37,5.94,2022-08-31 02:00:00
2022-09-01,1,2022,0.644,0.232,29.57,23.04,MODIS,42.94,6.52,2022-09-01 02:00:00
2022-09-02,1,2022,0.627,0.248,29.93,24.4,MODIS,35.18,6.14,2022-09-02 02:00:00
2022-09-03,1,2022,0.644,0.227,29.07,24.0,MODIS,42.84,6.05,2022-09-03 02:00:00
2022-09-04,1,2022,0.621,0.245,28.56,26.01,MODIS,32.32,6.61,2022-09-04 02:00:00
2022-09-05,1,2022,0.62,0.187,28.43,24.66,MODIS,32.08,6.41,2022-09-05 02:00:00
2022-09-06,1,2022,0.644,0.226,27.66,28.14,MODIS,43.13,6.13,2022-09-06 02:00:00
2022-09-07,1,2022,0.641,0.221,28.72,27.34,MODIS,41.67,7.06,2022-09-07 02:00:00
2022-09-08,1,2022,0.615,0.217,28.11,24.76,MODIS,29.79,6.44,2022-09-08 02:00:00
2022-09-09,1,2022,0.618,0.455,29.48,29.38,MODIS,31.32,6.56,2022-09-09 02:00:00
2022-09-10,1,2022,0.618,0.178,29.23,30.15,MODIS,31.13,6.73,2022-09-10 02:00:00
2022-09-11,1,2022,0.61,0.292,28.78,26.26,MODIS,27.34,6.74,2022-09-11 02:00:00
2022-09-12,1,2022,0.635,0.202,28.17,24.52,MODIS,39.0,5.92,2022-09-12 02:00:00
2022-09-13,1,2022,0.622,0.243,29.41,26.14,MODIS,33.14,6.55,2022-09-13 02:00:00
2022-09-14,1,2022,0.623,0.193,28.35,27.79,MODIS,33.28,6.65,2022-09-14 02:00:00
2022-09-15,1,2022,0.603,0.246,29.16,27.96,MODIS,24.33,6.04,2022-09-15 02:00:00
2022-09-16,1,2022,0.622,0.477,30.28,21.13,MODIS,32.75,6.89,2022-09-16 02:00:00
2022-09-17,1,2022,0.625,0.45,27.83,21.34,MODIS,34.45,6.91,2022-09-17 02:00:00
2022-09-18,1,2022,0.647,0.214,30.08,24.78,MODIS,44.48,6.92,2022-09-18 02:00:00
2022-09-19,1,2022,0.628,0.451,28.87,26.02,MODIS,35.51,6.42,2022-09-19 02:00:00
2022-09-20,1,2022,0.645,0.383,28.69,26.22,MODIS,43.58,7.09,2022-09-20 02:00:00
2022-09-21,1,2022,0.626,0.202,28.85,24.88,MODIS,34.82,6.26,2022-09-21 02:00:00
2022-09-22,1,2022,0.628,0.262,28.2,22.93,MODIS,35.55,6.34,2022-09-22 02:00:00
2022-09-23,1,2022,0.595,0.174,28.35,24.36,MODIS,20.69,7.18,2022-09-23 02:00:00
2022-09-24,1,2022,0.613,0.2,28.88,23.14,MODIS,28.63,6.26,2022-09-24 02:00:00
2022-09-25,1,2022,0.606,0.279,28.35,26.07,MODIS,25.67,7.09,2022-09-25 02:00:00
2022-09-26,1,2022,0.624,0.35,29.2,23.3,MODIS,33.94,6.55,2022-09-26 02:00:00
2022-09-27,1,2022,0.628,0.237,29.38,25.16,MODIS,35.72,6.78,2022-09-27 02:00:00
2022-09-28,1,2022,0.625,0.511,27.85,24.51,MODIS,34.4,6.36,2022-09-28 02:00:00
2022-09-29,1,2022,0.627,0.256,29.05,26.62,MODIS,35.41,6.96,2022-09-29 02:00:00
2022-09-30,1,2022,0.641,0.217,30.13,25.7,MODIS,41.51,5.91,2022-09-30 02:00:00
2022-10-01,1,2022,0.608,0.219,28.98,25.48,MODIS,26.43,7.1,2022-10-01 02:00:00
2022-10-02,1,2022,0.638,0.196,29.87,27.64,MODIS,40.27,7.24,2022-10-02 02:00:00
2022-10-03,1,2022,0.604,0.268,28.95,25.93,MODIS,24.57,6.62,2022-10-03 02:00:00
2022-10-04,1,2022,0.619,0.193,28.36,22.44,MODIS,31.65,7.3,2022-10-04 02:00:00
2022-10-05,1,2022,0.636,0.178,29.13,25.18,MODIS,39.35,6.89,2022-10-05 02:00:00
2022-10-06,1,2022,0.583,0.283,29.37,26.64,MODIS,15.33,5.63,2022-10-06 02:00:00
2022-10-07,1,2022,0.622,0.243,28.45,24.8,MODIS,32.84,6.23,2022-10-07 02:00:00
2022-10-08,1,2022,0.59,0.277,29.08,26.93,MODIS,18.55,6.84,2022-10-08 02:00:00
2022-10-09,1,2022,0.632,0.348,28.41,19.94,MODIS,37.48,5.91,2022-10-09 02:00:00
2022-10-10,1,2022,0.617,0.232,29.4,25.25,MODIS,30.47,6.39,2022-10-10 02:00:00
2022-10-11,1,2022,0.632,0.252,28.84,23.61,MODIS,37.55,6.8,2022-10-11 02:00:00
2022-10-12,1,2022,0.604,0.21,28.26,25.01,MODIS,24.7,6.99,2022-10-12 02:00:00
2022-10-13,1,2022,0.599,0.307,29.88,21.84,MODIS,22.39,7.09,2022-10-13 02:00:00
2022-10-14,1,2022,0.601,0.247,30.33,25.55,MODIS,23.58,6.43,2022-10-14 02:00:00
2022-10-15,1,2022,0.626,0.278,28.99,26.23,MODIS,34.91,6.44,2022-10-15 02:00:00
2022-10-16,1,2022,0.601,0.385,28.4,24.94,MODIS,23.34,6.9,2022-10-16 02:00:00
2022-10-17,1,2022,0.595,0.252,29.67,26.42,MODIS,20.76,6.46,2022-10-17 02:00:00
2022-10-18,1,2022,0.605,0.237,29.59,25.26,MODIS,25.24,6.39,2022-10-18 02:00:00
2022-10-19,1,2022,0.591,0.317,29.28,23.56,MODIS,18.77,6.89,2022-10-19 02:00:00
2022-10-20,1,2022,0.612,0.196,29.93,25.64,MODIS,28.33,6.58,2022-10-20 02:00:00
2022-10-21,1,2022,0.605,0.183,29.57,30.32,MODIS,25.13,6.4,2022-10-21 02:00:00
2022-10-22,1,2022,0.635,0.259,28.87,26.18,MODIS,38.62,6.24,2022-10-22 02:00:00
2022-10-23,1,2022,0.579,0.265,29.35,27.63,MODIS,13.35,7.17,2022-10-23 02:00:00
2022-10-24,1,2022,0.568,0.234,29.64,26.43,MODIS,8.17,6.94,2022-10-24 02:00:00
2022-10-25,1,2022,0.618,0.207,29.16,24.21,MODIS,30.96,5.69,2022-10-25 02:00:00
2022-10-26,1,2022,0.589,0.261,28.33,23.54,MODIS,17.81,6.5,2022-10-26 02:00:00
2022-10-27,1,2022,0.589,0.172,29.32,25.53,MODIS,17.86,7.21,2022-10-27 02:00:00
2022-10-28,1,2022,0.605,0.521,29.86,25.14,MODIS,25.23,6.38,2022-10-28 02:00:00
2022-10-29,1,2022,0.628,0.476,29.0,26.32,MODIS,35.69,7.36,2022-10-29 02:00:00
2022-10-30,1,2022,0.592,0.589,29.54,21.95,MODIS,19.19,6.03,2022-10-30 02:00:00
2022-10-31,1,2022,0.579,0.248,29.05,24.88,MODIS,13.6,6.47,2022-10-31 02:00:00
2022-11-01,1,2022,0.593,0.232,28.91,22.68,MODIS,19.6,6.94,2022-11-01 02:00:00
2022-11-02,1,2022,0.613,0.24,29.7,25.34,MODIS,28.85,6.72,2022-11-02 02:00:00
2022-11-03,1,2022,0.574,0.232,28.78,27.36,MODIS,11.12,6.11,2022-11-03 02:00:00
2022-11-04,1,2022,0.61,0.204,29.14,25.41,MODIS,27.35,6.41,2022-11-04 02:00:00
2022-11-05,1,2022,0.608,0.253,29.8,25.1,MODIS,26.6,7.39,2022-11-05 02:00:00
2022-11-06,1,2022,0.591,0.212,30.37,28.1,MODIS,18.95,6.91,2022-11-06 02:00:00
2022-11-07,1,2022,0.592,0.27,28.81,22.15,MODIS,19.22,7.1,2022-11-07 02:00:00
2022-11-08,1,2022,0.609,0.253,29.34,25.8,MODIS,26.94,6.88,2022-11-08 02:00:00
2022-11-09,1,2022,0.597,0.208,29.24,24.72,MODIS,21.59,5.77,2022-11-09 02:00:00
2022-11-10,1,2022,0.588,0.337,28.54,23.55,MODIS,17.53,5.99,2022-11-10 02:00:00
2022-11-11,1,2022,0.582,0.348,29.4,26.26,MODIS,14.91,7.57,2022-11-11 02:00:00
2022-11-12,1,2022,0.571,0.289,29.66,26.33,MODIS,9.89,7.52,2022-11-12 02:00:00
2022-11-13,1,2022,0.58,0.18,29.14,27.06,MODIS,13.83,6.31,2022-11-13 02:00:00
2022-11-14,1,2022,0.595,0.29,28.61,26.64,MODIS,20.84,6.31,2022-11-14 02:00:00
2022-11-15,1,2022,0.594,0.278,30.05,20.96,MODIS,20.19,7.65,2022-11-15 02:00:00
2022-11-16,1,2022,0.589,0.262,29.0,24.9,MODIS,17.8,6.85,2022-11-16 02:00:00
2022-11-17,1,2022,0.599,0.299,28.28,26.29,MODIS,22.33,6.14,2022-11-17 02:00:00
2022-11-18,1,2022,0.585,0.347,27.68,26.13,MODIS,15.93,7.07,2022-11-18 02:00:00
2022-11-19,1,2022,0.584,0.237,29.92,26.04,MODIS,15.8,7.52,2022-11-19 02:00:00
2022-11-20,1,2022,0.591,0.196,28.11,26.11,MODIS,18.8,6.24,2022-11-20 02:00:00
2022-11-21,1,2022,0.576,0.273,29.36,25.5,MODIS,12.24,6.15,2022-11-21 02:00:00
2022-11-22,1,2022,0.576,0.242,28.32,27.92,MODIS,11.79,6.5,2022-11-22 02:00:00
2022-11-23,1,2022,0.62,0.218,29.88,23.59,MODIS,31.81,6.66,2022-11-23 02:00:00
2022-11-24,1,2022,0.563,0.207,29.84,22.92,MODIS,6.34,7.28,2022-11-24 02:00:00
2022-11-25,1,2022,0.615,0.338,30.03,20.55,MODIS,29.75,7.37,2022-11-25 02:00:00
2022-11-26,1,2022,0.588,0.187,28.15,22.39,MODIS,17.42,6.87,2022-11-26 02:00:00
2022-11-27,1,2022,0.598,0.183,28.77,26.72,MODIS,22.08,5.86,2022-11-27 02:00:00
2022-11-28,1,2022,0.561,0.208,29.64,22.7,MODIS,5.14,6.59,2022-11-28 02:00:00
2022-11-29,1,2022,0.58,0.24,29.45,26.85,MODIS,14.02,7.13,2022-11-29 02:00:00
2022-11-30,1,2022,0.592,0.163,30.02,28.65,MODIS,19.26,6.12,2022-11-30 02:00:00
2022-12-01,1,2022,0.604,0.275,29.73,19.35,MODIS,24.85,7.69,2022-12-01 02:00:00
2022-12-02,1,2022,0.56,0.213,29.75,23.89,MODIS,4.87,7.66,2022-12-02 02:00:00
2022-12-03,1,2022,0.594,0.189,29.02,27.28,MODIS,20.28,6.91,2022-12-03 02:00:00
2022-12-04,1,2022,0.598,0.2,30.25,26.45,MODIS,21.91,6.65,2022-12-04 02:00:00
2022-12-05,1,2022,0.573,0.203,29.71,26.65,MODIS,10.79,6.43,2022-12-05 02:00:00
2022-12-06,1,2022,0.604,0.203,29.64,24.47,MODIS,24.95,7.33,2022-12-06 02:00:00
2022-12-07,1,2022,0.578,0.19,30.29,24.15,MODIS,13.14,7.09,2022-12-07 02:00:00
2022-12-08,1,2022,0.608,0.206,29.27,23.24,MODIS,26.5,7.15,2022-12-08 02:00:00
2022-12-09,1,2022,0.587,0.268,30.24,22.29,MODIS,17.13,7.99,2022-12-09 02:00:00
2022-12-10,1,2022,0.571,0.257,30.66,27.39,MODIS,9.81,7.35,2022-12-10 02:00:00
2022-12-11,1,2022,0.579,0.54,30.48,27.34,MODIS,13.55,7.54,2022-12-11 02:00:00
2022-12-12,1,2022,0.57,0.26,29.46,22.62,MODIS,9.34,6.97,2022-12-12 02:00:00
2022-12-13,1,2022,0.576,0.467,28.31,23.04,MODIS,12.18,7.24,2022-12-13 02:00:00
2022-12-14,1,2022,0.581,0.201,31.08,22.75,MODIS,14.41,7.13,2022-12-14 02:00:00
2022-12-15,1,2022,0.594,0.199,29.14,24.77,MODIS,20.21,7.7,2022-12-15 02:00:00
2022-12-16,1,2022,0.576,0.554,30.44,26.99,MODIS,12.16,7.15,2022-12-16 02:00:00
2022-12-17,1,2022,0.571,0.245,30.66,24.54,MODIS,9.62,6.63,2022-12-17 02:00:00
2022-12-18,1,2022,0.582,0.184,30.31,27.35,MODIS,14.53,7.61,2022-12-18 02:00:00
2022-12-19,1,2022,0.572,0.23,30.6,25.02,MODIS,10.13,6.48,2022-12-19 02:00:00
2022-12-20,1,2022,0.58,0.199,28.93,25.37,MODIS,13.71,7.1,2022-12-20 02:00:00
2022-12-21,1,2022,0.552,0.204,30.42,24.34,MODIS,0.94,7.79,2022-12-21 02:00:00
2022-12-22,1,2022,0.569,0.218,30.07,26.89,MODIS,8.63,6.48,2022-12-22 02:00:00
2022-12-23,1,2022,0.558,0.305,29.6,28.18,MODIS,3.73,6.9,2022-12-23 02:00:00
2022-12-24,1,2022,0.55,0.191,29.93,20.6,MODIS,0.0,6.98,2022-12-24 02:00:00
2022-12-25,1,2022,0.557,0.264,30.28,23.13,MODIS,3.35,7.06,2022-12-25 02:00:00
2022-12-26,1,2022,0.571,0.185,29.72,20.93,MODIS,9.67,7.09,2022-12-26 02:00:00
2022-12-27,1,2022,0.563,0.439,29.19,24.96,MODIS,6.13,7.08,2022-12-27 02:00:00
2022-12-28,1,2022,0.556,0.247,29.76,24.91,MODIS,2.86,7.47,2022-12-28 02:00:00
2022-12-29,1,2022,0.574,0.205,28.99,23.53,MODIS,10.96,7.79,2022-12-29 02:00:00
2022-12-30,1,2022,0.6,0.377,29.79,23.78,MODIS,22.7,6.52,2022-12-30 02:00:00
2022-12-31,1,2022,0.561,0.227,29.97,25.77,MODIS,5.19,7.31,2022-12-31 02:00:00
2020-01-02,2,2020,0.762,0.237,25.18,30.48,MODIS,98.88,4.96,2020-01-02 02:00:00
2020-01-03,2,2020,0.743,0.242,25.35,30.73,MODIS,89.57,5.7,2020-01-03 02:00:00
2020-01-04,2,2020,0.737,0.41,26.83,30.72,MODIS,86.77,5.67,2020-01-04 02:00:00
2020-01-05,2,2020,0.758,0.183,26.54,35.31,MODIS,96.94,5.05,2020-01-05 02:00:00
2020-01-06,2,2020,0.753,0.191,27.4,29.79,MODIS,94.38,5.71,2020-01-06 02:00:00
2020-01-07,2,2020,0.752,0.214,25.91,30.25,MODIS,93.89,4.46,2020-01-07 02:00:00
2020-01-08,2,2020,0.75,0.6,25.97,28.85,MODIS,92.88,6.63,2020-01-08 02:00:00
2020-01-09,2,2020,0.737,0.309,26.51,30.06,MODIS,86.87,6.09,2020-01-09 02:00:00
2020-01-10,2,2020,0.752,0.527,26.27,28.15,MODIS,94.02,5.14,2020-01-10 02:00:00
2020-01-11,2,2020,0.731,0.207,26.9,30.58,MODIS,84.18,6.04,2020-01-11 02:00:00
2020-01-12,2,2020,0.75,0.264,26.94,31.38,MODIS,92.88,5.67,2020-01-12 02:00:00
2020-01-13,2,2020,0.765,0.242,25.88,32.3,MODIS,100.0,5.59,2020-01-13 02:00:00
2020-01-14,2,2020,0.74,0.352,27.33,28.57,MODIS,88.4,6.0,2020-01-14 02:00:00
2020-01-15,2,2020,0.755,0.181,26.16,29.43,MODIS,95.55,6.34,2020-01-15 02:00:00
2020-01-16,2,2020,0.753,0.26,25.56,30.39,MODIS,94.44,5.27,2020-01-16 02:00:00
2020-01-17,2,2020,0.742,0.254,26.3,31.5,MODIS,89.07,5.97,2020-01-17 02:00:00
2020-01-18,2,2020,0.746,0.224,26.05,29.86,MODIS,91.06,6.09,2020-01-18 02:00:00
2020-01-19,2,2020,0.718,0.327,26.38,26.79,MODIS,77.66,6.27,2020-01-19 02:00:00
2020-01-20,2,2020,0.723,0.225,25.36,29.84,MODIS,80.19,5.56,2020-01-20 02:00:00
2020-01-21,2,2020,0.742,0.432,25.61,29.18,MODIS,89.23,5.34,2020-01-21 02:00:00
2020-01-22,2,2020,0.704,0.348,25.48,26.61,MODIS,71.44,5.47,2020-01-22 02:00:00
2020-01-23,2,2020,0.743,0.209,27.74,29.9,MODIS,89.73,5.58,2020-01-23 02:00:00
2020-01-24,2,2020,0.753,0.319,25.22,30.4,MODIS,94.47,5.47,2020-01-24 02:00:00
2020-01-25,2,2020,0.759,0.291,25.81,32.94,MODIS,97.11,6.31,2020-01-25 02:00:00
2020-01-26,2,2020,0.729,0.362,26.82,31.02,MODIS,83.31,5.44,2020-01-26 02:00:00
2020-01-27,2,2020,0.736,0.269,26.56,28.78,MODIS,86.19,5.47,2020-01-27 02:00:00
2020-01-28,2,2020,0.73,0.6,25.79,28.99,MODIS,83.37,6.23,2020-01-28 02:00:00
2020-01-29,2,2020,0.738,0.327,25.8,28.0,MODIS,87.41,5.95,2020-01-29 02:00:00
2020-01-30,2,2020,0.756,0.199,26.95,30.44,MODIS,95.78,5.17,2020-01-30 02:00:00
2020-01-31,2,2020,0.728,0.456,27.0,31.58,MODIS,82.63,5.56,2020-01-31 02:00:00
2020-02-01,2,2020,0.752,0.243,26.38,29.23,MODIS,94.13,5.75,2020-02-01 02:00:00
2020-02-02,2,2020,0.735,0.353,24.76,30.46,MODIS,86.08,5.72,2020-02-02 02:00:00
2020-02-03,2,2020,0.732,0.215,26.35,32.27,MODIS,84.47,5.66,2020-02-03 02:00:00
2020-02-04,2,2020,0.751,0.244,26.5,30.14,MODIS,93.42,5.78,2020-02-04 02:00:00
2020-02-05,2,2020,0.745,0.269,27.01,27.84,MODIS,90.68,5.89,2020-02-05 02:00:00
2020-02-06,2,2020,0.75,0.181,26.87,28.64,MODIS,92.94,6.67,2020-02-06 02:00:00
2020-02-07,2,2020,0.73,0.213,27.45,26.14,MODIS,83.57,5.69,2020-02-07 02:00:00
2020-02-08,2,2020,0.738,0.207,25.87,30.72,MODIS,87.33,5.19,2020-02-08 02:00:00
2020-02-09,2,2020,0.728,0.317,26.48,30.53,MODIS,82.55,6.52,2020-02-09 02:00:00
2020-02-10,2,2020,0.729,0.255,26.59,30.21,MODIS,83.04,5.67,2020-02-10 02:00:00
2020-02-11,2,2020,0.732,0.29,27.38,27.98,MODIS,84.29,5.88,2020-02-11 02:00:00
2020-02-12,2,2020,0.743,0.239,26.6,31.1,MODIS,89.92,5.63,2020-02-12 02:00:00
2020-02-13,2,2020,0.696,0.416,26.47,31.73,MODIS,67.41,5.24,2020-02-13 02:00:00
2020-02-14,2,2020,0.732,0.245,26.72,29.64,MODIS,84.38,5.9,2020-02-14 02:00:00
2020-02-15,2,2020,0.759,0.6,25.32,31.2,MODIS,97.41,6.2,2020-02-15 02:00:00
2020-02-16,2,2020,0.739,0.307,26.85,30.21,MODIS,88.0,5.94,2020-02-16 02:00:00
2020-02-17,2,2020,0.721,0.289,26.88,28.76,MODIS,79.24,5.11,2020-02-17 02:00:00
2020-02-18,2,2020,0.73,0.247,26.36,27.72,MODIS,83.44,5.89,2020-02-18 02:00:00
2020-02-19,2,2020,0.738,0.275,26.96,28.33,MODIS,87.15,5.73,2020-02-19 02:00:00
2020-02-20,2,2020,0.728,0.249,24.47,31.02,MODIS,82.69,6.09,2020-02-20 02:00:00
2020-02-21,2,2020,0.734,0.297,26.46,31.19,MODIS,85.61,5.45,2020-02-21 02:00:00
2020-02-22,2,2020,0.723,0.273,26.95,28.01,MODIS,80.11,4.47,2020-02-22 02:00:00
2020-02-23,2,2020,0.733,0.252,26.32,34.11,MODIS,84.88,4.93,2020-02-23 02:00:00
2020-02-24,2,2020,0.736,0.219,26.76,29.32,MODIS,86.19,6.07,2020-02-24 02:00:00
2020-02-25,2,2020,0.727,0.27,25.87,26.74,MODIS,82.16,5.39,2020-02-25 02:00:00
2020-02-26,2,2020,0.733,0.287,27.45,30.22,MODIS,84.84,5.85,2020-02-26 02:00:00
2020-02-27,2,2020,0.739,0.251,26.71,27.41,MODIS,87.86,5.37,2020-02-27 02:00:00
2020-02-28,2,2020,0.71,0.308,26.23,28.01,MODIS,74.18,5.53,2020-02-28 02:00:00
2020-02-29,2,2020,0.736,0.243,25.31,28.28,MODIS,86.26,5.29,2020-02-29 02:00:00
2020-03-01,2,2020,0.713,0.243,26.99,29.89,MODIS,75.63,6.62,2020-03-01 02:00:00
2020-03-02,2,2020,0.707,0.242,26.64,28.12,MODIS,72.88,6.14,2020-03-02 02:00:00
2020-03-03,2,2020,0.719,0.175,28.22,30.4,MODIS,78.21,6.17,2020-03-03 02:00:00
2020-03-04,2,2020,0.715,0.581,26.5,29.78,MODIS,76.39,6.1,2020-03-04 02:00:00
2020-03-05,2,2020,0.758,0.296,27.31,30.29,MODIS,96.77,5.74,2020-03-05 02:00:00
2020-03-06,2,2020,0.724,0.318,25.8,28.98,MODIS,80.53,5.66,2020-03-06 02:00:00
2020-03-07,2,2020,0.73,0.206,27.1,29.65,MODIS,83.68,5.83,2020-03-07 02:00:00
2020-03-08,2,2020,0.715,0.264,26.3,29.19,MODIS,76.56,5.91,2020-03-08 02:00:00
2020-03-09,2,2020,0.707,0.196,26.33,27.74,MODIS,72.47,5.19,2020-03-09 02:00:00
2020-03-10,2,2020,0.715,0.222,27.28,24.37,MODIS,76.63,5.61,2020-03-10 02:00:00
2020-03-11,2,2020,0.749,0.178,26.95,32.04,MODIS,92.32,5.07,2020-03-11 02:00:00
2020-03-12,2,2020,0.709,0.49,27.89,24.29,MODIS,73.78,5.38,2020-03-12 02:00:00
2020-03-13,2,2020,0.724,0.256,26.65,27.1,MODIS,80.57,6.06,2020-03-13 02:00:00
2020-03-14,2,2020,0.693,0.267,27.5,29.57,MODIS,65.96,6.13,2020-03-14 02:00:00
2020-03-15,2,2020,0.704,0.289,26.38,29.65,MODIS,71.24,5.74,2020-03-15 02:00:00
2020-03-16,2,2020,0.698,0.31,27.48,27.03,MODIS,68.4,5.14,2020-03-16 02:00:00
2020-03-17,2,2020,0.71,0.6,25.74,32.29,MODIS,74.32,6.24,2020-03-17 02:00:00
2020-03-18,2,2020,0.701,0.223,25.33,31.4,MODIS,69.71,5.26,2020-03-18 02:00:00
2020-03-19,2,2020,0.721,0.203,26.6,27.87,MODIS,79.43,5.64,2020-03-19 02:00:00
2020-03-20,2,2020,0.705,0.21,27.39,28.47,MODIS,71.93,5.42,2020-03-20 02:00:00
2020-03-21,2,2020,0.718,0.248,29.04,24.9,MODIS,78.09,5.71,2020-03-21 02:00:00
2020-03-22,2,2020,0.691,0.254,27.44,29.29,MODIS,64.95,4.74,2020-03-22 02:00:00
2020-03-23,2,2020,0.725,0.207,26.06,29.4,MODIS,81.12,6.27,2020-03-23 02:00:00
2020-03-24,2,2020,0.715,0.224,26.32,23.3,MODIS,76.44,6.14,2020-03-24 02:00:00
2020-03-25,2,2020,0.725,0.205,27.69,26.95,MODIS,81.01,5.95,2020-03-25 02:00:00
2020-03-26,2,2020,0.693,0.244,27.01,31.86,MODIS,66.28,5.68,2020-03-26 02:00:00
2020-03-27,2,2020,0.723,0.223,26.87,28.71,MODIS,80.29,5.95,2020-03-27 02:00:00
2020-03-28,2,2020,0.708,0.246,27.77,25.32,MODIS,73.0,5.64,2020-03-28 02:00:00
2020-03-29,2,2020,0.714,0.189,26.66,29.32,MODIS,75.92,5.7,2020-03-29 02:00:00
2020-03-30,2,2020,0.707,0.259,26.34,28.05,MODIS,72.88,5.24,2020-03-30 02:00:00
2020-03-31,2,2020,0.719,0.209,27.14,28.31,MODIS,78.47,5.26,2020-03-31 02:00:00
2020-04-01,2,2020,0.699,0.26,26.18,26.05,MODIS,68.78,5.62,2020-04-01 02:00:00
2020-04-02,2,2020,0.704,0.213,26.62,30.12,MODIS,71.06,5.59,2020-04-02 02:00:00
2020-04-03,2,2020,0.696,0.345,26.98,28.88,MODIS,67.54,5.47,2020-04-03 02:00:00
2020-04-04,2,2020,0.698,0.283,26.92,27.45,MODIS,68.63,5.15,2020-04-04 02:00:00
2020-04-05,2,2020,0.679,0.223,26.33,25.19,MODIS,59.6,5.65,2020-04-05 02:00:00
2020-04-06,2,2020,0.703,0.223,28.14,29.21,MODIS,70.97,5.91,2020-04-06 02:00:00
2020-04-07,2,2020,0.69,0.298,27.0,30.41,MODIS,64.6,6.6,2020-04-07 02:00:00
2020-04-08,2,2020,0.711,0.211,27.16,28.42,MODIS,74.53,5.45,2020-04-08 02:00:00
2020-04-09,2,2020,0.686,0.236,27.64,27.51,MODIS,62.81,5.78,2020-04-09 02:00:00
2020-04-10,2,2020,0.669,0.23,27.21,29.85,MODIS,54.67,6.19,2020-04-10 02:00:00
2020-04-11,2,2020,0.713,0.225,27.0,28.55,MODIS,75.68,6.27,2020-04-11 02:00:00
2020-04-12,2,2020,0.705,0.204,26.3,29.59,MODIS,71.84,5.38,2020-04-12 02:00:00
2020-04-13,2,2020,0.715,0.175,26.93,30.55,MODIS,76.69,5.55,2020-04-13 02:00:00
2020-04-14,2,2020,0.709,0.378,27.98,29.18,MODIS,73.53,5.78,2020-04-14 02:00:00
2020-04-15,2,2020,0.692,0.247,26.78,29.03,MODIS,65.62,5.74,2020-04-15 02:00:00
2020-04-16,2,2020,0.68,0.22,27.33,25.73,MODIS,60.08,6.04,2020-04-16 02:00:00
2020-04-17,2,2020,0.728,0.329,26.77,30.72,MODIS,82.78,6.68,2020-04-17 02:00:00
2020-04-18,2,2020,0.702,0.182,27.17,30.11,MODIS,70.15,5.62,2020-04-18 02:00:00
2020-04-19,2,2020,0.71,0.203,27.94,26.51,MODIS,74.0,6.65,2020-04-19 02:00:00
2020-04-20,2,2020,0.74,0.395,25.91,27.43,MODIS,88.49,6.17,2020-04-20 02:00:00
2020-04-21,2,2020,0.687,0.233,27.88,27.65,MODIS,63.42,5.69,2020-04-21 02:00:00
2020-04-22,2,2020,0.69,0.236,26.04,26.66,MODIS,64.62,5.9,2020-04-22 02:00:00
2020-04-23,2,2020,0.683,0.183,28.37,32.53,MODIS,61.3,5.77,2020-04-23 02:00:00
2020-04-24,2,2020,0.684,0.6,28.59,31.07,MODIS,61.79,5.59,2020-04-24 02:00:00
2020-04-25,2,2020,0.69,0.221,27.84,28.17,MODIS,64.51,5.2,2020-04-25 02:00:00
2020-04-26,2,2020,0.682,0.283,28.87,28.48,MODIS,60.93,6.29,2020-04-26 02:00:00
2020-04-27,2,2020,0.685,0.5,27.31,32.07,MODIS,62.08,6.21,2020-04-27 02:00:00
2020-04-28,2,2020,0.714,0.33,28.63,27.28,MODIS,76.23,5.96,2020-04-28 02:00:00
2020-04-29,2,2020,0.702,0.212,27.44,28.18,MODIS,70.21,5.58,2020-04-29 02:00:00
2020-04-30,2,2020,0.72,0.371,26.94,28.23,MODIS,78.92,5.99,2020-04-30 02:00:00
2020-05-01,2,2020,0.695,0.236,27.91,28.48,MODIS,67.2,5.21,2020-05-01 02:00:00
2020-05-02,2,2020,0.712,0.253,26.76,27.25,MODIS,75.02,5.81,2020-05-02 02:00:00
2020-05-03,2,2020,0.697,0.189,27.06,32.88,MODIS,67.94,5.65,2020-05-03 02:00:00
2020-05-04,2,2020,0.699,0.432,26.16,27.15,MODIS,69.02,6.39,2020-05-04 02:00:00
2020-05-05,2,2020,0.695,0.373,26.86,26.39,MODIS,66.82,6.45,2020-05-05 02:00:00
2020-05-06,2,2020,0.701,0.226,26.87,25.99,MODIS,70.02,6.26,2020-05-06 02:00:00
2020-05-07,2,2020,0.697,0.236,28.35,28.1,MODIS,67.79,5.71,2020-05-07 02:00:00
2020-05-08,2,2020,0.695,0.25,27.5,23.53,MODIS,67.24,5.78,2020-05-08 02:00:00
2020-05-09,2,2020,0.69,0.173,27.98,28.42,MODIS,64.88,5.59,2020-05-09 02:00:00
2020-05-10,2,2020,0.663,0.174,26.96,31.09,MODIS,52.07,6.36,2020-05-10 02:00:00
2020-05-11,2,2020,0.669,0.209,26.35,24.59,MODIS,54.65,6.26,2020-05-11 02:00:00
2020-05-12,2,2020,0.68,0.2,27.36,26.98,MODIS,59.97,5.31,2020-05-12 02:00:00
2020-05-13,2,2020,0.659,0.271,26.93,32.14,MODIS,49.95,6.34,2020-05-13 02:00:00
2020-05-14,2,2020,0.686,0.212,27.7,30.07,MODIS,62.59,5.18,2020-05-14 02:00:00
2020-05-15,2,2020,0.687,0.211,26.82,29.15,MODIS,63.39,6.03,2020-05-15 02:00:00
2020-05-16,2,2020,0.705,0.377,26.84,26.48,MODIS,71.69,5.56,2020-05-16 02:00:00
2020-05-17,2,2020,0.678,0.227,26.81,27.39,MODIS,58.98,6.23,2020-05-17 02:00:00
2020-05-18,2,2020,0.677,0.171,26.94,28.56,MODIS,58.48,5.12,2020-05-18 02:00:00
2020-05-19,2,2020,0.66,0.268,26.79,24.47,MODIS,50.68,5.94,2020-05-19 02:00:00
2020-05-20,2,2020,0.671,0.254,26.43,26.47,MODIS,55.84,6.13,2020-05-20 02:00:00
2020-05-21,2,2020,0.714,0.336,28.17,31.77,MODIS,75.92,5.84,2020-05-21 02:00:00
2020-05-22,2,2020,0.701,0.324,28.01,29.68,MODIS,69.82,5.39,2020-05-22 02:00:00
2020-05-23,2,2020,0.665,0.189,27.31,27.94,MODIS,52.71,5.95,2020-05-23 02:00:00
2020-05-24,2,2020,0.682,0.235,27.21,26.53,MODIS,61.05,6.18,2020-05-24 02:00:00
2020-05-25,2,2020,0.672,0.226,27.6,29.3,MODIS,56.16,5.4,2020-05-25 02:00:00
2020-05-26,2,2020,0.678,0.258,27.56,24.78,MODIS,58.93,5.46,2020-05-26 02:00:00
2020-05-27,2,2020,0.679,0.332,26.53,24.85,MODIS,59.29,5.86,2020-05-27 02:00:00
2020-05-28,2,2020,0.681,0.383,27.98,31.31,MODIS,60.56,6.26,2020-05-28 02:00:00
2020-05-29,2,2020,0.688,0.267,27.21,26.74,MODIS,63.87,6.25,2020-05-29 02:00:00
2020-05-30,2,2020,0.681,0.331,26.96,26.55,MODIS,60.34,6.39,2020-05-30 02:00:00
2020-05-31,2,2020,0.68,0.264,27.46,28.28,MODIS,59.76,5.63,2020-05-31 02:00:00
2020-06-01,2,2020,0.695,0.192,28.23,31.51,MODIS,67.13,6.18,2020-06-01 02:00:00
2020-06-02,2,2020,0.689,0.224,26.16,29.84,MODIS,63.97,6.25,2020-06-02 02:00:00
2020-06-03,2,2020,0.679,0.225,28.87,28.89,MODIS,59.59,5.1,2020-06-03 02:00:00
2020-06-04,2,2020,0.677,0.22,27.57,27.34,MODIS,58.37,5.86,2020-06-04 02:00:00
2020-06-05,2,2020,0.648,0.177,27.8,28.07,MODIS,45.04,6.21,2020-06-05 02:00:00
2020-06-06,2,2020,0.67,0.183,27.85,26.73,MODIS,55.37,6.0,2020-06-06 02:00:00
2020-06-07,2,2020,0.682,0.313,26.64,25.31,MODIS,60.86,5.78,2020-06-07 02:00:00
2020-06-08,2,2020,0.671,0.161,29.0,29.88,MODIS,55.58,6.57,2020-06-08 02:00:00
2020-06-09,2,2020,0.692,0.212,28.31,26.2,MODIS,65.46,6.31,2020-06-09 02:00:00
2020-06-10,2,2020,0.617,0.6,26.71,30.93,MODIS,30.35,6.06,2020-06-10 02:00:00
2020-06-11,2,2020,0.668,0.384,28.62,26.47,MODIS,54.18,5.25,2020-06-11 02:00:00
2020-06-12,2,2020,0.67,0.287,26.69,23.42,MODIS,55.33,6.36,2020-06-12 02:00:00
2020-06-13,2,2020,0.661,0.242,27.14,25.96,MODIS,51.19,6.15,2020-06-13 02:00:00
2020-06-14,2,2020,0.652,0.554,28.44,26.11,MODIS,46.86,6.18,2020-06-14 02:00:00
2020-06-15,2,2020,0.696,0.153,28.38,24.93,MODIS,67.34,6.87,2020-06-15 02:00:00
2020-06-16,2,2020,0.683,0.234,27.8,24.96,MODIS,61.26,6.27,2020-06-16 02:00:00
2020-06-17,2,2020,0.673,0.354,28.63,29.08,MODIS,56.64,5.63,2020-06-17 02:00:00
2020-06-18,2,2020,0.636,0.325,27.25,25.38,MODIS,38.95,6.19,2020-06-18 02:00:00
2020-06-19,2,2020,0.678,0.237,27.75,27.71,MODIS,59.17,5.91,2020-06-19 02:00:00
2020-06-20,2,2020,0.66,0.299,26.94,29.02,MODIS,50.25,7.38,2020-06-20 02:00:00
2020-06-21,2,2020,0.668,0.202,27.32,27.86,MODIS,54.31,6.09,2020-06-21 02:00:00
2020-06-22,2,2020,0.673,0.2,28.22,24.21,MODIS,56.43,6.52,2020-06-22 02:00:00
2020-06-23,2,2020,0.663,0.25,27.91,24.28,MODIS,51.77,6.28,2020-06-23 02:00:00
2020-06-24,2,2020,0.645,0.261,27.29,23.35,MODIS,43.61,5.83,2020-06-24 02:00:00
2020-06-25,2,2020,0.656,0.334,28.15,29.72,MODIS,48.51,6.53,2020-06-25 02:00:00
2020-06-26,2,2020,0.683,0.222,28.97,28.08,MODIS,61.23,6.71,2020-06-26 02:00:00
2020-06-27,2,2020,0.662,0.255,27.41,30.24,MODIS,51.41,5.37,2020-06-27 02:00:00
2020-06-28,2,2020,0.63,0.503,28.43,24.77,MODIS,36.36,5.68,2020-06-28 02:00:00
2020-06-29,2,2020,0.663,0.252,28.34,23.93,MODIS,51.74,6.0,2020-06-29 02:00:00
2020-06-30,2,2020,0.656,0.186,27.8,25.99,MODIS,48.83,6.48,2020-06-30 02:00:00
2020-07-01,2,2020,0.673,0.229,27.28,26.02,MODIS,56.57,6.31,2020-07-01 02:00:00
2020-07-02,2,2020,0.67,0.295,27.58,28.16,MODIS,54.99,6.02,2020-07-02 02:00:00
2020-07-03,2,2020,0.675,0.21,26.8,29.75,MODIS,57.58,6.58,2020-07-03 02:00:00
2020-07-04,2,2020,0.668,0.212,28.54,31.97,MODIS,54.4,5.6,2020-07-04 02:00:00
2020-07-05,2,2020,0.662,0.271,29.36,31.65,MODIS,51.23,6.11,2020-07-05 02:00:00
2020-07-06,2,2020,0.68,0.235,28.31,25.94,MODIS,59.81,6.91,2020-07-06 02:00:00
2020-07-07,2,2020,0.658,0.234,28.54,22.9,MODIS,49.47,6.51,2020-07-07 02:00:00
2020-07-08,2,2020,0.655,0.244,28.82,26.9,MODIS,48.11,5.65,2020-07-08 02:00:00
2020-07-09,2,2020,0.687,0.26,27.23,26.63,MODIS,63.33,5.86,2020-07-09 02:00:00
2020-07-10,2,2020,0.639,0.194,28.03,28.25,MODIS,40.55,6.29,2020-07-10 02:00:00
2020-07-11,2,2020,0.638,0.196,28.1,27.61,MODIS,40.0,6.0,2020-07-11 02:00:00
2020-07-12,2,2020,0.658,0.374,27.76,26.88,MODIS,49.39,6.09,2020-07-12 02:00:00
2020-07-13,2,2020,0.666,0.2,26.9,27.8,MODIS,53.27,7.12,2020-07-13 02:00:00
2020-07-14,2,2020,0.671,0.339,28.01,24.52,MODIS,55.73,6.83,2020-07-14 02:00:00
2020-07-15,2,2020,0.646,0.184,27.51,29.77,MODIS,43.71,5.75,2020-07-15 02:00:00
2020-07-16,2,2020,0.653,0.211,29.13,25.59,MODIS,47.35,6.19,2020-07-16 02:00:00
2020-07-17,2,2020,0.645,0.24,28.12,27.02,MODIS,43.62,6.55,2020-07-17 02:00:00
2020-07-18,2,2020,0.67,0.334,27.02,26.22,MODIS,55.13,6.8,2020-07-18 02:00:00
2020-07-19,2,2020,0.668,0.232,28.0,27.7,MODIS,54.49,6.12,2020-07-19 02:00:00
2020-07-20,2,2020,0.661,0.314,28.36,25.31,MODIS,50.79,6.72,2020-07-20 02:00:00
2020-07-21,2,2020,0.683,0.317,27.99,28.17,MODIS,61.54,6.17,2020-07-21 02:00:00
2020-07-22,2,2020,0.664,0.6,28.27,23.03,MODIS,52.3,5.83,2020-07-22 02:00:00
2020-07-23,2,2020,0.622,0.226,27.46,24.79,MODIS,32.66,5.48,2020-07-23 02:00:00
2020-07-24,2,2020,0.652,0.23,28.37,28.86,MODIS,46.9,6.13,2020-07-24 02:00:00
2020-07-25,2,2020,0.648,0.345,28.35,22.04,MODIS,44.96,6.5,2020-07-25 02:00:00
2020-07-26,2,2020,0.664,0.327,28.45,25.07,MODIS,52.22,6.05,2020-07-26 02:00:00
2020-07-27,2,2020,0.647,0.463,29.69,25.23,MODIS,44.22,5.63,2020-07-27 02:00:00
2020-07-28,2,2020,0.643,0.219,27.76,25.19,MODIS,42.5,6.06,2020-07-28 02:00:00
2020-07-29,2,2020,0.645,0.207,28.09,24.46,MODIS,43.17,6.64,2020-07-29 02:00:00
2020-07-30,2,2020,0.645,0.239,27.24,26.52,MODIS,43.4,6.12,2020-07-30 02:00:00
2020-07-31,2,2020,0.64,0.237,29.47,23.95,MODIS,41.03,5.8,2020-07-31 02:00:00
2020-08-01,2,2020,0.643,0.348,27.42,27.15,MODIS,42.23,6.71,2020-08-01 02:00:00
2020-08-02,2,2020,0.659,0.245,27.78,27.21,MODIS,50.09,6.74,2020-08-02 02:00:00
2020-08-03,2,2020,0.627,0.269,28.15,27.14,MODIS,34.85,6.58,2020-08-03 02:00:00
2020-08-04,2,2020,0.638,0.221,27.17,30.07,MODIS,40.32,5.94,2020-08-04 02:00:00
2020-08-05,2,2020,0.625,0.198,28.3,24.26,MODIS,33.86,6.25,2020-08-05 02:00:00
2020-08-06,2,2020,0.636,0.259,27.84,22.19,MODIS,38.99,6.26,2020-08-06 02:00:00
2020-08-07,2,2020,0.631,0.385,28.71,28.37,MODIS,36.72,6.42,2020-08-07 02:00:00
2020-08-08,2,2020,0.614,0.196,29.27,25.88,MODIS,28.56,6.43,2020-08-08 02:00:00
2020-08-09,2,2020,0.641,0.242,26.6,27.6,MODIS,41.56,6.93,2020-08-09 02:00:00
2020-08-10,2,2020,0.649,0.247,28.15,28.62,MODIS,45.1,6.47,2020-08-10 02:00:00
2020-08-11,2,2020,0.628,0.283,29.87,26.09,MODIS,35.35,5.9,2020-08-11 02:00:00
2020-08-12,2,2020,0.653,0.201,29.42,27.78,MODIS,47.29,6.68,2020-08-12 02:00:00
2020-08-13,2,2020,0.622,0.216,28.54,27.86,MODIS,32.54,7.07,2020-08-13 02:00:00
2020-08-14,2,2020,0.651,0.342,28.69,25.98,MODIS,46.27,6.49,2020-08-14 02:00:00
2020-08-15,2,2020,0.635,0.211,28.99,28.08,MODIS,38.74,6.74,2020-08-15 02:00:00
2020-08-16,2,2020,0.612,0.309,28.1,25.63,MODIS,27.79,6.76,2020-08-16 02:00:00
2020-08-17,2,2020,0.631,0.477,28.76,25.41,MODIS,36.65,6.42,2020-08-17 02:00:00
2020-08-18,2,2020,0.652,0.282,26.81,29.11,MODIS,46.49,6.07,2020-08-18 02:00:00
2020-08-19,2,2020,0.618,0.307,28.14,28.77,MODIS,30.6,6.64,2020-08-19 02:00:00
2020-08-20,2,2020,0.64,0.235,28.22,28.45,MODIS,40.98,6.17,2020-08-20 02:00:00
2020-08-21,2,2020,0.651,0.176,27.22,23.96,MODIS,46.35,6.65,2020-08-21 02:00:00
2020-08-22,2,2020,0.644,0.297,29.04,22.17,MODIS,42.87,6.8,2020-08-22 02:00:00
2020-08-23,2,2020,0.629,0.207,29.06,28.6,MODIS,35.99,6.19,2020-08-23 02:00:00
2020-08-24,2,2020,0.621,0.198,28.63,25.15,MODIS,32.01,6.77,2020-08-24 02:00:00
2020-08-25,2,2020,0.654,0.21,29.51,24.2,MODIS,47.66,6.86,2020-08-25 02:00:00
2020-08-26,2,2020,0.622,0.223,28.8,28.11,MODIS,32.58,6.9,2020-08-26 02:00:00
2020-08-27,2,2020,0.624,0.209,29.02,27.48,MODIS,33.6,6.6,2020-08-27 02:00:00
2020-08-28,2,2020,0.631,0.332,29.16,28.32,MODIS,36.79,6.32,2020-08-28 02:00:00
2020-08-29,2,2020,0.632,0.186,28.08,26.67,MODIS,37.28,6.05,2020-08-29 02:00:00
2020-08-30,2,2020,0.624,0.22,27.49,27.09,MODIS,33.69,6.36,2020-08-30 02:00:00
2020-08-31,2,2020,0.634,0.448,28.41,25.16,MODIS,38.36,6.44,2020-08-31 02:00:00
2020-09-01,2,2020,0.63,0.201,29.05,23.79,MODIS,36.25,6.96,2020-09-01 02:00:00
2020-09-02,2,2020,0.624,0.191,28.16,21.32,MODIS,33.58,7.29,2020-09-02 02:00:00
2020-09-03,2,2020,0.621,0.188,27.84,27.49,MODIS,31.91,6.52,2020-09-03 02:00:00
2020-09-04,2,2020,0.635,0.281,29.39,26.61,MODIS,38.52,6.42,2020-09-04 02:00:00
2020-09-05,2,2020,0.621,0.185,28.7,27.45,MODIS,32.27,6.35,2020-09-05 02:00:00
2020-09-06,2,2020,0.621,0.205,27.29,24.45,MODIS,31.93,6.9,2020-09-06 02:00:00
2020-09-07,2,2020,0.602,0.219,29.06,22.79,MODIS,22.92,7.61,2020-09-07 02:00:00
2020-09-08,2,2020,0.639,0.251,29.88,28.24,MODIS,40.63,6.49,2020-09-08 02:00:00
2020-09-09,2,2020,0.634,0.209,27.94,25.82,MODIS,38.09,6.22,2020-09-09 02:00:00
2020-09-10,2,2020,0.625,0.2,28.61,24.35,MODIS,33.99,6.94,2020-09-10 02:00:00
2020-09-11,2,2020,0.624,0.196,28.15,25.94,MODIS,33.58,6.32,2020-09-11 02:00:00
2020-09-12,2,2020,0.618,0.461,28.89,24.85,MODIS,30.63,6.01,2020-09-12 02:00:00
2020-09-13,2,2020,0.638,0.499,29.3,24.65,MODIS,40.01,6.33,2020-09-13 02:00:00
2020-09-14,2,2020,0.608,0.218,28.23,25.71,MODIS,26.0,5.8,2020-09-14 02:00:00
2020-09-15,2,2020,0.623,0.195,29.05,24.69,MODIS,33.24,6.72,2020-09-15 02:00:00
2020-09-16,2,2020,0.621,0.371,28.93,25.5,MODIS,31.92,6.12,2020-09-16 02:00:00
2020-09-17,2,2020,0.622,0.316,28.15,26.68,MODIS,32.68,6.09,2020-09-17 02:00:00
2020-09-18,2,2020,0.625,0.193,29.45,22.04,MODIS,34.04,6.85,2020-09-18 02:00:00
2020-09-19,2,2020,0.598,0.276,28.47,24.77,MODIS,21.31,6.19,2020-09-19 02:00:00
2020-09-20,2,2020,0.606,0.224,29.09,26.2,MODIS,25.03,6.17,2020-09-20 02:00:00
2020-09-21,2,2020,0.615,0.254,28.84,21.87,MODIS,29.14,7.19,2020-09-21 02:00:00
2020-09-22,2,2020,0.619,0.234,28.83,24.01,MODIS,31.0,6.03,2020-09-22 02:00:00
2020-09-23,2,2020,0.606,0.277,28.86,24.64,MODIS,24.96,6.83,2020-09-23 02:00:00
2020-09-24,2,2020,0.626,0.225,28.22,22.09,MODIS,34.31,7.78,2020-09-24 02:00:00
2020-09-25,2,2020,0.614,0.212,29.03,25.65,MODIS,28.69,6.32,2020-09-25 02:00:00
2020-09-26,2,2020,0.619,0.389,28.74,22.08,MODIS,31.22,6.24,2020-09-26 02:00:00
2020-09-27,2,2020,0.642,0.245,28.34,24.43,MODIS,42.05,6.51,2020-09-27 02:00:00
2020-09-28,2,2020,0.642,0.206,28.16,24.79,MODIS,41.84,6.55,2020-09-28 02:00:00
2020-09-29,2,2020,0.634,0.308,29.59,23.62,MODIS,38.24,6.0,2020-09-29 02:00:00
2020-09-30,2,2020,0.619,0.372,30.2,27.6,MODIS,31.32,5.63,2020-09-30 02:00:00
2020-10-01,2,2020,0.608,0.233,28.88,24.54,MODIS,25.82,6.59,2020-10-01 02:00:00
2020-10-02,2,2020,0.607,0.201,28.34,25.61,MODIS,25.6,6.63,2020-10-02 02:00:00
2020-10-03,2,2020,0.607,0.445,29.03,24.75,MODIS,25.42,6.85,2020-10-03 02:00:00
2020-10-04,2,2020,0.601,0.198,28.92,28.38,MODIS,22.8,6.13,2020-10-04 02:00:00
2020-10-05,2,2020,0.633,0.4,28.24,25.43,MODIS,37.53,6.8,2020-10-05 02:00:00
2020-10-06,2,2020,0.615,0.207,27.3,27.07,MODIS,29.01,7.67,2020-10-06 02:00:00
2020-10-07,2,2020,0.623,0.214,28.56,21.14,MODIS,33.03,6.51,2020-10-07 02:00:00
2020-10-08,2,2020,0.581,0.206,30.27,26.83,MODIS,13.0,6.67,2020-10-08 02:00:00
2020-10-09,2,2020,0.617,0.249,27.96,26.82,MODIS,29.98,6.57,2020-10-09 02:00:00
2020-10-10,2,2020,0.65,0.348,29.68,25.26,MODIS,45.82,6.11,2020-10-10 02:00:00
2020-10-11,2,2020,0.6,0.377,29.9,24.11,MODIS,21.97,6.93,2020-10-11 02:00:00
2020-10-12,2,2020,0.611,0.184,30.44,28.01,MODIS,27.12,6.94,2020-10-12 02:00:00
2020-10-13,2,2020,0.579,0.228,28.36,24.4,MODIS,12.05,6.56,2020-10-13 02:00:00
2020-10-14,2,2020,0.577,0.203,29.68,25.96,MODIS,11.32,6.32,2020-10-14 02:00:00
2020-10-15,2,2020,0.605,0.346,28.76,26.26,MODIS,24.47,6.83,2020-10-15 02:00:00
2020-10-16,2,2020,0.639,0.217,29.34,24.99,MODIS,40.7,6.2,2020-10-16 02:00:00
2020-10-17,2,2020,0.613,0.394,28.78,21.92,MODIS,28.39,6.19,2020-10-17 02:00:00
2020-10-18,2,2020,0.629,0.234,27.79,25.03,MODIS,35.63,6.77,2020-10-18 02:00:00
2020-10-19,2,2020,0.627,0.204,29.55,28.15,MODIS,35.09,6.19,2020-10-19 02:00:00
2020-10-20,2,2020,0.612,0.352,28.81,23.42,MODIS,27.84,5.84,2020-10-20 02:00:00
2020-10-21,2,2020,0.626,0.201,29.33,24.34,MODIS,34.58,6.8,2020-10-21 02:00:00
2020-10-22,2,2020,0.603,0.283,29.48,23.28,MODIS,23.65,6.29,2020-10-22 02:00:00
2020-10-23,2,2020,0.604,0.208,30.98,26.21,MODIS,24.17,6.65,2020-10-23 02:00:00
2020-10-24,2,2020,0.616,0.196,30.03,24.81,MODIS,29.69,6.68,2020-10-24 02:00:00
2020-10-25,2,2020,0.601,0.218,30.09,24.75,MODIS,22.51,6.73,2020-10-25 02:00:00
2020-10-26,2,2020,0.627,0.203,28.93,29.91,MODIS,34.93,6.11,2020-10-26 02:00:00
2020-10-27,2,2020,0.579,0.199,28.83,25.59,MODIS,12.01,7.23,2020-10-27 02:00:00
2020-10-28,2,2020,0.634,0.201,28.18,26.95,MODIS,38.13,6.17,2020-10-28 02:00:00
2020-10-29,2,2020,0.642,0.345,30.2,27.89,MODIS,42.04,6.43,2020-10-29 02:00:00
2020-10-30,2,2020,0.603,0.229,27.56,25.5,MODIS,23.61,6.2,2020-10-30 02:00:00
2020-10-31,2,2020,0.569,0.6,29.02,25.12,MODIS,7.54,6.78,2020-10-31 02:00:00
2020-11-01,2,2020,0.598,0.332,29.93,26.18,MODIS,21.25,6.41,2020-11-01 02:00:00
2020-11-02,2,2020,0.587,0.448,30.14,27.15,MODIS,15.82,6.79,2020-11-02 02:00:00
2020-11-03,2,2020,0.607,0.226,28.72,25.76,MODIS,25.67,6.51,2020-11-03 02:00:00
2020-11-04,2,2020,0.603,0.378,28.81,23.34,MODIS,23.58,6.33,2020-11-04 02:00:00
2020-11-05,2,2020,0.605,0.213,29.89,24.96,MODIS,24.37,6.32,2020-11-05 02:00:00
2020-11-06,2,2020,0.602,0.2,30.39,20.77,MODIS,23.02,7.61,2020-11-06 02:00:00
2020-11-07,2,2020,0.599,0.208,29.5,25.96,MODIS,21.72,7.05,2020-11-07 02:00:00
2020-11-08,2,2020,0.588,0.253,28.53,24.38,MODIS,16.6,6.87,2020-11-08 02:00:00
2020-11-09,2,2020,0.601,0.215,30.34,22.66,MODIS,22.47,6.26,2020-11-09 02:00:00
2020-11-10,2,2020,0.592,0.208,30.81,25.58,MODIS,18.23,7.37,2020-11-10 02:00:00
2020-11-11,2,2020,0.585,0.249,30.64,25.29,MODIS,15.21,6.85,2020-11-11 02:00:00
2020-11-12,2,2020,0.586,0.264,29.42,23.81,MODIS,15.49,6.72,2020-11-12 02:00:00
2020-11-13,2,2020,0.59,0.262,28.68,25.46,MODIS,17.39,6.18,2020-11-13 02:00:00
2020-11-14,2,2020,0.595,0.246,29.39,21.93,MODIS,19.82,7.32,2020-11-14 02:00:00
2020-11-15,2,2020,0.62,0.202,28.66,25.17,MODIS,31.56,7.04,2020-11-15 02:00:00
2020-11-16,2,2020,0.591,0.197,30.08,28.01,MODIS,17.69,7.04,2020-11-16 02:00:00
2020-11-17,2,2020,0.597,0.264,28.31,26.25,MODIS,20.66,6.52,2020-11-17 02:00:00
2020-11-18,2,2020,0.591,0.33,30.17,22.48,MODIS,17.66,6.52,2020-11-18 02:00:00
2020-11-19,2,2020,0.588,0.563,29.32,23.12,MODIS,16.61,7.31,2020-11-19 02:00:00
2020-11-20,2,2020,0.614,0.291,31.37,24.81,MODIS,28.83,7.55,2020-11-20 02:00:00
2020-11-21,2,2020,0.585,0.468,29.33,23.03,MODIS,15.27,6.42,2020-11-21 02:00:00
2020-11-22,2,2020,0.603,0.291,30.39,23.13,MODIS,23.69,7.57,2020-11-22 02:00:00
2020-11-23,2,2020,0.553,0.215,30.67,23.26,MODIS,0.0,7.13,2020-11-23 02:00:00
2020-11-24,2,2020,0.593,0.211,30.63,26.18,MODIS,18.68,6.66,2020-11-24 02:00:00
2020-11-25,2,2020,0.614,0.199,29.47,21.77,MODIS,28.54,6.74,2020-11-25 02:00:00
2020-11-26,2,2020,0.593,0.235,28.77,21.96,MODIS,18.72,6.58,2020-11-26 02:00:00
2020-11-27,2,2020,0.585,0.222,28.61,27.71,MODIS,15.23,7.2,2020-11-27 02:00:00
2020-11-28,2,2020,0.585,0.425,30.01,24.38,MODIS,14.94,6.59,2020-11-28 02:00:00
2020-11-29,2,2020,0.592,0.185,30.08,28.67,MODIS,18.42,6.8,2020-11-29 02:00:00
2020-11-30,2,2020,0.593,0.191,29.77,24.08,MODIS,18.89,7.3,2020-11-30 02:00:00
2020-12-01,2,2020,0.612,0.182,28.94,25.45,MODIS,27.58,7.11,2020-12-01 02:00:00
2020-12-02,2,2020,0.585,0.242,29.23,23.32,MODIS,14.98,6.85,2020-12-02 02:00:00
2020-12-03,2,2020,0.606,0.227,29.58,24.48,MODIS,24.8,6.74,2020-12-03 02:00:00
2020-12-04,2,2020,0.587,0.188,29.25,27.19,MODIS,16.22,6.92,2020-12-04 02:00:00
2020-12-05,2,2020,0.579,0.244,30.94,25.46,MODIS,12.11,5.91,2020-12-05 02:00:00
2020-12-06,2,2020,0.595,0.197,28.91,28.56,MODIS,19.98,6.54,2020-12-06 02:00:00
2020-12-07,2,2020,0.573,0.219,28.9,20.06,MODIS,9.61,6.32,2020-12-07 02:00:00
2020-12-08,2,2020,0.577,0.257,28.98,24.27,MODIS,11.34,6.91,2020-12-08 02:00:00
2020-12-09,2,2020,0.557,0.17,30.3,24.7,MODIS,1.83,6.75,2020-12-09 02:00:00
2020-12-10,2,2020,0.581,0.261,30.15,24.4,MODIS,13.02,7.3,2020-12-10 02:00:00
2020-12-11,2,2020,0.573,0.389,28.26,25.71,MODIS,9.25,6.8,2020-12-11 02:00:00
2020-12-12,2,2020,0.576,0.338,28.95,25.2,MODIS,10.96,7.21,2020-12-12 02:00:00
2020-12-13,2,2020,0.609,0.197,30.64,22.58,MODIS,26.31,7.71,2020-12-13 02:00:00
2020-12-14,2,2020,0.58,0.346,30.39,27.41,MODIS,12.81,6.29,2020-12-14 02:00:00
2020-12-15,2,2020,0.592,0.294,28.64,27.07,MODIS,18.13,7.16,2020-12-15 02:00:00
2020-12-16,2,2020,0.596,0.25,29.4,21.14,MODIS,20.3,7.01,2020-12-16 02:00:00
2020-12-17,2,2020,0.572,0.275,30.2,24.29,MODIS,9.05,6.64,2020-12-17 02:00:00
2020-12-18,2,2020,0.576,0.187,29.59,23.63,MODIS,10.86,6.55,2020-12-18 02:00:00
2020-12-19,2,2020,0.595,0.167,29.35,28.01,MODIS,19.86,7.01,2020-12-19 02:00:00
2020-12-20,2,2020,0.558,0.378,29.9,26.19,MODIS,2.1,6.3,2020-12-20 02:00:00
2020-12-21,2,2020,0.567,0.217,30.04,22.84,MODIS,6.63,6.69,2020-12-21 02:00:00
2020-12-22,2,2020,0.615,0.314,28.86,22.13,MODIS,29.28,6.96,2020-12-22 02:00:00
2020-12-23,2,2020,0.587,0.239,31.48,28.65,MODIS,15.96,5.97,2020-12-23 02:00:00
2020-12-24,2,2020,0.56,0.235,30.39,20.26,MODIS,3.46,6.51,2020-12-24 02:00:00
2020-12-25,2,2020,0.565,0.178,30.15,24.93,MODIS,5.52,6.53,2020-12-25 02:00:00
2020-12-26,2,2020,0.57,0.203,30.17,24.93,MODIS,7.9,6.8,2020-12-26 02:00:00
2020-12-27,2,2020,0.585,0.236,29.64,25.95,MODIS,15.14,7.03,2020-12-27 02:00:00
2020-12-28,2,2020,0.567,0.199,30.14,24.63,MODIS,6.57,6.54,2020-12-28 02:00:00
2020-12-29,2,2020,0.577,0.226,29.3,25.08,MODIS,11.32,7.58,2020-12-29 02:00:00
2020-12-30,2,2020,0.58,0.184,30.61,26.13,MODIS,12.79,6.77,2020-12-30 02:00:00
2020-12-31,2,2020,0.562,0.369,29.17,23.9,MODIS,4.13,6.85,2020-12-31 02:00:00
2021-01-01,2,2021,0.747,0.315,26.05,31.31,MODIS,89.09,5.3,2021-01-01 02:00:00
2021-01-02,2,2021,0.729,0.215,26.79,32.04,MODIS,81.07,5.55,2021-01-02 02:00:00
2021-01-03,2,2021,0.738,0.283,26.34,27.53,MODIS,85.22,5.42,2021-01-03 02:00:00
2021-01-04,2,2021,0.76,0.373,25.09,28.44,MODIS,94.9,5.29,2021-01-04 02:00:00
2021-01-05,2,2021,0.732,0.535,25.59,30.13,MODIS,82.24,5.7,2021-01-05 02:00:00
2021-01-06,2,2021,0.734,0.211,26.05,29.03,MODIS,83.48,6.54,2021-01-06 02:00:00
2021-01-07,2,2021,0.765,0.257,26.86,27.79,MODIS,97.44,5.2,2021-01-07 02:00:00
2021-01-08,2,2021,0.743,0.314,25.2,29.82,MODIS,87.19,6.26,2021-01-08 02:00:00
2021-01-09,2,2021,0.734,0.236,25.91,29.88,MODIS,83.08,4.6,2021-01-09 02:00:00
2021-01-10,2,2021,0.732,0.269,26.33,31.17,MODIS,82.5,5.4,2021-01-10 02:00:00
2021-01-11,2,2021,0.757,0.217,25.77,26.43,MODIS,93.74,5.93,2021-01-11 02:00:00
2021-01-12,2,2021,0.76,0.276,26.62,32.46,MODIS,94.97,4.78,2021-01-12 02:00:00
2021-01-13,2,2021,0.727,0.211,25.93,27.96,MODIS,80.22,6.06,2021-01-13 02:00:00
2021-01-14,2,2021,0.75,0.504,25.68,32.64,MODIS,90.51,4.81,2021-01-14 02:00:00
2021-01-15,2,2021,0.758,0.199,25.36,28.41,MODIS,94.38,5.99,2021-01-15 02:00:00
2021-01-16,2,2021,0.747,0.293,25.8,29.51,MODIS,89.09,5.91,2021-01-16 02:00:00
2021-01-17,2,2021,0.748,0.293,26.36,31.61,MODIS,89.78,5.9,2021-01-17 02:00:00
2021-01-18,2,2021,0.755,0.183,25.51,30.56,MODIS,92.75,5.46,2021-01-18 02:00:00
2021-01-19,2,2021,0.729,0.389,25.21,30.43,MODIS,80.89,5.99,2021-01-19 02:00:00
2021-01-20,2,2021,0.74,0.212,25.46,31.38,MODIS,85.95,5.15,2021-01-20 02:00:00
2021-01-21,2,2021,0.725,0.227,25.93,33.24,MODIS,79.04,6.14,2021-01-21 02:00:00
2021-01-22,2,2021,0.752,0.246,26.62,27.84,MODIS,91.23,5.33,2021-01-22 02:00:00
2021-01-23,2,2021,0.736,0.234,27.1,29.75,MODIS,84.19,5.82,2021-01-23 02:00:00
2021-01-24,2,2021,0.749,0.282,25.95,28.66,MODIS,90.22,5.27,2021-01-24 02:00:00
2021-01-25,2,2021,0.764,0.274,27.87,35.41,MODIS,96.98,6.02,2021-01-25 02:00:00
2021-01-26,2,2021,0.726,0.284,26.81,29.68,MODIS,79.49,5.24,2021-01-26 02:00:00
2021-01-27,2,2021,0.743,0.194,25.48,30.34,MODIS,87.47,5.81,2021-01-27 02:00:00
2021-01-28,2,2021,0.753,0.364,26.4,34.11,MODIS,91.74,5.35,2021-01-28 02:00:00
2021-01-29,2,2021,0.771,0.207,26.05,29.1,MODIS,100.0,5.5,2021-01-29 02:00:00
2021-01-30,2,2021,0.749,0.32,27.01,27.63,MODIS,90.12,5.16,2021-01-30 02:00:00
2021-01-31,2,2021,0.702,0.212,26.64,27.39,MODIS,68.87,5.53,2021-01-31 02:00:00
2021-02-01,2,2021,0.728,0.281,28.16,28.03,MODIS,80.73,5.17,2021-02-01 02:00:00
2021-02-02,2,2021,0.726,0.3,25.99,30.51,MODIS,79.54,5.89,2021-02-02 02:00:00
2021-02-03,2,2021,0.763,0.309,26.54,28.48,MODIS,96.43,6.61,2021-02-03 02:00:00
2021-02-04,2,2021,0.718,0.226,27.31,31.45,MODIS,75.91,5.35,2021-02-04 02:00:00
2021-02-05,2,2021,0.732,0.238,26.42,25.68,MODIS,82.5,5.74,2021-02-05 02:00:00
2021-02-06,2,2021,0.747,0.22,25.68,28.75,MODIS,88.99,5.04,2021-02-06 02:00:00
2021-02-07,2,2021,0.714,0.322,25.26,31.34,MODIS,74.24,6.02,2021-02-07 02:00:00
2021-02-08,2,2021,0.728,0.214,26.68,28.38,MODIS,80.38,5.36,2021-02-08 02:00:00
2021-02-09,2,2021,0.734,0.221,26.29,31.6,MODIS,83.5,6.09,2021-02-09 02:00:00
2021-02-10,2,2021,0.759,0.279,26.06,33.32,MODIS,94.78,5.8,2021-02-10 02:00:00
2021-02-11,2,2021,0.729,0.272,25.62,27.97,MODIS,80.85,5.02,2021-02-11 02:00:00
2021-02-12,2,2021,0.728,0.215,26.89,30.29,MODIS,80.42,4.88,2021-02-12 02:00:00
2021-02-13,2,2021,0.732,0.304,27.84,31.49,MODIS,82.43,6.23,2021-02-13 02:00:00
2021-02-14,2,2021,0.72,0.436,26.91,27.16,MODIS,77.08,5.56,2021-02-14 02:00:00
2021-02-15,2,2021,0.713,0.347,26.35,30.58,MODIS,73.55,5.6,2021-02-15 02:00:00
2021-02-16,2,2021,0.759,0.207,25.77,28.21,MODIS,94.5,5.66,2021-02-16 02:00:00
2021-02-17,2,2021,0.727,0.217,26.11,28.76,MODIS,80.1,5.97,2021-02-17 02:00:00
2021-02-18,2,2021,0.726,0.223,26.51,26.9,MODIS,79.44,5.44,2021-02-18 02:00:00
2021-02-19,2,2021,0.723,0.391,27.0,28.29,MODIS,78.12,5.65,2021-02-19 02:00:00
2021-02-20,2,2021,0.712,0.181,27.12,28.69,MODIS,73.45,6.16,2021-02-20 02:00:00
2021-02-21,2,2021,0.725,0.439,27.06,29.11,MODIS,79.38,6.1,2021-02-21 02:00:00
2021-02-22,2,2021,0.716,0.291,26.33,29.39,MODIS,75.31,6.18,2021-02-22 02:00:00
2021-02-23,2,2021,0.746,0.525,26.0,27.05,MODIS,88.69,6.14,2021-02-23 02:00:00
2021-02-24,2,2021,0.7,0.236,26.45,33.75,MODIS,67.65,5.77,2021-02-24 02:00:00
2021-02-25,2,2021,0.724,0.303,26.87,30.2,MODIS,78.55,5.99,2021-02-25 02:00:00
2021-02-26,2,2021,0.715,0.254,25.27,30.18,MODIS,74.77,5.89,2021-02-26 02:00:00
2021-02-27,2,2021,0.693,0.211,25.15,26.06,MODIS,64.55,5.77,2021-02-27 02:00:00
2021-02-28,2,2021,0.754,0.251,26.52,30.93,MODIS,92.22,5.42,2021-02-28 02:00:00
2021-03-01,2,2021,0.752,0.405,27.18,28.36,MODIS,91.6,5.64,2021-03-01 02:00:00
2021-03-02,2,2021,0.714,0.169,26.94,29.49,MODIS,74.04,5.99,2021-03-02 02:00:00
2021-03-03,2,2021,0.722,0.178,27.85,29.4,MODIS,77.61,6.28,2021-03-03 02:00:00
2021-03-04,2,2021,0.721,0.225,27.05,30.44,MODIS,77.55,5.23,2021-03-04 02:00:00
2021-03-05,2,2021,0.74,0.19,26.83,29.81,MODIS,86.02,5.87,2021-03-05 02:00:00
2021-03-06,2,2021,0.694,0.204,26.08,30.43,MODIS,65.26,5.78,2021-03-06 02:00:00
2021-03-07,2,2021,0.716,0.215,26.34,28.22,MODIS,75.05,5.72,2021-03-07 02:00:00
2021-03-08,2,2021,0.742,0.219,26.46,26.71,MODIS,86.78,6.09,2021-03-08 02:00:00
2021-03-09,2,2021,0.686,0.205,26.21,31.2,MODIS,61.57,5.69,2021-03-09 02:00:00
2021-03-10,2,2021,0.7,0.419,27.28,24.12,MODIS,67.72,6.11,2021-03-10 02:00:00
2021-03-11,2,2021,0.735,0.235,27.44,26.93,MODIS,83.56,6.06,2021-03-11 02:00:00
2021-03-12,2,2021,0.716,0.265,26.75,31.73,MODIS,75.29,5.65,2021-03-12 02:00:00
2021-03-13,2,2021,0.701,0.219,25.37,31.43,MODIS,68.44,5.7,2021-03-13 02:00:00
2021-03-14,2,2021,0.733,0.256,26.48,25.73,MODIS,82.9,5.73,2021-03-14 02:00:00
2021-03-15,2,2021,0.715,0.199,27.58,27.67,MODIS,74.57,6.01,2021-03-15 02:00:00
2021-03-16,2,2021,0.729,0.277,27.36,27.96,MODIS,81.21,5.97,2021-03-16 02:00:00
2021-03-17,2,2021,0.725,0.227,26.6,30.12,MODIS,79.2,6.04,2021-03-17 02:00:00
2021-03-18,2,2021,0.726,0.184,25.6,31.46,MODIS,79.85,6.34,2021-03-18 02:00:00
2021-03-19,2,2021,0.736,0.483,27.19,27.73,MODIS,84.35,5.64,2021-03-19 02:00:00
2021-03-20,2,2021,0.706,0.221,26.16,25.49,MODIS,70.5,5.67,2021-03-20 02:00:00
2021-03-21,2,2021,0.687,0.149,27.63,26.67,MODIS,61.83,5.54,2021-03-21 02:00:00
2021-03-22,2,2021,0.724,0.181,27.14,30.34,MODIS,78.63,6.04,2021-03-22 02:00:00
2021-03-23,2,2021,0.74,0.244,27.76,25.16,MODIS,85.92,5.61,2021-03-23 02:00:00
2021-03-24,2,2021,0.721,0.223,26.7,31.55,MODIS,77.28,6.96,2021-03-24 02:00:00
2021-03-25,2,2021,0.711,0.22,28.2,27.35,MODIS,72.97,5.2,2021-03-25 02:00:00
2021-03-26,2,2021,0.696,0.194,26.54,28.38,MODIS,66.13,6.04,2021-03-26 02:00:00
2021-03-27,2,2021,0.704,0.352,26.83,29.11,MODIS,69.45,5.89,2021-03-27 02:00:00
2021-03-28,2,2021,0.712,0.235,26.96,27.32,MODIS,73.48,5.26,2021-03-28 02:00:00
2021-03-29,2,2021,0.718,0.252,25.97,27.74,MODIS,76.1,4.79,2021-03-29 02:00:00
2021-03-30,2,2021,0.708,0.207,24.87,29.63,MODIS,71.37,5.76,2021-03-30 02:00:00
2021-03-31,2,2021,0.687,0.308,27.15,29.02,MODIS,62.11,5.84,2021-03-31 02:00:00
2021-04-01,2,2021,0.729,0.2,27.0,29.7,MODIS,81.22,5.45,2021-04-01 02:00:00
2021-04-02,2,2021,0.699,0.208,28.21,27.11,MODIS,67.37,5.82,2021-04-02 02:00:00
2021-04-03,2,2021,0.709,0.207,26.99,25.7,MODIS,71.89,4.89,2021-04-03 02:00:00
2021-04-04,2,2021,0.704,0.23,26.7,27.03,MODIS,69.53,5.95,2021-04-04 02:00:00
2021-04-05,2,2021,0.696,0.191,26.05,29.39,MODIS,65.92,6.46,2021-04-05 02:00:00
2021-04-06,2,2021,0.738,0.213,27.89,27.6,MODIS,85.22,6.09,2021-04-06 02:00:00
2021-04-07,2,2021,0.685,0.275,27.5,27.09,MODIS,60.88,6.13,2021-04-07 02:00:00
2021-04-08,2,2021,0.71,0.252,27.44,27.12,MODIS,72.19,5.96,2021-04-08 02:00:00
2021-04-09,2,2021,0.701,0.6,27.61,30.32,MODIS,68.17,5.92,2021-04-09 02:00:00
2021-04-10,2,2021,0.704,0.461,27.33,29.44,MODIS,69.63,6.09,2021-04-10 02:00:00
2021-04-11,2,2021,0.708,0.206,27.3,29.48,MODIS,71.36,6.07,2021-04-11 02:00:00
2021-04-12,2,2021,0.699,0.221,26.65,29.26,MODIS,67.46,6.12,2021-04-12 02:00:00
2021-04-13,2,2021,0.687,0.218,26.25,27.03,MODIS,62.07,5.82,2021-04-13 02:00:00
2021-04-14,2,2021,0.702,0.304,26.96,30.64,MODIS,68.96,5.45,2021-04-14 02:00:00
2021-04-15,2,2021,0.697,0.193,26.08,26.78,MODIS,66.42,5.97,2021-04-15 02:00:00
2021-04-16,2,2021,0.722,0.537,26.88,30.65,MODIS,78.03,5.84,2021-04-16 02:00:00
2021-04-17,2,2021,0.721,0.6,27.76,27.78,MODIS,77.47,5.98,2021-04-17 02:00:00
2021-04-18,2,2021,0.667,0.288,26.23,26.43,MODIS,52.83,6.39,2021-04-18 02:00:00
2021-04-19,2,2021,0.686,0.303,27.58,27.85,MODIS,61.72,6.17,2021-04-19 02:00:00
2021-04-20,2,2021,0.698,0.37,27.24,25.31,MODIS,66.91,6.07,2021-04-20 02:00:00
2021-04-21,2,2021,0.712,0.217,27.66,27.6,MODIS,73.5,6.34,2021-04-21 02:00:00
2021-04-22,2,2021,0.698,0.253,27.64,28.79,MODIS,67.17,6.03,2021-04-22 02:00:00
2021-04-23,2,2021,0.694,0.236,27.8,25.6,MODIS,65.15,5.76,2021-04-23 02:00:00
2021-04-24,2,2021,0.688,0.221,26.97,27.68,MODIS,62.2,6.46,2021-04-24 02:00:00
2021-04-25,2,2021,0.68,0.183,26.88,26.27,MODIS,58.74,6.2,2021-04-25 02:00:00
2021-04-26,2,2021,0.703,0.223,27.23,29.95,MODIS,69.3,5.4,2021-04-26 02:00:00
2021-04-27,2,2021,0.692,0.2,27.74,26.14,MODIS,64.28,6.45,2021-04-27 02:00:00
2021-04-28,2,2021,0.709,0.476,27.26,27.02,MODIS,72.06,5.2,2021-04-28 02:00:00
2021-04-29,2,2021,0.681,0.16,27.04,26.03,MODIS,59.08,5.73,2021-04-29 02:00:00
2021-04-30,2,2021,0.676,0.226,27.12,28.28,MODIS,56.89,5.65,2021-04-30 02:00:00
2021-05-01,2,2021,0.711,0.217,26.01,23.52,MODIS,73.07,6.01,2021-05-01 02:00:00
2021-05-02,2,2021,0.691,0.216,27.45,28.3,MODIS,63.77,6.55,2021-05-02 02:00:00
2021-05-03,2,2021,0.711,0.252,27.57,27.24,MODIS,72.64,6.18,2021-05-03 02:00:00
2021-05-04,2,2021,0.667,0.179,27.22,28.21,MODIS,53.05,5.99,2021-05-04 02:00:00
2021-05-05,2,2021,0.668,0.217,28.25,30.0,MODIS,53.23,5.99,2021-05-05 02:00:00
2021-05-06,2,2021,0.674,0.306,26.82,30.0,MODIS,56.02,5.84,2021-05-06 02:00:00
2021-05-07,2,2021,0.698,0.247,27.19,25.36,MODIS,66.94,5.63,2021-05-07 02:00:00
2021-05-08,2,2021,0.687,0.215,27.26,27.39,MODIS,62.04,6.48,2021-05-08 02:00:00
2021-05-09,2,2021,0.699,0.321,27.0,27.11,MODIS,67.49,5.67,2021-05-09 02:00:00
2021-05-10,2,2021,0.697,0.211,27.63,27.98,MODIS,66.55,6.17,2021-05-10 02:00:00
2021-05-11,2,2021,0.694,0.196,28.46,24.12,MODIS,65.01,5.68,2021-05-11 02:00:00
2021-05-12,2,2021,0.698,0.229,28.68,29.04,MODIS,66.91,5.36,2021-05-12 02:00:00
2021-05-13,2,2021,0.691,0.502,26.78,28.79,MODIS,63.87,5.86,2021-05-13 02:00:00
2021-05-14,2,2021,0.693,0.3,26.6,27.57,MODIS,64.78,5.33,2021-05-14 02:00:00
2021-05-15,2,2021,0.711,0.229,28.07,27.96,MODIS,72.63,6.37,2021-05-15 02:00:00
2021-05-16,2,2021,0.678,0.239,26.84,28.49,MODIS,57.93,6.38,2021-05-16 02:00:00
2021-05-17,2,2021,0.702,0.216,27.46,28.1,MODIS,68.58,5.41,2021-05-17 02:00:00
2021-05-18,2,2021,0.693,0.28,27.36,30.2,MODIS,64.74,5.25,2021-05-18 02:00:00
2021-05-19,2,2021,0.687,0.231,27.29,29.01,MODIS,62.1,6.66,2021-05-19 02:00:00
2021-05-20,2,2021,0.696,0.439,26.56,28.71,MODIS,66.09,5.92,2021-05-20 02:00:00
2021-05-21,2,2021,0.691,0.198,28.02,28.89,MODIS,63.8,5.74,2021-05-21 02:00:00
2021-05-22,2,2021,0.692,0.422,27.02,26.25,MODIS,64.42,5.46,2021-05-22 02:00:00
2021-05-23,2,2021,0.688,0.422,27.35,29.6,MODIS,62.43,6.18,2021-05-23 02:00:00
2021-05-24,2,2021,0.702,0.244,28.31,28.2,MODIS,68.81,6.78,2021-05-24 02:00:00
2021-05-25,2,2021,0.702,0.153,28.34,27.54,MODIS,68.96,6.49,2021-05-25 02:00:00
2021-05-26,2,2021,0.664,0.309,26.29,28.58,MODIS,51.39,6.62,2021-05-26 02:00:00
2021-05-27,2,2021,0.683,0.229,28.0,26.1,MODIS,60.05,5.58,2021-05-27 02:00:00
2021-05-28,2,2021,0.655,0.208,28.73,24.09,MODIS,47.55,6.32,2021-05-28 02:00:00
2021-05-29,2,2021,0.709,0.279,27.65,30.15,MODIS,71.91,6.26,2021-05-29 02:00:00
2021-05-30,2,2021,0.672,0.206,28.97,24.93,MODIS,55.03,5.52,2021-05-30 02:00:00
2021-05-31,2,2021,0.688,0.3,29.51,30.28,MODIS,62.51,5.81,2021-05-31 02:00:00
2021-06-01,2,2021,0.684,0.228,27.86,24.92,MODIS,60.58,6.13,2021-06-01 02:00:00
2021-06-02,2,2021,0.672,0.32,28.5,28.17,MODIS,55.08,6.09,2021-06-02 02:00:00
2021-06-03,2,2021,0.695,0.184,28.16,29.68,MODIS,65.71,5.98,2021-06-03 02:00:00
2021-06-04,2,2021,0.67,0.308,28.27,28.76,MODIS,54.13,6.02,2021-06-04 02:00:00
2021-06-05,2,2021,0.688,0.455,28.99,25.49,MODIS,62.31,6.57,2021-06-05 02:00:00
2021-06-06,2,2021,0.658,0.281,28.29,29.76,MODIS,48.68,6.1,2021-06-06 02:00:00
2021-06-07,2,2021,0.668,0.471,27.81,25.07,MODIS,53.21,6.22,2021-06-07 02:00:00
2021-06-08,2,2021,0.667,0.32,27.41,28.04,MODIS,53.02,5.93,2021-06-08 02:00:00
2021-06-09,2,2021,0.662,0.268,27.26,29.63,MODIS,50.78,5.75,2021-06-09 02:00:00
2021-06-10,2,2021,0.662,0.253,27.25,30.04,MODIS,50.59,6.41,2021-06-10 02:00:00
2021-06-11,2,2021,0.662,0.298,27.5,28.65,MODIS,50.84,5.6,2021-06-11 02:00:00
2021-06-12,2,2021,0.685,0.188,28.34,26.08,MODIS,61.02,6.39,2021-06-12 02:00:00
2021-06-13,2,2021,0.669,0.25,26.84,30.32,MODIS,54.01,6.36,2021-06-13 02:00:00
2021-06-14,2,2021,0.684,0.207,29.4,29.63,MODIS,60.72,6.73,2021-06-14 02:00:00
2021-06-15,2,2021,0.676,0.26,27.64,25.99,MODIS,56.94,5.97,2021-06-15 02:00:00
2021-06-16,2,2021,0.656,0.225,26.88,25.91,MODIS,47.91,6.35,2021-06-16 02:00:00
2021-06-17,2,2021,0.693,0.185,28.27,28.36,MODIS,64.56,5.34,2021-06-17 02:00:00
2021-06-18,2,2021,0.665,0.239,27.47,26.22,MODIS,51.85,5.27,2021-06-18 02:00:00
2021-06-19,2,2021,0.688,0.229,27.82,23.83,MODIS,62.44,6.02,2021-06-19 02:00:00
2021-06-20,2,2021,0.704,0.187,29.15,26.19,MODIS,69.5,5.89,2021-06-20 02:00:00
2021-06-21,2,2021,0.634,0.177,27.88,24.47,MODIS,37.82,5.97,2021-06-21 02:00:00
2021-06-22,2,2021,0.667,0.173,28.7,29.46,MODIS,52.91,6.08,2021-06-22 02:00:00
2021-06-23,2,2021,0.666,0.202,27.15,26.17,MODIS,52.27,6.14,2021-06-23 02:00:00
2021-06-24,2,2021,0.662,0.25,28.6,23.63,MODIS,50.8,5.75,2021-06-24 02:00:00
2021-06-25,2,2021,0.662,0.245,27.28,27.03,MODIS,50.55,6.15,2021-06-25 02:00:00
2021-06-26,2,2021,0.677,0.195,27.68,26.14,MODIS,57.59,6.5,2021-06-26 02:00:00
2021-06-27,2,2021,0.647,0.169,27.72,28.43,MODIS,43.76,6.79,2021-06-27 02:00:00
2021-06-28,2,2021,0.664,0.202,27.5,29.12,MODIS,51.65,6.43,2021-06-28 02:00:00
2021-06-29,2,2021,0.652,0.346,27.61,28.0,MODIS,45.9,5.59,2021-06-29 02:00:00
2021-06-30,2,2021,0.651,0.279,26.38,31.4,MODIS,45.63,6.43,2021-06-30 02:00:00
2021-07-01,2,2021,0.684,0.342,27.85,24.97,MODIS,60.69,5.84,2021-07-01 02:00:00
2021-07-02,2,2021,0.668,0.266,27.45,27.86,MODIS,53.15,6.16,2021-07-02 02:00:00
2021-07-03,2,2021,0.681,0.217,29.05,26.74,MODIS,59.39,6.57,2021-07-03 02:00:00
2021-07-04,2,2021,0.637,0.269,27.42,25.22,MODIS,39.18,6.14,2021-07-04 02:00:00
2021-07-05,2,2021,0.642,0.21,28.5,27.44,MODIS,41.75,6.51,2021-07-05 02:00:00
2021-07-06,2,2021,0.689,0.194,28.24,25.17,MODIS,62.77,5.32,2021-07-06 02:00:00
2021-07-07,2,2021,0.679,0.337,29.43,29.96,MODIS,58.43,6.54,2021-07-07 02:00:00
2021-07-08,2,2021,0.638,0.212,28.04,26.1,MODIS,39.58,6.34,2021-07-08 02:00:00
2021-07-09,2,2021,0.67,0.6,28.84,26.32,MODIS,54.31,6.26,2021-07-09 02:00:00
2021-07-10,2,2021,0.642,0.166,28.66,26.33,MODIS,41.46,6.12,2021-07-10 02:00:00
2021-07-11,2,2021,0.676,0.188,28.52,27.07,MODIS,57.0,6.6,2021-07-11 02:00:00
2021-07-12,2,2021,0.616,0.225,28.8,27.74,MODIS,29.93,6.66,2021-07-12 02:00:00
2021-07-13,2,2021,0.648,0.217,28.79,27.09,MODIS,44.48,6.18,2021-07-13 02:00:00
2021-07-14,2,2021,0.62,0.217,28.69,27.33,MODIS,31.46,6.51,2021-07-14 02:00:00
2021-07-15,2,2021,0.629,0.182,28.5,24.53,MODIS,35.47,6.07,2021-07-15 02:00:00
2021-07-16,2,2021,0.675,0.211,29.18,29.2,MODIS,56.7,5.75,2021-07-16 02:00:00
2021-07-17,2,2021,0.683,0.173,28.19,25.42,MODIS,59.96,6.01,2021-07-17 02:00:00
2021-07-18,2,2021,0.633,0.309,29.08,25.92,MODIS,37.67,5.98,2021-07-18 02:00:00
2021-07-19,2,2021,0.656,0.216,28.02,26.47,MODIS,48.08,5.85,2021-07-19 02:00:00
2021-07-20,2,2021,0.639,0.298,27.89,23.64,MODIS,40.4,5.76,2021-07-20 02:00:00
2021-07-21,2,2021,0.625,0.21,28.04,27.0,MODIS,33.71,6.13,2021-07-21 02:00:00
2021-07-22,2,2021,0.661,0.242,27.71,23.93,MODIS,50.24,5.9,2021-07-22 02:00:00
2021-07-23,2,2021,0.671,0.199,28.62,28.3,MODIS,54.93,6.9,2021-07-23 02:00:00
2021-07-24,2,2021,0.655,0.184,28.82,25.72,MODIS,47.44,5.79,2021-07-24 02:00:00
2021-07-25,2,2021,0.647,0.243,28.48,26.67,MODIS,43.89,6.77,2021-07-25 02:00:00
2021-07-26,2,2021,0.64,0.321,28.21,23.13,MODIS,40.87,6.44,2021-07-26 02:00:00
2021-07-27,2,2021,0.661,0.354,28.0,31.03,MODIS,50.38,6.45,2021-07-27 02:00:00
2021-07-28,2,2021,0.652,0.232,28.05,24.72,MODIS,46.04,5.84,2021-07-28 02:00:00
2021-07-29,2,2021,0.644,0.17,28.86,26.46,MODIS,42.48,5.94,2021-07-29 02:00:00
2021-07-30,2,2021,0.683,0.227,28.08,27.76,MODIS,59.98,6.61,2021-07-30 02:00:00
2021-07-31,2,2021,0.642,0.369,27.76,25.81,MODIS,41.71,6.26,2021-07-31 02:00:00
2021-08-01,2,2021,0.64,0.235,26.99,27.25,MODIS,40.73,6.42,2021-08-01 02:00:00
2021-08-02,2,2021,0.643,0.479,28.45,31.12,MODIS,41.96,6.73,2021-08-02 02:00:00
2021-08-03,2,2021,0.649,0.515,28.39,28.78,MODIS,44.52,5.81,2021-08-03 02:00:00
2021-08-04,2,2021,0.65,0.307,28.85,25.57,MODIS,45.21,5.94,2021-08-04 02:00:00
2021-08-05,2,2021,0.634,0.164,28.84,24.71,MODIS,37.97,6.09,2021-08-05 02:00:00
2021-08-06,2,2021,0.629,0.222,28.0,24.44,MODIS,35.83,7.16,2021-08-06 02:00:00
2021-08-07,2,2021,0.654,0.208,28.42,24.37,MODIS,47.09,5.66,2021-08-07 02:00:00
2021-08-08,2,2021,0.63,0.264,28.88,29.11,MODIS,36.29,6.67,2021-08-08 02:00:00
2021-08-09,2,2021,0.616,0.371,28.74,28.46,MODIS,29.68,6.55,2021-08-09 02:00:00
2021-08-10,2,2021,0.652,0.223,28.0,31.39,MODIS,46.31,6.84,2021-08-10 02:00:00
2021-08-11,2,2021,0.615,0.244,27.04,31.45,MODIS,29.39,5.97,2021-08-11 02:00:00
2021-08-12,2,2021,0.659,0.201,28.16,28.21,MODIS,49.11,6.1,2021-08-12 02:00:00
2021-08-13,2,2021,0.624,0.198,28.09,26.96,MODIS,33.27,5.93,2021-08-13 02:00:00
2021-08-14,2,2021,0.622,0.237,29.78,23.3,MODIS,32.32,6.12,2021-08-14 02:00:00
2021-08-15,2,2021,0.668,0.251,29.55,27.25,MODIS,53.36,6.31,2021-08-15 02:00:00
2021-08-16,2,2021,0.655,0.241,28.73,28.2,MODIS,47.55,6.35,2021-08-16 02:00:00
2021-08-17,2,2021,0.647,0.214,27.6,24.23,MODIS,43.63,6.37,2021-08-17 02:00:00
2021-08-18,2,2021,0.653,0.225,29.25,27.19,MODIS,46.45,6.13,2021-08-18 02:00:00
2021-08-19,2,2021,0.626,0.355,28.76,25.04,MODIS,34.17,5.92,2021-08-19 02:00:00
2021-08-20,2,2021,0.615,0.234,27.93,28.14,MODIS,29.26,6.47,2021-08-20 02:00:00
2021-08-21,2,2021,0.59,0.173,28.59,22.94,MODIS,18.14,6.69,2021-08-21 02:00:00
2021-08-22,2,2021,0.607,0.566,28.72,24.83,MODIS,25.47,6.43,2021-08-22 02:00:00
2021-08-23,2,2021,0.648,0.237,28.91,27.34,MODIS,44.38,5.96,2021-08-23 02:00:00
2021-08-24,2,2021,0.636,0.161,28.81,27.0,MODIS,39.05,6.82,2021-08-24 02:00:00
2021-08-25,2,2021,0.642,0.326,27.97,25.77,MODIS,41.58,6.33,2021-08-25 02:00:00
2021-08-26,2,2021,0.617,0.215,29.61,23.49,MODIS,30.43,6.01,2021-08-26 02:00:00
2021-08-27,2,2021,0.64,0.172,29.0,26.33,MODIS,40.57,7.49,2021-08-27 02:00:00
2021-08-28,2,2021,0.631,0.2,27.83,28.05,MODIS,36.72,6.28,2021-08-28 02:00:00
2021-08-29,2,2021,0.654,0.17,29.23,24.83,MODIS,47.2,7.39,2021-08-29 02:00:00
2021-08-30,2,2021,0.626,0.446,28.92,24.69,MODIS,34.33,6.8,2021-08-30 02:00:00
2021-08-31,2,2021,0.626,0.232,28.93,26.16,MODIS,34.35,7.11,2021-08-31 02:00:00
2021-09-01,2,2021,0.642,0.182,29.05,25.13,MODIS,41.47,6.17,2021-09-01 02:00:00
2021-09-02,2,2021,0.679,0.207,27.18,24.62,MODIS,58.39,5.64,2021-09-02 02:00:00
2021-09-03,2,2021,0.642,0.44,29.37,27.74,MODIS,41.54,6.16,2021-09-03 02:00:00
2021-09-04,2,2021,0.626,0.236,27.5,27.21,MODIS,34.15,6.97,2021-09-04 02:00:00
2021-09-05,2,2021,0.636,0.262,29.06,24.92,MODIS,38.64,5.81,2021-09-05 02:00:00
2021-09-06,2,2021,0.616,0.236,27.03,26.9,MODIS,29.79,6.21,2021-09-06 02:00:00
2021-09-07,2,2021,0.637,0.198,27.93,27.56,MODIS,39.1,6.63,2021-09-07 02:00:00
2021-09-08,2,2021,0.613,0.299,27.24,28.39,MODIS,28.25,6.63,2021-09-08 02:00:00
2021-09-09,2,2021,0.621,0.205,29.29,30.09,MODIS,32.05,7.06,2021-09-09 02:00:00
2021-09-10,2,2021,0.64,0.364,28.78,24.15,MODIS,40.86,6.33,2021-09-10 02:00:00
2021-09-11,2,2021,0.63,0.187,28.7,24.54,MODIS,36.18,7.08,2021-09-11 02:00:00
2021-09-12,2,2021,0.618,0.288,28.83,27.4,MODIS,30.72,7.13,2021-09-12 02:00:00
2021-09-13,2,2021,0.64,0.247,30.09,25.83,MODIS,40.51,7.22,2021-09-13 02:00:00
2021-09-14,2,2021,0.62,0.272,30.27,25.09,MODIS,31.65,6.57,2021-09-14 02:00:00
2021-09-15,2,2021,0.63,0.248,29.19,23.67,MODIS,36.0,6.85,2021-09-15 02:00:00
2021-09-16,2,2021,0.643,0.412,28.12,25.94,MODIS,42.1,6.16,2021-09-16 02:00:00
2021-09-17,2,2021,0.61,0.233,28.04,23.84,MODIS,26.94,6.22,2021-09-17 02:00:00
2021-09-18,2,2021,0.618,0.356,28.67,27.35,MODIS,30.62,6.16,2021-09-18 02:00:00
2021-09-19,2,2021,0.612,0.246,28.95,24.12,MODIS,27.82,6.83,2021-09-19 02:00:00
2021-09-20,2,2021,0.605,0.204,28.57,27.8,MODIS,24.94,6.46,2021-09-20 02:00:00
2021-09-21,2,2021,0.608,0.187,28.44,27.87,MODIS,26.12,6.36,2021-09-21 02:00:00
2021-09-22,2,2021,0.619,0.184,29.56,28.58,MODIS,31.17,6.43,2021-09-22 02:00:00
2021-09-23,2,2021,0.622,0.292,27.95,26.21,MODIS,32.55,6.99,2021-09-23 02:00:00
2021-09-24,2,2021,0.636,0.388,29.11,27.0,MODIS,38.66,6.86,2021-09-24 02:00:00
2021-09-25,2,2021,0.627,0.173,27.52,28.84,MODIS,34.74,6.81,2021-09-25 02:00:00
2021-09-26,2,2021,0.649,0.202,30.13,24.5,MODIS,44.61,5.57,2021-09-26 02:00:00
2021-09-27,2,2021,0.638,0.203,28.59,23.09,MODIS,39.73,7.29,2021-09-27 02:00:00
2021-09-28,2,2021,0.597,0.265,27.88,25.19,MODIS,21.1,6.0,2021-09-28 02:00:00
2021-09-29,2,2021,0.595,0.202,28.83,27.24,MODIS,20.42,5.56,2021-09-29 02:00:00
2021-09-30,2,2021,0.616,0.196,28.73,27.12,MODIS,29.9,6.74,2021-09-30 02:00:00
2021-10-01,2,2021,0.602,0.214,28.8,26.36,MODIS,23.54,6.35,2021-10-01 02:00:00
2021-10-02,2,2021,0.642,0.372,27.89,24.85,MODIS,41.39,6.55,2021-10-02 02:00:00
2021-10-03,2,2021,0.618,0.229,28.5,29.68,MODIS,30.47,7.7,2021-10-03 02:00:00
2021-10-04,2,2021,0.619,0.298,29.36,25.88,MODIS,31.07,6.58,2021-10-04 02:00:00
2021-10-05,2,2021,0.622,0.174,29.27,21.82,MODIS,32.36,6.19,2021-10-05 02:00:00
2021-10-06,2,2021,0.636,0.217,29.41,23.55,MODIS,38.97,7.05,2021-10-06 02:00:00
2021-10-07,2,2021,0.619,0.245,29.29,26.13,MODIS,31.18,7.02,2021-10-07 02:00:00
2021-10-08,2,2021,0.618,0.176,28.64,28.49,MODIS,30.46,6.07,2021-10-08 02:00:00
2021-10-09,2,2021,0.604,0.486,28.13,29.58,MODIS,24.24,6.19,2021-10-09 02:00:00
2021-10-10,2,2021,0.6,0.194,30.49,21.89,MODIS,22.42,6.91,2021-10-10 02:00:00
2021-10-11,2,2021,0.625,0.216,28.75,26.4,MODIS,34.06,6.51,2021-10-11 02:00:00
2021-10-12,2,2021,0.598,0.306,29.89,25.16,MODIS,21.37,6.51,2021-10-12 02:00:00
2021-10-13,2,2021,0.595,0.254,28.81,26.28,MODIS,20.1,6.45,2021-10-13 02:00:00
2021-10-14,2,2021,0.637,0.216,27.38,26.15,MODIS,39.41,5.89,2021-10-14 02:00:00
2021-10-15,2,2021,0.618,0.266,28.4,27.24,MODIS,30.8,6.83,2021-10-15 02:00:00
2021-10-16,2,2021,0.602,0.18,30.69,23.1,MODIS,23.48,6.85,2021-10-16 02:00:00
2021-10-17,2,2021,0.623,0.299,28.53,31.48,MODIS,33.04,6.14,2021-10-17 02:00:00
2021-10-18,2,2021,0.605,0.289,29.7,28.03,MODIS,24.76,6.56,2021-10-18 02:00:00
2021-10-19,2,2021,0.61,0.201,29.52,25.91,MODIS,27.14,6.62,2021-10-19 02:00:00
2021-10-20,2,2021,0.597,0.369,29.4,27.82,MODIS,21.32,7.11,2021-10-20 02:00:00
2021-10-21,2,2021,0.584,0.185,27.66,26.26,MODIS,15.21,6.65,2021-10-21 02:00:00
2021-10-22,2,2021,0.599,0.2,29.53,24.22,MODIS,21.94,6.28,2021-10-22 02:00:00
2021-10-23,2,2021,0.61,0.219,29.46,29.73,MODIS,27.12,6.89,2021-10-23 02:00:00
2021-10-24,2,2021,0.603,0.187,28.8,24.02,MODIS,23.8,6.65,2021-10-24 02:00:00
2021-10-25,2,2021,0.584,0.258,29.64,25.11,MODIS,15.27,6.58,2021-10-25 02:00:00
2021-10-26,2,2021,0.593,0.246,29.38,25.03,MODIS,19.29,6.84,2021-10-26 02:00:00
2021-10-27,2,2021,0.588,0.282,28.63,20.96,MODIS,17.13,6.44,2021-10-27 02:00:00
2021-10-28,2,2021,0.577,0.404,28.99,25.1,MODIS,12.13,6.91,2021-10-28 02:00:00
2021-10-29,2,2021,0.588,0.252,28.61,24.39,MODIS,16.89,6.73,2021-10-29 02:00:00
2021-10-30,2,2021,0.616,0.519,28.77,26.06,MODIS,29.59,6.6,2021-10-30 02:00:00
2021-10-31,2,2021,0.586,0.336,28.98,23.93,MODIS,16.27,7.21,2021-10-31 02:00:00
2021-11-01,2,2021,0.615,0.207,28.66,26.23,MODIS,29.26,7.19,2021-11-01 02:00:00
2021-11-02,2,2021,0.606,0.262,29.48,29.35,MODIS,25.15,6.08,2021-11-02 02:00:00
2021-11-03,2,2021,0.575,0.387,29.4,23.93,MODIS,11.07,6.09,2021-11-03 02:00:00
2021-11-04,2,2021,0.608,0.3,28.76,28.66,MODIS,26.31,6.53,2021-11-04 02:00:00
2021-11-05,2,2021,0.603,0.17,29.31,24.47,MODIS,24.07,6.75,2021-11-05 02:00:00
2021-11-06,2,2021,0.579,0.346,29.45,25.31,MODIS,13.12,7.26,2021-11-06 02:00:00
2021-11-07,2,2021,0.615,0.574,29.52,25.13,MODIS,29.36,6.81,2021-11-07 02:00:00
2021-11-08,2,2021,0.606,0.172,29.35,22.09,MODIS,25.28,6.41,2021-11-08 02:00:00
2021-11-09,2,2021,0.6,0.204,30.02,27.85,MODIS,22.29,7.19,2021-11-09 02:00:00
2021-11-10,2,2021,0.635,0.325,29.62,24.86,MODIS,38.45,6.6,2021-11-10 02:00:00
2021-11-11,2,2021,0.605,0.6,28.82,24.93,MODIS,24.92,7.06,2021-11-11 02:00:00
2021-11-12,2,2021,0.613,0.28,27.85,26.47,MODIS,28.41,6.48,2021-11-12 02:00:00
2021-11-13,2,2021,0.609,0.196,29.96,25.45,MODIS,26.47,6.61,2021-11-13 02:00:00
2021-11-14,2,2021,0.608,0.254,30.2,23.44,MODIS,26.06,6.86,2021-11-14 02:00:00
2021-11-15,2,2021,0.603,0.271,29.94,25.93,MODIS,23.73,6.17,2021-11-15 02:00:00
2021-11-16,2,2021,0.563,0.35,29.31,24.54,MODIS,5.69,6.57,2021-11-16 02:00:00
2021-11-17,2,2021,0.6,0.215,29.39,22.84,MODIS,22.52,6.29,2021-11-17 02:00:00
2021-11-18,2,2021,0.612,0.273,29.82,26.66,MODIS,28.08,6.88,2021-11-18 02:00:00
2021-11-19,2,2021,0.587,0.33,29.65,22.87,MODIS,16.51,7.22,2021-11-19 02:00:00
2021-11-20,2,2021,0.596,0.213,29.94,22.58,MODIS,20.51,6.74,2021-11-20 02:00:00
2021-11-21,2,2021,0.598,0.247,30.71,24.94,MODIS,21.79,6.58,2021-11-21 02:00:00
2021-11-22,2,2021,0.586,0.285,29.19,25.9,MODIS,16.28,7.17,2021-11-22 02:00:00
2021-11-23,2,2021,0.59,0.259,29.54,21.81,MODIS,17.76,6.49,2021-11-23 02:00:00
2021-11-24,2,2021,0.59,0.261,30.31,27.5,MODIS,17.75,6.32,2021-11-24 02:00:00
2021-11-25,2,2021,0.592,0.231,30.31,24.16,MODIS,18.82,6.09,2021-11-25 02:00:00
2021-11-26,2,2021,0.573,0.249,29.13,23.58,MODIS,10.15,6.92,2021-11-26 02:00:00
2021-11-27,2,2021,0.588,0.2,27.8,21.84,MODIS,16.92,6.54,2021-11-27 02:00:00
2021-11-28,2,2021,0.585,0.171,31.18,24.71,MODIS,15.77,5.63,2021-11-28 02:00:00
2021-11-29,2,2021,0.584,0.22,29.5,27.21,MODIS,15.33,6.84,2021-11-29 02:00:00
2021-11-30,2,2021,0.609,0.2,30.36,25.37,MODIS,26.58,7.0,2021-11-30 02:00:00
2021-12-01,2,2021,0.611,0.203,29.39,25.75,MODIS,27.39,6.6,2021-12-01 02:00:00
2021-12-02,2,2021,0.585,0.226,30.39,23.73,MODIS,15.9,7.51,2021-12-02 02:00:00
2021-12-03,2,2021,0.594,0.161,29.75,23.02,MODIS,20.0,7.26,2021-12-03 02:00:00
2021-12-04,2,2021,0.55,0.25,30.95,26.54,MODIS,0.0,6.52,2021-12-04 02:00:00
2021-12-05,2,2021,0.586,0.309,30.09,21.34,MODIS,16.3,7.61,2021-12-05 02:00:00
2021-12-06,2,2021,0.587,0.197,29.4,23.61,MODIS,16.78,7.3,2021-12-06 02:00:00
2021-12-07,2,2021,0.551,0.194,28.63,25.55,MODIS,0.24,7.47,2021-12-07 02:00:00
2021-12-08,2,2021,0.575,0.199,29.8,25.96,MODIS,11.03,7.26,2021-12-08 02:00:00
2021-12-09,2,2021,0.577,0.211,29.51,26.21,MODIS,12.07,6.45,2021-12-09 02:00:00
2021-12-10,2,2021,0.606,0.239,29.55,22.2,MODIS,25.32,6.25,2021-12-10 02:00:00
2021-12-11,2,2021,0.576,0.34,29.65,23.0,MODIS,11.75,7.35,2021-12-11 02:00:00
2021-12-12,2,2021,0.581,0.268,29.51,25.34,MODIS,14.12,6.71,2021-12-12 02:00:00
2021-12-13,2,2021,0.568,0.182,28.9,23.92,MODIS,7.97,7.49,2021-12-13 02:00:00
2021-12-14,2,2021,0.552,0.194,29.22,22.61,MODIS,0.53,7.55,2021-12-14 02:00:00
2021-12-15,2,2021,0.583,0.388,29.91,23.51,MODIS,14.88,7.12,2021-12-15 02:00:00
2021-12-16,2,2021,0.617,0.205,29.21,24.55,MODIS,30.18,7.36,2021-12-16 02:00:00
2021-12-17,2,2021,0.565,0.209,31.29,23.4,MODIS,6.85,6.84,2021-12-17 02:00:00
2021-12-18,2,2021,0.58,0.2,29.89,22.98,MODIS,13.5,6.81,2021-12-18 02:00:00
2021-12-19,2,2021,0.564,0.355,29.51,25.22,MODIS,6.08,6.39,2021-12-19 02:00:00
2021-12-20,2,2021,0.577,0.2,29.0,22.71,MODIS,11.95,7.01,2021-12-20 02:00:00
2021-12-21,2,2021,0.584,0.203,28.57,24.46,MODIS,15.15,6.98,2021-12-21 02:00:00
2021-12-22,2,2021,0.584,0.219,30.61,26.53,MODIS,15.39,6.3,2021-12-22 02:00:00
2021-12-23,2,2021,0.593,0.201,30.74,24.57,MODIS,19.53,7.07,2021-12-23 02:00:00
2021-12-24,2,2021,0.59,0.229,29.73,22.62,MODIS,17.85,6.31,2021-12-24 02:00:00
2021-12-25,2,2021,0.595,0.192,29.67,22.38,MODIS,20.02,6.71,2021-12-25 02:00:00
2021-12-26,2,2021,0.567,0.258,28.89,22.4,MODIS,7.4,7.51,2021-12-26 02:00:00
2021-12-27,2,2021,0.566,0.297,30.16,23.21,MODIS,7.2,6.93,2021-12-27 02:00:00
2021-12-28,2,2021,0.601,0.204,30.08,23.49,MODIS,22.82,6.72,2021-12-28 02:00:00
2021-12-29,2,2021,0.596,0.198,30.32,22.75,MODIS,20.47,8.06,2021-12-29 02:00:00
2021-12-30,2,2021,0.565,0.2,30.67,21.73,MODIS,6.44,7.58,2021-12-30 02:00:00
2021-12-31,2,2021,0.562,0.193,30.17,28.83,MODIS,5.44,6.7,2021-12-31 02:00:00
2022-01-01,2,2022,0.775,0.195,25.52,31.08,MODIS,100.0,5.38,2022-01-01 02:00:00
2022-01-02,2,2022,0.734,0.379,26.39,25.22,MODIS,82.46,6.86,2022-01-02 02:00:00
2022-01-03,2,2022,0.728,0.377,26.08,27.86,MODIS,79.77,5.77,2022-01-03 02:00:00
2022-01-04,2,2022,0.737,0.262,27.1,31.6,MODIS,83.89,5.61,2022-01-04 02:00:00
2022-01-05,2,2022,0.751,0.212,25.87,28.08,MODIS,89.59,5.52,2022-01-05 02:00:00
2022-01-06,2,2022,0.76,0.245,26.25,28.05,MODIS,93.53,6.1,2022-01-06 02:00:00
2022-01-07,2,2022,0.732,0.432,26.02,34.39,MODIS,81.59,5.31,2022-01-07 02:00:00
2022-01-08,2,2022,0.746,0.372,25.16,29.61,MODIS,87.71,5.6,2022-01-08 02:00:00
2022-01-09,2,2022,0.761,0.22,26.0,29.45,MODIS,94.17,6.11,2022-01-09 02:00:00
2022-01-10,2,2022,0.731,0.189,26.06,32.54,MODIS,80.92,4.93,2022-01-10 02:00:00
2022-01-11,2,2022,0.745,0.223,25.66,31.7,MODIS,87.28,5.11,2022-01-11 02:00:00
2022-01-12,2,2022,0.756,0.209,26.15,30.21,MODIS,91.66,5.23,2022-01-12 02:00:00
2022-01-13,2,2022,0.735,0.197,27.0,30.42,MODIS,82.7,5.02,2022-01-13 02:00:00
2022-01-14,2,2022,0.747,0.171,25.54,33.91,MODIS,88.03,5.22,2022-01-14 02:00:00
2022-01-15,2,2022,0.735,0.287,26.29,29.12,MODIS,82.6,5.15,2022-01-15 02:00:00
2022-01-16,2,2022,0.74,0.276,26.22,26.8,MODIS,84.89,5.7,2022-01-16 02:00:00
2022-01-17,2,2022,0.708,0.255,27.08,28.54,MODIS,71.04,5.74,2022-01-17 02:00:00
2022-01-18,2,2022,0.751,0.398,25.21,36.09,MODIS,89.86,5.7,2022-01-18 02:00:00
2022-01-19,2,2022,0.769,0.492,25.97,29.43,MODIS,97.41,5.32,2022-01-19 02:00:00
2022-01-20,2,2022,0.735,0.261,26.68,32.33,MODIS,82.88,5.55,2022-01-20 02:00:00
2022-01-21,2,2022,0.747,0.322,24.93,26.1,MODIS,87.77,5.17,2022-01-21 02:00:00
2022-01-22,2,2022,0.737,0.356,25.77,29.96,MODIS,83.63,5.06,2022-01-22 02:00:00
2022-01-23,2,2022,0.774,0.214,25.91,30.18,MODIS,99.76,5.64,2022-01-23 02:00:00
2022-01-24,2,2022,0.719,0.152,25.18,30.55,MODIS,75.9,5.08,2022-01-24 02:00:00
2022-01-25,2,2022,0.746,0.269,26.58,31.53,MODIS,87.55,5.8,2022-01-25 02:00:00
2022-01-26,2,2022,0.736,0.22,25.92,29.79,MODIS,83.29,5.8,2022-01-26 02:00:00
2022-01-27,2,2022,0.726,0.325,25.91,31.25,MODIS,78.79,5.48,2022-01-27 02:00:00
2022-01-28,2,2022,0.76,0.397,26.3,28.73,MODIS,93.39,6.07,2022-01-28 02:00:00
2022-01-29,2,2022,0.738,0.169,25.34,29.67,MODIS,84.02,5.75,2022-01-29 02:00:00
2022-01-30,2,2022,0.752,0.362,27.15,30.59,MODIS,90.22,6.2,2022-01-30 02:00:00
2022-01-31,2,2022,0.707,0.235,27.16,29.93,MODIS,70.86,4.78,2022-01-31 02:00:00
2022-02-01,2,2022,0.767,0.335,26.24,31.64,MODIS,96.42,5.86,2022-02-01 02:00:00
2022-02-02,2,2022,0.737,0.233,26.97,30.21,MODIS,83.52,6.64,2022-02-02 02:00:00
2022-02-03,2,2022,0.734,0.201,26.18,28.62,MODIS,82.24,5.34,2022-02-03 02:00:00
2022-02-04,2,2022,0.709,0.211,26.28,31.94,MODIS,71.64,5.8,2022-02-04 02:00:00
2022-02-05,2,2022,0.701,0.49,25.12,31.13,MODIS,67.99,6.12,2022-02-05 02:00:00
2022-02-06,2,2022,0.722,0.188,26.49,27.1,MODIS,77.26,5.93,2022-02-06 02:00:00
2022-02-07,2,2022,0.731,0.26,26.83,29.62,MODIS,81.04,5.66,2022-02-07 02:00:00
2022-02-08,2,2022,0.708,0.237,27.22,28.13,MODIS,71.09,6.04,2022-02-08 02:00:00
2022-02-09,2,2022,0.721,0.308,26.2,27.26,MODIS,76.93,5.53,2022-02-09 02:00:00
2022-02-10,2,2022,0.752,0.292,25.79,28.8,MODIS,90.34,5.25,2022-02-10 02:00:00
2022-02-11,2,2022,0.739,0.228,26.76,32.95,MODIS,84.47,6.09,2022-02-11 02:00:00
2022-02-12,2,2022,0.711,0.3,26.61,29.76,MODIS,72.33,4.97,2022-02-12 02:00:00
2022-02-13,2,2022,0.752,0.197,25.57,29.22,MODIS,90.1,5.84,2022-02-13 02:00:00
2022-02-14,2,2022,0.756,0.238,26.56,28.11,MODIS,91.75,5.61,2022-02-14 02:00:00
2022-02-15,2,2022,0.71,0.226,26.53,32.4,MODIS,72.09,5.87,2022-02-15 02:00:00
2022-02-16,2,2022,0.753,0.195,26.74,32.71,MODIS,90.54,6.16,2022-02-16 02:00:00
2022-02-17,2,2022,0.732,0.333,27.36,30.74,MODIS,81.36,5.7,2022-02-17 02:00:00
2022-02-18,2,2022,0.746,0.219,26.0,29.89,MODIS,87.66,5.84,2022-02-18 02:00:00
2022-02-19,2,2022,0.717,0.209,26.19,27.96,MODIS,75.25,4.91,2022-02-19 02:00:00
2022-02-20,2,2022,0.744,0.482,25.67,29.92,MODIS,86.65,5.48,2022-02-20 02:00:00
2022-02-21,2,2022,0.711,0.24,26.05,23.73,MODIS,72.62,6.31,2022-02-21 02:00:00
2022-02-22,2,2022,0.747,0.334,27.72,25.76,MODIS,87.94,5.5,2022-02-22 02:00:00
2022-02-23,2,2022,0.741,0.212,27.27,28.8,MODIS,85.23,6.46,2022-02-23 02:00:00
2022-02-24,2,2022,0.696,0.184,25.0,31.39,MODIS,65.83,5.19,2022-02-24 02:00:00
2022-02-25,2,2022,0.745,0.22,26.82,32.32,MODIS,87.02,6.12,2022-02-25 02:00:00
2022-02-26,2,2022,0.733,0.216,27.84,30.02,MODIS,81.9,6.03,2022-02-26 02:00:00
2022-02-27,2,2022,0.725,0.277,25.36,28.13,MODIS,78.64,5.81,2022-02-27 02:00:00
2022-02-28,2,2022,0.698,0.327,28.46,26.07,MODIS,66.79,5.8,2022-02-28 02:00:00
2022-03-01,2,2022,0.718,0.423,27.35,32.35,MODIS,75.6,5.83,2022-03-01 02:00:00
2022-03-02,2,2022,0.718,0.318,26.0,28.0,MODIS,75.52,5.7,2022-03-02 02:00:00
2022-03-03,2,2022,0.752,0.218,26.07,29.3,MODIS,90.02,5.83,2022-03-03 02:00:00
2022-03-04,2,2022,0.714,0.218,27.53,31.64,MODIS,73.8,5.47,2022-03-04 02:00:00
2022-03-05,2,2022,0.698,0.409,26.62,25.84,MODIS,66.78,6.34,2022-03-05 02:00:00
2022-03-06,2,2022,0.715,0.238,28.25,30.87,MODIS,74.31,5.98,2022-03-06 02:00:00
2022-03-07,2,2022,0.707,0.313,26.92,27.04,MODIS,70.92,5.66,2022-03-07 02:00:00
2022-03-08,2,2022,0.742,0.234,26.79,27.58,MODIS,85.7,5.78,2022-03-08 02:00:00
2022-03-09,2,2022,0.726,0.22,27.11,26.85,MODIS,79.05,5.56,2022-03-09 02:00:00
2022-03-10,2,2022,0.713,0.365,26.51,30.94,MODIS,73.51,6.44,2022-03-10 02:00:00
2022-03-11,2,2022,0.725,0.223,26.59,29.69,MODIS,78.42,5.35,2022-03-11 02:00:00
2022-03-12,2,2022,0.709,0.24,27.96,26.65,MODIS,71.69,5.33,2022-03-12 02:00:00
2022-03-13,2,2022,0.708,0.314,26.48,30.09,MODIS,71.36,5.08,2022-03-13 02:00:00
2022-03-14,2,2022,0.695,0.243,27.72,27.22,MODIS,65.52,5.44,2022-03-14 02:00:00
2022-03-15,2,2022,0.72,0.424,26.19,28.42,MODIS,76.14,5.33,2022-03-15 02:00:00
2022-03-16,2,2022,0.702,0.216,27.47,31.76,MODIS,68.78,5.74,2022-03-16 02:00:00
2022-03-17,2,2022,0.706,0.172,26.57,24.54,MODIS,70.13,5.73,2022-03-17 02:00:00
2022-03-18,2,2022,0.73,0.246,27.67,28.02,MODIS,80.5,6.0,2022-03-18 02:00:00
2022-03-19,2,2022,0.71,0.336,26.25,32.3,MODIS,72.22,5.67,2022-03-19 02:00:00
2022-03-20,2,2022,0.729,0.242,26.76,29.41,MODIS,80.29,5.75,2022-03-20 02:00:00
2022-03-21,2,2022,0.717,0.21,27.16,26.77,MODIS,75.24,5.31,2022-03-21 02:00:00
2022-03-22,2,2022,0.724,0.211,27.36,25.51,MODIS,78.09,5.54,2022-03-22 02:00:00
2022-03-23,2,2022,0.675,0.198,27.17,26.49,MODIS,57.12,5.79,2022-03-23 02:00:00
2022-03-24,2,2022,0.711,0.257,27.16,26.78,MODIS,72.67,5.33,2022-03-24 02:00:00
2022-03-25,2,2022,0.712,0.273,25.98,26.19,MODIS,72.75,5.84,2022-03-25 02:00:00
2022-03-26,2,2022,0.746,0.287,27.77,30.67,MODIS,87.52,6.21,2022-03-26 02:00:00
2022-03-27,2,2022,0.677,0.296,27.8,27.89,MODIS,57.62,5.32,2022-03-27 02:00:00
2022-03-28,2,2022,0.701,0.207,26.97,27.41,MODIS,68.35,6.19,2022-03-28 02:00:00
2022-03-29,2,2022,0.705,0.252,26.42,27.27,MODIS,69.73,5.49,2022-03-29 02:00:00
2022-03-30,2,2022,0.708,0.407,27.24,29.11,MODIS,71.09,6.23,2022-03-30 02:00:00
2022-03-31,2,2022,0.702,0.204,27.38,29.83,MODIS,68.5,5.44,2022-03-31 02:00:00
2022-04-01,2,2022,0.681,0.206,27.75,28.03,MODIS,59.33,5.05,2022-04-01 02:00:00
2022-04-02,2,2022,0.692,0.24,26.27,26.6,MODIS,64.37,7.05,2022-04-02 02:00:00
2022-04-03,2,2022,0.733,0.252,26.65,30.23,MODIS,81.89,4.74,2022-04-03 02:00:00
2022-04-04,2,2022,0.7,0.322,26.48,28.35,MODIS,67.72,6.34,2022-04-04 02:00:00
2022-04-05,2,2022,0.72,0.309,27.12,27.38,MODIS,76.39,6.27,2022-04-05 02:00:00
2022-04-06,2,2022,0.728,0.246,27.22,29.82,MODIS,79.72,5.55,2022-04-06 02:00:00
2022-04-07,2,2022,0.693,0.32,27.13,31.35,MODIS,64.87,5.1,2022-04-07 02:00:00
2022-04-08,2,2022,0.717,0.297,27.38,26.13,MODIS,75.04,5.29,2022-04-08 02:00:00
2022-04-09,2,2022,0.695,0.368,27.01,28.07,MODIS,65.55,5.11,2022-04-09 02:00:00
2022-04-10,2,2022,0.694,0.218,27.74,29.91,MODIS,65.28,5.22,2022-04-10 02:00:00
2022-04-11,2,2022,0.705,0.214,27.28,25.66,MODIS,69.8,6.23,2022-04-11 02:00:00
2022-04-12,2,2022,0.724,0.404,27.98,27.89,MODIS,77.9,6.66,2022-04-12 02:00:00
2022-04-13,2,2022,0.699,0.279,27.31,27.45,MODIS,67.17,5.56,2022-04-13 02:00:00
2022-04-14,2,2022,0.692,0.231,27.28,29.99,MODIS,64.11,6.31,2022-04-14 02:00:00
2022-04-15,2,2022,0.714,0.311,27.33,27.84,MODIS,73.68,5.25,2022-04-15 02:00:00
2022-04-16,2,2022,0.669,0.222,27.66,29.64,MODIS,54.28,6.03,2022-04-16 02:00:00
2022-04-17,2,2022,0.709,0.252,27.88,28.68,MODIS,71.71,5.62,2022-04-17 02:00:00
2022-04-18,2,2022,0.709,0.176,27.11,26.72,MODIS,71.69,4.84,2022-04-18 02:00:00
2022-04-19,2,2022,0.7,0.2,27.57,27.86,MODIS,67.59,6.8,2022-04-19 02:00:00
2022-04-20,2,2022,0.727,0.493,26.0,29.88,MODIS,79.29,6.07,2022-04-20 02:00:00
2022-04-21,2,2022,0.703,0.283,26.22,24.09,MODIS,68.83,5.96,2022-04-21 02:00:00
2022-04-22,2,2022,0.72,0.236,27.04,28.44,MODIS,76.33,5.48,2022-04-22 02:00:00
2022-04-23,2,2022,0.692,0.185,25.93,28.62,MODIS,64.27,4.88,2022-04-23 02:00:00
2022-04-24,2,2022,0.704,0.367,26.98,27.63,MODIS,69.65,5.72,2022-04-24 02:00:00
2022-04-25,2,2022,0.69,0.244,26.96,25.29,MODIS,63.32,5.92,2022-04-25 02:00:00
2022-04-26,2,2022,0.703,0.212,28.44,24.5,MODIS,68.82,5.82,2022-04-26 02:00:00
2022-04-27,2,2022,0.711,0.253,26.05,30.07,MODIS,72.33,6.05,2022-04-27 02:00:00
2022-04-28,2,2022,0.725,0.223,27.32,31.23,MODIS,78.62,5.86,2022-04-28 02:00:00
2022-04-29,2,2022,0.668,0.207,27.57,29.63,MODIS,53.71,5.91,2022-04-29 02:00:00
2022-04-30,2,2022,0.675,0.247,29.81,28.41,MODIS,56.91,5.48,2022-04-30 02:00:00
2022-05-01,2,2022,0.689,0.303,26.3,28.44,MODIS,62.91,5.88,2022-05-01 02:00:00
2022-05-02,2,2022,0.697,0.232,26.5,25.87,MODIS,66.53,6.5,2022-05-02 02:00:00
2022-05-03,2,2022,0.693,0.178,27.54,28.5,MODIS,64.56,5.63,2022-05-03 02:00:00
2022-05-04,2,2022,0.678,0.382,27.94,28.4,MODIS,58.11,5.92,2022-05-04 02:00:00
2022-05-05,2,2022,0.672,0.337,26.95,28.18,MODIS,55.76,6.09,2022-05-05 02:00:00
2022-05-06,2,2022,0.708,0.23,27.39,30.85,MODIS,71.15,5.71,2022-05-06 02:00:00
2022-05-07,2,2022,0.686,0.225,28.93,30.74,MODIS,61.75,7.02,2022-05-07 02:00:00
2022-05-08,2,2022,0.703,0.337,26.66,30.95,MODIS,68.84,5.81,2022-05-08 02:00:00
2022-05-09,2,2022,0.665,0.206,27.4,27.16,MODIS,52.66,5.91,2022-05-09 02:00:00
2022-05-10,2,2022,0.655,0.291,28.08,29.2,MODIS,48.51,6.04,2022-05-10 02:00:00
2022-05-11,2,2022,0.685,0.24,26.38,29.4,MODIS,61.23,6.33,2022-05-11 02:00:00
2022-05-12,2,2022,0.705,0.233,27.75,28.15,MODIS,69.92,5.4,2022-05-12 02:00:00
2022-05-13,2,2022,0.679,0.255,28.2,26.11,MODIS,58.54,6.4,2022-05-13 02:00:00
2022-05-14,2,2022,0.695,0.213,28.22,28.34,MODIS,65.66,5.98,2022-05-14 02:00:00
2022-05-15,2,2022,0.678,0.318,27.4,28.84,MODIS,58.41,6.23,2022-05-15 02:00:00
2022-05-16,2,2022,0.681,0.216,26.79,25.53,MODIS,59.43,5.75,2022-05-16 02:00:00
2022-05-17,2,2022,0.689,0.362,27.0,27.77,MODIS,62.86,5.68,2022-05-17 02:00:00
2022-05-18,2,2022,0.681,0.264,27.16,27.27,MODIS,59.37,6.25,2022-05-18 02:00:00
2022-05-19,2,2022,0.696,0.195,26.94,25.44,MODIS,66.1,6.66,2022-05-19 02:00:00
2022-05-20,2,2022,0.675,0.203,27.87,30.72,MODIS,56.96,6.4,2022-05-20 02:00:00
2022-05-21,2,2022,0.657,0.312,27.99,28.98,MODIS,49.05,6.03,2022-05-21 02:00:00
2022-05-22,2,2022,0.695,0.299,27.9,29.68,MODIS,65.74,6.05,2022-05-22 02:00:00
2022-05-23,2,2022,0.657,0.219,26.65,25.38,MODIS,49.25,5.67,2022-05-23 02:00:00
2022-05-24,2,2022,0.667,0.22,28.02,27.31,MODIS,53.3,5.95,2022-05-24 02:00:00
2022-05-25,2,2022,0.686,0.208,27.3,28.99,MODIS,61.54,5.54,2022-05-25 02:00:00
2022-05-26,2,2022,0.668,0.19,27.3,30.32,MODIS,53.74,6.13,2022-05-26 02:00:00
2022-05-27,2,2022,0.708,0.244,29.2,29.5,MODIS,71.24,6.47,2022-05-27 02:00:00
2022-05-28,2,2022,0.655,0.234,26.88,23.92,MODIS,48.15,6.07,2022-05-28 02:00:00
2022-05-29,2,2022,0.681,0.244,27.88,30.13,MODIS,59.64,6.39,2022-05-29 02:00:00
2022-05-30,2,2022,0.659,0.234,28.36,29.97,MODIS,50.11,5.68,2022-05-30 02:00:00
2022-05-31,2,2022,0.687,0.192,28.27,26.86,MODIS,61.93,5.97,2022-05-31 02:00:00
2022-06-01,2,2022,0.661,0.221,27.81,26.76,MODIS,51.1,5.15,2022-06-01 02:00:00
2022-06-02,2,2022,0.67,0.291,27.68,27.5,MODIS,54.95,6.08,2022-06-02 02:00:00
2022-06-03,2,2022,0.707,0.317,27.93,25.4,MODIS,70.58,6.17,2022-06-03 02:00:00
2022-06-04,2,2022,0.662,0.325,27.99,28.28,MODIS,51.31,6.52,2022-06-04 02:00:00
2022-06-05,2,2022,0.655,0.202,27.91,28.77,MODIS,48.49,5.73,2022-06-05 02:00:00
2022-06-06,2,2022,0.686,0.287,27.17,27.37,MODIS,61.53,6.12,2022-06-06 02:00:00
2022-06-07,2,2022,0.653,0.313,27.26,29.51,MODIS,47.25,6.6,2022-06-07 02:00:00
2022-06-08,2,2022,0.672,0.187,28.54,28.47,MODIS,55.83,6.13,2022-06-08 02:00:00
2022-06-09,2,2022,0.686,0.24,28.14,28.32,MODIS,61.51,5.62,2022-06-09 02:00:00
2022-06-10,2,2022,0.623,0.249,27.29,25.69,MODIS,34.55,5.54,2022-06-10 02:00:00
2022-06-11,2,2022,0.659,0.261,27.66,27.53,MODIS,50.18,6.11,2022-06-11 02:00:00
2022-06-12,2,2022,0.668,0.518,28.23,28.3,MODIS,54.06,5.81,2022-06-12 02:00:00
2022-06-13,2,2022,0.645,0.262,28.18,30.92,MODIS,44.06,5.76,2022-06-13 02:00:00
2022-06-14,2,2022,0.665,0.262,27.43,30.36,MODIS,52.48,6.59,2022-06-14 02:00:00
2022-06-15,2,2022,0.664,0.248,26.75,24.47,MODIS,52.01,5.74,2022-06-15 02:00:00
2022-06-16,2,2022,0.661,0.359,27.92,25.54,MODIS,50.98,5.99,2022-06-16 02:00:00
2022-06-17,2,2022,0.684,0.299,27.82,28.71,MODIS,60.82,5.74,2022-06-17 02:00:00
2022-06-18,2,2022,0.676,0.6,26.86,28.46,MODIS,57.36,5.69,2022-06-18 02:00:00
2022-06-19,2,2022,0.65,0.248,27.91,30.41,MODIS,46.08,6.36,2022-06-19 02:00:00
2022-06-20,2,2022,0.662,0.215,27.56,30.39,MODIS,51.12,5.83,2022-06-20 02:00:00
2022-06-21,2,2022,0.671,0.216,28.53,27.61,MODIS,55.42,6.61,2022-06-21 02:00:00
2022-06-22,2,2022,0.636,0.32,28.15,28.16,MODIS,40.21,5.9,2022-06-22 02:00:00
2022-06-23,2,2022,0.644,0.206,27.75,27.46,MODIS,43.38,6.93,2022-06-23 02:00:00
2022-06-24,2,2022,0.648,0.215,28.25,27.23,MODIS,45.1,6.46,2022-06-24 02:00:00
2022-06-25,2,2022,0.708,0.223,28.81,28.94,MODIS,71.09,6.05,2022-06-25 02:00:00
2022-06-26,2,2022,0.677,0.269,28.23,31.63,MODIS,57.75,6.69,2022-06-26 02:00:00
2022-06-27,2,2022,0.683,0.209,27.09,26.48,MODIS,60.25,6.42,2022-06-27 02:00:00
2022-06-28,2,2022,0.686,0.229,27.98,28.44,MODIS,61.71,5.97,2022-06-28 02:00:00
2022-06-29,2,2022,0.643,0.332,27.01,24.86,MODIS,43.17,6.91,2022-06-29 02:00:00
2022-06-30,2,2022,0.682,0.183,27.63,25.97,MODIS,59.8,6.64,2022-06-30 02:00:00
2022-07-01,2,2022,0.674,0.324,28.44,25.8,MODIS,56.41,6.35,2022-07-01 02:00:00
2022-07-02,2,2022,0.644,0.171,28.12,30.43,MODIS,43.73,6.51,2022-07-02 02:00:00
2022-07-03,2,2022,0.634,0.363,27.01,27.49,MODIS,39.08,6.51,2022-07-03 02:00:00
2022-07-04,2,2022,0.625,0.3,27.33,26.67,MODIS,35.48,7.71,2022-07-04 02:00:00
2022-07-05,2,2022,0.642,0.271,28.22,25.15,MODIS,42.79,6.22,2022-07-05 02:00:00
2022-07-06,2,2022,0.649,0.157,27.06,26.72,MODIS,45.76,6.82,2022-07-06 02:00:00
2022-07-07,2,2022,0.655,0.384,27.93,26.34,MODIS,48.09,6.09,2022-07-07 02:00:00
2022-07-08,2,2022,0.643,0.211,27.65,25.3,MODIS,43.33,5.89,2022-07-08 02:00:00
2022-07-09,2,2022,0.671,0.171,28.08,26.19,MODIS,54.99,5.99,2022-07-09 02:00:00
2022-07-10,2,2022,0.679,0.339,27.48,26.76,MODIS,58.44,5.68,2022-07-10 02:00:00
2022-07-11,2,2022,0.647,0.221,28.0,27.47,MODIS,45.0,5.54,2022-07-11 02:00:00
2022-07-12,2,2022,0.676,0.223,27.52,27.42,MODIS,57.24,6.1,2022-07-12 02:00:00
2022-07-13,2,2022,0.66,0.414,27.09,26.03,MODIS,50.53,6.41,2022-07-13 02:00:00
2022-07-14,2,2022,0.652,0.245,27.86,26.92,MODIS,46.85,5.85,2022-07-14 02:00:00
2022-07-15,2,2022,0.67,0.211,29.16,28.88,MODIS,54.67,6.59,2022-07-15 02:00:00
2022-07-16,2,2022,0.649,0.229,28.95,29.48,MODIS,45.64,6.2,2022-07-16 02:00:00
2022-07-17,2,2022,0.675,0.231,29.63,26.17,MODIS,56.81,5.66,2022-07-17 02:00:00
2022-07-18,2,2022,0.653,0.283,28.27,24.41,MODIS,47.55,6.35,2022-07-18 02:00:00
2022-07-19,2,2022,0.628,0.215,29.82,25.4,MODIS,36.59,6.41,2022-07-19 02:00:00
2022-07-20,2,2022,0.661,0.173,28.97,29.07,MODIS,50.92,7.16,2022-07-20 02:00:00
2022-07-21,2,2022,0.651,0.185,27.61,25.12,MODIS,46.39,6.22,2022-07-21 02:00:00
2022-07-22,2,2022,0.647,0.269,27.4,25.02,MODIS,44.92,5.88,2022-07-22 02:00:00
2022-07-23,2,2022,0.668,0.213,27.42,28.5,MODIS,54.1,6.86,2022-07-23 02:00:00
2022-07-24,2,2022,0.65,0.228,28.43,29.93,MODIS,46.15,6.32,2022-07-24 02:00:00
2022-07-25,2,2022,0.653,0.195,28.49,24.94,MODIS,47.45,6.2,2022-07-25 02:00:00
2022-07-26,2,2022,0.697,0.268,29.04,26.42,MODIS,66.44,6.8,2022-07-26 02:00:00
2022-07-27,2,2022,0.642,0.254,27.96,26.19,MODIS,42.5,5.54,2022-07-27 02:00:00
2022-07-28,2,2022,0.619,0.197,28.33,24.73,MODIS,32.7,6.53,2022-07-28 02:00:00
2022-07-29,2,2022,0.645,0.331,29.39,25.86,MODIS,43.8,6.07,2022-07-29 02:00:00
2022-07-30,2,2022,0.675,0.207,29.04,25.31,MODIS,56.76,6.25,2022-07-30 02:00:00
2022-07-31,2,2022,0.66,0.177,27.44,25.85,MODIS,50.65,5.77,2022-07-31 02:00:00
2022-08-01,2,2022,0.648,0.175,27.94,27.97,MODIS,45.45,6.58,2022-08-01 02:00:00
2022-08-02,2,2022,0.67,0.216,28.64,28.35,MODIS,54.8,5.55,2022-08-02 02:00:00
2022-08-03,2,2022,0.621,0.221,28.37,25.51,MODIS,33.46,5.8,2022-08-03 02:00:00
2022-08-04,2,2022,0.636,0.421,28.31,26.83,MODIS,40.08,7.02,2022-08-04 02:00:00
2022-08-05,2,2022,0.657,0.411,28.63,27.54,MODIS,49.07,6.66,2022-08-05 02:00:00
2022-08-06,2,2022,0.612,0.293,27.64,24.85,MODIS,29.94,6.26,2022-08-06 02:00:00
2022-08-07,2,2022,0.645,0.18,28.96,29.26,MODIS,44.08,6.12,2022-08-07 02:00:00
2022-08-08,2,2022,0.631,0.216,29.09,24.57,MODIS,38.09,6.34,2022-08-08 02:00:00
2022-08-09,2,2022,0.62,0.218,29.84,28.96,MODIS,33.23,6.02,2022-08-09 02:00:00
2022-08-10,2,2022,0.661,0.252,28.3,24.64,MODIS,50.92,5.8,2022-08-10 02:00:00
2022-08-11,2,2022,0.628,0.393,28.98,27.18,MODIS,36.62,6.27,2022-08-11 02:00:00
2022-08-12,2,2022,0.634,0.191,27.62,28.04,MODIS,39.13,6.23,2022-08-12 02:00:00
2022-08-13,2,2022,0.628,0.6,28.14,27.69,MODIS,36.57,5.8,2022-08-13 02:00:00
2022-08-14,2,2022,0.63,0.225,27.43,26.14,MODIS,37.57,5.99,2022-08-14 02:00:00
2022-08-15,2,2022,0.626,0.281,27.86,23.45,MODIS,35.78,6.6,2022-08-15 02:00:00
2022-08-16,2,2022,0.648,0.25,28.27,28.99,MODIS,45.22,6.4,2022-08-16 02:00:00
2022-08-17,2,2022,0.626,0.248,30.02,26.12,MODIS,35.81,6.23,2022-08-17 02:00:00
2022-08-18,2,2022,0.636,0.243,28.73,23.27,MODIS,40.06,6.22,2022-08-18 02:00:00
2022-08-19,2,2022,0.634,0.168,28.62,26.16,MODIS,39.11,6.23,2022-08-19 02:00:00
2022-08-20,2,2022,0.658,0.47,27.94,26.2,MODIS,49.7,7.38,2022-08-20 02:00:00
2022-08-21,2,2022,0.621,0.174,27.79,26.53,MODIS,33.47,6.3,2022-08-21 02:00:00
2022-08-22,2,2022,0.646,0.263,27.75,25.15,MODIS,44.63,6.05,2022-08-22 02:00:00
2022-08-23,2,2022,0.609,0.217,28.66,24.04,MODIS,28.6,6.27,2022-08-23 02:00:00
2022-08-24,2,2022,0.638,0.211,29.01,28.02,MODIS,41.04,6.61,2022-08-24 02:00:00
2022-08-25,2,2022,0.605,0.227,28.34,25.68,MODIS,26.74,6.45,2022-08-25 02:00:00
2022-08-26,2,2022,0.639,0.208,28.19,24.65,MODIS,41.22,6.42,2022-08-26 02:00:00
2022-08-27,2,2022,0.643,0.211,28.28,26.49,MODIS,43.17,6.02,2022-08-27 02:00:00
2022-08-28,2,2022,0.654,0.213,28.95,26.81,MODIS,47.8,7.03,2022-08-28 02:00:00
2022-08-29,2,2022,0.643,0.217,28.76,27.09,MODIS,43.29,6.26,2022-08-29 02:00:00
2022-08-30,2,2022,0.625,0.243,28.18,25.81,MODIS,35.27,6.63,2022-08-30 02:00:00
2022-08-31,2,2022,0.612,0.529,29.42,23.48,MODIS,29.85,6.57,2022-08-31 02:00:00
2022-09-01,2,2022,0.636,0.241,28.03,27.33,MODIS,40.04,6.47,2022-09-01 02:00:00
2022-09-02,2,2022,0.621,0.234,29.05,26.34,MODIS,33.47,6.39,2022-09-02 02:00:00
2022-09-03,2,2022,0.617,0.184,28.97,27.16,MODIS,31.97,6.02,2022-09-03 02:00:00
2022-09-04,2,2022,0.646,0.187,28.84,28.77,MODIS,44.23,6.34,2022-09-04 02:00:00
2022-09-05,2,2022,0.619,0.199,28.71,26.52,MODIS,32.61,6.73,2022-09-05 02:00:00
2022-09-06,2,2022,0.615,0.323,29.92,27.15,MODIS,31.12,6.23,2022-09-06 02:00:00
2022-09-07,2,2022,0.602,0.217,29.23,27.41,MODIS,25.25,6.42,2022-09-07 02:00:00
2022-09-08,2,2022,0.614,0.24,28.02,27.13,MODIS,30.66,5.92,2022-09-08 02:00:00
2022-09-09,2,2022,0.632,0.34,29.25,23.8,MODIS,38.46,6.96,2022-09-09 02:00:00
2022-09-10,2,2022,0.635,0.518,28.6,26.81,MODIS,39.77,6.93,2022-09-10 02:00:00
2022-09-11,2,2022,0.624,0.195,29.25,25.12,MODIS,35.06,6.11,2022-09-11 02:00:00
2022-09-12,2,2022,0.608,0.202,27.81,27.6,MODIS,27.88,6.32,2022-09-12 02:00:00
2022-09-13,2,2022,0.622,0.307,28.92,26.75,MODIS,34.29,6.96,2022-09-13 02:00:00
2022-09-14,2,2022,0.637,0.223,28.94,25.42,MODIS,40.44,6.36,2022-09-14 02:00:00
2022-09-15,2,2022,0.62,0.209,28.19,22.98,MODIS,33.42,6.61,2022-09-15 02:00:00
2022-09-16,2,2022,0.617,0.206,27.52,26.97,MODIS,31.99,6.98,2022-09-16 02:00:00
2022-09-17,2,2022,0.623,0.31,28.4,27.37,MODIS,34.32,6.04,2022-09-17 02:00:00
2022-09-18,2,2022,0.626,0.351,27.88,25.86,MODIS,35.64,6.35,2022-09-18 02:00:00
2022-09-19,2,2022,0.633,0.269,28.84,24.86,MODIS,38.65,6.47,2022-09-19 02:00:00
2022-09-20,2,2022,0.635,0.182,29.55,26.79,MODIS,39.53,6.85,2022-09-20 02:00:00
2022-09-21,2,2022,0.609,0.321,28.49,26.38,MODIS,28.31,5.81,2022-09-21 02:00:00
2022-09-22,2,2022,0.62,0.325,28.79,23.95,MODIS,33.17,6.74,2022-09-22 02:00:00
2022-09-23,2,2022,0.627,0.189,29.52,24.16,MODIS,36.31,6.72,2022-09-23 02:00:00
2022-09-24,2,2022,0.613,0.191,29.6,24.25,MODIS,30.0,6.86,2022-09-24 02:00:00
2022-09-25,2,2022,0.61,0.207,29.26,25.49,MODIS,28.91,6.7,2022-09-25 02:00:00
2022-09-26,2,2022,0.624,0.236,28.71,25.63,MODIS,34.87,6.47,2022-09-26 02:00:00
2022-09-27,2,2022,0.602,0.281,29.16,19.87,MODIS,25.26,6.75,2022-09-27 02:00:00
2022-09-28,2,2022,0.635,0.454,28.99,27.01,MODIS,39.63,6.42,2022-09-28 02:00:00
2022-09-29,2,2022,0.625,0.563,28.59,26.5,MODIS,35.31,7.02,2022-09-29 02:00:00
2022-09-30,2,2022,0.607,0.189,30.12,28.34,MODIS,27.4,7.23,2022-09-30 02:00:00
2022-10-01,2,2022,0.616,0.22,29.43,26.58,MODIS,31.51,6.38,2022-10-01 02:00:00
2022-10-02,2,2022,0.609,0.227,29.88,28.43,MODIS,28.5,6.76,2022-10-02 02:00:00
2022-10-03,2,2022,0.621,0.219,30.44,28.89,MODIS,33.6,6.25,2022-10-03 02:00:00
2022-10-04,2,2022,0.622,0.311,29.89,22.43,MODIS,33.96,6.59,2022-10-04 02:00:00
2022-10-05,2,2022,0.609,0.194,29.17,24.21,MODIS,28.27,7.34,2022-10-05 02:00:00
2022-10-06,2,2022,0.634,0.241,28.23,27.52,MODIS,39.17,6.98,2022-10-06 02:00:00
2022-10-07,2,2022,0.565,0.206,29.45,27.58,MODIS,9.51,6.14,2022-10-07 02:00:00
2022-10-08,2,2022,0.586,0.181,29.44,23.97,MODIS,18.71,6.06,2022-10-08 02:00:00
2022-10-09,2,2022,0.617,0.234,29.41,23.53,MODIS,32.01,6.06,2022-10-09 02:00:00
2022-10-10,2,2022,0.619,0.182,28.72,25.44,MODIS,32.62,5.97,2022-10-10 02:00:00
2022-10-11,2,2022,0.613,0.196,29.02,26.59,MODIS,30.32,6.91,2022-10-11 02:00:00
2022-10-12,2,2022,0.609,0.289,29.32,25.05,MODIS,28.49,6.47,2022-10-12 02:00:00
2022-10-13,2,2022,0.623,0.253,30.18,24.73,MODIS,34.69,6.63,2022-10-13 02:00:00
2022-10-14,2,2022,0.609,0.203,29.49,26.37,MODIS,28.3,7.07,2022-10-14 02:00:00
2022-10-15,2,2022,0.606,0.348,28.92,22.77,MODIS,27.04,7.72,2022-10-15 02:00:00
2022-10-16,2,2022,0.585,0.176,29.44,24.86,MODIS,18.29,6.48,2022-10-16 02:00:00
2022-10-17,2,2022,0.622,0.292,29.49,22.39,MODIS,34.18,6.65,2022-10-17 02:00:00
2022-10-18,2,2022,0.603,0.215,29.99,25.25,MODIS,25.86,7.06,2022-10-18 02:00:00
2022-10-19,2,2022,0.608,0.219,28.59,28.86,MODIS,28.14,6.49,2022-10-19 02:00:00
2022-10-20,2,2022,0.622,0.252,29.22,25.58,MODIS,33.98,6.25,2022-10-20 02:00:00
2022-10-21,2,2022,0.601,0.274,28.59,26.87,MODIS,24.97,6.92,2022-10-21 02:00:00
2022-10-22,2,2022,0.596,0.179,28.52,22.19,MODIS,22.94,6.7,2022-10-22 02:00:00
2022-10-23,2,2022,0.594,0.271,28.79,25.47,MODIS,21.87,6.42,2022-10-23 02:00:00
2022-10-24,2,2022,0.603,0.204,29.32,24.08,MODIS,26.06,7.62,2022-10-24 02:00:00
2022-10-25,2,2022,0.635,0.21,28.79,25.42,MODIS,39.79,7.68,2022-10-25 02:00:00
2022-10-26,2,2022,0.596,0.196,30.12,25.75,MODIS,22.68,6.72,2022-10-26 02:00:00
2022-10-27,2,2022,0.628,0.196,29.54,26.56,MODIS,36.68,6.82,2022-10-27 02:00:00
2022-10-28,2,2022,0.602,0.315,28.81,29.75,MODIS,25.59,6.26,2022-10-28 02:00:00
2022-10-29,2,2022,0.606,0.198,30.74,22.97,MODIS,27.25,7.66,2022-10-29 02:00:00
2022-10-30,2,2022,0.617,0.173,29.57,25.77,MODIS,31.75,6.2,2022-10-30 02:00:00
2022-10-31,2,2022,0.589,0.312,29.65,23.63,MODIS,20.05,7.05,2022-10-31 02:00:00
2022-11-01,2,2022,0.624,0.23,30.75,22.59,MODIS,34.82,7.02,2022-11-01 02:00:00
2022-11-02,2,2022,0.588,0.251,29.8,25.54,MODIS,19.22,6.51,2022-11-02 02:00:00
2022-11-03,2,2022,0.594,0.26,28.96,23.4,MODIS,22.15,6.88,2022-11-03 02:00:00
2022-11-04,2,2022,0.61,0.193,29.66,25.08,MODIS,28.84,6.98,2022-11-04 02:00:00
2022-11-05,2,2022,0.604,0.255,29.24,23.26,MODIS,26.15,6.87,2022-11-05 02:00:00
2022-11-06,2,2022,0.593,0.398,29.35,25.85,MODIS,21.61,7.35,2022-11-06 02:00:00
2022-11-07,2,2022,0.596,0.216,30.05,26.92,MODIS,22.79,6.89,2022-11-07 02:00:00
2022-11-08,2,2022,0.607,0.591,30.14,21.24,MODIS,27.57,5.62,2022-11-08 02:00:00
2022-11-09,2,2022,0.595,0.207,29.68,26.87,MODIS,22.44,6.73,2022-11-09 02:00:00
2022-11-10,2,2022,0.583,0.195,29.19,23.44,MODIS,17.13,5.94,2022-11-10 02:00:00
2022-11-11,2,2022,0.594,0.258,29.1,25.11,MODIS,21.99,6.76,2022-11-11 02:00:00
2022-11-12,2,2022,0.588,0.208,28.93,24.24,MODIS,19.56,7.03,2022-11-12 02:00:00
2022-11-13,2,2022,0.609,0.255,29.43,28.68,MODIS,28.42,7.78,2022-11-13 02:00:00
2022-11-14,2,2022,0.595,0.25,30.25,24.4,MODIS,22.54,6.91,2022-11-14 02:00:00
2022-11-15,2,2022,0.595,0.436,28.25,22.12,MODIS,22.52,7.78,2022-11-15 02:00:00
2022-11-16,2,2022,0.562,0.319,28.7,26.9,MODIS,8.37,7.03,2022-11-16 02:00:00
2022-11-17,2,2022,0.589,0.192,30.54,27.49,MODIS,19.82,6.49,2022-11-17 02:00:00
2022-11-18,2,2022,0.599,0.198,29.41,25.75,MODIS,24.04,6.99,2022-11-18 02:00:00
2022-11-19,2,2022,0.584,0.221,29.61,26.28,MODIS,17.59,6.8,2022-11-19 02:00:00
2022-11-20,2,2022,0.581,0.264,29.46,24.79,MODIS,16.45,6.35,2022-11-20 02:00:00
2022-11-21,2,2022,0.579,0.175,28.81,23.37,MODIS,15.58,6.71,2022-11-21 02:00:00
2022-11-22,2,2022,0.59,0.208,30.08,21.94,MODIS,20.15,6.98,2022-11-22 02:00:00
2022-11-23,2,2022,0.572,0.348,29.94,27.7,MODIS,12.45,7.07,2022-11-23 02:00:00
2022-11-24,2,2022,0.64,0.496,28.92,22.91,MODIS,41.84,6.64,2022-11-24 02:00:00
2022-11-25,2,2022,0.576,0.163,30.67,27.04,MODIS,14.07,7.19,2022-11-25 02:00:00
2022-11-26,2,2022,0.599,0.278,29.31,25.53,MODIS,24.01,6.9,2022-11-26 02:00:00
2022-11-27,2,2022,0.581,0.217,29.14,25.72,MODIS,16.27,6.55,2022-11-27 02:00:00
2022-11-28,2,2022,0.603,0.216,28.27,24.95,MODIS,25.78,5.92,2022-11-28 02:00:00
2022-11-29,2,2022,0.599,0.233,28.47,25.28,MODIS,24.03,6.95,2022-11-29 02:00:00
2022-11-30,2,2022,0.602,0.2,30.64,23.72,MODIS,25.45,5.51,2022-11-30 02:00:00
2022-12-01,2,2022,0.604,0.259,29.98,23.74,MODIS,26.1,7.03,2022-12-01 02:00:00
2022-12-02,2,2022,0.581,0.292,30.22,23.12,MODIS,16.25,7.34,2022-12-02 02:00:00
2022-12-03,2,2022,0.599,0.21,30.02,22.91,MODIS,24.06,6.77,2022-12-03 02:00:00
2022-12-04,2,2022,0.596,0.18,29.88,27.17,MODIS,22.98,7.41,2022-12-04 02:00:00
2022-12-05,2,2022,0.594,0.199,28.77,24.48,MODIS,22.01,6.98,2022-12-05 02:00:00
2022-12-06,2,2022,0.6,0.216,28.47,23.47,MODIS,24.5,7.0,2022-12-06 02:00:00
2022-12-07,2,2022,0.553,0.252,29.14,22.58,MODIS,4.5,7.26,2022-12-07 02:00:00
2022-12-08,2,2022,0.58,0.195,29.49,26.41,MODIS,16.0,6.79,2022-12-08 02:00:00
2022-12-09,2,2022,0.574,0.191,29.55,24.98,MODIS,13.53,6.21,2022-12-09 02:00:00
2022-12-10,2,2022,0.55,0.209,28.89,25.62,MODIS,3.13,6.39,2022-12-10 02:00:00
2022-12-11,2,2022,0.581,0.227,29.46,20.67,MODIS,16.6,6.92,2022-12-11 02:00:00
2022-12-12,2,2022,0.59,0.192,29.09,28.55,MODIS,20.2,7.41,2022-12-12 02:00:00
2022-12-13,2,2022,0.587,0.444,28.95,22.98,MODIS,19.15,6.7,2022-12-13 02:00:00
2022-12-14,2,2022,0.566,0.188,29.22,21.72,MODIS,9.93,7.02,2022-12-14 02:00:00
2022-12-15,2,2022,0.577,0.249,29.01,22.69,MODIS,14.65,6.67,2022-12-15 02:00:00
2022-12-16,2,2022,0.587,0.594,28.74,20.16,MODIS,18.9,7.24,2022-12-16 02:00:00
2022-12-17,2,2022,0.552,0.22,29.44,20.73,MODIS,3.97,6.19,2022-12-17 02:00:00
2022-12-18,2,2022,0.585,0.343,28.77,25.98,MODIS,18.27,6.85,2022-12-18 02:00:00
2022-12-19,2,2022,0.562,0.209,30.39,24.85,MODIS,8.11,8.01,2022-12-19 02:00:00
2022-12-20,2,2022,0.588,0.197,30.49,23.76,MODIS,19.25,6.72,2022-12-20 02:00:00
2022-12-21,2,2022,0.592,0.27,30.66,22.87,MODIS,21.3,6.8,2022-12-21 02:00:00
2022-12-22,2,2022,0.589,0.303,30.07,22.54,MODIS,19.78,6.82,2022-12-22 02:00:00
2022-12-23,2,2022,0.577,0.28,30.43,25.21,MODIS,14.71,6.99,2022-12-23 02:00:00
2022-12-24,2,2022,0.578,0.262,29.44,25.51,MODIS,14.97,6.71,2022-12-24 02:00:00
2022-12-25,2,2022,0.572,0.212,29.8,27.6,MODIS,12.54,7.73,2022-12-25 02:00:00
2022-12-26,2,2022,0.554,0.501,29.39,23.62,MODIS,4.78,7.11,2022-12-26 02:00:00
2022-12-27,2,2022,0.543,0.2,29.13,26.51,MODIS,0.0,7.23,2022-12-27 02:00:00
2022-12-28,2,2022,0.575,0.217,30.83,21.83,MODIS,13.59,6.33,2022-12-28 02:00:00
2022-12-29,2,2022,0.573,0.205,30.05,21.57,MODIS,12.96,7.27,2022-12-29 02:00:00
2022-12-30,2,2022,0.558,0.437,30.06,21.28,MODIS,6.32,6.53,2022-12-30 02:00:00
2022-12-31,2,2022,0.572,0.267,30.8,22.66,MODIS,12.32,6.73,2022-12-31 02:00:00
2020-01-02,3,2020,0.731,0.275,26.75,29.56,MODIS,82.61,5.16,2020-01-02 02:00:00
2020-01-03,3,2020,0.761,0.193,25.47,27.78,MODIS,95.91,5.19,2020-01-03 02:00:00
2020-01-04,3,2020,0.753,0.356,26.72,29.37,MODIS,92.42,4.85,2020-01-04 02:00:00
2020-01-05,3,2020,0.762,0.297,25.05,27.69,MODIS,96.13,5.12,2020-01-05 02:00:00
2020-01-06,3,2020,0.741,0.251,24.56,31.15,MODIS,87.09,5.04,2020-01-06 02:00:00
2020-01-07,3,2020,0.73,0.355,25.61,30.16,MODIS,82.14,5.67,2020-01-07 02:00:00
2020-01-08,3,2020,0.742,0.205,26.76,31.39,MODIS,87.34,5.46,2020-01-08 02:00:00
2020-01-09,3,2020,0.77,0.272,26.17,27.7,MODIS,99.57,5.77,2020-01-09 02:00:00
2020-01-10,3,2020,0.771,0.233,26.52,28.29,MODIS,100.0,5.25,2020-01-10 02:00:00
2020-01-11,3,2020,0.729,0.265,27.11,30.03,MODIS,81.89,5.23,2020-01-11 02:00:00
2020-01-12,3,2020,0.756,0.271,26.8,30.28,MODIS,93.43,5.36,2020-01-12 02:00:00
2020-01-13,3,2020,0.732,0.192,26.15,31.0,MODIS,83.24,5.52,2020-01-13 02:00:00
2020-01-14,3,2020,0.709,0.241,25.74,30.66,MODIS,73.32,5.61,2020-01-14 02:00:00
2020-01-15,3,2020,0.735,0.394,26.11,30.47,MODIS,84.66,6.71,2020-01-15 02:00:00
2020-01-16,3,2020,0.741,0.364,25.58,29.86,MODIS,86.95,5.16,2020-01-16 02:00:00
2020-01-17,3,2020,0.742,0.327,26.49,34.73,MODIS,87.71,5.02,2020-01-17 02:00:00
2020-01-18,3,2020,0.755,0.402,26.97,29.41,MODIS,93.09,5.66,2020-01-18 02:00:00
2020-01-19,3,2020,0.753,0.23,25.24,31.19,MODIS,92.47,5.39,2020-01-19 02:00:00
2020-01-20,3,2020,0.757,0.291,26.59,31.77,MODIS,93.88,6.17,2020-01-20 02:00:00
2020-01-21,3,2020,0.743,0.224,27.26,31.07,MODIS,88.15,5.73,2020-01-21 02:00:00
2020-01-22,3,2020,0.757,0.362,25.7,28.25,MODIS,93.92,4.62,2020-01-22 02:00:00
2020-01-23,3,2020,0.764,0.368,27.08,30.9,MODIS,97.0,6.08,2020-01-23 02:00:00
2020-01-24,3,2020,0.75,0.196,26.3,28.74,MODIS,90.9,6.36,2020-01-24 02:00:00
2020-01-25,3,2020,0.725,0.226,25.66,31.0,MODIS,80.23,5.1,2020-01-25 02:00:00
2020-01-26,3,2020,0.739,0.495,26.82,33.47,MODIS,86.08,6.35,2020-01-26 02:00:00
2020-01-27,3,2020,0.736,0.204,26.47,32.16,MODIS,85.02,5.53,2020-01-27 02:00:00
2020-01-28,3,2020,0.742,0.302,26.95,27.76,MODIS,87.53,5.6,2020-01-28 02:00:00
2020-01-29,3,2020,0.728,0.259,26.27,28.97,MODIS,81.5,5.79,2020-01-29 02:00:00
2020-01-30,3,2020,0.749,0.245,26.26,29.49,MODIS,90.74,5.78,2020-01-30 02:00:00
2020-01-31,3,2020,0.736,0.44,26.42,28.09,MODIS,85.12,5.37,2020-01-31 02:00:00
2020-02-01,3,2020,0.741,0.232,26.85,31.75,MODIS,87.09,5.12,2020-02-01 02:00:00
2020-02-02,3,2020,0.758,0.229,25.42,33.05,MODIS,94.29,4.88,2020-02-02 02:00:00
2020-02-03,3,2020,0.751,0.356,27.39,30.86,MODIS,91.51,6.06,2020-02-03 02:00:00
2020-02-04,3,2020,0.732,0.22,26.6,27.71,MODIS,83.35,5.47,2020-02-04 02:00:00
2020-02-05,3,2020,0.73,0.212,26.39,27.95,MODIS,82.56,5.1,2020-02-05 02:00:00
2020-02-06,3,2020,0.725,0.264,26.37,28.7,MODIS,80.37,5.31,2020-02-06 02:00:00
2020-02-07,3,2020,0.713,0.206,26.44,28.87,MODIS,75.23,6.01,2020-02-07 02:00:00
2020-02-08,3,2020,0.725,0.184,27.4,30.08,MODIS,80.3,6.0,2020-02-08 02:00:00
2020-02-09,3,2020,0.743,0.322,26.75,27.95,MODIS,87.87,6.08,2020-02-09 02:00:00
2020-02-10,3,2020,0.728,0.21,26.33,28.64,MODIS,81.32,5.71,2020-02-10 02:00:00
2020-02-11,3,2020,0.736,0.231,26.1,23.83,MODIS,84.86,5.41,2020-02-11 02:00:00
2020-02-12,3,2020,0.705,0.198,26.31,29.13,MODIS,71.71,6.12,2020-02-12 02:00:00
2020-02-13,3,2020,0.748,0.254,26.9,30.73,MODIS,90.12,5.45,2020-02-13 02:00:00
2020-02-14,3,2020,0.75,0.414,27.61,32.87,MODIS,90.87,5.78,2020-02-14 02:00:00
2020-02-15,3,2020,0.728,0.258,25.36,27.26,MODIS,81.4,5.86,2020-02-15 02:00:00
2020-02-16,3,2020,0.724,0.192,26.18,27.78,MODIS,79.64,5.58,2020-02-16 02:00:00
2020-02-17,3,2020,0.761,0.191,27.16,28.85,MODIS,95.82,6.17,2020-02-17 02:00:00
2020-02-18,3,2020,0.703,0.242,26.79,31.63,MODIS,70.78,6.37,2020-02-18 02:00:00
2020-02-19,3,2020,0.73,0.265,25.35,29.0,MODIS,82.49,5.71,2020-02-19 02:00:00
2020-02-20,3,2020,0.711,0.35,27.39,28.51,MODIS,74.12,6.31,2020-02-20 02:00:00
2020-02-21,3,2020,0.729,0.331,26.59,33.09,MODIS,81.8,5.83,2020-02-21 02:00:00
2020-02-22,3,2020,0.701,0.179,26.83,30.48,MODIS,69.99,5.88,2020-02-22 02:00:00
2020-02-23,3,2020,0.713,0.203,27.82,28.59,MODIS,75.15,5.97,2020-02-23 02:00:00
2020-02-24,3,2020,0.701,0.261,26.42,29.19,MODIS,69.76,5.69,2020-02-24 02:00:00
2020-02-25,3,2020,0.738,0.219,25.85,31.57,MODIS,85.9,5.87,2020-02-25 02:00:00
2020-02-26,3,2020,0.736,0.487,27.89,28.84,MODIS,85.09,5.76,2020-02-26 02:00:00
2020-02-27,3,2020,0.731,0.186,26.73,30.9,MODIS,82.89,5.1,2020-02-27 02:00:00
2020-02-28,3,2020,0.718,0.216,26.78,30.52,MODIS,77.14,6.28,2020-02-28 02:00:00
2020-02-29,3,2020,0.749,0.183,26.0,25.61,MODIS,90.62,5.45,2020-02-29 02:00:00
2020-03-01,3,2020,0.702,0.262,27.5,28.98,MODIS,70.35,6.24,2020-03-01 02:00:00
2020-03-02,3,2020,0.751,0.438,26.81,28.56,MODIS,91.55,5.72,2020-03-02 02:00:00
2020-03-03,3,2020,0.731,0.301,27.17,29.9,MODIS,82.65,6.15,2020-03-03 02:00:00
2020-03-04,3,2020,0.706,0.22,26.28,28.17,MODIS,72.09,5.58,2020-03-04 02:00:00
2020-03-05,3,2020,0.735,0.22,26.41,28.71,MODIS,84.45,5.56,2020-03-05 02:00:00
2020-03-06,3,2020,0.71,0.215,27.08,29.36,MODIS,73.84,6.4,2020-03-06 02:00:00
2020-03-07,3,2020,0.696,0.205,27.28,27.25,MODIS,67.66,6.09,2020-03-07 02:00:00
2020-03-08,3,2020,0.716,0.194,28.38,29.52,MODIS,76.31,5.09,2020-03-08 02:00:00
2020-03-09,3,2020,0.724,0.21,26.44,30.55,MODIS,79.67,6.13,2020-03-09 02:00:00
2020-03-10,3,2020,0.735,0.293,27.38,30.72,MODIS,84.54,5.83,2020-03-10 02:00:00
2020-03-11,3,2020,0.717,0.177,26.01,30.07,MODIS,76.93,5.2,2020-03-11 02:00:00
2020-03-12,3,2020,0.732,0.195,26.95,30.33,MODIS,83.32,5.61,2020-03-12 02:00:00
2020-03-13,3,2020,0.72,0.264,26.65,25.1,MODIS,78.04,4.72,2020-03-13 02:00:00
2020-03-14,3,2020,0.721,0.199,25.86,27.46,MODIS,78.69,5.96,2020-03-14 02:00:00
2020-03-15,3,2020,0.694,0.355,26.36,29.59,MODIS,66.78,6.24,2020-03-15 02:00:00
2020-03-16,3,2020,0.711,0.251,26.7,29.1,MODIS,74.37,5.58,2020-03-16 02:00:00
2020-03-17,3,2020,0.707,0.244,26.31,26.27,MODIS,72.39,5.59,2020-03-17 02:00:00
2020-03-18,3,2020,0.724,0.236,26.95,29.5,MODIS,79.79,5.97,2020-03-18 02:00:00
2020-03-19,3,2020,0.699,0.216,27.3,29.14,MODIS,68.97,4.96,2020-03-19 02:00:00
2020-03-20,3,2020,0.729,0.376,27.44,28.36,MODIS,81.76,5.33,2020-03-20 02:00:00
2020-03-21,3,2020,0.701,0.185,27.8,30.34,MODIS,69.91,6.4,2020-03-21 02:00:00
2020-03-22,3,2020,0.725,0.232,28.38,31.77,MODIS,80.1,5.71,2020-03-22 02:00:00
2020-03-23,3,2020,0.728,0.26,26.54,31.71,MODIS,81.39,5.85,2020-03-23 02:00:00
2020-03-24,3,2020,0.699,0.222,27.51,30.69,MODIS,68.99,5.54,2020-03-24 02:00:00
2020-03-25,3,2020,0.715,0.258,27.9,30.87,MODIS,75.84,5.97,2020-03-25 02:00:00
2020-03-26,3,2020,0.703,0.218,26.98,29.65,MODIS,70.57,5.72,2020-03-26 02:00:00
2020-03-27,3,2020,0.698,0.257,27.56,28.11,MODIS,68.61,5.57,2020-03-27 02:00:00
2020-03-28,3,2020,0.692,0.24,26.59,25.61,MODIS,66.16,5.49,2020-03-28 02:00:00
2020-03-29,3,2020,0.714,0.216,27.37,30.34,MODIS,75.49,5.75,2020-03-29 02:00:00
2020-03-30,3,2020,0.723,0.262,26.58,27.37,MODIS,79.48,5.55,2020-03-30 02:00:00
2020-03-31,3,2020,0.735,0.351,27.79,26.76,MODIS,84.41,5.45,2020-03-31 02:00:00
2020-04-01,3,2020,0.703,0.226,26.6,31.34,MODIS,70.65,4.87,2020-04-01 02:00:00
2020-04-02,3,2020,0.712,0.262,26.13,30.78,MODIS,74.74,5.86,2020-04-02 02:00:00
2020-04-03,3,2020,0.685,0.282,27.77,29.91,MODIS,63.1,6.04,2020-04-03 02:00:00
2020-04-04,3,2020,0.71,0.188,25.31,29.18,MODIS,73.76,6.23,2020-04-04 02:00:00
2020-04-05,3,2020,0.693,0.277,26.42,26.56,MODIS,66.25,5.13,2020-04-05 02:00:00
2020-04-06,3,2020,0.696,0.28,26.27,31.48,MODIS,67.74,6.12,2020-04-06 02:00:00
2020-04-07,3,2020,0.755,0.473,28.13,25.29,MODIS,93.11,5.56,2020-04-07 02:00:00
2020-04-08,3,2020,0.677,0.229,26.28,29.12,MODIS,59.69,5.32,2020-04-08 02:00:00
2020-04-09,3,2020,0.698,0.244,27.67,29.79,MODIS,68.39,6.23,2020-04-09 02:00:00
2020-04-10,3,2020,0.699,0.264,26.36,27.66,MODIS,68.95,6.13,2020-04-10 02:00:00
2020-04-11,3,2020,0.708,0.208,27.24,29.53,MODIS,73.06,5.69,2020-04-11 02:00:00
2020-04-12,3,2020,0.702,0.189,27.46,26.0,MODIS,70.49,5.82,2020-04-12 02:00:00
2020-04-13,3,2020,0.707,0.186,27.38,27.24,MODIS,72.62,6.61,2020-04-13 02:00:00
2020-04-14,3,2020,0.678,0.21,27.81,24.17,MODIS,59.99,5.76,2020-04-14 02:00:00
2020-04-15,3,2020,0.682,0.206,27.66,31.74,MODIS,61.7,5.5,2020-04-15 02:00:00
2020-04-16,3,2020,0.682,0.256,28.77,30.13,MODIS,61.84,5.81,2020-04-16 02:00:00
2020-04-17,3,2020,0.698,0.195,27.39,27.54,MODIS,68.62,5.72,2020-04-17 02:00:00
2020-04-18,3,2020,0.716,0.541,27.79,24.28,MODIS,76.51,6.04,2020-04-18 02:00:00
2020-04-19,3,2020,0.712,0.197,27.01,29.16,MODIS,74.44,6.8,2020-04-19 02:00:00
2020-04-20,3,2020,0.687,0.315,27.63,26.77,MODIS,63.63,5.74,2020-04-20 02:00:00
2020-04-21,3,2020,0.694,0.227,27.24,27.62,MODIS,67.07,6.62,2020-04-21 02:00:00
2020-04-22,3,2020,0.694,0.271,27.69,30.75,MODIS,66.81,5.22,2020-04-22 02:00:00
2020-04-23,3,2020,0.683,0.183,26.88,27.68,MODIS,62.31,5.67,2020-04-23 02:00:00
2020-04-24,3,2020,0.71,0.224,26.81,25.74,MODIS,73.62,5.77,2020-04-24 02:00:00
2020-04-25,3,2020,0.685,0.35,26.8,29.96,MODIS,63.09,6.13,2020-04-25 02:00:00
2020-04-26,3,2020,0.679,0.24,27.18,27.57,MODIS,60.39,5.44,2020-04-26 02:00:00
2020-04-27,3,2020,0.679,0.322,27.01,27.43,MODIS,60.37,5.95,2020-04-27 02:00:00
2020-04-28,3,2020,0.702,0.2,26.82,29.84,MODIS,70.31,6.11,2020-04-28 02:00:00
2020-04-29,3,2020,0.668,0.6,29.5,26.49,MODIS,55.68,5.79,2020-04-29 02:00:00
2020-04-30,3,2020,0.691,0.24,26.46,27.63,MODIS,65.69,5.53,2020-04-30 02:00:00
2020-05-01,3,2020,0.706,0.201,27.6,27.15,MODIS,72.11,5.69,2020-05-01 02:00:00
2020-05-02,3,2020,0.719,0.205,27.41,30.29,MODIS,77.59,6.56,2020-05-02 02:00:00
2020-05-03,3,2020,0.694,0.408,27.12,30.23,MODIS,67.02,6.11,2020-05-03 02:00:00
2020-05-04,3,2020,0.649,0.391,26.52,26.19,MODIS,47.53,5.51,2020-05-04 02:00:00
2020-05-05,3,2020,0.659,0.23,27.34,29.51,MODIS,51.7,5.85,2020-05-05 02:00:00
2020-05-06,3,2020,0.726,0.223,27.02,27.43,MODIS,80.46,5.85,2020-05-06 02:00:00
2020-05-07,3,2020,0.678,0.233,27.63,29.31,MODIS,60.05,6.53,2020-05-07 02:00:00
2020-05-08,3,2020,0.69,0.182,28.2,25.55,MODIS,65.28,7.14,2020-05-08 02:00:00
2020-05-09,3,2020,0.677,0.218,26.39,29.1,MODIS,59.47,6.1,2020-05-09 02:00:00
2020-05-10,3,2020,0.661,0.292,27.48,27.35,MODIS,52.71,5.43,2020-05-10 02:00:00
2020-05-11,3,2020,0.686,0.306,27.04,27.86,MODIS,63.5,6.06,2020-05-11 02:00:00
2020-05-12,3,2020,0.691,0.296,28.08,28.11,MODIS,65.73,6.11,2020-05-12 02:00:00
2020-05-13,3,2020,0.667,0.233,26.48,27.39,MODIS,55.35,6.73,2020-05-13 02:00:00
2020-05-14,3,2020,0.692,0.163,27.8,26.74,MODIS,65.79,5.95,2020-05-14 02:00:00
2020-05-15,3,2020,0.676,0.282,27.88,31.17,MODIS,59.31,6.27,2020-05-15 02:00:00
2020-05-16,3,2020,0.689,0.214,27.9,26.79,MODIS,64.82,6.08,2020-05-16 02:00:00
2020-05-17,3,2020,0.702,0.261,27.06,28.32,MODIS,70.49,5.63,2020-05-17 02:00:00
2020-05-18,3,2020,0.653,0.193,27.35,29.14,MODIS,49.12,6.0,2020-05-18 02:00:00
2020-05-19,3,2020,0.689,0.26,28.59,24.82,MODIS,64.52,6.47,2020-05-19 02:00:00
2020-05-20,3,2020,0.706,0.168,28.26,30.28,MODIS,72.01,5.84,2020-05-20 02:00:00
2020-05-21,3,2020,0.673,0.467,26.93,26.73,MODIS,57.96,6.29,2020-05-21 02:00:00
2020-05-22,3,2020,0.666,0.357,26.42,27.88,MODIS,54.84,6.26,2020-05-22 02:00:00
2020-05-23,3,2020,0.689,0.196,27.82,25.9,MODIS,64.82,6.52,2020-05-23 02:00:00
2020-05-24,3,2020,0.68,0.194,27.68,24.82,MODIS,60.91,6.01,2020-05-24 02:00:00
2020-05-25,3,2020,0.676,0.6,28.28,26.79,MODIS,59.09,5.62,2020-05-25 02:00:00
2020-05-26,3,2020,0.672,0.301,26.76,27.77,MODIS,57.57,6.19,2020-05-26 02:00:00
2020-05-27,3,2020,0.682,0.228,27.5,29.66,MODIS,61.57,6.5,2020-05-27 02:00:00
2020-05-28,3,2020,0.675,0.23,26.72,25.37,MODIS,58.64,5.97,2020-05-28 02:00:00
2020-05-29,3,2020,0.688,0.301,28.46,26.79,MODIS,64.11,6.47,2020-05-29 02:00:00
2020-05-30,3,2020,0.663,0.243,27.61,28.51,MODIS,53.54,6.13,2020-05-30 02:00:00
2020-05-31,3,2020,0.675,0.217,27.43,28.5,MODIS,58.46,6.1,2020-05-31 02:00:00
2020-06-01,3,2020,0.662,0.215,29.0,24.68,MODIS,53.17,5.91,2020-06-01 02:00:00
2020-06-02,3,2020,0.683,0.177,29.74,28.89,MODIS,62.15,5.78,2020-06-02 02:00:00
2020-06-03,3,2020,0.658,0.221,27.3,28.81,MODIS,51.25,6.41,2020-06-03 02:00:00
2020-06-04,3,2020,0.679,0.289,28.09,28.97,MODIS,60.32,6.37,2020-06-04 02:00:00
2020-06-05,3,2020,0.694,0.203,28.4,30.13,MODIS,66.7,5.61,2020-06-05 02:00:00
2020-06-06,3,2020,0.671,0.343,27.29,27.15,MODIS,57.17,5.85,2020-06-06 02:00:00
2020-06-07,3,2020,0.697,0.286,27.28,25.17,MODIS,68.06,5.59,2020-06-07 02:00:00
2020-06-08,3,2020,0.685,0.217,27.5,27.69,MODIS,62.98,5.99,2020-06-08 02:00:00
2020-06-09,3,2020,0.69,0.381,28.75,26.21,MODIS,65.09,5.96,2020-06-09 02:00:00
2020-06-10,3,2020,0.662,0.187,27.73,28.63,MODIS,53.27,6.64,2020-06-10 02:00:00
2020-06-11,3,2020,0.671,0.287,27.95,26.62,MODIS,56.95,5.02,2020-06-11 02:00:00
2020-06-12,3,2020,0.682,0.492,26.47,28.75,MODIS,61.56,6.52,2020-06-12 02:00:00
2020-06-13,3,2020,0.668,0.42,28.02,25.3,MODIS,55.78,6.01,2020-06-13 02:00:00
2020-06-14,3,2020,0.673,0.191,27.39,28.12,MODIS,57.97,5.76,2020-06-14 02:00:00
2020-06-15,3,2020,0.678,0.224,26.75,26.06,MODIS,59.9,6.06,2020-06-15 02:00:00
2020-06-16,3,2020,0.69,0.309,27.24,27.01,MODIS,65.3,6.97,2020-06-16 02:00:00
2020-06-17,3,2020,0.685,0.377,27.35,27.05,MODIS,63.04,6.78,2020-06-17 02:00:00
2020-06-18,3,2020,0.69,0.312,28.7,26.08,MODIS,65.25,6.52,2020-06-18 02:00:00
2020-06-19,3,2020,0.646,0.387,28.16,27.36,MODIS,46.3,6.98,2020-06-19 02:00:00
2020-06-20,3,2020,0.657,0.241,28.34,26.33,MODIS,50.76,5.91,2020-06-20 02:00:00
2020-06-21,3,2020,0.675,0.176,27.5,25.89,MODIS,58.7,6.0,2020-06-21 02:00:00
2020-06-22,3,2020,0.678,0.339,28.43,26.08,MODIS,60.05,5.78,2020-06-22 02:00:00
2020-06-23,3,2020,0.666,0.218,28.17,32.22,MODIS,54.68,6.35,2020-06-23 02:00:00
2020-06-24,3,2020,0.668,0.194,27.34,24.69,MODIS,55.6,6.07,2020-06-24 02:00:00
2020-06-25,3,2020,0.646,0.442,28.64,27.27,MODIS,46.36,6.12,2020-06-25 02:00:00
2020-06-26,3,2020,0.65,0.205,27.89,26.27,MODIS,47.93,6.15,2020-06-26 02:00:00
2020-06-27,3,2020,0.674,0.221,27.06,26.11,MODIS,58.08,6.28,2020-06-27 02:00:00
2020-06-28,3,2020,0.66,0.233,26.94,26.34,MODIS,52.17,5.89,2020-06-28 02:00:00
2020-06-29,3,2020,0.675,0.275,27.36,28.48,MODIS,58.58,5.24,2020-06-29 02:00:00
2020-06-30,3,2020,0.654,0.167,28.12,25.75,MODIS,49.45,6.25,2020-06-30 02:00:00
2020-07-01,3,2020,0.661,0.194,28.18,20.34,MODIS,52.58,6.75,2020-07-01 02:00:00
2020-07-02,3,2020,0.643,0.274,29.09,27.7,MODIS,44.88,6.43,2020-07-02 02:00:00
2020-07-03,3,2020,0.663,0.257,28.78,24.98,MODIS,53.65,6.44,2020-07-03 02:00:00
2020-07-04,3,2020,0.648,0.318,28.46,26.23,MODIS,46.84,6.53,2020-07-04 02:00:00
2020-07-05,3,2020,0.64,0.427,28.88,26.0,MODIS,43.63,6.89,2020-07-05 02:00:00
2020-07-06,3,2020,0.67,0.312,29.63,27.68,MODIS,56.32,6.18,2020-07-06 02:00:00
2020-07-07,3,2020,0.664,0.197,28.8,25.47,MODIS,53.77,6.63,2020-07-07 02:00:00
2020-07-08,3,2020,0.664,0.215,27.92,29.85,MODIS,54.08,6.33,2020-07-08 02:00:00
2020-07-09,3,2020,0.653,0.256,29.1,26.02,MODIS,49.16,6.04,2020-07-09 02:00:00
2020-07-10,3,2020,0.628,0.21,27.97,23.3,MODIS,38.54,7.03,2020-07-10 02:00:00
2020-07-11,3,2020,0.664,0.313,28.62,27.07,MODIS,53.88,6.26,2020-07-11 02:00:00
2020-07-12,3,2020,0.629,0.268,29.65,21.74,MODIS,39.08,6.17,2020-07-12 02:00:00
2020-07-13,3,2020,0.671,0.197,26.47,31.24,MODIS,56.97,5.86,2020-07-13 02:00:00
2020-07-14,3,2020,0.633,0.214,27.51,28.52,MODIS,40.38,6.69,2020-07-14 02:00:00
2020-07-15,3,2020,0.653,0.187,28.47,26.79,MODIS,49.36,7.02,2020-07-15 02:00:00
2020-07-16,3,2020,0.632,0.265,28.05,20.16,MODIS,40.09,6.52,2020-07-16 02:00:00
2020-07-17,3,2020,0.657,0.224,27.95,30.19,MODIS,50.93,5.91,2020-07-17 02:00:00
2020-07-18,3,2020,0.666,0.249,27.41,28.0,MODIS,54.98,6.17,2020-07-18 02:00:00
2020-07-19,3,2020,0.667,0.232,29.23,22.86,MODIS,55.37,5.86,2020-07-19 02:00:00
2020-07-20,3,2020,0.695,0.221,27.55,22.85,MODIS,67.3,6.67,2020-07-20 02:00:00
2020-07-21,3,2020,0.639,0.202,28.1,29.23,MODIS,43.27,5.61,2020-07-21 02:00:00
2020-07-22,3,2020,0.647,0.255,28.24,25.66,MODIS,46.84,6.77,2020-07-22 02:00:00
2020-07-23,3,2020,0.641,0.241,26.71,25.95,MODIS,43.95,6.62,2020-07-23 02:00:00
2020-07-24,3,2020,0.661,0.241,29.07,25.08,MODIS,52.6,5.89,2020-07-24 02:00:00
2020-07-25,3,2020,0.672,0.309,28.8,25.47,MODIS,57.57,6.55,2020-07-25 02:00:00
2020-07-26,3,2020,0.642,0.187,28.46,26.85,MODIS,44.48,5.44,2020-07-26 02:00:00
2020-07-27,3,2020,0.644,0.216,28.77,27.4,MODIS,45.21,7.23,2020-07-27 02:00:00
2020-07-28,3,2020,0.636,0.247,27.26,25.35,MODIS,42.0,5.63,2020-07-28 02:00:00
2020-07-29,3,2020,0.647,0.402,27.73,24.56,MODIS,46.51,5.33,2020-07-29 02:00:00
2020-07-30,3,2020,0.64,0.191,27.5,26.05,MODIS,43.57,6.64,2020-07-30 02:00:00
2020-07-31,3,2020,0.638,0.184,27.76,28.96,MODIS,42.82,7.29,2020-07-31 02:00:00
2020-08-01,3,2020,0.639,0.303,27.51,24.99,MODIS,43.34,5.96,2020-08-01 02:00:00
2020-08-02,3,2020,0.653,0.255,27.97,26.21,MODIS,49.06,6.31,2020-08-02 02:00:00
2020-08-03,3,2020,0.672,0.291,29.51,25.65,MODIS,57.55,5.6,2020-08-03 02:00:00
2020-08-04,3,2020,0.625,0.238,27.55,28.56,MODIS,37.17,6.1,2020-08-04 02:00:00
2020-08-05,3,2020,0.661,0.205,29.15,29.29,MODIS,52.73,6.53,2020-08-05 02:00:00
2020-08-06,3,2020,0.643,0.199,27.9,25.38,MODIS,44.85,5.83,2020-08-06 02:00:00
2020-08-07,3,2020,0.652,0.219,28.47,27.65,MODIS,48.75,7.4,2020-08-07 02:00:00
2020-08-08,3,2020,0.646,0.201,29.77,24.49,MODIS,46.36,5.82,2020-08-08 02:00:00
2020-08-09,3,2020,0.659,0.221,28.5,24.44,MODIS,51.75,6.96,2020-08-09 02:00:00
2020-08-10,3,2020,0.643,0.35,28.12,28.39,MODIS,44.94,6.34,2020-08-10 02:00:00
2020-08-11,3,2020,0.645,0.241,28.12,28.22,MODIS,45.81,6.61,2020-08-11 02:00:00
2020-08-12,3,2020,0.634,0.235,28.21,27.52,MODIS,40.86,6.66,2020-08-12 02:00:00
2020-08-13,3,2020,0.632,0.268,28.32,24.7,MODIS,40.12,6.57,2020-08-13 02:00:00
2020-08-14,3,2020,0.659,0.215,29.41,24.06,MODIS,51.67,5.66,2020-08-14 02:00:00
2020-08-15,3,2020,0.613,0.236,28.27,25.3,MODIS,32.15,6.36,2020-08-15 02:00:00
2020-08-16,3,2020,0.658,0.225,30.04,26.16,MODIS,51.23,6.85,2020-08-16 02:00:00
2020-08-17,3,2020,0.609,0.249,28.41,23.67,MODIS,30.37,6.78,2020-08-17 02:00:00
2020-08-18,3,2020,0.657,0.486,27.68,26.29,MODIS,51.13,6.1,2020-08-18 02:00:00
2020-08-19,3,2020,0.64,0.258,28.19,24.08,MODIS,43.65,6.17,2020-08-19 02:00:00
2020-08-20,3,2020,0.636,0.217,29.02,25.15,MODIS,41.8,6.46,2020-08-20 02:00:00
2020-08-21,3,2020,0.653,0.153,27.92,24.87,MODIS,49.02,6.48,2020-08-21 02:00:00
2020-08-22,3,2020,0.621,0.172,29.84,28.11,MODIS,35.45,7.09,2020-08-22 02:00:00
2020-08-23,3,2020,0.619,0.216,29.34,27.03,MODIS,34.37,6.36,2020-08-23 02:00:00
2020-08-24,3,2020,0.635,0.229,27.99,22.65,MODIS,41.53,6.04,2020-08-24 02:00:00
2020-08-25,3,2020,0.618,0.352,28.2,27.71,MODIS,34.14,5.65,2020-08-25 02:00:00
2020-08-26,3,2020,0.635,0.227,28.85,25.94,MODIS,41.45,6.75,2020-08-26 02:00:00
2020-08-27,3,2020,0.628,0.258,29.29,24.96,MODIS,38.47,6.73,2020-08-27 02:00:00
2020-08-28,3,2020,0.633,0.328,29.56,25.01,MODIS,40.76,6.58,2020-08-28 02:00:00
2020-08-29,3,2020,0.647,0.213,28.32,29.12,MODIS,46.76,5.55,2020-08-29 02:00:00
2020-08-30,3,2020,0.626,0.221,28.17,25.74,MODIS,37.4,6.9,2020-08-30 02:00:00
2020-08-31,3,2020,0.641,0.215,28.8,29.41,MODIS,44.13,6.66,2020-08-31 02:00:00
2020-09-01,3,2020,0.63,0.322,29.85,26.78,MODIS,39.31,5.79,2020-09-01 02:00:00
2020-09-02,3,2020,0.628,0.196,29.25,28.16,MODIS,38.54,7.34,2020-09-02 02:00:00
2020-09-03,3,2020,0.652,0.201,28.7,25.09,MODIS,48.85,6.56,2020-09-03 02:00:00
2020-09-04,3,2020,0.621,0.229,27.38,23.27,MODIS,35.52,7.44,2020-09-04 02:00:00
2020-09-05,3,2020,0.626,0.27,28.13,22.82,MODIS,37.47,6.62,2020-09-05 02:00:00
2020-09-06,3,2020,0.616,0.275,29.13,25.62,MODIS,33.15,7.39,2020-09-06 02:00:00
2020-09-07,3,2020,0.587,0.198,29.95,24.69,MODIS,20.71,6.46,2020-09-07 02:00:00
2020-09-08,3,2020,0.627,0.395,29.5,28.21,MODIS,37.96,6.72,2020-09-08 02:00:00
2020-09-09,3,2020,0.626,0.186,29.6,26.48,MODIS,37.62,7.64,2020-09-09 02:00:00
2020-09-10,3,2020,0.599,0.249,28.97,27.8,MODIS,25.83,6.22,2020-09-10 02:00:00
2020-09-11,3,2020,0.617,0.195,28.73,28.19,MODIS,33.66,6.16,2020-09-11 02:00:00
2020-09-12,3,2020,0.611,0.342,28.19,26.71,MODIS,31.01,6.41,2020-09-12 02:00:00
2020-09-13,3,2020,0.646,0.245,29.71,27.6,MODIS,46.37,5.51,2020-09-13 02:00:00
2020-09-14,3,2020,0.603,0.273,27.78,26.61,MODIS,27.88,6.64,2020-09-14 02:00:00
2020-09-15,3,2020,0.597,0.209,28.03,27.56,MODIS,25.2,6.26,2020-09-15 02:00:00
2020-09-16,3,2020,0.645,0.245,29.07,28.56,MODIS,45.74,6.6,2020-09-16 02:00:00
2020-09-17,3,2020,0.627,0.175,28.35,29.08,MODIS,38.01,6.4,2020-09-17 02:00:00
2020-09-18,3,2020,0.627,0.234,27.85,29.62,MODIS,38.19,5.85,2020-09-18 02:00:00
2020-09-19,3,2020,0.623,0.216,29.56,31.12,MODIS,36.42,6.87,2020-09-19 02:00:00
2020-09-20,3,2020,0.599,0.303,29.16,28.42,MODIS,25.77,6.0,2020-09-20 02:00:00
2020-09-21,3,2020,0.615,0.197,29.76,27.51,MODIS,32.96,6.81,2020-09-21 02:00:00
2020-09-22,3,2020,0.626,0.276,28.88,28.31,MODIS,37.69,6.14,2020-09-22 02:00:00
2020-09-23,3,2020,0.629,0.313,28.62,24.35,MODIS,38.68,6.02,2020-09-23 02:00:00
2020-09-24,3,2020,0.608,0.243,28.55,30.08,MODIS,30.03,6.42,2020-09-24 02:00:00
2020-09-25,3,2020,0.63,0.214,29.57,25.54,MODIS,39.46,6.53,2020-09-25 02:00:00
2020-09-26,3,2020,0.648,0.206,29.56,24.56,MODIS,46.85,7.47,2020-09-26 02:00:00
2020-09-27,3,2020,0.617,0.357,28.75,23.72,MODIS,33.58,6.8,2020-09-27 02:00:00
2020-09-28,3,2020,0.643,0.2,28.66,25.12,MODIS,45.11,6.52,2020-09-28 02:00:00
2020-09-29,3,2020,0.616,0.346,29.19,24.46,MODIS,33.49,6.83,2020-09-29 02:00:00
2020-09-30,3,2020,0.618,0.219,29.22,26.02,MODIS,34.07,7.23,2020-09-30 02:00:00
2020-10-01,3,2020,0.618,0.377,27.35,26.54,MODIS,33.96,6.0,2020-10-01 02:00:00
2020-10-02,3,2020,0.625,0.192,29.21,29.04,MODIS,37.07,7.17,2020-10-02 02:00:00
2020-10-03,3,2020,0.578,0.264,28.3,25.25,MODIS,16.71,6.46,2020-10-03 02:00:00
2020-10-04,3,2020,0.623,0.202,28.91,26.32,MODIS,36.29,6.9,2020-10-04 02:00:00
2020-10-05,3,2020,0.602,0.356,28.45,25.95,MODIS,27.05,6.72,2020-10-05 02:00:00
2020-10-06,3,2020,0.658,0.222,29.51,26.66,MODIS,51.35,6.31,2020-10-06 02:00:00
2020-10-07,3,2020,0.6,0.262,28.37,23.84,MODIS,26.42,6.8,2020-10-07 02:00:00
2020-10-08,3,2020,0.565,0.211,27.93,23.38,MODIS,11.39,6.43,2020-10-08 02:00:00
2020-10-09,3,2020,0.607,0.223,29.46,26.93,MODIS,29.62,5.84,2020-10-09 02:00:00
2020-10-10,3,2020,0.591,0.192,28.32,25.53,MODIS,22.72,6.96,2020-10-10 02:00:00
2020-10-11,3,2020,0.619,0.262,29.42,25.86,MODIS,34.63,5.63,2020-10-11 02:00:00
2020-10-12,3,2020,0.592,0.202,28.42,23.09,MODIS,22.82,7.51,2020-10-12 02:00:00
2020-10-13,3,2020,0.624,0.324,28.8,26.96,MODIS,36.53,5.93,2020-10-13 02:00:00
2020-10-14,3,2020,0.596,0.327,29.54,27.83,MODIS,24.73,6.31,2020-10-14 02:00:00
2020-10-15,3,2020,0.597,0.258,29.94,25.54,MODIS,25.05,6.91,2020-10-15 02:00:00
2020-10-16,3,2020,0.627,0.214,30.21,22.16,MODIS,37.81,6.47,2020-10-16 02:00:00
2020-10-17,3,2020,0.619,0.285,28.82,27.28,MODIS,34.62,7.21,2020-10-17 02:00:00
2020-10-18,3,2020,0.612,0.328,29.17,23.86,MODIS,31.43,6.37,2020-10-18 02:00:00
2020-10-19,3,2020,0.601,0.498,29.69,25.89,MODIS,26.98,6.59,2020-10-19 02:00:00
2020-10-20,3,2020,0.602,0.263,30.14,23.15,MODIS,27.05,7.31,2020-10-20 02:00:00
2020-10-21,3,2020,0.622,0.51,28.27,25.3,MODIS,36.02,6.42,2020-10-21 02:00:00
2020-10-22,3,2020,0.602,0.196,29.18,25.9,MODIS,27.04,6.11,2020-10-22 02:00:00
2020-10-23,3,2020,0.602,0.212,29.2,26.0,MODIS,27.37,6.57,2020-10-23 02:00:00
2020-10-24,3,2020,0.623,0.303,29.06,25.16,MODIS,36.49,6.64,2020-10-24 02:00:00
2020-10-25,3,2020,0.598,0.382,28.43,25.3,MODIS,25.52,7.15,2020-10-25 02:00:00
2020-10-26,3,2020,0.6,0.235,29.07,25.71,MODIS,26.48,6.46,2020-10-26 02:00:00
2020-10-27,3,2020,0.601,0.23,27.95,24.44,MODIS,26.85,6.46,2020-10-27 02:00:00
2020-10-28,3,2020,0.595,0.227,28.67,27.18,MODIS,24.12,7.08,2020-10-28 02:00:00
2020-10-29,3,2020,0.583,0.179,29.24,28.67,MODIS,18.89,6.53,2020-10-29 02:00:00
2020-10-30,3,2020,0.602,0.254,28.0,20.72,MODIS,27.21,7.6,2020-10-30 02:00:00
2020-10-31,3,2020,0.573,0.213,29.18,23.65,MODIS,14.93,6.59,2020-10-31 02:00:00
2020-11-01,3,2020,0.607,0.292,29.19,23.53,MODIS,29.37,7.21,2020-11-01 02:00:00
2020-11-02,3,2020,0.592,0.338,28.89,23.16,MODIS,23.09,6.8,2020-11-02 02:00:00
2020-11-03,3,2020,0.557,0.21,28.53,26.36,MODIS,7.98,7.11,2020-11-03 02:00:00
2020-11-04,3,2020,0.598,0.225,27.76,22.03,MODIS,25.42,6.27,2020-11-04 02:00:00
2020-11-05,3,2020,0.591,0.222,29.72,27.38,MODIS,22.56,6.71,2020-11-05 02:00:00
2020-11-06,3,2020,0.607,0.301,29.68,26.16,MODIS,29.32,5.87,2020-11-06 02:00:00
2020-11-07,3,2020,0.583,0.167,29.81,24.73,MODIS,18.86,6.68,2020-11-07 02:00:00
2020-11-08,3,2020,0.597,0.168,30.5,25.89,MODIS,24.99,6.48,2020-11-08 02:00:00
2020-11-09,3,2020,0.597,0.216,28.74,26.11,MODIS,25.17,6.68,2020-11-09 02:00:00
2020-11-10,3,2020,0.589,0.366,29.9,22.89,MODIS,21.83,7.27,2020-11-10 02:00:00
2020-11-11,3,2020,0.592,0.218,29.84,21.4,MODIS,22.99,7.2,2020-11-11 02:00:00
2020-11-12,3,2020,0.607,0.298,28.85,24.8,MODIS,29.2,7.36,2020-11-12 02:00:00
2020-11-13,3,2020,0.603,0.467,30.52,23.07,MODIS,27.47,6.8,2020-11-13 02:00:00
2020-11-14,3,2020,0.601,0.28,30.11,22.85,MODIS,26.62,6.43,2020-11-14 02:00:00
2020-11-15,3,2020,0.597,0.211,30.27,29.49,MODIS,24.9,5.96,2020-11-15 02:00:00
2020-11-16,3,2020,0.583,0.242,28.39,27.14,MODIS,18.89,7.14,2020-11-16 02:00:00
2020-11-17,3,2020,0.605,0.216,29.51,28.6,MODIS,28.67,6.24,2020-11-17 02:00:00
2020-11-18,3,2020,0.6,0.215,30.32,24.75,MODIS,26.59,6.65,2020-11-18 02:00:00
2020-11-19,3,2020,0.565,0.232,29.47,23.59,MODIS,11.32,6.82,2020-11-19 02:00:00
2020-11-20,3,2020,0.558,0.186,30.12,26.16,MODIS,8.29,5.79,2020-11-20 02:00:00
2020-11-21,3,2020,0.59,0.589,29.05,23.93,MODIS,22.23,6.97,2020-11-21 02:00:00
2020-11-22,3,2020,0.587,0.222,29.24,24.93,MODIS,20.74,7.52,2020-11-22 02:00:00
2020-11-23,3,2020,0.584,0.199,28.56,24.01,MODIS,19.68,8.38,2020-11-23 02:00:00
2020-11-24,3,2020,0.588,0.295,28.79,27.46,MODIS,21.04,7.22,2020-11-24 02:00:00
2020-11-25,3,2020,0.592,0.245,30.52,22.25,MODIS,22.9,5.99,2020-11-25 02:00:00
2020-11-26,3,2020,0.586,0.221,29.93,21.33,MODIS,20.54,6.39,2020-11-26 02:00:00
2020-11-27,3,2020,0.588,0.203,29.47,28.39,MODIS,21.22,6.95,2020-11-27 02:00:00
2020-11-28,3,2020,0.597,0.206,28.95,21.66,MODIS,25.08,6.62,2020-11-28 02:00:00
2020-11-29,3,2020,0.588,0.22,29.08,25.03,MODIS,21.34,6.52,2020-11-29 02:00:00
2020-11-30,3,2020,0.576,0.259,30.35,22.41,MODIS,16.17,7.11,2020-11-30 02:00:00
2020-12-01,3,2020,0.594,0.283,29.68,23.58,MODIS,23.79,6.04,2020-12-01 02:00:00
2020-12-02,3,2020,0.621,0.253,29.37,24.25,MODIS,35.4,6.72,2020-12-02 02:00:00
2020-12-03,3,2020,0.557,0.314,30.85,25.69,MODIS,7.87,6.97,2020-12-03 02:00:00
2020-12-04,3,2020,0.578,0.219,29.76,27.59,MODIS,16.95,6.95,2020-12-04 02:00:00
2020-12-05,3,2020,0.574,0.227,30.33,24.22,MODIS,15.11,6.35,2020-12-05 02:00:00
2020-12-06,3,2020,0.573,0.311,29.49,24.48,MODIS,14.59,6.86,2020-12-06 02:00:00
2020-12-07,3,2020,0.578,0.227,29.48,24.43,MODIS,16.86,7.1,2020-12-07 02:00:00
2020-12-08,3,2020,0.599,0.238,30.36,28.13,MODIS,25.98,6.07,2020-12-08 02:00:00
2020-12-09,3,2020,0.59,0.237,29.38,22.08,MODIS,22.29,6.94,2020-12-09 02:00:00
2020-12-10,3,2020,0.612,0.174,29.49,24.05,MODIS,31.34,6.65,2020-12-10 02:00:00
2020-12-11,3,2020,0.575,0.229,29.37,26.94,MODIS,15.55,7.08,2020-12-11 02:00:00
2020-12-12,3,2020,0.589,0.264,28.94,22.06,MODIS,21.55,7.97,2020-12-12 02:00:00
2020-12-13,3,2020,0.539,0.198,28.37,25.0,MODIS,0.0,7.6,2020-12-13 02:00:00
2020-12-14,3,2020,0.586,0.285,29.87,23.76,MODIS,20.17,6.75,2020-12-14 02:00:00
2020-12-15,3,2020,0.606,0.182,29.34,24.08,MODIS,29.15,6.44,2020-12-15 02:00:00
2020-12-16,3,2020,0.581,0.208,29.82,22.22,MODIS,18.09,7.73,2020-12-16 02:00:00
2020-12-17,3,2020,0.583,0.464,30.95,17.99,MODIS,19.01,6.79,2020-12-17 02:00:00
2020-12-18,3,2020,0.568,0.539,29.66,25.33,MODIS,12.72,6.61,2020-12-18 02:00:00
2020-12-19,3,2020,0.577,0.185,29.0,27.84,MODIS,16.7,6.28,2020-12-19 02:00:00
2020-12-20,3,2020,0.577,0.19,30.39,25.93,MODIS,16.64,6.77,2020-12-20 02:00:00
2020-12-21,3,2020,0.57,0.239,29.64,23.54,MODIS,13.4,6.64,2020-12-21 02:00:00
2020-12-22,3,2020,0.567,0.342,29.45,26.11,MODIS,12.13,6.88,2020-12-22 02:00:00
2020-12-23,3,2020,0.558,0.326,31.18,20.86,MODIS,8.27,7.41,2020-12-23 02:00:00
2020-12-24,3,2020,0.572,0.208,29.5,23.94,MODIS,14.51,6.47,2020-12-24 02:00:00
2020-12-25,3,2020,0.585,0.256,30.24,24.18,MODIS,20.12,6.49,2020-12-25 02:00:00
2020-12-26,3,2020,0.591,0.221,30.46,25.51,MODIS,22.48,5.95,2020-12-26 02:00:00
2020-12-27,3,2020,0.591,0.225,28.97,20.97,MODIS,22.65,6.72,2020-12-27 02:00:00
2020-12-28,3,2020,0.576,0.232,29.88,26.98,MODIS,16.24,6.72,2020-12-28 02:00:00
2020-12-29,3,2020,0.572,0.341,30.48,24.09,MODIS,14.4,7.25,2020-12-29 02:00:00
2020-12-30,3,2020,0.547,0.335,30.7,23.09,MODIS,3.63,7.23,2020-12-30 02:00:00
2020-12-31,3,2020,0.573,0.154,30.44,25.46,MODIS,14.95,7.18,2020-12-31 02:00:00
2021-01-01,3,2021,0.744,0.198,26.19,30.64,MODIS,82.49,5.45,2021-01-01 02:00:00
2021-01-02,3,2021,0.76,0.241,26.17,31.0,MODIS,88.79,5.24,2021-01-02 02:00:00
2021-01-03,3,2021,0.756,0.203,25.26,31.49,MODIS,87.46,5.83,2021-01-03 02:00:00
2021-01-04,3,2021,0.788,0.294,25.81,34.62,MODIS,100.0,5.48,2021-01-04 02:00:00
2021-01-05,3,2021,0.743,0.245,26.71,30.06,MODIS,82.2,5.36,2021-01-05 02:00:00
2021-01-06,3,2021,0.758,0.249,25.08,28.49,MODIS,88.19,5.56,2021-01-06 02:00:00
2021-01-07,3,2021,0.736,0.189,27.49,28.14,MODIS,79.15,5.59,2021-01-07 02:00:00
2021-01-08,3,2021,0.734,0.203,26.45,31.1,MODIS,78.62,5.24,2021-01-08 02:00:00
2021-01-09,3,2021,0.73,0.245,25.39,32.59,MODIS,76.8,5.45,2021-01-09 02:00:00
2021-01-10,3,2021,0.726,0.177,25.25,28.6,MODIS,75.28,5.69,2021-01-10 02:00:00
2021-01-11,3,2021,0.744,0.224,26.13,30.91,MODIS,82.52,5.06,2021-01-11 02:00:00
2021-01-12,3,2021,0.734,0.235,26.92,28.17,MODIS,78.71,4.93,2021-01-12 02:00:00
2021-01-13,3,2021,0.738,0.36,24.36,27.52,MODIS,79.97,5.1,2021-01-13 02:00:00
2021-01-14,3,2021,0.743,0.228,26.63,29.23,MODIS,82.12,6.15,2021-01-14 02:00:00
2021-01-15,3,2021,0.759,0.166,25.82,28.81,MODIS,88.51,5.88,2021-01-15 02:00:00
2021-01-16,3,2021,0.727,0.364,26.47,32.04,MODIS,75.85,4.91,2021-01-16 02:00:00
2021-01-17,3,2021,0.72,0.235,26.86,29.19,MODIS,72.97,5.69,2021-01-17 02:00:00
2021-01-18,3,2021,0.754,0.194,25.7,27.34,MODIS,86.75,5.78,2021-01-18 02:00:00
2021-01-19,3,2021,0.736,0.271,26.69,28.4,MODIS,79.35,5.18,2021-01-19 02:00:00
2021-01-20,3,2021,0.753,0.239,26.33,29.16,MODIS,86.04,5.9,2021-01-20 02:00:00
2021-01-21,3,2021,0.733,0.324,25.88,28.77,MODIS,78.23,5.48,2021-01-21 02:00:00
2021-01-22,3,2021,0.73,0.215,27.25,27.65,MODIS,76.77,5.19,2021-01-22 02:00:00
2021-01-23,3,2021,0.738,0.282,26.91,29.59,MODIS,80.32,5.42,2021-01-23 02:00:00
2021-01-24,3,2021,0.76,0.277,25.75,31.86,MODIS,89.09,5.3,2021-01-24 02:00:00
2021-01-25,3,2021,0.746,0.212,25.41,31.44,MODIS,83.53,5.62,2021-01-25 02:00:00
2021-01-26,3,2021,0.742,0.264,26.65,27.65,MODIS,81.73,5.98,2021-01-26 02:00:00
2021-01-27,3,2021,0.765,0.268,25.95,26.49,MODIS,90.78,5.66,2021-01-27 02:00:00
2021-01-28,3,2021,0.729,0.198,26.02,32.45,MODIS,76.63,5.94,2021-01-28 02:00:00
2021-01-29,3,2021,0.76,0.239,26.8,31.01,MODIS,89.03,4.47,2021-01-29 02:00:00
2021-01-30,3,2021,0.735,0.216,25.74,31.57,MODIS,78.92,6.26,2021-01-30 02:00:00
2021-01-31,3,2021,0.765,0.27,26.97,29.72,MODIS,90.82,5.52,2021-01-31 02:00:00
2021-02-01,3,2021,0.713,0.206,26.82,27.59,MODIS,70.13,5.12,2021-02-01 02:00:00
2021-02-02,3,2021,0.727,0.218,26.78,30.08,MODIS,75.75,5.82,2021-02-02 02:00:00
2021-02-03,3,2021,0.741,0.263,25.59,28.98,MODIS,81.49,6.51,2021-02-03 02:00:00
2021-02-04,3,2021,0.758,0.244,25.63,25.87,MODIS,88.18,6.06,2021-02-04 02:00:00
2021-02-05,3,2021,0.741,0.186,26.48,31.39,MODIS,81.51,5.16,2021-02-05 02:00:00
2021-02-06,3,2021,0.736,0.21,25.92,30.04,MODIS,79.3,5.5,2021-02-06 02:00:00
2021-02-07,3,2021,0.731,0.257,25.91,29.18,MODIS,77.39,5.88,2021-02-07 02:00:00
2021-02-08,3,2021,0.709,0.195,27.68,30.09,MODIS,68.61,5.29,2021-02-08 02:00:00
2021-02-09,3,2021,0.703,0.223,26.49,29.9,MODIS,65.98,6.0,2021-02-09 02:00:00
2021-02-10,3,2021,0.714,0.252,26.11,28.6,MODIS,70.37,6.24,2021-02-10 02:00:00
2021-02-11,3,2021,0.736,0.239,26.22,28.77,MODIS,79.43,4.86,2021-02-11 02:00:00
2021-02-12,3,2021,0.758,0.257,26.61,29.38,MODIS,88.26,5.58,2021-02-12 02:00:00
2021-02-13,3,2021,0.726,0.245,28.26,29.46,MODIS,75.3,6.16,2021-02-13 02:00:00
2021-02-14,3,2021,0.718,0.267,27.6,29.97,MODIS,72.05,5.77,2021-02-14 02:00:00
2021-02-15,3,2021,0.725,0.281,26.21,29.77,MODIS,75.06,5.36,2021-02-15 02:00:00
2021-02-16,3,2021,0.714,0.173,26.15,34.8,MODIS,70.71,6.35,2021-02-16 02:00:00
2021-02-17,3,2021,0.73,0.222,27.68,25.64,MODIS,76.85,5.22,2021-02-17 02:00:00
2021-02-18,3,2021,0.761,0.188,26.37,27.23,MODIS,89.49,5.74,2021-02-18 02:00:00
2021-02-19,3,2021,0.729,0.231,26.78,24.74,MODIS,76.62,5.62,2021-02-19 02:00:00
2021-02-20,3,2021,0.709,0.252,27.37,30.57,MODIS,68.38,5.91,2021-02-20 02:00:00
2021-02-21,3,2021,0.712,0.227,26.62,29.91,MODIS,69.74,5.28,2021-02-21 02:00:00
2021-02-22,3,2021,0.728,0.226,26.06,28.1,MODIS,76.2,5.82,2021-02-22 02:00:00
2021-02-23,3,2021,0.734,0.248,27.06,29.97,MODIS,78.37,6.01,2021-02-23 02:00:00
2021-02-24,3,2021,0.729,0.262,27.23,32.49,MODIS,76.36,5.51,2021-02-24 02:00:00
2021-02-25,3,2021,0.724,0.255,25.73,32.04,MODIS,74.64,5.31,2021-02-25 02:00:00
2021-02-26,3,2021,0.723,0.196,26.17,27.22,MODIS,74.11,5.72,2021-02-26 02:00:00
2021-02-27,3,2021,0.712,0.225,25.89,29.63,MODIS,69.62,4.98,2021-02-27 02:00:00
2021-02-28,3,2021,0.678,0.242,26.23,28.47,MODIS,56.21,5.88,2021-02-28 02:00:00
2021-03-01,3,2021,0.716,0.233,25.98,29.03,MODIS,71.45,5.69,2021-03-01 02:00:00
2021-03-02,3,2021,0.73,0.217,26.25,28.99,MODIS,76.97,5.8,2021-03-02 02:00:00
2021-03-03,3,2021,0.711,0.284,28.72,30.54,MODIS,69.27,4.88,2021-03-03 02:00:00
2021-03-04,3,2021,0.697,0.222,26.62,26.47,MODIS,63.8,5.31,2021-03-04 02:00:00
2021-03-05,3,2021,0.726,0.269,27.46,26.67,MODIS,75.39,6.06,2021-03-05 02:00:00
2021-03-06,3,2021,0.744,0.163,26.72,30.03,MODIS,82.58,5.97,2021-03-06 02:00:00
2021-03-07,3,2021,0.722,0.189,27.4,25.15,MODIS,73.71,5.59,2021-03-07 02:00:00
2021-03-08,3,2021,0.717,0.254,27.12,29.36,MODIS,71.53,5.33,2021-03-08 02:00:00
2021-03-09,3,2021,0.727,0.227,26.84,27.99,MODIS,75.89,5.58,2021-03-09 02:00:00
2021-03-10,3,2021,0.712,0.247,26.48,27.33,MODIS,69.55,6.33,2021-03-10 02:00:00
2021-03-11,3,2021,0.746,0.282,26.01,29.56,MODIS,83.19,5.9,2021-03-11 02:00:00
2021-03-12,3,2021,0.716,0.266,27.22,27.36,MODIS,71.14,6.35,2021-03-12 02:00:00
2021-03-13,3,2021,0.75,0.232,25.45,29.81,MODIS,84.85,5.83,2021-03-13 02:00:00
2021-03-14,3,2021,0.711,0.225,27.22,25.74,MODIS,69.41,5.77,2021-03-14 02:00:00
2021-03-15,3,2021,0.71,0.194,25.72,28.31,MODIS,68.9,5.84,2021-03-15 02:00:00
2021-03-16,3,2021,0.71,0.192,27.71,33.51,MODIS,68.98,5.33,2021-03-16 02:00:00
2021-03-17,3,2021,0.719,0.28,26.3,29.23,MODIS,72.36,5.87,2021-03-17 02:00:00
2021-03-18,3,2021,0.731,0.213,27.77,26.02,MODIS,77.21,5.65,2021-03-18 02:00:00
2021-03-19,3,2021,0.754,0.23,25.96,29.71,MODIS,86.49,5.35,2021-03-19 02:00:00
2021-03-20,3,2021,0.702,0.207,27.42,30.28,MODIS,65.65,5.9,2021-03-20 02:00:00
2021-03-21,3,2021,0.724,0.212,27.98,30.65,MODIS,74.63,5.94,2021-03-21 02:00:00
2021-03-22,3,2021,0.717,0.187,27.34,29.5,MODIS,71.89,5.89,2021-03-22 02:00:00
2021-03-23,3,2021,0.709,0.233,26.41,27.48,MODIS,68.36,5.78,2021-03-23 02:00:00
2021-03-24,3,2021,0.734,0.199,27.8,30.39,MODIS,78.64,5.84,2021-03-24 02:00:00
2021-03-25,3,2021,0.672,0.249,27.81,26.84,MODIS,53.63,5.86,2021-03-25 02:00:00
2021-03-26,3,2021,0.724,0.194,26.75,25.95,MODIS,74.48,5.3,2021-03-26 02:00:00
2021-03-27,3,2021,0.725,0.192,27.47,28.06,MODIS,75.05,5.48,2021-03-27 02:00:00
2021-03-28,3,2021,0.695,0.309,26.8,26.4,MODIS,63.09,6.16,2021-03-28 02:00:00
2021-03-29,3,2021,0.71,0.247,26.87,30.1,MODIS,68.81,5.67,2021-03-29 02:00:00
2021-03-30,3,2021,0.687,0.371,27.53,24.4,MODIS,59.55,6.19,2021-03-30 02:00:00
2021-03-31,3,2021,0.715,0.186,26.82,28.9,MODIS,70.86,5.53,2021-03-31 02:00:00
2021-04-01,3,2021,0.71,0.194,28.2,26.34,MODIS,68.88,6.01,2021-04-01 02:00:00
2021-04-02,3,2021,0.697,0.23,28.11,25.55,MODIS,63.77,5.25,2021-04-02 02:00:00
2021-04-03,3,2021,0.684,0.257,27.61,29.8,MODIS,58.53,6.59,2021-04-03 02:00:00
2021-04-04,3,2021,0.693,0.226,26.91,28.53,MODIS,62.01,5.44,2021-04-04 02:00:00
2021-04-05,3,2021,0.71,0.284,26.98,25.17,MODIS,69.07,6.45,2021-04-05 02:00:00
2021-04-06,3,2021,0.691,0.161,26.83,30.67,MODIS,61.43,5.42,2021-04-06 02:00:00
2021-04-07,3,2021,0.692,0.21,25.91,27.3,MODIS,61.83,5.68,2021-04-07 02:00:00
2021-04-08,3,2021,0.706,0.188,27.36,25.51,MODIS,67.25,5.16,2021-04-08 02:00:00
2021-04-09,3,2021,0.691,0.176,27.02,23.99,MODIS,61.5,4.69,2021-04-09 02:00:00
2021-04-10,3,2021,0.709,0.305,27.84,23.39,MODIS,68.57,6.11,2021-04-10 02:00:00
2021-04-11,3,2021,0.701,0.294,27.98,26.74,MODIS,65.23,6.07,2021-04-11 02:00:00
2021-04-12,3,2021,0.706,0.214,26.39,30.44,MODIS,67.51,6.17,2021-04-12 02:00:00
2021-04-13,3,2021,0.658,0.294,26.41,26.53,MODIS,48.13,6.17,2021-04-13 02:00:00
2021-04-14,3,2021,0.697,0.202,26.66,29.56,MODIS,63.67,5.68,2021-04-14 02:00:00
2021-04-15,3,2021,0.7,0.203,27.07,27.51,MODIS,64.98,6.23,2021-04-15 02:00:00
2021-04-16,3,2021,0.683,0.269,26.8,31.21,MODIS,58.09,5.65,2021-04-16 02:00:00
2021-04-17,3,2021,0.717,0.263,26.14,30.08,MODIS,71.6,5.97,2021-04-17 02:00:00
2021-04-18,3,2021,0.685,0.18,27.4,30.53,MODIS,59.01,6.11,2021-04-18 02:00:00
2021-04-19,3,2021,0.701,0.177,26.87,32.39,MODIS,65.45,5.48,2021-04-19 02:00:00
2021-04-20,3,2021,0.696,0.24,28.27,31.02,MODIS,63.41,5.79,2021-04-20 02:00:00
2021-04-21,3,2021,0.714,0.2,28.02,28.6,MODIS,70.6,6.24,2021-04-21 02:00:00
2021-04-22,3,2021,0.697,0.239,27.88,28.59,MODIS,63.57,5.67,2021-04-22 02:00:00
2021-04-23,3,2021,0.688,0.248,27.01,29.53,MODIS,60.14,5.38,2021-04-23 02:00:00
2021-04-24,3,2021,0.69,0.462,26.98,25.13,MODIS,60.79,6.06,2021-04-24 02:00:00
2021-04-25,3,2021,0.707,0.2,26.91,30.38,MODIS,67.62,6.14,2021-04-25 02:00:00
2021-04-26,3,2021,0.711,0.377,27.09,27.96,MODIS,69.39,6.35,2021-04-26 02:00:00
2021-04-27,3,2021,0.698,0.205,27.85,28.11,MODIS,64.13,6.28,2021-04-27 02:00:00
2021-04-28,3,2021,0.679,0.308,26.98,28.28,MODIS,56.59,7.03,2021-04-28 02:00:00
2021-04-29,3,2021,0.677,0.227,27.61,25.03,MODIS,55.74,5.4,2021-04-29 02:00:00
2021-04-30,3,2021,0.702,0.19,27.8,27.12,MODIS,65.65,6.81,2021-04-30 02:00:00
2021-05-01,3,2021,0.688,0.23,26.87,28.55,MODIS,60.12,6.04,2021-05-01 02:00:00
2021-05-02,3,2021,0.67,0.189,27.68,30.96,MODIS,52.74,6.35,2021-05-02 02:00:00
2021-05-03,3,2021,0.676,0.238,27.79,29.23,MODIS,55.15,5.22,2021-05-03 02:00:00
2021-05-04,3,2021,0.684,0.313,27.25,28.53,MODIS,58.44,6.3,2021-05-04 02:00:00
2021-05-05,3,2021,0.713,0.223,27.2,31.79,MODIS,70.19,6.14,2021-05-05 02:00:00
2021-05-06,3,2021,0.697,0.259,26.67,31.45,MODIS,63.67,5.61,2021-05-06 02:00:00
2021-05-07,3,2021,0.66,0.201,26.32,27.53,MODIS,48.7,5.57,2021-05-07 02:00:00
2021-05-08,3,2021,0.689,0.243,27.93,28.28,MODIS,60.69,6.41,2021-05-08 02:00:00
2021-05-09,3,2021,0.685,0.268,27.21,29.38,MODIS,58.84,5.69,2021-05-09 02:00:00
2021-05-10,3,2021,0.683,0.238,27.43,25.93,MODIS,57.97,6.28,2021-05-10 02:00:00
2021-05-11,3,2021,0.678,0.215,28.12,27.99,MODIS,55.95,6.43,2021-05-11 02:00:00
2021-05-12,3,2021,0.691,0.392,26.52,26.66,MODIS,61.12,6.49,2021-05-12 02:00:00
2021-05-13,3,2021,0.664,0.206,27.22,30.98,MODIS,50.31,5.66,2021-05-13 02:00:00
2021-05-14,3,2021,0.68,0.197,27.48,28.62,MODIS,57.09,6.31,2021-05-14 02:00:00
2021-05-15,3,2021,0.679,0.6,28.64,30.89,MODIS,56.43,5.91,2021-05-15 02:00:00
2021-05-16,3,2021,0.696,0.242,28.17,29.22,MODIS,63.45,6.19,2021-05-16 02:00:00
2021-05-17,3,2021,0.689,0.212,26.47,29.38,MODIS,60.58,5.97,2021-05-17 02:00:00
2021-05-18,3,2021,0.692,0.207,27.02,26.5,MODIS,61.67,6.54,2021-05-18 02:00:00
2021-05-19,3,2021,0.69,0.213,27.64,27.07,MODIS,60.78,5.74,2021-05-19 02:00:00
2021-05-20,3,2021,0.684,0.165,26.94,25.38,MODIS,58.33,5.85,2021-05-20 02:00:00
2021-05-21,3,2021,0.678,0.33,27.19,25.37,MODIS,55.95,6.58,2021-05-21 02:00:00
2021-05-22,3,2021,0.699,0.256,26.54,26.85,MODIS,64.64,5.88,2021-05-22 02:00:00
2021-05-23,3,2021,0.668,0.209,27.96,25.17,MODIS,52.18,5.98,2021-05-23 02:00:00
2021-05-24,3,2021,0.671,0.249,28.12,27.84,MODIS,53.24,6.03,2021-05-24 02:00:00
2021-05-25,3,2021,0.677,0.266,27.84,29.13,MODIS,55.87,6.19,2021-05-25 02:00:00
2021-05-26,3,2021,0.688,0.24,27.78,23.73,MODIS,60.07,6.22,2021-05-26 02:00:00
2021-05-27,3,2021,0.676,0.234,27.51,28.65,MODIS,55.32,5.89,2021-05-27 02:00:00
2021-05-28,3,2021,0.669,0.293,27.49,24.84,MODIS,52.5,6.25,2021-05-28 02:00:00
2021-05-29,3,2021,0.708,0.262,27.86,29.59,MODIS,68.05,5.62,2021-05-29 02:00:00
2021-05-30,3,2021,0.68,0.278,25.6,27.92,MODIS,57.0,5.68,2021-05-30 02:00:00
2021-05-31,3,2021,0.664,0.212,27.97,29.76,MODIS,50.35,6.01,2021-05-31 02:00:00
2021-06-01,3,2021,0.649,0.331,29.04,26.71,MODIS,44.59,5.58,2021-06-01 02:00:00
2021-06-02,3,2021,0.679,0.222,26.42,23.12,MODIS,56.48,6.0,2021-06-02 02:00:00
2021-06-03,3,2021,0.691,0.194,28.04,28.81,MODIS,61.41,6.02,2021-06-03 02:00:00
2021-06-04,3,2021,0.694,0.207,26.53,23.55,MODIS,62.59,6.64,2021-06-04 02:00:00
2021-06-05,3,2021,0.721,0.206,28.39,25.82,MODIS,73.41,6.15,2021-06-05 02:00:00
2021-06-06,3,2021,0.665,0.19,27.6,23.5,MODIS,50.7,5.98,2021-06-06 02:00:00
2021-06-07,3,2021,0.683,0.219,27.19,27.63,MODIS,58.13,5.5,2021-06-07 02:00:00
2021-06-08,3,2021,0.682,0.222,28.66,27.77,MODIS,57.8,5.63,2021-06-08 02:00:00
2021-06-09,3,2021,0.659,0.174,27.7,26.16,MODIS,48.41,5.09,2021-06-09 02:00:00
2021-06-10,3,2021,0.666,0.429,28.22,29.5,MODIS,51.43,5.55,2021-06-10 02:00:00
2021-06-11,3,2021,0.662,0.227,27.12,22.16,MODIS,49.54,5.95,2021-06-11 02:00:00
2021-06-12,3,2021,0.691,0.245,28.5,25.89,MODIS,61.41,5.92,2021-06-12 02:00:00
2021-06-13,3,2021,0.674,0.291,28.2,26.89,MODIS,54.39,5.39,2021-06-13 02:00:00
2021-06-14,3,2021,0.668,0.246,28.48,24.05,MODIS,51.93,6.35,2021-06-14 02:00:00
2021-06-15,3,2021,0.647,0.268,25.71,28.72,MODIS,43.67,5.88,2021-06-15 02:00:00
2021-06-16,3,2021,0.646,0.263,27.18,24.72,MODIS,43.29,6.62,2021-06-16 02:00:00
2021-06-17,3,2021,0.667,0.24,27.45,28.05,MODIS,51.54,6.02,2021-06-17 02:00:00
2021-06-18,3,2021,0.681,0.284,28.19,28.08,MODIS,57.15,5.93,2021-06-18 02:00:00
2021-06-19,3,2021,0.654,0.208,27.22,29.57,MODIS,46.63,5.44,2021-06-19 02:00:00
2021-06-20,3,2021,0.682,0.193,27.63,31.64,MODIS,57.7,7.55,2021-06-20 02:00:00
2021-06-21,3,2021,0.674,0.21,27.97,25.58,MODIS,54.4,6.02,2021-06-21 02:00:00
2021-06-22,3,2021,0.649,0.215,27.66,27.06,MODIS,44.59,6.63,2021-06-22 02:00:00
2021-06-23,3,2021,0.67,0.197,27.8,24.99,MODIS,53.05,5.79,2021-06-23 02:00:00
2021-06-24,3,2021,0.683,0.208,29.77,28.07,MODIS,58.03,7.11,2021-06-24 02:00:00
2021-06-25,3,2021,0.674,0.23,27.84,26.24,MODIS,54.44,6.81,2021-06-25 02:00:00
2021-06-26,3,2021,0.673,0.212,26.48,30.01,MODIS,54.07,5.58,2021-06-26 02:00:00
2021-06-27,3,2021,0.657,0.257,26.99,27.66,MODIS,47.87,5.96,2021-06-27 02:00:00
2021-06-28,3,2021,0.669,0.212,27.2,27.65,MODIS,52.29,5.78,2021-06-28 02:00:00
2021-06-29,3,2021,0.657,0.241,28.7,26.95,MODIS,47.49,6.27,2021-06-29 02:00:00
2021-06-30,3,2021,0.695,0.495,27.24,29.63,MODIS,62.71,6.05,2021-06-30 02:00:00
2021-07-01,3,2021,0.663,0.193,28.26,24.68,MODIS,50.15,6.62,2021-07-01 02:00:00
2021-07-02,3,2021,0.655,0.154,29.65,29.34,MODIS,46.94,6.34,2021-07-02 02:00:00
2021-07-03,3,2021,0.628,0.193,28.82,28.76,MODIS,36.04,5.66,2021-07-03 02:00:00
2021-07-04,3,2021,0.675,0.262,27.67,28.54,MODIS,54.82,6.72,2021-07-04 02:00:00
2021-07-05,3,2021,0.684,0.244,29.89,27.12,MODIS,58.55,6.32,2021-07-05 02:00:00
2021-07-06,3,2021,0.643,0.179,28.25,24.49,MODIS,42.04,5.63,2021-07-06 02:00:00
2021-07-07,3,2021,0.684,0.241,26.87,27.69,MODIS,58.45,6.13,2021-07-07 02:00:00
2021-07-08,3,2021,0.651,0.346,27.9,30.23,MODIS,45.39,6.44,2021-07-08 02:00:00
2021-07-09,3,2021,0.648,0.184,28.53,27.91,MODIS,44.21,6.57,2021-07-09 02:00:00
2021-07-10,3,2021,0.638,0.259,27.99,23.54,MODIS,40.15,5.37,2021-07-10 02:00:00
2021-07-11,3,2021,0.658,0.169,27.14,25.96,MODIS,48.1,6.2,2021-07-11 02:00:00
2021-07-12,3,2021,0.645,0.33,28.82,28.07,MODIS,42.74,5.52,2021-07-12 02:00:00
2021-07-13,3,2021,0.662,0.344,28.92,23.63,MODIS,49.68,7.09,2021-07-13 02:00:00
2021-07-14,3,2021,0.675,0.22,28.49,25.74,MODIS,55.06,5.58,2021-07-14 02:00:00
2021-07-15,3,2021,0.677,0.258,28.59,25.96,MODIS,55.5,6.36,2021-07-15 02:00:00
2021-07-16,3,2021,0.671,0.231,28.67,24.67,MODIS,53.3,6.21,2021-07-16 02:00:00
2021-07-17,3,2021,0.66,0.206,28.22,25.29,MODIS,48.7,5.77,2021-07-17 02:00:00
2021-07-18,3,2021,0.623,0.225,29.3,29.69,MODIS,33.98,6.94,2021-07-18 02:00:00
2021-07-19,3,2021,0.668,0.232,28.77,25.41,MODIS,52.04,5.72,2021-07-19 02:00:00
2021-07-20,3,2021,0.656,0.195,28.31,25.77,MODIS,47.46,6.73,2021-07-20 02:00:00
2021-07-21,3,2021,0.63,0.224,27.24,28.37,MODIS,36.71,6.35,2021-07-21 02:00:00
2021-07-22,3,2021,0.635,0.229,28.33,26.64,MODIS,38.95,5.82,2021-07-22 02:00:00
2021-07-23,3,2021,0.653,0.236,29.99,24.8,MODIS,46.18,5.99,2021-07-23 02:00:00
2021-07-24,3,2021,0.634,0.238,27.76,24.46,MODIS,38.44,6.03,2021-07-24 02:00:00
2021-07-25,3,2021,0.629,0.21,27.62,28.12,MODIS,36.39,6.79,2021-07-25 02:00:00
2021-07-26,3,2021,0.638,0.251,28.54,26.16,MODIS,39.96,6.67,2021-07-26 02:00:00
2021-07-27,3,2021,0.652,0.241,27.36,23.23,MODIS,45.81,6.29,2021-07-27 02:00:00
2021-07-28,3,2021,0.648,0.364,28.27,27.68,MODIS,43.98,5.94,2021-07-28 02:00:00
2021-07-29,3,2021,0.664,0.244,29.0,23.6,MODIS,50.37,6.88,2021-07-29 02:00:00
2021-07-30,3,2021,0.654,0.233,27.38,24.56,MODIS,46.44,6.06,2021-07-30 02:00:00
2021-07-31,3,2021,0.657,0.19,29.05,26.09,MODIS,47.74,6.65,2021-07-31 02:00:00
2021-08-01,3,2021,0.658,0.177,28.15,25.29,MODIS,47.94,6.37,2021-08-01 02:00:00
2021-08-02,3,2021,0.622,0.195,27.77,27.16,MODIS,33.59,6.69,2021-08-02 02:00:00
2021-08-03,3,2021,0.649,0.224,29.48,24.28,MODIS,44.58,5.8,2021-08-03 02:00:00
2021-08-04,3,2021,0.615,0.251,27.58,24.66,MODIS,30.73,5.82,2021-08-04 02:00:00
2021-08-05,3,2021,0.637,0.194,28.55,26.37,MODIS,39.65,6.1,2021-08-05 02:00:00
2021-08-06,3,2021,0.616,0.254,29.13,31.11,MODIS,31.16,6.12,2021-08-06 02:00:00
2021-08-07,3,2021,0.643,0.379,28.82,30.27,MODIS,42.08,6.68,2021-08-07 02:00:00
2021-08-08,3,2021,0.638,0.165,28.49,26.95,MODIS,39.93,7.16,2021-08-08 02:00:00
2021-08-09,3,2021,0.608,0.361,28.89,26.56,MODIS,27.91,6.34,2021-08-09 02:00:00
2021-08-10,3,2021,0.631,0.259,27.71,26.77,MODIS,37.34,6.23,2021-08-10 02:00:00
2021-08-11,3,2021,0.65,0.247,29.05,26.39,MODIS,44.86,6.81,2021-08-11 02:00:00
2021-08-12,3,2021,0.641,0.193,28.91,24.21,MODIS,41.44,7.05,2021-08-12 02:00:00
2021-08-13,3,2021,0.643,0.27,28.02,23.7,MODIS,42.25,6.11,2021-08-13 02:00:00
2021-08-14,3,2021,0.618,0.215,29.82,27.52,MODIS,31.93,6.06,2021-08-14 02:00:00
2021-08-15,3,2021,0.663,0.208,29.78,28.29,MODIS,50.11,6.02,2021-08-15 02:00:00
2021-08-16,3,2021,0.645,0.175,27.29,28.9,MODIS,42.79,6.34,2021-08-16 02:00:00
2021-08-17,3,2021,0.637,0.167,28.5,25.37,MODIS,39.76,6.55,2021-08-17 02:00:00
2021-08-18,3,2021,0.655,0.248,28.4,31.29,MODIS,46.79,6.31,2021-08-18 02:00:00
2021-08-19,3,2021,0.652,0.218,27.85,25.69,MODIS,45.54,6.37,2021-08-19 02:00:00
2021-08-20,3,2021,0.644,0.237,28.3,24.27,MODIS,42.44,6.45,2021-08-20 02:00:00
2021-08-21,3,2021,0.652,0.205,28.38,26.84,MODIS,45.75,5.91,2021-08-21 02:00:00
2021-08-22,3,2021,0.596,0.268,29.25,23.77,MODIS,23.38,6.95,2021-08-22 02:00:00
2021-08-23,3,2021,0.634,0.201,28.98,29.75,MODIS,38.55,6.58,2021-08-23 02:00:00
2021-08-24,3,2021,0.626,0.166,28.23,27.22,MODIS,35.23,6.78,2021-08-24 02:00:00
2021-08-25,3,2021,0.628,0.29,28.68,24.59,MODIS,35.92,7.38,2021-08-25 02:00:00
2021-08-26,3,2021,0.629,0.219,28.35,26.21,MODIS,36.58,6.85,2021-08-26 02:00:00
2021-08-27,3,2021,0.635,0.221,27.46,24.5,MODIS,38.96,6.29,2021-08-27 02:00:00
2021-08-28,3,2021,0.627,0.209,28.81,24.64,MODIS,35.75,6.15,2021-08-28 02:00:00
2021-08-29,3,2021,0.648,0.336,29.63,28.8,MODIS,43.87,6.77,2021-08-29 02:00:00
2021-08-30,3,2021,0.625,0.243,28.83,26.99,MODIS,34.73,6.09,2021-08-30 02:00:00
2021-08-31,3,2021,0.63,0.206,29.61,22.85,MODIS,36.77,6.11,2021-08-31 02:00:00
2021-09-01,3,2021,0.63,0.203,30.01,27.77,MODIS,36.67,6.0,2021-09-01 02:00:00
2021-09-02,3,2021,0.59,0.269,27.77,26.97,MODIS,20.61,6.75,2021-09-02 02:00:00
2021-09-03,3,2021,0.606,0.481,28.78,23.63,MODIS,27.34,6.01,2021-09-03 02:00:00
2021-09-04,3,2021,0.628,0.211,28.11,25.44,MODIS,36.09,6.55,2021-09-04 02:00:00
2021-09-05,3,2021,0.637,0.228,28.31,26.9,MODIS,39.76,6.7,2021-09-05 02:00:00
2021-09-06,3,2021,0.625,0.228,28.02,25.18,MODIS,34.93,6.68,2021-09-06 02:00:00
2021-09-07,3,2021,0.645,0.201,28.66,25.85,MODIS,42.83,6.55,2021-09-07 02:00:00
2021-09-08,3,2021,0.613,0.336,29.43,27.08,MODIS,29.89,6.38,2021-09-08 02:00:00
2021-09-09,3,2021,0.615,0.213,28.96,28.81,MODIS,30.92,6.98,2021-09-09 02:00:00
2021-09-10,3,2021,0.618,0.243,28.16,25.74,MODIS,32.15,6.58,2021-09-10 02:00:00
2021-09-11,3,2021,0.643,0.179,27.93,24.22,MODIS,42.13,6.58,2021-09-11 02:00:00
2021-09-12,3,2021,0.619,0.259,28.47,25.5,MODIS,32.29,6.58,2021-09-12 02:00:00
2021-09-13,3,2021,0.621,0.201,29.19,24.25,MODIS,33.36,6.06,2021-09-13 02:00:00
2021-09-14,3,2021,0.602,0.213,28.39,23.61,MODIS,25.45,6.64,2021-09-14 02:00:00
2021-09-15,3,2021,0.653,0.295,28.86,24.99,MODIS,46.14,6.8,2021-09-15 02:00:00
2021-09-16,3,2021,0.61,0.218,28.17,22.64,MODIS,28.74,6.8,2021-09-16 02:00:00
2021-09-17,3,2021,0.613,0.271,29.87,27.21,MODIS,30.18,6.33,2021-09-17 02:00:00
2021-09-18,3,2021,0.608,0.302,28.71,26.5,MODIS,28.19,6.67,2021-09-18 02:00:00
2021-09-19,3,2021,0.666,0.194,29.21,27.03,MODIS,51.44,5.94,2021-09-19 02:00:00
2021-09-20,3,2021,0.636,0.258,28.76,27.48,MODIS,39.33,7.0,2021-09-20 02:00:00
2021-09-21,3,2021,0.605,0.196,28.05,28.72,MODIS,26.74,6.07,2021-09-21 02:00:00
2021-09-22,3,2021,0.606,0.193,29.96,24.56,MODIS,27.13,6.26,2021-09-22 02:00:00
2021-09-23,3,2021,0.635,0.217,28.01,26.36,MODIS,38.91,7.66,2021-09-23 02:00:00
2021-09-24,3,2021,0.626,0.238,29.96,23.59,MODIS,35.24,6.92,2021-09-24 02:00:00
2021-09-25,3,2021,0.619,0.248,29.51,26.01,MODIS,32.29,6.72,2021-09-25 02:00:00
2021-09-26,3,2021,0.623,0.161,28.88,27.44,MODIS,33.96,6.29,2021-09-26 02:00:00
2021-09-27,3,2021,0.64,0.245,30.01,21.86,MODIS,41.04,7.85,2021-09-27 02:00:00
2021-09-28,3,2021,0.64,0.212,30.14,23.36,MODIS,41.05,5.55,2021-09-28 02:00:00
2021-09-29,3,2021,0.602,0.231,29.04,28.66,MODIS,25.44,6.77,2021-09-29 02:00:00
2021-09-30,3,2021,0.592,0.204,27.99,26.03,MODIS,21.47,5.56,2021-09-30 02:00:00
2021-10-01,3,2021,0.622,0.209,29.32,28.0,MODIS,33.46,6.61,2021-10-01 02:00:00
2021-10-02,3,2021,0.616,0.21,29.91,27.05,MODIS,31.33,6.08,2021-10-02 02:00:00
2021-10-03,3,2021,0.632,0.24,28.58,24.6,MODIS,37.53,6.82,2021-10-03 02:00:00
2021-10-04,3,2021,0.599,0.343,28.62,24.3,MODIS,24.27,7.24,2021-10-04 02:00:00
2021-10-05,3,2021,0.647,0.248,28.61,25.97,MODIS,43.52,6.89,2021-10-05 02:00:00
2021-10-06,3,2021,0.638,0.237,27.69,27.35,MODIS,40.0,6.92,2021-10-06 02:00:00
2021-10-07,3,2021,0.635,0.217,29.48,27.51,MODIS,38.78,7.04,2021-10-07 02:00:00
2021-10-08,3,2021,0.607,0.28,27.84,25.51,MODIS,27.72,6.61,2021-10-08 02:00:00
2021-10-09,3,2021,0.623,0.208,28.74,24.42,MODIS,34.14,7.25,2021-10-09 02:00:00
2021-10-10,3,2021,0.631,0.188,28.4,25.32,MODIS,37.21,6.2,2021-10-10 02:00:00
2021-10-11,3,2021,0.606,0.211,29.57,28.38,MODIS,27.04,6.6,2021-10-11 02:00:00
2021-10-12,3,2021,0.609,0.188,29.15,24.19,MODIS,28.39,6.08,2021-10-12 02:00:00
2021-10-13,3,2021,0.61,0.27,29.19,25.39,MODIS,28.97,7.47,2021-10-13 02:00:00
2021-10-14,3,2021,0.592,0.3,29.19,26.26,MODIS,21.61,6.57,2021-10-14 02:00:00
2021-10-15,3,2021,0.598,0.191,28.44,19.8,MODIS,23.85,6.86,2021-10-15 02:00:00
2021-10-16,3,2021,0.61,0.204,28.77,28.74,MODIS,28.74,6.75,2021-10-16 02:00:00
2021-10-17,3,2021,0.616,0.197,29.69,24.21,MODIS,31.38,7.2,2021-10-17 02:00:00
2021-10-18,3,2021,0.614,0.249,28.76,26.14,MODIS,30.53,5.93,2021-10-18 02:00:00
2021-10-19,3,2021,0.624,0.204,29.32,25.63,MODIS,34.25,6.99,2021-10-19 02:00:00
2021-10-20,3,2021,0.614,0.18,28.67,22.8,MODIS,30.46,6.65,2021-10-20 02:00:00
2021-10-21,3,2021,0.588,0.232,29.22,24.48,MODIS,20.14,6.77,2021-10-21 02:00:00
2021-10-22,3,2021,0.634,0.306,28.82,23.05,MODIS,38.57,6.89,2021-10-22 02:00:00
2021-10-23,3,2021,0.604,0.274,28.29,26.59,MODIS,26.58,6.41,2021-10-23 02:00:00
2021-10-24,3,2021,0.586,0.215,29.89,23.62,MODIS,19.15,6.32,2021-10-24 02:00:00
2021-10-25,3,2021,0.616,0.25,29.09,24.29,MODIS,31.28,6.8,2021-10-25 02:00:00
2021-10-26,3,2021,0.61,0.271,28.93,25.25,MODIS,28.99,6.43,2021-10-26 02:00:00
2021-10-27,3,2021,0.604,0.245,29.13,27.18,MODIS,26.51,6.36,2021-10-27 02:00:00
2021-10-28,3,2021,0.602,0.29,29.49,26.16,MODIS,25.74,6.84,2021-10-28 02:00:00
2021-10-29,3,2021,0.585,0.22,29.44,26.6,MODIS,18.98,6.09,2021-10-29 02:00:00
2021-10-30,3,2021,0.606,0.212,30.48,23.25,MODIS,27.27,6.34,2021-10-30 02:00:00
2021-10-31,3,2021,0.605,0.187,28.15,26.84,MODIS,26.9,6.31,2021-10-31 02:00:00
2021-11-01,3,2021,0.591,0.216,28.09,20.47,MODIS,21.06,6.73,2021-11-01 02:00:00
2021-11-02,3,2021,0.591,0.272,29.5,25.58,MODIS,21.16,6.83,2021-11-02 02:00:00
2021-11-03,3,2021,0.594,0.234,29.6,26.01,MODIS,22.38,6.92,2021-11-03 02:00:00
2021-11-04,3,2021,0.59,0.192,30.34,25.73,MODIS,20.86,6.37,2021-11-04 02:00:00
2021-11-05,3,2021,0.583,0.202,28.66,23.41,MODIS,18.04,6.06,2021-11-05 02:00:00
2021-11-06,3,2021,0.588,0.234,28.26,23.48,MODIS,20.07,6.99,2021-11-06 02:00:00
2021-11-07,3,2021,0.594,0.217,28.03,24.3,MODIS,22.4,7.16,2021-11-07 02:00:00
2021-11-08,3,2021,0.6,0.208,29.08,26.34,MODIS,24.85,6.26,2021-11-08 02:00:00
2021-11-09,3,2021,0.62,0.189,28.31,26.63,MODIS,32.75,7.22,2021-11-09 02:00:00
2021-11-10,3,2021,0.582,0.236,29.4,25.02,MODIS,17.49,7.72,2021-11-10 02:00:00
2021-11-11,3,2021,0.598,0.242,29.61,24.78,MODIS,24.2,6.95,2021-11-11 02:00:00
2021-11-12,3,2021,0.595,0.286,29.59,23.42,MODIS,22.92,6.1,2021-11-12 02:00:00
2021-11-13,3,2021,0.587,0.25,28.83,25.01,MODIS,19.43,5.96,2021-11-13 02:00:00
2021-11-14,3,2021,0.611,0.269,29.29,24.94,MODIS,29.25,6.87,2021-11-14 02:00:00
2021-11-15,3,2021,0.597,0.162,28.4,29.13,MODIS,23.51,7.23,2021-11-15 02:00:00
2021-11-16,3,2021,0.606,0.229,29.3,23.36,MODIS,27.29,6.74,2021-11-16 02:00:00
2021-11-17,3,2021,0.598,0.262,30.26,25.45,MODIS,23.84,6.59,2021-11-17 02:00:00
2021-11-18,3,2021,0.538,0.274,30.42,25.28,MODIS,0.0,7.15,2021-11-18 02:00:00
2021-11-19,3,2021,0.596,0.195,28.5,25.23,MODIS,23.06,5.99,2021-11-19 02:00:00
2021-11-20,3,2021,0.562,0.228,31.02,25.1,MODIS,9.42,6.64,2021-11-20 02:00:00
2021-11-21,3,2021,0.584,0.243,29.75,22.08,MODIS,18.35,6.87,2021-11-21 02:00:00
2021-11-22,3,2021,0.562,0.202,28.6,26.29,MODIS,9.7,7.43,2021-11-22 02:00:00
2021-11-23,3,2021,0.579,0.252,30.02,22.33,MODIS,16.54,7.13,2021-11-23 02:00:00
2021-11-24,3,2021,0.593,0.205,29.61,23.85,MODIS,21.85,7.75,2021-11-24 02:00:00
2021-11-25,3,2021,0.6,0.207,29.7,22.1,MODIS,24.83,6.51,2021-11-25 02:00:00
2021-11-26,3,2021,0.584,0.225,29.21,24.71,MODIS,18.48,6.71,2021-11-26 02:00:00
2021-11-27,3,2021,0.609,0.212,31.09,23.6,MODIS,28.33,6.89,2021-11-27 02:00:00
2021-11-28,3,2021,0.562,0.177,29.02,24.37,MODIS,9.44,5.84,2021-11-28 02:00:00
2021-11-29,3,2021,0.578,0.201,30.44,22.52,MODIS,16.09,6.66,2021-11-29 02:00:00
2021-11-30,3,2021,0.602,0.236,29.99,25.12,MODIS,25.7,6.69,2021-11-30 02:00:00
2021-12-01,3,2021,0.589,0.22,28.76,21.67,MODIS,20.52,6.86,2021-12-01 02:00:00
2021-12-02,3,2021,0.575,0.203,30.24,26.18,MODIS,14.81,7.26,2021-12-02 02:00:00
2021-12-03,3,2021,0.564,0.21,28.42,24.86,MODIS,10.25,6.39,2021-12-03 02:00:00
2021-12-04,3,2021,0.572,0.206,29.64,22.52,MODIS,13.71,7.51,2021-12-04 02:00:00
2021-12-05,3,2021,0.58,0.205,30.19,22.71,MODIS,16.74,6.29,2021-12-05 02:00:00
2021-12-06,3,2021,0.575,0.401,29.92,20.08,MODIS,14.99,7.3,2021-12-06 02:00:00
2021-12-07,3,2021,0.566,0.357,29.61,25.51,MODIS,11.07,6.87,2021-12-07 02:00:00
2021-12-08,3,2021,0.588,0.337,30.03,23.62,MODIS,20.09,7.86,2021-12-08 02:00:00
2021-12-09,3,2021,0.609,0.244,28.93,26.03,MODIS,28.62,7.9,2021-12-09 02:00:00
2021-12-10,3,2021,0.569,0.2,29.67,24.61,MODIS,12.46,6.57,2021-12-10 02:00:00
2021-12-11,3,2021,0.584,0.278,29.44,26.64,MODIS,18.34,6.33,2021-12-11 02:00:00
2021-12-12,3,2021,0.576,0.206,29.34,25.03,MODIS,15.34,7.61,2021-12-12 02:00:00
2021-12-13,3,2021,0.579,0.211,29.57,26.45,MODIS,16.2,7.07,2021-12-13 02:00:00
2021-12-14,3,2021,0.557,0.201,31.29,24.87,MODIS,7.47,7.29,2021-12-14 02:00:00
2021-12-15,3,2021,0.558,0.226,29.93,23.75,MODIS,7.88,6.34,2021-12-15 02:00:00
2021-12-16,3,2021,0.583,0.6,29.25,21.5,MODIS,18.05,7.6,2021-12-16 02:00:00
2021-12-17,3,2021,0.571,0.188,29.06,22.82,MODIS,13.11,6.7,2021-12-17 02:00:00
2021-12-18,3,2021,0.552,0.177,29.1,22.2,MODIS,5.66,6.51,2021-12-18 02:00:00
2021-12-19,3,2021,0.566,0.204,29.66,24.17,MODIS,11.14,6.06,2021-12-19 02:00:00
2021-12-20,3,2021,0.578,0.188,29.64,23.21,MODIS,16.08,6.0,2021-12-20 02:00:00
2021-12-21,3,2021,0.556,0.241,29.77,28.06,MODIS,7.03,6.76,2021-12-21 02:00:00
2021-12-22,3,2021,0.591,0.228,28.69,21.76,MODIS,21.11,7.35,2021-12-22 02:00:00
2021-12-23,3,2021,0.558,0.213,29.22,24.97,MODIS,8.13,7.28,2021-12-23 02:00:00
2021-12-24,3,2021,0.583,0.2,30.38,25.35,MODIS,17.83,6.33,2021-12-24 02:00:00
2021-12-25,3,2021,0.579,0.176,29.99,22.98,MODIS,16.45,7.58,2021-12-25 02:00:00
2021-12-26,3,2021,0.576,0.234,29.73,25.93,MODIS,15.16,6.61,2021-12-26 02:00:00
2021-12-27,3,2021,0.591,0.251,30.09,22.57,MODIS,21.2,7.31,2021-12-27 02:00:00
2021-12-28,3,2021,0.549,0.258,30.19,21.18,MODIS,4.34,7.13,2021-12-28 02:00:00
2021-12-29,3,2021,0.55,0.163,29.17,22.42,MODIS,4.79,6.62,2021-12-29 02:00:00
2021-12-30,3,2021,0.58,0.32,31.52,24.61,MODIS,16.8,6.72,2021-12-30 02:00:00
2021-12-31,3,2021,0.58,0.251,28.18,26.57,MODIS,16.8,6.64,2021-12-31 02:00:00
2022-01-01,3,2022,0.751,0.205,25.35,27.41,MODIS,87.58,5.55,2022-01-01 02:00:00
2022-01-02,3,2022,0.779,0.21,26.22,29.43,MODIS,100.0,5.57,2022-01-02 02:00:00
2022-01-03,3,2022,0.738,0.272,26.22,30.63,MODIS,82.19,5.54,2022-01-03 02:00:00
2022-01-04,3,2022,0.756,0.499,26.34,33.71,MODIS,89.77,5.66,2022-01-04 02:00:00
2022-01-05,3,2022,0.748,0.199,26.21,32.9,MODIS,86.47,5.33,2022-01-05 02:00:00
2022-01-06,3,2022,0.756,0.337,24.76,33.31,MODIS,89.98,4.86,2022-01-06 02:00:00
2022-01-07,3,2022,0.757,0.239,26.45,29.29,MODIS,90.55,5.91,2022-01-07 02:00:00
2022-01-08,3,2022,0.75,0.226,25.47,28.43,MODIS,87.41,6.2,2022-01-08 02:00:00
2022-01-09,3,2022,0.759,0.303,25.65,31.89,MODIS,91.25,5.32,2022-01-09 02:00:00
2022-01-10,3,2022,0.752,0.302,26.55,28.62,MODIS,88.12,5.78,2022-01-10 02:00:00
2022-01-11,3,2022,0.747,0.348,26.94,26.93,MODIS,86.04,5.77,2022-01-11 02:00:00
2022-01-12,3,2022,0.777,0.227,27.15,29.27,MODIS,99.31,4.8,2022-01-12 02:00:00
2022-01-13,3,2022,0.752,0.31,26.71,30.03,MODIS,88.36,5.45,2022-01-13 02:00:00
2022-01-14,3,2022,0.719,0.268,25.46,30.32,MODIS,73.81,5.21,2022-01-14 02:00:00
2022-01-15,3,2022,0.755,0.255,25.9,30.56,MODIS,89.59,5.83,2022-01-15 02:00:00
2022-01-16,3,2022,0.761,0.338,25.49,29.28,MODIS,92.13,5.83,2022-01-16 02:00:00
2022-01-17,3,2022,0.74,0.344,25.14,29.82,MODIS,82.71,6.31,2022-01-17 02:00:00
2022-01-18,3,2022,0.744,0.255,26.49,25.23,MODIS,84.8,5.63,2022-01-18 02:00:00
2022-01-19,3,2022,0.738,0.311,25.06,30.37,MODIS,82.19,5.74,2022-01-19 02:00:00
2022-01-20,3,2022,0.743,0.288,26.35,32.93,MODIS,84.03,6.17,2022-01-20 02:00:00
2022-01-21,3,2022,0.758,0.296,26.43,30.9,MODIS,90.63,5.35,2022-01-21 02:00:00
2022-01-22,3,2022,0.736,0.196,25.58,30.09,MODIS,81.17,5.68,2022-01-22 02:00:00
2022-01-23,3,2022,0.742,0.288,26.45,31.13,MODIS,83.86,5.75,2022-01-23 02:00:00
2022-01-24,3,2022,0.736,0.347,26.47,31.74,MODIS,81.12,4.94,2022-01-24 02:00:00
2022-01-25,3,2022,0.729,0.286,25.74,29.93,MODIS,77.94,6.3,2022-01-25 02:00:00
2022-01-26,3,2022,0.731,0.306,26.19,28.1,MODIS,78.81,5.71,2022-01-26 02:00:00
2022-01-27,3,2022,0.748,0.193,26.44,27.61,MODIS,86.33,5.68,2022-01-27 02:00:00
2022-01-28,3,2022,0.704,0.201,26.19,33.42,MODIS,67.01,5.37,2022-01-28 02:00:00
2022-01-29,3,2022,0.753,0.25,26.09,30.43,MODIS,88.77,6.08,2022-01-29 02:00:00
2022-01-30,3,2022,0.72,0.284,27.7,29.9,MODIS,74.33,5.77,2022-01-30 02:00:00
2022-01-31,3,2022,0.726,0.284,25.77,29.12,MODIS,76.71,5.57,2022-01-31 02:00:00
2022-02-01,3,2022,0.727,0.215,25.76,34.26,MODIS,77.2,5.37,2022-02-01 02:00:00
2022-02-02,3,2022,0.729,0.232,26.52,30.95,MODIS,78.3,5.91,2022-02-02 02:00:00
2022-02-03,3,2022,0.7,0.185,26.63,27.39,MODIS,65.53,6.03,2022-02-03 02:00:00
2022-02-04,3,2022,0.741,0.205,25.22,26.71,MODIS,83.33,5.14,2022-02-04 02:00:00
2022-02-05,3,2022,0.753,0.197,26.16,30.44,MODIS,88.81,6.01,2022-02-05 02:00:00
2022-02-06,3,2022,0.714,0.305,25.87,24.89,MODIS,71.61,5.36,2022-02-06 02:00:00
2022-02-07,3,2022,0.746,0.199,26.13,26.34,MODIS,85.56,5.37,2022-02-07 02:00:00
2022-02-08,3,2022,0.731,0.19,26.73,32.99,MODIS,78.91,5.16,2022-02-08 02:00:00
2022-02-09,3,2022,0.729,0.307,26.55,27.82,MODIS,78.22,5.53,2022-02-09 02:00:00
2022-02-10,3,2022,0.739,0.233,26.81,28.87,MODIS,82.62,5.79,2022-02-10 02:00:00
2022-02-11,3,2022,0.705,0.28,26.62,26.29,MODIS,67.63,5.72,2022-02-11 02:00:00
2022-02-12,3,2022,0.712,0.267,26.17,29.56,MODIS,70.81,5.8,2022-02-12 02:00:00
2022-02-13,3,2022,0.749,0.243,26.71,28.96,MODIS,86.84,6.09,2022-02-13 02:00:00
2022-02-14,3,2022,0.729,0.222,26.48,32.61,MODIS,77.97,5.22,2022-02-14 02:00:00
2022-02-15,3,2022,0.744,0.203,26.11,27.74,MODIS,84.86,6.31,2022-02-15 02:00:00
2022-02-16,3,2022,0.717,0.344,26.45,29.91,MODIS,73.01,5.08,2022-02-16 02:00:00
2022-02-17,3,2022,0.768,0.268,27.2,32.31,MODIS,95.37,5.33,2022-02-17 02:00:00
2022-02-18,3,2022,0.704,0.216,26.5,26.44,MODIS,66.97,5.11,2022-02-18 02:00:00
2022-02-19,3,2022,0.725,0.192,25.47,29.19,MODIS,76.57,5.04,2022-02-19 02:00:00
2022-02-20,3,2022,0.733,0.319,27.24,29.78,MODIS,79.7,4.93,2022-02-20 02:00:00
2022-02-21,3,2022,0.722,0.308,26.84,29.11,MODIS,74.86,6.15,2022-02-21 02:00:00
2022-02-22,3,2022,0.704,0.199,26.51,25.53,MODIS,67.12,5.38,2022-02-22 02:00:00
2022-02-23,3,2022,0.716,0.224,27.18,30.82,MODIS,72.6,4.84,2022-02-23 02:00:00
2022-02-24,3,2022,0.719,0.397,26.35,29.24,MODIS,73.61,5.51,2022-02-24 02:00:00
2022-02-25,3,2022,0.716,0.275,26.59,28.34,MODIS,72.64,6.47,2022-02-25 02:00:00
2022-02-26,3,2022,0.727,0.473,26.9,28.49,MODIS,77.28,5.88,2022-02-26 02:00:00
2022-02-27,3,2022,0.708,0.211,26.23,28.14,MODIS,68.93,5.88,2022-02-27 02:00:00
2022-02-28,3,2022,0.728,0.194,25.85,26.19,MODIS,77.72,5.58,2022-02-28 02:00:00
2022-03-01,3,2022,0.741,0.202,26.23,30.05,MODIS,83.37,5.2,2022-03-01 02:00:00
2022-03-02,3,2022,0.703,0.387,27.28,28.33,MODIS,66.76,5.37,2022-03-02 02:00:00
2022-03-03,3,2022,0.729,0.25,26.48,33.92,MODIS,78.03,5.88,2022-03-03 02:00:00
2022-03-04,3,2022,0.727,0.21,27.46,26.92,MODIS,77.23,6.09,2022-03-04 02:00:00
2022-03-05,3,2022,0.694,0.202,27.09,27.61,MODIS,62.66,5.49,2022-03-05 02:00:00
2022-03-06,3,2022,0.721,0.199,26.18,29.29,MODIS,74.7,5.88,2022-03-06 02:00:00
2022-03-07,3,2022,0.714,0.251,25.68,32.74,MODIS,71.33,6.15,2022-03-07 02:00:00
2022-03-08,3,2022,0.712,0.273,27.07,29.49,MODIS,70.67,6.26,2022-03-08 02:00:00
2022-03-09,3,2022,0.715,0.286,25.33,27.56,MODIS,72.19,5.41,2022-03-09 02:00:00
2022-03-10,3,2022,0.708,0.305,27.05,32.44,MODIS,68.96,6.27,2022-03-10 02:00:00
2022-03-11,3,2022,0.734,0.349,27.03,31.31,MODIS,80.2,6.26,2022-03-11 02:00:00
2022-03-12,3,2022,0.725,0.358,26.74,27.8,MODIS,76.44,5.63,2022-03-12 02:00:00
2022-03-13,3,2022,0.722,0.21,25.96,28.8,MODIS,75.13,6.13,2022-03-13 02:00:00
2022-03-14,3,2022,0.702,0.208,27.23,26.49,MODIS,66.46,5.49,2022-03-14 02:00:00
2022-03-15,3,2022,0.736,0.355,27.01,23.38,MODIS,81.05,5.58,2022-03-15 02:00:00
2022-03-16,3,2022,0.697,0.248,26.76,24.38,MODIS,63.99,5.95,2022-03-16 02:00:00
2022-03-17,3,2022,0.711,0.208,26.75,26.62,MODIS,70.22,5.37,2022-03-17 02:00:00
2022-03-18,3,2022,0.719,0.298,27.32,29.1,MODIS,73.89,5.57,2022-03-18 02:00:00
2022-03-19,3,2022,0.694,0.331,27.66,30.8,MODIS,62.9,5.95,2022-03-19 02:00:00
2022-03-20,3,2022,0.704,0.257,25.45,32.05,MODIS,67.3,5.79,2022-03-20 02:00:00
2022-03-21,3,2022,0.714,0.187,27.29,27.54,MODIS,71.54,5.35,2022-03-21 02:00:00
2022-03-22,3,2022,0.699,0.238,25.58,28.66,MODIS,65.2,7.05,2022-03-22 02:00:00
2022-03-23,3,2022,0.74,0.43,27.23,29.23,MODIS,82.97,5.91,2022-03-23 02:00:00
2022-03-24,3,2022,0.725,0.271,27.78,24.69,MODIS,76.41,5.19,2022-03-24 02:00:00
2022-03-25,3,2022,0.707,0.32,27.01,27.68,MODIS,68.57,5.48,2022-03-25 02:00:00
2022-03-26,3,2022,0.715,0.226,27.12,27.28,MODIS,71.86,5.47,2022-03-26 02:00:00
2022-03-27,3,2022,0.709,0.329,26.69,26.92,MODIS,69.25,6.18,2022-03-27 02:00:00
2022-03-28,3,2022,0.704,0.216,28.01,29.44,MODIS,67.32,6.28,2022-03-28 02:00:00
2022-03-29,3,2022,0.709,0.24,25.74,28.36,MODIS,69.56,5.39,2022-03-29 02:00:00
2022-03-30,3,2022,0.71,0.235,27.79,30.19,MODIS,69.59,6.04,2022-03-30 02:00:00
2022-03-31,3,2022,0.715,0.232,26.99,29.62,MODIS,72.13,6.21,2022-03-31 02:00:00
2022-04-01,3,2022,0.672,0.224,27.1,28.87,MODIS,53.1,6.35,2022-04-01 02:00:00
2022-04-02,3,2022,0.703,0.302,28.25,28.68,MODIS,66.76,6.12,2022-04-02 02:00:00
2022-04-03,3,2022,0.706,0.408,26.14,27.83,MODIS,67.85,5.69,2022-04-03 02:00:00
2022-04-04,3,2022,0.716,0.192,28.07,27.71,MODIS,72.62,5.48,2022-04-04 02:00:00
2022-04-05,3,2022,0.7,0.277,26.43,24.01,MODIS,65.55,5.81,2022-04-05 02:00:00
2022-04-06,3,2022,0.716,0.208,27.98,26.36,MODIS,72.34,5.95,2022-04-06 02:00:00
2022-04-07,3,2022,0.699,0.168,27.43,28.58,MODIS,64.9,5.66,2022-04-07 02:00:00
2022-04-08,3,2022,0.721,0.226,25.94,27.87,MODIS,74.44,6.6,2022-04-08 02:00:00
2022-04-09,3,2022,0.683,0.2,26.5,25.87,MODIS,57.8,6.32,2022-04-09 02:00:00
2022-04-10,3,2022,0.716,0.224,28.0,27.98,MODIS,72.35,6.31,2022-04-10 02:00:00
2022-04-11,3,2022,0.708,0.223,25.73,28.37,MODIS,69.03,6.23,2022-04-11 02:00:00
2022-04-12,3,2022,0.68,0.318,27.18,27.12,MODIS,56.72,5.75,2022-04-12 02:00:00
2022-04-13,3,2022,0.695,0.211,27.45,29.45,MODIS,63.39,5.89,2022-04-13 02:00:00
2022-04-14,3,2022,0.661,0.361,27.05,29.16,MODIS,48.46,6.18,2022-04-14 02:00:00
2022-04-15,3,2022,0.691,0.469,27.04,26.41,MODIS,61.51,6.02,2022-04-15 02:00:00
2022-04-16,3,2022,0.684,0.376,26.99,29.19,MODIS,58.47,5.72,2022-04-16 02:00:00
2022-04-17,3,2022,0.693,0.294,26.79,28.16,MODIS,62.32,6.32,2022-04-17 02:00:00
2022-04-18,3,2022,0.69,0.243,26.75,28.96,MODIS,61.27,5.07,2022-04-18 02:00:00
2022-04-19,3,2022,0.725,0.25,28.1,29.82,MODIS,76.28,5.91,2022-04-19 02:00:00
2022-04-20,3,2022,0.702,0.184,27.23,31.73,MODIS,66.43,6.42,2022-04-20 02:00:00
2022-04-21,3,2022,0.682,0.253,26.74,27.22,MODIS,57.75,5.95,2022-04-21 02:00:00
2022-04-22,3,2022,0.701,0.24,26.8,28.66,MODIS,65.84,6.52,2022-04-22 02:00:00
2022-04-23,3,2022,0.709,0.217,27.27,26.45,MODIS,69.23,5.41,2022-04-23 02:00:00
2022-04-24,3,2022,0.72,0.193,27.05,32.51,MODIS,73.98,5.94,2022-04-24 02:00:00
2022-04-25,3,2022,0.676,0.232,27.24,26.78,MODIS,54.76,5.59,2022-04-25 02:00:00
2022-04-26,3,2022,0.696,0.222,27.15,24.66,MODIS,63.51,6.02,2022-04-26 02:00:00
2022-04-27,3,2022,0.724,0.245,27.88,28.27,MODIS,76.04,6.05,2022-04-27 02:00:00
2022-04-28,3,2022,0.709,0.232,27.26,24.83,MODIS,69.52,5.99,2022-04-28 02:00:00
2022-04-29,3,2022,0.696,0.201,28.58,29.27,MODIS,63.84,5.78,2022-04-29 02:00:00
2022-04-30,3,2022,0.694,0.213,28.86,29.56,MODIS,62.62,5.99,2022-04-30 02:00:00
2022-05-01,3,2022,0.698,0.221,27.63,28.56,MODIS,64.58,5.77,2022-05-01 02:00:00
2022-05-02,3,2022,0.711,0.246,26.56,29.07,MODIS,70.06,6.5,2022-05-02 02:00:00
2022-05-03,3,2022,0.693,0.243,28.45,27.98,MODIS,62.26,6.33,2022-05-03 02:00:00
2022-05-04,3,2022,0.692,0.221,27.57,26.54,MODIS,61.93,7.11,2022-05-04 02:00:00
2022-05-05,3,2022,0.687,0.23,27.58,27.92,MODIS,59.62,6.18,2022-05-05 02:00:00
2022-05-06,3,2022,0.667,0.273,26.35,29.5,MODIS,50.93,5.51,2022-05-06 02:00:00
2022-05-07,3,2022,0.683,0.223,26.76,26.65,MODIS,57.78,5.89,2022-05-07 02:00:00
2022-05-08,3,2022,0.68,0.252,27.39,29.18,MODIS,56.62,6.4,2022-05-08 02:00:00
2022-05-09,3,2022,0.672,0.23,27.39,29.19,MODIS,53.02,5.8,2022-05-09 02:00:00
2022-05-10,3,2022,0.675,0.291,26.91,26.02,MODIS,54.62,5.78,2022-05-10 02:00:00
2022-05-11,3,2022,0.656,0.219,27.15,29.12,MODIS,46.26,6.31,2022-05-11 02:00:00
2022-05-12,3,2022,0.687,0.315,26.39,30.11,MODIS,59.96,6.14,2022-05-12 02:00:00
2022-05-13,3,2022,0.668,0.253,27.99,28.63,MODIS,51.43,6.42,2022-05-13 02:00:00
2022-05-14,3,2022,0.689,0.248,28.15,26.24,MODIS,60.48,6.68,2022-05-14 02:00:00
2022-05-15,3,2022,0.68,0.28,27.28,24.74,MODIS,56.86,5.57,2022-05-15 02:00:00
2022-05-16,3,2022,0.695,0.6,27.73,30.3,MODIS,63.27,5.65,2022-05-16 02:00:00
2022-05-17,3,2022,0.667,0.265,27.1,29.15,MODIS,51.15,5.97,2022-05-17 02:00:00
2022-05-18,3,2022,0.691,0.235,27.22,28.9,MODIS,61.38,5.47,2022-05-18 02:00:00
2022-05-19,3,2022,0.693,0.311,27.19,30.85,MODIS,62.19,6.94,2022-05-19 02:00:00
2022-05-20,3,2022,0.67,0.351,26.84,28.86,MODIS,52.44,4.9,2022-05-20 02:00:00
2022-05-21,3,2022,0.672,0.252,27.72,27.82,MODIS,53.39,5.99,2022-05-21 02:00:00
2022-05-22,3,2022,0.657,0.236,27.98,27.95,MODIS,46.79,5.76,2022-05-22 02:00:00
2022-05-23,3,2022,0.682,0.243,27.97,28.53,MODIS,57.41,5.91,2022-05-23 02:00:00
2022-05-24,3,2022,0.686,0.433,27.26,27.53,MODIS,59.36,5.79,2022-05-24 02:00:00
2022-05-25,3,2022,0.671,0.249,26.52,23.02,MODIS,52.74,5.75,2022-05-25 02:00:00
2022-05-26,3,2022,0.682,0.376,27.59,31.76,MODIS,57.6,5.89,2022-05-26 02:00:00
2022-05-27,3,2022,0.687,0.447,28.23,28.59,MODIS,59.79,5.69,2022-05-27 02:00:00
2022-05-28,3,2022,0.686,0.181,27.19,30.14,MODIS,59.22,6.76,2022-05-28 02:00:00
2022-05-29,3,2022,0.69,0.284,28.17,25.66,MODIS,61.15,5.44,2022-05-29 02:00:00
2022-05-30,3,2022,0.687,0.212,27.82,27.63,MODIS,59.6,5.53,2022-05-30 02:00:00
2022-05-31,3,2022,0.662,0.232,28.15,26.61,MODIS,48.88,6.14,2022-05-31 02:00:00
2022-06-01,3,2022,0.688,0.429,28.24,29.81,MODIS,60.21,6.69,2022-06-01 02:00:00
2022-06-02,3,2022,0.668,0.166,28.64,29.08,MODIS,51.27,6.6,2022-06-02 02:00:00
2022-06-03,3,2022,0.693,0.37,28.03,26.64,MODIS,62.38,5.76,2022-06-03 02:00:00
2022-06-04,3,2022,0.668,0.48,26.87,25.91,MODIS,51.43,6.14,2022-06-04 02:00:00
2022-06-05,3,2022,0.686,0.285,27.76,25.2,MODIS,59.28,5.97,2022-06-05 02:00:00
2022-06-06,3,2022,0.676,0.183,27.61,30.95,MODIS,54.79,5.52,2022-06-06 02:00:00
2022-06-07,3,2022,0.675,0.233,28.89,28.03,MODIS,54.28,6.13,2022-06-07 02:00:00
2022-06-08,3,2022,0.69,0.31,27.48,28.49,MODIS,60.92,6.37,2022-06-08 02:00:00
2022-06-09,3,2022,0.66,0.211,27.86,30.12,MODIS,48.06,5.65,2022-06-09 02:00:00
2022-06-10,3,2022,0.695,0.24,27.08,23.99,MODIS,63.07,6.41,2022-06-10 02:00:00
2022-06-11,3,2022,0.666,0.17,28.1,29.62,MODIS,50.67,6.7,2022-06-11 02:00:00
2022-06-12,3,2022,0.663,0.273,27.53,27.81,MODIS,49.31,5.71,2022-06-12 02:00:00
2022-06-13,3,2022,0.683,0.2,28.19,28.5,MODIS,57.86,6.72,2022-06-13 02:00:00
2022-06-14,3,2022,0.659,0.233,29.02,28.43,MODIS,47.47,6.1,2022-06-14 02:00:00
2022-06-15,3,2022,0.661,0.419,26.53,27.24,MODIS,48.36,5.69,2022-06-15 02:00:00
2022-06-16,3,2022,0.686,0.207,28.2,27.68,MODIS,59.17,6.56,2022-06-16 02:00:00
2022-06-17,3,2022,0.68,0.155,28.87,29.57,MODIS,56.53,5.84,2022-06-17 02:00:00
2022-06-18,3,2022,0.664,0.241,27.33,24.85,MODIS,49.82,7.07,2022-06-18 02:00:00
2022-06-19,3,2022,0.676,0.178,29.08,25.47,MODIS,54.97,6.37,2022-06-19 02:00:00
2022-06-20,3,2022,0.648,0.235,27.17,28.67,MODIS,42.53,6.43,2022-06-20 02:00:00
2022-06-21,3,2022,0.685,0.21,28.99,29.69,MODIS,58.7,6.4,2022-06-21 02:00:00
2022-06-22,3,2022,0.688,0.206,27.41,26.26,MODIS,60.29,6.52,2022-06-22 02:00:00
2022-06-23,3,2022,0.668,0.163,27.31,26.93,MODIS,51.56,6.44,2022-06-23 02:00:00
2022-06-24,3,2022,0.66,0.224,26.91,30.06,MODIS,48.01,5.56,2022-06-24 02:00:00
2022-06-25,3,2022,0.665,0.301,27.79,25.5,MODIS,50.16,6.3,2022-06-25 02:00:00
2022-06-26,3,2022,0.649,0.32,27.82,26.68,MODIS,43.25,6.72,2022-06-26 02:00:00
2022-06-27,3,2022,0.668,0.269,26.64,26.16,MODIS,51.52,6.08,2022-06-27 02:00:00
2022-06-28,3,2022,0.667,0.222,27.56,28.61,MODIS,51.07,6.36,2022-06-28 02:00:00
2022-06-29,3,2022,0.647,0.301,27.65,25.64,MODIS,42.25,6.27,2022-06-29 02:00:00
2022-06-30,3,2022,0.667,0.26,27.03,27.86,MODIS,51.12,7.03,2022-06-30 02:00:00
2022-07-01,3,2022,0.631,0.204,28.57,25.51,MODIS,35.36,6.36,2022-07-01 02:00:00
2022-07-02,3,2022,0.669,0.182,28.76,24.76,MODIS,51.74,6.26,2022-07-02 02:00:00
2022-07-03,3,2022,0.652,0.202,27.97,23.7,MODIS,44.34,6.2,2022-07-03 02:00:00
2022-07-04,3,2022,0.69,0.26,27.96,24.13,MODIS,61.02,6.3,2022-07-04 02:00:00
2022-07-05,3,2022,0.669,0.237,28.28,30.21,MODIS,52.08,5.77,2022-07-05 02:00:00
2022-07-06,3,2022,0.631,0.289,28.3,27.87,MODIS,35.35,6.46,2022-07-06 02:00:00
2022-07-07,3,2022,0.679,0.239,27.95,27.91,MODIS,56.16,5.22,2022-07-07 02:00:00
2022-07-08,3,2022,0.631,0.204,27.95,25.06,MODIS,35.38,6.13,2022-07-08 02:00:00
2022-07-09,3,2022,0.639,0.565,27.36,27.6,MODIS,38.58,6.38,2022-07-09 02:00:00
2022-07-10,3,2022,0.652,0.22,30.42,24.98,MODIS,44.36,5.58,2022-07-10 02:00:00
2022-07-11,3,2022,0.655,0.319,28.69,29.91,MODIS,45.86,6.68,2022-07-11 02:00:00
2022-07-12,3,2022,0.652,0.191,28.58,27.49,MODIS,44.61,5.56,2022-07-12 02:00:00
2022-07-13,3,2022,0.673,0.224,28.68,28.83,MODIS,53.42,5.8,2022-07-13 02:00:00
2022-07-14,3,2022,0.658,0.2,28.22,27.11,MODIS,46.91,6.74,2022-07-14 02:00:00
2022-07-15,3,2022,0.628,0.173,27.03,28.07,MODIS,33.75,7.0,2022-07-15 02:00:00
2022-07-16,3,2022,0.659,0.327,27.69,25.98,MODIS,47.55,7.13,2022-07-16 02:00:00
2022-07-17,3,2022,0.668,0.316,29.18,29.51,MODIS,51.55,6.44,2022-07-17 02:00:00
2022-07-18,3,2022,0.671,0.365,27.83,28.23,MODIS,52.69,6.09,2022-07-18 02:00:00
2022-07-19,3,2022,0.63,0.201,27.64,27.31,MODIS,34.9,6.64,2022-07-19 02:00:00
2022-07-20,3,2022,0.653,0.207,28.13,26.15,MODIS,44.91,6.28,2022-07-20 02:00:00
2022-07-21,3,2022,0.651,0.39,28.75,26.5,MODIS,44.1,5.71,2022-07-21 02:00:00
2022-07-22,3,2022,0.634,0.188,28.6,28.55,MODIS,36.44,6.71,2022-07-22 02:00:00
2022-07-23,3,2022,0.626,0.211,27.58,26.3,MODIS,33.18,6.32,2022-07-23 02:00:00
2022-07-24,3,2022,0.647,0.272,28.65,22.73,MODIS,42.13,6.68,2022-07-24 02:00:00
2022-07-25,3,2022,0.642,0.217,27.72,24.76,MODIS,39.94,5.88,2022-07-25 02:00:00
2022-07-26,3,2022,0.641,0.228,29.42,29.04,MODIS,39.52,5.94,2022-07-26 02:00:00
2022-07-27,3,2022,0.606,0.262,27.24,25.23,MODIS,24.23,6.57,2022-07-27 02:00:00
2022-07-28,3,2022,0.633,0.207,28.44,30.06,MODIS,36.34,6.57,2022-07-28 02:00:00
2022-07-29,3,2022,0.634,0.527,28.55,24.82,MODIS,36.41,6.26,2022-07-29 02:00:00
2022-07-30,3,2022,0.636,0.244,28.92,26.24,MODIS,37.47,6.25,2022-07-30 02:00:00
2022-07-31,3,2022,0.65,0.386,28.1,27.48,MODIS,43.75,7.42,2022-07-31 02:00:00
2022-08-01,3,2022,0.658,0.317,29.63,26.61,MODIS,47.01,6.02,2022-08-01 02:00:00
2022-08-02,3,2022,0.659,0.255,28.86,24.9,MODIS,47.36,5.65,2022-08-02 02:00:00
2022-08-03,3,2022,0.652,0.2,28.7,26.75,MODIS,44.29,5.77,2022-08-03 02:00:00
2022-08-04,3,2022,0.656,0.305,27.38,27.78,MODIS,46.11,6.25,2022-08-04 02:00:00
2022-08-05,3,2022,0.632,0.233,28.16,27.3,MODIS,35.61,7.12,2022-08-05 02:00:00
2022-08-06,3,2022,0.634,0.33,27.99,28.58,MODIS,36.63,6.22,2022-08-06 02:00:00
2022-08-07,3,2022,0.665,0.409,27.24,26.45,MODIS,50.29,6.48,2022-08-07 02:00:00
2022-08-08,3,2022,0.648,0.356,28.08,26.59,MODIS,42.54,6.7,2022-08-08 02:00:00
2022-08-09,3,2022,0.631,0.25,29.28,25.11,MODIS,35.36,5.65,2022-08-09 02:00:00
2022-08-10,3,2022,0.633,0.174,29.62,23.74,MODIS,36.02,6.0,2022-08-10 02:00:00
2022-08-11,3,2022,0.643,0.22,28.84,27.13,MODIS,40.63,6.8,2022-08-11 02:00:00
2022-08-12,3,2022,0.649,0.214,27.64,25.08,MODIS,43.16,6.48,2022-08-12 02:00:00
2022-08-13,3,2022,0.623,0.186,28.54,27.76,MODIS,31.59,6.3,2022-08-13 02:00:00
2022-08-14,3,2022,0.632,0.363,27.81,25.53,MODIS,35.67,7.05,2022-08-14 02:00:00
2022-08-15,3,2022,0.639,0.17,29.13,28.23,MODIS,38.81,6.07,2022-08-15 02:00:00
2022-08-16,3,2022,0.632,0.216,28.04,27.47,MODIS,35.56,6.71,2022-08-16 02:00:00
2022-08-17,3,2022,0.636,0.239,28.5,20.84,MODIS,37.51,6.22,2022-08-17 02:00:00
2022-08-18,3,2022,0.632,0.219,28.59,26.42,MODIS,35.8,6.7,2022-08-18 02:00:00
2022-08-19,3,2022,0.614,0.21,29.9,27.48,MODIS,27.64,6.48,2022-08-19 02:00:00
2022-08-20,3,2022,0.652,0.198,27.96,30.15,MODIS,44.56,6.19,2022-08-20 02:00:00
2022-08-21,3,2022,0.624,0.286,28.39,23.43,MODIS,32.0,5.9,2022-08-21 02:00:00
2022-08-22,3,2022,0.641,0.246,29.07,24.7,MODIS,39.7,6.63,2022-08-22 02:00:00
2022-08-23,3,2022,0.641,0.242,28.32,32.24,MODIS,39.8,6.65,2022-08-23 02:00:00
2022-08-24,3,2022,0.63,0.204,28.88,28.04,MODIS,34.91,6.77,2022-08-24 02:00:00
2022-08-25,3,2022,0.629,0.253,27.6,23.91,MODIS,34.33,6.36,2022-08-25 02:00:00
2022-08-26,3,2022,0.605,0.241,28.43,23.2,MODIS,24.09,7.04,2022-08-26 02:00:00
2022-08-27,3,2022,0.662,0.229,27.57,27.43,MODIS,48.78,6.65,2022-08-27 02:00:00
2022-08-28,3,2022,0.633,0.215,27.87,27.4,MODIS,36.2,7.03,2022-08-28 02:00:00
2022-08-29,3,2022,0.608,0.195,28.88,23.98,MODIS,25.16,5.78,2022-08-29 02:00:00
2022-08-30,3,2022,0.627,0.354,28.82,24.31,MODIS,33.55,6.46,2022-08-30 02:00:00
2022-08-31,3,2022,0.604,0.181,28.44,24.19,MODIS,23.4,5.41,2022-08-31 02:00:00
2022-09-01,3,2022,0.629,0.231,28.64,27.99,MODIS,34.48,6.55,2022-09-01 02:00:00
2022-09-02,3,2022,0.653,0.308,28.81,29.42,MODIS,44.74,6.87,2022-09-02 02:00:00
2022-09-03,3,2022,0.593,0.22,28.32,26.27,MODIS,18.49,7.13,2022-09-03 02:00:00
2022-09-04,3,2022,0.631,0.26,28.33,25.82,MODIS,35.36,6.24,2022-09-04 02:00:00
2022-09-05,3,2022,0.644,0.222,29.37,27.51,MODIS,40.87,6.44,2022-09-05 02:00:00
2022-09-06,3,2022,0.637,0.249,29.24,24.26,MODIS,37.95,7.04,2022-09-06 02:00:00
2022-09-07,3,2022,0.62,0.208,30.03,27.54,MODIS,30.24,7.23,2022-09-07 02:00:00
2022-09-08,3,2022,0.64,0.192,28.56,28.8,MODIS,39.07,5.64,2022-09-08 02:00:00
2022-09-09,3,2022,0.61,0.336,29.71,24.9,MODIS,26.16,6.55,2022-09-09 02:00:00
2022-09-10,3,2022,0.621,0.246,28.46,26.07,MODIS,31.04,5.9,2022-09-10 02:00:00
2022-09-11,3,2022,0.604,0.191,28.39,25.95,MODIS,23.58,6.17,2022-09-11 02:00:00
2022-09-12,3,2022,0.621,0.171,29.22,26.28,MODIS,30.99,6.68,2022-09-12 02:00:00
2022-09-13,3,2022,0.628,0.217,28.52,20.23,MODIS,33.94,6.35,2022-09-13 02:00:00
2022-09-14,3,2022,0.62,0.192,29.32,24.13,MODIS,30.56,6.45,2022-09-14 02:00:00
2022-09-15,3,2022,0.607,0.231,28.9,26.16,MODIS,24.73,6.43,2022-09-15 02:00:00
2022-09-16,3,2022,0.585,0.204,27.27,27.76,MODIS,15.07,7.0,2022-09-16 02:00:00
2022-09-17,3,2022,0.64,0.169,28.86,26.14,MODIS,39.31,6.29,2022-09-17 02:00:00
2022-09-18,3,2022,0.624,0.184,28.31,26.43,MODIS,32.23,6.87,2022-09-18 02:00:00
2022-09-19,3,2022,0.624,0.262,29.79,23.77,MODIS,32.09,6.74,2022-09-19 02:00:00
2022-09-20,3,2022,0.606,0.251,29.33,26.33,MODIS,24.42,7.37,2022-09-20 02:00:00
2022-09-21,3,2022,0.633,0.216,29.34,24.09,MODIS,35.92,5.86,2022-09-21 02:00:00
2022-09-22,3,2022,0.629,0.256,28.92,25.77,MODIS,34.25,6.05,2022-09-22 02:00:00
2022-09-23,3,2022,0.668,0.271,28.1,24.66,MODIS,51.57,6.7,2022-09-23 02:00:00
2022-09-24,3,2022,0.631,0.449,29.14,25.87,MODIS,35.32,6.52,2022-09-24 02:00:00
2022-09-25,3,2022,0.617,0.21,28.59,28.25,MODIS,29.13,5.92,2022-09-25 02:00:00
2022-09-26,3,2022,0.639,0.202,28.94,24.0,MODIS,38.87,6.36,2022-09-26 02:00:00
2022-09-27,3,2022,0.63,0.208,28.99,22.86,MODIS,34.95,7.09,2022-09-27 02:00:00
2022-09-28,3,2022,0.593,0.219,27.94,24.55,MODIS,18.63,6.14,2022-09-28 02:00:00
2022-09-29,3,2022,0.611,0.388,28.98,27.18,MODIS,26.73,6.91,2022-09-29 02:00:00
2022-09-30,3,2022,0.602,0.213,29.11,21.96,MODIS,22.46,6.36,2022-09-30 02:00:00
2022-10-01,3,2022,0.617,0.317,30.12,24.44,MODIS,29.03,6.48,2022-10-01 02:00:00
2022-10-02,3,2022,0.622,0.211,29.55,26.87,MODIS,31.53,6.98,2022-10-02 02:00:00
2022-10-03,3,2022,0.605,0.253,29.05,28.55,MODIS,24.01,7.05,2022-10-03 02:00:00
2022-10-04,3,2022,0.623,0.273,29.7,29.89,MODIS,31.74,6.98,2022-10-04 02:00:00
2022-10-05,3,2022,0.623,0.218,29.66,22.24,MODIS,31.59,5.92,2022-10-05 02:00:00
2022-10-06,3,2022,0.605,0.245,29.35,28.89,MODIS,24.06,7.76,2022-10-06 02:00:00
2022-10-07,3,2022,0.624,0.179,30.26,24.1,MODIS,32.06,6.29,2022-10-07 02:00:00
2022-10-08,3,2022,0.592,0.21,29.63,25.67,MODIS,18.05,6.66,2022-10-08 02:00:00
2022-10-09,3,2022,0.626,0.195,28.47,27.73,MODIS,32.98,5.8,2022-10-09 02:00:00
2022-10-10,3,2022,0.6,0.251,27.82,24.54,MODIS,21.7,7.32,2022-10-10 02:00:00
2022-10-11,3,2022,0.634,0.195,31.01,24.99,MODIS,36.49,5.91,2022-10-11 02:00:00
2022-10-12,3,2022,0.588,0.198,29.52,26.68,MODIS,16.48,6.84,2022-10-12 02:00:00
2022-10-13,3,2022,0.594,0.224,27.65,26.08,MODIS,19.01,6.91,2022-10-13 02:00:00
2022-10-14,3,2022,0.618,0.182,28.43,18.83,MODIS,29.53,6.92,2022-10-14 02:00:00
2022-10-15,3,2022,0.618,0.301,29.8,27.72,MODIS,29.61,6.41,2022-10-15 02:00:00
2022-10-16,3,2022,0.627,0.387,28.16,27.34,MODIS,33.6,6.14,2022-10-16 02:00:00
2022-10-17,3,2022,0.611,0.248,30.0,25.26,MODIS,26.33,6.97,2022-10-17 02:00:00
2022-10-18,3,2022,0.616,0.203,29.49,26.79,MODIS,28.8,7.53,2022-10-18 02:00:00
2022-10-19,3,2022,0.599,0.174,29.87,19.5,MODIS,21.35,7.05,2022-10-19 02:00:00
2022-10-20,3,2022,0.612,0.293,29.38,25.27,MODIS,26.9,5.88,2022-10-20 02:00:00
2022-10-21,3,2022,0.62,0.174,28.69,27.42,MODIS,30.47,6.98,2022-10-21 02:00:00
2022-10-22,3,2022,0.624,0.226,29.52,26.49,MODIS,32.2,5.81,2022-10-22 02:00:00
2022-10-23,3,2022,0.621,0.209,28.6,26.8,MODIS,30.69,7.03,2022-10-23 02:00:00
2022-10-24,3,2022,0.622,0.208,29.44,19.63,MODIS,31.22,6.93,2022-10-24 02:00:00
2022-10-25,3,2022,0.588,0.224,29.83,25.58,MODIS,16.47,7.34,2022-10-25 02:00:00
2022-10-26,3,2022,0.614,0.211,30.2,24.94,MODIS,28.04,6.75,2022-10-26 02:00:00
2022-10-27,3,2022,0.599,0.157,28.14,26.05,MODIS,21.13,6.82,2022-10-27 02:00:00
2022-10-28,3,2022,0.605,0.199,29.5,24.97,MODIS,23.98,6.8,2022-10-28 02:00:00
2022-10-29,3,2022,0.606,0.257,29.97,25.34,MODIS,24.49,6.32,2022-10-29 02:00:00
2022-10-30,3,2022,0.611,0.265,28.97,25.33,MODIS,26.3,7.36,2022-10-30 02:00:00
2022-10-31,3,2022,0.582,0.269,29.02,28.26,MODIS,13.65,6.31,2022-10-31 02:00:00
2022-11-01,3,2022,0.608,0.238,29.31,27.81,MODIS,25.12,6.77,2022-11-01 02:00:00
2022-11-02,3,2022,0.604,0.21,30.33,23.65,MODIS,23.5,6.09,2022-11-02 02:00:00
2022-11-03,3,2022,0.571,0.228,29.31,24.58,MODIS,9.23,6.86,2022-11-03 02:00:00
2022-11-04,3,2022,0.577,0.335,27.59,28.81,MODIS,11.77,5.89,2022-11-04 02:00:00
2022-11-05,3,2022,0.609,0.173,30.04,25.11,MODIS,25.62,6.59,2022-11-05 02:00:00
2022-11-06,3,2022,0.594,0.245,29.53,26.61,MODIS,19.01,6.02,2022-11-06 02:00:00
2022-11-07,3,2022,0.581,0.331,29.58,25.67,MODIS,13.53,5.8,2022-11-07 02:00:00
2022-11-08,3,2022,0.628,0.212,30.54,27.7,MODIS,33.83,6.47,2022-11-08 02:00:00
2022-11-09,3,2022,0.591,0.183,29.1,24.96,MODIS,17.85,6.63,2022-11-09 02:00:00
2022-11-10,3,2022,0.576,0.25,29.97,23.87,MODIS,11.32,6.64,2022-11-10 02:00:00
2022-11-11,3,2022,0.595,0.185,29.09,27.68,MODIS,19.46,7.1,2022-11-11 02:00:00
2022-11-12,3,2022,0.588,0.184,30.35,27.35,MODIS,16.5,5.78,2022-11-12 02:00:00
2022-11-13,3,2022,0.6,0.295,29.89,24.27,MODIS,21.91,6.21,2022-11-13 02:00:00
2022-11-14,3,2022,0.597,0.398,28.62,23.48,MODIS,20.57,6.84,2022-11-14 02:00:00
2022-11-15,3,2022,0.598,0.191,29.84,27.03,MODIS,20.88,6.25,2022-11-15 02:00:00
2022-11-16,3,2022,0.61,0.254,29.41,23.13,MODIS,26.26,7.2,2022-11-16 02:00:00
2022-11-17,3,2022,0.587,0.515,30.03,27.15,MODIS,15.94,6.57,2022-11-17 02:00:00
2022-11-18,3,2022,0.568,0.328,29.58,23.83,MODIS,7.59,6.47,2022-11-18 02:00:00
2022-11-19,3,2022,0.576,0.22,29.05,22.01,MODIS,11.34,6.43,2022-11-19 02:00:00
2022-11-20,3,2022,0.586,0.268,29.22,22.44,MODIS,15.39,7.33,2022-11-20 02:00:00
2022-11-21,3,2022,0.578,0.28,30.44,27.06,MODIS,12.28,6.83,2022-11-21 02:00:00
2022-11-22,3,2022,0.59,0.262,28.91,23.3,MODIS,17.33,6.82,2022-11-22 02:00:00
2022-11-23,3,2022,0.592,0.415,29.02,20.04,MODIS,18.41,6.72,2022-11-23 02:00:00
2022-11-24,3,2022,0.589,0.235,30.21,24.9,MODIS,16.71,6.19,2022-11-24 02:00:00
2022-11-25,3,2022,0.596,0.227,29.09,25.6,MODIS,20.09,6.54,2022-11-25 02:00:00
2022-11-26,3,2022,0.611,0.299,29.34,23.5,MODIS,26.43,7.23,2022-11-26 02:00:00
2022-11-27,3,2022,0.615,0.3,30.5,25.81,MODIS,28.21,6.46,2022-11-27 02:00:00
2022-11-28,3,2022,0.584,0.297,30.05,25.59,MODIS,14.8,7.13,2022-11-28 02:00:00
2022-11-29,3,2022,0.597,0.23,29.28,25.35,MODIS,20.34,6.81,2022-11-29 02:00:00
2022-11-30,3,2022,0.578,0.266,29.44,23.06,MODIS,12.04,6.51,2022-11-30 02:00:00
2022-12-01,3,2022,0.585,0.331,29.7,23.7,MODIS,15.03,6.94,2022-12-01 02:00:00
2022-12-02,3,2022,0.585,0.207,30.01,25.82,MODIS,15.11,7.21,2022-12-02 02:00:00
2022-12-03,3,2022,0.59,0.197,29.83,25.23,MODIS,17.24,6.63,2022-12-03 02:00:00
2022-12-04,3,2022,0.567,0.247,30.19,23.93,MODIS,7.17,6.62,2022-12-04 02:00:00
2022-12-05,3,2022,0.594,0.248,29.45,25.61,MODIS,18.88,6.45,2022-12-05 02:00:00
2022-12-06,3,2022,0.588,0.197,30.2,26.73,MODIS,16.37,6.99,2022-12-06 02:00:00
2022-12-07,3,2022,0.596,0.314,29.66,24.86,MODIS,19.88,7.55,2022-12-07 02:00:00
2022-12-08,3,2022,0.58,0.232,30.22,25.11,MODIS,12.9,5.95,2022-12-08 02:00:00
2022-12-09,3,2022,0.597,0.223,30.52,25.83,MODIS,20.38,6.48,2022-12-09 02:00:00
2022-12-10,3,2022,0.6,0.224,29.34,23.8,MODIS,21.56,6.37,2022-12-10 02:00:00
2022-12-11,3,2022,0.589,0.209,29.65,23.13,MODIS,16.77,7.23,2022-12-11 02:00:00
2022-12-12,3,2022,0.584,0.591,29.89,24.72,MODIS,14.57,6.57,2022-12-12 02:00:00
2022-12-13,3,2022,0.569,0.205,28.7,26.81,MODIS,8.29,6.21,2022-12-13 02:00:00
2022-12-14,3,2022,0.588,0.344,30.06,23.39,MODIS,16.61,6.31,2022-12-14 02:00:00
2022-12-15,3,2022,0.55,0.222,30.44,25.13,MODIS,0.0,5.95,2022-12-15 02:00:00
2022-12-16,3,2022,0.554,0.258,30.72,22.99,MODIS,1.44,7.1,2022-12-16 02:00:00
2022-12-17,3,2022,0.578,0.45,28.79,21.14,MODIS,11.93,7.04,2022-12-17 02:00:00
2022-12-18,3,2022,0.587,0.172,29.88,24.64,MODIS,15.87,6.65,2022-12-18 02:00:00
2022-12-19,3,2022,0.591,0.335,29.94,23.34,MODIS,17.69,6.92,2022-12-19 02:00:00
2022-12-20,3,2022,0.572,0.25,28.92,23.14,MODIS,9.67,7.01,2022-12-20 02:00:00
2022-12-21,3,2022,0.586,0.211,29.5,23.15,MODIS,15.43,6.57,2022-12-21 02:00:00
2022-12-22,3,2022,0.573,0.189,29.38,24.09,MODIS,9.82,6.55,2022-12-22 02:00:00
2022-12-23,3,2022,0.569,0.208,29.96,26.76,MODIS,8.08,5.63,2022-12-23 02:00:00
2022-12-24,3,2022,0.614,0.251,29.33,20.88,MODIS,27.71,6.8,2022-12-24 02:00:00
2022-12-25,3,2022,0.572,0.235,29.85,22.68,MODIS,9.25,7.98,2022-12-25 02:00:00
2022-12-26,3,2022,0.59,0.248,30.55,21.62,MODIS,17.44,7.53,2022-12-26 02:00:00
2022-12-27,3,2022,0.552,0.466,28.91,27.05,MODIS,0.76,6.83,2022-12-27 02:00:00
2022-12-28,3,2022,0.566,0.204,30.02,22.64,MODIS,6.64,7.31,2022-12-28 02:00:00
2022-12-29,3,2022,0.571,0.259,29.58,24.37,MODIS,9.1,7.03,2022-12-29 02:00:00
2022-12-30,3,2022,0.563,0.256,31.1,21.62,MODIS,5.6,6.61,2022-12-30 02:00:00
2022-12-31,3,2022,0.569,0.222,30.36,24.92,MODIS,8.37,7.12,2022-12-31 02:00:00
2020-01-02,4,2020,0.764,0.245,25.96,30.11,MODIS,96.87,5.33,2020-01-02 02:00:00
2020-01-03,4,2020,0.771,0.349,25.68,34.08,MODIS,100.0,5.88,2020-01-03 02:00:00
2020-01-04,4,2020,0.744,0.356,25.83,27.69,MODIS,87.99,5.86,2020-01-04 02:00:00
2020-01-05,4,2020,0.73,0.305,25.37,31.42,MODIS,81.54,5.14,2020-01-05 02:00:00
2020-01-06,4,2020,0.757,0.322,25.22,30.19,MODIS,94.05,5.56,2020-01-06 02:00:00
2020-01-07,4,2020,0.753,0.204,26.79,28.01,MODIS,92.26,5.89,2020-01-07 02:00:00
2020-01-08,4,2020,0.733,0.258,25.41,29.91,MODIS,83.27,5.38,2020-01-08 02:00:00
2020-01-09,4,2020,0.724,0.38,26.32,30.21,MODIS,79.03,5.29,2020-01-09 02:00:00
2020-01-10,4,2020,0.744,0.165,25.24,30.29,MODIS,88.05,5.43,2020-01-10 02:00:00
2020-01-11,4,2020,0.742,0.225,26.51,26.29,MODIS,87.22,5.76,2020-01-11 02:00:00
2020-01-12,4,2020,0.704,0.372,26.51,27.93,MODIS,70.18,5.02,2020-01-12 02:00:00
2020-01-13,4,2020,0.755,0.207,26.55,28.4,MODIS,92.76,5.15,2020-01-13 02:00:00
2020-01-14,4,2020,0.738,0.242,25.67,30.06,MODIS,85.21,5.91,2020-01-14 02:00:00
2020-01-15,4,2020,0.719,0.272,26.13,29.18,MODIS,76.83,5.71,2020-01-15 02:00:00
2020-01-16,4,2020,0.74,0.216,26.24,31.61,MODIS,86.32,5.74,2020-01-16 02:00:00
2020-01-17,4,2020,0.751,0.424,26.65,29.62,MODIS,91.21,5.88,2020-01-17 02:00:00
2020-01-18,4,2020,0.753,0.276,26.17,29.1,MODIS,92.0,4.77,2020-01-18 02:00:00
2020-01-19,4,2020,0.741,0.221,26.25,27.97,MODIS,86.72,6.03,2020-01-19 02:00:00
2020-01-20,4,2020,0.715,0.397,26.07,30.99,MODIS,74.77,5.3,2020-01-20 02:00:00
2020-01-21,4,2020,0.745,0.263,26.74,28.18,MODIS,88.47,5.4,2020-01-21 02:00:00
2020-01-22,4,2020,0.746,0.286,27.3,27.6,MODIS,88.95,6.07,2020-01-22 02:00:00
2020-01-23,4,2020,0.713,0.322,26.15,32.63,MODIS,73.99,5.06,2020-01-23 02:00:00
2020-01-24,4,2020,0.723,0.331,26.56,29.53,MODIS,78.55,5.88,2020-01-24 02:00:00
2020-01-25,4,2020,0.741,0.196,25.65,31.16,MODIS,86.51,5.22,2020-01-25 02:00:00
2020-01-26,4,2020,0.752,0.261,26.91,32.87,MODIS,91.5,5.62,2020-01-26 02:00:00
2020-01-27,4,2020,0.719,0.282,25.39,30.95,MODIS,76.54,5.6,2020-01-27 02:00:00
2020-01-28,4,2020,0.734,0.264,26.67,32.58,MODIS,83.7,6.07,2020-01-28 02:00:00
2020-01-29,4,2020,0.725,0.242,26.24,31.46,MODIS,79.33,5.61,2020-01-29 02:00:00
2020-01-30,4,2020,0.725,0.269,27.55,29.17,MODIS,79.37,5.2,2020-01-30 02:00:00
2020-01-31,4,2020,0.747,0.319,26.58,29.15,MODIS,89.34,5.62,2020-01-31 02:00:00
2020-02-01,4,2020,0.753,0.208,26.64,28.1,MODIS,92.02,4.81,2020-02-01 02:00:00
2020-02-02,4,2020,0.752,0.27,26.99,31.1,MODIS,91.67,5.77,2020-02-02 02:00:00
2020-02-03,4,2020,0.734,0.51,26.63,26.55,MODIS,83.7,5.91,2020-02-03 02:00:00
2020-02-04,4,2020,0.701,0.416,26.39,28.2,MODIS,68.47,6.31,2020-02-04 02:00:00
2020-02-05,4,2020,0.739,0.178,26.71,27.93,MODIS,85.76,5.54,2020-02-05 02:00:00
2020-02-06,4,2020,0.764,0.318,26.19,32.82,MODIS,97.01,5.22,2020-02-06 02:00:00
2020-02-07,4,2020,0.747,0.186,26.43,30.46,MODIS,89.2,6.0,2020-02-07 02:00:00
2020-02-08,4,2020,0.766,0.314,26.35,29.4,MODIS,98.0,4.87,2020-02-08 02:00:00
2020-02-09,4,2020,0.743,0.191,26.62,32.02,MODIS,87.44,5.45,2020-02-09 02:00:00
2020-02-10,4,2020,0.761,0.203,26.86,28.44,MODIS,95.66,5.57,2020-02-10 02:00:00
2020-02-11,4,2020,0.747,0.341,25.22,28.87,MODIS,89.16,5.25,2020-02-11 02:00:00
2020-02-12,4,2020,0.734,0.194,26.36,29.58,MODIS,83.37,5.21,2020-02-12 02:00:00
2020-02-13,4,2020,0.715,0.22,25.13,28.53,MODIS,75.12,5.33,2020-02-13 02:00:00
2020-02-14,4,2020,0.727,0.267,26.3,31.45,MODIS,80.49,5.34,2020-02-14 02:00:00
2020-02-15,4,2020,0.715,0.442,25.45,28.13,MODIS,74.77,5.62,2020-02-15 02:00:00
2020-02-16,4,2020,0.726,0.304,26.52,31.82,MODIS,79.85,6.07,2020-02-16 02:00:00
2020-02-17,4,2020,0.747,0.22,26.75,30.91,MODIS,89.2,6.12,2020-02-17 02:00:00
2020-02-18,4,2020,0.707,0.192,26.97,31.41,MODIS,71.21,5.3,2020-02-18 02:00:00
2020-02-19,4,2020,0.704,0.315,28.15,31.98,MODIS,69.88,5.66,2020-02-19 02:00:00
2020-02-20,4,2020,0.712,0.308,26.48,28.49,MODIS,73.8,5.56,2020-02-20 02:00:00
2020-02-21,4,2020,0.745,0.308,24.67,32.5,MODIS,88.57,5.57,2020-02-21 02:00:00
2020-02-22,4,2020,0.744,0.252,26.13,28.98,MODIS,87.85,5.77,2020-02-22 02:00:00
2020-02-23,4,2020,0.704,0.257,27.38,30.82,MODIS,69.95,5.73,2020-02-23 02:00:00
2020-02-24,4,2020,0.708,0.197,25.72,27.8,MODIS,71.94,5.41,2020-02-24 02:00:00
2020-02-25,4,2020,0.719,0.251,26.73,31.62,MODIS,76.75,4.99,2020-02-25 02:00:00
2020-02-26,4,2020,0.729,0.21,26.45,29.35,MODIS,81.35,6.24,2020-02-26 02:00:00
2020-02-27,4,2020,0.729,0.212,25.92,28.36,MODIS,81.44,6.04,2020-02-27 02:00:00
2020-02-28,4,2020,0.714,0.227,27.3,31.49,MODIS,74.56,6.13,2020-02-28 02:00:00
2020-02-29,4,2020,0.723,0.313,28.2,25.74,MODIS,78.68,5.45,2020-02-29 02:00:00
2020-03-01,4,2020,0.728,0.288,24.31,30.16,MODIS,80.89,5.73,2020-03-01 02:00:00
2020-03-02,4,2020,0.712,0.316,25.27,28.13,MODIS,73.58,5.44,2020-03-02 02:00:00
2020-03-03,4,2020,0.713,0.207,26.78,27.23,MODIS,74.23,5.13,2020-03-03 02:00:00
2020-03-04,4,2020,0.708,0.243,27.49,34.28,MODIS,71.74,5.56,2020-03-04 02:00:00
2020-03-05,4,2020,0.728,0.277,28.11,24.28,MODIS,80.7,5.2,2020-03-05 02:00:00
2020-03-06,4,2020,0.705,0.21,26.8,35.62,MODIS,70.56,6.78,2020-03-06 02:00:00
2020-03-07,4,2020,0.712,0.213,27.35,28.24,MODIS,73.49,5.04,2020-03-07 02:00:00
2020-03-08,4,2020,0.707,0.353,25.6,26.51,MODIS,71.2,5.44,2020-03-08 02:00:00
2020-03-09,4,2020,0.682,0.159,26.24,27.9,MODIS,60.02,5.5,2020-03-09 02:00:00
2020-03-10,4,2020,0.723,0.236,27.09,24.45,MODIS,78.65,5.62,2020-03-10 02:00:00
2020-03-11,4,2020,0.694,0.21,26.85,29.23,MODIS,65.54,5.52,2020-03-11 02:00:00
2020-03-12,4,2020,0.707,0.228,27.25,28.32,MODIS,71.18,6.55,2020-03-12 02:00:00
2020-03-13,4,2020,0.689,0.216,28.39,31.05,MODIS,63.06,6.22,2020-03-13 02:00:00
2020-03-14,4,2020,0.729,0.184,27.14,29.15,MODIS,81.32,5.94,2020-03-14 02:00:00
2020-03-15,4,2020,0.709,0.388,27.66,32.14,MODIS,72.46,5.8,2020-03-15 02:00:00
2020-03-16,4,2020,0.705,0.322,26.64,29.44,MODIS,70.31,5.53,2020-03-16 02:00:00
2020-03-17,4,2020,0.739,0.217,25.28,28.83,MODIS,85.66,6.55,2020-03-17 02:00:00
2020-03-18,4,2020,0.716,0.24,27.21,27.52,MODIS,75.62,6.07,2020-03-18 02:00:00
2020-03-19,4,2020,0.711,0.202,27.9,30.52,MODIS,73.09,6.3,2020-03-19 02:00:00
2020-03-20,4,2020,0.723,0.248,26.57,28.34,MODIS,78.41,5.54,2020-03-20 02:00:00
2020-03-21,4,2020,0.718,0.269,27.42,28.81,MODIS,76.22,6.0,2020-03-21 02:00:00
2020-03-22,4,2020,0.712,0.208,27.23,28.69,MODIS,73.39,6.28,2020-03-22 02:00:00
2020-03-23,4,2020,0.731,0.48,26.3,27.0,MODIS,82.32,6.14,2020-03-23 02:00:00
2020-03-24,4,2020,0.712,0.242,27.59,27.15,MODIS,73.54,5.3,2020-03-24 02:00:00
2020-03-25,4,2020,0.699,0.353,26.5,31.42,MODIS,67.89,5.78,2020-03-25 02:00:00
2020-03-26,4,2020,0.71,0.198,27.1,30.34,MODIS,72.69,6.08,2020-03-26 02:00:00
2020-03-27,4,2020,0.709,0.282,25.93,30.18,MODIS,72.33,5.39,2020-03-27 02:00:00
2020-03-28,4,2020,0.686,0.229,25.96,29.09,MODIS,61.94,5.28,2020-03-28 02:00:00
2020-03-29,4,2020,0.703,0.225,27.29,23.09,MODIS,69.49,5.26,2020-03-29 02:00:00
2020-03-30,4,2020,0.718,0.197,25.53,27.03,MODIS,76.13,6.07,2020-03-30 02:00:00
2020-03-31,4,2020,0.72,0.273,28.08,26.56,MODIS,77.33,7.15,2020-03-31 02:00:00
2020-04-01,4,2020,0.717,0.249,26.49,31.09,MODIS,75.81,6.37,2020-04-01 02:00:00
2020-04-02,4,2020,0.714,0.427,27.22,26.26,MODIS,74.5,5.85,2020-04-02 02:00:00
2020-04-03,4,2020,0.716,0.219,27.04,30.01,MODIS,75.28,5.53,2020-04-03 02:00:00
2020-04-04,4,2020,0.691,0.342,26.85,25.58,MODIS,64.12,5.91,2020-04-04 02:00:00
2020-04-05,4,2020,0.683,0.286,28.26,31.83,MODIS,60.69,6.13,2020-04-05 02:00:00
2020-04-06,4,2020,0.667,0.283,27.19,32.49,MODIS,53.53,5.51,2020-04-06 02:00:00
2020-04-07,4,2020,0.7,0.427,28.56,26.96,MODIS,68.3,5.47,2020-04-07 02:00:00
2020-04-08,4,2020,0.707,0.342,26.4,28.94,MODIS,71.38,6.09,2020-04-08 02:00:00
2020-04-09,4,2020,0.69,0.248,27.25,28.86,MODIS,63.91,5.75,2020-04-09 02:00:00
2020-04-10,4,2020,0.706,0.215,28.31,28.07,MODIS,70.69,6.21,2020-04-10 02:00:00
2020-04-11,4,2020,0.714,0.211,26.78,25.5,MODIS,74.58,6.7,2020-04-11 02:00:00
2020-04-12,4,2020,0.713,0.377,26.84,29.07,MODIS,74.0,5.57,2020-04-12 02:00:00
2020-04-13,4,2020,0.707,0.213,25.5,29.87,MODIS,71.41,6.25,2020-04-13 02:00:00
2020-04-14,4,2020,0.675,0.35,27.04,27.42,MODIS,56.96,5.66,2020-04-14 02:00:00
2020-04-15,4,2020,0.704,0.244,26.5,28.5,MODIS,70.1,6.0,2020-04-15 02:00:00
2020-04-16,4,2020,0.695,0.196,27.64,29.01,MODIS,65.82,5.57,2020-04-16 02:00:00
2020-04-17,4,2020,0.694,0.195,26.42,26.52,MODIS,65.39,5.7,2020-04-17 02:00:00
2020-04-18,4,2020,0.698,0.212,27.53,23.97,MODIS,67.32,5.62,2020-04-18 02:00:00
2020-04-19,4,2020,0.688,0.238,27.8,24.63,MODIS,62.67,5.92,2020-04-19 02:00:00
2020-04-20,4,2020,0.724,0.351,25.85,29.24,MODIS,79.0,4.98,2020-04-20 02:00:00
2020-04-21,4,2020,0.701,0.2,27.52,28.68,MODIS,68.87,5.69,2020-04-21 02:00:00
2020-04-22,4,2020,0.705,0.219,26.76,30.45,MODIS,70.27,5.85,2020-04-22 02:00:00
2020-04-23,4,2020,0.681,0.235,27.53,27.42,MODIS,59.74,5.89,2020-04-23 02:00:00
2020-04-24,4,2020,0.691,0.252,26.86,28.95,MODIS,64.29,6.14,2020-04-24 02:00:00
2020-04-25,4,2020,0.675,0.247,27.92,29.5,MODIS,56.97,6.04,2020-04-25 02:00:00
2020-04-26,4,2020,0.694,0.371,27.36,28.74,MODIS,65.68,6.63,2020-04-26 02:00:00
2020-04-27,4,2020,0.732,0.401,27.87,29.25,MODIS,82.5,5.21,2020-04-27 02:00:00
2020-04-28,4,2020,0.698,0.278,27.83,27.6,MODIS,67.24,5.32,2020-04-28 02:00:00
2020-04-29,4,2020,0.689,0.201,26.23,25.4,MODIS,63.44,5.6,2020-04-29 02:00:00
2020-04-30,4,2020,0.68,0.155,28.03,26.26,MODIS,59.04,6.08,2020-04-30 02:00:00
2020-05-01,4,2020,0.672,0.344,27.45,25.51,MODIS,55.44,6.58,2020-05-01 02:00:00
2020-05-02,4,2020,0.712,0.39,27.25,26.17,MODIS,73.44,6.52,2020-05-02 02:00:00
2020-05-03,4,2020,0.716,0.2,28.65,28.86,MODIS,75.33,5.76,2020-05-03 02:00:00
2020-05-04,4,2020,0.687,0.208,28.11,26.47,MODIS,62.4,5.25,2020-05-04 02:00:00
2020-05-05,4,2020,0.709,0.248,27.35,26.29,MODIS,72.22,6.76,2020-05-05 02:00:00
2020-05-06,4,2020,0.692,0.328,26.37,27.75,MODIS,64.51,6.43,2020-05-06 02:00:00
2020-05-07,4,2020,0.686,0.221,26.89,25.73,MODIS,61.93,5.4,2020-05-07 02:00:00
2020-05-08,4,2020,0.684,0.196,26.98,25.92,MODIS,61.22,6.46,2020-05-08 02:00:00
2020-05-09,4,2020,0.658,0.253,27.48,28.66,MODIS,49.52,6.21,2020-05-09 02:00:00
2020-05-10,4,2020,0.691,0.191,27.33,30.18,MODIS,64.04,5.93,2020-05-10 02:00:00
2020-05-11,4,2020,0.709,0.227,26.69,25.96,MODIS,72.24,6.23,2020-05-11 02:00:00
2020-05-12,4,2020,0.687,0.284,26.99,31.02,MODIS,62.17,6.72,2020-05-12 02:00:00
2020-05-13,4,2020,0.674,0.325,28.04,29.53,MODIS,56.6,5.69,2020-05-13 02:00:00
2020-05-14,4,2020,0.697,0.21,26.73,32.99,MODIS,66.97,6.33,2020-05-14 02:00:00
2020-05-15,4,2020,0.7,0.239,27.68,26.84,MODIS,68.26,6.74,2020-05-15 02:00:00
2020-05-16,4,2020,0.668,0.237,26.66,26.33,MODIS,53.71,6.09,2020-05-16 02:00:00
2020-05-17,4,2020,0.689,0.253,27.68,25.29,MODIS,63.22,5.84,2020-05-17 02:00:00
2020-05-18,4,2020,0.67,0.255,27.28,28.6,MODIS,54.6,6.69,2020-05-18 02:00:00
2020-05-19,4,2020,0.67,0.156,26.52,28.65,MODIS,54.93,5.51,2020-05-19 02:00:00
2020-05-20,4,2020,0.669,0.261,27.12,27.83,MODIS,54.24,6.13,2020-05-20 02:00:00
2020-05-21,4,2020,0.712,0.289,28.48,29.05,MODIS,73.59,6.42,2020-05-21 02:00:00
2020-05-22,4,2020,0.658,0.229,27.76,27.3,MODIS,49.39,5.94,2020-05-22 02:00:00
2020-05-23,4,2020,0.662,0.171,26.6,28.9,MODIS,51.01,6.0,2020-05-23 02:00:00
2020-05-24,4,2020,0.655,0.175,27.49,26.58,MODIS,48.03,6.14,2020-05-24 02:00:00
2020-05-25,4,2020,0.679,0.311,27.42,28.69,MODIS,58.78,6.06,2020-05-25 02:00:00
2020-05-26,4,2020,0.651,0.211,28.79,26.25,MODIS,46.17,6.1,2020-05-26 02:00:00
2020-05-27,4,2020,0.693,0.322,28.75,27.43,MODIS,65.04,6.19,2020-05-27 02:00:00
2020-05-28,4,2020,0.686,0.262,27.13,26.33,MODIS,62.12,5.7,2020-05-28 02:00:00
2020-05-29,4,2020,0.686,0.404,28.68,28.39,MODIS,61.69,5.68,2020-05-29 02:00:00
2020-05-30,4,2020,0.649,0.363,27.96,27.5,MODIS,45.41,5.35,2020-05-30 02:00:00
2020-05-31,4,2020,0.673,0.244,27.49,28.4,MODIS,55.94,5.82,2020-05-31 02:00:00
2020-06-01,4,2020,0.679,0.303,28.29,25.29,MODIS,58.82,5.66,2020-06-01 02:00:00
2020-06-02,4,2020,0.642,0.207,27.6,26.04,MODIS,42.02,5.54,2020-06-02 02:00:00
2020-06-03,4,2020,0.69,0.186,26.12,26.23,MODIS,63.69,5.79,2020-06-03 02:00:00
2020-06-04,4,2020,0.681,0.2,28.77,28.8,MODIS,59.53,6.09,2020-06-04 02:00:00
2020-06-05,4,2020,0.664,0.18,28.84,28.35,MODIS,52.12,5.35,2020-06-05 02:00:00
2020-06-06,4,2020,0.667,0.526,28.65,29.18,MODIS,53.32,5.7,2020-06-06 02:00:00
2020-06-07,4,2020,0.668,0.187,28.26,26.96,MODIS,53.78,5.75,2020-06-07 02:00:00
2020-06-08,4,2020,0.675,0.233,28.12,27.55,MODIS,56.98,6.76,2020-06-08 02:00:00
2020-06-09,4,2020,0.647,0.187,28.05,23.43,MODIS,44.56,5.98,2020-06-09 02:00:00
2020-06-10,4,2020,0.693,0.223,27.42,29.97,MODIS,64.9,5.29,2020-06-10 02:00:00
2020-06-11,4,2020,0.669,0.235,27.26,25.6,MODIS,54.4,6.36,2020-06-11 02:00:00
2020-06-12,4,2020,0.657,0.316,29.2,25.03,MODIS,49.07,6.24,2020-06-12 02:00:00
2020-06-13,4,2020,0.679,0.223,27.43,28.43,MODIS,58.85,6.44,2020-06-13 02:00:00
2020-06-14,4,2020,0.67,0.197,26.72,24.4,MODIS,54.73,6.24,2020-06-14 02:00:00
2020-06-15,4,2020,0.645,0.244,26.76,30.13,MODIS,43.33,6.79,2020-06-15 02:00:00
2020-06-16,4,2020,0.685,0.412,27.53,30.82,MODIS,61.48,5.98,2020-06-16 02:00:00
2020-06-17,4,2020,0.678,0.164,27.02,28.31,MODIS,58.24,6.36,2020-06-17 02:00:00
2020-06-18,4,2020,0.663,0.203,27.79,28.17,MODIS,51.55,6.4,2020-06-18 02:00:00
2020-06-19,4,2020,0.64,0.241,28.09,25.16,MODIS,41.26,5.73,2020-06-19 02:00:00
2020-06-20,4,2020,0.683,0.392,28.74,27.6,MODIS,60.5,6.13,2020-06-20 02:00:00
2020-06-21,4,2020,0.67,0.207,27.9,30.84,MODIS,54.62,6.19,2020-06-21 02:00:00
2020-06-22,4,2020,0.674,0.6,27.85,26.31,MODIS,56.44,6.25,2020-06-22 02:00:00
2020-06-23,4,2020,0.662,0.221,28.2,28.34,MODIS,51.04,6.39,2020-06-23 02:00:00
2020-06-24,4,2020,0.637,0.214,26.41,29.23,MODIS,39.89,6.92,2020-06-24 02:00:00
2020-06-25,4,2020,0.671,0.201,28.31,29.27,MODIS,55.23,6.45,2020-06-25 02:00:00
2020-06-26,4,2020,0.665,0.261,28.71,27.35,MODIS,52.53,5.34,2020-06-26 02:00:00
2020-06-27,4,2020,0.673,0.214,27.89,22.56,MODIS,56.16,6.41,2020-06-27 02:00:00
2020-06-28,4,2020,0.634,0.225,27.79,27.78,MODIS,38.52,6.58,2020-06-28 02:00:00
2020-06-29,4,2020,0.679,0.242,26.68,26.26,MODIS,58.88,6.7,2020-06-29 02:00:00
2020-06-30,4,2020,0.669,0.208,28.93,25.17,MODIS,54.18,6.07,2020-06-30 02:00:00
2020-07-01,4,2020,0.653,0.229,29.49,31.99,MODIS,47.14,5.92,2020-07-01 02:00:00
2020-07-02,4,2020,0.638,0.258,27.74,25.72,MODIS,40.34,5.83,2020-07-02 02:00:00
2020-07-03,4,2020,0.657,0.218,28.51,26.49,MODIS,48.89,5.68,2020-07-03 02:00:00
2020-07-04,4,2020,0.66,0.206,27.34,25.14,MODIS,50.17,6.49,2020-07-04 02:00:00
2020-07-05,4,2020,0.653,0.326,27.87,28.0,MODIS,46.91,6.52,2020-07-05 02:00:00
2020-07-06,4,2020,0.674,0.162,27.88,27.06,MODIS,56.65,5.64,2020-07-06 02:00:00
2020-07-07,4,2020,0.639,0.223,28.02,28.75,MODIS,40.7,6.52,2020-07-07 02:00:00
2020-07-08,4,2020,0.632,0.212,27.48,26.94,MODIS,37.72,5.83,2020-07-08 02:00:00
2020-07-09,4,2020,0.651,0.258,28.12,22.26,MODIS,46.14,6.89,2020-07-09 02:00:00
2020-07-10,4,2020,0.652,0.187,28.6,32.56,MODIS,46.58,5.72,2020-07-10 02:00:00
2020-07-11,4,2020,0.644,0.253,28.29,26.61,MODIS,42.82,6.7,2020-07-11 02:00:00
2020-07-12,4,2020,0.637,0.414,28.72,23.56,MODIS,39.89,5.65,2020-07-12 02:00:00
2020-07-13,4,2020,0.628,0.191,27.41,27.42,MODIS,35.89,6.67,2020-07-13 02:00:00
2020-07-14,4,2020,0.639,0.257,28.65,25.83,MODIS,40.94,6.34,2020-07-14 02:00:00
2020-07-15,4,2020,0.657,0.255,29.17,30.21,MODIS,48.66,6.14,2020-07-15 02:00:00
2020-07-16,4,2020,0.63,0.228,28.63,30.57,MODIS,36.52,6.95,2020-07-16 02:00:00
2020-07-17,4,2020,0.633,0.315,26.8,30.03,MODIS,38.27,6.21,2020-07-17 02:00:00
2020-07-18,4,2020,0.624,0.213,28.09,26.62,MODIS,34.16,5.81,2020-07-18 02:00:00
2020-07-19,4,2020,0.663,0.217,27.59,25.04,MODIS,51.74,6.64,2020-07-19 02:00:00
2020-07-20,4,2020,0.642,0.196,29.55,26.21,MODIS,42.0,6.2,2020-07-20 02:00:00
2020-07-21,4,2020,0.667,0.263,26.69,27.94,MODIS,53.42,6.23,2020-07-21 02:00:00
2020-07-22,4,2020,0.642,0.357,26.84,27.53,MODIS,42.2,5.69,2020-07-22 02:00:00
2020-07-23,4,2020,0.69,0.507,27.51,23.18,MODIS,63.8,6.59,2020-07-23 02:00:00
2020-07-24,4,2020,0.631,0.203,27.81,24.17,MODIS,37.3,5.62,2020-07-24 02:00:00
2020-07-25,4,2020,0.616,0.299,30.2,27.81,MODIS,30.23,5.56,2020-07-25 02:00:00
2020-07-26,4,2020,0.627,0.279,28.28,26.58,MODIS,35.34,5.85,2020-07-26 02:00:00
2020-07-27,4,2020,0.662,0.241,28.03,26.36,MODIS,50.92,6.89,2020-07-27 02:00:00
2020-07-28,4,2020,0.619,0.346,27.02,25.06,MODIS,31.54,6.38,2020-07-28 02:00:00
2020-07-29,4,2020,0.642,0.217,27.42,25.69,MODIS,42.25,6.18,2020-07-29 02:00:00
2020-07-30,4,2020,0.624,0.189,28.55,24.09,MODIS,34.04,6.58,2020-07-30 02:00:00
2020-07-31,4,2020,0.627,0.201,28.27,26.03,MODIS,35.34,5.82,2020-07-31 02:00:00
2020-08-01,4,2020,0.629,0.26,28.74,28.51,MODIS,36.27,6.36,2020-08-01 02:00:00
2020-08-02,4,2020,0.653,0.213,28.55,24.5,MODIS,46.98,6.06,2020-08-02 02:00:00
2020-08-03,4,2020,0.648,0.21,29.6,26.13,MODIS,45.02,5.3,2020-08-03 02:00:00
2020-08-04,4,2020,0.664,0.366,28.89,26.29,MODIS,52.06,6.39,2020-08-04 02:00:00
2020-08-05,4,2020,0.639,0.264,27.95,27.48,MODIS,40.67,6.12,2020-08-05 02:00:00
2020-08-06,4,2020,0.634,0.19,28.51,25.88,MODIS,38.69,6.12,2020-08-06 02:00:00
2020-08-07,4,2020,0.667,0.198,28.26,26.59,MODIS,53.3,6.69,2020-08-07 02:00:00
2020-08-08,4,2020,0.656,0.275,28.68,25.63,MODIS,48.24,6.3,2020-08-08 02:00:00
2020-08-09,4,2020,0.676,0.265,28.7,29.88,MODIS,57.29,6.13,2020-08-09 02:00:00
2020-08-10,4,2020,0.631,0.21,28.63,23.38,MODIS,37.23,6.09,2020-08-10 02:00:00
2020-08-11,4,2020,0.644,0.183,29.38,25.74,MODIS,42.85,6.04,2020-08-11 02:00:00
2020-08-12,4,2020,0.649,0.289,29.27,25.77,MODIS,45.06,6.43,2020-08-12 02:00:00
2020-08-13,4,2020,0.624,0.19,28.35,26.44,MODIS,34.11,6.75,2020-08-13 02:00:00
2020-08-14,4,2020,0.607,0.2,29.25,25.79,MODIS,26.34,7.87,2020-08-14 02:00:00
2020-08-15,4,2020,0.641,0.224,29.65,27.82,MODIS,41.83,6.17,2020-08-15 02:00:00
2020-08-16,4,2020,0.645,0.259,28.98,26.47,MODIS,43.51,6.7,2020-08-16 02:00:00
2020-08-17,4,2020,0.62,0.184,29.8,27.13,MODIS,32.15,6.29,2020-08-17 02:00:00
2020-08-18,4,2020,0.639,0.207,27.69,24.54,MODIS,40.82,5.69,2020-08-18 02:00:00
2020-08-19,4,2020,0.647,0.205,28.5,25.93,MODIS,44.24,7.12,2020-08-19 02:00:00
2020-08-20,4,2020,0.682,0.196,28.56,24.28,MODIS,60.09,5.7,2020-08-20 02:00:00
2020-08-21,4,2020,0.648,0.435,27.4,29.34,MODIS,44.87,5.98,2020-08-21 02:00:00
2020-08-22,4,2020,0.626,0.196,27.98,26.32,MODIS,34.98,6.09,2020-08-22 02:00:00
2020-08-23,4,2020,0.657,0.217,28.73,25.27,MODIS,48.9,7.32,2020-08-23 02:00:00
2020-08-24,4,2020,0.637,0.209,28.0,26.78,MODIS,39.91,7.18,2020-08-24 02:00:00
2020-08-25,4,2020,0.621,0.204,28.95,27.25,MODIS,32.48,5.87,2020-08-25 02:00:00
2020-08-26,4,2020,0.63,0.191,29.03,23.64,MODIS,36.6,6.57,2020-08-26 02:00:00
2020-08-27,4,2020,0.659,0.196,27.91,26.59,MODIS,49.68,6.56,2020-08-27 02:00:00
2020-08-28,4,2020,0.641,0.337,27.88,27.39,MODIS,41.48,6.11,2020-08-28 02:00:00
2020-08-29,4,2020,0.637,0.227,29.17,24.06,MODIS,40.0,6.66,2020-08-29 02:00:00
2020-08-30,4,2020,0.611,0.222,28.46,25.97,MODIS,28.37,6.31,2020-08-30 02:00:00
2020-08-31,4,2020,0.65,0.17,28.85,28.15,MODIS,45.49,6.31,2020-08-31 02:00:00
2020-09-01,4,2020,0.604,0.196,28.85,27.57,MODIS,25.18,6.86,2020-09-01 02:00:00
2020-09-02,4,2020,0.597,0.216,27.06,23.82,MODIS,21.99,6.95,2020-09-02 02:00:00
2020-09-03,4,2020,0.657,0.16,28.71,24.15,MODIS,48.73,6.18,2020-09-03 02:00:00
2020-09-04,4,2020,0.616,0.279,28.83,28.76,MODIS,30.24,5.79,2020-09-04 02:00:00
2020-09-05,4,2020,0.624,0.193,29.42,26.65,MODIS,33.87,6.19,2020-09-05 02:00:00
2020-09-06,4,2020,0.63,0.241,28.6,24.11,MODIS,36.7,6.42,2020-09-06 02:00:00
2020-09-07,4,2020,0.641,0.342,29.02,26.66,MODIS,41.83,6.66,2020-09-07 02:00:00
2020-09-08,4,2020,0.605,0.268,30.14,24.37,MODIS,25.34,6.2,2020-09-08 02:00:00
2020-09-09,4,2020,0.626,0.303,28.72,26.31,MODIS,34.83,6.51,2020-09-09 02:00:00
2020-09-10,4,2020,0.617,0.196,28.56,29.65,MODIS,30.84,5.83,2020-09-10 02:00:00
2020-09-11,4,2020,0.608,0.194,29.63,22.3,MODIS,26.84,6.39,2020-09-11 02:00:00
2020-09-12,4,2020,0.645,0.198,28.88,27.03,MODIS,43.63,7.2,2020-09-12 02:00:00
2020-09-13,4,2020,0.625,0.315,28.37,28.03,MODIS,34.55,6.44,2020-09-13 02:00:00
2020-09-14,4,2020,0.619,0.205,28.51,24.94,MODIS,31.82,6.23,2020-09-14 02:00:00
2020-09-15,4,2020,0.626,0.208,28.7,27.17,MODIS,35.02,6.36,2020-09-15 02:00:00
2020-09-16,4,2020,0.602,0.201,28.84,26.46,MODIS,24.23,6.56,2020-09-16 02:00:00
2020-09-17,4,2020,0.618,0.186,29.93,23.87,MODIS,31.25,6.61,2020-09-17 02:00:00
2020-09-18,4,2020,0.619,0.197,29.72,27.47,MODIS,31.92,6.29,2020-09-18 02:00:00
2020-09-19,4,2020,0.636,0.241,28.54,26.68,MODIS,39.34,6.76,2020-09-19 02:00:00
2020-09-20,4,2020,0.642,0.195,28.86,23.88,MODIS,41.94,6.57,2020-09-20 02:00:00
2020-09-21,4,2020,0.599,0.252,29.61,25.28,MODIS,22.95,7.19,2020-09-21 02:00:00
2020-09-22,4,2020,0.619,0.316,28.09,26.19,MODIS,31.86,6.52,2020-09-22 02:00:00
2020-09-23,4,2020,0.616,0.198,29.71,25.93,MODIS,30.29,5.64,2020-09-23 02:00:00
2020-09-24,4,2020,0.625,0.215,29.11,26.51,MODIS,34.65,6.56,2020-09-24 02:00:00
2020-09-25,4,2020,0.614,0.204,30.24,24.43,MODIS,29.46,6.08,2020-09-25 02:00:00
2020-09-26,4,2020,0.613,0.215,29.56,26.09,MODIS,28.93,5.71,2020-09-26 02:00:00
2020-09-27,4,2020,0.609,0.464,28.82,21.68,MODIS,27.38,6.92,2020-09-27 02:00:00
2020-09-28,4,2020,0.624,0.238,29.05,27.47,MODIS,34.05,6.66,2020-09-28 02:00:00
2020-09-29,4,2020,0.591,0.198,29.21,29.17,MODIS,19.12,6.63,2020-09-29 02:00:00
2020-09-30,4,2020,0.624,0.195,28.91,27.7,MODIS,34.13,6.3,2020-09-30 02:00:00
2020-10-01,4,2020,0.606,0.235,29.59,26.76,MODIS,25.88,6.45,2020-10-01 02:00:00
2020-10-02,4,2020,0.618,0.277,28.98,25.97,MODIS,31.28,6.22,2020-10-02 02:00:00
2020-10-03,4,2020,0.611,0.189,29.38,24.83,MODIS,28.23,6.68,2020-10-03 02:00:00
2020-10-04,4,2020,0.63,0.231,30.27,24.43,MODIS,36.55,6.95,2020-10-04 02:00:00
2020-10-05,4,2020,0.581,0.226,29.18,23.83,MODIS,14.72,7.03,2020-10-05 02:00:00
2020-10-06,4,2020,0.608,0.197,29.56,27.33,MODIS,26.83,6.66,2020-10-06 02:00:00
2020-10-07,4,2020,0.616,0.273,28.23,24.83,MODIS,30.25,6.5,2020-10-07 02:00:00
2020-10-08,4,2020,0.608,0.206,28.31,25.76,MODIS,26.91,6.47,2020-10-08 02:00:00
2020-10-09,4,2020,0.601,0.256,30.08,26.12,MODIS,23.62,6.57,2020-10-09 02:00:00
2020-10-10,4,2020,0.629,0.287,27.8,22.98,MODIS,36.23,6.0,2020-10-10 02:00:00
2020-10-11,4,2020,0.613,0.215,28.26,25.46,MODIS,29.0,6.5,2020-10-11 02:00:00
2020-10-12,4,2020,0.574,0.217,30.13,23.7,MODIS,11.39,6.31,2020-10-12 02:00:00
2020-10-13,4,2020,0.617,0.217,30.55,23.86,MODIS,30.77,6.87,2020-10-13 02:00:00
2020-10-14,4,2020,0.614,0.221,27.5,24.3,MODIS,29.62,6.8,2020-10-14 02:00:00
2020-10-15,4,2020,0.589,0.308,28.5,25.64,MODIS,18.47,6.92,2020-10-15 02:00:00
2020-10-16,4,2020,0.607,0.233,29.62,25.78,MODIS,26.17,6.3,2020-10-16 02:00:00
2020-10-17,4,2020,0.605,0.201,28.43,26.95,MODIS,25.62,6.39,2020-10-17 02:00:00
2020-10-18,4,2020,0.609,0.215,28.79,23.84,MODIS,27.45,7.02,2020-10-18 02:00:00
2020-10-19,4,2020,0.61,0.301,28.78,25.24,MODIS,27.62,5.79,2020-10-19 02:00:00
2020-10-20,4,2020,0.603,0.228,30.02,26.09,MODIS,24.61,6.36,2020-10-20 02:00:00
2020-10-21,4,2020,0.62,0.274,29.42,26.38,MODIS,31.99,6.64,2020-10-21 02:00:00
2020-10-22,4,2020,0.634,0.291,29.1,24.64,MODIS,38.57,6.89,2020-10-22 02:00:00
2020-10-23,4,2020,0.603,0.203,27.76,28.78,MODIS,24.73,7.21,2020-10-23 02:00:00
2020-10-24,4,2020,0.607,0.194,29.56,23.68,MODIS,26.51,6.45,2020-10-24 02:00:00
2020-10-25,4,2020,0.628,0.255,29.87,26.46,MODIS,36.02,7.09,2020-10-25 02:00:00
2020-10-26,4,2020,0.587,0.171,29.45,27.3,MODIS,17.53,6.15,2020-10-26 02:00:00
2020-10-27,4,2020,0.612,0.507,29.17,23.58,MODIS,28.66,6.19,2020-10-27 02:00:00
2020-10-28,4,2020,0.615,0.187,29.24,20.9,MODIS,30.0,6.57,2020-10-28 02:00:00
2020-10-29,4,2020,0.592,0.215,29.43,25.36,MODIS,19.5,7.28,2020-10-29 02:00:00
2020-10-30,4,2020,0.577,0.171,28.53,24.02,MODIS,13.05,6.79,2020-10-30 02:00:00
2020-10-31,4,2020,0.6,0.255,29.19,25.12,MODIS,23.2,7.15,2020-10-31 02:00:00
2020-11-01,4,2020,0.593,0.183,29.89,22.92,MODIS,20.24,6.83,2020-11-01 02:00:00
2020-11-02,4,2020,0.613,0.185,28.53,27.13,MODIS,28.88,6.91,2020-11-02 02:00:00
2020-11-03,4,2020,0.582,0.319,29.49,22.6,MODIS,15.16,6.55,2020-11-03 02:00:00
2020-11-04,4,2020,0.611,0.235,30.49,22.57,MODIS,28.37,7.0,2020-11-04 02:00:00
2020-11-05,4,2020,0.582,0.373,29.84,22.84,MODIS,14.98,7.55,2020-11-05 02:00:00
2020-11-06,4,2020,0.606,0.277,29.13,24.94,MODIS,25.81,6.49,2020-11-06 02:00:00
2020-11-07,4,2020,0.622,0.291,30.58,20.78,MODIS,33.06,6.32,2020-11-07 02:00:00
2020-11-08,4,2020,0.583,0.223,28.62,24.08,MODIS,15.47,6.01,2020-11-08 02:00:00
2020-11-09,4,2020,0.595,0.249,28.58,26.5,MODIS,21.0,6.95,2020-11-09 02:00:00
2020-11-10,4,2020,0.618,0.363,28.67,22.21,MODIS,31.5,6.53,2020-11-10 02:00:00
2020-11-11,4,2020,0.628,0.219,27.9,24.75,MODIS,36.0,6.73,2020-11-11 02:00:00
2020-11-12,4,2020,0.576,0.308,29.45,24.98,MODIS,12.48,7.32,2020-11-12 02:00:00
2020-11-13,4,2020,0.576,0.217,30.38,30.28,MODIS,12.32,6.56,2020-11-13 02:00:00
2020-11-14,4,2020,0.576,0.204,27.49,22.47,MODIS,12.34,7.18,2020-11-14 02:00:00
2020-11-15,4,2020,0.605,0.21,30.43,23.61,MODIS,25.66,7.11,2020-11-15 02:00:00
2020-11-16,4,2020,0.574,0.259,30.35,25.33,MODIS,11.46,6.95,2020-11-16 02:00:00
2020-11-17,4,2020,0.599,0.402,28.02,26.15,MODIS,22.53,7.27,2020-11-17 02:00:00
2020-11-18,4,2020,0.597,0.183,30.58,23.86,MODIS,22.05,6.73,2020-11-18 02:00:00
2020-11-19,4,2020,0.557,0.198,29.45,22.41,MODIS,3.78,6.95,2020-11-19 02:00:00
2020-11-20,4,2020,0.591,0.245,30.22,22.97,MODIS,19.22,6.73,2020-11-20 02:00:00
2020-11-21,4,2020,0.594,0.399,29.32,29.26,MODIS,20.72,6.63,2020-11-21 02:00:00
2020-11-22,4,2020,0.594,0.189,28.99,26.52,MODIS,20.53,7.19,2020-11-22 02:00:00
2020-11-23,4,2020,0.593,0.486,29.05,22.46,MODIS,20.1,6.14,2020-11-23 02:00:00
2020-11-24,4,2020,0.588,0.2,29.4,22.92,MODIS,17.86,6.29,2020-11-24 02:00:00
2020-11-25,4,2020,0.568,0.178,29.98,25.64,MODIS,9.02,6.75,2020-11-25 02:00:00
2020-11-26,4,2020,0.597,0.408,29.04,25.78,MODIS,21.7,6.39,2020-11-26 02:00:00
2020-11-27,4,2020,0.573,0.334,29.96,27.24,MODIS,11.13,7.63,2020-11-27 02:00:00
2020-11-28,4,2020,0.586,0.27,30.14,24.75,MODIS,16.97,6.81,2020-11-28 02:00:00
2020-11-29,4,2020,0.584,0.297,28.48,27.43,MODIS,16.21,7.74,2020-11-29 02:00:00
2020-11-30,4,2020,0.574,0.244,30.25,25.68,MODIS,11.4,6.39,2020-11-30 02:00:00
2020-12-01,4,2020,0.559,0.275,30.21,24.12,MODIS,4.61,6.81,2020-12-01 02:00:00
2020-12-02,4,2020,0.583,0.177,29.13,22.33,MODIS,15.41,6.59,2020-12-02 02:00:00
2020-12-03,4,2020,0.563,0.406,29.72,25.75,MODIS,6.63,6.81,2020-12-03 02:00:00
2020-12-04,4,2020,0.576,0.171,31.54,24.41,MODIS,12.47,6.8,2020-12-04 02:00:00
2020-12-05,4,2020,0.616,0.175,30.2,26.2,MODIS,30.31,6.83,2020-12-05 02:00:00
2020-12-06,4,2020,0.575,0.552,29.39,21.94,MODIS,11.88,6.99,2020-12-06 02:00:00
2020-12-07,4,2020,0.601,0.274,29.9,21.06,MODIS,23.59,6.84,2020-12-07 02:00:00
2020-12-08,4,2020,0.554,0.228,30.36,23.57,MODIS,2.38,7.02,2020-12-08 02:00:00
2020-12-09,4,2020,0.603,0.235,30.05,23.52,MODIS,24.38,7.11,2020-12-09 02:00:00
2020-12-10,4,2020,0.567,0.25,28.48,22.62,MODIS,8.36,6.95,2020-12-10 02:00:00
2020-12-11,4,2020,0.549,0.225,29.3,26.29,MODIS,0.06,6.21,2020-12-11 02:00:00
2020-12-12,4,2020,0.588,0.188,30.52,22.44,MODIS,17.61,6.84,2020-12-12 02:00:00
2020-12-13,4,2020,0.575,0.347,29.42,27.52,MODIS,12.05,7.83,2020-12-13 02:00:00
2020-12-14,4,2020,0.585,0.292,29.63,26.43,MODIS,16.36,6.16,2020-12-14 02:00:00
2020-12-15,4,2020,0.571,0.208,29.03,23.38,MODIS,10.11,7.49,2020-12-15 02:00:00
2020-12-16,4,2020,0.571,0.196,30.52,26.95,MODIS,10.16,6.49,2020-12-16 02:00:00
2020-12-17,4,2020,0.571,0.213,30.61,23.72,MODIS,9.97,7.4,2020-12-17 02:00:00
2020-12-18,4,2020,0.607,0.136,28.7,21.75,MODIS,26.52,6.63,2020-12-18 02:00:00
2020-12-19,4,2020,0.558,0.181,30.11,19.9,MODIS,4.44,7.25,2020-12-19 02:00:00
2020-12-20,4,2020,0.566,0.239,28.22,24.98,MODIS,7.7,6.48,2020-12-20 02:00:00
2020-12-21,4,2020,0.556,0.196,29.82,25.08,MODIS,3.6,7.05,2020-12-21 02:00:00
2020-12-22,4,2020,0.587,0.215,30.16,25.77,MODIS,17.26,5.96,2020-12-22 02:00:00
2020-12-23,4,2020,0.585,0.189,28.91,22.07,MODIS,16.62,6.11,2020-12-23 02:00:00
2020-12-24,4,2020,0.566,0.195,30.58,24.36,MODIS,7.77,7.33,2020-12-24 02:00:00
2020-12-25,4,2020,0.59,0.192,29.5,22.39,MODIS,18.88,6.04,2020-12-25 02:00:00
2020-12-26,4,2020,0.584,0.282,30.34,25.73,MODIS,16.17,6.63,2020-12-26 02:00:00
2020-12-27,4,2020,0.58,0.207,29.98,22.46,MODIS,14.19,6.76,2020-12-27 02:00:00
2020-12-28,4,2020,0.579,0.201,29.95,24.83,MODIS,13.79,6.87,2020-12-28 02:00:00
2020-12-29,4,2020,0.548,0.256,29.85,20.25,MODIS,0.0,6.82,2020-12-29 02:00:00
2020-12-30,4,2020,0.588,0.202,29.43,23.65,MODIS,17.59,5.93,2020-12-30 02:00:00
2020-12-31,4,2020,0.582,0.2,30.23,24.49,MODIS,15.21,6.67,2020-12-31 02:00:00
2021-01-01,4,2021,0.754,0.213,25.53,28.84,MODIS,92.77,5.36,2021-01-01 02:00:00
2021-01-02,4,2021,0.729,0.347,26.37,30.05,MODIS,81.43,5.85,2021-01-02 02:00:00
2021-01-03,4,2021,0.769,0.253,26.89,31.19,MODIS,100.0,6.23,2021-01-03 02:00:00
2021-01-04,4,2021,0.749,0.282,26.08,28.08,MODIS,90.55,4.78,2021-01-04 02:00:00
2021-01-05,4,2021,0.745,0.276,25.62,27.08,MODIS,88.66,5.71,2021-01-05 02:00:00
2021-01-06,4,2021,0.744,0.248,25.92,32.49,MODIS,88.07,6.11,2021-01-06 02:00:00
2021-01-07,4,2021,0.755,0.22,25.68,30.25,MODIS,93.19,5.55,2021-01-07 02:00:00
2021-01-08,4,2021,0.748,0.341,25.86,30.78,MODIS,90.01,5.71,2021-01-08 02:00:00
2021-01-09,4,2021,0.749,0.259,25.35,28.05,MODIS,90.5,6.0,2021-01-09 02:00:00
2021-01-10,4,2021,0.754,0.386,25.34,31.23,MODIS,93.12,5.9,2021-01-10 02:00:00
2021-01-11,4,2021,0.752,0.19,25.33,33.27,MODIS,91.91,5.61,2021-01-11 02:00:00
2021-01-12,4,2021,0.737,0.371,25.34,28.5,MODIS,84.81,5.35,2021-01-12 02:00:00
2021-01-13,4,2021,0.738,0.263,26.39,28.13,MODIS,85.42,4.74,2021-01-13 02:00:00
2021-01-14,4,2021,0.745,0.201,26.2,29.27,MODIS,88.92,5.14,2021-01-14 02:00:00
2021-01-15,4,2021,0.717,0.311,25.71,27.72,MODIS,75.57,6.29,2021-01-15 02:00:00
2021-01-16,4,2021,0.738,0.359,25.6,29.41,MODIS,85.59,5.05,2021-01-16 02:00:00
2021-01-17,4,2021,0.74,0.353,25.93,33.05,MODIS,86.19,5.4,2021-01-17 02:00:00
2021-01-18,4,2021,0.759,0.198,25.83,31.67,MODIS,95.11,5.33,2021-01-18 02:00:00
2021-01-19,4,2021,0.734,0.27,26.07,28.37,MODIS,83.43,6.06,2021-01-19 02:00:00
2021-01-20,4,2021,0.729,0.337,25.59,29.02,MODIS,81.38,5.05,2021-01-20 02:00:00
2021-01-21,4,2021,0.76,0.371,25.84,27.66,MODIS,95.59,5.18,2021-01-21 02:00:00
2021-01-22,4,2021,0.721,0.37,26.3,30.6,MODIS,77.31,5.1,2021-01-22 02:00:00
2021-01-23,4,2021,0.767,0.246,25.49,33.24,MODIS,98.98,6.14,2021-01-23 02:00:00
2021-01-24,4,2021,0.732,0.332,26.81,29.69,MODIS,82.48,5.97,2021-01-24 02:00:00
2021-01-25,4,2021,0.752,0.239,25.38,29.52,MODIS,92.11,5.38,2021-01-25 02:00:00
2021-01-26,4,2021,0.734,0.365,25.05,28.29,MODIS,83.5,5.76,2021-01-26 02:00:00
2021-01-27,4,2021,0.761,0.346,26.51,28.96,MODIS,96.4,5.73,2021-01-27 02:00:00
2021-01-28,4,2021,0.726,0.217,26.63,27.87,MODIS,79.69,6.01,2021-01-28 02:00:00
2021-01-29,4,2021,0.737,0.2,27.53,30.79,MODIS,84.94,5.84,2021-01-29 02:00:00
2021-01-30,4,2021,0.746,0.6,26.23,31.44,MODIS,88.98,4.49,2021-01-30 02:00:00
2021-01-31,4,2021,0.709,0.259,26.01,33.02,MODIS,71.9,4.73,2021-01-31 02:00:00
2021-02-01,4,2021,0.757,0.261,26.16,28.64,MODIS,94.23,5.96,2021-02-01 02:00:00
2021-02-02,4,2021,0.73,0.226,26.64,30.23,MODIS,81.81,5.97,2021-02-02 02:00:00
2021-02-03,4,2021,0.726,0.291,26.1,26.5,MODIS,79.75,5.91,2021-02-03 02:00:00
2021-02-04,4,2021,0.747,0.231,26.4,29.33,MODIS,89.55,5.44,2021-02-04 02:00:00
2021-02-05,4,2021,0.731,0.296,27.05,33.34,MODIS,82.0,5.67,2021-02-05 02:00:00
2021-02-06,4,2021,0.723,0.211,25.15,29.48,MODIS,78.53,5.78,2021-02-06 02:00:00
2021-02-07,4,2021,0.751,0.252,25.91,31.02,MODIS,91.31,5.01,2021-02-07 02:00:00
2021-02-08,4,2021,0.724,0.279,26.11,26.24,MODIS,79.01,5.45,2021-02-08 02:00:00
2021-02-09,4,2021,0.706,0.178,26.26,31.52,MODIS,70.47,5.03,2021-02-09 02:00:00
2021-02-10,4,2021,0.753,0.264,25.55,28.43,MODIS,92.34,5.32,2021-02-10 02:00:00
2021-02-11,4,2021,0.724,0.212,26.82,30.24,MODIS,78.72,5.56,2021-02-11 02:00:00
2021-02-12,4,2021,0.725,0.279,26.43,27.93,MODIS,79.42,5.42,2021-02-12 02:00:00
2021-02-13,4,2021,0.734,0.24,28.7,28.05,MODIS,83.64,5.31,2021-02-13 02:00:00
2021-02-14,4,2021,0.732,0.248,28.0,27.35,MODIS,82.79,5.64,2021-02-14 02:00:00
2021-02-15,4,2021,0.734,0.32,25.84,29.46,MODIS,83.36,6.14,2021-02-15 02:00:00
2021-02-16,4,2021,0.721,0.419,27.24,32.7,MODIS,77.45,4.98,2021-02-16 02:00:00
2021-02-17,4,2021,0.729,0.218,26.93,28.2,MODIS,81.07,5.28,2021-02-17 02:00:00
2021-02-18,4,2021,0.742,0.248,26.88,28.37,MODIS,87.49,5.36,2021-02-18 02:00:00
2021-02-19,4,2021,0.716,0.264,26.1,28.6,MODIS,75.32,6.02,2021-02-19 02:00:00
2021-02-20,4,2021,0.69,0.335,26.09,25.19,MODIS,63.07,5.4,2021-02-20 02:00:00
2021-02-21,4,2021,0.727,0.371,26.16,33.57,MODIS,80.21,5.27,2021-02-21 02:00:00
2021-02-22,4,2021,0.705,0.385,26.99,30.87,MODIS,70.06,5.63,2021-02-22 02:00:00
2021-02-23,4,2021,0.728,0.236,27.0,30.66,MODIS,80.96,5.97,2021-02-23 02:00:00
2021-02-24,4,2021,0.738,0.215,28.05,31.51,MODIS,85.33,6.12,2021-02-24 02:00:00
2021-02-25,4,2021,0.743,0.193,26.02,29.68,MODIS,87.95,6.02,2021-02-25 02:00:00
2021-02-26,4,2021,0.729,0.262,25.51,30.34,MODIS,81.03,4.98,2021-02-26 02:00:00
2021-02-27,4,2021,0.732,0.587,26.26,27.84,MODIS,82.51,5.65,2021-02-27 02:00:00
2021-02-28,4,2021,0.696,0.26,26.04,29.66,MODIS,65.96,5.96,2021-02-28 02:00:00
2021-03-01,4,2021,0.746,0.197,27.55,29.03,MODIS,89.41,5.96,2021-03-01 02:00:00
2021-03-02,4,2021,0.708,0.305,25.95,28.89,MODIS,71.56,5.51,2021-03-02 02:00:00
2021-03-03,4,2021,0.736,0.225,26.42,26.63,MODIS,84.44,5.42,2021-03-03 02:00:00
2021-03-04,4,2021,0.716,0.176,26.82,25.37,MODIS,75.02,6.09,2021-03-04 02:00:00
2021-03-05,4,2021,0.707,0.516,26.73,26.41,MODIS,70.68,6.16,2021-03-05 02:00:00
2021-03-06,4,2021,0.691,0.566,26.23,30.28,MODIS,63.4,5.11,2021-03-06 02:00:00
2021-03-07,4,2021,0.717,0.231,25.91,28.82,MODIS,75.78,6.02,2021-03-07 02:00:00
2021-03-08,4,2021,0.714,0.218,26.49,29.14,MODIS,74.42,5.11,2021-03-08 02:00:00
2021-03-09,4,2021,0.728,0.231,25.94,33.55,MODIS,80.69,6.44,2021-03-09 02:00:00
2021-03-10,4,2021,0.727,0.206,27.18,31.07,MODIS,80.15,5.26,2021-03-10 02:00:00
2021-03-11,4,2021,0.719,0.252,27.69,26.41,MODIS,76.65,5.55,2021-03-11 02:00:00
2021-03-12,4,2021,0.712,0.317,27.39,26.7,MODIS,73.11,5.5,2021-03-12 02:00:00
2021-03-13,4,2021,0.729,0.312,26.51,29.44,MODIS,81.16,5.75,2021-03-13 02:00:00
2021-03-14,4,2021,0.718,0.286,26.61,30.97,MODIS,75.92,6.03,2021-03-14 02:00:00
2021-03-15,4,2021,0.723,0.315,26.63,27.24,MODIS,78.54,5.83,2021-03-15 02:00:00
2021-03-16,4,2021,0.707,0.308,26.64,25.76,MODIS,70.98,5.8,2021-03-16 02:00:00
2021-03-17,4,2021,0.704,0.231,26.97,31.53,MODIS,69.6,5.23,2021-03-17 02:00:00
2021-03-18,4,2021,0.732,0.187,25.9,33.03,MODIS,82.85,5.62,2021-03-18 02:00:00
2021-03-19,4,2021,0.693,0.308,26.72,25.01,MODIS,64.42,5.27,2021-03-19 02:00:00
2021-03-20,4,2021,0.705,0.31,25.89,30.92,MODIS,69.8,6.39,2021-03-20 02:00:00
2021-03-21,4,2021,0.704,0.232,27.46,28.9,MODIS,69.27,6.53,2021-03-21 02:00:00
2021-03-22,4,2021,0.706,0.25,27.29,24.88,MODIS,70.46,5.86,2021-03-22 02:00:00
2021-03-23,4,2021,0.727,0.23,27.7,30.64,MODIS,80.36,5.46,2021-03-23 02:00:00
2021-03-24,4,2021,0.714,0.17,28.0,27.04,MODIS,74.05,5.66,2021-03-24 02:00:00
2021-03-25,4,2021,0.706,0.228,28.55,28.66,MODIS,70.51,6.27,2021-03-25 02:00:00
2021-03-26,4,2021,0.7,0.304,27.57,28.51,MODIS,67.8,7.14,2021-03-26 02:00:00
2021-03-27,4,2021,0.709,0.256,27.12,27.04,MODIS,71.62,5.94,2021-03-27 02:00:00
2021-03-28,4,2021,0.708,0.317,27.33,28.43,MODIS,71.45,5.55,2021-03-28 02:00:00
2021-03-29,4,2021,0.686,0.182,26.49,27.04,MODIS,60.82,5.26,2021-03-29 02:00:00
2021-03-30,4,2021,0.713,0.258,27.14,28.59,MODIS,73.86,5.85,2021-03-30 02:00:00
2021-03-31,4,2021,0.679,0.193,27.51,29.77,MODIS,57.98,5.57,2021-03-31 02:00:00
2021-04-01,4,2021,0.697,0.255,26.41,29.49,MODIS,66.1,5.74,2021-04-01 02:00:00
2021-04-02,4,2021,0.68,0.385,26.68,31.2,MODIS,58.13,5.93,2021-04-02 02:00:00
2021-04-03,4,2021,0.7,0.309,27.02,31.42,MODIS,67.82,5.17,2021-04-03 02:00:00
2021-04-04,4,2021,0.709,0.214,26.15,27.74,MODIS,71.63,5.73,2021-04-04 02:00:00
2021-04-05,4,2021,0.697,0.237,27.47,29.69,MODIS,66.22,6.11,2021-04-05 02:00:00
2021-04-06,4,2021,0.711,0.259,26.92,30.39,MODIS,72.91,6.22,2021-04-06 02:00:00
2021-04-07,4,2021,0.692,0.435,26.69,28.65,MODIS,64.05,5.96,2021-04-07 02:00:00
2021-04-08,4,2021,0.671,0.243,26.79,31.7,MODIS,53.81,6.58,2021-04-08 02:00:00
2021-04-09,4,2021,0.725,0.224,26.96,28.73,MODIS,79.32,6.78,2021-04-09 02:00:00
2021-04-10,4,2021,0.7,0.226,29.07,29.76,MODIS,67.82,6.6,2021-04-10 02:00:00
2021-04-11,4,2021,0.709,0.265,27.62,29.47,MODIS,72.07,5.71,2021-04-11 02:00:00
2021-04-12,4,2021,0.713,0.283,26.86,28.73,MODIS,73.73,6.6,2021-04-12 02:00:00
2021-04-13,4,2021,0.706,0.483,27.12,28.4,MODIS,70.64,5.95,2021-04-13 02:00:00
2021-04-14,4,2021,0.685,0.205,26.72,29.03,MODIS,60.81,6.19,2021-04-14 02:00:00
2021-04-15,4,2021,0.711,0.221,27.78,28.48,MODIS,72.96,6.48,2021-04-15 02:00:00
2021-04-16,4,2021,0.704,0.277,26.62,23.7,MODIS,69.62,6.41,2021-04-16 02:00:00
2021-04-17,4,2021,0.722,0.323,27.08,30.42,MODIS,77.77,5.57,2021-04-17 02:00:00
2021-04-18,4,2021,0.694,0.246,26.62,29.35,MODIS,64.88,5.48,2021-04-18 02:00:00
2021-04-19,4,2021,0.688,0.27,27.52,29.13,MODIS,62.1,5.74,2021-04-19 02:00:00
2021-04-20,4,2021,0.697,0.28,27.07,27.09,MODIS,65.99,5.51,2021-04-20 02:00:00
2021-04-21,4,2021,0.716,0.272,26.9,27.81,MODIS,75.05,6.18,2021-04-21 02:00:00
2021-04-22,4,2021,0.705,0.204,27.97,27.65,MODIS,70.19,5.58,2021-04-22 02:00:00
2021-04-23,4,2021,0.688,0.361,27.9,28.82,MODIS,61.93,6.52,2021-04-23 02:00:00
2021-04-24,4,2021,0.683,0.394,27.77,27.87,MODIS,59.44,5.57,2021-04-24 02:00:00
2021-04-25,4,2021,0.678,0.187,25.97,26.22,MODIS,57.49,5.79,2021-04-25 02:00:00
2021-04-26,4,2021,0.672,0.209,27.59,29.74,MODIS,54.48,6.02,2021-04-26 02:00:00
2021-04-27,4,2021,0.695,0.207,27.55,30.34,MODIS,65.48,6.54,2021-04-27 02:00:00
2021-04-28,4,2021,0.692,0.349,28.09,27.27,MODIS,63.67,5.5,2021-04-28 02:00:00
2021-04-29,4,2021,0.716,0.247,27.46,27.99,MODIS,75.12,6.31,2021-04-29 02:00:00
2021-04-30,4,2021,0.686,0.178,26.82,28.81,MODIS,61.07,5.72,2021-04-30 02:00:00
2021-05-01,4,2021,0.659,0.26,27.12,25.91,MODIS,48.31,5.41,2021-05-01 02:00:00
2021-05-02,4,2021,0.686,0.16,27.6,25.92,MODIS,61.1,6.6,2021-05-02 02:00:00
2021-05-03,4,2021,0.683,0.264,27.96,26.51,MODIS,59.67,5.38,2021-05-03 02:00:00
2021-05-04,4,2021,0.688,0.313,26.82,28.36,MODIS,62.06,5.65,2021-05-04 02:00:00
2021-05-05,4,2021,0.671,0.309,26.36,25.53,MODIS,54.25,6.55,2021-05-05 02:00:00
2021-05-06,4,2021,0.677,0.416,26.79,28.31,MODIS,56.8,5.87,2021-05-06 02:00:00
2021-05-07,4,2021,0.691,0.258,27.25,25.27,MODIS,63.29,6.67,2021-05-07 02:00:00
2021-05-08,4,2021,0.657,0.272,28.12,26.33,MODIS,47.37,6.15,2021-05-08 02:00:00
2021-05-09,4,2021,0.678,0.298,25.85,26.34,MODIS,57.09,5.73,2021-05-09 02:00:00
2021-05-10,4,2021,0.7,0.471,28.61,28.22,MODIS,67.84,6.09,2021-05-10 02:00:00
2021-05-11,4,2021,0.667,0.257,27.64,27.59,MODIS,52.31,6.46,2021-05-11 02:00:00
2021-05-12,4,2021,0.683,0.25,27.04,28.85,MODIS,59.8,6.33,2021-05-12 02:00:00
2021-05-13,4,2021,0.702,0.228,27.96,26.82,MODIS,68.47,5.96,2021-05-13 02:00:00
2021-05-14,4,2021,0.687,0.206,26.93,28.85,MODIS,61.55,6.39,2021-05-14 02:00:00
2021-05-15,4,2021,0.673,0.161,27.31,27.76,MODIS,54.98,5.71,2021-05-15 02:00:00
2021-05-16,4,2021,0.676,0.6,26.23,29.71,MODIS,56.51,6.15,2021-05-16 02:00:00
2021-05-17,4,2021,0.692,0.217,26.96,28.03,MODIS,63.99,6.95,2021-05-17 02:00:00
2021-05-18,4,2021,0.692,0.305,29.76,26.4,MODIS,63.91,6.67,2021-05-18 02:00:00
2021-05-19,4,2021,0.674,0.229,27.48,32.59,MODIS,55.38,6.04,2021-05-19 02:00:00
2021-05-20,4,2021,0.673,0.221,27.21,25.43,MODIS,54.95,6.08,2021-05-20 02:00:00
2021-05-21,4,2021,0.669,0.268,27.69,28.58,MODIS,52.92,5.96,2021-05-21 02:00:00
2021-05-22,4,2021,0.701,0.339,27.63,29.9,MODIS,67.93,5.37,2021-05-22 02:00:00
2021-05-23,4,2021,0.67,0.273,27.51,29.92,MODIS,53.76,6.31,2021-05-23 02:00:00
2021-05-24,4,2021,0.674,0.252,28.17,27.23,MODIS,55.36,6.32,2021-05-24 02:00:00
2021-05-25,4,2021,0.669,0.227,27.26,28.52,MODIS,53.13,5.61,2021-05-25 02:00:00
2021-05-26,4,2021,0.688,0.198,27.32,32.28,MODIS,62.07,4.88,2021-05-26 02:00:00
2021-05-27,4,2021,0.675,0.26,28.11,29.15,MODIS,55.67,5.85,2021-05-27 02:00:00
2021-05-28,4,2021,0.679,0.265,27.29,26.76,MODIS,57.55,6.02,2021-05-28 02:00:00
2021-05-29,4,2021,0.696,0.303,27.02,26.61,MODIS,65.65,6.72,2021-05-29 02:00:00
2021-05-30,4,2021,0.683,0.25,27.61,24.52,MODIS,59.72,6.51,2021-05-30 02:00:00
2021-05-31,4,2021,0.68,0.242,28.39,24.62,MODIS,58.16,5.87,2021-05-31 02:00:00
2021-06-01,4,2021,0.679,0.205,27.09,26.52,MODIS,57.8,6.45,2021-06-01 02:00:00
2021-06-02,4,2021,0.668,0.203,26.61,30.55,MODIS,52.8,5.24,2021-06-02 02:00:00
2021-06-03,4,2021,0.673,0.445,28.35,28.64,MODIS,54.79,6.02,2021-06-03 02:00:00
2021-06-04,4,2021,0.657,0.316,28.31,28.61,MODIS,47.6,6.08,2021-06-04 02:00:00
2021-06-05,4,2021,0.673,0.206,28.15,27.73,MODIS,55.09,6.22,2021-06-05 02:00:00
2021-06-06,4,2021,0.687,0.2,28.53,28.54,MODIS,61.73,6.42,2021-06-06 02:00:00
2021-06-07,4,2021,0.642,0.181,27.65,26.25,MODIS,40.35,5.51,2021-06-07 02:00:00
2021-06-08,4,2021,0.672,0.251,28.63,28.09,MODIS,54.55,5.86,2021-06-08 02:00:00
2021-06-09,4,2021,0.701,0.235,28.88,27.83,MODIS,68.09,6.59,2021-06-09 02:00:00
2021-06-10,4,2021,0.652,0.205,28.73,30.32,MODIS,44.91,6.23,2021-06-10 02:00:00
2021-06-11,4,2021,0.674,0.254,26.96,31.01,MODIS,55.39,5.79,2021-06-11 02:00:00
2021-06-12,4,2021,0.659,0.203,27.55,25.55,MODIS,48.36,5.77,2021-06-12 02:00:00
2021-06-13,4,2021,0.66,0.179,28.38,25.82,MODIS,48.79,5.83,2021-06-13 02:00:00
2021-06-14,4,2021,0.657,0.386,28.92,29.73,MODIS,47.51,6.97,2021-06-14 02:00:00
2021-06-15,4,2021,0.667,0.294,28.25,25.9,MODIS,52.27,6.24,2021-06-15 02:00:00
2021-06-16,4,2021,0.677,0.184,28.27,26.37,MODIS,56.74,6.97,2021-06-16 02:00:00
2021-06-17,4,2021,0.662,0.267,28.83,28.32,MODIS,49.62,6.25,2021-06-17 02:00:00
2021-06-18,4,2021,0.643,0.197,27.42,27.37,MODIS,41.11,5.86,2021-06-18 02:00:00
2021-06-19,4,2021,0.651,0.232,26.53,25.3,MODIS,44.76,6.38,2021-06-19 02:00:00
2021-06-20,4,2021,0.681,0.214,26.95,26.2,MODIS,58.54,6.07,2021-06-20 02:00:00
2021-06-21,4,2021,0.676,0.453,28.39,29.82,MODIS,56.14,6.36,2021-06-21 02:00:00
2021-06-22,4,2021,0.673,0.183,27.23,27.76,MODIS,54.86,5.85,2021-06-22 02:00:00
2021-06-23,4,2021,0.672,0.342,28.89,29.4,MODIS,54.32,5.73,2021-06-23 02:00:00
2021-06-24,4,2021,0.671,0.197,27.37,28.12,MODIS,53.87,6.7,2021-06-24 02:00:00
2021-06-25,4,2021,0.661,0.258,28.69,26.19,MODIS,49.52,6.7,2021-06-25 02:00:00
2021-06-26,4,2021,0.657,0.23,28.89,27.88,MODIS,47.54,6.04,2021-06-26 02:00:00
2021-06-27,4,2021,0.651,0.322,27.93,26.88,MODIS,44.51,6.65,2021-06-27 02:00:00
2021-06-28,4,2021,0.662,0.234,28.01,24.68,MODIS,49.78,5.24,2021-06-28 02:00:00
2021-06-29,4,2021,0.666,0.252,27.66,24.77,MODIS,51.77,5.95,2021-06-29 02:00:00
2021-06-30,4,2021,0.653,0.478,28.14,23.13,MODIS,45.49,6.16,2021-06-30 02:00:00
2021-07-01,4,2021,0.646,0.254,28.65,31.96,MODIS,42.43,7.34,2021-07-01 02:00:00
2021-07-02,4,2021,0.645,0.229,27.36,29.74,MODIS,41.64,6.85,2021-07-02 02:00:00
2021-07-03,4,2021,0.647,0.202,26.74,29.86,MODIS,42.95,6.53,2021-07-03 02:00:00
2021-07-04,4,2021,0.675,0.222,27.34,27.18,MODIS,55.7,5.41,2021-07-04 02:00:00
2021-07-05,4,2021,0.648,0.249,27.99,23.63,MODIS,43.47,6.88,2021-07-05 02:00:00
2021-07-06,4,2021,0.684,0.213,27.55,23.32,MODIS,60.02,6.27,2021-07-06 02:00:00
2021-07-07,4,2021,0.667,0.228,27.86,29.31,MODIS,52.03,5.91,2021-07-07 02:00:00
2021-07-08,4,2021,0.643,0.196,28.38,32.72,MODIS,40.89,6.06,2021-07-08 02:00:00
2021-07-09,4,2021,0.631,0.247,29.05,22.72,MODIS,35.2,6.35,2021-07-09 02:00:00
2021-07-10,4,2021,0.63,0.244,28.85,24.13,MODIS,34.69,5.98,2021-07-10 02:00:00
2021-07-11,4,2021,0.642,0.196,29.6,25.43,MODIS,40.27,6.99,2021-07-11 02:00:00
2021-07-12,4,2021,0.661,0.353,28.9,28.49,MODIS,49.53,6.03,2021-07-12 02:00:00
2021-07-13,4,2021,0.64,0.204,27.89,28.6,MODIS,39.36,5.9,2021-07-13 02:00:00
2021-07-14,4,2021,0.65,0.349,28.52,26.27,MODIS,44.22,5.68,2021-07-14 02:00:00
2021-07-15,4,2021,0.675,0.201,28.39,27.1,MODIS,56.02,6.88,2021-07-15 02:00:00
2021-07-16,4,2021,0.622,0.2,26.52,26.91,MODIS,31.04,6.95,2021-07-16 02:00:00
2021-07-17,4,2021,0.673,0.354,27.06,27.32,MODIS,54.97,5.9,2021-07-17 02:00:00
2021-07-18,4,2021,0.659,0.189,27.31,25.69,MODIS,48.38,6.49,2021-07-18 02:00:00
2021-07-19,4,2021,0.665,0.288,27.84,27.96,MODIS,51.4,6.03,2021-07-19 02:00:00
2021-07-20,4,2021,0.648,0.536,28.03,28.19,MODIS,43.06,6.31,2021-07-20 02:00:00
2021-07-21,4,2021,0.647,0.408,26.58,28.01,MODIS,42.71,6.31,2021-07-21 02:00:00
2021-07-22,4,2021,0.646,0.295,28.25,27.97,MODIS,42.16,5.73,2021-07-22 02:00:00
2021-07-23,4,2021,0.657,0.191,28.54,28.47,MODIS,47.58,6.84,2021-07-23 02:00:00
2021-07-24,4,2021,0.656,0.195,28.33,26.95,MODIS,47.02,6.41,2021-07-24 02:00:00
2021-07-25,4,2021,0.608,0.241,28.69,30.36,MODIS,24.54,6.27,2021-07-25 02:00:00
2021-07-26,4,2021,0.638,0.265,27.63,24.01,MODIS,38.68,5.9,2021-07-26 02:00:00
2021-07-27,4,2021,0.654,0.349,28.74,25.56,MODIS,46.15,5.96,2021-07-27 02:00:00
2021-07-28,4,2021,0.659,0.215,29.07,27.66,MODIS,48.19,6.23,2021-07-28 02:00:00
2021-07-29,4,2021,0.647,0.311,28.62,32.38,MODIS,42.54,6.26,2021-07-29 02:00:00
2021-07-30,4,2021,0.655,0.201,28.21,26.6,MODIS,46.58,6.31,2021-07-30 02:00:00
2021-07-31,4,2021,0.643,0.193,29.29,25.15,MODIS,40.85,6.47,2021-07-31 02:00:00
2021-08-01,4,2021,0.675,0.224,28.62,27.01,MODIS,55.9,6.91,2021-08-01 02:00:00
2021-08-02,4,2021,0.614,0.244,27.14,29.07,MODIS,27.12,6.28,2021-08-02 02:00:00
2021-08-03,4,2021,0.66,0.194,28.63,30.95,MODIS,48.78,6.67,2021-08-03 02:00:00
2021-08-04,4,2021,0.632,0.274,29.07,28.98,MODIS,35.73,7.31,2021-08-04 02:00:00
2021-08-05,4,2021,0.648,0.214,28.48,30.18,MODIS,43.27,6.34,2021-08-05 02:00:00
2021-08-06,4,2021,0.639,0.334,27.71,27.72,MODIS,39.04,6.52,2021-08-06 02:00:00
2021-08-07,4,2021,0.668,0.282,27.62,30.55,MODIS,52.58,7.03,2021-08-07 02:00:00
2021-08-08,4,2021,0.608,0.279,27.99,26.67,MODIS,24.25,5.64,2021-08-08 02:00:00
2021-08-09,4,2021,0.6,0.338,29.47,25.45,MODIS,20.82,6.48,2021-08-09 02:00:00
2021-08-10,4,2021,0.635,0.232,28.73,27.33,MODIS,37.19,6.71,2021-08-10 02:00:00
2021-08-11,4,2021,0.638,0.364,28.15,25.0,MODIS,38.71,7.05,2021-08-11 02:00:00
2021-08-12,4,2021,0.647,0.235,28.2,28.12,MODIS,42.83,5.32,2021-08-12 02:00:00
2021-08-13,4,2021,0.643,0.182,28.85,28.82,MODIS,40.88,6.6,2021-08-13 02:00:00
2021-08-14,4,2021,0.655,0.248,30.03,25.33,MODIS,46.32,6.37,2021-08-14 02:00:00
2021-08-15,4,2021,0.606,0.294,27.74,24.28,MODIS,23.74,5.72,2021-08-15 02:00:00
2021-08-16,4,2021,0.651,0.189,29.27,25.11,MODIS,44.61,6.42,2021-08-16 02:00:00
2021-08-17,4,2021,0.634,0.219,28.14,24.68,MODIS,36.67,5.78,2021-08-17 02:00:00
2021-08-18,4,2021,0.638,0.205,29.68,25.25,MODIS,38.56,7.02,2021-08-18 02:00:00
2021-08-19,4,2021,0.643,0.18,28.54,28.28,MODIS,41.09,6.0,2021-08-19 02:00:00
2021-08-20,4,2021,0.635,0.247,28.67,28.21,MODIS,37.32,7.29,2021-08-20 02:00:00
2021-08-21,4,2021,0.626,0.208,28.66,29.38,MODIS,33.08,5.86,2021-08-21 02:00:00
2021-08-22,4,2021,0.623,0.374,29.05,24.41,MODIS,31.62,7.09,2021-08-22 02:00:00
2021-08-23,4,2021,0.647,0.184,29.43,25.46,MODIS,42.77,6.5,2021-08-23 02:00:00
2021-08-24,4,2021,0.614,0.226,28.14,25.33,MODIS,27.24,6.22,2021-08-24 02:00:00
2021-08-25,4,2021,0.655,0.197,27.74,26.67,MODIS,46.44,6.42,2021-08-25 02:00:00
2021-08-26,4,2021,0.622,0.351,29.0,27.3,MODIS,31.26,7.15,2021-08-26 02:00:00
2021-08-27,4,2021,0.641,0.457,28.45,22.36,MODIS,40.08,6.62,2021-08-27 02:00:00
2021-08-28,4,2021,0.628,0.17,28.51,29.59,MODIS,33.83,6.77,2021-08-28 02:00:00
2021-08-29,4,2021,0.616,0.254,30.02,24.45,MODIS,28.43,7.03,2021-08-29 02:00:00
2021-08-30,4,2021,0.636,0.15,28.77,28.05,MODIS,37.52,6.14,2021-08-30 02:00:00
2021-08-31,4,2021,0.607,0.242,28.83,27.2,MODIS,24.21,6.74,2021-08-31 02:00:00
2021-09-01,4,2021,0.637,0.216,29.11,22.94,MODIS,37.96,6.29,2021-09-01 02:00:00
2021-09-02,4,2021,0.625,0.383,28.95,24.86,MODIS,32.23,6.15,2021-09-02 02:00:00
2021-09-03,4,2021,0.639,0.178,29.12,25.35,MODIS,38.83,6.58,2021-09-03 02:00:00
2021-09-04,4,2021,0.628,0.234,28.64,29.19,MODIS,33.74,6.68,2021-09-04 02:00:00
2021-09-05,4,2021,0.614,0.207,29.93,28.65,MODIS,27.21,6.13,2021-09-05 02:00:00
2021-09-06,4,2021,0.632,0.213,29.82,27.54,MODIS,35.79,6.47,2021-09-06 02:00:00
2021-09-07,4,2021,0.597,0.149,27.84,27.83,MODIS,19.43,6.45,2021-09-07 02:00:00
2021-09-08,4,2021,0.649,0.258,28.09,28.64,MODIS,43.93,6.72,2021-09-08 02:00:00
2021-09-09,4,2021,0.627,0.37,29.49,23.76,MODIS,33.59,6.75,2021-09-09 02:00:00
2021-09-10,4,2021,0.639,0.221,27.99,28.72,MODIS,38.99,6.49,2021-09-10 02:00:00
2021-09-11,4,2021,0.618,0.469,28.42,25.38,MODIS,29.23,6.79,2021-09-11 02:00:00
2021-09-12,4,2021,0.618,0.295,29.35,24.23,MODIS,28.99,7.04,2021-09-12 02:00:00
2021-09-13,4,2021,0.656,0.293,28.57,30.11,MODIS,47.04,6.37,2021-09-13 02:00:00
2021-09-14,4,2021,0.627,0.225,28.77,24.7,MODIS,33.34,6.5,2021-09-14 02:00:00
2021-09-15,4,2021,0.599,0.243,28.82,31.09,MODIS,20.37,6.5,2021-09-15 02:00:00
2021-09-16,4,2021,0.604,0.235,29.72,24.71,MODIS,22.8,6.56,2021-09-16 02:00:00
2021-09-17,4,2021,0.613,0.419,28.61,27.67,MODIS,26.92,7.09,2021-09-17 02:00:00
2021-09-18,4,2021,0.619,0.213,29.0,22.04,MODIS,29.66,6.77,2021-09-18 02:00:00
2021-09-19,4,2021,0.635,0.337,28.53,30.3,MODIS,36.96,6.55,2021-09-19 02:00:00
2021-09-20,4,2021,0.608,0.372,29.11,24.87,MODIS,24.67,5.84,2021-09-20 02:00:00
2021-09-21,4,2021,0.637,0.211,28.31,22.8,MODIS,37.9,6.75,2021-09-21 02:00:00
2021-09-22,4,2021,0.621,0.193,28.47,25.51,MODIS,30.48,6.13,2021-09-22 02:00:00
2021-09-23,4,2021,0.622,0.204,28.69,25.05,MODIS,31.03,6.46,2021-09-23 02:00:00
2021-09-24,4,2021,0.591,0.345,28.14,25.83,MODIS,16.7,6.67,2021-09-24 02:00:00
2021-09-25,4,2021,0.636,0.504,29.29,28.84,MODIS,37.59,6.45,2021-09-25 02:00:00
2021-09-26,4,2021,0.614,0.377,28.7,25.82,MODIS,27.26,6.31,2021-09-26 02:00:00
2021-09-27,4,2021,0.593,0.339,28.88,26.24,MODIS,17.22,6.72,2021-09-27 02:00:00
2021-09-28,4,2021,0.603,0.253,29.61,25.54,MODIS,22.37,6.87,2021-09-28 02:00:00
2021-09-29,4,2021,0.635,0.207,29.84,28.82,MODIS,37.08,6.44,2021-09-29 02:00:00
2021-09-30,4,2021,0.6,0.199,28.99,24.86,MODIS,20.71,6.53,2021-09-30 02:00:00
2021-10-01,4,2021,0.614,0.257,28.55,28.33,MODIS,27.44,6.6,2021-10-01 02:00:00
2021-10-02,4,2021,0.608,0.186,28.9,25.16,MODIS,24.65,6.42,2021-10-02 02:00:00
2021-10-03,4,2021,0.612,0.383,29.09,27.26,MODIS,26.32,7.06,2021-10-03 02:00:00
2021-10-04,4,2021,0.617,0.337,29.62,22.77,MODIS,28.49,6.39,2021-10-04 02:00:00
2021-10-05,4,2021,0.621,0.232,28.72,23.04,MODIS,30.72,7.32,2021-10-05 02:00:00
2021-10-06,4,2021,0.601,0.175,30.53,25.78,MODIS,21.13,6.75,2021-10-06 02:00:00
2021-10-07,4,2021,0.606,0.221,29.36,26.95,MODIS,23.78,6.16,2021-10-07 02:00:00
2021-10-08,4,2021,0.613,0.173,28.85,27.49,MODIS,26.85,6.69,2021-10-08 02:00:00
2021-10-09,4,2021,0.608,0.212,29.76,27.56,MODIS,24.34,6.46,2021-10-09 02:00:00
2021-10-10,4,2021,0.604,0.242,29.38,22.23,MODIS,22.38,6.6,2021-10-10 02:00:00
2021-10-11,4,2021,0.639,0.22,29.16,29.68,MODIS,38.93,6.72,2021-10-11 02:00:00
2021-10-12,4,2021,0.627,0.218,28.57,29.05,MODIS,33.47,6.95,2021-10-12 02:00:00
2021-10-13,4,2021,0.607,0.199,28.24,24.73,MODIS,23.96,7.26,2021-10-13 02:00:00
2021-10-14,4,2021,0.614,0.215,29.34,25.09,MODIS,27.25,5.73,2021-10-14 02:00:00
2021-10-15,4,2021,0.627,0.281,30.52,23.09,MODIS,33.4,7.24,2021-10-15 02:00:00
2021-10-16,4,2021,0.601,0.249,28.36,25.01,MODIS,21.42,7.49,2021-10-16 02:00:00
2021-10-17,4,2021,0.596,0.307,29.12,25.29,MODIS,19.01,6.34,2021-10-17 02:00:00
2021-10-18,4,2021,0.59,0.292,29.32,26.5,MODIS,16.06,7.44,2021-10-18 02:00:00
2021-10-19,4,2021,0.591,0.319,28.8,27.77,MODIS,16.67,6.61,2021-10-19 02:00:00
2021-10-20,4,2021,0.616,0.203,29.53,24.7,MODIS,28.41,6.99,2021-10-20 02:00:00
2021-10-21,4,2021,0.637,0.238,29.03,28.11,MODIS,38.07,6.49,2021-10-21 02:00:00
2021-10-22,4,2021,0.576,0.253,27.82,27.81,MODIS,9.5,6.76,2021-10-22 02:00:00
2021-10-23,4,2021,0.6,0.466,29.19,26.36,MODIS,20.63,7.08,2021-10-23 02:00:00
2021-10-24,4,2021,0.619,0.215,30.49,25.55,MODIS,29.56,6.57,2021-10-24 02:00:00
2021-10-25,4,2021,0.601,0.182,28.79,21.82,MODIS,21.19,6.05,2021-10-25 02:00:00
2021-10-26,4,2021,0.622,0.278,29.53,23.16,MODIS,30.86,7.37,2021-10-26 02:00:00
2021-10-27,4,2021,0.639,0.177,28.87,23.8,MODIS,38.88,7.11,2021-10-27 02:00:00
2021-10-28,4,2021,0.597,0.211,28.75,26.36,MODIS,19.51,6.72,2021-10-28 02:00:00
2021-10-29,4,2021,0.59,0.235,29.6,27.25,MODIS,16.14,7.5,2021-10-29 02:00:00
2021-10-30,4,2021,0.58,0.364,29.75,28.19,MODIS,11.13,6.17,2021-10-30 02:00:00
2021-10-31,4,2021,0.582,0.272,28.58,27.38,MODIS,12.35,6.31,2021-10-31 02:00:00
2021-11-01,4,2021,0.591,0.216,29.55,25.92,MODIS,16.54,6.88,2021-11-01 02:00:00
2021-11-02,4,2021,0.616,0.206,29.71,26.22,MODIS,28.45,6.88,2021-11-02 02:00:00
2021-11-03,4,2021,0.603,0.317,28.67,25.48,MODIS,22.15,7.32,2021-11-03 02:00:00
2021-11-04,4,2021,0.578,0.197,29.61,27.69,MODIS,10.65,6.65,2021-11-04 02:00:00
2021-11-05,4,2021,0.582,0.575,29.71,24.44,MODIS,12.12,7.24,2021-11-05 02:00:00
2021-11-06,4,2021,0.602,0.228,29.09,28.78,MODIS,21.56,7.13,2021-11-06 02:00:00
2021-11-07,4,2021,0.587,0.209,29.26,29.23,MODIS,14.53,7.03,2021-11-07 02:00:00
2021-11-08,4,2021,0.61,0.174,29.32,25.77,MODIS,25.41,6.13,2021-11-08 02:00:00
2021-11-09,4,2021,0.587,0.199,28.82,22.96,MODIS,14.8,7.01,2021-11-09 02:00:00
2021-11-10,4,2021,0.604,0.212,28.3,27.41,MODIS,22.4,6.37,2021-11-10 02:00:00
2021-11-11,4,2021,0.614,0.211,29.52,25.85,MODIS,27.14,6.4,2021-11-11 02:00:00
2021-11-12,4,2021,0.594,0.192,28.92,29.0,MODIS,17.99,7.12,2021-11-12 02:00:00
2021-11-13,4,2021,0.605,0.213,29.0,23.79,MODIS,23.07,6.88,2021-11-13 02:00:00
2021-11-14,4,2021,0.57,0.225,29.56,22.93,MODIS,6.52,7.02,2021-11-14 02:00:00
2021-11-15,4,2021,0.617,0.204,29.66,24.39,MODIS,28.74,7.42,2021-11-15 02:00:00
2021-11-16,4,2021,0.589,0.298,28.63,27.16,MODIS,15.51,6.33,2021-11-16 02:00:00
2021-11-17,4,2021,0.588,0.276,29.65,24.85,MODIS,15.23,7.79,2021-11-17 02:00:00
2021-11-18,4,2021,0.583,0.212,30.23,24.34,MODIS,12.78,6.23,2021-11-18 02:00:00
2021-11-19,4,2021,0.581,0.168,30.48,24.33,MODIS,12.01,6.55,2021-11-19 02:00:00
2021-11-20,4,2021,0.615,0.227,30.05,25.51,MODIS,27.66,6.64,2021-11-20 02:00:00
2021-11-21,4,2021,0.6,0.205,29.14,21.92,MODIS,20.53,6.65,2021-11-21 02:00:00
2021-11-22,4,2021,0.604,0.35,29.78,27.06,MODIS,22.69,6.42,2021-11-22 02:00:00
2021-11-23,4,2021,0.594,0.369,30.14,22.87,MODIS,17.7,7.56,2021-11-23 02:00:00
2021-11-24,4,2021,0.573,0.211,29.51,21.55,MODIS,8.03,7.87,2021-11-24 02:00:00
2021-11-25,4,2021,0.579,0.202,27.97,26.58,MODIS,11.02,6.49,2021-11-25 02:00:00
2021-11-26,4,2021,0.594,0.281,29.61,23.62,MODIS,17.76,6.97,2021-11-26 02:00:00
2021-11-27,4,2021,0.615,0.207,29.42,26.35,MODIS,27.85,6.51,2021-11-27 02:00:00
2021-11-28,4,2021,0.578,0.324,29.85,20.97,MODIS,10.43,6.65,2021-11-28 02:00:00
2021-11-29,4,2021,0.609,0.151,29.86,25.54,MODIS,25.08,6.25,2021-11-29 02:00:00
2021-11-30,4,2021,0.589,0.235,30.69,22.36,MODIS,15.5,7.23,2021-11-30 02:00:00
2021-12-01,4,2021,0.571,0.231,30.19,24.53,MODIS,7.11,6.44,2021-12-01 02:00:00
2021-12-02,4,2021,0.582,0.198,30.8,24.92,MODIS,12.26,6.01,2021-12-02 02:00:00
2021-12-03,4,2021,0.606,0.352,28.63,22.99,MODIS,23.39,6.65,2021-12-03 02:00:00
2021-12-04,4,2021,0.569,0.276,28.93,21.81,MODIS,6.11,6.76,2021-12-04 02:00:00
2021-12-05,4,2021,0.587,0.246,29.23,24.43,MODIS,14.45,6.08,2021-12-05 02:00:00
2021-12-06,4,2021,0.575,0.221,29.9,25.56,MODIS,9.11,6.39,2021-12-06 02:00:00
2021-12-07,4,2021,0.559,0.296,29.33,24.72,MODIS,1.52,7.84,2021-12-07 02:00:00
2021-12-08,4,2021,0.604,0.218,29.89,24.86,MODIS,22.66,7.39,2021-12-08 02:00:00
2021-12-09,4,2021,0.594,0.35,29.69,27.61,MODIS,17.97,6.78,2021-12-09 02:00:00
2021-12-10,4,2021,0.593,0.212,29.92,25.66,MODIS,17.34,7.24,2021-12-10 02:00:00
2021-12-11,4,2021,0.604,0.501,28.77,27.16,MODIS,22.81,7.27,2021-12-11 02:00:00
2021-12-12,4,2021,0.564,0.198,29.73,24.53,MODIS,4.04,6.24,2021-12-12 02:00:00
2021-12-13,4,2021,0.581,0.286,29.78,29.15,MODIS,11.98,7.38,2021-12-13 02:00:00
2021-12-14,4,2021,0.573,0.297,29.6,24.22,MODIS,8.06,6.71,2021-12-14 02:00:00
2021-12-15,4,2021,0.569,0.249,30.6,24.14,MODIS,5.97,7.61,2021-12-15 02:00:00
2021-12-16,4,2021,0.573,0.232,30.58,24.09,MODIS,7.9,7.29,2021-12-16 02:00:00
2021-12-17,4,2021,0.556,0.218,30.08,28.28,MODIS,0.0,7.53,2021-12-17 02:00:00
2021-12-18,4,2021,0.581,0.21,30.64,27.05,MODIS,11.93,6.71,2021-12-18 02:00:00
2021-12-19,4,2021,0.586,0.43,28.87,23.25,MODIS,14.09,6.78,2021-12-19 02:00:00
2021-12-20,4,2021,0.567,0.341,28.6,28.22,MODIS,5.27,7.42,2021-12-20 02:00:00
2021-12-21,4,2021,0.557,0.384,29.5,26.6,MODIS,0.64,6.57,2021-12-21 02:00:00
2021-12-22,4,2021,0.59,0.379,29.87,21.22,MODIS,16.22,6.5,2021-12-22 02:00:00
2021-12-23,4,2021,0.573,0.188,30.24,25.29,MODIS,8.13,6.82,2021-12-23 02:00:00
2021-12-24,4,2021,0.563,0.221,30.41,25.03,MODIS,3.28,5.94,2021-12-24 02:00:00
2021-12-25,4,2021,0.581,0.221,29.83,26.71,MODIS,11.8,7.62,2021-12-25 02:00:00
2021-12-26,4,2021,0.569,0.228,30.52,23.21,MODIS,6.29,6.6,2021-12-26 02:00:00
2021-12-27,4,2021,0.563,0.174,29.76,20.49,MODIS,3.21,7.09,2021-12-27 02:00:00
2021-12-28,4,2021,0.581,0.212,31.86,22.33,MODIS,12.05,7.08,2021-12-28 02:00:00
2021-12-29,4,2021,0.586,0.202,29.47,24.05,MODIS,14.4,5.72,2021-12-29 02:00:00
2021-12-30,4,2021,0.586,0.265,31.1,27.01,MODIS,14.34,8.16,2021-12-30 02:00:00
2021-12-31,4,2021,0.574,0.175,30.9,24.95,MODIS,8.56,7.64,2021-12-31 02:00:00
2022-01-01,4,2022,0.752,0.219,26.26,28.78,MODIS,91.12,5.05,2022-01-01 02:00:00
2022-01-02,4,2022,0.75,0.229,26.42,30.32,MODIS,90.3,5.72,2022-01-02 02:00:00
2022-01-03,4,2022,0.739,0.325,26.54,26.12,MODIS,85.36,5.4,2022-01-03 02:00:00
2022-01-04,4,2022,0.724,0.291,25.68,30.54,MODIS,79.15,5.62,2022-01-04 02:00:00
2022-01-05,4,2022,0.724,0.404,26.03,29.1,MODIS,78.98,5.57,2022-01-05 02:00:00
2022-01-06,4,2022,0.759,0.201,26.21,29.83,MODIS,93.98,5.37,2022-01-06 02:00:00
2022-01-07,4,2022,0.757,0.173,26.95,34.89,MODIS,93.19,5.54,2022-01-07 02:00:00
2022-01-08,4,2022,0.761,0.218,26.16,29.63,MODIS,94.84,5.17,2022-01-08 02:00:00
2022-01-09,4,2022,0.75,0.214,26.88,31.38,MODIS,90.24,5.44,2022-01-09 02:00:00
2022-01-10,4,2022,0.749,0.206,26.4,26.56,MODIS,89.9,5.73,2022-01-10 02:00:00
2022-01-11,4,2022,0.77,0.21,25.45,27.77,MODIS,98.67,5.07,2022-01-11 02:00:00
2022-01-12,4,2022,0.751,0.208,25.7,25.38,MODIS,90.5,6.09,2022-01-12 02:00:00
2022-01-13,4,2022,0.753,0.201,27.06,25.69,MODIS,91.67,5.39,2022-01-13 02:00:00
2022-01-14,4,2022,0.771,0.19,26.08,33.22,MODIS,99.11,5.86,2022-01-14 02:00:00
2022-01-15,4,2022,0.712,0.238,25.82,32.41,MODIS,73.93,5.35,2022-01-15 02:00:00
2022-01-16,4,2022,0.746,0.238,26.5,23.82,MODIS,88.46,5.51,2022-01-16 02:00:00
2022-01-17,4,2022,0.716,0.199,25.06,32.24,MODIS,75.91,6.0,2022-01-17 02:00:00
2022-01-18,4,2022,0.735,0.217,27.0,31.4,MODIS,83.89,6.45,2022-01-18 02:00:00
2022-01-19,4,2022,0.728,0.258,27.13,28.5,MODIS,80.88,6.2,2022-01-19 02:00:00
2022-01-20,4,2022,0.744,0.23,26.46,32.05,MODIS,87.78,5.4,2022-01-20 02:00:00
2022-01-21,4,2022,0.748,0.262,27.54,34.79,MODIS,89.6,5.63,2022-01-21 02:00:00
2022-01-22,4,2022,0.743,0.24,25.51,26.12,MODIS,87.16,6.27,2022-01-22 02:00:00
2022-01-23,4,2022,0.736,0.201,24.87,30.53,MODIS,84.13,6.28,2022-01-23 02:00:00
2022-01-24,4,2022,0.735,0.244,26.08,25.71,MODIS,84.06,5.89,2022-01-24 02:00:00
2022-01-25,4,2022,0.773,0.263,25.73,31.23,MODIS,100.0,5.1,2022-01-25 02:00:00
2022-01-26,4,2022,0.768,0.223,27.08,30.02,MODIS,98.17,5.77,2022-01-26 02:00:00
2022-01-27,4,2022,0.747,0.213,26.7,29.11,MODIS,89.01,6.01,2022-01-27 02:00:00
2022-01-28,4,2022,0.749,0.207,26.36,33.32,MODIS,89.92,5.51,2022-01-28 02:00:00
2022-01-29,4,2022,0.74,0.289,26.96,28.97,MODIS,85.83,4.97,2022-01-29 02:00:00
2022-01-30,4,2022,0.747,0.235,25.5,26.9,MODIS,89.16,6.04,2022-01-30 02:00:00
2022-01-31,4,2022,0.733,0.231,26.99,31.01,MODIS,82.97,5.46,2022-01-31 02:00:00
2022-02-01,4,2022,0.733,0.241,25.9,27.6,MODIS,82.85,5.38,2022-02-01 02:00:00
2022-02-02,4,2022,0.749,0.196,26.29,27.36,MODIS,89.7,6.24,2022-02-02 02:00:00
2022-02-03,4,2022,0.764,0.224,26.58,27.67,MODIS,96.41,5.75,2022-02-03 02:00:00
2022-02-04,4,2022,0.727,0.223,25.11,31.51,MODIS,80.51,5.52,2022-02-04 02:00:00
2022-02-05,4,2022,0.711,0.229,25.7,29.07,MODIS,73.69,5.47,2022-02-05 02:00:00
2022-02-06,4,2022,0.727,0.244,26.08,27.89,MODIS,80.37,5.76,2022-02-06 02:00:00
2022-02-07,4,2022,0.759,0.227,26.45,28.45,MODIS,94.13,5.41,2022-02-07 02:00:00
2022-02-08,4,2022,0.721,0.192,26.96,31.92,MODIS,78.01,5.83,2022-02-08 02:00:00
2022-02-09,4,2022,0.714,0.275,26.58,24.95,MODIS,74.95,4.58,2022-02-09 02:00:00
2022-02-10,4,2022,0.739,0.247,27.22,29.16,MODIS,85.55,5.55,2022-02-10 02:00:00
2022-02-11,4,2022,0.725,0.257,27.66,27.88,MODIS,79.6,5.37,2022-02-11 02:00:00
2022-02-12,4,2022,0.711,0.224,27.09,28.38,MODIS,73.75,5.48,2022-02-12 02:00:00
2022-02-13,4,2022,0.723,0.19,25.86,31.02,MODIS,78.82,5.69,2022-02-13 02:00:00
2022-02-14,4,2022,0.751,0.213,25.7,28.31,MODIS,90.59,6.03,2022-02-14 02:00:00
2022-02-15,4,2022,0.705,0.184,26.61,31.62,MODIS,71.11,5.99,2022-02-15 02:00:00
2022-02-16,4,2022,0.707,0.27,25.98,28.11,MODIS,72.03,5.54,2022-02-16 02:00:00
2022-02-17,4,2022,0.736,0.202,26.99,29.17,MODIS,84.42,5.65,2022-02-17 02:00:00
2022-02-18,4,2022,0.717,0.221,27.03,27.46,MODIS,76.17,5.87,2022-02-18 02:00:00
2022-02-19,4,2022,0.732,0.189,26.57,28.83,MODIS,82.6,5.63,2022-02-19 02:00:00
2022-02-20,4,2022,0.759,0.213,24.95,26.1,MODIS,93.99,6.26,2022-02-20 02:00:00
2022-02-21,4,2022,0.72,0.25,26.08,32.08,MODIS,77.61,6.6,2022-02-21 02:00:00
2022-02-22,4,2022,0.727,0.178,26.19,30.15,MODIS,80.48,4.71,2022-02-22 02:00:00
2022-02-23,4,2022,0.764,0.248,25.5,27.15,MODIS,96.2,6.06,2022-02-23 02:00:00
2022-02-24,4,2022,0.727,0.271,27.53,26.68,MODIS,80.42,5.7,2022-02-24 02:00:00
2022-02-25,4,2022,0.726,0.209,26.26,30.71,MODIS,79.9,4.68,2022-02-25 02:00:00
2022-02-26,4,2022,0.724,0.212,27.72,30.29,MODIS,79.16,5.68,2022-02-26 02:00:00
2022-02-27,4,2022,0.715,0.293,25.89,30.45,MODIS,75.19,5.89,2022-02-27 02:00:00
2022-02-28,4,2022,0.724,0.211,26.77,27.89,MODIS,79.29,5.66,2022-02-28 02:00:00
2022-03-01,4,2022,0.733,0.212,27.35,29.11,MODIS,83.05,5.56,2022-03-01 02:00:00
2022-03-02,4,2022,0.752,0.29,27.01,24.74,MODIS,91.04,5.78,2022-03-02 02:00:00
2022-03-03,4,2022,0.719,0.206,27.63,26.68,MODIS,77.08,5.46,2022-03-03 02:00:00
2022-03-04,4,2022,0.719,0.229,24.6,26.81,MODIS,77.04,5.79,2022-03-04 02:00:00
2022-03-05,4,2022,0.704,0.195,27.21,29.15,MODIS,70.54,6.02,2022-03-05 02:00:00
2022-03-06,4,2022,0.717,0.238,26.13,28.03,MODIS,76.21,5.44,2022-03-06 02:00:00
2022-03-07,4,2022,0.701,0.317,27.95,28.62,MODIS,69.38,5.94,2022-03-07 02:00:00
2022-03-08,4,2022,0.713,0.245,25.91,28.42,MODIS,74.24,5.24,2022-03-08 02:00:00
2022-03-09,4,2022,0.696,0.215,26.08,29.18,MODIS,67.04,6.0,2022-03-09 02:00:00
2022-03-10,4,2022,0.712,0.351,26.54,32.61,MODIS,73.82,5.65,2022-03-10 02:00:00
2022-03-11,4,2022,0.707,0.249,25.03,28.05,MODIS,71.81,5.54,2022-03-11 02:00:00
2022-03-12,4,2022,0.71,0.209,27.52,31.85,MODIS,73.32,5.09,2022-03-12 02:00:00
2022-03-13,4,2022,0.695,0.263,26.86,28.96,MODIS,66.93,5.59,2022-03-13 02:00:00
2022-03-14,4,2022,0.697,0.207,25.53,29.53,MODIS,67.71,5.84,2022-03-14 02:00:00
2022-03-15,4,2022,0.703,0.241,27.37,28.77,MODIS,70.3,5.38,2022-03-15 02:00:00
2022-03-16,4,2022,0.725,0.218,26.24,29.81,MODIS,79.67,5.43,2022-03-16 02:00:00
2022-03-17,4,2022,0.698,0.2,27.04,26.24,MODIS,67.98,5.95,2022-03-17 02:00:00
2022-03-18,4,2022,0.714,0.239,24.16,28.89,MODIS,74.92,5.32,2022-03-18 02:00:00
2022-03-19,4,2022,0.702,0.272,25.53,28.61,MODIS,69.51,6.45,2022-03-19 02:00:00
2022-03-20,4,2022,0.704,0.237,26.09,30.02,MODIS,70.49,4.96,2022-03-20 02:00:00
2022-03-21,4,2022,0.675,0.243,27.41,27.74,MODIS,58.17,5.57,2022-03-21 02:00:00
2022-03-22,4,2022,0.696,0.23,27.34,26.27,MODIS,67.32,5.54,2022-03-22 02:00:00
2022-03-23,4,2022,0.7,0.247,26.53,31.02,MODIS,69.01,5.58,2022-03-23 02:00:00
2022-03-24,4,2022,0.73,0.238,26.83,28.83,MODIS,81.77,6.75,2022-03-24 02:00:00
2022-03-25,4,2022,0.71,0.223,27.17,30.04,MODIS,73.17,6.42,2022-03-25 02:00:00
2022-03-26,4,2022,0.712,0.273,28.87,26.46,MODIS,74.09,5.84,2022-03-26 02:00:00
2022-03-27,4,2022,0.714,0.192,26.5,28.09,MODIS,75.07,6.64,2022-03-27 02:00:00
2022-03-28,4,2022,0.702,0.204,27.19,24.11,MODIS,69.7,5.08,2022-03-28 02:00:00
2022-03-29,4,2022,0.723,0.313,26.1,27.5,MODIS,78.91,5.63,2022-03-29 02:00:00
2022-03-30,4,2022,0.705,0.251,27.21,24.32,MODIS,71.04,5.55,2022-03-30 02:00:00
2022-03-31,4,2022,0.707,0.212,27.34,28.37,MODIS,72.06,5.88,2022-03-31 02:00:00
2022-04-01,4,2022,0.696,0.241,26.39,28.94,MODIS,67.06,5.95,2022-04-01 02:00:00
2022-04-02,4,2022,0.703,0.284,26.72,28.92,MODIS,70.09,5.74,2022-04-02 02:00:00
2022-04-03,4,2022,0.709,0.223,28.09,28.9,MODIS,72.62,5.44,2022-04-03 02:00:00
2022-04-04,4,2022,0.726,0.234,26.57,27.14,MODIS,79.99,5.75,2022-04-04 02:00:00
2022-04-05,4,2022,0.707,0.214,28.27,28.63,MODIS,72.07,6.11,2022-04-05 02:00:00
2022-04-06,4,2022,0.723,0.246,26.65,26.16,MODIS,78.78,6.56,2022-04-06 02:00:00
2022-04-07,4,2022,0.713,0.222,26.02,27.54,MODIS,74.6,5.66,2022-04-07 02:00:00
2022-04-08,4,2022,0.712,0.231,26.36,26.06,MODIS,74.12,6.64,2022-04-08 02:00:00
2022-04-09,4,2022,0.694,0.231,27.14,25.27,MODIS,66.21,5.73,2022-04-09 02:00:00
2022-04-10,4,2022,0.703,0.278,26.81,27.6,MODIS,70.07,6.85,2022-04-10 02:00:00
2022-04-11,4,2022,0.686,0.21,27.87,28.32,MODIS,62.89,6.25,2022-04-11 02:00:00
2022-04-12,4,2022,0.714,0.214,27.43,31.29,MODIS,75.06,6.28,2022-04-12 02:00:00
2022-04-13,4,2022,0.691,0.231,27.47,25.38,MODIS,65.03,5.07,2022-04-13 02:00:00
2022-04-14,4,2022,0.704,0.252,26.68,29.27,MODIS,70.53,7.13,2022-04-14 02:00:00
2022-04-15,4,2022,0.695,0.316,28.76,26.51,MODIS,66.88,5.67,2022-04-15 02:00:00
2022-04-16,4,2022,0.711,0.213,27.24,28.27,MODIS,73.73,5.99,2022-04-16 02:00:00
2022-04-17,4,2022,0.719,0.211,28.08,30.24,MODIS,76.89,6.22,2022-04-17 02:00:00
2022-04-18,4,2022,0.695,0.304,26.16,29.22,MODIS,66.66,5.92,2022-04-18 02:00:00
2022-04-19,4,2022,0.708,0.248,27.3,29.82,MODIS,72.5,5.58,2022-04-19 02:00:00
2022-04-20,4,2022,0.686,0.294,27.64,25.52,MODIS,63.06,5.9,2022-04-20 02:00:00
2022-04-21,4,2022,0.684,0.241,27.59,27.26,MODIS,61.89,6.91,2022-04-21 02:00:00
2022-04-22,4,2022,0.673,0.238,26.75,31.38,MODIS,57.1,6.12,2022-04-22 02:00:00
2022-04-23,4,2022,0.681,0.306,26.8,26.53,MODIS,60.63,5.76,2022-04-23 02:00:00
2022-04-24,4,2022,0.7,0.21,27.16,26.19,MODIS,68.91,5.96,2022-04-24 02:00:00
2022-04-25,4,2022,0.665,0.243,28.16,27.43,MODIS,53.92,5.4,2022-04-25 02:00:00
2022-04-26,4,2022,0.699,0.224,27.16,25.65,MODIS,68.59,5.95,2022-04-26 02:00:00
2022-04-27,4,2022,0.683,0.312,25.75,30.08,MODIS,61.69,5.48,2022-04-27 02:00:00
2022-04-28,4,2022,0.684,0.247,26.72,28.28,MODIS,61.94,6.27,2022-04-28 02:00:00
2022-04-29,4,2022,0.711,0.262,27.25,29.09,MODIS,73.69,6.5,2022-04-29 02:00:00
2022-04-30,4,2022,0.69,0.21,26.76,29.22,MODIS,64.76,6.03,2022-04-30 02:00:00
2022-05-01,4,2022,0.694,0.17,27.1,29.44,MODIS,66.37,5.28,2022-05-01 02:00:00
2022-05-02,4,2022,0.688,0.214,27.51,30.87,MODIS,63.82,5.61,2022-05-02 02:00:00
2022-05-03,4,2022,0.675,0.24,27.92,28.18,MODIS,57.94,6.5,2022-05-03 02:00:00
2022-05-04,4,2022,0.666,0.353,27.58,26.34,MODIS,54.16,6.23,2022-05-04 02:00:00
2022-05-05,4,2022,0.695,0.181,26.84,30.24,MODIS,66.85,5.91,2022-05-05 02:00:00
2022-05-06,4,2022,0.677,0.25,27.54,25.16,MODIS,59.13,5.99,2022-05-06 02:00:00
2022-05-07,4,2022,0.672,0.2,25.97,29.04,MODIS,56.74,6.34,2022-05-07 02:00:00
2022-05-08,4,2022,0.683,0.194,28.02,30.22,MODIS,61.41,6.29,2022-05-08 02:00:00
2022-05-09,4,2022,0.694,0.257,27.9,25.38,MODIS,66.5,6.26,2022-05-09 02:00:00
2022-05-10,4,2022,0.678,0.334,27.13,27.93,MODIS,59.49,5.99,2022-05-10 02:00:00
2022-05-11,4,2022,0.688,0.211,26.0,28.15,MODIS,63.82,6.14,2022-05-11 02:00:00
2022-05-12,4,2022,0.684,0.191,27.56,27.5,MODIS,61.95,6.73,2022-05-12 02:00:00
2022-05-13,4,2022,0.695,0.235,27.7,29.04,MODIS,66.59,6.08,2022-05-13 02:00:00
2022-05-14,4,2022,0.682,0.209,27.83,29.67,MODIS,61.09,5.99,2022-05-14 02:00:00
2022-05-15,4,2022,0.709,0.229,27.69,26.39,MODIS,72.88,6.88,2022-05-15 02:00:00
2022-05-16,4,2022,0.697,0.239,26.85,26.5,MODIS,67.54,6.13,2022-05-16 02:00:00
2022-05-17,4,2022,0.675,0.231,28.19,29.49,MODIS,58.1,5.9,2022-05-17 02:00:00
2022-05-18,4,2022,0.675,0.241,27.27,27.21,MODIS,58.07,5.49,2022-05-18 02:00:00
2022-05-19,4,2022,0.675,0.191,27.45,28.31,MODIS,58.18,5.76,2022-05-19 02:00:00
2022-05-20,4,2022,0.688,0.208,27.67,27.26,MODIS,63.81,6.33,2022-05-20 02:00:00
2022-05-21,4,2022,0.667,0.25,25.91,26.85,MODIS,54.64,6.18,2022-05-21 02:00:00
2022-05-22,4,2022,0.704,0.309,28.41,30.42,MODIS,70.46,6.01,2022-05-22 02:00:00
2022-05-23,4,2022,0.684,0.202,27.55,29.71,MODIS,61.92,6.42,2022-05-23 02:00:00
2022-05-24,4,2022,0.701,0.212,27.21,27.29,MODIS,69.32,6.99,2022-05-24 02:00:00
2022-05-25,4,2022,0.672,0.206,28.35,29.5,MODIS,56.93,6.82,2022-05-25 02:00:00
2022-05-26,4,2022,0.696,0.207,28.02,28.55,MODIS,67.35,6.94,2022-05-26 02:00:00
2022-05-27,4,2022,0.68,0.254,28.07,28.51,MODIS,60.18,6.76,2022-05-27 02:00:00
2022-05-28,4,2022,0.671,0.205,27.67,28.96,MODIS,56.64,5.87,2022-05-28 02:00:00
2022-05-29,4,2022,0.665,0.2,28.15,26.36,MODIS,53.97,5.22,2022-05-29 02:00:00
2022-05-30,4,2022,0.69,0.212,27.49,27.96,MODIS,64.68,6.19,2022-05-30 02:00:00
2022-05-31,4,2022,0.69,0.171,27.6,28.37,MODIS,64.42,6.38,2022-05-31 02:00:00
2022-06-01,4,2022,0.695,0.211,27.21,28.13,MODIS,66.79,5.51,2022-06-01 02:00:00
2022-06-02,4,2022,0.675,0.27,28.29,28.43,MODIS,58.04,6.01,2022-06-02 02:00:00
2022-06-03,4,2022,0.657,0.294,25.83,24.91,MODIS,50.25,6.97,2022-06-03 02:00:00
2022-06-04,4,2022,0.66,0.186,27.13,29.59,MODIS,51.69,6.52,2022-06-04 02:00:00
2022-06-05,4,2022,0.668,0.17,28.29,29.06,MODIS,55.08,6.31,2022-06-05 02:00:00
2022-06-06,4,2022,0.669,0.275,27.1,26.38,MODIS,55.71,6.49,2022-06-06 02:00:00
2022-06-07,4,2022,0.684,0.216,27.13,26.04,MODIS,62.06,6.78,2022-06-07 02:00:00
2022-06-08,4,2022,0.7,0.189,27.83,26.88,MODIS,68.68,6.3,2022-06-08 02:00:00
2022-06-09,4,2022,0.677,0.203,28.45,29.1,MODIS,59.13,6.81,2022-06-09 02:00:00
2022-06-10,4,2022,0.676,0.18,28.73,28.49,MODIS,58.61,5.88,2022-06-10 02:00:00
2022-06-11,4,2022,0.664,0.326,27.47,28.42,MODIS,53.47,5.65,2022-06-11 02:00:00
2022-06-12,4,2022,0.685,0.213,27.85,29.67,MODIS,62.41,5.96,2022-06-12 02:00:00
2022-06-13,4,2022,0.662,0.229,28.94,25.2,MODIS,52.4,5.83,2022-06-13 02:00:00
2022-06-14,4,2022,0.653,0.349,27.68,24.84,MODIS,48.8,5.92,2022-06-14 02:00:00
2022-06-15,4,2022,0.673,0.258,27.89,28.37,MODIS,57.42,5.97,2022-06-15 02:00:00
2022-06-16,4,2022,0.655,0.216,28.36,28.59,MODIS,49.45,6.11,2022-06-16 02:00:00
2022-06-17,4,2022,0.648,0.26,27.77,28.53,MODIS,46.65,5.94,2022-06-17 02:00:00
2022-06-18,4,2022,0.651,0.402,28.67,28.89,MODIS,47.93,6.34,2022-06-18 02:00:00
2022-06-19,4,2022,0.653,0.273,27.97,28.17,MODIS,48.9,5.96,2022-06-19 02:00:00
2022-06-20,4,2022,0.674,0.229,29.15,29.54,MODIS,57.59,5.36,2022-06-20 02:00:00
2022-06-21,4,2022,0.669,0.16,27.74,27.0,MODIS,55.63,6.77,2022-06-21 02:00:00
2022-06-22,4,2022,0.671,0.183,26.91,26.44,MODIS,56.58,5.05,2022-06-22 02:00:00
2022-06-23,4,2022,0.653,0.204,28.09,28.08,MODIS,48.65,6.91,2022-06-23 02:00:00
2022-06-24,4,2022,0.655,0.223,28.06,27.89,MODIS,49.38,5.99,2022-06-24 02:00:00
2022-06-25,4,2022,0.639,0.183,27.69,28.0,MODIS,42.67,7.22,2022-06-25 02:00:00
2022-06-26,4,2022,0.67,0.251,26.84,25.79,MODIS,55.84,6.44,2022-06-26 02:00:00
2022-06-27,4,2022,0.659,0.197,28.26,29.15,MODIS,51.27,6.82,2022-06-27 02:00:00
2022-06-28,4,2022,0.653,0.273,27.58,26.55,MODIS,48.6,6.36,2022-06-28 02:00:00
2022-06-29,4,2022,0.651,0.174,27.83,26.34,MODIS,47.86,5.83,2022-06-29 02:00:00
2022-06-30,4,2022,0.621,0.266,27.99,25.3,MODIS,35.12,6.97,2022-06-30 02:00:00
2022-07-01,4,2022,0.651,0.191,28.01,29.9,MODIS,47.68,5.99,2022-07-01 02:00:00
2022-07-02,4,2022,0.664,0.239,27.29,27.51,MODIS,53.23,7.03,2022-07-02 02:00:00
2022-07-03,4,2022,0.656,0.178,27.34,25.4,MODIS,49.94,6.49,2022-07-03 02:00:00
2022-07-04,4,2022,0.658,0.228,27.66,24.21,MODIS,50.9,5.19,2022-07-04 02:00:00
2022-07-05,4,2022,0.649,0.19,28.28,28.36,MODIS,46.96,5.9,2022-07-05 02:00:00
2022-07-06,4,2022,0.651,0.234,27.6,27.21,MODIS,47.99,6.1,2022-07-06 02:00:00
2022-07-07,4,2022,0.645,0.225,29.04,26.13,MODIS,45.15,5.74,2022-07-07 02:00:00
2022-07-08,4,2022,0.625,0.238,29.41,29.04,MODIS,36.51,5.96,2022-07-08 02:00:00
2022-07-09,4,2022,0.655,0.216,28.47,29.16,MODIS,49.74,6.1,2022-07-09 02:00:00
2022-07-10,4,2022,0.668,0.231,27.35,30.65,MODIS,55.07,5.91,2022-07-10 02:00:00
2022-07-11,4,2022,0.642,0.234,27.21,29.03,MODIS,43.83,5.78,2022-07-11 02:00:00
2022-07-12,4,2022,0.635,0.187,27.19,26.43,MODIS,40.82,6.22,2022-07-12 02:00:00
2022-07-13,4,2022,0.646,0.242,28.0,22.01,MODIS,45.65,7.22,2022-07-13 02:00:00
2022-07-14,4,2022,0.635,0.208,28.46,29.4,MODIS,40.85,6.12,2022-07-14 02:00:00
2022-07-15,4,2022,0.658,0.185,26.72,28.35,MODIS,50.91,5.98,2022-07-15 02:00:00
2022-07-16,4,2022,0.663,0.378,28.39,25.93,MODIS,53.04,6.47,2022-07-16 02:00:00
2022-07-17,4,2022,0.663,0.236,27.45,22.35,MODIS,53.04,6.44,2022-07-17 02:00:00
2022-07-18,4,2022,0.664,0.185,28.26,30.01,MODIS,53.43,7.2,2022-07-18 02:00:00
2022-07-19,4,2022,0.644,0.204,27.89,28.93,MODIS,44.89,6.25,2022-07-19 02:00:00
2022-07-20,4,2022,0.679,0.162,27.79,26.14,MODIS,59.84,6.57,2022-07-20 02:00:00
2022-07-21,4,2022,0.667,0.197,27.29,27.35,MODIS,54.86,6.28,2022-07-21 02:00:00
2022-07-22,4,2022,0.689,0.273,28.41,26.7,MODIS,64.33,5.92,2022-07-22 02:00:00
2022-07-23,4,2022,0.648,0.214,28.04,27.6,MODIS,46.53,6.62,2022-07-23 02:00:00
2022-07-24,4,2022,0.655,0.224,28.08,24.99,MODIS,49.46,6.68,2022-07-24 02:00:00
2022-07-25,4,2022,0.601,0.239,28.35,23.74,MODIS,26.52,6.61,2022-07-25 02:00:00
2022-07-26,4,2022,0.646,0.213,28.58,27.41,MODIS,45.75,6.16,2022-07-26 02:00:00
2022-07-27,4,2022,0.625,0.241,28.11,26.94,MODIS,36.78,6.29,2022-07-27 02:00:00
2022-07-28,4,2022,0.66,0.312,27.62,30.6,MODIS,51.57,6.02,2022-07-28 02:00:00
2022-07-29,4,2022,0.628,0.238,27.94,25.99,MODIS,38.18,6.26,2022-07-29 02:00:00
2022-07-30,4,2022,0.625,0.217,29.56,29.14,MODIS,36.55,7.02,2022-07-30 02:00:00
2022-07-31,4,2022,0.639,0.204,28.32,26.67,MODIS,42.62,6.13,2022-07-31 02:00:00
2022-08-01,4,2022,0.643,0.22,28.8,27.96,MODIS,44.24,5.82,2022-08-01 02:00:00
2022-08-02,4,2022,0.655,0.203,28.87,24.88,MODIS,49.67,5.14,2022-08-02 02:00:00
2022-08-03,4,2022,0.619,0.21,28.25,25.32,MODIS,34.18,6.21,2022-08-03 02:00:00
2022-08-04,4,2022,0.643,0.357,27.88,25.48,MODIS,44.31,5.91,2022-08-04 02:00:00
2022-08-05,4,2022,0.66,0.208,29.27,27.85,MODIS,51.55,6.17,2022-08-05 02:00:00
2022-08-06,4,2022,0.66,0.333,28.14,27.94,MODIS,51.86,6.54,2022-08-06 02:00:00
2022-08-07,4,2022,0.627,0.253,27.9,28.86,MODIS,37.44,6.4,2022-08-07 02:00:00
2022-08-08,4,2022,0.631,0.157,27.82,30.52,MODIS,39.48,6.44,2022-08-08 02:00:00
2022-08-09,4,2022,0.62,0.26,28.43,24.45,MODIS,34.56,6.39,2022-08-09 02:00:00
2022-08-10,4,2022,0.632,0.302,27.81,24.34,MODIS,39.61,6.65,2022-08-10 02:00:00
2022-08-11,4,2022,0.645,0.244,29.5,27.24,MODIS,45.1,6.7,2022-08-11 02:00:00
2022-08-12,4,2022,0.638,0.187,29.23,25.39,MODIS,42.28,6.65,2022-08-12 02:00:00
2022-08-13,4,2022,0.629,0.251,29.2,26.14,MODIS,38.48,6.39,2022-08-13 02:00:00
2022-08-14,4,2022,0.681,0.23,29.1,25.16,MODIS,60.62,6.13,2022-08-14 02:00:00
2022-08-15,4,2022,0.629,0.264,28.15,28.1,MODIS,38.26,6.32,2022-08-15 02:00:00
2022-08-16,4,2022,0.623,0.265,28.87,24.64,MODIS,35.83,5.85,2022-08-16 02:00:00
2022-08-17,4,2022,0.628,0.261,28.54,26.15,MODIS,38.2,5.99,2022-08-17 02:00:00
2022-08-18,4,2022,0.632,0.193,28.9,25.42,MODIS,39.73,6.11,2022-08-18 02:00:00
2022-08-19,4,2022,0.623,0.198,29.03,27.89,MODIS,35.69,6.47,2022-08-19 02:00:00
2022-08-20,4,2022,0.646,0.156,28.82,24.65,MODIS,45.61,6.63,2022-08-20 02:00:00
2022-08-21,4,2022,0.646,0.163,28.42,24.75,MODIS,45.57,5.74,2022-08-21 02:00:00
2022-08-22,4,2022,0.646,0.221,27.97,28.53,MODIS,45.77,6.6,2022-08-22 02:00:00
2022-08-23,4,2022,0.63,0.26,29.78,26.13,MODIS,38.96,6.49,2022-08-23 02:00:00
2022-08-24,4,2022,0.644,0.234,28.45,25.52,MODIS,44.74,6.46,2022-08-24 02:00:00
2022-08-25,4,2022,0.654,0.254,28.23,27.5,MODIS,48.97,5.98,2022-08-25 02:00:00
2022-08-26,4,2022,0.637,0.167,28.14,29.08,MODIS,41.93,5.82,2022-08-26 02:00:00
2022-08-27,4,2022,0.604,0.385,28.52,28.11,MODIS,27.8,6.0,2022-08-27 02:00:00
2022-08-28,4,2022,0.608,0.201,28.44,26.79,MODIS,29.43,6.09,2022-08-28 02:00:00
2022-08-29,4,2022,0.643,0.193,29.01,29.7,MODIS,44.27,6.41,2022-08-29 02:00:00
2022-08-30,4,2022,0.664,0.254,27.74,28.78,MODIS,53.32,6.6,2022-08-30 02:00:00
2022-08-31,4,2022,0.612,0.21,27.91,27.21,MODIS,31.02,6.38,2022-08-31 02:00:00
2022-09-01,4,2022,0.624,0.183,27.63,24.52,MODIS,36.38,5.9,2022-09-01 02:00:00
2022-09-02,4,2022,0.619,0.223,28.75,29.96,MODIS,34.17,6.66,2022-09-02 02:00:00
2022-09-03,4,2022,0.623,0.185,29.73,28.15,MODIS,35.94,5.61,2022-09-03 02:00:00
2022-09-04,4,2022,0.618,0.266,28.13,27.31,MODIS,33.69,5.98,2022-09-04 02:00:00
2022-09-05,4,2022,0.639,0.226,29.23,22.67,MODIS,42.61,6.85,2022-09-05 02:00:00
2022-09-06,4,2022,0.652,0.249,27.98,24.2,MODIS,48.24,6.2,2022-09-06 02:00:00
2022-09-07,4,2022,0.614,0.226,28.52,29.01,MODIS,31.94,6.43,2022-09-07 02:00:00
2022-09-08,4,2022,0.612,0.229,27.84,27.12,MODIS,31.13,6.08,2022-09-08 02:00:00
2022-09-09,4,2022,0.619,0.205,28.93,27.49,MODIS,34.07,5.7,2022-09-09 02:00:00
2022-09-10,4,2022,0.629,0.218,28.08,24.32,MODIS,38.41,7.32,2022-09-10 02:00:00
2022-09-11,4,2022,0.625,0.188,28.42,28.79,MODIS,36.69,6.7,2022-09-11 02:00:00
2022-09-12,4,2022,0.632,0.324,28.25,24.58,MODIS,39.71,6.45,2022-09-12 02:00:00
2022-09-13,4,2022,0.607,0.282,28.7,27.65,MODIS,28.79,6.19,2022-09-13 02:00:00
2022-09-14,4,2022,0.633,0.244,28.54,27.23,MODIS,40.32,5.49,2022-09-14 02:00:00
2022-09-15,4,2022,0.607,0.249,27.98,23.63,MODIS,28.92,6.03,2022-09-15 02:00:00
2022-09-16,4,2022,0.614,0.216,30.55,24.86,MODIS,31.96,6.35,2022-09-16 02:00:00
2022-09-17,4,2022,0.61,0.243,29.35,27.9,MODIS,30.37,6.54,2022-09-17 02:00:00
2022-09-18,4,2022,0.619,0.249,29.28,26.76,MODIS,34.0,6.38,2022-09-18 02:00:00
2022-09-19,4,2022,0.624,0.291,27.93,25.92,MODIS,36.44,5.64,2022-09-19 02:00:00
2022-09-20,4,2022,0.608,0.252,28.86,25.23,MODIS,29.28,7.65,2022-09-20 02:00:00
2022-09-21,4,2022,0.614,0.228,29.99,26.42,MODIS,31.9,6.44,2022-09-21 02:00:00
2022-09-22,4,2022,0.618,0.25,29.02,24.66,MODIS,33.8,5.77,2022-09-22 02:00:00
2022-09-23,4,2022,0.627,0.242,29.45,24.01,MODIS,37.47,6.58,2022-09-23 02:00:00
2022-09-24,4,2022,0.62,0.216,29.19,25.59,MODIS,34.6,6.18,2022-09-24 02:00:00
2022-09-25,4,2022,0.614,0.404,30.52,22.73,MODIS,31.89,6.37,2022-09-25 02:00:00
2022-09-26,4,2022,0.606,0.212,30.2,24.6,MODIS,28.78,6.79,2022-09-26 02:00:00
2022-09-27,4,2022,0.638,0.23,28.88,25.24,MODIS,42.47,6.49,2022-09-27 02:00:00
2022-09-28,4,2022,0.618,0.285,30.04,25.15,MODIS,33.91,5.32,2022-09-28 02:00:00
2022-09-29,4,2022,0.619,0.24,29.32,26.69,MODIS,34.22,7.15,2022-09-29 02:00:00
2022-09-30,4,2022,0.618,0.17,29.45,27.33,MODIS,33.67,6.39,2022-09-30 02:00:00
2022-10-01,4,2022,0.606,0.212,28.57,23.83,MODIS,28.51,6.94,2022-10-01 02:00:00
2022-10-02,4,2022,0.619,0.197,28.5,25.75,MODIS,34.1,6.26,2022-10-02 02:00:00
2022-10-03,4,2022,0.606,0.206,29.06,25.43,MODIS,28.73,6.68,2022-10-03 02:00:00
2022-10-04,4,2022,0.618,0.6,29.47,26.54,MODIS,33.91,7.39,2022-10-04 02:00:00
2022-10-05,4,2022,0.603,0.205,30.35,23.63,MODIS,27.11,6.31,2022-10-05 02:00:00
2022-10-06,4,2022,0.6,0.193,29.92,23.51,MODIS,26.1,6.52,2022-10-06 02:00:00
2022-10-07,4,2022,0.604,0.178,29.96,24.37,MODIS,27.84,6.65,2022-10-07 02:00:00
2022-10-08,4,2022,0.583,0.3,28.24,26.27,MODIS,18.83,6.42,2022-10-08 02:00:00
2022-10-09,4,2022,0.636,0.186,28.08,29.82,MODIS,41.22,6.63,2022-10-09 02:00:00
2022-10-10,4,2022,0.607,0.256,28.03,26.64,MODIS,28.83,6.91,2022-10-10 02:00:00
2022-10-11,4,2022,0.618,0.335,27.31,26.48,MODIS,33.64,6.56,2022-10-11 02:00:00
2022-10-12,4,2022,0.589,0.272,27.84,22.33,MODIS,21.46,7.33,2022-10-12 02:00:00
2022-10-13,4,2022,0.629,0.203,29.12,27.44,MODIS,38.22,6.99,2022-10-13 02:00:00
2022-10-14,4,2022,0.601,0.207,29.23,25.46,MODIS,26.23,6.3,2022-10-14 02:00:00
2022-10-15,4,2022,0.619,0.208,29.8,24.84,MODIS,33.95,6.65,2022-10-15 02:00:00
2022-10-16,4,2022,0.611,0.273,29.66,24.61,MODIS,30.86,6.94,2022-10-16 02:00:00
2022-10-17,4,2022,0.621,0.252,29.21,25.75,MODIS,35.13,6.59,2022-10-17 02:00:00
2022-10-18,4,2022,0.615,0.213,28.47,21.52,MODIS,32.32,6.82,2022-10-18 02:00:00
2022-10-19,4,2022,0.61,0.215,28.44,26.75,MODIS,30.26,6.45,2022-10-19 02:00:00
2022-10-20,4,2022,0.579,0.212,28.13,24.86,MODIS,17.01,7.11,2022-10-20 02:00:00
2022-10-21,4,2022,0.604,0.274,28.3,24.63,MODIS,27.85,6.84,2022-10-21 02:00:00
2022-10-22,4,2022,0.602,0.242,29.08,21.7,MODIS,26.71,6.95,2022-10-22 02:00:00
2022-10-23,4,2022,0.607,0.183,29.42,22.93,MODIS,29.02,6.58,2022-10-23 02:00:00
2022-10-24,4,2022,0.59,0.201,30.09,25.0,MODIS,21.9,6.81,2022-10-24 02:00:00
2022-10-25,4,2022,0.618,0.239,28.63,24.71,MODIS,33.86,6.12,2022-10-25 02:00:00
2022-10-26,4,2022,0.595,0.196,28.75,26.05,MODIS,23.72,7.05,2022-10-26 02:00:00
2022-10-27,4,2022,0.604,0.174,29.33,26.11,MODIS,27.7,6.46,2022-10-27 02:00:00
2022-10-28,4,2022,0.587,0.299,28.83,26.91,MODIS,20.44,6.84,2022-10-28 02:00:00
2022-10-29,4,2022,0.583,0.206,29.01,24.71,MODIS,18.72,7.01,2022-10-29 02:00:00
2022-10-30,4,2022,0.581,0.204,30.14,23.9,MODIS,17.68,5.89,2022-10-30 02:00:00
2022-10-31,4,2022,0.578,0.152,29.33,23.27,MODIS,16.38,7.84,2022-10-31 02:00:00
2022-11-01,4,2022,0.62,0.2,29.98,22.22,MODIS,34.48,6.49,2022-11-01 02:00:00
2022-11-02,4,2022,0.601,0.212,29.97,18.54,MODIS,26.43,6.7,2022-11-02 02:00:00
2022-11-03,4,2022,0.602,0.181,29.15,24.21,MODIS,27.03,6.67,2022-11-03 02:00:00
2022-11-04,4,2022,0.593,0.177,28.8,25.84,MODIS,22.91,7.15,2022-11-04 02:00:00
2022-11-05,4,2022,0.6,0.19,28.69,23.04,MODIS,25.81,6.33,2022-11-05 02:00:00
2022-11-06,4,2022,0.62,0.218,29.6,23.57,MODIS,34.46,6.43,2022-11-06 02:00:00
2022-11-07,4,2022,0.593,0.207,29.71,27.74,MODIS,23.19,6.53,2022-11-07 02:00:00
2022-11-08,4,2022,0.592,0.184,30.51,24.53,MODIS,22.42,7.48,2022-11-08 02:00:00
2022-11-09,4,2022,0.613,0.21,29.91,20.39,MODIS,31.45,7.0,2022-11-09 02:00:00
2022-11-10,4,2022,0.579,0.26,29.83,25.08,MODIS,17.0,7.23,2022-11-10 02:00:00
2022-11-11,4,2022,0.596,0.212,28.81,24.53,MODIS,24.49,5.79,2022-11-11 02:00:00
2022-11-12,4,2022,0.614,0.232,28.67,24.47,MODIS,31.99,6.95,2022-11-12 02:00:00
2022-11-13,4,2022,0.589,0.345,28.52,25.94,MODIS,21.17,6.7,2022-11-13 02:00:00
2022-11-14,4,2022,0.61,0.221,29.03,28.08,MODIS,30.4,6.2,2022-11-14 02:00:00
2022-11-15,4,2022,0.562,0.149,29.75,22.68,MODIS,9.89,7.01,2022-11-15 02:00:00
2022-11-16,4,2022,0.606,0.209,29.12,30.12,MODIS,28.4,6.61,2022-11-16 02:00:00
2022-11-17,4,2022,0.591,0.317,29.28,22.74,MODIS,22.27,6.57,2022-11-17 02:00:00
2022-11-18,4,2022,0.594,0.185,28.33,24.86,MODIS,23.47,6.9,2022-11-18 02:00:00
2022-11-19,4,2022,0.585,0.205,28.54,24.51,MODIS,19.52,7.14,2022-11-19 02:00:00
2022-11-20,4,2022,0.601,0.3,30.42,26.72,MODIS,26.54,6.46,2022-11-20 02:00:00
2022-11-21,4,2022,0.618,0.304,30.38,25.01,MODIS,33.84,6.56,2022-11-21 02:00:00
2022-11-22,4,2022,0.591,0.197,29.31,23.44,MODIS,22.06,6.35,2022-11-22 02:00:00
2022-11-23,4,2022,0.589,0.286,28.8,23.8,MODIS,21.27,7.64,2022-11-23 02:00:00
2022-11-24,4,2022,0.598,0.262,29.54,21.85,MODIS,24.96,6.74,2022-11-24 02:00:00
2022-11-25,4,2022,0.566,0.241,29.44,23.37,MODIS,11.58,6.51,2022-11-25 02:00:00
2022-11-26,4,2022,0.602,0.267,29.41,26.51,MODIS,26.99,6.67,2022-11-26 02:00:00
2022-11-27,4,2022,0.57,0.244,29.75,26.42,MODIS,13.3,6.79,2022-11-27 02:00:00
2022-11-28,4,2022,0.561,0.262,28.99,25.59,MODIS,9.16,6.96,2022-11-28 02:00:00
2022-11-29,4,2022,0.593,0.209,28.88,22.66,MODIS,23.05,6.29,2022-11-29 02:00:00
2022-11-30,4,2022,0.594,0.207,29.0,23.88,MODIS,23.31,6.55,2022-11-30 02:00:00
2022-12-01,4,2022,0.575,0.161,28.95,25.42,MODIS,15.17,6.9,2022-12-01 02:00:00
2022-12-02,4,2022,0.577,0.233,29.36,27.61,MODIS,16.28,6.75,2022-12-02 02:00:00
2022-12-03,4,2022,0.617,0.221,30.07,22.45,MODIS,33.33,6.95,2022-12-03 02:00:00
2022-12-04,4,2022,0.599,0.23,30.0,26.69,MODIS,25.69,8.46,2022-12-04 02:00:00
2022-12-05,4,2022,0.589,0.232,29.4,24.19,MODIS,21.37,7.12,2022-12-05 02:00:00
2022-12-06,4,2022,0.595,0.181,30.39,27.92,MODIS,23.67,6.88,2022-12-06 02:00:00
2022-12-07,4,2022,0.587,0.434,30.04,20.02,MODIS,20.41,7.45,2022-12-07 02:00:00
2022-12-08,4,2022,0.585,0.283,29.28,25.21,MODIS,19.62,6.7,2022-12-08 02:00:00
2022-12-09,4,2022,0.556,0.212,29.0,29.05,MODIS,7.28,6.93,2022-12-09 02:00:00
2022-12-10,4,2022,0.62,0.197,28.94,22.21,MODIS,34.41,7.5,2022-12-10 02:00:00
2022-12-11,4,2022,0.582,0.203,29.26,25.85,MODIS,18.17,6.21,2022-12-11 02:00:00
2022-12-12,4,2022,0.544,0.202,29.25,22.21,MODIS,2.19,7.39,2022-12-12 02:00:00
2022-12-13,4,2022,0.577,0.206,30.17,24.31,MODIS,15.99,6.86,2022-12-13 02:00:00
2022-12-14,4,2022,0.557,0.183,28.78,25.95,MODIS,7.66,6.08,2022-12-14 02:00:00
2022-12-15,4,2022,0.584,0.221,29.68,21.7,MODIS,19.12,6.99,2022-12-15 02:00:00
2022-12-16,4,2022,0.568,0.213,29.62,24.36,MODIS,12.18,7.51,2022-12-16 02:00:00
2022-12-17,4,2022,0.549,0.351,29.61,22.36,MODIS,4.18,6.07,2022-12-17 02:00:00
2022-12-18,4,2022,0.59,0.178,29.95,24.38,MODIS,21.74,6.42,2022-12-18 02:00:00
2022-12-19,4,2022,0.577,0.259,30.58,27.53,MODIS,16.24,7.35,2022-12-19 02:00:00
2022-12-20,4,2022,0.597,0.201,29.32,22.06,MODIS,24.7,6.8,2022-12-20 02:00:00
2022-12-21,4,2022,0.576,0.21,30.76,23.47,MODIS,15.64,7.36,2022-12-21 02:00:00
2022-12-22,4,2022,0.605,0.235,28.56,23.33,MODIS,28.12,7.48,2022-12-22 02:00:00
2022-12-23,4,2022,0.596,0.218,31.22,21.62,MODIS,24.36,7.24,2022-12-23 02:00:00
2022-12-24,4,2022,0.564,0.205,28.61,25.14,MODIS,10.38,6.86,2022-12-24 02:00:00
2022-12-25,4,2022,0.553,0.202,28.47,21.59,MODIS,5.94,6.78,2022-12-25 02:00:00
2022-12-26,4,2022,0.563,0.283,29.95,24.35,MODIS,10.12,6.49,2022-12-26 02:00:00
2022-12-27,4,2022,0.579,0.192,29.32,24.75,MODIS,16.84,6.89,2022-12-27 02:00:00
2022-12-28,4,2022,0.578,0.255,30.56,24.47,MODIS,16.41,6.77,2022-12-28 02:00:00
2022-12-29,4,2022,0.539,0.274,30.14,22.78,MODIS,0.0,6.95,2022-12-29 02:00:00
2022-12-30,4,2022,0.576,0.22,30.33,23.21,MODIS,15.55,7.04,2022-12-30 02:00:00
2022-12-31,4,2022,0.561,0.254,30.25,25.11,MODIS,9.45,7.58,2022-12-31 02:00:00
2020-01-02,5,2020,0.725,0.216,26.68,32.0,MODIS,70.98,5.78,2020-01-02 02:00:00
2020-01-03,5,2020,0.733,0.335,25.03,31.14,MODIS,74.3,6.02,2020-01-03 02:00:00
2020-01-04,5,2020,0.747,0.257,26.74,25.48,MODIS,80.05,5.7,2020-01-04 02:00:00
2020-01-05,5,2020,0.721,0.221,26.24,30.06,MODIS,69.48,5.65,2020-01-05 02:00:00
2020-01-06,5,2020,0.729,0.225,25.53,33.8,MODIS,72.79,5.84,2020-01-06 02:00:00
2020-01-07,5,2020,0.724,0.333,26.97,28.88,MODIS,70.5,5.91,2020-01-07 02:00:00
2020-01-08,5,2020,0.74,0.239,24.6,30.27,MODIS,77.4,5.48,2020-01-08 02:00:00
2020-01-09,5,2020,0.713,0.274,26.45,29.99,MODIS,65.99,5.57,2020-01-09 02:00:00
2020-01-10,5,2020,0.795,0.206,25.63,28.61,MODIS,100.0,6.29,2020-01-10 02:00:00
2020-01-11,5,2020,0.757,0.265,25.57,31.08,MODIS,84.26,6.11,2020-01-11 02:00:00
2020-01-12,5,2020,0.751,0.205,26.38,30.39,MODIS,81.99,5.04,2020-01-12 02:00:00
2020-01-13,5,2020,0.745,0.2,25.78,27.34,MODIS,79.36,5.92,2020-01-13 02:00:00
2020-01-14,5,2020,0.759,0.192,26.26,29.42,MODIS,85.08,5.92,2020-01-14 02:00:00
2020-01-15,5,2020,0.755,0.205,26.77,28.07,MODIS,83.6,5.3,2020-01-15 02:00:00
2020-01-16,5,2020,0.743,0.179,25.98,31.07,MODIS,78.31,5.3,2020-01-16 02:00:00
2020-01-17,5,2020,0.758,0.21,25.39,31.88,MODIS,84.67,4.98,2020-01-17 02:00:00
2020-01-18,5,2020,0.727,0.24,25.49,29.93,MODIS,72.03,5.19,2020-01-18 02:00:00
2020-01-19,5,2020,0.741,0.239,25.72,30.81,MODIS,77.73,6.0,2020-01-19 02:00:00
2020-01-20,5,2020,0.744,0.404,25.28,30.3,MODIS,78.98,5.3,2020-01-20 02:00:00
2020-01-21,5,2020,0.722,0.194,25.87,30.31,MODIS,69.77,5.42,2020-01-21 02:00:00
2020-01-22,5,2020,0.727,0.218,25.87,30.0,MODIS,71.83,5.27,2020-01-22 02:00:00
2020-01-23,5,2020,0.755,0.317,25.54,28.83,MODIS,83.51,5.66,2020-01-23 02:00:00
2020-01-24,5,2020,0.773,0.258,25.74,29.54,MODIS,90.79,5.64,2020-01-24 02:00:00
2020-01-25,5,2020,0.727,0.225,26.46,32.2,MODIS,71.86,5.15,2020-01-25 02:00:00
2020-01-26,5,2020,0.746,0.445,26.73,33.63,MODIS,79.89,5.36,2020-01-26 02:00:00
2020-01-27,5,2020,0.711,0.235,25.53,25.55,MODIS,65.22,5.28,2020-01-27 02:00:00
2020-01-28,5,2020,0.754,0.258,25.45,28.88,MODIS,83.03,5.57,2020-01-28 02:00:00
2020-01-29,5,2020,0.74,0.227,26.24,28.17,MODIS,77.15,5.88,2020-01-29 02:00:00
2020-01-30,5,2020,0.719,0.215,26.69,28.01,MODIS,68.72,5.39,2020-01-30 02:00:00
2020-01-31,5,2020,0.728,0.293,26.4,28.0,MODIS,72.33,5.85,2020-01-31 02:00:00
2020-02-01,5,2020,0.729,0.203,25.67,31.54,MODIS,72.88,5.91,2020-02-01 02:00:00
2020-02-02,5,2020,0.744,0.206,25.59,29.73,MODIS,78.8,5.55,2020-02-02 02:00:00
2020-02-03,5,2020,0.734,0.284,26.55,31.51,MODIS,74.85,6.12,2020-02-03 02:00:00
2020-02-04,5,2020,0.75,0.183,26.86,30.11,MODIS,81.51,5.57,2020-02-04 02:00:00
2020-02-05,5,2020,0.727,0.286,25.93,29.83,MODIS,71.86,4.92,2020-02-05 02:00:00
2020-02-06,5,2020,0.725,0.177,26.33,31.15,MODIS,71.17,5.88,2020-02-06 02:00:00
2020-02-07,5,2020,0.749,0.391,26.19,29.24,MODIS,80.91,5.82,2020-02-07 02:00:00
2020-02-08,5,2020,0.73,0.224,26.9,30.95,MODIS,73.13,5.77,2020-02-08 02:00:00
2020-02-09,5,2020,0.741,0.225,26.63,31.02,MODIS,77.63,6.16,2020-02-09 02:00:00
2020-02-10,5,2020,0.719,0.219,26.67,27.87,MODIS,68.41,5.59,2020-02-10 02:00:00
2020-02-11,5,2020,0.733,0.263,27.42,30.13,MODIS,74.28,5.65,2020-02-11 02:00:00
2020-02-12,5,2020,0.724,0.277,25.4,31.97,MODIS,70.46,5.37,2020-02-12 02:00:00
2020-02-13,5,2020,0.716,0.253,26.43,30.23,MODIS,67.29,5.46,2020-02-13 02:00:00
2020-02-14,5,2020,0.707,0.212,26.03,30.77,MODIS,63.71,6.22,2020-02-14 02:00:00
2020-02-15,5,2020,0.729,0.249,26.08,33.82,MODIS,72.8,5.16,2020-02-15 02:00:00
2020-02-16,5,2020,0.728,0.204,27.35,31.96,MODIS,72.2,5.49,2020-02-16 02:00:00
2020-02-17,5,2020,0.736,0.28,25.89,27.22,MODIS,75.46,6.28,2020-02-17 02:00:00
2020-02-18,5,2020,0.716,0.266,26.14,29.74,MODIS,67.17,5.78,2020-02-18 02:00:00
2020-02-19,5,2020,0.728,0.238,26.62,29.22,MODIS,72.3,5.92,2020-02-19 02:00:00
2020-02-20,5,2020,0.747,0.217,26.3,26.39,MODIS,80.33,5.78,2020-02-20 02:00:00
2020-02-21,5,2020,0.703,0.228,27.27,28.35,MODIS,61.72,6.64,2020-02-21 02:00:00
2020-02-22,5,2020,0.713,0.18,26.98,31.37,MODIS,66.18,5.75,2020-02-22 02:00:00
2020-02-23,5,2020,0.727,0.261,25.47,29.51,MODIS,71.95,6.18,2020-02-23 02:00:00
2020-02-24,5,2020,0.719,0.264,26.15,28.05,MODIS,68.65,6.15,2020-02-24 02:00:00
2020-02-25,5,2020,0.753,0.311,26.19,26.75,MODIS,82.74,5.65,2020-02-25 02:00:00
2020-02-26,5,2020,0.734,0.284,26.99,29.44,MODIS,74.64,6.24,2020-02-26 02:00:00
2020-02-27,5,2020,0.725,0.241,27.23,27.45,MODIS,71.03,5.48,2020-02-27 02:00:00
2020-02-28,5,2020,0.727,0.226,26.2,25.09,MODIS,71.8,4.9,2020-02-28 02:00:00
2020-02-29,5,2020,0.721,0.198,25.81,25.56,MODIS,69.3,5.14,2020-02-29 02:00:00
2020-03-01,5,2020,0.734,0.244,25.89,30.75,MODIS,74.61,5.66,2020-03-01 02:00:00
2020-03-02,5,2020,0.742,0.254,26.28,31.05,MODIS,78.2,5.23,2020-03-02 02:00:00
2020-03-03,5,2020,0.731,0.193,26.25,30.04,MODIS,73.67,5.94,2020-03-03 02:00:00
2020-03-04,5,2020,0.722,0.239,27.02,27.93,MODIS,69.77,6.3,2020-03-04 02:00:00
2020-03-05,5,2020,0.704,0.226,26.9,26.68,MODIS,62.19,5.57,2020-03-05 02:00:00
2020-03-06,5,2020,0.726,0.209,26.15,33.85,MODIS,71.44,4.97,2020-03-06 02:00:00
2020-03-07,5,2020,0.728,0.357,26.32,29.49,MODIS,72.2,6.26,2020-03-07 02:00:00
2020-03-08,5,2020,0.718,0.251,26.77,28.24,MODIS,68.2,5.32,2020-03-08 02:00:00
2020-03-09,5,2020,0.717,0.222,26.39,32.51,MODIS,67.91,5.85,2020-03-09 02:00:00
2020-03-10,5,2020,0.729,0.239,27.68,29.72,MODIS,72.76,5.78,2020-03-10 02:00:00
2020-03-11,5,2020,0.696,0.225,26.11,27.89,MODIS,59.18,5.72,2020-03-11 02:00:00
2020-03-12,5,2020,0.684,0.342,27.38,27.57,MODIS,53.88,5.32,2020-03-12 02:00:00
2020-03-13,5,2020,0.695,0.24,28.08,29.84,MODIS,58.55,5.97,2020-03-13 02:00:00
2020-03-14,5,2020,0.742,0.2,25.7,26.08,MODIS,78.06,5.7,2020-03-14 02:00:00
2020-03-15,5,2020,0.719,0.471,27.58,31.86,MODIS,68.65,5.51,2020-03-15 02:00:00
2020-03-16,5,2020,0.692,0.281,26.79,29.21,MODIS,57.35,5.47,2020-03-16 02:00:00
2020-03-17,5,2020,0.707,0.256,27.07,31.71,MODIS,63.72,5.17,2020-03-17 02:00:00
2020-03-18,5,2020,0.706,0.232,26.9,31.08,MODIS,63.25,5.47,2020-03-18 02:00:00
2020-03-19,5,2020,0.737,0.204,26.35,30.08,MODIS,75.97,5.67,2020-03-19 02:00:00
2020-03-20,5,2020,0.715,0.241,26.86,27.19,MODIS,66.81,5.62,2020-03-20 02:00:00
2020-03-21,5,2020,0.718,0.219,27.29,28.96,MODIS,68.06,5.41,2020-03-21 02:00:00
2020-03-22,5,2020,0.702,0.23,27.33,26.94,MODIS,61.42,5.44,2020-03-22 02:00:00
2020-03-23,5,2020,0.704,0.297,26.99,29.26,MODIS,62.26,5.58,2020-03-23 02:00:00
2020-03-24,5,2020,0.718,0.421,26.91,29.44,MODIS,68.21,5.73,2020-03-24 02:00:00
2020-03-25,5,2020,0.723,0.272,27.44,28.55,MODIS,70.41,6.53,2020-03-25 02:00:00
2020-03-26,5,2020,0.701,0.276,27.09,26.01,MODIS,61.15,5.54,2020-03-26 02:00:00
2020-03-27,5,2020,0.706,0.171,27.33,28.55,MODIS,63.18,5.73,2020-03-27 02:00:00
2020-03-28,5,2020,0.713,0.194,26.57,27.39,MODIS,66.06,6.18,2020-03-28 02:00:00
2020-03-29,5,2020,0.707,0.227,27.06,28.99,MODIS,63.39,5.99,2020-03-29 02:00:00
2020-03-30,5,2020,0.705,0.262,26.0,28.05,MODIS,62.68,5.68,2020-03-30 02:00:00
2020-03-31,5,2020,0.706,0.217,26.88,30.88,MODIS,63.15,5.48,2020-03-31 02:00:00
2020-04-01,5,2020,0.713,0.253,27.53,27.74,MODIS,65.95,5.54,2020-04-01 02:00:00
2020-04-02,5,2020,0.671,0.253,27.68,30.47,MODIS,48.47,5.81,2020-04-02 02:00:00
2020-04-03,5,2020,0.719,0.202,27.72,30.05,MODIS,68.57,5.73,2020-04-03 02:00:00
2020-04-04,5,2020,0.708,0.201,26.63,28.82,MODIS,64.1,6.49,2020-04-04 02:00:00
2020-04-05,5,2020,0.682,0.201,27.14,30.06,MODIS,53.23,5.92,2020-04-05 02:00:00
2020-04-06,5,2020,0.731,0.276,26.52,28.92,MODIS,73.65,5.0,2020-04-06 02:00:00
2020-04-07,5,2020,0.707,0.236,26.17,29.3,MODIS,63.53,6.01,2020-04-07 02:00:00
2020-04-08,5,2020,0.696,0.339,27.45,29.41,MODIS,59.03,6.43,2020-04-08 02:00:00
2020-04-09,5,2020,0.705,0.297,27.74,31.02,MODIS,62.9,5.86,2020-04-09 02:00:00
2020-04-10,5,2020,0.713,0.359,26.46,29.79,MODIS,65.9,6.79,2020-04-10 02:00:00
2020-04-11,5,2020,0.707,0.197,28.0,28.96,MODIS,63.72,6.57,2020-04-11 02:00:00
2020-04-12,5,2020,0.701,0.179,26.63,30.93,MODIS,61.17,6.57,2020-04-12 02:00:00
2020-04-13,5,2020,0.7,0.197,28.11,28.29,MODIS,60.77,6.27,2020-04-13 02:00:00
2020-04-14,5,2020,0.707,0.213,26.46,33.32,MODIS,63.58,6.19,2020-04-14 02:00:00
2020-04-15,5,2020,0.704,0.223,27.07,29.1,MODIS,62.13,6.16,2020-04-15 02:00:00
2020-04-16,5,2020,0.703,0.202,26.75,30.35,MODIS,61.86,6.51,2020-04-16 02:00:00
2020-04-17,5,2020,0.711,0.194,27.89,26.64,MODIS,65.37,6.53,2020-04-17 02:00:00
2020-04-18,5,2020,0.687,0.24,26.62,27.89,MODIS,55.13,5.83,2020-04-18 02:00:00
2020-04-19,5,2020,0.693,0.323,27.18,26.83,MODIS,57.67,6.47,2020-04-19 02:00:00
2020-04-20,5,2020,0.685,0.289,28.2,30.22,MODIS,54.29,5.82,2020-04-20 02:00:00
2020-04-21,5,2020,0.697,0.33,28.25,26.25,MODIS,59.29,5.73,2020-04-21 02:00:00
2020-04-22,5,2020,0.713,0.234,26.5,29.77,MODIS,65.85,5.61,2020-04-22 02:00:00
2020-04-23,5,2020,0.672,0.252,26.44,28.19,MODIS,48.84,5.76,2020-04-23 02:00:00
2020-04-24,5,2020,0.687,0.226,27.2,29.72,MODIS,55.23,5.32,2020-04-24 02:00:00
2020-04-25,5,2020,0.697,0.252,27.18,27.44,MODIS,59.37,6.34,2020-04-25 02:00:00
2020-04-26,5,2020,0.72,0.21,27.78,29.12,MODIS,69.04,6.42,2020-04-26 02:00:00
2020-04-27,5,2020,0.712,0.284,26.19,26.71,MODIS,65.64,5.85,2020-04-27 02:00:00
2020-04-28,5,2020,0.688,0.271,27.33,28.01,MODIS,55.6,6.53,2020-04-28 02:00:00
2020-04-29,5,2020,0.707,0.251,27.13,29.55,MODIS,63.45,6.87,2020-04-29 02:00:00
2020-04-30,5,2020,0.689,0.374,26.7,28.04,MODIS,55.92,6.06,2020-04-30 02:00:00
2020-05-01,5,2020,0.705,0.225,26.81,27.91,MODIS,62.93,5.56,2020-05-01 02:00:00
2020-05-02,5,2020,0.698,0.203,26.67,26.6,MODIS,59.96,6.29,2020-05-02 02:00:00
2020-05-03,5,2020,0.683,0.328,27.56,26.75,MODIS,53.64,5.86,2020-05-03 02:00:00
2020-05-04,5,2020,0.675,0.204,26.0,30.8,MODIS,50.42,6.71,2020-05-04 02:00:00
2020-05-05,5,2020,0.671,0.214,27.43,29.9,MODIS,48.66,6.37,2020-05-05 02:00:00
2020-05-06,5,2020,0.681,0.352,27.74,29.76,MODIS,52.88,5.98,2020-05-06 02:00:00
2020-05-07,5,2020,0.686,0.199,26.87,26.51,MODIS,54.71,6.28,2020-05-07 02:00:00
2020-05-08,5,2020,0.708,0.226,28.7,26.64,MODIS,63.85,5.7,2020-05-08 02:00:00
2020-05-09,5,2020,0.684,0.209,28.36,26.43,MODIS,53.95,6.4,2020-05-09 02:00:00
2020-05-10,5,2020,0.702,0.21,27.54,23.56,MODIS,61.49,6.05,2020-05-10 02:00:00
2020-05-11,5,2020,0.696,0.199,28.4,26.95,MODIS,59.08,6.08,2020-05-11 02:00:00
2020-05-12,5,2020,0.69,0.219,27.15,28.98,MODIS,56.43,6.0,2020-05-12 02:00:00
2020-05-13,5,2020,0.687,0.216,26.77,26.88,MODIS,55.2,5.19,2020-05-13 02:00:00
2020-05-14,5,2020,0.682,0.285,28.43,28.72,MODIS,53.29,6.1,2020-05-14 02:00:00
2020-05-15,5,2020,0.657,0.224,26.64,29.28,MODIS,42.62,6.0,2020-05-15 02:00:00
2020-05-16,5,2020,0.691,0.202,28.06,27.05,MODIS,56.94,6.22,2020-05-16 02:00:00
2020-05-17,5,2020,0.675,0.215,26.85,26.83,MODIS,50.08,6.27,2020-05-17 02:00:00
2020-05-18,5,2020,0.731,0.212,27.0,33.44,MODIS,73.59,6.77,2020-05-18 02:00:00
2020-05-19,5,2020,0.688,0.281,28.08,26.6,MODIS,55.82,5.41,2020-05-19 02:00:00
2020-05-20,5,2020,0.68,0.216,28.56,30.62,MODIS,52.15,5.13,2020-05-20 02:00:00
2020-05-21,5,2020,0.679,0.19,27.95,27.22,MODIS,52.0,5.86,2020-05-21 02:00:00
2020-05-22,5,2020,0.679,0.313,28.62,28.73,MODIS,52.14,5.35,2020-05-22 02:00:00
2020-05-23,5,2020,0.7,0.289,27.36,25.91,MODIS,60.85,5.85,2020-05-23 02:00:00
2020-05-24,5,2020,0.668,0.6,28.34,28.32,MODIS,47.19,6.48,2020-05-24 02:00:00
2020-05-25,5,2020,0.665,0.223,26.89,27.31,MODIS,46.01,6.63,2020-05-25 02:00:00
2020-05-26,5,2020,0.671,0.219,27.18,24.17,MODIS,48.69,6.57,2020-05-26 02:00:00
2020-05-27,5,2020,0.697,0.157,28.17,27.91,MODIS,59.55,5.72,2020-05-27 02:00:00
2020-05-28,5,2020,0.682,0.315,26.8,29.07,MODIS,53.1,6.18,2020-05-28 02:00:00
2020-05-29,5,2020,0.688,0.276,27.75,30.47,MODIS,55.79,6.39,2020-05-29 02:00:00
2020-05-30,5,2020,0.685,0.254,27.67,30.5,MODIS,54.3,5.14,2020-05-30 02:00:00
2020-05-31,5,2020,0.703,0.283,27.47,28.85,MODIS,61.84,5.37,2020-05-31 02:00:00
2020-06-01,5,2020,0.667,0.305,27.43,28.31,MODIS,46.78,5.16,2020-06-01 02:00:00
2020-06-02,5,2020,0.685,0.164,27.77,25.24,MODIS,54.59,6.76,2020-06-02 02:00:00
2020-06-03,5,2020,0.679,0.28,27.6,22.5,MODIS,51.9,6.44,2020-06-03 02:00:00
2020-06-04,5,2020,0.667,0.201,27.38,31.9,MODIS,47.06,6.01,2020-06-04 02:00:00
2020-06-05,5,2020,0.673,0.284,27.86,30.43,MODIS,49.32,5.4,2020-06-05 02:00:00
2020-06-06,5,2020,0.648,0.21,27.67,29.98,MODIS,39.07,5.97,2020-06-06 02:00:00
2020-06-07,5,2020,0.651,0.172,27.13,25.2,MODIS,40.14,5.67,2020-06-07 02:00:00
2020-06-08,5,2020,0.675,0.197,28.37,25.92,MODIS,50.19,6.04,2020-06-08 02:00:00
2020-06-09,5,2020,0.676,0.196,27.34,27.51,MODIS,50.73,6.2,2020-06-09 02:00:00
2020-06-10,5,2020,0.674,0.234,28.13,27.32,MODIS,49.74,5.61,2020-06-10 02:00:00
2020-06-11,5,2020,0.689,0.236,28.18,28.37,MODIS,56.11,7.34,2020-06-11 02:00:00
2020-06-12,5,2020,0.655,0.21,28.47,26.82,MODIS,41.97,6.19,2020-06-12 02:00:00
2020-06-13,5,2020,0.656,0.194,27.39,27.36,MODIS,42.47,5.58,2020-06-13 02:00:00
2020-06-14,5,2020,0.675,0.169,27.01,26.48,MODIS,50.14,6.08,2020-06-14 02:00:00
2020-06-15,5,2020,0.667,0.295,27.97,28.83,MODIS,46.99,6.31,2020-06-15 02:00:00
2020-06-16,5,2020,0.678,0.212,28.25,27.3,MODIS,51.34,6.21,2020-06-16 02:00:00
2020-06-17,5,2020,0.679,0.329,28.08,28.38,MODIS,51.91,6.03,2020-06-17 02:00:00
2020-06-18,5,2020,0.665,0.199,26.67,25.96,MODIS,46.31,6.67,2020-06-18 02:00:00
2020-06-19,5,2020,0.65,0.304,27.52,29.42,MODIS,39.83,6.13,2020-06-19 02:00:00
2020-06-20,5,2020,0.653,0.212,28.24,26.33,MODIS,41.02,6.76,2020-06-20 02:00:00
2020-06-21,5,2020,0.651,0.299,26.75,25.92,MODIS,40.35,7.53,2020-06-21 02:00:00
2020-06-22,5,2020,0.649,0.319,29.16,27.75,MODIS,39.56,5.9,2020-06-22 02:00:00
2020-06-23,5,2020,0.653,0.254,27.99,28.21,MODIS,41.02,6.98,2020-06-23 02:00:00
2020-06-24,5,2020,0.65,0.279,29.02,28.24,MODIS,39.74,7.42,2020-06-24 02:00:00
2020-06-25,5,2020,0.683,0.21,26.25,26.31,MODIS,53.53,6.27,2020-06-25 02:00:00
2020-06-26,5,2020,0.663,0.173,27.08,28.3,MODIS,45.2,5.36,2020-06-26 02:00:00
2020-06-27,5,2020,0.667,0.251,27.23,24.57,MODIS,47.06,5.7,2020-06-27 02:00:00
2020-06-28,5,2020,0.658,0.265,28.81,27.51,MODIS,43.41,5.43,2020-06-28 02:00:00
2020-06-29,5,2020,0.662,0.203,27.77,27.68,MODIS,44.83,6.03,2020-06-29 02:00:00
2020-06-30,5,2020,0.681,0.191,28.51,29.76,MODIS,52.62,6.02,2020-06-30 02:00:00
2020-07-01,5,2020,0.655,0.171,28.11,30.98,MODIS,41.77,6.1,2020-07-01 02:00:00
2020-07-02,5,2020,0.664,0.22,28.66,26.9,MODIS,45.75,6.48,2020-07-02 02:00:00
2020-07-03,5,2020,0.678,0.189,29.01,30.34,MODIS,51.53,5.81,2020-07-03 02:00:00
2020-07-04,5,2020,0.642,0.196,27.29,28.46,MODIS,36.55,5.48,2020-07-04 02:00:00
2020-07-05,5,2020,0.666,0.246,26.8,28.17,MODIS,46.59,6.5,2020-07-05 02:00:00
2020-07-06,5,2020,0.639,0.359,28.54,26.24,MODIS,35.52,5.66,2020-07-06 02:00:00
2020-07-07,5,2020,0.654,0.204,28.51,23.12,MODIS,41.66,5.22,2020-07-07 02:00:00
2020-07-08,5,2020,0.636,0.212,26.75,27.27,MODIS,34.15,6.9,2020-07-08 02:00:00
2020-07-09,5,2020,0.662,0.205,29.06,24.34,MODIS,45.08,6.37,2020-07-09 02:00:00
2020-07-10,5,2020,0.701,0.182,29.11,24.26,MODIS,60.89,6.17,2020-07-10 02:00:00
2020-07-11,5,2020,0.657,0.248,26.77,24.75,MODIS,42.72,6.62,2020-07-11 02:00:00
2020-07-12,5,2020,0.655,0.225,28.16,29.0,MODIS,42.11,6.56,2020-07-12 02:00:00
2020-07-13,5,2020,0.617,0.214,28.13,24.7,MODIS,26.19,6.64,2020-07-13 02:00:00
2020-07-14,5,2020,0.68,0.196,30.45,24.95,MODIS,52.19,6.12,2020-07-14 02:00:00
2020-07-15,5,2020,0.63,0.253,28.03,29.45,MODIS,31.4,6.51,2020-07-15 02:00:00
2020-07-16,5,2020,0.639,0.209,28.6,26.91,MODIS,35.13,6.18,2020-07-16 02:00:00
2020-07-17,5,2020,0.662,0.193,28.65,26.12,MODIS,45.05,6.43,2020-07-17 02:00:00
2020-07-18,5,2020,0.633,0.212,28.81,28.46,MODIS,32.8,6.82,2020-07-18 02:00:00
2020-07-19,5,2020,0.635,0.277,26.74,23.52,MODIS,33.82,6.64,2020-07-19 02:00:00
2020-07-20,5,2020,0.664,0.177,28.8,24.18,MODIS,45.67,6.44,2020-07-20 02:00:00
2020-07-21,5,2020,0.647,0.314,28.22,26.35,MODIS,38.55,6.33,2020-07-21 02:00:00
2020-07-22,5,2020,0.642,0.256,28.15,29.51,MODIS,36.68,7.73,2020-07-22 02:00:00
2020-07-23,5,2020,0.672,0.232,28.94,26.79,MODIS,48.87,5.63,2020-07-23 02:00:00
2020-07-24,5,2020,0.631,0.286,28.3,25.21,MODIS,32.11,5.26,2020-07-24 02:00:00
2020-07-25,5,2020,0.654,0.196,28.57,26.49,MODIS,41.51,6.06,2020-07-25 02:00:00
2020-07-26,5,2020,0.607,0.201,26.77,26.31,MODIS,22.09,6.9,2020-07-26 02:00:00
2020-07-27,5,2020,0.661,0.219,28.25,28.4,MODIS,44.51,5.35,2020-07-27 02:00:00
2020-07-28,5,2020,0.643,0.29,28.31,26.41,MODIS,37.1,6.55,2020-07-28 02:00:00
2020-07-29,5,2020,0.672,0.272,27.96,24.68,MODIS,49.04,6.37,2020-07-29 02:00:00
2020-07-30,5,2020,0.66,0.2,28.5,28.37,MODIS,43.96,6.32,2020-07-30 02:00:00
2020-07-31,5,2020,0.624,0.19,28.07,28.31,MODIS,29.05,5.84,2020-07-31 02:00:00
2020-08-01,5,2020,0.639,0.182,28.17,26.44,MODIS,35.2,7.35,2020-08-01 02:00:00
2020-08-02,5,2020,0.664,0.194,28.2,23.94,MODIS,45.89,6.48,2020-08-02 02:00:00
2020-08-03,5,2020,0.644,0.2,28.1,21.41,MODIS,37.52,5.71,2020-08-03 02:00:00
2020-08-04,5,2020,0.63,0.286,27.42,24.17,MODIS,31.61,7.05,2020-08-04 02:00:00
2020-08-05,5,2020,0.636,0.173,28.38,23.88,MODIS,33.93,6.45,2020-08-05 02:00:00
2020-08-06,5,2020,0.641,0.309,28.35,24.75,MODIS,36.11,6.88,2020-08-06 02:00:00
2020-08-07,5,2020,0.632,0.23,27.92,28.9,MODIS,32.26,6.46,2020-08-07 02:00:00
2020-08-08,5,2020,0.637,0.223,28.25,27.0,MODIS,34.44,5.25,2020-08-08 02:00:00
2020-08-09,5,2020,0.651,0.452,29.94,23.88,MODIS,40.38,6.73,2020-08-09 02:00:00
2020-08-10,5,2020,0.663,0.232,28.87,28.97,MODIS,45.39,6.57,2020-08-10 02:00:00
2020-08-11,5,2020,0.628,0.271,29.61,26.85,MODIS,30.68,5.98,2020-08-11 02:00:00
2020-08-12,5,2020,0.648,0.238,27.35,22.4,MODIS,39.1,5.98,2020-08-12 02:00:00
2020-08-13,5,2020,0.613,0.205,27.86,29.04,MODIS,24.45,5.78,2020-08-13 02:00:00
2020-08-14,5,2020,0.649,0.329,28.71,29.35,MODIS,39.34,6.89,2020-08-14 02:00:00
2020-08-15,5,2020,0.632,0.203,27.77,28.03,MODIS,32.48,6.62,2020-08-15 02:00:00
2020-08-16,5,2020,0.645,0.235,28.97,23.87,MODIS,37.89,5.95,2020-08-16 02:00:00
2020-08-17,5,2020,0.636,0.207,29.12,23.4,MODIS,34.2,7.07,2020-08-17 02:00:00
2020-08-18,5,2020,0.66,0.246,28.17,25.89,MODIS,44.1,6.24,2020-08-18 02:00:00
2020-08-19,5,2020,0.629,0.261,27.94,24.01,MODIS,31.24,6.59,2020-08-19 02:00:00
2020-08-20,5,2020,0.637,0.272,28.62,25.35,MODIS,34.62,6.23,2020-08-20 02:00:00
2020-08-21,5,2020,0.665,0.274,28.06,27.8,MODIS,46.03,5.75,2020-08-21 02:00:00
2020-08-22,5,2020,0.625,0.325,29.48,27.33,MODIS,29.36,5.72,2020-08-22 02:00:00
2020-08-23,5,2020,0.621,0.171,29.11,26.05,MODIS,27.72,5.96,2020-08-23 02:00:00
2020-08-24,5,2020,0.639,0.386,29.15,27.1,MODIS,35.38,5.96,2020-08-24 02:00:00
2020-08-25,5,2020,0.613,0.176,27.59,28.5,MODIS,24.37,6.23,2020-08-25 02:00:00
2020-08-26,5,2020,0.631,0.332,28.39,26.9,MODIS,32.01,6.49,2020-08-26 02:00:00
2020-08-27,5,2020,0.604,0.201,28.89,25.87,MODIS,20.91,6.53,2020-08-27 02:00:00
2020-08-28,5,2020,0.662,0.216,29.09,28.73,MODIS,44.91,6.8,2020-08-28 02:00:00
2020-08-29,5,2020,0.631,0.213,28.76,25.44,MODIS,32.19,7.02,2020-08-29 02:00:00
2020-08-30,5,2020,0.637,0.227,28.65,27.31,MODIS,34.51,6.18,2020-08-30 02:00:00
2020-08-31,5,2020,0.657,0.187,28.19,25.95,MODIS,42.65,6.66,2020-08-31 02:00:00
2020-09-01,5,2020,0.646,0.278,29.31,26.07,MODIS,38.13,6.06,2020-09-01 02:00:00
2020-09-02,5,2020,0.628,0.198,29.14,26.6,MODIS,30.8,6.16,2020-09-02 02:00:00
2020-09-03,5,2020,0.641,0.162,28.93,24.25,MODIS,36.04,7.1,2020-09-03 02:00:00
2020-09-04,5,2020,0.653,0.268,29.96,26.98,MODIS,41.03,6.5,2020-09-04 02:00:00
2020-09-05,5,2020,0.62,0.18,27.25,22.42,MODIS,27.52,5.71,2020-09-05 02:00:00
2020-09-06,5,2020,0.619,0.179,28.46,27.51,MODIS,27.1,6.36,2020-09-06 02:00:00
2020-09-07,5,2020,0.613,0.238,28.43,24.44,MODIS,24.47,6.03,2020-09-07 02:00:00
2020-09-08,5,2020,0.628,0.235,28.0,26.16,MODIS,30.95,6.59,2020-09-08 02:00:00
2020-09-09,5,2020,0.624,0.307,28.25,25.3,MODIS,29.11,6.61,2020-09-09 02:00:00
2020-09-10,5,2020,0.643,0.22,28.77,25.32,MODIS,37.16,5.37,2020-09-10 02:00:00
2020-09-11,5,2020,0.641,0.183,28.49,29.83,MODIS,36.01,5.78,2020-09-11 02:00:00
2020-09-12,5,2020,0.619,0.222,28.57,25.43,MODIS,26.98,6.38,2020-09-12 02:00:00
2020-09-13,5,2020,0.627,0.398,29.66,25.14,MODIS,30.37,6.44,2020-09-13 02:00:00
2020-09-14,5,2020,0.644,0.237,29.41,27.56,MODIS,37.57,6.25,2020-09-14 02:00:00
2020-09-15,5,2020,0.616,0.173,29.16,25.18,MODIS,25.92,6.8,2020-09-15 02:00:00
2020-09-16,5,2020,0.622,0.332,28.58,27.89,MODIS,28.4,6.25,2020-09-16 02:00:00
2020-09-17,5,2020,0.626,0.225,29.34,25.86,MODIS,29.95,6.86,2020-09-17 02:00:00
2020-09-18,5,2020,0.641,0.261,27.92,24.74,MODIS,36.11,6.36,2020-09-18 02:00:00
2020-09-19,5,2020,0.629,0.278,29.18,27.06,MODIS,31.02,6.81,2020-09-19 02:00:00
2020-09-20,5,2020,0.623,0.212,28.68,25.49,MODIS,28.59,7.05,2020-09-20 02:00:00
2020-09-21,5,2020,0.617,0.493,28.44,27.98,MODIS,26.03,6.04,2020-09-21 02:00:00
2020-09-22,5,2020,0.613,0.228,30.02,25.29,MODIS,24.7,7.48,2020-09-22 02:00:00
2020-09-23,5,2020,0.62,0.347,29.52,27.3,MODIS,27.29,6.91,2020-09-23 02:00:00
2020-09-24,5,2020,0.646,0.202,29.52,29.39,MODIS,38.41,5.29,2020-09-24 02:00:00
2020-09-25,5,2020,0.631,0.302,29.08,25.34,MODIS,31.89,6.69,2020-09-25 02:00:00
2020-09-26,5,2020,0.622,0.187,28.35,24.65,MODIS,28.43,6.2,2020-09-26 02:00:00
2020-09-27,5,2020,0.618,0.237,30.52,27.44,MODIS,26.47,6.65,2020-09-27 02:00:00
2020-09-28,5,2020,0.619,0.215,28.6,23.81,MODIS,27.0,6.72,2020-09-28 02:00:00
2020-09-29,5,2020,0.612,0.199,29.31,24.68,MODIS,24.03,6.25,2020-09-29 02:00:00
2020-09-30,5,2020,0.623,0.215,28.61,26.72,MODIS,28.79,7.11,2020-09-30 02:00:00
2020-10-01,5,2020,0.621,0.185,28.54,24.41,MODIS,27.75,6.55,2020-10-01 02:00:00
2020-10-02,5,2020,0.607,0.25,30.56,23.7,MODIS,22.17,6.77,2020-10-02 02:00:00
2020-10-03,5,2020,0.614,0.193,29.41,26.4,MODIS,24.92,5.89,2020-10-03 02:00:00
2020-10-04,5,2020,0.609,0.307,28.83,28.1,MODIS,22.8,6.71,2020-10-04 02:00:00
2020-10-05,5,2020,0.601,0.219,29.28,26.18,MODIS,19.45,6.06,2020-10-05 02:00:00
2020-10-06,5,2020,0.608,0.274,29.56,22.2,MODIS,22.66,6.29,2020-10-06 02:00:00
2020-10-07,5,2020,0.622,0.254,29.01,27.83,MODIS,28.15,6.33,2020-10-07 02:00:00
2020-10-08,5,2020,0.597,0.387,28.82,22.49,MODIS,17.83,7.46,2020-10-08 02:00:00
2020-10-09,5,2020,0.616,0.27,29.8,30.35,MODIS,25.64,6.45,2020-10-09 02:00:00
2020-10-10,5,2020,0.596,0.166,28.84,22.61,MODIS,17.32,5.83,2020-10-10 02:00:00
2020-10-11,5,2020,0.615,0.255,28.73,23.52,MODIS,25.33,7.07,2020-10-11 02:00:00
2020-10-12,5,2020,0.613,0.22,29.79,25.07,MODIS,24.35,6.92,2020-10-12 02:00:00
2020-10-13,5,2020,0.59,0.231,28.9,23.56,MODIS,15.14,5.89,2020-10-13 02:00:00
2020-10-14,5,2020,0.611,0.339,28.91,25.29,MODIS,23.76,7.08,2020-10-14 02:00:00
2020-10-15,5,2020,0.639,0.232,28.67,29.01,MODIS,35.29,7.38,2020-10-15 02:00:00
2020-10-16,5,2020,0.605,0.283,28.77,24.95,MODIS,21.26,5.45,2020-10-16 02:00:00
2020-10-17,5,2020,0.609,0.268,28.94,27.32,MODIS,22.91,6.88,2020-10-17 02:00:00
2020-10-18,5,2020,0.607,0.196,29.31,27.57,MODIS,22.18,6.93,2020-10-18 02:00:00
2020-10-19,5,2020,0.587,0.193,29.19,27.1,MODIS,13.67,6.53,2020-10-19 02:00:00
2020-10-20,5,2020,0.581,0.203,29.16,24.15,MODIS,11.33,6.33,2020-10-20 02:00:00
2020-10-21,5,2020,0.613,0.209,29.23,27.14,MODIS,24.33,6.11,2020-10-21 02:00:00
2020-10-22,5,2020,0.595,0.314,29.76,26.44,MODIS,16.92,6.79,2020-10-22 02:00:00
2020-10-23,5,2020,0.624,0.188,29.63,23.05,MODIS,29.02,6.61,2020-10-23 02:00:00
2020-10-24,5,2020,0.586,0.202,30.1,26.06,MODIS,13.12,6.87,2020-10-24 02:00:00
2020-10-25,5,2020,0.627,0.2,29.55,21.8,MODIS,30.25,6.96,2020-10-25 02:00:00
2020-10-26,5,2020,0.612,0.267,29.94,25.57,MODIS,23.95,7.0,2020-10-26 02:00:00
2020-10-27,5,2020,0.627,0.34,29.46,23.4,MODIS,30.52,6.85,2020-10-27 02:00:00
2020-10-28,5,2020,0.601,0.3,29.1,24.31,MODIS,19.56,6.28,2020-10-28 02:00:00
2020-10-29,5,2020,0.579,0.21,28.72,24.36,MODIS,10.35,6.31,2020-10-29 02:00:00
2020-10-30,5,2020,0.593,0.256,28.2,25.52,MODIS,16.29,6.92,2020-10-30 02:00:00
2020-10-31,5,2020,0.59,0.29,30.19,23.89,MODIS,14.99,7.22,2020-10-31 02:00:00
2020-11-01,5,2020,0.589,0.403,29.3,26.48,MODIS,14.4,5.7,2020-11-01 02:00:00
2020-11-02,5,2020,0.603,0.249,29.06,25.86,MODIS,20.4,6.57,2020-11-02 02:00:00
2020-11-03,5,2020,0.592,0.203,29.21,20.17,MODIS,15.76,6.7,2020-11-03 02:00:00
2020-11-04,5,2020,0.597,0.171,28.3,27.42,MODIS,17.71,6.71,2020-11-04 02:00:00
2020-11-05,5,2020,0.593,0.206,29.22,24.68,MODIS,16.12,5.75,2020-11-05 02:00:00
2020-11-06,5,2020,0.591,0.156,30.15,25.87,MODIS,15.46,6.84,2020-11-06 02:00:00
2020-11-07,5,2020,0.597,0.217,29.83,25.19,MODIS,17.72,6.81,2020-11-07 02:00:00
2020-11-08,5,2020,0.556,0.204,29.81,24.01,MODIS,0.86,6.28,2020-11-08 02:00:00
2020-11-09,5,2020,0.601,0.186,29.89,26.99,MODIS,19.61,6.59,2020-11-09 02:00:00
2020-11-10,5,2020,0.591,0.223,30.12,23.16,MODIS,15.54,5.97,2020-11-10 02:00:00
2020-11-11,5,2020,0.621,0.241,28.52,22.92,MODIS,27.81,6.12,2020-11-11 02:00:00
2020-11-12,5,2020,0.592,0.252,29.74,26.69,MODIS,15.76,7.24,2020-11-12 02:00:00
2020-11-13,5,2020,0.603,0.229,29.5,24.8,MODIS,20.24,7.06,2020-11-13 02:00:00
2020-11-14,5,2020,0.593,0.253,28.97,26.17,MODIS,16.19,6.77,2020-11-14 02:00:00
2020-11-15,5,2020,0.596,0.227,29.02,26.97,MODIS,17.37,7.04,2020-11-15 02:00:00
2020-11-16,5,2020,0.597,0.179,30.43,20.93,MODIS,17.73,6.25,2020-11-16 02:00:00
2020-11-17,5,2020,0.612,0.211,30.31,25.69,MODIS,24.25,7.67,2020-11-17 02:00:00
2020-11-18,5,2020,0.605,0.193,30.83,26.77,MODIS,21.4,7.25,2020-11-18 02:00:00
2020-11-19,5,2020,0.633,0.166,29.87,23.12,MODIS,33.03,6.32,2020-11-19 02:00:00
2020-11-20,5,2020,0.588,0.203,30.73,28.12,MODIS,14.1,6.75,2020-11-20 02:00:00
2020-11-21,5,2020,0.598,0.241,30.14,22.89,MODIS,18.48,6.6,2020-11-21 02:00:00
2020-11-22,5,2020,0.6,0.215,29.9,26.11,MODIS,19.07,7.44,2020-11-22 02:00:00
2020-11-23,5,2020,0.56,0.206,29.04,25.63,MODIS,2.55,7.15,2020-11-23 02:00:00
2020-11-24,5,2020,0.579,0.221,30.33,27.52,MODIS,10.54,6.77,2020-11-24 02:00:00
2020-11-25,5,2020,0.583,0.488,29.41,24.38,MODIS,12.16,6.44,2020-11-25 02:00:00
2020-11-26,5,2020,0.563,0.2,29.27,25.09,MODIS,3.6,7.09,2020-11-26 02:00:00
2020-11-27,5,2020,0.595,0.281,28.83,23.35,MODIS,17.02,6.52,2020-11-27 02:00:00
2020-11-28,5,2020,0.59,0.311,28.91,25.7,MODIS,15.03,6.65,2020-11-28 02:00:00
2020-11-29,5,2020,0.577,0.179,28.4,23.55,MODIS,9.78,7.23,2020-11-29 02:00:00
2020-11-30,5,2020,0.587,0.243,29.33,22.92,MODIS,13.89,6.74,2020-11-30 02:00:00
2020-12-01,5,2020,0.584,0.193,30.37,29.44,MODIS,12.31,7.68,2020-12-01 02:00:00
2020-12-02,5,2020,0.608,0.223,30.55,29.34,MODIS,22.64,6.14,2020-12-02 02:00:00
2020-12-03,5,2020,0.557,0.208,29.69,24.43,MODIS,1.37,6.14,2020-12-03 02:00:00
2020-12-04,5,2020,0.6,0.25,30.16,22.71,MODIS,19.34,6.78,2020-12-04 02:00:00
2020-12-05,5,2020,0.618,0.274,30.06,21.68,MODIS,26.75,6.93,2020-12-05 02:00:00
2020-12-06,5,2020,0.579,0.223,28.2,24.85,MODIS,10.51,6.41,2020-12-06 02:00:00
2020-12-07,5,2020,0.565,0.249,29.2,25.46,MODIS,4.42,6.86,2020-12-07 02:00:00
2020-12-08,5,2020,0.575,0.203,29.85,24.4,MODIS,8.59,7.19,2020-12-08 02:00:00
2020-12-09,5,2020,0.593,0.215,30.78,23.17,MODIS,16.28,7.38,2020-12-09 02:00:00
2020-12-10,5,2020,0.585,0.19,29.01,22.77,MODIS,12.86,7.67,2020-12-10 02:00:00
2020-12-11,5,2020,0.582,0.206,29.53,23.51,MODIS,11.76,7.22,2020-12-11 02:00:00
2020-12-12,5,2020,0.561,0.221,30.53,22.17,MODIS,2.87,6.23,2020-12-12 02:00:00
2020-12-13,5,2020,0.566,0.343,30.13,25.13,MODIS,5.16,7.34,2020-12-13 02:00:00
2020-12-14,5,2020,0.573,0.208,30.08,23.49,MODIS,8.04,7.41,2020-12-14 02:00:00
2020-12-15,5,2020,0.561,0.307,30.21,22.62,MODIS,3.02,7.44,2020-12-15 02:00:00
2020-12-16,5,2020,0.559,0.245,30.07,22.82,MODIS,2.09,7.32,2020-12-16 02:00:00
2020-12-17,5,2020,0.555,0.235,29.63,20.51,MODIS,0.41,6.54,2020-12-17 02:00:00
2020-12-18,5,2020,0.564,0.202,29.66,24.91,MODIS,4.32,6.73,2020-12-18 02:00:00
2020-12-19,5,2020,0.581,0.182,29.61,24.45,MODIS,11.41,7.12,2020-12-19 02:00:00
2020-12-20,5,2020,0.558,0.211,29.32,25.16,MODIS,1.76,6.77,2020-12-20 02:00:00
2020-12-21,5,2020,0.554,0.202,31.05,24.04,MODIS,0.0,7.34,2020-12-21 02:00:00
2020-12-22,5,2020,0.557,0.198,30.59,27.3,MODIS,1.43,7.42,2020-12-22 02:00:00
2020-12-23,5,2020,0.6,0.208,29.21,21.22,MODIS,19.29,6.77,2020-12-23 02:00:00
2020-12-24,5,2020,0.575,0.25,29.64,23.63,MODIS,8.79,7.16,2020-12-24 02:00:00
2020-12-25,5,2020,0.566,0.178,30.51,23.23,MODIS,5.13,6.94,2020-12-25 02:00:00
2020-12-26,5,2020,0.589,0.207,29.43,23.11,MODIS,14.73,6.33,2020-12-26 02:00:00
2020-12-27,5,2020,0.57,0.182,30.54,21.7,MODIS,6.83,6.66,2020-12-27 02:00:00
2020-12-28,5,2020,0.582,0.202,28.69,26.08,MODIS,11.49,6.86,2020-12-28 02:00:00
2020-12-29,5,2020,0.571,0.261,29.96,22.06,MODIS,7.18,7.82,2020-12-29 02:00:00
2020-12-30,5,2020,0.567,0.305,29.67,22.85,MODIS,5.5,7.07,2020-12-30 02:00:00
2020-12-31,5,2020,0.574,0.202,29.37,24.27,MODIS,8.13,7.19,2020-12-31 02:00:00
2021-01-01,5,2021,0.759,0.238,27.56,28.45,MODIS,87.96,5.26,2021-01-01 02:00:00
2021-01-02,5,2021,0.79,0.343,24.56,30.11,MODIS,100.0,5.49,2021-01-02 02:00:00
2021-01-03,5,2021,0.731,0.185,25.95,29.68,MODIS,77.03,5.25,2021-01-03 02:00:00
2021-01-04,5,2021,0.761,0.406,25.88,29.14,MODIS,88.6,5.54,2021-01-04 02:00:00
2021-01-05,5,2021,0.746,0.246,27.16,30.36,MODIS,82.77,5.19,2021-01-05 02:00:00
2021-01-06,5,2021,0.756,0.234,25.93,32.97,MODIS,86.6,5.56,2021-01-06 02:00:00
2021-01-07,5,2021,0.74,0.283,25.28,28.3,MODIS,80.29,5.22,2021-01-07 02:00:00
2021-01-08,5,2021,0.771,0.229,25.71,30.4,MODIS,92.84,5.26,2021-01-08 02:00:00
2021-01-09,5,2021,0.745,0.248,26.2,30.43,MODIS,82.6,5.45,2021-01-09 02:00:00
2021-01-10,5,2021,0.731,0.189,25.64,32.83,MODIS,77.09,5.68,2021-01-10 02:00:00
2021-01-11,5,2021,0.761,0.242,26.45,28.65,MODIS,88.65,5.85,2021-01-11 02:00:00
2021-01-12,5,2021,0.738,0.233,23.98,33.17,MODIS,79.85,5.58,2021-01-12 02:00:00
2021-01-13,5,2021,0.746,0.241,25.36,29.38,MODIS,82.83,5.12,2021-01-13 02:00:00
2021-01-14,5,2021,0.728,0.227,25.61,30.28,MODIS,75.81,6.35,2021-01-14 02:00:00
2021-01-15,5,2021,0.77,0.268,26.88,29.49,MODIS,92.29,6.1,2021-01-15 02:00:00
2021-01-16,5,2021,0.742,0.281,26.07,28.45,MODIS,81.17,6.07,2021-01-16 02:00:00
2021-01-17,5,2021,0.752,0.267,25.5,30.85,MODIS,85.06,5.93,2021-01-17 02:00:00
2021-01-18,5,2021,0.735,0.273,24.72,31.51,MODIS,78.57,5.96,2021-01-18 02:00:00
2021-01-19,5,2021,0.744,0.41,26.46,31.11,MODIS,82.2,5.87,2021-01-19 02:00:00
2021-01-20,5,2021,0.735,0.224,25.25,26.19,MODIS,78.65,5.38,2021-01-20 02:00:00
2021-01-21,5,2021,0.754,0.371,25.03,30.67,MODIS,86.15,5.52,2021-01-21 02:00:00
2021-01-22,5,2021,0.743,0.391,26.46,29.39,MODIS,81.69,5.33,2021-01-22 02:00:00
2021-01-23,5,2021,0.737,0.177,25.84,29.36,MODIS,79.4,5.05,2021-01-23 02:00:00
2021-01-24,5,2021,0.736,0.192,26.34,31.52,MODIS,78.76,5.06,2021-01-24 02:00:00
2021-01-25,5,2021,0.734,0.332,26.3,27.16,MODIS,78.02,4.85,2021-01-25 02:00:00
2021-01-26,5,2021,0.728,0.208,26.16,28.15,MODIS,75.74,5.14,2021-01-26 02:00:00
2021-01-27,5,2021,0.732,0.322,27.65,30.98,MODIS,77.36,5.35,2021-01-27 02:00:00
2021-01-28,5,2021,0.734,0.319,26.6,24.9,MODIS,77.99,4.59,2021-01-28 02:00:00
2021-01-29,5,2021,0.757,0.228,28.1,31.95,MODIS,87.35,5.45,2021-01-29 02:00:00
2021-01-30,5,2021,0.734,0.239,25.56,30.55,MODIS,78.24,5.95,2021-01-30 02:00:00
2021-01-31,5,2021,0.737,0.153,25.31,30.46,MODIS,79.34,5.39,2021-01-31 02:00:00
2021-02-01,5,2021,0.74,0.271,26.7,28.18,MODIS,80.34,5.64,2021-02-01 02:00:00
2021-02-02,5,2021,0.721,0.401,25.31,25.98,MODIS,72.91,5.59,2021-02-02 02:00:00
2021-02-03,5,2021,0.722,0.288,26.29,35.55,MODIS,73.18,5.52,2021-02-03 02:00:00
2021-02-04,5,2021,0.746,0.256,27.09,23.5,MODIS,82.84,5.56,2021-02-04 02:00:00
2021-02-05,5,2021,0.709,0.219,26.52,28.69,MODIS,68.38,5.95,2021-02-05 02:00:00
2021-02-06,5,2021,0.713,0.26,27.56,30.46,MODIS,69.66,5.9,2021-02-06 02:00:00
2021-02-07,5,2021,0.715,0.344,27.2,28.42,MODIS,70.7,5.84,2021-02-07 02:00:00
2021-02-08,5,2021,0.697,0.346,27.5,29.47,MODIS,63.65,5.49,2021-02-08 02:00:00
2021-02-09,5,2021,0.741,0.211,26.74,29.57,MODIS,80.97,5.36,2021-02-09 02:00:00
2021-02-10,5,2021,0.718,0.208,26.13,30.53,MODIS,71.88,6.09,2021-02-10 02:00:00
2021-02-11,5,2021,0.73,0.408,25.21,26.9,MODIS,76.57,5.35,2021-02-11 02:00:00
2021-02-12,5,2021,0.726,0.256,26.1,29.45,MODIS,74.82,6.38,2021-02-12 02:00:00
2021-02-13,5,2021,0.724,0.254,25.81,30.58,MODIS,74.2,5.2,2021-02-13 02:00:00
2021-02-14,5,2021,0.756,0.213,26.76,28.13,MODIS,86.89,5.47,2021-02-14 02:00:00
2021-02-15,5,2021,0.735,0.193,26.1,28.17,MODIS,78.67,6.0,2021-02-15 02:00:00
2021-02-16,5,2021,0.731,0.235,26.1,26.44,MODIS,76.8,6.17,2021-02-16 02:00:00
2021-02-17,5,2021,0.742,0.263,25.29,25.14,MODIS,81.43,5.27,2021-02-17 02:00:00
2021-02-18,5,2021,0.752,0.266,26.99,26.1,MODIS,85.23,5.91,2021-02-18 02:00:00
2021-02-19,5,2021,0.711,0.349,26.93,27.09,MODIS,69.02,5.42,2021-02-19 02:00:00
2021-02-20,5,2021,0.725,0.218,26.2,29.55,MODIS,74.36,5.58,2021-02-20 02:00:00
2021-02-21,5,2021,0.731,0.34,27.15,28.75,MODIS,76.74,5.96,2021-02-21 02:00:00
2021-02-22,5,2021,0.707,0.328,27.28,29.55,MODIS,67.4,5.87,2021-02-22 02:00:00
2021-02-23,5,2021,0.726,0.227,26.01,29.88,MODIS,75.11,5.47,2021-02-23 02:00:00
2021-02-24,5,2021,0.716,0.257,27.09,26.31,MODIS,70.94,5.55,2021-02-24 02:00:00
2021-02-25,5,2021,0.707,0.214,27.06,28.8,MODIS,67.41,5.45,2021-02-25 02:00:00
2021-02-26,5,2021,0.718,0.26,27.33,30.92,MODIS,71.62,5.35,2021-02-26 02:00:00
2021-02-27,5,2021,0.724,0.209,26.2,27.84,MODIS,74.07,5.44,2021-02-27 02:00:00
2021-02-28,5,2021,0.703,0.225,26.67,26.21,MODIS,65.95,5.86,2021-02-28 02:00:00
2021-03-01,5,2021,0.73,0.201,25.5,31.19,MODIS,76.35,5.81,2021-03-01 02:00:00
2021-03-02,5,2021,0.733,0.25,26.53,28.11,MODIS,77.86,5.18,2021-03-02 02:00:00
2021-03-03,5,2021,0.734,0.2,26.94,28.75,MODIS,78.27,6.38,2021-03-03 02:00:00
2021-03-04,5,2021,0.712,0.225,26.38,28.43,MODIS,69.26,5.86,2021-03-04 02:00:00
2021-03-05,5,2021,0.732,0.289,27.81,28.24,MODIS,77.24,5.86,2021-03-05 02:00:00
2021-03-06,5,2021,0.719,0.245,26.76,25.78,MODIS,72.08,5.85,2021-03-06 02:00:00
2021-03-07,5,2021,0.73,0.263,25.66,27.94,MODIS,76.67,6.44,2021-03-07 02:00:00
2021-03-08,5,2021,0.711,0.204,27.29,30.53,MODIS,68.9,5.58,2021-03-08 02:00:00
2021-03-09,5,2021,0.726,0.217,26.33,32.42,MODIS,75.0,6.32,2021-03-09 02:00:00
2021-03-10,5,2021,0.711,0.411,26.38,27.43,MODIS,69.05,6.19,2021-03-10 02:00:00
2021-03-11,5,2021,0.718,0.298,27.57,28.72,MODIS,71.65,6.44,2021-03-11 02:00:00
2021-03-12,5,2021,0.698,0.321,27.67,31.4,MODIS,63.87,6.3,2021-03-12 02:00:00
2021-03-13,5,2021,0.703,0.323,26.08,26.61,MODIS,65.74,5.64,2021-03-13 02:00:00
2021-03-14,5,2021,0.721,0.195,25.39,26.7,MODIS,73.08,6.03,2021-03-14 02:00:00
2021-03-15,5,2021,0.739,0.207,27.48,27.98,MODIS,80.2,5.54,2021-03-15 02:00:00
2021-03-16,5,2021,0.713,0.224,27.03,25.35,MODIS,69.92,5.85,2021-03-16 02:00:00
2021-03-17,5,2021,0.729,0.276,27.09,30.98,MODIS,76.14,6.0,2021-03-17 02:00:00
2021-03-18,5,2021,0.708,0.232,27.35,28.94,MODIS,67.96,5.11,2021-03-18 02:00:00
2021-03-19,5,2021,0.712,0.252,26.85,25.99,MODIS,69.59,5.78,2021-03-19 02:00:00
2021-03-20,5,2021,0.694,0.214,26.28,26.89,MODIS,62.18,5.2,2021-03-20 02:00:00
2021-03-21,5,2021,0.686,0.236,26.63,26.33,MODIS,59.09,5.75,2021-03-21 02:00:00
2021-03-22,5,2021,0.695,0.388,27.05,31.05,MODIS,62.68,6.12,2021-03-22 02:00:00
2021-03-23,5,2021,0.723,0.256,26.82,30.63,MODIS,73.71,6.26,2021-03-23 02:00:00
2021-03-24,5,2021,0.678,0.244,27.1,27.64,MODIS,56.14,6.44,2021-03-24 02:00:00
2021-03-25,5,2021,0.7,0.218,26.35,26.56,MODIS,64.53,6.14,2021-03-25 02:00:00
2021-03-26,5,2021,0.731,0.367,26.3,32.24,MODIS,76.75,5.62,2021-03-26 02:00:00
2021-03-27,5,2021,0.706,0.337,27.24,29.25,MODIS,66.99,5.68,2021-03-27 02:00:00
2021-03-28,5,2021,0.705,0.207,26.92,28.94,MODIS,66.7,5.74,2021-03-28 02:00:00
2021-03-29,5,2021,0.696,0.21,26.8,29.18,MODIS,63.14,5.56,2021-03-29 02:00:00
2021-03-30,5,2021,0.709,0.256,26.61,28.55,MODIS,68.32,6.12,2021-03-30 02:00:00
2021-03-31,5,2021,0.718,0.181,26.7,30.76,MODIS,71.9,5.66,2021-03-31 02:00:00
2021-04-01,5,2021,0.693,0.59,26.43,24.45,MODIS,61.87,5.37,2021-04-01 02:00:00
2021-04-02,5,2021,0.698,0.579,27.83,31.26,MODIS,63.73,5.81,2021-04-02 02:00:00
2021-04-03,5,2021,0.708,0.202,27.46,26.69,MODIS,68.01,5.86,2021-04-03 02:00:00
2021-04-04,5,2021,0.695,0.287,26.81,28.42,MODIS,62.52,6.74,2021-04-04 02:00:00
2021-04-05,5,2021,0.672,0.339,27.94,29.97,MODIS,53.75,5.59,2021-04-05 02:00:00
2021-04-06,5,2021,0.712,0.266,27.46,28.45,MODIS,69.6,5.88,2021-04-06 02:00:00
2021-04-07,5,2021,0.719,0.194,27.81,26.67,MODIS,72.01,5.74,2021-04-07 02:00:00
2021-04-08,5,2021,0.687,0.195,25.78,32.76,MODIS,59.71,6.25,2021-04-08 02:00:00
2021-04-09,5,2021,0.697,0.234,27.64,26.19,MODIS,63.56,5.75,2021-04-09 02:00:00
2021-04-10,5,2021,0.701,0.318,26.28,25.71,MODIS,65.19,5.68,2021-04-10 02:00:00
2021-04-11,5,2021,0.714,0.211,27.05,30.4,MODIS,70.11,6.45,2021-04-11 02:00:00
2021-04-12,5,2021,0.738,0.19,26.98,28.0,MODIS,79.71,6.64,2021-04-12 02:00:00
2021-04-13,5,2021,0.677,0.271,27.3,26.02,MODIS,55.57,6.07,2021-04-13 02:00:00
2021-04-14,5,2021,0.723,0.197,27.49,25.24,MODIS,73.74,6.16,2021-04-14 02:00:00
2021-04-15,5,2021,0.709,0.304,27.35,26.32,MODIS,68.37,5.29,2021-04-15 02:00:00
2021-04-16,5,2021,0.707,0.179,27.74,26.39,MODIS,67.58,5.42,2021-04-16 02:00:00
2021-04-17,5,2021,0.712,0.2,26.79,29.62,MODIS,69.43,5.95,2021-04-17 02:00:00
2021-04-18,5,2021,0.693,0.172,27.08,30.72,MODIS,61.84,5.91,2021-04-18 02:00:00
2021-04-19,5,2021,0.691,0.247,27.93,24.37,MODIS,61.32,6.12,2021-04-19 02:00:00
2021-04-20,5,2021,0.7,0.283,27.05,29.55,MODIS,64.52,5.15,2021-04-20 02:00:00
2021-04-21,5,2021,0.703,0.303,27.67,29.55,MODIS,65.84,5.44,2021-04-21 02:00:00
2021-04-22,5,2021,0.7,0.195,25.47,20.67,MODIS,64.72,6.55,2021-04-22 02:00:00
2021-04-23,5,2021,0.703,0.158,26.06,26.92,MODIS,65.8,6.07,2021-04-23 02:00:00
2021-04-24,5,2021,0.712,0.268,26.59,31.56,MODIS,69.42,6.38,2021-04-24 02:00:00
2021-04-25,5,2021,0.694,0.344,26.67,27.71,MODIS,62.51,5.56,2021-04-25 02:00:00
2021-04-26,5,2021,0.688,0.197,27.58,27.36,MODIS,59.84,5.74,2021-04-26 02:00:00
2021-04-27,5,2021,0.701,0.191,26.94,28.25,MODIS,65.17,6.64,2021-04-27 02:00:00
2021-04-28,5,2021,0.685,0.264,26.42,26.39,MODIS,58.82,6.02,2021-04-28 02:00:00
2021-04-29,5,2021,0.695,0.225,27.67,28.02,MODIS,62.69,6.59,2021-04-29 02:00:00
2021-04-30,5,2021,0.709,0.269,26.17,29.01,MODIS,68.12,5.84,2021-04-30 02:00:00
2021-05-01,5,2021,0.656,0.304,26.17,29.1,MODIS,47.25,5.86,2021-05-01 02:00:00
2021-05-02,5,2021,0.681,0.421,27.18,30.59,MODIS,57.34,6.09,2021-05-02 02:00:00
2021-05-03,5,2021,0.698,0.267,27.04,26.57,MODIS,63.93,5.9,2021-05-03 02:00:00
2021-05-04,5,2021,0.687,0.367,26.39,26.55,MODIS,59.67,5.88,2021-05-04 02:00:00
2021-05-05,5,2021,0.688,0.161,27.58,27.8,MODIS,59.98,6.45,2021-05-05 02:00:00
2021-05-06,5,2021,0.677,0.297,27.58,26.03,MODIS,55.71,5.57,2021-05-06 02:00:00
2021-05-07,5,2021,0.679,0.205,28.09,26.6,MODIS,56.37,6.65,2021-05-07 02:00:00
2021-05-08,5,2021,0.699,0.229,28.23,27.47,MODIS,64.48,5.94,2021-05-08 02:00:00
2021-05-09,5,2021,0.665,0.209,27.78,28.12,MODIS,50.8,5.65,2021-05-09 02:00:00
2021-05-10,5,2021,0.657,0.257,26.82,27.16,MODIS,47.81,5.87,2021-05-10 02:00:00
2021-05-11,5,2021,0.69,0.256,26.47,26.74,MODIS,60.65,6.03,2021-05-11 02:00:00
2021-05-12,5,2021,0.674,0.233,26.52,25.76,MODIS,54.55,6.93,2021-05-12 02:00:00
2021-05-13,5,2021,0.661,0.208,26.1,30.5,MODIS,49.13,6.47,2021-05-13 02:00:00
2021-05-14,5,2021,0.673,0.282,27.7,30.57,MODIS,54.14,5.58,2021-05-14 02:00:00
2021-05-15,5,2021,0.684,0.31,27.4,27.37,MODIS,58.57,5.88,2021-05-15 02:00:00
2021-05-16,5,2021,0.668,0.316,27.86,29.31,MODIS,52.21,6.2,2021-05-16 02:00:00
2021-05-17,5,2021,0.692,0.168,27.38,30.04,MODIS,61.58,5.7,2021-05-17 02:00:00
2021-05-18,5,2021,0.675,0.139,27.51,25.53,MODIS,54.78,6.17,2021-05-18 02:00:00
2021-05-19,5,2021,0.663,0.179,27.26,28.15,MODIS,50.09,6.2,2021-05-19 02:00:00
2021-05-20,5,2021,0.666,0.187,28.22,27.87,MODIS,51.36,5.86,2021-05-20 02:00:00
2021-05-21,5,2021,0.68,0.416,27.57,28.15,MODIS,56.88,6.49,2021-05-21 02:00:00
2021-05-22,5,2021,0.681,0.28,27.61,23.55,MODIS,57.29,5.91,2021-05-22 02:00:00
2021-05-23,5,2021,0.667,0.221,27.37,29.67,MODIS,51.7,6.22,2021-05-23 02:00:00
2021-05-24,5,2021,0.705,0.376,27.61,26.75,MODIS,66.77,6.77,2021-05-24 02:00:00
2021-05-25,5,2021,0.65,0.187,27.08,27.23,MODIS,44.99,5.5,2021-05-25 02:00:00
2021-05-26,5,2021,0.662,0.258,26.41,29.91,MODIS,49.71,5.8,2021-05-26 02:00:00
2021-05-27,5,2021,0.654,0.216,27.36,30.21,MODIS,46.51,6.39,2021-05-27 02:00:00
2021-05-28,5,2021,0.683,0.228,26.54,27.01,MODIS,57.8,6.15,2021-05-28 02:00:00
2021-05-29,5,2021,0.673,0.247,26.76,25.92,MODIS,53.97,5.95,2021-05-29 02:00:00
2021-05-30,5,2021,0.694,0.193,28.24,22.58,MODIS,62.41,5.7,2021-05-30 02:00:00
2021-05-31,5,2021,0.668,0.39,26.93,31.64,MODIS,52.23,5.91,2021-05-31 02:00:00
2021-06-01,5,2021,0.666,0.192,26.32,28.57,MODIS,51.43,6.43,2021-06-01 02:00:00
2021-06-02,5,2021,0.681,0.187,28.13,28.63,MODIS,57.34,6.04,2021-06-02 02:00:00
2021-06-03,5,2021,0.673,0.187,27.82,29.06,MODIS,54.05,6.12,2021-06-03 02:00:00
2021-06-04,5,2021,0.676,0.33,27.21,25.66,MODIS,55.32,6.5,2021-06-04 02:00:00
2021-06-05,5,2021,0.661,0.23,27.46,25.25,MODIS,49.16,5.35,2021-06-05 02:00:00
2021-06-06,5,2021,0.675,0.208,27.55,26.93,MODIS,54.79,6.16,2021-06-06 02:00:00
2021-06-07,5,2021,0.682,0.3,27.28,27.19,MODIS,57.45,6.3,2021-06-07 02:00:00
2021-06-08,5,2021,0.677,0.277,28.78,26.35,MODIS,55.64,6.28,2021-06-08 02:00:00
2021-06-09,5,2021,0.654,0.205,28.94,23.6,MODIS,46.42,5.88,2021-06-09 02:00:00
2021-06-10,5,2021,0.675,0.184,27.41,26.15,MODIS,54.94,6.28,2021-06-10 02:00:00
2021-06-11,5,2021,0.678,0.236,27.02,24.19,MODIS,56.08,5.78,2021-06-11 02:00:00
2021-06-12,5,2021,0.654,0.234,28.82,24.97,MODIS,46.71,5.95,2021-06-12 02:00:00
2021-06-13,5,2021,0.67,0.22,26.99,29.91,MODIS,53.04,5.97,2021-06-13 02:00:00
2021-06-14,5,2021,0.64,0.176,27.6,30.1,MODIS,41.02,6.05,2021-06-14 02:00:00
2021-06-15,5,2021,0.705,0.222,26.46,29.72,MODIS,66.8,5.69,2021-06-15 02:00:00
2021-06-16,5,2021,0.665,0.2,27.85,27.29,MODIS,50.69,5.97,2021-06-16 02:00:00
2021-06-17,5,2021,0.662,0.206,29.4,26.53,MODIS,49.77,6.1,2021-06-17 02:00:00
2021-06-18,5,2021,0.668,0.212,29.1,28.12,MODIS,52.24,6.16,2021-06-18 02:00:00
2021-06-19,5,2021,0.677,0.195,27.56,27.4,MODIS,55.45,6.47,2021-06-19 02:00:00
2021-06-20,5,2021,0.682,0.302,27.19,30.31,MODIS,57.56,6.02,2021-06-20 02:00:00
2021-06-21,5,2021,0.661,0.243,28.1,25.02,MODIS,49.24,6.14,2021-06-21 02:00:00
2021-06-22,5,2021,0.678,0.294,27.11,28.13,MODIS,56.14,5.99,2021-06-22 02:00:00
2021-06-23,5,2021,0.686,0.265,27.35,24.89,MODIS,59.12,6.72,2021-06-23 02:00:00
2021-06-24,5,2021,0.667,0.295,28.09,23.91,MODIS,51.67,5.37,2021-06-24 02:00:00
2021-06-25,5,2021,0.641,0.395,26.55,24.8,MODIS,41.33,5.87,2021-06-25 02:00:00
2021-06-26,5,2021,0.657,0.189,27.07,29.3,MODIS,47.76,6.65,2021-06-26 02:00:00
2021-06-27,5,2021,0.636,0.253,28.45,27.29,MODIS,39.25,5.7,2021-06-27 02:00:00
2021-06-28,5,2021,0.663,0.33,27.73,28.82,MODIS,49.92,5.45,2021-06-28 02:00:00
2021-06-29,5,2021,0.677,0.192,27.98,26.83,MODIS,55.51,7.58,2021-06-29 02:00:00
2021-06-30,5,2021,0.638,0.226,27.86,25.88,MODIS,40.2,7.02,2021-06-30 02:00:00
2021-07-01,5,2021,0.653,0.206,28.3,30.83,MODIS,46.19,6.28,2021-07-01 02:00:00
2021-07-02,5,2021,0.651,0.278,27.97,28.88,MODIS,45.47,6.35,2021-07-02 02:00:00
2021-07-03,5,2021,0.675,0.189,28.15,29.05,MODIS,54.78,6.57,2021-07-03 02:00:00
2021-07-04,5,2021,0.667,0.234,27.99,28.47,MODIS,51.59,6.57,2021-07-04 02:00:00
2021-07-05,5,2021,0.673,0.194,28.96,26.39,MODIS,54.05,6.48,2021-07-05 02:00:00
2021-07-06,5,2021,0.652,0.194,27.27,28.33,MODIS,45.92,6.1,2021-07-06 02:00:00
2021-07-07,5,2021,0.651,0.329,28.39,23.75,MODIS,45.31,5.97,2021-07-07 02:00:00
2021-07-08,5,2021,0.688,0.217,27.69,26.49,MODIS,59.99,6.59,2021-07-08 02:00:00
2021-07-09,5,2021,0.662,0.218,27.7,25.98,MODIS,49.68,6.75,2021-07-09 02:00:00
2021-07-10,5,2021,0.642,0.228,28.5,26.26,MODIS,41.74,6.07,2021-07-10 02:00:00
2021-07-11,5,2021,0.654,0.251,29.57,26.61,MODIS,46.4,6.28,2021-07-11 02:00:00
2021-07-12,5,2021,0.646,0.288,26.96,25.13,MODIS,43.23,5.74,2021-07-12 02:00:00
2021-07-13,5,2021,0.657,0.315,27.01,26.16,MODIS,47.84,5.81,2021-07-13 02:00:00
2021-07-14,5,2021,0.673,0.192,27.19,30.4,MODIS,53.95,5.91,2021-07-14 02:00:00
2021-07-15,5,2021,0.632,0.196,26.96,23.88,MODIS,37.89,5.45,2021-07-15 02:00:00
2021-07-16,5,2021,0.649,0.204,29.43,28.28,MODIS,44.5,6.31,2021-07-16 02:00:00
2021-07-17,5,2021,0.642,0.175,27.91,29.07,MODIS,41.69,6.75,2021-07-17 02:00:00
2021-07-18,5,2021,0.679,0.187,28.39,26.11,MODIS,56.47,6.29,2021-07-18 02:00:00
2021-07-19,5,2021,0.638,0.221,27.61,27.46,MODIS,40.15,5.45,2021-07-19 02:00:00
2021-07-20,5,2021,0.67,0.192,28.07,28.59,MODIS,52.75,6.95,2021-07-20 02:00:00
2021-07-21,5,2021,0.68,0.302,28.47,23.83,MODIS,56.82,6.04,2021-07-21 02:00:00
2021-07-22,5,2021,0.648,0.221,27.24,26.24,MODIS,44.02,5.66,2021-07-22 02:00:00
2021-07-23,5,2021,0.67,0.22,28.62,26.98,MODIS,53.0,6.72,2021-07-23 02:00:00
2021-07-24,5,2021,0.644,0.241,28.27,29.38,MODIS,42.44,6.49,2021-07-24 02:00:00
2021-07-25,5,2021,0.639,0.449,27.06,26.29,MODIS,40.73,6.09,2021-07-25 02:00:00
2021-07-26,5,2021,0.642,0.182,27.87,25.69,MODIS,41.63,7.43,2021-07-26 02:00:00
2021-07-27,5,2021,0.639,0.189,28.49,22.6,MODIS,40.62,6.25,2021-07-27 02:00:00
2021-07-28,5,2021,0.69,0.222,28.34,27.18,MODIS,60.78,6.19,2021-07-28 02:00:00
2021-07-29,5,2021,0.658,0.237,29.67,27.18,MODIS,48.26,6.32,2021-07-29 02:00:00
2021-07-30,5,2021,0.644,0.184,28.58,26.82,MODIS,42.41,5.8,2021-07-30 02:00:00
2021-07-31,5,2021,0.63,0.239,27.67,22.49,MODIS,37.01,5.95,2021-07-31 02:00:00
2021-08-01,5,2021,0.662,0.206,29.29,24.91,MODIS,49.53,5.54,2021-08-01 02:00:00
2021-08-02,5,2021,0.621,0.268,27.78,26.6,MODIS,33.59,6.72,2021-08-02 02:00:00
2021-08-03,5,2021,0.627,0.418,28.1,25.07,MODIS,35.93,6.32,2021-08-03 02:00:00
2021-08-04,5,2021,0.646,0.366,28.66,27.45,MODIS,43.33,6.1,2021-08-04 02:00:00
2021-08-05,5,2021,0.647,0.199,27.58,25.94,MODIS,43.59,6.03,2021-08-05 02:00:00
2021-08-06,5,2021,0.642,0.189,27.24,27.0,MODIS,41.79,6.17,2021-08-06 02:00:00
2021-08-07,5,2021,0.62,0.225,28.98,24.03,MODIS,33.08,6.6,2021-08-07 02:00:00
2021-08-08,5,2021,0.621,0.249,28.32,22.1,MODIS,33.65,7.08,2021-08-08 02:00:00
2021-08-09,5,2021,0.634,0.242,29.6,28.35,MODIS,38.46,6.87,2021-08-09 02:00:00
2021-08-10,5,2021,0.633,0.232,27.82,26.87,MODIS,38.39,5.79,2021-08-10 02:00:00
2021-08-11,5,2021,0.624,0.306,28.54,23.69,MODIS,34.64,5.74,2021-08-11 02:00:00
2021-08-12,5,2021,0.632,0.212,28.23,23.6,MODIS,37.72,5.87,2021-08-12 02:00:00
2021-08-13,5,2021,0.646,0.252,28.72,27.96,MODIS,43.48,6.29,2021-08-13 02:00:00
2021-08-14,5,2021,0.648,0.323,28.35,27.22,MODIS,44.15,7.02,2021-08-14 02:00:00
2021-08-15,5,2021,0.637,0.224,28.51,26.95,MODIS,39.75,6.25,2021-08-15 02:00:00
2021-08-16,5,2021,0.647,0.219,27.37,27.73,MODIS,43.96,6.27,2021-08-16 02:00:00
2021-08-17,5,2021,0.643,0.195,28.88,24.43,MODIS,42.19,5.79,2021-08-17 02:00:00
2021-08-18,5,2021,0.633,0.344,30.24,24.77,MODIS,38.29,7.19,2021-08-18 02:00:00
2021-08-19,5,2021,0.647,0.201,29.6,24.43,MODIS,43.62,6.92,2021-08-19 02:00:00
2021-08-20,5,2021,0.639,0.192,27.03,27.09,MODIS,40.78,6.51,2021-08-20 02:00:00
2021-08-21,5,2021,0.635,0.261,29.4,25.46,MODIS,38.9,6.2,2021-08-21 02:00:00
2021-08-22,5,2021,0.631,0.356,27.14,29.24,MODIS,37.58,6.83,2021-08-22 02:00:00
2021-08-23,5,2021,0.624,0.239,27.89,25.4,MODIS,34.59,6.57,2021-08-23 02:00:00
2021-08-24,5,2021,0.622,0.214,28.71,27.32,MODIS,33.96,7.2,2021-08-24 02:00:00
2021-08-25,5,2021,0.597,0.173,29.57,26.77,MODIS,24.22,6.06,2021-08-25 02:00:00
2021-08-26,5,2021,0.652,0.221,28.98,27.25,MODIS,45.87,7.22,2021-08-26 02:00:00
2021-08-27,5,2021,0.63,0.206,28.59,25.47,MODIS,37.16,5.95,2021-08-27 02:00:00
2021-08-28,5,2021,0.628,0.208,28.37,30.39,MODIS,36.47,7.43,2021-08-28 02:00:00
2021-08-29,5,2021,0.636,0.472,29.27,26.22,MODIS,39.36,6.59,2021-08-29 02:00:00
2021-08-30,5,2021,0.597,0.306,28.5,28.25,MODIS,24.19,6.63,2021-08-30 02:00:00
2021-08-31,5,2021,0.645,0.339,30.14,25.05,MODIS,42.87,6.66,2021-08-31 02:00:00
2021-09-01,5,2021,0.62,0.251,29.34,30.91,MODIS,33.0,5.62,2021-09-01 02:00:00
2021-09-02,5,2021,0.616,0.189,28.57,27.01,MODIS,31.74,6.7,2021-09-02 02:00:00
2021-09-03,5,2021,0.641,0.32,28.84,22.79,MODIS,41.34,5.97,2021-09-03 02:00:00
2021-09-04,5,2021,0.635,0.229,28.25,30.01,MODIS,39.16,6.77,2021-09-04 02:00:00
2021-09-05,5,2021,0.624,0.246,29.61,27.83,MODIS,34.59,6.23,2021-09-05 02:00:00
2021-09-06,5,2021,0.635,0.195,28.11,24.71,MODIS,38.98,5.65,2021-09-06 02:00:00
2021-09-07,5,2021,0.655,0.168,28.65,27.7,MODIS,46.76,7.01,2021-09-07 02:00:00
2021-09-08,5,2021,0.652,0.317,29.03,23.26,MODIS,45.63,6.18,2021-09-08 02:00:00
2021-09-09,5,2021,0.633,0.215,30.18,21.64,MODIS,38.11,6.81,2021-09-09 02:00:00
2021-09-10,5,2021,0.611,0.385,28.58,23.06,MODIS,29.49,5.88,2021-09-10 02:00:00
2021-09-11,5,2021,0.624,0.265,29.13,24.07,MODIS,34.79,5.73,2021-09-11 02:00:00
2021-09-12,5,2021,0.648,0.212,28.9,23.02,MODIS,44.37,7.02,2021-09-12 02:00:00
2021-09-13,5,2021,0.607,0.261,29.05,26.85,MODIS,28.16,6.68,2021-09-13 02:00:00
2021-09-14,5,2021,0.614,0.282,29.28,26.14,MODIS,30.94,5.38,2021-09-14 02:00:00
2021-09-15,5,2021,0.604,0.424,27.82,24.69,MODIS,26.82,6.18,2021-09-15 02:00:00
2021-09-16,5,2021,0.641,0.218,29.48,23.56,MODIS,41.49,6.94,2021-09-16 02:00:00
2021-09-17,5,2021,0.634,0.305,29.4,26.48,MODIS,38.59,6.7,2021-09-17 02:00:00
2021-09-18,5,2021,0.62,0.228,27.15,28.07,MODIS,33.01,7.0,2021-09-18 02:00:00
2021-09-19,5,2021,0.642,0.214,29.08,28.37,MODIS,41.99,5.93,2021-09-19 02:00:00
2021-09-20,5,2021,0.659,0.241,29.19,24.32,MODIS,48.52,6.44,2021-09-20 02:00:00
2021-09-21,5,2021,0.592,0.278,29.99,26.43,MODIS,22.18,6.69,2021-09-21 02:00:00
2021-09-22,5,2021,0.622,0.176,29.63,26.85,MODIS,33.77,7.16,2021-09-22 02:00:00
2021-09-23,5,2021,0.646,0.157,28.34,20.8,MODIS,43.51,5.62,2021-09-23 02:00:00
2021-09-24,5,2021,0.586,0.208,28.29,26.22,MODIS,19.75,6.42,2021-09-24 02:00:00
2021-09-25,5,2021,0.614,0.206,28.71,26.51,MODIS,30.88,6.7,2021-09-25 02:00:00
2021-09-26,5,2021,0.598,0.185,29.03,23.28,MODIS,24.47,6.03,2021-09-26 02:00:00
2021-09-27,5,2021,0.603,0.222,28.64,24.5,MODIS,26.31,7.0,2021-09-27 02:00:00
2021-09-28,5,2021,0.612,0.336,29.29,26.01,MODIS,29.81,5.2,2021-09-28 02:00:00
2021-09-29,5,2021,0.638,0.232,28.84,25.7,MODIS,40.08,5.81,2021-09-29 02:00:00
2021-09-30,5,2021,0.596,0.212,28.61,24.93,MODIS,23.47,7.45,2021-09-30 02:00:00
2021-10-01,5,2021,0.593,0.203,28.77,28.77,MODIS,22.37,7.98,2021-10-01 02:00:00
2021-10-02,5,2021,0.631,0.213,28.39,23.04,MODIS,37.54,7.69,2021-10-02 02:00:00
2021-10-03,5,2021,0.625,0.257,29.75,26.98,MODIS,35.19,6.03,2021-10-03 02:00:00
2021-10-04,5,2021,0.627,0.201,28.78,26.27,MODIS,35.86,7.02,2021-10-04 02:00:00
2021-10-05,5,2021,0.606,0.195,29.19,26.27,MODIS,27.74,6.35,2021-10-05 02:00:00
2021-10-06,5,2021,0.607,0.189,28.31,25.45,MODIS,28.12,7.47,2021-10-06 02:00:00
2021-10-07,5,2021,0.614,0.187,29.44,27.65,MODIS,30.93,7.01,2021-10-07 02:00:00
2021-10-08,5,2021,0.63,0.269,30.5,25.2,MODIS,37.04,7.22,2021-10-08 02:00:00
2021-10-09,5,2021,0.601,0.224,30.2,26.56,MODIS,25.79,6.18,2021-10-09 02:00:00
2021-10-10,5,2021,0.615,0.22,29.05,21.26,MODIS,31.05,6.6,2021-10-10 02:00:00
2021-10-11,5,2021,0.603,0.287,27.88,24.08,MODIS,26.51,6.45,2021-10-11 02:00:00
2021-10-12,5,2021,0.575,0.191,29.29,25.94,MODIS,15.26,7.1,2021-10-12 02:00:00
2021-10-13,5,2021,0.61,0.221,29.97,26.95,MODIS,29.36,6.69,2021-10-13 02:00:00
2021-10-14,5,2021,0.6,0.225,28.69,21.75,MODIS,25.26,6.77,2021-10-14 02:00:00
2021-10-15,5,2021,0.576,0.275,29.22,22.74,MODIS,15.8,6.61,2021-10-15 02:00:00
2021-10-16,5,2021,0.626,0.198,28.6,26.83,MODIS,35.66,7.1,2021-10-16 02:00:00
2021-10-17,5,2021,0.601,0.21,30.49,27.1,MODIS,25.59,6.91,2021-10-17 02:00:00
2021-10-18,5,2021,0.615,0.199,29.13,28.63,MODIS,31.08,6.61,2021-10-18 02:00:00
2021-10-19,5,2021,0.623,0.309,30.24,22.24,MODIS,34.35,6.97,2021-10-19 02:00:00
2021-10-20,5,2021,0.62,0.188,29.65,22.91,MODIS,33.17,6.18,2021-10-20 02:00:00
2021-10-21,5,2021,0.6,0.241,30.62,23.49,MODIS,25.16,7.05,2021-10-21 02:00:00
2021-10-22,5,2021,0.636,0.249,29.46,22.97,MODIS,39.53,6.7,2021-10-22 02:00:00
2021-10-23,5,2021,0.6,0.213,28.41,24.72,MODIS,25.04,6.67,2021-10-23 02:00:00
2021-10-24,5,2021,0.594,0.194,28.64,28.84,MODIS,22.77,6.79,2021-10-24 02:00:00
2021-10-25,5,2021,0.594,0.294,28.69,27.31,MODIS,22.96,6.41,2021-10-25 02:00:00
2021-10-26,5,2021,0.623,0.197,29.48,26.12,MODIS,34.28,7.16,2021-10-26 02:00:00
2021-10-27,5,2021,0.594,0.189,30.42,25.29,MODIS,22.91,7.75,2021-10-27 02:00:00
2021-10-28,5,2021,0.581,0.217,28.76,24.37,MODIS,17.67,6.93,2021-10-28 02:00:00
2021-10-29,5,2021,0.601,0.46,29.02,22.78,MODIS,25.43,6.68,2021-10-29 02:00:00
2021-10-30,5,2021,0.612,0.284,28.98,24.72,MODIS,30.14,7.12,2021-10-30 02:00:00
2021-10-31,5,2021,0.595,0.258,31.17,25.02,MODIS,23.4,6.46,2021-10-31 02:00:00
2021-11-01,5,2021,0.613,0.269,31.22,25.95,MODIS,30.56,6.9,2021-11-01 02:00:00
2021-11-02,5,2021,0.606,0.249,30.25,23.52,MODIS,27.44,6.96,2021-11-02 02:00:00
2021-11-03,5,2021,0.614,0.263,29.86,24.88,MODIS,30.58,7.18,2021-11-03 02:00:00
2021-11-04,5,2021,0.621,0.195,30.09,24.13,MODIS,33.69,6.57,2021-11-04 02:00:00
2021-11-05,5,2021,0.595,0.281,29.83,26.85,MODIS,23.3,6.86,2021-11-05 02:00:00
2021-11-06,5,2021,0.625,0.288,29.15,21.98,MODIS,35.25,6.91,2021-11-06 02:00:00
2021-11-07,5,2021,0.589,0.204,28.27,26.25,MODIS,20.83,6.73,2021-11-07 02:00:00
2021-11-08,5,2021,0.601,0.421,31.0,22.22,MODIS,25.72,7.16,2021-11-08 02:00:00
2021-11-09,5,2021,0.61,0.263,29.59,25.23,MODIS,29.22,6.37,2021-11-09 02:00:00
2021-11-10,5,2021,0.579,0.231,28.01,26.34,MODIS,16.76,6.73,2021-11-10 02:00:00
2021-11-11,5,2021,0.577,0.259,28.67,25.2,MODIS,16.01,6.18,2021-11-11 02:00:00
2021-11-12,5,2021,0.598,0.258,29.78,21.52,MODIS,24.48,7.0,2021-11-12 02:00:00
2021-11-13,5,2021,0.568,0.203,30.37,25.55,MODIS,12.66,6.65,2021-11-13 02:00:00
2021-11-14,5,2021,0.625,0.361,29.53,22.49,MODIS,35.1,6.49,2021-11-14 02:00:00
2021-11-15,5,2021,0.582,0.254,29.72,22.18,MODIS,18.0,7.06,2021-11-15 02:00:00
2021-11-16,5,2021,0.592,0.253,30.05,24.89,MODIS,22.18,7.16,2021-11-16 02:00:00
2021-11-17,5,2021,0.602,0.203,28.75,25.7,MODIS,25.85,6.6,2021-11-17 02:00:00
2021-11-18,5,2021,0.571,0.268,29.53,22.4,MODIS,13.61,6.55,2021-11-18 02:00:00
2021-11-19,5,2021,0.599,0.201,29.67,21.44,MODIS,24.97,6.7,2021-11-19 02:00:00
2021-11-20,5,2021,0.589,0.343,29.27,17.71,MODIS,21.04,7.03,2021-11-20 02:00:00
2021-11-21,5,2021,0.594,0.195,29.71,22.9,MODIS,22.87,7.24,2021-11-21 02:00:00
2021-11-22,5,2021,0.594,0.206,28.86,23.65,MODIS,22.84,6.9,2021-11-22 02:00:00
2021-11-23,5,2021,0.581,0.218,31.13,20.53,MODIS,17.6,7.28,2021-11-23 02:00:00
2021-11-24,5,2021,0.599,0.6,30.26,23.07,MODIS,24.77,6.54,2021-11-24 02:00:00
2021-11-25,5,2021,0.603,0.187,29.96,24.72,MODIS,26.22,6.26,2021-11-25 02:00:00
2021-11-26,5,2021,0.57,0.197,29.95,22.21,MODIS,13.56,6.25,2021-11-26 02:00:00
2021-11-27,5,2021,0.598,0.178,29.65,24.45,MODIS,24.38,7.46,2021-11-27 02:00:00
2021-11-28,5,2021,0.593,0.262,29.78,25.54,MODIS,22.36,6.09,2021-11-28 02:00:00
2021-11-29,5,2021,0.606,0.221,30.14,23.47,MODIS,27.77,7.34,2021-11-29 02:00:00
2021-11-30,5,2021,0.621,0.397,30.25,21.92,MODIS,33.65,6.91,2021-11-30 02:00:00
2021-12-01,5,2021,0.577,0.22,30.29,25.06,MODIS,16.32,7.57,2021-12-01 02:00:00
2021-12-02,5,2021,0.59,0.173,30.25,23.48,MODIS,21.13,7.6,2021-12-02 02:00:00
2021-12-03,5,2021,0.593,0.234,30.27,24.18,MODIS,22.58,7.1,2021-12-03 02:00:00
2021-12-04,5,2021,0.579,0.226,31.37,21.27,MODIS,16.8,6.47,2021-12-04 02:00:00
2021-12-05,5,2021,0.602,0.202,29.6,24.7,MODIS,26.09,7.82,2021-12-05 02:00:00
2021-12-06,5,2021,0.615,0.331,29.29,24.8,MODIS,31.05,6.72,2021-12-06 02:00:00
2021-12-07,5,2021,0.606,0.275,29.13,27.44,MODIS,27.77,6.44,2021-12-07 02:00:00
2021-12-08,5,2021,0.572,0.247,29.75,25.99,MODIS,14.17,6.22,2021-12-08 02:00:00
2021-12-09,5,2021,0.552,0.398,30.75,24.27,MODIS,6.39,6.72,2021-12-09 02:00:00
2021-12-10,5,2021,0.554,0.208,29.72,21.7,MODIS,7.26,7.16,2021-12-10 02:00:00
2021-12-11,5,2021,0.567,0.206,30.7,22.22,MODIS,12.26,6.82,2021-12-11 02:00:00
2021-12-12,5,2021,0.587,0.192,30.1,26.66,MODIS,19.91,6.58,2021-12-12 02:00:00
2021-12-13,5,2021,0.583,0.241,30.22,26.3,MODIS,18.57,7.11,2021-12-13 02:00:00
2021-12-14,5,2021,0.585,0.196,28.63,28.39,MODIS,19.39,7.18,2021-12-14 02:00:00
2021-12-15,5,2021,0.574,0.227,29.73,24.99,MODIS,14.92,6.91,2021-12-15 02:00:00
2021-12-16,5,2021,0.582,0.405,29.86,24.64,MODIS,18.27,7.4,2021-12-16 02:00:00
2021-12-17,5,2021,0.606,0.209,30.89,24.75,MODIS,27.72,6.82,2021-12-17 02:00:00
2021-12-18,5,2021,0.591,0.19,29.28,27.26,MODIS,21.78,6.16,2021-12-18 02:00:00
2021-12-19,5,2021,0.563,0.228,29.85,27.68,MODIS,10.55,7.24,2021-12-19 02:00:00
2021-12-20,5,2021,0.6,0.206,29.88,26.62,MODIS,25.18,7.4,2021-12-20 02:00:00
2021-12-21,5,2021,0.568,0.273,30.59,25.69,MODIS,12.67,7.92,2021-12-21 02:00:00
2021-12-22,5,2021,0.574,0.192,29.67,24.74,MODIS,14.84,6.73,2021-12-22 02:00:00
2021-12-23,5,2021,0.563,0.266,30.78,25.2,MODIS,10.81,6.92,2021-12-23 02:00:00
2021-12-24,5,2021,0.577,0.234,30.65,21.95,MODIS,16.15,7.73,2021-12-24 02:00:00
2021-12-25,5,2021,0.567,0.205,30.27,25.64,MODIS,12.14,7.19,2021-12-25 02:00:00
2021-12-26,5,2021,0.567,0.193,29.85,27.21,MODIS,12.25,6.85,2021-12-26 02:00:00
2021-12-27,5,2021,0.578,0.216,29.58,26.94,MODIS,16.69,6.21,2021-12-27 02:00:00
2021-12-28,5,2021,0.536,0.24,29.56,23.01,MODIS,0.0,6.57,2021-12-28 02:00:00
2021-12-29,5,2021,0.572,0.243,29.41,19.11,MODIS,14.18,6.83,2021-12-29 02:00:00
2021-12-30,5,2021,0.568,0.197,29.11,23.65,MODIS,12.52,7.4,2021-12-30 02:00:00
2021-12-31,5,2021,0.554,0.225,31.01,24.74,MODIS,7.07,6.93,2021-12-31 02:00:00
2022-01-01,5,2022,0.743,0.202,25.85,26.86,MODIS,92.12,6.26,2022-01-01 02:00:00
2022-01-02,5,2022,0.737,0.218,26.67,30.0,MODIS,89.5,5.42,2022-01-02 02:00:00
2022-01-03,5,2022,0.754,0.213,26.87,28.59,MODIS,97.52,6.42,2022-01-03 02:00:00
2022-01-04,5,2022,0.757,0.242,26.74,25.68,MODIS,99.09,5.37,2022-01-04 02:00:00
2022-01-05,5,2022,0.755,0.204,26.67,29.4,MODIS,98.28,6.57,2022-01-05 02:00:00
2022-01-06,5,2022,0.754,0.232,26.23,29.8,MODIS,97.73,5.65,2022-01-06 02:00:00
2022-01-07,5,2022,0.757,0.201,26.2,30.21,MODIS,99.25,5.15,2022-01-07 02:00:00
2022-01-08,5,2022,0.744,0.227,26.55,29.56,MODIS,92.76,5.34,2022-01-08 02:00:00
2022-01-09,5,2022,0.74,0.235,25.7,26.74,MODIS,91.1,5.76,2022-01-09 02:00:00
2022-01-10,5,2022,0.734,0.22,25.7,29.67,MODIS,87.93,5.78,2022-01-10 02:00:00
2022-01-11,5,2022,0.727,0.255,27.23,28.96,MODIS,84.35,5.38,2022-01-11 02:00:00
2022-01-12,5,2022,0.757,0.209,25.14,29.71,MODIS,98.93,6.08,2022-01-12 02:00:00
2022-01-13,5,2022,0.748,0.31,25.23,29.74,MODIS,94.59,4.91,2022-01-13 02:00:00
2022-01-14,5,2022,0.738,0.268,26.52,30.99,MODIS,90.13,5.7,2022-01-14 02:00:00
2022-01-15,5,2022,0.739,0.262,26.84,30.31,MODIS,90.42,5.85,2022-01-15 02:00:00
2022-01-16,5,2022,0.749,0.349,25.96,31.54,MODIS,95.06,5.06,2022-01-16 02:00:00
2022-01-17,5,2022,0.742,0.223,25.88,29.68,MODIS,91.71,5.79,2022-01-17 02:00:00
2022-01-18,5,2022,0.746,0.176,26.07,28.39,MODIS,93.69,5.38,2022-01-18 02:00:00
2022-01-19,5,2022,0.742,0.271,24.2,34.28,MODIS,91.75,5.79,2022-01-19 02:00:00
2022-01-20,5,2022,0.759,0.215,26.57,28.83,MODIS,100.0,5.72,2022-01-20 02:00:00
2022-01-21,5,2022,0.747,0.283,26.53,28.14,MODIS,94.05,5.43,2022-01-21 02:00:00
2022-01-22,5,2022,0.718,0.268,27.53,28.35,MODIS,80.44,5.94,2022-01-22 02:00:00
2022-01-23,5,2022,0.721,0.249,25.44,33.6,MODIS,81.76,6.01,2022-01-23 02:00:00
2022-01-24,5,2022,0.74,0.226,27.29,27.68,MODIS,90.85,4.8,2022-01-24 02:00:00
2022-01-25,5,2022,0.722,0.313,27.44,30.12,MODIS,82.18,5.22,2022-01-25 02:00:00
2022-01-26,5,2022,0.742,0.36,26.36,30.38,MODIS,91.73,5.79,2022-01-26 02:00:00
2022-01-27,5,2022,0.743,0.332,26.54,27.27,MODIS,92.18,5.56,2022-01-27 02:00:00
2022-01-28,5,2022,0.758,0.29,27.11,27.65,MODIS,99.73,5.16,2022-01-28 02:00:00
2022-01-29,5,2022,0.741,0.251,26.26,30.7,MODIS,91.27,5.74,2022-01-29 02:00:00
2022-01-30,5,2022,0.75,0.242,26.32,30.77,MODIS,95.82,6.23,2022-01-30 02:00:00
2022-01-31,5,2022,0.718,0.185,26.18,28.14,MODIS,80.05,5.3,2022-01-31 02:00:00
2022-02-01,5,2022,0.748,0.158,25.88,32.48,MODIS,94.85,5.85,2022-02-01 02:00:00
2022-02-02,5,2022,0.735,0.238,25.53,31.13,MODIS,88.24,4.94,2022-02-02 02:00:00
2022-02-03,5,2022,0.738,0.249,26.2,27.25,MODIS,89.91,6.47,2022-02-03 02:00:00
2022-02-04,5,2022,0.725,0.184,26.74,26.11,MODIS,83.54,4.89,2022-02-04 02:00:00
2022-02-05,5,2022,0.713,0.198,26.72,28.27,MODIS,78.03,6.05,2022-02-05 02:00:00
2022-02-06,5,2022,0.749,0.22,26.6,31.71,MODIS,95.21,5.58,2022-02-06 02:00:00
2022-02-07,5,2022,0.722,0.196,26.18,30.38,MODIS,82.09,5.67,2022-02-07 02:00:00
2022-02-08,5,2022,0.693,0.249,26.47,25.57,MODIS,68.21,6.78,2022-02-08 02:00:00
2022-02-09,5,2022,0.746,0.234,25.73,29.4,MODIS,93.71,6.17,2022-02-09 02:00:00
2022-02-10,5,2022,0.735,0.175,26.47,31.46,MODIS,88.51,5.38,2022-02-10 02:00:00
2022-02-11,5,2022,0.741,0.188,26.1,30.03,MODIS,91.34,5.56,2022-02-11 02:00:00
2022-02-12,5,2022,0.726,0.22,26.31,26.6,MODIS,83.89,4.77,2022-02-12 02:00:00
2022-02-13,5,2022,0.743,0.307,26.41,32.8,MODIS,92.48,5.24,2022-02-13 02:00:00
2022-02-14,5,2022,0.705,0.301,27.23,28.09,MODIS,73.73,5.61,2022-02-14 02:00:00
2022-02-15,5,2022,0.725,0.212,27.23,29.25,MODIS,83.64,5.78,2022-02-15 02:00:00
2022-02-16,5,2022,0.713,0.243,26.16,30.2,MODIS,77.71,6.25,2022-02-16 02:00:00
2022-02-17,5,2022,0.731,0.26,27.08,31.57,MODIS,86.72,6.3,2022-02-17 02:00:00
2022-02-18,5,2022,0.72,0.217,27.6,30.6,MODIS,81.07,5.26,2022-02-18 02:00:00
2022-02-19,5,2022,0.726,0.223,26.34,29.63,MODIS,83.89,5.55,2022-02-19 02:00:00
2022-02-20,5,2022,0.758,0.265,27.94,30.86,MODIS,99.74,5.46,2022-02-20 02:00:00
2022-02-21,5,2022,0.712,0.212,26.63,25.8,MODIS,77.5,5.55,2022-02-21 02:00:00
2022-02-22,5,2022,0.705,0.228,26.77,29.57,MODIS,73.95,5.13,2022-02-22 02:00:00
2022-02-23,5,2022,0.746,0.244,26.52,29.43,MODIS,93.84,5.73,2022-02-23 02:00:00
2022-02-24,5,2022,0.692,0.241,25.84,29.93,MODIS,67.84,6.67,2022-02-24 02:00:00
2022-02-25,5,2022,0.721,0.254,26.07,30.08,MODIS,81.86,6.81,2022-02-25 02:00:00
2022-02-26,5,2022,0.724,0.364,25.72,28.24,MODIS,83.1,5.66,2022-02-26 02:00:00
2022-02-27,5,2022,0.747,0.208,27.37,25.95,MODIS,94.04,4.8,2022-02-27 02:00:00
2022-02-28,5,2022,0.709,0.236,25.38,28.65,MODIS,76.05,5.25,2022-02-28 02:00:00
2022-03-01,5,2022,0.716,0.206,26.94,25.67,MODIS,79.12,5.62,2022-03-01 02:00:00
2022-03-02,5,2022,0.722,0.396,27.17,25.12,MODIS,82.36,5.77,2022-03-02 02:00:00
2022-03-03,5,2022,0.724,0.3,25.93,24.36,MODIS,83.23,5.51,2022-03-03 02:00:00
2022-03-04,5,2022,0.722,0.199,25.97,28.62,MODIS,82.38,6.24,2022-03-04 02:00:00
2022-03-05,5,2022,0.697,0.469,27.7,27.79,MODIS,70.25,6.25,2022-03-05 02:00:00
2022-03-06,5,2022,0.724,0.214,26.97,29.52,MODIS,83.04,5.29,2022-03-06 02:00:00
2022-03-07,5,2022,0.728,0.236,26.12,32.23,MODIS,84.93,5.65,2022-03-07 02:00:00
2022-03-08,5,2022,0.701,0.257,26.03,27.06,MODIS,72.07,5.9,2022-03-08 02:00:00
2022-03-09,5,2022,0.716,0.389,26.73,28.68,MODIS,79.48,6.16,2022-03-09 02:00:00
2022-03-10,5,2022,0.703,0.242,27.16,28.18,MODIS,72.71,6.0,2022-03-10 02:00:00
2022-03-11,5,2022,0.696,0.182,25.97,26.66,MODIS,69.56,5.72,2022-03-11 02:00:00
2022-03-12,5,2022,0.719,0.162,26.86,26.44,MODIS,80.76,5.05,2022-03-12 02:00:00
2022-03-13,5,2022,0.743,0.238,27.66,32.88,MODIS,92.16,5.23,2022-03-13 02:00:00
2022-03-14,5,2022,0.705,0.221,27.48,33.02,MODIS,74.0,5.46,2022-03-14 02:00:00
2022-03-15,5,2022,0.693,0.221,26.73,28.59,MODIS,68.12,5.29,2022-03-15 02:00:00
2022-03-16,5,2022,0.697,0.284,26.3,27.86,MODIS,69.8,6.12,2022-03-16 02:00:00
2022-03-17,5,2022,0.698,0.461,26.86,23.98,MODIS,70.62,5.88,2022-03-17 02:00:00
2022-03-18,5,2022,0.717,0.19,27.71,30.59,MODIS,79.68,5.09,2022-03-18 02:00:00
2022-03-19,5,2022,0.705,0.221,26.11,26.77,MODIS,73.8,5.68,2022-03-19 02:00:00
2022-03-20,5,2022,0.69,0.299,26.77,30.53,MODIS,66.44,5.57,2022-03-20 02:00:00
2022-03-21,5,2022,0.722,0.267,26.07,30.13,MODIS,82.22,5.71,2022-03-21 02:00:00
2022-03-22,5,2022,0.709,0.207,27.26,27.77,MODIS,76.03,5.32,2022-03-22 02:00:00
2022-03-23,5,2022,0.709,0.241,26.08,27.74,MODIS,75.63,5.64,2022-03-23 02:00:00
2022-03-24,5,2022,0.711,0.32,26.76,26.97,MODIS,76.95,5.7,2022-03-24 02:00:00
2022-03-25,5,2022,0.703,0.201,28.23,26.81,MODIS,72.74,6.32,2022-03-25 02:00:00
2022-03-26,5,2022,0.725,0.233,27.08,27.17,MODIS,83.48,6.23,2022-03-26 02:00:00
2022-03-27,5,2022,0.696,0.203,26.51,28.0,MODIS,69.41,5.73,2022-03-27 02:00:00
2022-03-28,5,2022,0.708,0.262,26.81,30.59,MODIS,75.24,6.51,2022-03-28 02:00:00
2022-03-29,5,2022,0.711,0.219,27.25,28.06,MODIS,76.72,5.6,2022-03-29 02:00:00
2022-03-30,5,2022,0.72,0.257,27.62,26.79,MODIS,81.32,6.18,2022-03-30 02:00:00
2022-03-31,5,2022,0.717,0.264,26.46,28.6,MODIS,79.82,5.81,2022-03-31 02:00:00
2022-04-01,5,2022,0.719,0.244,28.7,30.65,MODIS,80.58,6.52,2022-04-01 02:00:00
2022-04-02,5,2022,0.686,0.251,27.69,28.76,MODIS,64.85,6.32,2022-04-02 02:00:00
2022-04-03,5,2022,0.706,0.257,26.17,29.59,MODIS,74.63,6.04,2022-04-03 02:00:00
2022-04-04,5,2022,0.688,0.243,27.33,27.81,MODIS,65.8,5.39,2022-04-04 02:00:00
2022-04-05,5,2022,0.71,0.22,27.2,28.81,MODIS,76.45,5.76,2022-04-05 02:00:00
2022-04-06,5,2022,0.697,0.219,25.48,30.61,MODIS,69.83,6.09,2022-04-06 02:00:00
2022-04-07,5,2022,0.702,0.196,28.01,27.61,MODIS,72.58,5.81,2022-04-07 02:00:00
2022-04-08,5,2022,0.732,0.222,26.52,28.56,MODIS,86.89,6.22,2022-04-08 02:00:00
2022-04-09,5,2022,0.704,0.184,25.87,31.2,MODIS,73.18,5.72,2022-04-09 02:00:00
2022-04-10,5,2022,0.704,0.281,27.25,31.19,MODIS,73.37,5.84,2022-04-10 02:00:00
2022-04-11,5,2022,0.714,0.206,25.29,26.91,MODIS,78.05,6.12,2022-04-11 02:00:00
2022-04-12,5,2022,0.741,0.252,26.66,30.37,MODIS,91.27,5.09,2022-04-12 02:00:00
2022-04-13,5,2022,0.664,0.279,26.72,29.95,MODIS,54.04,5.8,2022-04-13 02:00:00
2022-04-14,5,2022,0.713,0.265,26.41,27.62,MODIS,77.61,6.16,2022-04-14 02:00:00
2022-04-15,5,2022,0.689,0.227,26.98,31.01,MODIS,66.13,6.95,2022-04-15 02:00:00
2022-04-16,5,2022,0.719,0.201,27.6,27.18,MODIS,80.9,6.3,2022-04-16 02:00:00
2022-04-17,5,2022,0.725,0.235,26.13,27.6,MODIS,83.41,5.65,2022-04-17 02:00:00
2022-04-18,5,2022,0.702,0.237,27.9,27.42,MODIS,72.25,5.85,2022-04-18 02:00:00
2022-04-19,5,2022,0.716,0.252,26.46,28.36,MODIS,79.26,5.86,2022-04-19 02:00:00
2022-04-20,5,2022,0.706,0.242,27.46,32.18,MODIS,74.59,5.48,2022-04-20 02:00:00
2022-04-21,5,2022,0.693,0.183,27.46,24.58,MODIS,68.03,5.38,2022-04-21 02:00:00
2022-04-22,5,2022,0.7,0.225,27.68,27.03,MODIS,71.64,5.42,2022-04-22 02:00:00
2022-04-23,5,2022,0.711,0.222,25.99,26.16,MODIS,77.02,5.53,2022-04-23 02:00:00
2022-04-24,5,2022,0.681,0.405,26.54,29.83,MODIS,62.39,6.09,2022-04-24 02:00:00
2022-04-25,5,2022,0.681,0.328,27.34,28.51,MODIS,62.2,5.59,2022-04-25 02:00:00
2022-04-26,5,2022,0.692,0.232,26.93,27.64,MODIS,67.63,5.38,2022-04-26 02:00:00
2022-04-27,5,2022,0.712,0.192,27.88,28.81,MODIS,77.11,5.6,2022-04-27 02:00:00
2022-04-28,5,2022,0.701,0.233,27.92,27.26,MODIS,71.79,5.7,2022-04-28 02:00:00
2022-04-29,5,2022,0.688,0.354,26.28,30.11,MODIS,65.46,6.63,2022-04-29 02:00:00
2022-04-30,5,2022,0.701,0.243,27.49,29.93,MODIS,71.91,5.47,2022-04-30 02:00:00
2022-05-01,5,2022,0.706,0.261,27.32,30.3,MODIS,74.29,5.96,2022-05-01 02:00:00
2022-05-02,5,2022,0.7,0.192,26.46,27.74,MODIS,71.65,5.83,2022-05-02 02:00:00
2022-05-03,5,2022,0.705,0.209,27.6,27.93,MODIS,73.68,5.96,2022-05-03 02:00:00
2022-05-04,5,2022,0.698,0.292,27.78,30.46,MODIS,70.32,5.41,2022-05-04 02:00:00
2022-05-05,5,2022,0.724,0.208,27.45,27.45,MODIS,83.05,5.64,2022-05-05 02:00:00
2022-05-06,5,2022,0.659,0.288,27.95,28.36,MODIS,51.58,6.52,2022-05-06 02:00:00
2022-05-07,5,2022,0.685,0.171,27.72,25.69,MODIS,64.18,5.85,2022-05-07 02:00:00
2022-05-08,5,2022,0.677,0.28,27.22,27.17,MODIS,60.28,5.92,2022-05-08 02:00:00
2022-05-09,5,2022,0.717,0.252,27.74,28.94,MODIS,79.76,5.54,2022-05-09 02:00:00
2022-05-10,5,2022,0.687,0.218,27.37,29.02,MODIS,65.05,6.62,2022-05-10 02:00:00
2022-05-11,5,2022,0.706,0.193,27.24,28.65,MODIS,74.23,5.81,2022-05-11 02:00:00
2022-05-12,5,2022,0.682,0.369,26.51,28.2,MODIS,62.83,6.88,2022-05-12 02:00:00
2022-05-13,5,2022,0.693,0.191,27.52,25.83,MODIS,68.22,5.72,2022-05-13 02:00:00
2022-05-14,5,2022,0.693,0.236,27.82,28.73,MODIS,68.12,5.92,2022-05-14 02:00:00
2022-05-15,5,2022,0.681,0.191,28.35,26.91,MODIS,62.44,5.12,2022-05-15 02:00:00
2022-05-16,5,2022,0.689,0.281,27.35,29.23,MODIS,66.14,6.74,2022-05-16 02:00:00
2022-05-17,5,2022,0.701,0.167,26.68,25.09,MODIS,71.75,5.9,2022-05-17 02:00:00
2022-05-18,5,2022,0.684,0.183,27.98,28.41,MODIS,63.71,5.48,2022-05-18 02:00:00
2022-05-19,5,2022,0.691,0.235,27.35,28.36,MODIS,66.97,5.51,2022-05-19 02:00:00
2022-05-20,5,2022,0.69,0.215,27.79,30.51,MODIS,66.44,5.44,2022-05-20 02:00:00
2022-05-21,5,2022,0.699,0.238,26.64,28.53,MODIS,71.0,5.92,2022-05-21 02:00:00
2022-05-22,5,2022,0.699,0.215,27.2,28.54,MODIS,71.08,5.66,2022-05-22 02:00:00
2022-05-23,5,2022,0.686,0.31,27.35,27.62,MODIS,64.59,5.37,2022-05-23 02:00:00
2022-05-24,5,2022,0.697,0.175,26.71,27.71,MODIS,70.16,6.14,2022-05-24 02:00:00
2022-05-25,5,2022,0.67,0.381,28.15,29.1,MODIS,56.82,6.55,2022-05-25 02:00:00
2022-05-26,5,2022,0.664,0.251,27.56,29.88,MODIS,53.94,6.95,2022-05-26 02:00:00
2022-05-27,5,2022,0.694,0.251,28.95,26.57,MODIS,68.76,6.58,2022-05-27 02:00:00
2022-05-28,5,2022,0.683,0.246,27.99,27.66,MODIS,63.47,5.54,2022-05-28 02:00:00
2022-05-29,5,2022,0.662,0.196,27.45,28.35,MODIS,53.16,6.61,2022-05-29 02:00:00
2022-05-30,5,2022,0.676,0.258,27.68,30.06,MODIS,60.05,5.99,2022-05-30 02:00:00
2022-05-31,5,2022,0.682,0.265,27.84,25.22,MODIS,62.55,7.73,2022-05-31 02:00:00
2022-06-01,5,2022,0.693,0.173,28.25,27.58,MODIS,68.28,5.68,2022-06-01 02:00:00
2022-06-02,5,2022,0.67,0.244,29.37,26.66,MODIS,57.17,6.33,2022-06-02 02:00:00
2022-06-03,5,2022,0.672,0.213,27.16,27.31,MODIS,57.84,6.2,2022-06-03 02:00:00
2022-06-04,5,2022,0.669,0.324,27.41,26.85,MODIS,56.33,5.85,2022-06-04 02:00:00
2022-06-05,5,2022,0.685,0.328,28.52,22.84,MODIS,64.03,7.08,2022-06-05 02:00:00
2022-06-06,5,2022,0.679,0.27,27.71,25.78,MODIS,61.46,5.83,2022-06-06 02:00:00
2022-06-07,5,2022,0.668,0.259,27.55,23.11,MODIS,55.92,7.3,2022-06-07 02:00:00
2022-06-08,5,2022,0.683,0.328,28.52,24.6,MODIS,63.0,6.48,2022-06-08 02:00:00
2022-06-09,5,2022,0.679,0.266,28.21,28.88,MODIS,61.33,5.8,2022-06-09 02:00:00
2022-06-10,5,2022,0.679,0.151,29.66,26.39,MODIS,61.29,6.83,2022-06-10 02:00:00
2022-06-11,5,2022,0.664,0.21,27.66,26.97,MODIS,54.07,5.95,2022-06-11 02:00:00
2022-06-12,5,2022,0.672,0.381,27.98,28.55,MODIS,57.69,6.35,2022-06-12 02:00:00
2022-06-13,5,2022,0.65,0.174,28.01,27.81,MODIS,47.27,6.5,2022-06-13 02:00:00
2022-06-14,5,2022,0.681,0.243,27.95,28.19,MODIS,62.43,6.2,2022-06-14 02:00:00
2022-06-15,5,2022,0.693,0.388,26.78,27.22,MODIS,68.31,6.74,2022-06-15 02:00:00
2022-06-16,5,2022,0.635,0.226,28.43,25.08,MODIS,39.81,6.06,2022-06-16 02:00:00
2022-06-17,5,2022,0.65,0.205,26.48,26.77,MODIS,47.1,6.11,2022-06-17 02:00:00
2022-06-18,5,2022,0.664,0.233,29.02,27.52,MODIS,53.9,5.99,2022-06-18 02:00:00
2022-06-19,5,2022,0.67,0.251,27.46,26.4,MODIS,56.83,6.12,2022-06-19 02:00:00
2022-06-20,5,2022,0.664,0.245,27.26,30.48,MODIS,54.2,5.48,2022-06-20 02:00:00
2022-06-21,5,2022,0.647,0.252,27.35,27.21,MODIS,45.73,5.87,2022-06-21 02:00:00
2022-06-22,5,2022,0.686,0.309,27.78,24.63,MODIS,64.56,5.89,2022-06-22 02:00:00
2022-06-23,5,2022,0.675,0.234,27.09,23.37,MODIS,59.39,6.33,2022-06-23 02:00:00
2022-06-24,5,2022,0.66,0.224,27.81,30.8,MODIS,52.08,5.84,2022-06-24 02:00:00
2022-06-25,5,2022,0.67,0.194,27.75,26.08,MODIS,57.06,6.44,2022-06-25 02:00:00
2022-06-26,5,2022,0.649,0.26,27.94,27.39,MODIS,46.62,5.46,2022-06-26 02:00:00
2022-06-27,5,2022,0.705,0.223,27.81,24.69,MODIS,74.08,5.7,2022-06-27 02:00:00
2022-06-28,5,2022,0.644,0.188,27.6,21.49,MODIS,44.49,6.49,2022-06-28 02:00:00
2022-06-29,5,2022,0.656,0.262,27.8,28.04,MODIS,49.96,5.95,2022-06-29 02:00:00
2022-06-30,5,2022,0.651,0.301,30.09,27.12,MODIS,47.85,6.05,2022-06-30 02:00:00
2022-07-01,5,2022,0.662,0.303,28.12,25.72,MODIS,53.29,5.97,2022-07-01 02:00:00
2022-07-02,5,2022,0.667,0.22,28.39,28.2,MODIS,55.5,6.02,2022-07-02 02:00:00
2022-07-03,5,2022,0.662,0.199,28.38,28.77,MODIS,53.13,5.89,2022-07-03 02:00:00
2022-07-04,5,2022,0.666,0.245,28.35,27.72,MODIS,54.88,6.01,2022-07-04 02:00:00
2022-07-05,5,2022,0.638,0.2,27.72,28.81,MODIS,41.28,5.44,2022-07-05 02:00:00
2022-07-06,5,2022,0.631,0.263,28.24,27.84,MODIS,38.24,6.47,2022-07-06 02:00:00
2022-07-07,5,2022,0.638,0.279,29.34,25.05,MODIS,41.57,6.41,2022-07-07 02:00:00
2022-07-08,5,2022,0.688,0.208,29.23,29.57,MODIS,65.53,6.15,2022-07-08 02:00:00
2022-07-09,5,2022,0.614,0.29,28.69,28.06,MODIS,30.03,6.24,2022-07-09 02:00:00
2022-07-10,5,2022,0.643,0.259,29.19,27.16,MODIS,44.0,6.07,2022-07-10 02:00:00
2022-07-11,5,2022,0.649,0.259,28.27,26.67,MODIS,46.99,6.77,2022-07-11 02:00:00
2022-07-12,5,2022,0.64,0.177,26.81,24.98,MODIS,42.63,5.18,2022-07-12 02:00:00
2022-07-13,5,2022,0.648,0.277,27.77,27.82,MODIS,46.13,5.59,2022-07-13 02:00:00
2022-07-14,5,2022,0.64,0.205,28.2,27.07,MODIS,42.62,5.6,2022-07-14 02:00:00
2022-07-15,5,2022,0.658,0.221,29.0,27.65,MODIS,51.28,6.18,2022-07-15 02:00:00
2022-07-16,5,2022,0.666,0.198,29.17,24.98,MODIS,54.83,6.49,2022-07-16 02:00:00
2022-07-17,5,2022,0.671,0.277,28.29,24.19,MODIS,57.38,6.34,2022-07-17 02:00:00
2022-07-18,5,2022,0.649,0.37,28.73,26.96,MODIS,46.67,6.54,2022-07-18 02:00:00
2022-07-19,5,2022,0.646,0.213,27.43,25.63,MODIS,45.2,6.59,2022-07-19 02:00:00
2022-07-20,5,2022,0.627,0.194,28.22,26.52,MODIS,35.85,5.62,2022-07-20 02:00:00
2022-07-21,5,2022,0.623,0.245,28.81,25.04,MODIS,33.92,6.13,2022-07-21 02:00:00
2022-07-22,5,2022,0.674,0.197,26.19,27.68,MODIS,58.79,5.83,2022-07-22 02:00:00
2022-07-23,5,2022,0.672,0.227,28.16,27.63,MODIS,58.05,6.27,2022-07-23 02:00:00
2022-07-24,5,2022,0.653,0.2,28.66,28.71,MODIS,48.58,6.28,2022-07-24 02:00:00
2022-07-25,5,2022,0.651,0.182,27.6,24.08,MODIS,47.91,6.78,2022-07-25 02:00:00
2022-07-26,5,2022,0.629,0.335,27.97,26.41,MODIS,37.09,6.26,2022-07-26 02:00:00
2022-07-27,5,2022,0.679,0.204,28.64,25.43,MODIS,61.32,7.04,2022-07-27 02:00:00
2022-07-28,5,2022,0.624,0.254,28.5,26.38,MODIS,34.68,7.2,2022-07-28 02:00:00
2022-07-29,5,2022,0.622,0.182,28.76,26.35,MODIS,33.88,6.47,2022-07-29 02:00:00
2022-07-30,5,2022,0.641,0.182,27.9,27.88,MODIS,42.65,5.97,2022-07-30 02:00:00
2022-07-31,5,2022,0.645,0.266,27.68,25.26,MODIS,44.79,6.9,2022-07-31 02:00:00
2022-08-01,5,2022,0.633,0.238,28.24,29.01,MODIS,38.9,5.16,2022-08-01 02:00:00
2022-08-02,5,2022,0.628,0.263,28.06,26.58,MODIS,36.48,5.48,2022-08-02 02:00:00
2022-08-03,5,2022,0.66,0.154,28.21,28.36,MODIS,51.92,7.02,2022-08-03 02:00:00
2022-08-04,5,2022,0.644,0.213,28.44,26.72,MODIS,44.16,5.71,2022-08-04 02:00:00
2022-08-05,5,2022,0.677,0.211,27.63,27.35,MODIS,60.09,7.84,2022-08-05 02:00:00
2022-08-06,5,2022,0.668,0.279,27.61,26.8,MODIS,56.11,6.4,2022-08-06 02:00:00
2022-08-07,5,2022,0.633,0.221,29.23,27.13,MODIS,39.0,6.38,2022-08-07 02:00:00
2022-08-08,5,2022,0.654,0.238,27.97,24.29,MODIS,49.16,6.7,2022-08-08 02:00:00
2022-08-09,5,2022,0.667,0.295,26.92,28.82,MODIS,55.61,5.7,2022-08-09 02:00:00
2022-08-10,5,2022,0.654,0.317,27.83,22.46,MODIS,49.37,6.77,2022-08-10 02:00:00
2022-08-11,5,2022,0.633,0.194,29.65,21.57,MODIS,39.04,5.71,2022-08-11 02:00:00
2022-08-12,5,2022,0.64,0.208,28.52,21.85,MODIS,42.34,6.43,2022-08-12 02:00:00
2022-08-13,5,2022,0.614,0.191,28.68,27.58,MODIS,29.74,6.5,2022-08-13 02:00:00
2022-08-14,5,2022,0.635,0.252,28.08,25.83,MODIS,39.78,6.91,2022-08-14 02:00:00
2022-08-15,5,2022,0.647,0.349,28.55,25.18,MODIS,45.95,6.3,2022-08-15 02:00:00
2022-08-16,5,2022,0.603,0.214,30.37,25.79,MODIS,24.65,7.26,2022-08-16 02:00:00
2022-08-17,5,2022,0.656,0.24,29.0,24.6,MODIS,50.27,6.31,2022-08-17 02:00:00
2022-08-18,5,2022,0.639,0.266,27.39,29.26,MODIS,42.0,6.33,2022-08-18 02:00:00
2022-08-19,5,2022,0.64,0.197,28.4,22.69,MODIS,42.41,6.24,2022-08-19 02:00:00
2022-08-20,5,2022,0.613,0.389,29.33,25.71,MODIS,29.15,6.73,2022-08-20 02:00:00
2022-08-21,5,2022,0.647,0.216,28.15,20.76,MODIS,45.95,5.75,2022-08-21 02:00:00
2022-08-22,5,2022,0.649,0.239,27.68,25.43,MODIS,46.54,6.24,2022-08-22 02:00:00
2022-08-23,5,2022,0.644,0.206,29.25,25.85,MODIS,44.51,6.66,2022-08-23 02:00:00
2022-08-24,5,2022,0.661,0.19,28.98,29.35,MODIS,52.75,5.75,2022-08-24 02:00:00
2022-08-25,5,2022,0.628,0.208,28.98,28.89,MODIS,36.53,5.6,2022-08-25 02:00:00
2022-08-26,5,2022,0.627,0.19,28.96,27.02,MODIS,36.07,7.42,2022-08-26 02:00:00
2022-08-27,5,2022,0.633,0.262,29.32,22.41,MODIS,38.94,6.4,2022-08-27 02:00:00
2022-08-28,5,2022,0.61,0.217,28.66,24.34,MODIS,28.08,6.26,2022-08-28 02:00:00
2022-08-29,5,2022,0.654,0.292,28.9,25.45,MODIS,48.98,6.75,2022-08-29 02:00:00
2022-08-30,5,2022,0.667,0.229,30.39,24.69,MODIS,55.62,6.21,2022-08-30 02:00:00
2022-08-31,5,2022,0.632,0.203,29.62,23.58,MODIS,38.53,6.1,2022-08-31 02:00:00
2022-09-01,5,2022,0.629,0.306,28.18,25.81,MODIS,36.9,6.41,2022-09-01 02:00:00
2022-09-02,5,2022,0.613,0.267,28.1,24.72,MODIS,29.22,6.08,2022-09-02 02:00:00
2022-09-03,5,2022,0.63,0.208,28.21,25.61,MODIS,37.7,6.28,2022-09-03 02:00:00
2022-09-04,5,2022,0.618,0.173,29.54,25.74,MODIS,31.72,6.67,2022-09-04 02:00:00
2022-09-05,5,2022,0.607,0.199,28.02,23.69,MODIS,26.18,5.97,2022-09-05 02:00:00
2022-09-06,5,2022,0.635,0.336,28.8,25.95,MODIS,39.99,6.28,2022-09-06 02:00:00
2022-09-07,5,2022,0.635,0.234,28.39,26.56,MODIS,39.83,6.19,2022-09-07 02:00:00
2022-09-08,5,2022,0.62,0.192,29.46,25.66,MODIS,32.81,7.48,2022-09-08 02:00:00
2022-09-09,5,2022,0.612,0.198,29.13,27.99,MODIS,28.89,5.72,2022-09-09 02:00:00
2022-09-10,5,2022,0.645,0.199,28.52,26.98,MODIS,45.02,6.78,2022-09-10 02:00:00
2022-09-11,5,2022,0.629,0.253,28.95,23.42,MODIS,37.3,7.26,2022-09-11 02:00:00
2022-09-12,5,2022,0.613,0.221,27.07,24.59,MODIS,29.43,5.96,2022-09-12 02:00:00
2022-09-13,5,2022,0.641,0.248,29.54,25.53,MODIS,42.79,6.69,2022-09-13 02:00:00
2022-09-14,5,2022,0.645,0.283,28.26,28.7,MODIS,44.7,6.39,2022-09-14 02:00:00
2022-09-15,5,2022,0.603,0.193,28.76,25.88,MODIS,24.61,5.8,2022-09-15 02:00:00
2022-09-16,5,2022,0.623,0.199,28.31,27.34,MODIS,34.14,6.94,2022-09-16 02:00:00
2022-09-17,5,2022,0.62,0.323,28.64,26.92,MODIS,32.75,6.31,2022-09-17 02:00:00
2022-09-18,5,2022,0.602,0.205,28.88,27.08,MODIS,23.78,6.72,2022-09-18 02:00:00
2022-09-19,5,2022,0.619,0.246,29.02,25.04,MODIS,32.1,6.48,2022-09-19 02:00:00
2022-09-20,5,2022,0.619,0.227,27.68,28.69,MODIS,32.19,6.29,2022-09-20 02:00:00
2022-09-21,5,2022,0.594,0.215,28.94,25.95,MODIS,19.88,5.62,2022-09-21 02:00:00
2022-09-22,5,2022,0.614,0.242,28.5,25.31,MODIS,30.01,6.29,2022-09-22 02:00:00
2022-09-23,5,2022,0.61,0.252,28.7,25.64,MODIS,28.06,6.85,2022-09-23 02:00:00
2022-09-24,5,2022,0.629,0.164,26.97,24.58,MODIS,37.19,6.34,2022-09-24 02:00:00
2022-09-25,5,2022,0.595,0.2,28.42,26.66,MODIS,20.62,7.07,2022-09-25 02:00:00
2022-09-26,5,2022,0.662,0.207,29.48,24.62,MODIS,53.09,6.39,2022-09-26 02:00:00
2022-09-27,5,2022,0.616,0.31,28.49,27.13,MODIS,30.53,6.29,2022-09-27 02:00:00
2022-09-28,5,2022,0.607,0.221,29.64,26.78,MODIS,26.25,6.78,2022-09-28 02:00:00
2022-09-29,5,2022,0.608,0.232,27.02,24.43,MODIS,26.74,6.92,2022-09-29 02:00:00
2022-09-30,5,2022,0.644,0.241,28.94,26.43,MODIS,44.1,6.39,2022-09-30 02:00:00
2022-10-01,5,2022,0.601,0.211,29.47,23.94,MODIS,23.72,6.92,2022-10-01 02:00:00
2022-10-02,5,2022,0.634,0.205,28.22,26.13,MODIS,39.26,6.25,2022-10-02 02:00:00
2022-10-03,5,2022,0.619,0.234,28.97,25.6,MODIS,32.03,7.01,2022-10-03 02:00:00
2022-10-04,5,2022,0.599,0.215,29.36,26.72,MODIS,22.45,5.49,2022-10-04 02:00:00
2022-10-05,5,2022,0.6,0.192,28.75,25.75,MODIS,23.06,7.48,2022-10-05 02:00:00
2022-10-06,5,2022,0.611,0.2,29.29,25.67,MODIS,28.23,7.15,2022-10-06 02:00:00
2022-10-07,5,2022,0.598,0.205,29.16,22.51,MODIS,22.07,6.95,2022-10-07 02:00:00
2022-10-08,5,2022,0.648,0.23,29.27,30.19,MODIS,46.07,6.16,2022-10-08 02:00:00
2022-10-09,5,2022,0.612,0.262,30.96,23.85,MODIS,28.98,7.12,2022-10-09 02:00:00
2022-10-10,5,2022,0.604,0.227,29.14,26.33,MODIS,24.88,6.14,2022-10-10 02:00:00
2022-10-11,5,2022,0.618,0.332,29.08,24.4,MODIS,31.94,6.88,2022-10-11 02:00:00
2022-10-12,5,2022,0.612,0.172,28.45,25.19,MODIS,29.02,6.64,2022-10-12 02:00:00
2022-10-13,5,2022,0.62,0.302,29.81,27.93,MODIS,32.81,6.46,2022-10-13 02:00:00
2022-10-14,5,2022,0.586,0.219,29.54,24.72,MODIS,16.12,5.31,2022-10-14 02:00:00
2022-10-15,5,2022,0.614,0.173,29.32,24.86,MODIS,29.63,6.78,2022-10-15 02:00:00
2022-10-16,5,2022,0.615,0.277,29.93,23.68,MODIS,30.16,6.41,2022-10-16 02:00:00
2022-10-17,5,2022,0.586,0.186,28.92,26.07,MODIS,16.19,6.18,2022-10-17 02:00:00
2022-10-18,5,2022,0.592,0.235,29.79,21.5,MODIS,19.15,6.77,2022-10-18 02:00:00
2022-10-19,5,2022,0.588,0.219,29.88,24.56,MODIS,17.28,6.44,2022-10-19 02:00:00
2022-10-20,5,2022,0.639,0.249,29.78,30.21,MODIS,41.93,6.29,2022-10-20 02:00:00
2022-10-21,5,2022,0.628,0.199,29.26,24.43,MODIS,36.64,6.08,2022-10-21 02:00:00
2022-10-22,5,2022,0.594,0.254,30.48,28.62,MODIS,20.08,6.76,2022-10-22 02:00:00
2022-10-23,5,2022,0.59,0.237,29.18,27.62,MODIS,18.39,6.67,2022-10-23 02:00:00
2022-10-24,5,2022,0.593,0.286,29.38,25.17,MODIS,19.8,6.65,2022-10-24 02:00:00
2022-10-25,5,2022,0.604,0.208,28.94,28.36,MODIS,25.1,7.45,2022-10-25 02:00:00
2022-10-26,5,2022,0.601,0.23,29.06,21.89,MODIS,23.72,6.46,2022-10-26 02:00:00
2022-10-27,5,2022,0.616,0.198,30.8,24.8,MODIS,30.56,5.88,2022-10-27 02:00:00
2022-10-28,5,2022,0.606,0.31,29.97,24.75,MODIS,25.75,7.35,2022-10-28 02:00:00
2022-10-29,5,2022,0.624,0.379,29.23,23.76,MODIS,34.45,7.1,2022-10-29 02:00:00
2022-10-30,5,2022,0.594,0.206,29.49,22.2,MODIS,19.99,6.4,2022-10-30 02:00:00
2022-10-31,5,2022,0.61,0.16,29.67,22.31,MODIS,27.84,7.64,2022-10-31 02:00:00
2022-11-01,5,2022,0.614,0.22,30.49,25.93,MODIS,29.97,6.59,2022-11-01 02:00:00
2022-11-02,5,2022,0.583,0.355,28.37,27.4,MODIS,14.91,7.15,2022-11-02 02:00:00
2022-11-03,5,2022,0.635,0.298,28.33,25.48,MODIS,40.02,6.92,2022-11-03 02:00:00
2022-11-04,5,2022,0.594,0.235,29.67,27.24,MODIS,20.28,6.96,2022-11-04 02:00:00
2022-11-05,5,2022,0.59,0.183,28.37,22.61,MODIS,18.24,7.29,2022-11-05 02:00:00
2022-11-06,5,2022,0.607,0.187,28.67,26.02,MODIS,26.48,6.84,2022-11-06 02:00:00
2022-11-07,5,2022,0.588,0.21,29.47,26.75,MODIS,17.13,6.94,2022-11-07 02:00:00
2022-11-08,5,2022,0.595,0.23,30.63,25.49,MODIS,20.6,6.91,2022-11-08 02:00:00
2022-11-09,5,2022,0.561,0.194,29.59,24.07,MODIS,3.9,5.97,2022-11-09 02:00:00
2022-11-10,5,2022,0.57,0.261,29.32,22.53,MODIS,8.4,7.2,2022-11-10 02:00:00
2022-11-11,5,2022,0.614,0.266,29.85,26.81,MODIS,30.0,6.33,2022-11-11 02:00:00
2022-11-12,5,2022,0.609,0.214,28.91,23.82,MODIS,27.59,6.87,2022-11-12 02:00:00
2022-11-13,5,2022,0.59,0.399,29.69,22.29,MODIS,18.17,6.58,2022-11-13 02:00:00
2022-11-14,5,2022,0.616,0.326,29.21,23.43,MODIS,30.94,6.87,2022-11-14 02:00:00
2022-11-15,5,2022,0.604,0.225,30.24,20.71,MODIS,24.86,6.33,2022-11-15 02:00:00
2022-11-16,5,2022,0.601,0.193,28.36,25.48,MODIS,23.49,7.4,2022-11-16 02:00:00
2022-11-17,5,2022,0.588,0.224,28.71,27.34,MODIS,17.01,6.76,2022-11-17 02:00:00
2022-11-18,5,2022,0.579,0.201,29.14,25.73,MODIS,12.82,7.22,2022-11-18 02:00:00
2022-11-19,5,2022,0.597,0.227,28.93,23.94,MODIS,21.62,7.57,2022-11-19 02:00:00
2022-11-20,5,2022,0.606,0.173,30.0,21.49,MODIS,25.89,6.61,2022-11-20 02:00:00
2022-11-21,5,2022,0.606,0.184,29.98,22.4,MODIS,25.78,7.18,2022-11-21 02:00:00
2022-11-22,5,2022,0.598,0.226,29.63,23.64,MODIS,22.08,7.51,2022-11-22 02:00:00
2022-11-23,5,2022,0.609,0.186,29.41,29.06,MODIS,27.46,6.33,2022-11-23 02:00:00
2022-11-24,5,2022,0.568,0.397,29.77,23.15,MODIS,7.32,6.28,2022-11-24 02:00:00
2022-11-25,5,2022,0.614,0.247,30.36,26.9,MODIS,29.74,6.52,2022-11-25 02:00:00
2022-11-26,5,2022,0.598,0.205,30.11,23.13,MODIS,22.19,6.38,2022-11-26 02:00:00
2022-11-27,5,2022,0.566,0.211,29.95,23.42,MODIS,6.55,6.69,2022-11-27 02:00:00
2022-11-28,5,2022,0.588,0.214,30.9,27.05,MODIS,17.36,6.64,2022-11-28 02:00:00
2022-11-29,5,2022,0.602,0.6,30.73,21.85,MODIS,23.76,8.02,2022-11-29 02:00:00
2022-11-30,5,2022,0.593,0.211,28.5,23.22,MODIS,19.46,6.77,2022-11-30 02:00:00
2022-12-01,5,2022,0.566,0.249,28.89,24.55,MODIS,6.31,6.59,2022-12-01 02:00:00
2022-12-02,5,2022,0.596,0.182,29.89,26.39,MODIS,21.02,5.83,2022-12-02 02:00:00
2022-12-03,5,2022,0.575,0.174,30.22,26.08,MODIS,11.05,7.75,2022-12-03 02:00:00
2022-12-04,5,2022,0.623,0.226,29.43,25.57,MODIS,34.07,7.69,2022-12-04 02:00:00
2022-12-05,5,2022,0.583,0.188,29.41,21.69,MODIS,14.98,7.33,2022-12-05 02:00:00
2022-12-06,5,2022,0.61,0.194,31.29,26.76,MODIS,28.09,6.98,2022-12-06 02:00:00
2022-12-07,5,2022,0.578,0.237,29.98,26.8,MODIS,12.17,6.71,2022-12-07 02:00:00
2022-12-08,5,2022,0.553,0.329,29.44,19.73,MODIS,0.0,6.36,2022-12-08 02:00:00
2022-12-09,5,2022,0.587,0.314,30.15,24.81,MODIS,16.86,6.1,2022-12-09 02:00:00
2022-12-10,5,2022,0.588,0.216,29.4,24.59,MODIS,16.96,6.79,2022-12-10 02:00:00
2022-12-11,5,2022,0.594,0.215,27.85,23.71,MODIS,19.93,6.74,2022-12-11 02:00:00
2022-12-12,5,2022,0.603,0.193,29.8,24.46,MODIS,24.47,6.79,2022-12-12 02:00:00
2022-12-13,5,2022,0.567,0.173,30.18,26.59,MODIS,6.86,6.55,2022-12-13 02:00:00
2022-12-14,5,2022,0.588,0.235,29.57,25.44,MODIS,17.02,6.34,2022-12-14 02:00:00
2022-12-15,5,2022,0.58,0.254,30.17,24.11,MODIS,13.07,7.55,2022-12-15 02:00:00
2022-12-16,5,2022,0.556,0.204,29.35,24.64,MODIS,1.61,7.25,2022-12-16 02:00:00
2022-12-17,5,2022,0.562,0.356,28.23,23.19,MODIS,4.59,6.55,2022-12-17 02:00:00
2022-12-18,5,2022,0.59,0.25,29.99,24.75,MODIS,18.3,6.21,2022-12-18 02:00:00
2022-12-19,5,2022,0.57,0.17,29.91,22.38,MODIS,8.32,6.73,2022-12-19 02:00:00
2022-12-20,5,2022,0.581,0.356,30.5,25.17,MODIS,13.98,7.43,2022-12-20 02:00:00
2022-12-21,5,2022,0.587,0.202,29.96,24.2,MODIS,16.5,6.61,2022-12-21 02:00:00
2022-12-22,5,2022,0.574,0.228,28.97,24.02,MODIS,10.16,7.52,2022-12-22 02:00:00
2022-12-23,5,2022,0.568,0.193,29.34,26.51,MODIS,7.36,6.77,2022-12-23 02:00:00
2022-12-24,5,2022,0.553,0.243,29.82,20.11,MODIS,0.43,5.98,2022-12-24 02:00:00
2022-12-25,5,2022,0.579,0.209,30.26,23.3,MODIS,12.88,6.36,2022-12-25 02:00:00
2022-12-26,5,2022,0.589,0.297,31.06,22.54,MODIS,17.62,7.17,2022-12-26 02:00:00
2022-12-27,5,2022,0.561,0.207,28.71,25.69,MODIS,3.9,6.79,2022-12-27 02:00:00
2022-12-28,5,2022,0.558,0.21,30.97,25.96,MODIS,2.73,6.52,2022-12-28 02:00:00
2022-12-29,5,2022,0.575,0.214,29.16,23.61,MODIS,10.7,6.73,2022-12-29 02:00:00
2022-12-30,5,2022,0.57,0.324,31.22,23.85,MODIS,8.67,7.32,2022-12-30 02:00:00
2022-12-31,5,2022,0.574,0.243,29.78,27.31,MODIS,10.4,7.55,2022-12-31 02:00:00
