time,region_id,year_id,moisture_content_percent,sand_ratio,clay_ratio,silt_ratio,root_zone_depth_mm,organic_matter_percent,infiltration_rate_mmhr,field_capacity_percent,wilting_point_percent,salinity_ece_dsm,soil_ph_level,updated_at
2020-01-02,1,2020,34.77,39.64,23.04,37.32,422.0,2.2,9.8,29.77,12.93,0.72,7.1,2020-01-02 02:00:00
2020-01-03,1,2020,31.36,46.61,25.3,28.09,407.0,2.41,11.59,30.75,13.69,0.838,7.0,2020-01-03 02:00:00
2020-01-04,1,2020,31.5,41.39,24.65,33.96,420.0,2.23,13.84,32.69,13.64,0.779,7.0,2020-01-04 02:00:00
2020-01-05,1,2020,32.25,41.25,24.09,34.66,419.0,2.03,10.27,31.81,14.66,0.71,7.2,2020-01-05 02:00:00
2020-01-06,1,2020,32.62,39.32,23.35,37.33,415.0,2.0,11.53,31.18,14.71,0.836,7.1,2020-01-06 02:00:00
2020-01-07,1,2020,29.54,39.15,24.41,36.44,422.0,2.23,11.76,30.41,14.78,0.733,6.9,2020-01-07 02:00:00
2020-01-08,1,2020,31.08,46.09,23.3,30.61,415.0,2.21,9.75,29.76,15.14,0.832,7.1,2020-01-08 02:00:00
2020-01-09,1,2020,28.06,42.34,22.85,34.81,428.0,2.24,9.87,32.98,14.46,0.84,6.9,2020-01-09 02:00:00
2020-01-10,1,2020,26.9,44.04,22.33,33.63,415.0,2.06,11.78,31.76,14.07,0.819,7.0,2020-01-10 02:00:00
2020-01-11,1,2020,26.61,43.24,22.1,34.66,423.0,1.96,10.42,31.84,14.09,0.753,7.1,2020-01-11 02:00:00
2020-01-12,1,2020,26.31,43.99,23.91,32.1,426.0,2.12,11.44,30.33,12.85,0.797,7.0,2020-01-12 02:00:00
2020-01-13,1,2020,23.97,44.73,24.7,30.57,429.0,2.07,11.34,30.4,14.63,0.817,7.0,2020-01-13 02:00:00
2020-01-14,1,2020,27.52,43.39,24.5,32.11,417.0,2.51,14.19,31.9,13.8,0.817,6.8,2020-01-14 02:00:00
2020-01-15,1,2020,24.3,42.92,23.95,33.13,428.0,2.25,12.63,30.12,13.88,0.819,7.0,2020-01-15 02:00:00
2020-01-16,1,2020,21.33,41.71,21.83,36.46,445.0,2.22,10.62,30.58,15.32,0.792,6.9,2020-01-16 02:00:00
2020-01-17,1,2020,24.36,41.37,23.34,35.29,413.0,2.41,12.32,30.1,14.56,0.815,7.0,2020-01-17 02:00:00
2020-01-18,1,2020,21.59,35.83,24.32,39.85,422.0,2.03,11.48,31.99,12.77,0.88,6.9,2020-01-18 02:00:00
2020-01-19,1,2020,22.94,40.57,24.42,35.01,419.0,2.13,11.54,30.91,14.29,0.802,6.9,2020-01-19 02:00:00
2020-01-20,1,2020,19.02,42.32,22.79,34.89,427.0,2.19,10.8,31.98,14.21,0.848,7.1,2020-01-20 02:00:00
2020-01-21,1,2020,17.96,42.44,24.91,32.65,419.0,2.32,12.25,29.76,13.57,0.881,6.9,2020-01-21 02:00:00
2020-01-22,1,2020,17.0,42.16,24.0,33.84,420.0,2.25,11.86,29.18,12.99,0.794,6.9,2020-01-22 02:00:00
2020-01-23,1,2020,15.23,42.36,24.37,33.27,406.0,2.13,10.38,32.42,15.21,0.807,6.9,2020-01-23 02:00:00
2020-01-24,1,2020,16.83,43.95,24.39,31.66,414.0,2.25,13.52,31.95,13.27,0.846,7.1,2020-01-24 02:00:00
2020-01-25,1,2020,14.82,40.83,23.75,35.42,426.0,1.8,13.46,31.13,12.51,0.793,6.8,2020-01-25 02:00:00
2020-01-26,1,2020,20.73,46.04,22.81,31.15,426.0,2.34,11.3,30.03,14.0,0.81,7.1,2020-01-26 02:00:00
2020-01-27,1,2020,23.89,43.75,21.98,34.27,431.0,2.6,12.4,30.76,14.58,0.807,6.9,2020-01-27 02:00:00
2020-01-28,1,2020,25.94,46.39,24.35,29.26,428.0,2.41,14.21,31.49,14.25,0.828,7.0,2020-01-28 02:00:00
2020-01-29,1,2020,22.87,38.73,25.35,35.92,419.0,2.36,11.05,30.54,13.41,0.782,7.1,2020-01-29 02:00:00
2020-01-30,1,2020,24.15,42.51,23.97,33.52,438.0,2.35,12.51,30.91,13.52,0.864,7.1,2020-01-30 02:00:00
2020-01-31,1,2020,21.73,39.77,22.93,37.3,421.0,2.18,11.42,31.01,14.06,0.847,6.9,2020-01-31 02:00:00
2020-02-01,1,2020,18.75,44.64,23.06,32.3,429.0,2.17,12.74,30.55,13.71,0.812,6.9,2020-02-01 02:00:00
2020-02-02,1,2020,16.35,41.81,20.76,37.43,431.0,2.16,12.39,31.7,12.95,0.794,7.0,2020-02-02 02:00:00
2020-02-03,1,2020,17.7,40.24,25.57,34.19,426.0,2.23,11.76,30.96,13.74,0.842,7.0,2020-02-03 02:00:00
2020-02-04,1,2020,14.91,44.38,21.64,33.98,419.0,2.18,10.32,31.13,15.04,0.829,7.0,2020-02-04 02:00:00
2020-02-05,1,2020,17.6,46.4,24.88,28.72,439.0,2.1,12.58,31.28,15.08,0.844,6.9,2020-02-05 02:00:00
2020-02-06,1,2020,15.82,41.25,22.27,36.48,429.0,2.43,12.59,31.74,15.13,0.765,6.8,2020-02-06 02:00:00
2020-02-07,1,2020,12.88,43.04,23.57,33.39,400.0,2.25,10.85,31.18,14.71,0.889,6.8,2020-02-07 02:00:00
2020-02-08,1,2020,12.72,40.91,25.55,33.54,421.0,2.02,13.09,30.18,14.18,0.892,7.2,2020-02-08 02:00:00
2020-02-09,1,2020,17.96,44.18,23.78,32.04,415.0,2.1,11.08,31.22,13.71,0.795,6.7,2020-02-09 02:00:00
2020-02-10,1,2020,23.67,40.22,21.53,38.25,434.0,2.39,9.62,31.77,15.28,0.801,7.0,2020-02-10 02:00:00
2020-02-11,1,2020,23.31,39.25,25.99,34.76,419.0,2.26,12.97,31.09,14.07,0.864,7.0,2020-02-11 02:00:00
2020-02-12,1,2020,23.26,36.05,25.87,38.08,420.0,2.15,11.62,30.21,12.34,0.916,7.0,2020-02-12 02:00:00
2020-02-13,1,2020,20.41,42.64,22.19,35.17,415.0,2.16,12.98,30.01,14.69,0.818,6.9,2020-02-13 02:00:00
2020-02-14,1,2020,18.06,39.14,25.83,35.03,434.0,2.21,13.0,30.01,13.83,0.81,6.8,2020-02-14 02:00:00
2020-02-15,1,2020,14.92,42.87,24.2,32.93,425.0,2.46,12.22,31.5,14.06,0.743,7.0,2020-02-15 02:00:00
2020-02-16,1,2020,13.51,42.82,24.67,32.51,433.0,2.13,12.16,29.97,14.37,0.781,6.9,2020-02-16 02:00:00
2020-02-17,1,2020,10.87,45.79,21.95,32.26,447.0,2.41,12.16,30.88,14.2,0.792,6.9,2020-02-17 02:00:00
2020-02-18,1,2020,9.12,41.01,23.7,35.29,414.0,2.06,13.05,31.96,13.26,0.85,7.2,2020-02-18 02:00:00
2020-02-19,1,2020,8.56,44.07,23.17,32.76,417.0,2.46,11.26,30.31,13.49,0.905,7.0,2020-02-19 02:00:00
2020-02-20,1,2020,5.0,41.03,25.77,33.2,426.0,2.17,11.54,32.94,14.17,0.85,7.0,2020-02-20 02:00:00
2020-02-21,1,2020,5.0,40.01,24.71,35.28,426.0,2.12,10.88,30.54,13.04,0.841,7.1,2020-02-21 02:00:00
2020-02-22,1,2020,6.01,44.08,23.06,32.86,431.0,2.15,11.68,29.1,14.06,0.84,6.8,2020-02-22 02:00:00
2020-02-23,1,2020,5.0,38.18,24.79,37.03,430.0,2.22,12.65,30.64,13.26,0.851,6.9,2020-02-23 02:00:00
2020-02-24,1,2020,5.0,45.72,22.94,31.34,425.0,2.12,10.78,30.23,16.01,0.854,7.1,2020-02-24 02:00:00
2020-02-25,1,2020,5.48,41.34,23.74,34.92,407.0,1.82,14.66,30.94,15.68,0.862,7.0,2020-02-25 02:00:00
2020-02-26,1,2020,5.0,42.46,21.43,36.11,416.0,2.23,11.29,31.03,13.94,0.694,6.9,2020-02-26 02:00:00
2020-02-27,1,2020,12.64,40.43,24.53,35.04,414.0,2.13,12.42,31.26,13.42,0.891,7.0,2020-02-27 02:00:00
2020-02-28,1,2020,17.39,44.53,21.58,33.89,434.0,2.39,11.87,31.69,14.11,0.894,7.0,2020-02-28 02:00:00
2020-02-29,1,2020,15.18,39.14,23.82,37.04,427.0,2.29,13.33,30.55,15.17,0.901,7.1,2020-02-29 02:00:00
2020-03-01,1,2020,11.71,41.19,25.72,33.09,420.0,2.2,10.67,29.75,14.26,0.831,6.9,2020-03-01 02:00:00
2020-03-02,1,2020,11.84,43.59,23.72,32.69,451.0,2.44,11.37,29.71,13.98,0.902,7.0,2020-03-02 02:00:00
2020-03-03,1,2020,18.22,42.45,25.68,31.87,429.0,2.38,13.46,31.62,14.77,0.89,7.1,2020-03-03 02:00:00
2020-03-04,1,2020,16.68,43.06,23.33,33.61,442.0,2.38,12.4,28.51,14.68,0.919,6.9,2020-03-04 02:00:00
2020-03-05,1,2020,17.01,40.55,23.87,35.58,414.0,2.31,11.49,30.52,15.07,0.806,7.1,2020-03-05 02:00:00
2020-03-06,1,2020,22.89,41.44,24.27,34.29,421.0,2.02,13.41,30.92,14.59,0.871,6.9,2020-03-06 02:00:00
2020-03-07,1,2020,28.09,41.49,24.17,34.34,437.0,2.32,12.08,30.31,14.42,0.804,6.9,2020-03-07 02:00:00
2020-03-08,1,2020,26.58,41.6,26.36,32.04,425.0,2.01,12.78,29.99,13.85,0.788,7.1,2020-03-08 02:00:00
2020-03-09,1,2020,23.5,44.02,25.99,29.99,437.0,2.1,13.16,31.51,13.63,0.824,6.8,2020-03-09 02:00:00
2020-03-10,1,2020,22.15,42.57,24.4,33.03,430.0,2.25,11.29,31.89,13.68,0.876,6.9,2020-03-10 02:00:00
2020-03-11,1,2020,20.4,40.7,25.23,34.07,406.0,2.26,12.54,31.07,14.61,0.935,7.0,2020-03-11 02:00:00
2020-03-12,1,2020,20.3,46.64,25.96,27.4,431.0,2.14,12.78,31.54,13.16,0.802,6.7,2020-03-12 02:00:00
2020-03-13,1,2020,19.34,43.9,25.39,30.71,419.0,2.13,12.0,31.29,14.51,0.751,6.9,2020-03-13 02:00:00
2020-03-14,1,2020,16.52,40.78,24.53,34.69,418.0,2.26,11.78,31.12,15.39,0.848,7.0,2020-03-14 02:00:00
2020-03-15,1,2020,17.13,45.92,24.03,30.05,430.0,2.25,12.4,31.28,15.05,0.829,6.9,2020-03-15 02:00:00
2020-03-16,1,2020,15.46,46.71,24.83,28.46,428.0,2.36,11.89,29.74,12.52,0.877,7.0,2020-03-16 02:00:00
2020-03-17,1,2020,12.68,43.26,23.99,32.75,437.0,1.92,11.85,31.36,13.41,0.84,7.0,2020-03-17 02:00:00
2020-03-18,1,2020,10.94,42.84,21.43,35.73,446.0,2.01,13.24,31.94,14.55,0.912,6.9,2020-03-18 02:00:00
2020-03-19,1,2020,13.56,41.46,23.02,35.52,437.0,2.07,10.03,31.45,13.68,0.837,7.0,2020-03-19 02:00:00
2020-03-20,1,2020,10.82,41.97,21.58,36.45,454.0,2.07,10.58,31.14,12.88,0.854,6.9,2020-03-20 02:00:00
2020-03-21,1,2020,8.31,41.8,23.43,34.77,439.0,2.21,10.18,30.04,15.33,0.914,7.0,2020-03-21 02:00:00
2020-03-22,1,2020,5.0,41.55,23.41,35.04,446.0,2.24,10.73,29.51,13.91,0.864,7.0,2020-03-22 02:00:00
2020-03-23,1,2020,11.37,40.6,26.2,33.2,430.0,2.15,10.83,31.12,13.77,0.872,6.9,2020-03-23 02:00:00
2020-03-24,1,2020,9.77,46.18,23.2,30.62,431.0,2.32,13.5,31.32,15.05,0.948,6.7,2020-03-24 02:00:00
2020-03-25,1,2020,7.69,37.94,26.75,35.31,442.0,2.16,12.43,32.83,13.63,0.78,7.0,2020-03-25 02:00:00
2020-03-26,1,2020,5.86,40.05,24.62,35.33,448.0,2.09,10.9,32.08,11.49,0.885,6.8,2020-03-26 02:00:00
2020-03-27,1,2020,8.27,39.34,23.1,37.56,431.0,2.31,12.88,30.74,14.89,0.939,7.0,2020-03-27 02:00:00
2020-03-28,1,2020,5.0,38.36,25.78,35.86,422.0,2.13,12.86,32.12,14.02,0.866,6.9,2020-03-28 02:00:00
2020-03-29,1,2020,5.0,41.83,23.92,34.25,440.0,2.16,11.7,29.17,13.47,0.915,7.1,2020-03-29 02:00:00
2020-03-30,1,2020,5.0,45.5,23.14,31.36,440.0,2.09,11.81,30.59,13.16,0.922,7.0,2020-03-30 02:00:00
2020-03-31,1,2020,5.73,41.1,23.37,35.53,447.0,2.06,15.39,33.07,12.8,0.821,7.0,2020-03-31 02:00:00
2020-04-01,1,2020,5.0,40.12,24.91,34.97,442.0,2.35,12.79,32.09,14.01,0.9,7.1,2020-04-01 02:00:00
2020-04-02,1,2020,5.12,39.48,20.78,39.74,447.0,2.13,13.35,32.05,12.82,0.888,6.9,2020-04-02 02:00:00
2020-04-03,1,2020,5.2,42.79,22.81,34.4,425.0,2.22,12.55,32.3,15.25,0.817,7.0,2020-04-03 02:00:00
2020-04-04,1,2020,5.46,41.21,25.38,33.41,424.0,1.99,10.28,28.7,14.17,0.87,6.9,2020-04-04 02:00:00
2020-04-05,1,2020,8.04,43.69,22.78,33.53,448.0,2.3,12.61,32.14,14.06,0.889,7.0,2020-04-05 02:00:00
2020-04-06,1,2020,5.38,39.21,26.04,34.75,438.0,2.13,11.46,30.55,14.54,0.822,7.2,2020-04-06 02:00:00
2020-04-07,1,2020,6.23,40.29,19.43,40.28,448.0,2.05,12.74,33.52,14.87,0.966,6.9,2020-04-07 02:00:00
2020-04-08,1,2020,5.0,40.97,23.28,35.75,435.0,2.32,12.38,32.01,15.0,0.988,7.0,2020-04-08 02:00:00
2020-04-09,1,2020,5.0,37.3,23.53,39.17,435.0,2.39,13.15,29.72,14.29,0.943,7.0,2020-04-09 02:00:00
2020-04-10,1,2020,5.0,41.83,25.05,33.12,442.0,2.24,12.29,31.89,13.55,0.905,6.9,2020-04-10 02:00:00
2020-04-11,1,2020,5.05,40.53,23.98,35.49,427.0,2.1,11.83,29.75,13.5,0.858,7.2,2020-04-11 02:00:00
2020-04-12,1,2020,5.52,43.12,24.12,32.76,432.0,2.32,13.02,31.49,13.63,1.013,7.0,2020-04-12 02:00:00
2020-04-13,1,2020,5.0,43.58,24.09,32.33,456.0,2.2,11.35,29.47,15.1,1.021,6.9,2020-04-13 02:00:00
2020-04-14,1,2020,5.26,44.47,22.98,32.55,413.0,2.29,14.13,30.59,14.78,0.938,7.0,2020-04-14 02:00:00
2020-04-15,1,2020,5.0,43.72,23.98,32.3,434.0,2.1,10.86,31.38,12.64,0.994,6.9,2020-04-15 02:00:00
2020-04-16,1,2020,5.0,42.05,23.96,33.99,444.0,1.98,13.6,30.48,13.55,0.871,7.0,2020-04-16 02:00:00
2020-04-17,1,2020,5.0,42.98,23.69,33.33,444.0,2.25,13.78,31.11,14.08,0.843,7.0,2020-04-17 02:00:00
2020-04-18,1,2020,5.48,41.31,25.97,32.72,420.0,2.01,11.86,31.87,14.05,0.883,6.9,2020-04-18 02:00:00
2020-04-19,1,2020,5.56,39.83,22.71,37.46,436.0,2.12,12.55,31.57,13.36,0.89,6.9,2020-04-19 02:00:00
2020-04-20,1,2020,5.0,45.53,25.71,28.76,464.0,2.15,11.87,32.07,13.26,0.981,6.8,2020-04-20 02:00:00
2020-04-21,1,2020,6.33,41.08,26.07,32.85,434.0,2.35,11.83,29.91,14.63,0.949,7.0,2020-04-21 02:00:00
2020-04-22,1,2020,5.82,44.17,24.21,31.62,435.0,1.99,13.52,30.83,15.07,0.859,6.9,2020-04-22 02:00:00
2020-04-23,1,2020,7.1,38.3,24.26,37.44,444.0,2.16,13.11,29.4,13.12,0.927,6.9,2020-04-23 02:00:00
2020-04-24,1,2020,6.51,41.22,24.33,34.45,440.0,2.15,13.76,31.01,13.85,0.965,6.9,2020-04-24 02:00:00
2020-04-25,1,2020,5.82,40.58,22.45,36.97,452.0,2.04,13.16,31.49,13.96,0.986,6.9,2020-04-25 02:00:00
2020-04-26,1,2020,5.0,43.53,20.82,35.65,444.0,2.02,10.5,30.86,14.77,0.945,7.0,2020-04-26 02:00:00
2020-04-27,1,2020,5.0,41.98,24.12,33.9,437.0,2.17,9.93,32.11,14.16,0.896,6.9,2020-04-27 02:00:00
2020-04-28,1,2020,10.5,44.0,24.64,31.36,451.0,2.23,12.54,29.05,13.97,0.933,7.0,2020-04-28 02:00:00
2020-04-29,1,2020,10.73,41.89,26.49,31.62,437.0,2.4,11.52,29.17,14.26,0.821,6.9,2020-04-29 02:00:00
2020-04-30,1,2020,10.05,41.79,24.06,34.15,441.0,2.17,11.22,33.13,13.56,0.928,6.9,2020-04-30 02:00:00
2020-05-01,1,2020,13.17,44.0,26.41,29.59,435.0,2.1,9.46,31.06,14.97,0.907,6.9,2020-05-01 02:00:00
2020-05-02,1,2020,8.43,42.29,21.06,36.65,434.0,2.45,12.34,30.15,13.65,0.851,7.1,2020-05-02 02:00:00
2020-05-03,1,2020,9.97,45.27,22.96,31.77,435.0,2.39,12.97,32.5,14.61,0.941,6.9,2020-05-03 02:00:00
2020-05-04,1,2020,6.21,39.3,21.86,38.84,437.0,2.42,13.17,30.77,14.44,0.929,6.7,2020-05-04 02:00:00
2020-05-05,1,2020,6.88,42.63,26.14,31.23,440.0,2.18,13.37,33.05,15.4,0.957,7.0,2020-05-05 02:00:00
2020-05-06,1,2020,8.54,40.24,24.43,35.33,451.0,2.23,12.34,29.66,13.78,0.843,6.8,2020-05-06 02:00:00
2020-05-07,1,2020,11.64,44.92,22.95,32.13,441.0,2.35,10.91,27.63,14.32,0.902,6.8,2020-05-07 02:00:00
2020-05-08,1,2020,10.17,43.17,23.4,33.43,448.0,2.17,12.03,29.03,14.13,0.936,6.8,2020-05-08 02:00:00
2020-05-09,1,2020,8.72,45.82,22.16,32.02,446.0,2.14,11.95,30.16,12.94,0.98,6.8,2020-05-09 02:00:00
2020-05-10,1,2020,5.06,42.81,22.48,34.71,440.0,2.05,12.96,31.05,13.75,0.889,7.1,2020-05-10 02:00:00
2020-05-11,1,2020,8.63,39.94,23.24,36.82,437.0,2.43,13.38,32.85,15.47,0.861,6.9,2020-05-11 02:00:00
2020-05-12,1,2020,7.09,45.87,22.5,31.63,416.0,2.01,12.74,31.16,13.63,0.943,6.9,2020-05-12 02:00:00
2020-05-13,1,2020,5.18,42.46,22.52,35.02,436.0,2.32,13.73,31.45,13.71,0.946,6.9,2020-05-13 02:00:00
2020-05-14,1,2020,7.44,44.6,20.62,34.78,440.0,2.12,10.95,31.24,12.45,0.951,6.9,2020-05-14 02:00:00
2020-05-15,1,2020,5.0,41.9,24.78,33.32,458.0,2.22,10.71,30.58,13.56,0.921,6.9,2020-05-15 02:00:00
2020-05-16,1,2020,9.31,40.37,26.09,33.54,451.0,2.29,12.83,31.67,14.14,0.928,6.9,2020-05-16 02:00:00
2020-05-17,1,2020,17.31,41.65,28.79,29.56,452.0,2.13,10.62,31.88,14.11,0.916,6.8,2020-05-17 02:00:00
2020-05-18,1,2020,16.12,41.92,25.1,32.98,441.0,2.04,11.82,31.24,12.33,0.924,7.0,2020-05-18 02:00:00
2020-05-19,1,2020,16.75,42.81,23.84,33.35,430.0,2.13,12.18,29.64,13.96,0.895,7.0,2020-05-19 02:00:00
2020-05-20,1,2020,16.94,41.24,25.01,33.75,441.0,2.41,13.7,30.59,13.77,1.03,6.9,2020-05-20 02:00:00
2020-05-21,1,2020,22.57,42.85,25.28,31.87,446.0,2.42,12.8,29.88,12.99,0.871,6.8,2020-05-21 02:00:00
2020-05-22,1,2020,30.08,42.4,22.03,35.57,433.0,2.37,12.23,29.21,13.15,0.912,6.7,2020-05-22 02:00:00
2020-05-23,1,2020,28.55,39.55,22.66,37.79,451.0,2.16,12.27,33.37,13.57,0.911,7.0,2020-05-23 02:00:00
2020-05-24,1,2020,33.13,40.44,23.82,35.74,449.0,2.16,12.56,32.16,13.67,0.911,6.9,2020-05-24 02:00:00
2020-05-25,1,2020,30.38,42.35,24.01,33.64,444.0,2.22,12.16,30.68,13.85,0.883,6.7,2020-05-25 02:00:00
2020-05-26,1,2020,30.24,45.73,24.33,29.94,442.0,2.19,10.96,32.68,14.22,0.987,6.8,2020-05-26 02:00:00
2020-05-27,1,2020,26.19,42.82,26.78,30.4,438.0,2.38,11.7,30.46,14.21,0.926,6.7,2020-05-27 02:00:00
2020-05-28,1,2020,30.03,44.68,23.09,32.23,440.0,2.17,12.51,30.75,14.41,0.9,6.9,2020-05-28 02:00:00
2020-05-29,1,2020,28.28,40.56,24.16,35.28,458.0,2.19,12.1,28.86,14.75,0.895,6.8,2020-05-29 02:00:00
2020-05-30,1,2020,24.92,41.11,24.96,33.93,440.0,2.02,12.35,30.77,12.98,0.891,6.8,2020-05-30 02:00:00
2020-05-31,1,2020,26.23,42.81,25.23,31.96,442.0,2.26,10.32,29.86,13.96,0.971,6.8,2020-05-31 02:00:00
2020-06-01,1,2020,33.53,44.71,23.42,31.87,435.0,2.33,13.52,30.71,13.8,0.914,6.9,2020-06-01 02:00:00
2020-06-02,1,2020,33.2,42.35,24.56,33.09,464.0,2.38,12.25,31.97,13.92,0.928,6.9,2020-06-02 02:00:00
2020-06-03,1,2020,38.24,44.76,23.02,32.22,438.0,1.96,12.35,31.43,14.03,0.963,6.9,2020-06-03 02:00:00
2020-06-04,1,2020,43.76,42.88,23.7,33.42,445.0,2.38,10.02,31.47,13.4,0.977,6.7,2020-06-04 02:00:00
2020-06-05,1,2020,45.0,38.65,22.09,39.26,449.0,2.13,12.67,30.42,13.2,0.955,6.8,2020-06-05 02:00:00
2020-06-06,1,2020,40.72,42.32,22.53,35.15,435.0,2.33,13.28,29.71,13.37,1.005,6.9,2020-06-06 02:00:00
2020-06-07,1,2020,39.92,39.9,24.24,35.86,445.0,2.07,9.97,31.52,13.5,0.86,7.0,2020-06-07 02:00:00
2020-06-08,1,2020,38.67,39.25,21.7,39.05,443.0,2.37,9.62,31.73,12.49,0.965,7.0,2020-06-08 02:00:00
2020-06-09,1,2020,37.87,40.97,22.74,36.29,425.0,2.0,14.22,30.86,15.67,1.07,6.9,2020-06-09 02:00:00
2020-06-10,1,2020,35.72,43.63,25.06,31.31,442.0,2.45,13.89,30.92,14.58,1.004,6.9,2020-06-10 02:00:00
2020-06-11,1,2020,33.44,41.36,24.75,33.89,453.0,2.3,11.23,30.86,13.36,0.953,6.8,2020-06-11 02:00:00
2020-06-12,1,2020,32.57,44.98,25.33,29.69,447.0,2.48,12.05,31.22,14.69,0.967,6.8,2020-06-12 02:00:00
2020-06-13,1,2020,29.57,42.29,22.94,34.77,444.0,2.27,10.75,29.44,12.44,0.952,6.9,2020-06-13 02:00:00
2020-06-14,1,2020,29.63,43.67,22.58,33.75,449.0,2.21,14.41,33.58,15.28,0.864,6.9,2020-06-14 02:00:00
2020-06-15,1,2020,30.36,42.32,25.06,32.62,458.0,2.2,11.32,30.58,14.8,0.911,6.7,2020-06-15 02:00:00
2020-06-16,1,2020,29.74,41.86,23.75,34.39,463.0,2.15,13.82,30.53,13.21,0.962,6.9,2020-06-16 02:00:00
2020-06-17,1,2020,26.84,45.94,22.58,31.48,440.0,1.92,14.5,30.59,13.9,0.968,7.0,2020-06-17 02:00:00
2020-06-18,1,2020,28.56,43.81,23.36,32.83,446.0,2.12,11.78,30.27,14.45,1.007,6.8,2020-06-18 02:00:00
2020-06-19,1,2020,24.46,40.72,24.09,35.19,427.0,2.25,11.59,31.35,13.34,0.911,7.0,2020-06-19 02:00:00
2020-06-20,1,2020,23.54,39.93,22.49,37.58,448.0,2.02,11.01,30.84,13.39,0.997,6.9,2020-06-20 02:00:00
2020-06-21,1,2020,21.98,43.17,24.22,32.61,443.0,1.81,12.39,31.08,14.85,0.978,6.9,2020-06-21 02:00:00
2020-06-22,1,2020,19.68,42.01,24.12,33.87,460.0,2.07,9.8,31.5,13.02,0.959,6.9,2020-06-22 02:00:00
2020-06-23,1,2020,15.87,40.45,23.06,36.49,429.0,2.22,11.74,30.48,12.87,0.944,6.8,2020-06-23 02:00:00
2020-06-24,1,2020,17.48,44.16,25.53,30.31,413.0,2.18,10.07,31.85,15.15,0.997,6.8,2020-06-24 02:00:00
2020-06-25,1,2020,17.79,41.66,25.82,32.52,450.0,2.22,10.25,30.14,14.7,1.008,6.7,2020-06-25 02:00:00
2020-06-26,1,2020,15.49,44.59,24.6,30.81,448.0,2.33,10.96,30.59,14.95,1.028,6.8,2020-06-26 02:00:00
2020-06-27,1,2020,13.16,43.17,22.54,34.29,459.0,2.03,10.88,29.48,15.18,0.947,6.8,2020-06-27 02:00:00
2020-06-28,1,2020,13.22,42.27,24.82,32.91,445.0,2.25,12.93,32.53,14.49,1.026,7.0,2020-06-28 02:00:00
2020-06-29,1,2020,10.47,41.78,24.7,33.52,440.0,2.22,11.98,30.42,13.34,0.992,6.8,2020-06-29 02:00:00
2020-06-30,1,2020,13.74,41.49,23.66,34.85,441.0,1.95,12.49,29.8,14.77,0.87,6.9,2020-06-30 02:00:00
2020-07-01,1,2020,11.73,41.46,23.97,34.57,446.0,2.24,11.55,30.52,13.17,1.072,6.9,2020-07-01 02:00:00
2020-07-02,1,2020,11.22,40.46,26.22,33.32,453.0,2.29,14.14,32.61,14.43,0.974,6.9,2020-07-02 02:00:00
2020-07-03,1,2020,10.12,43.95,23.96,32.09,456.0,2.27,11.44,30.38,14.41,1.103,6.7,2020-07-03 02:00:00
2020-07-04,1,2020,7.45,44.18,23.64,32.18,460.0,2.25,14.75,31.63,14.39,0.87,7.0,2020-07-04 02:00:00
2020-07-05,1,2020,5.56,41.75,23.95,34.3,464.0,2.22,11.82,31.08,14.08,1.055,7.0,2020-07-05 02:00:00
2020-07-06,1,2020,5.0,40.03,24.0,35.97,469.0,1.94,11.58,30.75,13.82,0.997,7.0,2020-07-06 02:00:00
2020-07-07,1,2020,7.86,43.29,26.46,30.25,440.0,2.06,11.93,32.98,16.17,0.945,6.9,2020-07-07 02:00:00
2020-07-08,1,2020,9.0,43.82,25.67,30.51,453.0,2.18,13.04,31.99,12.69,0.962,6.9,2020-07-08 02:00:00
2020-07-09,1,2020,6.35,42.85,23.69,33.46,438.0,2.11,11.72,29.53,12.42,0.941,6.9,2020-07-09 02:00:00
2020-07-10,1,2020,5.54,43.23,27.31,29.46,437.0,2.17,10.82,30.48,14.38,1.052,6.6,2020-07-10 02:00:00
2020-07-11,1,2020,5.57,41.52,23.98,34.5,451.0,2.24,12.61,31.04,14.92,0.997,6.8,2020-07-11 02:00:00
2020-07-12,1,2020,6.49,41.29,24.93,33.78,448.0,2.26,13.11,31.34,13.4,1.068,6.9,2020-07-12 02:00:00
2020-07-13,1,2020,5.0,43.39,24.9,31.71,450.0,2.28,11.81,32.16,13.23,0.977,6.9,2020-07-13 02:00:00
2020-07-14,1,2020,6.39,41.06,25.65,33.29,446.0,2.11,11.34,31.56,13.39,0.901,6.8,2020-07-14 02:00:00
2020-07-15,1,2020,6.24,42.55,22.24,35.21,441.0,2.42,12.16,30.96,12.6,0.928,6.7,2020-07-15 02:00:00
2020-07-16,1,2020,5.0,39.29,22.2,38.51,456.0,1.97,12.8,32.57,14.88,0.946,6.9,2020-07-16 02:00:00
2020-07-17,1,2020,5.0,42.34,23.16,34.5,454.0,2.09,12.05,30.88,13.57,1.083,6.9,2020-07-17 02:00:00
2020-07-18,1,2020,6.06,38.59,24.46,36.95,465.0,2.32,11.69,30.85,13.61,0.936,6.9,2020-07-18 02:00:00
2020-07-19,1,2020,5.0,45.23,26.25,28.52,455.0,2.13,10.78,30.7,13.62,0.987,6.7,2020-07-19 02:00:00
2020-07-20,1,2020,5.93,44.02,23.77,32.21,446.0,2.02,10.74,31.92,14.12,0.891,7.0,2020-07-20 02:00:00
2020-07-21,1,2020,6.11,44.16,24.28,31.56,457.0,2.23,10.28,29.64,14.14,0.991,6.7,2020-07-21 02:00:00
2020-07-22,1,2020,8.39,42.41,25.91,31.68,452.0,2.51,12.53,31.11,12.92,0.995,6.7,2020-07-22 02:00:00
2020-07-23,1,2020,7.06,44.48,23.0,32.52,440.0,2.18,10.87,29.82,14.76,0.987,6.7,2020-07-23 02:00:00
2020-07-24,1,2020,5.0,39.57,24.34,36.09,453.0,2.39,12.19,30.78,13.88,0.941,6.9,2020-07-24 02:00:00
2020-07-25,1,2020,5.0,40.16,22.61,37.23,461.0,2.01,11.32,29.73,12.95,0.904,6.9,2020-07-25 02:00:00
2020-07-26,1,2020,5.0,41.09,27.39,31.52,450.0,2.18,13.58,29.12,13.74,0.943,7.1,2020-07-26 02:00:00
2020-07-27,1,2020,5.02,38.49,21.92,39.59,455.0,2.32,11.65,30.57,12.97,0.982,6.9,2020-07-27 02:00:00
2020-07-28,1,2020,5.0,43.15,24.65,32.2,447.0,2.32,13.68,29.55,14.36,1.079,6.7,2020-07-28 02:00:00
2020-07-29,1,2020,15.6,43.34,21.73,34.93,446.0,2.03,11.39,31.32,13.65,0.962,6.6,2020-07-29 02:00:00
2020-07-30,1,2020,15.6,40.95,26.56,32.49,460.0,2.09,10.8,32.65,13.85,1.1,6.8,2020-07-30 02:00:00
2020-07-31,1,2020,11.85,43.52,23.25,33.23,436.0,2.1,12.12,31.77,14.87,1.032,6.8,2020-07-31 02:00:00
2020-08-01,1,2020,9.77,42.74,20.14,37.12,452.0,2.19,14.44,30.5,14.1,1.112,6.8,2020-08-01 02:00:00
2020-08-02,1,2020,8.0,44.28,26.95,28.77,460.0,2.35,13.06,30.91,14.59,0.981,7.0,2020-08-02 02:00:00
2020-08-03,1,2020,10.12,41.53,24.53,33.94,445.0,2.27,13.13,33.81,14.1,1.004,7.0,2020-08-03 02:00:00
2020-08-04,1,2020,5.11,45.48,21.64,32.88,451.0,2.15,13.64,31.15,13.78,0.986,6.9,2020-08-04 02:00:00
2020-08-05,1,2020,5.0,42.48,24.82,32.7,448.0,2.26,13.51,31.91,13.84,1.011,6.8,2020-08-05 02:00:00
2020-08-06,1,2020,5.0,44.58,23.85,31.57,463.0,2.39,11.08,31.4,15.5,1.0,6.6,2020-08-06 02:00:00
2020-08-07,1,2020,5.18,44.48,26.29,29.23,442.0,2.27,10.79,32.89,13.53,0.97,6.9,2020-08-07 02:00:00
2020-08-08,1,2020,7.48,42.54,21.59,35.87,461.0,2.24,12.49,32.41,15.48,1.001,6.9,2020-08-08 02:00:00
2020-08-09,1,2020,9.52,40.48,22.39,37.13,438.0,2.28,11.77,32.63,13.85,0.953,6.6,2020-08-09 02:00:00
2020-08-10,1,2020,7.14,41.28,25.11,33.61,453.0,2.26,13.3,31.34,13.37,1.118,6.9,2020-08-10 02:00:00
2020-08-11,1,2020,5.0,42.02,24.01,33.97,450.0,2.16,12.0,31.65,14.45,0.988,6.8,2020-08-11 02:00:00
2020-08-12,1,2020,6.29,38.6,22.8,38.6,441.0,2.0,14.22,30.8,13.16,1.051,6.9,2020-08-12 02:00:00
2020-08-13,1,2020,5.77,40.41,19.9,39.69,439.0,2.27,10.4,31.87,13.62,1.024,6.6,2020-08-13 02:00:00
2020-08-14,1,2020,6.37,42.25,22.27,35.48,460.0,2.31,13.15,30.51,13.07,1.039,7.0,2020-08-14 02:00:00
2020-08-15,1,2020,5.0,43.87,24.43,31.7,464.0,2.17,9.81,30.47,14.04,1.104,6.9,2020-08-15 02:00:00
2020-08-16,1,2020,5.28,42.22,26.2,31.58,459.0,2.11,11.54,31.69,13.94,0.995,6.8,2020-08-16 02:00:00
2020-08-17,1,2020,5.0,40.63,21.74,37.63,459.0,2.35,12.5,30.29,13.86,0.991,7.0,2020-08-17 02:00:00
2020-08-18,1,2020,5.0,42.12,25.03,32.85,448.0,2.25,12.85,31.13,13.52,1.016,6.7,2020-08-18 02:00:00
2020-08-19,1,2020,5.15,41.84,28.42,29.74,444.0,2.47,12.09,30.83,15.23,1.017,6.8,2020-08-19 02:00:00
2020-08-20,1,2020,5.0,42.83,24.13,33.04,461.0,2.13,12.2,30.8,13.63,1.095,6.7,2020-08-20 02:00:00
2020-08-21,1,2020,5.0,42.23,23.15,34.62,449.0,2.21,14.85,30.18,13.86,1.072,6.8,2020-08-21 02:00:00
2020-08-22,1,2020,11.46,41.94,24.19,33.87,439.0,2.31,10.24,30.11,14.08,1.042,6.8,2020-08-22 02:00:00
2020-08-23,1,2020,11.18,42.67,24.25,33.08,440.0,2.39,12.97,29.92,13.74,0.986,6.7,2020-08-23 02:00:00
2020-08-24,1,2020,9.42,38.79,25.25,35.96,447.0,1.9,11.99,31.61,14.39,1.124,7.0,2020-08-24 02:00:00
2020-08-25,1,2020,8.46,40.61,23.48,35.91,474.0,2.34,12.97,31.08,14.06,1.061,6.7,2020-08-25 02:00:00
2020-08-26,1,2020,8.52,39.27,22.58,38.15,440.0,2.31,12.91,30.13,12.9,1.035,6.8,2020-08-26 02:00:00
2020-08-27,1,2020,5.15,45.63,26.36,28.01,445.0,2.07,10.88,30.34,13.89,1.008,6.9,2020-08-27 02:00:00
2020-08-28,1,2020,5.51,40.66,22.94,36.4,470.0,2.5,14.04,32.37,12.78,0.951,6.7,2020-08-28 02:00:00
2020-08-29,1,2020,5.0,40.54,23.85,35.61,444.0,2.41,11.85,30.67,15.34,0.974,6.7,2020-08-29 02:00:00
2020-08-30,1,2020,5.38,40.95,23.4,35.65,468.0,2.1,11.32,29.78,14.34,1.036,7.0,2020-08-30 02:00:00
2020-08-31,1,2020,5.0,46.43,21.7,31.87,464.0,2.36,11.63,32.28,13.73,1.037,6.9,2020-08-31 02:00:00
2020-09-01,1,2020,5.78,40.23,24.23,35.54,461.0,2.13,10.43,30.03,14.21,0.994,6.7,2020-09-01 02:00:00
2020-09-02,1,2020,5.8,44.69,25.18,30.13,458.0,2.12,12.78,31.02,13.54,1.02,6.7,2020-09-02 02:00:00
2020-09-03,1,2020,5.0,38.78,21.71,39.51,459.0,2.19,12.22,30.71,14.08,1.083,7.0,2020-09-03 02:00:00
2020-09-04,1,2020,5.37,45.15,22.88,31.97,460.0,2.13,10.29,31.76,13.05,1.03,6.7,2020-09-04 02:00:00
2020-09-05,1,2020,5.0,42.95,23.45,33.6,458.0,2.41,13.83,30.18,14.81,1.039,6.6,2020-09-05 02:00:00
2020-09-06,1,2020,5.0,41.62,19.96,38.42,467.0,2.25,13.13,33.14,13.98,1.13,6.9,2020-09-06 02:00:00
2020-09-07,1,2020,5.0,40.51,21.79,37.7,454.0,2.27,11.91,30.73,14.55,1.02,6.8,2020-09-07 02:00:00
2020-09-08,1,2020,5.0,43.75,26.01,30.24,470.0,2.31,9.78,31.9,12.86,1.051,6.9,2020-09-08 02:00:00
2020-09-09,1,2020,5.74,44.3,26.52,29.18,471.0,2.32,12.73,30.37,14.91,0.983,6.8,2020-09-09 02:00:00
2020-09-10,1,2020,5.22,42.5,25.07,32.43,485.0,2.36,11.67,30.6,13.5,1.056,6.7,2020-09-10 02:00:00
2020-09-11,1,2020,5.0,36.89,25.41,37.7,480.0,2.2,11.8,30.92,15.11,1.068,6.8,2020-09-11 02:00:00
2020-09-12,1,2020,5.0,43.45,25.48,31.07,464.0,1.97,10.67,33.67,15.13,1.003,7.1,2020-09-12 02:00:00
2020-09-13,1,2020,5.0,40.56,24.06,35.38,463.0,2.32,12.58,30.19,13.76,1.012,6.7,2020-09-13 02:00:00
2020-09-14,1,2020,5.83,43.34,24.37,32.29,465.0,2.41,12.53,33.73,12.23,0.961,6.8,2020-09-14 02:00:00
2020-09-15,1,2020,5.0,42.01,27.48,30.51,447.0,2.23,10.99,30.8,14.84,1.094,6.7,2020-09-15 02:00:00
2020-09-16,1,2020,5.0,39.21,24.37,36.42,451.0,2.12,12.22,31.39,12.5,1.086,6.8,2020-09-16 02:00:00
2020-09-17,1,2020,8.61,40.28,25.75,33.97,463.0,2.2,10.15,31.51,14.43,1.146,6.8,2020-09-17 02:00:00
2020-09-18,1,2020,7.12,45.35,20.67,33.98,449.0,2.04,12.77,30.53,15.0,0.937,6.8,2020-09-18 02:00:00
2020-09-19,1,2020,5.07,40.48,25.86,33.66,480.0,2.38,13.18,31.45,13.85,1.113,7.0,2020-09-19 02:00:00
2020-09-20,1,2020,5.0,42.59,26.35,31.06,460.0,2.04,10.87,31.74,14.27,1.152,6.8,2020-09-20 02:00:00
2020-09-21,1,2020,6.76,42.7,23.07,34.23,461.0,1.91,11.39,31.57,13.85,0.989,6.9,2020-09-21 02:00:00
2020-09-22,1,2020,8.98,40.68,23.3,36.02,474.0,2.31,11.71,31.0,14.23,1.082,6.6,2020-09-22 02:00:00
2020-09-23,1,2020,6.72,43.75,22.61,33.64,460.0,2.28,11.17,29.41,14.82,0.984,6.9,2020-09-23 02:00:00
2020-09-24,1,2020,5.0,44.75,24.07,31.18,472.0,2.4,12.4,32.21,14.01,0.983,6.7,2020-09-24 02:00:00
2020-09-25,1,2020,5.0,41.3,23.37,35.33,472.0,2.41,12.88,31.87,11.64,0.991,6.8,2020-09-25 02:00:00
2020-09-26,1,2020,7.03,38.44,24.71,36.85,465.0,2.08,12.37,29.84,13.49,1.111,6.7,2020-09-26 02:00:00
2020-09-27,1,2020,5.0,41.62,24.11,34.27,458.0,2.29,13.9,31.41,12.92,1.038,6.9,2020-09-27 02:00:00
2020-09-28,1,2020,5.04,39.6,21.15,39.25,475.0,2.22,11.14,32.1,12.69,1.059,6.9,2020-09-28 02:00:00
2020-09-29,1,2020,5.0,40.42,22.91,36.67,470.0,2.02,12.35,29.42,13.16,1.031,6.8,2020-09-29 02:00:00
2020-09-30,1,2020,5.0,38.22,21.78,40.0,468.0,2.1,13.19,32.1,13.95,1.09,6.8,2020-09-30 02:00:00
2020-10-01,1,2020,5.57,42.03,25.67,32.3,480.0,2.39,14.14,30.16,15.04,0.984,6.8,2020-10-01 02:00:00
2020-10-02,1,2020,7.61,41.68,22.91,35.41,459.0,2.21,11.93,30.36,13.22,1.098,6.9,2020-10-02 02:00:00
2020-10-03,1,2020,9.49,40.68,24.66,34.66,462.0,1.78,9.64,30.94,15.2,1.108,6.8,2020-10-03 02:00:00
2020-10-04,1,2020,6.83,40.64,24.84,34.52,451.0,2.11,11.52,30.08,13.66,1.133,7.0,2020-10-04 02:00:00
2020-10-05,1,2020,5.31,40.13,24.55,35.32,444.0,2.23,11.09,31.44,14.15,0.97,7.0,2020-10-05 02:00:00
2020-10-06,1,2020,5.0,41.41,21.36,37.23,471.0,2.11,11.44,31.04,15.06,1.066,6.8,2020-10-06 02:00:00
2020-10-07,1,2020,6.27,40.07,24.13,35.8,476.0,2.31,13.2,31.11,12.95,1.116,6.7,2020-10-07 02:00:00
2020-10-08,1,2020,5.0,41.54,24.51,33.95,464.0,1.94,11.52,31.61,14.19,1.086,6.8,2020-10-08 02:00:00
2020-10-09,1,2020,5.0,43.7,24.14,32.16,456.0,2.18,12.52,30.55,13.01,1.044,6.9,2020-10-09 02:00:00
2020-10-10,1,2020,6.12,39.48,24.72,35.8,465.0,2.57,10.22,31.51,13.09,0.995,6.8,2020-10-10 02:00:00
2020-10-11,1,2020,5.0,42.84,25.22,31.94,468.0,2.1,12.24,30.78,14.62,1.019,6.8,2020-10-11 02:00:00
2020-10-12,1,2020,5.0,41.37,26.33,32.3,475.0,2.22,13.02,30.79,13.64,1.082,6.8,2020-10-12 02:00:00
2020-10-13,1,2020,6.78,43.23,20.4,36.37,469.0,2.22,11.78,30.61,14.62,1.094,6.7,2020-10-13 02:00:00
2020-10-14,1,2020,5.0,41.59,27.01,31.4,472.0,2.22,13.44,30.51,15.19,0.996,6.9,2020-10-14 02:00:00
2020-10-15,1,2020,5.0,41.03,25.41,33.56,443.0,2.11,10.39,29.55,13.71,1.109,6.7,2020-10-15 02:00:00
2020-10-16,1,2020,5.0,43.07,23.25,33.68,476.0,2.16,10.65,29.12,15.2,1.001,6.8,2020-10-16 02:00:00
2020-10-17,1,2020,5.0,43.53,22.87,33.6,469.0,2.27,13.0,30.72,15.22,0.993,6.7,2020-10-17 02:00:00
2020-10-18,1,2020,5.85,39.99,23.13,36.88,479.0,2.22,12.36,30.54,12.76,1.106,6.9,2020-10-18 02:00:00
2020-10-19,1,2020,5.0,38.17,23.6,38.23,460.0,2.29,12.66,29.65,14.34,1.034,6.7,2020-10-19 02:00:00
2020-10-20,1,2020,5.81,44.41,25.18,30.41,465.0,2.26,13.01,30.51,13.9,1.076,6.9,2020-10-20 02:00:00
2020-10-21,1,2020,5.0,43.56,24.58,31.86,480.0,2.15,12.99,32.09,13.86,1.073,6.7,2020-10-21 02:00:00
2020-10-22,1,2020,6.24,43.56,24.11,32.33,459.0,2.2,13.69,31.12,13.83,1.114,6.6,2020-10-22 02:00:00
2020-10-23,1,2020,13.13,43.49,21.73,34.78,459.0,2.32,10.77,32.37,13.47,1.027,6.7,2020-10-23 02:00:00
2020-10-24,1,2020,9.18,40.65,23.19,36.16,466.0,1.91,11.43,31.58,12.9,1.063,6.9,2020-10-24 02:00:00
2020-10-25,1,2020,11.7,44.7,24.34,30.96,459.0,2.33,11.84,31.47,12.13,1.094,6.8,2020-10-25 02:00:00
2020-10-26,1,2020,8.1,43.54,26.65,29.81,469.0,2.37,12.17,32.39,13.89,1.14,6.6,2020-10-26 02:00:00
2020-10-27,1,2020,5.32,41.97,25.95,32.08,471.0,2.02,10.73,30.72,12.16,1.112,6.7,2020-10-27 02:00:00
2020-10-28,1,2020,10.02,38.36,24.26,37.38,472.0,2.1,10.11,31.78,13.72,1.134,6.9,2020-10-28 02:00:00
2020-10-29,1,2020,10.66,44.08,25.28,30.64,458.0,2.17,11.44,31.45,14.44,1.065,6.6,2020-10-29 02:00:00
2020-10-30,1,2020,15.36,38.77,23.71,37.52,458.0,2.13,12.2,30.49,13.26,1.079,6.8,2020-10-30 02:00:00
2020-10-31,1,2020,11.38,40.22,24.35,35.43,501.0,2.27,12.76,32.84,14.96,1.067,6.9,2020-10-31 02:00:00
2020-11-01,1,2020,9.94,42.34,23.48,34.18,462.0,2.11,11.93,29.66,14.91,1.138,6.7,2020-11-01 02:00:00
2020-11-02,1,2020,5.6,39.89,22.05,38.06,479.0,2.11,11.6,30.94,13.2,1.14,6.7,2020-11-02 02:00:00
2020-11-03,1,2020,5.83,38.76,22.45,38.79,469.0,2.19,13.04,32.15,13.14,1.011,6.6,2020-11-03 02:00:00
2020-11-04,1,2020,5.0,43.42,25.09,31.49,474.0,2.32,11.92,30.22,14.57,1.061,6.9,2020-11-04 02:00:00
2020-11-05,1,2020,6.45,44.58,26.3,29.12,470.0,2.04,10.75,31.43,12.96,1.224,6.8,2020-11-05 02:00:00
2020-11-06,1,2020,6.07,41.94,24.61,33.45,474.0,2.32,9.98,30.24,14.99,1.062,6.7,2020-11-06 02:00:00
2020-11-07,1,2020,6.28,42.48,24.15,33.37,473.0,1.88,11.84,32.7,13.96,1.121,6.6,2020-11-07 02:00:00
2020-11-08,1,2020,5.82,43.59,25.63,30.78,479.0,2.25,12.82,30.46,14.22,1.204,6.8,2020-11-08 02:00:00
2020-11-09,1,2020,5.0,40.97,22.88,36.15,455.0,2.2,13.15,30.83,13.26,1.105,6.6,2020-11-09 02:00:00
2020-11-10,1,2020,5.0,38.81,23.09,38.1,469.0,2.06,13.86,32.81,14.84,1.061,6.8,2020-11-10 02:00:00
2020-11-11,1,2020,5.42,42.49,22.9,34.61,465.0,2.34,13.43,30.7,13.76,1.096,6.4,2020-11-11 02:00:00
2020-11-12,1,2020,8.77,44.95,24.0,31.05,463.0,2.23,12.41,30.75,14.38,1.151,6.7,2020-11-12 02:00:00
2020-11-13,1,2020,9.45,44.24,24.55,31.21,471.0,2.09,12.78,31.83,13.61,1.151,6.6,2020-11-13 02:00:00
2020-11-14,1,2020,7.7,44.54,25.41,30.05,478.0,2.04,13.7,30.81,11.91,1.009,6.7,2020-11-14 02:00:00
2020-11-15,1,2020,6.23,42.07,23.63,34.3,467.0,2.11,12.5,32.9,13.17,1.049,6.9,2020-11-15 02:00:00
2020-11-16,1,2020,5.0,45.18,23.11,31.71,488.0,1.95,13.39,29.3,13.74,1.127,6.6,2020-11-16 02:00:00
2020-11-17,1,2020,7.21,44.36,22.64,33.0,477.0,2.37,12.91,31.02,13.38,1.117,6.7,2020-11-17 02:00:00
2020-11-18,1,2020,7.14,41.15,24.88,33.97,468.0,2.04,12.36,31.0,13.01,1.019,6.8,2020-11-18 02:00:00
2020-11-19,1,2020,5.87,40.69,25.66,33.65,480.0,2.17,10.87,29.81,14.45,1.134,6.7,2020-11-19 02:00:00
2020-11-20,1,2020,6.77,40.04,20.78,39.18,475.0,2.3,11.87,32.84,13.18,1.168,6.7,2020-11-20 02:00:00
2020-11-21,1,2020,5.07,40.54,22.41,37.05,479.0,2.3,9.99,31.95,13.45,1.089,6.7,2020-11-21 02:00:00
2020-11-22,1,2020,5.0,40.0,23.15,36.85,481.0,2.27,12.52,29.39,15.11,1.115,6.6,2020-11-22 02:00:00
2020-11-23,1,2020,6.04,42.16,23.67,34.17,473.0,2.38,11.21,31.41,14.19,1.105,6.8,2020-11-23 02:00:00
2020-11-24,1,2020,5.0,42.27,24.9,32.83,473.0,2.24,13.72,31.73,13.23,1.166,6.8,2020-11-24 02:00:00
2020-11-25,1,2020,5.74,43.54,22.86,33.6,470.0,2.09,13.58,29.69,13.37,1.141,6.8,2020-11-25 02:00:00
2020-11-26,1,2020,5.98,39.78,23.09,37.13,490.0,2.1,12.86,31.36,14.48,1.118,6.8,2020-11-26 02:00:00
2020-11-27,1,2020,5.05,41.98,25.32,32.7,492.0,2.26,10.31,30.64,13.11,1.105,6.5,2020-11-27 02:00:00
2020-11-28,1,2020,5.0,41.53,25.0,33.47,478.0,2.42,11.15,31.45,15.13,1.084,6.7,2020-11-28 02:00:00
2020-11-29,1,2020,5.81,43.15,23.7,33.15,462.0,2.19,13.56,31.83,14.18,1.183,6.7,2020-11-29 02:00:00
2020-11-30,1,2020,5.0,39.85,23.16,36.99,487.0,2.26,12.72,32.06,13.13,1.102,6.7,2020-11-30 02:00:00
2020-12-01,1,2020,5.3,43.3,24.36,32.34,483.0,2.08,10.91,30.54,13.76,1.098,6.7,2020-12-01 02:00:00
2020-12-02,1,2020,5.0,40.28,20.12,39.6,466.0,2.38,11.93,30.71,14.48,1.075,6.5,2020-12-02 02:00:00
2020-12-03,1,2020,5.0,39.21,23.95,36.84,480.0,2.06,10.24,30.87,14.18,1.112,6.6,2020-12-03 02:00:00
2020-12-04,1,2020,5.9,42.12,25.15,32.73,503.0,1.94,14.03,30.15,14.16,1.094,6.8,2020-12-04 02:00:00
2020-12-05,1,2020,16.67,43.49,25.13,31.38,479.0,1.93,11.98,31.75,13.97,1.146,6.8,2020-12-05 02:00:00
2020-12-06,1,2020,12.62,41.06,26.3,32.64,457.0,2.06,13.04,30.99,13.71,1.109,6.8,2020-12-06 02:00:00
2020-12-07,1,2020,18.15,41.87,24.94,33.19,480.0,2.25,12.89,30.23,13.95,1.174,6.8,2020-12-07 02:00:00
2020-12-08,1,2020,13.45,40.32,24.15,35.53,471.0,2.1,12.24,32.25,14.8,1.099,6.7,2020-12-08 02:00:00
2020-12-09,1,2020,13.17,44.55,22.04,33.41,472.0,2.25,13.57,32.86,13.84,1.187,6.8,2020-12-09 02:00:00
2020-12-10,1,2020,10.75,42.62,24.08,33.3,486.0,2.28,12.45,30.75,14.37,1.129,6.9,2020-12-10 02:00:00
2020-12-11,1,2020,5.0,41.64,24.56,33.8,477.0,2.19,14.24,30.71,14.48,1.137,6.7,2020-12-11 02:00:00
2020-12-12,1,2020,5.72,39.86,25.6,34.54,481.0,1.96,11.07,30.04,13.21,1.147,6.8,2020-12-12 02:00:00
2020-12-13,1,2020,5.0,41.42,21.55,37.03,471.0,2.13,12.76,33.23,14.44,1.111,6.7,2020-12-13 02:00:00
2020-12-14,1,2020,9.49,41.37,25.9,32.73,471.0,2.07,11.96,30.57,13.95,1.124,6.6,2020-12-14 02:00:00
2020-12-15,1,2020,6.52,42.87,23.31,33.82,466.0,2.42,12.93,30.74,14.3,1.128,6.8,2020-12-15 02:00:00
2020-12-16,1,2020,5.48,42.93,24.12,32.95,469.0,2.38,12.72,29.46,13.91,1.17,6.8,2020-12-16 02:00:00
2020-12-17,1,2020,5.16,39.73,24.84,35.43,450.0,2.32,11.15,30.79,13.84,1.077,6.8,2020-12-17 02:00:00
2020-12-18,1,2020,5.0,43.54,23.15,33.31,471.0,2.05,11.73,31.16,13.81,1.137,6.9,2020-12-18 02:00:00
2020-12-19,1,2020,5.88,41.02,23.67,35.31,493.0,2.34,10.69,29.55,14.99,1.071,6.7,2020-12-19 02:00:00
2020-12-20,1,2020,5.0,44.29,24.84,30.87,475.0,2.17,11.58,31.73,12.66,1.243,6.6,2020-12-20 02:00:00
2020-12-21,1,2020,5.0,41.07,23.01,35.92,468.0,2.16,12.3,30.0,14.97,1.131,6.7,2020-12-21 02:00:00
2020-12-22,1,2020,6.18,41.35,23.13,35.52,507.0,2.31,13.16,31.02,13.59,1.203,6.6,2020-12-22 02:00:00
2020-12-23,1,2020,6.78,43.59,23.11,33.3,492.0,2.37,12.48,31.12,13.16,1.124,6.6,2020-12-23 02:00:00
2020-12-24,1,2020,6.42,41.87,25.58,32.55,475.0,2.12,11.97,29.27,13.33,1.159,6.7,2020-12-24 02:00:00
2020-12-25,1,2020,5.22,44.76,25.14,30.1,465.0,2.17,13.21,30.25,14.76,1.123,6.7,2020-12-25 02:00:00
2020-12-26,1,2020,7.06,39.96,23.87,36.17,490.0,2.19,12.44,29.75,14.08,1.107,6.9,2020-12-26 02:00:00
2020-12-27,1,2020,11.09,44.23,26.84,28.93,496.0,2.46,12.5,31.72,14.18,1.172,6.8,2020-12-27 02:00:00
2020-12-28,1,2020,8.25,44.32,24.59,31.09,474.0,2.14,11.07,30.58,14.06,1.166,6.7,2020-12-28 02:00:00
2020-12-29,1,2020,5.0,44.24,24.82,30.94,470.0,2.33,12.55,31.01,14.96,1.143,6.8,2020-12-29 02:00:00
2020-12-30,1,2020,5.4,40.57,23.37,36.06,483.0,2.43,13.21,29.09,13.69,1.065,6.9,2020-12-30 02:00:00
2020-12-31,1,2020,5.0,42.08,24.26,33.66,473.0,2.31,13.25,30.92,13.08,1.165,6.7,2020-12-31 02:00:00
2021-01-01,1,2021,32.05,35.73,24.78,39.49,407.0,2.19,11.47,30.2,13.77,0.793,7.0,2021-01-01 02:00:00
2021-01-02,1,2021,40.03,42.21,23.67,34.12,427.0,2.29,10.14,32.59,14.14,0.768,7.1,2021-01-02 02:00:00
2021-01-03,1,2021,39.86,42.68,22.33,34.99,417.0,2.1,10.28,32.69,14.51,0.821,7.0,2021-01-03 02:00:00
2021-01-04,1,2021,41.06,40.4,23.75,35.85,414.0,2.21,11.92,31.35,14.46,0.783,7.0,2021-01-04 02:00:00
2021-01-05,1,2021,41.1,42.19,26.31,31.5,416.0,2.24,10.46,31.27,13.88,0.805,7.0,2021-01-05 02:00:00
2021-01-06,1,2021,38.69,42.29,22.4,35.31,427.0,2.24,11.07,30.26,14.87,0.854,7.2,2021-01-06 02:00:00
2021-01-07,1,2021,42.59,41.4,25.45,33.15,418.0,2.35,11.3,31.45,13.43,0.722,7.0,2021-01-07 02:00:00
2021-01-08,1,2021,44.37,41.69,22.94,35.37,419.0,2.1,10.13,32.21,14.04,0.851,7.0,2021-01-08 02:00:00
2021-01-09,1,2021,40.27,43.84,23.84,32.32,422.0,2.24,11.89,33.24,15.4,0.852,6.9,2021-01-09 02:00:00
2021-01-10,1,2021,45.0,42.52,24.47,33.01,401.0,2.61,11.39,31.52,13.54,0.848,6.9,2021-01-10 02:00:00
2021-01-11,1,2021,43.42,40.16,23.72,36.12,431.0,2.22,11.57,30.23,13.55,0.825,7.1,2021-01-11 02:00:00
2021-01-12,1,2021,42.9,41.92,22.45,35.63,423.0,2.28,12.35,30.22,14.27,0.756,7.0,2021-01-12 02:00:00
2021-01-13,1,2021,40.81,44.16,25.34,30.5,433.0,1.81,12.64,29.89,14.71,0.847,7.0,2021-01-13 02:00:00
2021-01-14,1,2021,39.3,45.11,25.06,29.83,425.0,2.03,11.43,30.71,13.6,0.847,6.9,2021-01-14 02:00:00
2021-01-15,1,2021,35.99,44.05,20.0,35.95,425.0,1.95,11.02,28.35,14.89,0.761,7.0,2021-01-15 02:00:00
2021-01-16,1,2021,42.7,44.45,22.87,32.68,412.0,2.17,10.71,31.7,12.97,0.761,7.1,2021-01-16 02:00:00
2021-01-17,1,2021,37.15,40.93,24.33,34.74,424.0,2.49,13.09,30.09,14.08,0.782,7.0,2021-01-17 02:00:00
2021-01-18,1,2021,42.73,41.13,25.95,32.92,432.0,2.39,12.48,32.11,13.9,0.829,7.1,2021-01-18 02:00:00
2021-01-19,1,2021,43.09,40.4,22.65,36.95,427.0,2.33,11.92,29.66,13.67,0.892,7.0,2021-01-19 02:00:00
2021-01-20,1,2021,43.61,40.95,23.71,35.34,433.0,2.15,10.85,31.79,15.93,0.832,7.2,2021-01-20 02:00:00
2021-01-21,1,2021,41.65,41.1,26.16,32.74,438.0,2.19,11.01,30.77,13.3,0.786,6.8,2021-01-21 02:00:00
2021-01-22,1,2021,37.79,42.04,23.52,34.44,432.0,2.28,11.01,30.87,14.28,0.971,7.0,2021-01-22 02:00:00
2021-01-23,1,2021,45.0,41.0,22.42,36.58,410.0,1.96,13.64,30.67,15.1,0.782,6.9,2021-01-23 02:00:00
2021-01-24,1,2021,43.8,45.48,24.29,30.23,415.0,2.21,10.65,32.54,15.58,0.721,7.0,2021-01-24 02:00:00
2021-01-25,1,2021,44.32,39.27,23.36,37.37,413.0,2.3,10.63,32.3,13.45,0.815,6.9,2021-01-25 02:00:00
2021-01-26,1,2021,45.0,43.88,23.64,32.48,418.0,1.95,11.15,29.76,14.57,0.747,6.9,2021-01-26 02:00:00
2021-01-27,1,2021,40.7,36.14,23.31,40.55,437.0,2.17,10.27,31.78,12.51,0.925,6.9,2021-01-27 02:00:00
2021-01-28,1,2021,42.83,43.87,24.43,31.7,437.0,2.1,11.44,29.8,13.98,0.921,7.0,2021-01-28 02:00:00
2021-01-29,1,2021,40.25,40.24,21.58,38.18,441.0,2.17,12.54,29.99,13.77,0.773,7.0,2021-01-29 02:00:00
2021-01-30,1,2021,38.42,41.98,25.36,32.66,422.0,2.17,11.41,31.33,13.76,0.874,7.1,2021-01-30 02:00:00
2021-01-31,1,2021,37.06,41.87,24.11,34.02,422.0,1.99,12.34,30.28,14.16,0.86,7.0,2021-01-31 02:00:00
2021-02-01,1,2021,36.8,45.24,27.79,26.97,423.0,2.22,11.0,32.07,14.09,0.897,6.9,2021-02-01 02:00:00
2021-02-02,1,2021,34.36,40.43,24.83,34.74,416.0,2.39,11.57,30.49,13.22,0.737,7.0,2021-02-02 02:00:00
2021-02-03,1,2021,32.91,40.97,24.83,34.2,415.0,2.12,12.39,30.13,14.72,0.798,7.1,2021-02-03 02:00:00
2021-02-04,1,2021,36.49,44.92,24.65,30.43,433.0,2.25,12.1,31.7,13.13,0.852,7.1,2021-02-04 02:00:00
2021-02-05,1,2021,34.51,44.66,26.25,29.09,404.0,2.41,11.57,30.7,14.06,0.807,7.0,2021-02-05 02:00:00
2021-02-06,1,2021,33.57,43.05,26.32,30.63,417.0,2.19,11.4,31.28,13.41,0.849,7.0,2021-02-06 02:00:00
2021-02-07,1,2021,33.77,43.71,23.62,32.67,424.0,2.02,10.84,31.03,13.0,0.78,7.0,2021-02-07 02:00:00
2021-02-08,1,2021,31.89,42.87,27.75,29.38,416.0,2.26,10.76,31.88,13.23,0.846,6.9,2021-02-08 02:00:00
2021-02-09,1,2021,30.19,45.83,22.47,31.7,438.0,2.3,10.81,32.0,15.64,0.807,7.1,2021-02-09 02:00:00
2021-02-10,1,2021,31.25,43.63,24.82,31.55,416.0,2.05,11.07,29.54,14.42,0.871,7.0,2021-02-10 02:00:00
2021-02-11,1,2021,32.05,40.48,22.9,36.62,430.0,2.11,13.29,32.02,14.59,0.966,6.9,2021-02-11 02:00:00
2021-02-12,1,2021,38.37,41.34,25.93,32.73,433.0,2.28,12.36,31.29,13.97,0.84,7.0,2021-02-12 02:00:00
2021-02-13,1,2021,39.29,41.77,25.44,32.79,430.0,2.33,13.08,31.72,14.6,0.845,6.9,2021-02-13 02:00:00
2021-02-14,1,2021,36.47,43.71,23.46,32.83,441.0,1.82,12.25,31.21,12.42,0.846,6.9,2021-02-14 02:00:00
2021-02-15,1,2021,31.45,42.86,26.02,31.12,444.0,2.1,13.16,31.84,14.65,0.815,7.0,2021-02-15 02:00:00
2021-02-16,1,2021,31.03,42.38,24.09,33.53,425.0,1.94,14.27,31.33,13.3,0.843,6.8,2021-02-16 02:00:00
2021-02-17,1,2021,28.93,42.92,23.68,33.4,431.0,2.25,12.99,29.16,13.08,0.853,7.0,2021-02-17 02:00:00
2021-02-18,1,2021,37.11,40.89,22.0,37.11,429.0,1.95,13.61,31.08,13.03,0.817,7.0,2021-02-18 02:00:00
2021-02-19,1,2021,36.82,38.83,22.93,38.24,419.0,2.18,12.58,30.09,13.08,0.914,6.9,2021-02-19 02:00:00
2021-02-20,1,2021,33.94,42.71,23.38,33.91,416.0,2.24,11.25,31.1,13.58,0.756,7.0,2021-02-20 02:00:00
2021-02-21,1,2021,36.44,42.09,24.5,33.41,432.0,2.42,11.13,30.61,12.81,0.81,7.0,2021-02-21 02:00:00
2021-02-22,1,2021,38.55,40.67,24.73,34.6,421.0,2.51,13.17,32.44,13.65,0.944,7.0,2021-02-22 02:00:00
2021-02-23,1,2021,37.27,39.67,25.26,35.07,418.0,2.13,13.67,29.28,13.18,0.835,6.8,2021-02-23 02:00:00
2021-02-24,1,2021,43.04,39.81,24.68,35.51,426.0,2.44,10.51,31.74,14.61,0.751,6.8,2021-02-24 02:00:00
2021-02-25,1,2021,44.43,37.72,23.96,38.32,425.0,2.18,10.29,31.47,13.35,0.909,6.9,2021-02-25 02:00:00
2021-02-26,1,2021,43.78,41.58,22.1,36.32,438.0,2.14,12.07,29.58,14.54,0.868,6.9,2021-02-26 02:00:00
2021-02-27,1,2021,45.0,39.05,24.21,36.74,419.0,2.2,12.51,31.63,12.75,0.932,7.0,2021-02-27 02:00:00
2021-02-28,1,2021,43.56,42.66,26.58,30.76,412.0,2.23,12.83,30.77,13.72,0.796,7.1,2021-02-28 02:00:00
2021-03-01,1,2021,41.84,40.62,22.29,37.09,421.0,2.09,11.6,31.18,13.96,0.815,7.2,2021-03-01 02:00:00
2021-03-02,1,2021,39.33,43.74,23.78,32.48,425.0,2.05,9.97,31.37,13.78,0.796,6.7,2021-03-02 02:00:00
2021-03-03,1,2021,39.45,41.36,23.93,34.71,432.0,2.14,12.34,30.95,15.68,0.854,7.0,2021-03-03 02:00:00
2021-03-04,1,2021,36.32,43.37,23.7,32.93,422.0,2.03,11.8,30.52,13.61,0.804,6.9,2021-03-04 02:00:00
2021-03-05,1,2021,40.14,44.14,24.8,31.06,434.0,2.09,12.26,31.5,14.03,0.827,6.9,2021-03-05 02:00:00
2021-03-06,1,2021,45.0,43.5,23.23,33.27,448.0,2.37,11.56,31.09,13.36,0.917,7.1,2021-03-06 02:00:00
2021-03-07,1,2021,45.0,40.98,23.12,35.9,426.0,1.99,9.73,32.09,13.43,0.797,7.0,2021-03-07 02:00:00
2021-03-08,1,2021,44.46,43.68,24.35,31.97,436.0,2.13,11.62,30.41,13.34,0.847,6.9,2021-03-08 02:00:00
2021-03-09,1,2021,41.41,43.81,24.0,32.19,418.0,2.42,12.06,30.77,15.0,0.844,6.9,2021-03-09 02:00:00
2021-03-10,1,2021,40.12,43.45,21.59,34.96,450.0,2.08,13.38,31.33,14.47,0.875,7.0,2021-03-10 02:00:00
2021-03-11,1,2021,36.72,39.77,24.64,35.59,422.0,2.24,11.03,32.03,14.17,0.863,7.0,2021-03-11 02:00:00
2021-03-12,1,2021,34.07,44.92,26.19,28.89,421.0,2.35,11.78,29.92,12.54,0.822,7.0,2021-03-12 02:00:00
2021-03-13,1,2021,34.3,42.99,26.02,30.99,428.0,2.34,11.85,29.48,12.82,0.859,7.0,2021-03-13 02:00:00
2021-03-14,1,2021,34.76,42.61,23.87,33.52,428.0,2.19,9.6,30.66,13.65,0.848,6.9,2021-03-14 02:00:00
2021-03-15,1,2021,34.05,44.65,24.28,31.07,422.0,2.04,14.36,30.43,14.03,0.81,7.1,2021-03-15 02:00:00
2021-03-16,1,2021,30.83,41.94,22.92,35.14,430.0,1.96,10.75,29.45,13.62,0.79,6.9,2021-03-16 02:00:00
2021-03-17,1,2021,29.69,40.55,25.32,34.13,437.0,2.32,10.95,30.96,14.79,0.898,6.9,2021-03-17 02:00:00
2021-03-18,1,2021,36.39,42.35,23.97,33.68,435.0,2.53,10.72,29.41,13.6,0.885,6.8,2021-03-18 02:00:00
2021-03-19,1,2021,37.43,41.79,25.84,32.37,431.0,2.04,12.61,33.06,14.02,0.825,7.0,2021-03-19 02:00:00
2021-03-20,1,2021,39.63,39.44,23.04,37.52,434.0,2.36,12.13,32.01,14.61,0.869,6.9,2021-03-20 02:00:00
2021-03-21,1,2021,36.02,39.7,22.72,37.58,436.0,1.94,11.02,29.68,13.99,0.99,7.0,2021-03-21 02:00:00
2021-03-22,1,2021,34.51,43.37,24.88,31.75,419.0,2.24,11.11,30.87,13.75,0.898,6.8,2021-03-22 02:00:00
2021-03-23,1,2021,30.7,38.88,23.53,37.59,421.0,2.16,10.42,30.48,13.61,0.97,6.9,2021-03-23 02:00:00
2021-03-24,1,2021,30.37,40.59,23.78,35.63,447.0,2.42,12.42,30.67,14.69,0.873,7.0,2021-03-24 02:00:00
2021-03-25,1,2021,26.71,44.89,23.46,31.65,441.0,1.79,12.78,30.44,13.34,0.833,7.1,2021-03-25 02:00:00
2021-03-26,1,2021,26.69,44.48,23.5,32.02,431.0,2.15,11.87,31.58,13.24,0.876,6.9,2021-03-26 02:00:00
2021-03-27,1,2021,27.37,43.02,24.26,32.72,434.0,2.2,10.17,29.12,12.42,0.948,6.9,2021-03-27 02:00:00
2021-03-28,1,2021,25.93,37.72,23.47,38.81,448.0,2.3,11.09,29.88,13.81,0.969,7.0,2021-03-28 02:00:00
2021-03-29,1,2021,26.28,43.06,25.29,31.65,437.0,2.33,10.8,31.32,13.88,0.89,7.0,2021-03-29 02:00:00
2021-03-30,1,2021,24.5,42.4,22.8,34.8,442.0,2.22,10.67,31.99,12.39,0.876,6.9,2021-03-30 02:00:00
2021-03-31,1,2021,21.76,38.5,22.99,38.51,438.0,2.12,13.18,30.76,14.77,0.888,6.7,2021-03-31 02:00:00
2021-04-01,1,2021,26.4,42.31,23.87,33.82,439.0,1.83,11.74,31.94,13.03,0.905,7.0,2021-04-01 02:00:00
2021-04-02,1,2021,27.12,45.29,25.44,29.27,425.0,2.45,10.33,31.62,14.23,0.887,6.8,2021-04-02 02:00:00
2021-04-03,1,2021,23.63,40.87,23.74,35.39,446.0,1.97,10.56,30.77,13.96,0.824,7.0,2021-04-03 02:00:00
2021-04-04,1,2021,27.56,42.82,24.24,32.94,428.0,2.18,14.5,29.94,14.91,0.856,6.8,2021-04-04 02:00:00
2021-04-05,1,2021,29.67,43.55,22.85,33.6,424.0,2.13,12.34,30.55,14.83,0.862,6.8,2021-04-05 02:00:00
2021-04-06,1,2021,27.73,43.27,24.73,32.0,418.0,2.42,11.95,32.19,14.15,0.97,7.0,2021-04-06 02:00:00
2021-04-07,1,2021,31.99,44.39,21.36,34.25,446.0,2.1,12.38,29.75,11.11,0.897,7.1,2021-04-07 02:00:00
2021-04-08,1,2021,31.42,42.13,24.88,32.99,438.0,2.22,11.09,30.04,12.79,0.827,6.8,2021-04-08 02:00:00
2021-04-09,1,2021,31.48,42.0,23.03,34.97,443.0,2.0,10.72,30.22,13.51,0.896,6.8,2021-04-09 02:00:00
2021-04-10,1,2021,35.11,39.99,22.61,37.4,437.0,2.24,13.33,29.17,14.55,0.948,6.8,2021-04-10 02:00:00
2021-04-11,1,2021,34.71,39.31,23.87,36.82,450.0,2.14,10.29,30.4,15.12,0.95,6.9,2021-04-11 02:00:00
2021-04-12,1,2021,37.65,39.61,22.49,37.9,440.0,2.18,15.2,29.28,12.74,0.969,6.9,2021-04-12 02:00:00
2021-04-13,1,2021,32.61,44.23,23.86,31.91,446.0,2.15,10.73,32.51,13.09,0.748,6.9,2021-04-13 02:00:00
2021-04-14,1,2021,31.63,42.17,22.07,35.76,432.0,2.2,11.21,30.07,14.83,0.888,6.9,2021-04-14 02:00:00
2021-04-15,1,2021,34.0,40.49,20.9,38.61,440.0,2.31,11.95,30.11,15.05,0.801,6.8,2021-04-15 02:00:00
2021-04-16,1,2021,29.39,43.54,21.77,34.69,453.0,2.27,9.07,30.57,13.63,0.908,6.8,2021-04-16 02:00:00
2021-04-17,1,2021,33.1,43.95,22.47,33.58,417.0,2.36,13.4,31.68,14.44,0.888,7.0,2021-04-17 02:00:00
2021-04-18,1,2021,29.79,44.42,24.96,30.62,445.0,2.52,13.28,31.56,13.42,0.992,7.0,2021-04-18 02:00:00
2021-04-19,1,2021,27.19,42.03,20.72,37.25,419.0,2.18,12.11,29.94,13.62,0.943,7.0,2021-04-19 02:00:00
2021-04-20,1,2021,31.42,44.02,25.19,30.79,454.0,2.05,11.47,29.85,13.47,0.883,6.8,2021-04-20 02:00:00
2021-04-21,1,2021,34.15,41.54,23.51,34.95,436.0,2.17,11.97,30.92,12.58,0.948,6.9,2021-04-21 02:00:00
2021-04-22,1,2021,31.68,43.57,23.42,33.01,429.0,2.19,10.88,31.37,13.88,0.948,6.9,2021-04-22 02:00:00
2021-04-23,1,2021,34.41,42.47,25.06,32.47,419.0,2.14,8.9,30.17,14.92,0.914,7.1,2021-04-23 02:00:00
2021-04-24,1,2021,35.25,41.22,25.1,33.68,458.0,2.5,12.06,31.21,13.05,0.91,7.0,2021-04-24 02:00:00
2021-04-25,1,2021,32.24,39.97,24.75,35.28,441.0,2.37,12.16,30.14,13.64,0.943,6.8,2021-04-25 02:00:00
2021-04-26,1,2021,30.97,44.16,21.25,34.59,447.0,2.39,13.01,31.52,13.57,0.934,6.8,2021-04-26 02:00:00
2021-04-27,1,2021,31.26,42.88,24.83,32.29,458.0,1.98,12.97,33.68,14.41,0.831,6.9,2021-04-27 02:00:00
2021-04-28,1,2021,28.59,43.89,24.79,31.32,436.0,2.44,11.22,31.84,14.89,0.946,7.0,2021-04-28 02:00:00
2021-04-29,1,2021,26.04,41.36,23.57,35.07,445.0,2.32,12.72,31.88,14.26,0.888,6.9,2021-04-29 02:00:00
2021-04-30,1,2021,25.48,45.94,24.28,29.78,449.0,2.2,9.69,31.23,12.59,0.828,7.0,2021-04-30 02:00:00
2021-05-01,1,2021,24.0,41.95,23.43,34.62,436.0,2.28,12.91,30.03,14.77,0.908,6.8,2021-05-01 02:00:00
2021-05-02,1,2021,24.13,43.04,22.43,34.53,440.0,2.18,12.37,29.61,14.08,0.885,6.9,2021-05-02 02:00:00
2021-05-03,1,2021,30.81,44.7,21.91,33.39,443.0,1.86,12.74,31.68,13.5,0.997,6.8,2021-05-03 02:00:00
2021-05-04,1,2021,29.29,39.69,24.58,35.73,437.0,2.19,12.52,30.93,15.24,0.988,6.8,2021-05-04 02:00:00
2021-05-05,1,2021,25.68,37.19,21.28,41.53,443.0,2.11,11.19,31.78,13.89,0.935,7.1,2021-05-05 02:00:00
2021-05-06,1,2021,27.85,42.77,24.23,33.0,452.0,2.15,13.79,31.53,12.64,0.891,6.9,2021-05-06 02:00:00
2021-05-07,1,2021,22.08,39.26,23.15,37.59,446.0,2.24,12.82,32.51,13.04,0.991,7.0,2021-05-07 02:00:00
2021-05-08,1,2021,24.52,43.2,23.19,33.61,465.0,2.27,12.05,31.63,14.09,0.916,6.9,2021-05-08 02:00:00
2021-05-09,1,2021,23.17,41.14,22.47,36.39,427.0,2.3,12.57,30.54,13.56,0.947,7.1,2021-05-09 02:00:00
2021-05-10,1,2021,22.48,43.58,24.09,32.33,440.0,2.21,10.82,30.91,12.83,1.002,6.9,2021-05-10 02:00:00
2021-05-11,1,2021,18.79,40.72,25.48,33.8,437.0,2.16,12.01,31.71,13.16,0.936,6.8,2021-05-11 02:00:00
2021-05-12,1,2021,20.26,41.51,24.37,34.12,444.0,2.2,13.88,31.49,14.56,0.931,6.9,2021-05-12 02:00:00
2021-05-13,1,2021,22.5,41.37,25.24,33.39,420.0,2.3,11.94,30.93,14.89,0.926,7.0,2021-05-13 02:00:00
2021-05-14,1,2021,20.53,38.72,25.78,35.5,428.0,2.23,11.02,31.14,16.12,0.913,7.0,2021-05-14 02:00:00
2021-05-15,1,2021,18.22,41.03,23.77,35.2,428.0,2.25,12.67,29.93,13.74,0.853,6.9,2021-05-15 02:00:00
2021-05-16,1,2021,16.91,38.88,25.29,35.83,438.0,2.26,9.92,30.34,13.75,0.952,6.9,2021-05-16 02:00:00
2021-05-17,1,2021,14.66,36.95,23.01,40.04,450.0,2.26,11.98,31.01,13.9,0.838,6.9,2021-05-17 02:00:00
2021-05-18,1,2021,13.56,44.93,25.17,29.9,450.0,2.16,12.35,30.7,13.81,0.913,7.0,2021-05-18 02:00:00
2021-05-19,1,2021,15.6,39.34,23.91,36.75,434.0,2.15,9.57,30.94,15.63,0.932,6.8,2021-05-19 02:00:00
2021-05-20,1,2021,15.07,44.29,23.8,31.91,453.0,2.28,12.36,32.77,15.18,0.95,6.9,2021-05-20 02:00:00
2021-05-21,1,2021,14.36,39.73,24.77,35.5,439.0,2.1,11.04,29.28,14.56,0.967,6.8,2021-05-21 02:00:00
2021-05-22,1,2021,11.72,42.2,25.56,32.24,441.0,2.0,12.32,31.65,14.34,0.909,6.9,2021-05-22 02:00:00
2021-05-23,1,2021,10.0,42.96,25.65,31.39,427.0,1.85,12.21,33.1,12.72,0.932,6.8,2021-05-23 02:00:00
2021-05-24,1,2021,10.37,38.68,25.16,36.16,445.0,2.12,12.59,30.34,14.25,0.926,6.9,2021-05-24 02:00:00
2021-05-25,1,2021,10.1,42.63,23.6,33.77,465.0,2.23,11.44,30.73,13.15,0.954,6.8,2021-05-25 02:00:00
2021-05-26,1,2021,11.58,40.44,23.09,36.47,425.0,1.97,13.41,31.21,13.86,0.932,6.9,2021-05-26 02:00:00
2021-05-27,1,2021,6.35,41.33,24.39,34.28,430.0,2.17,12.56,33.11,13.14,0.963,7.0,2021-05-27 02:00:00
2021-05-28,1,2021,8.89,41.92,23.03,35.05,446.0,2.1,13.17,29.95,13.88,0.943,6.8,2021-05-28 02:00:00
2021-05-29,1,2021,13.84,44.84,23.25,31.91,450.0,2.05,12.18,31.28,13.69,0.906,6.9,2021-05-29 02:00:00
2021-05-30,1,2021,14.2,41.82,22.47,35.71,438.0,2.05,12.16,28.97,14.18,0.896,6.7,2021-05-30 02:00:00
2021-05-31,1,2021,15.72,39.61,21.84,38.55,444.0,2.34,11.7,32.08,14.33,0.886,6.8,2021-05-31 02:00:00
2021-06-01,1,2021,17.27,43.36,24.64,32.0,442.0,2.02,12.45,31.23,12.52,1.018,6.8,2021-06-01 02:00:00
2021-06-02,1,2021,18.75,43.84,25.35,30.81,435.0,2.11,13.14,31.65,13.92,0.927,6.9,2021-06-02 02:00:00
2021-06-03,1,2021,17.01,41.72,24.08,34.2,451.0,2.51,9.08,30.32,13.42,0.895,6.6,2021-06-03 02:00:00
2021-06-04,1,2021,18.01,45.86,24.41,29.73,445.0,2.21,12.04,31.57,14.22,0.876,7.0,2021-06-04 02:00:00
2021-06-05,1,2021,14.86,40.59,26.18,33.23,435.0,2.33,11.85,31.44,12.85,1.038,7.0,2021-06-05 02:00:00
2021-06-06,1,2021,12.78,42.56,26.09,31.35,456.0,2.11,11.96,31.34,13.69,0.951,6.9,2021-06-06 02:00:00
2021-06-07,1,2021,12.52,40.84,26.63,32.53,441.0,2.41,11.76,32.77,13.82,0.843,6.9,2021-06-07 02:00:00
2021-06-08,1,2021,7.4,39.43,26.1,34.47,433.0,2.25,12.03,32.15,15.55,0.939,6.8,2021-06-08 02:00:00
2021-06-09,1,2021,17.2,40.2,22.9,36.9,451.0,2.4,10.43,32.13,14.52,0.977,6.8,2021-06-09 02:00:00
2021-06-10,1,2021,16.76,41.97,23.16,34.87,441.0,2.4,11.31,29.84,13.78,0.866,6.9,2021-06-10 02:00:00
2021-06-11,1,2021,11.92,42.53,24.34,33.13,441.0,2.21,11.68,30.97,13.62,0.972,6.9,2021-06-11 02:00:00
2021-06-12,1,2021,11.38,40.34,24.41,35.25,454.0,2.36,11.78,31.3,13.96,1.036,7.0,2021-06-12 02:00:00
2021-06-13,1,2021,11.83,41.55,24.24,34.21,458.0,2.37,12.73,29.65,14.01,1.02,6.7,2021-06-13 02:00:00
2021-06-14,1,2021,9.96,42.62,22.84,34.54,431.0,2.3,13.39,29.7,12.74,0.917,6.9,2021-06-14 02:00:00
2021-06-15,1,2021,6.95,44.88,25.01,30.11,440.0,2.21,11.82,30.97,14.67,0.973,7.0,2021-06-15 02:00:00
2021-06-16,1,2021,5.67,42.03,24.78,33.19,442.0,2.05,10.76,31.83,15.26,0.941,6.7,2021-06-16 02:00:00
2021-06-17,1,2021,9.48,43.39,24.86,31.75,450.0,2.28,12.02,32.24,14.89,1.001,6.8,2021-06-17 02:00:00
2021-06-18,1,2021,6.48,41.95,24.09,33.96,459.0,2.21,10.46,30.69,14.37,1.042,6.7,2021-06-18 02:00:00
2021-06-19,1,2021,6.21,40.51,22.99,36.5,451.0,2.1,13.3,30.99,13.08,0.932,6.9,2021-06-19 02:00:00
2021-06-20,1,2021,5.0,42.45,28.04,29.51,440.0,2.24,12.61,29.52,14.93,0.933,6.9,2021-06-20 02:00:00
2021-06-21,1,2021,5.0,41.43,24.95,33.62,464.0,2.15,11.46,32.54,15.15,0.927,7.1,2021-06-21 02:00:00
2021-06-22,1,2021,6.01,41.66,23.44,34.9,439.0,2.34,13.03,30.64,12.66,0.976,6.8,2021-06-22 02:00:00
2021-06-23,1,2021,5.0,41.39,23.71,34.9,461.0,2.31,11.14,31.7,15.0,0.932,6.8,2021-06-23 02:00:00
2021-06-24,1,2021,6.08,39.11,23.36,37.53,456.0,2.06,13.51,31.67,14.4,0.954,6.8,2021-06-24 02:00:00
2021-06-25,1,2021,5.77,38.51,23.07,38.42,437.0,2.52,13.35,32.07,12.83,1.01,6.8,2021-06-25 02:00:00
2021-06-26,1,2021,5.38,40.4,26.48,33.12,453.0,2.44,11.95,32.07,13.53,0.896,6.8,2021-06-26 02:00:00
2021-06-27,1,2021,5.52,43.39,22.88,33.73,435.0,2.17,12.25,30.85,14.18,0.957,6.8,2021-06-27 02:00:00
2021-06-28,1,2021,11.26,40.9,24.5,34.6,427.0,2.48,11.48,29.98,13.24,0.976,7.0,2021-06-28 02:00:00
2021-06-29,1,2021,9.4,42.87,22.76,34.37,455.0,2.28,13.32,31.71,13.38,1.052,6.8,2021-06-29 02:00:00
2021-06-30,1,2021,9.48,42.62,24.53,32.85,438.0,2.16,13.2,30.68,13.6,1.035,7.0,2021-06-30 02:00:00
2021-07-01,1,2021,13.3,43.7,21.76,34.54,446.0,2.17,11.75,32.46,14.35,0.939,6.8,2021-07-01 02:00:00
2021-07-02,1,2021,10.81,41.08,21.59,37.33,444.0,2.05,10.31,31.35,14.18,1.053,6.9,2021-07-02 02:00:00
2021-07-03,1,2021,11.1,42.19,24.81,33.0,454.0,2.26,11.42,31.92,13.95,0.914,6.7,2021-07-03 02:00:00
2021-07-04,1,2021,6.3,42.45,20.68,36.87,440.0,2.49,12.79,32.74,15.18,0.938,6.9,2021-07-04 02:00:00
2021-07-05,1,2021,5.18,40.53,24.99,34.48,454.0,2.04,11.65,30.44,12.99,0.913,6.9,2021-07-05 02:00:00
2021-07-06,1,2021,5.0,45.08,23.69,31.23,461.0,2.1,11.36,31.56,13.98,1.079,6.9,2021-07-06 02:00:00
2021-07-07,1,2021,5.0,38.57,22.91,38.52,458.0,1.96,12.92,30.94,14.38,0.957,6.6,2021-07-07 02:00:00
2021-07-08,1,2021,5.0,42.79,23.17,34.04,450.0,2.0,9.29,29.06,12.69,0.973,6.8,2021-07-08 02:00:00
2021-07-09,1,2021,5.48,39.3,23.94,36.76,479.0,2.22,12.63,30.75,14.04,0.926,6.6,2021-07-09 02:00:00
2021-07-10,1,2021,5.0,37.2,24.86,37.94,463.0,2.27,10.77,29.92,13.63,1.036,6.8,2021-07-10 02:00:00
2021-07-11,1,2021,5.09,42.66,25.3,32.04,445.0,1.96,13.51,29.72,14.31,1.058,7.0,2021-07-11 02:00:00
2021-07-12,1,2021,8.92,43.13,23.86,33.01,437.0,2.01,11.6,29.7,14.27,1.059,6.6,2021-07-12 02:00:00
2021-07-13,1,2021,7.78,43.97,23.7,32.33,461.0,2.19,12.52,29.33,14.69,0.984,6.9,2021-07-13 02:00:00
2021-07-14,1,2021,8.98,44.07,24.02,31.91,441.0,2.19,13.08,30.63,11.67,1.07,6.9,2021-07-14 02:00:00
2021-07-15,1,2021,5.01,42.41,23.73,33.86,453.0,2.36,12.18,32.83,14.98,1.014,7.0,2021-07-15 02:00:00
2021-07-16,1,2021,10.06,42.97,22.2,34.83,455.0,2.07,10.82,30.25,14.11,0.88,6.7,2021-07-16 02:00:00
2021-07-17,1,2021,8.76,40.09,22.62,37.29,438.0,2.13,10.26,30.53,13.86,1.006,6.8,2021-07-17 02:00:00
2021-07-18,1,2021,5.08,41.67,24.25,34.08,448.0,2.37,14.76,31.29,14.13,0.969,6.7,2021-07-18 02:00:00
2021-07-19,1,2021,5.0,41.7,23.73,34.57,466.0,2.54,11.82,31.84,14.96,0.997,6.8,2021-07-19 02:00:00
2021-07-20,1,2021,5.41,45.24,24.3,30.46,472.0,2.18,10.22,30.4,13.83,1.042,6.8,2021-07-20 02:00:00
2021-07-21,1,2021,6.9,39.22,24.17,36.61,453.0,2.33,11.41,30.97,14.15,1.072,6.9,2021-07-21 02:00:00
2021-07-22,1,2021,11.74,42.77,24.12,33.11,439.0,2.06,12.7,31.09,13.74,1.059,7.0,2021-07-22 02:00:00
2021-07-23,1,2021,10.2,42.34,24.47,33.19,456.0,2.43,12.85,30.5,15.82,0.912,6.8,2021-07-23 02:00:00
2021-07-24,1,2021,13.27,44.99,25.05,29.96,451.0,2.13,11.89,33.25,15.54,1.003,6.9,2021-07-24 02:00:00
2021-07-25,1,2021,11.94,40.84,22.73,36.43,442.0,2.16,11.48,31.99,14.94,0.948,7.0,2021-07-25 02:00:00
2021-07-26,1,2021,9.56,38.66,22.97,38.37,462.0,2.16,11.79,30.07,14.14,1.059,6.9,2021-07-26 02:00:00
2021-07-27,1,2021,7.64,43.24,23.95,32.81,465.0,1.84,14.25,32.05,14.1,0.975,6.6,2021-07-27 02:00:00
2021-07-28,1,2021,7.5,43.45,22.75,33.8,457.0,2.0,9.76,30.12,14.93,0.975,6.7,2021-07-28 02:00:00
2021-07-29,1,2021,13.61,41.61,23.32,35.07,447.0,2.26,11.69,29.57,16.07,0.958,6.9,2021-07-29 02:00:00
2021-07-30,1,2021,11.01,42.55,21.0,36.45,430.0,2.22,12.09,32.19,13.95,1.058,6.8,2021-07-30 02:00:00
2021-07-31,1,2021,9.53,43.29,22.9,33.81,464.0,2.29,11.34,30.98,13.9,1.054,6.9,2021-07-31 02:00:00
2021-08-01,1,2021,7.81,40.91,22.59,36.5,452.0,2.51,10.81,30.38,13.53,1.008,7.1,2021-08-01 02:00:00
2021-08-02,1,2021,5.0,42.56,25.86,31.58,442.0,2.12,11.94,29.93,13.28,0.985,6.8,2021-08-02 02:00:00
2021-08-03,1,2021,5.58,43.04,23.62,33.34,455.0,2.01,11.1,31.11,14.19,1.063,6.7,2021-08-03 02:00:00
2021-08-04,1,2021,5.0,45.94,25.19,28.87,447.0,2.33,10.51,30.81,14.33,0.992,6.9,2021-08-04 02:00:00
2021-08-05,1,2021,5.0,42.45,23.03,34.52,444.0,2.44,12.58,30.46,13.09,0.964,6.9,2021-08-05 02:00:00
2021-08-06,1,2021,6.46,39.67,26.18,34.15,470.0,2.27,12.47,31.9,15.18,1.007,6.7,2021-08-06 02:00:00
2021-08-07,1,2021,6.76,45.29,23.21,31.5,476.0,2.4,10.61,29.91,14.13,1.042,6.7,2021-08-07 02:00:00
2021-08-08,1,2021,5.0,40.27,26.41,33.32,462.0,2.23,12.29,31.78,15.49,1.032,6.8,2021-08-08 02:00:00
2021-08-09,1,2021,5.85,39.59,22.87,37.54,441.0,2.1,12.76,31.63,14.57,1.033,7.0,2021-08-09 02:00:00
2021-08-10,1,2021,6.46,40.73,22.3,36.97,457.0,2.03,14.16,33.27,13.61,1.002,6.7,2021-08-10 02:00:00
2021-08-11,1,2021,6.68,41.48,22.47,36.05,457.0,2.54,11.5,29.13,13.56,1.089,6.8,2021-08-11 02:00:00
2021-08-12,1,2021,5.46,40.0,26.37,33.63,446.0,2.09,10.98,28.74,13.05,0.984,6.7,2021-08-12 02:00:00
2021-08-13,1,2021,5.0,42.28,22.29,35.43,459.0,2.11,12.42,29.64,14.19,1.054,6.6,2021-08-13 02:00:00
2021-08-14,1,2021,5.27,43.93,21.9,34.17,462.0,2.25,11.32,29.94,14.48,1.127,6.8,2021-08-14 02:00:00
2021-08-15,1,2021,7.77,38.42,25.31,36.27,462.0,2.31,10.71,31.05,14.09,1.035,6.9,2021-08-15 02:00:00
2021-08-16,1,2021,6.36,43.52,21.03,35.45,490.0,1.89,13.01,30.38,14.59,1.028,6.8,2021-08-16 02:00:00
2021-08-17,1,2021,5.0,38.38,23.17,38.45,450.0,2.38,11.4,31.51,14.32,0.983,6.8,2021-08-17 02:00:00
2021-08-18,1,2021,5.18,40.48,26.02,33.5,469.0,2.21,11.52,31.39,13.23,1.021,6.7,2021-08-18 02:00:00
2021-08-19,1,2021,5.66,43.95,24.71,31.34,455.0,2.32,12.54,31.89,15.1,1.002,6.9,2021-08-19 02:00:00
2021-08-20,1,2021,5.0,45.68,24.09,30.23,455.0,2.44,13.38,30.52,14.02,1.027,6.7,2021-08-20 02:00:00
2021-08-21,1,2021,6.37,44.51,22.48,33.01,448.0,2.19,11.74,29.72,13.2,1.07,6.9,2021-08-21 02:00:00
2021-08-22,1,2021,5.0,42.77,23.48,33.75,458.0,2.11,13.56,31.0,15.43,1.021,6.7,2021-08-22 02:00:00
2021-08-23,1,2021,5.39,41.65,25.58,32.77,460.0,2.24,11.4,30.69,13.94,1.102,6.7,2021-08-23 02:00:00
2021-08-24,1,2021,5.62,42.94,22.13,34.93,464.0,2.29,11.86,31.84,12.76,0.998,6.8,2021-08-24 02:00:00
2021-08-25,1,2021,5.45,42.62,25.64,31.74,466.0,2.31,12.26,30.75,14.01,0.94,6.8,2021-08-25 02:00:00
2021-08-26,1,2021,5.14,38.66,23.76,37.58,471.0,2.12,11.74,29.33,15.5,1.029,6.8,2021-08-26 02:00:00
2021-08-27,1,2021,5.0,39.02,23.21,37.77,464.0,2.31,11.75,30.67,15.33,1.0,6.9,2021-08-27 02:00:00
2021-08-28,1,2021,12.92,42.46,26.22,31.32,458.0,2.38,11.47,29.34,13.05,0.973,6.8,2021-08-28 02:00:00
2021-08-29,1,2021,10.15,48.87,23.32,27.81,454.0,2.11,12.49,31.51,15.09,1.0,6.8,2021-08-29 02:00:00
2021-08-30,1,2021,10.18,44.11,23.48,32.41,454.0,2.26,11.97,30.24,14.63,1.061,6.7,2021-08-30 02:00:00
2021-08-31,1,2021,9.44,43.16,23.74,33.1,458.0,2.25,13.99,30.32,14.34,1.028,6.8,2021-08-31 02:00:00
2021-09-01,1,2021,8.85,45.32,25.89,28.79,489.0,2.01,12.19,31.54,15.6,1.071,6.7,2021-09-01 02:00:00
2021-09-02,1,2021,7.6,42.53,22.85,34.62,461.0,2.55,11.42,31.02,13.84,1.04,6.6,2021-09-02 02:00:00
2021-09-03,1,2021,5.74,40.86,24.92,34.22,446.0,2.11,11.72,31.46,12.6,0.995,6.6,2021-09-03 02:00:00
2021-09-04,1,2021,9.5,43.19,24.43,32.38,453.0,2.37,13.91,30.55,13.63,1.108,7.0,2021-09-04 02:00:00
2021-09-05,1,2021,12.21,42.63,24.31,33.06,441.0,2.29,13.38,31.54,12.09,1.059,7.0,2021-09-05 02:00:00
2021-09-06,1,2021,8.37,41.66,23.56,34.78,479.0,2.07,13.78,30.13,14.57,1.011,6.6,2021-09-06 02:00:00
2021-09-07,1,2021,8.66,43.87,21.72,34.41,469.0,2.18,10.67,30.89,15.25,0.991,6.6,2021-09-07 02:00:00
2021-09-08,1,2021,7.65,40.68,24.51,34.81,457.0,2.34,13.45,30.25,13.77,1.016,6.9,2021-09-08 02:00:00
2021-09-09,1,2021,6.14,40.82,23.42,35.76,480.0,2.5,10.06,31.92,13.44,0.966,6.9,2021-09-09 02:00:00
2021-09-10,1,2021,5.0,45.85,25.42,28.73,463.0,2.23,10.01,30.84,13.58,1.108,6.8,2021-09-10 02:00:00
2021-09-11,1,2021,5.0,42.58,22.04,35.38,457.0,2.29,14.28,31.79,14.87,0.975,6.9,2021-09-11 02:00:00
2021-09-12,1,2021,5.0,41.56,23.24,35.2,461.0,2.07,11.76,32.32,14.26,0.968,6.7,2021-09-12 02:00:00
2021-09-13,1,2021,5.0,40.61,26.54,32.85,464.0,2.41,10.37,30.59,14.4,1.017,6.7,2021-09-13 02:00:00
2021-09-14,1,2021,5.0,42.56,25.23,32.21,470.0,2.41,10.61,31.3,14.84,1.025,6.8,2021-09-14 02:00:00
2021-09-15,1,2021,5.0,41.42,23.93,34.65,455.0,2.11,10.56,31.13,13.68,1.143,6.8,2021-09-15 02:00:00
2021-09-16,1,2021,12.13,40.3,24.98,34.72,462.0,2.25,12.13,29.31,14.31,1.057,6.8,2021-09-16 02:00:00
2021-09-17,1,2021,9.59,42.34,24.65,33.01,467.0,2.04,12.67,31.82,15.26,0.963,6.7,2021-09-17 02:00:00
2021-09-18,1,2021,7.36,40.85,24.46,34.69,469.0,2.52,11.79,31.47,14.15,1.005,6.6,2021-09-18 02:00:00
2021-09-19,1,2021,15.86,44.78,25.22,30.0,468.0,2.52,12.25,31.73,15.46,1.032,6.8,2021-09-19 02:00:00
2021-09-20,1,2021,18.33,42.06,22.87,35.07,452.0,2.22,11.34,30.44,14.02,0.975,6.8,2021-09-20 02:00:00
2021-09-21,1,2021,17.65,41.46,27.51,31.03,467.0,2.2,11.19,30.98,13.76,0.988,6.8,2021-09-21 02:00:00
2021-09-22,1,2021,16.9,45.04,23.57,31.39,440.0,2.27,12.99,31.3,12.62,1.037,6.8,2021-09-22 02:00:00
2021-09-23,1,2021,18.53,44.46,27.86,27.68,478.0,2.31,14.25,30.94,13.95,1.101,6.9,2021-09-23 02:00:00
2021-09-24,1,2021,17.15,40.75,23.67,35.58,473.0,1.9,11.95,32.52,14.07,1.008,6.9,2021-09-24 02:00:00
2021-09-25,1,2021,13.81,44.12,21.82,34.06,469.0,2.37,11.84,31.5,13.13,0.945,7.0,2021-09-25 02:00:00
2021-09-26,1,2021,11.39,39.57,22.9,37.53,458.0,2.28,13.25,32.83,15.56,1.123,6.9,2021-09-26 02:00:00
2021-09-27,1,2021,9.26,42.19,21.93,35.88,465.0,2.3,12.21,31.01,15.18,0.994,6.7,2021-09-27 02:00:00
2021-09-28,1,2021,6.57,43.19,23.12,33.69,473.0,2.19,11.14,33.57,13.06,1.012,6.9,2021-09-28 02:00:00
2021-09-29,1,2021,5.0,40.01,25.63,34.36,461.0,2.32,12.55,31.94,13.32,1.089,6.7,2021-09-29 02:00:00
2021-09-30,1,2021,5.6,40.69,23.43,35.88,447.0,2.23,9.91,30.07,13.56,1.037,6.7,2021-09-30 02:00:00
2021-10-01,1,2021,5.0,44.24,25.12,30.64,471.0,2.09,12.27,30.75,15.13,1.048,6.6,2021-10-01 02:00:00
2021-10-02,1,2021,5.0,44.65,24.97,30.38,481.0,2.29,12.76,30.64,15.42,1.081,6.8,2021-10-02 02:00:00
2021-10-03,1,2021,5.38,41.6,26.76,31.64,447.0,2.26,12.9,31.91,12.9,1.124,7.0,2021-10-03 02:00:00
2021-10-04,1,2021,5.0,39.65,24.79,35.56,460.0,2.05,9.77,32.41,13.81,1.052,6.8,2021-10-04 02:00:00
2021-10-05,1,2021,5.0,42.45,23.74,33.81,490.0,2.18,12.24,29.63,14.54,1.057,6.8,2021-10-05 02:00:00
2021-10-06,1,2021,5.43,41.22,24.74,34.04,466.0,2.28,12.45,30.58,12.62,1.04,6.7,2021-10-06 02:00:00
2021-10-07,1,2021,5.0,44.25,24.34,31.41,489.0,2.36,13.08,32.74,13.34,1.083,6.8,2021-10-07 02:00:00
2021-10-08,1,2021,6.15,41.32,24.64,34.04,470.0,2.18,10.28,31.69,13.98,1.139,6.8,2021-10-08 02:00:00
2021-10-09,1,2021,7.81,43.36,23.81,32.83,470.0,2.26,10.95,30.79,15.04,0.975,6.8,2021-10-09 02:00:00
2021-10-10,1,2021,5.0,42.64,24.69,32.67,450.0,2.18,11.21,29.42,15.26,1.034,6.7,2021-10-10 02:00:00
2021-10-11,1,2021,5.0,42.13,23.1,34.77,465.0,2.05,11.98,30.21,13.48,1.071,6.7,2021-10-11 02:00:00
2021-10-12,1,2021,5.33,41.96,24.84,33.2,470.0,2.1,10.11,30.39,15.27,1.026,6.8,2021-10-12 02:00:00
2021-10-13,1,2021,5.0,39.67,23.64,36.69,461.0,2.41,13.5,32.89,14.48,1.059,6.8,2021-10-13 02:00:00
2021-10-14,1,2021,5.0,41.18,25.48,33.34,458.0,2.14,12.14,30.93,15.31,1.054,6.9,2021-10-14 02:00:00
2021-10-15,1,2021,6.49,41.22,22.61,36.17,475.0,2.43,15.2,32.61,14.61,1.096,6.8,2021-10-15 02:00:00
2021-10-16,1,2021,16.21,40.43,26.38,33.19,470.0,2.03,12.21,32.3,15.11,1.097,6.7,2021-10-16 02:00:00
2021-10-17,1,2021,10.62,43.2,23.82,32.98,479.0,2.24,10.26,31.81,12.94,1.075,6.7,2021-10-17 02:00:00
2021-10-18,1,2021,9.27,40.92,25.39,33.69,464.0,2.36,13.36,31.56,13.3,1.01,6.8,2021-10-18 02:00:00
2021-10-19,1,2021,5.0,41.76,25.93,32.31,463.0,2.27,12.86,31.51,12.55,1.065,6.7,2021-10-19 02:00:00
2021-10-20,1,2021,7.97,39.68,23.22,37.1,481.0,2.45,10.67,31.73,14.26,1.026,6.7,2021-10-20 02:00:00
2021-10-21,1,2021,7.31,37.2,26.1,36.7,469.0,2.15,11.51,31.53,14.29,1.133,6.8,2021-10-21 02:00:00
2021-10-22,1,2021,5.95,42.6,25.22,32.18,466.0,2.21,11.29,30.71,12.93,1.095,6.8,2021-10-22 02:00:00
2021-10-23,1,2021,5.0,43.1,22.9,34.0,466.0,2.22,13.4,32.67,14.43,1.162,6.7,2021-10-23 02:00:00
2021-10-24,1,2021,7.09,41.4,23.73,34.87,459.0,2.22,13.05,30.36,13.57,1.045,6.7,2021-10-24 02:00:00
2021-10-25,1,2021,6.35,39.72,22.55,37.73,459.0,2.16,15.08,32.08,12.82,1.1,6.8,2021-10-25 02:00:00
2021-10-26,1,2021,8.98,41.99,25.1,32.91,467.0,2.4,12.01,31.74,14.43,1.112,6.7,2021-10-26 02:00:00
2021-10-27,1,2021,5.0,42.85,23.79,33.36,481.0,2.52,12.21,29.82,14.1,0.997,6.7,2021-10-27 02:00:00
2021-10-28,1,2021,5.0,40.23,25.91,33.86,488.0,2.29,13.18,30.52,13.79,1.145,6.7,2021-10-28 02:00:00
2021-10-29,1,2021,5.0,40.86,24.77,34.37,455.0,2.29,10.04,31.62,15.34,1.126,6.8,2021-10-29 02:00:00
2021-10-30,1,2021,7.68,41.93,22.81,35.26,456.0,2.34,12.56,32.85,13.12,1.08,6.7,2021-10-30 02:00:00
2021-10-31,1,2021,6.02,43.38,22.34,34.28,458.0,2.2,11.02,32.05,14.28,1.079,6.8,2021-10-31 02:00:00
2021-11-01,1,2021,5.22,42.18,25.27,32.55,479.0,2.14,13.39,31.07,14.46,1.167,6.8,2021-11-01 02:00:00
2021-11-02,1,2021,5.0,39.15,23.86,36.99,463.0,2.5,12.72,32.03,14.25,1.142,6.7,2021-11-02 02:00:00
2021-11-03,1,2021,5.89,40.95,23.49,35.56,484.0,2.17,12.78,31.23,14.09,1.143,6.8,2021-11-03 02:00:00
2021-11-04,1,2021,9.94,40.2,22.24,37.56,455.0,2.29,11.52,31.14,14.1,1.073,6.8,2021-11-04 02:00:00
2021-11-05,1,2021,12.59,43.22,25.99,30.79,475.0,2.01,11.8,30.75,13.03,1.084,6.9,2021-11-05 02:00:00
2021-11-06,1,2021,10.59,47.39,25.37,27.24,466.0,2.16,13.26,30.79,12.25,1.103,6.9,2021-11-06 02:00:00
2021-11-07,1,2021,5.0,38.71,23.25,38.04,453.0,2.43,13.07,31.65,14.99,1.229,6.7,2021-11-07 02:00:00
2021-11-08,1,2021,5.93,43.2,22.81,33.99,462.0,2.38,12.12,33.15,14.92,1.135,6.9,2021-11-08 02:00:00
2021-11-09,1,2021,5.0,45.9,22.39,31.71,466.0,2.27,11.16,30.88,13.76,1.014,6.8,2021-11-09 02:00:00
2021-11-10,1,2021,5.0,43.37,25.24,31.39,474.0,2.33,11.27,31.38,13.57,1.027,6.7,2021-11-10 02:00:00
2021-11-11,1,2021,6.19,38.48,24.05,37.47,438.0,2.55,11.63,30.08,12.65,1.044,6.7,2021-11-11 02:00:00
2021-11-12,1,2021,5.54,41.69,22.73,35.58,481.0,2.48,9.86,30.78,13.05,1.052,6.7,2021-11-12 02:00:00
2021-11-13,1,2021,5.0,44.98,22.36,32.66,463.0,2.32,10.45,30.17,12.9,1.067,6.9,2021-11-13 02:00:00
2021-11-14,1,2021,6.49,42.32,23.37,34.31,482.0,2.15,11.57,30.68,13.19,1.119,6.7,2021-11-14 02:00:00
2021-11-15,1,2021,5.77,43.83,24.07,32.1,454.0,2.08,12.93,28.9,14.65,1.12,6.8,2021-11-15 02:00:00
2021-11-16,1,2021,5.0,39.92,22.89,37.19,484.0,2.48,13.37,31.58,13.95,1.016,6.8,2021-11-16 02:00:00
2021-11-17,1,2021,5.14,40.9,23.75,35.35,481.0,1.85,10.77,31.43,13.56,1.188,7.0,2021-11-17 02:00:00
2021-11-18,1,2021,5.0,41.24,24.53,34.23,465.0,2.44,13.27,32.16,14.38,1.031,6.8,2021-11-18 02:00:00
2021-11-19,1,2021,5.0,37.51,23.18,39.31,473.0,2.18,13.05,30.79,15.07,1.038,6.8,2021-11-19 02:00:00
2021-11-20,1,2021,5.0,39.91,25.56,34.53,461.0,1.99,11.56,28.91,14.35,1.114,7.0,2021-11-20 02:00:00
2021-11-21,1,2021,5.0,41.71,20.87,37.42,459.0,2.16,12.39,31.91,13.61,1.069,6.7,2021-11-21 02:00:00
2021-11-22,1,2021,6.86,45.98,25.81,28.21,473.0,1.93,11.89,31.0,14.42,1.154,6.8,2021-11-22 02:00:00
2021-11-23,1,2021,5.0,45.14,22.44,32.42,481.0,2.26,12.69,31.39,13.83,1.08,6.8,2021-11-23 02:00:00
2021-11-24,1,2021,6.05,42.96,25.73,31.31,491.0,2.08,10.7,31.42,12.91,1.049,6.6,2021-11-24 02:00:00
2021-11-25,1,2021,5.2,41.41,26.73,31.86,482.0,2.1,12.56,32.5,14.28,1.119,6.8,2021-11-25 02:00:00
2021-11-26,1,2021,5.0,43.33,22.76,33.91,488.0,2.01,11.74,31.08,14.63,1.036,6.9,2021-11-26 02:00:00
2021-11-27,1,2021,6.42,41.2,23.99,34.81,464.0,2.06,13.88,31.35,13.25,1.163,6.7,2021-11-27 02:00:00
2021-11-28,1,2021,5.0,45.4,23.23,31.37,478.0,2.27,13.92,30.87,13.72,1.169,6.7,2021-11-28 02:00:00
2021-11-29,1,2021,5.0,40.46,25.41,34.13,477.0,2.24,11.44,29.81,13.33,1.058,6.6,2021-11-29 02:00:00
2021-11-30,1,2021,6.83,43.87,26.68,29.45,475.0,2.3,12.1,30.21,15.18,1.125,6.6,2021-11-30 02:00:00
2021-12-01,1,2021,5.0,42.63,23.73,33.64,471.0,2.39,11.0,30.34,14.0,1.156,6.6,2021-12-01 02:00:00
2021-12-02,1,2021,5.0,43.57,23.38,33.05,480.0,2.18,10.52,31.85,14.88,1.152,6.8,2021-12-02 02:00:00
2021-12-03,1,2021,5.0,41.77,25.18,33.05,474.0,2.6,12.63,31.54,14.19,1.141,6.7,2021-12-03 02:00:00
2021-12-04,1,2021,5.0,43.76,23.85,32.39,481.0,2.2,12.08,31.22,14.37,1.137,6.6,2021-12-04 02:00:00
2021-12-05,1,2021,5.68,43.48,25.43,31.09,479.0,2.24,11.26,29.35,14.17,1.137,6.9,2021-12-05 02:00:00
2021-12-06,1,2021,7.15,43.63,25.21,31.16,472.0,2.11,13.31,31.61,13.26,1.143,6.8,2021-12-06 02:00:00
2021-12-07,1,2021,8.35,44.38,24.51,31.11,483.0,2.32,10.45,30.19,13.75,1.149,6.6,2021-12-07 02:00:00
2021-12-08,1,2021,5.0,40.9,24.5,34.6,476.0,2.15,12.0,31.57,14.41,1.209,6.8,2021-12-08 02:00:00
2021-12-09,1,2021,5.0,44.85,22.35,32.8,475.0,2.19,11.29,31.9,13.4,1.146,6.7,2021-12-09 02:00:00
2021-12-10,1,2021,6.65,48.24,21.43,30.33,476.0,2.13,10.64,30.03,15.08,1.108,6.9,2021-12-10 02:00:00
2021-12-11,1,2021,6.92,42.09,24.55,33.36,487.0,1.88,14.2,31.79,13.83,1.228,6.6,2021-12-11 02:00:00
2021-12-12,1,2021,5.0,41.61,23.91,34.48,498.0,2.29,10.64,32.49,13.33,1.111,6.7,2021-12-12 02:00:00
2021-12-13,1,2021,5.55,39.11,22.89,38.0,473.0,1.92,11.07,31.35,13.86,1.146,6.7,2021-12-13 02:00:00
2021-12-14,1,2021,6.75,40.77,26.32,32.91,472.0,2.25,10.84,31.55,15.84,1.208,6.7,2021-12-14 02:00:00
2021-12-15,1,2021,5.0,41.21,23.85,34.94,475.0,2.17,10.99,31.26,13.16,1.084,6.8,2021-12-15 02:00:00
2021-12-16,1,2021,5.12,39.6,24.29,36.11,484.0,2.26,12.86,31.44,13.58,1.14,6.6,2021-12-16 02:00:00
2021-12-17,1,2021,5.0,41.04,25.06,33.9,468.0,2.26,11.75,30.85,14.34,1.128,6.6,2021-12-17 02:00:00
2021-12-18,1,2021,5.0,40.64,25.65,33.71,474.0,2.39,11.88,30.43,15.07,1.125,6.9,2021-12-18 02:00:00
2021-12-19,1,2021,5.0,42.99,23.99,33.02,480.0,2.34,12.25,30.94,14.32,1.127,6.8,2021-12-19 02:00:00
2021-12-20,1,2021,8.52,41.8,23.08,35.12,475.0,2.28,11.69,30.7,14.09,1.114,6.7,2021-12-20 02:00:00
2021-12-21,1,2021,6.72,43.43,25.43,31.14,492.0,2.1,11.28,32.41,15.15,1.149,6.7,2021-12-21 02:00:00
2021-12-22,1,2021,5.48,38.44,22.26,39.3,473.0,2.19,11.28,30.32,13.62,1.053,6.7,2021-12-22 02:00:00
2021-12-23,1,2021,6.21,40.74,25.17,34.09,483.0,2.4,12.54,31.13,13.25,1.053,6.7,2021-12-23 02:00:00
2021-12-24,1,2021,6.76,43.08,24.25,32.67,490.0,2.13,11.82,31.18,13.11,1.116,6.7,2021-12-24 02:00:00
2021-12-25,1,2021,5.0,38.7,24.09,37.21,476.0,2.29,12.38,31.04,12.3,1.187,6.8,2021-12-25 02:00:00
2021-12-26,1,2021,6.08,37.62,23.93,38.45,479.0,2.26,13.62,30.59,14.71,1.239,6.8,2021-12-26 02:00:00
2021-12-27,1,2021,5.02,42.12,23.53,34.35,477.0,2.05,11.4,32.33,14.56,1.132,6.6,2021-12-27 02:00:00
2021-12-28,1,2021,5.0,41.76,23.21,35.03,495.0,2.25,11.57,30.98,13.52,1.191,6.6,2021-12-28 02:00:00
2021-12-29,1,2021,6.28,46.28,27.03,26.69,474.0,2.26,10.94,32.4,14.9,1.15,6.7,2021-12-29 02:00:00
2021-12-30,1,2021,5.36,40.79,24.04,35.17,485.0,2.24,11.61,30.94,14.87,1.161,6.7,2021-12-30 02:00:00
2021-12-31,1,2021,6.28,43.41,21.63,34.96,484.0,2.38,11.29,29.76,13.62,1.136,6.6,2021-12-31 02:00:00
2022-01-01,1,2022,32.46,42.38,22.35,35.27,417.0,2.34,11.39,31.7,15.48,0.823,7.1,2022-01-01 02:00:00
2022-01-02,1,2022,33.05,39.4,28.67,31.93,432.0,2.27,10.8,31.33,14.19,0.807,7.0,2022-01-02 02:00:00
2022-01-03,1,2022,31.52,41.6,24.7,33.7,421.0,2.34,11.48,31.85,13.42,0.749,7.2,2022-01-03 02:00:00
2022-01-04,1,2022,31.06,41.7,25.02,33.28,426.0,2.24,11.85,28.32,13.78,0.777,7.0,2022-01-04 02:00:00
2022-01-05,1,2022,30.56,39.52,24.81,35.67,414.0,2.21,11.6,29.88,13.48,0.884,7.0,2022-01-05 02:00:00
2022-01-06,1,2022,33.08,41.95,25.1,32.95,422.0,2.12,12.18,29.4,13.78,0.812,6.9,2022-01-06 02:00:00
2022-01-07,1,2022,34.78,40.96,23.84,35.2,434.0,2.15,10.98,31.13,13.98,0.81,6.9,2022-01-07 02:00:00
2022-01-08,1,2022,30.12,44.26,25.94,29.8,432.0,1.94,14.09,31.67,15.1,0.759,6.9,2022-01-08 02:00:00
2022-01-09,1,2022,31.27,40.78,25.75,33.47,441.0,2.29,10.26,30.66,14.11,0.834,6.6,2022-01-09 02:00:00
2022-01-10,1,2022,30.7,39.83,24.42,35.75,424.0,1.82,12.21,30.54,13.98,0.748,7.1,2022-01-10 02:00:00
2022-01-11,1,2022,31.17,37.6,22.92,39.48,426.0,2.29,12.87,29.78,13.06,0.757,6.9,2022-01-11 02:00:00
2022-01-12,1,2022,29.85,42.81,25.17,32.02,408.0,2.35,12.49,31.89,13.57,0.782,7.2,2022-01-12 02:00:00
2022-01-13,1,2022,26.7,43.29,21.65,35.06,431.0,1.83,12.99,30.26,14.35,0.8,7.0,2022-01-13 02:00:00
2022-01-14,1,2022,26.93,42.92,22.08,35.0,408.0,2.13,10.56,30.5,13.12,0.813,7.0,2022-01-14 02:00:00
2022-01-15,1,2022,31.1,40.71,23.38,35.91,423.0,2.02,11.47,31.66,14.55,0.745,7.1,2022-01-15 02:00:00
2022-01-16,1,2022,29.07,42.37,21.84,35.79,410.0,2.31,11.29,31.83,13.53,0.855,7.2,2022-01-16 02:00:00
2022-01-17,1,2022,27.83,44.25,25.74,30.01,435.0,2.1,10.77,30.82,13.58,0.77,7.1,2022-01-17 02:00:00
2022-01-18,1,2022,27.08,39.58,24.14,36.28,441.0,2.19,10.94,30.06,13.84,0.82,7.0,2022-01-18 02:00:00
2022-01-19,1,2022,22.4,42.65,26.03,31.32,423.0,2.24,11.38,32.59,13.34,0.898,7.0,2022-01-19 02:00:00
2022-01-20,1,2022,22.25,45.15,22.06,32.79,418.0,2.02,13.52,31.63,14.11,0.752,6.9,2022-01-20 02:00:00
2022-01-21,1,2022,23.87,43.9,24.35,31.75,418.0,2.11,13.26,30.39,14.42,0.787,6.9,2022-01-21 02:00:00
2022-01-22,1,2022,27.33,42.4,25.11,32.49,419.0,2.12,12.83,29.68,12.56,0.82,6.9,2022-01-22 02:00:00
2022-01-23,1,2022,29.03,46.1,22.8,31.1,430.0,2.3,12.66,30.53,12.69,0.852,6.9,2022-01-23 02:00:00
2022-01-24,1,2022,24.22,39.03,25.24,35.73,431.0,2.3,11.97,31.61,13.72,0.837,7.1,2022-01-24 02:00:00
2022-01-25,1,2022,23.37,43.9,24.34,31.76,410.0,2.18,14.01,29.12,12.68,0.871,6.9,2022-01-25 02:00:00
2022-01-26,1,2022,24.6,43.99,24.49,31.52,433.0,2.03,11.49,31.35,15.05,0.851,7.0,2022-01-26 02:00:00
2022-01-27,1,2022,25.76,42.24,23.54,34.22,413.0,2.25,11.75,31.38,13.11,0.825,7.0,2022-01-27 02:00:00
2022-01-28,1,2022,19.86,38.25,21.65,40.1,416.0,2.07,11.49,31.39,14.16,0.852,7.0,2022-01-28 02:00:00
2022-01-29,1,2022,27.68,44.91,24.84,30.25,418.0,2.15,11.2,31.07,14.71,0.835,6.9,2022-01-29 02:00:00
2022-01-30,1,2022,27.86,41.47,23.01,35.52,425.0,1.92,13.15,31.1,14.49,0.895,7.0,2022-01-30 02:00:00
2022-01-31,1,2022,27.04,39.87,23.18,36.95,437.0,2.49,12.62,31.16,14.38,0.809,7.1,2022-01-31 02:00:00
2022-02-01,1,2022,26.65,45.61,23.48,30.91,412.0,2.28,12.47,29.97,13.18,0.693,6.9,2022-02-01 02:00:00
2022-02-02,1,2022,28.4,43.49,24.39,32.12,427.0,2.16,11.51,31.31,14.19,0.917,7.0,2022-02-02 02:00:00
2022-02-03,1,2022,26.37,41.32,23.48,35.2,423.0,2.23,13.08,32.09,11.36,0.753,7.0,2022-02-03 02:00:00
2022-02-04,1,2022,22.66,41.89,25.62,32.49,430.0,2.15,11.04,31.23,13.24,0.845,7.0,2022-02-04 02:00:00
2022-02-05,1,2022,22.77,39.81,26.43,33.76,431.0,2.44,12.31,32.02,13.07,0.852,6.9,2022-02-05 02:00:00
2022-02-06,1,2022,19.19,42.8,23.02,34.18,422.0,2.22,12.01,30.02,14.48,0.851,7.0,2022-02-06 02:00:00
2022-02-07,1,2022,17.4,44.82,23.65,31.53,421.0,2.21,11.55,31.06,14.28,0.924,6.9,2022-02-07 02:00:00
2022-02-08,1,2022,16.41,39.94,24.08,35.98,424.0,2.23,11.63,28.31,14.76,0.8,6.9,2022-02-08 02:00:00
2022-02-09,1,2022,15.14,40.45,24.4,35.15,417.0,2.22,12.62,30.46,13.53,0.831,6.9,2022-02-09 02:00:00
2022-02-10,1,2022,12.31,41.73,26.67,31.6,439.0,2.3,8.85,31.89,14.08,0.858,7.2,2022-02-10 02:00:00
2022-02-11,1,2022,16.37,41.3,23.46,35.24,437.0,2.18,12.4,30.33,14.19,0.884,6.9,2022-02-11 02:00:00
2022-02-12,1,2022,15.16,41.38,22.26,36.36,435.0,2.39,14.28,29.37,13.84,0.888,6.9,2022-02-12 02:00:00
2022-02-13,1,2022,11.87,42.67,25.71,31.62,438.0,2.46,10.86,30.92,13.95,0.747,7.0,2022-02-13 02:00:00
2022-02-14,1,2022,11.23,40.23,24.43,35.34,441.0,2.16,12.03,32.03,13.15,0.74,7.0,2022-02-14 02:00:00
2022-02-15,1,2022,9.38,43.49,21.91,34.6,422.0,2.26,11.59,32.32,13.68,0.85,6.7,2022-02-15 02:00:00
2022-02-16,1,2022,8.94,44.07,22.88,33.05,434.0,2.39,10.65,31.87,12.8,0.818,7.0,2022-02-16 02:00:00
2022-02-17,1,2022,9.96,42.63,22.25,35.12,417.0,1.96,12.31,32.66,14.69,0.875,6.9,2022-02-17 02:00:00
2022-02-18,1,2022,7.22,40.59,21.51,37.9,439.0,2.24,12.39,31.96,14.04,0.891,6.9,2022-02-18 02:00:00
2022-02-19,1,2022,6.94,39.16,23.04,37.8,437.0,2.12,12.48,29.28,14.38,0.842,6.9,2022-02-19 02:00:00
2022-02-20,1,2022,5.45,41.69,24.49,33.82,425.0,2.58,11.93,29.59,13.75,0.861,7.2,2022-02-20 02:00:00
2022-02-21,1,2022,5.0,40.42,23.27,36.31,441.0,2.33,11.64,29.85,14.11,0.794,7.0,2022-02-21 02:00:00
2022-02-22,1,2022,5.0,42.85,24.09,33.06,424.0,2.11,12.65,31.98,13.17,0.858,7.1,2022-02-22 02:00:00
2022-02-23,1,2022,6.78,41.48,23.8,34.72,425.0,1.99,13.43,29.38,14.78,0.8,7.2,2022-02-23 02:00:00
2022-02-24,1,2022,10.0,38.71,29.24,32.05,419.0,2.29,12.8,31.34,13.11,0.844,7.1,2022-02-24 02:00:00
2022-02-25,1,2022,9.53,42.02,24.4,33.58,425.0,2.13,13.1,31.24,14.44,0.842,6.9,2022-02-25 02:00:00
2022-02-26,1,2022,5.65,43.25,27.24,29.51,444.0,2.13,13.32,29.7,14.25,0.918,7.2,2022-02-26 02:00:00
2022-02-27,1,2022,6.51,43.46,22.77,33.77,416.0,2.18,13.59,32.4,13.56,0.962,6.7,2022-02-27 02:00:00
2022-02-28,1,2022,10.69,42.7,26.1,31.2,435.0,2.44,12.62,28.19,14.2,0.92,6.9,2022-02-28 02:00:00
2022-03-01,1,2022,10.26,41.99,23.94,34.07,412.0,2.11,11.19,30.99,13.29,0.802,7.0,2022-03-01 02:00:00
2022-03-02,1,2022,11.03,40.72,22.64,36.64,424.0,2.23,11.78,31.14,14.28,0.802,6.9,2022-03-02 02:00:00
2022-03-03,1,2022,8.05,39.31,20.61,40.08,427.0,2.18,9.71,32.15,13.62,0.778,7.0,2022-03-03 02:00:00
2022-03-04,1,2022,8.69,40.95,24.02,35.03,435.0,2.09,10.21,30.18,14.12,0.734,6.8,2022-03-04 02:00:00
2022-03-05,1,2022,7.8,40.45,21.53,38.02,424.0,2.14,9.9,31.86,15.57,0.831,6.9,2022-03-05 02:00:00
2022-03-06,1,2022,5.41,43.26,21.85,34.89,452.0,2.35,12.25,31.09,14.31,0.811,7.0,2022-03-06 02:00:00
2022-03-07,1,2022,5.65,42.47,24.4,33.13,423.0,1.93,12.03,31.97,14.2,0.907,6.9,2022-03-07 02:00:00
2022-03-08,1,2022,5.43,44.51,22.15,33.34,428.0,2.23,11.84,29.42,13.84,0.925,7.0,2022-03-08 02:00:00
2022-03-09,1,2022,5.0,44.87,25.0,30.13,409.0,2.44,11.76,31.01,14.54,0.845,7.1,2022-03-09 02:00:00
2022-03-10,1,2022,5.0,43.23,22.47,34.3,426.0,2.23,12.77,31.08,14.71,0.839,7.0,2022-03-10 02:00:00
2022-03-11,1,2022,6.24,40.59,24.97,34.44,422.0,2.15,11.25,29.25,14.67,0.854,7.1,2022-03-11 02:00:00
2022-03-12,1,2022,6.77,40.8,23.15,36.05,431.0,2.33,9.54,31.54,13.67,0.859,6.9,2022-03-12 02:00:00
2022-03-13,1,2022,5.13,42.61,24.32,33.07,436.0,2.35,11.0,31.56,12.76,0.995,6.8,2022-03-13 02:00:00
2022-03-14,1,2022,5.1,41.09,23.01,35.9,426.0,2.08,11.59,30.25,13.5,0.897,6.9,2022-03-14 02:00:00
2022-03-15,1,2022,5.41,39.0,23.76,37.24,422.0,2.01,12.15,29.83,13.7,0.866,6.8,2022-03-15 02:00:00
2022-03-16,1,2022,7.09,39.98,22.84,37.18,434.0,2.12,12.01,30.66,14.18,0.877,6.9,2022-03-16 02:00:00
2022-03-17,1,2022,12.09,39.35,23.84,36.81,451.0,2.31,12.89,30.98,13.86,0.824,6.9,2022-03-17 02:00:00
2022-03-18,1,2022,9.86,41.93,24.16,33.91,417.0,2.14,11.97,31.44,14.48,0.833,7.0,2022-03-18 02:00:00
2022-03-19,1,2022,13.3,41.36,23.99,34.65,436.0,2.25,12.27,29.3,14.33,0.871,7.0,2022-03-19 02:00:00
2022-03-20,1,2022,11.74,45.3,26.44,28.26,437.0,2.22,11.17,31.57,13.47,0.99,6.8,2022-03-20 02:00:00
2022-03-21,1,2022,9.05,44.47,23.13,32.4,421.0,2.55,11.06,30.72,13.8,0.937,7.0,2022-03-21 02:00:00
2022-03-22,1,2022,8.16,41.69,23.21,35.1,414.0,2.03,11.09,29.78,14.34,0.875,6.9,2022-03-22 02:00:00
2022-03-23,1,2022,5.0,42.22,22.37,35.41,434.0,2.1,13.3,32.65,13.84,0.855,7.0,2022-03-23 02:00:00
2022-03-24,1,2022,5.37,43.34,25.42,31.24,426.0,1.97,14.3,30.49,14.82,0.945,6.8,2022-03-24 02:00:00
2022-03-25,1,2022,5.0,39.58,23.06,37.36,437.0,2.13,14.5,31.26,13.9,0.761,7.1,2022-03-25 02:00:00
2022-03-26,1,2022,5.0,42.39,24.05,33.56,455.0,2.17,12.29,31.22,13.96,0.902,6.7,2022-03-26 02:00:00
2022-03-27,1,2022,5.0,39.35,24.35,36.3,436.0,2.23,11.52,29.56,13.12,0.869,6.9,2022-03-27 02:00:00
2022-03-28,1,2022,5.0,40.8,23.78,35.42,444.0,2.1,11.01,30.86,14.99,0.859,6.9,2022-03-28 02:00:00
2022-03-29,1,2022,5.43,42.17,23.54,34.29,434.0,2.0,11.72,32.9,14.28,0.877,6.8,2022-03-29 02:00:00
2022-03-30,1,2022,5.41,39.02,25.25,35.73,420.0,2.26,11.97,30.12,13.47,0.853,7.0,2022-03-30 02:00:00
2022-03-31,1,2022,7.62,42.12,25.1,32.78,441.0,2.5,13.72,30.12,14.96,0.904,6.8,2022-03-31 02:00:00
2022-04-01,1,2022,6.16,42.12,26.01,31.87,433.0,2.16,11.38,31.03,14.27,0.918,7.0,2022-04-01 02:00:00
2022-04-02,1,2022,13.98,39.46,23.86,36.68,434.0,2.37,12.95,31.28,13.15,0.84,6.9,2022-04-02 02:00:00
2022-04-03,1,2022,14.37,40.5,24.25,35.25,435.0,2.34,11.86,30.76,13.26,0.889,6.9,2022-04-03 02:00:00
2022-04-04,1,2022,12.73,40.91,24.18,34.91,443.0,2.4,13.03,31.3,14.43,0.902,6.8,2022-04-04 02:00:00
2022-04-05,1,2022,20.56,41.17,22.93,35.9,428.0,1.99,10.47,31.57,14.8,0.935,6.9,2022-04-05 02:00:00
2022-04-06,1,2022,19.92,41.12,22.85,36.03,438.0,2.24,12.78,31.32,13.84,0.917,6.9,2022-04-06 02:00:00
2022-04-07,1,2022,17.39,42.24,23.77,33.99,439.0,2.38,12.43,30.35,13.42,0.836,6.6,2022-04-07 02:00:00
2022-04-08,1,2022,18.12,42.75,24.01,33.24,434.0,2.19,13.08,29.84,14.05,0.899,6.8,2022-04-08 02:00:00
2022-04-09,1,2022,18.77,39.41,23.19,37.4,436.0,2.04,11.03,29.8,14.74,0.914,6.7,2022-04-09 02:00:00
2022-04-10,1,2022,18.77,40.63,25.8,33.57,445.0,2.25,11.93,29.78,13.37,0.914,6.9,2022-04-10 02:00:00
2022-04-11,1,2022,17.49,39.99,21.91,38.1,432.0,2.17,13.1,31.26,14.22,0.875,7.0,2022-04-11 02:00:00
2022-04-12,1,2022,13.47,42.3,25.28,32.42,439.0,2.21,12.86,31.64,14.44,0.989,6.8,2022-04-12 02:00:00
2022-04-13,1,2022,14.05,43.35,26.38,30.27,437.0,2.07,12.33,32.79,15.4,0.936,7.0,2022-04-13 02:00:00
2022-04-14,1,2022,11.23,41.41,25.32,33.27,439.0,2.21,11.22,29.7,13.64,0.899,6.9,2022-04-14 02:00:00
2022-04-15,1,2022,8.53,40.7,24.75,34.55,429.0,2.07,12.12,30.98,13.89,0.884,6.9,2022-04-15 02:00:00
2022-04-16,1,2022,6.93,41.44,23.04,35.52,438.0,2.25,11.22,30.54,12.55,0.897,7.0,2022-04-16 02:00:00
2022-04-17,1,2022,9.03,43.88,25.06,31.06,427.0,2.18,11.19,31.81,13.9,1.0,7.0,2022-04-17 02:00:00
2022-04-18,1,2022,5.26,40.81,24.9,34.29,423.0,2.32,12.27,30.59,14.23,0.938,6.8,2022-04-18 02:00:00
2022-04-19,1,2022,10.13,40.25,22.11,37.64,438.0,2.32,12.57,30.83,13.43,0.915,6.9,2022-04-19 02:00:00
2022-04-20,1,2022,8.06,40.91,26.39,32.7,437.0,2.37,12.14,32.09,13.79,0.929,7.0,2022-04-20 02:00:00
2022-04-21,1,2022,11.12,42.11,23.07,34.82,427.0,2.28,13.15,32.46,15.34,0.926,6.8,2022-04-21 02:00:00
2022-04-22,1,2022,8.81,44.15,24.52,31.33,445.0,2.3,12.06,31.6,15.14,0.778,6.9,2022-04-22 02:00:00
2022-04-23,1,2022,7.24,43.13,20.37,36.5,444.0,2.42,11.87,30.48,14.02,0.845,7.0,2022-04-23 02:00:00
2022-04-24,1,2022,5.84,42.79,24.27,32.94,419.0,2.06,10.4,30.08,13.94,0.973,7.2,2022-04-24 02:00:00
2022-04-25,1,2022,5.0,45.96,23.41,30.63,459.0,1.87,12.97,30.27,14.07,0.938,6.7,2022-04-25 02:00:00
2022-04-26,1,2022,5.46,42.71,22.79,34.5,437.0,2.12,11.8,32.49,14.48,0.959,6.8,2022-04-26 02:00:00
2022-04-27,1,2022,8.41,44.15,24.49,31.36,446.0,2.1,10.78,31.04,14.55,0.907,7.0,2022-04-27 02:00:00
2022-04-28,1,2022,8.44,40.53,24.62,34.85,432.0,2.32,10.59,27.48,15.87,0.836,6.8,2022-04-28 02:00:00
2022-04-29,1,2022,6.05,42.28,24.43,33.29,437.0,2.33,11.13,30.66,14.27,0.99,6.7,2022-04-29 02:00:00
2022-04-30,1,2022,6.3,42.45,22.82,34.73,427.0,2.13,11.97,30.82,14.19,0.954,7.0,2022-04-30 02:00:00
2022-05-01,1,2022,6.64,41.59,24.7,33.71,438.0,2.19,13.65,31.4,14.21,0.93,6.9,2022-05-01 02:00:00
2022-05-02,1,2022,5.28,40.99,24.21,34.8,431.0,2.2,11.61,31.29,14.02,0.947,6.9,2022-05-02 02:00:00
2022-05-03,1,2022,5.0,44.98,24.66,30.36,429.0,2.01,14.52,31.02,13.58,0.815,6.9,2022-05-03 02:00:00
2022-05-04,1,2022,7.94,42.88,25.38,31.74,433.0,2.31,11.03,30.19,15.03,0.925,7.0,2022-05-04 02:00:00
2022-05-05,1,2022,6.25,43.38,24.32,32.3,436.0,2.25,10.29,31.78,13.1,0.92,7.0,2022-05-05 02:00:00
2022-05-06,1,2022,5.0,40.95,23.63,35.42,450.0,2.12,11.31,29.92,12.67,1.007,6.8,2022-05-06 02:00:00
2022-05-07,1,2022,5.66,40.82,25.77,33.41,444.0,2.22,11.75,32.13,13.59,0.888,6.9,2022-05-07 02:00:00
2022-05-08,1,2022,5.78,40.13,24.69,35.18,441.0,2.16,11.0,31.93,14.08,0.946,7.1,2022-05-08 02:00:00
2022-05-09,1,2022,5.0,42.37,24.45,33.18,437.0,2.14,12.71,30.41,13.61,0.903,7.0,2022-05-09 02:00:00
2022-05-10,1,2022,5.41,46.43,25.26,28.31,441.0,2.17,12.43,32.11,13.2,0.896,7.0,2022-05-10 02:00:00
2022-05-11,1,2022,5.58,40.69,24.24,35.07,417.0,2.29,13.46,31.06,13.35,0.994,7.0,2022-05-11 02:00:00
2022-05-12,1,2022,5.0,41.55,23.75,34.7,435.0,2.26,12.76,31.5,13.13,0.837,7.0,2022-05-12 02:00:00
2022-05-13,1,2022,5.09,41.2,23.65,35.15,439.0,2.08,11.22,30.97,14.21,0.926,7.1,2022-05-13 02:00:00
2022-05-14,1,2022,5.79,41.25,22.94,35.81,407.0,2.25,12.92,30.03,15.48,0.85,6.9,2022-05-14 02:00:00
2022-05-15,1,2022,5.0,44.39,24.96,30.65,440.0,2.41,12.65,31.08,14.86,0.795,6.8,2022-05-15 02:00:00
2022-05-16,1,2022,5.0,41.67,24.69,33.64,422.0,2.33,9.71,31.3,15.38,0.954,6.8,2022-05-16 02:00:00
2022-05-17,1,2022,5.0,42.59,24.37,33.04,454.0,2.21,13.85,29.98,14.43,0.94,7.0,2022-05-17 02:00:00
2022-05-18,1,2022,5.0,41.76,23.68,34.56,447.0,1.99,11.7,31.81,14.06,0.922,6.8,2022-05-18 02:00:00
2022-05-19,1,2022,7.48,40.58,25.98,33.44,429.0,2.09,12.55,29.1,12.98,0.933,6.9,2022-05-19 02:00:00
2022-05-20,1,2022,5.0,44.74,24.25,31.01,425.0,2.05,11.58,32.43,14.16,0.997,6.7,2022-05-20 02:00:00
2022-05-21,1,2022,5.0,41.63,25.57,32.8,425.0,2.04,10.4,30.1,13.23,0.903,6.9,2022-05-21 02:00:00
2022-05-22,1,2022,7.31,41.68,22.69,35.63,435.0,2.01,11.31,32.46,14.04,0.972,6.8,2022-05-22 02:00:00
2022-05-23,1,2022,7.29,41.98,23.6,34.42,468.0,2.22,12.77,30.99,14.27,0.986,7.0,2022-05-23 02:00:00
2022-05-24,1,2022,7.65,42.57,25.2,32.23,443.0,2.33,10.32,29.38,14.95,0.95,7.0,2022-05-24 02:00:00
2022-05-25,1,2022,9.97,44.0,23.01,32.99,445.0,2.21,12.34,30.43,14.07,0.871,6.8,2022-05-25 02:00:00
2022-05-26,1,2022,8.06,41.46,24.38,34.16,457.0,2.13,14.08,31.61,13.54,1.038,7.1,2022-05-26 02:00:00
2022-05-27,1,2022,12.24,41.21,24.0,34.79,439.0,2.16,12.22,31.62,14.74,0.954,6.6,2022-05-27 02:00:00
2022-05-28,1,2022,7.96,41.43,24.46,34.11,448.0,2.03,11.52,32.39,13.14,0.899,6.8,2022-05-28 02:00:00
2022-05-29,1,2022,6.92,39.32,21.38,39.3,426.0,2.14,11.02,31.86,13.71,0.908,6.8,2022-05-29 02:00:00
2022-05-30,1,2022,5.0,39.99,24.58,35.43,455.0,2.2,11.45,32.36,15.4,1.008,6.8,2022-05-30 02:00:00
2022-05-31,1,2022,7.29,42.82,26.62,30.56,444.0,2.28,11.65,30.77,14.12,1.027,7.0,2022-05-31 02:00:00
2022-06-01,1,2022,9.76,42.87,23.66,33.47,427.0,2.21,10.45,32.94,13.31,0.951,7.0,2022-06-01 02:00:00
2022-06-02,1,2022,9.92,44.1,24.72,31.18,458.0,2.29,13.91,31.67,12.97,0.995,6.7,2022-06-02 02:00:00
2022-06-03,1,2022,6.23,45.55,25.73,28.72,435.0,2.17,11.7,32.76,12.72,1.021,6.9,2022-06-03 02:00:00
2022-06-04,1,2022,5.7,44.96,24.86,30.18,421.0,2.01,10.48,31.72,15.25,0.977,6.8,2022-06-04 02:00:00
2022-06-05,1,2022,7.17,47.42,24.42,28.16,451.0,2.15,13.36,32.48,14.34,0.927,6.9,2022-06-05 02:00:00
2022-06-06,1,2022,5.21,43.27,23.29,33.44,443.0,1.74,12.87,30.55,14.04,0.965,6.8,2022-06-06 02:00:00
2022-06-07,1,2022,7.87,41.94,23.82,34.24,434.0,2.28,10.85,31.72,14.5,0.993,6.9,2022-06-07 02:00:00
2022-06-08,1,2022,5.76,43.01,24.22,32.77,442.0,2.01,10.48,29.93,13.33,0.971,6.8,2022-06-08 02:00:00
2022-06-09,1,2022,8.86,41.68,23.09,35.23,454.0,2.37,13.66,29.14,14.13,0.924,6.9,2022-06-09 02:00:00
2022-06-10,1,2022,11.98,43.96,24.06,31.98,451.0,1.77,10.28,30.93,12.08,0.954,6.8,2022-06-10 02:00:00
2022-06-11,1,2022,12.15,41.27,24.64,34.09,444.0,2.2,13.25,32.47,13.45,0.931,6.6,2022-06-11 02:00:00
2022-06-12,1,2022,12.6,42.3,26.59,31.11,461.0,2.22,10.91,30.46,13.24,0.86,6.8,2022-06-12 02:00:00
2022-06-13,1,2022,10.2,42.78,26.0,31.22,464.0,2.21,12.94,30.19,13.11,0.96,6.9,2022-06-13 02:00:00
2022-06-14,1,2022,8.33,40.61,24.1,35.29,467.0,2.16,12.25,30.67,14.51,0.93,6.9,2022-06-14 02:00:00
2022-06-15,1,2022,11.64,39.92,22.91,37.17,461.0,2.04,12.3,31.27,15.91,0.978,6.8,2022-06-15 02:00:00
2022-06-16,1,2022,9.99,43.91,24.37,31.72,444.0,2.14,11.8,32.62,13.98,0.984,6.9,2022-06-16 02:00:00
2022-06-17,1,2022,7.16,38.02,23.54,38.44,459.0,2.45,13.21,29.54,14.53,0.967,6.9,2022-06-17 02:00:00
2022-06-18,1,2022,5.58,42.78,23.36,33.86,464.0,2.15,8.99,30.54,13.68,0.922,6.8,2022-06-18 02:00:00
2022-06-19,1,2022,5.0,44.81,25.04,30.15,436.0,2.21,10.28,31.16,14.48,0.957,6.9,2022-06-19 02:00:00
2022-06-20,1,2022,6.8,41.23,25.63,33.14,447.0,1.95,14.36,32.41,15.16,0.972,6.9,2022-06-20 02:00:00
2022-06-21,1,2022,5.0,43.13,22.41,34.46,445.0,2.22,12.52,29.41,15.93,0.92,6.8,2022-06-21 02:00:00
2022-06-22,1,2022,5.99,39.14,21.1,39.76,438.0,2.26,12.61,31.18,15.19,0.89,6.8,2022-06-22 02:00:00
2022-06-23,1,2022,5.0,43.3,22.82,33.88,456.0,1.97,12.94,31.3,13.34,1.087,6.7,2022-06-23 02:00:00
2022-06-24,1,2022,5.0,42.49,25.5,32.01,441.0,2.05,13.79,31.46,13.57,1.007,6.8,2022-06-24 02:00:00
2022-06-25,1,2022,5.21,41.05,23.58,35.37,446.0,2.14,9.84,31.64,14.52,0.949,6.7,2022-06-25 02:00:00
2022-06-26,1,2022,8.01,40.81,21.77,37.42,438.0,2.04,11.58,31.84,13.9,0.983,7.0,2022-06-26 02:00:00
2022-06-27,1,2022,8.83,43.74,22.95,33.31,457.0,2.18,10.34,30.74,14.44,1.006,6.8,2022-06-27 02:00:00
2022-06-28,1,2022,6.48,44.76,23.83,31.41,462.0,2.1,12.08,31.46,13.57,1.006,7.0,2022-06-28 02:00:00
2022-06-29,1,2022,5.0,44.74,25.59,29.67,441.0,2.23,13.52,31.73,14.13,1.001,6.8,2022-06-29 02:00:00
2022-06-30,1,2022,5.0,41.17,26.13,32.7,449.0,2.19,11.56,31.14,13.25,0.972,6.9,2022-06-30 02:00:00
2022-07-01,1,2022,6.22,38.43,24.18,37.39,457.0,2.32,11.33,30.94,13.5,0.966,6.7,2022-07-01 02:00:00
2022-07-02,1,2022,5.0,43.43,25.52,31.05,464.0,2.16,11.61,30.0,13.39,1.03,6.8,2022-07-02 02:00:00
2022-07-03,1,2022,6.07,40.7,25.34,33.96,472.0,2.09,11.91,29.63,13.2,0.955,6.9,2022-07-03 02:00:00
2022-07-04,1,2022,5.99,42.54,22.52,34.94,456.0,2.04,12.21,31.99,14.61,0.947,6.7,2022-07-04 02:00:00
2022-07-05,1,2022,5.0,44.21,24.88,30.91,456.0,2.3,11.95,30.96,14.37,1.059,7.0,2022-07-05 02:00:00
2022-07-06,1,2022,6.1,39.61,25.25,35.14,445.0,1.83,11.36,30.56,13.9,1.047,6.9,2022-07-06 02:00:00
2022-07-07,1,2022,5.0,41.49,26.72,31.79,447.0,2.34,12.52,30.4,14.7,1.084,6.7,2022-07-07 02:00:00
2022-07-08,1,2022,5.0,41.43,27.15,31.42,467.0,2.01,12.53,30.67,14.18,0.975,6.7,2022-07-08 02:00:00
2022-07-09,1,2022,5.0,37.22,23.72,39.06,440.0,2.28,11.46,31.91,14.57,1.027,6.9,2022-07-09 02:00:00
2022-07-10,1,2022,5.0,42.26,24.35,33.39,467.0,2.1,13.92,29.53,12.53,1.119,6.8,2022-07-10 02:00:00
2022-07-11,1,2022,7.05,38.29,25.64,36.07,452.0,2.15,13.4,32.63,13.75,0.937,7.0,2022-07-11 02:00:00
2022-07-12,1,2022,5.86,39.88,24.4,35.72,451.0,1.76,11.73,30.81,14.18,0.963,6.9,2022-07-12 02:00:00
2022-07-13,1,2022,5.32,43.08,24.5,32.42,463.0,2.24,11.79,29.7,14.04,0.968,7.0,2022-07-13 02:00:00
2022-07-14,1,2022,5.91,38.43,24.35,37.22,452.0,2.21,13.75,29.54,14.52,1.047,7.0,2022-07-14 02:00:00
2022-07-15,1,2022,5.0,39.22,24.99,35.79,467.0,2.43,11.89,31.46,13.88,0.98,7.0,2022-07-15 02:00:00
2022-07-16,1,2022,5.0,44.54,24.45,31.01,446.0,2.31,11.48,29.88,13.82,0.94,6.9,2022-07-16 02:00:00
2022-07-17,1,2022,5.0,40.83,23.82,35.35,431.0,2.39,11.65,32.7,15.33,0.992,6.7,2022-07-17 02:00:00
2022-07-18,1,2022,5.0,42.82,24.97,32.21,438.0,2.19,13.36,30.59,13.0,1.124,7.0,2022-07-18 02:00:00
2022-07-19,1,2022,5.09,42.25,27.58,30.17,455.0,1.96,10.47,29.72,12.61,1.018,6.9,2022-07-19 02:00:00
2022-07-20,1,2022,5.01,42.05,23.27,34.68,447.0,2.2,11.33,30.57,14.11,1.009,6.9,2022-07-20 02:00:00
2022-07-21,1,2022,5.0,43.81,24.15,32.04,468.0,2.27,11.43,31.36,13.37,1.036,6.8,2022-07-21 02:00:00
2022-07-22,1,2022,5.0,40.68,26.75,32.57,461.0,1.93,11.89,31.09,14.1,0.966,6.7,2022-07-22 02:00:00
2022-07-23,1,2022,5.0,41.63,23.08,35.29,449.0,2.5,12.37,31.49,12.53,0.943,6.8,2022-07-23 02:00:00
2022-07-24,1,2022,5.0,42.21,26.23,31.56,471.0,2.1,11.35,30.89,14.05,0.943,6.7,2022-07-24 02:00:00
2022-07-25,1,2022,5.38,41.16,23.22,35.62,460.0,2.1,12.98,30.11,13.75,0.986,6.9,2022-07-25 02:00:00
2022-07-26,1,2022,5.0,42.74,23.44,33.82,455.0,2.02,12.14,30.36,13.35,1.043,7.0,2022-07-26 02:00:00
2022-07-27,1,2022,13.19,40.07,22.3,37.63,467.0,2.15,10.83,30.27,13.13,1.043,6.8,2022-07-27 02:00:00
2022-07-28,1,2022,10.94,45.54,21.12,33.34,481.0,2.05,12.33,31.51,14.32,1.046,6.7,2022-07-28 02:00:00
2022-07-29,1,2022,6.95,43.35,25.53,31.12,443.0,1.97,11.1,30.93,13.89,0.985,6.7,2022-07-29 02:00:00
2022-07-30,1,2022,10.24,39.54,24.03,36.43,467.0,2.11,14.04,29.92,15.22,1.012,6.8,2022-07-30 02:00:00
2022-07-31,1,2022,7.48,43.18,24.45,32.37,450.0,2.27,13.79,30.51,13.43,0.993,6.9,2022-07-31 02:00:00
2022-08-01,1,2022,12.97,41.4,24.2,34.4,463.0,2.14,12.81,30.4,13.46,1.077,6.7,2022-08-01 02:00:00
2022-08-02,1,2022,17.09,43.57,26.04,30.39,469.0,2.06,11.2,30.51,14.53,1.073,6.8,2022-08-02 02:00:00
2022-08-03,1,2022,17.53,40.4,24.08,35.52,449.0,2.2,11.58,31.18,14.15,0.991,6.7,2022-08-03 02:00:00
2022-08-04,1,2022,19.29,42.88,24.07,33.05,468.0,2.25,13.49,31.14,15.85,1.054,7.1,2022-08-04 02:00:00
2022-08-05,1,2022,15.74,43.36,21.94,34.7,456.0,2.31,12.42,31.84,13.01,1.06,6.6,2022-08-05 02:00:00
2022-08-06,1,2022,14.99,41.62,24.53,33.85,464.0,2.35,13.08,31.21,14.76,0.976,7.0,2022-08-06 02:00:00
2022-08-07,1,2022,10.48,44.88,22.51,32.61,471.0,2.59,12.38,29.53,13.19,1.059,6.8,2022-08-07 02:00:00
2022-08-08,1,2022,8.3,40.56,24.8,34.64,453.0,2.29,13.05,32.34,14.28,0.972,6.8,2022-08-08 02:00:00
2022-08-09,1,2022,10.23,43.72,24.98,31.3,424.0,1.93,11.23,31.96,14.35,1.106,6.8,2022-08-09 02:00:00
2022-08-10,1,2022,5.0,40.99,26.1,32.91,450.0,2.33,10.43,30.29,14.73,0.966,6.8,2022-08-10 02:00:00
2022-08-11,1,2022,5.23,40.35,22.46,37.19,457.0,2.25,10.84,30.88,14.75,1.038,6.9,2022-08-11 02:00:00
2022-08-12,1,2022,5.0,39.81,22.66,37.53,452.0,2.27,12.62,32.67,12.94,1.074,6.7,2022-08-12 02:00:00
2022-08-13,1,2022,5.0,42.75,25.06,32.19,449.0,2.41,10.15,30.79,13.88,0.937,6.7,2022-08-13 02:00:00
2022-08-14,1,2022,5.0,37.69,23.98,38.33,457.0,2.16,12.15,32.2,14.8,1.011,6.8,2022-08-14 02:00:00
2022-08-15,1,2022,5.95,38.91,23.71,37.38,467.0,2.22,12.74,31.26,13.06,1.115,6.8,2022-08-15 02:00:00
2022-08-16,1,2022,5.0,38.85,21.77,39.38,461.0,2.08,8.44,32.18,13.92,1.028,6.8,2022-08-16 02:00:00
2022-08-17,1,2022,6.9,38.26,24.15,37.59,455.0,2.25,12.28,29.43,12.66,0.965,6.9,2022-08-17 02:00:00
2022-08-18,1,2022,5.0,42.17,24.67,33.16,455.0,2.27,12.13,31.9,14.66,1.002,6.6,2022-08-18 02:00:00
2022-08-19,1,2022,5.35,38.68,25.1,36.22,447.0,2.5,13.2,30.39,13.0,1.018,6.8,2022-08-19 02:00:00
2022-08-20,1,2022,12.5,43.62,25.2,31.18,448.0,1.95,10.04,31.14,14.45,0.952,6.9,2022-08-20 02:00:00
2022-08-21,1,2022,8.69,41.34,22.91,35.75,458.0,2.4,8.93,31.75,15.01,0.993,6.7,2022-08-21 02:00:00
2022-08-22,1,2022,5.0,42.02,21.34,36.64,456.0,2.19,12.0,31.4,14.26,0.977,6.8,2022-08-22 02:00:00
2022-08-23,1,2022,5.69,42.69,24.93,32.38,456.0,2.28,11.63,29.34,14.3,1.049,6.9,2022-08-23 02:00:00
2022-08-24,1,2022,5.0,41.16,22.41,36.43,449.0,1.97,12.91,30.92,13.82,1.038,6.8,2022-08-24 02:00:00
2022-08-25,1,2022,5.0,42.75,26.48,30.77,450.0,1.88,12.49,31.25,14.54,0.991,6.8,2022-08-25 02:00:00
2022-08-26,1,2022,6.12,42.59,23.27,34.14,485.0,2.17,11.89,29.52,15.13,0.982,6.8,2022-08-26 02:00:00
2022-08-27,1,2022,5.0,41.36,22.99,35.65,470.0,2.32,9.44,28.95,13.71,1.114,6.9,2022-08-27 02:00:00
2022-08-28,1,2022,5.96,45.32,25.14,29.54,455.0,2.37,11.68,31.55,14.27,0.966,6.8,2022-08-28 02:00:00
2022-08-29,1,2022,5.0,42.24,22.63,35.13,474.0,2.2,10.44,30.98,14.35,1.08,6.9,2022-08-29 02:00:00
2022-08-30,1,2022,8.14,43.34,25.01,31.65,449.0,2.17,11.79,30.7,13.24,1.089,6.9,2022-08-30 02:00:00
2022-08-31,1,2022,12.42,42.37,21.91,35.72,474.0,2.07,12.14,31.46,13.9,1.02,6.9,2022-08-31 02:00:00
2022-09-01,1,2022,11.02,44.56,22.72,32.72,470.0,2.36,12.96,31.19,14.87,1.063,6.7,2022-09-01 02:00:00
2022-09-02,1,2022,9.05,38.36,25.37,36.27,451.0,2.19,12.0,31.57,13.31,1.009,6.8,2022-09-02 02:00:00
2022-09-03,1,2022,5.94,41.27,27.23,31.5,451.0,2.14,12.03,32.48,14.11,1.004,6.6,2022-09-03 02:00:00
2022-09-04,1,2022,5.94,40.01,23.37,36.62,465.0,2.11,11.38,30.22,14.1,1.111,6.8,2022-09-04 02:00:00
2022-09-05,1,2022,5.0,42.29,25.07,32.64,442.0,2.03,12.81,30.02,14.09,1.062,6.7,2022-09-05 02:00:00
2022-09-06,1,2022,5.0,43.22,24.36,32.42,469.0,2.28,11.6,30.55,15.05,1.122,6.9,2022-09-06 02:00:00
2022-09-07,1,2022,5.0,44.98,23.57,31.45,470.0,2.18,11.68,30.36,15.19,1.072,6.8,2022-09-07 02:00:00
2022-09-08,1,2022,5.4,41.47,21.77,36.76,465.0,2.27,12.98,28.85,14.56,0.983,6.7,2022-09-08 02:00:00
2022-09-09,1,2022,7.19,41.36,25.65,32.99,454.0,2.24,11.55,32.59,13.31,1.015,6.6,2022-09-09 02:00:00
2022-09-10,1,2022,5.72,41.71,27.6,30.69,452.0,2.07,11.07,30.92,14.52,1.091,7.0,2022-09-10 02:00:00
2022-09-11,1,2022,5.88,41.58,21.53,36.89,451.0,2.03,10.46,31.74,13.79,1.066,6.9,2022-09-11 02:00:00
2022-09-12,1,2022,7.87,40.76,26.38,32.86,467.0,2.12,12.19,30.97,14.06,1.055,6.7,2022-09-12 02:00:00
2022-09-13,1,2022,9.77,41.67,23.86,34.47,450.0,2.3,10.91,32.08,12.64,1.117,6.7,2022-09-13 02:00:00
2022-09-14,1,2022,7.11,40.0,22.91,37.09,446.0,2.29,9.07,31.46,14.21,1.077,6.8,2022-09-14 02:00:00
2022-09-15,1,2022,5.0,40.4,25.22,34.38,456.0,2.25,8.86,31.13,13.2,1.113,6.7,2022-09-15 02:00:00
2022-09-16,1,2022,7.06,43.67,22.49,33.84,477.0,2.01,10.89,31.92,13.98,1.013,6.8,2022-09-16 02:00:00
2022-09-17,1,2022,10.63,40.91,23.96,35.13,469.0,2.06,12.9,31.98,13.93,0.99,6.8,2022-09-17 02:00:00
2022-09-18,1,2022,9.24,40.8,22.68,36.52,455.0,2.27,12.9,30.98,13.1,1.059,6.9,2022-09-18 02:00:00
2022-09-19,1,2022,10.91,41.49,22.69,35.82,461.0,2.01,12.02,32.42,14.13,1.034,6.9,2022-09-19 02:00:00
2022-09-20,1,2022,12.16,45.86,22.94,31.2,457.0,2.31,11.4,30.51,14.0,1.005,6.9,2022-09-20 02:00:00
2022-09-21,1,2022,10.06,41.2,24.86,33.94,446.0,2.26,10.43,31.64,13.43,1.014,6.6,2022-09-21 02:00:00
2022-09-22,1,2022,7.73,42.31,22.59,35.1,461.0,2.51,10.36,31.05,14.25,1.036,6.8,2022-09-22 02:00:00
2022-09-23,1,2022,10.65,41.18,24.99,33.83,480.0,2.14,11.05,30.55,13.46,1.016,6.8,2022-09-23 02:00:00
2022-09-24,1,2022,12.56,43.04,25.46,31.5,466.0,2.15,12.51,31.63,13.31,0.99,6.8,2022-09-24 02:00:00
2022-09-25,1,2022,11.76,39.56,24.36,36.08,440.0,1.9,10.04,31.04,14.85,1.06,6.7,2022-09-25 02:00:00
2022-09-26,1,2022,10.63,38.51,22.72,38.77,462.0,2.15,12.4,31.64,13.13,1.076,6.9,2022-09-26 02:00:00
2022-09-27,1,2022,8.59,39.3,22.01,38.69,455.0,2.06,12.89,31.63,14.25,1.054,6.8,2022-09-27 02:00:00
2022-09-28,1,2022,11.84,42.33,25.79,31.88,489.0,2.23,12.13,30.96,15.23,0.998,6.8,2022-09-28 02:00:00
2022-09-29,1,2022,9.94,41.74,23.18,35.08,455.0,2.3,12.82,28.7,13.12,1.09,6.8,2022-09-29 02:00:00
2022-09-30,1,2022,8.69,44.66,24.51,30.83,464.0,2.05,11.1,31.62,11.97,1.018,6.6,2022-09-30 02:00:00
2022-10-01,1,2022,5.11,40.68,24.11,35.21,439.0,2.03,11.76,32.02,15.01,1.163,6.7,2022-10-01 02:00:00
2022-10-02,1,2022,9.73,42.53,23.63,33.84,451.0,2.3,12.75,31.09,14.11,0.965,6.7,2022-10-02 02:00:00
2022-10-03,1,2022,10.51,46.0,24.1,29.9,472.0,2.3,11.84,29.72,14.12,1.064,6.8,2022-10-03 02:00:00
2022-10-04,1,2022,6.92,38.77,24.31,36.92,482.0,2.43,12.8,29.29,14.3,0.965,6.7,2022-10-04 02:00:00
2022-10-05,1,2022,10.86,42.02,25.03,32.95,470.0,2.23,12.36,31.21,13.94,1.106,6.7,2022-10-05 02:00:00
2022-10-06,1,2022,11.14,43.78,23.08,33.14,455.0,2.27,12.05,31.4,13.91,1.005,6.8,2022-10-06 02:00:00
2022-10-07,1,2022,17.0,43.0,23.66,33.34,466.0,2.05,13.49,30.54,14.99,1.017,6.8,2022-10-07 02:00:00
2022-10-08,1,2022,18.74,44.39,23.52,32.09,448.0,2.21,13.11,28.3,14.54,0.927,6.6,2022-10-08 02:00:00
2022-10-09,1,2022,20.38,43.03,24.83,32.14,482.0,2.22,13.97,31.91,13.8,1.082,6.8,2022-10-09 02:00:00
2022-10-10,1,2022,17.74,41.25,25.58,33.17,455.0,2.03,11.8,31.88,15.03,1.063,6.7,2022-10-10 02:00:00
2022-10-11,1,2022,13.82,40.47,25.31,34.22,453.0,1.95,10.61,29.57,13.77,1.077,6.7,2022-10-11 02:00:00
2022-10-12,1,2022,12.14,42.24,24.17,33.59,479.0,2.01,9.34,32.09,14.32,1.035,6.7,2022-10-12 02:00:00
2022-10-13,1,2022,12.44,42.4,21.31,36.29,472.0,2.43,13.16,31.11,14.46,0.973,6.7,2022-10-13 02:00:00
2022-10-14,1,2022,10.56,42.52,21.9,35.58,459.0,2.19,11.28,30.89,13.85,1.049,6.6,2022-10-14 02:00:00
2022-10-15,1,2022,9.58,40.84,23.86,35.3,464.0,1.97,11.35,29.87,13.52,1.053,6.7,2022-10-15 02:00:00
2022-10-16,1,2022,10.39,39.26,25.21,35.53,465.0,2.09,11.55,31.34,13.21,1.042,6.8,2022-10-16 02:00:00
2022-10-17,1,2022,5.92,40.76,27.95,31.29,449.0,2.2,12.1,30.46,14.61,0.962,6.7,2022-10-17 02:00:00
2022-10-18,1,2022,5.0,40.67,24.71,34.62,451.0,2.05,12.69,30.64,14.56,1.156,6.8,2022-10-18 02:00:00
2022-10-19,1,2022,5.0,42.99,24.44,32.57,474.0,2.14,13.49,30.32,14.41,1.07,6.8,2022-10-19 02:00:00
2022-10-20,1,2022,5.04,42.36,25.36,32.28,492.0,2.17,10.64,28.52,13.16,1.007,6.8,2022-10-20 02:00:00
2022-10-21,1,2022,5.8,43.26,23.49,33.25,478.0,2.38,12.61,31.18,14.36,1.083,6.7,2022-10-21 02:00:00
2022-10-22,1,2022,5.0,43.88,23.69,32.43,470.0,2.06,11.84,31.17,13.84,1.17,6.8,2022-10-22 02:00:00
2022-10-23,1,2022,6.94,40.5,23.35,36.15,473.0,2.17,13.26,30.65,13.58,1.14,6.9,2022-10-23 02:00:00
2022-10-24,1,2022,5.0,40.2,23.08,36.72,455.0,2.57,14.56,29.17,13.73,1.071,6.6,2022-10-24 02:00:00
2022-10-25,1,2022,5.26,41.04,24.91,34.05,488.0,2.18,12.2,30.33,14.0,1.067,6.9,2022-10-25 02:00:00
2022-10-26,1,2022,6.31,45.32,25.09,29.59,473.0,2.18,12.97,31.24,13.44,1.074,6.7,2022-10-26 02:00:00
2022-10-27,1,2022,6.66,41.8,22.03,36.17,461.0,2.23,11.71,32.99,13.48,1.243,6.8,2022-10-27 02:00:00
2022-10-28,1,2022,7.82,40.65,24.49,34.86,476.0,2.0,12.35,30.88,13.44,1.208,6.7,2022-10-28 02:00:00
2022-10-29,1,2022,10.72,41.41,23.39,35.2,463.0,2.25,8.69,30.04,13.52,1.144,6.9,2022-10-29 02:00:00
2022-10-30,1,2022,14.35,39.45,21.0,39.55,467.0,2.17,11.36,29.54,13.64,1.139,6.8,2022-10-30 02:00:00
2022-10-31,1,2022,12.64,45.29,26.56,28.15,467.0,2.29,12.15,31.56,12.0,1.036,6.7,2022-10-31 02:00:00
2022-11-01,1,2022,13.36,43.29,24.74,31.97,486.0,1.94,11.53,31.28,14.42,1.132,6.8,2022-11-01 02:00:00
2022-11-02,1,2022,9.35,36.63,23.93,39.44,471.0,2.13,11.81,30.48,11.29,1.078,6.8,2022-11-02 02:00:00
2022-11-03,1,2022,9.15,41.87,22.26,35.87,458.0,2.16,11.38,30.84,12.97,1.1,6.6,2022-11-03 02:00:00
2022-11-04,1,2022,5.81,41.24,22.38,36.38,474.0,2.26,15.56,29.58,14.03,1.089,6.7,2022-11-04 02:00:00
2022-11-05,1,2022,5.08,41.09,22.91,36.0,462.0,2.05,11.67,30.79,14.82,1.057,6.6,2022-11-05 02:00:00
2022-11-06,1,2022,5.58,42.82,23.79,33.39,474.0,2.11,13.83,30.3,12.79,1.093,6.7,2022-11-06 02:00:00
2022-11-07,1,2022,5.0,41.68,21.88,36.44,478.0,2.3,13.83,30.41,14.59,1.13,6.8,2022-11-07 02:00:00
2022-11-08,1,2022,5.7,42.48,25.83,31.69,490.0,2.2,11.13,32.47,14.0,1.14,6.7,2022-11-08 02:00:00
2022-11-09,1,2022,5.84,43.61,23.37,33.02,473.0,2.27,11.78,31.37,15.27,1.118,6.7,2022-11-09 02:00:00
2022-11-10,1,2022,9.78,36.58,23.68,39.74,482.0,2.2,11.53,30.69,13.82,1.089,7.0,2022-11-10 02:00:00
2022-11-11,1,2022,6.83,44.92,24.29,30.79,473.0,2.14,10.2,31.35,13.95,1.191,6.8,2022-11-11 02:00:00
2022-11-12,1,2022,6.34,42.44,23.95,33.61,466.0,2.16,10.84,31.23,14.11,1.039,6.9,2022-11-12 02:00:00
2022-11-13,1,2022,5.55,46.04,22.57,31.39,461.0,1.95,12.1,31.7,14.31,1.037,6.7,2022-11-13 02:00:00
2022-11-14,1,2022,5.51,41.07,22.76,36.17,493.0,1.88,11.61,30.05,15.29,0.992,6.8,2022-11-14 02:00:00
2022-11-15,1,2022,5.85,39.15,23.47,37.38,460.0,2.36,11.37,30.95,14.63,1.126,6.9,2022-11-15 02:00:00
2022-11-16,1,2022,10.64,45.52,21.38,33.1,476.0,2.06,13.25,31.64,14.0,1.03,6.8,2022-11-16 02:00:00
2022-11-17,1,2022,10.95,41.1,21.85,37.05,476.0,2.08,10.7,31.08,13.48,1.131,6.8,2022-11-17 02:00:00
2022-11-18,1,2022,11.1,40.13,23.64,36.23,473.0,2.38,12.82,31.71,14.89,1.069,6.6,2022-11-18 02:00:00
2022-11-19,1,2022,8.68,42.47,20.0,37.53,477.0,2.25,12.55,30.45,14.58,1.087,6.9,2022-11-19 02:00:00
2022-11-20,1,2022,7.16,42.34,23.41,34.25,479.0,2.03,10.04,31.45,13.71,1.226,6.6,2022-11-20 02:00:00
2022-11-21,1,2022,5.38,42.09,21.83,36.08,477.0,2.18,10.42,29.92,14.62,1.186,6.7,2022-11-21 02:00:00
2022-11-22,1,2022,6.56,39.7,21.13,39.17,477.0,2.05,10.51,32.17,14.83,1.039,6.7,2022-11-22 02:00:00
2022-11-23,1,2022,5.0,38.59,22.59,38.82,464.0,2.23,12.2,33.04,15.17,1.187,6.7,2022-11-23 02:00:00
2022-11-24,1,2022,5.35,41.5,23.41,35.09,473.0,2.07,14.26,32.8,12.61,1.14,6.8,2022-11-24 02:00:00
2022-11-25,1,2022,6.15,39.11,24.74,36.15,478.0,2.16,13.21,30.25,14.68,1.079,6.7,2022-11-25 02:00:00
2022-11-26,1,2022,5.0,45.95,21.64,32.41,467.0,2.1,11.51,31.42,12.39,1.122,6.6,2022-11-26 02:00:00
2022-11-27,1,2022,10.67,42.38,25.43,32.19,475.0,2.05,12.3,31.0,15.02,1.052,6.9,2022-11-27 02:00:00
2022-11-28,1,2022,7.21,42.81,23.63,33.56,471.0,2.14,12.19,29.23,14.33,1.188,6.7,2022-11-28 02:00:00
2022-11-29,1,2022,5.69,43.38,25.79,30.83,479.0,2.01,11.89,31.21,14.24,1.175,6.9,2022-11-29 02:00:00
2022-11-30,1,2022,5.13,41.29,24.2,34.51,471.0,2.3,12.7,31.09,12.92,1.045,6.6,2022-11-30 02:00:00
2022-12-01,1,2022,5.0,39.53,23.07,37.4,476.0,2.2,12.52,31.31,12.8,1.136,6.8,2022-12-01 02:00:00
2022-12-02,1,2022,6.81,42.59,25.15,32.26,494.0,2.0,15.0,31.12,13.42,1.116,6.8,2022-12-02 02:00:00
2022-12-03,1,2022,6.53,42.02,24.45,33.53,462.0,2.24,11.24,31.13,15.11,1.013,6.8,2022-12-03 02:00:00
2022-12-04,1,2022,5.0,42.03,24.51,33.46,482.0,2.07,11.49,30.04,13.35,1.063,6.7,2022-12-04 02:00:00
2022-12-05,1,2022,5.24,40.97,25.24,33.79,465.0,2.33,12.69,29.25,13.2,1.09,6.6,2022-12-05 02:00:00
2022-12-06,1,2022,5.0,43.73,22.18,34.09,491.0,2.32,12.13,30.02,13.81,1.065,6.8,2022-12-06 02:00:00
2022-12-07,1,2022,11.0,42.43,25.66,31.91,483.0,2.13,12.33,32.36,14.5,1.117,6.7,2022-12-07 02:00:00
2022-12-08,1,2022,9.87,40.55,22.84,36.61,493.0,2.31,11.06,30.21,13.12,1.049,6.5,2022-12-08 02:00:00
2022-12-09,1,2022,11.46,42.03,24.66,33.31,488.0,2.27,11.21,32.59,13.44,1.102,6.7,2022-12-09 02:00:00
2022-12-10,1,2022,15.68,40.21,22.74,37.05,457.0,2.32,13.07,30.47,14.43,1.199,6.8,2022-12-10 02:00:00
2022-12-11,1,2022,19.58,44.46,24.79,30.75,492.0,2.06,9.3,30.01,14.47,1.118,6.6,2022-12-11 02:00:00
2022-12-12,1,2022,16.75,42.27,26.45,31.28,486.0,2.08,12.83,31.24,14.22,1.1,6.6,2022-12-12 02:00:00
2022-12-13,1,2022,27.15,39.47,24.27,36.26,492.0,2.14,12.61,30.45,13.35,1.151,6.9,2022-12-13 02:00:00
2022-12-14,1,2022,24.12,40.08,22.98,36.94,490.0,2.28,11.97,30.84,14.51,1.069,6.8,2022-12-14 02:00:00
2022-12-15,1,2022,21.74,41.45,25.68,32.87,470.0,2.43,11.4,30.57,14.55,1.09,7.0,2022-12-15 02:00:00
2022-12-16,1,2022,25.03,44.73,26.02,29.25,468.0,1.96,12.25,30.7,13.71,1.08,6.9,2022-12-16 02:00:00
2022-12-17,1,2022,21.31,40.96,23.89,35.15,475.0,2.29,12.92,30.6,14.68,1.109,6.7,2022-12-17 02:00:00
2022-12-18,1,2022,17.82,42.71,23.25,34.04,459.0,2.05,11.28,30.29,13.32,1.176,6.8,2022-12-18 02:00:00
2022-12-19,1,2022,15.84,45.09,21.84,33.07,476.0,2.36,12.13,31.85,14.72,1.143,6.7,2022-12-19 02:00:00
2022-12-20,1,2022,12.3,39.67,26.08,34.25,499.0,1.9,13.08,29.83,14.43,1.115,6.7,2022-12-20 02:00:00
2022-12-21,1,2022,11.2,40.92,23.03,36.05,471.0,1.94,13.57,32.07,14.68,1.101,6.7,2022-12-21 02:00:00
2022-12-22,1,2022,8.57,43.33,27.11,29.56,473.0,2.16,11.3,30.31,13.76,1.112,6.6,2022-12-22 02:00:00
2022-12-23,1,2022,7.63,40.6,22.54,36.86,480.0,2.08,10.79,29.97,13.94,1.144,6.7,2022-12-23 02:00:00
2022-12-24,1,2022,5.48,42.67,23.3,34.03,473.0,2.19,10.55,29.99,13.63,1.132,6.8,2022-12-24 02:00:00
2022-12-25,1,2022,5.77,46.7,24.5,28.8,481.0,2.49,11.59,29.6,13.9,1.212,6.8,2022-12-25 02:00:00
2022-12-26,1,2022,5.0,40.47,23.2,36.33,474.0,2.24,11.81,32.41,14.63,1.202,6.5,2022-12-26 02:00:00
2022-12-27,1,2022,8.33,44.31,26.48,29.21,494.0,2.12,14.04,29.95,13.96,1.017,6.7,2022-12-27 02:00:00
2022-12-28,1,2022,5.86,46.46,23.83,29.71,493.0,2.31,12.14,30.73,12.61,1.146,6.5,2022-12-28 02:00:00
2022-12-29,1,2022,5.18,44.16,21.57,34.27,478.0,2.17,12.66,32.41,12.1,1.215,6.8,2022-12-29 02:00:00
2022-12-30,1,2022,5.33,40.97,23.85,35.18,471.0,2.31,11.4,32.16,14.98,1.081,6.6,2022-12-30 02:00:00
2022-12-31,1,2022,5.0,43.18,22.3,34.52,468.0,2.35,11.7,30.51,13.45,1.064,6.6,2022-12-31 02:00:00
2020-01-02,2,2020,34.84,42.35,23.53,34.12,431.0,2.06,9.3,30.29,13.82,0.827,7.0,2020-01-02 02:00:00
2020-01-03,2,2020,32.47,38.68,23.04,38.28,438.0,2.2,13.01,31.86,15.9,0.872,7.0,2020-01-03 02:00:00
2020-01-04,2,2020,37.02,43.28,22.98,33.74,415.0,2.71,10.81,28.95,13.88,0.852,7.0,2020-01-04 02:00:00
2020-01-05,2,2020,35.33,42.1,22.08,35.82,408.0,2.25,12.47,30.57,14.41,0.788,7.0,2020-01-05 02:00:00
2020-01-06,2,2020,34.05,46.77,26.96,26.27,411.0,2.29,10.82,31.88,13.17,0.799,6.8,2020-01-06 02:00:00
2020-01-07,2,2020,30.92,42.73,24.66,32.61,417.0,2.27,11.68,31.18,13.84,0.821,7.0,2020-01-07 02:00:00
2020-01-08,2,2020,39.45,45.3,22.5,32.2,395.0,2.26,11.03,31.18,14.51,0.785,6.8,2020-01-08 02:00:00
2020-01-09,2,2020,39.59,41.56,24.44,34.0,411.0,2.14,11.25,29.55,12.95,0.814,6.7,2020-01-09 02:00:00
2020-01-10,2,2020,39.98,41.48,22.8,35.72,420.0,2.34,12.3,30.54,15.5,0.739,6.9,2020-01-10 02:00:00
2020-01-11,2,2020,39.18,43.6,22.1,34.3,443.0,2.44,12.2,30.83,12.61,0.767,7.0,2020-01-11 02:00:00
2020-01-12,2,2020,38.59,42.98,22.92,34.1,420.0,2.29,13.43,30.46,13.07,0.853,6.9,2020-01-12 02:00:00
2020-01-13,2,2020,37.47,38.48,22.97,38.55,414.0,2.14,10.28,30.13,15.25,0.835,7.2,2020-01-13 02:00:00
2020-01-14,2,2020,37.63,41.14,22.7,36.16,434.0,2.23,10.54,29.27,15.78,0.842,7.0,2020-01-14 02:00:00
2020-01-15,2,2020,36.45,42.54,24.82,32.64,427.0,2.05,11.67,31.47,14.01,0.767,6.7,2020-01-15 02:00:00
2020-01-16,2,2020,36.05,42.24,23.02,34.74,432.0,2.19,12.47,30.05,13.49,0.839,7.0,2020-01-16 02:00:00
2020-01-17,2,2020,31.79,43.83,25.7,30.47,423.0,2.05,11.65,31.01,14.12,0.74,6.9,2020-01-17 02:00:00
2020-01-18,2,2020,32.34,43.06,25.88,31.06,431.0,2.07,11.59,31.01,13.89,0.892,6.8,2020-01-18 02:00:00
2020-01-19,2,2020,29.54,42.0,23.63,34.37,415.0,2.43,11.61,31.36,12.95,0.776,6.9,2020-01-19 02:00:00
2020-01-20,2,2020,30.3,39.51,24.91,35.58,434.0,2.07,14.1,30.09,14.43,0.835,6.8,2020-01-20 02:00:00
2020-01-21,2,2020,37.86,41.99,25.24,32.77,437.0,1.96,10.89,30.87,14.62,0.826,6.9,2020-01-21 02:00:00
2020-01-22,2,2020,36.74,43.71,21.77,34.52,427.0,2.35,11.88,29.46,14.2,0.799,6.9,2020-01-22 02:00:00
2020-01-23,2,2020,35.87,40.64,23.49,35.87,413.0,2.5,11.65,31.45,14.12,0.877,7.0,2020-01-23 02:00:00
2020-01-24,2,2020,35.41,43.01,24.84,32.15,408.0,2.3,12.82,29.55,14.47,0.798,6.9,2020-01-24 02:00:00
2020-01-25,2,2020,33.72,42.43,21.28,36.29,406.0,2.31,13.06,31.9,14.39,0.791,6.9,2020-01-25 02:00:00
2020-01-26,2,2020,35.63,39.16,22.18,38.66,425.0,2.26,12.92,33.39,12.83,0.874,6.9,2020-01-26 02:00:00
2020-01-27,2,2020,36.18,40.42,26.1,33.48,416.0,2.47,11.71,31.03,14.12,0.819,6.9,2020-01-27 02:00:00
2020-01-28,2,2020,40.42,43.09,24.84,32.07,433.0,2.15,12.33,30.9,15.08,0.806,7.0,2020-01-28 02:00:00
2020-01-29,2,2020,41.94,41.52,23.98,34.5,414.0,2.19,13.74,31.23,14.87,0.957,6.9,2020-01-29 02:00:00
2020-01-30,2,2020,38.61,44.54,23.84,31.62,429.0,2.05,13.08,30.5,13.38,0.848,6.8,2020-01-30 02:00:00
2020-01-31,2,2020,42.82,40.59,22.89,36.52,430.0,2.35,11.51,29.29,12.55,0.781,6.8,2020-01-31 02:00:00
2020-02-01,2,2020,42.37,40.3,23.91,35.79,423.0,1.8,11.5,31.4,14.51,0.884,7.0,2020-02-01 02:00:00
2020-02-02,2,2020,42.66,42.02,23.34,34.64,441.0,2.14,11.22,30.74,15.44,0.853,7.0,2020-02-02 02:00:00
2020-02-03,2,2020,40.85,40.24,22.61,37.15,430.0,2.12,11.36,31.43,14.38,0.902,6.9,2020-02-03 02:00:00
2020-02-04,2,2020,39.61,41.43,23.78,34.79,420.0,2.18,12.91,29.48,14.31,0.763,7.0,2020-02-04 02:00:00
2020-02-05,2,2020,44.61,40.12,22.73,37.15,399.0,2.25,11.55,30.13,14.25,0.832,7.0,2020-02-05 02:00:00
2020-02-06,2,2020,42.76,45.67,24.71,29.62,420.0,2.3,10.24,30.4,14.49,0.849,7.0,2020-02-06 02:00:00
2020-02-07,2,2020,45.0,44.36,23.32,32.32,429.0,2.31,14.05,32.48,14.97,0.741,7.0,2020-02-07 02:00:00
2020-02-08,2,2020,45.0,42.96,22.47,34.57,419.0,2.32,14.58,30.75,13.54,0.876,6.9,2020-02-08 02:00:00
2020-02-09,2,2020,45.0,41.34,25.26,33.4,417.0,2.24,14.61,32.11,13.57,0.852,6.9,2020-02-09 02:00:00
2020-02-10,2,2020,44.04,39.0,20.79,40.21,428.0,2.1,13.75,30.84,13.14,0.808,7.0,2020-02-10 02:00:00
2020-02-11,2,2020,44.52,44.61,26.2,29.19,420.0,2.27,11.91,30.75,13.98,0.93,7.0,2020-02-11 02:00:00
2020-02-12,2,2020,44.86,43.4,24.34,32.26,426.0,1.94,12.16,31.06,12.2,0.814,6.9,2020-02-12 02:00:00
2020-02-13,2,2020,45.0,43.41,25.03,31.56,416.0,2.03,12.71,30.88,12.92,0.764,6.9,2020-02-13 02:00:00
2020-02-14,2,2020,42.52,43.01,25.8,31.19,420.0,2.27,10.3,30.92,14.44,0.796,6.9,2020-02-14 02:00:00
2020-02-15,2,2020,44.82,41.93,24.34,33.73,420.0,2.24,13.23,32.32,14.55,0.815,6.9,2020-02-15 02:00:00
2020-02-16,2,2020,44.08,39.25,25.93,34.82,433.0,2.17,12.18,31.28,12.4,0.879,7.0,2020-02-16 02:00:00
2020-02-17,2,2020,42.35,42.56,23.25,34.19,409.0,2.02,14.37,29.67,13.98,0.79,6.9,2020-02-17 02:00:00
2020-02-18,2,2020,41.67,43.91,23.54,32.55,429.0,2.06,10.07,29.86,13.61,0.856,7.0,2020-02-18 02:00:00
2020-02-19,2,2020,40.9,45.76,24.02,30.22,429.0,2.15,11.88,29.97,14.06,0.809,7.0,2020-02-19 02:00:00
2020-02-20,2,2020,40.53,42.07,25.47,32.46,413.0,2.22,13.78,31.34,14.56,0.871,7.1,2020-02-20 02:00:00
2020-02-21,2,2020,38.91,41.44,23.91,34.65,430.0,2.07,9.23,31.77,14.21,0.849,6.8,2020-02-21 02:00:00
2020-02-22,2,2020,40.09,43.28,21.89,34.83,429.0,2.13,11.32,31.54,13.84,0.889,6.8,2020-02-22 02:00:00
2020-02-23,2,2020,37.07,42.23,23.92,33.85,433.0,2.21,12.31,30.65,13.34,0.9,6.9,2020-02-23 02:00:00
2020-02-24,2,2020,33.72,40.85,23.71,35.44,428.0,2.33,11.82,28.89,13.63,0.884,6.9,2020-02-24 02:00:00
2020-02-25,2,2020,33.39,40.91,22.99,36.1,425.0,2.34,13.22,31.1,13.66,0.858,7.0,2020-02-25 02:00:00
2020-02-26,2,2020,33.52,43.29,23.87,32.84,431.0,2.52,12.74,32.51,14.28,0.836,7.0,2020-02-26 02:00:00
2020-02-27,2,2020,32.07,39.96,24.48,35.56,433.0,2.12,12.46,30.93,15.15,0.858,7.0,2020-02-27 02:00:00
2020-02-28,2,2020,32.14,44.07,24.11,31.82,423.0,2.09,11.29,30.35,15.26,0.843,6.9,2020-02-28 02:00:00
2020-02-29,2,2020,28.62,41.51,24.71,33.78,442.0,2.15,12.06,30.71,14.38,0.885,7.0,2020-02-29 02:00:00
2020-03-01,2,2020,27.13,45.4,23.69,30.91,435.0,2.43,12.49,29.6,13.68,0.899,6.9,2020-03-01 02:00:00
2020-03-02,2,2020,26.55,44.12,22.47,33.41,445.0,2.16,10.11,30.54,15.07,0.879,7.0,2020-03-02 02:00:00
2020-03-03,2,2020,24.76,44.98,24.63,30.39,432.0,2.26,11.01,31.65,13.33,0.888,7.0,2020-03-03 02:00:00
2020-03-04,2,2020,29.53,42.7,24.46,32.84,429.0,2.03,12.25,31.39,13.84,0.885,6.9,2020-03-04 02:00:00
2020-03-05,2,2020,27.35,45.02,27.21,27.77,432.0,2.11,10.33,31.33,13.06,0.883,6.9,2020-03-05 02:00:00
2020-03-06,2,2020,28.51,42.95,26.45,30.6,431.0,2.15,14.26,30.94,14.12,0.926,7.0,2020-03-06 02:00:00
2020-03-07,2,2020,28.18,43.51,22.11,34.38,411.0,2.19,11.16,30.1,14.23,0.89,7.0,2020-03-07 02:00:00
2020-03-08,2,2020,35.3,44.86,22.45,32.69,436.0,2.28,10.73,29.49,14.36,0.87,7.0,2020-03-08 02:00:00
2020-03-09,2,2020,34.74,41.12,24.88,34.0,448.0,2.26,10.92,31.02,13.32,0.924,6.9,2020-03-09 02:00:00
2020-03-10,2,2020,29.77,41.68,20.94,37.38,442.0,2.16,12.33,30.9,13.22,0.931,7.0,2020-03-10 02:00:00
2020-03-11,2,2020,30.23,43.51,22.23,34.26,442.0,1.97,12.58,31.3,11.85,0.909,7.0,2020-03-11 02:00:00
2020-03-12,2,2020,32.42,44.68,22.37,32.95,439.0,2.03,13.07,32.24,12.77,0.849,6.8,2020-03-12 02:00:00
2020-03-13,2,2020,30.1,42.81,26.32,30.87,448.0,2.04,12.66,30.45,13.73,0.861,7.0,2020-03-13 02:00:00
2020-03-14,2,2020,30.77,43.0,22.93,34.07,447.0,2.3,14.61,31.75,13.05,0.818,6.9,2020-03-14 02:00:00
2020-03-15,2,2020,29.28,44.62,24.84,30.54,424.0,2.1,12.17,32.3,15.05,0.833,7.1,2020-03-15 02:00:00
2020-03-16,2,2020,27.95,42.0,24.45,33.55,417.0,2.15,13.37,31.23,13.79,0.849,6.9,2020-03-16 02:00:00
2020-03-17,2,2020,35.1,43.34,23.52,33.14,434.0,2.27,13.27,29.73,14.4,0.83,7.1,2020-03-17 02:00:00
2020-03-18,2,2020,33.06,47.51,23.73,28.76,411.0,2.48,14.33,32.07,14.8,0.838,6.9,2020-03-18 02:00:00
2020-03-19,2,2020,32.27,42.45,24.27,33.28,432.0,2.16,12.48,30.03,13.35,0.927,7.1,2020-03-19 02:00:00
2020-03-20,2,2020,28.76,42.98,24.24,32.78,451.0,2.21,13.16,31.53,14.79,0.874,6.8,2020-03-20 02:00:00
2020-03-21,2,2020,26.99,43.77,24.46,31.77,440.0,2.33,11.64,31.19,14.03,0.958,6.9,2020-03-21 02:00:00
2020-03-22,2,2020,25.97,37.18,24.34,38.48,447.0,2.48,9.97,31.33,13.16,0.927,6.7,2020-03-22 02:00:00
2020-03-23,2,2020,25.0,42.2,22.21,35.59,433.0,2.12,11.33,31.42,13.28,0.874,6.9,2020-03-23 02:00:00
2020-03-24,2,2020,21.68,41.66,22.49,35.85,453.0,2.29,11.85,33.05,13.78,0.864,6.9,2020-03-24 02:00:00
2020-03-25,2,2020,18.77,42.98,20.93,36.09,438.0,2.34,11.35,30.76,13.88,0.88,7.0,2020-03-25 02:00:00
2020-03-26,2,2020,21.36,42.1,25.37,32.53,425.0,2.33,11.69,32.1,13.42,0.966,7.0,2020-03-26 02:00:00
2020-03-27,2,2020,19.68,41.97,23.42,34.61,444.0,2.26,11.36,30.51,13.97,0.884,6.9,2020-03-27 02:00:00
2020-03-28,2,2020,18.02,45.29,24.49,30.22,424.0,2.13,12.44,30.54,12.94,0.868,6.8,2020-03-28 02:00:00
2020-03-29,2,2020,15.73,42.43,22.11,35.46,422.0,2.25,12.32,31.05,14.2,0.946,7.0,2020-03-29 02:00:00
2020-03-30,2,2020,14.62,41.89,23.4,34.71,439.0,2.45,10.42,31.3,13.89,0.905,7.1,2020-03-30 02:00:00
2020-03-31,2,2020,11.83,43.16,22.72,34.12,438.0,2.01,12.5,30.54,13.11,0.848,6.9,2020-03-31 02:00:00
2020-04-01,2,2020,11.12,40.15,24.38,35.47,431.0,2.25,12.62,30.66,13.42,0.946,7.0,2020-04-01 02:00:00
2020-04-02,2,2020,8.12,38.81,24.55,36.64,420.0,2.18,10.94,31.24,13.63,0.936,6.8,2020-04-02 02:00:00
2020-04-03,2,2020,8.77,41.7,24.36,33.94,438.0,1.84,11.57,31.37,14.58,0.901,7.1,2020-04-03 02:00:00
2020-04-04,2,2020,14.34,42.0,25.03,32.97,444.0,2.45,10.66,29.75,14.41,0.903,7.1,2020-04-04 02:00:00
2020-04-05,2,2020,20.92,42.25,21.26,36.49,442.0,2.11,12.89,29.47,15.39,0.931,7.1,2020-04-05 02:00:00
2020-04-06,2,2020,16.27,39.73,23.67,36.6,426.0,2.13,12.98,30.99,12.64,0.854,6.8,2020-04-06 02:00:00
2020-04-07,2,2020,15.18,42.16,24.1,33.74,426.0,2.31,11.61,30.02,12.57,0.893,6.8,2020-04-07 02:00:00
2020-04-08,2,2020,12.47,42.32,25.55,32.13,433.0,2.23,12.27,29.18,15.63,0.858,6.7,2020-04-08 02:00:00
2020-04-09,2,2020,12.38,42.74,23.41,33.85,443.0,2.23,11.71,30.68,13.44,0.834,7.0,2020-04-09 02:00:00
2020-04-10,2,2020,11.17,37.68,23.42,38.9,434.0,1.99,13.71,29.54,13.23,0.966,6.9,2020-04-10 02:00:00
2020-04-11,2,2020,7.99,39.33,25.27,35.4,432.0,2.24,11.56,31.0,12.92,0.837,7.0,2020-04-11 02:00:00
2020-04-12,2,2020,5.0,40.17,22.63,37.2,436.0,2.3,13.48,29.22,13.27,0.808,7.1,2020-04-12 02:00:00
2020-04-13,2,2020,6.63,42.68,23.12,34.2,438.0,2.42,12.67,30.6,13.52,0.864,6.9,2020-04-13 02:00:00
2020-04-14,2,2020,12.5,45.01,23.38,31.61,444.0,2.1,11.56,31.25,13.33,0.862,6.9,2020-04-14 02:00:00
2020-04-15,2,2020,17.19,45.22,22.58,32.2,444.0,2.48,13.18,30.25,13.85,0.878,6.8,2020-04-15 02:00:00
2020-04-16,2,2020,15.46,44.38,26.0,29.62,429.0,2.23,11.32,32.21,14.04,0.88,7.1,2020-04-16 02:00:00
2020-04-17,2,2020,13.13,41.7,23.0,35.3,433.0,2.19,10.77,31.25,14.51,0.823,6.8,2020-04-17 02:00:00
2020-04-18,2,2020,11.75,43.39,23.94,32.67,444.0,2.29,13.31,30.21,13.74,0.888,6.8,2020-04-18 02:00:00
2020-04-19,2,2020,10.44,41.57,24.85,33.58,428.0,2.25,11.55,32.1,13.48,0.886,6.9,2020-04-19 02:00:00
2020-04-20,2,2020,9.72,43.72,24.81,31.47,417.0,2.32,10.88,29.97,13.96,0.953,7.1,2020-04-20 02:00:00
2020-04-21,2,2020,9.6,39.59,24.79,35.62,440.0,2.12,10.78,29.96,13.56,0.943,6.9,2020-04-21 02:00:00
2020-04-22,2,2020,6.33,42.37,24.13,33.5,413.0,2.07,12.8,30.74,14.5,0.853,6.8,2020-04-22 02:00:00
2020-04-23,2,2020,5.0,41.18,24.71,34.11,431.0,2.14,12.46,31.47,14.39,0.926,7.0,2020-04-23 02:00:00
2020-04-24,2,2020,13.87,41.41,23.8,34.79,449.0,2.16,12.18,31.7,13.99,0.949,7.0,2020-04-24 02:00:00
2020-04-25,2,2020,7.67,42.67,25.1,32.23,451.0,2.16,12.11,30.54,13.08,0.962,7.1,2020-04-25 02:00:00
2020-04-26,2,2020,10.58,39.97,24.75,35.28,438.0,2.1,8.85,30.43,15.26,0.844,7.0,2020-04-26 02:00:00
2020-04-27,2,2020,13.37,44.64,24.98,30.38,419.0,2.07,11.35,29.72,13.61,0.977,6.9,2020-04-27 02:00:00
2020-04-28,2,2020,13.47,44.03,29.26,26.71,457.0,2.2,11.86,31.07,13.5,0.912,7.0,2020-04-28 02:00:00
2020-04-29,2,2020,10.31,42.35,25.46,32.19,434.0,2.12,12.59,30.24,13.04,0.923,6.9,2020-04-29 02:00:00
2020-04-30,2,2020,11.02,40.68,26.75,32.57,443.0,2.41,11.36,32.25,13.19,0.917,6.9,2020-04-30 02:00:00
2020-05-01,2,2020,9.56,42.46,24.56,32.98,420.0,2.32,12.67,30.99,13.53,0.925,6.9,2020-05-01 02:00:00
2020-05-02,2,2020,6.48,42.49,24.15,33.36,445.0,2.04,9.45,30.34,14.12,0.946,7.0,2020-05-02 02:00:00
2020-05-03,2,2020,5.22,40.34,21.79,37.87,440.0,2.09,11.61,32.41,13.8,0.903,6.8,2020-05-03 02:00:00
2020-05-04,2,2020,17.75,40.99,23.3,35.71,427.0,2.18,12.66,30.69,12.76,0.949,7.0,2020-05-04 02:00:00
2020-05-05,2,2020,17.13,40.22,24.6,35.18,436.0,2.06,12.14,31.28,12.28,0.912,6.8,2020-05-05 02:00:00
2020-05-06,2,2020,12.6,42.45,22.07,35.48,461.0,2.26,12.83,31.75,13.45,0.859,7.0,2020-05-06 02:00:00
2020-05-07,2,2020,13.95,41.39,23.07,35.54,432.0,2.09,11.66,30.9,15.84,0.904,6.8,2020-05-07 02:00:00
2020-05-08,2,2020,12.31,39.9,24.42,35.68,435.0,2.33,11.89,31.66,15.25,0.923,6.9,2020-05-08 02:00:00
2020-05-09,2,2020,10.38,39.43,25.86,34.71,437.0,2.3,11.84,30.84,14.0,0.938,6.8,2020-05-09 02:00:00
2020-05-10,2,2020,6.64,44.87,23.48,31.65,431.0,2.32,12.61,29.91,13.36,0.96,6.9,2020-05-10 02:00:00
2020-05-11,2,2020,5.41,41.1,22.85,36.05,436.0,2.1,12.63,31.08,14.66,0.899,7.0,2020-05-11 02:00:00
2020-05-12,2,2020,5.18,43.42,23.06,33.52,443.0,2.28,11.49,30.15,14.19,0.864,6.8,2020-05-12 02:00:00
2020-05-13,2,2020,5.0,40.85,26.78,32.37,443.0,2.28,11.84,32.11,12.38,0.938,6.9,2020-05-13 02:00:00
2020-05-14,2,2020,5.0,38.74,25.39,35.87,432.0,2.07,11.64,31.12,14.61,0.888,6.8,2020-05-14 02:00:00
2020-05-15,2,2020,5.43,43.16,22.76,34.08,455.0,2.59,12.6,31.95,13.42,0.965,7.0,2020-05-15 02:00:00
2020-05-16,2,2020,7.08,44.54,24.64,30.82,453.0,2.3,10.29,32.28,14.23,0.994,6.9,2020-05-16 02:00:00
2020-05-17,2,2020,5.0,44.59,22.98,32.43,437.0,2.16,13.33,31.58,13.99,0.97,6.9,2020-05-17 02:00:00
2020-05-18,2,2020,5.0,39.58,23.12,37.3,447.0,2.15,11.54,29.39,15.51,0.936,7.0,2020-05-18 02:00:00
2020-05-19,2,2020,5.0,41.74,21.59,36.67,435.0,2.04,12.38,31.44,14.19,0.929,6.9,2020-05-19 02:00:00
2020-05-20,2,2020,5.78,42.58,27.59,29.83,449.0,2.22,8.92,31.87,13.05,0.947,6.8,2020-05-20 02:00:00
2020-05-21,2,2020,5.0,43.42,22.71,33.87,449.0,2.46,11.13,29.16,13.83,0.95,6.9,2020-05-21 02:00:00
2020-05-22,2,2020,6.92,40.43,23.64,35.93,448.0,2.47,12.31,30.96,14.83,0.912,6.9,2020-05-22 02:00:00
2020-05-23,2,2020,5.38,38.05,24.71,37.24,460.0,2.09,14.22,31.27,13.47,0.946,7.0,2020-05-23 02:00:00
2020-05-24,2,2020,5.86,43.11,22.35,34.54,439.0,2.13,13.47,30.91,15.2,0.968,7.1,2020-05-24 02:00:00
2020-05-25,2,2020,5.82,40.12,24.22,35.66,451.0,2.05,11.65,31.42,14.16,0.923,6.9,2020-05-25 02:00:00
2020-05-26,2,2020,5.0,46.51,25.53,27.96,447.0,2.05,12.06,30.78,14.36,0.986,7.0,2020-05-26 02:00:00
2020-05-27,2,2020,6.57,43.34,22.14,34.52,436.0,2.34,13.89,32.02,13.14,0.979,6.7,2020-05-27 02:00:00
2020-05-28,2,2020,6.18,41.04,23.66,35.3,437.0,2.28,11.51,32.74,13.62,0.919,6.7,2020-05-28 02:00:00
2020-05-29,2,2020,5.46,39.85,24.19,35.96,455.0,2.14,11.88,28.85,14.82,0.88,6.7,2020-05-29 02:00:00
2020-05-30,2,2020,5.0,40.72,26.59,32.69,429.0,2.41,10.96,30.35,14.3,0.924,6.9,2020-05-30 02:00:00
2020-05-31,2,2020,5.12,39.54,24.75,35.71,443.0,2.17,12.28,30.97,13.31,0.962,6.9,2020-05-31 02:00:00
2020-06-01,2,2020,5.55,40.93,25.27,33.8,449.0,2.12,11.22,30.43,12.87,0.965,6.7,2020-06-01 02:00:00
2020-06-02,2,2020,5.0,43.19,23.46,33.35,438.0,2.37,11.43,31.96,14.07,0.941,7.0,2020-06-02 02:00:00
2020-06-03,2,2020,5.0,42.02,22.41,35.57,445.0,2.19,11.87,32.36,14.26,0.985,6.9,2020-06-03 02:00:00
2020-06-04,2,2020,5.2,42.71,24.23,33.06,457.0,2.29,12.01,29.73,13.9,1.008,6.8,2020-06-04 02:00:00
2020-06-05,2,2020,5.0,42.18,24.49,33.33,449.0,2.27,12.57,31.59,13.88,0.913,6.8,2020-06-05 02:00:00
2020-06-06,2,2020,5.0,44.32,24.23,31.45,437.0,2.14,12.57,31.61,13.75,0.98,6.9,2020-06-06 02:00:00
2020-06-07,2,2020,6.37,41.81,25.34,32.85,446.0,2.04,13.53,29.86,13.06,1.014,7.0,2020-06-07 02:00:00
2020-06-08,2,2020,5.0,43.03,22.86,34.11,447.0,2.21,13.99,30.99,12.84,0.893,6.8,2020-06-08 02:00:00
2020-06-09,2,2020,5.0,40.52,23.17,36.31,447.0,2.23,12.7,30.98,14.76,0.958,6.8,2020-06-09 02:00:00
2020-06-10,2,2020,11.88,45.09,21.9,33.01,435.0,2.16,11.83,30.41,14.27,1.012,6.7,2020-06-10 02:00:00
2020-06-11,2,2020,12.8,40.73,21.29,37.98,452.0,2.09,12.15,30.03,15.84,0.897,6.9,2020-06-11 02:00:00
2020-06-12,2,2020,12.28,41.63,23.68,34.69,447.0,2.26,10.89,31.29,13.6,0.882,6.8,2020-06-12 02:00:00
2020-06-13,2,2020,10.87,44.63,24.31,31.06,441.0,2.12,13.24,29.14,13.38,0.938,7.1,2020-06-13 02:00:00
2020-06-14,2,2020,15.26,41.36,25.59,33.05,431.0,2.09,13.26,31.31,13.09,0.923,7.0,2020-06-14 02:00:00
2020-06-15,2,2020,11.63,39.65,24.79,35.56,454.0,2.24,11.49,31.89,13.19,0.916,7.0,2020-06-15 02:00:00
2020-06-16,2,2020,9.72,42.85,22.89,34.26,454.0,2.18,9.2,32.05,13.65,0.939,6.8,2020-06-16 02:00:00
2020-06-17,2,2020,10.15,42.16,21.77,36.07,451.0,2.22,12.58,30.89,14.8,0.915,6.9,2020-06-17 02:00:00
2020-06-18,2,2020,10.92,41.0,23.52,35.48,452.0,2.16,13.29,31.44,14.92,0.967,6.9,2020-06-18 02:00:00
2020-06-19,2,2020,7.02,40.93,24.95,34.12,457.0,2.29,11.39,30.35,14.45,0.936,6.7,2020-06-19 02:00:00
2020-06-20,2,2020,13.14,44.87,24.76,30.37,458.0,2.16,13.38,32.02,13.78,0.986,6.8,2020-06-20 02:00:00
2020-06-21,2,2020,9.9,42.26,23.98,33.76,436.0,2.21,13.86,31.8,14.24,0.982,7.0,2020-06-21 02:00:00
2020-06-22,2,2020,8.56,42.2,25.57,32.23,448.0,1.99,12.12,29.63,12.4,0.991,6.9,2020-06-22 02:00:00
2020-06-23,2,2020,5.0,38.75,23.93,37.32,449.0,2.23,13.05,30.49,13.38,0.914,6.9,2020-06-23 02:00:00
2020-06-24,2,2020,5.0,39.66,22.32,38.02,460.0,2.07,11.86,31.51,14.79,0.853,7.0,2020-06-24 02:00:00
2020-06-25,2,2020,5.46,45.54,23.73,30.73,445.0,1.97,14.63,30.23,13.53,0.952,6.8,2020-06-25 02:00:00
2020-06-26,2,2020,5.0,42.69,25.47,31.84,452.0,2.4,13.0,30.86,13.77,0.942,6.8,2020-06-26 02:00:00
2020-06-27,2,2020,10.4,41.04,23.44,35.52,448.0,2.43,9.02,28.25,14.88,1.019,6.8,2020-06-27 02:00:00
2020-06-28,2,2020,15.14,40.27,24.83,34.9,458.0,2.36,13.26,33.04,14.1,0.899,6.9,2020-06-28 02:00:00
2020-06-29,2,2020,13.06,40.25,25.42,34.33,447.0,1.92,8.48,31.76,13.81,0.947,6.9,2020-06-29 02:00:00
2020-06-30,2,2020,11.11,43.1,23.46,33.44,459.0,2.07,11.26,30.3,13.47,0.951,7.0,2020-06-30 02:00:00
2020-07-01,2,2020,11.52,38.53,26.93,34.54,440.0,2.25,11.95,30.11,13.81,1.021,6.7,2020-07-01 02:00:00
2020-07-02,2,2020,9.83,41.26,24.42,34.32,446.0,2.18,11.55,30.54,13.65,1.006,6.7,2020-07-02 02:00:00
2020-07-03,2,2020,6.08,40.99,23.86,35.15,437.0,1.72,13.59,31.19,15.34,1.021,6.9,2020-07-03 02:00:00
2020-07-04,2,2020,5.0,41.66,20.14,38.2,470.0,2.3,12.12,34.34,14.52,0.93,6.8,2020-07-04 02:00:00
2020-07-05,2,2020,5.0,40.9,25.06,34.04,451.0,2.15,10.73,30.89,13.77,0.954,6.7,2020-07-05 02:00:00
2020-07-06,2,2020,5.86,43.0,20.67,36.33,455.0,2.47,11.22,30.76,14.43,0.992,6.7,2020-07-06 02:00:00
2020-07-07,2,2020,5.0,43.83,23.79,32.38,458.0,2.54,14.13,30.32,14.12,0.973,6.8,2020-07-07 02:00:00
2020-07-08,2,2020,9.83,41.56,25.02,33.42,445.0,2.48,9.74,33.58,13.18,1.056,6.9,2020-07-08 02:00:00
2020-07-09,2,2020,15.87,42.29,26.04,31.67,441.0,1.93,12.75,31.16,13.61,1.085,6.9,2020-07-09 02:00:00
2020-07-10,2,2020,12.99,40.17,23.41,36.42,456.0,2.24,10.77,30.51,14.87,1.064,6.7,2020-07-10 02:00:00
2020-07-11,2,2020,11.4,42.94,22.74,34.32,456.0,2.18,13.16,30.79,14.88,1.072,6.8,2020-07-11 02:00:00
2020-07-12,2,2020,12.94,44.63,24.69,30.68,447.0,2.33,11.45,29.41,14.36,0.957,6.9,2020-07-12 02:00:00
2020-07-13,2,2020,9.16,40.85,23.99,35.16,443.0,2.44,13.86,30.42,14.38,0.992,6.8,2020-07-13 02:00:00
2020-07-14,2,2020,8.03,40.83,23.74,35.43,446.0,2.18,11.84,32.03,13.78,0.979,6.8,2020-07-14 02:00:00
2020-07-15,2,2020,7.0,39.99,26.89,33.12,445.0,2.15,12.09,31.56,13.86,0.985,6.9,2020-07-15 02:00:00
2020-07-16,2,2020,5.0,42.08,22.27,35.65,446.0,2.07,13.1,31.39,13.66,1.01,6.8,2020-07-16 02:00:00
2020-07-17,2,2020,5.0,43.17,25.07,31.76,433.0,1.97,12.16,30.61,13.31,0.938,6.8,2020-07-17 02:00:00
2020-07-18,2,2020,5.0,38.78,24.32,36.9,460.0,2.22,11.46,29.68,14.92,1.121,6.7,2020-07-18 02:00:00
2020-07-19,2,2020,5.35,42.72,24.45,32.83,442.0,2.07,10.93,31.03,15.7,1.019,6.8,2020-07-19 02:00:00
2020-07-20,2,2020,5.0,40.87,22.46,36.67,457.0,2.13,12.43,31.45,14.56,0.935,6.9,2020-07-20 02:00:00
2020-07-21,2,2020,6.3,42.15,23.91,33.94,461.0,2.18,10.96,31.25,13.71,1.121,6.8,2020-07-21 02:00:00
2020-07-22,2,2020,9.66,43.26,22.87,33.87,447.0,2.5,12.18,32.02,14.39,1.071,7.0,2020-07-22 02:00:00
2020-07-23,2,2020,7.69,38.99,28.38,32.63,450.0,2.3,11.63,30.06,13.69,1.075,6.9,2020-07-23 02:00:00
2020-07-24,2,2020,5.1,41.76,23.38,34.86,465.0,2.27,10.96,29.62,15.12,0.978,6.6,2020-07-24 02:00:00
2020-07-25,2,2020,5.99,40.55,23.55,35.9,453.0,2.06,12.89,29.99,13.82,1.062,6.8,2020-07-25 02:00:00
2020-07-26,2,2020,7.06,40.62,23.81,35.57,461.0,2.15,11.05,28.7,14.94,0.936,6.6,2020-07-26 02:00:00
2020-07-27,2,2020,7.16,42.47,23.32,34.21,437.0,2.06,12.89,31.29,13.91,1.054,6.9,2020-07-27 02:00:00
2020-07-28,2,2020,6.26,43.26,24.33,32.41,447.0,2.11,11.2,31.62,13.35,0.977,6.7,2020-07-28 02:00:00
2020-07-29,2,2020,5.0,44.37,23.17,32.46,453.0,2.11,12.27,30.95,15.08,0.948,6.9,2020-07-29 02:00:00
2020-07-30,2,2020,5.0,42.79,23.55,33.66,461.0,2.21,13.18,32.09,15.56,1.021,6.8,2020-07-30 02:00:00
2020-07-31,2,2020,10.74,43.1,23.84,33.06,472.0,2.19,10.25,28.55,14.45,1.058,6.9,2020-07-31 02:00:00
2020-08-01,2,2020,11.29,43.27,24.16,32.57,454.0,2.26,10.91,32.05,15.28,0.916,6.9,2020-08-01 02:00:00
2020-08-02,2,2020,9.3,41.39,24.44,34.17,450.0,2.08,12.42,30.88,15.54,1.003,6.7,2020-08-02 02:00:00
2020-08-03,2,2020,7.61,41.6,23.75,34.65,443.0,2.53,11.12,30.42,14.19,1.02,6.8,2020-08-03 02:00:00
2020-08-04,2,2020,9.14,40.5,24.19,35.31,453.0,2.26,11.0,29.61,14.51,1.017,6.7,2020-08-04 02:00:00
2020-08-05,2,2020,7.08,39.04,24.15,36.81,464.0,2.26,10.45,31.27,13.01,1.052,6.9,2020-08-05 02:00:00
2020-08-06,2,2020,5.0,42.2,22.8,35.0,455.0,2.16,12.61,29.27,13.92,1.003,6.9,2020-08-06 02:00:00
2020-08-07,2,2020,5.01,40.76,25.33,33.91,450.0,2.36,11.41,30.74,14.63,1.068,7.0,2020-08-07 02:00:00
2020-08-08,2,2020,6.97,40.24,24.31,35.45,463.0,2.24,13.76,30.37,13.87,1.015,6.8,2020-08-08 02:00:00
2020-08-09,2,2020,5.4,46.11,23.61,30.28,473.0,2.27,14.2,30.98,14.11,0.972,7.0,2020-08-09 02:00:00
2020-08-10,2,2020,5.0,42.71,21.86,35.43,461.0,2.1,12.52,31.7,14.23,0.964,6.8,2020-08-10 02:00:00
2020-08-11,2,2020,5.0,43.57,23.23,33.2,462.0,1.95,10.04,29.54,13.58,1.021,6.8,2020-08-11 02:00:00
2020-08-12,2,2020,5.0,41.72,22.36,35.92,458.0,1.98,11.74,32.59,12.67,0.974,6.9,2020-08-12 02:00:00
2020-08-13,2,2020,5.3,42.14,21.24,36.62,439.0,2.53,11.06,30.4,14.57,0.983,6.9,2020-08-13 02:00:00
2020-08-14,2,2020,5.0,39.88,23.07,37.05,460.0,2.22,13.15,29.61,14.41,1.012,6.6,2020-08-14 02:00:00
2020-08-15,2,2020,6.54,38.0,22.82,39.18,451.0,2.16,10.43,30.48,14.39,0.99,6.7,2020-08-15 02:00:00
2020-08-16,2,2020,5.0,44.94,20.67,34.39,451.0,1.95,10.76,30.11,13.86,0.957,7.0,2020-08-16 02:00:00
2020-08-17,2,2020,6.32,41.44,24.11,34.45,438.0,2.14,9.75,31.3,14.99,1.08,6.8,2020-08-17 02:00:00
2020-08-18,2,2020,5.29,40.37,23.86,35.77,458.0,2.19,11.68,32.35,13.29,1.08,6.8,2020-08-18 02:00:00
2020-08-19,2,2020,5.0,43.2,24.97,31.83,459.0,2.21,11.56,30.96,14.65,0.965,6.7,2020-08-19 02:00:00
2020-08-20,2,2020,5.0,41.99,24.37,33.64,468.0,2.24,12.71,29.55,14.48,1.022,7.0,2020-08-20 02:00:00
2020-08-21,2,2020,5.65,42.69,24.82,32.49,474.0,2.14,13.26,29.0,14.6,0.971,6.9,2020-08-21 02:00:00
2020-08-22,2,2020,9.75,42.65,22.98,34.37,470.0,2.0,13.3,31.55,12.73,1.119,6.7,2020-08-22 02:00:00
2020-08-23,2,2020,5.0,41.54,24.16,34.3,443.0,2.14,12.22,31.36,14.66,0.947,6.9,2020-08-23 02:00:00
2020-08-24,2,2020,5.61,42.15,20.77,37.08,463.0,2.06,14.82,31.78,13.37,1.032,6.7,2020-08-24 02:00:00
2020-08-25,2,2020,5.25,43.3,26.15,30.55,464.0,2.28,10.65,31.06,13.89,0.965,6.8,2020-08-25 02:00:00
2020-08-26,2,2020,5.43,39.83,22.1,38.07,448.0,2.14,12.87,31.35,13.85,1.041,6.6,2020-08-26 02:00:00
2020-08-27,2,2020,5.43,40.21,25.02,34.77,451.0,2.49,10.41,32.73,14.25,1.085,6.8,2020-08-27 02:00:00
2020-08-28,2,2020,5.57,39.18,24.57,36.25,457.0,2.41,13.11,30.22,13.77,1.062,6.8,2020-08-28 02:00:00
2020-08-29,2,2020,6.11,39.71,23.51,36.78,454.0,2.21,11.66,29.48,13.64,1.163,6.8,2020-08-29 02:00:00
2020-08-30,2,2020,5.0,41.59,24.21,34.2,466.0,2.04,11.27,30.8,15.57,1.087,7.0,2020-08-30 02:00:00
2020-08-31,2,2020,9.08,39.38,24.92,35.7,475.0,2.13,12.54,31.88,14.65,1.038,6.7,2020-08-31 02:00:00
2020-09-01,2,2020,11.08,43.47,22.2,34.33,466.0,2.18,13.62,31.32,14.8,1.083,6.8,2020-09-01 02:00:00
2020-09-02,2,2020,7.46,44.27,24.2,31.53,478.0,2.48,11.7,30.96,15.49,0.989,6.8,2020-09-02 02:00:00
2020-09-03,2,2020,5.06,41.4,25.5,33.1,472.0,2.2,12.53,30.46,13.68,1.012,6.9,2020-09-03 02:00:00
2020-09-04,2,2020,5.0,40.08,25.86,34.06,459.0,2.09,11.91,30.69,13.98,1.144,6.9,2020-09-04 02:00:00
2020-09-05,2,2020,5.0,41.92,19.52,38.56,468.0,2.01,11.05,30.52,13.96,1.014,6.8,2020-09-05 02:00:00
2020-09-06,2,2020,5.0,43.48,25.93,30.59,463.0,2.01,11.28,32.37,12.81,1.111,6.8,2020-09-06 02:00:00
2020-09-07,2,2020,5.0,41.22,22.98,35.8,448.0,2.37,12.43,31.15,14.5,1.126,6.8,2020-09-07 02:00:00
2020-09-08,2,2020,5.74,37.19,20.79,42.02,451.0,2.2,10.38,31.03,14.19,1.003,6.8,2020-09-08 02:00:00
2020-09-09,2,2020,5.0,41.08,25.27,33.65,450.0,2.33,11.94,28.6,14.02,0.975,6.7,2020-09-09 02:00:00
2020-09-10,2,2020,6.61,40.66,21.61,37.73,472.0,1.9,13.03,30.21,13.43,0.986,6.9,2020-09-10 02:00:00
2020-09-11,2,2020,5.0,43.62,25.52,30.86,450.0,2.18,15.24,32.61,14.62,1.034,6.8,2020-09-11 02:00:00
2020-09-12,2,2020,7.8,38.84,23.01,38.15,479.0,2.25,12.53,31.1,13.91,1.08,6.9,2020-09-12 02:00:00
2020-09-13,2,2020,18.72,42.53,23.96,33.51,473.0,1.99,10.75,29.41,12.85,1.102,6.9,2020-09-13 02:00:00
2020-09-14,2,2020,15.07,41.55,22.64,35.81,473.0,2.52,13.31,30.52,14.57,1.058,6.8,2020-09-14 02:00:00
2020-09-15,2,2020,12.68,42.74,21.72,35.54,478.0,2.15,11.28,31.28,13.97,1.037,6.7,2020-09-15 02:00:00
2020-09-16,2,2020,15.23,41.99,22.85,35.16,451.0,1.88,12.74,31.87,13.03,1.004,6.9,2020-09-16 02:00:00
2020-09-17,2,2020,13.78,42.32,24.56,33.12,470.0,2.11,10.1,32.49,12.6,1.135,6.6,2020-09-17 02:00:00
2020-09-18,2,2020,12.34,41.86,22.26,35.88,474.0,1.83,12.14,31.4,13.6,1.028,6.8,2020-09-18 02:00:00
2020-09-19,2,2020,11.21,43.49,26.52,29.99,467.0,2.28,12.12,30.53,13.75,0.971,6.7,2020-09-19 02:00:00
2020-09-20,2,2020,10.61,41.45,23.32,35.23,473.0,2.08,11.95,30.59,14.03,1.052,6.7,2020-09-20 02:00:00
2020-09-21,2,2020,5.0,44.21,22.22,33.57,458.0,2.2,11.97,31.69,14.32,1.057,6.8,2020-09-21 02:00:00
2020-09-22,2,2020,5.2,37.58,23.56,38.86,463.0,2.33,11.91,31.49,15.0,0.995,6.8,2020-09-22 02:00:00
2020-09-23,2,2020,8.03,38.99,22.84,38.17,474.0,2.51,13.77,31.54,14.15,1.126,6.9,2020-09-23 02:00:00
2020-09-24,2,2020,5.86,41.65,23.2,35.15,462.0,2.25,11.97,29.86,14.67,1.144,6.8,2020-09-24 02:00:00
2020-09-25,2,2020,6.04,39.99,24.25,35.76,458.0,2.45,12.88,30.08,13.42,1.106,6.8,2020-09-25 02:00:00
2020-09-26,2,2020,5.0,42.74,25.26,32.0,459.0,2.19,11.91,30.05,15.65,1.034,6.9,2020-09-26 02:00:00
2020-09-27,2,2020,5.0,41.5,22.96,35.54,464.0,2.24,13.56,31.9,13.5,1.087,6.9,2020-09-27 02:00:00
2020-09-28,2,2020,6.64,40.62,24.65,34.73,454.0,2.29,9.59,30.94,14.21,1.129,6.8,2020-09-28 02:00:00
2020-09-29,2,2020,12.58,42.23,23.14,34.63,461.0,1.97,12.93,30.29,14.33,1.168,6.7,2020-09-29 02:00:00
2020-09-30,2,2020,10.86,41.28,24.61,34.11,475.0,2.41,10.8,33.81,14.31,1.052,6.7,2020-09-30 02:00:00
2020-10-01,2,2020,9.19,44.6,23.91,31.49,465.0,2.01,11.99,30.58,13.31,1.054,6.7,2020-10-01 02:00:00
2020-10-02,2,2020,7.19,42.99,26.69,30.32,467.0,2.17,14.34,28.9,14.87,1.029,6.8,2020-10-02 02:00:00
2020-10-03,2,2020,7.81,40.38,26.64,32.98,478.0,2.06,13.2,30.46,14.74,1.068,6.8,2020-10-03 02:00:00
2020-10-04,2,2020,5.0,41.71,23.97,34.32,465.0,2.26,11.84,30.3,15.96,1.109,6.8,2020-10-04 02:00:00
2020-10-05,2,2020,5.84,39.69,21.75,38.56,469.0,2.35,10.92,31.71,12.39,1.122,6.7,2020-10-05 02:00:00
2020-10-06,2,2020,5.19,42.22,25.24,32.54,447.0,2.18,11.45,32.15,14.52,1.106,6.6,2020-10-06 02:00:00
2020-10-07,2,2020,6.71,43.67,22.65,33.68,465.0,2.23,11.42,30.16,13.92,1.026,6.6,2020-10-07 02:00:00
2020-10-08,2,2020,6.23,40.59,25.16,34.25,464.0,2.08,15.28,31.51,14.0,1.074,6.7,2020-10-08 02:00:00
2020-10-09,2,2020,5.1,45.03,25.27,29.7,456.0,2.35,10.93,30.46,14.27,1.095,6.5,2020-10-09 02:00:00
2020-10-10,2,2020,5.99,41.94,23.89,34.17,456.0,2.27,11.02,30.74,14.83,1.118,6.7,2020-10-10 02:00:00
2020-10-11,2,2020,6.03,42.66,23.63,33.71,461.0,2.51,12.89,30.21,13.7,1.041,6.8,2020-10-11 02:00:00
2020-10-12,2,2020,5.35,44.69,23.97,31.34,466.0,2.3,10.95,30.45,13.58,1.04,6.9,2020-10-12 02:00:00
2020-10-13,2,2020,5.0,43.22,25.97,30.81,459.0,1.88,13.07,31.5,14.47,1.053,6.7,2020-10-13 02:00:00
2020-10-14,2,2020,6.19,44.26,24.69,31.05,457.0,2.33,12.45,29.28,14.86,0.974,6.7,2020-10-14 02:00:00
2020-10-15,2,2020,6.28,41.85,22.88,35.27,464.0,2.24,12.05,31.77,14.18,1.053,6.6,2020-10-15 02:00:00
2020-10-16,2,2020,5.3,39.63,24.98,35.39,444.0,2.17,12.65,31.65,15.33,1.14,6.7,2020-10-16 02:00:00
2020-10-17,2,2020,6.28,40.67,21.2,38.13,463.0,2.11,13.04,31.53,14.64,1.046,6.8,2020-10-17 02:00:00
2020-10-18,2,2020,6.02,44.9,27.13,27.97,473.0,2.17,12.97,30.72,13.03,1.041,6.8,2020-10-18 02:00:00
2020-10-19,2,2020,5.42,43.99,25.1,30.91,478.0,2.1,11.12,30.67,13.43,1.061,6.8,2020-10-19 02:00:00
2020-10-20,2,2020,6.15,44.68,25.69,29.63,468.0,2.1,10.97,30.57,14.58,1.04,6.7,2020-10-20 02:00:00
2020-10-21,2,2020,5.0,44.45,24.91,30.64,450.0,2.41,13.51,30.89,13.73,1.14,6.8,2020-10-21 02:00:00
2020-10-22,2,2020,5.31,39.18,23.29,37.53,459.0,2.13,11.34,31.4,14.31,1.132,6.9,2020-10-22 02:00:00
2020-10-23,2,2020,5.0,42.34,21.71,35.95,450.0,2.01,12.3,31.81,14.97,1.087,6.7,2020-10-23 02:00:00
2020-10-24,2,2020,10.9,39.72,24.48,35.8,479.0,2.0,11.85,32.49,14.51,1.164,6.8,2020-10-24 02:00:00
2020-10-25,2,2020,10.19,43.02,20.29,36.69,467.0,2.17,13.13,31.94,12.66,1.167,6.6,2020-10-25 02:00:00
2020-10-26,2,2020,6.17,38.69,23.43,37.88,454.0,2.05,12.78,31.06,14.25,1.059,6.7,2020-10-26 02:00:00
2020-10-27,2,2020,5.66,42.45,25.29,32.26,465.0,2.05,10.54,29.56,12.89,1.082,6.9,2020-10-27 02:00:00
2020-10-28,2,2020,6.84,48.49,22.36,29.15,475.0,2.27,12.58,30.49,14.13,1.108,6.8,2020-10-28 02:00:00
2020-10-29,2,2020,6.2,42.69,24.6,32.71,478.0,2.21,10.73,30.17,13.79,1.139,6.5,2020-10-29 02:00:00
2020-10-30,2,2020,5.85,43.53,22.16,34.31,454.0,2.25,12.49,29.28,14.53,1.061,6.8,2020-10-30 02:00:00
2020-10-31,2,2020,10.35,45.02,26.5,28.48,473.0,2.32,12.26,30.22,14.79,1.077,6.7,2020-10-31 02:00:00
2020-11-01,2,2020,10.07,39.68,23.76,36.56,484.0,2.38,12.46,30.61,13.1,1.071,6.8,2020-11-01 02:00:00
2020-11-02,2,2020,12.76,41.42,22.63,35.95,459.0,2.34,10.42,31.31,16.11,1.123,6.7,2020-11-02 02:00:00
2020-11-03,2,2020,10.62,42.86,22.31,34.83,467.0,2.39,10.9,30.78,13.53,1.113,6.7,2020-11-03 02:00:00
2020-11-04,2,2020,11.34,41.55,22.38,36.07,459.0,2.39,11.98,32.63,13.87,1.116,6.6,2020-11-04 02:00:00
2020-11-05,2,2020,6.86,41.77,22.07,36.16,460.0,2.29,13.73,30.56,14.96,1.069,6.8,2020-11-05 02:00:00
2020-11-06,2,2020,6.0,41.83,23.82,34.35,472.0,2.13,11.21,31.06,14.37,1.177,6.7,2020-11-06 02:00:00
2020-11-07,2,2020,7.0,42.64,24.5,32.86,462.0,2.24,11.79,29.66,13.54,1.064,6.7,2020-11-07 02:00:00
2020-11-08,2,2020,5.0,41.24,23.33,35.43,455.0,2.14,10.72,31.43,13.97,0.981,6.6,2020-11-08 02:00:00
2020-11-09,2,2020,5.0,41.08,24.02,34.9,474.0,2.25,12.49,31.18,14.13,1.07,6.8,2020-11-09 02:00:00
2020-11-10,2,2020,10.39,42.08,25.51,32.41,465.0,2.33,13.96,30.11,15.51,1.134,6.6,2020-11-10 02:00:00
2020-11-11,2,2020,6.69,38.97,21.52,39.51,485.0,2.09,13.26,31.01,13.89,1.147,6.9,2020-11-11 02:00:00
2020-11-12,2,2020,5.77,42.95,23.48,33.57,475.0,2.11,12.77,31.28,14.27,1.115,6.7,2020-11-12 02:00:00
2020-11-13,2,2020,9.26,40.4,24.99,34.61,472.0,2.13,13.18,30.58,14.01,1.091,6.6,2020-11-13 02:00:00
2020-11-14,2,2020,5.88,45.08,22.27,32.65,475.0,2.2,11.2,30.93,13.98,1.125,6.8,2020-11-14 02:00:00
2020-11-15,2,2020,5.07,39.56,25.19,35.25,480.0,2.14,12.02,32.84,12.45,1.012,6.8,2020-11-15 02:00:00
2020-11-16,2,2020,5.0,38.14,24.72,37.14,467.0,2.1,11.5,30.19,14.11,1.138,6.8,2020-11-16 02:00:00
2020-11-17,2,2020,5.0,44.12,23.09,32.79,481.0,2.5,12.24,30.5,14.74,1.142,6.9,2020-11-17 02:00:00
2020-11-18,2,2020,5.15,40.27,24.89,34.84,484.0,2.36,13.79,32.64,13.1,1.12,6.8,2020-11-18 02:00:00
2020-11-19,2,2020,16.28,40.55,26.34,33.11,464.0,2.2,11.57,31.56,14.13,1.092,6.9,2020-11-19 02:00:00
2020-11-20,2,2020,14.13,45.3,22.36,32.34,476.0,2.36,11.34,31.7,14.78,1.139,6.7,2020-11-20 02:00:00
2020-11-21,2,2020,21.78,42.53,25.06,32.41,473.0,2.0,14.5,30.83,14.73,1.13,6.6,2020-11-21 02:00:00
2020-11-22,2,2020,19.11,37.15,21.2,41.65,474.0,2.47,11.26,31.79,14.97,1.045,6.8,2020-11-22 02:00:00
2020-11-23,2,2020,15.89,42.35,24.64,33.01,460.0,2.21,11.46,32.48,15.55,1.018,6.8,2020-11-23 02:00:00
2020-11-24,2,2020,15.39,41.91,24.68,33.41,480.0,2.25,13.27,32.61,12.89,1.179,6.7,2020-11-24 02:00:00
2020-11-25,2,2020,15.07,41.64,23.0,35.36,482.0,2.23,13.29,31.72,14.45,1.106,6.6,2020-11-25 02:00:00
2020-11-26,2,2020,10.95,40.64,22.77,36.59,483.0,2.19,12.1,30.44,12.93,1.118,6.8,2020-11-26 02:00:00
2020-11-27,2,2020,11.33,40.58,23.43,35.99,469.0,1.95,11.94,32.24,13.92,1.097,6.5,2020-11-27 02:00:00
2020-11-28,2,2020,9.48,42.19,22.52,35.29,471.0,2.15,11.92,29.28,15.44,1.156,6.9,2020-11-28 02:00:00
2020-11-29,2,2020,9.68,40.39,24.17,35.44,480.0,2.42,11.1,30.68,14.52,1.132,6.6,2020-11-29 02:00:00
2020-11-30,2,2020,11.85,39.85,24.24,35.91,478.0,2.22,11.2,31.47,13.06,1.061,6.6,2020-11-30 02:00:00
2020-12-01,2,2020,9.39,43.47,23.85,32.68,487.0,1.96,12.41,33.36,14.09,1.06,6.7,2020-12-01 02:00:00
2020-12-02,2,2020,8.87,41.56,24.36,34.08,467.0,2.1,9.1,30.74,13.98,1.24,6.7,2020-12-02 02:00:00
2020-12-03,2,2020,5.0,38.87,23.59,37.54,489.0,2.22,9.88,30.45,15.11,1.233,6.7,2020-12-03 02:00:00
2020-12-04,2,2020,5.65,42.11,22.96,34.93,471.0,2.23,11.38,29.13,14.1,1.095,6.8,2020-12-04 02:00:00
2020-12-05,2,2020,6.05,42.79,21.25,35.96,476.0,2.15,11.83,31.62,14.56,1.179,6.9,2020-12-05 02:00:00
2020-12-06,2,2020,5.0,42.84,25.23,31.93,476.0,2.03,13.74,31.84,14.54,1.158,6.7,2020-12-06 02:00:00
2020-12-07,2,2020,5.72,44.17,25.19,30.64,455.0,1.98,11.67,30.07,12.94,1.189,6.6,2020-12-07 02:00:00
2020-12-08,2,2020,5.0,39.85,23.9,36.25,495.0,1.75,13.15,31.22,14.48,1.006,6.8,2020-12-08 02:00:00
2020-12-09,2,2020,5.53,42.11,25.13,32.76,481.0,2.11,10.14,31.5,14.03,1.05,6.9,2020-12-09 02:00:00
2020-12-10,2,2020,6.72,43.55,23.64,32.81,479.0,2.02,11.39,31.32,13.37,1.093,6.7,2020-12-10 02:00:00
2020-12-11,2,2020,5.51,44.14,23.97,31.89,471.0,2.17,11.4,31.99,14.21,1.208,6.6,2020-12-11 02:00:00
2020-12-12,2,2020,5.21,43.98,25.64,30.38,486.0,2.44,10.8,29.76,12.78,1.172,6.7,2020-12-12 02:00:00
2020-12-13,2,2020,5.0,40.65,24.38,34.97,457.0,1.89,12.68,31.3,13.45,1.161,6.7,2020-12-13 02:00:00
2020-12-14,2,2020,5.0,40.6,25.51,33.89,492.0,2.15,12.97,31.64,13.77,1.162,6.7,2020-12-14 02:00:00
2020-12-15,2,2020,5.0,40.81,27.0,32.19,489.0,2.08,12.38,30.05,14.59,1.162,6.5,2020-12-15 02:00:00
2020-12-16,2,2020,5.0,38.74,25.33,35.93,494.0,2.26,13.74,29.67,13.69,1.123,6.9,2020-12-16 02:00:00
2020-12-17,2,2020,5.0,41.17,22.15,36.68,471.0,2.22,11.12,30.19,15.34,1.218,6.7,2020-12-17 02:00:00
2020-12-18,2,2020,5.0,43.77,23.24,32.99,458.0,2.49,10.89,31.86,14.31,1.123,6.4,2020-12-18 02:00:00
2020-12-19,2,2020,5.0,43.43,23.9,32.67,495.0,2.26,13.88,30.71,14.98,1.088,6.7,2020-12-19 02:00:00
2020-12-20,2,2020,5.14,40.29,24.98,34.73,482.0,2.21,13.45,30.52,13.41,1.109,6.6,2020-12-20 02:00:00
2020-12-21,2,2020,5.0,38.01,23.56,38.43,464.0,2.41,10.41,32.1,12.85,1.146,6.7,2020-12-21 02:00:00
2020-12-22,2,2020,5.62,42.61,23.64,33.75,471.0,2.24,13.51,30.83,14.31,1.059,6.6,2020-12-22 02:00:00
2020-12-23,2,2020,5.79,41.8,22.67,35.53,485.0,2.39,13.95,31.24,13.77,1.159,6.6,2020-12-23 02:00:00
2020-12-24,2,2020,5.05,44.89,24.98,30.13,461.0,2.41,11.36,30.4,14.17,1.118,6.8,2020-12-24 02:00:00
2020-12-25,2,2020,9.04,41.35,23.54,35.11,486.0,2.27,13.32,32.37,13.39,1.086,6.7,2020-12-25 02:00:00
2020-12-26,2,2020,5.17,42.54,26.37,31.09,502.0,2.14,13.57,31.73,13.48,1.141,6.5,2020-12-26 02:00:00
2020-12-27,2,2020,5.71,38.22,21.18,40.6,472.0,2.12,14.17,33.53,14.02,1.121,6.8,2020-12-27 02:00:00
2020-12-28,2,2020,7.3,41.78,23.62,34.6,477.0,2.11,11.73,31.61,14.06,1.118,6.7,2020-12-28 02:00:00
2020-12-29,2,2020,6.21,39.81,24.66,35.53,485.0,2.32,11.81,30.38,12.63,1.147,6.8,2020-12-29 02:00:00
2020-12-30,2,2020,5.0,40.36,24.5,35.14,491.0,2.22,11.64,31.15,13.05,1.127,6.5,2020-12-30 02:00:00
2020-12-31,2,2020,14.63,43.3,25.61,31.09,482.0,1.89,9.97,29.29,14.2,1.13,6.7,2020-12-31 02:00:00
2021-01-01,2,2021,33.67,44.41,24.88,30.71,420.0,2.29,11.99,31.25,14.0,0.802,7.2,2021-01-01 02:00:00
2021-01-02,2,2021,32.26,41.67,24.19,34.14,429.0,2.46,12.9,31.0,13.72,0.779,7.1,2021-01-02 02:00:00
2021-01-03,2,2021,33.11,47.35,25.38,27.27,433.0,2.24,12.77,31.09,14.25,0.724,7.1,2021-01-03 02:00:00
2021-01-04,2,2021,32.78,41.27,21.72,37.01,424.0,2.35,12.91,32.23,14.0,0.746,7.1,2021-01-04 02:00:00
2021-01-05,2,2021,36.95,41.7,24.17,34.13,419.0,2.52,10.61,32.79,15.29,0.723,7.1,2021-01-05 02:00:00
2021-01-06,2,2021,36.43,40.16,25.09,34.75,410.0,2.39,13.1,30.89,12.49,0.855,6.9,2021-01-06 02:00:00
2021-01-07,2,2021,34.25,44.21,23.65,32.14,431.0,2.16,12.85,30.48,14.86,0.837,7.0,2021-01-07 02:00:00
2021-01-08,2,2021,33.16,45.0,23.47,31.53,426.0,2.21,14.05,32.21,13.7,0.823,7.2,2021-01-08 02:00:00
2021-01-09,2,2021,34.28,41.68,23.38,34.94,414.0,2.35,11.94,32.04,14.74,0.759,6.9,2021-01-09 02:00:00
2021-01-10,2,2021,31.04,44.37,23.17,32.46,421.0,2.28,11.45,29.28,13.31,0.907,7.0,2021-01-10 02:00:00
2021-01-11,2,2021,29.76,40.02,25.64,34.34,414.0,2.21,11.81,29.06,14.12,0.824,7.2,2021-01-11 02:00:00
2021-01-12,2,2021,27.84,41.73,23.75,34.52,430.0,2.17,12.68,31.03,14.04,0.768,7.0,2021-01-12 02:00:00
2021-01-13,2,2021,28.19,42.45,24.02,33.53,413.0,2.2,13.77,30.92,13.81,0.849,6.9,2021-01-13 02:00:00
2021-01-14,2,2021,31.68,41.85,25.2,32.95,423.0,2.04,12.12,29.35,13.75,0.822,7.2,2021-01-14 02:00:00
2021-01-15,2,2021,29.37,38.81,26.14,35.05,425.0,1.95,11.02,30.26,14.63,0.791,7.1,2021-01-15 02:00:00
2021-01-16,2,2021,25.67,42.09,25.53,32.38,428.0,2.23,12.61,32.72,13.36,0.817,6.9,2021-01-16 02:00:00
2021-01-17,2,2021,27.34,41.47,24.58,33.95,409.0,2.22,12.09,31.67,14.5,0.874,7.0,2021-01-17 02:00:00
2021-01-18,2,2021,23.17,45.24,23.28,31.48,435.0,1.98,10.64,31.05,15.37,0.843,7.0,2021-01-18 02:00:00
2021-01-19,2,2021,25.91,43.1,23.02,33.88,423.0,2.38,12.55,32.45,15.28,0.882,6.9,2021-01-19 02:00:00
2021-01-20,2,2021,25.62,40.67,22.75,36.58,411.0,2.25,12.48,29.75,12.86,0.858,7.2,2021-01-20 02:00:00
2021-01-21,2,2021,23.16,41.5,24.51,33.99,413.0,2.0,9.64,31.69,13.07,0.874,6.8,2021-01-21 02:00:00
2021-01-22,2,2021,21.71,43.09,24.46,32.45,406.0,2.19,12.64,30.97,13.73,0.876,6.8,2021-01-22 02:00:00
2021-01-23,2,2021,20.66,41.14,23.67,35.19,415.0,2.32,9.94,29.34,14.26,0.766,6.8,2021-01-23 02:00:00
2021-01-24,2,2021,21.36,40.95,24.07,34.98,417.0,2.37,10.7,32.49,13.92,0.782,6.9,2021-01-24 02:00:00
2021-01-25,2,2021,20.54,44.55,22.73,32.72,420.0,2.35,13.96,30.87,14.04,0.792,6.8,2021-01-25 02:00:00
2021-01-26,2,2021,16.52,41.13,24.89,33.98,444.0,2.41,11.77,32.4,13.62,0.939,7.0,2021-01-26 02:00:00
2021-01-27,2,2021,19.3,44.17,22.7,33.13,441.0,1.97,10.37,30.72,13.6,0.801,6.7,2021-01-27 02:00:00
2021-01-28,2,2021,19.95,39.17,22.23,38.6,431.0,1.97,12.71,30.56,13.8,0.813,6.9,2021-01-28 02:00:00
2021-01-29,2,2021,17.82,43.27,22.67,34.06,427.0,2.27,12.47,30.54,15.38,0.833,7.0,2021-01-29 02:00:00
2021-01-30,2,2021,18.02,43.77,23.37,32.86,426.0,2.0,11.18,32.46,14.68,0.783,6.9,2021-01-30 02:00:00
2021-01-31,2,2021,15.96,42.68,26.43,30.89,420.0,2.1,12.88,29.37,13.61,0.817,7.1,2021-01-31 02:00:00
2021-02-01,2,2021,15.27,42.72,25.81,31.47,417.0,2.13,11.96,31.9,14.98,0.863,7.0,2021-02-01 02:00:00
2021-02-02,2,2021,16.18,42.3,24.55,33.15,414.0,1.92,12.52,30.96,14.64,0.826,7.0,2021-02-02 02:00:00
2021-02-03,2,2021,15.07,41.27,24.68,34.05,436.0,2.12,12.44,33.09,14.3,0.829,6.8,2021-02-03 02:00:00
2021-02-04,2,2021,13.43,41.47,26.36,32.17,413.0,2.15,11.76,30.7,14.79,0.735,6.9,2021-02-04 02:00:00
2021-02-05,2,2021,21.87,41.08,22.4,36.52,450.0,2.23,13.08,32.03,13.39,0.751,6.9,2021-02-05 02:00:00
2021-02-06,2,2021,26.35,42.34,25.49,32.17,424.0,2.31,12.37,30.78,12.97,0.879,7.1,2021-02-06 02:00:00
2021-02-07,2,2021,25.11,44.46,22.57,32.97,425.0,2.0,10.77,29.87,14.96,0.825,7.0,2021-02-07 02:00:00
2021-02-08,2,2021,24.74,41.34,26.41,32.25,433.0,1.95,11.57,31.05,14.26,0.904,6.9,2021-02-08 02:00:00
2021-02-09,2,2021,22.21,43.04,23.57,33.39,422.0,2.12,16.5,34.09,14.16,0.761,7.1,2021-02-09 02:00:00
2021-02-10,2,2021,22.23,41.76,24.81,33.43,417.0,2.09,12.45,31.3,14.19,0.822,7.0,2021-02-10 02:00:00
2021-02-11,2,2021,20.59,40.63,23.28,36.09,422.0,2.31,11.57,30.63,14.39,0.875,7.1,2021-02-11 02:00:00
2021-02-12,2,2021,19.71,42.75,22.67,34.58,433.0,2.17,10.61,31.44,13.78,0.89,6.9,2021-02-12 02:00:00
2021-02-13,2,2021,19.61,45.01,23.39,31.6,425.0,2.31,12.31,29.55,14.49,0.767,6.9,2021-02-13 02:00:00
2021-02-14,2,2021,21.02,38.75,25.0,36.25,423.0,2.1,12.63,31.02,13.7,0.837,6.8,2021-02-14 02:00:00
2021-02-15,2,2021,22.21,42.64,23.5,33.86,435.0,2.23,13.96,29.38,12.22,0.896,7.1,2021-02-15 02:00:00
2021-02-16,2,2021,20.48,38.55,25.11,36.34,432.0,2.08,8.55,29.58,14.34,0.875,7.1,2021-02-16 02:00:00
2021-02-17,2,2021,19.84,43.89,23.12,32.99,437.0,2.03,13.16,31.08,13.44,0.78,7.0,2021-02-17 02:00:00
2021-02-18,2,2021,17.59,42.24,23.33,34.43,436.0,2.11,12.56,28.72,13.48,0.872,6.9,2021-02-18 02:00:00
2021-02-19,2,2021,18.86,45.59,24.55,29.86,422.0,2.4,11.32,30.93,14.05,0.933,7.1,2021-02-19 02:00:00
2021-02-20,2,2021,17.86,41.32,24.29,34.39,429.0,2.17,12.33,30.41,13.22,0.835,6.8,2021-02-20 02:00:00
2021-02-21,2,2021,15.63,40.34,24.28,35.38,424.0,2.16,12.8,31.11,11.53,0.9,7.1,2021-02-21 02:00:00
2021-02-22,2,2021,16.22,39.53,25.86,34.61,429.0,2.22,13.89,30.85,14.36,0.796,7.1,2021-02-22 02:00:00
2021-02-23,2,2021,20.07,42.14,23.83,34.03,430.0,2.21,11.94,30.68,14.62,0.854,7.1,2021-02-23 02:00:00
2021-02-24,2,2021,27.61,37.95,24.17,37.88,436.0,1.97,9.9,28.66,15.34,0.898,7.1,2021-02-24 02:00:00
2021-02-25,2,2021,27.64,45.04,25.08,29.88,441.0,2.3,12.67,31.16,13.52,0.75,7.0,2021-02-25 02:00:00
2021-02-26,2,2021,24.72,44.32,24.34,31.34,431.0,2.37,12.79,31.8,15.2,0.809,7.0,2021-02-26 02:00:00
2021-02-27,2,2021,26.07,41.43,23.77,34.8,430.0,2.23,11.69,30.08,13.46,0.842,7.1,2021-02-27 02:00:00
2021-02-28,2,2021,22.63,41.12,27.71,31.17,416.0,2.06,11.09,31.99,14.39,1.005,6.9,2021-02-28 02:00:00
2021-03-01,2,2021,25.41,41.13,23.15,35.72,414.0,2.34,14.48,31.99,14.43,0.817,7.0,2021-03-01 02:00:00
2021-03-02,2,2021,22.0,44.59,25.35,30.06,430.0,2.25,13.79,31.46,13.79,0.832,7.0,2021-03-02 02:00:00
2021-03-03,2,2021,20.2,39.78,24.38,35.84,425.0,2.24,12.86,29.79,14.88,0.817,7.1,2021-03-03 02:00:00
2021-03-04,2,2021,19.08,43.35,22.8,33.85,419.0,2.22,11.13,29.82,13.34,0.823,7.0,2021-03-04 02:00:00
2021-03-05,2,2021,15.47,40.79,25.69,33.52,427.0,2.12,12.28,31.71,14.37,0.756,7.0,2021-03-05 02:00:00
2021-03-06,2,2021,12.84,42.31,22.08,35.61,435.0,2.11,11.57,31.46,13.02,0.921,6.8,2021-03-06 02:00:00
2021-03-07,2,2021,10.46,44.59,24.36,31.05,418.0,2.25,11.8,31.51,14.51,0.869,7.0,2021-03-07 02:00:00
2021-03-08,2,2021,10.55,41.0,24.9,34.1,426.0,2.22,13.01,31.23,13.79,0.865,6.7,2021-03-08 02:00:00
2021-03-09,2,2021,8.25,41.16,23.53,35.31,444.0,2.48,12.68,29.88,14.0,0.861,7.2,2021-03-09 02:00:00
2021-03-10,2,2021,10.0,41.76,22.64,35.6,408.0,2.18,13.63,32.38,13.52,0.863,7.1,2021-03-10 02:00:00
2021-03-11,2,2021,8.83,39.42,24.5,36.08,437.0,2.04,9.88,31.26,14.15,0.873,7.0,2021-03-11 02:00:00
2021-03-12,2,2021,6.26,40.1,24.39,35.51,440.0,2.12,12.32,31.74,14.46,0.795,6.9,2021-03-12 02:00:00
2021-03-13,2,2021,9.89,43.71,26.52,29.77,436.0,2.1,13.31,30.3,13.22,0.884,7.0,2021-03-13 02:00:00
2021-03-14,2,2021,9.4,43.39,22.94,33.67,431.0,2.11,13.08,32.09,14.17,0.959,6.9,2021-03-14 02:00:00
2021-03-15,2,2021,6.59,40.49,26.43,33.08,440.0,2.21,10.54,29.11,12.98,0.789,6.9,2021-03-15 02:00:00
2021-03-16,2,2021,6.41,41.64,24.88,33.48,423.0,2.07,10.87,30.67,15.53,0.807,7.0,2021-03-16 02:00:00
2021-03-17,2,2021,6.36,39.91,23.89,36.2,420.0,2.29,13.87,31.09,13.99,0.886,7.0,2021-03-17 02:00:00
2021-03-18,2,2021,5.0,43.2,24.14,32.66,418.0,1.99,12.3,30.67,13.86,0.942,7.0,2021-03-18 02:00:00
2021-03-19,2,2021,8.9,42.15,24.85,33.0,439.0,2.21,10.65,32.35,13.0,0.987,6.9,2021-03-19 02:00:00
2021-03-20,2,2021,11.44,40.13,22.5,37.37,418.0,2.0,12.2,31.16,16.05,0.873,6.8,2021-03-20 02:00:00
2021-03-21,2,2021,11.55,38.98,24.88,36.14,418.0,2.27,13.75,31.23,12.53,0.85,6.9,2021-03-21 02:00:00
2021-03-22,2,2021,7.67,41.54,25.09,33.37,439.0,2.28,12.19,30.85,15.79,0.785,6.9,2021-03-22 02:00:00
2021-03-23,2,2021,14.38,39.66,24.68,35.66,441.0,2.17,13.21,30.2,14.79,0.965,7.0,2021-03-23 02:00:00
2021-03-24,2,2021,13.16,45.56,22.1,32.34,428.0,2.36,13.78,31.79,13.71,0.87,6.9,2021-03-24 02:00:00
2021-03-25,2,2021,10.91,43.49,25.85,30.66,438.0,2.46,11.84,31.26,14.39,0.94,7.0,2021-03-25 02:00:00
2021-03-26,2,2021,10.88,42.56,23.58,33.86,428.0,1.94,12.45,32.26,13.65,0.832,6.9,2021-03-26 02:00:00
2021-03-27,2,2021,8.98,40.28,22.98,36.74,445.0,1.97,11.63,30.72,15.02,0.841,6.9,2021-03-27 02:00:00
2021-03-28,2,2021,8.29,39.82,23.25,36.93,453.0,2.29,12.3,28.91,13.66,0.893,6.8,2021-03-28 02:00:00
2021-03-29,2,2021,12.48,42.15,23.7,34.15,421.0,1.95,10.72,31.87,13.53,0.85,7.0,2021-03-29 02:00:00
2021-03-30,2,2021,11.27,42.55,24.52,32.93,434.0,2.21,12.46,30.78,14.37,0.855,7.2,2021-03-30 02:00:00
2021-03-31,2,2021,9.83,42.74,22.49,34.77,459.0,1.96,11.91,31.1,14.89,0.941,7.2,2021-03-31 02:00:00
2021-04-01,2,2021,8.76,42.97,23.61,33.42,444.0,1.96,11.03,33.1,14.69,0.808,6.8,2021-04-01 02:00:00
2021-04-02,2,2021,5.78,41.81,25.15,33.04,420.0,1.99,11.02,30.72,14.08,0.934,7.0,2021-04-02 02:00:00
2021-04-03,2,2021,5.0,40.66,25.3,34.04,430.0,2.4,10.71,32.95,15.02,0.84,7.0,2021-04-03 02:00:00
2021-04-04,2,2021,8.39,43.07,23.66,33.27,430.0,2.26,12.13,31.65,13.35,0.897,7.1,2021-04-04 02:00:00
2021-04-05,2,2021,5.2,40.89,23.59,35.52,440.0,2.04,13.75,31.4,13.91,0.856,6.9,2021-04-05 02:00:00
2021-04-06,2,2021,7.0,38.85,23.25,37.9,434.0,2.23,11.18,30.38,15.37,0.828,6.9,2021-04-06 02:00:00
2021-04-07,2,2021,5.53,41.24,24.0,34.76,436.0,2.35,12.77,30.61,14.22,0.846,6.9,2021-04-07 02:00:00
2021-04-08,2,2021,5.11,38.67,24.18,37.15,436.0,2.09,12.19,32.67,14.35,0.928,6.9,2021-04-08 02:00:00
2021-04-09,2,2021,11.47,43.99,23.6,32.41,452.0,2.12,11.55,31.53,12.2,0.95,6.8,2021-04-09 02:00:00
2021-04-10,2,2021,12.49,44.65,22.76,32.59,424.0,2.11,12.9,31.14,14.72,0.895,6.8,2021-04-10 02:00:00
2021-04-11,2,2021,11.19,43.2,24.55,32.25,439.0,2.27,9.93,30.49,14.94,0.909,7.0,2021-04-11 02:00:00
2021-04-12,2,2021,8.82,38.78,23.12,38.1,433.0,2.4,11.96,31.58,14.19,0.903,7.0,2021-04-12 02:00:00
2021-04-13,2,2021,5.62,44.96,24.08,30.96,435.0,2.16,14.0,30.09,13.24,0.866,6.9,2021-04-13 02:00:00
2021-04-14,2,2021,6.03,42.07,22.41,35.52,443.0,2.27,8.65,29.98,14.4,1.014,6.9,2021-04-14 02:00:00
2021-04-15,2,2021,6.13,43.41,21.7,34.89,412.0,1.91,12.01,30.19,14.84,0.885,7.0,2021-04-15 02:00:00
2021-04-16,2,2021,8.44,38.79,23.32,37.89,444.0,2.26,11.23,29.88,14.56,0.933,7.0,2021-04-16 02:00:00
2021-04-17,2,2021,17.41,41.7,22.73,35.57,431.0,2.16,13.83,30.96,14.36,0.831,6.9,2021-04-17 02:00:00
2021-04-18,2,2021,15.2,42.45,23.87,33.68,430.0,2.48,11.93,29.47,13.98,0.84,7.1,2021-04-18 02:00:00
2021-04-19,2,2021,13.71,40.71,25.87,33.42,432.0,2.07,13.13,29.72,14.37,0.845,7.0,2021-04-19 02:00:00
2021-04-20,2,2021,17.81,41.6,23.26,35.14,440.0,2.06,12.97,31.68,12.86,0.822,7.1,2021-04-20 02:00:00
2021-04-21,2,2021,14.46,43.25,23.09,33.66,446.0,2.48,13.58,31.64,14.21,0.902,7.0,2021-04-21 02:00:00
2021-04-22,2,2021,15.56,41.31,23.86,34.83,443.0,2.41,11.3,31.0,12.93,0.921,6.8,2021-04-22 02:00:00
2021-04-23,2,2021,14.64,43.64,22.71,33.65,438.0,2.08,10.73,33.04,14.87,0.909,6.8,2021-04-23 02:00:00
2021-04-24,2,2021,10.33,42.85,23.88,33.27,442.0,2.34,11.26,30.58,16.06,0.915,7.1,2021-04-24 02:00:00
2021-04-25,2,2021,8.75,43.33,23.84,32.83,425.0,2.15,11.3,31.61,13.02,0.923,6.9,2021-04-25 02:00:00
2021-04-26,2,2021,6.19,43.0,25.63,31.37,447.0,2.3,11.58,31.82,13.01,0.915,7.0,2021-04-26 02:00:00
2021-04-27,2,2021,7.09,40.51,23.65,35.84,428.0,2.24,14.59,30.64,14.45,0.864,6.9,2021-04-27 02:00:00
2021-04-28,2,2021,8.74,39.83,21.54,38.63,451.0,2.13,12.38,30.03,14.67,0.934,7.0,2021-04-28 02:00:00
2021-04-29,2,2021,5.0,44.3,23.14,32.56,452.0,2.17,12.11,32.8,13.47,0.914,6.9,2021-04-29 02:00:00
2021-04-30,2,2021,5.0,44.73,22.37,32.9,438.0,2.24,13.86,29.28,12.73,0.96,6.9,2021-04-30 02:00:00
2021-05-01,2,2021,5.0,41.13,24.85,34.02,449.0,1.96,11.09,30.55,15.63,0.929,6.6,2021-05-01 02:00:00
2021-05-02,2,2021,5.0,42.07,23.76,34.17,458.0,2.29,11.3,31.18,15.21,0.886,6.9,2021-05-02 02:00:00
2021-05-03,2,2021,5.54,45.46,23.77,30.77,441.0,2.21,10.49,31.4,12.98,0.958,6.9,2021-05-03 02:00:00
2021-05-04,2,2021,5.0,43.82,22.66,33.52,442.0,2.11,13.17,31.48,15.28,0.888,6.9,2021-05-04 02:00:00
2021-05-05,2,2021,5.63,43.26,23.72,33.02,435.0,2.4,12.16,31.61,14.22,0.955,6.9,2021-05-05 02:00:00
2021-05-06,2,2021,8.79,38.35,22.11,39.54,439.0,2.4,9.81,31.51,13.48,0.935,6.9,2021-05-06 02:00:00
2021-05-07,2,2021,5.2,40.95,24.04,35.01,438.0,2.27,11.85,29.86,14.87,0.965,6.9,2021-05-07 02:00:00
2021-05-08,2,2021,5.0,39.86,25.57,34.57,436.0,2.27,13.96,30.54,14.14,0.886,7.1,2021-05-08 02:00:00
2021-05-09,2,2021,5.78,39.93,24.84,35.23,456.0,2.1,12.03,29.89,15.12,0.948,6.8,2021-05-09 02:00:00
2021-05-10,2,2021,5.0,42.87,23.96,33.17,452.0,2.42,11.72,29.75,14.99,0.984,6.8,2021-05-10 02:00:00
2021-05-11,2,2021,5.05,37.78,24.06,38.16,442.0,2.15,13.46,29.84,14.5,0.978,7.1,2021-05-11 02:00:00
2021-05-12,2,2021,5.0,40.26,22.6,37.14,443.0,2.2,9.38,32.46,14.25,0.96,6.9,2021-05-12 02:00:00
2021-05-13,2,2021,8.64,43.08,25.17,31.75,456.0,2.15,12.24,31.86,15.62,0.875,7.0,2021-05-13 02:00:00
2021-05-14,2,2021,8.37,44.99,25.7,29.31,448.0,2.01,11.08,30.56,13.51,0.904,7.0,2021-05-14 02:00:00
2021-05-15,2,2021,7.03,40.51,21.8,37.69,446.0,2.17,12.73,30.95,13.65,0.84,6.9,2021-05-15 02:00:00
2021-05-16,2,2021,5.06,44.23,25.59,30.18,445.0,2.47,11.75,32.55,12.29,0.919,6.9,2021-05-16 02:00:00
2021-05-17,2,2021,5.0,37.8,21.28,40.92,441.0,2.1,10.16,32.37,15.0,0.959,7.0,2021-05-17 02:00:00
2021-05-18,2,2021,5.23,40.28,21.75,37.97,455.0,1.92,10.21,29.7,13.5,0.859,7.0,2021-05-18 02:00:00
2021-05-19,2,2021,6.57,42.65,24.58,32.77,454.0,2.18,12.58,32.41,14.63,0.924,6.9,2021-05-19 02:00:00
2021-05-20,2,2021,8.41,42.97,24.48,32.55,432.0,2.03,13.96,30.48,13.12,0.909,6.9,2021-05-20 02:00:00
2021-05-21,2,2021,5.0,46.83,25.45,27.72,445.0,2.03,10.96,29.98,13.24,0.918,7.0,2021-05-21 02:00:00
2021-05-22,2,2021,16.33,37.99,26.36,35.65,450.0,2.12,11.26,32.49,12.66,0.948,6.9,2021-05-22 02:00:00
2021-05-23,2,2021,21.76,44.28,23.09,32.63,443.0,2.22,12.41,30.44,15.29,1.005,6.9,2021-05-23 02:00:00
2021-05-24,2,2021,22.21,43.5,23.02,33.48,429.0,2.13,11.71,31.07,15.56,0.85,6.8,2021-05-24 02:00:00
2021-05-25,2,2021,21.48,45.37,26.17,28.46,460.0,2.24,11.36,30.46,14.81,0.945,6.9,2021-05-25 02:00:00
2021-05-26,2,2021,21.14,39.33,24.85,35.82,458.0,2.03,10.6,29.85,14.43,0.973,6.9,2021-05-26 02:00:00
2021-05-27,2,2021,18.37,41.43,24.92,33.65,441.0,2.12,11.04,32.35,13.96,0.966,6.9,2021-05-27 02:00:00
2021-05-28,2,2021,15.14,39.41,25.93,34.66,448.0,2.12,13.72,31.55,15.52,0.967,6.6,2021-05-28 02:00:00
2021-05-29,2,2021,13.65,44.55,27.83,27.62,429.0,2.21,12.2,31.7,14.47,0.886,6.9,2021-05-29 02:00:00
2021-05-30,2,2021,11.47,42.47,24.37,33.16,460.0,2.43,10.65,31.26,13.94,0.912,6.8,2021-05-30 02:00:00
2021-05-31,2,2021,12.46,39.05,24.43,36.52,425.0,2.48,11.94,31.93,12.46,1.012,6.8,2021-05-31 02:00:00
2021-06-01,2,2021,8.57,44.23,23.18,32.59,449.0,2.1,12.46,32.18,14.04,0.933,6.9,2021-06-01 02:00:00
2021-06-02,2,2021,8.5,41.24,23.6,35.16,452.0,2.21,12.98,29.68,13.9,0.993,6.9,2021-06-02 02:00:00
2021-06-03,2,2021,6.65,40.27,25.21,34.52,454.0,2.39,12.49,31.9,13.7,0.989,7.0,2021-06-03 02:00:00
2021-06-04,2,2021,7.9,45.16,25.16,29.68,440.0,2.2,10.92,32.13,15.53,0.924,6.8,2021-06-04 02:00:00
2021-06-05,2,2021,9.16,42.68,22.78,34.54,447.0,2.12,11.32,30.48,14.71,1.035,6.9,2021-06-05 02:00:00
2021-06-06,2,2021,9.95,38.99,24.15,36.86,465.0,2.29,12.4,29.23,13.11,0.941,6.8,2021-06-06 02:00:00
2021-06-07,2,2021,12.52,38.87,24.6,36.53,448.0,2.22,12.56,29.44,13.65,0.921,7.1,2021-06-07 02:00:00
2021-06-08,2,2021,12.1,42.69,24.34,32.97,450.0,2.27,14.01,31.34,14.38,0.896,7.1,2021-06-08 02:00:00
2021-06-09,2,2021,9.57,43.6,23.64,32.76,436.0,2.07,10.13,28.85,14.04,0.919,6.9,2021-06-09 02:00:00
2021-06-10,2,2021,8.05,40.16,25.2,34.64,449.0,2.37,10.09,31.36,14.41,0.851,6.6,2021-06-10 02:00:00
2021-06-11,2,2021,15.19,40.58,24.51,34.91,437.0,2.49,12.83,30.8,13.3,0.967,6.9,2021-06-11 02:00:00
2021-06-12,2,2021,13.7,41.38,22.28,36.34,458.0,2.27,13.94,30.91,14.54,0.912,7.0,2021-06-12 02:00:00
2021-06-13,2,2021,14.08,44.63,22.68,32.69,453.0,2.13,11.96,31.77,14.15,1.07,7.1,2021-06-13 02:00:00
2021-06-14,2,2021,12.49,40.0,24.98,35.02,435.0,2.26,10.91,30.01,13.98,1.005,6.9,2021-06-14 02:00:00
2021-06-15,2,2021,10.81,41.88,21.08,37.04,448.0,2.17,10.7,29.84,14.22,1.076,6.9,2021-06-15 02:00:00
2021-06-16,2,2021,11.45,38.55,24.27,37.18,441.0,2.08,11.19,30.8,14.15,0.894,6.7,2021-06-16 02:00:00
2021-06-17,2,2021,6.6,41.72,21.97,36.31,444.0,2.47,12.05,30.89,14.52,0.982,7.0,2021-06-17 02:00:00
2021-06-18,2,2021,5.0,39.04,21.87,39.09,460.0,2.05,11.12,29.92,13.44,0.972,6.8,2021-06-18 02:00:00
2021-06-19,2,2021,5.0,42.1,24.74,33.16,448.0,2.21,14.62,32.17,15.3,0.926,6.8,2021-06-19 02:00:00
2021-06-20,2,2021,5.1,42.26,22.62,35.12,455.0,1.84,13.57,32.44,13.53,1.028,6.7,2021-06-20 02:00:00
2021-06-21,2,2021,5.0,43.67,24.59,31.74,452.0,2.44,11.02,31.72,13.46,0.908,6.8,2021-06-21 02:00:00
2021-06-22,2,2021,6.08,43.06,23.72,33.22,438.0,2.19,12.66,32.34,14.65,0.969,6.9,2021-06-22 02:00:00
2021-06-23,2,2021,5.83,44.33,23.62,32.05,443.0,1.98,13.37,29.92,13.05,1.04,6.8,2021-06-23 02:00:00
2021-06-24,2,2021,5.35,38.8,23.15,38.05,441.0,2.28,13.81,31.56,12.41,1.023,6.8,2021-06-24 02:00:00
2021-06-25,2,2021,5.0,38.11,25.31,36.58,457.0,2.07,13.57,32.35,14.42,0.994,6.9,2021-06-25 02:00:00
2021-06-26,2,2021,5.57,38.74,23.98,37.28,445.0,2.5,11.64,30.82,14.89,1.033,7.0,2021-06-26 02:00:00
2021-06-27,2,2021,5.0,39.64,25.51,34.85,453.0,2.34,12.44,30.83,15.63,0.971,6.6,2021-06-27 02:00:00
2021-06-28,2,2021,10.93,44.44,24.06,31.5,441.0,2.11,14.85,31.18,14.0,0.958,6.8,2021-06-28 02:00:00
2021-06-29,2,2021,11.46,40.41,24.93,34.66,449.0,2.14,13.21,29.1,14.57,0.995,6.9,2021-06-29 02:00:00
2021-06-30,2,2021,9.96,43.8,22.5,33.7,456.0,2.24,11.59,31.4,14.65,0.929,6.7,2021-06-30 02:00:00
2021-07-01,2,2021,10.24,40.95,23.98,35.07,457.0,2.05,11.84,31.11,15.56,1.014,6.9,2021-07-01 02:00:00
2021-07-02,2,2021,9.25,39.28,23.7,37.02,458.0,2.54,14.12,31.92,12.91,0.984,6.9,2021-07-02 02:00:00
2021-07-03,2,2021,6.68,41.96,26.79,31.25,445.0,1.5,10.27,30.68,14.67,0.992,7.0,2021-07-03 02:00:00
2021-07-04,2,2021,5.0,44.99,24.69,30.32,445.0,2.21,12.35,30.28,13.49,1.001,7.0,2021-07-04 02:00:00
2021-07-05,2,2021,5.17,44.34,23.51,32.15,441.0,2.2,10.6,29.0,14.29,1.021,7.1,2021-07-05 02:00:00
2021-07-06,2,2021,8.93,42.6,25.12,32.28,435.0,1.96,14.18,33.25,13.3,0.993,7.0,2021-07-06 02:00:00
2021-07-07,2,2021,13.22,40.03,23.7,36.27,438.0,2.2,11.23,29.91,12.88,0.966,6.9,2021-07-07 02:00:00
2021-07-08,2,2021,11.0,43.27,25.0,31.73,442.0,2.44,12.8,31.6,15.01,0.993,6.8,2021-07-08 02:00:00
2021-07-09,2,2021,17.55,42.58,26.28,31.14,449.0,2.27,10.53,29.18,13.88,0.892,7.0,2021-07-09 02:00:00
2021-07-10,2,2021,18.13,41.93,22.27,35.8,454.0,2.06,13.16,30.03,13.29,0.922,6.8,2021-07-10 02:00:00
2021-07-11,2,2021,13.21,38.01,21.82,40.17,456.0,2.1,10.72,30.42,14.7,1.071,6.7,2021-07-11 02:00:00
2021-07-12,2,2021,14.04,43.82,22.87,33.31,446.0,2.17,13.27,32.67,14.56,0.992,6.9,2021-07-12 02:00:00
2021-07-13,2,2021,15.53,41.6,22.33,36.07,452.0,2.17,14.65,31.78,15.17,0.934,6.8,2021-07-13 02:00:00
2021-07-14,2,2021,14.47,46.02,22.54,31.44,463.0,1.86,12.09,31.83,13.98,0.987,6.9,2021-07-14 02:00:00
2021-07-15,2,2021,11.94,40.51,24.17,35.32,455.0,2.03,11.36,32.21,14.61,0.993,6.9,2021-07-15 02:00:00
2021-07-16,2,2021,11.32,41.15,23.8,35.05,444.0,2.3,12.18,32.56,15.66,0.855,6.9,2021-07-16 02:00:00
2021-07-17,2,2021,6.47,41.91,22.03,36.06,429.0,2.27,11.98,30.51,14.03,1.036,6.9,2021-07-17 02:00:00
2021-07-18,2,2021,7.71,40.83,23.53,35.64,463.0,2.35,10.98,30.63,14.57,0.932,7.0,2021-07-18 02:00:00
2021-07-19,2,2021,5.04,41.42,24.24,34.34,458.0,2.07,11.67,31.01,14.08,0.962,6.8,2021-07-19 02:00:00
2021-07-20,2,2021,5.0,42.09,23.84,34.07,450.0,2.33,11.09,31.21,13.16,0.871,6.8,2021-07-20 02:00:00
2021-07-21,2,2021,5.0,39.96,24.35,35.69,458.0,2.17,13.53,30.16,14.45,1.037,6.9,2021-07-21 02:00:00
2021-07-22,2,2021,5.0,39.18,20.72,40.1,461.0,2.39,12.44,30.8,15.28,1.077,6.8,2021-07-22 02:00:00
2021-07-23,2,2021,5.0,43.5,21.78,34.72,469.0,2.41,11.72,30.48,13.15,0.98,6.7,2021-07-23 02:00:00
2021-07-24,2,2021,5.85,43.09,23.66,33.25,443.0,2.38,11.8,31.02,13.71,1.04,6.8,2021-07-24 02:00:00
2021-07-25,2,2021,5.0,41.81,24.34,33.85,451.0,2.23,14.23,32.23,14.4,0.946,6.8,2021-07-25 02:00:00
2021-07-26,2,2021,5.0,41.61,23.47,34.92,437.0,2.29,11.63,30.08,14.55,1.034,6.9,2021-07-26 02:00:00
2021-07-27,2,2021,6.56,43.03,24.4,32.57,467.0,2.23,11.38,30.32,13.4,1.033,6.9,2021-07-27 02:00:00
2021-07-28,2,2021,5.47,45.13,23.54,31.33,460.0,2.33,12.13,32.4,15.01,0.999,6.8,2021-07-28 02:00:00
2021-07-29,2,2021,5.0,42.61,22.62,34.77,464.0,2.02,13.97,30.41,14.03,1.012,6.8,2021-07-29 02:00:00
2021-07-30,2,2021,7.39,39.58,25.72,34.7,455.0,2.18,11.88,31.38,14.42,1.027,6.8,2021-07-30 02:00:00
2021-07-31,2,2021,7.03,39.5,23.73,36.77,440.0,2.16,11.71,31.89,13.03,1.029,6.9,2021-07-31 02:00:00
2021-08-01,2,2021,5.0,38.52,23.37,38.11,462.0,2.14,13.62,30.79,15.3,0.977,6.8,2021-08-01 02:00:00
2021-08-02,2,2021,9.72,42.92,26.09,30.99,450.0,2.15,12.51,29.9,14.96,0.978,6.8,2021-08-02 02:00:00
2021-08-03,2,2021,18.09,43.0,25.62,31.38,468.0,2.25,14.34,30.14,13.01,1.1,6.8,2021-08-03 02:00:00
2021-08-04,2,2021,18.24,41.84,24.07,34.09,457.0,2.16,11.99,28.94,14.07,1.008,6.9,2021-08-04 02:00:00
2021-08-05,2,2021,16.75,43.38,24.37,32.25,470.0,2.26,11.5,30.14,14.88,1.023,6.8,2021-08-05 02:00:00
2021-08-06,2,2021,13.59,41.02,26.15,32.83,459.0,2.21,10.44,32.84,12.31,1.09,6.9,2021-08-06 02:00:00
2021-08-07,2,2021,19.41,43.32,25.57,31.11,464.0,2.16,11.92,32.36,12.72,0.971,6.7,2021-08-07 02:00:00
2021-08-08,2,2021,18.54,42.53,21.22,36.25,453.0,2.28,11.93,29.48,13.42,1.033,7.0,2021-08-08 02:00:00
2021-08-09,2,2021,19.04,39.75,21.61,38.64,462.0,2.22,11.76,30.8,13.23,0.968,6.9,2021-08-09 02:00:00
2021-08-10,2,2021,16.64,40.6,23.67,35.73,459.0,2.31,10.33,29.3,13.36,0.982,6.9,2021-08-10 02:00:00
2021-08-11,2,2021,14.9,40.16,24.33,35.51,449.0,2.28,11.72,30.64,15.29,1.038,6.8,2021-08-11 02:00:00
2021-08-12,2,2021,19.21,41.84,26.89,31.27,450.0,2.2,13.05,32.21,14.78,0.995,6.9,2021-08-12 02:00:00
2021-08-13,2,2021,16.22,43.42,22.01,34.57,460.0,2.37,11.45,31.83,13.73,0.999,6.9,2021-08-13 02:00:00
2021-08-14,2,2021,12.25,44.52,24.48,31.0,447.0,2.3,14.73,33.07,13.47,0.953,6.9,2021-08-14 02:00:00
2021-08-15,2,2021,10.67,42.98,25.48,31.54,442.0,2.04,11.19,29.7,13.54,0.976,6.8,2021-08-15 02:00:00
2021-08-16,2,2021,6.24,41.38,23.14,35.48,465.0,2.39,11.42,30.21,14.9,1.077,6.7,2021-08-16 02:00:00
2021-08-17,2,2021,5.34,42.23,25.21,32.56,459.0,2.32,13.0,32.26,13.65,1.09,6.7,2021-08-17 02:00:00
2021-08-18,2,2021,5.0,40.32,23.76,35.92,432.0,1.91,13.46,31.09,13.91,1.028,6.6,2021-08-18 02:00:00
2021-08-19,2,2021,7.01,42.65,26.6,30.75,461.0,2.38,13.04,30.41,11.94,1.138,6.9,2021-08-19 02:00:00
2021-08-20,2,2021,5.7,42.8,22.1,35.1,453.0,2.26,13.41,31.84,13.53,1.029,6.8,2021-08-20 02:00:00
2021-08-21,2,2021,5.0,44.41,22.66,32.93,468.0,2.34,11.62,30.72,13.0,0.986,6.9,2021-08-21 02:00:00
2021-08-22,2,2021,8.67,40.04,26.18,33.78,475.0,2.16,12.47,31.27,15.23,1.042,7.0,2021-08-22 02:00:00
2021-08-23,2,2021,5.14,43.98,26.2,29.82,448.0,2.01,10.92,29.96,13.67,1.004,6.8,2021-08-23 02:00:00
2021-08-24,2,2021,5.0,42.82,24.12,33.06,458.0,2.03,11.03,29.98,14.6,1.113,6.8,2021-08-24 02:00:00
2021-08-25,2,2021,5.0,42.14,25.12,32.74,448.0,1.91,13.03,29.82,14.56,0.963,6.9,2021-08-25 02:00:00
2021-08-26,2,2021,9.72,40.16,25.32,34.52,450.0,2.27,10.87,31.26,14.14,1.057,6.8,2021-08-26 02:00:00
2021-08-27,2,2021,6.97,41.44,23.12,35.44,462.0,2.35,10.36,30.92,13.8,1.083,6.8,2021-08-27 02:00:00
2021-08-28,2,2021,5.0,43.33,23.42,33.25,464.0,2.12,11.42,30.51,14.22,1.011,6.8,2021-08-28 02:00:00
2021-08-29,2,2021,6.06,43.26,25.72,31.02,457.0,2.49,12.27,30.95,13.4,0.989,6.9,2021-08-29 02:00:00
2021-08-30,2,2021,8.72,40.81,23.36,35.83,457.0,2.14,10.16,30.05,13.61,1.015,6.7,2021-08-30 02:00:00
2021-08-31,2,2021,5.66,38.92,23.57,37.51,463.0,2.16,12.86,29.31,15.32,1.03,6.9,2021-08-31 02:00:00
2021-09-01,2,2021,5.39,40.49,25.42,34.09,467.0,1.93,11.24,30.85,13.91,0.947,6.7,2021-09-01 02:00:00
2021-09-02,2,2021,5.0,42.96,23.75,33.29,475.0,2.39,12.05,31.59,15.13,0.99,6.8,2021-09-02 02:00:00
2021-09-03,2,2021,7.26,39.55,24.01,36.44,456.0,2.2,13.36,31.29,14.48,1.026,6.9,2021-09-03 02:00:00
2021-09-04,2,2021,5.0,43.19,23.24,33.57,455.0,2.19,9.64,30.68,14.48,1.065,6.7,2021-09-04 02:00:00
2021-09-05,2,2021,5.17,41.55,24.26,34.19,451.0,2.3,9.01,31.08,14.32,1.084,6.9,2021-09-05 02:00:00
2021-09-06,2,2021,10.89,41.3,24.33,34.37,460.0,2.29,10.91,31.64,14.69,1.023,6.7,2021-09-06 02:00:00
2021-09-07,2,2021,6.26,37.64,24.13,38.23,464.0,2.36,11.48,29.72,15.93,1.043,6.7,2021-09-07 02:00:00
2021-09-08,2,2021,7.24,38.87,25.55,35.58,464.0,2.32,13.89,31.07,13.97,1.099,6.7,2021-09-08 02:00:00
2021-09-09,2,2021,6.73,42.87,23.83,33.3,449.0,2.22,9.53,29.35,14.41,1.049,7.0,2021-09-09 02:00:00
2021-09-10,2,2021,5.5,42.82,24.9,32.28,444.0,2.16,12.75,30.3,15.14,0.994,6.9,2021-09-10 02:00:00
2021-09-11,2,2021,5.0,41.07,22.31,36.62,465.0,2.09,10.25,30.02,12.97,1.086,7.0,2021-09-11 02:00:00
2021-09-12,2,2021,6.95,38.74,21.13,40.13,458.0,2.24,9.99,31.87,13.1,1.018,6.7,2021-09-12 02:00:00
2021-09-13,2,2021,5.0,41.76,26.03,32.21,462.0,2.22,13.01,32.18,14.12,0.984,7.0,2021-09-13 02:00:00
2021-09-14,2,2021,5.28,43.73,24.31,31.96,473.0,2.32,13.79,29.1,14.26,1.127,6.6,2021-09-14 02:00:00
2021-09-15,2,2021,5.2,37.4,26.34,36.26,468.0,2.17,12.16,30.9,13.2,1.03,6.6,2021-09-15 02:00:00
2021-09-16,2,2021,5.83,40.29,22.42,37.29,469.0,2.22,12.94,30.64,14.81,1.071,6.9,2021-09-16 02:00:00
2021-09-17,2,2021,5.22,42.29,21.91,35.8,477.0,2.26,13.28,30.04,13.2,1.116,6.9,2021-09-17 02:00:00
2021-09-18,2,2021,5.0,40.51,23.7,35.79,460.0,2.28,14.33,30.16,13.86,1.024,6.8,2021-09-18 02:00:00
2021-09-19,2,2021,6.95,43.51,22.9,33.59,461.0,2.22,13.17,32.8,14.39,1.073,6.8,2021-09-19 02:00:00
2021-09-20,2,2021,5.14,40.17,23.81,36.02,470.0,2.36,12.0,30.29,13.81,1.138,6.8,2021-09-20 02:00:00
2021-09-21,2,2021,5.0,39.26,22.89,37.85,477.0,2.21,11.69,31.95,14.49,1.115,6.9,2021-09-21 02:00:00
2021-09-22,2,2021,5.58,41.56,23.71,34.73,460.0,1.95,12.65,31.4,13.12,1.09,6.8,2021-09-22 02:00:00
2021-09-23,2,2021,5.0,40.36,22.12,37.52,448.0,2.02,11.61,32.03,14.49,1.044,6.7,2021-09-23 02:00:00
2021-09-24,2,2021,6.56,41.93,23.9,34.17,462.0,2.06,14.38,31.95,13.47,1.048,6.9,2021-09-24 02:00:00
2021-09-25,2,2021,5.0,40.94,25.26,33.8,462.0,2.07,10.92,32.7,13.2,0.99,6.9,2021-09-25 02:00:00
2021-09-26,2,2021,5.0,40.05,23.89,36.06,450.0,2.18,13.91,31.19,14.23,1.053,6.7,2021-09-26 02:00:00
2021-09-27,2,2021,5.25,37.67,26.2,36.13,462.0,2.23,13.88,30.89,13.28,1.05,6.8,2021-09-27 02:00:00
2021-09-28,2,2021,9.62,38.96,24.76,36.28,468.0,2.1,8.36,30.4,14.49,1.069,6.7,2021-09-28 02:00:00
2021-09-29,2,2021,8.58,41.27,24.28,34.45,452.0,2.43,11.49,31.66,13.84,1.035,7.0,2021-09-29 02:00:00
2021-09-30,2,2021,5.32,42.44,25.15,32.41,452.0,2.33,11.87,31.75,12.53,0.987,6.7,2021-09-30 02:00:00
2021-10-01,2,2021,5.0,42.22,25.72,32.06,464.0,2.08,11.97,31.89,14.09,1.103,6.7,2021-10-01 02:00:00
2021-10-02,2,2021,7.21,41.84,21.97,36.19,458.0,2.01,13.6,29.53,12.55,1.117,6.6,2021-10-02 02:00:00
2021-10-03,2,2021,5.0,44.1,25.74,30.16,488.0,2.33,13.07,30.03,13.32,1.096,6.7,2021-10-03 02:00:00
2021-10-04,2,2021,5.0,43.33,25.04,31.63,465.0,2.04,14.0,31.47,14.08,1.124,6.8,2021-10-04 02:00:00
2021-10-05,2,2021,6.61,42.8,22.58,34.62,480.0,2.54,11.15,29.71,14.37,1.011,6.9,2021-10-05 02:00:00
2021-10-06,2,2021,5.0,44.21,23.79,32.0,453.0,2.36,11.06,31.54,12.8,1.075,6.8,2021-10-06 02:00:00
2021-10-07,2,2021,5.0,43.08,23.38,33.54,460.0,2.39,12.73,30.78,14.43,1.105,6.7,2021-10-07 02:00:00
2021-10-08,2,2021,5.0,39.07,21.35,39.58,456.0,2.25,11.49,30.63,14.25,1.142,6.8,2021-10-08 02:00:00
2021-10-09,2,2021,9.31,39.96,27.83,32.21,478.0,2.27,12.13,31.85,14.64,1.07,6.8,2021-10-09 02:00:00
2021-10-10,2,2021,9.13,43.11,24.68,32.21,455.0,2.22,11.55,30.69,13.66,1.085,6.8,2021-10-10 02:00:00
2021-10-11,2,2021,5.0,45.06,22.75,32.19,457.0,2.31,11.34,31.98,11.69,1.035,6.7,2021-10-11 02:00:00
2021-10-12,2,2021,5.92,42.9,25.36,31.74,465.0,2.21,10.87,31.45,15.18,1.12,6.7,2021-10-12 02:00:00
2021-10-13,2,2021,5.27,45.0,24.55,30.45,467.0,2.12,13.33,30.15,12.42,1.124,6.7,2021-10-13 02:00:00
2021-10-14,2,2021,5.0,40.53,20.7,38.77,449.0,2.23,11.57,31.19,14.48,1.057,6.6,2021-10-14 02:00:00
2021-10-15,2,2021,5.2,42.34,25.17,32.49,484.0,1.82,14.76,29.66,14.57,1.062,6.7,2021-10-15 02:00:00
2021-10-16,2,2021,5.11,40.56,23.5,35.94,472.0,1.88,10.68,29.86,12.05,1.155,6.9,2021-10-16 02:00:00
2021-10-17,2,2021,5.0,39.19,23.96,36.85,459.0,2.29,11.88,29.76,13.71,1.08,6.9,2021-10-17 02:00:00
2021-10-18,2,2021,5.0,43.75,23.6,32.65,470.0,2.13,12.92,31.46,14.12,1.086,6.8,2021-10-18 02:00:00
2021-10-19,2,2021,5.46,41.43,21.95,36.62,462.0,2.15,11.23,32.11,14.24,1.153,6.7,2021-10-19 02:00:00
2021-10-20,2,2021,6.47,38.46,23.1,38.44,479.0,2.17,13.28,32.5,13.32,1.017,7.0,2021-10-20 02:00:00
2021-10-21,2,2021,5.0,45.08,22.68,32.24,476.0,2.26,11.49,31.63,14.68,1.065,6.7,2021-10-21 02:00:00
2021-10-22,2,2021,5.0,40.69,21.15,38.16,466.0,2.26,14.15,30.69,14.31,1.106,6.9,2021-10-22 02:00:00
2021-10-23,2,2021,5.0,46.91,25.94,27.15,484.0,2.15,13.34,32.3,15.05,1.093,6.9,2021-10-23 02:00:00
2021-10-24,2,2021,5.0,44.17,25.01,30.82,468.0,2.41,10.39,30.19,13.74,1.051,6.9,2021-10-24 02:00:00
2021-10-25,2,2021,6.14,41.62,23.42,34.96,473.0,2.33,10.73,30.7,13.15,1.206,6.7,2021-10-25 02:00:00
2021-10-26,2,2021,5.0,39.14,23.0,37.86,453.0,2.27,10.39,31.11,13.99,1.024,6.6,2021-10-26 02:00:00
2021-10-27,2,2021,5.23,45.64,24.32,30.04,456.0,2.53,10.99,30.6,13.09,1.149,6.8,2021-10-27 02:00:00
2021-10-28,2,2021,6.33,40.79,23.22,35.99,461.0,2.39,11.35,31.43,14.96,1.058,6.8,2021-10-28 02:00:00
2021-10-29,2,2021,5.0,42.83,24.99,32.18,472.0,2.28,11.56,30.72,14.04,1.046,6.9,2021-10-29 02:00:00
2021-10-30,2,2021,8.68,43.79,23.7,32.51,473.0,2.21,12.14,30.8,14.03,1.12,6.8,2021-10-30 02:00:00
2021-10-31,2,2021,8.51,40.28,21.12,38.6,469.0,1.92,12.48,29.15,12.61,1.113,6.7,2021-10-31 02:00:00
2021-11-01,2,2021,5.27,43.55,23.56,32.89,468.0,2.2,11.6,30.58,13.86,1.102,6.7,2021-11-01 02:00:00
2021-11-02,2,2021,5.0,44.5,24.29,31.21,474.0,2.08,12.76,30.66,11.91,1.078,6.7,2021-11-02 02:00:00
2021-11-03,2,2021,9.92,39.81,22.64,37.55,467.0,2.15,11.87,30.76,14.12,1.003,6.6,2021-11-03 02:00:00
2021-11-04,2,2021,8.99,39.92,24.1,35.98,481.0,2.21,11.87,31.55,13.99,1.14,6.7,2021-11-04 02:00:00
2021-11-05,2,2021,5.95,38.91,22.89,38.2,462.0,2.28,12.79,31.15,14.81,1.037,6.9,2021-11-05 02:00:00
2021-11-06,2,2021,5.76,43.66,23.53,32.81,474.0,2.26,13.08,29.49,13.81,1.065,6.9,2021-11-06 02:00:00
2021-11-07,2,2021,10.03,39.31,25.28,35.41,488.0,2.62,10.54,31.63,13.95,1.096,6.7,2021-11-07 02:00:00
2021-11-08,2,2021,6.44,45.03,23.99,30.98,456.0,2.25,11.96,29.38,13.28,1.137,6.9,2021-11-08 02:00:00
2021-11-09,2,2021,7.71,39.3,24.69,36.01,456.0,2.19,12.53,30.46,13.63,1.11,6.7,2021-11-09 02:00:00
2021-11-10,2,2021,5.97,40.2,25.33,34.47,472.0,2.14,11.44,32.95,13.74,0.986,6.9,2021-11-10 02:00:00
2021-11-11,2,2021,12.47,42.54,24.38,33.08,458.0,2.21,10.15,31.67,14.85,1.103,6.8,2021-11-11 02:00:00
2021-11-12,2,2021,11.18,41.71,21.0,37.29,483.0,2.4,10.19,31.71,15.24,1.13,6.7,2021-11-12 02:00:00
2021-11-13,2,2021,8.73,40.79,21.32,37.89,474.0,2.39,10.99,30.39,14.13,1.035,6.5,2021-11-13 02:00:00
2021-11-14,2,2021,6.32,42.11,23.33,34.56,473.0,2.27,11.47,30.64,14.45,1.114,6.6,2021-11-14 02:00:00
2021-11-15,2,2021,5.0,43.14,22.49,34.37,479.0,2.12,11.43,32.95,13.79,1.178,6.9,2021-11-15 02:00:00
2021-11-16,2,2021,5.88,38.35,22.92,38.73,470.0,2.1,12.09,32.2,14.27,1.152,6.8,2021-11-16 02:00:00
2021-11-17,2,2021,7.45,40.86,25.35,33.79,466.0,2.14,12.76,30.89,14.18,1.107,6.8,2021-11-17 02:00:00
2021-11-18,2,2021,5.14,39.54,23.68,36.78,461.0,2.19,9.18,31.52,15.36,1.178,6.7,2021-11-18 02:00:00
2021-11-19,2,2021,5.0,40.92,23.4,35.68,490.0,2.41,11.91,32.68,13.45,1.093,6.8,2021-11-19 02:00:00
2021-11-20,2,2021,6.96,42.67,25.54,31.79,475.0,2.01,11.86,31.09,12.05,1.12,6.6,2021-11-20 02:00:00
2021-11-21,2,2021,5.0,39.46,25.27,35.27,471.0,2.42,11.94,30.43,14.84,1.089,6.9,2021-11-21 02:00:00
2021-11-22,2,2021,5.34,39.94,22.86,37.2,473.0,2.13,10.34,30.82,15.35,1.078,6.9,2021-11-22 02:00:00
2021-11-23,2,2021,5.6,42.73,26.99,30.28,470.0,2.06,11.33,31.39,12.97,1.158,6.7,2021-11-23 02:00:00
2021-11-24,2,2021,6.84,43.8,23.28,32.92,467.0,2.0,11.46,29.88,13.65,1.031,6.8,2021-11-24 02:00:00
2021-11-25,2,2021,5.37,40.79,23.76,35.45,465.0,2.19,13.29,31.17,13.99,1.106,6.6,2021-11-25 02:00:00
2021-11-26,2,2021,5.98,40.07,25.16,34.77,476.0,2.02,11.02,32.57,14.23,1.177,6.8,2021-11-26 02:00:00
2021-11-27,2,2021,5.0,40.47,24.19,35.34,485.0,2.11,9.89,30.91,13.56,1.115,6.8,2021-11-27 02:00:00
2021-11-28,2,2021,5.0,40.46,25.33,34.21,459.0,2.16,12.56,32.98,14.25,1.179,6.8,2021-11-28 02:00:00
2021-11-29,2,2021,6.76,45.03,23.15,31.82,473.0,2.56,11.5,30.34,13.95,1.114,6.7,2021-11-29 02:00:00
2021-11-30,2,2021,5.2,41.54,24.44,34.02,480.0,2.28,9.56,30.09,13.62,1.154,6.8,2021-11-30 02:00:00
2021-12-01,2,2021,6.67,40.51,23.39,36.1,464.0,2.02,12.3,31.36,13.43,1.142,6.7,2021-12-01 02:00:00
2021-12-02,2,2021,5.0,39.59,24.27,36.14,472.0,2.45,13.64,30.97,13.05,1.086,6.7,2021-12-02 02:00:00
2021-12-03,2,2021,5.0,38.14,24.13,37.73,481.0,2.02,11.37,31.98,13.91,1.133,6.8,2021-12-03 02:00:00
2021-12-04,2,2021,5.0,44.1,27.36,28.54,489.0,2.46,10.83,30.48,15.13,1.162,6.8,2021-12-04 02:00:00
2021-12-05,2,2021,5.0,40.5,26.08,33.42,473.0,2.03,12.12,31.08,12.8,1.14,6.7,2021-12-05 02:00:00
2021-12-06,2,2021,9.91,38.64,21.41,39.95,490.0,2.07,11.77,31.48,13.51,1.106,6.8,2021-12-06 02:00:00
2021-12-07,2,2021,7.3,45.61,21.64,32.75,469.0,1.97,12.41,29.99,13.69,1.127,6.6,2021-12-07 02:00:00
2021-12-08,2,2021,6.07,46.48,25.2,28.32,456.0,2.17,11.62,32.18,14.43,1.062,6.8,2021-12-08 02:00:00
2021-12-09,2,2021,5.56,42.03,25.03,32.94,490.0,1.98,12.93,31.34,14.94,1.164,6.8,2021-12-09 02:00:00
2021-12-10,2,2021,5.0,42.12,25.22,32.66,478.0,2.1,13.12,31.59,13.94,1.092,6.8,2021-12-10 02:00:00
2021-12-11,2,2021,5.0,38.02,25.08,36.9,466.0,2.3,12.43,30.8,14.28,1.089,6.8,2021-12-11 02:00:00
2021-12-12,2,2021,5.59,42.72,24.81,32.47,471.0,2.3,10.93,30.77,12.75,1.139,6.7,2021-12-12 02:00:00
2021-12-13,2,2021,5.0,40.14,25.66,34.2,476.0,1.94,13.11,29.9,13.0,1.091,6.8,2021-12-13 02:00:00
2021-12-14,2,2021,5.95,43.33,26.69,29.98,464.0,2.16,10.36,29.15,14.68,1.16,6.7,2021-12-14 02:00:00
2021-12-15,2,2021,5.0,43.9,22.65,33.45,476.0,2.2,11.69,30.61,14.89,1.133,6.7,2021-12-15 02:00:00
2021-12-16,2,2021,5.0,44.57,21.18,34.25,462.0,1.9,11.85,30.46,13.28,1.183,6.7,2021-12-16 02:00:00
2021-12-17,2,2021,5.0,42.24,26.76,31.0,482.0,2.11,11.88,30.53,15.33,1.084,6.9,2021-12-17 02:00:00
2021-12-18,2,2021,5.0,42.63,24.44,32.93,484.0,2.05,11.55,30.24,12.76,1.161,6.6,2021-12-18 02:00:00
2021-12-19,2,2021,5.0,39.73,24.46,35.81,509.0,2.4,15.01,31.12,13.71,1.174,6.7,2021-12-19 02:00:00
2021-12-20,2,2021,6.56,43.15,26.59,30.26,495.0,2.26,14.27,31.98,13.68,1.029,6.7,2021-12-20 02:00:00
2021-12-21,2,2021,5.0,41.55,24.98,33.47,474.0,2.27,12.46,31.56,13.93,1.148,6.7,2021-12-21 02:00:00
2021-12-22,2,2021,5.0,39.55,24.7,35.75,491.0,2.42,12.45,31.49,14.34,1.167,6.6,2021-12-22 02:00:00
2021-12-23,2,2021,5.0,44.4,26.46,29.14,478.0,2.36,12.45,29.69,13.64,1.091,6.7,2021-12-23 02:00:00
2021-12-24,2,2021,5.0,41.97,22.62,35.41,471.0,2.07,10.91,30.42,14.28,1.175,6.7,2021-12-24 02:00:00
2021-12-25,2,2021,5.0,45.08,24.97,29.95,479.0,2.14,12.54,30.58,13.31,1.164,6.7,2021-12-25 02:00:00
2021-12-26,2,2021,7.28,44.41,24.92,30.67,496.0,2.42,12.07,33.58,13.7,1.113,6.7,2021-12-26 02:00:00
2021-12-27,2,2021,5.0,44.29,24.14,31.57,484.0,2.37,12.96,30.68,13.01,1.162,6.6,2021-12-27 02:00:00
2021-12-28,2,2021,5.0,43.99,22.98,33.03,477.0,2.32,9.35,30.1,14.05,1.147,6.8,2021-12-28 02:00:00
2021-12-29,2,2021,5.0,39.81,23.58,36.61,481.0,2.44,12.4,30.63,12.59,1.1,6.7,2021-12-29 02:00:00
2021-12-30,2,2021,5.38,44.03,24.04,31.93,484.0,1.99,14.2,29.86,13.56,1.093,6.6,2021-12-30 02:00:00
2021-12-31,2,2021,5.0,42.76,22.45,34.79,488.0,2.28,10.17,29.88,14.69,1.163,6.6,2021-12-31 02:00:00
2022-01-01,2,2022,33.91,43.96,25.43,30.61,425.0,2.17,12.25,30.2,13.33,0.81,7.1,2022-01-01 02:00:00
2022-01-02,2,2022,36.51,42.37,24.12,33.51,439.0,2.21,12.42,31.06,14.48,0.791,7.0,2022-01-02 02:00:00
2022-01-03,2,2022,34.87,45.0,25.0,30.0,407.0,2.44,9.38,29.78,13.33,0.844,7.0,2022-01-03 02:00:00
2022-01-04,2,2022,34.6,42.95,25.35,31.7,412.0,2.22,13.18,33.08,13.92,0.818,7.0,2022-01-04 02:00:00
2022-01-05,2,2022,31.57,44.65,24.1,31.25,429.0,2.36,10.55,30.91,13.27,0.801,6.9,2022-01-05 02:00:00
2022-01-06,2,2022,30.52,39.63,23.24,37.13,404.0,2.26,12.18,29.7,14.14,0.832,6.9,2022-01-06 02:00:00
2022-01-07,2,2022,30.54,44.63,25.97,29.4,412.0,2.32,11.26,30.92,12.94,0.83,6.9,2022-01-07 02:00:00
2022-01-08,2,2022,34.58,42.42,22.85,34.73,424.0,2.01,11.32,30.8,13.56,0.822,6.9,2022-01-08 02:00:00
2022-01-09,2,2022,32.94,41.04,24.43,34.53,433.0,2.15,14.75,33.08,13.36,0.82,7.1,2022-01-09 02:00:00
2022-01-10,2,2022,28.56,39.81,23.7,36.49,403.0,2.24,13.35,31.26,13.87,0.838,6.9,2022-01-10 02:00:00
2022-01-11,2,2022,26.81,43.02,27.33,29.65,411.0,2.25,11.64,28.78,14.77,0.843,7.1,2022-01-11 02:00:00
2022-01-12,2,2022,27.29,39.62,23.71,36.67,422.0,2.4,13.16,32.0,13.63,0.814,6.9,2022-01-12 02:00:00
2022-01-13,2,2022,22.64,41.06,26.11,32.83,422.0,2.12,10.81,29.89,14.43,0.776,6.9,2022-01-13 02:00:00
2022-01-14,2,2022,20.17,43.47,24.04,32.49,427.0,2.3,11.67,29.54,13.85,0.79,7.1,2022-01-14 02:00:00
2022-01-15,2,2022,20.36,44.0,25.07,30.93,409.0,1.98,11.28,31.84,13.12,0.827,7.0,2022-01-15 02:00:00
2022-01-16,2,2022,21.26,44.5,22.35,33.15,437.0,2.25,12.45,31.28,15.09,0.863,7.0,2022-01-16 02:00:00
2022-01-17,2,2022,19.14,42.99,23.2,33.81,423.0,2.25,10.5,29.75,13.17,0.881,7.0,2022-01-17 02:00:00
2022-01-18,2,2022,24.28,41.97,24.32,33.71,424.0,2.13,13.41,31.96,13.62,0.775,6.9,2022-01-18 02:00:00
2022-01-19,2,2022,24.57,45.42,24.27,30.31,426.0,2.42,13.65,31.96,14.39,0.87,6.9,2022-01-19 02:00:00
2022-01-20,2,2022,24.91,40.75,24.89,34.36,425.0,2.2,11.65,30.82,13.43,0.743,7.0,2022-01-20 02:00:00
2022-01-21,2,2022,24.32,38.65,25.37,35.98,439.0,2.39,11.98,31.4,14.25,0.897,7.0,2022-01-21 02:00:00
2022-01-22,2,2022,26.27,41.44,24.55,34.01,418.0,2.12,13.17,31.99,13.7,0.773,6.9,2022-01-22 02:00:00
2022-01-23,2,2022,22.62,40.82,21.79,37.39,410.0,2.61,12.1,31.14,14.44,0.792,7.0,2022-01-23 02:00:00
2022-01-24,2,2022,19.64,46.33,23.32,30.35,419.0,2.24,12.23,29.38,13.86,0.829,6.9,2022-01-24 02:00:00
2022-01-25,2,2022,23.28,42.51,20.71,36.78,421.0,1.83,11.06,28.66,13.15,0.845,6.9,2022-01-25 02:00:00
2022-01-26,2,2022,22.23,41.48,21.54,36.98,435.0,2.16,11.17,30.24,14.8,0.855,6.9,2022-01-26 02:00:00
2022-01-27,2,2022,21.99,42.68,20.51,36.81,428.0,2.34,9.06,32.62,13.47,0.856,7.0,2022-01-27 02:00:00
2022-01-28,2,2022,23.75,44.13,26.36,29.51,429.0,2.37,13.17,32.05,13.03,0.829,7.0,2022-01-28 02:00:00
2022-01-29,2,2022,21.94,37.53,22.25,40.22,426.0,2.08,12.8,31.71,13.75,0.796,6.9,2022-01-29 02:00:00
2022-01-30,2,2022,23.1,40.45,22.81,36.74,430.0,2.0,11.88,32.4,12.61,0.946,6.9,2022-01-30 02:00:00
2022-01-31,2,2022,20.53,42.12,26.89,30.99,423.0,2.64,12.21,30.83,13.75,0.871,7.0,2022-01-31 02:00:00
2022-02-01,2,2022,20.4,39.28,23.84,36.88,407.0,2.4,12.17,30.49,13.24,0.735,7.1,2022-02-01 02:00:00
2022-02-02,2,2022,25.6,41.39,22.1,36.51,441.0,2.22,11.59,31.02,14.1,0.792,7.1,2022-02-02 02:00:00
2022-02-03,2,2022,23.21,39.85,22.18,37.97,421.0,2.28,10.09,30.08,13.66,0.788,6.9,2022-02-03 02:00:00
2022-02-04,2,2022,23.13,42.43,23.52,34.05,427.0,2.33,11.77,31.58,15.37,0.828,7.1,2022-02-04 02:00:00
2022-02-05,2,2022,22.97,39.42,25.43,35.15,430.0,2.41,11.79,31.74,14.2,0.761,7.0,2022-02-05 02:00:00
2022-02-06,2,2022,24.64,44.45,24.03,31.52,418.0,2.29,12.67,31.64,14.23,0.709,7.0,2022-02-06 02:00:00
2022-02-07,2,2022,22.96,44.42,23.17,32.41,406.0,2.31,12.75,31.33,12.35,0.9,7.0,2022-02-07 02:00:00
2022-02-08,2,2022,21.27,39.95,22.79,37.26,429.0,2.33,12.64,31.94,14.7,0.812,7.1,2022-02-08 02:00:00
2022-02-09,2,2022,19.68,41.89,23.56,34.55,430.0,1.97,12.2,31.55,14.18,0.872,7.1,2022-02-09 02:00:00
2022-02-10,2,2022,19.96,41.96,24.07,33.97,439.0,2.12,12.45,32.27,14.27,0.754,7.0,2022-02-10 02:00:00
2022-02-11,2,2022,21.95,39.72,23.1,37.18,419.0,2.21,11.82,32.1,13.71,0.806,7.1,2022-02-11 02:00:00
2022-02-12,2,2022,23.29,44.38,23.6,32.02,433.0,2.29,12.52,31.19,13.7,0.791,7.0,2022-02-12 02:00:00
2022-02-13,2,2022,27.43,38.26,25.11,36.63,437.0,2.12,11.97,29.41,13.36,0.87,7.0,2022-02-13 02:00:00
2022-02-14,2,2022,28.62,41.47,21.55,36.98,438.0,2.01,12.64,32.42,14.33,0.868,7.0,2022-02-14 02:00:00
2022-02-15,2,2022,27.45,44.59,25.13,30.28,426.0,2.2,10.88,29.56,14.23,0.833,7.0,2022-02-15 02:00:00
2022-02-16,2,2022,23.63,39.86,23.59,36.55,419.0,2.09,13.72,29.48,14.0,0.852,7.0,2022-02-16 02:00:00
2022-02-17,2,2022,24.22,46.26,24.06,29.68,430.0,2.17,11.7,32.09,15.39,0.948,6.9,2022-02-17 02:00:00
2022-02-18,2,2022,24.54,41.13,25.4,33.47,406.0,2.41,11.03,29.61,14.3,0.836,6.7,2022-02-18 02:00:00
2022-02-19,2,2022,22.58,41.34,21.84,36.82,427.0,2.23,11.12,31.35,13.96,0.825,6.9,2022-02-19 02:00:00
2022-02-20,2,2022,23.88,40.12,22.36,37.52,431.0,2.13,12.72,30.1,14.57,0.914,6.8,2022-02-20 02:00:00
2022-02-21,2,2022,21.59,42.34,26.05,31.61,438.0,2.0,13.36,29.39,14.33,0.859,6.8,2022-02-21 02:00:00
2022-02-22,2,2022,21.15,42.86,24.5,32.64,438.0,2.06,12.28,31.15,14.72,0.857,7.0,2022-02-22 02:00:00
2022-02-23,2,2022,19.44,42.69,22.09,35.22,458.0,2.26,12.93,31.97,14.17,0.831,6.9,2022-02-23 02:00:00
2022-02-24,2,2022,21.44,43.03,25.54,31.43,425.0,2.34,10.27,30.76,14.36,0.85,7.2,2022-02-24 02:00:00
2022-02-25,2,2022,19.77,41.93,21.95,36.12,438.0,2.29,12.42,29.11,14.23,0.81,6.7,2022-02-25 02:00:00
2022-02-26,2,2022,18.42,42.71,26.54,30.75,445.0,2.28,11.88,31.28,14.06,0.748,7.1,2022-02-26 02:00:00
2022-02-27,2,2022,16.95,42.74,24.57,32.69,429.0,2.26,12.83,32.44,14.88,0.765,7.1,2022-02-27 02:00:00
2022-02-28,2,2022,14.99,44.28,26.77,28.95,419.0,1.99,11.72,31.84,14.22,0.852,7.1,2022-02-28 02:00:00
2022-03-01,2,2022,17.55,40.89,25.26,33.85,423.0,1.94,10.58,30.24,14.43,0.843,6.8,2022-03-01 02:00:00
2022-03-02,2,2022,19.95,39.31,25.62,35.07,451.0,2.03,11.38,30.51,14.28,0.851,6.9,2022-03-02 02:00:00
2022-03-03,2,2022,15.35,42.78,25.84,31.38,424.0,2.0,12.0,30.74,14.93,0.873,6.8,2022-03-03 02:00:00
2022-03-04,2,2022,13.09,40.82,25.23,33.95,433.0,2.1,13.54,31.2,14.56,0.849,6.9,2022-03-04 02:00:00
2022-03-05,2,2022,14.93,44.41,23.63,31.96,441.0,1.98,11.64,29.15,13.14,0.843,6.9,2022-03-05 02:00:00
2022-03-06,2,2022,14.03,41.44,24.77,33.79,422.0,2.05,13.18,30.6,12.46,0.839,6.9,2022-03-06 02:00:00
2022-03-07,2,2022,20.63,40.71,22.83,36.46,442.0,2.33,10.73,31.08,14.18,0.907,6.8,2022-03-07 02:00:00
2022-03-08,2,2022,18.81,40.66,25.58,33.76,431.0,2.05,11.24,29.78,14.53,0.967,6.9,2022-03-08 02:00:00
2022-03-09,2,2022,16.3,40.17,25.65,34.18,440.0,2.24,13.06,30.3,14.75,0.881,7.0,2022-03-09 02:00:00
2022-03-10,2,2022,16.86,39.81,22.8,37.39,428.0,1.89,13.07,30.22,14.06,0.886,7.1,2022-03-10 02:00:00
2022-03-11,2,2022,15.46,49.3,21.07,29.63,427.0,2.24,13.23,31.64,14.36,0.848,7.1,2022-03-11 02:00:00
2022-03-12,2,2022,15.22,38.6,24.37,37.03,420.0,1.9,12.63,31.33,13.96,0.781,6.8,2022-03-12 02:00:00
2022-03-13,2,2022,14.82,41.91,24.66,33.43,428.0,2.33,12.58,30.46,15.16,0.954,7.1,2022-03-13 02:00:00
2022-03-14,2,2022,19.16,40.88,23.47,35.65,438.0,1.98,12.77,33.09,13.42,0.822,6.9,2022-03-14 02:00:00
2022-03-15,2,2022,28.43,47.53,22.1,30.37,434.0,2.37,13.41,31.89,14.26,0.811,6.9,2022-03-15 02:00:00
2022-03-16,2,2022,27.12,40.12,23.83,36.05,421.0,2.2,10.56,32.86,14.92,0.968,6.9,2022-03-16 02:00:00
2022-03-17,2,2022,25.78,42.19,23.63,34.18,437.0,2.69,12.67,30.83,13.27,0.909,6.8,2022-03-17 02:00:00
2022-03-18,2,2022,23.51,41.67,23.55,34.78,424.0,2.41,13.38,33.02,12.97,0.938,7.1,2022-03-18 02:00:00
2022-03-19,2,2022,24.27,39.42,24.6,35.98,435.0,2.28,14.28,29.95,12.76,0.86,7.1,2022-03-19 02:00:00
2022-03-20,2,2022,22.79,41.26,23.02,35.72,450.0,2.26,12.12,30.41,14.12,0.782,6.9,2022-03-20 02:00:00
2022-03-21,2,2022,20.11,40.65,23.84,35.51,422.0,2.11,11.71,32.05,13.57,0.923,6.8,2022-03-21 02:00:00
2022-03-22,2,2022,17.77,41.28,24.97,33.75,433.0,2.16,11.77,31.37,13.89,0.818,7.0,2022-03-22 02:00:00
2022-03-23,2,2022,15.17,43.32,25.71,30.97,430.0,2.0,11.94,30.7,13.63,0.981,6.9,2022-03-23 02:00:00
2022-03-24,2,2022,23.01,40.62,23.1,36.28,440.0,2.2,10.25,32.57,13.74,0.916,7.0,2022-03-24 02:00:00
2022-03-25,2,2022,28.37,40.78,24.37,34.85,423.0,2.07,13.15,30.11,14.9,0.899,7.1,2022-03-25 02:00:00
2022-03-26,2,2022,26.77,39.13,25.16,35.71,426.0,2.2,12.65,31.13,14.7,0.905,6.8,2022-03-26 02:00:00
2022-03-27,2,2022,27.25,41.76,20.99,37.25,425.0,2.11,12.88,29.89,14.63,0.761,6.9,2022-03-27 02:00:00
2022-03-28,2,2022,24.32,43.12,20.65,36.23,423.0,2.22,9.79,30.18,12.97,0.885,7.0,2022-03-28 02:00:00
2022-03-29,2,2022,28.22,44.23,25.66,30.11,445.0,2.15,14.27,28.28,13.02,0.885,7.1,2022-03-29 02:00:00
2022-03-30,2,2022,29.19,43.64,23.54,32.82,427.0,2.19,11.18,28.87,13.71,0.874,7.1,2022-03-30 02:00:00
2022-03-31,2,2022,26.01,43.65,25.58,30.77,433.0,2.31,11.57,31.95,14.34,0.898,6.8,2022-03-31 02:00:00
2022-04-01,2,2022,24.72,44.21,24.56,31.23,432.0,2.34,11.53,31.94,14.33,0.897,7.1,2022-04-01 02:00:00
2022-04-02,2,2022,33.46,43.15,23.89,32.96,437.0,2.05,10.42,31.93,13.91,0.858,6.8,2022-04-02 02:00:00
2022-04-03,2,2022,31.13,39.83,26.79,33.38,427.0,1.99,9.43,30.94,13.15,0.866,6.9,2022-04-03 02:00:00
2022-04-04,2,2022,32.01,41.83,22.89,35.28,446.0,2.34,14.2,32.24,12.12,0.859,7.0,2022-04-04 02:00:00
2022-04-05,2,2022,30.26,41.33,21.38,37.29,438.0,2.1,12.04,31.1,13.67,0.851,6.9,2022-04-05 02:00:00
2022-04-06,2,2022,27.76,41.72,24.72,33.56,428.0,1.96,11.64,32.68,13.25,0.904,6.8,2022-04-06 02:00:00
2022-04-07,2,2022,28.18,41.86,26.75,31.39,419.0,2.41,12.68,30.42,13.86,0.861,7.1,2022-04-07 02:00:00
2022-04-08,2,2022,26.63,42.89,24.56,32.55,422.0,2.34,10.38,32.24,15.2,0.86,6.8,2022-04-08 02:00:00
2022-04-09,2,2022,33.76,41.31,26.17,32.52,431.0,2.55,11.13,31.35,14.42,0.848,7.1,2022-04-09 02:00:00
2022-04-10,2,2022,33.69,41.46,20.59,37.95,433.0,2.48,12.41,30.52,14.17,0.826,7.1,2022-04-10 02:00:00
2022-04-11,2,2022,30.59,44.86,22.34,32.8,441.0,2.15,12.65,33.62,14.22,0.827,6.9,2022-04-11 02:00:00
2022-04-12,2,2022,31.64,38.91,22.09,39.0,440.0,1.92,12.23,29.35,15.62,0.8,7.0,2022-04-12 02:00:00
2022-04-13,2,2022,31.4,40.91,24.93,34.16,443.0,2.37,11.46,29.39,13.6,0.983,6.9,2022-04-13 02:00:00
2022-04-14,2,2022,29.11,42.61,24.34,33.05,458.0,1.99,14.7,31.38,14.41,0.834,7.0,2022-04-14 02:00:00
2022-04-15,2,2022,28.98,43.12,23.32,33.56,443.0,2.26,12.16,32.76,13.82,0.942,6.9,2022-04-15 02:00:00
2022-04-16,2,2022,26.47,42.19,24.8,33.01,452.0,2.38,11.51,30.59,12.93,0.914,6.7,2022-04-16 02:00:00
2022-04-17,2,2022,23.32,42.61,24.52,32.87,449.0,2.29,12.69,33.16,14.45,0.928,6.9,2022-04-17 02:00:00
2022-04-18,2,2022,26.89,41.48,25.51,33.01,432.0,1.99,12.94,30.69,14.7,0.861,6.8,2022-04-18 02:00:00
2022-04-19,2,2022,23.29,42.55,23.41,34.04,453.0,2.04,10.45,31.33,13.07,0.876,6.8,2022-04-19 02:00:00
2022-04-20,2,2022,26.83,45.15,22.88,31.97,435.0,1.96,10.11,31.72,12.04,0.955,7.0,2022-04-20 02:00:00
2022-04-21,2,2022,26.44,43.92,24.01,32.07,450.0,2.29,10.51,32.21,14.68,0.942,7.0,2022-04-21 02:00:00
2022-04-22,2,2022,33.35,42.3,24.56,33.14,432.0,2.09,12.06,31.92,12.56,1.009,6.9,2022-04-22 02:00:00
2022-04-23,2,2022,29.91,42.64,24.76,32.6,441.0,2.16,13.42,31.56,13.61,0.827,6.9,2022-04-23 02:00:00
2022-04-24,2,2022,32.85,41.26,23.26,35.48,442.0,2.24,13.18,30.92,13.79,0.895,6.9,2022-04-24 02:00:00
2022-04-25,2,2022,37.08,43.15,23.65,33.2,446.0,2.24,12.64,30.34,13.71,0.883,6.9,2022-04-25 02:00:00
2022-04-26,2,2022,36.17,41.19,23.96,34.85,443.0,2.04,11.87,29.59,15.11,0.935,6.9,2022-04-26 02:00:00
2022-04-27,2,2022,32.54,43.7,25.93,30.37,434.0,2.14,10.2,29.65,13.5,0.848,6.9,2022-04-27 02:00:00
2022-04-28,2,2022,32.69,41.8,24.3,33.9,436.0,2.28,10.18,31.34,13.78,0.898,7.0,2022-04-28 02:00:00
2022-04-29,2,2022,29.28,38.21,23.66,38.13,436.0,1.95,11.75,31.12,13.73,0.879,6.9,2022-04-29 02:00:00
2022-04-30,2,2022,27.21,41.62,27.7,30.68,451.0,2.06,11.59,30.68,15.53,0.841,6.9,2022-04-30 02:00:00
2022-05-01,2,2022,34.14,40.36,22.94,36.7,453.0,2.08,10.86,31.9,14.69,0.813,6.9,2022-05-01 02:00:00
2022-05-02,2,2022,32.95,43.16,24.97,31.87,446.0,2.09,13.9,32.15,14.78,0.878,6.9,2022-05-02 02:00:00
2022-05-03,2,2022,31.11,44.75,24.97,30.28,429.0,2.11,10.77,29.87,14.31,0.934,6.8,2022-05-03 02:00:00
2022-05-04,2,2022,31.88,41.55,23.3,35.15,442.0,1.96,10.14,29.57,14.02,0.787,6.9,2022-05-04 02:00:00
2022-05-05,2,2022,32.05,41.05,22.54,36.41,449.0,2.34,11.67,33.02,15.1,0.893,7.0,2022-05-05 02:00:00
2022-05-06,2,2022,28.36,41.13,23.45,35.42,455.0,2.34,13.13,32.27,13.89,0.904,6.8,2022-05-06 02:00:00
2022-05-07,2,2022,29.43,39.27,23.89,36.84,437.0,2.27,13.61,31.79,14.15,0.883,6.8,2022-05-07 02:00:00
2022-05-08,2,2022,29.28,41.16,23.76,35.08,421.0,2.06,12.38,30.98,13.75,0.882,7.0,2022-05-08 02:00:00
2022-05-09,2,2022,26.45,43.63,22.31,34.06,436.0,2.16,12.7,31.21,13.13,0.922,6.9,2022-05-09 02:00:00
2022-05-10,2,2022,26.32,41.35,23.93,34.72,426.0,2.12,11.26,30.2,12.82,0.982,6.8,2022-05-10 02:00:00
2022-05-11,2,2022,22.79,40.35,25.81,33.84,445.0,2.51,12.83,31.53,14.64,0.965,7.0,2022-05-11 02:00:00
2022-05-12,2,2022,22.75,41.04,23.91,35.05,447.0,2.36,10.89,31.31,15.15,0.994,6.9,2022-05-12 02:00:00
2022-05-13,2,2022,19.05,39.24,25.42,35.34,446.0,2.35,10.48,30.8,14.63,0.92,6.8,2022-05-13 02:00:00
2022-05-14,2,2022,18.76,40.88,23.86,35.26,438.0,2.28,13.68,30.31,13.08,0.917,6.9,2022-05-14 02:00:00
2022-05-15,2,2022,17.44,41.3,22.1,36.6,463.0,2.34,13.02,31.17,13.22,1.047,7.0,2022-05-15 02:00:00
2022-05-16,2,2022,17.38,40.51,25.2,34.29,456.0,2.37,11.43,31.88,12.63,0.897,6.8,2022-05-16 02:00:00
2022-05-17,2,2022,17.29,46.13,26.74,27.13,465.0,2.1,11.59,29.25,13.15,0.939,7.0,2022-05-17 02:00:00
2022-05-18,2,2022,15.81,46.78,22.73,30.49,460.0,2.45,9.9,29.83,13.85,1.008,6.9,2022-05-18 02:00:00
2022-05-19,2,2022,14.07,40.58,24.55,34.87,442.0,2.32,10.75,29.39,15.07,0.996,6.8,2022-05-19 02:00:00
2022-05-20,2,2022,10.47,46.52,22.46,31.02,448.0,2.21,12.59,29.13,14.19,0.999,6.7,2022-05-20 02:00:00
2022-05-21,2,2022,13.0,43.92,22.47,33.61,429.0,2.05,11.48,31.74,13.48,0.86,7.1,2022-05-21 02:00:00
2022-05-22,2,2022,11.46,42.85,25.88,31.27,453.0,2.11,10.98,32.0,13.96,0.942,7.0,2022-05-22 02:00:00
2022-05-23,2,2022,8.53,39.77,23.22,37.01,435.0,2.26,12.28,32.2,14.0,0.984,6.9,2022-05-23 02:00:00
2022-05-24,2,2022,7.85,43.52,25.02,31.46,452.0,2.05,11.39,33.78,13.99,0.97,6.9,2022-05-24 02:00:00
2022-05-25,2,2022,5.34,41.75,22.9,35.35,445.0,2.15,10.84,29.89,13.47,0.91,7.0,2022-05-25 02:00:00
2022-05-26,2,2022,5.0,39.49,24.49,36.02,421.0,2.11,12.54,31.48,13.94,0.891,6.7,2022-05-26 02:00:00
2022-05-27,2,2022,5.57,40.53,23.48,35.99,445.0,1.96,12.25,30.83,14.81,0.931,6.9,2022-05-27 02:00:00
2022-05-28,2,2022,5.74,43.11,21.61,35.28,453.0,1.95,10.67,29.84,13.18,0.87,6.9,2022-05-28 02:00:00
2022-05-29,2,2022,5.0,41.63,23.95,34.42,438.0,2.23,13.4,32.71,13.7,0.932,7.1,2022-05-29 02:00:00
2022-05-30,2,2022,5.0,42.07,21.85,36.08,436.0,1.92,13.12,31.51,13.27,0.979,6.8,2022-05-30 02:00:00
2022-05-31,2,2022,5.0,42.06,24.25,33.69,447.0,2.1,7.99,30.0,13.21,0.918,7.0,2022-05-31 02:00:00
2022-06-01,2,2022,5.0,42.44,23.37,34.19,466.0,1.95,14.12,30.86,14.17,0.889,6.8,2022-06-01 02:00:00
2022-06-02,2,2022,5.74,42.08,24.35,33.57,431.0,2.25,9.98,29.63,12.47,1.003,6.9,2022-06-02 02:00:00
2022-06-03,2,2022,9.47,40.98,21.31,37.71,430.0,2.04,12.74,30.36,14.54,0.853,6.9,2022-06-03 02:00:00
2022-06-04,2,2022,9.29,44.72,22.97,32.31,439.0,2.2,9.08,31.89,14.58,0.942,6.8,2022-06-04 02:00:00
2022-06-05,2,2022,6.71,38.62,25.86,35.52,438.0,2.13,10.74,33.33,15.49,0.856,6.9,2022-06-05 02:00:00
2022-06-06,2,2022,5.0,44.81,25.96,29.23,453.0,2.54,10.04,31.34,13.74,1.002,6.9,2022-06-06 02:00:00
2022-06-07,2,2022,5.07,43.53,24.19,32.28,444.0,2.28,9.39,31.54,13.91,0.991,6.8,2022-06-07 02:00:00
2022-06-08,2,2022,6.57,44.14,19.85,36.01,436.0,2.02,12.67,29.71,13.58,0.93,7.1,2022-06-08 02:00:00
2022-06-09,2,2022,5.29,41.28,24.1,34.62,450.0,2.13,10.54,31.61,13.92,1.027,6.9,2022-06-09 02:00:00
2022-06-10,2,2022,5.0,42.65,22.41,34.94,433.0,2.01,13.26,30.9,15.83,0.982,6.9,2022-06-10 02:00:00
2022-06-11,2,2022,7.06,42.65,22.79,34.56,446.0,2.06,12.05,30.22,14.06,1.0,6.9,2022-06-11 02:00:00
2022-06-12,2,2022,8.54,43.88,21.43,34.69,448.0,2.08,13.3,29.46,12.42,0.989,6.6,2022-06-12 02:00:00
2022-06-13,2,2022,9.71,42.19,22.42,35.39,445.0,2.31,12.03,31.27,13.9,0.943,6.9,2022-06-13 02:00:00
2022-06-14,2,2022,8.84,38.07,22.38,39.55,455.0,2.0,10.0,31.57,13.85,0.908,7.0,2022-06-14 02:00:00
2022-06-15,2,2022,10.38,38.31,22.3,39.39,454.0,2.23,12.06,29.89,13.92,0.94,6.8,2022-06-15 02:00:00
2022-06-16,2,2022,8.94,42.74,25.27,31.99,454.0,1.92,11.21,32.42,13.3,0.951,6.8,2022-06-16 02:00:00
2022-06-17,2,2022,6.64,41.43,25.94,32.63,460.0,2.06,13.0,30.51,13.62,0.957,6.7,2022-06-17 02:00:00
2022-06-18,2,2022,14.56,39.91,24.1,35.99,456.0,2.08,10.6,31.07,14.47,0.975,6.9,2022-06-18 02:00:00
2022-06-19,2,2022,13.14,42.67,22.6,34.73,434.0,2.16,14.47,30.2,15.41,0.93,6.9,2022-06-19 02:00:00
2022-06-20,2,2022,10.36,40.82,23.73,35.45,436.0,2.11,12.31,30.83,13.21,0.975,6.9,2022-06-20 02:00:00
2022-06-21,2,2022,9.7,41.22,23.62,35.16,457.0,2.06,10.95,31.2,14.46,0.945,6.8,2022-06-21 02:00:00
2022-06-22,2,2022,5.66,43.22,23.69,33.09,456.0,2.17,13.02,30.44,13.59,0.967,7.0,2022-06-22 02:00:00
2022-06-23,2,2022,5.81,47.47,22.43,30.1,455.0,2.22,12.21,31.28,12.83,0.992,6.7,2022-06-23 02:00:00
2022-06-24,2,2022,6.2,39.72,25.81,34.47,427.0,2.17,12.89,31.73,14.98,0.956,6.8,2022-06-24 02:00:00
2022-06-25,2,2022,5.0,41.25,21.84,36.91,450.0,2.02,14.11,30.15,14.25,1.005,6.8,2022-06-25 02:00:00
2022-06-26,2,2022,5.91,40.52,22.88,36.6,453.0,2.48,11.86,31.27,13.79,1.01,6.8,2022-06-26 02:00:00
2022-06-27,2,2022,5.0,42.52,21.35,36.13,450.0,2.1,12.48,32.78,14.47,1.052,6.9,2022-06-27 02:00:00
2022-06-28,2,2022,5.42,41.06,23.2,35.74,443.0,2.25,10.59,32.98,14.42,1.019,6.7,2022-06-28 02:00:00
2022-06-29,2,2022,5.72,42.5,22.71,34.79,456.0,2.02,13.03,30.69,13.27,0.886,7.1,2022-06-29 02:00:00
2022-06-30,2,2022,6.68,38.84,24.31,36.85,441.0,2.01,11.56,31.83,13.76,0.896,6.8,2022-06-30 02:00:00
2022-07-01,2,2022,5.0,39.91,25.94,34.15,464.0,2.18,10.57,30.62,14.22,0.923,6.8,2022-07-01 02:00:00
2022-07-02,2,2022,5.0,40.69,23.64,35.67,451.0,2.22,9.81,31.17,14.67,0.952,6.9,2022-07-02 02:00:00
2022-07-03,2,2022,5.0,39.57,23.94,36.49,443.0,2.53,13.43,30.67,13.2,0.948,6.9,2022-07-03 02:00:00
2022-07-04,2,2022,5.02,42.05,24.4,33.55,463.0,1.91,11.84,31.43,14.59,1.039,6.9,2022-07-04 02:00:00
2022-07-05,2,2022,5.0,42.88,19.44,37.68,460.0,2.1,14.39,29.36,13.79,1.02,6.8,2022-07-05 02:00:00
2022-07-06,2,2022,5.76,39.45,22.45,38.1,437.0,2.36,12.96,29.74,13.1,1.003,6.9,2022-07-06 02:00:00
2022-07-07,2,2022,5.92,41.15,24.38,34.47,445.0,2.2,10.85,29.4,13.29,0.955,6.9,2022-07-07 02:00:00
2022-07-08,2,2022,5.56,42.39,22.66,34.95,448.0,2.04,13.65,32.18,13.25,0.957,6.9,2022-07-08 02:00:00
2022-07-09,2,2022,5.44,42.31,24.38,33.31,434.0,2.34,14.56,32.05,14.31,1.012,6.8,2022-07-09 02:00:00
2022-07-10,2,2022,5.0,44.44,26.45,29.11,453.0,2.27,12.4,30.54,14.27,0.969,6.9,2022-07-10 02:00:00
2022-07-11,2,2022,6.05,41.57,24.27,34.16,462.0,2.34,12.56,30.65,13.89,1.077,6.8,2022-07-11 02:00:00
2022-07-12,2,2022,5.46,44.57,21.78,33.65,451.0,2.31,12.1,29.04,13.96,0.986,6.7,2022-07-12 02:00:00
2022-07-13,2,2022,6.73,42.06,23.38,34.56,449.0,2.2,11.28,30.87,14.4,0.98,6.8,2022-07-13 02:00:00
2022-07-14,2,2022,5.0,42.58,22.85,34.57,460.0,2.41,12.86,30.6,13.72,1.019,6.7,2022-07-14 02:00:00
2022-07-15,2,2022,5.44,41.17,21.73,37.1,449.0,2.38,10.98,31.61,14.19,0.92,7.0,2022-07-15 02:00:00
2022-07-16,2,2022,5.0,43.32,25.92,30.76,449.0,2.28,13.12,33.64,14.01,0.916,6.9,2022-07-16 02:00:00
2022-07-17,2,2022,5.48,41.8,23.98,34.22,432.0,2.31,11.14,31.96,14.17,1.071,6.8,2022-07-17 02:00:00
2022-07-18,2,2022,5.0,42.07,25.29,32.64,454.0,2.15,11.99,30.16,14.89,0.99,6.9,2022-07-18 02:00:00
2022-07-19,2,2022,5.47,40.96,25.61,33.43,446.0,1.98,14.14,30.08,13.84,0.961,6.8,2022-07-19 02:00:00
2022-07-20,2,2022,5.0,41.9,23.75,34.35,437.0,1.74,12.56,31.71,15.05,0.956,7.0,2022-07-20 02:00:00
2022-07-21,2,2022,5.0,41.94,23.95,34.11,448.0,2.34,11.79,30.33,13.84,1.021,6.7,2022-07-21 02:00:00
2022-07-22,2,2022,6.49,42.7,23.75,33.55,455.0,2.02,13.39,31.27,13.7,0.926,6.8,2022-07-22 02:00:00
2022-07-23,2,2022,5.33,41.52,24.33,34.15,466.0,2.54,13.13,31.7,13.99,1.026,6.9,2022-07-23 02:00:00
2022-07-24,2,2022,5.0,41.85,24.18,33.97,452.0,2.32,12.05,33.68,13.53,0.962,6.7,2022-07-24 02:00:00
2022-07-25,2,2022,5.0,45.01,24.47,30.52,455.0,2.44,12.32,32.52,14.09,1.088,6.9,2022-07-25 02:00:00
2022-07-26,2,2022,5.0,40.04,24.06,35.9,459.0,2.18,14.3,31.13,14.03,0.977,6.8,2022-07-26 02:00:00
2022-07-27,2,2022,5.21,42.33,25.35,32.32,454.0,2.45,13.09,30.08,14.1,0.951,6.9,2022-07-27 02:00:00
2022-07-28,2,2022,6.56,44.8,22.97,32.23,436.0,2.14,11.62,30.65,13.36,1.023,6.8,2022-07-28 02:00:00
2022-07-29,2,2022,6.8,40.02,25.03,34.95,470.0,2.03,13.1,29.24,14.41,1.007,7.0,2022-07-29 02:00:00
2022-07-30,2,2022,5.0,40.34,22.74,36.92,465.0,2.31,11.62,33.01,13.09,1.028,6.9,2022-07-30 02:00:00
2022-07-31,2,2022,6.01,42.31,23.26,34.43,451.0,2.43,10.41,31.58,16.02,0.963,6.8,2022-07-31 02:00:00
2022-08-01,2,2022,5.26,39.11,25.05,35.84,451.0,2.42,13.62,31.28,14.34,1.044,6.9,2022-08-01 02:00:00
2022-08-02,2,2022,5.67,38.83,26.44,34.73,451.0,1.76,10.62,32.26,14.84,0.993,6.9,2022-08-02 02:00:00
2022-08-03,2,2022,5.0,43.26,23.53,33.21,458.0,2.24,11.54,33.8,13.66,0.98,6.8,2022-08-03 02:00:00
2022-08-04,2,2022,7.03,37.72,21.12,41.16,468.0,1.97,9.14,32.5,14.86,0.944,7.0,2022-08-04 02:00:00
2022-08-05,2,2022,8.45,42.4,21.89,35.71,466.0,1.92,12.29,31.05,12.44,1.095,6.8,2022-08-05 02:00:00
2022-08-06,2,2022,6.6,46.16,23.83,30.01,475.0,2.39,11.0,30.5,14.2,1.065,6.9,2022-08-06 02:00:00
2022-08-07,2,2022,5.0,45.07,25.2,29.73,458.0,2.01,13.97,30.52,13.44,1.077,6.8,2022-08-07 02:00:00
2022-08-08,2,2022,5.0,40.61,21.5,37.89,466.0,2.16,12.03,30.01,15.25,0.96,6.9,2022-08-08 02:00:00
2022-08-09,2,2022,5.0,42.83,24.27,32.9,448.0,2.04,12.52,30.06,13.11,1.006,6.8,2022-08-09 02:00:00
2022-08-10,2,2022,5.06,38.93,23.54,37.53,464.0,2.31,11.12,30.26,13.05,0.974,6.9,2022-08-10 02:00:00
2022-08-11,2,2022,6.21,41.44,23.62,34.94,448.0,2.62,12.31,32.25,15.04,0.944,6.9,2022-08-11 02:00:00
2022-08-12,2,2022,5.0,43.78,23.56,32.66,458.0,2.24,12.57,30.05,14.41,1.005,7.0,2022-08-12 02:00:00
2022-08-13,2,2022,12.53,41.79,24.61,33.6,456.0,2.15,11.66,30.22,13.27,1.071,6.8,2022-08-13 02:00:00
2022-08-14,2,2022,9.69,41.89,23.66,34.45,450.0,2.16,13.11,29.57,13.53,1.052,6.9,2022-08-14 02:00:00
2022-08-15,2,2022,8.09,41.84,24.51,33.65,474.0,2.28,12.29,29.24,14.65,0.979,6.7,2022-08-15 02:00:00
2022-08-16,2,2022,8.72,40.34,24.0,35.66,452.0,2.24,12.51,29.61,15.0,0.983,6.8,2022-08-16 02:00:00
2022-08-17,2,2022,10.26,38.6,23.22,38.18,451.0,2.04,10.43,30.67,14.58,0.937,6.9,2022-08-17 02:00:00
2022-08-18,2,2022,10.75,44.26,24.04,31.7,469.0,2.3,10.1,30.41,14.84,0.956,6.8,2022-08-18 02:00:00
2022-08-19,2,2022,6.47,40.75,21.62,37.63,430.0,2.21,10.58,31.79,15.59,1.096,6.6,2022-08-19 02:00:00
2022-08-20,2,2022,15.33,42.95,24.24,32.81,466.0,2.1,15.42,30.97,14.58,1.019,6.8,2022-08-20 02:00:00
2022-08-21,2,2022,15.05,40.62,25.79,33.59,459.0,1.98,12.16,31.56,14.0,0.962,6.8,2022-08-21 02:00:00
2022-08-22,2,2022,12.79,42.95,22.18,34.87,468.0,2.34,11.97,31.43,14.61,1.021,6.7,2022-08-22 02:00:00
2022-08-23,2,2022,10.55,42.75,21.79,35.46,453.0,2.19,12.77,30.87,14.49,1.008,6.7,2022-08-23 02:00:00
2022-08-24,2,2022,10.14,39.29,23.29,37.42,459.0,2.33,11.23,31.94,12.61,1.084,6.8,2022-08-24 02:00:00
2022-08-25,2,2022,7.8,42.78,23.14,34.08,458.0,2.44,11.44,31.38,14.72,1.066,6.7,2022-08-25 02:00:00
2022-08-26,2,2022,5.93,44.9,23.96,31.14,458.0,2.15,14.13,29.47,14.41,0.893,6.9,2022-08-26 02:00:00
2022-08-27,2,2022,5.0,42.31,25.07,32.62,440.0,2.31,14.66,31.49,13.7,1.068,7.0,2022-08-27 02:00:00
2022-08-28,2,2022,5.0,40.68,23.86,35.46,463.0,2.26,13.47,31.63,12.58,1.012,6.9,2022-08-28 02:00:00
2022-08-29,2,2022,5.0,38.8,21.68,39.52,451.0,2.13,12.63,30.94,14.19,1.029,6.9,2022-08-29 02:00:00
2022-08-30,2,2022,5.0,41.24,24.75,34.01,460.0,2.14,12.17,31.03,13.71,1.108,6.8,2022-08-30 02:00:00
2022-08-31,2,2022,7.35,41.78,24.85,33.37,466.0,2.2,12.56,31.7,13.71,1.048,6.9,2022-08-31 02:00:00
2022-09-01,2,2022,6.96,44.31,23.23,32.46,450.0,2.29,13.71,31.79,14.38,1.034,6.7,2022-09-01 02:00:00
2022-09-02,2,2022,6.16,42.09,22.59,35.32,467.0,2.39,12.27,30.82,14.29,0.988,6.8,2022-09-02 02:00:00
2022-09-03,2,2022,5.07,40.74,24.04,35.22,477.0,2.24,11.71,29.99,12.2,1.038,6.8,2022-09-03 02:00:00
2022-09-04,2,2022,5.0,41.37,25.57,33.06,461.0,2.24,13.92,29.82,15.14,1.023,7.0,2022-09-04 02:00:00
2022-09-05,2,2022,6.13,43.27,24.88,31.85,465.0,2.15,11.8,31.29,15.41,1.001,6.9,2022-09-05 02:00:00
2022-09-06,2,2022,5.0,40.99,22.29,36.72,471.0,2.04,10.29,31.27,14.64,1.07,6.8,2022-09-06 02:00:00
2022-09-07,2,2022,5.74,40.04,21.47,38.49,463.0,2.01,11.48,30.13,14.59,1.053,6.7,2022-09-07 02:00:00
2022-09-08,2,2022,5.0,41.96,25.1,32.94,471.0,2.1,11.67,30.24,12.22,1.015,6.8,2022-09-08 02:00:00
2022-09-09,2,2022,5.0,39.6,25.08,35.32,447.0,1.95,14.59,29.82,12.66,1.101,7.0,2022-09-09 02:00:00
2022-09-10,2,2022,14.26,41.13,24.43,34.44,467.0,2.36,12.41,32.75,14.49,1.039,6.7,2022-09-10 02:00:00
2022-09-11,2,2022,12.71,41.3,24.78,33.92,475.0,2.31,13.37,31.82,14.52,1.138,6.9,2022-09-11 02:00:00
2022-09-12,2,2022,12.17,43.66,23.51,32.83,439.0,2.19,11.55,31.71,14.17,0.953,6.7,2022-09-12 02:00:00
2022-09-13,2,2022,8.82,43.79,25.27,30.94,471.0,2.01,11.27,29.59,12.66,1.034,7.0,2022-09-13 02:00:00
2022-09-14,2,2022,8.62,43.49,25.11,31.4,463.0,2.12,13.68,30.92,12.8,1.03,6.8,2022-09-14 02:00:00
2022-09-15,2,2022,6.95,43.13,22.91,33.96,451.0,2.6,13.2,31.58,14.33,1.048,6.7,2022-09-15 02:00:00
2022-09-16,2,2022,8.46,40.48,28.75,30.77,467.0,2.34,14.38,32.4,13.06,0.969,6.7,2022-09-16 02:00:00
2022-09-17,2,2022,9.75,41.59,23.64,34.77,471.0,2.12,13.49,31.68,13.89,0.985,6.8,2022-09-17 02:00:00
2022-09-18,2,2022,9.52,42.8,23.38,33.82,458.0,1.98,12.15,29.74,13.43,1.078,7.1,2022-09-18 02:00:00
2022-09-19,2,2022,12.26,41.32,23.46,35.22,458.0,2.44,12.23,31.33,12.85,1.027,6.8,2022-09-19 02:00:00
2022-09-20,2,2022,9.68,39.76,23.75,36.49,479.0,2.07,10.72,30.37,16.24,1.09,6.7,2022-09-20 02:00:00
2022-09-21,2,2022,16.44,41.06,25.97,32.97,449.0,2.11,12.5,31.34,14.28,1.127,7.0,2022-09-21 02:00:00
2022-09-22,2,2022,14.36,41.51,25.06,33.43,463.0,2.06,13.46,30.52,13.93,0.923,6.9,2022-09-22 02:00:00
2022-09-23,2,2022,13.38,40.23,23.23,36.54,464.0,2.12,12.72,29.03,14.09,1.153,6.7,2022-09-23 02:00:00
2022-09-24,2,2022,10.32,39.52,24.49,35.99,475.0,2.19,11.52,31.08,13.48,1.107,7.0,2022-09-24 02:00:00
2022-09-25,2,2022,8.2,42.33,21.56,36.11,477.0,2.12,12.24,30.11,13.77,1.184,6.7,2022-09-25 02:00:00
2022-09-26,2,2022,5.0,42.77,23.75,33.48,467.0,2.21,11.79,30.17,12.67,1.061,6.7,2022-09-26 02:00:00
2022-09-27,2,2022,6.04,38.25,21.67,40.08,472.0,2.03,13.87,32.06,14.61,1.059,6.9,2022-09-27 02:00:00
2022-09-28,2,2022,14.3,44.85,21.94,33.21,451.0,2.22,10.77,32.35,14.04,1.002,6.5,2022-09-28 02:00:00
2022-09-29,2,2022,18.47,39.68,24.01,36.31,442.0,2.19,12.65,29.51,14.1,1.117,6.6,2022-09-29 02:00:00
2022-09-30,2,2022,16.31,42.18,22.56,35.26,482.0,2.32,14.85,30.47,13.78,1.122,6.7,2022-09-30 02:00:00
2022-10-01,2,2022,13.17,41.19,22.79,36.02,461.0,2.06,11.76,31.91,13.93,1.003,6.9,2022-10-01 02:00:00
2022-10-02,2,2022,10.54,39.43,24.07,36.5,453.0,2.22,11.33,31.05,14.74,0.864,6.8,2022-10-02 02:00:00
2022-10-03,2,2022,11.82,43.44,25.64,30.92,462.0,2.12,9.7,33.3,13.68,1.07,6.7,2022-10-03 02:00:00
2022-10-04,2,2022,9.97,42.52,22.98,34.5,465.0,2.38,10.99,30.9,14.04,1.139,6.6,2022-10-04 02:00:00
2022-10-05,2,2022,7.25,41.31,24.73,33.96,463.0,2.37,11.05,30.15,12.53,1.112,6.9,2022-10-05 02:00:00
2022-10-06,2,2022,5.94,43.72,24.93,31.35,453.0,2.33,11.25,29.84,11.66,1.113,6.9,2022-10-06 02:00:00
2022-10-07,2,2022,5.0,40.29,22.07,37.64,461.0,2.27,11.63,30.13,12.89,1.05,6.7,2022-10-07 02:00:00
2022-10-08,2,2022,6.78,42.8,24.1,33.1,459.0,2.34,12.56,30.43,14.26,1.144,6.7,2022-10-08 02:00:00
2022-10-09,2,2022,5.0,42.56,22.97,34.47,455.0,2.29,12.64,30.95,13.58,1.099,6.7,2022-10-09 02:00:00
2022-10-10,2,2022,6.38,44.68,24.26,31.06,471.0,2.32,12.44,30.85,13.66,1.072,6.7,2022-10-10 02:00:00
2022-10-11,2,2022,7.15,43.69,26.11,30.2,475.0,2.13,11.37,30.53,12.45,1.081,6.6,2022-10-11 02:00:00
2022-10-12,2,2022,5.0,44.32,26.41,29.27,477.0,2.06,11.62,30.77,12.36,1.029,6.6,2022-10-12 02:00:00
2022-10-13,2,2022,5.0,44.91,23.42,31.67,470.0,2.06,12.38,30.39,13.04,1.076,7.0,2022-10-13 02:00:00
2022-10-14,2,2022,5.0,41.73,25.45,32.82,464.0,2.23,11.68,31.38,15.37,0.977,6.7,2022-10-14 02:00:00
2022-10-15,2,2022,10.58,42.03,25.44,32.53,454.0,2.29,11.48,31.67,13.33,1.078,6.7,2022-10-15 02:00:00
2022-10-16,2,2022,9.24,40.69,25.46,33.85,459.0,2.28,11.75,31.32,14.48,1.051,6.8,2022-10-16 02:00:00
2022-10-17,2,2022,7.63,41.4,25.0,33.6,466.0,2.11,12.31,31.44,13.33,1.036,6.8,2022-10-17 02:00:00
2022-10-18,2,2022,8.09,39.37,24.27,36.36,472.0,2.07,10.51,31.57,13.07,1.097,6.7,2022-10-18 02:00:00
2022-10-19,2,2022,5.0,42.18,25.53,32.29,467.0,2.13,12.12,30.79,13.45,1.113,6.7,2022-10-19 02:00:00
2022-10-20,2,2022,6.34,44.52,24.91,30.57,467.0,2.28,10.99,30.48,15.13,1.149,6.8,2022-10-20 02:00:00
2022-10-21,2,2022,6.27,40.56,23.68,35.76,458.0,2.36,13.01,28.75,13.24,1.128,6.7,2022-10-21 02:00:00
2022-10-22,2,2022,5.0,42.96,25.7,31.34,473.0,2.12,10.8,32.01,13.47,1.051,6.8,2022-10-22 02:00:00
2022-10-23,2,2022,5.64,41.13,22.44,36.43,477.0,2.33,11.37,30.74,13.44,1.02,6.8,2022-10-23 02:00:00
2022-10-24,2,2022,5.0,42.18,23.9,33.92,470.0,2.31,11.43,32.32,14.05,1.019,6.6,2022-10-24 02:00:00
2022-10-25,2,2022,6.63,40.04,26.47,33.49,468.0,2.14,11.41,31.34,12.38,1.12,6.8,2022-10-25 02:00:00
2022-10-26,2,2022,5.0,41.39,23.05,35.56,465.0,2.07,11.6,30.7,13.93,1.09,6.8,2022-10-26 02:00:00
2022-10-27,2,2022,5.44,40.95,22.74,36.31,484.0,2.25,12.42,31.03,14.97,1.096,6.9,2022-10-27 02:00:00
2022-10-28,2,2022,5.29,44.43,21.13,34.44,474.0,2.07,11.01,29.62,14.77,1.014,6.8,2022-10-28 02:00:00
2022-10-29,2,2022,5.95,42.0,24.83,33.17,473.0,2.05,11.83,30.25,13.5,1.072,6.8,2022-10-29 02:00:00
2022-10-30,2,2022,5.4,44.9,24.04,31.06,454.0,2.23,10.5,30.71,13.84,1.136,6.7,2022-10-30 02:00:00
2022-10-31,2,2022,5.0,39.32,24.8,35.88,478.0,2.36,10.81,31.24,14.43,1.074,6.7,2022-10-31 02:00:00
2022-11-01,2,2022,5.0,40.56,20.71,38.73,480.0,2.46,13.1,30.94,14.26,1.143,6.8,2022-11-01 02:00:00
2022-11-02,2,2022,5.61,41.52,25.7,32.78,469.0,2.08,12.45,31.41,14.34,1.098,6.7,2022-11-02 02:00:00
2022-11-03,2,2022,5.0,41.46,22.68,35.86,472.0,2.3,13.9,31.3,14.46,1.045,6.7,2022-11-03 02:00:00
2022-11-04,2,2022,5.14,42.57,23.33,34.1,485.0,2.28,13.31,30.61,13.82,1.064,6.8,2022-11-04 02:00:00
2022-11-05,2,2022,6.31,43.63,22.46,33.91,466.0,2.28,12.39,31.18,14.7,1.117,6.7,2022-11-05 02:00:00
2022-11-06,2,2022,7.45,40.17,23.97,35.86,479.0,2.04,11.68,29.8,13.57,1.144,6.8,2022-11-06 02:00:00
2022-11-07,2,2022,7.33,41.37,25.3,33.33,462.0,2.33,13.38,31.75,14.23,1.103,6.7,2022-11-07 02:00:00
2022-11-08,2,2022,11.28,45.91,24.78,29.31,467.0,2.22,12.13,32.11,15.33,1.11,6.8,2022-11-08 02:00:00
2022-11-09,2,2022,8.7,38.63,25.01,36.36,489.0,2.2,13.02,32.7,15.34,1.186,6.8,2022-11-09 02:00:00
2022-11-10,2,2022,5.0,42.31,24.88,32.81,470.0,1.93,13.12,31.78,15.41,1.11,6.8,2022-11-10 02:00:00
2022-11-11,2,2022,5.0,44.07,25.8,30.13,483.0,2.12,12.07,32.1,14.46,1.077,6.8,2022-11-11 02:00:00
2022-11-12,2,2022,6.7,42.37,21.96,35.67,471.0,2.18,12.05,30.69,13.73,1.121,6.8,2022-11-12 02:00:00
2022-11-13,2,2022,5.48,39.09,21.98,38.93,470.0,1.94,11.77,31.03,14.64,1.018,6.7,2022-11-13 02:00:00
2022-11-14,2,2022,5.73,43.31,25.19,31.5,475.0,2.2,11.79,30.48,13.58,0.993,6.6,2022-11-14 02:00:00
2022-11-15,2,2022,5.84,39.68,23.21,37.11,449.0,2.43,13.26,30.92,14.54,1.117,6.6,2022-11-15 02:00:00
2022-11-16,2,2022,5.0,41.04,22.86,36.1,487.0,1.82,10.6,31.76,12.71,1.049,6.7,2022-11-16 02:00:00
2022-11-17,2,2022,5.0,42.14,22.21,35.65,454.0,2.33,11.87,31.59,14.28,1.1,6.8,2022-11-17 02:00:00
2022-11-18,2,2022,8.28,41.58,20.74,37.68,476.0,2.18,12.87,31.26,14.65,1.149,6.8,2022-11-18 02:00:00
2022-11-19,2,2022,6.33,43.83,25.0,31.17,480.0,2.28,12.98,30.97,13.76,1.238,6.8,2022-11-19 02:00:00
2022-11-20,2,2022,5.15,44.41,23.05,32.54,471.0,2.27,12.02,30.1,13.59,1.145,6.9,2022-11-20 02:00:00
2022-11-21,2,2022,5.0,45.12,25.09,29.79,486.0,2.09,12.2,32.09,15.65,1.149,6.7,2022-11-21 02:00:00
2022-11-22,2,2022,6.26,41.84,23.61,34.55,456.0,2.19,11.82,31.1,14.23,1.08,6.8,2022-11-22 02:00:00
2022-11-23,2,2022,5.0,40.87,23.81,35.32,469.0,2.21,14.55,27.91,14.68,1.034,6.8,2022-11-23 02:00:00
2022-11-24,2,2022,8.93,41.87,23.83,34.3,483.0,2.18,11.92,32.88,14.55,1.144,6.8,2022-11-24 02:00:00
2022-11-25,2,2022,5.73,37.75,24.75,37.5,469.0,2.12,11.58,29.94,14.05,1.162,6.7,2022-11-25 02:00:00
2022-11-26,2,2022,5.0,41.31,22.43,36.26,462.0,2.4,12.61,32.13,15.36,1.149,6.6,2022-11-26 02:00:00
2022-11-27,2,2022,5.14,43.93,23.22,32.85,471.0,2.5,12.57,31.53,14.63,1.09,6.8,2022-11-27 02:00:00
2022-11-28,2,2022,5.0,40.07,24.56,35.37,487.0,2.08,11.64,31.65,14.18,1.15,6.9,2022-11-28 02:00:00
2022-11-29,2,2022,5.0,43.07,25.12,31.81,466.0,2.22,12.74,32.06,14.72,1.159,6.8,2022-11-29 02:00:00
2022-11-30,2,2022,5.0,41.25,22.55,36.2,478.0,1.86,10.21,30.45,14.15,1.114,6.7,2022-11-30 02:00:00
2022-12-01,2,2022,8.65,40.12,21.68,38.2,479.0,2.29,10.71,32.15,12.98,1.109,6.9,2022-12-01 02:00:00
2022-12-02,2,2022,6.38,47.77,21.2,31.03,474.0,2.49,9.66,30.39,14.17,1.147,6.8,2022-12-02 02:00:00
2022-12-03,2,2022,5.33,42.9,24.6,32.5,478.0,2.2,13.49,31.01,13.84,1.141,6.6,2022-12-03 02:00:00
2022-12-04,2,2022,5.11,42.44,25.33,32.23,485.0,2.33,12.33,31.07,15.02,1.074,6.7,2022-12-04 02:00:00
2022-12-05,2,2022,5.0,42.75,21.86,35.39,490.0,2.13,12.41,31.84,14.33,1.169,6.6,2022-12-05 02:00:00
2022-12-06,2,2022,5.15,43.47,24.39,32.14,462.0,2.27,12.34,31.47,13.4,1.162,7.0,2022-12-06 02:00:00
2022-12-07,2,2022,5.0,44.77,23.08,32.15,469.0,2.12,13.21,31.71,13.16,1.16,6.6,2022-12-07 02:00:00
2022-12-08,2,2022,5.91,40.19,25.44,34.37,462.0,2.27,11.86,30.68,13.19,1.222,6.8,2022-12-08 02:00:00
2022-12-09,2,2022,5.0,41.77,22.93,35.3,486.0,2.06,12.22,31.66,13.47,1.092,6.8,2022-12-09 02:00:00
2022-12-10,2,2022,5.0,46.3,22.96,30.74,477.0,2.05,11.77,30.39,13.72,1.208,6.6,2022-12-10 02:00:00
2022-12-11,2,2022,5.0,43.09,22.79,34.12,481.0,2.29,12.36,27.72,13.72,1.121,6.8,2022-12-11 02:00:00
2022-12-12,2,2022,5.74,42.33,24.01,33.66,470.0,2.4,11.14,31.5,13.41,1.159,6.8,2022-12-12 02:00:00
2022-12-13,2,2022,8.06,42.87,24.88,32.25,476.0,2.23,12.52,30.67,12.79,1.133,6.8,2022-12-13 02:00:00
2022-12-14,2,2022,5.0,43.2,23.32,33.48,480.0,1.99,11.37,32.48,15.76,1.181,6.7,2022-12-14 02:00:00
2022-12-15,2,2022,5.03,42.14,21.83,36.03,474.0,2.4,11.17,31.03,14.02,1.122,6.7,2022-12-15 02:00:00
2022-12-16,2,2022,9.08,43.38,25.5,31.12,464.0,2.52,11.58,32.11,13.95,1.106,6.7,2022-12-16 02:00:00
2022-12-17,2,2022,5.9,40.8,23.26,35.94,480.0,2.21,10.08,31.71,13.27,1.09,7.0,2022-12-17 02:00:00
2022-12-18,2,2022,8.61,43.2,22.74,34.06,466.0,2.25,12.28,31.97,15.19,1.157,6.8,2022-12-18 02:00:00
2022-12-19,2,2022,6.17,42.02,22.1,35.88,480.0,2.3,13.61,30.59,13.74,1.175,6.4,2022-12-19 02:00:00
2022-12-20,2,2022,5.0,38.47,22.94,38.59,473.0,2.33,13.7,32.25,13.51,1.145,6.7,2022-12-20 02:00:00
2022-12-21,2,2022,5.0,41.01,24.46,34.53,480.0,2.18,14.05,29.66,14.58,1.108,6.7,2022-12-21 02:00:00
2022-12-22,2,2022,5.0,43.95,23.18,32.87,472.0,2.21,9.77,30.89,15.6,1.223,6.6,2022-12-22 02:00:00
2022-12-23,2,2022,5.0,42.78,24.5,32.72,468.0,1.96,13.14,30.55,13.97,1.154,6.7,2022-12-23 02:00:00
2022-12-24,2,2022,5.38,46.77,24.64,28.59,479.0,1.99,13.4,31.53,13.81,1.096,6.8,2022-12-24 02:00:00
2022-12-25,2,2022,5.0,38.75,20.93,40.32,482.0,2.11,10.77,30.88,14.59,1.082,6.7,2022-12-25 02:00:00
2022-12-26,2,2022,8.38,42.68,23.49,33.83,478.0,2.2,9.96,29.82,14.34,1.275,6.9,2022-12-26 02:00:00
2022-12-27,2,2022,5.0,42.9,24.05,33.05,502.0,2.14,13.46,30.47,13.13,1.131,6.6,2022-12-27 02:00:00
2022-12-28,2,2022,5.0,42.11,26.83,31.06,481.0,1.97,11.93,31.3,13.07,1.188,6.6,2022-12-28 02:00:00
2022-12-29,2,2022,5.0,41.0,23.9,35.1,481.0,2.32,10.19,31.1,13.89,1.127,6.7,2022-12-29 02:00:00
2022-12-30,2,2022,6.69,42.43,22.27,35.3,474.0,2.05,10.69,31.38,12.5,1.246,6.8,2022-12-30 02:00:00
2022-12-31,2,2022,5.42,41.64,22.95,35.41,474.0,2.18,12.25,31.12,13.46,1.14,6.8,2022-12-31 02:00:00
2020-01-02,3,2020,34.58,40.91,23.14,35.95,404.0,2.21,10.59,31.56,14.03,0.85,6.9,2020-01-02 02:00:00
2020-01-03,3,2020,31.54,41.98,25.44,32.58,406.0,2.07,11.01,30.14,12.81,0.806,7.0,2020-01-03 02:00:00
2020-01-04,3,2020,33.72,41.67,24.34,33.99,432.0,2.5,9.11,32.39,14.97,0.83,7.0,2020-01-04 02:00:00
2020-01-05,3,2020,41.02,43.4,23.26,33.34,416.0,2.13,11.93,29.58,13.74,0.771,7.1,2020-01-05 02:00:00
2020-01-06,3,2020,38.84,43.59,23.48,32.93,403.0,2.31,12.38,31.83,13.44,0.777,7.0,2020-01-06 02:00:00
2020-01-07,3,2020,38.72,42.5,20.81,36.69,431.0,2.06,12.3,30.77,14.36,0.762,7.0,2020-01-07 02:00:00
2020-01-08,3,2020,36.61,40.7,25.09,34.21,423.0,2.29,14.35,31.3,15.36,0.88,7.1,2020-01-08 02:00:00
2020-01-09,3,2020,35.91,39.91,22.33,37.76,403.0,2.26,12.47,31.44,13.75,0.854,6.9,2020-01-09 02:00:00
2020-01-10,3,2020,34.3,40.82,23.02,36.16,437.0,2.28,12.78,31.84,13.2,0.744,6.9,2020-01-10 02:00:00
2020-01-11,3,2020,33.71,44.05,24.95,31.0,414.0,1.97,12.71,31.35,14.25,0.788,7.0,2020-01-11 02:00:00
2020-01-12,3,2020,33.47,44.69,22.99,32.32,423.0,2.16,10.45,31.02,14.68,0.858,6.9,2020-01-12 02:00:00
2020-01-13,3,2020,31.44,42.31,26.06,31.63,416.0,2.3,11.84,29.7,15.37,0.841,7.1,2020-01-13 02:00:00
2020-01-14,3,2020,28.57,40.56,20.84,38.6,425.0,2.25,11.44,29.67,14.74,0.719,7.0,2020-01-14 02:00:00
2020-01-15,3,2020,31.6,45.88,27.14,26.98,416.0,2.35,12.09,31.21,13.31,0.839,7.1,2020-01-15 02:00:00
2020-01-16,3,2020,33.7,41.93,26.84,31.23,426.0,2.43,11.69,31.43,14.57,0.664,6.9,2020-01-16 02:00:00
2020-01-17,3,2020,33.13,39.82,20.15,40.03,419.0,2.03,12.0,30.14,13.45,0.854,7.0,2020-01-17 02:00:00
2020-01-18,3,2020,38.07,40.13,23.96,35.91,419.0,2.26,10.18,31.37,14.35,0.882,7.0,2020-01-18 02:00:00
2020-01-19,3,2020,35.93,42.54,23.62,33.84,426.0,2.06,11.91,30.48,13.72,0.828,7.0,2020-01-19 02:00:00
2020-01-20,3,2020,35.76,41.35,21.9,36.75,428.0,2.52,12.9,31.59,14.38,0.823,7.2,2020-01-20 02:00:00
2020-01-21,3,2020,31.97,42.6,24.07,33.33,435.0,2.28,13.17,31.18,14.08,0.858,7.0,2020-01-21 02:00:00
2020-01-22,3,2020,32.25,40.93,25.15,33.92,417.0,2.29,10.41,30.98,14.53,0.808,7.0,2020-01-22 02:00:00
2020-01-23,3,2020,36.96,40.91,24.34,34.75,423.0,2.16,10.63,31.8,13.98,0.707,6.9,2020-01-23 02:00:00
2020-01-24,3,2020,31.01,43.06,24.44,32.5,425.0,2.14,11.42,31.38,13.96,0.813,6.9,2020-01-24 02:00:00
2020-01-25,3,2020,33.41,41.04,26.0,32.96,420.0,2.23,10.2,29.48,14.08,0.787,7.0,2020-01-25 02:00:00
2020-01-26,3,2020,36.17,44.82,25.23,29.95,428.0,2.14,12.45,30.58,14.68,0.809,7.0,2020-01-26 02:00:00
2020-01-27,3,2020,38.24,38.51,23.12,38.37,409.0,2.1,11.19,30.91,15.42,0.705,6.8,2020-01-27 02:00:00
2020-01-28,3,2020,44.49,43.01,21.17,35.82,417.0,2.24,13.61,29.4,14.35,0.806,7.0,2020-01-28 02:00:00
2020-01-29,3,2020,44.76,45.26,20.68,34.06,403.0,2.05,11.39,32.87,15.21,0.894,6.9,2020-01-29 02:00:00
2020-01-30,3,2020,44.64,41.87,23.19,34.94,426.0,2.4,13.08,33.04,13.0,0.89,7.1,2020-01-30 02:00:00
2020-01-31,3,2020,44.94,41.69,20.79,37.52,441.0,2.16,10.09,31.36,14.06,0.836,6.9,2020-01-31 02:00:00
2020-02-01,3,2020,43.18,43.74,20.08,36.18,425.0,2.2,11.12,28.65,15.03,0.809,7.0,2020-02-01 02:00:00
2020-02-02,3,2020,44.15,43.95,23.95,32.1,423.0,1.94,11.01,31.37,14.08,0.856,7.0,2020-02-02 02:00:00
2020-02-03,3,2020,45.0,42.46,24.91,32.63,416.0,2.24,10.17,31.17,14.45,0.752,6.9,2020-02-03 02:00:00
2020-02-04,3,2020,41.88,42.63,21.67,35.7,408.0,2.29,11.79,30.65,13.94,0.855,7.0,2020-02-04 02:00:00
2020-02-05,3,2020,39.92,41.35,21.53,37.12,422.0,2.19,9.81,30.66,13.72,0.851,7.0,2020-02-05 02:00:00
2020-02-06,3,2020,36.78,42.48,24.04,33.48,441.0,2.21,13.06,30.21,14.98,0.69,7.1,2020-02-06 02:00:00
2020-02-07,3,2020,37.37,42.9,23.39,33.71,430.0,1.88,13.01,30.36,12.24,0.921,7.0,2020-02-07 02:00:00
2020-02-08,3,2020,33.32,43.94,23.6,32.46,428.0,1.8,11.27,30.03,15.49,0.791,7.0,2020-02-08 02:00:00
2020-02-09,3,2020,35.7,42.45,27.12,30.43,422.0,2.3,11.97,32.01,14.4,0.815,6.8,2020-02-09 02:00:00
2020-02-10,3,2020,43.76,41.21,23.4,35.39,419.0,1.9,11.6,30.55,13.9,0.87,6.7,2020-02-10 02:00:00
2020-02-11,3,2020,41.5,43.17,25.74,31.09,428.0,2.29,11.16,30.96,13.34,0.821,7.1,2020-02-11 02:00:00
2020-02-12,3,2020,38.29,44.83,24.51,30.66,406.0,2.28,9.18,29.41,12.68,0.83,7.0,2020-02-12 02:00:00
2020-02-13,3,2020,35.12,42.01,22.13,35.86,430.0,2.38,15.13,30.7,13.91,0.934,6.9,2020-02-13 02:00:00
2020-02-14,3,2020,38.07,42.14,25.14,32.72,425.0,2.05,11.35,31.58,14.71,0.812,7.0,2020-02-14 02:00:00
2020-02-15,3,2020,39.3,44.96,25.0,30.04,432.0,2.22,12.24,33.94,13.78,0.86,7.1,2020-02-15 02:00:00
2020-02-16,3,2020,35.56,45.21,24.74,30.05,448.0,2.09,11.78,31.93,14.1,0.848,6.8,2020-02-16 02:00:00
2020-02-17,3,2020,33.39,40.77,22.08,37.15,441.0,2.41,12.17,30.97,14.04,0.876,6.9,2020-02-17 02:00:00
2020-02-18,3,2020,32.9,39.59,25.46,34.95,412.0,2.56,12.05,29.92,13.19,0.921,7.0,2020-02-18 02:00:00
2020-02-19,3,2020,32.28,43.3,25.16,31.54,416.0,2.24,11.52,30.9,12.84,0.855,6.8,2020-02-19 02:00:00
2020-02-20,3,2020,32.99,44.33,23.26,32.41,448.0,2.39,10.73,29.95,13.37,0.928,7.0,2020-02-20 02:00:00
2020-02-21,3,2020,40.38,43.52,23.6,32.88,440.0,2.23,12.63,31.39,12.78,0.895,7.0,2020-02-21 02:00:00
2020-02-22,3,2020,37.65,41.08,25.44,33.48,430.0,2.24,10.93,33.39,14.73,0.85,7.0,2020-02-22 02:00:00
2020-02-23,3,2020,36.82,43.59,23.66,32.75,431.0,2.21,11.79,31.65,15.78,0.869,6.8,2020-02-23 02:00:00
2020-02-24,3,2020,38.77,42.83,24.42,32.75,447.0,2.22,12.32,31.4,15.0,0.881,7.0,2020-02-24 02:00:00
2020-02-25,3,2020,36.07,42.64,25.22,32.14,434.0,2.26,11.65,31.27,13.58,0.816,6.9,2020-02-25 02:00:00
2020-02-26,3,2020,41.97,41.96,23.83,34.21,428.0,2.22,12.45,31.75,14.89,0.866,6.9,2020-02-26 02:00:00
2020-02-27,3,2020,44.92,44.06,26.43,29.51,423.0,2.08,10.31,30.29,13.71,0.831,6.8,2020-02-27 02:00:00
2020-02-28,3,2020,41.71,45.6,24.85,29.55,424.0,2.34,11.34,30.95,14.19,0.882,7.1,2020-02-28 02:00:00
2020-02-29,3,2020,38.62,42.58,26.59,30.83,421.0,2.05,12.82,30.17,13.55,0.871,7.0,2020-02-29 02:00:00
2020-03-01,3,2020,40.34,44.44,21.8,33.76,429.0,2.15,10.3,31.76,14.65,0.9,7.1,2020-03-01 02:00:00
2020-03-02,3,2020,45.0,42.21,23.62,34.17,436.0,2.17,13.3,30.68,14.49,0.894,7.0,2020-03-02 02:00:00
2020-03-03,3,2020,43.03,39.54,21.9,38.56,411.0,2.23,9.23,30.25,14.72,0.927,7.0,2020-03-03 02:00:00
2020-03-04,3,2020,41.25,42.51,22.99,34.5,444.0,2.17,10.41,31.47,13.54,0.871,7.0,2020-03-04 02:00:00
2020-03-05,3,2020,38.83,41.75,24.08,34.17,429.0,2.36,13.85,29.78,13.83,0.968,6.8,2020-03-05 02:00:00
2020-03-06,3,2020,38.57,39.01,22.08,38.91,438.0,2.07,10.8,30.52,16.14,0.875,6.9,2020-03-06 02:00:00
2020-03-07,3,2020,33.74,45.32,25.19,29.49,443.0,2.26,12.99,33.19,13.35,0.886,6.8,2020-03-07 02:00:00
2020-03-08,3,2020,34.18,43.61,23.61,32.78,428.0,2.48,10.92,31.97,12.84,0.842,6.8,2020-03-08 02:00:00
2020-03-09,3,2020,31.38,44.87,24.1,31.03,433.0,2.27,12.07,29.64,14.91,0.748,6.8,2020-03-09 02:00:00
2020-03-10,3,2020,31.95,43.17,26.61,30.22,426.0,2.05,13.29,30.9,14.98,0.85,7.1,2020-03-10 02:00:00
2020-03-11,3,2020,28.95,41.14,25.11,33.75,439.0,2.23,13.3,31.38,14.36,0.758,7.0,2020-03-11 02:00:00
2020-03-12,3,2020,28.88,41.94,24.33,33.73,440.0,2.18,10.83,29.77,14.5,0.823,6.8,2020-03-12 02:00:00
2020-03-13,3,2020,28.86,44.32,26.2,29.48,433.0,2.09,12.73,30.72,14.15,0.896,6.9,2020-03-13 02:00:00
2020-03-14,3,2020,26.08,45.44,22.74,31.82,422.0,2.18,10.34,31.1,14.08,0.866,6.9,2020-03-14 02:00:00
2020-03-15,3,2020,25.64,43.89,23.54,32.57,441.0,2.35,12.49,30.85,14.62,0.85,7.1,2020-03-15 02:00:00
2020-03-16,3,2020,23.09,39.22,23.31,37.47,428.0,1.95,11.18,31.59,15.88,0.812,6.9,2020-03-16 02:00:00
2020-03-17,3,2020,24.74,43.58,26.71,29.71,429.0,2.31,11.76,29.79,13.15,0.944,6.8,2020-03-17 02:00:00
2020-03-18,3,2020,20.67,42.16,25.86,31.98,440.0,2.29,11.81,29.23,15.12,0.849,6.8,2020-03-18 02:00:00
2020-03-19,3,2020,20.9,43.56,26.59,29.85,437.0,2.36,14.05,31.63,15.15,0.875,6.9,2020-03-19 02:00:00
2020-03-20,3,2020,22.66,44.59,24.15,31.26,426.0,2.26,11.3,30.67,14.62,0.938,7.0,2020-03-20 02:00:00
2020-03-21,3,2020,18.97,43.18,22.37,34.45,436.0,2.52,13.0,32.12,14.99,0.909,6.9,2020-03-21 02:00:00
2020-03-22,3,2020,25.14,41.97,23.54,34.49,450.0,2.15,11.1,30.49,13.38,0.832,7.0,2020-03-22 02:00:00
2020-03-23,3,2020,23.54,43.68,22.6,33.72,435.0,2.34,14.07,30.86,15.21,0.864,6.9,2020-03-23 02:00:00
2020-03-24,3,2020,23.83,45.54,23.04,31.42,423.0,2.0,12.55,31.54,13.82,0.95,6.9,2020-03-24 02:00:00
2020-03-25,3,2020,23.41,42.51,22.15,35.34,430.0,2.25,10.33,31.25,14.9,0.866,6.8,2020-03-25 02:00:00
2020-03-26,3,2020,20.3,43.76,24.18,32.06,424.0,2.34,10.8,31.45,13.81,0.822,6.8,2020-03-26 02:00:00
2020-03-27,3,2020,18.03,39.39,25.46,35.15,427.0,1.81,11.79,31.17,11.98,0.847,6.8,2020-03-27 02:00:00
2020-03-28,3,2020,17.81,43.1,22.51,34.39,420.0,1.96,11.11,31.32,15.03,0.898,7.1,2020-03-28 02:00:00
2020-03-29,3,2020,15.28,38.53,24.94,36.53,440.0,2.65,13.16,31.05,13.64,0.863,6.9,2020-03-29 02:00:00
2020-03-30,3,2020,16.24,39.67,22.6,37.73,450.0,2.12,12.71,32.04,15.37,0.827,6.9,2020-03-30 02:00:00
2020-03-31,3,2020,16.46,47.72,25.0,27.28,431.0,2.09,9.67,33.58,15.13,0.809,6.9,2020-03-31 02:00:00
2020-04-01,3,2020,19.96,42.94,22.01,35.05,451.0,2.28,13.13,30.61,13.15,0.924,7.1,2020-04-01 02:00:00
2020-04-02,3,2020,19.22,41.04,22.94,36.02,404.0,2.26,12.37,30.82,14.01,0.851,7.0,2020-04-02 02:00:00
2020-04-03,3,2020,19.17,40.33,23.84,35.83,423.0,2.23,9.47,29.85,13.16,0.939,6.9,2020-04-03 02:00:00
2020-04-04,3,2020,19.34,43.81,24.24,31.95,446.0,2.09,11.02,31.24,14.26,0.915,7.1,2020-04-04 02:00:00
2020-04-05,3,2020,19.48,45.54,22.45,32.01,434.0,2.22,14.21,30.4,14.45,0.818,6.9,2020-04-05 02:00:00
2020-04-06,3,2020,19.81,42.02,23.79,34.19,429.0,2.23,11.07,30.47,13.24,0.891,6.8,2020-04-06 02:00:00
2020-04-07,3,2020,23.17,43.93,23.82,32.25,440.0,2.2,11.69,30.27,13.94,0.908,7.0,2020-04-07 02:00:00
2020-04-08,3,2020,19.31,38.99,22.55,38.46,447.0,2.19,10.67,31.36,14.09,0.852,6.8,2020-04-08 02:00:00
2020-04-09,3,2020,15.94,41.24,22.81,35.95,444.0,2.08,10.65,30.75,13.06,0.859,6.8,2020-04-09 02:00:00
2020-04-10,3,2020,19.11,43.64,23.83,32.53,436.0,2.27,13.52,30.39,14.06,0.913,6.9,2020-04-10 02:00:00
2020-04-11,3,2020,17.88,40.26,25.89,33.85,427.0,2.23,12.36,31.87,14.81,0.946,7.1,2020-04-11 02:00:00
2020-04-12,3,2020,15.51,42.37,25.62,32.01,432.0,2.16,12.44,31.56,14.97,0.86,6.8,2020-04-12 02:00:00
2020-04-13,3,2020,13.47,44.07,25.91,30.02,432.0,2.13,12.29,32.8,14.23,1.003,7.0,2020-04-13 02:00:00
2020-04-14,3,2020,11.48,41.96,23.73,34.31,442.0,2.05,11.92,32.53,14.62,0.913,7.0,2020-04-14 02:00:00
2020-04-15,3,2020,8.5,42.0,24.95,33.05,445.0,2.19,13.03,30.44,12.92,0.921,6.9,2020-04-15 02:00:00
2020-04-16,3,2020,10.38,41.45,24.59,33.96,447.0,2.22,11.3,29.46,13.91,0.94,6.7,2020-04-16 02:00:00
2020-04-17,3,2020,6.7,40.06,24.74,35.2,432.0,2.24,10.79,30.91,12.62,0.922,6.9,2020-04-17 02:00:00
2020-04-18,3,2020,13.26,41.72,22.57,35.71,440.0,2.34,12.21,31.24,14.67,0.905,7.0,2020-04-18 02:00:00
2020-04-19,3,2020,9.83,43.57,24.77,31.66,433.0,2.27,12.45,30.7,14.68,0.906,7.0,2020-04-19 02:00:00
2020-04-20,3,2020,12.28,44.77,24.84,30.39,438.0,2.02,10.97,32.45,13.75,0.939,7.0,2020-04-20 02:00:00
2020-04-21,3,2020,8.36,42.14,23.97,33.89,431.0,2.06,12.49,31.26,13.8,0.941,7.0,2020-04-21 02:00:00
2020-04-22,3,2020,9.52,39.06,25.66,35.28,433.0,2.36,10.61,31.38,14.35,0.843,6.8,2020-04-22 02:00:00
2020-04-23,3,2020,7.69,37.52,22.66,39.82,443.0,1.98,12.14,30.43,14.56,0.793,7.0,2020-04-23 02:00:00
2020-04-24,3,2020,5.0,41.57,24.04,34.39,432.0,2.23,9.68,31.38,14.47,0.938,6.8,2020-04-24 02:00:00
2020-04-25,3,2020,6.57,40.54,25.47,33.99,426.0,2.08,11.57,30.14,14.23,0.855,7.0,2020-04-25 02:00:00
2020-04-26,3,2020,5.0,42.56,23.66,33.78,425.0,1.96,11.31,31.16,13.99,0.975,6.9,2020-04-26 02:00:00
2020-04-27,3,2020,5.0,41.75,22.89,35.36,439.0,2.39,11.93,31.4,13.85,0.839,7.1,2020-04-27 02:00:00
2020-04-28,3,2020,5.24,41.9,25.7,32.4,425.0,2.1,10.63,31.34,13.94,0.926,6.9,2020-04-28 02:00:00
2020-04-29,3,2020,14.01,37.92,25.34,36.74,424.0,1.93,13.31,29.4,14.07,0.874,6.9,2020-04-29 02:00:00
2020-04-30,3,2020,13.0,40.88,25.59,33.53,458.0,2.47,12.13,30.82,14.9,0.955,6.9,2020-04-30 02:00:00
2020-05-01,3,2020,17.15,43.49,24.83,31.68,434.0,2.35,13.51,31.92,15.14,0.85,6.9,2020-05-01 02:00:00
2020-05-02,3,2020,18.33,40.3,26.07,33.63,438.0,2.11,12.02,31.62,14.1,0.885,6.8,2020-05-02 02:00:00
2020-05-03,3,2020,28.04,44.37,24.72,30.91,463.0,2.38,12.66,31.03,15.02,0.968,6.9,2020-05-03 02:00:00
2020-05-04,3,2020,32.36,41.81,27.42,30.77,442.0,2.22,9.55,30.16,13.82,0.864,6.9,2020-05-04 02:00:00
2020-05-05,3,2020,28.28,40.18,24.31,35.51,456.0,2.35,9.3,30.92,15.31,0.992,6.7,2020-05-05 02:00:00
2020-05-06,3,2020,24.43,40.97,22.54,36.49,444.0,2.1,12.9,29.61,14.06,0.99,6.8,2020-05-06 02:00:00
2020-05-07,3,2020,22.96,42.7,27.51,29.79,454.0,2.34,12.36,30.16,12.97,0.863,6.9,2020-05-07 02:00:00
2020-05-08,3,2020,20.7,46.78,26.06,27.16,438.0,2.01,13.8,30.97,15.38,0.866,6.9,2020-05-08 02:00:00
2020-05-09,3,2020,19.07,37.21,24.61,38.18,431.0,2.33,11.18,29.03,14.71,0.888,6.9,2020-05-09 02:00:00
2020-05-10,3,2020,21.85,39.78,23.64,36.58,450.0,2.27,11.64,31.59,14.57,0.888,6.7,2020-05-10 02:00:00
2020-05-11,3,2020,22.54,41.87,26.2,31.93,451.0,2.38,13.1,28.12,15.58,0.94,7.0,2020-05-11 02:00:00
2020-05-12,3,2020,21.01,40.47,25.24,34.29,431.0,2.14,12.2,31.26,14.48,0.907,6.9,2020-05-12 02:00:00
2020-05-13,3,2020,19.26,44.23,23.52,32.25,444.0,2.06,10.79,33.07,14.44,0.958,6.9,2020-05-13 02:00:00
2020-05-14,3,2020,16.18,42.79,24.78,32.43,450.0,2.19,11.08,30.99,13.42,0.841,7.0,2020-05-14 02:00:00
2020-05-15,3,2020,15.73,42.59,22.81,34.6,451.0,2.33,10.59,29.44,13.97,0.897,7.0,2020-05-15 02:00:00
2020-05-16,3,2020,13.28,39.07,23.98,36.95,450.0,1.75,9.88,30.3,14.77,0.987,6.9,2020-05-16 02:00:00
2020-05-17,3,2020,12.26,42.99,24.06,32.95,438.0,2.0,14.04,31.24,12.85,0.898,6.9,2020-05-17 02:00:00
2020-05-18,3,2020,10.96,45.19,28.12,26.69,442.0,2.52,11.48,31.99,13.69,0.896,6.9,2020-05-18 02:00:00
2020-05-19,3,2020,9.56,42.02,22.86,35.12,453.0,2.14,13.07,30.94,13.52,0.932,7.1,2020-05-19 02:00:00
2020-05-20,3,2020,7.17,39.78,23.47,36.75,442.0,2.13,12.21,33.03,14.05,0.892,7.1,2020-05-20 02:00:00
2020-05-21,3,2020,11.13,43.77,21.51,34.72,445.0,2.33,11.71,29.38,13.95,0.9,6.7,2020-05-21 02:00:00
2020-05-22,3,2020,13.24,43.45,24.92,31.63,443.0,2.3,13.91,30.54,13.84,0.807,6.8,2020-05-22 02:00:00
2020-05-23,3,2020,8.29,38.74,21.65,39.61,443.0,2.22,13.16,31.23,13.67,0.922,6.9,2020-05-23 02:00:00
2020-05-24,3,2020,8.65,43.44,24.7,31.86,445.0,2.13,11.51,30.34,15.67,0.92,6.8,2020-05-24 02:00:00
2020-05-25,3,2020,17.5,41.29,23.37,35.34,452.0,2.39,11.34,29.63,13.86,0.907,6.8,2020-05-25 02:00:00
2020-05-26,3,2020,17.86,45.04,24.45,30.51,451.0,1.99,11.32,30.46,14.11,1.034,6.9,2020-05-26 02:00:00
2020-05-27,3,2020,17.59,42.59,21.85,35.56,437.0,2.55,12.68,31.42,13.67,0.952,7.0,2020-05-27 02:00:00
2020-05-28,3,2020,14.26,44.59,23.74,31.67,436.0,2.11,10.51,31.32,15.69,0.974,7.0,2020-05-28 02:00:00
2020-05-29,3,2020,21.03,43.36,21.45,35.19,415.0,2.19,10.92,31.36,13.53,0.931,6.9,2020-05-29 02:00:00
2020-05-30,3,2020,19.72,42.12,25.35,32.53,439.0,2.28,12.04,31.75,15.03,0.949,7.0,2020-05-30 02:00:00
2020-05-31,3,2020,18.68,43.56,27.46,28.98,426.0,2.05,13.04,30.31,13.38,0.976,7.0,2020-05-31 02:00:00
2020-06-01,3,2020,22.83,45.02,25.81,29.17,463.0,2.03,13.73,32.47,13.81,0.962,6.6,2020-06-01 02:00:00
2020-06-02,3,2020,21.78,44.04,23.75,32.21,436.0,2.18,13.22,30.96,13.2,0.859,7.0,2020-06-02 02:00:00
2020-06-03,3,2020,20.16,43.58,22.03,34.39,437.0,2.42,11.69,30.09,14.26,0.974,6.9,2020-06-03 02:00:00
2020-06-04,3,2020,23.38,44.68,21.39,33.93,439.0,2.03,12.14,30.31,13.12,0.894,6.7,2020-06-04 02:00:00
2020-06-05,3,2020,22.39,39.63,21.72,38.65,445.0,2.49,11.01,30.76,15.04,0.958,6.9,2020-06-05 02:00:00
2020-06-06,3,2020,23.74,41.28,21.84,36.88,441.0,2.11,14.34,32.38,14.16,0.93,7.1,2020-06-06 02:00:00
2020-06-07,3,2020,27.57,43.26,27.3,29.44,447.0,2.15,11.06,30.32,13.15,0.931,6.9,2020-06-07 02:00:00
2020-06-08,3,2020,25.21,43.62,26.65,29.73,430.0,2.43,12.87,31.92,13.87,0.984,6.9,2020-06-08 02:00:00
2020-06-09,3,2020,28.47,45.33,23.26,31.41,460.0,2.04,13.34,31.34,13.1,0.905,6.8,2020-06-09 02:00:00
2020-06-10,3,2020,34.26,41.84,25.92,32.24,448.0,2.41,11.54,32.56,14.77,0.955,6.9,2020-06-10 02:00:00
2020-06-11,3,2020,33.78,44.6,24.91,30.49,435.0,2.44,11.92,29.5,14.65,0.906,6.9,2020-06-11 02:00:00
2020-06-12,3,2020,37.37,41.27,23.81,34.92,447.0,2.32,14.28,30.86,13.29,0.979,6.8,2020-06-12 02:00:00
2020-06-13,3,2020,38.18,43.23,25.28,31.49,438.0,2.37,11.62,30.38,13.79,0.944,7.0,2020-06-13 02:00:00
2020-06-14,3,2020,36.48,38.92,23.68,37.4,448.0,2.41,10.61,34.13,13.33,0.937,6.9,2020-06-14 02:00:00
2020-06-15,3,2020,34.95,38.47,24.39,37.14,463.0,2.12,11.0,32.71,14.61,0.988,6.9,2020-06-15 02:00:00
2020-06-16,3,2020,38.72,43.82,25.27,30.91,446.0,2.36,9.6,31.5,13.69,0.946,6.8,2020-06-16 02:00:00
2020-06-17,3,2020,39.79,39.75,24.6,35.65,465.0,2.47,11.84,31.77,14.68,0.983,6.7,2020-06-17 02:00:00
2020-06-18,3,2020,40.51,41.52,25.55,32.93,433.0,2.14,10.82,30.37,15.35,0.919,6.9,2020-06-18 02:00:00
2020-06-19,3,2020,43.21,43.03,26.72,30.25,454.0,2.22,10.9,30.65,14.28,1.02,6.9,2020-06-19 02:00:00
2020-06-20,3,2020,41.03,43.78,25.69,30.53,431.0,2.11,12.35,30.01,13.21,0.893,6.9,2020-06-20 02:00:00
2020-06-21,3,2020,39.77,43.73,21.87,34.4,449.0,1.89,12.64,31.03,14.24,0.923,6.9,2020-06-21 02:00:00
2020-06-22,3,2020,41.46,43.28,24.5,32.22,455.0,2.4,14.02,31.72,15.08,1.013,6.9,2020-06-22 02:00:00
2020-06-23,3,2020,39.35,42.55,22.02,35.43,431.0,2.16,12.66,31.47,14.43,0.975,6.9,2020-06-23 02:00:00
2020-06-24,3,2020,33.86,42.19,23.68,34.13,462.0,1.94,11.98,29.85,13.26,0.943,6.9,2020-06-24 02:00:00
2020-06-25,3,2020,38.21,43.43,24.77,31.8,456.0,2.43,13.25,30.45,14.49,0.993,6.8,2020-06-25 02:00:00
2020-06-26,3,2020,38.18,44.07,25.56,30.37,456.0,2.25,13.87,31.47,13.75,0.993,6.8,2020-06-26 02:00:00
2020-06-27,3,2020,41.3,44.77,19.49,35.74,447.0,2.42,10.67,31.29,13.4,1.046,6.9,2020-06-27 02:00:00
2020-06-28,3,2020,39.59,41.38,24.9,33.72,475.0,2.29,13.4,32.61,14.0,0.939,6.8,2020-06-28 02:00:00
2020-06-29,3,2020,36.62,46.12,24.71,29.17,447.0,2.07,12.28,29.4,14.5,0.937,6.8,2020-06-29 02:00:00
2020-06-30,3,2020,37.01,44.21,24.05,31.74,455.0,1.95,12.39,29.53,14.88,0.93,6.7,2020-06-30 02:00:00
2020-07-01,3,2020,33.14,40.95,27.3,31.75,453.0,2.0,12.2,30.87,14.78,0.89,6.9,2020-07-01 02:00:00
2020-07-02,3,2020,33.8,42.38,22.91,34.71,452.0,2.42,12.16,32.86,14.13,0.997,6.8,2020-07-02 02:00:00
2020-07-03,3,2020,32.8,42.73,21.72,35.55,446.0,2.14,13.65,32.05,15.3,0.99,7.0,2020-07-03 02:00:00
2020-07-04,3,2020,33.62,46.19,23.95,29.86,443.0,2.13,11.94,29.29,13.86,1.008,6.8,2020-07-04 02:00:00
2020-07-05,3,2020,40.38,43.44,24.61,31.95,463.0,2.05,11.62,30.52,14.5,0.943,6.6,2020-07-05 02:00:00
2020-07-06,3,2020,42.3,43.96,24.13,31.91,479.0,2.22,10.59,30.11,14.79,0.886,6.7,2020-07-06 02:00:00
2020-07-07,3,2020,40.37,42.23,25.78,31.99,470.0,2.14,12.84,30.91,13.02,0.927,6.8,2020-07-07 02:00:00
2020-07-08,3,2020,37.33,41.83,20.94,37.23,441.0,2.14,13.87,30.39,13.79,1.008,7.0,2020-07-08 02:00:00
2020-07-09,3,2020,36.07,41.59,26.78,31.63,436.0,2.11,9.4,31.65,14.5,1.064,7.0,2020-07-09 02:00:00
2020-07-10,3,2020,33.9,41.51,21.92,36.57,455.0,2.24,12.41,30.91,13.04,1.052,6.9,2020-07-10 02:00:00
2020-07-11,3,2020,33.79,41.72,21.2,37.08,449.0,2.19,13.14,30.88,15.38,0.91,6.9,2020-07-11 02:00:00
2020-07-12,3,2020,33.15,44.42,25.42,30.16,466.0,2.21,12.37,31.14,13.45,0.973,6.8,2020-07-12 02:00:00
2020-07-13,3,2020,29.21,38.75,22.48,38.77,454.0,2.14,14.86,30.26,13.94,1.01,7.0,2020-07-13 02:00:00
2020-07-14,3,2020,28.4,44.05,23.86,32.09,447.0,2.11,10.5,31.08,13.78,1.013,6.9,2020-07-14 02:00:00
2020-07-15,3,2020,28.54,43.74,24.83,31.43,442.0,2.37,12.22,28.55,14.53,1.004,6.9,2020-07-15 02:00:00
2020-07-16,3,2020,24.98,39.81,24.74,35.45,448.0,2.31,11.4,29.24,14.46,1.013,6.9,2020-07-16 02:00:00
2020-07-17,3,2020,23.51,41.06,23.16,35.78,478.0,2.19,13.55,31.85,13.25,0.964,6.8,2020-07-17 02:00:00
2020-07-18,3,2020,22.23,43.37,23.93,32.7,465.0,2.09,11.86,30.71,14.81,0.983,6.8,2020-07-18 02:00:00
2020-07-19,3,2020,19.64,43.45,22.94,33.61,472.0,2.12,12.79,32.98,12.75,0.981,6.7,2020-07-19 02:00:00
2020-07-20,3,2020,17.83,45.64,22.63,31.73,447.0,2.17,10.91,30.5,13.01,0.961,7.0,2020-07-20 02:00:00
2020-07-21,3,2020,14.8,43.25,21.88,34.87,457.0,2.06,11.91,29.47,15.08,1.031,6.8,2020-07-21 02:00:00
2020-07-22,3,2020,13.94,42.57,25.97,31.46,456.0,2.54,10.62,29.93,14.93,0.984,6.7,2020-07-22 02:00:00
2020-07-23,3,2020,12.85,39.06,26.01,34.93,447.0,2.23,9.29,31.68,13.23,0.94,6.8,2020-07-23 02:00:00
2020-07-24,3,2020,11.06,42.36,20.23,37.41,444.0,2.31,10.94,32.82,13.91,0.972,6.9,2020-07-24 02:00:00
2020-07-25,3,2020,13.35,40.39,25.74,33.87,432.0,2.46,14.4,31.49,13.42,0.993,6.5,2020-07-25 02:00:00
2020-07-26,3,2020,10.42,43.86,24.16,31.98,451.0,2.32,13.59,30.88,13.27,1.028,6.8,2020-07-26 02:00:00
2020-07-27,3,2020,7.42,43.33,25.32,31.35,457.0,2.38,12.89,31.91,13.83,0.978,7.0,2020-07-27 02:00:00
2020-07-28,3,2020,14.79,42.6,23.37,34.03,444.0,2.14,11.78,30.64,13.57,0.944,6.7,2020-07-28 02:00:00
2020-07-29,3,2020,17.12,45.14,23.64,31.22,454.0,2.4,10.29,31.38,14.01,0.913,6.8,2020-07-29 02:00:00
2020-07-30,3,2020,14.69,43.36,27.65,28.99,448.0,2.17,11.08,30.83,14.01,1.097,6.7,2020-07-30 02:00:00
2020-07-31,3,2020,12.93,41.75,24.86,33.39,468.0,2.24,13.21,31.29,13.91,1.004,6.9,2020-07-31 02:00:00
2020-08-01,3,2020,11.33,41.22,27.83,30.95,459.0,2.53,12.73,31.49,13.47,0.979,6.9,2020-08-01 02:00:00
2020-08-02,3,2020,9.5,42.36,23.88,33.76,456.0,1.98,10.75,30.14,13.71,1.025,6.9,2020-08-02 02:00:00
2020-08-03,3,2020,8.92,41.94,22.82,35.24,447.0,2.15,12.17,30.94,13.87,0.924,6.9,2020-08-03 02:00:00
2020-08-04,3,2020,5.0,39.57,24.49,35.94,468.0,2.25,11.63,31.22,13.49,1.074,6.8,2020-08-04 02:00:00
2020-08-05,3,2020,5.28,42.79,23.02,34.19,457.0,2.14,11.83,31.34,12.85,0.956,6.9,2020-08-05 02:00:00
2020-08-06,3,2020,6.15,45.75,23.48,30.77,471.0,2.38,11.62,31.09,12.92,0.923,7.0,2020-08-06 02:00:00
2020-08-07,3,2020,5.0,38.49,24.07,37.44,456.0,2.11,12.08,31.51,14.32,1.012,6.7,2020-08-07 02:00:00
2020-08-08,3,2020,5.55,42.91,25.16,31.93,466.0,2.05,10.17,29.55,12.83,1.008,6.8,2020-08-08 02:00:00
2020-08-09,3,2020,5.0,39.82,23.92,36.26,461.0,2.05,12.12,30.66,13.55,0.923,6.8,2020-08-09 02:00:00
2020-08-10,3,2020,7.12,40.34,23.45,36.21,470.0,2.29,12.29,30.36,14.61,1.093,6.8,2020-08-10 02:00:00
2020-08-11,3,2020,5.58,43.24,23.73,33.03,462.0,2.21,10.59,31.06,14.59,1.039,6.7,2020-08-11 02:00:00
2020-08-12,3,2020,6.38,40.54,23.37,36.09,456.0,2.34,12.66,31.45,12.86,1.116,6.8,2020-08-12 02:00:00
2020-08-13,3,2020,10.56,41.48,25.49,33.03,450.0,2.42,10.92,31.59,14.03,1.052,6.8,2020-08-13 02:00:00
2020-08-14,3,2020,10.43,42.22,21.07,36.71,465.0,2.22,10.6,32.24,14.43,1.037,6.7,2020-08-14 02:00:00
2020-08-15,3,2020,7.03,41.87,22.08,36.05,464.0,2.55,13.04,30.2,13.64,1.008,6.8,2020-08-15 02:00:00
2020-08-16,3,2020,5.0,43.24,24.13,32.63,461.0,2.37,13.43,32.14,14.53,1.094,6.7,2020-08-16 02:00:00
2020-08-17,3,2020,6.65,41.4,25.18,33.42,442.0,2.11,12.77,30.56,14.21,1.067,6.7,2020-08-17 02:00:00
2020-08-18,3,2020,7.77,45.94,22.22,31.84,458.0,2.09,12.99,30.98,13.3,1.054,6.9,2020-08-18 02:00:00
2020-08-19,3,2020,7.56,41.46,23.83,34.71,465.0,2.43,10.99,32.1,13.45,1.026,6.8,2020-08-19 02:00:00
2020-08-20,3,2020,7.63,43.65,24.19,32.16,458.0,1.92,10.11,29.97,15.05,0.908,6.8,2020-08-20 02:00:00
2020-08-21,3,2020,5.0,42.54,22.0,35.46,452.0,2.24,11.27,32.83,14.77,1.021,6.9,2020-08-21 02:00:00
2020-08-22,3,2020,5.0,40.37,23.73,35.9,462.0,2.37,11.78,30.08,15.38,1.013,6.8,2020-08-22 02:00:00
2020-08-23,3,2020,5.74,42.64,24.24,33.12,452.0,1.89,12.7,32.69,13.46,1.006,6.7,2020-08-23 02:00:00
2020-08-24,3,2020,5.0,42.04,23.74,34.22,460.0,2.05,10.12,32.68,14.47,1.014,6.9,2020-08-24 02:00:00
2020-08-25,3,2020,6.42,41.09,23.74,35.17,456.0,2.15,10.82,30.14,14.99,1.078,6.8,2020-08-25 02:00:00
2020-08-26,3,2020,5.0,41.71,22.6,35.69,457.0,2.04,11.36,31.04,13.05,0.988,6.7,2020-08-26 02:00:00
2020-08-27,3,2020,5.75,42.68,25.16,32.16,464.0,2.35,12.79,29.97,13.62,0.978,6.9,2020-08-27 02:00:00
2020-08-28,3,2020,5.0,42.08,23.9,34.02,458.0,2.19,11.27,30.91,14.39,1.047,6.8,2020-08-28 02:00:00
2020-08-29,3,2020,5.66,41.02,23.19,35.79,451.0,2.26,12.58,29.74,15.99,1.023,6.9,2020-08-29 02:00:00
2020-08-30,3,2020,5.25,40.02,26.1,33.88,458.0,2.18,11.27,30.78,12.16,1.006,6.8,2020-08-30 02:00:00
2020-08-31,3,2020,6.57,41.86,24.75,33.39,448.0,2.19,11.96,30.43,13.13,1.059,6.9,2020-08-31 02:00:00
2020-09-01,3,2020,5.0,39.43,23.69,36.88,458.0,2.32,14.38,31.55,13.55,1.034,6.9,2020-09-01 02:00:00
2020-09-02,3,2020,5.0,43.33,23.86,32.81,479.0,2.52,8.38,31.74,13.68,1.149,6.7,2020-09-02 02:00:00
2020-09-03,3,2020,6.62,40.12,23.58,36.3,469.0,2.3,12.24,30.1,16.15,1.02,6.7,2020-09-03 02:00:00
2020-09-04,3,2020,6.22,39.22,22.41,38.37,459.0,2.25,13.11,33.67,13.47,1.033,6.8,2020-09-04 02:00:00
2020-09-05,3,2020,5.95,38.64,21.06,40.3,468.0,2.19,10.89,32.19,12.98,0.983,6.8,2020-09-05 02:00:00
2020-09-06,3,2020,5.27,41.45,22.07,36.48,452.0,2.27,9.73,32.54,14.67,0.982,6.7,2020-09-06 02:00:00
2020-09-07,3,2020,5.0,41.27,23.08,35.65,450.0,1.93,11.22,32.04,14.96,0.981,6.8,2020-09-07 02:00:00
2020-09-08,3,2020,7.64,40.06,24.7,35.24,475.0,2.29,11.56,31.03,13.37,1.066,6.8,2020-09-08 02:00:00
2020-09-09,3,2020,6.86,40.96,24.9,34.14,461.0,2.45,10.61,31.16,15.11,1.127,6.6,2020-09-09 02:00:00
2020-09-10,3,2020,5.9,41.65,22.79,35.56,443.0,2.13,10.33,29.73,13.77,1.056,6.8,2020-09-10 02:00:00
2020-09-11,3,2020,5.0,41.49,21.95,36.56,472.0,2.32,13.43,31.87,14.09,1.115,7.0,2020-09-11 02:00:00
2020-09-12,3,2020,8.62,37.74,25.23,37.03,467.0,2.27,12.6,31.21,14.33,0.998,6.8,2020-09-12 02:00:00
2020-09-13,3,2020,7.92,40.9,24.55,34.55,480.0,2.01,11.56,29.86,15.25,1.1,6.6,2020-09-13 02:00:00
2020-09-14,3,2020,6.31,44.04,23.14,32.82,448.0,2.43,11.17,32.48,15.39,1.089,6.7,2020-09-14 02:00:00
2020-09-15,3,2020,5.0,44.06,23.14,32.8,475.0,2.02,11.36,30.6,14.39,1.173,6.9,2020-09-15 02:00:00
2020-09-16,3,2020,5.0,45.09,23.93,30.98,468.0,2.07,11.5,30.8,14.67,1.015,6.8,2020-09-16 02:00:00
2020-09-17,3,2020,6.34,39.04,24.26,36.7,466.0,2.24,12.3,32.82,13.71,1.011,6.9,2020-09-17 02:00:00
2020-09-18,3,2020,5.0,45.12,23.97,30.91,456.0,2.25,12.47,30.6,13.35,0.959,6.8,2020-09-18 02:00:00
2020-09-19,3,2020,5.03,41.88,20.78,37.34,460.0,1.93,13.2,32.14,13.4,1.036,6.7,2020-09-19 02:00:00
2020-09-20,3,2020,5.0,42.92,24.44,32.64,473.0,1.99,12.47,30.19,13.04,1.094,6.8,2020-09-20 02:00:00
2020-09-21,3,2020,7.34,40.79,23.05,36.16,457.0,2.25,11.07,29.63,14.57,1.056,6.8,2020-09-21 02:00:00
2020-09-22,3,2020,9.68,44.08,23.65,32.27,455.0,2.2,11.5,32.24,15.29,1.056,6.7,2020-09-22 02:00:00
2020-09-23,3,2020,14.45,42.14,22.68,35.18,455.0,2.24,10.71,31.06,11.96,1.011,6.8,2020-09-23 02:00:00
2020-09-24,3,2020,12.91,42.82,25.04,32.14,476.0,2.29,13.52,31.53,15.35,1.194,6.8,2020-09-24 02:00:00
2020-09-25,3,2020,11.72,43.13,24.81,32.06,471.0,2.18,13.65,32.57,13.06,1.082,6.8,2020-09-25 02:00:00
2020-09-26,3,2020,9.07,38.63,26.78,34.59,481.0,2.22,11.04,31.86,13.57,1.129,6.9,2020-09-26 02:00:00
2020-09-27,3,2020,9.91,44.25,23.48,32.27,461.0,2.13,11.68,31.42,13.43,1.078,6.8,2020-09-27 02:00:00
2020-09-28,3,2020,5.32,41.03,23.64,35.33,461.0,2.41,11.15,31.64,13.94,0.989,6.6,2020-09-28 02:00:00
2020-09-29,3,2020,6.12,41.3,23.13,35.57,458.0,2.34,11.83,30.98,13.06,1.062,6.5,2020-09-29 02:00:00
2020-09-30,3,2020,11.19,43.52,23.16,33.32,470.0,2.36,13.6,31.8,13.87,1.056,6.7,2020-09-30 02:00:00
2020-10-01,3,2020,13.56,37.77,26.04,36.19,484.0,2.16,13.71,31.35,13.86,1.124,6.8,2020-10-01 02:00:00
2020-10-02,3,2020,11.7,41.19,24.32,34.49,449.0,2.26,12.71,32.72,13.42,1.062,6.7,2020-10-02 02:00:00
2020-10-03,3,2020,9.08,40.65,23.76,35.59,467.0,2.34,11.68,31.55,14.28,1.074,6.6,2020-10-03 02:00:00
2020-10-04,3,2020,8.19,39.65,23.47,36.88,478.0,2.14,11.1,30.67,14.55,1.024,6.9,2020-10-04 02:00:00
2020-10-05,3,2020,10.51,43.16,22.94,33.9,484.0,2.31,12.63,31.36,14.89,1.072,6.7,2020-10-05 02:00:00
2020-10-06,3,2020,15.33,42.48,24.09,33.43,471.0,2.09,11.58,29.88,14.0,1.081,6.7,2020-10-06 02:00:00
2020-10-07,3,2020,13.07,39.02,22.62,38.36,463.0,2.28,12.23,31.5,14.72,1.018,6.7,2020-10-07 02:00:00
2020-10-08,3,2020,11.68,39.45,25.58,34.97,450.0,2.04,14.22,30.9,14.32,1.094,6.9,2020-10-08 02:00:00
2020-10-09,3,2020,5.88,40.57,23.79,35.64,476.0,2.32,12.09,28.75,14.64,1.031,6.7,2020-10-09 02:00:00
2020-10-10,3,2020,5.84,39.78,21.92,38.3,464.0,2.16,9.29,32.04,13.86,1.054,6.6,2020-10-10 02:00:00
2020-10-11,3,2020,11.03,38.0,24.75,37.25,458.0,2.37,13.32,30.23,14.56,1.13,6.8,2020-10-11 02:00:00
2020-10-12,3,2020,9.31,44.12,23.36,32.52,479.0,2.47,14.58,32.15,13.39,0.972,6.6,2020-10-12 02:00:00
2020-10-13,3,2020,8.47,38.55,24.28,37.17,475.0,2.13,11.06,31.11,13.84,1.011,6.8,2020-10-13 02:00:00
2020-10-14,3,2020,17.04,40.77,22.65,36.58,470.0,2.18,12.09,30.86,14.13,1.033,6.8,2020-10-14 02:00:00
2020-10-15,3,2020,16.35,39.09,25.3,35.61,467.0,2.22,13.62,31.1,13.94,1.017,6.8,2020-10-15 02:00:00
2020-10-16,3,2020,12.87,41.22,22.29,36.49,467.0,1.96,13.82,32.39,13.98,1.072,6.8,2020-10-16 02:00:00
2020-10-17,3,2020,11.54,42.99,24.73,32.28,477.0,2.26,9.71,32.0,13.93,1.102,6.7,2020-10-17 02:00:00
2020-10-18,3,2020,13.42,42.25,23.47,34.28,466.0,2.5,12.08,30.95,14.89,1.149,6.9,2020-10-18 02:00:00
2020-10-19,3,2020,16.05,44.75,25.9,29.35,472.0,2.15,11.57,30.04,13.4,1.183,6.6,2020-10-19 02:00:00
2020-10-20,3,2020,16.35,39.34,24.4,36.26,476.0,2.14,11.12,33.61,14.02,1.138,6.9,2020-10-20 02:00:00
2020-10-21,3,2020,21.87,41.64,23.25,35.11,478.0,2.44,11.12,31.65,13.13,0.999,6.9,2020-10-21 02:00:00
2020-10-22,3,2020,25.4,44.29,24.83,30.88,467.0,2.23,13.12,28.82,13.17,1.124,7.0,2020-10-22 02:00:00
2020-10-23,3,2020,22.71,45.84,24.66,29.5,471.0,2.1,13.49,31.23,13.63,1.094,6.8,2020-10-23 02:00:00
2020-10-24,3,2020,21.98,42.4,22.74,34.86,471.0,1.96,12.0,29.57,14.17,1.089,6.8,2020-10-24 02:00:00
2020-10-25,3,2020,23.06,37.94,23.72,38.34,469.0,2.24,12.39,28.59,15.12,1.122,6.9,2020-10-25 02:00:00
2020-10-26,3,2020,21.46,41.97,23.83,34.2,467.0,2.36,11.02,29.82,13.38,1.056,6.6,2020-10-26 02:00:00
2020-10-27,3,2020,24.77,45.93,22.33,31.74,473.0,2.19,12.85,31.27,14.49,1.105,6.7,2020-10-27 02:00:00
2020-10-28,3,2020,23.14,41.64,25.65,32.71,462.0,2.21,12.16,30.4,13.83,1.057,6.8,2020-10-28 02:00:00
2020-10-29,3,2020,18.84,41.51,21.55,36.94,488.0,2.49,12.36,29.79,15.59,1.07,6.6,2020-10-29 02:00:00
2020-10-30,3,2020,26.63,44.66,20.67,34.67,462.0,2.3,12.36,31.95,14.46,1.104,6.9,2020-10-30 02:00:00
2020-10-31,3,2020,25.21,41.0,22.98,36.02,463.0,2.35,10.36,31.1,14.56,1.049,6.7,2020-10-31 02:00:00
2020-11-01,3,2020,22.89,42.43,21.47,36.1,470.0,2.27,11.46,30.88,14.85,1.05,6.7,2020-11-01 02:00:00
2020-11-02,3,2020,26.09,42.62,26.97,30.41,470.0,2.4,11.72,31.76,13.84,1.145,6.9,2020-11-02 02:00:00
2020-11-03,3,2020,24.37,41.26,25.22,33.52,478.0,1.98,10.48,31.0,12.88,1.042,6.6,2020-11-03 02:00:00
2020-11-04,3,2020,21.44,41.6,21.09,37.31,477.0,2.15,11.93,31.13,14.57,1.132,6.9,2020-11-04 02:00:00
2020-11-05,3,2020,18.02,42.64,24.02,33.34,463.0,2.12,12.01,32.24,14.84,1.159,6.7,2020-11-05 02:00:00
2020-11-06,3,2020,16.87,42.65,24.09,33.26,477.0,2.26,12.92,31.26,14.44,0.987,6.7,2020-11-06 02:00:00
2020-11-07,3,2020,18.38,42.57,24.04,33.39,460.0,2.47,11.77,29.91,14.29,1.094,6.8,2020-11-07 02:00:00
2020-11-08,3,2020,14.81,43.45,23.67,32.88,466.0,2.12,14.21,30.54,12.78,1.108,6.8,2020-11-08 02:00:00
2020-11-09,3,2020,12.61,43.2,24.14,32.66,474.0,2.21,12.01,31.71,13.77,1.101,6.8,2020-11-09 02:00:00
2020-11-10,3,2020,13.0,44.89,21.86,33.25,466.0,2.22,12.66,30.12,13.17,1.134,6.7,2020-11-10 02:00:00
2020-11-11,3,2020,11.43,39.57,24.11,36.32,464.0,2.38,13.25,31.3,14.02,1.051,6.7,2020-11-11 02:00:00
2020-11-12,3,2020,6.84,44.13,23.96,31.91,476.0,2.22,13.09,32.44,13.76,1.111,6.9,2020-11-12 02:00:00
2020-11-13,3,2020,12.73,38.44,20.64,40.92,464.0,2.11,12.02,29.66,14.12,1.1,6.8,2020-11-13 02:00:00
2020-11-14,3,2020,14.73,43.26,26.55,30.19,463.0,2.27,12.46,32.66,12.85,1.157,6.8,2020-11-14 02:00:00
2020-11-15,3,2020,12.5,42.17,23.86,33.97,470.0,2.12,12.59,30.51,13.32,1.121,6.8,2020-11-15 02:00:00
2020-11-16,3,2020,10.5,40.99,25.12,33.89,480.0,2.16,11.83,30.87,14.13,1.141,6.8,2020-11-16 02:00:00
2020-11-17,3,2020,8.4,43.82,26.77,29.41,490.0,1.91,12.2,32.65,13.39,1.097,6.7,2020-11-17 02:00:00
2020-11-18,3,2020,5.23,43.38,24.86,31.76,469.0,2.36,13.11,32.64,13.42,1.092,6.8,2020-11-18 02:00:00
2020-11-19,3,2020,5.0,40.9,25.05,34.05,463.0,2.11,11.06,30.49,14.07,1.106,6.7,2020-11-19 02:00:00
2020-11-20,3,2020,5.92,40.92,23.76,35.32,480.0,2.41,13.23,30.6,12.66,1.154,6.5,2020-11-20 02:00:00
2020-11-21,3,2020,11.03,44.28,22.21,33.51,475.0,2.22,12.6,29.83,15.55,1.173,6.4,2020-11-21 02:00:00
2020-11-22,3,2020,8.96,41.71,25.75,32.54,481.0,2.45,11.01,31.25,14.49,1.085,6.7,2020-11-22 02:00:00
2020-11-23,3,2020,5.96,44.72,24.48,30.8,484.0,2.71,13.81,30.81,13.59,1.119,6.7,2020-11-23 02:00:00
2020-11-24,3,2020,5.97,46.06,23.59,30.35,480.0,2.11,13.77,31.7,16.05,1.122,6.6,2020-11-24 02:00:00
2020-11-25,3,2020,9.57,42.37,23.97,33.66,484.0,2.08,10.38,30.01,13.44,1.146,6.7,2020-11-25 02:00:00
2020-11-26,3,2020,6.24,41.43,26.93,31.64,487.0,1.99,12.26,29.46,14.97,1.182,6.8,2020-11-26 02:00:00
2020-11-27,3,2020,5.07,43.03,24.37,32.6,487.0,2.18,14.09,31.76,12.45,1.079,6.8,2020-11-27 02:00:00
2020-11-28,3,2020,6.54,44.9,23.01,32.09,479.0,2.06,12.22,31.57,15.82,1.131,6.8,2020-11-28 02:00:00
2020-11-29,3,2020,5.0,41.7,27.0,31.3,470.0,2.11,12.1,31.62,14.8,1.124,6.6,2020-11-29 02:00:00
2020-11-30,3,2020,5.0,42.96,24.86,32.18,481.0,2.36,13.05,30.56,13.35,1.15,6.6,2020-11-30 02:00:00
2020-12-01,3,2020,6.05,42.0,20.88,37.12,484.0,2.12,10.81,31.16,13.98,1.107,6.9,2020-12-01 02:00:00
2020-12-02,3,2020,5.0,39.22,24.85,35.93,475.0,2.19,12.67,30.8,14.12,1.093,6.8,2020-12-02 02:00:00
2020-12-03,3,2020,5.0,38.98,22.4,38.62,498.0,2.23,12.65,31.32,13.75,0.971,6.9,2020-12-03 02:00:00
2020-12-04,3,2020,5.0,44.21,26.3,29.49,463.0,2.11,12.49,31.69,13.9,1.194,6.8,2020-12-04 02:00:00
2020-12-05,3,2020,5.78,41.78,20.38,37.84,481.0,2.04,11.06,30.87,14.3,1.184,6.9,2020-12-05 02:00:00
2020-12-06,3,2020,5.0,45.41,22.99,31.6,487.0,2.39,10.62,32.53,13.0,1.136,6.7,2020-12-06 02:00:00
2020-12-07,3,2020,5.04,41.17,23.95,34.88,471.0,2.34,10.82,29.34,13.34,1.039,6.7,2020-12-07 02:00:00
2020-12-08,3,2020,5.0,41.76,22.87,35.37,481.0,2.38,14.42,30.37,13.23,1.116,6.6,2020-12-08 02:00:00
2020-12-09,3,2020,5.83,43.67,22.93,33.4,472.0,2.4,11.75,30.98,14.43,1.143,6.9,2020-12-09 02:00:00
2020-12-10,3,2020,7.47,37.61,24.41,37.98,486.0,2.27,12.26,30.76,12.78,1.194,6.8,2020-12-10 02:00:00
2020-12-11,3,2020,5.67,40.2,27.67,32.13,484.0,2.08,13.18,31.67,14.95,1.167,6.7,2020-12-11 02:00:00
2020-12-12,3,2020,5.0,41.88,25.0,33.12,480.0,2.31,11.92,29.5,13.67,1.168,6.7,2020-12-12 02:00:00
2020-12-13,3,2020,7.06,45.48,26.77,27.75,513.0,2.27,12.59,30.71,11.93,1.149,6.7,2020-12-13 02:00:00
2020-12-14,3,2020,5.0,43.28,22.15,34.57,473.0,2.09,14.63,30.42,13.68,1.173,6.6,2020-12-14 02:00:00
2020-12-15,3,2020,5.0,39.82,25.15,35.03,481.0,2.32,12.26,31.45,14.93,1.201,6.7,2020-12-15 02:00:00
2020-12-16,3,2020,5.0,42.0,24.24,33.76,469.0,2.2,12.68,31.9,13.39,1.044,6.9,2020-12-16 02:00:00
2020-12-17,3,2020,9.05,41.88,22.87,35.25,477.0,1.95,11.01,31.07,13.75,1.126,6.7,2020-12-17 02:00:00
2020-12-18,3,2020,14.63,44.83,20.59,34.58,481.0,1.99,12.23,30.98,13.17,1.171,6.8,2020-12-18 02:00:00
2020-12-19,3,2020,12.16,40.74,22.63,36.63,475.0,2.25,10.3,31.93,13.44,1.081,6.6,2020-12-19 02:00:00
2020-12-20,3,2020,7.69,41.25,24.68,34.07,487.0,2.18,12.44,31.2,13.87,1.144,6.7,2020-12-20 02:00:00
2020-12-21,3,2020,5.0,42.34,20.98,36.68,471.0,2.48,14.2,31.94,13.62,1.165,6.7,2020-12-21 02:00:00
2020-12-22,3,2020,9.2,46.83,24.21,28.96,475.0,2.08,13.15,30.55,13.88,1.137,6.8,2020-12-22 02:00:00
2020-12-23,3,2020,10.08,45.37,20.72,33.91,460.0,1.98,10.83,30.47,13.94,1.128,6.7,2020-12-23 02:00:00
2020-12-24,3,2020,12.09,40.32,24.29,35.39,470.0,2.35,10.71,30.88,14.2,1.193,6.7,2020-12-24 02:00:00
2020-12-25,3,2020,10.55,39.06,26.27,34.67,483.0,2.17,11.21,32.26,13.73,1.328,6.8,2020-12-25 02:00:00
2020-12-26,3,2020,7.7,37.98,23.03,38.99,482.0,1.92,12.06,29.48,12.58,1.103,6.6,2020-12-26 02:00:00
2020-12-27,3,2020,10.03,39.95,23.09,36.96,489.0,2.18,12.33,31.73,12.82,1.121,6.9,2020-12-27 02:00:00
2020-12-28,3,2020,7.62,44.44,22.61,32.95,479.0,2.21,12.34,28.86,13.82,1.112,6.7,2020-12-28 02:00:00
2020-12-29,3,2020,7.68,41.53,20.83,37.64,486.0,2.53,12.79,30.89,14.96,1.182,6.7,2020-12-29 02:00:00
2020-12-30,3,2020,8.53,43.69,27.05,29.26,466.0,2.45,11.05,31.87,13.65,1.125,6.9,2020-12-30 02:00:00
2020-12-31,3,2020,9.73,44.2,25.55,30.25,485.0,2.17,12.17,32.23,12.94,1.133,6.6,2020-12-31 02:00:00
2021-01-01,3,2021,35.92,42.31,22.66,35.03,432.0,2.39,9.48,29.05,13.17,0.812,7.0,2021-01-01 02:00:00
2021-01-02,3,2021,32.82,42.57,25.37,32.06,420.0,2.22,13.08,32.9,13.97,0.761,6.9,2021-01-02 02:00:00
2021-01-03,3,2021,35.42,46.17,22.45,31.38,407.0,2.36,8.79,31.87,14.48,0.813,7.0,2021-01-03 02:00:00
2021-01-04,3,2021,37.31,38.75,23.53,37.72,423.0,2.35,13.14,31.82,13.46,0.776,7.1,2021-01-04 02:00:00
2021-01-05,3,2021,36.31,45.71,25.4,28.89,424.0,2.29,12.55,31.47,14.18,0.726,6.9,2021-01-05 02:00:00
2021-01-06,3,2021,34.63,44.58,23.33,32.09,450.0,1.98,14.45,32.51,14.49,0.852,7.0,2021-01-06 02:00:00
2021-01-07,3,2021,35.29,42.0,21.37,36.63,429.0,2.1,11.75,30.21,13.86,0.81,7.0,2021-01-07 02:00:00
2021-01-08,3,2021,34.48,44.9,24.84,30.26,426.0,2.28,13.57,30.04,13.43,0.735,7.0,2021-01-08 02:00:00
2021-01-09,3,2021,32.71,43.96,24.1,31.94,434.0,2.22,9.89,30.14,13.86,0.743,7.1,2021-01-09 02:00:00
2021-01-10,3,2021,29.94,43.71,26.47,29.82,425.0,2.32,11.14,31.35,13.1,0.74,7.0,2021-01-10 02:00:00
2021-01-11,3,2021,31.02,44.18,23.95,31.87,411.0,2.24,11.34,29.8,14.11,0.78,7.1,2021-01-11 02:00:00
2021-01-12,3,2021,26.91,37.57,25.38,37.05,418.0,2.38,12.58,31.01,14.21,0.844,6.9,2021-01-12 02:00:00
2021-01-13,3,2021,33.55,41.16,24.74,34.1,417.0,2.56,14.3,32.02,12.28,0.709,7.0,2021-01-13 02:00:00
2021-01-14,3,2021,29.78,38.51,28.24,33.25,430.0,2.29,12.1,30.85,14.0,0.834,7.0,2021-01-14 02:00:00
2021-01-15,3,2021,31.55,43.29,25.3,31.41,416.0,2.12,11.15,28.56,15.32,0.764,6.9,2021-01-15 02:00:00
2021-01-16,3,2021,31.05,43.47,23.01,33.52,438.0,1.95,12.15,30.1,15.04,0.807,7.2,2021-01-16 02:00:00
2021-01-17,3,2021,39.95,41.65,23.65,34.7,399.0,2.25,11.19,29.66,13.28,0.777,6.8,2021-01-17 02:00:00
2021-01-18,3,2021,36.37,41.54,25.35,33.11,425.0,2.04,12.11,29.6,14.47,0.802,6.9,2021-01-18 02:00:00
2021-01-19,3,2021,42.17,41.17,26.73,32.1,433.0,2.29,13.07,30.15,13.75,0.924,7.0,2021-01-19 02:00:00
2021-01-20,3,2021,43.27,41.06,24.66,34.28,429.0,2.14,10.55,31.12,13.12,0.869,7.0,2021-01-20 02:00:00
2021-01-21,3,2021,44.24,41.3,26.24,32.46,430.0,2.53,12.47,29.96,13.15,0.925,7.0,2021-01-21 02:00:00
2021-01-22,3,2021,44.99,38.18,23.38,38.44,440.0,2.03,12.34,30.72,12.82,0.82,7.0,2021-01-22 02:00:00
2021-01-23,3,2021,44.87,44.44,25.36,30.2,416.0,2.39,14.25,31.08,11.87,0.816,7.1,2021-01-23 02:00:00
2021-01-24,3,2021,45.0,43.61,23.74,32.65,426.0,2.07,11.76,31.71,14.31,0.798,6.9,2021-01-24 02:00:00
2021-01-25,3,2021,42.96,40.97,20.46,38.57,433.0,2.09,11.39,31.78,15.38,0.742,7.0,2021-01-25 02:00:00
2021-01-26,3,2021,42.3,43.63,21.83,34.54,420.0,2.23,12.08,30.87,13.06,0.811,7.1,2021-01-26 02:00:00
2021-01-27,3,2021,39.17,43.51,22.62,33.87,401.0,1.88,12.92,32.11,14.4,0.806,7.0,2021-01-27 02:00:00
2021-01-28,3,2021,38.73,43.09,26.78,30.13,418.0,2.29,14.29,31.17,13.18,0.77,7.0,2021-01-28 02:00:00
2021-01-29,3,2021,38.85,41.95,23.16,34.89,421.0,2.25,12.81,30.28,13.68,0.876,6.9,2021-01-29 02:00:00
2021-01-30,3,2021,36.57,42.04,23.1,34.86,424.0,2.48,11.32,31.67,14.98,0.849,7.1,2021-01-30 02:00:00
2021-01-31,3,2021,37.28,40.81,24.24,34.95,420.0,2.45,13.07,32.07,13.92,0.777,6.9,2021-01-31 02:00:00
2021-02-01,3,2021,34.21,41.0,22.81,36.19,427.0,2.21,12.38,32.15,13.53,0.794,6.9,2021-02-01 02:00:00
2021-02-02,3,2021,33.86,44.39,25.32,30.29,407.0,2.27,11.15,33.23,13.58,0.857,7.1,2021-02-02 02:00:00
2021-02-03,3,2021,33.74,43.03,24.56,32.41,421.0,2.05,11.95,32.72,14.38,0.811,7.0,2021-02-03 02:00:00
2021-02-04,3,2021,41.15,43.86,25.05,31.09,410.0,2.1,13.82,31.41,15.0,0.85,7.0,2021-02-04 02:00:00
2021-02-05,3,2021,39.64,44.51,22.34,33.15,425.0,2.46,11.3,31.67,13.91,0.815,6.9,2021-02-05 02:00:00
2021-02-06,3,2021,34.65,39.99,23.59,36.42,425.0,2.05,11.79,31.55,14.1,0.862,6.8,2021-02-06 02:00:00
2021-02-07,3,2021,37.31,38.94,22.81,38.25,429.0,2.29,11.73,31.86,14.07,0.796,7.0,2021-02-07 02:00:00
2021-02-08,3,2021,35.06,40.4,24.6,35.0,434.0,2.21,12.8,31.15,14.16,0.85,6.9,2021-02-08 02:00:00
2021-02-09,3,2021,34.53,40.25,23.04,36.71,401.0,2.0,11.59,32.24,12.97,0.843,6.9,2021-02-09 02:00:00
2021-02-10,3,2021,35.89,45.82,28.34,25.84,431.0,2.16,12.92,29.12,13.49,0.876,6.9,2021-02-10 02:00:00
2021-02-11,3,2021,32.77,46.92,23.03,30.05,430.0,2.21,11.71,31.68,13.89,0.793,7.1,2021-02-11 02:00:00
2021-02-12,3,2021,31.89,42.43,23.27,34.3,425.0,2.29,13.65,32.39,12.83,0.856,7.0,2021-02-12 02:00:00
2021-02-13,3,2021,31.57,41.8,26.48,31.72,420.0,2.09,12.89,29.44,13.93,0.84,6.9,2021-02-13 02:00:00
2021-02-14,3,2021,30.8,44.22,23.45,32.33,430.0,2.47,10.95,31.02,14.66,0.895,6.9,2021-02-14 02:00:00
2021-02-15,3,2021,32.52,41.17,23.55,35.28,427.0,2.25,13.51,32.21,14.77,0.944,7.1,2021-02-15 02:00:00
2021-02-16,3,2021,31.24,42.86,24.8,32.34,416.0,2.18,9.86,31.66,13.36,0.921,7.1,2021-02-16 02:00:00
2021-02-17,3,2021,28.5,42.88,24.98,32.14,414.0,2.17,13.35,30.51,15.22,0.806,6.9,2021-02-17 02:00:00
2021-02-18,3,2021,28.12,44.37,23.04,32.59,436.0,2.28,13.18,31.2,15.68,0.876,7.0,2021-02-18 02:00:00
2021-02-19,3,2021,33.0,43.75,22.02,34.23,431.0,2.22,10.8,29.56,12.72,0.855,7.0,2021-02-19 02:00:00
2021-02-20,3,2021,33.64,41.37,24.37,34.26,413.0,2.47,11.55,32.14,14.37,0.765,6.9,2021-02-20 02:00:00
2021-02-21,3,2021,33.51,38.57,23.26,38.17,421.0,2.33,12.03,30.35,16.69,0.849,6.9,2021-02-21 02:00:00
2021-02-22,3,2021,31.27,40.89,23.71,35.4,425.0,2.22,10.7,30.83,14.17,0.899,6.9,2021-02-22 02:00:00
2021-02-23,3,2021,30.54,41.27,22.57,36.16,411.0,2.31,12.59,30.35,13.44,0.818,7.0,2021-02-23 02:00:00
2021-02-24,3,2021,35.72,43.03,23.67,33.3,424.0,2.22,11.69,30.17,14.82,0.87,7.1,2021-02-24 02:00:00
2021-02-25,3,2021,38.7,39.85,27.19,32.96,425.0,2.27,12.13,29.37,14.04,0.846,6.7,2021-02-25 02:00:00
2021-02-26,3,2021,39.78,41.53,23.64,34.83,422.0,2.19,9.63,31.09,14.78,0.898,7.1,2021-02-26 02:00:00
2021-02-27,3,2021,40.23,43.55,24.4,32.05,438.0,2.3,11.41,30.88,13.69,0.911,6.9,2021-02-27 02:00:00
2021-02-28,3,2021,35.54,41.46,22.18,36.36,423.0,1.96,11.91,30.8,15.53,0.872,7.0,2021-02-28 02:00:00
2021-03-01,3,2021,33.77,45.56,26.01,28.43,432.0,1.95,10.72,31.14,14.19,0.771,6.9,2021-03-01 02:00:00
2021-03-02,3,2021,40.79,41.77,24.63,33.6,434.0,2.05,12.52,31.04,14.02,0.827,6.9,2021-03-02 02:00:00
2021-03-03,3,2021,40.8,42.76,26.55,30.69,430.0,2.28,11.61,30.89,13.44,0.871,6.9,2021-03-03 02:00:00
2021-03-04,3,2021,40.24,43.27,23.31,33.42,423.0,2.39,13.25,31.59,14.21,0.919,7.2,2021-03-04 02:00:00
2021-03-05,3,2021,41.24,43.26,24.49,32.25,442.0,2.33,13.85,30.21,13.64,0.976,6.8,2021-03-05 02:00:00
2021-03-06,3,2021,38.78,42.58,22.32,35.1,436.0,2.34,12.89,29.8,14.04,0.862,7.1,2021-03-06 02:00:00
2021-03-07,3,2021,37.89,42.19,24.7,33.11,424.0,2.15,11.6,29.51,14.43,0.881,6.9,2021-03-07 02:00:00
2021-03-08,3,2021,35.15,43.96,25.5,30.54,427.0,2.03,9.59,29.87,14.45,0.906,6.8,2021-03-08 02:00:00
2021-03-09,3,2021,33.52,41.03,24.13,34.84,441.0,2.24,13.45,31.84,13.74,0.934,6.7,2021-03-09 02:00:00
2021-03-10,3,2021,34.65,42.63,24.28,33.09,445.0,2.01,14.65,32.38,14.28,0.814,7.0,2021-03-10 02:00:00
2021-03-11,3,2021,36.32,47.36,24.77,27.87,436.0,2.13,11.8,31.02,13.65,0.876,7.1,2021-03-11 02:00:00
2021-03-12,3,2021,37.43,41.31,27.76,30.93,435.0,2.39,11.55,31.9,12.71,0.852,7.0,2021-03-12 02:00:00
2021-03-13,3,2021,32.95,39.58,22.09,38.33,439.0,2.37,11.32,31.36,14.74,0.85,7.1,2021-03-13 02:00:00
2021-03-14,3,2021,35.53,43.8,25.33,30.87,416.0,2.32,11.6,30.63,14.57,0.857,6.9,2021-03-14 02:00:00
2021-03-15,3,2021,34.64,42.48,24.97,32.55,442.0,2.16,11.27,31.59,13.91,0.822,6.9,2021-03-15 02:00:00
2021-03-16,3,2021,33.1,42.39,24.55,33.06,439.0,2.29,10.65,29.8,14.03,0.887,6.9,2021-03-16 02:00:00
2021-03-17,3,2021,33.18,42.25,25.78,31.97,445.0,2.44,11.79,31.04,14.69,0.888,6.9,2021-03-17 02:00:00
2021-03-18,3,2021,30.56,43.96,24.18,31.86,445.0,1.86,12.47,29.8,14.09,0.851,6.9,2021-03-18 02:00:00
2021-03-19,3,2021,28.12,38.38,24.09,37.53,432.0,2.28,15.49,31.38,16.2,0.893,7.0,2021-03-19 02:00:00
2021-03-20,3,2021,26.95,43.28,20.77,35.95,428.0,2.47,9.99,31.62,12.71,0.952,6.8,2021-03-20 02:00:00
2021-03-21,3,2021,24.05,39.7,23.47,36.83,419.0,2.26,12.78,28.93,14.81,0.848,7.0,2021-03-21 02:00:00
2021-03-22,3,2021,23.24,40.36,27.31,32.33,426.0,2.21,12.36,31.17,13.85,0.913,6.9,2021-03-22 02:00:00
2021-03-23,3,2021,21.46,40.56,21.56,37.88,416.0,2.07,11.82,29.92,15.93,0.901,6.9,2021-03-23 02:00:00
2021-03-24,3,2021,20.08,42.33,25.62,32.05,445.0,2.18,10.43,30.8,12.8,0.891,7.0,2021-03-24 02:00:00
2021-03-25,3,2021,18.93,41.26,23.17,35.57,447.0,2.33,11.88,30.65,13.92,0.823,6.9,2021-03-25 02:00:00
2021-03-26,3,2021,16.86,41.62,23.63,34.75,432.0,2.14,11.49,30.14,14.17,0.828,6.8,2021-03-26 02:00:00
2021-03-27,3,2021,13.52,38.64,27.08,34.28,421.0,2.4,12.32,31.08,12.29,0.877,6.9,2021-03-27 02:00:00
2021-03-28,3,2021,16.61,40.41,23.69,35.9,448.0,2.42,13.89,30.96,14.87,0.997,6.8,2021-03-28 02:00:00
2021-03-29,3,2021,13.11,44.29,25.76,29.95,454.0,2.08,10.89,31.3,15.08,0.774,6.9,2021-03-29 02:00:00
2021-03-30,3,2021,18.13,44.5,23.1,32.4,427.0,2.34,12.09,30.87,13.75,0.861,7.0,2021-03-30 02:00:00
2021-03-31,3,2021,17.19,42.19,22.6,35.21,440.0,2.28,14.09,31.31,13.08,0.904,7.0,2021-03-31 02:00:00
2021-04-01,3,2021,14.38,46.33,22.46,31.21,424.0,2.24,12.14,32.04,14.29,0.819,6.9,2021-04-01 02:00:00
2021-04-02,3,2021,18.93,42.28,23.9,33.82,432.0,2.12,13.61,30.79,16.03,0.929,7.0,2021-04-02 02:00:00
2021-04-03,3,2021,18.39,38.56,25.7,35.74,420.0,2.14,11.84,32.66,13.86,0.862,6.9,2021-04-03 02:00:00
2021-04-04,3,2021,16.96,42.46,24.95,32.59,420.0,2.07,9.9,31.54,14.22,0.923,6.9,2021-04-04 02:00:00
2021-04-05,3,2021,17.05,42.99,25.84,31.17,451.0,2.09,13.68,28.19,12.57,0.913,7.1,2021-04-05 02:00:00
2021-04-06,3,2021,15.68,41.89,24.75,33.36,443.0,2.28,10.36,32.66,14.87,0.823,7.0,2021-04-06 02:00:00
2021-04-07,3,2021,13.03,39.18,21.77,39.05,455.0,2.3,11.18,31.24,15.06,0.92,7.0,2021-04-07 02:00:00
2021-04-08,3,2021,12.86,43.49,23.91,32.6,431.0,2.38,11.99,31.42,13.07,0.889,7.0,2021-04-08 02:00:00
2021-04-09,3,2021,8.76,44.2,27.53,28.27,431.0,2.13,11.28,30.42,13.67,0.939,7.0,2021-04-09 02:00:00
2021-04-10,3,2021,11.11,43.36,22.09,34.55,448.0,2.48,10.19,30.8,14.08,0.93,7.1,2021-04-10 02:00:00
2021-04-11,3,2021,13.82,43.03,20.81,36.16,439.0,2.42,14.41,30.05,14.18,0.934,6.9,2021-04-11 02:00:00
2021-04-12,3,2021,10.99,42.03,24.69,33.28,441.0,2.25,14.7,29.86,14.95,0.827,6.9,2021-04-12 02:00:00
2021-04-13,3,2021,14.44,42.5,26.13,31.37,438.0,2.28,13.14,33.23,14.79,0.914,6.9,2021-04-13 02:00:00
2021-04-14,3,2021,10.91,44.77,23.57,31.66,434.0,2.22,12.0,31.37,14.45,0.903,6.8,2021-04-14 02:00:00
2021-04-15,3,2021,8.41,41.83,23.34,34.83,429.0,2.37,11.37,28.69,13.96,0.842,7.0,2021-04-15 02:00:00
2021-04-16,3,2021,10.02,38.88,23.26,37.86,437.0,2.4,13.61,30.25,14.55,0.982,6.9,2021-04-16 02:00:00
2021-04-17,3,2021,9.41,42.02,22.51,35.47,457.0,1.96,10.73,29.86,13.9,0.887,6.9,2021-04-17 02:00:00
2021-04-18,3,2021,6.15,43.87,24.35,31.78,442.0,2.2,12.1,31.1,14.44,0.828,6.8,2021-04-18 02:00:00
2021-04-19,3,2021,5.9,39.14,25.85,35.01,445.0,2.21,13.76,29.97,13.96,0.894,7.1,2021-04-19 02:00:00
2021-04-20,3,2021,10.42,38.58,23.44,37.98,442.0,2.35,13.16,29.65,13.41,0.902,7.0,2021-04-20 02:00:00
2021-04-21,3,2021,7.34,39.2,25.01,35.79,450.0,2.19,11.93,32.06,15.92,0.874,7.0,2021-04-21 02:00:00
2021-04-22,3,2021,11.8,43.28,22.23,34.49,445.0,2.06,8.3,30.7,13.17,0.817,6.9,2021-04-22 02:00:00
2021-04-23,3,2021,11.83,43.0,23.76,33.24,439.0,2.4,13.02,32.51,14.1,0.912,6.8,2021-04-23 02:00:00
2021-04-24,3,2021,18.01,41.2,24.75,34.05,456.0,2.01,12.34,32.85,13.92,0.974,6.9,2021-04-24 02:00:00
2021-04-25,3,2021,15.37,40.64,24.9,34.46,442.0,2.03,13.27,31.06,13.19,0.9,7.1,2021-04-25 02:00:00
2021-04-26,3,2021,18.65,43.88,22.7,33.42,440.0,2.09,12.19,30.91,13.72,0.818,6.9,2021-04-26 02:00:00
2021-04-27,3,2021,17.48,43.34,22.57,34.09,432.0,2.37,10.95,30.76,14.06,0.933,6.9,2021-04-27 02:00:00
2021-04-28,3,2021,19.62,42.63,24.64,32.73,430.0,2.29,11.53,30.04,13.06,0.898,6.9,2021-04-28 02:00:00
2021-04-29,3,2021,16.69,41.26,25.78,32.96,433.0,2.02,11.3,30.83,13.76,0.966,6.8,2021-04-29 02:00:00
2021-04-30,3,2021,14.9,42.91,22.47,34.62,447.0,2.1,11.36,30.82,16.03,0.951,6.9,2021-04-30 02:00:00
2021-05-01,3,2021,10.92,41.75,24.01,34.24,420.0,2.35,10.65,29.43,13.97,0.923,6.9,2021-05-01 02:00:00
2021-05-02,3,2021,16.89,44.05,20.89,35.06,433.0,2.35,13.66,32.54,13.36,0.975,7.1,2021-05-02 02:00:00
2021-05-03,3,2021,17.18,42.92,25.14,31.94,446.0,2.51,11.83,30.15,14.73,0.91,6.8,2021-05-03 02:00:00
2021-05-04,3,2021,17.96,45.19,24.72,30.09,444.0,2.29,13.81,30.47,13.43,0.857,6.7,2021-05-04 02:00:00
2021-05-05,3,2021,15.74,40.37,22.27,37.36,443.0,2.26,12.33,30.53,14.53,0.983,6.9,2021-05-05 02:00:00
2021-05-06,3,2021,24.79,41.6,21.22,37.18,441.0,2.31,12.61,30.63,13.26,0.898,6.9,2021-05-06 02:00:00
2021-05-07,3,2021,20.95,40.86,25.05,34.09,443.0,2.58,11.75,30.65,14.37,0.998,6.9,2021-05-07 02:00:00
2021-05-08,3,2021,21.3,42.0,23.54,34.46,435.0,2.38,12.58,32.21,13.88,0.899,7.0,2021-05-08 02:00:00
2021-05-09,3,2021,23.53,42.48,23.58,33.94,446.0,2.22,13.31,29.79,14.05,0.947,7.1,2021-05-09 02:00:00
2021-05-10,3,2021,26.09,42.21,22.58,35.21,446.0,2.25,14.7,31.49,14.13,0.9,6.9,2021-05-10 02:00:00
2021-05-11,3,2021,23.51,41.56,23.35,35.09,446.0,2.01,11.59,29.72,13.42,0.828,7.0,2021-05-11 02:00:00
2021-05-12,3,2021,28.26,42.78,25.07,32.15,444.0,2.25,11.92,31.26,15.1,0.993,7.0,2021-05-12 02:00:00
2021-05-13,3,2021,24.07,40.89,24.32,34.79,428.0,2.06,12.19,30.93,13.69,0.924,7.0,2021-05-13 02:00:00
2021-05-14,3,2021,24.99,43.61,24.3,32.09,450.0,2.32,12.2,30.93,13.51,0.925,6.8,2021-05-14 02:00:00
2021-05-15,3,2021,41.27,42.01,24.17,33.82,448.0,1.96,10.41,32.46,15.07,0.956,6.8,2021-05-15 02:00:00
2021-05-16,3,2021,40.06,40.13,22.38,37.49,446.0,1.82,13.09,31.33,13.33,0.887,6.8,2021-05-16 02:00:00
2021-05-17,3,2021,38.02,39.12,23.24,37.64,449.0,2.15,13.51,30.36,13.14,1.011,7.0,2021-05-17 02:00:00
2021-05-18,3,2021,34.71,43.09,24.29,32.62,437.0,2.31,11.07,30.33,16.03,0.915,6.9,2021-05-18 02:00:00
2021-05-19,3,2021,35.07,42.21,27.56,30.23,452.0,2.34,11.63,31.11,11.99,0.834,7.0,2021-05-19 02:00:00
2021-05-20,3,2021,32.76,42.99,24.9,32.11,436.0,2.26,12.91,31.77,14.29,0.873,6.9,2021-05-20 02:00:00
2021-05-21,3,2021,36.92,42.68,23.97,33.35,444.0,2.33,11.41,31.45,14.36,0.909,6.9,2021-05-21 02:00:00
2021-05-22,3,2021,39.75,41.95,24.59,33.46,446.0,2.09,12.67,31.38,14.33,1.03,6.9,2021-05-22 02:00:00
2021-05-23,3,2021,37.64,40.25,24.96,34.79,442.0,1.99,11.32,30.52,14.38,0.923,7.0,2021-05-23 02:00:00
2021-05-24,3,2021,39.97,46.12,24.88,29.0,447.0,2.16,11.02,31.46,14.31,0.924,6.9,2021-05-24 02:00:00
2021-05-25,3,2021,35.42,39.03,23.3,37.67,456.0,2.15,11.62,29.92,14.05,0.878,6.9,2021-05-25 02:00:00
2021-05-26,3,2021,35.05,39.67,21.85,38.48,431.0,2.42,12.91,30.69,14.17,0.878,6.9,2021-05-26 02:00:00
2021-05-27,3,2021,33.86,44.13,25.52,30.35,471.0,2.28,10.91,29.34,14.75,0.921,7.0,2021-05-27 02:00:00
2021-05-28,3,2021,32.69,43.18,25.02,31.8,451.0,2.09,12.25,31.68,15.02,0.93,6.7,2021-05-28 02:00:00
2021-05-29,3,2021,33.6,44.13,21.88,33.99,432.0,2.01,12.71,31.12,14.2,0.949,6.8,2021-05-29 02:00:00
2021-05-30,3,2021,32.71,40.67,25.21,34.12,442.0,2.1,9.61,32.67,13.62,0.909,6.9,2021-05-30 02:00:00
2021-05-31,3,2021,33.77,42.29,25.51,32.2,436.0,2.43,10.99,30.86,14.11,0.894,7.0,2021-05-31 02:00:00
2021-06-01,3,2021,33.88,40.21,26.16,33.63,437.0,2.16,12.67,31.3,13.87,0.965,7.0,2021-06-01 02:00:00
2021-06-02,3,2021,32.91,42.52,23.13,34.35,449.0,2.17,12.37,29.74,14.5,1.001,6.9,2021-06-02 02:00:00
2021-06-03,3,2021,29.47,40.34,22.79,36.87,455.0,2.03,12.68,30.7,14.13,0.906,7.0,2021-06-03 02:00:00
2021-06-04,3,2021,28.97,40.97,24.98,34.05,456.0,2.14,11.95,32.3,13.36,0.894,7.0,2021-06-04 02:00:00
2021-06-05,3,2021,25.91,39.72,23.2,37.08,442.0,1.99,12.87,30.87,14.65,0.905,6.8,2021-06-05 02:00:00
2021-06-06,3,2021,24.18,40.9,24.86,34.24,428.0,2.05,12.68,30.93,14.16,0.933,7.1,2021-06-06 02:00:00
2021-06-07,3,2021,19.71,42.6,23.54,33.86,443.0,1.97,13.14,30.66,14.94,0.928,6.9,2021-06-07 02:00:00
2021-06-08,3,2021,21.68,40.39,25.51,34.1,435.0,2.39,14.46,30.44,15.75,0.933,6.8,2021-06-08 02:00:00
2021-06-09,3,2021,18.71,40.73,23.93,35.34,441.0,2.14,12.57,30.09,14.12,0.924,7.0,2021-06-09 02:00:00
2021-06-10,3,2021,25.67,38.3,23.9,37.8,443.0,2.3,12.21,32.09,13.56,0.867,7.0,2021-06-10 02:00:00
2021-06-11,3,2021,24.23,38.28,24.65,37.07,444.0,2.24,13.5,30.4,15.22,0.922,6.8,2021-06-11 02:00:00
2021-06-12,3,2021,21.78,37.49,22.91,39.6,430.0,2.38,11.78,31.19,13.71,0.892,6.7,2021-06-12 02:00:00
2021-06-13,3,2021,21.98,41.55,25.3,33.15,447.0,2.03,11.9,31.22,16.08,1.03,6.8,2021-06-13 02:00:00
2021-06-14,3,2021,21.4,44.34,24.2,31.46,432.0,2.26,12.29,29.61,14.91,1.005,6.9,2021-06-14 02:00:00
2021-06-15,3,2021,21.14,42.76,24.47,32.77,457.0,2.35,13.75,30.68,14.53,0.901,6.8,2021-06-15 02:00:00
2021-06-16,3,2021,17.56,43.27,21.97,34.76,440.0,2.39,12.07,30.16,14.21,1.023,6.7,2021-06-16 02:00:00
2021-06-17,3,2021,17.41,43.23,25.29,31.48,443.0,2.34,12.47,30.86,14.45,1.008,7.1,2021-06-17 02:00:00
2021-06-18,3,2021,19.38,42.75,25.39,31.86,455.0,2.17,11.36,29.72,15.95,0.956,6.8,2021-06-18 02:00:00
2021-06-19,3,2021,13.67,46.57,22.62,30.81,431.0,1.94,11.02,30.04,15.0,0.989,7.0,2021-06-19 02:00:00
2021-06-20,3,2021,13.53,45.67,23.01,31.32,451.0,2.23,12.71,28.55,15.1,1.016,7.0,2021-06-20 02:00:00
2021-06-21,3,2021,12.59,41.46,26.8,31.74,448.0,2.02,12.79,30.45,15.14,0.984,6.9,2021-06-21 02:00:00
2021-06-22,3,2021,17.81,42.63,23.08,34.29,438.0,2.36,11.81,31.75,13.83,0.876,6.9,2021-06-22 02:00:00
2021-06-23,3,2021,20.84,40.82,25.46,33.72,443.0,2.26,10.91,29.13,13.28,0.989,7.0,2021-06-23 02:00:00
2021-06-24,3,2021,17.64,43.26,21.62,35.12,462.0,2.16,11.29,30.36,14.48,1.006,7.1,2021-06-24 02:00:00
2021-06-25,3,2021,17.43,42.43,24.83,32.74,449.0,2.17,11.66,29.21,12.45,0.956,6.8,2021-06-25 02:00:00
2021-06-26,3,2021,18.86,45.49,23.57,30.94,455.0,2.15,12.74,31.15,13.11,0.975,6.7,2021-06-26 02:00:00
2021-06-27,3,2021,17.64,40.1,24.33,35.57,464.0,2.03,10.66,29.65,13.15,0.842,7.0,2021-06-27 02:00:00
2021-06-28,3,2021,18.16,38.5,26.8,34.7,449.0,2.45,10.03,31.23,12.82,0.998,7.1,2021-06-28 02:00:00
2021-06-29,3,2021,16.62,38.88,22.59,38.53,436.0,2.13,12.34,29.77,15.27,1.027,6.8,2021-06-29 02:00:00
2021-06-30,3,2021,25.27,45.8,23.11,31.09,443.0,2.16,10.11,31.47,13.83,0.973,6.9,2021-06-30 02:00:00
2021-07-01,3,2021,22.87,41.55,23.41,35.04,450.0,2.39,12.36,31.92,14.8,0.92,7.0,2021-07-01 02:00:00
2021-07-02,3,2021,20.73,43.22,24.46,32.32,455.0,2.0,11.48,31.72,15.27,0.945,6.9,2021-07-02 02:00:00
2021-07-03,3,2021,17.49,38.69,24.63,36.68,460.0,2.09,12.41,31.01,12.98,0.964,6.9,2021-07-03 02:00:00
2021-07-04,3,2021,16.03,41.4,25.81,32.79,461.0,2.09,11.97,29.76,13.63,0.971,6.8,2021-07-04 02:00:00
2021-07-05,3,2021,14.14,42.51,23.8,33.69,457.0,2.39,12.95,32.67,13.52,0.968,6.8,2021-07-05 02:00:00
2021-07-06,3,2021,12.93,43.8,24.12,32.08,470.0,2.35,10.37,29.91,13.79,0.999,6.8,2021-07-06 02:00:00
2021-07-07,3,2021,11.19,44.46,21.58,33.96,435.0,2.18,11.05,30.72,13.48,0.993,7.0,2021-07-07 02:00:00
2021-07-08,3,2021,15.19,41.54,22.39,36.07,444.0,2.26,11.22,31.37,14.3,0.997,7.0,2021-07-08 02:00:00
2021-07-09,3,2021,12.15,42.07,21.46,36.47,474.0,2.25,12.17,31.81,13.84,0.897,6.8,2021-07-09 02:00:00
2021-07-10,3,2021,13.24,44.97,23.38,31.65,448.0,2.09,10.84,31.45,14.41,0.926,6.8,2021-07-10 02:00:00
2021-07-11,3,2021,10.53,39.12,24.6,36.28,450.0,2.02,11.94,30.41,15.22,1.002,7.0,2021-07-11 02:00:00
2021-07-12,3,2021,10.91,42.16,26.74,31.1,443.0,2.38,10.96,31.39,14.32,1.016,7.0,2021-07-12 02:00:00
2021-07-13,3,2021,15.2,40.16,25.33,34.51,446.0,2.31,12.06,30.85,14.45,0.98,6.7,2021-07-13 02:00:00
2021-07-14,3,2021,20.07,40.58,22.64,36.78,471.0,2.34,12.89,30.1,13.88,0.885,6.9,2021-07-14 02:00:00
2021-07-15,3,2021,18.34,41.4,22.14,36.46,454.0,2.31,11.21,31.59,13.42,0.978,6.7,2021-07-15 02:00:00
2021-07-16,3,2021,15.21,43.0,23.5,33.5,453.0,2.6,11.74,32.14,14.21,1.057,6.8,2021-07-16 02:00:00
2021-07-17,3,2021,14.99,45.04,24.74,30.22,462.0,2.39,12.2,31.56,13.87,0.957,6.9,2021-07-17 02:00:00
2021-07-18,3,2021,13.23,46.38,21.2,32.42,441.0,2.16,14.83,32.56,13.06,1.07,6.9,2021-07-18 02:00:00
2021-07-19,3,2021,12.1,42.58,23.81,33.61,449.0,2.34,12.37,31.89,14.09,0.867,7.0,2021-07-19 02:00:00
2021-07-20,3,2021,9.91,42.26,27.34,30.4,449.0,2.18,12.32,31.72,13.79,0.999,6.7,2021-07-20 02:00:00
2021-07-21,3,2021,8.16,38.22,25.47,36.31,471.0,2.09,12.98,33.28,14.72,0.944,6.9,2021-07-21 02:00:00
2021-07-22,3,2021,8.06,41.18,25.57,33.25,470.0,2.19,11.02,29.71,13.76,0.961,6.8,2021-07-22 02:00:00
2021-07-23,3,2021,5.54,41.09,23.68,35.23,451.0,2.3,10.65,30.11,13.62,1.027,6.9,2021-07-23 02:00:00
2021-07-24,3,2021,13.04,40.01,24.53,35.46,445.0,2.16,12.83,31.66,12.87,0.987,6.9,2021-07-24 02:00:00
2021-07-25,3,2021,10.99,41.33,24.25,34.42,461.0,2.12,9.88,31.31,13.82,1.012,6.8,2021-07-25 02:00:00
2021-07-26,3,2021,12.09,39.13,25.18,35.69,463.0,2.36,11.81,31.49,13.33,1.046,6.8,2021-07-26 02:00:00
2021-07-27,3,2021,12.57,43.6,22.86,33.54,467.0,2.18,11.8,31.82,15.14,0.915,6.7,2021-07-27 02:00:00
2021-07-28,3,2021,12.14,41.28,27.9,30.82,469.0,2.09,10.22,30.17,14.85,1.064,6.8,2021-07-28 02:00:00
2021-07-29,3,2021,13.42,40.24,25.15,34.61,451.0,2.22,11.01,33.43,14.32,0.976,6.7,2021-07-29 02:00:00
2021-07-30,3,2021,11.34,42.63,20.94,36.43,450.0,2.03,13.22,32.38,13.53,0.957,6.7,2021-07-30 02:00:00
2021-07-31,3,2021,7.43,44.6,23.8,31.6,451.0,2.32,10.23,31.13,13.29,1.094,6.7,2021-07-31 02:00:00
2021-08-01,3,2021,6.37,43.63,24.68,31.69,450.0,2.44,13.32,33.23,14.81,0.954,6.9,2021-08-01 02:00:00
2021-08-02,3,2021,5.0,43.27,24.1,32.63,457.0,2.34,14.67,32.73,14.72,0.959,6.8,2021-08-02 02:00:00
2021-08-03,3,2021,5.73,40.35,23.84,35.81,452.0,2.21,13.26,31.16,13.78,1.081,6.9,2021-08-03 02:00:00
2021-08-04,3,2021,6.04,38.6,23.99,37.41,451.0,2.2,12.66,31.6,14.2,0.955,6.8,2021-08-04 02:00:00
2021-08-05,3,2021,5.0,44.05,23.09,32.86,472.0,2.23,12.07,29.77,14.55,1.022,6.7,2021-08-05 02:00:00
2021-08-06,3,2021,5.0,39.41,22.81,37.78,471.0,2.03,11.01,30.08,13.89,0.89,6.7,2021-08-06 02:00:00
2021-08-07,3,2021,8.95,43.94,23.83,32.23,443.0,2.05,12.28,29.93,12.35,0.898,6.9,2021-08-07 02:00:00
2021-08-08,3,2021,7.93,40.85,23.06,36.09,469.0,2.24,11.51,30.68,15.03,1.024,6.7,2021-08-08 02:00:00
2021-08-09,3,2021,14.62,40.23,22.63,37.14,450.0,2.16,13.41,29.68,14.52,1.032,6.6,2021-08-09 02:00:00
2021-08-10,3,2021,15.48,39.17,24.27,36.56,448.0,2.37,12.65,29.38,13.26,1.038,6.7,2021-08-10 02:00:00
2021-08-11,3,2021,15.65,44.43,23.0,32.57,434.0,2.45,12.84,30.36,14.06,1.046,6.9,2021-08-11 02:00:00
2021-08-12,3,2021,12.2,43.8,24.73,31.47,453.0,2.11,12.37,30.93,13.15,1.046,6.8,2021-08-12 02:00:00
2021-08-13,3,2021,13.38,43.23,24.96,31.81,465.0,2.17,11.3,30.58,14.19,1.02,6.8,2021-08-13 02:00:00
2021-08-14,3,2021,16.68,41.11,25.71,33.18,467.0,2.25,12.21,31.81,13.21,1.082,6.9,2021-08-14 02:00:00
2021-08-15,3,2021,14.15,42.59,21.98,35.43,474.0,2.05,12.55,31.62,15.54,0.997,6.9,2021-08-15 02:00:00
2021-08-16,3,2021,11.26,45.12,23.95,30.93,452.0,2.37,11.35,31.16,13.29,1.077,6.9,2021-08-16 02:00:00
2021-08-17,3,2021,10.73,39.29,22.69,38.02,461.0,2.25,11.4,31.72,14.31,1.091,6.9,2021-08-17 02:00:00
2021-08-18,3,2021,10.43,42.9,26.66,30.44,469.0,2.24,13.92,30.34,12.91,0.924,6.7,2021-08-18 02:00:00
2021-08-19,3,2021,8.83,42.49,22.68,34.83,465.0,2.32,11.82,31.51,13.34,1.032,6.8,2021-08-19 02:00:00
2021-08-20,3,2021,7.31,39.53,22.3,38.17,464.0,2.22,13.43,31.74,15.56,1.104,6.9,2021-08-20 02:00:00
2021-08-21,3,2021,5.0,39.67,21.1,39.23,468.0,2.32,14.21,32.59,14.41,1.108,6.9,2021-08-21 02:00:00
2021-08-22,3,2021,5.0,42.04,22.62,35.34,447.0,1.92,11.11,32.62,12.73,1.003,6.9,2021-08-22 02:00:00
2021-08-23,3,2021,5.0,40.98,23.12,35.9,460.0,2.52,12.58,32.13,14.29,0.929,6.6,2021-08-23 02:00:00
2021-08-24,3,2021,5.83,40.5,25.2,34.3,460.0,2.07,10.02,30.83,14.27,0.992,6.8,2021-08-24 02:00:00
2021-08-25,3,2021,5.45,42.81,22.88,34.31,460.0,2.23,12.42,30.02,13.65,1.091,6.7,2021-08-25 02:00:00
2021-08-26,3,2021,5.86,39.2,24.97,35.83,462.0,1.97,12.61,32.82,14.11,1.035,6.9,2021-08-26 02:00:00
2021-08-27,3,2021,5.0,42.64,23.84,33.52,466.0,2.23,13.65,30.38,13.68,1.03,6.9,2021-08-27 02:00:00
2021-08-28,3,2021,6.39,41.33,23.11,35.56,470.0,2.42,10.1,30.37,14.71,1.05,6.9,2021-08-28 02:00:00
2021-08-29,3,2021,7.01,41.51,27.32,31.17,458.0,2.02,12.92,31.64,14.05,1.014,6.8,2021-08-29 02:00:00
2021-08-30,3,2021,6.09,41.64,22.33,36.03,468.0,2.21,10.36,29.22,13.7,1.011,6.8,2021-08-30 02:00:00
2021-08-31,3,2021,11.79,40.37,24.73,34.9,452.0,2.01,12.53,29.55,13.59,1.042,6.6,2021-08-31 02:00:00
2021-09-01,3,2021,9.04,42.63,27.46,29.91,475.0,2.31,12.49,29.04,14.86,1.01,6.6,2021-09-01 02:00:00
2021-09-02,3,2021,10.49,42.98,26.71,30.31,446.0,2.36,11.52,29.44,12.82,1.007,6.9,2021-09-02 02:00:00
2021-09-03,3,2021,17.78,43.67,23.26,33.07,453.0,2.03,13.14,31.49,13.75,1.025,6.9,2021-09-03 02:00:00
2021-09-04,3,2021,17.31,39.54,24.41,36.05,441.0,2.24,15.23,32.53,12.31,0.983,6.8,2021-09-04 02:00:00
2021-09-05,3,2021,15.5,42.19,22.65,35.16,447.0,2.09,10.77,31.66,15.62,1.071,6.8,2021-09-05 02:00:00
2021-09-06,3,2021,13.62,43.29,21.33,35.38,461.0,2.4,12.13,30.94,14.41,1.064,6.9,2021-09-06 02:00:00
2021-09-07,3,2021,12.95,45.53,25.96,28.51,464.0,2.16,12.19,31.47,12.98,0.983,6.8,2021-09-07 02:00:00
2021-09-08,3,2021,15.46,42.82,23.2,33.98,475.0,2.17,11.54,32.1,13.54,0.95,6.7,2021-09-08 02:00:00
2021-09-09,3,2021,17.43,47.36,23.86,28.78,464.0,2.1,12.43,31.85,12.87,1.035,6.7,2021-09-09 02:00:00
2021-09-10,3,2021,18.49,37.63,24.73,37.64,458.0,2.04,12.38,30.75,13.07,1.03,6.7,2021-09-10 02:00:00
2021-09-11,3,2021,16.52,41.9,24.91,33.19,447.0,2.21,13.24,31.75,14.6,0.982,6.7,2021-09-11 02:00:00
2021-09-12,3,2021,16.87,39.87,22.73,37.4,458.0,2.21,10.66,31.76,13.79,1.023,6.7,2021-09-12 02:00:00
2021-09-13,3,2021,14.02,44.92,24.5,30.58,457.0,2.49,12.01,33.87,12.23,0.969,6.8,2021-09-13 02:00:00
2021-09-14,3,2021,10.75,43.34,24.97,31.69,467.0,2.17,10.39,30.87,14.45,1.062,6.9,2021-09-14 02:00:00
2021-09-15,3,2021,9.77,42.32,23.52,34.16,451.0,2.18,12.72,28.96,13.76,1.007,6.8,2021-09-15 02:00:00
2021-09-16,3,2021,6.31,42.57,22.42,35.01,457.0,2.15,13.66,29.29,13.32,0.965,6.7,2021-09-16 02:00:00
2021-09-17,3,2021,5.77,40.92,23.0,36.08,466.0,2.05,13.42,30.49,15.5,1.057,6.6,2021-09-17 02:00:00
2021-09-18,3,2021,5.0,42.07,20.7,37.23,482.0,2.18,11.02,30.95,15.08,1.088,6.7,2021-09-18 02:00:00
2021-09-19,3,2021,5.71,40.53,21.82,37.65,443.0,2.33,10.61,32.73,13.57,0.987,6.8,2021-09-19 02:00:00
2021-09-20,3,2021,5.0,42.35,26.51,31.14,459.0,2.19,12.88,30.45,14.68,1.04,6.7,2021-09-20 02:00:00
2021-09-21,3,2021,8.67,42.17,23.54,34.29,484.0,2.07,11.09,31.22,13.74,0.959,6.9,2021-09-21 02:00:00
2021-09-22,3,2021,6.13,41.72,25.25,33.03,461.0,2.11,11.8,30.91,13.88,0.946,6.8,2021-09-22 02:00:00
2021-09-23,3,2021,5.06,44.74,22.98,32.28,431.0,2.16,12.23,31.16,13.79,1.081,6.8,2021-09-23 02:00:00
2021-09-24,3,2021,5.0,44.74,22.53,32.73,467.0,2.06,12.49,29.12,13.39,1.06,6.7,2021-09-24 02:00:00
2021-09-25,3,2021,6.47,42.2,24.05,33.75,460.0,2.4,12.86,31.53,13.12,0.992,6.8,2021-09-25 02:00:00
2021-09-26,3,2021,11.45,44.82,24.63,30.55,479.0,2.21,10.96,31.94,14.18,1.116,6.9,2021-09-26 02:00:00
2021-09-27,3,2021,10.51,42.08,26.3,31.62,468.0,2.15,12.86,30.11,12.18,1.079,6.7,2021-09-27 02:00:00
2021-09-28,3,2021,11.1,39.14,24.98,35.88,461.0,2.43,12.32,30.46,14.08,1.099,6.9,2021-09-28 02:00:00
2021-09-29,3,2021,10.75,44.63,24.91,30.46,472.0,2.07,11.97,29.97,14.07,1.021,6.9,2021-09-29 02:00:00
2021-09-30,3,2021,8.29,44.24,25.13,30.63,480.0,2.09,11.34,32.21,14.48,1.119,6.8,2021-09-30 02:00:00
2021-10-01,3,2021,7.09,40.37,22.97,36.66,464.0,2.36,10.72,30.65,14.45,1.13,6.7,2021-10-01 02:00:00
2021-10-02,3,2021,6.6,42.66,23.93,33.41,445.0,2.2,12.87,29.18,13.76,1.093,6.7,2021-10-02 02:00:00
2021-10-03,3,2021,6.88,43.03,25.47,31.5,461.0,2.07,13.16,32.47,14.1,1.061,6.7,2021-10-03 02:00:00
2021-10-04,3,2021,5.89,41.62,23.96,34.42,459.0,2.32,11.53,30.29,14.77,1.038,6.8,2021-10-04 02:00:00
2021-10-05,3,2021,5.58,39.67,25.59,34.74,459.0,2.23,13.78,31.04,14.2,0.998,6.7,2021-10-05 02:00:00
2021-10-06,3,2021,5.0,44.02,26.06,29.92,465.0,2.38,11.91,31.28,13.14,1.082,6.6,2021-10-06 02:00:00
2021-10-07,3,2021,5.0,40.98,25.89,33.13,459.0,2.21,13.12,29.68,14.57,1.02,6.8,2021-10-07 02:00:00
2021-10-08,3,2021,5.14,40.13,22.54,37.33,465.0,2.33,13.89,29.38,13.45,1.014,6.7,2021-10-08 02:00:00
2021-10-09,3,2021,6.6,43.18,23.51,33.31,481.0,2.39,12.23,29.5,14.4,1.084,6.6,2021-10-09 02:00:00
2021-10-10,3,2021,5.0,39.96,24.6,35.44,458.0,2.05,11.25,32.58,14.37,1.044,6.9,2021-10-10 02:00:00
2021-10-11,3,2021,6.77,42.81,24.65,32.54,472.0,2.36,10.38,32.94,14.22,1.087,6.7,2021-10-11 02:00:00
2021-10-12,3,2021,5.0,45.17,25.08,29.75,460.0,2.23,10.82,30.54,13.99,1.108,6.8,2021-10-12 02:00:00
2021-10-13,3,2021,6.03,43.99,24.99,31.02,455.0,2.05,9.97,32.59,14.92,1.062,6.8,2021-10-13 02:00:00
2021-10-14,3,2021,5.0,38.39,25.14,36.47,448.0,2.01,11.81,31.78,13.13,1.045,6.8,2021-10-14 02:00:00
2021-10-15,3,2021,5.0,42.09,22.35,35.56,478.0,2.26,12.15,31.28,15.02,1.027,6.9,2021-10-15 02:00:00
2021-10-16,3,2021,5.98,41.37,22.75,35.88,461.0,1.93,11.28,30.39,14.56,1.122,6.8,2021-10-16 02:00:00
2021-10-17,3,2021,5.61,42.43,23.11,34.46,446.0,1.91,10.86,29.47,13.13,1.052,6.8,2021-10-17 02:00:00
2021-10-18,3,2021,6.81,41.87,22.24,35.89,482.0,2.02,12.01,31.1,13.52,1.083,6.7,2021-10-18 02:00:00
2021-10-19,3,2021,5.73,42.11,22.82,35.07,452.0,2.39,12.28,30.49,14.41,1.094,6.8,2021-10-19 02:00:00
2021-10-20,3,2021,5.0,41.42,23.83,34.75,467.0,2.06,13.66,30.42,13.61,1.108,6.8,2021-10-20 02:00:00
2021-10-21,3,2021,5.0,44.74,25.18,30.08,465.0,2.3,13.31,31.08,14.17,1.085,6.9,2021-10-21 02:00:00
2021-10-22,3,2021,5.07,40.59,26.62,32.79,465.0,2.0,12.93,30.84,15.04,1.11,6.7,2021-10-22 02:00:00
2021-10-23,3,2021,5.0,41.25,24.22,34.53,450.0,2.51,13.13,31.83,14.67,1.078,6.6,2021-10-23 02:00:00
2021-10-24,3,2021,7.47,40.19,24.71,35.1,466.0,2.24,10.89,31.12,13.75,1.111,6.8,2021-10-24 02:00:00
2021-10-25,3,2021,8.5,44.95,23.92,31.13,455.0,2.2,13.41,31.64,12.97,1.028,6.8,2021-10-25 02:00:00
2021-10-26,3,2021,7.79,43.94,23.33,32.73,465.0,2.13,10.86,30.52,13.43,1.115,6.9,2021-10-26 02:00:00
2021-10-27,3,2021,5.9,42.34,22.75,34.91,467.0,2.08,12.59,31.28,13.73,1.057,6.7,2021-10-27 02:00:00
2021-10-28,3,2021,6.12,42.62,24.12,33.26,459.0,2.14,10.66,31.22,13.6,1.014,6.7,2021-10-28 02:00:00
2021-10-29,3,2021,6.65,43.26,25.43,31.31,470.0,2.47,12.76,30.67,14.46,1.119,6.8,2021-10-29 02:00:00
2021-10-30,3,2021,5.0,41.87,24.28,33.85,486.0,2.15,11.8,30.08,15.32,1.076,6.7,2021-10-30 02:00:00
2021-10-31,3,2021,5.0,39.81,25.25,34.94,457.0,2.46,12.13,30.43,14.54,1.034,6.8,2021-10-31 02:00:00
2021-11-01,3,2021,6.09,44.65,23.89,31.46,487.0,2.09,13.41,30.85,14.17,1.046,6.8,2021-11-01 02:00:00
2021-11-02,3,2021,5.0,38.47,23.36,38.17,484.0,2.16,12.23,32.53,15.63,1.148,6.6,2021-11-02 02:00:00
2021-11-03,3,2021,5.0,42.22,23.91,33.87,475.0,2.11,11.46,30.65,14.45,1.124,6.7,2021-11-03 02:00:00
2021-11-04,3,2021,5.0,39.48,21.03,39.49,472.0,2.3,12.88,30.83,12.09,1.035,6.7,2021-11-04 02:00:00
2021-11-05,3,2021,5.63,40.77,22.58,36.65,475.0,2.38,12.42,30.06,13.79,1.087,6.7,2021-11-05 02:00:00
2021-11-06,3,2021,5.0,41.36,22.0,36.64,471.0,2.54,12.37,31.06,13.28,1.1,6.8,2021-11-06 02:00:00
2021-11-07,3,2021,5.05,40.58,24.84,34.58,483.0,2.18,12.62,31.14,14.11,1.063,6.7,2021-11-07 02:00:00
2021-11-08,3,2021,6.52,39.57,23.91,36.52,474.0,2.07,10.5,31.14,14.43,1.043,6.8,2021-11-08 02:00:00
2021-11-09,3,2021,5.0,43.0,26.07,30.93,478.0,2.38,12.95,31.37,13.62,1.092,6.8,2021-11-09 02:00:00
2021-11-10,3,2021,5.0,44.23,26.95,28.82,455.0,2.17,12.39,29.84,14.22,1.025,6.8,2021-11-10 02:00:00
2021-11-11,3,2021,5.0,38.24,24.14,37.62,461.0,2.34,13.27,30.54,14.25,1.069,6.8,2021-11-11 02:00:00
2021-11-12,3,2021,5.83,39.11,25.24,35.65,450.0,2.3,12.2,32.51,13.98,1.158,6.7,2021-11-12 02:00:00
2021-11-13,3,2021,6.26,40.44,24.4,35.16,479.0,2.11,12.8,32.27,13.6,1.126,6.6,2021-11-13 02:00:00
2021-11-14,3,2021,5.14,43.31,25.03,31.66,468.0,2.06,11.36,30.63,13.52,1.06,6.7,2021-11-14 02:00:00
2021-11-15,3,2021,5.0,37.4,25.44,37.16,479.0,2.32,11.9,31.54,13.47,1.078,6.7,2021-11-15 02:00:00
2021-11-16,3,2021,5.4,45.56,25.76,28.68,477.0,2.37,13.13,29.81,14.35,1.061,6.6,2021-11-16 02:00:00
2021-11-17,3,2021,11.5,40.81,23.6,35.59,479.0,2.34,11.82,32.57,13.56,1.142,6.7,2021-11-17 02:00:00
2021-11-18,3,2021,8.95,40.84,21.64,37.52,485.0,2.4,11.76,30.43,14.21,1.156,6.8,2021-11-18 02:00:00
2021-11-19,3,2021,8.98,41.98,24.32,33.7,475.0,2.14,14.26,32.43,13.0,1.109,6.9,2021-11-19 02:00:00
2021-11-20,3,2021,5.0,42.23,26.37,31.4,456.0,2.08,12.94,31.44,13.18,1.185,6.7,2021-11-20 02:00:00
2021-11-21,3,2021,6.35,41.01,23.96,35.03,462.0,2.27,10.9,31.26,13.79,1.117,6.8,2021-11-21 02:00:00
2021-11-22,3,2021,5.0,42.51,20.87,36.62,474.0,2.18,11.86,30.84,13.82,1.112,6.6,2021-11-22 02:00:00
2021-11-23,3,2021,5.0,41.23,20.62,38.15,473.0,2.26,10.66,31.63,13.47,1.18,6.7,2021-11-23 02:00:00
2021-11-24,3,2021,5.0,43.39,25.02,31.59,478.0,2.26,13.5,30.73,14.65,1.122,6.7,2021-11-24 02:00:00
2021-11-25,3,2021,6.35,43.4,25.94,30.66,483.0,2.5,10.38,31.37,14.09,1.112,6.7,2021-11-25 02:00:00
2021-11-26,3,2021,5.0,40.68,25.26,34.06,483.0,2.09,11.16,30.89,13.21,1.173,6.7,2021-11-26 02:00:00
2021-11-27,3,2021,5.0,39.71,24.05,36.24,488.0,2.06,11.19,31.73,12.73,1.166,6.7,2021-11-27 02:00:00
2021-11-28,3,2021,8.76,42.63,24.14,33.23,478.0,2.22,9.96,30.91,12.53,1.093,6.8,2021-11-28 02:00:00
2021-11-29,3,2021,6.94,43.27,24.75,31.98,446.0,1.98,12.4,30.49,12.85,1.213,6.8,2021-11-29 02:00:00
2021-11-30,3,2021,12.07,42.2,22.13,35.67,467.0,2.31,12.46,31.17,14.79,1.163,6.7,2021-11-30 02:00:00
2021-12-01,3,2021,8.17,41.08,25.66,33.26,481.0,2.28,10.29,31.76,14.96,1.252,6.6,2021-12-01 02:00:00
2021-12-02,3,2021,7.88,39.64,26.22,34.14,491.0,2.37,13.44,30.98,14.77,1.127,6.8,2021-12-02 02:00:00
2021-12-03,3,2021,6.38,42.57,23.75,33.68,487.0,2.13,12.72,32.03,15.72,1.137,6.8,2021-12-03 02:00:00
2021-12-04,3,2021,6.83,42.59,21.99,35.42,484.0,2.2,10.52,31.75,13.64,1.083,6.7,2021-12-04 02:00:00
2021-12-05,3,2021,7.06,38.01,23.64,38.35,461.0,1.97,12.6,32.58,14.38,1.177,6.8,2021-12-05 02:00:00
2021-12-06,3,2021,9.69,40.26,25.4,34.34,471.0,2.24,11.43,31.38,13.21,1.101,6.6,2021-12-06 02:00:00
2021-12-07,3,2021,12.63,42.61,23.44,33.95,480.0,2.28,10.09,30.19,14.72,1.177,6.9,2021-12-07 02:00:00
2021-12-08,3,2021,14.27,44.03,23.93,32.04,469.0,2.19,11.5,30.52,13.99,1.111,6.7,2021-12-08 02:00:00
2021-12-09,3,2021,13.72,40.79,26.77,32.44,471.0,2.22,13.85,30.62,14.02,1.1,6.8,2021-12-09 02:00:00
2021-12-10,3,2021,10.73,39.6,24.65,35.75,478.0,2.06,13.42,29.91,13.21,1.062,6.6,2021-12-10 02:00:00
2021-12-11,3,2021,10.34,38.83,24.41,36.76,490.0,2.24,11.29,30.61,14.15,1.136,6.7,2021-12-11 02:00:00
2021-12-12,3,2021,7.03,43.9,24.83,31.27,479.0,2.2,13.52,32.11,14.29,1.146,6.5,2021-12-12 02:00:00
2021-12-13,3,2021,6.44,43.16,23.23,33.61,474.0,2.39,12.31,30.13,14.1,1.091,6.8,2021-12-13 02:00:00
2021-12-14,3,2021,6.28,41.91,21.03,37.06,460.0,2.36,10.73,33.32,13.38,1.065,6.8,2021-12-14 02:00:00
2021-12-15,3,2021,5.1,39.74,24.22,36.04,463.0,2.27,10.43,32.27,14.58,1.197,6.7,2021-12-15 02:00:00
2021-12-16,3,2021,20.15,42.27,24.54,33.19,479.0,2.08,14.55,30.46,13.86,1.073,6.8,2021-12-16 02:00:00
2021-12-17,3,2021,17.57,40.85,23.08,36.07,488.0,2.16,11.52,30.94,14.0,1.118,6.6,2021-12-17 02:00:00
2021-12-18,3,2021,15.15,38.15,27.27,34.58,493.0,2.21,12.76,31.33,14.85,1.12,6.7,2021-12-18 02:00:00
2021-12-19,3,2021,10.97,42.9,23.76,33.34,474.0,2.36,13.37,30.8,14.23,1.121,6.9,2021-12-19 02:00:00
2021-12-20,3,2021,8.83,38.9,23.72,37.38,475.0,2.33,12.43,30.99,13.25,1.161,6.7,2021-12-20 02:00:00
2021-12-21,3,2021,9.44,45.12,23.1,31.78,493.0,2.46,10.36,32.15,14.68,1.215,6.8,2021-12-21 02:00:00
2021-12-22,3,2021,6.86,40.41,24.83,34.76,489.0,2.27,13.04,30.02,13.48,1.237,6.7,2021-12-22 02:00:00
2021-12-23,3,2021,5.0,38.07,23.21,38.72,457.0,2.25,11.67,32.22,14.25,1.044,6.5,2021-12-23 02:00:00
2021-12-24,3,2021,5.0,45.54,24.11,30.35,488.0,2.1,10.22,34.56,13.44,1.22,6.8,2021-12-24 02:00:00
2021-12-25,3,2021,5.0,42.0,21.47,36.53,485.0,2.07,11.58,31.74,13.73,1.247,6.6,2021-12-25 02:00:00
2021-12-26,3,2021,6.8,45.88,23.16,30.96,475.0,2.16,13.21,31.4,15.07,1.196,6.9,2021-12-26 02:00:00
2021-12-27,3,2021,5.0,43.51,23.15,33.34,450.0,2.33,11.39,31.01,12.7,1.162,6.5,2021-12-27 02:00:00
2021-12-28,3,2021,5.09,40.3,25.27,34.43,481.0,2.04,11.87,31.11,15.28,1.139,6.6,2021-12-28 02:00:00
2021-12-29,3,2021,5.0,41.15,28.67,30.18,493.0,2.27,12.44,29.95,13.5,1.173,6.7,2021-12-29 02:00:00
2021-12-30,3,2021,6.9,42.83,24.41,32.76,475.0,2.28,11.09,30.51,13.72,1.282,6.6,2021-12-30 02:00:00
2021-12-31,3,2021,5.35,42.87,22.17,34.96,495.0,2.31,10.33,31.14,13.66,1.099,6.8,2021-12-31 02:00:00
2022-01-01,3,2022,33.39,42.48,22.64,34.88,412.0,2.01,12.23,31.37,13.57,0.872,7.1,2022-01-01 02:00:00
2022-01-02,3,2022,31.42,45.21,25.26,29.53,409.0,2.3,11.32,30.8,13.86,0.836,7.0,2022-01-02 02:00:00
2022-01-03,3,2022,30.75,40.63,21.05,38.32,418.0,2.36,13.06,31.92,12.65,0.757,7.0,2022-01-03 02:00:00
2022-01-04,3,2022,34.04,43.25,21.46,35.29,409.0,2.35,10.78,29.84,13.04,0.902,7.0,2022-01-04 02:00:00
2022-01-05,3,2022,43.61,44.34,24.46,31.2,415.0,2.3,13.02,31.07,15.69,0.843,7.1,2022-01-05 02:00:00
2022-01-06,3,2022,42.09,39.17,24.55,36.28,428.0,1.89,14.33,32.05,13.88,0.733,7.0,2022-01-06 02:00:00
2022-01-07,3,2022,41.0,38.86,26.91,34.23,419.0,2.13,12.36,31.47,15.82,0.823,6.9,2022-01-07 02:00:00
2022-01-08,3,2022,45.0,41.48,24.8,33.72,423.0,2.08,11.98,30.28,13.04,0.81,7.0,2022-01-08 02:00:00
2022-01-09,3,2022,45.0,40.66,22.36,36.98,412.0,2.13,10.93,32.07,14.89,0.839,7.0,2022-01-09 02:00:00
2022-01-10,3,2022,44.54,38.13,26.25,35.62,437.0,2.28,12.82,30.97,13.41,0.787,7.0,2022-01-10 02:00:00
2022-01-11,3,2022,43.67,40.88,24.09,35.03,420.0,2.22,12.3,31.86,15.17,0.805,7.0,2022-01-11 02:00:00
2022-01-12,3,2022,43.5,42.93,26.67,30.4,410.0,2.39,9.42,30.33,14.04,0.785,6.9,2022-01-12 02:00:00
2022-01-13,3,2022,43.34,41.33,25.07,33.6,405.0,2.24,10.12,29.01,12.99,0.877,7.0,2022-01-13 02:00:00
2022-01-14,3,2022,43.07,41.91,24.78,33.31,425.0,2.34,12.88,30.77,13.72,0.772,7.1,2022-01-14 02:00:00
2022-01-15,3,2022,41.84,41.71,23.03,35.26,425.0,2.02,13.09,30.75,13.64,0.833,7.0,2022-01-15 02:00:00
2022-01-16,3,2022,45.0,43.84,24.57,31.59,426.0,2.27,11.39,31.97,14.51,0.857,7.0,2022-01-16 02:00:00
2022-01-17,3,2022,45.0,40.12,26.87,33.01,412.0,2.63,13.41,30.06,13.02,0.792,7.2,2022-01-17 02:00:00
2022-01-18,3,2022,44.7,41.48,24.7,33.82,415.0,2.44,12.48,30.94,13.98,0.895,7.0,2022-01-18 02:00:00
2022-01-19,3,2022,43.34,39.65,23.5,36.85,422.0,2.36,11.85,32.13,13.19,0.711,7.0,2022-01-19 02:00:00
2022-01-20,3,2022,41.94,39.77,23.32,36.91,413.0,2.39,10.32,30.44,14.39,0.784,7.1,2022-01-20 02:00:00
2022-01-21,3,2022,45.0,41.0,22.77,36.23,423.0,2.41,10.78,31.68,15.63,0.774,6.8,2022-01-21 02:00:00
2022-01-22,3,2022,44.26,42.46,21.9,35.64,425.0,2.21,11.3,30.99,13.84,0.788,6.9,2022-01-22 02:00:00
2022-01-23,3,2022,43.6,44.92,23.43,31.65,417.0,2.1,13.13,29.91,14.14,0.848,6.9,2022-01-23 02:00:00
2022-01-24,3,2022,45.0,39.03,24.48,36.49,429.0,2.14,11.6,29.82,13.56,0.859,6.9,2022-01-24 02:00:00
2022-01-25,3,2022,43.88,39.57,21.82,38.61,427.0,2.03,11.67,31.44,14.02,0.788,7.0,2022-01-25 02:00:00
2022-01-26,3,2022,45.0,40.9,22.76,36.34,421.0,2.38,13.0,30.93,14.48,0.806,7.0,2022-01-26 02:00:00
2022-01-27,3,2022,39.87,43.94,21.11,34.95,440.0,2.31,11.82,30.53,13.01,0.864,7.1,2022-01-27 02:00:00
2022-01-28,3,2022,37.79,44.56,21.2,34.24,409.0,2.05,11.14,31.61,14.93,0.87,7.1,2022-01-28 02:00:00
2022-01-29,3,2022,38.32,42.67,23.93,33.4,414.0,2.19,12.49,31.25,14.2,0.833,6.8,2022-01-29 02:00:00
2022-01-30,3,2022,36.54,41.86,25.57,32.57,436.0,2.08,12.13,31.0,13.78,0.825,7.0,2022-01-30 02:00:00
2022-01-31,3,2022,37.25,42.2,23.99,33.81,416.0,2.25,12.17,31.47,14.59,0.787,7.0,2022-01-31 02:00:00
2022-02-01,3,2022,33.95,43.44,23.29,33.27,434.0,2.23,11.63,30.15,12.74,0.9,7.0,2022-02-01 02:00:00
2022-02-02,3,2022,32.07,40.72,25.3,33.98,423.0,2.11,10.8,31.69,14.04,0.793,7.0,2022-02-02 02:00:00
2022-02-03,3,2022,29.4,46.19,23.38,30.43,411.0,2.39,11.85,30.93,14.37,0.711,7.0,2022-02-03 02:00:00
2022-02-04,3,2022,28.81,44.41,25.51,30.08,432.0,2.33,12.05,31.48,13.53,0.844,7.0,2022-02-04 02:00:00
2022-02-05,3,2022,25.73,42.63,21.97,35.4,414.0,2.28,11.46,31.86,14.09,0.884,6.9,2022-02-05 02:00:00
2022-02-06,3,2022,25.12,42.57,24.77,32.66,428.0,1.95,11.53,31.41,13.41,0.851,7.0,2022-02-06 02:00:00
2022-02-07,3,2022,25.16,41.83,22.64,35.53,442.0,2.27,11.21,30.93,15.71,0.838,7.0,2022-02-07 02:00:00
2022-02-08,3,2022,23.32,44.74,24.1,31.16,422.0,2.46,9.08,30.94,13.71,0.765,7.0,2022-02-08 02:00:00
2022-02-09,3,2022,22.92,41.77,24.95,33.28,418.0,2.21,11.48,29.2,14.43,0.817,7.1,2022-02-09 02:00:00
2022-02-10,3,2022,29.71,41.26,25.09,33.65,420.0,2.17,11.13,29.34,14.31,0.859,7.1,2022-02-10 02:00:00
2022-02-11,3,2022,28.15,40.75,24.07,35.18,433.0,2.22,11.84,32.0,14.72,0.885,7.0,2022-02-11 02:00:00
2022-02-12,3,2022,26.49,44.81,24.66,30.53,429.0,2.05,13.27,29.54,15.21,0.863,7.0,2022-02-12 02:00:00
2022-02-13,3,2022,28.3,38.11,27.18,34.71,428.0,2.4,12.17,30.81,12.97,0.792,7.2,2022-02-13 02:00:00
2022-02-14,3,2022,27.89,43.42,23.83,32.75,427.0,2.19,11.44,32.04,13.45,0.903,6.9,2022-02-14 02:00:00
2022-02-15,3,2022,24.09,44.23,21.36,34.41,415.0,2.09,11.51,31.09,14.06,0.805,7.1,2022-02-15 02:00:00
2022-02-16,3,2022,25.75,44.08,25.71,30.21,435.0,2.27,11.62,31.0,14.94,0.877,6.8,2022-02-16 02:00:00
2022-02-17,3,2022,25.07,42.81,21.9,35.29,422.0,2.01,10.82,31.15,14.62,0.815,7.0,2022-02-17 02:00:00
2022-02-18,3,2022,21.96,43.45,25.92,30.63,434.0,2.27,13.71,31.52,14.32,0.807,7.0,2022-02-18 02:00:00
2022-02-19,3,2022,20.51,41.84,25.81,32.35,431.0,2.19,12.91,30.33,13.28,0.782,6.8,2022-02-19 02:00:00
2022-02-20,3,2022,22.78,38.36,25.09,36.55,422.0,2.31,14.75,30.53,14.76,0.804,7.1,2022-02-20 02:00:00
2022-02-21,3,2022,25.72,41.45,27.19,31.36,428.0,2.48,15.63,31.4,13.71,0.886,7.0,2022-02-21 02:00:00
2022-02-22,3,2022,23.85,40.3,22.87,36.83,429.0,2.07,12.51,31.29,14.38,0.869,7.0,2022-02-22 02:00:00
2022-02-23,3,2022,23.55,40.66,25.49,33.85,445.0,1.82,11.34,29.44,13.76,0.818,6.9,2022-02-23 02:00:00
2022-02-24,3,2022,24.37,39.44,24.83,35.73,438.0,2.29,12.48,30.38,12.66,0.891,6.8,2022-02-24 02:00:00
2022-02-25,3,2022,22.63,37.7,22.25,40.05,419.0,2.01,12.07,29.48,12.95,0.842,6.9,2022-02-25 02:00:00
2022-02-26,3,2022,25.95,45.73,22.44,31.83,452.0,2.14,12.76,30.68,15.02,0.913,6.9,2022-02-26 02:00:00
2022-02-27,3,2022,25.03,40.78,27.0,32.22,446.0,2.03,11.3,30.68,13.06,0.933,7.1,2022-02-27 02:00:00
2022-02-28,3,2022,21.43,40.24,24.35,35.41,415.0,2.15,13.29,30.94,13.75,0.81,6.9,2022-02-28 02:00:00
2022-03-01,3,2022,19.2,43.17,24.29,32.54,446.0,2.26,9.09,31.08,14.68,0.839,6.9,2022-03-01 02:00:00
2022-03-02,3,2022,20.03,39.15,24.77,36.08,431.0,2.23,13.03,30.17,14.75,0.806,6.9,2022-03-02 02:00:00
2022-03-03,3,2022,19.54,40.87,24.77,34.36,424.0,2.41,12.34,32.53,14.66,0.827,7.0,2022-03-03 02:00:00
2022-03-04,3,2022,18.84,41.21,21.1,37.69,441.0,2.26,12.07,30.09,14.13,0.788,7.0,2022-03-04 02:00:00
2022-03-05,3,2022,14.79,43.3,25.72,30.98,408.0,1.96,12.56,30.63,14.25,0.851,7.0,2022-03-05 02:00:00
2022-03-06,3,2022,12.41,43.93,26.51,29.56,433.0,2.17,12.78,32.52,13.44,0.782,6.9,2022-03-06 02:00:00
2022-03-07,3,2022,13.02,39.05,25.62,35.33,432.0,2.32,13.01,31.24,13.66,0.904,7.0,2022-03-07 02:00:00
2022-03-08,3,2022,9.35,43.01,23.62,33.37,441.0,2.36,12.95,29.52,12.23,0.849,6.8,2022-03-08 02:00:00
2022-03-09,3,2022,11.51,45.16,24.62,30.22,441.0,2.07,11.48,31.41,13.43,0.917,7.0,2022-03-09 02:00:00
2022-03-10,3,2022,12.05,45.97,22.77,31.26,430.0,2.3,11.24,30.48,15.59,0.814,6.9,2022-03-10 02:00:00
2022-03-11,3,2022,11.97,43.69,22.12,34.19,428.0,2.24,10.73,30.23,14.83,0.87,6.8,2022-03-11 02:00:00
2022-03-12,3,2022,12.97,40.23,22.51,37.26,427.0,2.02,11.39,30.84,13.82,0.894,6.8,2022-03-12 02:00:00
2022-03-13,3,2022,11.25,41.91,24.12,33.97,441.0,2.34,12.34,29.19,14.9,0.88,6.9,2022-03-13 02:00:00
2022-03-14,3,2022,7.64,42.16,26.07,31.77,446.0,2.18,11.38,31.41,13.62,0.907,7.1,2022-03-14 02:00:00
2022-03-15,3,2022,10.78,43.43,26.08,30.49,437.0,2.41,10.45,28.8,13.49,0.934,7.1,2022-03-15 02:00:00
2022-03-16,3,2022,10.12,39.48,23.63,36.89,427.0,2.05,12.98,31.72,15.52,0.889,6.8,2022-03-16 02:00:00
2022-03-17,3,2022,8.17,46.46,27.08,26.46,433.0,2.08,11.38,29.08,13.68,0.876,6.7,2022-03-17 02:00:00
2022-03-18,3,2022,7.08,42.76,23.97,33.27,443.0,2.26,9.24,30.59,13.13,0.89,6.9,2022-03-18 02:00:00
2022-03-19,3,2022,7.49,37.23,21.39,41.38,432.0,2.34,12.49,30.19,13.98,0.824,6.9,2022-03-19 02:00:00
2022-03-20,3,2022,6.17,41.87,27.47,30.66,426.0,2.26,11.25,30.81,14.58,0.85,7.0,2022-03-20 02:00:00
2022-03-21,3,2022,5.34,41.64,23.66,34.7,429.0,2.24,12.24,31.34,13.56,0.893,6.9,2022-03-21 02:00:00
2022-03-22,3,2022,5.56,42.6,22.72,34.68,439.0,2.3,12.01,31.02,14.48,0.887,6.9,2022-03-22 02:00:00
2022-03-23,3,2022,9.13,39.17,25.14,35.69,441.0,2.13,11.27,30.96,14.34,0.928,7.0,2022-03-23 02:00:00
2022-03-24,3,2022,6.48,41.5,27.34,31.16,430.0,1.97,12.66,31.41,13.33,0.825,7.0,2022-03-24 02:00:00
2022-03-25,3,2022,5.73,42.4,23.21,34.39,412.0,2.13,14.08,31.75,14.37,0.88,6.9,2022-03-25 02:00:00
2022-03-26,3,2022,8.01,46.55,26.08,27.37,453.0,2.02,11.95,31.34,13.33,0.827,6.9,2022-03-26 02:00:00
2022-03-27,3,2022,5.24,42.39,23.34,34.27,435.0,2.26,12.49,30.72,14.28,0.906,6.7,2022-03-27 02:00:00
2022-03-28,3,2022,5.69,42.5,24.4,33.1,420.0,2.18,11.11,32.2,12.62,0.849,6.7,2022-03-28 02:00:00
2022-03-29,3,2022,5.0,42.8,25.62,31.58,436.0,1.9,11.77,31.1,14.23,0.919,7.0,2022-03-29 02:00:00
2022-03-30,3,2022,5.25,43.43,21.01,35.56,440.0,2.07,12.73,31.21,14.09,0.75,7.1,2022-03-30 02:00:00
2022-03-31,3,2022,5.0,43.89,22.37,33.74,442.0,2.35,14.25,32.28,13.68,0.867,7.0,2022-03-31 02:00:00
2022-04-01,3,2022,5.0,43.59,22.34,34.07,451.0,2.29,10.08,32.5,14.46,0.823,6.9,2022-04-01 02:00:00
2022-04-02,3,2022,5.68,40.64,23.56,35.8,422.0,2.09,13.49,32.2,11.73,0.854,7.1,2022-04-02 02:00:00
2022-04-03,3,2022,6.14,46.1,26.14,27.76,435.0,2.25,11.33,32.04,15.24,0.879,6.9,2022-04-03 02:00:00
2022-04-04,3,2022,13.76,40.94,22.54,36.52,431.0,2.16,11.72,30.5,13.81,0.94,6.9,2022-04-04 02:00:00
2022-04-05,3,2022,11.73,44.56,21.16,34.28,438.0,2.37,13.02,31.15,14.2,0.849,7.1,2022-04-05 02:00:00
2022-04-06,3,2022,9.61,40.12,25.03,34.85,443.0,2.29,11.11,31.59,14.66,0.878,6.8,2022-04-06 02:00:00
2022-04-07,3,2022,6.14,43.72,23.88,32.4,419.0,2.34,11.78,30.53,15.48,0.897,6.9,2022-04-07 02:00:00
2022-04-08,3,2022,6.25,44.66,25.74,29.6,438.0,2.32,10.93,31.2,14.61,0.906,6.9,2022-04-08 02:00:00
2022-04-09,3,2022,5.0,40.6,24.05,35.35,436.0,1.95,10.71,32.6,15.19,0.857,6.9,2022-04-09 02:00:00
2022-04-10,3,2022,10.38,46.05,23.98,29.97,444.0,2.28,15.05,31.57,14.53,0.856,7.0,2022-04-10 02:00:00
2022-04-11,3,2022,8.22,43.73,22.74,33.53,420.0,2.12,10.59,29.05,13.05,0.847,6.8,2022-04-11 02:00:00
2022-04-12,3,2022,7.25,39.73,24.2,36.07,434.0,2.24,12.27,31.05,13.12,0.85,6.9,2022-04-12 02:00:00
2022-04-13,3,2022,5.98,40.06,22.86,37.08,440.0,2.1,10.59,29.63,13.54,0.873,6.8,2022-04-13 02:00:00
2022-04-14,3,2022,10.88,43.82,24.66,31.52,453.0,2.16,11.54,32.05,13.75,0.903,7.0,2022-04-14 02:00:00
2022-04-15,3,2022,15.92,41.62,23.39,34.99,419.0,1.98,12.08,31.01,13.88,0.883,6.7,2022-04-15 02:00:00
2022-04-16,3,2022,21.97,39.93,21.39,38.68,448.0,2.15,10.47,30.37,14.38,0.891,6.9,2022-04-16 02:00:00
2022-04-17,3,2022,22.84,41.35,23.83,34.82,434.0,2.27,11.54,30.12,14.59,0.861,6.8,2022-04-17 02:00:00
2022-04-18,3,2022,20.3,39.58,24.05,36.37,446.0,2.15,11.21,32.82,15.17,0.948,6.9,2022-04-18 02:00:00
2022-04-19,3,2022,18.24,42.55,23.65,33.8,445.0,2.21,13.34,30.1,13.46,0.88,6.8,2022-04-19 02:00:00
2022-04-20,3,2022,18.35,47.8,24.52,27.68,425.0,2.25,11.04,29.82,13.99,0.841,6.9,2022-04-20 02:00:00
2022-04-21,3,2022,18.56,40.4,22.9,36.7,429.0,2.14,13.7,31.97,14.91,0.867,6.8,2022-04-21 02:00:00
2022-04-22,3,2022,20.25,44.39,22.57,33.04,434.0,2.19,12.89,30.99,13.51,0.957,7.0,2022-04-22 02:00:00
2022-04-23,3,2022,14.96,42.88,24.4,32.72,439.0,2.16,11.01,30.5,14.68,0.854,6.9,2022-04-23 02:00:00
2022-04-24,3,2022,14.83,39.03,22.07,38.9,453.0,2.13,11.48,31.95,13.18,0.842,6.9,2022-04-24 02:00:00
2022-04-25,3,2022,13.37,43.35,26.64,30.01,427.0,2.18,11.07,29.61,12.53,0.902,6.9,2022-04-25 02:00:00
2022-04-26,3,2022,22.6,45.74,24.77,29.49,433.0,2.48,10.76,30.73,12.75,1.0,6.9,2022-04-26 02:00:00
2022-04-27,3,2022,17.09,39.72,24.72,35.56,435.0,2.24,11.95,31.05,12.91,0.883,6.9,2022-04-27 02:00:00
2022-04-28,3,2022,13.7,40.9,22.22,36.88,432.0,2.12,11.76,29.83,13.37,0.904,6.8,2022-04-28 02:00:00
2022-04-29,3,2022,14.38,43.38,23.7,32.92,458.0,2.18,11.27,30.36,14.31,0.959,6.9,2022-04-29 02:00:00
2022-04-30,3,2022,12.71,39.73,24.03,36.24,426.0,2.23,11.4,30.74,14.59,0.924,6.9,2022-04-30 02:00:00
2022-05-01,3,2022,12.54,39.97,23.82,36.21,452.0,2.12,11.33,31.05,13.73,0.824,7.0,2022-05-01 02:00:00
2022-05-02,3,2022,6.24,40.42,22.92,36.66,443.0,2.38,12.37,31.06,14.7,0.886,6.9,2022-05-02 02:00:00
2022-05-03,3,2022,7.8,43.63,23.73,32.64,433.0,2.39,11.5,30.55,13.48,0.987,7.0,2022-05-03 02:00:00
2022-05-04,3,2022,6.23,40.49,24.33,35.18,444.0,2.33,12.13,31.59,14.77,0.866,6.8,2022-05-04 02:00:00
2022-05-05,3,2022,5.28,40.29,23.32,36.39,431.0,2.15,11.6,31.31,13.65,0.999,7.0,2022-05-05 02:00:00
2022-05-06,3,2022,12.27,43.43,25.44,31.13,458.0,2.43,11.84,30.74,13.08,0.875,6.8,2022-05-06 02:00:00
2022-05-07,3,2022,7.59,41.99,23.65,34.36,441.0,2.26,12.26,30.75,14.8,0.942,7.1,2022-05-07 02:00:00
2022-05-08,3,2022,7.36,43.22,24.56,32.22,425.0,2.3,10.84,30.04,14.37,0.944,6.9,2022-05-08 02:00:00
2022-05-09,3,2022,6.05,43.62,22.71,33.67,459.0,2.03,13.42,30.05,14.41,0.946,6.6,2022-05-09 02:00:00
2022-05-10,3,2022,5.0,40.38,24.89,34.73,442.0,2.16,11.87,30.77,13.77,0.854,6.8,2022-05-10 02:00:00
2022-05-11,3,2022,5.0,41.33,24.44,34.23,448.0,2.13,10.77,29.62,13.28,0.968,7.0,2022-05-11 02:00:00
2022-05-12,3,2022,5.0,40.69,23.27,36.04,439.0,2.01,12.3,29.94,14.71,0.986,6.8,2022-05-12 02:00:00
2022-05-13,3,2022,8.54,44.07,23.22,32.71,453.0,2.18,11.93,29.91,13.63,0.891,6.9,2022-05-13 02:00:00
2022-05-14,3,2022,5.0,47.13,26.25,26.62,435.0,2.18,11.82,31.72,14.51,0.883,7.0,2022-05-14 02:00:00
2022-05-15,3,2022,6.02,39.48,21.28,39.24,439.0,2.29,11.74,31.71,14.04,0.922,6.9,2022-05-15 02:00:00
2022-05-16,3,2022,11.72,40.66,27.21,32.13,453.0,2.42,12.25,31.73,13.83,0.836,7.0,2022-05-16 02:00:00
2022-05-17,3,2022,20.77,39.09,23.86,37.05,442.0,2.17,14.28,31.28,14.09,0.841,6.7,2022-05-17 02:00:00
2022-05-18,3,2022,16.7,46.47,23.59,29.94,421.0,2.16,13.17,30.32,14.85,0.906,6.7,2022-05-18 02:00:00
2022-05-19,3,2022,17.83,42.21,24.98,32.81,452.0,2.4,11.92,30.27,13.8,0.973,7.0,2022-05-19 02:00:00
2022-05-20,3,2022,19.33,44.77,26.43,28.8,421.0,2.29,12.89,31.5,14.92,1.014,7.0,2022-05-20 02:00:00
2022-05-21,3,2022,18.73,41.41,24.96,33.63,434.0,2.07,12.37,31.39,13.87,0.941,7.1,2022-05-21 02:00:00
2022-05-22,3,2022,17.79,42.92,20.83,36.25,451.0,2.15,10.38,32.49,14.81,0.962,7.0,2022-05-22 02:00:00
2022-05-23,3,2022,16.73,40.6,24.54,34.86,448.0,2.19,13.81,31.6,12.89,0.933,6.8,2022-05-23 02:00:00
2022-05-24,3,2022,19.49,42.22,25.08,32.7,442.0,2.29,12.28,30.96,14.05,0.913,6.8,2022-05-24 02:00:00
2022-05-25,3,2022,17.99,42.28,23.01,34.71,449.0,2.23,14.13,30.39,13.73,0.955,6.8,2022-05-25 02:00:00
2022-05-26,3,2022,21.78,37.18,24.37,38.45,451.0,2.16,11.05,29.62,14.89,0.943,6.7,2022-05-26 02:00:00
2022-05-27,3,2022,23.53,43.99,25.97,30.04,439.0,2.19,12.65,30.81,14.15,0.943,6.8,2022-05-27 02:00:00
2022-05-28,3,2022,18.8,41.87,21.75,36.38,458.0,2.23,13.2,29.48,13.69,0.941,6.9,2022-05-28 02:00:00
2022-05-29,3,2022,24.47,38.43,25.67,35.9,442.0,2.05,12.94,31.22,13.82,1.008,6.7,2022-05-29 02:00:00
2022-05-30,3,2022,24.7,41.67,25.06,33.27,447.0,2.21,12.91,30.97,14.6,0.926,6.8,2022-05-30 02:00:00
2022-05-31,3,2022,21.95,46.25,22.75,31.0,444.0,2.16,12.2,30.28,13.58,0.924,6.8,2022-05-31 02:00:00
2022-06-01,3,2022,23.25,43.2,23.08,33.72,444.0,2.37,12.07,32.12,15.08,0.97,6.8,2022-06-01 02:00:00
2022-06-02,3,2022,21.89,41.25,24.01,34.74,452.0,2.27,11.74,31.24,13.96,0.951,6.9,2022-06-02 02:00:00
2022-06-03,3,2022,24.71,41.84,21.85,36.31,444.0,1.99,11.11,31.98,13.76,1.024,6.9,2022-06-03 02:00:00
2022-06-04,3,2022,29.09,41.97,24.5,33.53,448.0,2.2,10.79,31.17,14.49,0.959,6.9,2022-06-04 02:00:00
2022-06-05,3,2022,30.13,43.64,24.24,32.12,452.0,2.09,11.15,29.9,14.08,0.934,6.9,2022-06-05 02:00:00
2022-06-06,3,2022,27.49,42.75,23.69,33.56,463.0,2.27,11.27,30.4,13.97,0.972,7.0,2022-06-06 02:00:00
2022-06-07,3,2022,26.65,40.62,22.6,36.78,450.0,2.13,11.59,31.4,14.42,1.025,6.8,2022-06-07 02:00:00
2022-06-08,3,2022,31.88,41.87,23.7,34.43,461.0,2.16,11.91,32.72,13.93,0.96,6.9,2022-06-08 02:00:00
2022-06-09,3,2022,30.57,38.96,22.45,38.59,455.0,2.34,12.6,31.92,13.15,0.968,7.0,2022-06-09 02:00:00
2022-06-10,3,2022,31.11,41.08,24.66,34.26,461.0,2.22,12.23,29.71,16.06,1.05,7.1,2022-06-10 02:00:00
2022-06-11,3,2022,28.03,44.54,23.71,31.75,440.0,2.27,12.25,30.34,12.63,0.96,6.9,2022-06-11 02:00:00
2022-06-12,3,2022,25.7,42.25,23.17,34.58,453.0,2.17,12.41,32.36,15.02,0.944,7.0,2022-06-12 02:00:00
2022-06-13,3,2022,24.01,41.05,26.68,32.27,445.0,2.0,11.38,31.73,13.87,0.937,6.8,2022-06-13 02:00:00
2022-06-14,3,2022,23.51,40.66,22.94,36.4,441.0,2.25,11.54,29.72,12.64,1.015,7.1,2022-06-14 02:00:00
2022-06-15,3,2022,22.83,41.17,26.59,32.24,439.0,2.03,12.82,29.97,13.34,0.905,6.7,2022-06-15 02:00:00
2022-06-16,3,2022,24.0,42.17,25.04,32.79,454.0,2.28,13.42,30.24,14.1,0.934,6.7,2022-06-16 02:00:00
2022-06-17,3,2022,20.88,42.71,21.08,36.21,448.0,2.06,13.68,30.56,15.74,0.982,6.8,2022-06-17 02:00:00
2022-06-18,3,2022,17.49,44.6,24.8,30.6,452.0,2.17,11.56,30.94,13.22,0.908,6.8,2022-06-18 02:00:00
2022-06-19,3,2022,16.28,41.03,23.65,35.32,459.0,2.38,11.41,30.31,14.18,0.986,6.9,2022-06-19 02:00:00
2022-06-20,3,2022,14.94,42.23,24.36,33.41,446.0,2.31,12.87,29.57,14.95,0.996,7.0,2022-06-20 02:00:00
2022-06-21,3,2022,8.18,43.42,22.65,33.93,439.0,2.01,11.15,31.91,13.53,0.869,6.8,2022-06-21 02:00:00
2022-06-22,3,2022,7.42,40.77,25.81,33.42,438.0,2.28,11.88,29.79,15.01,0.97,7.0,2022-06-22 02:00:00
2022-06-23,3,2022,5.0,41.96,23.14,34.9,443.0,2.01,11.52,30.38,14.37,0.854,6.7,2022-06-23 02:00:00
2022-06-24,3,2022,5.22,41.21,24.91,33.88,437.0,2.12,12.76,31.96,13.92,0.872,6.8,2022-06-24 02:00:00
2022-06-25,3,2022,5.75,41.68,24.03,34.29,447.0,2.21,10.7,32.47,13.99,1.064,6.9,2022-06-25 02:00:00
2022-06-26,3,2022,7.83,39.87,25.22,34.91,447.0,2.25,11.53,29.84,13.83,0.9,6.9,2022-06-26 02:00:00
2022-06-27,3,2022,7.49,44.17,24.58,31.25,446.0,2.38,11.41,30.98,13.91,0.987,6.8,2022-06-27 02:00:00
2022-06-28,3,2022,5.0,39.74,22.87,37.39,448.0,2.2,12.55,32.32,13.31,0.929,6.9,2022-06-28 02:00:00
2022-06-29,3,2022,6.05,42.71,21.48,35.81,450.0,2.34,12.41,32.62,13.82,0.972,6.9,2022-06-29 02:00:00
2022-06-30,3,2022,5.62,42.7,22.27,35.03,442.0,2.07,11.14,33.28,13.37,0.94,6.9,2022-06-30 02:00:00
2022-07-01,3,2022,6.13,39.59,24.93,35.48,445.0,2.04,9.86,29.63,13.97,0.944,6.9,2022-07-01 02:00:00
2022-07-02,3,2022,5.0,39.18,25.35,35.47,462.0,2.04,12.21,29.89,13.76,0.927,6.8,2022-07-02 02:00:00
2022-07-03,3,2022,6.16,43.59,22.36,34.05,445.0,2.17,11.54,30.89,13.68,1.019,6.9,2022-07-03 02:00:00
2022-07-04,3,2022,5.0,42.1,23.07,34.83,439.0,2.01,12.07,31.34,14.17,0.978,6.9,2022-07-04 02:00:00
2022-07-05,3,2022,10.91,39.81,26.31,33.88,447.0,2.13,13.31,32.13,13.93,0.992,6.9,2022-07-05 02:00:00
2022-07-06,3,2022,9.41,39.43,24.19,36.38,460.0,1.92,12.04,32.37,13.98,0.907,6.6,2022-07-06 02:00:00
2022-07-07,3,2022,7.87,43.54,23.08,33.38,454.0,2.39,11.6,31.6,13.58,0.966,6.9,2022-07-07 02:00:00
2022-07-08,3,2022,5.39,38.85,23.61,37.54,445.0,1.95,14.13,32.47,13.76,0.934,6.8,2022-07-08 02:00:00
2022-07-09,3,2022,10.57,38.16,26.25,35.59,462.0,2.26,11.6,29.89,13.34,0.965,6.8,2022-07-09 02:00:00
2022-07-10,3,2022,7.39,41.99,23.46,34.55,444.0,1.91,11.82,31.51,15.44,0.918,6.9,2022-07-10 02:00:00
2022-07-11,3,2022,8.18,42.9,22.45,34.65,447.0,2.42,9.95,29.47,14.14,1.006,6.8,2022-07-11 02:00:00
2022-07-12,3,2022,13.96,42.42,23.83,33.75,456.0,2.03,9.58,32.48,14.81,1.081,6.8,2022-07-12 02:00:00
2022-07-13,3,2022,12.17,43.08,25.03,31.89,454.0,2.26,9.81,29.27,13.65,0.958,6.9,2022-07-13 02:00:00
2022-07-14,3,2022,8.5,40.98,21.36,37.66,457.0,2.19,12.5,32.73,14.91,0.967,6.9,2022-07-14 02:00:00
2022-07-15,3,2022,6.67,39.13,23.04,37.83,448.0,2.16,13.22,31.96,13.75,0.932,6.6,2022-07-15 02:00:00
2022-07-16,3,2022,7.66,45.99,23.76,30.25,442.0,2.11,12.59,32.38,13.11,1.051,6.9,2022-07-16 02:00:00
2022-07-17,3,2022,6.93,40.77,22.33,36.9,458.0,2.17,13.09,32.7,12.13,1.055,7.0,2022-07-17 02:00:00
2022-07-18,3,2022,6.68,44.72,27.03,28.25,470.0,2.18,10.78,30.72,15.11,0.965,6.9,2022-07-18 02:00:00
2022-07-19,3,2022,5.0,43.42,24.47,32.11,444.0,2.36,11.4,31.5,14.0,0.953,6.8,2022-07-19 02:00:00
2022-07-20,3,2022,5.0,40.9,23.98,35.12,463.0,2.18,12.01,31.94,14.4,0.965,6.8,2022-07-20 02:00:00
2022-07-21,3,2022,6.18,44.51,24.02,31.47,451.0,2.25,12.34,30.4,13.84,1.042,6.7,2022-07-21 02:00:00
2022-07-22,3,2022,5.33,40.0,21.97,38.03,456.0,2.25,11.36,31.51,15.1,0.973,6.7,2022-07-22 02:00:00
2022-07-23,3,2022,5.0,43.24,23.46,33.3,465.0,2.07,10.84,29.04,14.12,0.997,6.7,2022-07-23 02:00:00
2022-07-24,3,2022,5.93,42.08,23.38,34.54,463.0,2.1,11.83,30.95,14.25,0.936,6.8,2022-07-24 02:00:00
2022-07-25,3,2022,5.37,40.36,24.48,35.16,443.0,2.1,13.44,30.87,14.6,0.934,6.8,2022-07-25 02:00:00
2022-07-26,3,2022,7.99,39.83,26.59,33.58,442.0,1.98,10.4,31.56,13.5,1.018,6.9,2022-07-26 02:00:00
2022-07-27,3,2022,5.0,43.1,22.8,34.1,457.0,2.22,11.15,28.73,14.37,1.049,6.9,2022-07-27 02:00:00
2022-07-28,3,2022,5.0,44.28,24.49,31.23,464.0,2.23,12.15,30.21,13.8,1.022,7.0,2022-07-28 02:00:00
2022-07-29,3,2022,9.92,42.11,22.47,35.42,454.0,2.29,12.13,30.99,13.46,1.01,6.8,2022-07-29 02:00:00
2022-07-30,3,2022,6.31,43.15,23.73,33.12,458.0,2.13,10.94,31.44,14.68,0.936,6.8,2022-07-30 02:00:00
2022-07-31,3,2022,10.24,42.98,24.87,32.15,454.0,2.16,11.29,32.74,13.01,1.066,7.0,2022-07-31 02:00:00
2022-08-01,3,2022,8.95,44.27,22.82,32.91,461.0,2.11,11.74,30.63,14.51,1.063,6.7,2022-08-01 02:00:00
2022-08-02,3,2022,6.98,43.97,19.81,36.22,439.0,2.31,13.59,31.84,13.64,0.981,6.7,2022-08-02 02:00:00
2022-08-03,3,2022,6.57,44.61,26.59,28.8,435.0,2.23,11.25,32.29,13.62,1.037,6.7,2022-08-03 02:00:00
2022-08-04,3,2022,11.38,44.98,24.95,30.07,458.0,2.06,11.73,30.86,14.11,1.045,6.8,2022-08-04 02:00:00
2022-08-05,3,2022,17.61,41.99,23.89,34.12,447.0,2.25,12.51,31.87,14.62,0.993,6.8,2022-08-05 02:00:00
2022-08-06,3,2022,18.27,43.54,24.23,32.23,451.0,2.37,12.91,31.65,14.23,1.034,6.7,2022-08-06 02:00:00
2022-08-07,3,2022,20.16,43.95,24.63,31.42,465.0,2.33,12.42,30.75,13.34,0.965,6.9,2022-08-07 02:00:00
2022-08-08,3,2022,22.11,42.99,24.19,32.82,452.0,2.14,11.05,31.6,15.29,1.096,6.7,2022-08-08 02:00:00
2022-08-09,3,2022,20.53,40.14,23.14,36.72,444.0,2.31,11.95,31.79,14.0,0.952,6.8,2022-08-09 02:00:00
2022-08-10,3,2022,15.05,42.42,21.4,36.18,451.0,2.03,12.8,31.67,14.16,1.056,6.7,2022-08-10 02:00:00
2022-08-11,3,2022,17.0,40.3,22.6,37.1,467.0,2.33,13.14,30.71,14.57,0.957,6.8,2022-08-11 02:00:00
2022-08-12,3,2022,14.16,43.66,24.04,32.3,458.0,1.84,10.91,29.39,12.06,1.026,6.7,2022-08-12 02:00:00
2022-08-13,3,2022,14.52,44.46,23.01,32.53,473.0,2.31,13.02,32.28,13.26,0.876,7.1,2022-08-13 02:00:00
2022-08-14,3,2022,13.45,41.76,23.35,34.89,446.0,2.18,11.55,30.03,13.53,0.993,6.8,2022-08-14 02:00:00
2022-08-15,3,2022,16.51,41.77,24.05,34.18,449.0,2.39,14.76,29.99,13.22,0.997,6.7,2022-08-15 02:00:00
2022-08-16,3,2022,11.36,39.62,25.44,34.94,448.0,2.29,12.04,32.03,14.0,1.037,6.8,2022-08-16 02:00:00
2022-08-17,3,2022,13.05,44.91,25.0,30.09,458.0,1.94,13.13,31.91,13.94,1.062,6.7,2022-08-17 02:00:00
2022-08-18,3,2022,10.5,40.85,23.71,35.44,460.0,2.07,11.85,31.81,13.59,1.159,6.8,2022-08-18 02:00:00
2022-08-19,3,2022,8.89,43.77,25.33,30.9,461.0,1.85,11.93,32.5,12.74,0.991,6.7,2022-08-19 02:00:00
2022-08-20,3,2022,8.32,40.16,23.62,36.22,446.0,2.22,10.24,30.28,13.88,1.021,6.8,2022-08-20 02:00:00
2022-08-21,3,2022,5.0,39.09,23.07,37.84,460.0,1.93,11.24,31.06,13.51,1.061,6.8,2022-08-21 02:00:00
2022-08-22,3,2022,5.83,41.33,25.42,33.25,460.0,2.1,10.08,29.32,14.17,1.048,6.8,2022-08-22 02:00:00
2022-08-23,3,2022,5.86,41.38,26.05,32.57,461.0,2.22,11.83,31.41,14.31,1.052,6.8,2022-08-23 02:00:00
2022-08-24,3,2022,5.0,44.79,24.8,30.41,456.0,2.07,11.62,30.16,12.98,1.089,6.9,2022-08-24 02:00:00
2022-08-25,3,2022,5.15,44.64,24.19,31.17,469.0,2.16,10.46,32.37,14.2,1.098,6.8,2022-08-25 02:00:00
2022-08-26,3,2022,5.49,39.67,25.42,34.91,467.0,2.16,14.23,30.48,13.85,1.026,6.7,2022-08-26 02:00:00
2022-08-27,3,2022,5.0,42.32,23.96,33.72,454.0,2.28,10.47,30.85,13.75,1.025,6.8,2022-08-27 02:00:00
2022-08-28,3,2022,5.0,42.49,24.5,33.01,445.0,2.13,12.39,31.04,13.23,1.043,6.7,2022-08-28 02:00:00
2022-08-29,3,2022,5.0,44.6,24.33,31.07,461.0,2.15,12.42,31.85,14.28,1.048,6.8,2022-08-29 02:00:00
2022-08-30,3,2022,5.12,42.45,24.93,32.62,460.0,2.13,12.45,30.01,13.64,0.971,6.9,2022-08-30 02:00:00
2022-08-31,3,2022,5.0,38.36,24.58,37.06,462.0,2.17,12.26,31.63,13.52,1.078,6.8,2022-08-31 02:00:00
2022-09-01,3,2022,5.0,44.98,23.68,31.34,465.0,2.39,14.37,29.64,13.59,1.009,6.8,2022-09-01 02:00:00
2022-09-02,3,2022,5.21,41.69,23.3,35.01,445.0,2.03,13.38,29.78,14.89,0.978,6.7,2022-09-02 02:00:00
2022-09-03,3,2022,5.76,41.37,23.54,35.09,475.0,2.14,11.12,30.94,13.69,1.021,6.9,2022-09-03 02:00:00
2022-09-04,3,2022,6.28,40.05,23.59,36.36,476.0,2.29,10.27,29.82,14.08,1.049,6.7,2022-09-04 02:00:00
2022-09-05,3,2022,5.92,39.46,25.76,34.78,455.0,2.45,12.26,32.0,13.4,1.102,6.8,2022-09-05 02:00:00
2022-09-06,3,2022,5.8,40.99,23.69,35.32,473.0,2.28,10.39,30.97,12.83,1.055,7.0,2022-09-06 02:00:00
2022-09-07,3,2022,7.12,40.68,21.29,38.03,484.0,2.33,11.25,32.12,13.86,1.002,6.8,2022-09-07 02:00:00
2022-09-08,3,2022,5.0,46.25,22.39,31.36,463.0,1.97,12.95,31.45,13.34,0.98,6.8,2022-09-08 02:00:00
2022-09-09,3,2022,6.83,40.88,27.04,32.08,462.0,2.32,12.16,29.54,14.77,0.988,6.8,2022-09-09 02:00:00
2022-09-10,3,2022,5.0,43.45,22.94,33.61,472.0,2.21,8.78,30.94,14.76,1.038,6.8,2022-09-10 02:00:00
2022-09-11,3,2022,5.0,42.65,21.51,35.84,482.0,2.11,11.99,28.19,15.87,1.034,6.8,2022-09-11 02:00:00
2022-09-12,3,2022,5.0,38.89,21.78,39.33,458.0,2.4,11.69,32.51,13.43,1.031,6.8,2022-09-12 02:00:00
2022-09-13,3,2022,5.0,43.88,25.65,30.47,467.0,2.2,11.74,30.79,15.58,1.055,6.8,2022-09-13 02:00:00
2022-09-14,3,2022,5.0,40.71,23.06,36.23,461.0,2.09,10.41,30.47,14.17,1.062,6.8,2022-09-14 02:00:00
2022-09-15,3,2022,5.0,38.17,23.46,38.37,465.0,2.2,11.78,31.63,13.22,0.997,6.7,2022-09-15 02:00:00
2022-09-16,3,2022,5.0,44.65,24.76,30.59,456.0,2.29,11.54,31.09,14.14,1.079,6.7,2022-09-16 02:00:00
2022-09-17,3,2022,7.37,37.43,23.32,39.25,469.0,2.43,10.86,32.14,13.95,1.05,6.7,2022-09-17 02:00:00
2022-09-18,3,2022,5.0,40.74,25.88,33.38,487.0,2.19,13.21,29.34,13.29,1.061,6.7,2022-09-18 02:00:00
2022-09-19,3,2022,5.3,45.3,25.05,29.65,460.0,2.25,10.69,29.25,13.19,1.083,6.7,2022-09-19 02:00:00
2022-09-20,3,2022,5.0,43.0,25.42,31.58,458.0,2.39,11.56,32.07,14.6,1.045,6.4,2022-09-20 02:00:00
2022-09-21,3,2022,5.0,41.85,24.57,33.58,460.0,2.05,12.3,29.17,15.38,1.156,6.9,2022-09-21 02:00:00
2022-09-22,3,2022,5.69,43.13,22.35,34.52,467.0,2.16,13.82,29.17,12.97,1.024,6.7,2022-09-22 02:00:00
2022-09-23,3,2022,5.79,43.39,23.99,32.62,458.0,2.25,12.27,29.47,12.47,1.099,6.7,2022-09-23 02:00:00
2022-09-24,3,2022,6.02,42.91,26.09,31.0,481.0,2.22,11.66,31.33,13.92,1.061,6.8,2022-09-24 02:00:00
2022-09-25,3,2022,6.19,38.37,19.94,41.69,479.0,2.02,13.14,30.1,14.32,1.05,6.7,2022-09-25 02:00:00
2022-09-26,3,2022,5.0,42.49,22.23,35.28,463.0,2.23,12.55,32.25,13.8,1.05,6.8,2022-09-26 02:00:00
2022-09-27,3,2022,5.0,40.74,22.74,36.52,457.0,2.37,10.96,28.91,14.07,1.055,6.9,2022-09-27 02:00:00
2022-09-28,3,2022,10.94,44.14,23.3,32.56,461.0,2.09,12.15,32.07,14.55,1.059,6.9,2022-09-28 02:00:00
2022-09-29,3,2022,12.36,41.61,24.08,34.31,475.0,2.12,12.7,31.53,14.67,1.05,6.8,2022-09-29 02:00:00
2022-09-30,3,2022,10.89,40.47,24.85,34.68,482.0,2.17,12.76,29.67,15.07,1.004,6.7,2022-09-30 02:00:00
2022-10-01,3,2022,10.62,40.45,26.08,33.47,474.0,2.21,12.44,30.58,14.6,0.994,6.6,2022-10-01 02:00:00
2022-10-02,3,2022,7.72,45.35,24.62,30.03,462.0,2.34,12.96,30.26,15.18,1.084,6.7,2022-10-02 02:00:00
2022-10-03,3,2022,5.07,42.21,25.15,32.64,461.0,2.22,13.81,30.65,14.3,1.09,6.8,2022-10-03 02:00:00
2022-10-04,3,2022,6.05,38.9,23.18,37.92,450.0,2.01,12.37,29.65,13.94,1.059,6.9,2022-10-04 02:00:00
2022-10-05,3,2022,5.0,42.36,24.8,32.84,463.0,2.23,12.07,30.96,13.58,1.107,6.8,2022-10-05 02:00:00
2022-10-06,3,2022,5.0,42.67,25.61,31.72,468.0,2.33,12.53,30.96,13.3,1.161,6.5,2022-10-06 02:00:00
2022-10-07,3,2022,5.0,40.24,22.59,37.17,477.0,2.41,9.78,30.66,13.21,1.088,6.8,2022-10-07 02:00:00
2022-10-08,3,2022,5.82,40.26,23.41,36.33,487.0,2.02,12.81,30.72,13.57,1.042,6.7,2022-10-08 02:00:00
2022-10-09,3,2022,5.0,43.77,23.33,32.9,466.0,2.25,14.59,31.42,14.67,1.084,6.8,2022-10-09 02:00:00
2022-10-10,3,2022,5.0,42.28,23.2,34.52,458.0,2.53,11.07,29.33,14.53,1.052,6.6,2022-10-10 02:00:00
2022-10-11,3,2022,5.68,41.63,22.34,36.03,474.0,2.22,11.01,32.11,15.07,1.036,6.8,2022-10-11 02:00:00
2022-10-12,3,2022,5.0,45.44,23.06,31.5,459.0,2.18,9.78,30.22,13.16,1.083,6.8,2022-10-12 02:00:00
2022-10-13,3,2022,7.17,39.21,25.3,35.49,472.0,2.33,9.6,30.93,13.17,1.105,6.7,2022-10-13 02:00:00
2022-10-14,3,2022,5.53,42.13,22.14,35.73,486.0,2.08,12.17,31.3,14.81,1.074,6.7,2022-10-14 02:00:00
2022-10-15,3,2022,5.0,40.61,25.05,34.34,468.0,2.44,12.87,31.72,15.4,1.071,6.8,2022-10-15 02:00:00
2022-10-16,3,2022,5.58,44.06,22.74,33.2,479.0,1.94,11.57,32.33,14.31,1.129,6.8,2022-10-16 02:00:00
2022-10-17,3,2022,5.14,44.04,21.77,34.19,459.0,2.24,13.0,30.3,13.39,1.05,6.8,2022-10-17 02:00:00
2022-10-18,3,2022,5.0,45.93,22.29,31.78,458.0,2.1,11.13,30.57,13.45,1.113,6.8,2022-10-18 02:00:00
2022-10-19,3,2022,5.0,39.75,24.59,35.66,460.0,2.35,12.43,32.13,13.92,1.056,6.7,2022-10-19 02:00:00
2022-10-20,3,2022,5.0,41.48,22.53,35.99,464.0,2.01,12.06,30.73,14.71,1.12,6.7,2022-10-20 02:00:00
2022-10-21,3,2022,9.02,40.09,23.14,36.77,466.0,2.23,10.05,32.48,14.66,1.121,6.8,2022-10-21 02:00:00
2022-10-22,3,2022,5.0,41.44,24.98,33.58,478.0,1.96,13.1,31.75,14.59,1.108,6.9,2022-10-22 02:00:00
2022-10-23,3,2022,5.52,40.37,24.25,35.38,485.0,2.2,13.53,30.45,13.7,1.121,6.8,2022-10-23 02:00:00
2022-10-24,3,2022,5.0,39.42,23.64,36.94,466.0,2.24,11.61,30.19,15.05,1.134,6.9,2022-10-24 02:00:00
2022-10-25,3,2022,5.0,40.11,23.19,36.7,463.0,2.05,15.12,30.4,13.59,1.092,6.7,2022-10-25 02:00:00
2022-10-26,3,2022,5.78,42.69,23.57,33.74,466.0,2.13,12.71,30.95,13.24,1.103,6.6,2022-10-26 02:00:00
2022-10-27,3,2022,7.34,40.73,20.18,39.09,476.0,2.34,13.1,31.98,12.71,1.109,6.5,2022-10-27 02:00:00
2022-10-28,3,2022,5.53,40.38,27.68,31.94,446.0,2.11,11.37,31.11,14.55,1.008,6.9,2022-10-28 02:00:00
2022-10-29,3,2022,5.0,40.63,23.09,36.28,471.0,2.36,11.24,30.81,15.3,1.088,6.7,2022-10-29 02:00:00
2022-10-30,3,2022,5.0,42.0,25.46,32.54,477.0,1.91,11.8,31.76,14.58,1.079,6.9,2022-10-30 02:00:00
2022-10-31,3,2022,6.15,40.02,23.31,36.67,478.0,2.15,11.09,30.53,13.36,1.167,6.8,2022-10-31 02:00:00
2022-11-01,3,2022,5.0,40.9,23.55,35.55,472.0,2.17,12.66,30.63,14.83,1.052,6.7,2022-11-01 02:00:00
2022-11-02,3,2022,5.0,41.61,22.96,35.43,472.0,1.96,12.02,30.02,14.09,1.111,6.7,2022-11-02 02:00:00
2022-11-03,3,2022,5.0,37.46,23.43,39.11,464.0,2.18,10.15,31.33,13.63,1.015,6.8,2022-11-03 02:00:00
2022-11-04,3,2022,9.8,41.99,24.74,33.27,476.0,2.33,9.64,32.13,13.31,1.065,6.8,2022-11-04 02:00:00
2022-11-05,3,2022,7.74,41.0,24.3,34.7,478.0,2.3,11.16,30.3,14.6,1.076,6.8,2022-11-05 02:00:00
2022-11-06,3,2022,7.3,41.3,25.62,33.08,464.0,2.28,13.13,30.27,14.69,1.19,7.0,2022-11-06 02:00:00
2022-11-07,3,2022,8.94,41.19,25.48,33.33,474.0,1.95,13.07,31.57,14.49,1.047,6.9,2022-11-07 02:00:00
2022-11-08,3,2022,5.66,41.71,24.72,33.57,453.0,2.28,13.71,30.91,14.29,1.088,6.7,2022-11-08 02:00:00
2022-11-09,3,2022,5.0,42.33,23.19,34.48,480.0,2.09,12.61,30.84,13.51,1.095,6.8,2022-11-09 02:00:00
2022-11-10,3,2022,5.0,40.26,23.09,36.65,457.0,2.37,15.92,31.15,13.93,1.119,6.6,2022-11-10 02:00:00
2022-11-11,3,2022,5.65,41.84,23.48,34.68,466.0,2.21,10.75,30.54,13.01,1.169,6.4,2022-11-11 02:00:00
2022-11-12,3,2022,5.41,39.62,23.3,37.08,467.0,2.2,10.73,31.4,14.11,1.05,6.8,2022-11-12 02:00:00
2022-11-13,3,2022,5.07,39.0,22.73,38.27,471.0,2.43,13.0,29.95,12.88,1.113,6.8,2022-11-13 02:00:00
2022-11-14,3,2022,5.87,42.19,18.88,38.93,471.0,2.04,13.43,31.32,15.77,1.144,6.9,2022-11-14 02:00:00
2022-11-15,3,2022,7.68,43.3,26.39,30.31,481.0,2.18,11.66,31.37,14.69,1.129,6.8,2022-11-15 02:00:00
2022-11-16,3,2022,10.61,42.46,22.75,34.79,472.0,2.1,11.51,33.16,12.74,1.134,6.8,2022-11-16 02:00:00
2022-11-17,3,2022,13.04,42.32,25.23,32.45,467.0,2.34,13.19,30.26,12.22,1.147,6.8,2022-11-17 02:00:00
2022-11-18,3,2022,13.79,43.14,24.9,31.96,466.0,1.74,13.22,31.34,13.66,1.148,6.6,2022-11-18 02:00:00
2022-11-19,3,2022,12.2,43.49,21.87,34.64,455.0,2.04,12.16,32.2,14.25,1.076,6.7,2022-11-19 02:00:00
2022-11-20,3,2022,10.09,40.12,23.83,36.05,478.0,2.17,13.15,29.23,12.87,1.086,6.9,2022-11-20 02:00:00
2022-11-21,3,2022,10.47,43.84,24.79,31.37,484.0,2.15,8.26,31.35,14.7,1.164,6.6,2022-11-21 02:00:00
2022-11-22,3,2022,6.05,40.16,22.87,36.97,477.0,2.01,13.55,31.16,14.13,1.156,6.7,2022-11-22 02:00:00
2022-11-23,3,2022,9.73,44.53,24.32,31.15,447.0,2.37,11.15,30.29,13.07,1.118,6.7,2022-11-23 02:00:00
2022-11-24,3,2022,7.34,41.55,26.73,31.72,478.0,2.14,10.2,31.07,12.91,1.155,6.7,2022-11-24 02:00:00
2022-11-25,3,2022,5.47,39.59,23.91,36.5,481.0,2.1,11.12,30.83,13.12,1.11,6.8,2022-11-25 02:00:00
2022-11-26,3,2022,5.6,43.97,24.19,31.84,504.0,2.24,13.69,30.85,13.2,1.128,7.0,2022-11-26 02:00:00
2022-11-27,3,2022,5.0,42.86,24.13,33.01,480.0,2.37,11.86,31.81,14.23,1.142,6.8,2022-11-27 02:00:00
2022-11-28,3,2022,5.0,41.3,26.3,32.4,490.0,2.28,10.97,32.31,14.28,1.198,6.9,2022-11-28 02:00:00
2022-11-29,3,2022,5.0,43.81,26.06,30.13,481.0,2.07,11.59,29.16,13.95,1.063,6.8,2022-11-29 02:00:00
2022-11-30,3,2022,5.0,41.74,23.06,35.2,480.0,2.13,12.07,31.29,14.27,1.096,6.6,2022-11-30 02:00:00
2022-12-01,3,2022,5.0,42.85,23.55,33.6,469.0,2.38,12.25,31.22,12.77,1.078,6.7,2022-12-01 02:00:00
2022-12-02,3,2022,5.93,45.68,24.63,29.69,476.0,2.28,12.76,30.31,13.72,1.101,6.8,2022-12-02 02:00:00
2022-12-03,3,2022,5.0,40.31,22.57,37.12,481.0,2.45,11.55,30.58,14.79,1.11,6.6,2022-12-03 02:00:00
2022-12-04,3,2022,5.0,39.89,24.17,35.94,476.0,2.28,14.0,29.19,14.72,1.169,6.7,2022-12-04 02:00:00
2022-12-05,3,2022,5.26,41.25,24.92,33.83,465.0,2.42,11.08,31.26,15.09,1.085,6.7,2022-12-05 02:00:00
2022-12-06,3,2022,5.0,42.75,25.25,32.0,477.0,2.21,11.8,32.75,13.57,1.151,6.7,2022-12-06 02:00:00
2022-12-07,3,2022,7.15,46.25,24.06,29.69,489.0,2.45,12.88,31.75,14.05,1.112,6.7,2022-12-07 02:00:00
2022-12-08,3,2022,9.68,43.29,24.93,31.78,479.0,2.55,11.93,32.55,13.48,1.192,6.6,2022-12-08 02:00:00
2022-12-09,3,2022,16.89,44.81,23.78,31.41,478.0,2.08,11.47,29.2,14.1,1.144,6.7,2022-12-09 02:00:00
2022-12-10,3,2022,13.78,38.94,24.02,37.04,469.0,2.59,11.14,30.49,13.24,1.135,6.6,2022-12-10 02:00:00
2022-12-11,3,2022,10.37,43.65,23.78,32.57,484.0,2.26,11.77,31.17,12.89,1.133,6.7,2022-12-11 02:00:00
2022-12-12,3,2022,21.11,40.84,24.01,35.15,477.0,2.47,13.51,31.76,13.38,1.108,6.9,2022-12-12 02:00:00
2022-12-13,3,2022,25.9,43.05,23.22,33.73,480.0,2.43,12.02,30.63,13.69,1.081,6.8,2022-12-13 02:00:00
2022-12-14,3,2022,24.74,40.85,23.17,35.98,475.0,2.38,9.59,29.53,12.05,1.08,6.6,2022-12-14 02:00:00
2022-12-15,3,2022,25.21,40.34,22.86,36.8,461.0,2.16,13.11,29.33,13.64,1.14,6.6,2022-12-15 02:00:00
2022-12-16,3,2022,24.83,43.86,28.12,28.02,475.0,2.01,11.95,30.6,13.39,1.085,6.7,2022-12-16 02:00:00
2022-12-17,3,2022,27.84,37.67,24.5,37.83,482.0,2.2,12.45,30.96,14.43,1.131,6.6,2022-12-17 02:00:00
2022-12-18,3,2022,22.25,42.77,23.2,34.03,495.0,2.26,10.38,30.73,13.18,1.103,6.7,2022-12-18 02:00:00
2022-12-19,3,2022,23.91,43.04,24.52,32.44,479.0,2.4,12.19,32.58,13.24,1.071,6.7,2022-12-19 02:00:00
2022-12-20,3,2022,21.44,44.66,25.47,29.87,478.0,1.84,12.5,30.25,12.85,1.23,6.6,2022-12-20 02:00:00
2022-12-21,3,2022,19.22,42.98,23.95,33.07,485.0,1.84,14.47,32.11,14.42,1.185,6.6,2022-12-21 02:00:00
2022-12-22,3,2022,15.28,43.0,24.53,32.47,480.0,1.93,12.5,30.33,13.83,1.13,6.6,2022-12-22 02:00:00
2022-12-23,3,2022,13.48,40.94,21.11,37.95,474.0,2.2,13.47,30.17,15.74,1.112,6.7,2022-12-23 02:00:00
2022-12-24,3,2022,13.39,40.3,27.8,31.9,487.0,2.32,12.7,30.38,13.06,1.061,6.6,2022-12-24 02:00:00
2022-12-25,3,2022,11.89,38.32,23.31,38.37,487.0,2.0,11.67,29.62,13.88,1.047,6.8,2022-12-25 02:00:00
2022-12-26,3,2022,9.35,42.75,22.68,34.57,486.0,2.33,11.78,29.83,13.01,1.162,6.6,2022-12-26 02:00:00
2022-12-27,3,2022,12.93,41.64,22.48,35.88,482.0,2.28,10.94,31.95,15.54,1.153,6.6,2022-12-27 02:00:00
2022-12-28,3,2022,9.93,43.93,21.19,34.88,492.0,2.27,13.96,30.65,14.06,1.149,6.6,2022-12-28 02:00:00
2022-12-29,3,2022,7.55,41.61,23.4,34.99,471.0,2.08,10.86,30.93,15.03,1.1,6.6,2022-12-29 02:00:00
2022-12-30,3,2022,5.44,40.14,24.14,35.72,488.0,2.38,10.78,30.64,13.92,1.082,6.6,2022-12-30 02:00:00
2022-12-31,3,2022,6.59,43.13,23.91,32.96,472.0,2.13,10.97,30.87,14.98,1.202,6.8,2022-12-31 02:00:00
2020-01-02,4,2020,33.77,43.28,23.21,33.51,397.0,2.15,11.54,30.08,13.45,0.803,7.1,2020-01-02 02:00:00
2020-01-03,4,2020,36.54,40.74,23.84,35.42,432.0,2.31,12.56,31.02,13.56,0.784,7.0,2020-01-03 02:00:00
2020-01-04,4,2020,35.91,41.42,22.55,36.03,422.0,2.02,14.56,31.56,14.94,0.75,7.1,2020-01-04 02:00:00
2020-01-05,4,2020,35.66,40.21,21.01,38.78,422.0,2.25,13.44,30.0,13.47,0.832,6.9,2020-01-05 02:00:00
2020-01-06,4,2020,36.92,40.66,22.72,36.62,415.0,2.15,11.65,32.77,14.92,0.858,7.0,2020-01-06 02:00:00
2020-01-07,4,2020,35.39,44.26,24.54,31.2,420.0,2.11,12.23,31.57,14.56,0.785,7.2,2020-01-07 02:00:00
2020-01-08,4,2020,33.92,41.19,24.93,33.88,426.0,2.13,10.0,30.93,13.13,0.809,6.8,2020-01-08 02:00:00
2020-01-09,4,2020,35.6,39.99,23.38,36.63,444.0,2.29,13.35,30.3,13.16,0.835,7.1,2020-01-09 02:00:00
2020-01-10,4,2020,31.96,42.45,24.09,33.46,411.0,1.9,11.93,31.7,12.85,0.887,7.0,2020-01-10 02:00:00
2020-01-11,4,2020,33.0,45.34,23.14,31.52,430.0,2.34,11.02,29.71,12.73,0.843,7.2,2020-01-11 02:00:00
2020-01-12,4,2020,34.94,40.94,22.07,36.99,413.0,2.33,9.5,30.68,13.3,0.802,7.0,2020-01-12 02:00:00
2020-01-13,4,2020,33.12,41.3,26.44,32.26,432.0,2.17,11.81,32.11,13.83,0.759,7.1,2020-01-13 02:00:00
2020-01-14,4,2020,31.01,40.76,21.61,37.63,421.0,2.09,12.74,30.44,15.04,0.816,7.0,2020-01-14 02:00:00
2020-01-15,4,2020,29.65,42.47,24.23,33.3,428.0,2.34,12.63,31.01,14.23,0.825,6.9,2020-01-15 02:00:00
2020-01-16,4,2020,28.29,41.6,24.11,34.29,425.0,2.12,12.75,30.48,13.16,0.865,7.0,2020-01-16 02:00:00
2020-01-17,4,2020,29.66,40.26,22.31,37.43,431.0,2.17,10.83,30.17,13.5,0.785,7.1,2020-01-17 02:00:00
2020-01-18,4,2020,29.58,43.62,25.62,30.76,424.0,2.26,14.1,32.0,13.37,0.797,6.9,2020-01-18 02:00:00
2020-01-19,4,2020,28.25,40.23,23.15,36.62,419.0,2.11,12.09,32.41,14.07,0.862,6.9,2020-01-19 02:00:00
2020-01-20,4,2020,31.45,45.81,24.49,29.7,432.0,2.14,13.11,28.43,13.04,0.845,7.1,2020-01-20 02:00:00
2020-01-21,4,2020,29.72,45.4,24.77,29.83,415.0,2.2,11.45,30.01,16.47,0.795,7.1,2020-01-21 02:00:00
2020-01-22,4,2020,29.34,42.74,24.1,33.16,432.0,2.09,11.56,29.66,15.44,0.867,6.9,2020-01-22 02:00:00
2020-01-23,4,2020,30.3,45.24,23.95,30.81,443.0,2.11,13.13,32.41,13.77,0.728,7.0,2020-01-23 02:00:00
2020-01-24,4,2020,32.45,41.38,22.05,36.57,420.0,1.94,12.55,31.13,13.79,0.832,6.8,2020-01-24 02:00:00
2020-01-25,4,2020,28.21,42.61,25.78,31.61,421.0,2.33,12.99,30.6,13.94,0.815,6.9,2020-01-25 02:00:00
2020-01-26,4,2020,29.96,38.64,25.2,36.16,415.0,2.22,11.47,30.26,14.11,0.759,6.9,2020-01-26 02:00:00
2020-01-27,4,2020,28.96,46.02,25.24,28.74,437.0,2.11,11.15,32.06,15.07,0.801,7.0,2020-01-27 02:00:00
2020-01-28,4,2020,30.88,44.87,24.71,30.42,444.0,2.13,12.47,32.13,14.68,0.736,6.9,2020-01-28 02:00:00
2020-01-29,4,2020,37.34,44.06,24.52,31.42,431.0,1.94,12.66,30.25,14.31,0.894,7.0,2020-01-29 02:00:00
2020-01-30,4,2020,36.87,39.96,24.69,35.35,427.0,2.31,12.05,32.66,14.71,0.817,6.9,2020-01-30 02:00:00
2020-01-31,4,2020,40.77,41.36,21.82,36.82,416.0,2.0,9.61,30.75,14.69,0.744,6.8,2020-01-31 02:00:00
2020-02-01,4,2020,38.8,43.72,23.56,32.72,418.0,2.38,12.68,30.44,14.4,0.873,6.9,2020-02-01 02:00:00
2020-02-02,4,2020,36.38,42.5,23.76,33.74,419.0,2.16,12.97,32.24,13.74,0.808,7.0,2020-02-02 02:00:00
2020-02-03,4,2020,40.33,39.27,25.16,35.57,431.0,2.26,11.01,31.26,11.92,0.872,6.8,2020-02-03 02:00:00
2020-02-04,4,2020,44.48,39.5,23.9,36.6,419.0,1.91,10.7,32.8,13.91,0.853,7.0,2020-02-04 02:00:00
2020-02-05,4,2020,41.66,42.55,23.74,33.71,438.0,2.45,11.67,30.94,13.43,0.812,7.1,2020-02-05 02:00:00
2020-02-06,4,2020,42.42,41.94,22.22,35.84,423.0,2.11,12.7,30.84,15.63,0.785,6.9,2020-02-06 02:00:00
2020-02-07,4,2020,41.32,41.49,21.84,36.67,425.0,2.2,11.69,30.09,14.16,0.85,7.1,2020-02-07 02:00:00
2020-02-08,4,2020,39.16,44.01,24.16,31.83,426.0,2.06,13.55,29.96,14.62,0.849,7.1,2020-02-08 02:00:00
2020-02-09,4,2020,45.0,41.48,21.98,36.54,429.0,2.36,13.35,34.11,13.76,0.839,7.0,2020-02-09 02:00:00
2020-02-10,4,2020,42.57,44.32,21.45,34.23,437.0,2.17,13.45,30.38,13.12,0.872,7.1,2020-02-10 02:00:00
2020-02-11,4,2020,43.8,40.58,24.04,35.38,431.0,2.21,12.92,31.34,14.17,0.852,6.9,2020-02-11 02:00:00
2020-02-12,4,2020,42.31,39.79,24.28,35.93,421.0,2.35,11.65,28.85,13.32,0.794,7.1,2020-02-12 02:00:00
2020-02-13,4,2020,44.77,40.12,21.34,38.54,448.0,2.3,10.86,31.31,13.29,0.832,6.9,2020-02-13 02:00:00
2020-02-14,4,2020,44.98,43.45,25.21,31.34,408.0,2.24,11.93,30.72,15.48,0.793,7.0,2020-02-14 02:00:00
2020-02-15,4,2020,44.67,40.56,25.83,33.61,435.0,2.23,13.82,31.98,14.92,0.818,7.2,2020-02-15 02:00:00
2020-02-16,4,2020,45.0,43.68,21.57,34.75,414.0,2.08,13.81,31.16,14.37,0.697,6.8,2020-02-16 02:00:00
2020-02-17,4,2020,43.53,42.35,24.2,33.45,429.0,2.06,12.95,31.67,13.44,0.836,6.9,2020-02-17 02:00:00
2020-02-18,4,2020,41.07,43.48,20.61,35.91,433.0,2.17,12.64,32.18,13.7,0.808,7.1,2020-02-18 02:00:00
2020-02-19,4,2020,40.68,41.06,24.7,34.24,435.0,2.07,13.64,30.41,15.01,0.82,7.0,2020-02-19 02:00:00
2020-02-20,4,2020,43.37,44.1,23.9,32.0,430.0,2.41,11.53,29.39,14.46,0.784,7.0,2020-02-20 02:00:00
2020-02-21,4,2020,43.63,40.76,22.56,36.68,419.0,2.25,11.31,31.6,13.31,0.83,7.0,2020-02-21 02:00:00
2020-02-22,4,2020,41.5,39.85,22.54,37.61,412.0,2.42,10.41,29.35,14.43,0.733,6.9,2020-02-22 02:00:00
2020-02-23,4,2020,43.15,41.51,24.16,34.33,444.0,2.36,9.89,30.11,13.61,0.846,7.0,2020-02-23 02:00:00
2020-02-24,4,2020,41.67,44.08,24.89,31.03,444.0,2.51,11.75,29.66,12.48,0.923,6.9,2020-02-24 02:00:00
2020-02-25,4,2020,40.06,40.62,24.09,35.29,422.0,2.28,12.76,30.92,15.88,0.764,7.0,2020-02-25 02:00:00
2020-02-26,4,2020,40.0,38.13,24.79,37.08,429.0,2.23,10.08,33.44,14.22,0.835,6.8,2020-02-26 02:00:00
2020-02-27,4,2020,41.87,40.15,25.79,34.06,431.0,2.31,12.07,32.73,14.89,0.887,7.0,2020-02-27 02:00:00
2020-02-28,4,2020,40.37,38.13,24.32,37.55,437.0,2.0,12.92,30.86,13.55,0.892,6.9,2020-02-28 02:00:00
2020-02-29,4,2020,38.63,41.75,24.56,33.69,446.0,2.27,14.09,31.42,14.41,0.885,7.0,2020-02-29 02:00:00
2020-03-01,4,2020,39.53,43.02,24.28,32.7,433.0,2.21,10.1,30.27,14.98,0.948,7.0,2020-03-01 02:00:00
2020-03-02,4,2020,38.97,38.03,21.46,40.51,424.0,1.98,13.28,32.65,13.02,0.868,6.8,2020-03-02 02:00:00
2020-03-03,4,2020,36.87,43.96,25.98,30.06,420.0,2.2,12.29,29.89,12.9,0.879,6.8,2020-03-03 02:00:00
2020-03-04,4,2020,34.25,42.5,22.84,34.66,432.0,2.13,11.33,30.42,13.82,0.83,7.0,2020-03-04 02:00:00
2020-03-05,4,2020,33.86,43.02,24.13,32.85,418.0,1.82,12.92,30.39,14.67,0.797,7.1,2020-03-05 02:00:00
2020-03-06,4,2020,32.03,43.52,27.46,29.02,430.0,2.15,11.98,29.1,15.36,0.95,7.0,2020-03-06 02:00:00
2020-03-07,4,2020,29.52,40.42,22.51,37.07,439.0,2.09,10.78,30.67,14.93,0.87,7.0,2020-03-07 02:00:00
2020-03-08,4,2020,31.53,42.61,25.48,31.91,434.0,1.98,10.42,31.76,15.27,0.818,6.8,2020-03-08 02:00:00
2020-03-09,4,2020,32.85,37.8,24.31,37.89,425.0,2.27,9.63,31.21,14.07,0.857,6.9,2020-03-09 02:00:00
2020-03-10,4,2020,29.63,47.08,20.89,32.03,432.0,2.23,10.56,30.69,14.68,0.95,7.0,2020-03-10 02:00:00
2020-03-11,4,2020,28.5,41.51,24.53,33.96,440.0,2.3,12.04,32.04,15.3,0.942,6.7,2020-03-11 02:00:00
2020-03-12,4,2020,25.88,38.87,24.52,36.61,429.0,2.26,11.0,29.72,14.44,0.909,6.9,2020-03-12 02:00:00
2020-03-13,4,2020,23.8,42.06,24.99,32.95,431.0,2.21,12.25,32.71,13.46,0.933,7.0,2020-03-13 02:00:00
2020-03-14,4,2020,23.59,42.13,24.7,33.17,418.0,2.17,11.92,32.35,12.31,0.872,6.9,2020-03-14 02:00:00
2020-03-15,4,2020,24.53,38.68,24.8,36.52,415.0,2.17,11.8,30.35,13.23,0.868,7.1,2020-03-15 02:00:00
2020-03-16,4,2020,22.79,39.28,22.95,37.77,457.0,2.34,12.57,30.8,12.89,0.881,6.9,2020-03-16 02:00:00
2020-03-17,4,2020,19.51,43.38,25.03,31.59,418.0,2.23,12.73,30.95,14.4,0.971,6.9,2020-03-17 02:00:00
2020-03-18,4,2020,20.66,40.89,22.94,36.17,440.0,2.27,11.47,29.78,13.92,0.92,6.9,2020-03-18 02:00:00
2020-03-19,4,2020,23.99,42.6,25.83,31.57,451.0,2.14,10.31,29.53,13.92,0.852,6.9,2020-03-19 02:00:00
2020-03-20,4,2020,24.1,40.39,22.16,37.45,429.0,2.28,10.8,33.4,14.01,0.882,7.1,2020-03-20 02:00:00
2020-03-21,4,2020,23.38,39.59,21.78,38.63,435.0,2.16,13.06,30.52,14.16,0.822,7.1,2020-03-21 02:00:00
2020-03-22,4,2020,20.19,42.67,25.08,32.25,422.0,2.09,10.68,32.11,12.58,0.894,6.8,2020-03-22 02:00:00
2020-03-23,4,2020,23.01,43.24,24.1,32.66,432.0,2.06,11.23,31.39,13.3,0.878,6.8,2020-03-23 02:00:00
2020-03-24,4,2020,23.69,43.89,24.08,32.03,442.0,2.14,12.45,31.77,13.08,0.856,6.8,2020-03-24 02:00:00
2020-03-25,4,2020,26.64,44.12,24.83,31.05,422.0,2.19,12.72,32.23,13.72,0.811,6.9,2020-03-25 02:00:00
2020-03-26,4,2020,21.76,41.76,24.57,33.67,436.0,1.98,10.51,31.3,14.99,0.948,7.1,2020-03-26 02:00:00
2020-03-27,4,2020,25.13,41.53,24.84,33.63,439.0,2.1,10.54,32.0,13.72,0.917,7.0,2020-03-27 02:00:00
2020-03-28,4,2020,20.68,43.71,24.73,31.56,430.0,2.34,11.11,30.33,13.91,0.858,6.9,2020-03-28 02:00:00
2020-03-29,4,2020,18.19,46.03,24.42,29.55,429.0,2.39,11.8,30.13,14.02,0.895,6.9,2020-03-29 02:00:00
2020-03-30,4,2020,17.12,41.74,25.71,32.55,438.0,2.07,11.18,32.0,14.14,0.902,6.9,2020-03-30 02:00:00
2020-03-31,4,2020,14.98,39.61,23.09,37.3,418.0,1.96,13.31,30.68,13.81,0.98,7.0,2020-03-31 02:00:00
2020-04-01,4,2020,16.84,44.14,23.45,32.41,440.0,2.14,11.27,30.96,13.04,0.864,6.9,2020-04-01 02:00:00
2020-04-02,4,2020,25.37,41.56,21.72,36.72,445.0,2.04,11.99,30.8,13.66,0.913,6.8,2020-04-02 02:00:00
2020-04-03,4,2020,23.69,42.89,24.48,32.63,430.0,2.29,11.98,30.27,13.77,0.901,6.9,2020-04-03 02:00:00
2020-04-04,4,2020,28.84,42.29,25.29,32.42,426.0,2.08,12.21,29.92,13.09,0.916,6.9,2020-04-04 02:00:00
2020-04-05,4,2020,27.59,45.93,24.24,29.83,452.0,2.43,12.14,30.93,13.92,0.862,7.1,2020-04-05 02:00:00
2020-04-06,4,2020,26.77,42.83,24.37,32.8,444.0,2.26,13.49,30.13,12.89,0.824,7.0,2020-04-06 02:00:00
2020-04-07,4,2020,29.12,42.56,23.28,34.16,452.0,2.38,9.97,31.79,13.32,0.883,7.0,2020-04-07 02:00:00
2020-04-08,4,2020,32.11,45.17,26.05,28.78,439.0,2.31,12.42,30.26,13.32,0.871,6.9,2020-04-08 02:00:00
2020-04-09,4,2020,29.32,43.07,26.27,30.66,448.0,2.27,10.65,31.85,12.72,0.875,6.9,2020-04-09 02:00:00
2020-04-10,4,2020,24.76,40.92,22.43,36.65,447.0,2.26,13.43,29.19,12.44,0.896,6.9,2020-04-10 02:00:00
2020-04-11,4,2020,23.51,41.46,26.36,32.18,439.0,2.34,12.46,30.96,15.48,0.94,6.8,2020-04-11 02:00:00
2020-04-12,4,2020,26.32,41.1,23.3,35.6,431.0,2.47,11.49,31.36,13.88,0.848,6.7,2020-04-12 02:00:00
2020-04-13,4,2020,23.87,43.07,25.76,31.17,447.0,2.19,12.66,32.17,12.46,0.956,6.7,2020-04-13 02:00:00
2020-04-14,4,2020,24.54,40.91,24.87,34.22,429.0,2.26,10.96,31.14,13.89,0.914,6.9,2020-04-14 02:00:00
2020-04-15,4,2020,22.45,43.8,24.59,31.61,438.0,2.06,13.23,31.95,14.8,0.851,6.9,2020-04-15 02:00:00
2020-04-16,4,2020,18.81,41.75,22.89,35.36,434.0,2.25,11.98,32.28,15.32,0.843,6.9,2020-04-16 02:00:00
2020-04-17,4,2020,20.49,42.54,23.04,34.42,442.0,2.29,10.11,31.25,14.58,0.853,7.1,2020-04-17 02:00:00
2020-04-18,4,2020,21.72,48.71,24.33,26.96,429.0,1.96,12.35,29.85,13.7,0.848,7.0,2020-04-18 02:00:00
2020-04-19,4,2020,21.61,41.83,23.12,35.05,435.0,2.16,12.79,30.66,13.02,0.969,6.9,2020-04-19 02:00:00
2020-04-20,4,2020,20.05,41.26,22.36,36.38,452.0,2.25,12.46,31.82,12.67,0.894,6.8,2020-04-20 02:00:00
2020-04-21,4,2020,19.14,40.58,23.92,35.5,444.0,2.01,13.09,30.61,12.7,0.989,6.8,2020-04-21 02:00:00
2020-04-22,4,2020,16.18,41.03,21.22,37.75,454.0,2.3,10.91,31.27,13.96,0.891,6.9,2020-04-22 02:00:00
2020-04-23,4,2020,13.79,41.71,26.01,32.28,450.0,2.23,10.47,30.46,12.91,0.911,7.1,2020-04-23 02:00:00
2020-04-24,4,2020,22.14,41.78,23.9,34.32,433.0,2.26,11.28,28.33,13.22,0.981,7.0,2020-04-24 02:00:00
2020-04-25,4,2020,22.81,43.06,22.34,34.6,429.0,2.08,11.44,30.73,13.97,0.869,6.9,2020-04-25 02:00:00
2020-04-26,4,2020,25.42,40.65,24.11,35.24,460.0,2.23,11.31,31.34,12.56,0.894,7.0,2020-04-26 02:00:00
2020-04-27,4,2020,25.24,41.42,23.85,34.73,433.0,2.09,10.75,31.06,12.82,0.941,6.9,2020-04-27 02:00:00
2020-04-28,4,2020,26.41,40.85,25.79,33.36,424.0,2.22,11.42,31.09,13.45,0.811,7.1,2020-04-28 02:00:00
2020-04-29,4,2020,23.13,40.25,24.87,34.88,446.0,2.13,11.67,31.56,13.86,0.892,6.9,2020-04-29 02:00:00
2020-04-30,4,2020,22.1,42.8,21.11,36.09,439.0,2.25,11.82,30.55,17.07,0.946,6.9,2020-04-30 02:00:00
2020-05-01,4,2020,23.82,40.05,21.72,38.23,427.0,2.21,11.61,31.65,15.28,0.895,7.0,2020-05-01 02:00:00
2020-05-02,4,2020,24.53,42.92,24.47,32.61,455.0,2.21,12.9,32.86,13.88,0.876,6.9,2020-05-02 02:00:00
2020-05-03,4,2020,22.83,42.87,21.67,35.46,442.0,2.34,12.45,28.63,13.22,0.968,6.7,2020-05-03 02:00:00
2020-05-04,4,2020,21.55,46.58,24.6,28.82,442.0,2.21,12.12,31.75,14.87,0.91,7.0,2020-05-04 02:00:00
2020-05-05,4,2020,19.11,42.69,26.26,31.05,452.0,2.26,11.72,29.91,12.5,0.857,6.9,2020-05-05 02:00:00
2020-05-06,4,2020,21.02,42.28,22.72,35.0,434.0,2.03,10.51,29.51,13.22,0.83,7.1,2020-05-06 02:00:00
2020-05-07,4,2020,21.0,42.54,23.26,34.2,428.0,2.07,13.19,30.18,13.46,0.871,7.0,2020-05-07 02:00:00
2020-05-08,4,2020,21.23,44.9,24.0,31.1,447.0,2.25,12.36,31.52,14.07,0.933,6.9,2020-05-08 02:00:00
2020-05-09,4,2020,15.95,42.79,24.23,32.98,447.0,2.56,10.91,31.11,14.57,0.884,7.0,2020-05-09 02:00:00
2020-05-10,4,2020,15.48,44.19,22.97,32.84,429.0,2.14,9.96,31.12,13.92,0.955,7.0,2020-05-10 02:00:00
2020-05-11,4,2020,13.91,43.98,24.86,31.16,443.0,2.18,11.79,30.96,13.5,0.883,7.1,2020-05-11 02:00:00
2020-05-12,4,2020,12.89,39.23,23.81,36.96,444.0,2.06,10.98,31.61,14.45,0.96,6.8,2020-05-12 02:00:00
2020-05-13,4,2020,15.17,42.68,21.78,35.54,461.0,2.13,11.07,30.84,12.62,0.87,6.7,2020-05-13 02:00:00
2020-05-14,4,2020,18.35,41.79,26.07,32.14,452.0,1.9,12.08,32.15,14.31,0.876,7.0,2020-05-14 02:00:00
2020-05-15,4,2020,17.65,40.26,25.32,34.42,438.0,2.1,11.72,30.57,13.68,0.99,6.9,2020-05-15 02:00:00
2020-05-16,4,2020,15.46,44.32,20.22,35.46,437.0,2.31,10.76,31.25,14.57,0.953,6.8,2020-05-16 02:00:00
2020-05-17,4,2020,16.7,44.42,19.99,35.59,448.0,2.4,10.35,31.5,13.49,0.917,6.9,2020-05-17 02:00:00
2020-05-18,4,2020,11.91,43.79,26.48,29.73,440.0,2.2,13.3,30.91,14.54,0.855,7.0,2020-05-18 02:00:00
2020-05-19,4,2020,10.11,42.34,21.55,36.11,449.0,2.16,10.38,30.67,14.24,0.867,6.8,2020-05-19 02:00:00
2020-05-20,4,2020,10.72,40.05,22.94,37.01,457.0,2.14,11.98,31.81,14.45,0.911,6.9,2020-05-20 02:00:00
2020-05-21,4,2020,13.55,39.8,23.16,37.04,456.0,2.34,13.52,28.87,13.15,0.943,6.9,2020-05-21 02:00:00
2020-05-22,4,2020,14.19,40.36,23.74,35.9,465.0,2.09,11.48,30.6,12.63,0.896,6.9,2020-05-22 02:00:00
2020-05-23,4,2020,10.06,40.2,23.21,36.59,433.0,1.87,10.53,31.38,14.96,0.89,6.8,2020-05-23 02:00:00
2020-05-24,4,2020,7.11,42.53,23.49,33.98,436.0,2.14,10.41,31.01,13.98,0.874,7.0,2020-05-24 02:00:00
2020-05-25,4,2020,8.49,38.13,24.75,37.12,450.0,2.08,10.91,31.11,15.13,0.96,7.0,2020-05-25 02:00:00
2020-05-26,4,2020,8.22,42.77,23.29,33.94,441.0,2.39,11.94,31.23,13.45,0.92,7.0,2020-05-26 02:00:00
2020-05-27,4,2020,9.47,41.71,26.34,31.95,439.0,2.09,11.95,32.44,13.45,0.914,6.8,2020-05-27 02:00:00
2020-05-28,4,2020,6.16,43.02,23.16,33.82,449.0,2.29,10.81,32.32,12.68,0.916,6.8,2020-05-28 02:00:00
2020-05-29,4,2020,10.5,41.27,23.89,34.84,454.0,2.09,12.25,31.54,13.7,0.942,6.7,2020-05-29 02:00:00
2020-05-30,4,2020,11.29,42.28,26.78,30.94,437.0,2.22,11.45,31.93,13.9,1.026,7.0,2020-05-30 02:00:00
2020-05-31,4,2020,8.21,43.27,25.32,31.41,453.0,2.16,10.65,31.25,13.96,0.94,6.9,2020-05-31 02:00:00
2020-06-01,4,2020,9.0,39.91,25.95,34.14,440.0,2.53,12.06,31.22,14.18,0.936,6.8,2020-06-01 02:00:00
2020-06-02,4,2020,5.0,44.3,22.3,33.4,461.0,2.29,12.47,33.47,13.64,0.868,7.0,2020-06-02 02:00:00
2020-06-03,4,2020,6.73,44.25,24.0,31.75,442.0,2.13,12.43,33.29,15.04,1.025,6.7,2020-06-03 02:00:00
2020-06-04,4,2020,11.15,44.4,22.71,32.89,441.0,2.25,12.16,29.01,12.25,0.879,6.8,2020-06-04 02:00:00
2020-06-05,4,2020,8.85,39.79,23.7,36.51,446.0,2.1,11.57,31.56,14.57,0.99,7.0,2020-06-05 02:00:00
2020-06-06,4,2020,11.5,39.85,26.1,34.05,458.0,2.04,13.58,30.05,14.37,0.817,6.8,2020-06-06 02:00:00
2020-06-07,4,2020,12.97,40.91,24.81,34.28,441.0,2.27,9.71,31.19,12.74,0.954,6.8,2020-06-07 02:00:00
2020-06-08,4,2020,11.35,44.51,25.67,29.82,435.0,2.48,11.24,31.61,13.28,0.902,6.9,2020-06-08 02:00:00
2020-06-09,4,2020,10.45,40.37,24.57,35.06,458.0,2.12,11.06,32.42,15.01,0.947,6.9,2020-06-09 02:00:00
2020-06-10,4,2020,8.44,38.22,25.25,36.53,465.0,2.45,12.7,29.98,14.68,0.906,7.0,2020-06-10 02:00:00
2020-06-11,4,2020,5.0,44.86,22.21,32.93,457.0,2.5,10.66,31.64,13.97,0.919,6.8,2020-06-11 02:00:00
2020-06-12,4,2020,7.22,43.92,25.8,30.28,452.0,2.36,12.14,30.52,14.81,0.96,6.9,2020-06-12 02:00:00
2020-06-13,4,2020,5.0,39.24,22.83,37.93,443.0,2.06,12.73,30.95,14.14,0.983,6.7,2020-06-13 02:00:00
2020-06-14,4,2020,13.22,44.5,25.9,29.6,458.0,2.1,12.44,30.74,12.99,0.89,6.9,2020-06-14 02:00:00
2020-06-15,4,2020,9.98,40.78,25.94,33.28,445.0,2.19,13.56,29.59,13.83,0.943,6.9,2020-06-15 02:00:00
2020-06-16,4,2020,10.77,42.0,25.02,32.98,451.0,2.19,15.23,28.81,14.75,0.926,6.7,2020-06-16 02:00:00
2020-06-17,4,2020,9.24,42.07,24.25,33.68,433.0,2.03,12.39,32.1,12.23,0.913,7.1,2020-06-17 02:00:00
2020-06-18,4,2020,7.65,41.86,25.37,32.77,443.0,2.24,12.82,32.18,13.3,0.956,6.7,2020-06-18 02:00:00
2020-06-19,4,2020,7.14,43.12,23.54,33.34,430.0,2.46,12.82,32.15,14.15,0.95,7.0,2020-06-19 02:00:00
2020-06-20,4,2020,6.95,43.06,24.1,32.84,456.0,2.23,13.22,31.29,14.48,0.997,7.0,2020-06-20 02:00:00
2020-06-21,4,2020,6.62,41.48,27.08,31.44,447.0,2.22,11.2,31.17,15.51,0.949,6.8,2020-06-21 02:00:00
2020-06-22,4,2020,16.71,43.08,24.75,32.17,455.0,2.18,13.26,30.62,13.6,0.997,6.9,2020-06-22 02:00:00
2020-06-23,4,2020,12.02,44.89,21.31,33.8,459.0,2.15,11.01,28.26,13.86,1.019,6.8,2020-06-23 02:00:00
2020-06-24,4,2020,9.09,42.91,27.18,29.91,463.0,2.11,9.45,32.19,14.4,0.925,7.0,2020-06-24 02:00:00
2020-06-25,4,2020,8.34,40.94,25.96,33.1,458.0,2.1,11.59,31.83,13.46,0.959,6.8,2020-06-25 02:00:00
2020-06-26,4,2020,6.42,39.89,23.21,36.9,445.0,2.11,11.04,32.13,15.03,0.901,6.8,2020-06-26 02:00:00
2020-06-27,4,2020,5.69,43.88,24.14,31.98,445.0,2.29,13.1,29.45,13.5,0.932,6.9,2020-06-27 02:00:00
2020-06-28,4,2020,5.0,39.61,23.04,37.35,452.0,1.97,13.57,32.9,12.68,0.959,6.8,2020-06-28 02:00:00
2020-06-29,4,2020,6.47,45.2,24.85,29.95,437.0,2.12,12.28,30.73,13.37,0.997,7.1,2020-06-29 02:00:00
2020-06-30,4,2020,13.05,36.59,24.9,38.51,449.0,2.22,12.69,30.89,14.16,0.885,6.8,2020-06-30 02:00:00
2020-07-01,4,2020,7.9,38.58,24.34,37.08,440.0,2.36,11.04,32.23,15.28,0.985,6.7,2020-07-01 02:00:00
2020-07-02,4,2020,7.21,39.38,24.46,36.16,464.0,2.14,12.36,31.67,12.72,0.949,6.9,2020-07-02 02:00:00
2020-07-03,4,2020,5.45,41.55,22.96,35.49,443.0,2.08,10.96,30.17,13.62,0.886,6.9,2020-07-03 02:00:00
2020-07-04,4,2020,6.88,39.78,22.43,37.79,460.0,2.02,13.18,31.0,15.87,0.981,6.8,2020-07-04 02:00:00
2020-07-05,4,2020,5.72,40.28,25.32,34.4,467.0,2.03,14.08,31.43,15.06,1.051,6.9,2020-07-05 02:00:00
2020-07-06,4,2020,5.0,39.64,24.81,35.55,463.0,2.05,12.63,30.76,14.76,0.977,6.8,2020-07-06 02:00:00
2020-07-07,4,2020,5.0,41.47,24.03,34.5,453.0,2.06,11.74,30.42,13.26,0.889,6.8,2020-07-07 02:00:00
2020-07-08,4,2020,5.09,39.31,25.44,35.25,435.0,2.17,9.43,31.91,13.16,1.002,6.9,2020-07-08 02:00:00
2020-07-09,4,2020,5.0,39.59,26.34,34.07,455.0,2.18,12.87,31.09,13.8,0.989,7.0,2020-07-09 02:00:00
2020-07-10,4,2020,5.0,42.21,22.7,35.09,469.0,2.2,12.44,32.64,15.07,0.926,7.0,2020-07-10 02:00:00
2020-07-11,4,2020,5.22,39.6,23.4,37.0,454.0,2.17,11.47,31.98,13.36,0.879,7.0,2020-07-11 02:00:00
2020-07-12,4,2020,7.7,40.42,26.1,33.48,450.0,2.19,12.81,30.49,13.46,0.945,6.8,2020-07-12 02:00:00
2020-07-13,4,2020,8.69,44.48,22.79,32.73,466.0,2.22,14.07,30.99,14.62,0.865,6.9,2020-07-13 02:00:00
2020-07-14,4,2020,5.76,44.57,24.67,30.76,445.0,2.09,12.58,31.16,14.54,1.01,6.8,2020-07-14 02:00:00
2020-07-15,4,2020,6.02,38.2,24.05,37.75,434.0,2.11,10.23,31.22,15.27,0.903,6.9,2020-07-15 02:00:00
2020-07-16,4,2020,7.3,41.77,23.18,35.05,456.0,2.13,10.42,31.03,12.59,1.014,6.9,2020-07-16 02:00:00
2020-07-17,4,2020,5.81,43.06,23.35,33.59,432.0,2.35,12.76,28.9,14.5,0.915,6.8,2020-07-17 02:00:00
2020-07-18,4,2020,5.11,44.07,23.34,32.59,444.0,2.15,10.83,30.31,14.29,1.08,6.8,2020-07-18 02:00:00
2020-07-19,4,2020,5.0,38.72,25.49,35.79,470.0,1.75,10.94,32.47,14.77,1.023,7.0,2020-07-19 02:00:00
2020-07-20,4,2020,6.12,41.13,26.66,32.21,464.0,2.34,11.79,31.3,13.2,1.019,7.0,2020-07-20 02:00:00
2020-07-21,4,2020,5.0,42.54,23.63,33.83,449.0,2.06,12.3,33.06,12.47,0.959,6.9,2020-07-21 02:00:00
2020-07-22,4,2020,5.0,44.35,22.68,32.97,455.0,2.22,11.78,30.66,12.92,1.033,6.9,2020-07-22 02:00:00
2020-07-23,4,2020,8.67,43.47,23.42,33.11,452.0,2.41,13.5,31.4,12.85,1.067,6.9,2020-07-23 02:00:00
2020-07-24,4,2020,6.83,41.18,23.34,35.48,454.0,1.93,13.5,28.89,14.54,0.958,6.8,2020-07-24 02:00:00
2020-07-25,4,2020,5.0,43.56,24.96,31.48,459.0,2.12,11.87,31.61,14.78,0.968,7.0,2020-07-25 02:00:00
2020-07-26,4,2020,5.0,41.39,26.54,32.07,445.0,1.99,12.38,30.41,13.96,0.978,6.9,2020-07-26 02:00:00
2020-07-27,4,2020,5.0,42.02,22.18,35.8,450.0,2.13,13.45,31.75,12.66,1.005,6.7,2020-07-27 02:00:00
2020-07-28,4,2020,6.63,37.08,25.52,37.4,451.0,2.29,12.41,32.0,13.84,1.017,6.8,2020-07-28 02:00:00
2020-07-29,4,2020,6.14,40.58,22.7,36.72,451.0,2.44,12.27,32.8,14.86,1.038,6.8,2020-07-29 02:00:00
2020-07-30,4,2020,5.1,42.56,25.24,32.2,439.0,2.16,14.3,32.21,14.95,0.99,6.8,2020-07-30 02:00:00
2020-07-31,4,2020,5.5,40.82,23.42,35.76,458.0,2.23,11.68,31.82,12.69,1.074,6.8,2020-07-31 02:00:00
2020-08-01,4,2020,5.88,40.66,26.27,33.07,459.0,1.95,12.31,31.44,13.22,1.021,6.9,2020-08-01 02:00:00
2020-08-02,4,2020,6.48,41.01,24.46,34.53,443.0,2.2,10.67,30.48,15.1,0.991,6.9,2020-08-02 02:00:00
2020-08-03,4,2020,5.99,42.91,24.23,32.86,452.0,2.22,12.88,30.92,14.35,1.114,6.9,2020-08-03 02:00:00
2020-08-04,4,2020,6.09,41.46,25.08,33.46,467.0,2.03,11.13,29.11,14.29,0.949,6.8,2020-08-04 02:00:00
2020-08-05,4,2020,5.0,43.61,24.46,31.93,462.0,2.29,11.96,31.56,13.96,0.963,6.8,2020-08-05 02:00:00
2020-08-06,4,2020,5.0,41.22,25.56,33.22,449.0,2.02,12.94,31.19,13.81,1.108,6.7,2020-08-06 02:00:00
2020-08-07,4,2020,5.0,41.68,24.0,34.32,459.0,2.12,10.75,31.42,13.4,0.977,7.0,2020-08-07 02:00:00
2020-08-08,4,2020,5.0,45.77,23.18,31.05,452.0,2.23,14.53,31.23,13.13,0.958,6.8,2020-08-08 02:00:00
2020-08-09,4,2020,5.6,38.92,24.04,37.04,473.0,2.36,13.44,31.77,14.97,0.949,6.9,2020-08-09 02:00:00
2020-08-10,4,2020,5.85,39.37,24.37,36.26,473.0,2.2,12.43,31.67,13.55,1.021,7.0,2020-08-10 02:00:00
2020-08-11,4,2020,6.01,42.28,21.62,36.1,463.0,2.13,11.99,31.98,16.21,1.019,6.8,2020-08-11 02:00:00
2020-08-12,4,2020,5.95,45.41,23.46,31.13,458.0,2.23,11.71,31.36,14.85,0.913,6.8,2020-08-12 02:00:00
2020-08-13,4,2020,5.0,41.69,24.81,33.5,461.0,2.09,13.73,31.84,13.42,1.056,6.8,2020-08-13 02:00:00
2020-08-14,4,2020,5.0,42.72,22.62,34.66,438.0,2.15,12.57,29.37,12.72,1.06,6.8,2020-08-14 02:00:00
2020-08-15,4,2020,5.0,39.87,24.2,35.93,456.0,2.31,11.43,30.33,14.52,1.031,6.8,2020-08-15 02:00:00
2020-08-16,4,2020,10.55,39.46,22.86,37.68,451.0,1.81,11.81,30.68,13.91,1.094,6.5,2020-08-16 02:00:00
2020-08-17,4,2020,10.59,43.31,23.57,33.12,449.0,2.18,14.94,33.22,14.45,0.977,6.9,2020-08-17 02:00:00
2020-08-18,4,2020,5.0,41.77,24.04,34.19,465.0,2.39,9.73,32.69,13.66,1.051,6.8,2020-08-18 02:00:00
2020-08-19,4,2020,5.93,41.37,22.87,35.76,457.0,2.13,12.48,29.97,14.23,0.996,6.7,2020-08-19 02:00:00
2020-08-20,4,2020,5.0,43.95,24.78,31.27,445.0,2.26,14.39,31.21,13.44,0.966,6.9,2020-08-20 02:00:00
2020-08-21,4,2020,9.04,45.58,23.46,30.96,459.0,2.03,10.27,32.55,13.96,1.025,6.7,2020-08-21 02:00:00
2020-08-22,4,2020,5.35,40.52,20.03,39.45,472.0,2.1,13.52,32.26,13.8,0.992,6.7,2020-08-22 02:00:00
2020-08-23,4,2020,5.0,40.68,26.21,33.11,465.0,2.24,14.09,30.19,13.5,1.014,6.8,2020-08-23 02:00:00
2020-08-24,4,2020,5.0,43.44,25.51,31.05,471.0,2.48,12.46,33.66,14.89,1.076,7.0,2020-08-24 02:00:00
2020-08-25,4,2020,5.3,44.81,25.33,29.86,433.0,2.1,10.5,30.58,13.37,1.092,6.7,2020-08-25 02:00:00
2020-08-26,4,2020,9.43,42.36,26.06,31.58,466.0,2.27,12.47,30.87,13.47,0.919,6.9,2020-08-26 02:00:00
2020-08-27,4,2020,8.22,41.05,22.63,36.32,461.0,2.18,12.43,30.15,15.43,1.087,6.7,2020-08-27 02:00:00
2020-08-28,4,2020,8.88,42.84,23.41,33.75,478.0,2.46,11.01,31.81,13.56,1.093,6.7,2020-08-28 02:00:00
2020-08-29,4,2020,7.0,41.46,25.75,32.79,473.0,2.11,9.54,29.36,14.94,1.058,6.7,2020-08-29 02:00:00
2020-08-30,4,2020,6.74,42.66,25.67,31.67,481.0,1.97,12.5,30.34,13.52,1.042,6.6,2020-08-30 02:00:00
2020-08-31,4,2020,5.44,42.48,23.77,33.75,443.0,2.26,11.02,30.63,13.09,1.03,6.9,2020-08-31 02:00:00
2020-09-01,4,2020,5.0,39.42,23.7,36.88,461.0,2.02,10.18,31.47,14.78,0.958,6.7,2020-09-01 02:00:00
2020-09-02,4,2020,5.0,40.22,23.65,36.13,465.0,2.22,13.16,30.84,15.47,1.155,6.9,2020-09-02 02:00:00
2020-09-03,4,2020,5.63,40.38,23.09,36.53,457.0,2.22,10.38,30.8,14.67,1.038,6.7,2020-09-03 02:00:00
2020-09-04,4,2020,5.0,36.39,24.0,39.61,465.0,1.83,10.67,30.44,14.86,1.001,6.8,2020-09-04 02:00:00
2020-09-05,4,2020,9.2,41.96,25.71,32.33,463.0,1.97,12.16,31.18,14.82,1.048,6.8,2020-09-05 02:00:00
2020-09-06,4,2020,9.43,40.75,23.93,35.32,468.0,2.41,11.96,29.96,14.12,1.053,6.6,2020-09-06 02:00:00
2020-09-07,4,2020,9.39,42.77,25.09,32.14,462.0,2.42,11.67,30.84,13.96,0.924,6.8,2020-09-07 02:00:00
2020-09-08,4,2020,8.62,41.71,23.54,34.75,465.0,2.31,13.19,31.99,13.45,0.955,6.8,2020-09-08 02:00:00
2020-09-09,4,2020,5.53,43.56,22.51,33.93,467.0,2.11,11.08,29.2,13.69,1.086,6.7,2020-09-09 02:00:00
2020-09-10,4,2020,6.66,44.22,25.6,30.18,464.0,2.04,13.33,30.5,15.13,1.083,6.9,2020-09-10 02:00:00
2020-09-11,4,2020,5.12,36.91,25.41,37.68,448.0,2.29,12.27,31.83,13.46,1.046,6.7,2020-09-11 02:00:00
2020-09-12,4,2020,5.0,41.33,21.35,37.32,481.0,2.15,13.53,31.05,14.36,1.056,6.8,2020-09-12 02:00:00
2020-09-13,4,2020,5.66,36.12,24.7,39.18,470.0,2.23,11.25,29.12,13.27,1.064,6.9,2020-09-13 02:00:00
2020-09-14,4,2020,5.05,40.95,23.86,35.19,473.0,2.07,11.7,30.17,14.43,0.984,6.6,2020-09-14 02:00:00
2020-09-15,4,2020,5.06,41.62,24.98,33.4,478.0,1.91,10.7,31.47,15.48,1.032,6.7,2020-09-15 02:00:00
2020-09-16,4,2020,5.44,42.42,23.1,34.48,483.0,2.44,11.12,31.2,12.91,1.085,6.6,2020-09-16 02:00:00
2020-09-17,4,2020,5.0,41.21,23.81,34.98,473.0,2.38,9.12,30.48,14.48,1.123,6.9,2020-09-17 02:00:00
2020-09-18,4,2020,7.25,41.67,22.64,35.69,447.0,2.3,11.4,29.72,12.91,1.0,6.8,2020-09-18 02:00:00
2020-09-19,4,2020,5.0,41.1,23.5,35.4,450.0,2.1,13.82,30.47,13.62,1.062,6.9,2020-09-19 02:00:00
2020-09-20,4,2020,5.7,40.18,22.97,36.85,454.0,2.19,13.4,31.94,14.39,1.055,6.8,2020-09-20 02:00:00
2020-09-21,4,2020,5.0,41.8,23.05,35.15,452.0,2.15,11.51,30.72,13.28,1.055,6.9,2020-09-21 02:00:00
2020-09-22,4,2020,11.36,43.08,23.65,33.27,477.0,2.21,10.74,29.97,13.98,1.084,6.6,2020-09-22 02:00:00
2020-09-23,4,2020,15.19,39.77,22.91,37.32,458.0,2.43,12.83,33.0,14.36,1.029,6.7,2020-09-23 02:00:00
2020-09-24,4,2020,11.65,41.0,22.99,36.01,455.0,2.17,11.61,30.74,14.84,1.118,6.9,2020-09-24 02:00:00
2020-09-25,4,2020,11.74,42.96,20.08,36.96,474.0,1.94,12.02,31.68,13.9,1.059,6.7,2020-09-25 02:00:00
2020-09-26,4,2020,8.11,40.81,23.38,35.81,459.0,2.16,12.4,32.84,13.32,1.056,6.9,2020-09-26 02:00:00
2020-09-27,4,2020,14.95,43.27,25.25,31.48,452.0,2.31,12.46,31.73,14.46,1.151,6.8,2020-09-27 02:00:00
2020-09-28,4,2020,10.88,43.21,22.83,33.96,470.0,2.31,10.67,31.19,13.9,1.125,6.6,2020-09-28 02:00:00
2020-09-29,4,2020,9.25,43.54,20.65,35.81,457.0,2.33,10.95,33.19,14.39,1.051,6.6,2020-09-29 02:00:00
2020-09-30,4,2020,5.0,45.16,23.97,30.87,464.0,2.04,11.72,32.02,14.44,1.111,6.7,2020-09-30 02:00:00
2020-10-01,4,2020,5.0,37.9,24.63,37.47,454.0,2.51,13.32,30.64,13.47,1.025,6.9,2020-10-01 02:00:00
2020-10-02,4,2020,5.43,38.98,23.63,37.39,470.0,2.32,11.89,31.59,13.94,0.979,6.8,2020-10-02 02:00:00
2020-10-03,4,2020,5.19,43.62,24.03,32.35,472.0,2.04,10.97,29.72,14.66,0.935,6.8,2020-10-03 02:00:00
2020-10-04,4,2020,5.0,41.48,25.76,32.76,476.0,2.15,12.34,31.95,13.7,1.048,6.9,2020-10-04 02:00:00
2020-10-05,4,2020,11.13,41.7,20.92,37.38,470.0,2.13,10.66,31.13,13.3,1.102,6.9,2020-10-05 02:00:00
2020-10-06,4,2020,8.59,41.93,23.7,34.37,452.0,2.29,12.64,31.06,14.68,1.116,6.8,2020-10-06 02:00:00
2020-10-07,4,2020,7.97,42.21,24.57,33.22,464.0,2.15,11.12,30.25,12.28,1.009,6.7,2020-10-07 02:00:00
2020-10-08,4,2020,5.11,43.33,23.99,32.68,469.0,2.26,12.19,31.5,14.6,1.024,6.9,2020-10-08 02:00:00
2020-10-09,4,2020,6.02,40.33,24.3,35.37,465.0,2.23,10.5,31.43,12.33,0.972,6.8,2020-10-09 02:00:00
2020-10-10,4,2020,5.4,42.28,22.51,35.21,480.0,2.18,10.4,31.81,14.43,1.097,7.0,2020-10-10 02:00:00
2020-10-11,4,2020,10.38,39.69,24.11,36.2,441.0,2.26,11.82,31.14,14.56,1.011,6.6,2020-10-11 02:00:00
2020-10-12,4,2020,5.76,39.53,23.09,37.38,467.0,2.14,10.87,30.69,13.66,0.985,6.7,2020-10-12 02:00:00
2020-10-13,4,2020,5.0,44.6,21.57,33.83,495.0,2.03,11.38,30.48,14.2,0.997,6.9,2020-10-13 02:00:00
2020-10-14,4,2020,5.0,46.72,24.52,28.76,460.0,2.24,9.69,29.83,15.43,1.115,6.7,2020-10-14 02:00:00
2020-10-15,4,2020,6.05,40.94,22.29,36.77,460.0,2.34,9.79,32.43,13.48,1.065,6.7,2020-10-15 02:00:00
2020-10-16,4,2020,5.0,43.78,21.83,34.39,476.0,1.83,10.95,30.38,13.8,1.058,6.9,2020-10-16 02:00:00
2020-10-17,4,2020,5.0,39.53,22.71,37.76,456.0,2.19,12.11,31.72,14.02,1.183,6.7,2020-10-17 02:00:00
2020-10-18,4,2020,5.74,40.13,22.82,37.05,465.0,2.24,10.43,31.82,15.18,1.117,6.7,2020-10-18 02:00:00
2020-10-19,4,2020,10.23,42.82,24.34,32.84,466.0,2.23,13.42,30.61,13.23,1.055,6.7,2020-10-19 02:00:00
2020-10-20,4,2020,6.64,44.57,24.19,31.24,480.0,2.16,12.22,30.27,14.13,1.155,6.7,2020-10-20 02:00:00
2020-10-21,4,2020,5.2,43.84,22.56,33.6,454.0,2.29,11.34,30.01,14.44,0.97,6.7,2020-10-21 02:00:00
2020-10-22,4,2020,5.15,41.98,23.77,34.25,477.0,2.12,12.15,30.18,13.55,1.14,6.8,2020-10-22 02:00:00
2020-10-23,4,2020,6.04,43.26,22.95,33.79,473.0,2.24,13.11,30.88,13.28,1.148,6.9,2020-10-23 02:00:00
2020-10-24,4,2020,5.16,45.65,23.84,30.51,467.0,2.42,8.26,31.23,14.93,1.058,6.8,2020-10-24 02:00:00
2020-10-25,4,2020,5.35,41.72,23.22,35.06,472.0,2.3,12.12,31.41,14.87,0.984,6.8,2020-10-25 02:00:00
2020-10-26,4,2020,5.07,40.75,23.31,35.94,452.0,2.1,9.75,31.34,15.63,1.04,6.7,2020-10-26 02:00:00
2020-10-27,4,2020,9.49,37.55,21.7,40.75,479.0,2.17,10.01,31.07,14.24,1.131,6.8,2020-10-27 02:00:00
2020-10-28,4,2020,6.45,40.46,23.74,35.8,469.0,2.4,11.2,29.89,13.65,1.052,6.6,2020-10-28 02:00:00
2020-10-29,4,2020,6.59,41.79,22.56,35.65,489.0,2.29,12.21,30.91,14.1,1.148,6.8,2020-10-29 02:00:00
2020-10-30,4,2020,5.24,41.9,24.68,33.42,458.0,2.22,12.5,30.63,12.84,1.104,6.8,2020-10-30 02:00:00
2020-10-31,4,2020,5.96,41.32,23.58,35.1,466.0,1.98,10.53,32.29,12.84,1.064,6.6,2020-10-31 02:00:00
2020-11-01,4,2020,5.06,43.06,25.25,31.69,471.0,2.42,13.09,33.67,14.11,1.024,6.7,2020-11-01 02:00:00
2020-11-02,4,2020,5.0,42.46,22.81,34.73,462.0,2.24,12.64,31.58,14.01,1.062,6.7,2020-11-02 02:00:00
2020-11-03,4,2020,5.0,39.74,22.13,38.13,462.0,2.36,10.83,32.0,13.59,1.126,6.9,2020-11-03 02:00:00
2020-11-04,4,2020,5.0,42.58,24.97,32.45,461.0,2.04,11.48,31.31,14.35,1.091,6.9,2020-11-04 02:00:00
2020-11-05,4,2020,6.24,43.93,22.92,33.15,481.0,1.99,13.96,31.03,14.18,1.07,6.7,2020-11-05 02:00:00
2020-11-06,4,2020,5.0,43.4,24.41,32.19,446.0,1.89,11.92,31.52,12.86,1.043,6.8,2020-11-06 02:00:00
2020-11-07,4,2020,5.0,44.14,24.03,31.83,480.0,1.94,12.0,30.18,15.14,1.053,6.8,2020-11-07 02:00:00
2020-11-08,4,2020,5.61,40.31,23.18,36.51,472.0,2.07,11.61,29.68,15.21,1.128,6.7,2020-11-08 02:00:00
2020-11-09,4,2020,5.0,41.63,24.37,34.0,475.0,2.18,12.24,31.52,14.67,1.128,6.9,2020-11-09 02:00:00
2020-11-10,4,2020,7.24,46.13,24.8,29.07,470.0,2.31,10.91,31.64,13.34,1.146,6.8,2020-11-10 02:00:00
2020-11-11,4,2020,5.0,42.02,24.07,33.91,475.0,2.49,13.37,30.64,14.2,1.164,6.8,2020-11-11 02:00:00
2020-11-12,4,2020,11.06,40.45,23.08,36.47,468.0,2.19,12.86,32.07,15.68,1.169,6.9,2020-11-12 02:00:00
2020-11-13,4,2020,10.8,44.37,24.71,30.92,471.0,2.12,11.26,31.96,13.41,1.096,6.6,2020-11-13 02:00:00
2020-11-14,4,2020,6.29,42.75,21.67,35.58,462.0,2.08,12.65,31.42,14.91,1.213,6.7,2020-11-14 02:00:00
2020-11-15,4,2020,5.96,42.45,23.91,33.64,460.0,2.34,10.84,31.28,13.54,1.104,6.8,2020-11-15 02:00:00
2020-11-16,4,2020,5.0,41.21,24.16,34.63,468.0,2.03,9.8,31.66,13.88,1.117,6.7,2020-11-16 02:00:00
2020-11-17,4,2020,7.3,41.22,21.6,37.18,485.0,2.19,12.04,31.68,12.22,1.066,6.9,2020-11-17 02:00:00
2020-11-18,4,2020,6.14,44.75,24.98,30.27,471.0,2.1,13.24,29.81,12.92,1.04,6.8,2020-11-18 02:00:00
2020-11-19,4,2020,5.0,41.18,22.11,36.71,471.0,2.34,11.87,30.48,14.62,1.057,6.9,2020-11-19 02:00:00
2020-11-20,4,2020,5.39,41.32,23.26,35.42,478.0,2.22,9.9,29.8,13.58,1.178,6.7,2020-11-20 02:00:00
2020-11-21,4,2020,7.16,41.15,24.78,34.07,473.0,2.32,11.08,31.12,14.01,1.129,6.8,2020-11-21 02:00:00
2020-11-22,4,2020,5.0,41.41,24.98,33.61,456.0,2.28,11.32,32.2,13.69,1.136,6.9,2020-11-22 02:00:00
2020-11-23,4,2020,9.51,42.77,24.78,32.45,471.0,2.03,10.52,30.11,14.53,1.123,6.7,2020-11-23 02:00:00
2020-11-24,4,2020,9.93,39.57,20.12,40.31,483.0,2.23,11.44,30.88,13.25,1.121,6.6,2020-11-24 02:00:00
2020-11-25,4,2020,6.99,44.26,22.78,32.96,477.0,2.03,11.09,31.06,14.15,1.179,6.8,2020-11-25 02:00:00
2020-11-26,4,2020,12.17,41.0,25.12,33.88,483.0,2.44,12.5,31.74,13.6,1.112,6.6,2020-11-26 02:00:00
2020-11-27,4,2020,9.96,39.4,25.77,34.83,482.0,2.37,11.43,31.29,13.38,1.135,6.6,2020-11-27 02:00:00
2020-11-28,4,2020,13.8,42.44,24.97,32.59,502.0,2.11,13.86,30.55,13.97,1.066,6.6,2020-11-28 02:00:00
2020-11-29,4,2020,12.7,41.87,23.12,35.01,486.0,2.38,12.01,31.48,15.02,1.169,6.8,2020-11-29 02:00:00
2020-11-30,4,2020,13.55,42.63,23.95,33.42,472.0,2.34,10.47,30.34,14.78,1.183,6.9,2020-11-30 02:00:00
2020-12-01,4,2020,10.96,42.44,24.65,32.91,473.0,2.2,11.61,31.07,13.94,1.108,6.6,2020-12-01 02:00:00
2020-12-02,4,2020,5.65,41.78,22.9,35.32,468.0,1.95,9.96,30.07,14.36,1.164,6.8,2020-12-02 02:00:00
2020-12-03,4,2020,14.39,41.13,25.17,33.7,484.0,2.21,11.24,31.08,15.71,1.106,6.9,2020-12-03 02:00:00
2020-12-04,4,2020,10.66,42.43,22.8,34.77,480.0,2.37,10.66,30.33,13.68,1.162,6.6,2020-12-04 02:00:00
2020-12-05,4,2020,8.6,40.61,24.31,35.08,460.0,2.13,12.82,31.23,14.4,1.113,6.6,2020-12-05 02:00:00
2020-12-06,4,2020,14.13,42.66,23.95,33.39,478.0,2.33,13.31,29.71,12.87,1.069,6.7,2020-12-06 02:00:00
2020-12-07,4,2020,20.25,41.7,25.07,33.23,482.0,2.12,14.28,30.02,13.96,1.13,6.8,2020-12-07 02:00:00
2020-12-08,4,2020,16.52,39.06,23.49,37.45,490.0,2.2,11.64,30.48,14.15,1.142,6.6,2020-12-08 02:00:00
2020-12-09,4,2020,15.09,37.27,20.96,41.77,472.0,2.18,11.73,31.01,14.1,1.107,6.7,2020-12-09 02:00:00
2020-12-10,4,2020,15.15,39.66,23.58,36.76,475.0,2.02,13.43,31.67,15.32,1.103,6.7,2020-12-10 02:00:00
2020-12-11,4,2020,11.81,43.67,24.37,31.96,478.0,2.21,12.18,30.31,14.62,1.199,6.8,2020-12-11 02:00:00
2020-12-12,4,2020,9.0,42.12,23.91,33.97,482.0,2.15,12.93,29.59,14.23,1.201,6.6,2020-12-12 02:00:00
2020-12-13,4,2020,12.29,44.63,20.21,35.16,464.0,2.38,10.64,30.34,13.79,1.101,6.6,2020-12-13 02:00:00
2020-12-14,4,2020,7.4,42.4,22.66,34.94,454.0,2.22,11.27,31.67,14.21,1.11,6.7,2020-12-14 02:00:00
2020-12-15,4,2020,15.08,44.33,24.65,31.02,494.0,2.23,10.67,32.42,14.7,1.059,6.7,2020-12-15 02:00:00
2020-12-16,4,2020,11.75,45.41,23.04,31.55,453.0,2.02,11.51,31.76,13.51,1.117,6.7,2020-12-16 02:00:00
2020-12-17,4,2020,8.58,45.72,24.76,29.52,475.0,2.21,11.85,28.7,14.08,1.146,6.7,2020-12-17 02:00:00
2020-12-18,4,2020,5.5,40.51,20.86,38.63,476.0,2.48,12.17,30.71,15.05,1.121,6.8,2020-12-18 02:00:00
2020-12-19,4,2020,5.0,39.14,23.4,37.46,458.0,2.43,9.99,32.31,14.4,1.16,6.8,2020-12-19 02:00:00
2020-12-20,4,2020,6.18,40.69,26.25,33.06,473.0,2.07,12.13,30.4,14.27,1.23,6.6,2020-12-20 02:00:00
2020-12-21,4,2020,5.29,44.71,24.88,30.41,473.0,2.33,11.83,31.06,13.81,1.201,6.7,2020-12-21 02:00:00
2020-12-22,4,2020,5.0,40.1,27.28,32.62,478.0,2.28,10.32,28.71,15.06,1.156,6.6,2020-12-22 02:00:00
2020-12-23,4,2020,6.06,45.5,22.32,32.18,486.0,2.22,11.3,32.77,13.37,1.069,6.6,2020-12-23 02:00:00
2020-12-24,4,2020,6.42,40.02,23.64,36.34,487.0,2.16,12.23,30.85,13.1,1.139,6.6,2020-12-24 02:00:00
2020-12-25,4,2020,5.0,42.06,24.43,33.51,477.0,2.33,11.14,31.15,13.83,1.101,6.8,2020-12-25 02:00:00
2020-12-26,4,2020,5.0,46.19,23.17,30.64,464.0,2.5,12.23,31.04,14.72,1.117,6.7,2020-12-26 02:00:00
2020-12-27,4,2020,5.7,43.43,24.0,32.57,484.0,2.08,11.91,29.35,14.63,1.166,6.7,2020-12-27 02:00:00
2020-12-28,4,2020,5.87,43.74,24.37,31.89,470.0,2.41,13.39,30.64,14.17,1.137,6.8,2020-12-28 02:00:00
2020-12-29,4,2020,5.0,39.48,23.99,36.53,480.0,2.27,14.23,30.79,12.99,1.077,6.6,2020-12-29 02:00:00
2020-12-30,4,2020,5.05,39.03,24.49,36.48,494.0,2.27,10.65,31.33,13.99,1.201,6.8,2020-12-30 02:00:00
2020-12-31,4,2020,5.0,39.24,23.59,37.17,489.0,2.53,12.34,32.08,13.49,1.17,6.6,2020-12-31 02:00:00
2021-01-01,4,2021,32.84,37.84,22.09,40.07,425.0,2.44,10.67,30.76,13.19,0.734,7.0,2021-01-01 02:00:00
2021-01-02,4,2021,37.88,43.44,22.2,34.36,409.0,1.94,9.72,29.66,13.9,0.86,6.9,2021-01-02 02:00:00
2021-01-03,4,2021,33.15,45.54,24.19,30.27,430.0,2.15,12.35,32.43,13.74,0.793,7.0,2021-01-03 02:00:00
2021-01-04,4,2021,34.21,42.12,24.2,33.68,414.0,2.33,11.79,31.54,15.6,0.816,7.0,2021-01-04 02:00:00
2021-01-05,4,2021,35.09,41.26,22.97,35.77,425.0,2.36,10.91,32.63,14.53,0.782,6.9,2021-01-05 02:00:00
2021-01-06,4,2021,33.66,41.64,24.56,33.8,426.0,2.32,10.65,29.79,14.72,0.906,7.0,2021-01-06 02:00:00
2021-01-07,4,2021,37.98,42.15,23.79,34.06,435.0,1.9,11.48,32.11,13.24,0.832,7.0,2021-01-07 02:00:00
2021-01-08,4,2021,45.0,38.75,23.41,37.84,385.0,1.88,12.64,30.94,14.47,0.829,6.9,2021-01-08 02:00:00
2021-01-09,4,2021,44.84,37.81,21.78,40.41,440.0,1.98,12.88,29.81,14.16,0.841,7.1,2021-01-09 02:00:00
2021-01-10,4,2021,45.0,44.62,22.77,32.61,413.0,2.2,13.15,30.13,14.16,0.775,7.1,2021-01-10 02:00:00
2021-01-11,4,2021,40.59,42.34,24.62,33.04,426.0,2.16,11.73,31.34,14.62,0.793,6.9,2021-01-11 02:00:00
2021-01-12,4,2021,45.0,40.22,25.28,34.5,422.0,2.45,12.42,31.02,12.79,0.828,7.0,2021-01-12 02:00:00
2021-01-13,4,2021,43.34,45.96,23.37,30.67,419.0,2.16,13.82,31.63,13.52,0.796,7.1,2021-01-13 02:00:00
2021-01-14,4,2021,42.1,43.5,22.21,34.29,398.0,2.02,11.77,32.74,15.4,0.877,7.0,2021-01-14 02:00:00
2021-01-15,4,2021,41.71,43.76,23.55,32.69,425.0,2.23,9.4,30.96,14.02,0.807,6.8,2021-01-15 02:00:00
2021-01-16,4,2021,42.17,41.22,23.44,35.34,416.0,1.96,12.86,31.62,12.87,0.865,7.0,2021-01-16 02:00:00
2021-01-17,4,2021,45.0,43.89,22.92,33.19,414.0,1.92,10.42,32.05,13.64,0.817,6.9,2021-01-17 02:00:00
2021-01-18,4,2021,43.42,42.55,23.13,34.32,437.0,2.17,12.65,30.44,13.77,0.768,7.1,2021-01-18 02:00:00
2021-01-19,4,2021,42.07,42.08,23.18,34.74,428.0,2.42,11.56,30.51,15.53,0.884,6.9,2021-01-19 02:00:00
2021-01-20,4,2021,42.45,42.09,22.45,35.46,429.0,2.38,10.75,32.0,14.06,0.785,6.8,2021-01-20 02:00:00
2021-01-21,4,2021,44.74,44.43,26.43,29.14,422.0,2.0,11.43,32.23,13.18,0.828,6.9,2021-01-21 02:00:00
2021-01-22,4,2021,45.0,40.26,24.55,35.19,396.0,2.21,13.07,28.93,14.83,0.728,6.7,2021-01-22 02:00:00
2021-01-23,4,2021,43.57,43.81,25.01,31.18,422.0,2.25,12.4,31.57,14.94,0.861,6.9,2021-01-23 02:00:00
2021-01-24,4,2021,43.46,45.03,22.13,32.84,439.0,2.32,12.45,31.27,13.64,0.726,7.0,2021-01-24 02:00:00
2021-01-25,4,2021,42.55,43.71,23.84,32.45,436.0,2.24,11.5,31.38,13.81,0.797,6.9,2021-01-25 02:00:00
2021-01-26,4,2021,43.24,38.3,22.96,38.74,431.0,2.24,10.88,29.73,14.05,0.894,6.7,2021-01-26 02:00:00
2021-01-27,4,2021,44.51,41.75,22.59,35.66,413.0,2.37,11.58,31.01,15.39,0.809,7.0,2021-01-27 02:00:00
2021-01-28,4,2021,43.24,42.01,23.91,34.08,440.0,2.27,12.29,30.23,14.65,0.864,7.0,2021-01-28 02:00:00
2021-01-29,4,2021,40.78,38.51,26.42,35.07,435.0,2.09,13.34,31.06,13.21,0.9,7.1,2021-01-29 02:00:00
2021-01-30,4,2021,44.17,42.69,23.72,33.59,421.0,2.26,13.74,29.87,13.92,0.897,6.9,2021-01-30 02:00:00
2021-01-31,4,2021,45.0,42.73,22.96,34.31,428.0,2.08,11.28,30.18,14.35,0.803,7.0,2021-01-31 02:00:00
2021-02-01,4,2021,44.17,38.97,23.59,37.44,426.0,2.38,12.36,31.85,15.23,0.851,6.8,2021-02-01 02:00:00
2021-02-02,4,2021,41.67,38.04,24.91,37.05,422.0,2.18,12.26,32.58,14.69,0.81,7.1,2021-02-02 02:00:00
2021-02-03,4,2021,41.71,45.64,25.74,28.62,416.0,2.31,9.69,30.54,14.87,0.812,7.1,2021-02-03 02:00:00
2021-02-04,4,2021,38.21,43.05,25.57,31.38,416.0,2.2,13.67,32.52,14.57,0.806,7.1,2021-02-04 02:00:00
2021-02-05,4,2021,40.09,41.69,24.15,34.16,426.0,2.44,14.55,30.53,15.1,0.876,7.0,2021-02-05 02:00:00
2021-02-06,4,2021,38.07,46.95,23.2,29.85,428.0,2.29,11.43,29.08,13.65,0.862,7.1,2021-02-06 02:00:00
2021-02-07,4,2021,36.01,41.22,24.66,34.12,417.0,1.88,13.53,32.09,13.8,0.805,7.1,2021-02-07 02:00:00
2021-02-08,4,2021,41.71,41.81,25.68,32.51,430.0,2.43,13.71,32.25,14.71,0.873,6.9,2021-02-08 02:00:00
2021-02-09,4,2021,43.87,38.57,22.27,39.16,423.0,2.28,13.24,31.75,13.56,0.827,6.9,2021-02-09 02:00:00
2021-02-10,4,2021,42.76,43.26,22.08,34.66,427.0,2.42,12.53,31.9,12.96,0.921,7.0,2021-02-10 02:00:00
2021-02-11,4,2021,40.89,40.85,26.28,32.87,439.0,2.27,12.43,32.35,14.23,0.824,6.9,2021-02-11 02:00:00
2021-02-12,4,2021,39.36,40.92,24.07,35.01,432.0,2.17,13.02,31.96,15.81,0.794,7.0,2021-02-12 02:00:00
2021-02-13,4,2021,37.99,42.1,23.75,34.15,416.0,2.22,11.98,30.49,14.64,0.956,6.8,2021-02-13 02:00:00
2021-02-14,4,2021,35.63,43.68,27.04,29.28,441.0,1.85,11.87,31.06,13.67,0.799,7.2,2021-02-14 02:00:00
2021-02-15,4,2021,35.87,44.21,23.33,32.46,406.0,2.37,12.44,31.14,14.13,0.871,7.0,2021-02-15 02:00:00
2021-02-16,4,2021,43.15,42.2,23.68,34.12,408.0,2.28,12.9,30.62,15.84,0.819,7.1,2021-02-16 02:00:00
2021-02-17,4,2021,41.67,40.76,24.75,34.49,436.0,1.78,14.14,31.81,13.71,0.997,6.9,2021-02-17 02:00:00
2021-02-18,4,2021,44.66,42.91,23.35,33.74,437.0,2.19,9.49,31.36,14.35,0.863,6.8,2021-02-18 02:00:00
2021-02-19,4,2021,43.08,43.0,27.57,29.43,423.0,2.23,12.31,30.9,13.49,0.79,7.1,2021-02-19 02:00:00
2021-02-20,4,2021,44.2,41.12,22.89,35.99,422.0,2.63,12.39,32.0,13.74,0.833,7.0,2021-02-20 02:00:00
2021-02-21,4,2021,44.61,43.13,24.38,32.49,418.0,2.24,10.87,31.51,13.98,0.832,6.9,2021-02-21 02:00:00
2021-02-22,4,2021,45.0,40.62,23.17,36.21,415.0,2.38,10.78,31.35,14.71,0.887,6.9,2021-02-22 02:00:00
2021-02-23,4,2021,42.46,42.29,25.48,32.23,434.0,2.13,13.2,31.11,14.72,0.732,6.9,2021-02-23 02:00:00
2021-02-24,4,2021,40.75,43.12,23.84,33.04,426.0,2.21,10.43,30.9,13.79,0.879,6.9,2021-02-24 02:00:00
2021-02-25,4,2021,37.54,42.45,22.91,34.64,441.0,2.41,12.75,32.63,14.6,0.914,7.0,2021-02-25 02:00:00
2021-02-26,4,2021,36.48,43.09,23.59,33.32,424.0,2.12,11.3,29.73,14.98,0.806,7.0,2021-02-26 02:00:00
2021-02-27,4,2021,41.56,42.65,24.82,32.53,449.0,2.09,11.85,28.66,14.0,0.928,7.0,2021-02-27 02:00:00
2021-02-28,4,2021,41.96,40.25,25.75,34.0,422.0,2.07,10.08,32.59,13.83,0.882,7.1,2021-02-28 02:00:00
2021-03-01,4,2021,40.69,40.64,27.2,32.16,417.0,2.22,15.62,29.95,13.69,0.842,6.8,2021-03-01 02:00:00
2021-03-02,4,2021,39.68,44.0,25.24,30.76,420.0,2.1,12.36,30.36,12.89,0.889,6.8,2021-03-02 02:00:00
2021-03-03,4,2021,39.23,42.95,23.9,33.15,437.0,2.25,11.33,31.43,13.82,0.894,7.0,2021-03-03 02:00:00
2021-03-04,4,2021,35.88,42.23,24.27,33.5,405.0,2.24,11.33,31.01,14.59,0.831,6.9,2021-03-04 02:00:00
2021-03-05,4,2021,40.33,40.81,24.39,34.8,424.0,2.21,12.93,30.72,12.73,0.928,6.9,2021-03-05 02:00:00
2021-03-06,4,2021,45.0,42.63,23.7,33.67,426.0,2.12,12.31,30.8,14.18,0.83,6.9,2021-03-06 02:00:00
2021-03-07,4,2021,45.0,41.61,23.27,35.12,443.0,2.24,11.75,29.73,14.93,0.835,6.9,2021-03-07 02:00:00
2021-03-08,4,2021,40.75,44.56,22.98,32.46,429.0,2.2,13.09,31.25,14.97,0.857,7.0,2021-03-08 02:00:00
2021-03-09,4,2021,39.85,42.17,25.87,31.96,429.0,2.26,12.65,30.37,15.37,0.858,6.9,2021-03-09 02:00:00
2021-03-10,4,2021,35.46,40.83,23.06,36.11,442.0,2.33,11.67,31.87,14.25,0.751,6.8,2021-03-10 02:00:00
2021-03-11,4,2021,37.29,45.27,23.54,31.19,460.0,2.5,12.95,31.29,13.92,0.933,7.1,2021-03-11 02:00:00
2021-03-12,4,2021,37.45,42.02,24.35,33.63,427.0,2.29,13.5,30.44,14.05,0.921,7.0,2021-03-12 02:00:00
2021-03-13,4,2021,34.74,39.99,23.98,36.03,451.0,2.38,11.89,30.23,12.21,0.784,6.8,2021-03-13 02:00:00
2021-03-14,4,2021,35.86,40.97,23.43,35.6,420.0,2.36,13.82,32.02,15.18,0.969,7.0,2021-03-14 02:00:00
2021-03-15,4,2021,36.32,41.61,26.82,31.57,423.0,2.14,11.2,32.23,14.42,0.88,7.0,2021-03-15 02:00:00
2021-03-16,4,2021,36.14,43.09,25.0,31.91,427.0,1.92,11.53,30.15,13.98,0.939,6.9,2021-03-16 02:00:00
2021-03-17,4,2021,32.39,42.37,23.49,34.14,428.0,2.6,12.82,30.03,15.78,0.855,7.1,2021-03-17 02:00:00
2021-03-18,4,2021,31.05,42.12,23.96,33.92,436.0,2.33,12.73,30.94,14.84,0.79,6.9,2021-03-18 02:00:00
2021-03-19,4,2021,36.95,44.57,24.24,31.19,423.0,2.47,12.45,31.59,12.71,0.849,7.0,2021-03-19 02:00:00
2021-03-20,4,2021,38.01,41.05,24.2,34.75,444.0,2.26,11.72,31.76,13.1,0.985,7.0,2021-03-20 02:00:00
2021-03-21,4,2021,38.7,41.84,23.5,34.66,438.0,2.28,13.31,31.17,15.75,0.841,7.0,2021-03-21 02:00:00
2021-03-22,4,2021,36.89,44.21,26.04,29.75,418.0,2.21,12.71,31.29,12.73,0.836,6.9,2021-03-22 02:00:00
2021-03-23,4,2021,34.68,40.29,23.37,36.34,421.0,2.06,13.07,31.13,13.89,0.877,6.8,2021-03-23 02:00:00
2021-03-24,4,2021,33.08,44.87,22.33,32.8,437.0,1.83,11.87,29.69,14.39,0.927,6.9,2021-03-24 02:00:00
2021-03-25,4,2021,30.12,44.52,23.51,31.97,416.0,2.6,11.64,30.34,12.95,0.892,6.9,2021-03-25 02:00:00
2021-03-26,4,2021,27.71,42.76,24.81,32.43,427.0,2.32,11.21,32.1,13.89,0.908,6.9,2021-03-26 02:00:00
2021-03-27,4,2021,28.49,41.65,24.92,33.43,446.0,2.15,12.6,31.31,14.44,0.827,6.8,2021-03-27 02:00:00
2021-03-28,4,2021,34.05,42.28,22.6,35.12,418.0,2.26,12.4,32.4,13.25,0.897,7.0,2021-03-28 02:00:00
2021-03-29,4,2021,32.19,40.68,24.72,34.6,449.0,2.31,11.35,30.65,12.68,0.875,6.8,2021-03-29 02:00:00
2021-03-30,4,2021,28.27,43.3,24.14,32.56,423.0,2.32,13.35,30.69,11.39,0.843,7.1,2021-03-30 02:00:00
2021-03-31,4,2021,25.76,38.68,24.07,37.25,442.0,2.18,13.05,30.46,15.38,0.875,7.0,2021-03-31 02:00:00
2021-04-01,4,2021,26.13,42.95,23.31,33.74,438.0,2.25,12.18,32.62,13.41,0.867,6.9,2021-04-01 02:00:00
2021-04-02,4,2021,25.94,44.17,23.85,31.98,432.0,2.16,12.31,31.14,14.23,0.833,6.8,2021-04-02 02:00:00
2021-04-03,4,2021,26.55,40.93,24.44,34.63,442.0,2.37,10.26,31.63,12.84,0.855,6.8,2021-04-03 02:00:00
2021-04-04,4,2021,26.68,41.76,24.98,33.26,433.0,2.08,13.12,31.67,13.76,0.948,6.9,2021-04-04 02:00:00
2021-04-05,4,2021,22.91,39.85,22.67,37.48,434.0,2.27,11.85,30.96,14.63,0.917,7.0,2021-04-05 02:00:00
2021-04-06,4,2021,21.85,42.9,23.31,33.79,431.0,2.34,13.4,30.49,14.23,0.997,7.0,2021-04-06 02:00:00
2021-04-07,4,2021,24.43,40.27,25.43,34.3,434.0,2.24,9.71,31.36,13.15,0.906,6.9,2021-04-07 02:00:00
2021-04-08,4,2021,24.29,40.2,24.35,35.45,436.0,2.19,12.36,32.76,14.51,0.896,6.8,2021-04-08 02:00:00
2021-04-09,4,2021,21.35,37.06,23.2,39.74,431.0,2.29,13.07,32.45,14.99,0.941,6.7,2021-04-09 02:00:00
2021-04-10,4,2021,23.73,43.9,24.17,31.93,433.0,2.07,12.48,32.48,14.67,0.842,7.0,2021-04-10 02:00:00
2021-04-11,4,2021,21.07,38.98,25.16,35.86,421.0,1.95,10.45,32.45,14.51,0.908,7.0,2021-04-11 02:00:00
2021-04-12,4,2021,18.77,43.76,22.75,33.49,423.0,2.21,12.72,29.91,14.97,0.955,7.0,2021-04-12 02:00:00
2021-04-13,4,2021,23.59,40.21,24.33,35.46,437.0,2.4,14.55,29.5,15.1,0.82,7.1,2021-04-13 02:00:00
2021-04-14,4,2021,22.09,40.05,21.5,38.45,439.0,2.13,13.34,31.36,14.41,0.963,6.9,2021-04-14 02:00:00
2021-04-15,4,2021,20.73,43.81,24.43,31.76,451.0,2.12,11.69,29.9,13.27,0.868,7.0,2021-04-15 02:00:00
2021-04-16,4,2021,20.01,45.02,24.17,30.81,450.0,2.16,13.8,32.26,13.49,0.856,6.9,2021-04-16 02:00:00
2021-04-17,4,2021,18.86,44.78,26.54,28.68,422.0,2.01,10.68,30.03,14.51,0.911,7.0,2021-04-17 02:00:00
2021-04-18,4,2021,15.97,40.44,23.9,35.66,452.0,2.16,12.19,29.51,15.83,0.828,6.8,2021-04-18 02:00:00
2021-04-19,4,2021,14.35,39.53,21.78,38.69,439.0,2.27,10.3,29.96,13.92,0.876,7.0,2021-04-19 02:00:00
2021-04-20,4,2021,13.73,40.13,23.44,36.43,455.0,2.05,11.75,31.95,13.41,0.893,6.8,2021-04-20 02:00:00
2021-04-21,4,2021,12.56,48.86,21.6,29.54,424.0,1.98,11.37,30.18,13.97,0.857,6.8,2021-04-21 02:00:00
2021-04-22,4,2021,10.05,41.52,22.93,35.55,434.0,2.29,11.25,30.41,14.74,0.861,7.1,2021-04-22 02:00:00
2021-04-23,4,2021,12.13,39.7,21.97,38.33,433.0,2.41,12.24,31.4,15.06,0.932,6.9,2021-04-23 02:00:00
2021-04-24,4,2021,14.61,42.2,25.75,32.05,438.0,2.27,9.46,29.53,13.78,0.984,7.0,2021-04-24 02:00:00
2021-04-25,4,2021,10.58,41.88,23.26,34.86,430.0,2.03,12.57,29.98,12.7,0.877,6.9,2021-04-25 02:00:00
2021-04-26,4,2021,8.82,42.16,25.05,32.79,426.0,2.16,9.38,31.59,14.95,1.029,6.9,2021-04-26 02:00:00
2021-04-27,4,2021,8.97,40.81,23.59,35.6,424.0,2.14,13.43,29.89,13.08,0.948,6.9,2021-04-27 02:00:00
2021-04-28,4,2021,8.19,45.69,21.58,32.73,442.0,2.38,12.33,30.82,14.63,0.974,7.0,2021-04-28 02:00:00
2021-04-29,4,2021,6.04,43.15,24.8,32.05,440.0,2.17,13.36,30.62,14.72,0.86,7.0,2021-04-29 02:00:00
2021-04-30,4,2021,5.0,43.68,26.43,29.89,432.0,1.99,13.13,30.69,13.26,0.869,6.9,2021-04-30 02:00:00
2021-05-01,4,2021,6.23,42.01,26.5,31.49,432.0,2.2,11.68,31.56,12.94,0.947,6.9,2021-05-01 02:00:00
2021-05-02,4,2021,5.0,43.34,23.94,32.72,440.0,2.43,12.35,31.03,13.95,0.988,7.0,2021-05-02 02:00:00
2021-05-03,4,2021,5.13,41.2,24.51,34.29,450.0,2.32,11.46,30.75,15.11,0.862,6.8,2021-05-03 02:00:00
2021-05-04,4,2021,5.0,42.57,26.06,31.37,444.0,2.32,11.48,31.71,14.15,0.961,7.0,2021-05-04 02:00:00
2021-05-05,4,2021,9.3,37.4,23.14,39.46,430.0,2.34,11.24,30.81,13.32,0.946,6.8,2021-05-05 02:00:00
2021-05-06,4,2021,11.34,42.5,27.08,30.42,446.0,2.2,11.38,30.69,14.61,0.922,7.0,2021-05-06 02:00:00
2021-05-07,4,2021,15.84,45.03,23.15,31.82,449.0,2.41,13.25,28.48,14.75,0.933,6.9,2021-05-07 02:00:00
2021-05-08,4,2021,13.99,43.13,23.69,33.18,437.0,2.07,13.37,31.54,12.38,0.957,6.7,2021-05-08 02:00:00
2021-05-09,4,2021,15.76,37.31,24.86,37.83,450.0,2.28,12.79,31.09,14.42,0.943,6.7,2021-05-09 02:00:00
2021-05-10,4,2021,16.27,45.1,24.0,30.9,443.0,2.35,12.0,33.32,12.84,0.907,7.1,2021-05-10 02:00:00
2021-05-11,4,2021,16.6,42.35,25.46,32.19,454.0,2.28,13.08,30.61,14.21,1.023,6.9,2021-05-11 02:00:00
2021-05-12,4,2021,15.03,45.99,22.51,31.5,433.0,2.25,12.43,30.54,14.01,0.88,6.7,2021-05-12 02:00:00
2021-05-13,4,2021,14.99,42.42,25.87,31.71,442.0,2.09,10.01,29.44,14.42,0.962,7.0,2021-05-13 02:00:00
2021-05-14,4,2021,13.1,38.21,22.04,39.75,433.0,2.43,12.0,32.29,13.64,0.919,6.9,2021-05-14 02:00:00
2021-05-15,4,2021,18.01,46.56,24.7,28.74,444.0,2.23,13.4,30.1,14.43,0.826,6.9,2021-05-15 02:00:00
2021-05-16,4,2021,27.27,45.81,25.79,28.4,443.0,2.25,11.93,31.92,14.17,0.999,6.8,2021-05-16 02:00:00
2021-05-17,4,2021,26.76,38.8,23.93,37.27,439.0,2.29,11.4,31.65,12.16,0.958,6.9,2021-05-17 02:00:00
2021-05-18,4,2021,25.69,42.5,21.8,35.7,455.0,1.92,13.32,31.14,14.48,0.908,6.8,2021-05-18 02:00:00
2021-05-19,4,2021,25.19,41.63,23.9,34.47,442.0,2.05,13.33,31.99,14.22,0.901,6.9,2021-05-19 02:00:00
2021-05-20,4,2021,21.39,41.22,25.03,33.75,455.0,2.29,12.79,30.95,13.09,0.917,7.0,2021-05-20 02:00:00
2021-05-21,4,2021,21.26,43.03,23.83,33.14,442.0,2.24,12.66,29.68,14.64,0.956,6.9,2021-05-21 02:00:00
2021-05-22,4,2021,20.62,45.95,22.77,31.28,445.0,2.31,12.26,28.28,12.47,0.93,6.8,2021-05-22 02:00:00
2021-05-23,4,2021,18.62,42.39,27.45,30.16,440.0,2.11,11.95,32.22,12.82,0.932,7.0,2021-05-23 02:00:00
2021-05-24,4,2021,23.63,39.9,23.42,36.68,437.0,2.24,12.44,31.3,15.66,0.985,6.9,2021-05-24 02:00:00
2021-05-25,4,2021,21.07,44.44,21.27,34.29,451.0,2.11,12.07,30.94,13.89,1.013,6.9,2021-05-25 02:00:00
2021-05-26,4,2021,17.4,37.5,26.9,35.6,462.0,2.31,11.9,30.38,13.26,0.976,6.9,2021-05-26 02:00:00
2021-05-27,4,2021,18.17,40.94,22.21,36.85,447.0,2.15,13.16,31.68,13.9,0.882,6.9,2021-05-27 02:00:00
2021-05-28,4,2021,17.82,43.98,26.9,29.12,445.0,2.38,13.64,30.45,13.9,0.912,6.8,2021-05-28 02:00:00
2021-05-29,4,2021,17.71,37.21,25.37,37.42,442.0,2.03,9.66,31.47,13.27,0.873,7.0,2021-05-29 02:00:00
2021-05-30,4,2021,16.48,37.62,23.13,39.25,446.0,2.37,9.9,32.04,13.1,0.872,6.8,2021-05-30 02:00:00
2021-05-31,4,2021,14.91,46.13,21.13,32.74,444.0,2.59,10.58,30.49,14.59,0.968,6.8,2021-05-31 02:00:00
2021-06-01,4,2021,16.6,39.48,25.59,34.93,446.0,2.25,10.39,31.0,14.59,0.95,7.0,2021-06-01 02:00:00
2021-06-02,4,2021,12.27,43.36,26.28,30.36,426.0,2.27,10.09,30.83,14.48,0.927,6.9,2021-06-02 02:00:00
2021-06-03,4,2021,14.51,43.64,24.46,31.9,445.0,2.41,12.13,31.54,12.61,0.887,6.8,2021-06-03 02:00:00
2021-06-04,4,2021,15.93,40.4,21.72,37.88,447.0,2.35,11.91,30.3,13.73,0.909,6.9,2021-06-04 02:00:00
2021-06-05,4,2021,13.07,43.88,24.49,31.63,451.0,2.35,9.73,32.29,15.5,0.891,7.0,2021-06-05 02:00:00
2021-06-06,4,2021,11.27,43.21,20.11,36.68,448.0,2.35,12.32,29.68,14.28,0.943,6.8,2021-06-06 02:00:00
2021-06-07,4,2021,7.26,43.8,25.42,30.78,464.0,2.26,11.37,29.91,15.47,0.935,6.9,2021-06-07 02:00:00
2021-06-08,4,2021,5.71,40.05,21.95,38.0,453.0,2.3,14.81,31.26,13.6,0.996,7.0,2021-06-08 02:00:00
2021-06-09,4,2021,5.0,39.15,22.12,38.73,455.0,2.18,14.25,29.78,15.74,0.915,7.1,2021-06-09 02:00:00
2021-06-10,4,2021,5.0,39.86,25.15,34.99,444.0,2.19,12.77,30.5,14.17,0.989,6.9,2021-06-10 02:00:00
2021-06-11,4,2021,5.74,43.84,22.78,33.38,449.0,2.1,11.65,31.11,14.18,0.851,6.8,2021-06-11 02:00:00
2021-06-12,4,2021,5.0,37.65,24.84,37.51,455.0,2.25,10.91,30.96,14.07,0.923,6.9,2021-06-12 02:00:00
2021-06-13,4,2021,5.22,45.67,20.53,33.8,444.0,2.03,14.62,31.74,13.92,0.885,6.6,2021-06-13 02:00:00
2021-06-14,4,2021,6.81,45.08,24.27,30.65,446.0,2.21,11.83,32.65,13.49,0.88,6.9,2021-06-14 02:00:00
2021-06-15,4,2021,5.11,44.68,23.62,31.7,450.0,2.25,13.05,30.86,13.41,1.048,6.8,2021-06-15 02:00:00
2021-06-16,4,2021,5.0,42.53,22.97,34.5,456.0,2.12,11.17,30.7,14.08,1.03,6.9,2021-06-16 02:00:00
2021-06-17,4,2021,5.0,36.43,24.31,39.26,451.0,2.23,13.42,30.82,14.18,0.92,7.0,2021-06-17 02:00:00
2021-06-18,4,2021,5.65,42.61,24.78,32.61,472.0,2.2,12.2,30.55,14.88,0.981,7.0,2021-06-18 02:00:00
2021-06-19,4,2021,5.52,42.86,27.58,29.56,453.0,1.93,12.15,31.16,12.99,0.912,6.9,2021-06-19 02:00:00
2021-06-20,4,2021,5.47,41.64,25.68,32.68,438.0,2.12,11.96,30.31,13.53,0.956,7.0,2021-06-20 02:00:00
2021-06-21,4,2021,7.21,42.0,24.84,33.16,437.0,2.18,13.89,29.95,13.93,1.022,7.1,2021-06-21 02:00:00
2021-06-22,4,2021,5.67,40.88,24.15,34.97,448.0,2.29,11.71,30.96,14.84,0.933,6.9,2021-06-22 02:00:00
2021-06-23,4,2021,6.52,41.75,24.68,33.57,418.0,2.05,12.41,32.21,15.46,0.92,6.9,2021-06-23 02:00:00
2021-06-24,4,2021,6.14,47.85,22.83,29.32,441.0,2.14,11.69,30.56,14.62,0.973,7.1,2021-06-24 02:00:00
2021-06-25,4,2021,11.26,40.97,25.22,33.81,460.0,2.06,13.48,30.87,14.08,0.949,7.0,2021-06-25 02:00:00
2021-06-26,4,2021,8.6,39.53,22.51,37.96,445.0,2.1,13.38,30.14,13.18,0.957,6.8,2021-06-26 02:00:00
2021-06-27,4,2021,9.85,44.62,25.24,30.14,443.0,2.06,12.23,32.19,14.95,0.972,7.0,2021-06-27 02:00:00
2021-06-28,4,2021,6.45,40.21,25.69,34.1,448.0,2.37,13.27,31.04,13.07,0.954,6.9,2021-06-28 02:00:00
2021-06-29,4,2021,6.07,38.56,21.77,39.67,442.0,2.33,11.58,29.99,14.88,1.072,6.8,2021-06-29 02:00:00
2021-06-30,4,2021,8.84,39.5,27.87,32.63,450.0,2.14,12.78,31.2,13.33,0.963,6.8,2021-06-30 02:00:00
2021-07-01,4,2021,8.69,40.51,25.52,33.97,473.0,2.08,9.43,30.02,14.12,0.979,7.1,2021-07-01 02:00:00
2021-07-02,4,2021,13.83,40.2,23.33,36.47,460.0,2.11,13.14,32.23,14.88,0.876,6.7,2021-07-02 02:00:00
2021-07-03,4,2021,17.93,43.51,24.81,31.68,468.0,2.22,11.09,30.15,14.0,0.868,6.8,2021-07-03 02:00:00
2021-07-04,4,2021,13.92,42.81,26.0,31.19,445.0,1.93,11.45,29.95,13.97,0.991,7.0,2021-07-04 02:00:00
2021-07-05,4,2021,14.27,41.43,22.66,35.91,454.0,1.85,12.68,30.96,13.07,0.915,6.8,2021-07-05 02:00:00
2021-07-06,4,2021,12.72,37.75,26.16,36.09,459.0,2.35,13.45,32.71,13.47,1.026,6.9,2021-07-06 02:00:00
2021-07-07,4,2021,10.42,42.54,24.1,33.36,452.0,2.09,11.74,31.61,12.79,1.02,6.6,2021-07-07 02:00:00
2021-07-08,4,2021,7.29,41.59,25.49,32.92,456.0,2.2,10.87,31.3,15.26,1.008,6.9,2021-07-08 02:00:00
2021-07-09,4,2021,7.34,41.95,26.76,31.29,449.0,2.45,11.25,30.04,15.72,1.022,6.8,2021-07-09 02:00:00
2021-07-10,4,2021,5.37,41.97,25.33,32.7,454.0,2.07,10.93,31.51,14.89,1.038,6.8,2021-07-10 02:00:00
2021-07-11,4,2021,5.0,41.42,21.79,36.79,459.0,2.21,10.92,31.34,13.54,0.974,6.7,2021-07-11 02:00:00
2021-07-12,4,2021,5.9,41.79,24.38,33.83,455.0,2.15,9.79,31.49,13.81,0.909,6.8,2021-07-12 02:00:00
2021-07-13,4,2021,10.13,41.83,25.48,32.69,446.0,2.58,10.65,30.81,12.96,1.05,6.9,2021-07-13 02:00:00
2021-07-14,4,2021,12.26,42.26,23.95,33.79,439.0,2.2,10.45,31.82,14.44,1.002,6.9,2021-07-14 02:00:00
2021-07-15,4,2021,6.49,44.02,24.1,31.88,461.0,2.2,13.21,29.54,13.79,0.973,6.8,2021-07-15 02:00:00
2021-07-16,4,2021,5.0,42.1,21.89,36.01,431.0,2.18,14.16,31.96,15.95,0.994,6.9,2021-07-16 02:00:00
2021-07-17,4,2021,7.59,40.2,23.91,35.89,455.0,2.44,12.71,31.77,13.76,1.099,6.9,2021-07-17 02:00:00
2021-07-18,4,2021,6.2,43.91,24.18,31.91,474.0,2.32,13.44,30.8,14.53,0.994,6.9,2021-07-18 02:00:00
2021-07-19,4,2021,5.0,44.8,22.52,32.68,446.0,2.29,11.0,31.82,11.85,0.958,6.8,2021-07-19 02:00:00
2021-07-20,4,2021,10.4,39.05,25.71,35.24,451.0,2.41,11.71,31.57,14.42,1.017,6.9,2021-07-20 02:00:00
2021-07-21,4,2021,11.71,41.66,25.01,33.33,453.0,2.06,11.52,30.41,13.31,0.967,6.9,2021-07-21 02:00:00
2021-07-22,4,2021,14.11,42.69,25.2,32.11,458.0,2.16,11.16,31.53,15.85,0.966,6.9,2021-07-22 02:00:00
2021-07-23,4,2021,10.94,39.52,25.37,35.11,451.0,2.13,10.64,31.58,14.16,1.107,6.8,2021-07-23 02:00:00
2021-07-24,4,2021,9.5,39.43,25.29,35.28,460.0,2.22,12.2,30.64,13.0,0.887,6.8,2021-07-24 02:00:00
2021-07-25,4,2021,7.73,40.75,25.44,33.81,460.0,2.32,14.03,30.97,12.6,0.895,6.8,2021-07-25 02:00:00
2021-07-26,4,2021,6.3,43.61,24.13,32.26,448.0,2.04,10.95,30.77,13.1,1.056,6.7,2021-07-26 02:00:00
2021-07-27,4,2021,7.3,40.45,23.18,36.37,463.0,2.37,12.85,31.27,14.33,0.962,6.9,2021-07-27 02:00:00
2021-07-28,4,2021,5.0,41.81,23.7,34.49,471.0,2.52,10.46,31.83,13.82,1.079,6.7,2021-07-28 02:00:00
2021-07-29,4,2021,5.0,40.05,21.49,38.46,445.0,2.07,9.55,31.82,14.14,0.954,6.9,2021-07-29 02:00:00
2021-07-30,4,2021,5.0,41.8,25.58,32.62,451.0,2.29,11.63,32.81,13.22,0.974,6.8,2021-07-30 02:00:00
2021-07-31,4,2021,5.0,41.56,22.69,35.75,438.0,1.97,12.29,31.01,13.79,1.056,6.8,2021-07-31 02:00:00
2021-08-01,4,2021,5.12,39.86,23.36,36.78,452.0,2.11,11.99,30.49,13.57,0.917,6.9,2021-08-01 02:00:00
2021-08-02,4,2021,11.01,42.92,22.13,34.95,468.0,2.17,10.99,30.7,15.29,1.038,6.8,2021-08-02 02:00:00
2021-08-03,4,2021,6.16,36.05,24.67,39.28,468.0,2.2,12.75,31.79,14.61,0.945,6.9,2021-08-03 02:00:00
2021-08-04,4,2021,7.09,43.62,24.71,31.67,462.0,2.22,10.48,30.77,13.46,1.039,6.9,2021-08-04 02:00:00
2021-08-05,4,2021,8.66,42.54,24.54,32.92,454.0,2.27,10.79,30.26,14.03,1.017,7.0,2021-08-05 02:00:00
2021-08-06,4,2021,9.33,42.05,22.86,35.09,463.0,2.04,11.79,30.36,15.02,1.087,6.7,2021-08-06 02:00:00
2021-08-07,4,2021,10.95,40.21,24.0,35.79,447.0,2.18,13.76,30.76,14.14,1.013,6.8,2021-08-07 02:00:00
2021-08-08,4,2021,11.49,41.54,25.59,32.87,449.0,1.75,11.8,30.76,12.74,1.037,6.9,2021-08-08 02:00:00
2021-08-09,4,2021,11.54,43.94,22.19,33.87,453.0,2.13,13.58,31.68,13.02,0.982,7.0,2021-08-09 02:00:00
2021-08-10,4,2021,9.21,40.87,24.73,34.4,478.0,2.29,9.9,31.37,14.81,0.95,7.0,2021-08-10 02:00:00
2021-08-11,4,2021,8.45,41.42,23.16,35.42,451.0,2.32,13.85,29.92,14.11,1.031,6.9,2021-08-11 02:00:00
2021-08-12,4,2021,6.04,40.8,26.54,32.66,457.0,2.13,13.19,29.19,13.26,1.012,6.8,2021-08-12 02:00:00
2021-08-13,4,2021,5.53,42.89,23.95,33.16,459.0,2.38,11.87,30.95,15.54,1.07,6.7,2021-08-13 02:00:00
2021-08-14,4,2021,5.0,40.69,25.95,33.36,454.0,2.38,11.85,31.85,14.78,1.008,6.7,2021-08-14 02:00:00
2021-08-15,4,2021,7.18,45.36,24.82,29.82,445.0,2.26,10.76,30.67,14.81,0.897,6.9,2021-08-15 02:00:00
2021-08-16,4,2021,5.0,41.08,24.55,34.37,476.0,2.44,11.93,31.41,14.29,1.015,6.8,2021-08-16 02:00:00
2021-08-17,4,2021,5.0,43.18,24.37,32.45,474.0,2.1,10.74,30.52,12.21,1.071,6.7,2021-08-17 02:00:00
2021-08-18,4,2021,5.0,37.29,23.39,39.32,452.0,2.28,13.69,31.22,14.06,1.058,6.8,2021-08-18 02:00:00
2021-08-19,4,2021,5.17,40.74,24.27,34.99,456.0,2.12,11.16,30.5,13.03,0.969,6.7,2021-08-19 02:00:00
2021-08-20,4,2021,5.94,45.59,26.27,28.14,445.0,2.18,10.6,31.63,12.14,1.009,6.8,2021-08-20 02:00:00
2021-08-21,4,2021,5.0,43.21,22.87,33.92,455.0,1.84,13.7,29.27,13.99,0.996,6.8,2021-08-21 02:00:00
2021-08-22,4,2021,5.31,39.99,21.67,38.34,438.0,2.32,11.78,30.38,13.82,0.95,7.0,2021-08-22 02:00:00
2021-08-23,4,2021,5.0,40.79,22.91,36.3,478.0,2.34,13.01,33.04,13.96,0.94,6.9,2021-08-23 02:00:00
2021-08-24,4,2021,5.0,43.48,25.62,30.9,478.0,2.06,10.93,32.22,13.88,1.043,6.9,2021-08-24 02:00:00
2021-08-25,4,2021,5.0,42.33,23.45,34.22,468.0,2.28,10.85,31.44,14.58,1.01,6.8,2021-08-25 02:00:00
2021-08-26,4,2021,5.09,41.69,24.28,34.03,457.0,2.32,10.94,32.02,14.49,1.09,6.8,2021-08-26 02:00:00
2021-08-27,4,2021,7.77,39.09,21.03,39.88,455.0,2.2,11.08,32.5,12.98,1.094,6.9,2021-08-27 02:00:00
2021-08-28,4,2021,5.28,40.33,23.87,35.8,455.0,1.98,11.07,30.72,12.27,0.935,6.9,2021-08-28 02:00:00
2021-08-29,4,2021,5.63,43.26,25.18,31.56,458.0,2.27,10.9,31.08,15.0,1.057,6.8,2021-08-29 02:00:00
2021-08-30,4,2021,10.68,46.13,26.42,27.45,450.0,2.25,13.51,32.04,13.16,1.061,6.8,2021-08-30 02:00:00
2021-08-31,4,2021,8.0,45.12,25.24,29.64,459.0,2.22,12.05,31.11,14.19,1.084,6.7,2021-08-31 02:00:00
2021-09-01,4,2021,5.57,42.21,21.38,36.41,467.0,2.07,11.48,31.87,14.1,1.066,6.8,2021-09-01 02:00:00
2021-09-02,4,2021,15.28,42.33,23.53,34.14,462.0,2.34,11.51,29.57,13.4,1.083,6.9,2021-09-02 02:00:00
2021-09-03,4,2021,10.09,41.23,26.43,32.34,438.0,2.09,13.38,30.56,13.72,1.048,6.8,2021-09-03 02:00:00
2021-09-04,4,2021,9.34,40.92,24.21,34.87,463.0,2.26,11.76,31.71,14.19,1.118,6.9,2021-09-04 02:00:00
2021-09-05,4,2021,6.19,41.75,24.82,33.43,435.0,2.04,13.66,31.96,15.27,1.098,6.8,2021-09-05 02:00:00
2021-09-06,4,2021,5.86,40.83,27.76,31.41,469.0,2.36,11.95,30.55,13.83,1.062,6.8,2021-09-06 02:00:00
2021-09-07,4,2021,5.96,37.05,24.67,38.28,455.0,2.47,11.92,32.55,14.26,0.994,6.7,2021-09-07 02:00:00
2021-09-08,4,2021,5.83,42.38,21.27,36.35,454.0,2.1,13.5,30.11,15.04,1.053,6.6,2021-09-08 02:00:00
2021-09-09,4,2021,8.29,38.89,22.99,38.12,446.0,2.21,13.47,28.44,14.36,1.097,6.9,2021-09-09 02:00:00
2021-09-10,4,2021,6.57,41.35,25.65,33.0,449.0,2.24,14.13,31.53,13.91,1.01,6.6,2021-09-10 02:00:00
2021-09-11,4,2021,10.87,43.03,26.32,30.65,466.0,2.0,13.71,30.27,13.27,1.022,6.7,2021-09-11 02:00:00
2021-09-12,4,2021,9.58,40.86,23.31,35.83,476.0,2.19,12.89,32.43,13.58,1.015,6.8,2021-09-12 02:00:00
2021-09-13,4,2021,17.82,42.55,21.95,35.5,459.0,2.23,13.92,30.21,13.86,1.083,6.7,2021-09-13 02:00:00
2021-09-14,4,2021,14.84,42.2,24.7,33.1,453.0,2.21,10.68,30.47,14.49,1.144,6.8,2021-09-14 02:00:00
2021-09-15,4,2021,14.15,37.82,25.11,37.07,465.0,2.29,13.57,30.98,13.7,1.117,6.8,2021-09-15 02:00:00
2021-09-16,4,2021,11.1,40.54,19.7,39.76,469.0,2.27,12.83,31.66,15.23,1.03,6.7,2021-09-16 02:00:00
2021-09-17,4,2021,10.72,42.4,25.11,32.49,451.0,2.33,14.06,29.96,14.47,1.103,6.7,2021-09-17 02:00:00
2021-09-18,4,2021,10.96,38.38,26.33,35.29,472.0,2.63,10.14,32.63,13.55,1.083,6.8,2021-09-18 02:00:00
2021-09-19,4,2021,10.31,45.53,23.29,31.18,462.0,2.21,10.65,30.86,13.69,1.103,6.8,2021-09-19 02:00:00
2021-09-20,4,2021,13.24,42.97,22.37,34.66,466.0,2.2,13.9,32.3,13.25,1.1,6.7,2021-09-20 02:00:00
2021-09-21,4,2021,11.1,40.39,19.83,39.78,468.0,2.23,10.15,31.18,12.97,1.049,6.7,2021-09-21 02:00:00
2021-09-22,4,2021,15.59,44.88,21.29,33.83,471.0,2.09,12.77,30.1,13.29,1.133,6.8,2021-09-22 02:00:00
2021-09-23,4,2021,17.69,43.6,24.54,31.86,471.0,2.26,11.85,31.49,14.51,1.059,6.8,2021-09-23 02:00:00
2021-09-24,4,2021,17.67,40.74,23.98,35.28,440.0,2.36,10.86,30.18,15.6,1.066,6.8,2021-09-24 02:00:00
2021-09-25,4,2021,21.7,40.73,24.59,34.68,465.0,2.07,11.07,32.84,15.07,1.057,6.8,2021-09-25 02:00:00
2021-09-26,4,2021,23.93,45.18,23.4,31.42,474.0,2.16,10.65,29.87,15.53,0.983,6.8,2021-09-26 02:00:00
2021-09-27,4,2021,26.12,43.01,22.58,34.41,484.0,2.48,10.3,29.8,12.94,1.097,6.8,2021-09-27 02:00:00
2021-09-28,4,2021,21.4,41.79,23.64,34.57,438.0,2.31,11.88,31.17,13.83,1.022,6.7,2021-09-28 02:00:00
2021-09-29,4,2021,18.75,39.56,23.08,37.36,450.0,2.15,10.94,29.36,13.51,0.997,6.8,2021-09-29 02:00:00
2021-09-30,4,2021,18.01,44.47,21.37,34.16,461.0,2.15,11.99,30.06,14.13,1.033,6.7,2021-09-30 02:00:00
2021-10-01,4,2021,15.8,41.03,27.01,31.96,449.0,2.36,9.43,30.45,14.25,1.062,6.8,2021-10-01 02:00:00
2021-10-02,4,2021,13.33,41.26,22.52,36.22,461.0,2.24,9.78,30.67,14.52,1.137,6.9,2021-10-02 02:00:00
2021-10-03,4,2021,24.28,40.05,24.4,35.55,458.0,2.32,12.23,34.27,12.68,1.055,6.7,2021-10-03 02:00:00
2021-10-04,4,2021,22.56,45.95,22.94,31.11,470.0,2.44,9.95,31.18,13.82,1.081,6.8,2021-10-04 02:00:00
2021-10-05,4,2021,21.89,42.76,23.64,33.6,458.0,2.15,11.4,29.04,14.15,1.164,6.8,2021-10-05 02:00:00
2021-10-06,4,2021,19.56,42.71,26.39,30.9,462.0,2.02,12.47,29.64,14.91,1.055,6.7,2021-10-06 02:00:00
2021-10-07,4,2021,15.27,45.38,26.42,28.2,454.0,2.17,13.62,28.49,13.97,1.023,6.6,2021-10-07 02:00:00
2021-10-08,4,2021,11.91,39.99,24.84,35.17,469.0,2.03,11.4,32.63,16.19,1.027,6.7,2021-10-08 02:00:00
2021-10-09,4,2021,10.15,40.94,23.3,35.76,473.0,2.36,11.62,31.31,15.29,1.101,6.9,2021-10-09 02:00:00
2021-10-10,4,2021,8.69,45.04,22.03,32.93,470.0,2.37,12.21,31.27,15.73,1.052,6.9,2021-10-10 02:00:00
2021-10-11,4,2021,5.83,42.76,24.77,32.47,480.0,2.15,10.65,31.61,13.5,1.124,6.7,2021-10-11 02:00:00
2021-10-12,4,2021,5.0,40.37,24.73,34.9,464.0,1.99,10.56,28.99,15.1,1.181,6.8,2021-10-12 02:00:00
2021-10-13,4,2021,5.0,42.39,20.43,37.18,470.0,2.12,13.27,29.36,13.45,1.067,6.7,2021-10-13 02:00:00
2021-10-14,4,2021,6.22,43.6,21.77,34.63,450.0,2.18,12.64,32.0,13.5,1.106,6.6,2021-10-14 02:00:00
2021-10-15,4,2021,12.81,42.24,24.78,32.98,471.0,2.07,11.94,33.67,13.4,1.088,6.7,2021-10-15 02:00:00
2021-10-16,4,2021,10.25,39.14,24.22,36.64,465.0,2.31,10.52,30.75,13.2,1.079,6.9,2021-10-16 02:00:00
2021-10-17,4,2021,14.73,44.25,26.05,29.7,471.0,2.23,11.99,29.53,14.95,1.089,6.8,2021-10-17 02:00:00
2021-10-18,4,2021,13.56,40.39,21.35,38.26,461.0,2.09,12.72,30.37,15.04,1.099,6.8,2021-10-18 02:00:00
2021-10-19,4,2021,15.03,43.26,22.69,34.05,461.0,2.13,13.09,30.83,13.97,1.173,6.8,2021-10-19 02:00:00
2021-10-20,4,2021,15.43,40.4,23.9,35.7,461.0,2.23,11.46,32.25,13.82,1.117,6.8,2021-10-20 02:00:00
2021-10-21,4,2021,14.53,43.73,23.34,32.93,467.0,2.26,12.18,30.8,14.12,1.058,6.8,2021-10-21 02:00:00
2021-10-22,4,2021,11.01,43.69,24.83,31.48,460.0,2.19,12.39,32.47,13.45,1.199,6.9,2021-10-22 02:00:00
2021-10-23,4,2021,13.95,45.32,23.35,31.33,455.0,2.1,10.34,31.35,14.28,1.099,6.8,2021-10-23 02:00:00
2021-10-24,4,2021,10.12,44.96,21.36,33.68,468.0,2.41,11.92,30.33,13.76,1.07,6.7,2021-10-24 02:00:00
2021-10-25,4,2021,10.2,41.6,22.94,35.46,475.0,2.33,14.68,31.14,13.4,1.074,6.8,2021-10-25 02:00:00
2021-10-26,4,2021,12.22,45.09,22.35,32.56,475.0,2.16,11.46,28.99,15.06,1.072,6.8,2021-10-26 02:00:00
2021-10-27,4,2021,11.02,42.7,24.48,32.82,466.0,2.13,12.8,32.67,14.51,1.146,6.7,2021-10-27 02:00:00
2021-10-28,4,2021,7.45,39.61,22.78,37.61,473.0,2.08,11.48,31.29,13.14,1.073,6.8,2021-10-28 02:00:00
2021-10-29,4,2021,5.0,40.89,24.14,34.97,461.0,2.2,12.31,31.13,13.13,1.09,6.9,2021-10-29 02:00:00
2021-10-30,4,2021,5.0,44.38,20.91,34.71,455.0,2.21,11.67,31.57,14.16,0.999,6.8,2021-10-30 02:00:00
2021-10-31,4,2021,8.29,43.35,24.33,32.32,477.0,2.4,12.88,30.68,13.95,1.106,6.8,2021-10-31 02:00:00
2021-11-01,4,2021,8.5,45.19,24.44,30.37,459.0,2.43,11.29,31.2,14.03,1.08,6.5,2021-11-01 02:00:00
2021-11-02,4,2021,9.75,43.58,21.13,35.29,474.0,2.08,10.18,30.29,13.38,1.087,6.8,2021-11-02 02:00:00
2021-11-03,4,2021,11.85,43.36,21.45,35.19,481.0,2.29,11.12,32.3,13.95,1.119,6.7,2021-11-03 02:00:00
2021-11-04,4,2021,9.24,45.93,26.09,27.98,493.0,2.42,9.42,31.03,14.27,1.059,6.5,2021-11-04 02:00:00
2021-11-05,4,2021,12.52,42.3,24.15,33.55,483.0,2.13,11.46,29.72,15.13,1.07,6.8,2021-11-05 02:00:00
2021-11-06,4,2021,10.3,43.18,22.88,33.94,456.0,2.36,11.99,29.18,14.93,1.118,6.7,2021-11-06 02:00:00
2021-11-07,4,2021,8.47,41.15,23.34,35.51,461.0,2.13,11.62,30.33,13.96,1.051,6.8,2021-11-07 02:00:00
2021-11-08,4,2021,5.65,39.52,23.11,37.37,474.0,2.3,12.66,30.23,15.12,1.099,6.8,2021-11-08 02:00:00
2021-11-09,4,2021,6.81,40.87,22.19,36.94,473.0,2.21,12.01,30.51,14.32,1.138,6.8,2021-11-09 02:00:00
2021-11-10,4,2021,5.37,41.61,24.23,34.16,473.0,2.43,11.54,31.28,14.86,1.16,6.7,2021-11-10 02:00:00
2021-11-11,4,2021,5.94,38.42,22.61,38.97,467.0,2.18,14.42,30.21,15.22,1.027,6.7,2021-11-11 02:00:00
2021-11-12,4,2021,5.34,44.66,22.97,32.37,455.0,2.39,11.32,32.33,12.76,1.168,6.7,2021-11-12 02:00:00
2021-11-13,4,2021,5.0,43.72,23.03,33.25,484.0,2.39,11.07,31.03,13.67,1.118,6.6,2021-11-13 02:00:00
2021-11-14,4,2021,5.65,42.67,24.35,32.98,476.0,2.21,13.64,31.28,14.79,1.086,6.7,2021-11-14 02:00:00
2021-11-15,4,2021,5.28,39.34,24.1,36.56,492.0,2.27,13.7,30.05,14.82,1.052,6.7,2021-11-15 02:00:00
2021-11-16,4,2021,5.0,41.29,24.05,34.66,459.0,2.14,12.97,30.57,12.77,1.074,6.8,2021-11-16 02:00:00
2021-11-17,4,2021,6.8,41.66,22.63,35.71,469.0,2.31,14.2,30.63,13.44,1.099,6.6,2021-11-17 02:00:00
2021-11-18,4,2021,5.13,41.57,24.24,34.19,483.0,2.06,12.24,30.43,13.08,1.095,6.6,2021-11-18 02:00:00
2021-11-19,4,2021,6.32,40.9,21.14,37.96,459.0,2.17,10.95,30.55,14.12,1.093,6.8,2021-11-19 02:00:00
2021-11-20,4,2021,7.19,42.8,21.73,35.47,469.0,1.99,13.99,29.64,13.18,1.135,6.9,2021-11-20 02:00:00
2021-11-21,4,2021,6.29,40.47,24.1,35.43,478.0,2.44,11.84,30.32,12.85,1.043,6.8,2021-11-21 02:00:00
2021-11-22,4,2021,6.9,41.95,28.03,30.02,472.0,2.32,12.29,30.83,13.2,1.084,6.8,2021-11-22 02:00:00
2021-11-23,4,2021,6.85,40.23,25.91,33.86,477.0,2.06,10.74,29.9,13.9,1.1,6.7,2021-11-23 02:00:00
2021-11-24,4,2021,5.87,43.05,24.32,32.63,460.0,2.13,10.76,30.44,14.58,1.078,6.7,2021-11-24 02:00:00
2021-11-25,4,2021,5.3,41.82,23.69,34.49,466.0,2.26,11.92,30.95,14.09,1.16,6.8,2021-11-25 02:00:00
2021-11-26,4,2021,5.2,41.72,23.82,34.46,467.0,2.04,13.07,32.08,13.46,1.045,6.7,2021-11-26 02:00:00
2021-11-27,4,2021,6.97,43.01,24.46,32.53,474.0,2.07,11.6,29.97,14.85,1.01,6.6,2021-11-27 02:00:00
2021-11-28,4,2021,6.08,43.97,24.94,31.09,474.0,2.03,11.36,31.19,14.64,1.037,6.6,2021-11-28 02:00:00
2021-11-29,4,2021,8.1,43.98,23.37,32.65,486.0,2.1,14.26,29.92,14.9,1.087,6.8,2021-11-29 02:00:00
2021-11-30,4,2021,5.81,40.03,25.72,34.25,474.0,2.14,13.3,31.42,14.54,1.132,6.7,2021-11-30 02:00:00
2021-12-01,4,2021,14.58,41.09,23.87,35.04,479.0,2.21,10.62,30.19,12.6,1.111,6.6,2021-12-01 02:00:00
2021-12-02,4,2021,11.82,44.16,23.69,32.15,488.0,2.14,13.41,30.03,13.58,1.215,6.7,2021-12-02 02:00:00
2021-12-03,4,2021,11.09,38.94,23.37,37.69,471.0,2.01,12.68,28.75,12.61,1.116,6.6,2021-12-03 02:00:00
2021-12-04,4,2021,10.68,42.99,23.51,33.5,498.0,2.28,11.83,31.83,14.05,1.127,6.9,2021-12-04 02:00:00
2021-12-05,4,2021,7.07,40.12,23.85,36.03,473.0,2.08,9.24,31.87,14.36,1.119,6.7,2021-12-05 02:00:00
2021-12-06,4,2021,5.0,41.24,22.81,35.95,487.0,2.28,11.86,32.42,14.57,1.142,6.7,2021-12-06 02:00:00
2021-12-07,4,2021,5.52,45.43,24.01,30.56,466.0,2.28,10.67,31.05,13.33,1.209,6.8,2021-12-07 02:00:00
2021-12-08,4,2021,7.08,45.21,23.36,31.43,472.0,2.51,12.38,31.71,13.91,1.068,6.7,2021-12-08 02:00:00
2021-12-09,4,2021,11.76,41.65,24.79,33.56,468.0,2.42,12.02,31.7,13.23,1.142,6.7,2021-12-09 02:00:00
2021-12-10,4,2021,8.32,44.44,24.77,30.79,478.0,2.12,13.27,31.0,14.27,1.155,6.7,2021-12-10 02:00:00
2021-12-11,4,2021,12.84,43.99,22.48,33.53,490.0,2.44,13.3,30.38,14.39,1.064,6.6,2021-12-11 02:00:00
2021-12-12,4,2021,8.22,42.58,25.11,32.31,463.0,2.13,13.15,30.73,12.12,1.156,6.7,2021-12-12 02:00:00
2021-12-13,4,2021,6.79,41.71,26.51,31.78,478.0,2.73,12.59,31.56,13.74,1.204,6.6,2021-12-13 02:00:00
2021-12-14,4,2021,8.13,41.35,25.83,32.82,485.0,2.2,12.16,31.04,12.39,1.24,6.7,2021-12-14 02:00:00
2021-12-15,4,2021,5.2,39.1,21.38,39.52,455.0,2.21,12.02,32.83,14.2,1.098,6.8,2021-12-15 02:00:00
2021-12-16,4,2021,5.0,44.08,24.88,31.04,469.0,2.28,13.03,29.7,13.93,1.197,6.6,2021-12-16 02:00:00
2021-12-17,4,2021,5.51,43.17,23.67,33.16,485.0,2.24,12.27,30.75,14.47,1.09,6.8,2021-12-17 02:00:00
2021-12-18,4,2021,5.0,40.81,26.0,33.19,491.0,2.37,11.44,30.93,13.98,1.2,6.7,2021-12-18 02:00:00
2021-12-19,4,2021,6.9,40.98,24.0,35.02,473.0,2.27,11.91,29.1,13.19,1.15,6.8,2021-12-19 02:00:00
2021-12-20,4,2021,5.0,43.85,25.82,30.33,470.0,2.26,12.28,30.68,15.44,1.207,6.9,2021-12-20 02:00:00
2021-12-21,4,2021,7.44,42.24,24.36,33.4,472.0,2.24,10.9,32.26,13.25,1.125,6.6,2021-12-21 02:00:00
2021-12-22,4,2021,7.02,37.91,20.67,41.42,466.0,1.89,13.9,31.62,13.47,1.219,6.7,2021-12-22 02:00:00
2021-12-23,4,2021,5.0,42.22,25.18,32.6,502.0,1.95,10.38,30.86,14.3,1.143,6.7,2021-12-23 02:00:00
2021-12-24,4,2021,6.47,41.83,23.34,34.83,478.0,2.2,11.94,30.78,13.57,1.209,6.7,2021-12-24 02:00:00
2021-12-25,4,2021,5.61,43.02,24.39,32.59,475.0,2.36,13.81,28.36,13.74,1.2,6.9,2021-12-25 02:00:00
2021-12-26,4,2021,5.0,43.54,23.23,33.23,461.0,1.97,12.09,30.19,13.85,1.201,6.5,2021-12-26 02:00:00
2021-12-27,4,2021,5.0,44.59,23.4,32.01,469.0,2.32,13.51,29.86,14.45,1.144,6.6,2021-12-27 02:00:00
2021-12-28,4,2021,5.0,43.32,24.01,32.67,480.0,2.29,10.54,30.58,13.09,1.131,6.8,2021-12-28 02:00:00
2021-12-29,4,2021,6.66,37.52,23.72,38.76,484.0,2.47,12.17,31.08,12.94,1.103,6.8,2021-12-29 02:00:00
2021-12-30,4,2021,5.81,43.94,23.6,32.46,471.0,2.01,10.98,29.94,13.61,1.09,6.7,2021-12-30 02:00:00
2021-12-31,4,2021,5.16,41.25,22.53,36.22,498.0,1.99,12.67,30.3,14.44,1.171,6.7,2021-12-31 02:00:00
2022-01-01,4,2022,34.07,42.82,25.67,31.51,419.0,2.55,11.09,32.04,15.51,0.821,7.2,2022-01-01 02:00:00
2022-01-02,4,2022,35.16,41.42,25.98,32.6,426.0,2.01,12.12,31.84,13.15,0.879,7.1,2022-01-02 02:00:00
2022-01-03,4,2022,38.44,41.26,23.61,35.13,421.0,2.04,8.61,30.98,14.38,0.865,7.0,2022-01-03 02:00:00
2022-01-04,4,2022,39.91,42.37,22.96,34.67,448.0,2.31,10.65,31.65,12.23,0.812,7.0,2022-01-04 02:00:00
2022-01-05,4,2022,45.0,38.21,20.62,41.17,417.0,2.39,13.92,30.91,12.57,0.877,6.9,2022-01-05 02:00:00
2022-01-06,4,2022,45.0,44.68,25.75,29.57,416.0,2.25,14.47,30.87,13.04,0.839,6.8,2022-01-06 02:00:00
2022-01-07,4,2022,42.55,40.83,21.83,37.34,421.0,2.32,12.63,32.47,14.73,0.697,6.9,2022-01-07 02:00:00
2022-01-08,4,2022,40.79,39.62,24.05,36.33,440.0,2.29,11.94,30.72,13.12,0.782,7.0,2022-01-08 02:00:00
2022-01-09,4,2022,42.72,41.15,22.03,36.82,424.0,2.36,11.41,29.82,14.58,0.801,6.9,2022-01-09 02:00:00
2022-01-10,4,2022,40.59,37.2,22.83,39.97,421.0,2.25,11.76,30.45,14.74,0.819,7.2,2022-01-10 02:00:00
2022-01-11,4,2022,36.97,41.76,25.63,32.61,419.0,2.26,12.94,32.43,13.39,0.841,6.8,2022-01-11 02:00:00
2022-01-12,4,2022,34.19,42.1,23.75,34.15,405.0,2.11,9.9,30.78,13.6,0.829,7.1,2022-01-12 02:00:00
2022-01-13,4,2022,32.06,43.07,23.41,33.52,412.0,2.42,10.79,32.13,13.97,0.762,6.9,2022-01-13 02:00:00
2022-01-14,4,2022,30.29,41.2,23.25,35.55,423.0,2.07,11.68,30.31,13.99,0.694,6.9,2022-01-14 02:00:00
2022-01-15,4,2022,29.6,46.07,23.45,30.48,413.0,2.14,13.41,31.17,14.12,0.89,6.8,2022-01-15 02:00:00
2022-01-16,4,2022,29.02,39.83,25.08,35.09,413.0,2.21,12.44,30.72,14.49,0.795,6.8,2022-01-16 02:00:00
2022-01-17,4,2022,28.02,44.64,23.6,31.76,427.0,2.57,13.29,29.94,12.89,0.803,7.0,2022-01-17 02:00:00
2022-01-18,4,2022,26.75,43.61,22.74,33.65,414.0,2.21,12.13,29.81,13.37,0.843,6.9,2022-01-18 02:00:00
2022-01-19,4,2022,26.2,41.18,24.22,34.6,414.0,2.15,12.68,30.4,13.36,0.773,7.0,2022-01-19 02:00:00
2022-01-20,4,2022,26.57,44.35,23.59,32.06,408.0,2.41,12.41,31.36,14.22,0.777,6.9,2022-01-20 02:00:00
2022-01-21,4,2022,27.37,42.21,22.66,35.13,418.0,1.99,13.3,30.29,13.87,0.82,6.9,2022-01-21 02:00:00
2022-01-22,4,2022,26.36,42.64,24.64,32.72,421.0,2.22,13.61,30.92,13.96,0.749,6.8,2022-01-22 02:00:00
2022-01-23,4,2022,22.85,43.71,24.91,31.38,433.0,2.03,10.33,31.7,15.34,0.822,6.9,2022-01-23 02:00:00
2022-01-24,4,2022,23.73,40.88,22.59,36.53,422.0,2.2,12.77,31.9,13.95,0.855,7.0,2022-01-24 02:00:00
2022-01-25,4,2022,24.51,39.17,21.43,39.4,434.0,2.39,13.05,31.09,11.48,0.808,7.0,2022-01-25 02:00:00
2022-01-26,4,2022,22.33,42.88,23.09,34.03,417.0,2.42,12.0,29.87,13.53,0.885,7.0,2022-01-26 02:00:00
2022-01-27,4,2022,17.93,42.55,23.27,34.18,434.0,2.57,11.12,32.25,14.8,0.838,7.0,2022-01-27 02:00:00
2022-01-28,4,2022,15.5,42.52,23.29,34.19,410.0,2.16,14.67,30.15,13.65,0.834,7.0,2022-01-28 02:00:00
2022-01-29,4,2022,19.74,39.76,23.01,37.23,424.0,2.43,9.84,32.67,13.37,0.856,6.9,2022-01-29 02:00:00
2022-01-30,4,2022,17.3,42.1,21.9,36.0,435.0,2.1,11.42,31.48,14.47,0.878,6.9,2022-01-30 02:00:00
2022-01-31,4,2022,17.04,41.79,22.3,35.91,412.0,2.19,13.97,31.71,14.24,0.82,6.9,2022-01-31 02:00:00
2022-02-01,4,2022,17.04,42.01,25.02,32.97,434.0,1.97,11.66,30.47,14.35,0.913,7.0,2022-02-01 02:00:00
2022-02-02,4,2022,14.14,39.26,23.85,36.89,437.0,2.22,11.34,29.51,14.2,0.832,7.1,2022-02-02 02:00:00
2022-02-03,4,2022,13.54,42.74,24.89,32.37,445.0,2.42,10.93,33.29,14.16,0.818,7.1,2022-02-03 02:00:00
2022-02-04,4,2022,11.46,41.73,26.34,31.93,439.0,2.34,11.0,31.68,13.55,0.841,6.8,2022-02-04 02:00:00
2022-02-05,4,2022,10.57,42.23,24.31,33.46,417.0,2.19,12.86,31.07,14.32,0.884,7.0,2022-02-05 02:00:00
2022-02-06,4,2022,11.5,42.05,26.2,31.75,422.0,1.97,12.69,31.26,14.54,0.773,7.0,2022-02-06 02:00:00
2022-02-07,4,2022,10.14,43.16,23.11,33.73,433.0,2.22,11.94,31.39,15.12,0.863,6.9,2022-02-07 02:00:00
2022-02-08,4,2022,7.07,44.31,23.69,32.0,424.0,2.21,12.34,33.1,13.45,0.836,7.1,2022-02-08 02:00:00
2022-02-09,4,2022,9.33,39.57,21.41,39.02,414.0,2.08,11.45,30.02,13.76,0.87,6.9,2022-02-09 02:00:00
2022-02-10,4,2022,8.63,45.0,24.38,30.62,439.0,2.36,12.14,32.66,14.4,0.801,7.1,2022-02-10 02:00:00
2022-02-11,4,2022,11.26,42.66,26.48,30.86,431.0,1.98,13.69,30.28,13.69,0.836,7.0,2022-02-11 02:00:00
2022-02-12,4,2022,8.15,38.45,24.08,37.47,432.0,2.22,12.83,31.6,13.8,0.795,7.1,2022-02-12 02:00:00
2022-02-13,4,2022,5.36,41.09,25.14,33.77,425.0,2.25,11.84,31.06,13.88,0.867,7.0,2022-02-13 02:00:00
2022-02-14,4,2022,5.0,43.12,23.18,33.7,431.0,2.17,10.85,30.53,13.54,0.725,6.9,2022-02-14 02:00:00
2022-02-15,4,2022,5.0,42.76,25.61,31.63,419.0,2.08,10.81,28.88,14.47,0.872,7.0,2022-02-15 02:00:00
2022-02-16,4,2022,5.0,44.33,27.7,27.97,427.0,2.03,13.02,28.55,14.7,0.817,6.9,2022-02-16 02:00:00
2022-02-17,4,2022,5.0,42.63,23.99,33.38,444.0,2.16,12.18,32.41,14.38,0.914,7.0,2022-02-17 02:00:00
2022-02-18,4,2022,5.0,41.23,21.7,37.07,430.0,2.41,10.56,31.6,13.29,0.779,7.0,2022-02-18 02:00:00
2022-02-19,4,2022,5.63,41.29,26.11,32.6,432.0,2.21,10.64,29.08,14.18,0.8,7.1,2022-02-19 02:00:00
2022-02-20,4,2022,5.49,39.46,23.72,36.82,408.0,2.06,12.08,30.09,14.0,0.804,6.8,2022-02-20 02:00:00
2022-02-21,4,2022,8.77,42.25,25.22,32.53,424.0,2.43,12.59,30.7,14.38,0.874,6.8,2022-02-21 02:00:00
2022-02-22,4,2022,7.43,42.07,24.52,33.41,425.0,2.16,11.99,31.19,14.89,0.902,7.0,2022-02-22 02:00:00
2022-02-23,4,2022,8.77,40.95,23.07,35.98,425.0,2.12,11.6,30.89,15.17,0.763,6.9,2022-02-23 02:00:00
2022-02-24,4,2022,6.92,40.19,23.46,36.35,435.0,2.34,13.48,30.51,14.51,0.802,6.9,2022-02-24 02:00:00
2022-02-25,4,2022,6.4,45.99,25.78,28.23,444.0,2.35,12.61,29.62,13.76,0.939,6.9,2022-02-25 02:00:00
2022-02-26,4,2022,5.0,39.78,25.23,34.99,431.0,2.19,12.36,29.42,13.52,0.765,6.8,2022-02-26 02:00:00
2022-02-27,4,2022,5.81,40.72,24.74,34.54,438.0,2.27,12.23,31.51,13.66,0.82,7.1,2022-02-27 02:00:00
2022-02-28,4,2022,5.0,37.54,22.92,39.54,446.0,2.28,11.67,31.73,13.98,0.913,6.9,2022-02-28 02:00:00
2022-03-01,4,2022,5.31,41.8,23.52,34.68,454.0,2.11,10.54,31.7,13.7,0.834,6.9,2022-03-01 02:00:00
2022-03-02,4,2022,5.0,40.69,24.37,34.94,420.0,1.95,10.66,32.07,13.05,0.878,6.9,2022-03-02 02:00:00
2022-03-03,4,2022,8.19,45.3,27.37,27.33,446.0,2.24,14.05,30.24,15.31,0.768,6.9,2022-03-03 02:00:00
2022-03-04,4,2022,5.0,40.5,24.95,34.55,434.0,2.2,11.71,31.18,13.34,0.893,7.0,2022-03-04 02:00:00
2022-03-05,4,2022,6.11,44.87,24.27,30.86,422.0,1.98,11.83,33.13,13.61,0.888,6.8,2022-03-05 02:00:00
2022-03-06,4,2022,10.88,44.12,25.5,30.38,434.0,2.48,11.37,29.81,13.23,0.913,7.0,2022-03-06 02:00:00
2022-03-07,4,2022,17.06,44.43,25.19,30.38,444.0,1.91,13.92,29.49,13.34,0.842,7.0,2022-03-07 02:00:00
2022-03-08,4,2022,14.26,42.34,23.4,34.26,447.0,2.03,9.61,31.84,13.6,0.912,7.0,2022-03-08 02:00:00
2022-03-09,4,2022,13.57,46.83,24.78,28.39,444.0,2.08,11.36,30.53,14.42,0.868,7.0,2022-03-09 02:00:00
2022-03-10,4,2022,17.27,40.89,21.28,37.83,439.0,2.02,11.45,30.92,12.66,0.857,6.9,2022-03-10 02:00:00
2022-03-11,4,2022,28.9,42.36,23.87,33.77,436.0,2.31,12.94,31.44,14.72,0.943,7.0,2022-03-11 02:00:00
2022-03-12,4,2022,24.74,42.3,25.22,32.48,424.0,2.47,11.09,30.85,13.74,0.908,6.8,2022-03-12 02:00:00
2022-03-13,4,2022,27.19,39.55,24.35,36.1,408.0,2.26,13.24,29.11,13.05,0.834,6.8,2022-03-13 02:00:00
2022-03-14,4,2022,25.34,44.44,24.15,31.41,429.0,2.06,9.29,31.39,14.47,0.865,7.0,2022-03-14 02:00:00
2022-03-15,4,2022,23.06,38.88,22.25,38.87,439.0,2.21,13.46,30.72,14.38,0.874,6.9,2022-03-15 02:00:00
2022-03-16,4,2022,20.25,37.01,24.73,38.26,433.0,2.43,11.7,30.76,14.82,0.809,6.8,2022-03-16 02:00:00
2022-03-17,4,2022,19.97,41.85,25.22,32.93,427.0,2.03,12.15,31.14,13.94,0.802,7.1,2022-03-17 02:00:00
2022-03-18,4,2022,18.78,42.87,24.06,33.07,429.0,2.09,10.87,31.42,13.83,0.895,7.2,2022-03-18 02:00:00
2022-03-19,4,2022,17.22,38.22,22.95,38.83,425.0,2.24,12.8,31.35,14.75,0.922,6.9,2022-03-19 02:00:00
2022-03-20,4,2022,18.27,41.18,24.77,34.05,455.0,2.1,11.32,31.15,13.35,0.895,7.0,2022-03-20 02:00:00
2022-03-21,4,2022,20.76,43.14,22.6,34.26,425.0,2.41,12.89,29.87,14.09,0.836,6.9,2022-03-21 02:00:00
2022-03-22,4,2022,21.09,42.0,24.18,33.82,435.0,2.22,11.82,30.41,13.42,0.966,7.0,2022-03-22 02:00:00
2022-03-23,4,2022,19.93,41.67,26.19,32.14,424.0,2.0,12.34,30.13,13.6,0.887,7.0,2022-03-23 02:00:00
2022-03-24,4,2022,18.76,39.12,23.31,37.57,455.0,2.05,11.02,29.36,12.13,0.823,7.2,2022-03-24 02:00:00
2022-03-25,4,2022,18.25,43.81,21.51,34.68,426.0,2.01,11.76,30.71,13.41,0.867,6.9,2022-03-25 02:00:00
2022-03-26,4,2022,18.18,39.43,22.95,37.62,447.0,1.97,12.28,30.96,14.94,0.859,6.9,2022-03-26 02:00:00
2022-03-27,4,2022,16.74,41.56,23.04,35.4,426.0,2.37,13.86,30.78,13.89,0.915,6.8,2022-03-27 02:00:00
2022-03-28,4,2022,16.14,42.32,23.51,34.17,431.0,2.23,9.47,31.62,14.43,1.02,6.8,2022-03-28 02:00:00
2022-03-29,4,2022,19.17,43.15,23.98,32.87,443.0,2.21,12.85,30.78,14.16,0.948,6.9,2022-03-29 02:00:00
2022-03-30,4,2022,15.58,39.59,27.42,32.99,417.0,2.18,12.77,30.54,14.37,0.855,7.1,2022-03-30 02:00:00
2022-03-31,4,2022,15.25,40.28,25.93,33.79,426.0,2.45,12.23,30.56,13.51,0.925,6.9,2022-03-31 02:00:00
2022-04-01,4,2022,13.91,44.63,24.21,31.16,428.0,2.43,13.69,30.8,14.63,0.909,6.8,2022-04-01 02:00:00
2022-04-02,4,2022,17.16,41.7,25.51,32.79,450.0,1.87,14.06,30.42,14.04,0.95,6.8,2022-04-02 02:00:00
2022-04-03,4,2022,17.36,45.27,22.56,32.17,416.0,2.39,10.25,30.6,14.38,0.927,6.9,2022-04-03 02:00:00
2022-04-04,4,2022,12.15,41.5,24.26,34.24,438.0,1.96,11.64,30.57,12.63,0.856,7.0,2022-04-04 02:00:00
2022-04-05,4,2022,12.46,42.07,21.99,35.94,423.0,2.1,10.65,30.85,13.72,0.907,6.9,2022-04-05 02:00:00
2022-04-06,4,2022,10.6,38.1,25.32,36.58,448.0,2.46,12.26,30.7,13.13,0.882,7.0,2022-04-06 02:00:00
2022-04-07,4,2022,9.62,43.87,24.27,31.86,428.0,2.29,11.57,30.28,13.39,1.022,6.8,2022-04-07 02:00:00
2022-04-08,4,2022,17.27,47.3,22.0,30.7,439.0,2.22,14.59,30.23,13.41,0.934,6.9,2022-04-08 02:00:00
2022-04-09,4,2022,14.34,41.14,25.11,33.75,438.0,2.03,12.53,32.19,14.22,0.782,6.9,2022-04-09 02:00:00
2022-04-10,4,2022,16.56,36.82,23.02,40.16,434.0,2.3,12.61,32.52,13.51,0.861,6.9,2022-04-10 02:00:00
2022-04-11,4,2022,13.08,38.95,24.66,36.39,434.0,2.34,9.98,31.13,14.21,0.985,7.1,2022-04-11 02:00:00
2022-04-12,4,2022,12.14,43.25,24.03,32.72,440.0,2.44,12.17,31.47,13.57,0.869,7.1,2022-04-12 02:00:00
2022-04-13,4,2022,12.27,45.43,23.22,31.35,439.0,2.26,13.14,30.61,13.57,0.923,6.9,2022-04-13 02:00:00
2022-04-14,4,2022,13.24,45.82,23.19,30.99,435.0,2.27,11.59,29.23,14.66,0.81,7.0,2022-04-14 02:00:00
2022-04-15,4,2022,13.95,42.19,24.13,33.68,454.0,2.14,14.22,31.33,13.94,1.0,7.0,2022-04-15 02:00:00
2022-04-16,4,2022,13.4,40.71,23.76,35.53,430.0,2.1,10.82,31.82,13.33,0.868,7.0,2022-04-16 02:00:00
2022-04-17,4,2022,10.52,38.73,22.8,38.47,444.0,2.13,13.38,31.02,12.63,0.821,6.9,2022-04-17 02:00:00
2022-04-18,4,2022,12.0,39.67,22.3,38.03,428.0,2.14,14.76,31.45,13.72,0.947,6.8,2022-04-18 02:00:00
2022-04-19,4,2022,13.64,40.72,23.16,36.12,451.0,2.35,12.21,29.79,13.93,0.942,7.0,2022-04-19 02:00:00
2022-04-20,4,2022,13.43,41.27,23.74,34.99,434.0,2.35,11.2,31.6,13.63,0.797,6.9,2022-04-20 02:00:00
2022-04-21,4,2022,10.86,39.7,24.02,36.28,440.0,2.2,11.93,32.46,14.84,0.894,7.1,2022-04-21 02:00:00
2022-04-22,4,2022,8.92,43.87,26.13,30.0,433.0,2.09,12.53,30.16,14.45,0.861,6.9,2022-04-22 02:00:00
2022-04-23,4,2022,11.41,41.63,22.23,36.14,440.0,2.26,12.2,33.02,13.83,1.005,6.9,2022-04-23 02:00:00
2022-04-24,4,2022,9.8,42.63,27.21,30.16,457.0,2.16,12.42,31.14,13.12,0.901,6.9,2022-04-24 02:00:00
2022-04-25,4,2022,8.38,40.82,25.37,33.81,426.0,2.3,10.48,32.12,13.3,0.94,6.8,2022-04-25 02:00:00
2022-04-26,4,2022,5.0,41.47,25.63,32.9,448.0,2.25,11.75,32.74,13.47,0.902,6.8,2022-04-26 02:00:00
2022-04-27,4,2022,9.53,44.07,24.01,31.92,428.0,2.28,13.18,32.28,14.84,0.876,7.1,2022-04-27 02:00:00
2022-04-28,4,2022,11.97,41.29,22.87,35.84,439.0,2.42,11.35,32.14,13.81,0.938,6.9,2022-04-28 02:00:00
2022-04-29,4,2022,10.56,41.49,24.34,34.17,433.0,2.2,12.91,30.22,13.81,0.918,6.8,2022-04-29 02:00:00
2022-04-30,4,2022,10.49,37.67,22.73,39.6,453.0,2.32,11.52,31.72,14.66,0.904,7.0,2022-04-30 02:00:00
2022-05-01,4,2022,9.33,40.81,26.6,32.59,448.0,2.28,11.3,29.52,14.02,0.825,6.9,2022-05-01 02:00:00
2022-05-02,4,2022,8.27,44.72,24.92,30.36,449.0,2.24,12.59,32.29,14.43,0.905,6.9,2022-05-02 02:00:00
2022-05-03,4,2022,5.86,44.56,22.16,33.28,441.0,1.98,13.24,31.64,13.87,0.916,6.8,2022-05-03 02:00:00
2022-05-04,4,2022,11.96,40.14,24.38,35.48,442.0,2.14,11.99,32.29,13.7,0.958,7.0,2022-05-04 02:00:00
2022-05-05,4,2022,10.51,41.51,23.26,35.23,441.0,2.31,11.18,31.21,14.53,0.852,6.9,2022-05-05 02:00:00
2022-05-06,4,2022,10.34,38.46,23.38,38.16,456.0,2.02,11.28,31.18,15.15,0.892,7.0,2022-05-06 02:00:00
2022-05-07,4,2022,7.01,40.81,26.29,32.9,447.0,2.17,13.14,31.63,13.2,0.83,6.8,2022-05-07 02:00:00
2022-05-08,4,2022,14.05,42.01,23.16,34.83,456.0,2.26,12.75,31.57,13.55,0.894,6.9,2022-05-08 02:00:00
2022-05-09,4,2022,18.4,40.0,24.34,35.66,427.0,2.21,12.57,30.27,13.81,0.89,6.8,2022-05-09 02:00:00
2022-05-10,4,2022,25.58,44.73,22.53,32.74,427.0,2.36,10.25,32.33,13.64,0.918,6.8,2022-05-10 02:00:00
2022-05-11,4,2022,24.53,43.42,25.65,30.93,436.0,2.17,11.26,31.14,13.09,0.941,6.8,2022-05-11 02:00:00
2022-05-12,4,2022,22.13,42.2,24.37,33.43,428.0,2.23,11.86,30.07,15.04,0.898,6.9,2022-05-12 02:00:00
2022-05-13,4,2022,25.41,39.46,24.08,36.46,442.0,2.33,10.57,30.65,15.5,0.893,6.9,2022-05-13 02:00:00
2022-05-14,4,2022,20.96,42.19,22.58,35.23,435.0,2.16,12.66,29.43,15.64,0.826,6.9,2022-05-14 02:00:00
2022-05-15,4,2022,22.07,40.49,24.26,35.25,446.0,2.09,12.81,31.52,14.08,0.972,6.9,2022-05-15 02:00:00
2022-05-16,4,2022,27.5,42.22,23.63,34.15,440.0,2.11,11.04,31.7,13.61,0.826,7.0,2022-05-16 02:00:00
2022-05-17,4,2022,27.2,41.86,24.24,33.9,434.0,2.2,11.95,31.13,14.85,0.962,6.8,2022-05-17 02:00:00
2022-05-18,4,2022,25.34,42.58,23.24,34.18,438.0,2.57,10.75,29.77,15.05,0.961,6.7,2022-05-18 02:00:00
2022-05-19,4,2022,23.62,43.08,22.65,34.27,456.0,2.21,11.91,30.93,14.99,0.911,6.7,2022-05-19 02:00:00
2022-05-20,4,2022,20.97,41.32,25.39,33.29,446.0,2.37,14.15,32.51,13.82,1.009,6.8,2022-05-20 02:00:00
2022-05-21,4,2022,19.93,39.13,23.22,37.65,428.0,2.0,12.29,28.07,14.16,0.951,7.0,2022-05-21 02:00:00
2022-05-22,4,2022,22.48,44.49,25.29,30.22,450.0,2.43,12.52,30.65,13.94,0.937,6.8,2022-05-22 02:00:00
2022-05-23,4,2022,27.35,41.94,22.08,35.98,449.0,2.21,13.63,30.22,14.23,0.958,6.9,2022-05-23 02:00:00
2022-05-24,4,2022,26.31,40.95,24.61,34.44,441.0,2.26,11.5,31.46,13.03,0.921,6.8,2022-05-24 02:00:00
2022-05-25,4,2022,22.36,45.53,26.77,27.7,447.0,2.17,10.25,30.94,12.34,0.904,6.9,2022-05-25 02:00:00
2022-05-26,4,2022,20.42,39.72,22.56,37.72,447.0,1.96,11.98,29.98,13.55,0.907,6.7,2022-05-26 02:00:00
2022-05-27,4,2022,19.64,44.44,27.33,28.23,451.0,2.13,12.27,30.61,14.22,0.942,6.8,2022-05-27 02:00:00
2022-05-28,4,2022,19.78,40.34,26.88,32.78,469.0,2.07,11.15,29.96,14.08,0.92,7.0,2022-05-28 02:00:00
2022-05-29,4,2022,16.98,41.52,25.35,33.13,447.0,2.23,13.88,30.67,14.51,0.919,6.8,2022-05-29 02:00:00
2022-05-30,4,2022,21.34,42.09,25.19,32.72,454.0,2.12,12.25,33.26,15.6,0.948,6.7,2022-05-30 02:00:00
2022-05-31,4,2022,18.75,44.18,24.11,31.71,455.0,2.24,11.03,31.8,14.75,0.91,6.8,2022-05-31 02:00:00
2022-06-01,4,2022,18.02,43.85,23.61,32.54,447.0,2.16,11.85,29.93,13.39,0.961,6.8,2022-06-01 02:00:00
2022-06-02,4,2022,16.55,40.46,22.92,36.62,450.0,2.22,11.26,30.26,14.6,0.966,6.8,2022-06-02 02:00:00
2022-06-03,4,2022,18.85,43.04,21.55,35.41,449.0,2.09,11.77,28.23,13.38,0.962,6.6,2022-06-03 02:00:00
2022-06-04,4,2022,16.39,44.09,20.21,35.7,425.0,2.31,11.67,30.84,13.63,1.047,6.8,2022-06-04 02:00:00
2022-06-05,4,2022,14.06,44.57,21.2,34.23,449.0,2.16,11.28,32.11,13.81,0.915,6.9,2022-06-05 02:00:00
2022-06-06,4,2022,15.73,41.69,22.78,35.53,432.0,2.15,11.68,30.39,13.71,0.952,6.9,2022-06-06 02:00:00
2022-06-07,4,2022,13.23,44.66,25.19,30.15,426.0,2.16,13.31,30.79,13.77,0.921,6.8,2022-06-07 02:00:00
2022-06-08,4,2022,20.49,40.15,25.84,34.01,459.0,2.26,13.95,30.95,14.18,0.98,6.9,2022-06-08 02:00:00
2022-06-09,4,2022,18.5,37.86,26.13,36.01,446.0,2.22,13.41,30.96,12.94,1.042,6.8,2022-06-09 02:00:00
2022-06-10,4,2022,19.86,41.11,24.5,34.39,450.0,2.26,10.6,30.18,13.26,1.03,6.8,2022-06-10 02:00:00
2022-06-11,4,2022,25.45,41.62,25.95,32.43,421.0,2.0,13.1,31.67,13.86,1.045,6.8,2022-06-11 02:00:00
2022-06-12,4,2022,24.25,42.49,22.76,34.75,441.0,2.34,11.51,32.75,13.67,0.949,6.9,2022-06-12 02:00:00
2022-06-13,4,2022,23.74,43.63,21.1,35.27,449.0,2.12,12.36,31.58,12.9,0.945,6.8,2022-06-13 02:00:00
2022-06-14,4,2022,27.17,42.81,24.28,32.91,457.0,2.26,12.54,29.79,15.19,0.997,6.8,2022-06-14 02:00:00
2022-06-15,4,2022,28.07,41.26,26.7,32.04,449.0,2.37,14.4,31.86,13.92,0.932,6.8,2022-06-15 02:00:00
2022-06-16,4,2022,24.28,42.23,25.44,32.33,452.0,2.01,11.57,31.87,13.33,0.974,6.9,2022-06-16 02:00:00
2022-06-17,4,2022,25.28,44.9,23.11,31.99,450.0,2.17,11.35,32.19,13.93,0.93,7.1,2022-06-17 02:00:00
2022-06-18,4,2022,31.19,45.55,21.79,32.66,445.0,2.3,13.46,30.22,13.34,0.917,6.8,2022-06-18 02:00:00
2022-06-19,4,2022,33.43,39.69,25.82,34.49,442.0,2.27,12.23,30.34,15.12,0.945,6.8,2022-06-19 02:00:00
2022-06-20,4,2022,30.35,41.33,25.83,32.84,465.0,2.31,12.7,31.2,14.15,0.835,6.8,2022-06-20 02:00:00
2022-06-21,4,2022,36.5,39.99,26.96,33.05,451.0,2.02,13.23,31.9,15.14,1.002,6.8,2022-06-21 02:00:00
2022-06-22,4,2022,41.7,41.38,24.56,34.06,459.0,2.04,10.92,31.89,14.18,0.978,6.8,2022-06-22 02:00:00
2022-06-23,4,2022,40.72,44.36,23.1,32.54,430.0,2.16,11.85,29.33,12.8,0.989,6.8,2022-06-23 02:00:00
2022-06-24,4,2022,38.05,40.19,23.52,36.29,438.0,2.17,10.19,31.31,13.52,0.975,6.9,2022-06-24 02:00:00
2022-06-25,4,2022,34.41,41.87,23.67,34.46,443.0,2.31,13.33,31.44,13.23,0.88,6.7,2022-06-25 02:00:00
2022-06-26,4,2022,36.21,43.36,20.91,35.73,458.0,2.18,12.02,31.6,14.18,0.928,6.8,2022-06-26 02:00:00
2022-06-27,4,2022,33.27,40.33,24.28,35.39,446.0,2.51,15.31,30.32,13.45,0.932,6.8,2022-06-27 02:00:00
2022-06-28,4,2022,33.2,43.48,23.83,32.69,455.0,2.33,11.61,32.06,14.59,0.994,6.7,2022-06-28 02:00:00
2022-06-29,4,2022,33.02,42.08,24.89,33.03,449.0,2.3,10.24,29.97,13.95,0.967,6.9,2022-06-29 02:00:00
2022-06-30,4,2022,33.03,42.18,25.48,32.34,444.0,2.32,11.23,29.03,12.82,0.977,6.9,2022-06-30 02:00:00
2022-07-01,4,2022,30.41,45.39,24.88,29.73,458.0,2.13,11.67,32.1,15.48,0.877,7.0,2022-07-01 02:00:00
2022-07-02,4,2022,27.55,41.29,20.35,38.36,436.0,2.14,13.11,31.73,14.79,0.979,7.0,2022-07-02 02:00:00
2022-07-03,4,2022,25.28,43.3,24.08,32.62,435.0,2.23,12.11,31.12,14.83,0.905,6.8,2022-07-03 02:00:00
2022-07-04,4,2022,26.06,41.44,23.63,34.93,444.0,2.05,10.56,30.32,13.61,1.007,6.8,2022-07-04 02:00:00
2022-07-05,4,2022,24.98,41.33,24.8,33.87,445.0,2.15,10.19,31.92,13.66,0.906,6.9,2022-07-05 02:00:00
2022-07-06,4,2022,22.8,45.29,22.68,32.03,471.0,2.25,11.96,31.22,14.33,0.923,6.9,2022-07-06 02:00:00
2022-07-07,4,2022,21.87,44.64,23.69,31.67,435.0,2.24,10.03,31.72,14.78,0.95,6.9,2022-07-07 02:00:00
2022-07-08,4,2022,26.89,42.34,21.0,36.66,452.0,2.15,11.95,32.26,15.02,0.968,6.9,2022-07-08 02:00:00
2022-07-09,4,2022,25.74,41.81,22.71,35.48,455.0,2.32,12.6,30.85,13.24,0.951,6.8,2022-07-09 02:00:00
2022-07-10,4,2022,24.05,42.43,23.13,34.44,455.0,2.43,13.49,30.13,14.25,0.989,6.7,2022-07-10 02:00:00
2022-07-11,4,2022,24.33,43.31,23.73,32.96,453.0,2.29,11.01,31.84,12.58,1.022,6.8,2022-07-11 02:00:00
2022-07-12,4,2022,22.39,41.88,24.66,33.46,460.0,2.33,12.13,28.92,14.58,0.944,6.9,2022-07-12 02:00:00
2022-07-13,4,2022,21.07,43.96,20.83,35.21,454.0,2.22,11.35,30.8,14.14,1.002,6.7,2022-07-13 02:00:00
2022-07-14,4,2022,17.9,40.17,25.74,34.09,462.0,2.16,11.21,31.04,11.47,0.988,6.8,2022-07-14 02:00:00
2022-07-15,4,2022,15.56,41.2,24.03,34.77,452.0,2.17,11.84,29.27,12.68,0.944,6.7,2022-07-15 02:00:00
2022-07-16,4,2022,23.93,41.19,23.31,35.5,467.0,2.27,13.26,29.99,14.41,1.025,6.8,2022-07-16 02:00:00
2022-07-17,4,2022,21.22,43.37,25.8,30.83,450.0,2.28,12.68,30.71,13.07,1.007,6.7,2022-07-17 02:00:00
2022-07-18,4,2022,17.5,39.09,25.96,34.95,455.0,2.02,11.45,30.09,14.75,0.999,6.9,2022-07-18 02:00:00
2022-07-19,4,2022,19.73,44.22,25.55,30.23,439.0,2.08,11.97,32.08,12.58,1.028,6.8,2022-07-19 02:00:00
2022-07-20,4,2022,17.87,37.29,20.55,42.16,461.0,2.1,15.18,29.77,14.95,0.97,6.8,2022-07-20 02:00:00
2022-07-21,4,2022,16.38,43.64,24.02,32.34,443.0,2.42,9.88,31.33,13.98,1.02,6.8,2022-07-21 02:00:00
2022-07-22,4,2022,15.43,41.91,23.46,34.63,452.0,2.36,12.01,29.73,14.28,0.973,6.8,2022-07-22 02:00:00
2022-07-23,4,2022,13.15,36.98,26.08,36.94,447.0,2.05,9.79,30.7,14.65,0.996,6.8,2022-07-23 02:00:00
2022-07-24,4,2022,13.85,41.37,24.31,34.32,449.0,2.22,12.72,30.69,12.86,0.956,7.1,2022-07-24 02:00:00
2022-07-25,4,2022,14.68,43.21,23.0,33.79,470.0,1.92,10.67,30.42,12.58,1.063,6.9,2022-07-25 02:00:00
2022-07-26,4,2022,13.26,45.61,24.41,29.98,462.0,2.17,10.54,33.6,14.9,0.99,6.7,2022-07-26 02:00:00
2022-07-27,4,2022,13.55,41.21,25.44,33.35,444.0,2.21,13.22,30.86,13.93,0.978,6.7,2022-07-27 02:00:00
2022-07-28,4,2022,12.79,37.51,23.37,39.12,460.0,2.12,13.51,30.88,14.49,0.945,6.9,2022-07-28 02:00:00
2022-07-29,4,2022,11.22,42.67,22.36,34.97,441.0,2.31,10.6,30.09,13.75,1.024,7.0,2022-07-29 02:00:00
2022-07-30,4,2022,17.48,40.68,24.53,34.79,458.0,2.17,11.25,29.63,13.2,1.067,6.7,2022-07-30 02:00:00
2022-07-31,4,2022,15.51,40.47,22.55,36.98,446.0,2.27,12.55,31.35,14.35,0.92,6.8,2022-07-31 02:00:00
2022-08-01,4,2022,14.27,40.96,22.11,36.93,454.0,1.83,11.59,30.27,14.71,1.028,6.8,2022-08-01 02:00:00
2022-08-02,4,2022,11.47,43.12,26.25,30.63,441.0,2.25,11.52,30.77,13.4,1.063,6.7,2022-08-02 02:00:00
2022-08-03,4,2022,9.32,44.23,21.94,33.83,445.0,1.95,12.52,31.85,13.97,1.076,7.1,2022-08-03 02:00:00
2022-08-04,4,2022,20.7,42.11,24.71,33.18,461.0,2.52,13.03,29.62,14.07,1.002,6.7,2022-08-04 02:00:00
2022-08-05,4,2022,17.31,43.78,23.49,32.73,455.0,2.39,10.28,29.64,13.23,0.981,6.7,2022-08-05 02:00:00
2022-08-06,4,2022,20.31,40.85,24.14,35.01,453.0,2.45,9.7,29.41,14.76,1.074,6.9,2022-08-06 02:00:00
2022-08-07,4,2022,22.31,42.1,23.4,34.5,453.0,2.11,12.31,30.37,15.26,1.044,6.8,2022-08-07 02:00:00
2022-08-08,4,2022,20.93,41.12,24.28,34.6,469.0,2.26,13.02,30.53,14.9,1.098,6.9,2022-08-08 02:00:00
2022-08-09,4,2022,20.02,41.48,24.16,34.36,439.0,2.3,11.82,31.25,13.28,1.078,6.7,2022-08-09 02:00:00
2022-08-10,4,2022,26.4,38.17,22.72,39.11,456.0,2.35,10.47,29.83,14.5,1.062,6.7,2022-08-10 02:00:00
2022-08-11,4,2022,27.92,42.98,28.53,28.49,464.0,2.27,11.34,30.23,14.58,1.015,7.0,2022-08-11 02:00:00
2022-08-12,4,2022,27.91,42.82,25.06,32.12,462.0,2.2,13.06,31.77,14.51,0.942,6.7,2022-08-12 02:00:00
2022-08-13,4,2022,24.18,41.2,24.69,34.11,449.0,2.24,12.99,30.37,13.49,0.992,7.0,2022-08-13 02:00:00
2022-08-14,4,2022,24.38,40.01,24.88,35.11,459.0,2.23,13.21,31.71,15.02,1.086,6.8,2022-08-14 02:00:00
2022-08-15,4,2022,21.82,41.17,23.24,35.59,458.0,2.3,12.11,30.37,14.68,0.935,6.6,2022-08-15 02:00:00
2022-08-16,4,2022,24.98,44.17,23.93,31.9,461.0,2.06,12.72,30.09,13.32,1.065,6.9,2022-08-16 02:00:00
2022-08-17,4,2022,23.4,41.11,28.58,30.31,463.0,2.32,10.97,32.49,15.51,0.953,7.0,2022-08-17 02:00:00
2022-08-18,4,2022,27.31,42.18,23.72,34.1,460.0,2.2,11.8,31.23,13.6,0.923,6.7,2022-08-18 02:00:00
2022-08-19,4,2022,23.02,43.03,26.88,30.09,459.0,2.33,10.61,31.63,13.57,1.02,6.9,2022-08-19 02:00:00
2022-08-20,4,2022,20.68,42.8,21.8,35.4,470.0,2.34,13.37,31.13,14.29,0.996,6.8,2022-08-20 02:00:00
2022-08-21,4,2022,26.2,43.34,26.75,29.91,474.0,2.37,12.33,31.9,13.18,1.01,6.6,2022-08-21 02:00:00
2022-08-22,4,2022,21.28,42.28,24.16,33.56,460.0,2.19,11.49,30.84,14.98,0.979,6.8,2022-08-22 02:00:00
2022-08-23,4,2022,26.79,39.59,24.85,35.56,468.0,2.1,11.55,29.74,13.69,1.012,6.9,2022-08-23 02:00:00
2022-08-24,4,2022,25.93,45.17,23.44,31.39,452.0,2.0,10.31,30.93,13.56,0.991,6.8,2022-08-24 02:00:00
2022-08-25,4,2022,24.7,46.56,26.68,26.76,465.0,1.96,13.0,31.16,13.25,1.049,6.8,2022-08-25 02:00:00
2022-08-26,4,2022,25.54,42.23,21.42,36.35,458.0,2.13,11.42,33.45,14.62,0.952,6.8,2022-08-26 02:00:00
2022-08-27,4,2022,27.48,44.01,23.63,32.36,463.0,2.06,13.55,31.18,12.67,1.061,6.9,2022-08-27 02:00:00
2022-08-28,4,2022,28.36,44.43,23.38,32.19,459.0,2.25,13.07,31.81,14.26,1.048,6.6,2022-08-28 02:00:00
2022-08-29,4,2022,25.65,42.74,22.58,34.68,463.0,2.2,12.93,30.92,13.71,0.979,7.0,2022-08-29 02:00:00
2022-08-30,4,2022,22.64,41.61,23.01,35.38,446.0,2.19,10.34,30.08,13.7,1.01,6.7,2022-08-30 02:00:00
2022-08-31,4,2022,21.54,37.14,23.06,39.8,457.0,2.27,11.02,31.72,13.6,1.042,6.8,2022-08-31 02:00:00
2022-09-01,4,2022,18.02,42.05,24.29,33.66,465.0,2.17,12.09,30.56,13.92,1.149,7.0,2022-09-01 02:00:00
2022-09-02,4,2022,18.5,41.24,22.32,36.44,445.0,2.15,10.96,31.8,14.73,0.967,6.8,2022-09-02 02:00:00
2022-09-03,4,2022,15.38,46.17,24.02,29.81,475.0,2.47,12.09,32.42,14.51,1.047,7.0,2022-09-03 02:00:00
2022-09-04,4,2022,18.02,48.0,25.44,26.56,463.0,1.93,10.32,30.76,14.57,1.018,6.7,2022-09-04 02:00:00
2022-09-05,4,2022,16.28,41.06,20.01,38.93,448.0,2.35,12.38,30.67,13.89,1.041,7.0,2022-09-05 02:00:00
2022-09-06,4,2022,12.61,43.52,22.26,34.22,476.0,2.34,12.67,30.03,13.22,1.075,6.8,2022-09-06 02:00:00
2022-09-07,4,2022,11.47,44.1,22.97,32.93,457.0,2.26,10.07,30.44,14.7,1.063,6.7,2022-09-07 02:00:00
2022-09-08,4,2022,17.89,39.06,26.43,34.51,457.0,2.17,14.29,30.42,13.85,1.013,6.7,2022-09-08 02:00:00
2022-09-09,4,2022,14.01,42.58,23.46,33.96,472.0,2.23,10.56,30.75,13.07,1.033,6.7,2022-09-09 02:00:00
2022-09-10,4,2022,14.23,40.18,24.25,35.57,447.0,2.34,11.5,29.59,14.53,1.05,6.6,2022-09-10 02:00:00
2022-09-11,4,2022,10.44,43.33,24.62,32.05,463.0,1.97,12.71,31.52,13.73,1.078,6.9,2022-09-11 02:00:00
2022-09-12,4,2022,15.19,40.95,22.13,36.92,475.0,2.22,11.78,31.36,15.3,1.074,6.8,2022-09-12 02:00:00
2022-09-13,4,2022,19.18,40.39,23.53,36.08,435.0,2.06,10.11,29.94,14.39,0.997,6.7,2022-09-13 02:00:00
2022-09-14,4,2022,21.95,41.39,23.27,35.34,468.0,2.38,10.78,31.38,13.29,1.065,6.9,2022-09-14 02:00:00
2022-09-15,4,2022,21.09,38.38,24.47,37.15,469.0,2.07,14.16,31.92,13.29,0.994,6.7,2022-09-15 02:00:00
2022-09-16,4,2022,19.66,41.97,24.97,33.06,450.0,2.08,12.77,32.17,14.41,1.068,6.7,2022-09-16 02:00:00
2022-09-17,4,2022,17.49,43.12,27.93,28.95,450.0,1.91,13.44,33.47,12.97,1.001,6.6,2022-09-17 02:00:00
2022-09-18,4,2022,14.48,35.95,25.61,38.44,452.0,2.05,12.51,31.36,14.08,1.019,7.0,2022-09-18 02:00:00
2022-09-19,4,2022,17.08,41.64,26.72,31.64,456.0,2.13,10.21,31.78,12.51,1.023,6.7,2022-09-19 02:00:00
2022-09-20,4,2022,17.97,43.04,21.99,34.97,459.0,2.47,11.3,30.58,14.53,1.0,6.9,2022-09-20 02:00:00
2022-09-21,4,2022,15.05,40.46,26.51,33.03,458.0,2.14,12.63,30.11,14.21,0.992,6.9,2022-09-21 02:00:00
2022-09-22,4,2022,16.77,41.4,24.85,33.75,467.0,1.97,12.3,30.42,15.72,1.117,6.9,2022-09-22 02:00:00
2022-09-23,4,2022,15.99,41.33,23.39,35.28,471.0,2.43,11.79,29.87,13.24,1.193,6.7,2022-09-23 02:00:00
2022-09-24,4,2022,13.69,37.65,23.56,38.79,457.0,2.17,10.45,31.48,15.34,1.092,6.7,2022-09-24 02:00:00
2022-09-25,4,2022,19.21,39.14,21.72,39.14,451.0,2.17,12.52,29.28,14.69,1.102,6.7,2022-09-25 02:00:00
2022-09-26,4,2022,20.58,39.92,24.06,36.02,490.0,2.27,13.1,30.32,13.6,1.046,7.1,2022-09-26 02:00:00
2022-09-27,4,2022,17.49,44.35,24.49,31.16,460.0,2.15,11.55,31.59,13.55,1.038,6.7,2022-09-27 02:00:00
2022-09-28,4,2022,18.86,38.79,23.82,37.39,461.0,2.2,11.56,31.43,14.78,1.149,6.9,2022-09-28 02:00:00
2022-09-29,4,2022,19.26,40.64,24.3,35.06,477.0,1.98,10.47,29.36,14.45,1.057,6.9,2022-09-29 02:00:00
2022-09-30,4,2022,16.78,42.39,25.69,31.92,469.0,2.36,13.02,31.15,14.55,1.041,6.6,2022-09-30 02:00:00
2022-10-01,4,2022,14.09,42.57,22.59,34.84,459.0,1.82,14.69,31.36,14.24,1.118,6.8,2022-10-01 02:00:00
2022-10-02,4,2022,11.43,41.61,23.26,35.13,450.0,2.13,11.59,32.28,13.85,1.006,6.7,2022-10-02 02:00:00
2022-10-03,4,2022,10.84,43.9,24.49,31.61,461.0,2.46,11.95,30.93,14.55,1.046,6.6,2022-10-03 02:00:00
2022-10-04,4,2022,28.24,43.51,25.87,30.62,466.0,2.16,12.46,30.93,12.15,1.038,6.9,2022-10-04 02:00:00
2022-10-05,4,2022,27.14,41.26,24.06,34.68,473.0,2.37,10.92,30.73,15.59,1.072,6.9,2022-10-05 02:00:00
2022-10-06,4,2022,25.89,40.86,26.28,32.86,466.0,2.2,12.93,30.35,14.12,1.158,6.6,2022-10-06 02:00:00
2022-10-07,4,2022,23.05,43.76,25.02,31.22,481.0,2.32,12.25,31.88,14.39,1.173,6.6,2022-10-07 02:00:00
2022-10-08,4,2022,24.29,41.48,22.35,36.17,476.0,2.35,13.51,31.73,13.62,1.084,6.7,2022-10-08 02:00:00
2022-10-09,4,2022,29.46,43.1,24.32,32.58,447.0,2.3,8.45,31.13,13.61,1.164,6.7,2022-10-09 02:00:00
2022-10-10,4,2022,29.22,43.69,24.48,31.83,461.0,1.94,13.48,31.39,14.15,1.015,6.8,2022-10-10 02:00:00
2022-10-11,4,2022,32.06,40.03,23.31,36.66,472.0,2.34,12.3,32.02,15.15,1.061,6.9,2022-10-11 02:00:00
2022-10-12,4,2022,33.97,43.41,24.21,32.38,476.0,2.23,13.06,29.24,12.86,1.076,6.8,2022-10-12 02:00:00
2022-10-13,4,2022,31.56,43.05,21.58,35.37,479.0,2.52,9.45,32.11,14.13,1.072,6.8,2022-10-13 02:00:00
2022-10-14,4,2022,27.87,43.72,25.18,31.1,476.0,2.36,11.61,31.2,11.98,1.068,6.9,2022-10-14 02:00:00
2022-10-15,4,2022,26.06,39.35,24.63,36.02,453.0,2.09,11.94,30.64,14.62,1.094,6.7,2022-10-15 02:00:00
2022-10-16,4,2022,32.17,40.63,23.13,36.24,459.0,1.94,10.96,29.13,14.29,1.069,6.7,2022-10-16 02:00:00
2022-10-17,4,2022,29.78,38.81,26.43,34.76,473.0,2.01,12.58,32.14,13.87,1.229,6.7,2022-10-17 02:00:00
2022-10-18,4,2022,27.88,42.85,23.67,33.48,461.0,2.17,14.15,31.54,13.68,1.073,6.8,2022-10-18 02:00:00
2022-10-19,4,2022,24.81,42.86,25.06,32.08,461.0,2.75,12.22,30.31,13.66,1.031,6.8,2022-10-19 02:00:00
2022-10-20,4,2022,25.07,43.77,25.22,31.01,462.0,2.41,13.8,31.98,13.5,1.04,6.7,2022-10-20 02:00:00
2022-10-21,4,2022,26.48,43.56,24.57,31.87,463.0,2.17,13.4,29.84,13.81,1.098,6.8,2022-10-21 02:00:00
2022-10-22,4,2022,25.97,40.43,24.38,35.19,455.0,2.37,13.47,32.86,13.13,1.052,6.6,2022-10-22 02:00:00
2022-10-23,4,2022,23.37,41.45,23.04,35.51,475.0,2.41,10.15,30.73,14.32,1.073,6.7,2022-10-23 02:00:00
2022-10-24,4,2022,23.33,42.69,24.5,32.81,466.0,2.08,13.93,33.22,14.26,1.095,6.6,2022-10-24 02:00:00
2022-10-25,4,2022,19.63,44.16,25.92,29.92,458.0,1.78,10.93,31.37,14.52,1.129,6.8,2022-10-25 02:00:00
2022-10-26,4,2022,19.49,45.79,23.87,30.34,446.0,2.24,12.82,31.86,15.06,1.07,6.7,2022-10-26 02:00:00
2022-10-27,4,2022,15.45,42.45,24.88,32.67,459.0,2.04,11.21,30.18,14.85,1.024,6.7,2022-10-27 02:00:00
2022-10-28,4,2022,19.44,44.34,24.97,30.69,478.0,2.36,11.01,32.28,13.94,1.08,6.9,2022-10-28 02:00:00
2022-10-29,4,2022,13.51,39.19,24.2,36.61,460.0,2.1,12.83,32.64,12.65,1.121,6.8,2022-10-29 02:00:00
2022-10-30,4,2022,14.05,38.97,25.2,35.83,453.0,2.11,11.47,32.89,13.52,1.064,6.8,2022-10-30 02:00:00
2022-10-31,4,2022,11.48,41.01,24.31,34.68,457.0,2.14,12.05,32.89,13.85,1.135,6.7,2022-10-31 02:00:00
2022-11-01,4,2022,8.32,43.52,25.62,30.86,445.0,2.27,12.52,29.95,14.97,0.986,6.7,2022-11-01 02:00:00
2022-11-02,4,2022,9.31,37.86,25.78,36.36,443.0,2.43,10.59,31.25,14.63,1.01,6.7,2022-11-02 02:00:00
2022-11-03,4,2022,7.81,38.97,25.39,35.64,471.0,1.89,10.99,29.59,13.51,1.061,6.8,2022-11-03 02:00:00
2022-11-04,4,2022,5.09,41.09,21.58,37.33,472.0,1.95,10.98,29.82,14.08,1.032,6.6,2022-11-04 02:00:00
2022-11-05,4,2022,5.0,42.33,25.55,32.12,482.0,2.18,13.58,31.63,13.49,1.045,6.8,2022-11-05 02:00:00
2022-11-06,4,2022,5.0,40.29,24.06,35.65,475.0,2.31,13.03,28.57,12.58,1.045,6.8,2022-11-06 02:00:00
2022-11-07,4,2022,5.8,46.25,22.56,31.19,477.0,2.12,10.15,30.45,14.95,0.988,6.4,2022-11-07 02:00:00
2022-11-08,4,2022,5.0,39.47,18.88,41.65,502.0,2.16,12.29,30.24,13.5,1.117,6.9,2022-11-08 02:00:00
2022-11-09,4,2022,5.27,42.65,24.15,33.2,474.0,2.36,12.96,30.29,14.78,1.117,6.6,2022-11-09 02:00:00
2022-11-10,4,2022,6.67,42.04,24.72,33.24,476.0,2.25,13.12,30.04,14.74,1.049,6.7,2022-11-10 02:00:00
2022-11-11,4,2022,6.17,44.77,26.01,29.22,473.0,2.08,12.25,30.7,15.26,1.126,6.7,2022-11-11 02:00:00
2022-11-12,4,2022,5.59,42.75,23.86,33.39,477.0,2.07,13.48,31.09,14.09,1.147,6.7,2022-11-12 02:00:00
2022-11-13,4,2022,13.72,41.63,25.12,33.25,466.0,2.15,11.01,29.68,14.24,1.111,6.9,2022-11-13 02:00:00
2022-11-14,4,2022,12.63,39.12,25.0,35.88,467.0,2.15,12.54,31.01,14.39,1.117,6.7,2022-11-14 02:00:00
2022-11-15,4,2022,9.63,40.29,25.33,34.38,492.0,2.28,11.86,29.67,15.61,1.102,6.7,2022-11-15 02:00:00
2022-11-16,4,2022,8.44,41.51,24.27,34.22,471.0,2.35,11.97,30.38,15.21,1.172,6.8,2022-11-16 02:00:00
2022-11-17,4,2022,12.7,43.39,21.81,34.8,477.0,2.13,13.01,31.81,13.21,1.152,6.8,2022-11-17 02:00:00
2022-11-18,4,2022,7.93,42.88,21.03,36.09,475.0,2.38,13.45,31.33,14.42,1.116,6.7,2022-11-18 02:00:00
2022-11-19,4,2022,6.47,40.75,25.23,34.02,471.0,2.27,12.52,32.32,14.04,1.055,6.9,2022-11-19 02:00:00
2022-11-20,4,2022,7.62,41.74,24.2,34.06,496.0,2.17,10.35,31.51,13.36,1.078,6.7,2022-11-20 02:00:00
2022-11-21,4,2022,10.86,39.28,22.24,38.48,482.0,2.39,9.44,30.21,14.66,1.035,6.7,2022-11-21 02:00:00
2022-11-22,4,2022,12.44,40.23,24.45,35.32,474.0,2.18,11.45,32.25,13.01,1.125,6.8,2022-11-22 02:00:00
2022-11-23,4,2022,12.35,44.43,25.36,30.21,472.0,2.25,13.18,29.34,13.97,1.162,6.7,2022-11-23 02:00:00
2022-11-24,4,2022,13.75,40.49,21.15,38.36,460.0,2.04,12.29,30.3,14.09,1.187,6.7,2022-11-24 02:00:00
2022-11-25,4,2022,11.03,41.9,25.21,32.89,485.0,2.02,10.23,29.58,14.35,1.144,6.7,2022-11-25 02:00:00
2022-11-26,4,2022,11.64,42.55,22.44,35.01,464.0,2.22,12.88,32.12,14.31,1.105,6.8,2022-11-26 02:00:00
2022-11-27,4,2022,10.73,42.65,24.17,33.18,482.0,2.06,12.87,32.59,14.41,1.176,6.8,2022-11-27 02:00:00
2022-11-28,4,2022,8.88,42.78,24.97,32.25,456.0,1.82,12.3,30.55,14.53,1.142,6.8,2022-11-28 02:00:00
2022-11-29,4,2022,5.11,44.12,21.91,33.97,480.0,1.87,10.75,31.28,14.12,1.122,6.5,2022-11-29 02:00:00
2022-11-30,4,2022,5.0,43.92,25.79,30.29,480.0,2.26,12.23,31.71,15.02,1.004,6.8,2022-11-30 02:00:00
2022-12-01,4,2022,5.0,41.16,25.13,33.71,489.0,2.21,11.81,30.83,15.63,1.112,6.7,2022-12-01 02:00:00
2022-12-02,4,2022,5.0,40.29,24.64,35.07,467.0,2.42,12.69,31.74,14.3,1.181,6.9,2022-12-02 02:00:00
2022-12-03,4,2022,5.0,43.04,23.31,33.65,472.0,2.19,9.77,29.31,13.84,1.165,6.7,2022-12-03 02:00:00
2022-12-04,4,2022,6.31,39.66,24.05,36.29,465.0,2.48,10.27,31.14,13.42,1.044,6.6,2022-12-04 02:00:00
2022-12-05,4,2022,5.0,44.1,23.66,32.24,487.0,2.47,11.93,29.97,14.59,1.142,6.6,2022-12-05 02:00:00
2022-12-06,4,2022,5.37,45.82,25.38,28.8,492.0,2.03,10.42,30.42,13.9,1.201,6.9,2022-12-06 02:00:00
2022-12-07,4,2022,14.31,39.78,22.89,37.33,480.0,2.35,11.55,31.07,13.02,1.199,6.8,2022-12-07 02:00:00
2022-12-08,4,2022,14.05,45.68,20.72,33.6,482.0,2.21,13.36,31.1,14.4,1.157,6.8,2022-12-08 02:00:00
2022-12-09,4,2022,12.41,43.82,23.9,32.28,499.0,2.09,13.22,30.84,12.32,1.076,6.7,2022-12-09 02:00:00
2022-12-10,4,2022,11.46,39.37,23.47,37.16,476.0,2.2,11.65,29.23,14.84,1.105,6.7,2022-12-10 02:00:00
2022-12-11,4,2022,11.08,39.25,23.26,37.49,463.0,2.26,12.0,31.06,15.27,1.122,6.6,2022-12-11 02:00:00
2022-12-12,4,2022,11.41,41.29,23.9,34.81,499.0,1.96,12.29,31.09,13.07,1.205,6.7,2022-12-12 02:00:00
2022-12-13,4,2022,7.15,41.14,24.38,34.48,487.0,2.12,12.38,30.0,14.54,1.13,6.7,2022-12-13 02:00:00
2022-12-14,4,2022,5.27,41.3,23.04,35.66,468.0,2.12,11.94,31.01,13.11,1.123,6.8,2022-12-14 02:00:00
2022-12-15,4,2022,5.07,40.59,21.62,37.79,494.0,2.21,10.27,31.92,13.65,1.134,6.6,2022-12-15 02:00:00
2022-12-16,4,2022,5.0,42.5,23.12,34.38,472.0,2.0,11.05,29.84,13.71,1.142,6.8,2022-12-16 02:00:00
2022-12-17,4,2022,11.09,40.03,25.02,34.95,483.0,2.29,12.6,29.11,14.2,1.104,6.6,2022-12-17 02:00:00
2022-12-18,4,2022,7.64,42.32,22.04,35.64,496.0,2.4,12.08,30.71,12.73,1.076,6.7,2022-12-18 02:00:00
2022-12-19,4,2022,5.2,42.8,22.82,34.38,462.0,2.23,11.88,32.63,15.01,1.209,6.6,2022-12-19 02:00:00
2022-12-20,4,2022,5.36,44.25,24.35,31.4,469.0,2.16,9.48,31.56,15.15,1.192,6.8,2022-12-20 02:00:00
2022-12-21,4,2022,5.89,42.67,23.73,33.6,470.0,2.35,12.15,30.84,14.04,1.101,6.6,2022-12-21 02:00:00
2022-12-22,4,2022,5.57,45.49,25.13,29.38,488.0,2.03,11.9,31.34,14.49,1.097,6.6,2022-12-22 02:00:00
2022-12-23,4,2022,5.37,41.72,25.34,32.94,471.0,2.21,13.13,30.95,12.91,1.235,6.7,2022-12-23 02:00:00
2022-12-24,4,2022,9.33,42.88,22.63,34.49,476.0,2.18,10.88,31.22,13.96,1.087,6.6,2022-12-24 02:00:00
2022-12-25,4,2022,10.3,40.53,24.96,34.51,479.0,1.95,11.35,30.05,12.62,1.155,6.6,2022-12-25 02:00:00
2022-12-26,4,2022,9.43,40.27,24.18,35.55,474.0,2.24,11.09,31.28,12.47,1.123,6.7,2022-12-26 02:00:00
2022-12-27,4,2022,7.56,43.88,23.52,32.6,464.0,2.08,13.25,30.35,13.33,1.112,6.9,2022-12-27 02:00:00
2022-12-28,4,2022,7.42,47.78,26.75,25.47,480.0,2.17,12.79,30.63,14.04,1.091,6.9,2022-12-28 02:00:00
2022-12-29,4,2022,8.26,41.49,24.02,34.49,475.0,2.24,11.07,31.91,15.27,1.178,6.6,2022-12-29 02:00:00
2022-12-30,4,2022,6.07,44.54,25.39,30.07,473.0,2.05,10.29,30.51,13.71,1.203,6.7,2022-12-30 02:00:00
2022-12-31,4,2022,5.0,39.55,24.65,35.8,455.0,2.24,11.09,31.96,14.11,1.197,6.8,2022-12-31 02:00:00
2020-01-02,5,2020,33.5,44.23,21.58,34.19,419.0,2.11,13.08,30.96,14.45,0.754,7.0,2020-01-02 02:00:00
2020-01-03,5,2020,36.29,43.54,23.98,32.48,389.0,1.82,12.25,29.75,13.35,0.793,7.0,2020-01-03 02:00:00
2020-01-04,5,2020,36.65,39.82,23.59,36.59,426.0,2.27,12.36,33.05,14.79,0.784,7.0,2020-01-04 02:00:00
2020-01-05,5,2020,34.91,44.34,28.43,27.23,408.0,2.27,12.78,30.74,14.42,0.698,7.0,2020-01-05 02:00:00
2020-01-06,5,2020,41.71,45.86,24.2,29.94,421.0,1.91,11.38,30.16,12.89,0.837,6.9,2020-01-06 02:00:00
2020-01-07,5,2020,40.01,41.77,23.58,34.65,418.0,2.4,14.36,31.0,13.55,0.829,7.2,2020-01-07 02:00:00
2020-01-08,5,2020,40.99,39.01,23.66,37.33,408.0,2.21,9.84,31.42,13.78,0.923,6.9,2020-01-08 02:00:00
2020-01-09,5,2020,39.55,39.07,23.13,37.8,425.0,2.15,11.79,31.14,15.21,0.877,7.0,2020-01-09 02:00:00
2020-01-10,5,2020,37.55,41.03,23.74,35.23,413.0,2.13,12.12,32.04,14.21,0.868,6.9,2020-01-10 02:00:00
2020-01-11,5,2020,36.69,42.82,25.18,32.0,429.0,2.15,11.91,33.0,14.24,0.734,6.8,2020-01-11 02:00:00
2020-01-12,5,2020,35.06,41.58,22.88,35.54,432.0,2.17,11.81,32.12,13.89,0.749,7.1,2020-01-12 02:00:00
2020-01-13,5,2020,32.81,44.25,24.36,31.39,422.0,2.45,13.73,32.73,14.89,0.789,7.1,2020-01-13 02:00:00
2020-01-14,5,2020,30.93,42.33,23.79,33.88,444.0,2.19,11.35,29.91,13.83,0.76,7.0,2020-01-14 02:00:00
2020-01-15,5,2020,30.99,39.56,23.97,36.47,412.0,2.1,11.53,31.95,14.63,0.859,6.9,2020-01-15 02:00:00
2020-01-16,5,2020,28.54,44.53,24.65,30.82,418.0,2.36,12.15,32.76,14.49,0.79,6.8,2020-01-16 02:00:00
2020-01-17,5,2020,26.38,40.97,26.91,32.12,413.0,2.1,11.02,29.51,13.47,0.808,6.9,2020-01-17 02:00:00
2020-01-18,5,2020,25.95,46.07,24.63,29.3,432.0,2.19,10.89,30.93,14.04,0.8,7.0,2020-01-18 02:00:00
2020-01-19,5,2020,23.03,38.82,26.45,34.73,423.0,2.17,12.17,31.08,15.55,0.769,6.9,2020-01-19 02:00:00
2020-01-20,5,2020,28.15,44.62,26.47,28.91,409.0,1.97,12.97,30.04,13.12,0.818,7.0,2020-01-20 02:00:00
2020-01-21,5,2020,26.93,41.74,24.9,33.36,420.0,2.36,11.13,30.12,15.19,0.89,7.0,2020-01-21 02:00:00
2020-01-22,5,2020,28.15,44.17,23.02,32.81,422.0,2.33,13.41,29.4,13.66,0.816,7.0,2020-01-22 02:00:00
2020-01-23,5,2020,27.91,46.96,22.83,30.21,416.0,2.09,12.01,30.56,13.1,0.776,7.0,2020-01-23 02:00:00
2020-01-24,5,2020,27.15,42.93,22.97,34.1,423.0,2.29,12.22,30.93,14.18,0.845,6.9,2020-01-24 02:00:00
2020-01-25,5,2020,24.71,41.21,23.74,35.05,414.0,2.12,10.42,31.85,13.62,0.789,7.2,2020-01-25 02:00:00
2020-01-26,5,2020,29.61,40.0,22.09,37.91,421.0,2.33,13.45,32.17,14.12,0.765,7.1,2020-01-26 02:00:00
2020-01-27,5,2020,30.15,40.34,21.73,37.93,421.0,2.62,13.39,31.89,14.53,0.882,7.0,2020-01-27 02:00:00
2020-01-28,5,2020,29.89,39.98,22.07,37.95,428.0,2.46,10.82,31.88,14.66,0.856,6.9,2020-01-28 02:00:00
2020-01-29,5,2020,25.31,41.85,23.81,34.34,428.0,2.44,12.18,31.33,13.09,0.838,6.8,2020-01-29 02:00:00
2020-01-30,5,2020,33.18,47.46,24.75,27.79,418.0,2.47,13.57,30.32,14.57,0.826,6.9,2020-01-30 02:00:00
2020-01-31,5,2020,31.23,41.93,23.61,34.46,414.0,2.23,11.3,30.29,14.51,0.823,6.9,2020-01-31 02:00:00
2020-02-01,5,2020,28.5,42.25,25.33,32.42,422.0,2.29,12.23,31.28,13.46,0.827,7.1,2020-02-01 02:00:00
2020-02-02,5,2020,25.38,42.93,24.1,32.97,414.0,2.19,13.99,30.0,12.85,0.802,7.0,2020-02-02 02:00:00
2020-02-03,5,2020,28.95,38.82,23.42,37.76,421.0,2.35,12.64,31.37,14.04,0.906,7.0,2020-02-03 02:00:00
2020-02-04,5,2020,28.1,42.04,24.37,33.59,423.0,1.95,11.64,29.16,15.33,0.861,6.8,2020-02-04 02:00:00
2020-02-05,5,2020,27.98,43.3,21.93,34.77,419.0,2.06,11.08,31.83,15.04,0.785,7.1,2020-02-05 02:00:00
2020-02-06,5,2020,24.25,42.9,23.09,34.01,425.0,2.32,14.23,30.46,13.42,0.886,6.9,2020-02-06 02:00:00
2020-02-07,5,2020,28.89,40.09,24.5,35.41,425.0,2.19,12.98,29.58,14.67,0.88,6.9,2020-02-07 02:00:00
2020-02-08,5,2020,26.36,42.13,22.32,35.55,422.0,2.4,12.21,31.08,14.9,0.754,6.8,2020-02-08 02:00:00
2020-02-09,5,2020,27.42,43.61,24.66,31.73,424.0,2.55,11.55,32.13,14.77,0.845,7.0,2020-02-09 02:00:00
2020-02-10,5,2020,34.0,43.39,23.99,32.62,396.0,1.85,14.33,31.86,14.22,0.837,7.1,2020-02-10 02:00:00
2020-02-11,5,2020,38.27,41.19,25.42,33.39,441.0,2.13,12.11,30.46,13.97,0.858,6.9,2020-02-11 02:00:00
2020-02-12,5,2020,39.61,39.48,23.76,36.76,445.0,2.18,13.82,31.93,13.24,0.848,7.0,2020-02-12 02:00:00
2020-02-13,5,2020,38.82,40.23,24.82,34.95,424.0,2.25,12.15,31.0,14.65,0.807,6.9,2020-02-13 02:00:00
2020-02-14,5,2020,36.0,40.51,24.49,35.0,439.0,2.07,14.19,33.18,14.98,0.852,6.9,2020-02-14 02:00:00
2020-02-15,5,2020,43.03,41.29,23.82,34.89,416.0,2.19,13.52,30.2,13.82,0.873,7.0,2020-02-15 02:00:00
2020-02-16,5,2020,41.69,43.29,23.85,32.86,430.0,2.41,11.97,30.06,13.38,0.835,7.0,2020-02-16 02:00:00
2020-02-17,5,2020,40.67,43.34,24.06,32.6,447.0,1.9,12.47,31.29,14.19,0.769,6.9,2020-02-17 02:00:00
2020-02-18,5,2020,38.58,41.74,24.09,34.17,417.0,2.18,13.91,30.44,12.73,0.803,6.9,2020-02-18 02:00:00
2020-02-19,5,2020,40.43,38.61,23.44,37.95,431.0,2.14,12.19,32.06,14.07,0.831,7.1,2020-02-19 02:00:00
2020-02-20,5,2020,38.31,40.37,21.87,37.76,430.0,1.98,11.59,31.58,13.59,0.826,6.9,2020-02-20 02:00:00
2020-02-21,5,2020,37.66,39.3,22.04,38.66,422.0,2.53,12.51,32.1,13.54,0.852,6.9,2020-02-21 02:00:00
2020-02-22,5,2020,35.55,46.54,26.14,27.32,431.0,2.09,11.75,30.4,15.18,0.89,6.7,2020-02-22 02:00:00
2020-02-23,5,2020,34.83,41.42,26.47,32.11,432.0,2.16,9.86,30.31,13.74,0.848,6.9,2020-02-23 02:00:00
2020-02-24,5,2020,35.21,40.96,24.25,34.79,434.0,2.14,11.2,30.75,14.94,0.793,7.0,2020-02-24 02:00:00
2020-02-25,5,2020,35.13,45.22,24.24,30.54,430.0,2.33,11.46,31.11,13.08,0.773,6.9,2020-02-25 02:00:00
2020-02-26,5,2020,35.01,41.66,23.72,34.62,422.0,2.04,10.25,30.59,14.17,0.873,7.0,2020-02-26 02:00:00
2020-02-27,5,2020,35.52,42.16,25.08,32.76,441.0,2.22,12.79,30.71,15.82,0.825,7.1,2020-02-27 02:00:00
2020-02-28,5,2020,34.71,40.66,21.84,37.5,442.0,2.12,13.08,31.82,14.01,0.821,6.9,2020-02-28 02:00:00
2020-02-29,5,2020,30.53,41.19,25.63,33.18,447.0,2.42,12.16,31.49,13.22,0.796,7.0,2020-02-29 02:00:00
2020-03-01,5,2020,30.94,40.7,24.82,34.48,420.0,2.2,12.08,30.73,13.87,0.83,6.9,2020-03-01 02:00:00
2020-03-02,5,2020,37.01,42.83,24.3,32.87,410.0,2.34,12.86,32.55,14.59,0.92,6.8,2020-03-02 02:00:00
2020-03-03,5,2020,34.64,44.69,26.32,28.99,420.0,2.32,12.6,32.86,13.69,0.787,7.0,2020-03-03 02:00:00
2020-03-04,5,2020,30.34,42.16,24.51,33.33,422.0,2.18,12.14,29.97,13.87,0.837,6.9,2020-03-04 02:00:00
2020-03-05,5,2020,28.87,43.13,26.0,30.87,432.0,2.47,12.3,30.45,13.99,0.813,7.0,2020-03-05 02:00:00
2020-03-06,5,2020,27.6,43.95,23.26,32.79,424.0,2.22,10.24,30.7,13.86,0.831,6.9,2020-03-06 02:00:00
2020-03-07,5,2020,31.03,44.56,25.59,29.85,416.0,2.3,11.14,32.32,14.31,0.81,6.9,2020-03-07 02:00:00
2020-03-08,5,2020,29.9,43.11,25.77,31.12,443.0,2.49,10.47,28.87,12.46,0.805,6.9,2020-03-08 02:00:00
2020-03-09,5,2020,27.38,40.31,25.77,33.92,433.0,1.77,11.49,31.44,14.75,0.847,6.9,2020-03-09 02:00:00
2020-03-10,5,2020,26.27,40.49,24.91,34.6,437.0,2.41,12.62,32.62,14.82,0.808,7.0,2020-03-10 02:00:00
2020-03-11,5,2020,24.83,42.31,24.05,33.64,418.0,2.25,11.38,32.19,13.97,0.867,6.9,2020-03-11 02:00:00
2020-03-12,5,2020,25.68,41.87,24.79,33.34,446.0,2.31,13.17,31.32,14.53,0.853,7.0,2020-03-12 02:00:00
2020-03-13,5,2020,25.93,41.71,24.97,33.32,415.0,2.25,10.54,29.97,13.22,0.745,6.8,2020-03-13 02:00:00
2020-03-14,5,2020,24.46,39.25,22.89,37.86,433.0,2.14,11.62,29.96,14.63,0.914,7.0,2020-03-14 02:00:00
2020-03-15,5,2020,36.05,45.79,22.51,31.7,426.0,2.3,13.8,29.7,13.35,0.858,6.8,2020-03-15 02:00:00
2020-03-16,5,2020,32.26,39.75,21.28,38.97,436.0,2.18,9.87,30.3,12.93,0.812,7.0,2020-03-16 02:00:00
2020-03-17,5,2020,33.94,42.83,25.26,31.91,423.0,2.63,9.01,30.31,14.27,0.864,7.0,2020-03-17 02:00:00
2020-03-18,5,2020,32.76,44.66,23.89,31.45,455.0,2.44,11.34,30.85,15.68,0.852,7.0,2020-03-18 02:00:00
2020-03-19,5,2020,31.1,44.31,25.91,29.78,422.0,2.07,12.63,31.22,14.56,0.868,6.8,2020-03-19 02:00:00
2020-03-20,5,2020,26.95,41.63,24.38,33.99,433.0,2.33,13.34,30.74,14.53,0.96,6.8,2020-03-20 02:00:00
2020-03-21,5,2020,32.51,41.97,24.84,33.19,442.0,2.01,10.21,31.01,14.15,0.904,7.0,2020-03-21 02:00:00
2020-03-22,5,2020,38.64,43.59,25.65,30.76,444.0,2.02,14.88,29.49,14.45,0.892,6.9,2020-03-22 02:00:00
2020-03-23,5,2020,39.18,42.47,22.62,34.91,422.0,2.36,11.93,30.86,15.03,0.935,6.8,2020-03-23 02:00:00
2020-03-24,5,2020,40.46,44.04,22.82,33.14,426.0,2.14,9.95,32.04,13.98,0.904,7.0,2020-03-24 02:00:00
2020-03-25,5,2020,40.34,43.19,24.32,32.49,420.0,2.49,14.62,32.34,15.08,0.886,6.9,2020-03-25 02:00:00
2020-03-26,5,2020,38.88,42.2,24.14,33.66,445.0,2.2,13.31,32.07,14.24,0.875,7.0,2020-03-26 02:00:00
2020-03-27,5,2020,36.76,40.2,25.21,34.59,440.0,2.41,8.76,31.01,12.92,0.903,6.9,2020-03-27 02:00:00
2020-03-28,5,2020,39.39,42.48,24.92,32.6,435.0,2.17,9.03,29.72,13.93,0.928,6.8,2020-03-28 02:00:00
2020-03-29,5,2020,37.44,39.11,25.16,35.73,431.0,1.95,12.79,30.29,14.43,0.922,6.8,2020-03-29 02:00:00
2020-03-30,5,2020,39.86,44.6,21.67,33.73,427.0,2.27,10.18,31.28,13.79,0.924,7.0,2020-03-30 02:00:00
2020-03-31,5,2020,34.27,43.16,25.35,31.49,421.0,2.33,12.37,30.12,13.54,0.962,6.9,2020-03-31 02:00:00
2020-04-01,5,2020,35.47,42.76,25.73,31.51,416.0,2.3,12.44,31.11,13.06,0.884,7.0,2020-04-01 02:00:00
2020-04-02,5,2020,34.41,40.14,24.93,34.93,426.0,2.21,12.36,31.08,13.58,0.862,6.9,2020-04-02 02:00:00
2020-04-03,5,2020,31.43,40.24,22.76,37.0,425.0,2.03,10.58,31.48,14.39,0.911,6.9,2020-04-03 02:00:00
2020-04-04,5,2020,32.07,40.03,22.78,37.19,428.0,2.2,10.23,31.26,13.76,0.902,6.9,2020-04-04 02:00:00
2020-04-05,5,2020,31.02,43.4,23.27,33.33,423.0,2.04,12.0,31.41,13.98,0.903,7.0,2020-04-05 02:00:00
2020-04-06,5,2020,32.77,41.4,25.42,33.18,446.0,2.43,11.37,31.72,14.13,0.868,6.9,2020-04-06 02:00:00
2020-04-07,5,2020,32.34,42.8,21.23,35.97,436.0,1.99,12.43,32.01,13.43,0.885,6.9,2020-04-07 02:00:00
2020-04-08,5,2020,34.78,41.43,24.39,34.18,438.0,2.19,12.61,30.88,15.27,0.82,6.9,2020-04-08 02:00:00
2020-04-09,5,2020,36.97,42.15,22.95,34.9,426.0,2.21,11.77,30.6,12.37,0.935,6.8,2020-04-09 02:00:00
2020-04-10,5,2020,35.24,42.96,23.21,33.83,436.0,2.24,11.44,30.39,13.13,0.828,6.8,2020-04-10 02:00:00
2020-04-11,5,2020,42.63,42.87,23.56,33.57,428.0,2.12,11.35,32.21,14.32,0.946,7.0,2020-04-11 02:00:00
2020-04-12,5,2020,40.18,39.51,23.78,36.71,436.0,2.19,12.9,30.98,13.38,0.9,7.0,2020-04-12 02:00:00
2020-04-13,5,2020,36.38,44.65,23.28,32.07,451.0,2.06,10.76,29.19,13.87,0.883,7.0,2020-04-13 02:00:00
2020-04-14,5,2020,35.37,42.9,26.03,31.07,446.0,2.18,12.06,31.19,14.31,0.89,6.9,2020-04-14 02:00:00
2020-04-15,5,2020,32.44,43.24,21.82,34.94,431.0,2.01,11.41,30.54,14.81,0.945,6.8,2020-04-15 02:00:00
2020-04-16,5,2020,30.39,42.84,23.96,33.2,457.0,1.95,13.65,31.15,15.03,0.759,7.0,2020-04-16 02:00:00
2020-04-17,5,2020,29.17,47.21,22.55,30.24,443.0,2.23,12.51,30.88,14.67,0.877,6.9,2020-04-17 02:00:00
2020-04-18,5,2020,29.19,41.27,22.15,36.58,449.0,2.26,11.49,31.16,13.27,0.946,6.9,2020-04-18 02:00:00
2020-04-19,5,2020,34.13,40.89,22.89,36.22,433.0,2.18,11.56,30.58,13.84,0.939,6.7,2020-04-19 02:00:00
2020-04-20,5,2020,32.72,42.9,24.06,33.04,430.0,2.36,10.49,31.33,13.62,0.882,7.0,2020-04-20 02:00:00
2020-04-21,5,2020,35.69,39.54,23.83,36.63,445.0,2.19,12.59,31.11,13.94,0.879,6.9,2020-04-21 02:00:00
2020-04-22,5,2020,35.27,44.75,22.66,32.59,438.0,2.24,12.28,30.42,13.48,0.945,7.2,2020-04-22 02:00:00
2020-04-23,5,2020,32.81,42.49,22.04,35.47,436.0,2.23,11.51,30.53,13.91,0.933,6.9,2020-04-23 02:00:00
2020-04-24,5,2020,32.28,46.9,22.41,30.69,440.0,2.23,11.92,30.19,15.57,0.897,6.9,2020-04-24 02:00:00
2020-04-25,5,2020,31.63,42.13,23.34,34.53,443.0,2.35,12.98,31.3,13.51,0.889,7.0,2020-04-25 02:00:00
2020-04-26,5,2020,30.25,40.82,23.49,35.69,433.0,2.2,12.14,28.79,13.57,0.914,6.8,2020-04-26 02:00:00
2020-04-27,5,2020,27.99,41.97,25.27,32.76,433.0,2.06,10.04,32.04,14.46,0.793,6.9,2020-04-27 02:00:00
2020-04-28,5,2020,30.28,39.4,23.13,37.47,448.0,2.38,13.43,30.62,13.09,0.833,6.7,2020-04-28 02:00:00
2020-04-29,5,2020,37.3,40.49,22.38,37.13,452.0,2.06,12.03,30.71,14.03,0.922,7.0,2020-04-29 02:00:00
2020-04-30,5,2020,40.83,46.32,24.71,28.97,446.0,2.09,11.59,31.04,13.67,0.898,6.9,2020-04-30 02:00:00
2020-05-01,5,2020,45.0,42.39,21.88,35.73,417.0,2.18,13.65,29.92,13.96,0.824,6.9,2020-05-01 02:00:00
2020-05-02,5,2020,44.0,42.69,24.02,33.29,451.0,2.23,12.2,31.76,13.81,0.978,6.9,2020-05-02 02:00:00
2020-05-03,5,2020,43.82,44.56,27.0,28.44,421.0,2.22,10.64,30.73,12.95,0.951,7.0,2020-05-03 02:00:00
2020-05-04,5,2020,40.22,41.19,25.26,33.55,442.0,2.43,11.04,32.32,14.48,0.894,6.8,2020-05-04 02:00:00
2020-05-05,5,2020,38.76,45.39,23.44,31.17,431.0,2.59,12.14,30.25,13.46,0.942,6.9,2020-05-05 02:00:00
2020-05-06,5,2020,43.9,41.71,24.74,33.55,454.0,2.31,12.67,31.72,15.13,0.928,7.0,2020-05-06 02:00:00
2020-05-07,5,2020,42.86,42.65,22.66,34.69,441.0,2.19,12.0,30.25,11.83,0.901,6.8,2020-05-07 02:00:00
2020-05-08,5,2020,41.98,40.86,24.35,34.79,438.0,2.27,9.9,30.44,14.74,0.898,6.9,2020-05-08 02:00:00
2020-05-09,5,2020,37.82,43.35,25.86,30.79,435.0,2.32,13.21,30.74,15.9,0.96,6.8,2020-05-09 02:00:00
2020-05-10,5,2020,36.46,41.78,21.24,36.98,439.0,2.42,13.4,30.84,15.63,0.962,6.9,2020-05-10 02:00:00
2020-05-11,5,2020,34.73,43.64,24.24,32.12,458.0,2.27,13.61,31.59,15.2,0.986,6.9,2020-05-11 02:00:00
2020-05-12,5,2020,29.57,43.96,25.13,30.91,464.0,1.89,11.34,31.43,13.25,0.996,6.7,2020-05-12 02:00:00
2020-05-13,5,2020,31.61,41.26,23.31,35.43,449.0,2.25,11.78,32.9,14.17,0.852,6.7,2020-05-13 02:00:00
2020-05-14,5,2020,32.03,44.16,25.63,30.21,446.0,2.27,13.0,31.05,13.97,0.97,6.9,2020-05-14 02:00:00
2020-05-15,5,2020,31.15,39.28,24.81,35.91,441.0,2.35,14.44,31.2,14.44,0.882,7.0,2020-05-15 02:00:00
2020-05-16,5,2020,27.63,41.79,25.3,32.91,440.0,2.27,13.7,30.26,13.3,0.962,6.8,2020-05-16 02:00:00
2020-05-17,5,2020,24.44,42.55,24.47,32.98,445.0,2.42,12.97,30.15,15.59,1.013,7.1,2020-05-17 02:00:00
2020-05-18,5,2020,21.92,43.98,23.4,32.62,439.0,2.01,13.24,30.44,14.66,0.89,7.0,2020-05-18 02:00:00
2020-05-19,5,2020,21.21,42.02,23.64,34.34,428.0,2.25,11.78,30.15,14.78,0.992,6.9,2020-05-19 02:00:00
2020-05-20,5,2020,20.76,44.38,23.79,31.83,445.0,2.07,11.95,31.02,14.5,1.057,6.7,2020-05-20 02:00:00
2020-05-21,5,2020,22.1,42.71,23.49,33.8,435.0,2.1,10.94,32.14,15.73,0.98,6.8,2020-05-21 02:00:00
2020-05-22,5,2020,23.56,38.27,24.71,37.02,453.0,2.28,13.17,32.32,13.59,0.922,6.8,2020-05-22 02:00:00
2020-05-23,5,2020,23.0,38.58,23.1,38.32,425.0,2.24,10.76,29.6,14.01,0.874,6.7,2020-05-23 02:00:00
2020-05-24,5,2020,35.25,43.26,25.67,31.07,459.0,2.06,11.41,30.16,14.83,0.901,7.0,2020-05-24 02:00:00
2020-05-25,5,2020,31.2,37.71,23.02,39.27,447.0,2.47,9.47,29.98,13.66,0.963,6.8,2020-05-25 02:00:00
2020-05-26,5,2020,31.04,43.42,25.0,31.58,452.0,2.09,12.04,30.81,14.63,0.889,6.8,2020-05-26 02:00:00
2020-05-27,5,2020,29.37,42.25,21.52,36.23,444.0,2.05,14.15,28.89,14.49,0.919,6.8,2020-05-27 02:00:00
2020-05-28,5,2020,28.69,36.93,23.2,39.87,446.0,2.31,12.37,30.11,14.45,0.931,7.0,2020-05-28 02:00:00
2020-05-29,5,2020,28.07,40.85,24.21,34.94,452.0,2.16,12.38,31.74,14.77,0.958,6.8,2020-05-29 02:00:00
2020-05-30,5,2020,29.7,42.54,26.38,31.08,438.0,2.25,12.08,32.13,13.78,1.027,7.0,2020-05-30 02:00:00
2020-05-31,5,2020,28.4,44.77,26.33,28.9,439.0,2.33,12.5,30.75,13.75,0.99,6.9,2020-05-31 02:00:00
2020-06-01,5,2020,32.25,40.76,23.63,35.61,455.0,2.24,12.44,31.64,13.53,0.955,6.9,2020-06-01 02:00:00
2020-06-02,5,2020,27.22,42.51,25.8,31.69,444.0,2.35,11.71,31.16,15.46,0.941,6.8,2020-06-02 02:00:00
2020-06-03,5,2020,26.28,42.5,22.1,35.4,440.0,1.97,12.12,32.55,14.45,0.968,6.9,2020-06-03 02:00:00
2020-06-04,5,2020,25.32,40.97,24.35,34.68,443.0,2.43,11.3,32.58,14.75,0.915,7.0,2020-06-04 02:00:00
2020-06-05,5,2020,25.49,39.09,24.29,36.62,442.0,2.03,12.19,30.83,13.38,0.961,6.8,2020-06-05 02:00:00
2020-06-06,5,2020,23.35,43.37,22.75,33.88,445.0,2.03,11.86,30.22,14.85,0.885,6.9,2020-06-06 02:00:00
2020-06-07,5,2020,30.39,42.85,25.72,31.43,449.0,2.38,11.34,31.78,14.65,0.946,6.6,2020-06-07 02:00:00
2020-06-08,5,2020,26.19,41.38,26.31,32.31,430.0,2.22,12.74,32.9,13.39,0.964,6.9,2020-06-08 02:00:00
2020-06-09,5,2020,25.49,45.47,21.98,32.55,455.0,2.28,13.51,32.39,12.85,0.995,7.0,2020-06-09 02:00:00
2020-06-10,5,2020,23.67,41.46,27.5,31.04,430.0,1.99,10.87,30.43,13.06,0.991,6.9,2020-06-10 02:00:00
2020-06-11,5,2020,23.07,41.02,24.63,34.35,460.0,2.23,9.51,31.71,14.99,0.985,7.0,2020-06-11 02:00:00
2020-06-12,5,2020,19.05,43.59,25.36,31.05,451.0,2.26,12.05,31.89,14.68,0.903,7.0,2020-06-12 02:00:00
2020-06-13,5,2020,16.47,42.06,20.56,37.38,443.0,2.32,12.0,31.55,14.77,0.953,6.9,2020-06-13 02:00:00
2020-06-14,5,2020,15.78,38.74,23.31,37.95,447.0,2.34,10.46,32.31,15.98,0.941,6.8,2020-06-14 02:00:00
2020-06-15,5,2020,17.5,40.76,22.64,36.6,463.0,1.96,12.72,31.56,15.05,0.952,7.0,2020-06-15 02:00:00
2020-06-16,5,2020,19.94,40.34,23.79,35.87,450.0,2.25,13.42,31.03,14.93,0.96,6.6,2020-06-16 02:00:00
2020-06-17,5,2020,21.9,42.83,24.58,32.59,461.0,2.29,12.41,30.29,13.68,0.96,6.8,2020-06-17 02:00:00
2020-06-18,5,2020,20.9,42.79,23.25,33.96,452.0,2.2,13.01,31.91,14.8,0.932,6.9,2020-06-18 02:00:00
2020-06-19,5,2020,26.53,39.88,22.03,38.09,448.0,2.36,13.29,28.64,15.13,0.961,6.8,2020-06-19 02:00:00
2020-06-20,5,2020,27.7,43.51,23.75,32.74,453.0,2.19,12.64,30.05,13.55,0.982,6.9,2020-06-20 02:00:00
2020-06-21,5,2020,27.89,40.8,24.36,34.84,455.0,2.6,12.84,30.88,14.55,0.957,6.7,2020-06-21 02:00:00
2020-06-22,5,2020,27.44,46.58,24.98,28.44,456.0,2.08,12.26,31.32,14.31,0.983,6.8,2020-06-22 02:00:00
2020-06-23,5,2020,25.9,43.03,24.12,32.85,448.0,2.13,10.86,34.21,14.29,0.947,6.9,2020-06-23 02:00:00
2020-06-24,5,2020,26.54,43.91,23.97,32.12,453.0,2.22,12.25,30.94,13.06,0.979,6.7,2020-06-24 02:00:00
2020-06-25,5,2020,23.62,42.94,24.1,32.96,441.0,2.32,11.67,30.82,12.64,0.929,6.9,2020-06-25 02:00:00
2020-06-26,5,2020,22.94,43.38,24.59,32.03,447.0,2.33,11.66,30.87,13.3,0.982,7.1,2020-06-26 02:00:00
2020-06-27,5,2020,20.63,34.69,26.89,38.42,463.0,2.33,11.04,29.12,13.63,0.908,6.8,2020-06-27 02:00:00
2020-06-28,5,2020,19.99,40.24,25.29,34.47,463.0,2.46,12.31,31.2,13.52,1.042,6.9,2020-06-28 02:00:00
2020-06-29,5,2020,16.94,40.02,23.16,36.82,458.0,2.39,9.8,31.51,15.24,0.928,6.7,2020-06-29 02:00:00
2020-06-30,5,2020,18.92,43.72,21.31,34.97,460.0,2.26,11.78,28.68,15.05,0.997,6.9,2020-06-30 02:00:00
2020-07-01,5,2020,18.67,44.2,25.09,30.71,462.0,2.18,13.22,31.91,14.09,0.994,6.8,2020-07-01 02:00:00
2020-07-02,5,2020,16.11,43.79,26.04,30.17,461.0,2.4,11.47,31.75,12.52,1.001,6.8,2020-07-02 02:00:00
2020-07-03,5,2020,13.29,43.02,22.19,34.79,449.0,2.21,12.33,29.04,13.84,1.013,6.9,2020-07-03 02:00:00
2020-07-04,5,2020,11.2,41.18,23.64,35.18,463.0,2.11,11.75,29.73,13.2,0.935,6.9,2020-07-04 02:00:00
2020-07-05,5,2020,14.48,39.5,26.5,34.0,454.0,2.3,15.15,28.96,14.47,1.032,6.7,2020-07-05 02:00:00
2020-07-06,5,2020,14.72,43.69,25.66,30.65,456.0,2.19,10.87,30.06,13.73,0.996,6.7,2020-07-06 02:00:00
2020-07-07,5,2020,17.29,36.99,25.06,37.95,444.0,1.83,10.96,31.32,13.93,0.911,6.8,2020-07-07 02:00:00
2020-07-08,5,2020,19.42,41.78,21.78,36.44,451.0,2.16,11.48,32.47,14.39,0.937,6.7,2020-07-08 02:00:00
2020-07-09,5,2020,17.69,41.02,27.26,31.72,449.0,1.95,11.83,30.69,14.6,1.04,6.9,2020-07-09 02:00:00
2020-07-10,5,2020,15.08,41.08,24.92,34.0,456.0,2.23,11.17,29.22,14.03,1.004,6.7,2020-07-10 02:00:00
2020-07-11,5,2020,13.71,44.19,22.94,32.87,461.0,2.31,13.65,31.82,14.57,0.976,6.9,2020-07-11 02:00:00
2020-07-12,5,2020,12.42,42.74,26.21,31.05,475.0,2.11,12.16,31.96,14.0,0.965,6.9,2020-07-12 02:00:00
2020-07-13,5,2020,11.64,39.78,24.37,35.85,461.0,2.23,8.99,30.73,13.64,1.055,6.8,2020-07-13 02:00:00
2020-07-14,5,2020,7.77,43.5,24.54,31.96,443.0,2.13,12.44,31.1,14.86,0.914,6.8,2020-07-14 02:00:00
2020-07-15,5,2020,7.62,44.54,23.91,31.55,458.0,1.96,13.75,32.39,12.59,1.0,6.9,2020-07-15 02:00:00
2020-07-16,5,2020,5.0,38.91,20.98,40.11,440.0,2.24,12.62,30.6,15.12,1.005,6.9,2020-07-16 02:00:00
2020-07-17,5,2020,5.0,37.63,23.47,38.9,452.0,2.08,11.8,29.98,14.47,0.903,6.9,2020-07-17 02:00:00
2020-07-18,5,2020,5.0,41.59,24.37,34.04,455.0,2.35,12.38,30.63,15.48,0.941,6.8,2020-07-18 02:00:00
2020-07-19,5,2020,5.05,40.85,23.65,35.5,467.0,2.17,11.92,29.45,13.31,0.956,6.8,2020-07-19 02:00:00
2020-07-20,5,2020,12.73,43.03,25.13,31.84,437.0,2.02,13.19,31.03,15.17,0.973,6.9,2020-07-20 02:00:00
2020-07-21,5,2020,10.25,41.65,21.77,36.58,426.0,2.38,11.3,30.69,13.61,1.036,6.8,2020-07-21 02:00:00
2020-07-22,5,2020,8.88,41.87,26.29,31.84,440.0,2.38,12.17,30.63,14.0,1.042,6.9,2020-07-22 02:00:00
2020-07-23,5,2020,5.96,42.81,22.47,34.72,462.0,2.39,10.48,30.47,15.14,1.016,6.9,2020-07-23 02:00:00
2020-07-24,5,2020,16.25,42.07,23.01,34.92,450.0,2.39,13.12,28.58,14.05,1.039,6.9,2020-07-24 02:00:00
2020-07-25,5,2020,14.58,40.51,25.46,34.03,466.0,2.29,12.39,31.35,13.24,0.984,6.9,2020-07-25 02:00:00
2020-07-26,5,2020,11.66,42.66,25.77,31.57,448.0,2.13,10.67,30.75,12.99,0.998,6.8,2020-07-26 02:00:00
2020-07-27,5,2020,7.44,41.44,23.92,34.64,454.0,2.16,13.79,31.59,14.03,1.063,6.8,2020-07-27 02:00:00
2020-07-28,5,2020,8.96,42.99,27.13,29.88,456.0,2.2,13.35,31.68,14.91,1.013,6.8,2020-07-28 02:00:00
2020-07-29,5,2020,6.88,42.83,26.38,30.79,442.0,2.14,13.12,31.79,13.52,1.066,6.9,2020-07-29 02:00:00
2020-07-30,5,2020,12.39,44.62,22.73,32.65,455.0,1.58,12.07,31.68,14.18,0.988,6.8,2020-07-30 02:00:00
2020-07-31,5,2020,11.22,44.92,22.29,32.79,442.0,2.13,13.35,31.86,13.68,1.102,6.8,2020-07-31 02:00:00
2020-08-01,5,2020,8.53,43.03,23.38,33.59,462.0,2.21,15.44,33.56,13.88,1.028,6.7,2020-08-01 02:00:00
2020-08-02,5,2020,5.89,41.69,24.46,33.85,462.0,1.83,12.38,31.93,13.47,0.923,6.8,2020-08-02 02:00:00
2020-08-03,5,2020,5.0,41.34,24.46,34.2,467.0,2.06,12.87,32.55,12.86,1.016,6.7,2020-08-03 02:00:00
2020-08-04,5,2020,5.0,39.29,25.96,34.75,457.0,2.08,12.45,30.85,15.21,1.065,6.8,2020-08-04 02:00:00
2020-08-05,5,2020,5.42,42.78,26.56,30.66,443.0,2.59,10.49,30.85,13.57,1.006,6.8,2020-08-05 02:00:00
2020-08-06,5,2020,5.27,41.6,24.75,33.65,453.0,2.35,8.97,30.0,13.97,0.982,6.7,2020-08-06 02:00:00
2020-08-07,5,2020,5.0,40.38,24.53,35.09,461.0,2.22,12.68,31.14,11.78,1.039,6.9,2020-08-07 02:00:00
2020-08-08,5,2020,9.42,39.17,25.52,35.31,456.0,2.06,12.46,30.63,13.37,1.01,6.8,2020-08-08 02:00:00
2020-08-09,5,2020,16.02,41.31,22.22,36.47,447.0,2.18,10.4,31.85,15.28,1.01,7.0,2020-08-09 02:00:00
2020-08-10,5,2020,14.11,40.81,24.68,34.51,459.0,2.13,10.37,31.07,13.68,0.912,6.9,2020-08-10 02:00:00
2020-08-11,5,2020,13.73,41.79,23.59,34.62,458.0,2.42,13.38,30.58,14.38,1.003,6.7,2020-08-11 02:00:00
2020-08-12,5,2020,13.76,41.9,23.99,34.11,443.0,2.16,13.41,31.86,13.38,0.991,6.6,2020-08-12 02:00:00
2020-08-13,5,2020,10.42,41.21,24.21,34.58,438.0,2.31,12.15,31.41,13.98,0.975,6.8,2020-08-13 02:00:00
2020-08-14,5,2020,13.93,41.42,23.94,34.64,456.0,2.31,10.73,29.8,12.08,0.979,7.0,2020-08-14 02:00:00
2020-08-15,5,2020,20.19,43.11,24.25,32.64,447.0,2.3,10.37,29.29,13.69,1.008,6.9,2020-08-15 02:00:00
2020-08-16,5,2020,18.24,43.42,24.57,32.01,469.0,1.94,12.82,30.3,13.67,0.923,6.9,2020-08-16 02:00:00
2020-08-17,5,2020,19.53,41.86,24.4,33.74,462.0,2.08,13.36,32.58,13.32,1.062,6.8,2020-08-17 02:00:00
2020-08-18,5,2020,17.66,41.14,22.88,35.98,465.0,2.38,10.65,30.54,14.44,1.067,6.8,2020-08-18 02:00:00
2020-08-19,5,2020,16.33,41.98,23.89,34.13,449.0,2.11,12.39,31.41,13.97,1.081,6.7,2020-08-19 02:00:00
2020-08-20,5,2020,16.03,41.32,25.6,33.08,478.0,1.88,13.85,31.26,14.31,1.053,6.7,2020-08-20 02:00:00
2020-08-21,5,2020,18.01,42.31,24.59,33.1,444.0,2.08,11.54,30.79,13.72,0.981,6.8,2020-08-21 02:00:00
2020-08-22,5,2020,16.5,43.39,24.43,32.18,458.0,2.27,13.61,30.09,14.06,1.028,6.7,2020-08-22 02:00:00
2020-08-23,5,2020,15.42,40.62,25.77,33.61,452.0,1.98,12.67,32.91,13.04,0.994,6.8,2020-08-23 02:00:00
2020-08-24,5,2020,20.85,40.11,26.07,33.82,432.0,2.29,12.48,30.6,13.41,1.039,6.8,2020-08-24 02:00:00
2020-08-25,5,2020,18.97,40.17,23.54,36.29,447.0,2.17,13.51,31.41,13.65,1.054,6.8,2020-08-25 02:00:00
2020-08-26,5,2020,20.19,46.13,24.2,29.67,458.0,2.26,11.19,32.16,15.01,0.993,6.7,2020-08-26 02:00:00
2020-08-27,5,2020,18.38,41.57,23.15,35.28,481.0,2.28,11.16,31.59,14.73,1.006,6.6,2020-08-27 02:00:00
2020-08-28,5,2020,20.08,42.42,21.29,36.29,455.0,2.4,11.49,30.03,13.49,1.001,6.9,2020-08-28 02:00:00
2020-08-29,5,2020,26.36,43.62,21.52,34.86,470.0,2.13,9.53,30.73,15.99,0.997,6.8,2020-08-29 02:00:00
2020-08-30,5,2020,24.11,40.37,24.6,35.03,472.0,2.14,10.43,32.37,14.65,1.0,6.8,2020-08-30 02:00:00
2020-08-31,5,2020,21.85,41.54,24.38,34.08,449.0,2.27,11.38,31.06,14.15,1.092,6.8,2020-08-31 02:00:00
2020-09-01,5,2020,20.7,45.01,22.7,32.29,450.0,2.11,10.86,31.3,14.48,1.019,6.9,2020-09-01 02:00:00
2020-09-02,5,2020,16.97,43.59,24.64,31.77,482.0,2.17,13.1,31.01,14.39,1.024,6.8,2020-09-02 02:00:00
2020-09-03,5,2020,16.26,42.96,24.84,32.2,432.0,2.32,14.12,32.17,13.83,0.994,6.8,2020-09-03 02:00:00
2020-09-04,5,2020,15.81,40.78,22.46,36.76,464.0,2.36,11.63,30.08,14.9,1.074,6.9,2020-09-04 02:00:00
2020-09-05,5,2020,18.39,40.62,24.29,35.09,465.0,2.02,11.27,31.09,13.94,1.027,6.9,2020-09-05 02:00:00
2020-09-06,5,2020,13.1,44.75,23.48,31.77,456.0,2.29,12.42,31.37,14.09,0.991,7.0,2020-09-06 02:00:00
2020-09-07,5,2020,10.97,42.15,24.51,33.34,476.0,2.21,11.52,31.15,14.02,0.98,6.7,2020-09-07 02:00:00
2020-09-08,5,2020,9.73,39.71,24.16,36.13,475.0,2.31,12.29,30.91,13.69,1.064,6.8,2020-09-08 02:00:00
2020-09-09,5,2020,11.01,44.01,23.64,32.35,453.0,2.19,12.63,30.6,13.51,1.034,6.8,2020-09-09 02:00:00
2020-09-10,5,2020,8.5,40.81,24.16,35.03,476.0,2.04,13.3,30.54,13.19,1.094,6.7,2020-09-10 02:00:00
2020-09-11,5,2020,13.77,40.01,26.03,33.96,462.0,2.36,11.35,30.43,13.67,1.025,6.8,2020-09-11 02:00:00
2020-09-12,5,2020,11.57,42.92,24.16,32.92,448.0,2.27,11.41,30.25,14.42,1.067,6.8,2020-09-12 02:00:00
2020-09-13,5,2020,15.79,44.41,23.39,32.2,461.0,2.29,11.97,30.23,14.43,1.126,7.0,2020-09-13 02:00:00
2020-09-14,5,2020,14.51,41.51,24.87,33.62,450.0,2.41,12.63,30.82,13.23,1.027,6.9,2020-09-14 02:00:00
2020-09-15,5,2020,11.76,42.37,24.13,33.5,466.0,2.12,12.97,31.5,14.68,1.008,6.8,2020-09-15 02:00:00
2020-09-16,5,2020,12.7,45.66,25.82,28.52,471.0,1.96,10.5,31.3,12.71,1.027,6.8,2020-09-16 02:00:00
2020-09-17,5,2020,8.84,43.71,22.74,33.55,469.0,2.29,11.87,30.95,14.97,1.082,6.6,2020-09-17 02:00:00
2020-09-18,5,2020,9.87,42.91,24.68,32.41,460.0,2.23,11.15,32.92,12.0,1.086,6.8,2020-09-18 02:00:00
2020-09-19,5,2020,8.78,47.0,23.29,29.71,469.0,2.08,10.94,31.23,12.94,1.056,6.6,2020-09-19 02:00:00
2020-09-20,5,2020,7.55,38.02,23.15,38.83,455.0,2.33,12.71,30.23,13.95,1.073,6.8,2020-09-20 02:00:00
2020-09-21,5,2020,11.19,42.45,22.89,34.66,480.0,2.18,10.64,31.03,14.6,0.969,6.9,2020-09-21 02:00:00
2020-09-22,5,2020,9.69,41.0,26.29,32.71,458.0,1.97,13.02,30.3,13.08,0.933,6.7,2020-09-22 02:00:00
2020-09-23,5,2020,14.26,40.57,26.3,33.13,461.0,2.08,11.38,30.29,12.92,1.025,6.8,2020-09-23 02:00:00
2020-09-24,5,2020,11.17,42.11,24.84,33.05,456.0,2.29,11.34,30.02,13.93,1.028,6.9,2020-09-24 02:00:00
2020-09-25,5,2020,16.77,42.89,23.87,33.24,451.0,1.99,12.98,30.4,14.84,1.098,6.8,2020-09-25 02:00:00
2020-09-26,5,2020,12.15,44.76,24.0,31.24,456.0,1.85,10.94,31.07,13.36,1.09,6.9,2020-09-26 02:00:00
2020-09-27,5,2020,9.84,43.44,25.19,31.37,465.0,2.26,11.95,30.14,14.32,1.123,7.0,2020-09-27 02:00:00
2020-09-28,5,2020,8.71,40.59,25.41,34.0,447.0,2.41,12.52,31.25,14.68,1.048,6.7,2020-09-28 02:00:00
2020-09-29,5,2020,5.0,42.72,24.13,33.15,452.0,2.39,12.79,30.03,14.41,1.055,6.6,2020-09-29 02:00:00
2020-09-30,5,2020,5.0,41.84,23.76,34.4,471.0,2.14,10.79,30.37,13.14,1.082,7.0,2020-09-30 02:00:00
2020-10-01,5,2020,7.21,41.6,21.46,36.94,471.0,2.13,12.81,31.92,12.51,1.09,6.8,2020-10-01 02:00:00
2020-10-02,5,2020,5.0,45.91,24.6,29.49,475.0,2.25,10.13,31.73,12.73,1.039,6.8,2020-10-02 02:00:00
2020-10-03,5,2020,7.27,41.63,25.19,33.18,457.0,2.07,11.34,32.06,15.04,1.037,6.8,2020-10-03 02:00:00
2020-10-04,5,2020,13.13,42.49,23.93,33.58,453.0,2.16,11.13,31.11,14.39,1.137,6.6,2020-10-04 02:00:00
2020-10-05,5,2020,8.82,41.84,21.76,36.4,474.0,2.22,11.47,32.13,13.45,1.026,6.8,2020-10-05 02:00:00
2020-10-06,5,2020,8.0,42.53,22.32,35.15,472.0,2.11,14.25,31.34,14.78,1.209,6.8,2020-10-06 02:00:00
2020-10-07,5,2020,9.29,42.99,22.0,35.01,474.0,2.23,11.64,30.98,13.11,1.028,6.9,2020-10-07 02:00:00
2020-10-08,5,2020,18.24,44.12,25.53,30.35,457.0,2.32,12.68,31.2,12.34,1.101,6.8,2020-10-08 02:00:00
2020-10-09,5,2020,16.61,41.07,19.76,39.17,474.0,1.88,11.89,29.78,14.51,1.035,6.7,2020-10-09 02:00:00
2020-10-10,5,2020,15.03,41.39,25.96,32.65,461.0,1.94,11.59,31.2,13.02,0.998,6.7,2020-10-10 02:00:00
2020-10-11,5,2020,13.71,41.34,24.39,34.27,449.0,2.18,11.1,30.88,13.25,1.092,6.8,2020-10-11 02:00:00
2020-10-12,5,2020,12.86,45.31,25.53,29.16,483.0,2.43,9.93,29.34,14.73,1.095,6.8,2020-10-12 02:00:00
2020-10-13,5,2020,8.7,42.35,23.68,33.97,477.0,2.0,11.63,30.37,14.38,1.124,6.6,2020-10-13 02:00:00
2020-10-14,5,2020,16.85,43.88,23.86,32.26,474.0,2.22,10.16,29.91,13.04,1.149,6.7,2020-10-14 02:00:00
2020-10-15,5,2020,14.25,39.36,24.15,36.49,489.0,1.92,12.82,29.62,14.89,1.07,7.0,2020-10-15 02:00:00
2020-10-16,5,2020,15.23,42.74,23.4,33.86,477.0,2.14,13.85,31.9,14.49,1.038,6.9,2020-10-16 02:00:00
2020-10-17,5,2020,13.37,40.86,26.04,33.1,462.0,2.11,12.4,30.0,13.69,1.09,6.7,2020-10-17 02:00:00
2020-10-18,5,2020,12.53,40.68,25.68,33.64,475.0,2.25,10.55,30.09,12.78,1.012,6.7,2020-10-18 02:00:00
2020-10-19,5,2020,8.51,43.42,25.27,31.31,463.0,2.19,11.77,31.06,13.97,1.098,6.8,2020-10-19 02:00:00
2020-10-20,5,2020,6.33,42.31,23.29,34.4,482.0,2.01,12.86,30.64,14.09,1.053,6.8,2020-10-20 02:00:00
2020-10-21,5,2020,6.4,42.08,24.42,33.5,457.0,2.28,13.16,30.29,13.67,1.09,6.7,2020-10-21 02:00:00
2020-10-22,5,2020,5.0,37.06,23.33,39.61,460.0,2.27,14.42,31.77,13.85,1.125,6.7,2020-10-22 02:00:00
2020-10-23,5,2020,5.26,43.75,26.24,30.01,480.0,2.14,14.66,31.55,15.26,1.089,6.8,2020-10-23 02:00:00
2020-10-24,5,2020,5.0,42.59,23.26,34.15,486.0,2.26,10.98,32.84,14.67,1.131,6.6,2020-10-24 02:00:00
2020-10-25,5,2020,5.09,38.91,25.9,35.19,449.0,2.32,11.63,29.53,14.36,1.122,6.7,2020-10-25 02:00:00
2020-10-26,5,2020,6.63,41.89,25.62,32.49,479.0,2.13,14.88,31.92,15.23,1.141,6.8,2020-10-26 02:00:00
2020-10-27,5,2020,6.78,39.21,21.22,39.57,483.0,2.1,12.0,30.47,14.47,1.133,6.8,2020-10-27 02:00:00
2020-10-28,5,2020,6.87,44.83,22.97,32.2,469.0,2.07,9.98,29.91,14.37,1.189,6.7,2020-10-28 02:00:00
2020-10-29,5,2020,5.0,42.88,20.64,36.48,474.0,2.11,12.75,30.32,14.04,1.05,6.7,2020-10-29 02:00:00
2020-10-30,5,2020,5.22,44.24,24.02,31.74,450.0,2.26,12.26,31.01,13.53,1.11,6.7,2020-10-30 02:00:00
2020-10-31,5,2020,5.0,42.32,24.35,33.33,478.0,2.37,10.57,29.67,13.69,1.078,6.7,2020-10-31 02:00:00
2020-11-01,5,2020,7.18,39.02,26.01,34.97,466.0,2.36,11.52,32.75,15.54,1.135,6.6,2020-11-01 02:00:00
2020-11-02,5,2020,5.78,42.31,24.89,32.8,465.0,2.38,11.2,31.35,14.08,0.972,6.7,2020-11-02 02:00:00
2020-11-03,5,2020,5.0,43.6,23.43,32.97,460.0,2.29,11.75,31.12,14.73,1.084,6.7,2020-11-03 02:00:00
2020-11-04,5,2020,5.01,41.44,24.04,34.52,460.0,2.4,13.46,29.63,13.46,1.151,6.6,2020-11-04 02:00:00
2020-11-05,5,2020,5.0,43.58,23.03,33.39,472.0,2.32,13.83,29.06,11.4,1.087,6.8,2020-11-05 02:00:00
2020-11-06,5,2020,5.35,42.25,22.6,35.15,474.0,2.18,12.47,31.57,14.92,1.165,6.7,2020-11-06 02:00:00
2020-11-07,5,2020,5.0,38.61,22.92,38.47,470.0,2.2,11.5,27.57,13.26,1.125,6.7,2020-11-07 02:00:00
2020-11-08,5,2020,5.0,42.13,25.88,31.99,486.0,2.13,11.35,30.45,13.38,1.167,6.7,2020-11-08 02:00:00
2020-11-09,5,2020,5.71,43.33,24.1,32.57,487.0,2.0,14.41,29.72,14.03,0.976,6.8,2020-11-09 02:00:00
2020-11-10,5,2020,7.21,39.55,22.71,37.74,471.0,2.36,11.62,31.75,13.27,1.198,6.8,2020-11-10 02:00:00
2020-11-11,5,2020,5.4,43.9,25.92,30.18,472.0,2.2,10.69,29.58,14.95,1.12,6.8,2020-11-11 02:00:00
2020-11-12,5,2020,5.33,42.24,21.33,36.43,460.0,2.08,11.92,29.99,13.73,1.14,6.6,2020-11-12 02:00:00
2020-11-13,5,2020,5.79,40.63,23.82,35.55,484.0,2.21,13.17,31.31,12.93,1.057,6.6,2020-11-13 02:00:00
2020-11-14,5,2020,5.61,41.03,24.7,34.27,466.0,2.23,14.01,31.56,12.92,1.117,6.7,2020-11-14 02:00:00
2020-11-15,5,2020,5.85,44.03,25.75,30.22,483.0,2.0,10.74,29.05,13.34,1.145,6.6,2020-11-15 02:00:00
2020-11-16,5,2020,6.05,40.0,25.49,34.51,479.0,2.2,12.66,30.58,14.11,1.095,6.9,2020-11-16 02:00:00
2020-11-17,5,2020,5.0,42.1,20.22,37.68,470.0,2.53,10.58,30.6,12.61,1.193,6.7,2020-11-17 02:00:00
2020-11-18,5,2020,6.91,42.27,26.71,31.02,448.0,2.23,14.14,32.04,14.04,1.051,6.8,2020-11-18 02:00:00
2020-11-19,5,2020,5.0,41.82,23.81,34.37,468.0,2.45,8.92,31.27,12.97,1.102,6.7,2020-11-19 02:00:00
2020-11-20,5,2020,5.51,40.65,21.83,37.52,470.0,2.21,11.3,30.87,13.72,1.187,6.6,2020-11-20 02:00:00
2020-11-21,5,2020,5.0,42.79,24.23,32.98,479.0,2.29,11.67,29.21,14.06,1.133,6.7,2020-11-21 02:00:00
2020-11-22,5,2020,5.0,45.83,25.13,29.04,458.0,2.42,10.84,31.81,13.74,1.103,6.8,2020-11-22 02:00:00
2020-11-23,5,2020,5.0,42.2,23.58,34.22,477.0,2.27,12.36,31.67,11.84,1.12,6.7,2020-11-23 02:00:00
2020-11-24,5,2020,5.15,39.61,25.15,35.24,461.0,2.39,13.32,30.19,13.72,1.092,6.7,2020-11-24 02:00:00
2020-11-25,5,2020,11.89,41.13,23.03,35.84,480.0,2.03,13.56,29.22,14.76,1.117,6.6,2020-11-25 02:00:00
2020-11-26,5,2020,9.3,43.62,22.49,33.89,480.0,2.33,11.44,30.26,13.74,1.029,6.7,2020-11-26 02:00:00
2020-11-27,5,2020,8.03,40.82,24.58,34.6,476.0,2.37,12.81,30.6,15.23,1.157,6.7,2020-11-27 02:00:00
2020-11-28,5,2020,7.19,41.92,25.02,33.06,463.0,2.08,12.34,31.05,13.63,1.099,6.7,2020-11-28 02:00:00
2020-11-29,5,2020,5.0,44.15,23.92,31.93,484.0,2.08,13.42,30.79,15.58,1.128,6.7,2020-11-29 02:00:00
2020-11-30,5,2020,8.11,46.7,25.83,27.47,476.0,2.0,12.34,30.34,13.6,1.13,6.6,2020-11-30 02:00:00
2020-12-01,5,2020,9.5,45.92,22.78,31.3,491.0,2.34,12.52,30.34,13.77,1.101,6.8,2020-12-01 02:00:00
2020-12-02,5,2020,9.65,42.0,24.33,33.67,458.0,2.24,11.03,31.46,14.04,1.061,6.6,2020-12-02 02:00:00
2020-12-03,5,2020,7.98,38.61,24.09,37.3,481.0,2.07,10.16,32.35,14.19,1.084,6.7,2020-12-03 02:00:00
2020-12-04,5,2020,6.6,40.95,24.83,34.22,494.0,2.17,12.78,29.23,14.58,1.167,6.7,2020-12-04 02:00:00
2020-12-05,5,2020,6.18,41.38,22.61,36.01,490.0,2.59,13.48,29.73,14.71,1.105,6.6,2020-12-05 02:00:00
2020-12-06,5,2020,6.29,42.83,20.83,36.34,464.0,1.95,10.75,30.97,15.37,1.129,6.5,2020-12-06 02:00:00
2020-12-07,5,2020,5.48,44.74,23.46,31.8,479.0,2.33,11.07,31.7,13.1,1.192,6.7,2020-12-07 02:00:00
2020-12-08,5,2020,5.0,41.27,23.83,34.9,460.0,2.07,13.59,31.04,14.07,1.161,6.7,2020-12-08 02:00:00
2020-12-09,5,2020,5.0,41.57,24.45,33.98,480.0,2.35,12.49,31.53,13.89,1.159,6.8,2020-12-09 02:00:00
2020-12-10,5,2020,5.0,45.33,23.7,30.97,470.0,2.29,12.97,32.34,14.45,1.102,6.6,2020-12-10 02:00:00
2020-12-11,5,2020,5.0,40.43,24.34,35.23,485.0,2.12,14.11,31.94,14.26,1.164,6.6,2020-12-11 02:00:00
2020-12-12,5,2020,5.0,43.62,22.44,33.94,459.0,2.33,11.5,31.45,13.83,1.138,6.8,2020-12-12 02:00:00
2020-12-13,5,2020,6.45,42.22,25.57,32.21,491.0,2.09,12.63,29.46,13.31,1.173,6.7,2020-12-13 02:00:00
2020-12-14,5,2020,5.34,44.07,23.52,32.41,487.0,2.14,12.04,30.59,13.6,1.074,6.7,2020-12-14 02:00:00
2020-12-15,5,2020,5.05,43.68,20.42,35.9,480.0,2.23,12.21,30.23,14.42,1.082,6.6,2020-12-15 02:00:00
2020-12-16,5,2020,5.0,46.27,23.56,30.17,506.0,2.29,13.3,29.85,13.4,1.079,6.8,2020-12-16 02:00:00
2020-12-17,5,2020,5.0,43.42,22.81,33.77,478.0,2.21,14.04,33.11,14.41,1.129,6.8,2020-12-17 02:00:00
2020-12-18,5,2020,5.0,39.43,23.44,37.13,474.0,2.13,11.9,32.44,14.16,1.082,6.7,2020-12-18 02:00:00
2020-12-19,5,2020,7.08,45.69,25.44,28.87,497.0,2.24,9.82,32.28,11.98,1.159,6.8,2020-12-19 02:00:00
2020-12-20,5,2020,7.46,42.09,24.69,33.22,487.0,2.11,10.74,30.22,13.79,1.127,6.7,2020-12-20 02:00:00
2020-12-21,5,2020,5.0,39.31,23.95,36.74,480.0,2.1,10.97,31.54,13.0,1.202,6.9,2020-12-21 02:00:00
2020-12-22,5,2020,5.0,42.57,25.01,32.42,481.0,2.05,13.11,32.14,13.4,1.181,6.8,2020-12-22 02:00:00
2020-12-23,5,2020,6.32,42.69,24.22,33.09,483.0,2.26,12.02,32.56,15.81,1.195,6.8,2020-12-23 02:00:00
2020-12-24,5,2020,6.3,46.14,24.63,29.23,480.0,2.2,10.38,29.47,14.3,1.164,6.7,2020-12-24 02:00:00
2020-12-25,5,2020,5.0,41.89,24.78,33.33,486.0,2.2,13.54,30.8,14.14,1.124,6.7,2020-12-25 02:00:00
2020-12-26,5,2020,5.0,42.47,24.6,32.93,487.0,2.36,12.15,30.83,14.33,1.231,6.6,2020-12-26 02:00:00
2020-12-27,5,2020,5.4,42.3,23.32,34.38,473.0,2.12,11.93,33.31,13.87,1.151,6.7,2020-12-27 02:00:00
2020-12-28,5,2020,5.0,39.11,24.77,36.12,497.0,2.22,12.25,31.11,13.87,1.152,6.6,2020-12-28 02:00:00
2020-12-29,5,2020,5.0,44.41,24.76,30.83,492.0,2.15,10.62,31.88,13.37,1.081,6.8,2020-12-29 02:00:00
2020-12-30,5,2020,5.96,42.35,22.32,35.33,478.0,1.99,12.65,28.62,14.37,1.171,6.8,2020-12-30 02:00:00
2020-12-31,5,2020,5.38,40.84,24.5,34.66,481.0,2.34,9.42,31.16,14.73,1.054,6.6,2020-12-31 02:00:00
2021-01-01,5,2021,30.86,44.56,24.6,30.84,431.0,2.03,10.03,30.02,15.43,0.822,6.8,2021-01-01 02:00:00
2021-01-02,5,2021,35.58,43.15,23.57,33.28,428.0,2.15,12.28,30.92,13.36,0.852,7.0,2021-01-02 02:00:00
2021-01-03,5,2021,32.54,42.43,23.46,34.11,425.0,2.49,12.15,30.86,14.0,0.825,7.0,2021-01-03 02:00:00
2021-01-04,5,2021,35.46,43.18,23.43,33.39,430.0,2.31,10.54,29.53,15.28,0.836,7.1,2021-01-04 02:00:00
2021-01-05,5,2021,35.21,41.74,21.86,36.4,420.0,2.0,13.29,32.4,15.12,0.873,7.1,2021-01-05 02:00:00
2021-01-06,5,2021,33.64,41.79,21.72,36.49,428.0,1.92,12.1,30.5,13.18,0.926,7.0,2021-01-06 02:00:00
2021-01-07,5,2021,33.78,39.56,27.08,33.36,430.0,2.22,11.07,30.57,13.73,0.874,7.0,2021-01-07 02:00:00
2021-01-08,5,2021,31.39,45.44,21.82,32.74,421.0,2.33,12.92,29.93,13.65,0.865,7.1,2021-01-08 02:00:00
2021-01-09,5,2021,28.86,41.46,23.03,35.51,418.0,2.66,11.08,28.6,14.76,0.819,7.0,2021-01-09 02:00:00
2021-01-10,5,2021,27.73,42.7,22.16,35.14,405.0,2.0,9.67,28.56,14.89,0.784,6.9,2021-01-10 02:00:00
2021-01-11,5,2021,25.96,40.01,25.19,34.8,420.0,2.19,12.86,31.17,13.69,0.715,7.0,2021-01-11 02:00:00
2021-01-12,5,2021,24.34,39.75,19.81,40.44,407.0,2.07,12.36,30.21,14.51,0.793,7.1,2021-01-12 02:00:00
2021-01-13,5,2021,23.41,46.01,23.18,30.81,407.0,2.12,10.62,30.86,14.2,0.746,7.1,2021-01-13 02:00:00
2021-01-14,5,2021,21.52,42.33,23.23,34.44,417.0,2.07,12.41,31.78,14.59,0.793,7.1,2021-01-14 02:00:00
2021-01-15,5,2021,26.89,42.18,26.3,31.52,418.0,2.27,11.88,30.66,14.08,0.822,6.9,2021-01-15 02:00:00
2021-01-16,5,2021,27.39,43.43,24.22,32.35,418.0,2.37,13.14,31.11,15.1,0.891,6.8,2021-01-16 02:00:00
2021-01-17,5,2021,24.9,40.68,23.14,36.18,429.0,2.06,12.94,31.17,14.7,0.799,7.1,2021-01-17 02:00:00
2021-01-18,5,2021,25.03,41.41,24.58,34.01,429.0,2.33,12.45,31.38,13.34,0.861,7.1,2021-01-18 02:00:00
2021-01-19,5,2021,26.83,36.33,23.86,39.81,418.0,2.18,10.93,33.03,12.86,0.856,7.0,2021-01-19 02:00:00
2021-01-20,5,2021,25.25,43.12,24.5,32.38,428.0,2.06,14.43,30.41,14.62,0.802,7.0,2021-01-20 02:00:00
2021-01-21,5,2021,27.05,43.59,24.69,31.72,413.0,2.19,12.35,30.58,13.82,0.768,7.0,2021-01-21 02:00:00
2021-01-22,5,2021,27.3,38.63,24.9,36.47,417.0,1.96,10.88,31.34,14.1,0.833,7.1,2021-01-22 02:00:00
2021-01-23,5,2021,26.33,40.23,23.4,36.37,430.0,2.28,12.36,31.22,13.0,0.879,7.2,2021-01-23 02:00:00
2021-01-24,5,2021,25.69,41.39,21.37,37.24,421.0,2.28,10.58,31.63,12.85,0.807,6.9,2021-01-24 02:00:00
2021-01-25,5,2021,27.76,38.99,26.25,34.76,420.0,2.08,12.22,31.51,14.72,0.897,7.0,2021-01-25 02:00:00
2021-01-26,5,2021,26.38,42.58,26.04,31.38,434.0,2.17,13.32,30.63,14.16,0.814,7.0,2021-01-26 02:00:00
2021-01-27,5,2021,24.94,40.4,21.76,37.84,429.0,2.39,10.03,30.89,14.73,0.859,7.0,2021-01-27 02:00:00
2021-01-28,5,2021,26.32,42.79,26.07,31.14,441.0,2.09,15.46,31.85,12.43,0.829,7.0,2021-01-28 02:00:00
2021-01-29,5,2021,24.79,37.86,23.48,38.66,425.0,2.25,12.16,31.49,13.98,0.784,6.9,2021-01-29 02:00:00
2021-01-30,5,2021,23.08,43.34,24.15,32.51,411.0,2.29,12.78,30.93,14.08,0.741,6.9,2021-01-30 02:00:00
2021-01-31,5,2021,19.92,43.76,22.32,33.92,412.0,1.98,11.4,27.66,13.26,0.8,6.9,2021-01-31 02:00:00
2021-02-01,5,2021,20.67,42.51,22.89,34.6,418.0,2.1,11.91,29.68,14.01,0.792,6.9,2021-02-01 02:00:00
2021-02-02,5,2021,24.0,44.11,24.9,30.99,410.0,2.2,9.76,29.69,12.61,0.804,6.8,2021-02-02 02:00:00
2021-02-03,5,2021,23.07,38.76,23.88,37.36,421.0,2.22,11.97,30.5,14.01,0.897,7.0,2021-02-03 02:00:00
2021-02-04,5,2021,20.69,42.47,22.18,35.35,417.0,2.32,11.44,31.93,14.54,0.809,6.9,2021-02-04 02:00:00
2021-02-05,5,2021,18.95,41.07,25.56,33.37,436.0,2.1,11.23,30.53,14.36,0.807,7.0,2021-02-05 02:00:00
2021-02-06,5,2021,19.68,42.32,23.97,33.71,448.0,2.09,11.8,30.39,14.22,0.843,6.9,2021-02-06 02:00:00
2021-02-07,5,2021,17.87,42.45,24.56,32.99,426.0,2.19,12.82,29.44,15.36,0.85,6.9,2021-02-07 02:00:00
2021-02-08,5,2021,20.59,42.07,24.49,33.44,442.0,1.93,12.72,31.92,15.11,0.949,6.9,2021-02-08 02:00:00
2021-02-09,5,2021,20.03,43.02,23.98,33.0,411.0,2.14,10.61,30.98,14.49,0.802,7.1,2021-02-09 02:00:00
2021-02-10,5,2021,14.25,41.61,25.53,32.86,426.0,2.13,14.99,31.04,14.77,0.879,7.0,2021-02-10 02:00:00
2021-02-11,5,2021,18.79,39.41,25.3,35.29,437.0,2.18,12.14,31.4,13.63,0.945,6.8,2021-02-11 02:00:00
2021-02-12,5,2021,19.19,41.04,26.24,32.72,439.0,2.25,11.86,33.23,15.46,0.872,6.9,2021-02-12 02:00:00
2021-02-13,5,2021,17.95,44.52,21.31,34.17,432.0,2.14,11.76,32.42,12.5,0.826,7.1,2021-02-13 02:00:00
2021-02-14,5,2021,16.52,39.64,21.67,38.69,431.0,2.57,12.56,30.11,13.11,0.877,6.9,2021-02-14 02:00:00
2021-02-15,5,2021,12.65,43.07,23.41,33.52,430.0,2.48,11.96,30.96,15.31,0.865,6.9,2021-02-15 02:00:00
2021-02-16,5,2021,12.98,42.39,23.33,34.28,422.0,2.23,12.1,30.81,14.2,0.734,7.0,2021-02-16 02:00:00
2021-02-17,5,2021,10.11,40.51,24.21,35.28,412.0,2.25,12.46,31.61,12.55,0.888,7.0,2021-02-17 02:00:00
2021-02-18,5,2021,8.76,44.51,23.51,31.98,428.0,2.11,15.1,30.8,14.78,0.676,6.8,2021-02-18 02:00:00
2021-02-19,5,2021,9.88,41.69,21.47,36.84,456.0,2.48,12.48,31.22,15.3,0.877,6.9,2021-02-19 02:00:00
2021-02-20,5,2021,8.51,43.23,24.42,32.35,416.0,2.11,12.48,31.34,14.55,0.94,6.9,2021-02-20 02:00:00
2021-02-21,5,2021,16.36,41.24,24.35,34.41,424.0,1.99,12.56,31.21,13.64,0.843,6.9,2021-02-21 02:00:00
2021-02-22,5,2021,18.42,39.57,25.07,35.36,435.0,1.94,11.36,29.92,14.65,0.803,6.8,2021-02-22 02:00:00
2021-02-23,5,2021,14.17,44.68,26.58,28.74,431.0,2.17,11.87,32.92,14.08,0.907,7.1,2021-02-23 02:00:00
2021-02-24,5,2021,16.24,42.86,25.3,31.84,422.0,1.95,13.04,29.85,14.53,0.819,6.9,2021-02-24 02:00:00
2021-02-25,5,2021,13.64,41.46,22.85,35.69,436.0,2.0,12.93,31.36,13.88,0.802,6.8,2021-02-25 02:00:00
2021-02-26,5,2021,13.88,39.45,24.01,36.54,434.0,2.18,12.25,30.2,13.31,0.817,6.8,2021-02-26 02:00:00
2021-02-27,5,2021,11.55,40.4,24.71,34.89,415.0,2.15,14.36,30.88,14.2,0.888,6.9,2021-02-27 02:00:00
2021-02-28,5,2021,11.07,39.93,25.3,34.77,443.0,2.35,11.67,30.31,14.41,0.871,7.0,2021-02-28 02:00:00
2021-03-01,5,2021,9.08,37.62,22.91,39.47,439.0,2.14,11.63,31.58,13.59,0.905,6.9,2021-03-01 02:00:00
2021-03-02,5,2021,10.33,40.79,24.8,34.41,421.0,2.01,11.45,30.27,15.13,0.855,7.1,2021-03-02 02:00:00
2021-03-03,5,2021,5.0,44.36,23.11,32.53,428.0,2.15,9.49,29.91,13.68,0.88,6.9,2021-03-03 02:00:00
2021-03-04,5,2021,5.0,43.6,25.54,30.86,433.0,2.22,14.0,31.7,13.26,0.957,7.0,2021-03-04 02:00:00
2021-03-05,5,2021,5.25,42.24,25.82,31.94,446.0,1.83,13.24,31.58,14.57,0.921,6.9,2021-03-05 02:00:00
2021-03-06,5,2021,5.0,40.07,25.17,34.76,410.0,2.4,11.79,29.1,13.98,0.871,7.1,2021-03-06 02:00:00
2021-03-07,5,2021,5.43,43.2,23.19,33.61,424.0,1.83,11.23,29.62,13.4,0.889,6.9,2021-03-07 02:00:00
2021-03-08,5,2021,9.6,41.13,24.22,34.65,426.0,2.05,11.36,32.45,14.65,0.806,6.9,2021-03-08 02:00:00
2021-03-09,5,2021,6.56,42.34,23.35,34.31,429.0,2.13,11.28,31.44,14.16,0.847,6.9,2021-03-09 02:00:00
2021-03-10,5,2021,10.55,41.31,24.9,33.79,441.0,2.02,12.39,32.4,13.57,0.855,7.1,2021-03-10 02:00:00
2021-03-11,5,2021,8.14,42.96,21.82,35.22,430.0,2.15,12.54,32.01,14.63,0.977,7.1,2021-03-11 02:00:00
2021-03-12,5,2021,11.77,41.6,22.56,35.84,432.0,2.06,14.19,30.56,14.08,0.83,6.8,2021-03-12 02:00:00
2021-03-13,5,2021,9.52,41.57,23.24,35.19,457.0,2.08,10.74,32.79,12.76,0.798,6.8,2021-03-13 02:00:00
2021-03-14,5,2021,7.34,42.83,24.77,32.4,426.0,2.32,11.47,31.3,14.03,0.926,6.8,2021-03-14 02:00:00
2021-03-15,5,2021,5.61,43.96,21.98,34.06,438.0,2.09,13.09,30.98,13.85,0.898,6.8,2021-03-15 02:00:00
2021-03-16,5,2021,5.76,39.78,24.01,36.21,438.0,2.54,12.64,32.23,13.92,0.87,7.1,2021-03-16 02:00:00
2021-03-17,5,2021,5.0,42.67,24.68,32.65,458.0,2.21,12.41,30.03,13.74,0.818,6.9,2021-03-17 02:00:00
2021-03-18,5,2021,5.72,42.56,26.24,31.2,431.0,2.31,12.75,30.9,12.64,0.929,7.1,2021-03-18 02:00:00
2021-03-19,5,2021,6.01,43.74,23.41,32.85,431.0,2.34,12.72,31.38,14.69,0.846,6.9,2021-03-19 02:00:00
2021-03-20,5,2021,9.02,46.71,24.46,28.83,422.0,2.38,13.5,31.6,14.15,0.85,6.9,2021-03-20 02:00:00
2021-03-21,5,2021,7.37,42.35,24.37,33.28,455.0,2.42,12.61,30.59,15.04,0.894,6.9,2021-03-21 02:00:00
2021-03-22,5,2021,12.1,46.08,23.91,30.01,450.0,2.18,9.21,30.8,15.36,0.9,7.0,2021-03-22 02:00:00
2021-03-23,5,2021,16.37,41.83,25.74,32.43,410.0,2.12,8.77,30.19,14.1,0.891,7.0,2021-03-23 02:00:00
2021-03-24,5,2021,12.01,39.08,22.84,38.08,446.0,1.85,13.04,31.11,13.51,0.84,6.9,2021-03-24 02:00:00
2021-03-25,5,2021,17.0,42.01,21.41,36.58,443.0,2.23,11.4,30.64,12.72,0.922,7.0,2021-03-25 02:00:00
2021-03-26,5,2021,20.47,41.71,24.53,33.76,424.0,2.29,14.43,30.67,15.18,0.873,6.8,2021-03-26 02:00:00
2021-03-27,5,2021,26.6,42.62,28.38,29.0,441.0,2.32,11.75,31.62,15.02,0.872,7.0,2021-03-27 02:00:00
2021-03-28,5,2021,26.27,43.83,23.72,32.45,440.0,2.3,11.29,32.05,14.13,0.808,6.9,2021-03-28 02:00:00
2021-03-29,5,2021,28.03,43.21,24.25,32.54,435.0,2.19,10.68,29.24,13.04,0.863,6.9,2021-03-29 02:00:00
2021-03-30,5,2021,26.43,45.51,25.8,28.69,439.0,2.35,14.05,29.21,15.03,0.85,6.7,2021-03-30 02:00:00
2021-03-31,5,2021,25.27,43.43,22.54,34.03,438.0,2.05,12.99,30.75,13.2,0.896,6.9,2021-03-31 02:00:00
2021-04-01,5,2021,38.5,40.36,24.37,35.27,440.0,2.41,11.57,30.35,12.85,0.794,6.9,2021-04-01 02:00:00
2021-04-02,5,2021,45.0,40.64,23.53,35.83,432.0,2.27,11.31,29.66,13.34,0.87,7.0,2021-04-02 02:00:00
2021-04-03,5,2021,44.0,41.75,21.07,37.18,422.0,2.14,12.04,32.09,12.85,0.893,6.8,2021-04-03 02:00:00
2021-04-04,5,2021,45.0,43.0,22.82,34.18,432.0,2.41,12.84,30.85,14.03,0.897,7.0,2021-04-04 02:00:00
2021-04-05,5,2021,44.07,40.27,24.3,35.43,429.0,2.06,12.17,29.38,14.84,0.904,6.9,2021-04-05 02:00:00
2021-04-06,5,2021,45.0,46.38,24.9,28.72,441.0,2.16,9.29,31.42,13.95,0.821,6.9,2021-04-06 02:00:00
2021-04-07,5,2021,42.71,46.34,23.3,30.36,426.0,2.56,15.68,32.55,14.12,0.943,7.1,2021-04-07 02:00:00
2021-04-08,5,2021,40.2,44.05,21.98,33.97,435.0,1.96,11.92,30.92,14.38,0.933,6.8,2021-04-08 02:00:00
2021-04-09,5,2021,39.24,43.97,25.39,30.64,434.0,2.13,12.43,31.2,13.49,0.934,6.9,2021-04-09 02:00:00
2021-04-10,5,2021,39.31,42.72,24.46,32.82,457.0,2.27,12.55,31.01,15.03,0.938,6.8,2021-04-10 02:00:00
2021-04-11,5,2021,36.4,41.28,26.25,32.47,443.0,2.23,11.96,29.31,13.93,0.904,6.9,2021-04-11 02:00:00
2021-04-12,5,2021,33.0,40.9,25.73,33.37,423.0,2.25,11.87,30.98,13.91,0.897,7.0,2021-04-12 02:00:00
2021-04-13,5,2021,33.64,43.34,23.64,33.02,456.0,2.34,12.24,30.54,13.27,0.975,6.9,2021-04-13 02:00:00
2021-04-14,5,2021,30.72,44.37,24.75,30.88,445.0,2.27,12.5,30.84,14.62,0.865,6.9,2021-04-14 02:00:00
2021-04-15,5,2021,30.6,39.52,24.99,35.49,438.0,2.37,12.68,31.76,14.39,0.949,6.7,2021-04-15 02:00:00
2021-04-16,5,2021,30.16,40.79,21.99,37.22,433.0,2.42,11.19,31.2,13.27,0.846,6.9,2021-04-16 02:00:00
2021-04-17,5,2021,26.98,40.4,22.78,36.82,435.0,2.2,13.46,31.86,14.2,0.872,7.0,2021-04-17 02:00:00
2021-04-18,5,2021,25.16,41.84,24.1,34.06,449.0,1.78,10.06,31.98,13.71,0.931,6.8,2021-04-18 02:00:00
2021-04-19,5,2021,24.63,43.02,22.7,34.28,441.0,2.15,10.31,31.17,14.0,0.943,7.0,2021-04-19 02:00:00
2021-04-20,5,2021,21.93,39.73,23.07,37.2,417.0,2.16,12.35,30.97,13.47,0.921,6.9,2021-04-20 02:00:00
2021-04-21,5,2021,21.57,44.1,22.74,33.16,435.0,2.12,11.5,31.87,14.09,0.86,7.1,2021-04-21 02:00:00
2021-04-22,5,2021,18.96,44.15,20.89,34.96,457.0,2.0,14.08,31.12,14.76,0.852,6.9,2021-04-22 02:00:00
2021-04-23,5,2021,22.47,40.93,25.92,33.15,447.0,2.17,10.02,31.95,13.39,0.931,7.1,2021-04-23 02:00:00
2021-04-24,5,2021,23.11,39.87,23.95,36.18,457.0,2.32,12.95,32.07,13.3,1.008,7.0,2021-04-24 02:00:00
2021-04-25,5,2021,24.43,43.36,25.72,30.92,450.0,2.25,12.12,29.77,14.25,0.915,7.0,2021-04-25 02:00:00
2021-04-26,5,2021,19.84,42.21,25.51,32.28,451.0,2.05,13.18,29.48,13.4,0.895,6.9,2021-04-26 02:00:00
2021-04-27,5,2021,19.06,41.1,23.3,35.6,424.0,2.32,10.59,30.93,14.66,0.904,7.0,2021-04-27 02:00:00
2021-04-28,5,2021,19.62,45.84,25.37,28.79,449.0,1.97,13.02,31.58,14.51,0.863,6.8,2021-04-28 02:00:00
2021-04-29,5,2021,17.52,43.17,25.74,31.09,432.0,2.31,10.75,31.62,15.15,0.889,6.9,2021-04-29 02:00:00
2021-04-30,5,2021,17.51,40.4,24.96,34.64,456.0,2.3,11.34,32.01,11.95,0.929,7.0,2021-04-30 02:00:00
2021-05-01,5,2021,16.95,42.51,23.65,33.84,452.0,2.21,11.22,31.72,13.85,0.926,6.9,2021-05-01 02:00:00
2021-05-02,5,2021,21.09,40.11,24.71,35.18,436.0,2.34,12.62,31.55,14.61,1.011,7.0,2021-05-02 02:00:00
2021-05-03,5,2021,20.3,39.86,23.75,36.39,432.0,2.04,13.44,30.95,12.6,0.911,6.9,2021-05-03 02:00:00
2021-05-04,5,2021,18.44,39.8,22.06,38.14,439.0,2.21,12.95,30.7,14.12,0.897,6.9,2021-05-04 02:00:00
2021-05-05,5,2021,15.79,42.2,23.13,34.67,428.0,2.12,11.19,30.95,14.09,0.926,6.8,2021-05-05 02:00:00
2021-05-06,5,2021,15.18,39.18,23.92,36.9,435.0,2.02,13.04,31.0,14.27,0.921,7.1,2021-05-06 02:00:00
2021-05-07,5,2021,15.45,41.29,22.13,36.58,446.0,2.21,14.7,31.19,12.71,0.9,7.0,2021-05-07 02:00:00
2021-05-08,5,2021,14.85,42.65,22.26,35.09,443.0,2.25,11.27,31.77,14.21,0.975,7.0,2021-05-08 02:00:00
2021-05-09,5,2021,13.64,40.74,22.48,36.78,423.0,2.6,14.22,31.63,12.26,0.925,6.9,2021-05-09 02:00:00
2021-05-10,5,2021,11.54,46.56,22.07,31.37,434.0,2.14,12.19,30.75,13.97,0.918,7.0,2021-05-10 02:00:00
2021-05-11,5,2021,10.23,39.9,22.27,37.83,444.0,2.34,13.01,30.47,15.05,0.932,6.9,2021-05-11 02:00:00
2021-05-12,5,2021,9.23,44.05,23.91,32.04,434.0,2.41,11.95,31.29,13.66,0.99,6.9,2021-05-12 02:00:00
2021-05-13,5,2021,7.22,44.23,23.52,32.25,430.0,2.13,13.24,29.57,14.17,0.93,6.9,2021-05-13 02:00:00
2021-05-14,5,2021,6.8,42.62,26.59,30.79,443.0,2.29,11.17,30.36,14.11,0.905,6.8,2021-05-14 02:00:00
2021-05-15,5,2021,12.35,38.0,23.88,38.12,422.0,2.3,11.54,31.9,12.95,0.822,6.9,2021-05-15 02:00:00
2021-05-16,5,2021,12.97,43.91,25.74,30.35,437.0,2.11,12.84,31.23,13.06,1.016,7.1,2021-05-16 02:00:00
2021-05-17,5,2021,10.81,40.71,25.23,34.06,448.0,2.16,14.21,33.96,13.2,0.894,6.9,2021-05-17 02:00:00
2021-05-18,5,2021,9.16,40.98,24.06,34.96,453.0,2.32,12.79,31.12,13.72,0.959,6.8,2021-05-18 02:00:00
2021-05-19,5,2021,7.3,44.37,23.05,32.58,424.0,2.1,11.12,31.52,14.59,0.933,7.0,2021-05-19 02:00:00
2021-05-20,5,2021,5.9,39.31,23.18,37.51,450.0,2.29,13.25,33.42,12.96,0.958,7.1,2021-05-20 02:00:00
2021-05-21,5,2021,9.8,38.21,23.87,37.92,423.0,2.26,11.34,30.1,13.14,0.893,7.1,2021-05-21 02:00:00
2021-05-22,5,2021,9.09,45.73,24.55,29.72,441.0,2.26,10.71,31.59,13.31,1.007,6.9,2021-05-22 02:00:00
2021-05-23,5,2021,5.54,39.2,24.43,36.37,428.0,2.38,11.71,29.63,14.63,0.904,7.0,2021-05-23 02:00:00
2021-05-24,5,2021,7.79,42.36,25.51,32.13,446.0,1.93,9.46,30.53,13.7,0.993,7.0,2021-05-24 02:00:00
2021-05-25,5,2021,5.0,44.23,22.84,32.93,430.0,2.19,10.52,31.1,13.05,0.952,6.9,2021-05-25 02:00:00
2021-05-26,5,2021,5.0,42.79,25.79,31.42,420.0,2.19,13.21,31.6,13.5,0.963,7.0,2021-05-26 02:00:00
2021-05-27,5,2021,8.66,40.19,23.3,36.51,433.0,2.14,14.25,31.01,13.82,0.972,7.0,2021-05-27 02:00:00
2021-05-28,5,2021,6.45,40.9,25.08,34.02,461.0,2.13,12.46,31.98,12.34,0.939,6.8,2021-05-28 02:00:00
2021-05-29,5,2021,5.0,40.12,22.44,37.44,444.0,2.03,12.04,29.95,13.81,0.941,7.0,2021-05-29 02:00:00
2021-05-30,5,2021,5.6,42.25,24.68,33.07,440.0,2.33,11.85,32.72,14.4,0.933,7.0,2021-05-30 02:00:00
2021-05-31,5,2021,9.23,42.81,23.74,33.45,443.0,2.39,14.78,31.98,14.46,0.995,6.9,2021-05-31 02:00:00
2021-06-01,5,2021,5.0,42.09,24.5,33.41,434.0,1.85,12.21,31.21,15.12,1.175,6.7,2021-06-01 02:00:00
2021-06-02,5,2021,5.0,41.23,23.75,35.02,461.0,2.38,12.49,31.76,13.92,0.898,6.9,2021-06-02 02:00:00
2021-06-03,5,2021,5.0,41.29,22.65,36.06,450.0,2.22,11.42,29.67,13.24,0.922,7.0,2021-06-03 02:00:00
2021-06-04,5,2021,6.22,45.93,24.99,29.08,424.0,2.1,10.37,30.53,12.27,0.991,6.7,2021-06-04 02:00:00
2021-06-05,5,2021,5.0,38.0,23.76,38.24,464.0,2.2,13.91,30.36,14.55,0.962,6.7,2021-06-05 02:00:00
2021-06-06,5,2021,5.0,44.73,23.34,31.93,434.0,1.95,11.04,32.43,13.36,0.952,6.8,2021-06-06 02:00:00
2021-06-07,5,2021,5.19,41.82,22.8,35.38,467.0,2.02,11.35,33.65,13.25,1.031,6.7,2021-06-07 02:00:00
2021-06-08,5,2021,5.32,39.97,24.43,35.6,460.0,1.91,10.88,30.27,14.18,0.957,7.0,2021-06-08 02:00:00
2021-06-09,5,2021,6.18,43.21,25.68,31.11,445.0,2.28,13.29,27.95,13.31,0.95,6.9,2021-06-09 02:00:00
2021-06-10,5,2021,5.0,39.2,25.36,35.44,475.0,2.19,13.94,31.33,13.88,0.885,6.9,2021-06-10 02:00:00
2021-06-11,5,2021,5.35,41.16,23.35,35.49,427.0,2.26,9.86,32.06,14.58,0.983,6.8,2021-06-11 02:00:00
2021-06-12,5,2021,6.51,45.43,26.47,28.1,453.0,2.13,10.03,31.96,15.08,0.96,6.9,2021-06-12 02:00:00
2021-06-13,5,2021,5.0,45.22,23.1,31.68,437.0,1.97,13.49,30.47,14.26,1.012,7.1,2021-06-13 02:00:00
2021-06-14,5,2021,5.44,40.95,24.69,34.36,429.0,2.24,11.23,29.68,12.9,0.907,6.7,2021-06-14 02:00:00
2021-06-15,5,2021,5.0,40.83,24.63,34.54,444.0,2.47,10.67,30.4,13.43,0.964,6.8,2021-06-15 02:00:00
2021-06-16,5,2021,5.0,40.45,23.92,35.63,448.0,2.38,11.54,30.85,13.38,0.896,6.9,2021-06-16 02:00:00
2021-06-17,5,2021,5.0,41.74,23.18,35.08,439.0,2.02,13.96,30.07,16.26,1.024,7.0,2021-06-17 02:00:00
2021-06-18,5,2021,5.45,40.12,22.49,37.39,445.0,2.3,13.63,30.13,15.34,0.959,7.0,2021-06-18 02:00:00
2021-06-19,5,2021,5.0,46.03,24.66,29.31,444.0,2.28,12.11,32.34,14.23,0.941,6.9,2021-06-19 02:00:00
2021-06-20,5,2021,6.43,42.76,23.99,33.25,439.0,2.34,13.06,30.4,15.9,0.952,6.7,2021-06-20 02:00:00
2021-06-21,5,2021,5.0,41.0,25.17,33.83,448.0,2.23,11.1,31.55,12.94,1.003,6.8,2021-06-21 02:00:00
2021-06-22,5,2021,5.0,38.83,23.73,37.44,448.0,2.07,10.53,30.06,12.92,0.905,6.9,2021-06-22 02:00:00
2021-06-23,5,2021,5.91,40.75,23.32,35.93,448.0,2.04,12.43,30.89,13.71,0.955,6.9,2021-06-23 02:00:00
2021-06-24,5,2021,8.8,47.35,24.44,28.21,465.0,2.1,12.6,31.67,13.76,1.001,6.8,2021-06-24 02:00:00
2021-06-25,5,2021,11.21,40.7,25.86,33.44,453.0,2.06,9.5,29.03,14.26,0.991,6.9,2021-06-25 02:00:00
2021-06-26,5,2021,10.63,40.06,23.12,36.82,447.0,2.23,12.79,31.09,13.87,0.956,6.9,2021-06-26 02:00:00
2021-06-27,5,2021,8.69,41.98,25.4,32.62,420.0,2.26,12.51,31.88,13.96,0.926,6.9,2021-06-27 02:00:00
2021-06-28,5,2021,7.93,43.15,21.35,35.5,454.0,2.03,10.51,29.85,13.28,1.01,6.8,2021-06-28 02:00:00
2021-06-29,5,2021,5.0,43.81,26.11,30.08,432.0,2.08,11.61,31.59,13.66,0.957,6.8,2021-06-29 02:00:00
2021-06-30,5,2021,5.81,42.22,27.26,30.52,462.0,2.11,12.88,29.86,14.74,0.901,6.9,2021-06-30 02:00:00
2021-07-01,5,2021,5.0,40.71,24.59,34.7,434.0,2.18,12.42,31.32,13.75,1.039,6.9,2021-07-01 02:00:00
2021-07-02,5,2021,5.76,42.23,22.35,35.42,438.0,1.97,11.92,32.62,12.76,1.016,6.9,2021-07-02 02:00:00
2021-07-03,5,2021,5.0,40.2,23.24,36.56,457.0,2.36,13.59,29.77,13.78,1.067,6.8,2021-07-03 02:00:00
2021-07-04,5,2021,5.29,42.36,24.31,33.33,460.0,2.26,11.38,31.67,13.31,0.91,6.7,2021-07-04 02:00:00
2021-07-05,5,2021,5.0,43.51,24.69,31.8,445.0,2.18,9.88,31.7,14.07,0.936,6.8,2021-07-05 02:00:00
2021-07-06,5,2021,5.0,41.01,24.11,34.88,431.0,2.32,11.93,30.76,13.43,1.064,7.0,2021-07-06 02:00:00
2021-07-07,5,2021,7.36,42.01,24.59,33.4,453.0,2.31,11.98,28.99,14.37,1.018,6.8,2021-07-07 02:00:00
2021-07-08,5,2021,5.0,44.49,22.11,33.4,454.0,2.0,14.16,30.75,14.28,0.934,6.9,2021-07-08 02:00:00
2021-07-09,5,2021,5.0,42.6,25.05,32.35,460.0,2.17,11.77,31.05,14.11,0.968,6.9,2021-07-09 02:00:00
2021-07-10,5,2021,5.0,43.14,21.84,35.02,455.0,2.1,13.07,31.1,13.17,0.973,6.9,2021-07-10 02:00:00
2021-07-11,5,2021,5.7,40.05,22.89,37.06,446.0,2.32,10.78,29.89,14.16,1.047,6.8,2021-07-11 02:00:00
2021-07-12,5,2021,5.15,43.23,23.87,32.9,463.0,2.02,10.26,30.53,15.07,1.01,6.8,2021-07-12 02:00:00
2021-07-13,5,2021,6.98,41.2,22.5,36.3,434.0,2.33,12.22,32.29,14.24,0.986,6.9,2021-07-13 02:00:00
2021-07-14,5,2021,10.52,40.35,23.69,35.96,439.0,2.15,13.44,29.05,12.09,0.93,6.7,2021-07-14 02:00:00
2021-07-15,5,2021,6.77,40.04,25.21,34.75,455.0,2.23,11.28,30.64,14.18,0.897,6.8,2021-07-15 02:00:00
2021-07-16,5,2021,5.0,39.4,23.41,37.19,456.0,1.92,14.11,31.16,14.0,1.041,6.8,2021-07-16 02:00:00
2021-07-17,5,2021,5.0,42.73,20.95,36.32,464.0,2.2,11.97,31.19,13.48,0.945,6.8,2021-07-17 02:00:00
2021-07-18,5,2021,5.0,43.55,22.13,34.32,457.0,2.33,12.24,32.24,13.04,0.867,6.8,2021-07-18 02:00:00
2021-07-19,5,2021,5.32,44.1,20.32,35.58,440.0,2.3,10.48,30.02,15.22,0.931,6.8,2021-07-19 02:00:00
2021-07-20,5,2021,5.0,42.26,22.21,35.53,461.0,2.24,13.84,31.24,14.46,0.964,6.8,2021-07-20 02:00:00
2021-07-21,5,2021,5.09,43.67,23.32,33.01,455.0,2.22,10.89,29.68,15.94,0.967,6.8,2021-07-21 02:00:00
2021-07-22,5,2021,5.9,45.64,24.09,30.27,468.0,2.06,10.31,33.48,13.43,0.997,6.8,2021-07-22 02:00:00
2021-07-23,5,2021,5.26,39.47,26.22,34.31,451.0,2.18,11.33,29.33,14.8,1.042,6.9,2021-07-23 02:00:00
2021-07-24,5,2021,5.13,43.91,23.1,32.99,442.0,2.27,12.51,32.21,13.55,1.026,6.7,2021-07-24 02:00:00
2021-07-25,5,2021,6.06,44.42,22.34,33.24,445.0,2.09,11.69,31.73,14.6,1.032,6.7,2021-07-25 02:00:00
2021-07-26,5,2021,5.61,42.6,22.33,35.07,447.0,2.26,11.09,31.49,13.73,1.038,7.0,2021-07-26 02:00:00
2021-07-27,5,2021,5.0,42.14,22.73,35.13,455.0,1.93,12.98,32.47,15.02,1.039,6.8,2021-07-27 02:00:00
2021-07-28,5,2021,5.0,39.33,23.14,37.53,450.0,2.21,12.47,32.83,13.18,0.979,6.7,2021-07-28 02:00:00
2021-07-29,5,2021,5.0,42.75,23.43,33.82,467.0,2.17,11.79,32.19,13.38,1.013,7.0,2021-07-29 02:00:00
2021-07-30,5,2021,5.0,43.58,23.28,33.14,451.0,2.19,11.19,32.0,15.18,1.097,6.8,2021-07-30 02:00:00
2021-07-31,5,2021,8.59,40.11,26.07,33.82,443.0,2.05,13.16,30.02,14.6,1.011,6.8,2021-07-31 02:00:00
2021-08-01,5,2021,5.64,43.9,24.44,31.66,452.0,2.31,12.85,30.43,14.47,0.996,6.9,2021-08-01 02:00:00
2021-08-02,5,2021,6.04,45.59,24.57,29.84,465.0,2.54,10.93,30.19,12.51,0.97,6.9,2021-08-02 02:00:00
2021-08-03,5,2021,6.97,41.21,23.07,35.72,454.0,2.39,10.67,31.57,15.71,1.028,6.8,2021-08-03 02:00:00
2021-08-04,5,2021,8.86,43.51,22.95,33.54,450.0,2.1,11.75,31.52,14.84,1.011,6.8,2021-08-04 02:00:00
2021-08-05,5,2021,5.0,42.7,24.49,32.81,462.0,2.19,11.52,32.4,12.5,0.99,6.8,2021-08-05 02:00:00
2021-08-06,5,2021,5.69,41.77,25.24,32.99,455.0,2.24,13.02,28.82,15.52,1.055,6.9,2021-08-06 02:00:00
2021-08-07,5,2021,6.26,45.77,26.25,27.98,446.0,2.26,11.1,31.23,13.06,1.052,6.9,2021-08-07 02:00:00
2021-08-08,5,2021,5.71,41.94,22.8,35.26,455.0,2.27,11.57,30.28,13.08,1.01,6.7,2021-08-08 02:00:00
2021-08-09,5,2021,5.0,44.49,24.5,31.01,468.0,2.18,10.61,30.62,13.95,0.898,6.8,2021-08-09 02:00:00
2021-08-10,5,2021,5.0,41.25,24.1,34.65,456.0,2.31,13.45,30.82,14.76,1.046,6.8,2021-08-10 02:00:00
2021-08-11,5,2021,5.0,41.9,23.59,34.51,461.0,2.13,13.24,32.34,14.77,0.955,6.9,2021-08-11 02:00:00
2021-08-12,5,2021,5.94,37.84,22.52,39.64,448.0,2.46,11.82,27.68,13.34,1.089,6.7,2021-08-12 02:00:00
2021-08-13,5,2021,5.14,40.84,24.75,34.41,462.0,2.19,12.86,30.88,15.73,0.9,6.9,2021-08-13 02:00:00
2021-08-14,5,2021,5.03,44.26,23.89,31.85,469.0,2.0,13.86,32.4,14.33,1.028,6.7,2021-08-14 02:00:00
2021-08-15,5,2021,6.88,43.17,22.68,34.15,476.0,2.39,9.24,32.33,13.02,1.039,6.8,2021-08-15 02:00:00
2021-08-16,5,2021,5.78,40.0,24.12,35.88,461.0,2.29,10.94,30.7,12.36,1.025,6.8,2021-08-16 02:00:00
2021-08-17,5,2021,5.0,45.06,22.34,32.6,444.0,2.09,11.35,31.51,13.4,0.991,6.9,2021-08-17 02:00:00
2021-08-18,5,2021,6.4,44.13,23.09,32.78,452.0,2.22,11.09,31.07,15.13,0.986,6.9,2021-08-18 02:00:00
2021-08-19,5,2021,5.0,40.65,22.99,36.36,449.0,1.82,12.17,32.5,14.3,1.011,6.8,2021-08-19 02:00:00
2021-08-20,5,2021,5.49,42.25,24.43,33.32,456.0,2.33,11.8,31.45,13.42,1.045,6.8,2021-08-20 02:00:00
2021-08-21,5,2021,9.99,45.47,23.71,30.82,454.0,2.31,11.39,30.01,14.86,1.062,6.7,2021-08-21 02:00:00
2021-08-22,5,2021,10.6,40.75,23.36,35.89,465.0,1.99,11.6,29.49,14.78,0.992,6.7,2021-08-22 02:00:00
2021-08-23,5,2021,8.89,45.16,22.89,31.95,458.0,2.33,14.37,33.09,15.24,1.024,6.7,2021-08-23 02:00:00
2021-08-24,5,2021,5.32,41.64,24.87,33.49,469.0,2.18,10.74,32.21,13.1,0.949,6.8,2021-08-24 02:00:00
2021-08-25,5,2021,6.12,40.82,25.16,34.02,456.0,2.26,11.83,31.6,15.16,0.98,6.8,2021-08-25 02:00:00
2021-08-26,5,2021,5.0,43.57,23.87,32.56,462.0,2.38,12.4,30.54,14.84,1.023,6.8,2021-08-26 02:00:00
2021-08-27,5,2021,6.59,40.15,24.86,34.99,452.0,2.14,11.03,30.43,14.42,1.094,7.0,2021-08-27 02:00:00
2021-08-28,5,2021,5.28,42.36,22.12,35.52,456.0,2.18,9.99,30.31,13.45,1.042,6.7,2021-08-28 02:00:00
2021-08-29,5,2021,8.58,41.07,20.32,38.61,448.0,2.18,11.8,31.03,14.1,1.006,7.0,2021-08-29 02:00:00
2021-08-30,5,2021,8.09,41.82,23.74,34.44,455.0,1.77,11.06,28.96,14.21,1.035,6.9,2021-08-30 02:00:00
2021-08-31,5,2021,9.58,45.85,22.09,32.06,466.0,2.24,12.3,30.89,13.13,1.085,7.0,2021-08-31 02:00:00
2021-09-01,5,2021,6.14,39.96,23.87,36.17,440.0,2.41,10.45,30.05,14.39,0.98,7.0,2021-09-01 02:00:00
2021-09-02,5,2021,5.0,44.31,24.95,30.74,453.0,2.25,12.2,30.9,13.92,1.086,6.7,2021-09-02 02:00:00
2021-09-03,5,2021,8.58,43.93,20.41,35.66,470.0,2.05,12.56,32.15,14.98,1.034,6.7,2021-09-03 02:00:00
2021-09-04,5,2021,6.54,42.57,24.31,33.12,435.0,2.17,15.38,30.59,14.95,1.025,6.7,2021-09-04 02:00:00
2021-09-05,5,2021,5.09,41.45,21.8,36.75,481.0,2.27,12.85,31.13,16.33,0.918,6.8,2021-09-05 02:00:00
2021-09-06,5,2021,5.0,39.31,23.41,37.28,446.0,1.97,12.52,32.16,13.88,1.031,6.7,2021-09-06 02:00:00
2021-09-07,5,2021,5.57,43.37,24.69,31.94,459.0,2.05,10.98,31.17,15.15,0.986,6.7,2021-09-07 02:00:00
2021-09-08,5,2021,9.3,36.79,24.65,38.56,477.0,2.07,14.18,31.43,15.22,1.035,6.7,2021-09-08 02:00:00
2021-09-09,5,2021,6.4,44.1,25.75,30.15,465.0,2.27,12.16,32.93,14.41,1.154,6.8,2021-09-09 02:00:00
2021-09-10,5,2021,6.73,39.41,22.5,38.09,457.0,2.1,13.07,29.13,14.28,1.054,6.7,2021-09-10 02:00:00
2021-09-11,5,2021,7.17,40.36,23.91,35.73,455.0,2.0,11.78,29.44,15.09,1.039,6.8,2021-09-11 02:00:00
2021-09-12,5,2021,5.41,41.0,24.53,34.47,474.0,2.17,12.19,30.71,13.88,1.051,7.0,2021-09-12 02:00:00
2021-09-13,5,2021,6.59,42.61,21.27,36.12,457.0,1.9,12.15,31.63,14.78,1.037,6.7,2021-09-13 02:00:00
2021-09-14,5,2021,5.19,45.73,24.62,29.65,458.0,2.3,10.93,32.02,14.45,1.015,6.8,2021-09-14 02:00:00
2021-09-15,5,2021,7.27,40.52,22.17,37.31,463.0,2.21,11.97,30.72,13.6,1.082,6.7,2021-09-15 02:00:00
2021-09-16,5,2021,5.0,43.29,25.26,31.45,466.0,2.22,11.18,30.42,14.56,1.003,6.9,2021-09-16 02:00:00
2021-09-17,5,2021,5.0,42.5,26.37,31.13,475.0,2.26,12.68,31.77,13.36,1.023,6.7,2021-09-17 02:00:00
2021-09-18,5,2021,5.0,41.66,26.06,32.28,447.0,2.24,12.59,31.49,12.69,1.067,6.9,2021-09-18 02:00:00
2021-09-19,5,2021,6.2,42.23,25.23,32.54,467.0,2.17,11.38,31.25,12.43,0.98,6.7,2021-09-19 02:00:00
2021-09-20,5,2021,5.0,40.2,24.68,35.12,457.0,1.98,14.81,29.29,13.56,1.026,6.8,2021-09-20 02:00:00
2021-09-21,5,2021,5.0,43.34,24.87,31.79,481.0,2.42,10.95,29.34,12.47,1.074,7.0,2021-09-21 02:00:00
2021-09-22,5,2021,5.29,43.79,26.42,29.79,464.0,1.98,11.41,31.34,15.32,1.029,6.8,2021-09-22 02:00:00
2021-09-23,5,2021,5.0,43.95,25.21,30.84,462.0,2.35,11.7,31.49,15.75,1.044,6.9,2021-09-23 02:00:00
2021-09-24,5,2021,6.43,44.64,24.52,30.84,477.0,2.28,9.89,30.91,13.05,1.054,6.7,2021-09-24 02:00:00
2021-09-25,5,2021,5.0,41.5,23.72,34.78,467.0,2.22,11.03,31.73,14.07,1.073,6.7,2021-09-25 02:00:00
2021-09-26,5,2021,6.86,39.82,24.44,35.74,463.0,2.17,12.99,30.26,14.64,1.038,6.7,2021-09-26 02:00:00
2021-09-27,5,2021,5.41,40.98,24.19,34.83,462.0,1.9,14.13,31.0,13.95,1.061,6.6,2021-09-27 02:00:00
2021-09-28,5,2021,5.0,39.32,23.18,37.5,466.0,2.39,11.86,31.72,14.12,1.104,6.8,2021-09-28 02:00:00
2021-09-29,5,2021,5.13,41.81,24.93,33.26,468.0,2.37,10.71,30.92,13.74,1.053,6.9,2021-09-29 02:00:00
2021-09-30,5,2021,9.1,42.71,22.9,34.39,473.0,2.16,10.13,30.1,12.97,1.059,6.7,2021-09-30 02:00:00
2021-10-01,5,2021,5.55,39.57,22.96,37.47,454.0,2.28,13.01,32.19,14.28,1.092,6.8,2021-10-01 02:00:00
2021-10-02,5,2021,5.0,43.91,25.93,30.16,479.0,2.32,12.09,29.14,14.83,1.099,6.6,2021-10-02 02:00:00
2021-10-03,5,2021,5.0,37.67,23.14,39.19,462.0,2.13,11.33,30.71,13.54,1.112,6.8,2021-10-03 02:00:00
2021-10-04,5,2021,5.0,40.38,22.31,37.31,446.0,2.19,11.1,30.92,13.08,1.094,6.7,2021-10-04 02:00:00
2021-10-05,5,2021,5.7,43.42,24.56,32.02,469.0,2.18,12.68,32.24,14.09,1.006,6.9,2021-10-05 02:00:00
2021-10-06,5,2021,6.91,42.54,24.53,32.93,464.0,2.36,12.72,29.85,14.91,1.003,6.7,2021-10-06 02:00:00
2021-10-07,5,2021,5.0,41.5,25.06,33.44,467.0,1.98,11.33,31.06,13.33,1.107,6.7,2021-10-07 02:00:00
2021-10-08,5,2021,6.34,45.12,26.94,27.94,454.0,2.13,10.83,30.74,13.11,1.124,6.8,2021-10-08 02:00:00
2021-10-09,5,2021,5.34,41.04,22.53,36.43,476.0,2.39,9.28,31.72,12.38,1.122,6.8,2021-10-09 02:00:00
2021-10-10,5,2021,5.0,42.07,22.84,35.09,469.0,2.15,11.71,31.37,13.28,1.08,6.7,2021-10-10 02:00:00
2021-10-11,5,2021,5.29,42.68,22.77,34.55,462.0,2.31,12.57,32.13,13.43,1.154,6.8,2021-10-11 02:00:00
2021-10-12,5,2021,5.92,39.16,21.75,39.09,473.0,2.23,12.7,30.66,15.76,1.095,6.8,2021-10-12 02:00:00
2021-10-13,5,2021,6.49,39.71,22.14,38.15,479.0,2.0,12.73,30.81,13.29,1.161,6.7,2021-10-13 02:00:00
2021-10-14,5,2021,5.95,43.75,21.94,34.31,470.0,2.25,13.53,30.37,13.96,1.114,6.8,2021-10-14 02:00:00
2021-10-15,5,2021,5.0,46.31,23.96,29.73,477.0,2.33,11.04,33.05,14.91,1.049,6.8,2021-10-15 02:00:00
2021-10-16,5,2021,6.2,43.13,23.63,33.24,489.0,2.12,12.1,31.06,15.65,1.225,6.9,2021-10-16 02:00:00
2021-10-17,5,2021,5.15,39.47,22.13,38.4,462.0,2.26,10.17,31.97,15.1,1.067,6.7,2021-10-17 02:00:00
2021-10-18,5,2021,5.0,42.59,22.69,34.72,481.0,2.13,10.99,31.35,13.56,1.058,6.8,2021-10-18 02:00:00
2021-10-19,5,2021,5.0,41.84,24.79,33.37,464.0,2.07,10.66,30.15,12.95,1.028,6.7,2021-10-19 02:00:00
2021-10-20,5,2021,5.0,40.91,24.24,34.85,472.0,2.21,12.16,29.95,12.86,1.088,6.6,2021-10-20 02:00:00
2021-10-21,5,2021,5.0,41.21,24.39,34.4,460.0,2.34,10.75,31.21,14.84,1.126,6.8,2021-10-21 02:00:00
2021-10-22,5,2021,7.56,44.95,22.66,32.39,480.0,2.0,13.84,31.48,14.56,1.033,6.5,2021-10-22 02:00:00
2021-10-23,5,2021,5.5,40.86,24.75,34.39,475.0,1.89,12.53,31.87,12.55,1.131,6.7,2021-10-23 02:00:00
2021-10-24,5,2021,5.0,41.16,26.03,32.81,479.0,2.44,10.5,31.11,14.84,1.158,6.8,2021-10-24 02:00:00
2021-10-25,5,2021,7.77,40.56,23.1,36.34,460.0,2.11,11.68,30.63,13.5,1.109,6.7,2021-10-25 02:00:00
2021-10-26,5,2021,6.03,39.35,22.66,37.99,474.0,2.19,14.22,33.09,13.4,1.118,6.8,2021-10-26 02:00:00
2021-10-27,5,2021,8.4,44.9,25.62,29.48,469.0,2.13,14.07,31.34,13.22,1.102,6.9,2021-10-27 02:00:00
2021-10-28,5,2021,5.83,41.09,23.09,35.82,460.0,2.06,11.51,31.09,12.64,1.138,6.6,2021-10-28 02:00:00
2021-10-29,5,2021,10.42,45.49,23.14,31.37,466.0,2.23,11.09,32.78,16.58,1.067,6.7,2021-10-29 02:00:00
2021-10-30,5,2021,7.54,37.83,24.13,38.04,463.0,1.93,13.2,31.76,14.16,1.092,6.8,2021-10-30 02:00:00
2021-10-31,5,2021,7.07,41.13,25.88,32.99,459.0,2.23,11.92,30.13,13.98,1.04,6.8,2021-10-31 02:00:00
2021-11-01,5,2021,5.16,39.1,22.36,38.54,475.0,2.26,9.4,32.46,13.12,1.027,6.9,2021-11-01 02:00:00
2021-11-02,5,2021,5.93,41.48,23.15,35.37,471.0,2.15,12.1,32.15,12.92,1.083,6.7,2021-11-02 02:00:00
2021-11-03,5,2021,5.0,43.76,24.79,31.45,478.0,2.2,11.17,28.82,12.38,1.044,6.9,2021-11-03 02:00:00
2021-11-04,5,2021,6.17,39.48,25.6,34.92,475.0,2.04,11.58,29.75,14.5,1.02,7.0,2021-11-04 02:00:00
2021-11-05,5,2021,5.0,39.2,24.94,35.86,466.0,2.13,13.07,30.72,14.3,1.163,6.6,2021-11-05 02:00:00
2021-11-06,5,2021,5.0,44.03,22.89,33.08,478.0,2.24,13.17,31.2,14.28,1.051,6.9,2021-11-06 02:00:00
2021-11-07,5,2021,5.01,41.25,24.29,34.46,459.0,2.25,10.54,32.97,14.24,1.09,6.7,2021-11-07 02:00:00
2021-11-08,5,2021,6.53,40.09,23.31,36.6,475.0,2.0,12.49,30.45,14.67,1.12,6.6,2021-11-08 02:00:00
2021-11-09,5,2021,5.35,42.59,26.04,31.37,464.0,1.82,11.81,30.66,14.71,1.069,7.0,2021-11-09 02:00:00
2021-11-10,5,2021,7.52,40.57,23.97,35.46,486.0,2.1,11.02,30.56,12.93,1.207,6.7,2021-11-10 02:00:00
2021-11-11,5,2021,9.76,41.61,23.18,35.21,460.0,2.26,9.95,31.22,13.96,1.055,6.7,2021-11-11 02:00:00
2021-11-12,5,2021,10.25,43.01,25.67,31.32,472.0,2.13,9.9,31.42,12.63,1.046,6.7,2021-11-12 02:00:00
2021-11-13,5,2021,8.67,38.31,23.15,38.54,494.0,2.13,12.24,30.87,16.02,1.11,6.9,2021-11-13 02:00:00
2021-11-14,5,2021,15.18,40.01,25.2,34.79,470.0,2.12,13.89,30.55,13.35,1.162,6.9,2021-11-14 02:00:00
2021-11-15,5,2021,13.95,44.15,23.72,32.13,447.0,1.97,14.11,29.65,14.91,1.065,6.7,2021-11-15 02:00:00
2021-11-16,5,2021,10.15,42.67,22.75,34.58,492.0,2.29,12.15,32.91,13.06,1.062,6.7,2021-11-16 02:00:00
2021-11-17,5,2021,9.54,44.57,24.46,30.97,486.0,2.35,11.9,31.29,15.45,1.164,6.6,2021-11-17 02:00:00
2021-11-18,5,2021,11.15,40.21,27.2,32.59,469.0,2.22,14.29,31.6,15.17,1.084,6.6,2021-11-18 02:00:00
2021-11-19,5,2021,8.58,43.56,25.22,31.22,477.0,2.0,13.04,30.56,14.13,1.128,6.8,2021-11-19 02:00:00
2021-11-20,5,2021,9.53,41.88,23.21,34.91,472.0,2.05,11.32,30.52,13.66,1.114,6.7,2021-11-20 02:00:00
2021-11-21,5,2021,6.17,40.35,25.12,34.53,479.0,2.19,11.41,30.91,13.25,1.026,6.7,2021-11-21 02:00:00
2021-11-22,5,2021,7.36,40.41,27.47,32.12,462.0,2.13,10.86,30.44,12.85,1.144,6.8,2021-11-22 02:00:00
2021-11-23,5,2021,5.0,42.21,21.62,36.17,476.0,1.97,11.6,32.26,13.98,1.032,6.9,2021-11-23 02:00:00
2021-11-24,5,2021,12.91,41.78,26.68,31.54,469.0,1.94,12.9,31.47,14.51,1.236,6.7,2021-11-24 02:00:00
2021-11-25,5,2021,12.01,41.56,24.94,33.5,458.0,2.24,11.9,30.94,12.69,1.046,7.0,2021-11-25 02:00:00
2021-11-26,5,2021,8.36,41.63,21.76,36.61,467.0,2.13,11.66,31.86,14.37,1.128,6.7,2021-11-26 02:00:00
2021-11-27,5,2021,5.71,44.03,22.6,33.37,459.0,2.18,12.41,31.79,14.3,1.124,6.8,2021-11-27 02:00:00
2021-11-28,5,2021,5.09,40.47,25.3,34.23,482.0,2.36,14.47,32.34,14.43,1.167,6.7,2021-11-28 02:00:00
2021-11-29,5,2021,10.97,43.55,24.06,32.39,466.0,2.42,12.79,29.5,14.63,1.068,6.8,2021-11-29 02:00:00
2021-11-30,5,2021,11.16,43.45,24.02,32.53,483.0,2.21,10.47,29.73,13.44,1.105,6.8,2021-11-30 02:00:00
2021-12-01,5,2021,15.45,42.48,24.6,32.92,491.0,2.28,11.2,31.66,14.67,1.093,6.8,2021-12-01 02:00:00
2021-12-02,5,2021,13.88,39.9,26.18,33.92,498.0,2.12,10.69,30.43,13.48,1.167,6.9,2021-12-02 02:00:00
2021-12-03,5,2021,10.44,41.15,21.93,36.92,480.0,2.61,15.25,30.03,15.17,1.16,6.4,2021-12-03 02:00:00
2021-12-04,5,2021,7.46,46.62,27.52,25.86,495.0,2.19,12.7,30.48,13.63,1.08,6.6,2021-12-04 02:00:00
2021-12-05,5,2021,5.22,40.87,23.68,35.45,481.0,2.11,12.71,30.04,14.19,1.08,6.7,2021-12-05 02:00:00
2021-12-06,5,2021,5.69,42.95,23.92,33.13,473.0,2.1,12.15,29.54,12.99,1.185,6.8,2021-12-06 02:00:00
2021-12-07,5,2021,5.06,42.42,24.22,33.36,481.0,2.31,13.05,32.12,13.95,1.135,6.8,2021-12-07 02:00:00
2021-12-08,5,2021,5.3,42.33,23.81,33.86,466.0,1.91,11.9,30.7,15.16,1.172,6.7,2021-12-08 02:00:00
2021-12-09,5,2021,7.1,43.35,24.3,32.35,483.0,2.23,11.15,30.75,15.33,1.202,6.9,2021-12-09 02:00:00
2021-12-10,5,2021,5.96,43.54,26.34,30.12,469.0,1.86,11.88,30.77,14.0,1.179,6.7,2021-12-10 02:00:00
2021-12-11,5,2021,5.0,40.97,24.34,34.69,471.0,1.99,11.96,30.51,13.67,1.2,6.7,2021-12-11 02:00:00
2021-12-12,5,2021,5.0,43.15,23.28,33.57,455.0,2.27,10.73,30.61,14.19,1.194,6.6,2021-12-12 02:00:00
2021-12-13,5,2021,6.48,44.22,23.21,32.57,486.0,2.26,12.06,31.67,13.92,1.105,6.6,2021-12-13 02:00:00
2021-12-14,5,2021,5.12,39.32,25.39,35.29,473.0,2.1,12.28,30.98,15.06,1.141,6.6,2021-12-14 02:00:00
2021-12-15,5,2021,5.0,43.36,24.71,31.93,486.0,2.35,12.5,30.94,14.37,1.213,6.8,2021-12-15 02:00:00
2021-12-16,5,2021,8.29,42.57,26.76,30.67,471.0,2.31,12.77,30.5,13.61,1.111,6.7,2021-12-16 02:00:00
2021-12-17,5,2021,5.71,44.98,24.03,30.99,480.0,2.21,13.77,31.66,11.39,1.174,6.8,2021-12-17 02:00:00
2021-12-18,5,2021,5.0,39.55,22.84,37.61,460.0,2.13,12.78,31.01,14.02,1.038,6.6,2021-12-18 02:00:00
2021-12-19,5,2021,6.72,41.8,25.66,32.54,470.0,2.21,12.2,30.83,13.57,1.099,6.7,2021-12-19 02:00:00
2021-12-20,5,2021,5.34,42.95,25.96,31.09,470.0,2.2,10.46,32.31,15.59,1.131,6.5,2021-12-20 02:00:00
2021-12-21,5,2021,5.39,42.99,22.75,34.26,489.0,2.23,11.28,30.6,13.65,1.126,6.6,2021-12-21 02:00:00
2021-12-22,5,2021,5.07,44.45,23.67,31.88,477.0,2.07,13.25,32.07,12.35,1.174,6.7,2021-12-22 02:00:00
2021-12-23,5,2021,5.0,38.9,22.17,38.93,476.0,2.47,11.65,31.02,14.57,1.242,6.8,2021-12-23 02:00:00
2021-12-24,5,2021,5.21,42.96,25.73,31.31,489.0,2.12,10.12,30.05,13.53,1.145,6.6,2021-12-24 02:00:00
2021-12-25,5,2021,5.97,40.95,23.44,35.61,478.0,2.41,10.93,30.75,14.4,1.116,6.7,2021-12-25 02:00:00
2021-12-26,5,2021,6.02,41.88,24.49,33.63,483.0,2.21,11.7,31.21,14.07,1.193,6.6,2021-12-26 02:00:00
2021-12-27,5,2021,6.19,46.65,22.44,30.91,481.0,2.29,12.08,31.3,15.04,1.105,6.7,2021-12-27 02:00:00
2021-12-28,5,2021,5.0,39.53,23.39,37.08,462.0,2.52,11.31,32.1,15.25,1.176,6.4,2021-12-28 02:00:00
2021-12-29,5,2021,10.45,42.71,27.71,29.58,479.0,2.19,10.75,29.32,12.69,1.162,6.7,2021-12-29 02:00:00
2021-12-30,5,2021,7.61,40.36,22.61,37.03,467.0,2.24,11.63,32.12,14.43,1.158,6.6,2021-12-30 02:00:00
2021-12-31,5,2021,11.65,44.2,23.4,32.4,464.0,2.16,10.14,30.48,13.72,1.02,6.7,2021-12-31 02:00:00
2022-01-01,5,2022,32.44,39.88,23.39,36.73,419.0,2.18,12.1,31.2,13.91,0.762,7.0,2022-01-01 02:00:00
2022-01-02,5,2022,31.95,47.19,26.46,26.35,415.0,2.18,12.65,32.58,13.85,0.758,6.9,2022-01-02 02:00:00
2022-01-03,5,2022,31.71,41.94,22.58,35.48,416.0,2.48,12.03,30.75,14.92,0.791,7.0,2022-01-03 02:00:00
2022-01-04,5,2022,28.51,40.01,26.09,33.9,433.0,2.2,12.75,31.32,14.6,0.841,7.1,2022-01-04 02:00:00
2022-01-05,5,2022,28.7,41.6,25.47,32.93,418.0,2.19,11.43,30.63,14.67,0.812,6.9,2022-01-05 02:00:00
2022-01-06,5,2022,26.24,42.89,23.31,33.8,406.0,2.23,10.55,32.03,13.2,0.738,6.9,2022-01-06 02:00:00
2022-01-07,5,2022,24.63,42.07,23.62,34.31,417.0,2.14,10.03,33.81,12.54,0.85,7.2,2022-01-07 02:00:00
2022-01-08,5,2022,22.65,43.34,20.66,36.0,424.0,2.34,11.18,31.96,14.7,0.839,7.0,2022-01-08 02:00:00
2022-01-09,5,2022,27.11,45.73,26.22,28.05,427.0,2.53,13.78,31.73,13.87,0.79,7.1,2022-01-09 02:00:00
2022-01-10,5,2022,24.02,45.98,25.86,28.16,413.0,2.13,15.3,29.86,14.35,0.802,7.0,2022-01-10 02:00:00
2022-01-11,5,2022,24.88,41.69,24.7,33.61,418.0,2.38,11.97,30.59,14.55,0.841,7.0,2022-01-11 02:00:00
2022-01-12,5,2022,26.77,46.85,22.09,31.06,413.0,2.23,12.45,32.38,13.7,0.773,7.1,2022-01-12 02:00:00
2022-01-13,5,2022,27.48,40.43,23.18,36.39,440.0,2.19,14.48,30.94,12.75,0.754,6.8,2022-01-13 02:00:00
2022-01-14,5,2022,27.24,42.05,24.88,33.07,439.0,2.19,11.34,31.56,13.89,0.784,7.2,2022-01-14 02:00:00
2022-01-15,5,2022,26.88,41.54,23.34,35.12,408.0,2.18,13.57,31.42,11.91,0.795,6.9,2022-01-15 02:00:00
2022-01-16,5,2022,28.64,42.49,22.16,35.35,429.0,2.1,12.53,29.32,13.69,0.856,7.0,2022-01-16 02:00:00
2022-01-17,5,2022,24.56,42.95,23.51,33.54,415.0,2.14,12.25,30.53,13.84,0.769,7.1,2022-01-17 02:00:00
2022-01-18,5,2022,24.83,41.08,23.37,35.55,435.0,2.19,11.52,32.19,13.2,0.866,7.1,2022-01-18 02:00:00
2022-01-19,5,2022,22.71,39.06,24.75,36.19,435.0,2.21,9.67,32.1,14.16,0.901,6.9,2022-01-19 02:00:00
2022-01-20,5,2022,30.89,41.05,24.16,34.79,431.0,2.19,12.26,32.65,12.71,0.943,7.0,2022-01-20 02:00:00
2022-01-21,5,2022,28.66,44.17,23.16,32.67,435.0,1.84,14.92,30.15,13.25,0.812,7.1,2022-01-21 02:00:00
2022-01-22,5,2022,29.17,41.95,23.75,34.3,439.0,2.04,11.61,31.42,13.91,0.83,6.9,2022-01-22 02:00:00
2022-01-23,5,2022,28.55,45.54,23.84,30.62,420.0,2.5,11.45,31.53,14.88,0.857,6.9,2022-01-23 02:00:00
2022-01-24,5,2022,26.69,41.88,24.72,33.4,426.0,2.38,14.13,31.05,13.45,0.832,7.2,2022-01-24 02:00:00
2022-01-25,5,2022,27.65,40.12,24.44,35.44,413.0,2.07,13.36,31.32,13.63,0.844,7.1,2022-01-25 02:00:00
2022-01-26,5,2022,32.78,41.77,23.43,34.8,417.0,2.3,12.67,29.79,13.42,0.823,6.9,2022-01-26 02:00:00
2022-01-27,5,2022,34.75,43.53,23.71,32.76,420.0,2.12,13.13,32.06,15.75,0.729,6.8,2022-01-27 02:00:00
2022-01-28,5,2022,32.71,43.63,24.01,32.36,430.0,2.3,12.52,31.69,14.89,0.871,6.9,2022-01-28 02:00:00
2022-01-29,5,2022,32.28,44.9,24.78,30.32,426.0,2.28,13.01,30.99,13.52,0.781,7.0,2022-01-29 02:00:00
2022-01-30,5,2022,34.3,41.27,24.15,34.58,426.0,2.44,11.96,28.53,13.68,0.777,6.9,2022-01-30 02:00:00
2022-01-31,5,2022,29.98,38.37,24.26,37.37,420.0,2.43,13.01,29.89,13.23,0.763,7.0,2022-01-31 02:00:00
2022-02-01,5,2022,26.69,41.34,23.16,35.5,425.0,2.09,13.74,30.14,13.44,0.909,7.0,2022-02-01 02:00:00
2022-02-02,5,2022,26.17,47.43,23.41,29.16,415.0,1.98,11.66,32.17,12.84,0.883,6.9,2022-02-02 02:00:00
2022-02-03,5,2022,25.98,41.36,22.63,36.01,417.0,2.41,14.13,30.44,13.72,0.77,7.0,2022-02-03 02:00:00
2022-02-04,5,2022,23.99,38.2,22.24,39.56,428.0,2.38,12.31,30.91,15.36,0.819,6.9,2022-02-04 02:00:00
2022-02-05,5,2022,21.13,42.89,25.38,31.73,410.0,1.98,11.39,30.05,14.73,0.747,7.0,2022-02-05 02:00:00
2022-02-06,5,2022,20.48,43.54,25.38,31.08,413.0,2.35,11.66,29.56,14.65,0.851,7.0,2022-02-06 02:00:00
2022-02-07,5,2022,17.93,42.83,24.92,32.25,419.0,2.28,10.75,31.27,14.71,0.833,6.9,2022-02-07 02:00:00
2022-02-08,5,2022,17.54,38.07,26.59,35.34,420.0,2.49,13.47,31.96,13.24,0.814,7.0,2022-02-08 02:00:00
2022-02-09,5,2022,16.18,39.19,23.15,37.66,429.0,2.35,13.6,30.61,14.23,0.804,6.9,2022-02-09 02:00:00
2022-02-10,5,2022,14.49,43.49,21.38,35.13,416.0,2.33,10.81,31.24,14.78,0.925,7.1,2022-02-10 02:00:00
2022-02-11,5,2022,10.63,41.71,23.18,35.11,429.0,2.27,10.43,30.98,12.82,0.813,6.8,2022-02-11 02:00:00
2022-02-12,5,2022,8.0,40.87,25.22,33.91,437.0,2.3,9.32,31.04,14.18,0.811,7.0,2022-02-12 02:00:00
2022-02-13,5,2022,11.16,39.76,25.16,35.08,430.0,2.24,10.75,32.31,12.74,0.779,6.9,2022-02-13 02:00:00
2022-02-14,5,2022,10.55,41.41,26.3,32.29,429.0,2.59,13.02,31.86,13.29,0.89,7.0,2022-02-14 02:00:00
2022-02-15,5,2022,10.09,41.5,26.36,32.14,412.0,2.32,9.85,30.92,13.39,0.812,6.9,2022-02-15 02:00:00
2022-02-16,5,2022,7.6,40.01,23.89,36.1,436.0,2.14,12.67,30.05,14.57,0.765,6.8,2022-02-16 02:00:00
2022-02-17,5,2022,6.96,42.16,24.66,33.18,411.0,2.06,11.34,32.62,12.95,0.797,6.9,2022-02-17 02:00:00
2022-02-18,5,2022,5.85,43.99,24.43,31.58,430.0,2.1,12.05,30.8,13.8,0.802,6.8,2022-02-18 02:00:00
2022-02-19,5,2022,5.0,43.17,25.77,31.06,415.0,2.03,13.08,28.52,14.68,0.877,6.9,2022-02-19 02:00:00
2022-02-20,5,2022,6.48,39.67,24.64,35.69,441.0,2.29,12.56,30.46,13.74,0.939,7.0,2022-02-20 02:00:00
2022-02-21,5,2022,5.0,41.46,24.32,34.22,424.0,2.24,12.26,31.09,13.79,0.789,7.0,2022-02-21 02:00:00
2022-02-22,5,2022,6.08,43.11,22.04,34.85,435.0,2.08,10.51,29.69,14.34,0.799,6.9,2022-02-22 02:00:00
2022-02-23,5,2022,5.74,41.11,21.3,37.59,423.0,2.25,12.1,30.56,14.25,0.827,7.0,2022-02-23 02:00:00
2022-02-24,5,2022,5.0,40.04,23.46,36.5,424.0,2.29,12.82,32.32,12.93,0.877,6.9,2022-02-24 02:00:00
2022-02-25,5,2022,5.0,40.38,26.05,33.57,433.0,2.13,13.86,30.41,13.9,0.857,6.9,2022-02-25 02:00:00
2022-02-26,5,2022,6.88,41.14,21.83,37.03,434.0,2.21,12.27,32.27,13.89,0.822,7.1,2022-02-26 02:00:00
2022-02-27,5,2022,5.0,41.03,21.69,37.28,430.0,2.25,10.31,30.65,12.3,0.935,7.1,2022-02-27 02:00:00
2022-02-28,5,2022,5.0,41.55,22.39,36.06,443.0,2.21,13.15,30.63,14.51,0.818,6.9,2022-02-28 02:00:00
2022-03-01,5,2022,7.85,44.75,24.92,30.33,421.0,2.13,12.09,29.98,13.29,0.858,7.0,2022-03-01 02:00:00
2022-03-02,5,2022,14.78,40.58,23.62,35.8,442.0,2.26,10.68,32.1,13.93,0.776,7.0,2022-03-02 02:00:00
2022-03-03,5,2022,15.6,41.88,21.29,36.83,435.0,2.14,10.72,32.04,14.5,0.856,6.9,2022-03-03 02:00:00
2022-03-04,5,2022,16.59,42.66,23.2,34.14,419.0,2.26,12.21,31.75,13.12,0.929,7.1,2022-03-04 02:00:00
2022-03-05,5,2022,20.3,42.34,27.22,30.44,445.0,2.24,11.03,31.46,13.69,0.825,6.9,2022-03-05 02:00:00
2022-03-06,5,2022,18.29,44.0,22.82,33.18,442.0,2.53,12.06,30.33,13.07,0.849,6.9,2022-03-06 02:00:00
2022-03-07,5,2022,17.38,40.78,25.39,33.83,437.0,2.11,12.15,30.58,14.9,0.928,7.0,2022-03-07 02:00:00
2022-03-08,5,2022,14.83,42.15,23.47,34.38,434.0,2.15,12.54,30.91,13.83,0.815,6.9,2022-03-08 02:00:00
2022-03-09,5,2022,18.24,44.58,21.77,33.65,419.0,1.89,9.22,31.19,13.67,0.95,6.9,2022-03-09 02:00:00
2022-03-10,5,2022,18.09,44.75,22.65,32.6,422.0,2.29,10.64,31.23,13.8,0.9,7.1,2022-03-10 02:00:00
2022-03-11,5,2022,14.25,41.1,24.66,34.24,439.0,2.78,10.21,32.27,12.84,0.827,6.8,2022-03-11 02:00:00
2022-03-12,5,2022,16.26,42.14,25.13,32.73,438.0,2.18,12.42,31.61,13.3,0.925,7.0,2022-03-12 02:00:00
2022-03-13,5,2022,14.15,45.0,23.69,31.31,424.0,2.3,12.98,30.16,14.64,0.872,7.0,2022-03-13 02:00:00
2022-03-14,5,2022,11.66,44.43,22.86,32.71,429.0,2.2,12.76,30.81,14.16,0.87,6.9,2022-03-14 02:00:00
2022-03-15,5,2022,7.76,43.11,24.25,32.64,419.0,2.3,12.62,30.73,12.88,0.865,7.0,2022-03-15 02:00:00
2022-03-16,5,2022,7.5,41.95,24.12,33.93,419.0,2.28,9.97,30.05,14.19,0.92,6.8,2022-03-16 02:00:00
2022-03-17,5,2022,14.89,40.16,24.86,34.98,419.0,2.37,11.76,30.87,13.48,0.828,6.9,2022-03-17 02:00:00
2022-03-18,5,2022,11.35,42.2,24.91,32.89,434.0,2.16,11.81,30.26,14.13,0.834,6.9,2022-03-18 02:00:00
2022-03-19,5,2022,9.0,39.74,22.11,38.15,444.0,2.36,10.32,31.48,13.75,0.95,6.9,2022-03-19 02:00:00
2022-03-20,5,2022,10.65,43.32,23.55,33.13,418.0,2.03,12.42,32.13,14.15,0.974,7.0,2022-03-20 02:00:00
2022-03-21,5,2022,9.05,45.2,21.78,33.02,426.0,2.27,12.32,31.36,14.34,0.876,6.8,2022-03-21 02:00:00
2022-03-22,5,2022,8.2,42.3,23.48,34.22,430.0,2.18,12.63,30.51,13.42,0.812,6.8,2022-03-22 02:00:00
2022-03-23,5,2022,6.69,42.16,24.12,33.72,437.0,2.53,11.68,31.33,13.52,0.802,6.9,2022-03-23 02:00:00
2022-03-24,5,2022,8.46,42.48,24.15,33.37,436.0,2.3,13.62,32.41,13.72,0.801,6.7,2022-03-24 02:00:00
2022-03-25,5,2022,5.59,40.96,25.14,33.9,426.0,2.0,11.0,32.08,14.76,0.958,7.3,2022-03-25 02:00:00
2022-03-26,5,2022,5.78,43.57,24.5,31.93,431.0,2.28,13.98,29.16,13.55,0.897,7.0,2022-03-26 02:00:00
2022-03-27,5,2022,5.0,42.16,24.78,33.06,439.0,2.46,11.54,30.87,15.74,0.891,6.9,2022-03-27 02:00:00
2022-03-28,5,2022,5.4,42.73,22.57,34.7,427.0,2.13,11.96,30.79,14.22,0.811,6.8,2022-03-28 02:00:00
2022-03-29,5,2022,12.08,39.96,25.34,34.7,428.0,2.47,11.63,31.78,13.06,0.949,6.9,2022-03-29 02:00:00
2022-03-30,5,2022,14.21,46.65,26.16,27.19,417.0,2.23,11.38,32.19,14.69,0.836,6.9,2022-03-30 02:00:00
2022-03-31,5,2022,11.96,44.25,22.41,33.34,436.0,2.4,12.59,31.26,13.86,0.919,6.8,2022-03-31 02:00:00
2022-04-01,5,2022,10.71,37.31,24.93,37.76,442.0,1.95,12.27,30.77,15.26,0.884,6.9,2022-04-01 02:00:00
2022-04-02,5,2022,8.45,43.58,23.99,32.43,429.0,2.22,12.41,31.56,13.13,0.948,6.8,2022-04-02 02:00:00
2022-04-03,5,2022,8.74,44.2,26.15,29.65,448.0,2.21,13.48,30.05,13.46,1.022,6.9,2022-04-03 02:00:00
2022-04-04,5,2022,11.66,38.99,23.74,37.27,418.0,2.23,10.3,28.71,15.72,0.98,6.8,2022-04-04 02:00:00
2022-04-05,5,2022,11.01,41.57,22.1,36.33,430.0,2.38,11.05,29.63,13.74,1.026,6.8,2022-04-05 02:00:00
2022-04-06,5,2022,11.53,40.8,25.51,33.69,442.0,2.14,11.59,29.85,13.63,0.838,6.9,2022-04-06 02:00:00
2022-04-07,5,2022,12.35,40.36,23.95,35.69,447.0,2.01,13.55,31.2,13.38,0.841,6.8,2022-04-07 02:00:00
2022-04-08,5,2022,12.41,40.56,22.7,36.74,436.0,1.87,12.41,30.59,16.05,0.846,7.0,2022-04-08 02:00:00
2022-04-09,5,2022,10.32,40.93,24.91,34.16,433.0,2.14,11.36,32.16,14.14,0.862,7.0,2022-04-09 02:00:00
2022-04-10,5,2022,9.27,45.38,23.88,30.74,440.0,2.33,13.83,31.65,14.0,0.929,7.0,2022-04-10 02:00:00
2022-04-11,5,2022,8.31,44.51,25.86,29.63,465.0,1.84,11.16,28.43,13.31,0.897,6.8,2022-04-11 02:00:00
2022-04-12,5,2022,14.08,42.25,27.19,30.56,449.0,2.48,12.12,31.88,15.55,0.933,7.0,2022-04-12 02:00:00
2022-04-13,5,2022,12.99,43.23,23.49,33.28,431.0,2.2,12.52,32.25,12.86,0.942,6.9,2022-04-13 02:00:00
2022-04-14,5,2022,11.65,39.69,23.6,36.71,441.0,2.27,13.61,30.98,13.3,1.007,7.0,2022-04-14 02:00:00
2022-04-15,5,2022,13.27,41.0,24.51,34.49,441.0,2.26,14.13,31.07,14.07,0.93,7.0,2022-04-15 02:00:00
2022-04-16,5,2022,12.49,40.88,21.81,37.31,418.0,2.21,13.85,31.52,12.96,0.895,7.0,2022-04-16 02:00:00
2022-04-17,5,2022,10.97,39.81,23.73,36.46,432.0,2.49,10.36,31.67,15.59,0.873,6.9,2022-04-17 02:00:00
2022-04-18,5,2022,9.69,40.31,22.94,36.75,445.0,2.29,14.84,29.65,14.11,0.873,7.1,2022-04-18 02:00:00
2022-04-19,5,2022,6.76,42.18,22.47,35.35,447.0,1.86,12.63,30.92,13.41,0.959,6.9,2022-04-19 02:00:00
2022-04-20,5,2022,7.51,45.15,22.02,32.83,447.0,2.3,10.67,30.87,14.04,0.914,6.8,2022-04-20 02:00:00
2022-04-21,5,2022,5.0,40.36,24.28,35.36,452.0,1.98,12.54,32.03,14.78,0.908,7.0,2022-04-21 02:00:00
2022-04-22,5,2022,8.64,40.19,24.64,35.17,432.0,2.08,12.29,32.34,14.1,1.009,7.0,2022-04-22 02:00:00
2022-04-23,5,2022,6.2,46.66,24.16,29.18,436.0,2.31,11.47,30.77,15.01,0.912,6.9,2022-04-23 02:00:00
2022-04-24,5,2022,9.87,41.48,23.66,34.86,456.0,2.24,9.93,30.54,13.54,0.944,6.8,2022-04-24 02:00:00
2022-04-25,5,2022,9.15,45.97,26.0,28.03,446.0,2.29,12.44,30.86,13.6,0.903,7.1,2022-04-25 02:00:00
2022-04-26,5,2022,8.06,43.36,26.95,29.69,442.0,2.39,10.88,31.61,13.16,0.85,6.9,2022-04-26 02:00:00
2022-04-27,5,2022,6.28,40.49,25.07,34.44,443.0,2.05,13.22,29.52,14.55,0.856,7.0,2022-04-27 02:00:00
2022-04-28,5,2022,5.0,45.3,24.24,30.46,443.0,2.32,13.21,30.72,13.24,0.942,7.0,2022-04-28 02:00:00
2022-04-29,5,2022,6.92,41.32,24.01,34.67,425.0,2.27,10.61,33.06,14.0,0.965,6.8,2022-04-29 02:00:00
2022-04-30,5,2022,5.55,44.05,22.67,33.28,431.0,2.38,10.8,31.18,13.78,0.896,6.9,2022-04-30 02:00:00
2022-05-01,5,2022,9.26,41.34,24.25,34.41,453.0,2.51,12.9,30.38,14.26,0.916,7.0,2022-05-01 02:00:00
2022-05-02,5,2022,5.11,43.27,22.28,34.45,432.0,2.21,13.51,31.83,13.12,0.89,6.8,2022-05-02 02:00:00
2022-05-03,5,2022,5.0,43.13,23.38,33.49,442.0,2.22,12.59,32.05,13.12,0.809,6.8,2022-05-03 02:00:00
2022-05-04,5,2022,7.09,43.22,22.81,33.97,440.0,2.29,10.61,29.94,14.23,0.946,6.8,2022-05-04 02:00:00
2022-05-05,5,2022,5.36,40.55,24.89,34.56,428.0,2.21,9.96,31.0,14.04,0.831,6.8,2022-05-05 02:00:00
2022-05-06,5,2022,5.0,43.99,24.99,31.02,443.0,2.6,11.89,30.27,13.9,0.828,6.9,2022-05-06 02:00:00
2022-05-07,5,2022,5.0,40.23,24.26,35.51,443.0,2.19,11.37,31.14,13.52,0.877,6.8,2022-05-07 02:00:00
2022-05-08,5,2022,6.13,41.5,23.73,34.77,429.0,2.26,13.2,28.87,14.52,0.952,6.9,2022-05-08 02:00:00
2022-05-09,5,2022,5.32,45.9,23.14,30.96,422.0,2.26,12.44,32.72,14.26,0.846,7.1,2022-05-09 02:00:00
2022-05-10,5,2022,5.51,41.47,23.64,34.89,447.0,2.08,11.14,30.09,13.84,0.896,6.8,2022-05-10 02:00:00
2022-05-11,5,2022,7.1,43.92,23.1,32.98,444.0,2.42,13.38,30.35,13.21,0.968,6.9,2022-05-11 02:00:00
2022-05-12,5,2022,13.32,44.31,23.11,32.58,429.0,2.1,12.74,30.52,12.06,0.915,7.0,2022-05-12 02:00:00
2022-05-13,5,2022,12.51,41.99,23.73,34.28,438.0,2.09,12.07,31.49,14.22,0.839,6.9,2022-05-13 02:00:00
2022-05-14,5,2022,12.26,42.95,21.34,35.71,425.0,2.25,13.3,30.13,13.88,0.852,6.9,2022-05-14 02:00:00
2022-05-15,5,2022,13.49,44.46,22.03,33.51,464.0,2.09,12.79,32.06,13.04,1.031,6.8,2022-05-15 02:00:00
2022-05-16,5,2022,11.2,43.18,21.99,34.83,427.0,2.14,12.52,30.44,13.14,0.894,6.8,2022-05-16 02:00:00
2022-05-17,5,2022,8.18,39.54,22.46,38.0,460.0,2.25,12.32,33.21,13.48,0.977,6.9,2022-05-17 02:00:00
2022-05-18,5,2022,6.24,42.62,23.62,33.76,447.0,2.33,11.84,30.36,14.62,0.91,6.9,2022-05-18 02:00:00
2022-05-19,5,2022,5.0,39.71,24.24,36.05,439.0,2.34,12.22,30.97,13.87,0.888,6.8,2022-05-19 02:00:00
2022-05-20,5,2022,5.42,37.43,25.53,37.04,442.0,2.2,10.22,30.0,14.46,0.956,6.9,2022-05-20 02:00:00
2022-05-21,5,2022,5.0,40.44,25.04,34.52,458.0,1.93,10.1,30.04,12.85,0.966,6.8,2022-05-21 02:00:00
2022-05-22,5,2022,5.52,44.11,23.09,32.8,437.0,2.15,13.15,30.9,13.71,0.944,6.9,2022-05-22 02:00:00
2022-05-23,5,2022,5.81,40.04,23.55,36.41,438.0,2.2,11.97,29.52,12.62,0.885,6.7,2022-05-23 02:00:00
2022-05-24,5,2022,5.0,39.04,24.92,36.04,457.0,2.09,13.37,31.64,14.34,0.987,6.8,2022-05-24 02:00:00
2022-05-25,5,2022,8.0,44.54,22.99,32.47,443.0,2.19,11.03,30.04,13.36,0.869,6.9,2022-05-25 02:00:00
2022-05-26,5,2022,7.59,40.48,23.54,35.98,425.0,2.27,10.58,32.09,12.94,0.959,6.8,2022-05-26 02:00:00
2022-05-27,5,2022,6.2,41.24,23.76,35.0,456.0,2.2,12.79,30.47,15.22,0.964,7.1,2022-05-27 02:00:00
2022-05-28,5,2022,5.0,40.35,24.49,35.16,441.0,2.2,11.39,29.84,14.51,0.93,6.9,2022-05-28 02:00:00
2022-05-29,5,2022,5.87,40.39,22.89,36.72,448.0,1.97,14.87,31.3,13.58,0.88,7.1,2022-05-29 02:00:00
2022-05-30,5,2022,5.0,42.28,22.39,35.33,443.0,1.9,15.15,32.14,13.83,1.013,7.1,2022-05-30 02:00:00
2022-05-31,5,2022,5.46,43.36,22.97,33.67,450.0,2.32,12.68,31.62,12.22,0.928,6.8,2022-05-31 02:00:00
2022-06-01,5,2022,5.32,40.46,23.87,35.67,461.0,2.43,12.36,30.17,13.29,0.875,6.8,2022-06-01 02:00:00
2022-06-02,5,2022,5.0,41.56,25.69,32.75,436.0,2.08,12.55,31.34,13.27,0.969,7.0,2022-06-02 02:00:00
2022-06-03,5,2022,5.11,40.74,23.3,35.96,440.0,2.29,12.92,30.51,13.02,1.034,6.9,2022-06-03 02:00:00
2022-06-04,5,2022,6.25,41.4,26.72,31.88,445.0,1.93,12.7,32.91,12.93,0.906,6.9,2022-06-04 02:00:00
2022-06-05,5,2022,5.94,43.32,22.95,33.73,438.0,2.07,11.14,30.15,13.52,0.904,6.9,2022-06-05 02:00:00
2022-06-06,5,2022,6.53,43.53,24.36,32.11,457.0,2.29,9.78,32.02,14.52,1.044,7.0,2022-06-06 02:00:00
2022-06-07,5,2022,5.0,40.91,25.3,33.79,462.0,2.13,12.51,30.45,14.79,0.888,6.8,2022-06-07 02:00:00
2022-06-08,5,2022,6.93,40.51,24.15,35.34,430.0,2.16,11.38,30.33,13.99,0.916,6.8,2022-06-08 02:00:00
2022-06-09,5,2022,5.0,39.42,22.68,37.9,459.0,2.22,9.73,30.5,13.16,0.869,6.8,2022-06-09 02:00:00
2022-06-10,5,2022,5.0,41.61,24.68,33.71,457.0,2.48,12.86,31.44,13.76,1.004,6.8,2022-06-10 02:00:00
2022-06-11,5,2022,7.36,42.6,24.4,33.0,461.0,2.31,14.17,29.75,13.59,0.989,6.9,2022-06-11 02:00:00
2022-06-12,5,2022,15.53,41.71,23.39,34.9,444.0,2.25,14.07,29.11,13.85,0.98,6.8,2022-06-12 02:00:00
2022-06-13,5,2022,13.72,44.98,26.53,28.49,430.0,2.07,10.89,31.08,13.35,0.973,6.9,2022-06-13 02:00:00
2022-06-14,5,2022,10.88,42.18,25.87,31.95,447.0,2.07,12.0,29.72,13.09,0.928,6.9,2022-06-14 02:00:00
2022-06-15,5,2022,12.79,43.0,25.51,31.49,460.0,2.18,10.71,31.02,13.58,1.06,7.1,2022-06-15 02:00:00
2022-06-16,5,2022,12.63,40.13,23.98,35.89,439.0,2.19,9.64,31.58,16.08,1.005,7.0,2022-06-16 02:00:00
2022-06-17,5,2022,8.72,43.35,22.42,34.23,454.0,2.26,12.07,30.11,15.78,0.978,7.0,2022-06-17 02:00:00
2022-06-18,5,2022,9.14,43.9,27.57,28.53,459.0,1.91,12.16,29.46,13.72,0.885,6.8,2022-06-18 02:00:00
2022-06-19,5,2022,9.68,44.25,24.59,31.16,433.0,2.26,9.95,30.38,13.13,0.846,6.9,2022-06-19 02:00:00
2022-06-20,5,2022,5.0,39.84,25.13,35.03,457.0,2.12,13.18,29.74,14.25,0.931,7.0,2022-06-20 02:00:00
2022-06-21,5,2022,5.0,43.0,24.5,32.5,447.0,2.09,12.17,30.62,13.71,0.952,6.9,2022-06-21 02:00:00
2022-06-22,5,2022,6.14,42.71,24.92,32.37,453.0,1.99,10.26,29.59,13.07,0.941,6.7,2022-06-22 02:00:00
2022-06-23,5,2022,5.41,42.66,23.7,33.64,465.0,2.14,12.3,32.05,13.7,0.973,6.9,2022-06-23 02:00:00
2022-06-24,5,2022,5.29,40.41,24.95,34.64,433.0,2.26,13.98,30.53,13.11,0.963,6.9,2022-06-24 02:00:00
2022-06-25,5,2022,6.17,44.03,20.64,35.33,458.0,2.27,13.0,31.86,12.87,1.028,6.9,2022-06-25 02:00:00
2022-06-26,5,2022,5.47,43.47,22.27,34.26,441.0,2.31,11.41,31.62,14.34,0.885,6.9,2022-06-26 02:00:00
2022-06-27,5,2022,5.0,43.99,22.83,33.18,455.0,2.02,11.28,31.18,13.57,0.967,6.8,2022-06-27 02:00:00
2022-06-28,5,2022,5.0,40.14,24.66,35.2,435.0,2.26,10.46,30.28,12.41,1.017,6.8,2022-06-28 02:00:00
2022-06-29,5,2022,5.0,41.69,23.81,34.5,447.0,2.27,13.68,29.09,13.21,0.952,6.9,2022-06-29 02:00:00
2022-06-30,5,2022,5.69,40.52,23.42,36.06,450.0,2.16,12.56,29.82,13.62,0.963,6.9,2022-06-30 02:00:00
2022-07-01,5,2022,6.83,39.99,24.84,35.17,437.0,2.25,11.5,30.89,13.47,1.06,7.1,2022-07-01 02:00:00
2022-07-02,5,2022,10.28,40.63,23.87,35.5,452.0,2.53,12.78,32.93,13.86,1.011,6.7,2022-07-02 02:00:00
2022-07-03,5,2022,7.84,44.07,21.01,34.92,465.0,2.41,12.97,30.93,15.23,1.126,6.9,2022-07-03 02:00:00
2022-07-04,5,2022,7.74,39.89,26.5,33.61,441.0,2.21,11.05,30.61,13.5,1.01,6.9,2022-07-04 02:00:00
2022-07-05,5,2022,5.0,43.34,22.78,33.88,440.0,2.56,11.15,30.88,12.63,0.947,6.8,2022-07-05 02:00:00
2022-07-06,5,2022,5.17,41.73,22.61,35.66,462.0,2.25,11.81,30.77,13.19,1.047,7.0,2022-07-06 02:00:00
2022-07-07,5,2022,5.0,40.01,23.34,36.65,450.0,2.23,12.41,30.42,13.4,1.013,6.8,2022-07-07 02:00:00
2022-07-08,5,2022,5.0,43.08,25.68,31.24,446.0,2.24,12.75,33.82,13.85,1.013,6.9,2022-07-08 02:00:00
2022-07-09,5,2022,13.24,39.35,24.9,35.75,457.0,2.08,11.71,28.55,14.36,1.006,6.7,2022-07-09 02:00:00
2022-07-10,5,2022,12.27,42.43,26.06,31.51,449.0,1.93,12.67,31.66,14.17,0.89,6.7,2022-07-10 02:00:00
2022-07-11,5,2022,11.73,40.53,26.6,32.87,456.0,2.38,11.8,32.73,14.97,0.932,6.8,2022-07-11 02:00:00
2022-07-12,5,2022,12.98,43.69,24.06,32.25,459.0,2.24,10.4,31.25,14.18,1.037,6.9,2022-07-12 02:00:00
2022-07-13,5,2022,11.86,40.93,23.76,35.31,435.0,2.25,11.26,30.74,12.28,0.964,6.9,2022-07-13 02:00:00
2022-07-14,5,2022,8.98,42.83,24.27,32.9,469.0,2.06,13.08,30.81,12.61,1.026,6.7,2022-07-14 02:00:00
2022-07-15,5,2022,5.43,42.4,22.57,35.03,450.0,2.24,11.21,30.48,14.4,1.015,6.9,2022-07-15 02:00:00
2022-07-16,5,2022,7.14,39.22,24.62,36.16,452.0,2.16,11.3,30.16,13.74,1.003,6.8,2022-07-16 02:00:00
2022-07-17,5,2022,5.0,41.91,21.72,36.37,430.0,2.12,11.32,31.12,13.81,0.987,6.8,2022-07-17 02:00:00
2022-07-18,5,2022,7.18,40.18,27.31,32.51,439.0,2.42,9.91,30.08,13.77,1.032,7.0,2022-07-18 02:00:00
2022-07-19,5,2022,5.34,40.92,26.52,32.56,449.0,2.12,12.96,30.2,14.54,0.946,6.9,2022-07-19 02:00:00
2022-07-20,5,2022,7.12,42.74,25.61,31.65,449.0,2.53,10.87,32.59,13.72,0.999,6.9,2022-07-20 02:00:00
2022-07-21,5,2022,5.01,40.27,24.05,35.68,449.0,2.07,14.37,30.22,12.88,0.953,6.7,2022-07-21 02:00:00
2022-07-22,5,2022,5.0,41.18,22.88,35.94,438.0,2.02,9.42,31.5,14.22,0.99,6.9,2022-07-22 02:00:00
2022-07-23,5,2022,6.62,42.78,23.68,33.54,457.0,2.15,10.83,31.61,14.13,0.946,6.8,2022-07-23 02:00:00
2022-07-24,5,2022,5.27,36.02,22.99,40.99,461.0,1.93,11.04,31.02,14.76,1.079,6.7,2022-07-24 02:00:00
2022-07-25,5,2022,5.0,42.23,26.76,31.01,444.0,2.41,12.6,31.88,15.32,0.992,6.8,2022-07-25 02:00:00
2022-07-26,5,2022,6.85,43.33,21.98,34.69,452.0,1.9,12.65,29.78,13.01,0.886,6.9,2022-07-26 02:00:00
2022-07-27,5,2022,5.0,43.03,23.78,33.19,451.0,2.07,11.26,31.22,14.48,1.103,6.9,2022-07-27 02:00:00
2022-07-28,5,2022,5.67,43.96,21.43,34.61,447.0,2.22,13.07,32.31,13.51,1.031,6.9,2022-07-28 02:00:00
2022-07-29,5,2022,7.14,42.63,23.49,33.88,447.0,2.42,11.54,30.44,14.25,0.986,6.9,2022-07-29 02:00:00
2022-07-30,5,2022,5.82,39.79,26.82,33.39,458.0,2.29,10.68,31.08,14.79,1.06,6.7,2022-07-30 02:00:00
2022-07-31,5,2022,6.04,40.49,22.28,37.23,447.0,2.18,12.84,29.78,13.87,1.048,6.9,2022-07-31 02:00:00
2022-08-01,5,2022,5.14,43.93,24.62,31.45,466.0,2.23,13.16,31.25,13.64,1.043,6.9,2022-08-01 02:00:00
2022-08-02,5,2022,6.45,42.48,23.48,34.04,458.0,2.18,11.3,30.27,12.3,0.989,7.0,2022-08-02 02:00:00
2022-08-03,5,2022,6.03,41.98,22.75,35.27,453.0,1.81,9.98,31.7,12.77,1.05,6.9,2022-08-03 02:00:00
2022-08-04,5,2022,6.32,44.17,24.0,31.83,466.0,2.2,12.48,33.08,13.7,0.975,6.9,2022-08-04 02:00:00
2022-08-05,5,2022,5.0,41.94,23.25,34.81,440.0,2.28,11.92,30.56,13.79,0.95,6.7,2022-08-05 02:00:00
2022-08-06,5,2022,5.0,46.07,23.66,30.27,473.0,2.02,10.54,31.56,14.9,1.084,6.8,2022-08-06 02:00:00
2022-08-07,5,2022,5.0,40.36,24.29,35.35,460.0,2.18,10.58,28.7,14.06,1.078,6.7,2022-08-07 02:00:00
2022-08-08,5,2022,5.0,45.7,23.35,30.95,447.0,2.41,12.78,30.31,14.35,1.097,6.9,2022-08-08 02:00:00
2022-08-09,5,2022,5.16,43.2,25.93,30.87,463.0,2.38,12.48,31.72,14.93,0.958,6.9,2022-08-09 02:00:00
2022-08-10,5,2022,5.0,40.52,23.09,36.39,473.0,2.25,12.97,30.51,13.37,0.904,6.8,2022-08-10 02:00:00
2022-08-11,5,2022,6.78,41.95,23.5,34.55,463.0,2.27,12.6,29.64,14.01,1.027,6.7,2022-08-11 02:00:00
2022-08-12,5,2022,5.0,38.03,25.33,36.64,457.0,2.08,12.24,31.77,14.12,1.0,6.9,2022-08-12 02:00:00
2022-08-13,5,2022,6.91,41.27,23.31,35.42,450.0,2.01,11.67,30.79,14.21,1.105,6.8,2022-08-13 02:00:00
2022-08-14,5,2022,5.0,43.88,23.03,33.09,475.0,2.24,12.71,31.28,14.3,0.979,6.8,2022-08-14 02:00:00
2022-08-15,5,2022,6.74,41.39,22.66,35.95,453.0,1.92,12.25,30.29,14.37,0.866,6.9,2022-08-15 02:00:00
2022-08-16,5,2022,5.27,45.09,24.62,30.29,443.0,2.33,11.75,31.46,14.57,0.981,6.7,2022-08-16 02:00:00
2022-08-17,5,2022,5.0,43.87,24.06,32.07,451.0,2.21,12.9,31.0,15.51,1.097,6.8,2022-08-17 02:00:00
2022-08-18,5,2022,5.12,40.9,24.23,34.87,448.0,2.3,10.39,31.56,13.91,1.057,6.9,2022-08-18 02:00:00
2022-08-19,5,2022,5.0,44.42,22.88,32.7,463.0,2.08,11.62,31.52,14.27,1.038,6.8,2022-08-19 02:00:00
2022-08-20,5,2022,8.07,40.41,23.14,36.45,435.0,2.1,12.71,31.86,14.45,0.98,6.8,2022-08-20 02:00:00
2022-08-21,5,2022,6.76,40.29,22.63,37.08,455.0,1.93,10.23,31.42,14.87,1.028,6.7,2022-08-21 02:00:00
2022-08-22,5,2022,6.2,39.91,24.9,35.19,460.0,2.36,12.35,31.29,14.38,1.107,6.9,2022-08-22 02:00:00
2022-08-23,5,2022,5.0,42.69,24.21,33.1,455.0,2.34,8.71,32.43,13.84,1.117,6.7,2022-08-23 02:00:00
2022-08-24,5,2022,6.86,40.97,24.0,35.03,462.0,2.3,13.84,30.46,13.8,1.049,6.8,2022-08-24 02:00:00
2022-08-25,5,2022,5.22,45.52,24.56,29.92,456.0,2.1,11.68,31.91,15.22,1.067,6.8,2022-08-25 02:00:00
2022-08-26,5,2022,5.0,41.63,24.17,34.2,449.0,2.28,14.33,30.7,13.42,1.041,6.7,2022-08-26 02:00:00
2022-08-27,5,2022,5.92,42.45,22.51,35.04,474.0,2.25,11.5,30.35,12.98,1.042,6.7,2022-08-27 02:00:00
2022-08-28,5,2022,5.0,44.86,23.63,31.51,450.0,2.04,13.22,30.51,14.28,1.013,6.7,2022-08-28 02:00:00
2022-08-29,5,2022,5.0,40.49,24.94,34.57,459.0,2.1,13.83,30.77,14.53,1.037,6.8,2022-08-29 02:00:00
2022-08-30,5,2022,5.64,46.52,24.3,29.18,450.0,2.32,11.32,32.25,15.95,1.015,6.8,2022-08-30 02:00:00
2022-08-31,5,2022,5.0,45.46,22.16,32.38,455.0,2.04,11.12,30.36,14.23,1.046,6.9,2022-08-31 02:00:00
2022-09-01,5,2022,5.0,40.02,23.13,36.85,455.0,2.35,14.69,31.78,14.62,1.074,6.7,2022-09-01 02:00:00
2022-09-02,5,2022,5.63,42.47,22.1,35.43,471.0,2.26,11.33,30.36,14.47,1.023,6.7,2022-09-02 02:00:00
2022-09-03,5,2022,5.0,39.98,23.52,36.5,469.0,2.45,11.24,32.02,14.42,1.052,6.7,2022-09-03 02:00:00
2022-09-04,5,2022,5.21,43.63,23.64,32.73,460.0,2.51,10.89,30.03,13.64,1.08,6.8,2022-09-04 02:00:00
2022-09-05,5,2022,6.98,42.07,22.38,35.55,468.0,2.14,11.97,31.43,13.28,1.103,7.0,2022-09-05 02:00:00
2022-09-06,5,2022,5.39,44.16,25.47,30.37,462.0,2.18,13.33,29.82,14.08,1.03,6.7,2022-09-06 02:00:00
2022-09-07,5,2022,10.95,42.93,25.35,31.72,446.0,2.26,12.19,31.19,12.84,1.042,6.8,2022-09-07 02:00:00
2022-09-08,5,2022,8.4,40.7,23.23,36.07,476.0,2.2,13.07,29.14,14.0,1.035,6.9,2022-09-08 02:00:00
2022-09-09,5,2022,5.16,43.37,23.81,32.82,468.0,2.02,13.18,30.68,15.0,0.975,6.8,2022-09-09 02:00:00
2022-09-10,5,2022,6.03,42.95,24.21,32.84,466.0,2.11,12.52,29.02,14.9,1.032,6.9,2022-09-10 02:00:00
2022-09-11,5,2022,5.41,43.41,26.12,30.47,435.0,2.31,12.15,29.77,14.71,1.127,6.8,2022-09-11 02:00:00
2022-09-12,5,2022,5.0,43.85,23.76,32.39,472.0,1.93,10.62,30.19,14.09,1.058,6.8,2022-09-12 02:00:00
2022-09-13,5,2022,5.05,40.36,23.61,36.03,465.0,2.17,13.12,29.89,15.05,1.03,6.8,2022-09-13 02:00:00
2022-09-14,5,2022,6.85,41.79,25.68,32.53,452.0,1.86,13.42,31.6,13.93,1.081,6.7,2022-09-14 02:00:00
2022-09-15,5,2022,5.73,44.04,23.63,32.33,452.0,2.07,15.01,28.92,14.71,1.132,6.9,2022-09-15 02:00:00
2022-09-16,5,2022,5.92,44.84,22.97,32.19,464.0,2.15,12.34,30.82,13.38,1.093,6.8,2022-09-16 02:00:00
2022-09-17,5,2022,5.59,42.19,23.97,33.84,464.0,2.27,13.65,32.15,14.63,1.078,6.7,2022-09-17 02:00:00
2022-09-18,5,2022,5.83,42.67,20.37,36.96,458.0,2.2,11.06,33.21,13.29,1.096,6.9,2022-09-18 02:00:00
2022-09-19,5,2022,11.71,39.95,25.04,35.01,458.0,2.34,12.94,28.6,13.67,1.071,6.8,2022-09-19 02:00:00
2022-09-20,5,2022,10.33,41.74,25.98,32.28,461.0,2.13,11.89,31.85,13.13,1.033,7.1,2022-09-20 02:00:00
2022-09-21,5,2022,7.84,39.14,26.54,34.32,457.0,2.02,9.56,30.19,14.48,1.068,6.8,2022-09-21 02:00:00
2022-09-22,5,2022,7.31,42.05,23.36,34.59,459.0,2.25,13.28,31.16,13.86,0.936,6.8,2022-09-22 02:00:00
2022-09-23,5,2022,5.98,37.77,22.16,40.07,486.0,2.22,11.39,31.31,14.18,1.025,6.9,2022-09-23 02:00:00
2022-09-24,5,2022,5.0,47.11,23.25,29.64,456.0,2.37,11.42,30.67,13.2,1.011,7.0,2022-09-24 02:00:00
2022-09-25,5,2022,5.17,43.58,24.0,32.42,444.0,2.16,11.9,32.11,15.55,1.066,6.7,2022-09-25 02:00:00
2022-09-26,5,2022,5.0,44.08,23.25,32.67,475.0,2.14,8.94,28.72,15.01,1.134,6.7,2022-09-26 02:00:00
2022-09-27,5,2022,5.0,39.53,22.91,37.56,455.0,2.04,11.79,31.98,12.67,1.046,6.9,2022-09-27 02:00:00
2022-09-28,5,2022,7.36,42.62,22.91,34.47,475.0,2.08,11.9,30.32,13.3,1.014,6.8,2022-09-28 02:00:00
2022-09-29,5,2022,5.65,40.97,26.02,33.01,483.0,2.23,9.82,30.54,13.53,1.071,6.9,2022-09-29 02:00:00
2022-09-30,5,2022,5.0,42.18,22.6,35.22,461.0,2.1,12.45,31.11,13.02,1.101,6.8,2022-09-30 02:00:00
2022-10-01,5,2022,6.14,40.42,22.74,36.84,465.0,2.3,11.21,32.69,12.69,1.076,6.6,2022-10-01 02:00:00
2022-10-02,5,2022,5.0,46.22,23.24,30.54,448.0,2.34,12.89,31.4,15.29,1.133,6.9,2022-10-02 02:00:00
2022-10-03,5,2022,5.0,42.25,25.94,31.81,468.0,2.39,13.43,30.86,11.82,1.071,6.8,2022-10-03 02:00:00
2022-10-04,5,2022,6.11,41.26,22.18,36.56,479.0,2.12,10.22,30.35,12.75,1.036,6.7,2022-10-04 02:00:00
2022-10-05,5,2022,5.0,43.0,24.11,32.89,461.0,2.29,8.85,30.31,15.81,1.04,6.7,2022-10-05 02:00:00
2022-10-06,5,2022,5.5,44.23,19.54,36.23,474.0,2.41,10.98,30.56,14.01,1.064,6.8,2022-10-06 02:00:00
2022-10-07,5,2022,5.94,40.67,25.8,33.53,466.0,2.25,11.83,32.06,13.8,1.084,6.9,2022-10-07 02:00:00
2022-10-08,5,2022,7.04,42.38,23.06,34.56,490.0,2.14,11.25,31.38,14.35,1.034,6.9,2022-10-08 02:00:00
2022-10-09,5,2022,5.0,38.64,22.6,38.76,455.0,2.39,11.72,30.98,13.58,1.073,6.7,2022-10-09 02:00:00
2022-10-10,5,2022,5.53,42.44,23.57,33.99,470.0,2.12,12.08,30.24,14.62,1.021,6.5,2022-10-10 02:00:00
2022-10-11,5,2022,5.0,44.08,24.22,31.7,458.0,2.06,12.04,31.67,14.2,1.017,6.8,2022-10-11 02:00:00
2022-10-12,5,2022,5.0,43.43,21.41,35.16,471.0,2.04,12.45,30.08,14.67,1.221,6.7,2022-10-12 02:00:00
2022-10-13,5,2022,7.74,40.48,26.91,32.61,457.0,1.99,11.98,30.4,14.24,1.079,6.8,2022-10-13 02:00:00
2022-10-14,5,2022,5.0,43.41,27.99,28.6,453.0,2.1,11.7,29.46,14.51,1.125,6.8,2022-10-14 02:00:00
2022-10-15,5,2022,5.0,40.03,23.08,36.89,468.0,2.33,12.73,30.16,14.4,1.078,6.7,2022-10-15 02:00:00
2022-10-16,5,2022,5.49,40.56,23.71,35.73,466.0,2.15,13.66,29.5,13.79,1.072,6.8,2022-10-16 02:00:00
2022-10-17,5,2022,5.17,42.17,24.03,33.8,464.0,2.16,11.12,31.57,14.61,1.061,6.8,2022-10-17 02:00:00
2022-10-18,5,2022,5.0,42.72,23.57,33.71,474.0,2.15,11.99,31.44,13.46,1.042,6.9,2022-10-18 02:00:00
2022-10-19,5,2022,7.41,43.34,26.36,30.3,466.0,2.08,10.96,29.8,14.71,1.149,6.9,2022-10-19 02:00:00
2022-10-20,5,2022,5.68,41.5,25.68,32.82,454.0,2.18,12.46,30.4,15.24,0.997,6.7,2022-10-20 02:00:00
2022-10-21,5,2022,5.0,43.38,23.03,33.59,464.0,2.21,12.62,31.09,13.0,1.047,6.8,2022-10-21 02:00:00
2022-10-22,5,2022,5.0,40.97,25.24,33.79,462.0,2.2,11.15,29.89,14.91,1.045,6.8,2022-10-22 02:00:00
2022-10-23,5,2022,5.03,44.16,23.61,32.23,470.0,2.02,12.55,31.26,14.49,1.006,6.6,2022-10-23 02:00:00
2022-10-24,5,2022,7.72,41.45,25.53,33.02,471.0,2.12,11.23,32.09,14.03,1.045,6.8,2022-10-24 02:00:00
2022-10-25,5,2022,7.69,43.61,24.32,32.07,492.0,2.16,10.24,30.6,14.43,1.106,6.7,2022-10-25 02:00:00
2022-10-26,5,2022,6.63,41.14,23.4,35.46,477.0,1.8,12.95,29.78,14.42,1.178,6.7,2022-10-26 02:00:00
2022-10-27,5,2022,5.0,40.33,23.19,36.48,469.0,2.15,12.0,30.41,13.4,1.082,6.7,2022-10-27 02:00:00
2022-10-28,5,2022,5.0,38.31,22.15,39.54,477.0,2.01,11.61,31.17,14.56,1.118,6.7,2022-10-28 02:00:00
2022-10-29,5,2022,9.9,37.67,25.99,36.34,480.0,2.13,11.6,29.59,15.75,1.093,6.6,2022-10-29 02:00:00
2022-10-30,5,2022,8.0,42.61,23.14,34.25,469.0,1.98,10.95,31.54,12.84,1.143,6.6,2022-10-30 02:00:00
2022-10-31,5,2022,5.0,41.44,25.35,33.21,478.0,2.23,12.08,30.88,15.23,1.12,6.7,2022-10-31 02:00:00
2022-11-01,5,2022,5.0,41.65,23.0,35.35,489.0,2.27,10.67,32.24,13.48,1.052,6.8,2022-11-01 02:00:00
2022-11-02,5,2022,8.82,41.78,25.28,32.94,457.0,2.01,10.65,31.26,11.79,1.084,6.8,2022-11-02 02:00:00
2022-11-03,5,2022,9.61,43.21,23.85,32.94,477.0,2.31,13.4,31.03,14.71,1.009,6.8,2022-11-03 02:00:00
2022-11-04,5,2022,7.11,40.88,26.26,32.86,476.0,2.07,14.02,30.45,14.33,1.094,6.8,2022-11-04 02:00:00
2022-11-05,5,2022,5.0,46.75,24.66,28.59,486.0,2.21,11.12,31.5,13.15,1.025,6.7,2022-11-05 02:00:00
2022-11-06,5,2022,5.0,45.35,23.8,30.85,477.0,2.39,13.23,31.14,14.17,1.161,6.8,2022-11-06 02:00:00
2022-11-07,5,2022,5.0,41.4,25.84,32.76,481.0,2.21,10.5,31.04,13.54,1.069,6.8,2022-11-07 02:00:00
2022-11-08,5,2022,5.0,42.67,23.99,33.34,462.0,2.37,12.6,30.19,16.01,1.185,6.9,2022-11-08 02:00:00
2022-11-09,5,2022,5.0,44.74,27.04,28.22,472.0,2.1,10.73,32.67,14.36,1.161,6.7,2022-11-09 02:00:00
2022-11-10,5,2022,5.02,43.03,24.3,32.67,463.0,1.95,10.23,31.83,13.92,1.033,6.8,2022-11-10 02:00:00
2022-11-11,5,2022,5.33,41.03,26.73,32.24,480.0,2.09,9.81,30.12,13.9,1.062,6.6,2022-11-11 02:00:00
2022-11-12,5,2022,6.27,41.78,24.03,34.19,454.0,2.05,11.8,31.68,14.45,1.086,6.9,2022-11-12 02:00:00
2022-11-13,5,2022,8.21,40.67,22.28,37.05,474.0,2.17,12.71,31.16,12.78,1.118,7.0,2022-11-13 02:00:00
2022-11-14,5,2022,8.73,41.85,23.32,34.83,462.0,2.28,10.95,32.36,13.37,1.145,6.7,2022-11-14 02:00:00
2022-11-15,5,2022,7.34,45.49,25.37,29.14,492.0,2.01,12.07,30.98,14.06,1.077,6.8,2022-11-15 02:00:00
2022-11-16,5,2022,6.84,41.89,23.08,35.03,466.0,2.07,11.71,31.12,13.13,1.051,6.9,2022-11-16 02:00:00
2022-11-17,5,2022,5.24,40.59,23.06,36.35,480.0,2.19,11.96,30.72,15.22,1.09,6.7,2022-11-17 02:00:00
2022-11-18,5,2022,6.72,40.55,23.57,35.88,488.0,2.15,11.53,30.87,13.36,1.047,6.6,2022-11-18 02:00:00
2022-11-19,5,2022,11.42,40.02,24.59,35.39,470.0,2.11,9.83,31.85,14.0,1.301,6.7,2022-11-19 02:00:00
2022-11-20,5,2022,7.66,44.99,24.32,30.69,469.0,2.11,12.24,31.26,13.14,1.105,6.7,2022-11-20 02:00:00
2022-11-21,5,2022,14.53,41.54,23.98,34.48,483.0,2.31,13.09,29.81,14.94,1.105,6.6,2022-11-21 02:00:00
2022-11-22,5,2022,10.92,41.4,21.55,37.05,453.0,2.34,10.58,29.3,12.51,1.066,6.7,2022-11-22 02:00:00
2022-11-23,5,2022,7.51,42.49,21.26,36.25,469.0,2.05,10.92,29.83,13.76,1.008,6.6,2022-11-23 02:00:00
2022-11-24,5,2022,12.32,44.58,24.4,31.02,471.0,2.24,13.05,30.97,13.22,1.092,6.6,2022-11-24 02:00:00
2022-11-25,5,2022,12.82,40.38,24.13,35.49,474.0,2.07,12.7,30.96,14.48,1.107,6.7,2022-11-25 02:00:00
2022-11-26,5,2022,6.3,44.42,24.49,31.09,471.0,2.0,12.87,31.55,13.21,1.143,6.7,2022-11-26 02:00:00
2022-11-27,5,2022,5.25,41.07,25.49,33.44,483.0,2.25,12.48,31.8,13.94,1.044,6.6,2022-11-27 02:00:00
2022-11-28,5,2022,6.07,41.34,22.8,35.86,478.0,2.27,11.72,29.68,14.92,1.144,6.8,2022-11-28 02:00:00
2022-11-29,5,2022,16.06,42.63,25.44,31.93,474.0,2.2,10.71,32.0,14.01,1.088,6.8,2022-11-29 02:00:00
2022-11-30,5,2022,14.99,44.22,26.68,29.1,475.0,2.23,11.91,30.32,13.04,1.096,6.7,2022-11-30 02:00:00
2022-12-01,5,2022,11.98,41.59,23.25,35.16,476.0,2.07,12.42,30.11,14.68,1.093,6.9,2022-12-01 02:00:00
2022-12-02,5,2022,9.81,39.56,25.2,35.24,455.0,2.1,12.08,30.57,14.93,1.107,6.5,2022-12-02 02:00:00
2022-12-03,5,2022,8.77,41.4,24.26,34.34,465.0,2.25,12.02,31.7,13.49,1.153,7.0,2022-12-03 02:00:00
2022-12-04,5,2022,11.19,43.42,23.61,32.97,474.0,2.19,11.91,29.22,13.75,1.078,6.7,2022-12-04 02:00:00
2022-12-05,5,2022,16.0,43.04,23.06,33.9,503.0,2.25,12.98,30.5,13.24,1.09,6.6,2022-12-05 02:00:00
2022-12-06,5,2022,13.68,43.36,23.5,33.14,464.0,2.17,13.82,30.67,13.74,1.065,6.8,2022-12-06 02:00:00
2022-12-07,5,2022,14.19,46.79,22.88,30.33,490.0,2.43,12.77,30.84,13.32,1.186,6.6,2022-12-07 02:00:00
2022-12-08,5,2022,21.78,45.64,26.17,28.19,476.0,2.22,12.25,30.19,13.77,1.13,6.7,2022-12-08 02:00:00
2022-12-09,5,2022,32.33,42.94,25.59,31.47,474.0,2.15,13.61,32.86,14.61,1.071,6.7,2022-12-09 02:00:00
2022-12-10,5,2022,31.11,42.19,22.89,34.92,471.0,2.11,10.09,31.8,14.71,1.152,6.6,2022-12-10 02:00:00
2022-12-11,5,2022,27.86,44.37,23.22,32.41,478.0,2.21,12.75,30.21,14.91,1.169,6.7,2022-12-11 02:00:00
2022-12-12,5,2022,23.9,42.28,23.1,34.62,473.0,2.34,12.67,30.26,14.77,1.126,6.9,2022-12-12 02:00:00
2022-12-13,5,2022,26.13,42.38,26.5,31.12,460.0,2.12,10.03,31.94,14.72,1.123,6.6,2022-12-13 02:00:00
2022-12-14,5,2022,25.97,40.47,23.81,35.72,472.0,2.33,12.68,30.18,14.22,1.169,6.5,2022-12-14 02:00:00
2022-12-15,5,2022,22.6,42.3,24.24,33.46,480.0,2.14,14.4,32.22,13.81,1.141,6.6,2022-12-15 02:00:00
2022-12-16,5,2022,27.84,43.91,28.31,27.78,501.0,1.89,11.03,30.56,13.6,1.171,6.5,2022-12-16 02:00:00
2022-12-17,5,2022,29.18,39.89,23.15,36.96,481.0,2.13,12.64,30.54,14.26,1.17,6.7,2022-12-17 02:00:00
2022-12-18,5,2022,32.79,41.13,25.77,33.1,486.0,2.09,11.26,27.85,15.74,1.08,6.6,2022-12-18 02:00:00
2022-12-19,5,2022,31.78,44.09,25.12,30.79,477.0,2.27,9.65,30.09,12.83,1.091,6.6,2022-12-19 02:00:00
2022-12-20,5,2022,33.44,41.91,22.35,35.74,499.0,2.06,13.8,28.54,12.66,1.147,6.7,2022-12-20 02:00:00
2022-12-21,5,2022,30.79,41.49,22.12,36.39,467.0,2.1,11.38,30.59,13.1,1.228,6.6,2022-12-21 02:00:00
2022-12-22,5,2022,26.17,40.93,25.35,33.72,475.0,2.4,12.98,31.06,14.18,1.144,6.7,2022-12-22 02:00:00
2022-12-23,5,2022,24.26,43.14,22.19,34.67,496.0,2.18,11.47,29.95,14.38,1.124,6.6,2022-12-23 02:00:00
2022-12-24,5,2022,29.65,41.38,23.17,35.45,482.0,2.18,9.85,30.38,13.81,1.178,6.7,2022-12-24 02:00:00
2022-12-25,5,2022,29.92,41.7,24.49,33.81,465.0,2.11,10.94,31.33,13.08,1.142,6.7,2022-12-25 02:00:00
2022-12-26,5,2022,30.05,43.05,25.3,31.65,486.0,2.46,10.62,31.72,14.19,1.148,6.7,2022-12-26 02:00:00
2022-12-27,5,2022,26.29,42.59,23.41,34.0,492.0,2.48,12.21,29.78,14.89,1.142,6.7,2022-12-27 02:00:00
2022-12-28,5,2022,22.38,41.82,23.87,34.31,470.0,2.2,11.36,31.67,13.53,1.138,6.8,2022-12-28 02:00:00
2022-12-29,5,2022,22.56,42.45,22.2,35.35,484.0,2.2,11.87,31.37,11.93,1.191,6.8,2022-12-29 02:00:00
2022-12-30,5,2022,22.4,44.36,23.68,31.96,496.0,2.24,10.45,31.99,12.67,1.173,6.5,2022-12-30 02:00:00
2022-12-31,5,2022,18.37,44.81,24.48,30.71,487.0,2.17,11.05,30.65,13.27,1.127,6.8,2022-12-31 02:00:00
